SR#,Problem Code,Date Initiated,Description,Category,Dispatch To,Address,Zone,Keymap,Zip Code,Status
176971,Tree Removal,2021-01-01 01:58 AM,Tree Removal Inspection,TREEMAINTENANCE,"UF - POLOVTSEV, SERA", 3400 BENFIELD DR&12934 WESTPARK DR,"2, ZONE",488Y,4855a,CLOSED
176972,Tree Trim,2021-01-01 09:14 AM,Tree Trim Inspection,TREEMAINTENANCE,"UF - JONES, CODY",6122  HIRSCH ,"4, ZONE",454P,5460d,CLOSED
176973,Tree Removal,2021-01-01 10:30 AM,Tree Removal Inspection,TREEMAINTENANCE,"UF - JONES, CODY",1845  PRIEST ,"4, ZONE",453D,5461a,CLOSED
176974,Tree Trim,2021-01-01 06:20 PM,Tree Trim Inspection,TREEMAINTENANCE,"UF - POLOVTSEV, SERA", 4700 NOLDA ST&1800 PARKER ST,"2, ZONE",492H,5358c,CLOSED
176977,Tree Removal,2021-01-04 11:51 AM,Tree Removal Inspection,TREEMAINTENANCE,"UF - POLOVTSEV, SERA",1735  SHANNON VALLEY ,"2, ZONE",488R,4856a,CLOSED
176981,Tree Removal,2021-01-04 01:32 PM,Tree Removal Inspection,TREEMAINTENANCE,"UF - JONES, CODY",5520  COCHRAN ,"4, ZONE",453V,5459a,CLOSED
176982,Tree Removal,2021-01-04 03:04 PM,Tree Removal Inspection,TREEMAINTENANCE,"UF - POLOVTSEV, SERA",1120  7TH 1/2 ,"3, ZONE",493A,5358b,CLOSED
176983,Tree Removal,2021-01-04 03:13 PM,Tree Removal Inspection,TREEMAINTENANCE,"UF - POLOVTSEV, SERA",2301  DRYDEN ,"7, ZONE",532G,5255b,CLOSED
176985,Tree Code Violation,2021-01-04 06:10 PM,Tree Code Violation Inspection,TREEPROTECTION,"UF - JONES, CODY",1417  PRINCE ,"3, ZONE",452Y,5259d,CLOSED
176986,Tree Removal,2021-01-04 08:39 PM,Tree Removal Inspection,TREEMAINTENANCE,"UF - JONES, CODY", 7600 HOMESTEAD RD&7100 LEY RD&6900 WEAVER RD,"4, ZONE",454M,5560b,CLOSED
176987,Tree Removal,2021-01-04 09:32 PM,Tree Removal Inspection,TREEMAINTENANCE,"UF - POLOVTSEV, SERA",4202 E  SPENCER ,"2, ZONE",492H,5358c,CLOSED
176988,Tree Trim,2021-01-05 09:14 AM,Tree Trim Inspection,TREEMAINTENANCE,"UF - JONES, CODY", 500 W 23RD ST&2300 NICHOLSON ST,"3, ZONE",452V,5359a,CLOSED
176989,Tree Trim,2021-01-05 09:21 AM,Tree Trim Inspection,TREEMAINTENANCE,"UF - JONES, CODY",1415  TARBERRY ,"3, ZONE",412Q,5262b,CLOSED
176990,Tree Removal,2021-01-05 09:27 AM,Tree Removal Inspection,TREEMAINTENANCE,"BLANCHETTE, PETER",4501  BRICKER ,"6, ZONE",533U,5453a,CLOSED
177006,Tree Trim,2021-01-05 10:56 AM,Tree Trim Inspection,TREEMAINTENANCE,"UF - POLOVTSEV, SERA",6507  BANTA ,"7, ZONE",571X,5150a,CLOSED
177007,Tree Trim,2021-01-05 11:01 AM,Tree Trim Inspection,TREEMAINTENANCE,"UF - JONES, CODY",600  BYRNE ,"3, ZONE",493B,5358b,CLOSED
177013,Tree Trim,2021-01-05 11:45 AM,Tree Trim Inspection,TREEMAINTENANCE,"UF - JONES, CODY",701  ARLINGTON ,"3, ZONE",493A,5358a,CLOSED
177014,Tree Trim,2021-01-05 11:48 AM,Tree Trim Inspection,TREEMAINTENANCE,"UF - POLOVTSEV, SERA",5746  VALKEITH ,"7, ZONE",531S,5153a,CLOSED
177018,Tree Trim,2021-01-05 01:22 PM,Tree Trim Inspection,TREEMAINTENANCE,"UF - JONES, CODY",3216  ABERNATHY ,"4, ZONE",494B,5458b,CLOSED
177024,Tree Removal,2021-01-05 02:58 PM,Tree Removal Inspection,TREEMAINTENANCE,"BLANCHETTE, PETER",1131  HAHLO ,"5, ZONE",494M,5558c,CLOSED
177025,Tree Trim,2021-01-05 03:01 PM,Tree Trim Inspection,TREEMAINTENANCE,"UF - JONES, CODY", 5800 KNOX ST&888 PAUL QUINN ST,"3, ZONE",452C,5261d,CLOSED
177027,Tree Removal,2021-01-05 03:49 PM,Tree Removal Inspection,TREEMAINTENANCE,"UF - POLOVTSEV, SERA",8565 W SAM HOUSTON S,"2, ZONE",529R,4954d,CLOSED
177029,Tree Trim,2021-01-05 06:12 PM,Tree Trim Inspection,TREEMAINTENANCE,"UF - POLOVTSEV, SERA",6215  MAIN ,"7, ZONE",533A,5355a,CLOSED
177032,Tree Removal,2021-01-06 09:07 AM,Tree Removal Inspection,TREEMAINTENANCE,"UF - POLOVTSEV, SERA", 12200 BROKEN ARROW ST&648 GESSNER RD,"2, ZONE",490E,4957b,CLOSED
177034,Tree Code Violation,2021-01-06 09:18 AM,Tree Code Violation Inspection,TREEPROTECTION,"UF - BURKES, JEREMY",7714  EICHLER ,"2, ZONE",529M,4954b,CLOSED
177035,Tree Trim,2021-01-06 10:55 AM,Tree Trim Inspection,TREEMAINTENANCE,"UF - JONES, CODY", 2120 ELMVIEW DR&9600 TRUSCON DR,"3, ZONE",450T,5059a,CLOSED
177036,Tree Trim,2021-01-06 11:52 AM,Tree Trim Inspection,TREEMAINTENANCE,"UF - POLOVTSEV, SERA", 100 CRESTWOOD DR&6300 MEMORIAL DR,"2, ZONE",492K,5257b,CLOSED
177037,Tree Trim,2021-01-06 12:06 PM,Tree Trim Inspection,TREEMAINTENANCE,"BLANCHETTE, PETER",10807  BAZIN ,"6, ZONE",576T,5751c,CLOSED
177039,Tree Removal,2021-01-06 12:46 PM,Tree Removal Inspection,TREEMAINTENANCE,"UF - POLOVTSEV, SERA", 3400 BENFIELD DR&12934 WESTPARK DR,"2, ZONE",488Y,4855a,CLOSED
177041,Tree Trim,2021-01-06 01:14 PM,Tree Trim Inspection,TREEMAINTENANCE,"UF - JONES, CODY",2219  STONECREST ,"3, ZONE",452N,5259a,CLOSED
177045,Tree Removal,2021-01-06 01:32 PM,Tree Removal Inspection,TREEMAINTENANCE,"BLANCHETTE, PETER",10606  MEMBERS ,"6, ZONE",576S,5751a,CLOSED
177046,Tree Removal,2021-01-06 02:14 PM,Tree Removal Inspection,TREEMAINTENANCE,"BLANCHETTE, PETER",2103  FLAGSTONE ,"5, ZONE",536S,5754c,CLOSED
177047,Tree Removal,2021-01-06 02:14 PM,Tree Removal Inspection,TREEMAINTENANCE,"BLANCHETTE, PETER",1131  HAHLO ,"5, ZONE",494M,5558c,CLOSED
177048,Tree Trim,2021-01-06 02:17 PM,Tree Trim Inspection,TREEMAINTENANCE,"UF - POLOVTSEV, SERA",1524  RIDGEWOOD ,"2, ZONE",492R,5357c,CLOSED
177049,Tree Trim,2021-01-06 02:25 PM,Tree Trim Inspection,TREEMAINTENANCE,"UF - JONES, CODY",9603  KERRWOOD ,"3, ZONE",450P,5059a,CLOSED
177050,Tree Trim,2021-01-06 04:30 PM,Tree Trim Inspection,TREEMAINTENANCE,"UF - JONES, CODY", 2900 W 12TH ST&1200 ELLA BLVD,"3, ZONE",452X,5258a,CLOSED
177051,Tree Removal,2021-01-06 06:24 PM,Tree Removal Inspection,TREEMAINTENANCE,"UF - POLOVTSEV, SERA",7454 W FUQUA ,"7, ZONE",570Z,5050b,CLOSED
177052,Tree Removal,2021-01-07 05:21 AM,Tree Removal Inspection,TREEMAINTENANCE,"BLANCHETTE, PETER",7602  TREMPER ,"5, ZONE",495E,5558d,CLOSED
177053,Tree Removal,2021-01-07 07:55 AM,Tree Removal Inspection,TREEMAINTENANCE,"BLANCHETTE, PETER", 7500 CULLEN BLVD&4600 MAYFLOWER ST,"6, ZONE",533V,5454c,CLOSED
177055,Tree Trim,2021-01-07 11:24 AM,Tree Trim Inspection,TREEMAINTENANCE,"UF - POLOVTSEV, SERA",3208 S SHEPHERD ,"2, ZONE",492U,5356a,CLOSED
177056,Tree Trim,2021-01-07 12:35 PM,Tree Trim Inspection,TREEMAINTENANCE,"UF - POLOVTSEV, SERA",3112  MURWORTH ,"7, ZONE",532P,5254d,CLOSED
177058,Tree Trim,2021-01-07 01:19 PM,Tree Trim Inspection,TREEMAINTENANCE,"UF - JONES, CODY",7539  MAPLE TREE ,"3, ZONE",411U,5162d,CLOSED
177061,Tree Trim,2021-01-07 03:14 PM,Tree Trim Inspection,TREEMAINTENANCE,"UF - POLOVTSEV, SERA",1601  SHEARN ,"2, ZONE",493F,5358d,CLOSED
177063,Tree Trim,2021-01-07 04:01 PM,Tree Trim Inspection,TREEMAINTENANCE,"UF - JONES, CODY",16530  GLENVINE ,"4, ZONE",375J,5566d,CLOSED
177064,Tree Trim,2021-01-07 04:25 PM,Tree Trim Inspection,TREEMAINTENANCE,"UF - POLOVTSEV, SERA",5631  ANDERSON ,"7, ZONE",571U,5150b,CLOSED
177066,Tree Removal,2021-01-08 09:30 AM,Tree Removal Inspection,TREEMAINTENANCE,"BLANCHETTE, PETER",7618  NARCISSUS ,"5, ZONE",535F,5655c,CLOSED
177067,Tree Trim,2021-01-08 09:30 AM,Tree Trim Inspection,TREEMAINTENANCE,"BLANCHETTE, PETER", 10910 GULF FWY&9860 LEDGE ST,"6, ZONE",576J,5752a,CLOSED
177070,Tree Removal,2021-01-08 10:46 AM,Tree Removal Inspection,TREEMAINTENANCE,"BLANCHETTE, PETER",3300 LOVE PLZ,"4, ZONE",494B,77026,CLOSED
177072,Tree Removal,2021-01-08 12:11 PM,Tree Removal Inspection,TREEMAINTENANCE,"UF - POLOVTSEV, SERA",7102  THORNWILD ,"7, ZONE",571W,5150a,CLOSED
177078,Tree Trim,2021-01-10 05:22 AM,Tree Trim Inspection,TREEMAINTENANCE,"BLANCHETTE, PETER",6748  MEADOWLAWN ,"5, ZONE",534D,5556d,CLOSED
177079,Tree Removal,2021-01-10 09:22 AM,Tree Removal Inspection,TREEMAINTENANCE,"BLANCHETTE, PETER",2519  AUBURNDALE ,"6, ZONE",534G,5555a,CLOSED
177080,Tree Removal,2021-01-10 02:01 PM,Tree Removal Inspection,TREEMAINTENANCE,"UF - JONES, CODY",2303  LAKE VILLAGE ,"4, ZONE",336C,5769a,CLOSED
177081,Tree Removal,2021-01-11 06:32 AM,Tree Removal Inspection,TREEMAINTENANCE,"UF - JONES, CODY",3112  RUSSELL ,"4, ZONE",494B,5458b,CLOSED
177082,Tree Trim,2021-01-11 08:37 AM,Tree Trim Inspection,TREEMAINTENANCE,"UF - JONES, CODY",8923  SULTAN ,"4, ZONE",455H,5661d,CLOSED
177083,Tree Removal,2021-01-11 08:41 AM,Tree Removal Inspection,TREEMAINTENANCE,"UF - JONES, CODY",4005  TILSON ,"3, ZONE",450L,5060c,CLOSED
177084,Tree Removal,2021-01-11 09:47 AM,Tree Removal Inspection,TREEMAINTENANCE,"BLANCHETTE, PETER",7405  RED ROBIN ,"6, ZONE",575N,5651a,CLOSED
177095,Tree Removal,2021-01-11 10:32 AM,Tree Removal Inspection,TREEMAINTENANCE,"BLANCHETTE, PETER",15903  CLEARCREST ,"5, ZONE",618C,6050a,CLOSED
177101,Tree Trim,2021-01-11 01:46 PM,Tree Trim Inspection,TREEMAINTENANCE,"UF - POLOVTSEV, SERA",12711  ZAVALLA ,"7, ZONE",570R,5051b,CLOSED
177103,Tree Removal,2021-01-11 02:42 PM,Tree Removal Inspection,TREEMAINTENANCE,"UF - JONES, CODY",914 A  FISHER ,"3, ZONE",452L,5260d,CLOSED
177104,Tree Trim,2021-01-11 02:51 PM,Tree Trim Inspection,TREEMAINTENANCE,"UF - POLOVTSEV, SERA", 5830 ETTRICK DR&12200 RAMPART ST,"7, ZONE",571E,5152a,CLOSED
177106,Tree Removal,2021-01-11 03:43 PM,Tree Removal Inspection,TREEMAINTENANCE,"BLANCHETTE, PETER",4213  JUNE ,"4, ZONE",454F,5460b,CLOSED
177107,Tree Removal,2021-01-11 05:05 PM,Tree Removal Inspection,TREEMAINTENANCE,"UF - JONES, CODY",2100  JUDIWAY ,"3, ZONE",452N,5260c,CLOSED
177108,Tree Trim,2021-01-11 06:49 PM,Tree Trim Inspection,TREEMAINTENANCE,"UF - POLOVTSEV, SERA", 1300 ELDRIDGE PKWY&1100 PARKWAY PLAZA DR&13300 SANDBRIDGE DR,"2, ZONE",488K,4757d,CLOSED
177110,Tree Trim,2021-01-12 08:19 AM,Tree Trim Inspection,TREEMAINTENANCE,"BLANCHETTE, PETER",5307  KARCHER ,"4, ZONE",453U,5359b,CLOSED
177111,Tree Removal,2021-01-12 10:11 AM,Tree Removal Inspection,TREEMAINTENANCE,"BLANCHETTE, PETER",4548  BRICKER ,"6, ZONE",533V,5453a,CLOSED
177116,Tree Trim,2021-01-12 12:15 PM,Tree Trim Inspection,TREEMAINTENANCE,"BLANCHETTE, PETER",4603 E CROSSTIMBERS ,"4, ZONE",454L,5560a,CLOSED
177117,Tree Trim,2021-01-12 12:17 PM,Tree Trim Inspection,TREEMAINTENANCE,"BLANCHETTE, PETER",4603 E CROSSTIMBERS ,"4, ZONE",454L,5560a,CLOSED
177118,Tree Trim,2021-01-12 12:18 PM,Tree Trim Inspection,TREEMAINTENANCE,"BLANCHETTE, PETER",7003  HOMESTEAD ,"4, ZONE",454R,5560d,CLOSED
177119,Tree Removal,2021-01-12 01:06 PM,Tree Removal Inspection,TREEMAINTENANCE,"UF - POLOVTSEV, SERA",12017  CARLSBAD ,"7, ZONE",570M,5052d,CLOSED
177123,Tree Removal,2021-01-12 02:33 PM,Tree Removal Inspection,TREEMAINTENANCE,"UF - POLOVTSEV, SERA",7327  AQUA ,"2, ZONE",529J,4854b,CLOSED
177124,Tree Removal,2021-01-12 03:25 PM,Tree Removal Inspection,TREEMAINTENANCE,"UF - JONES, CODY",1402  DU BARRY ,"3, ZONE",452N,5260c,CLOSED
177127,Tree Code Violation,2021-01-12 04:44 PM,Tree Code Violation Inspection,TREEPROTECTION,"UF - JONES, CODY",619 E 8TH ,"3, ZONE",493A,5358a,CLOSED
177128,Tree Trim,2021-01-12 04:45 PM,Tree Trim Inspection,TREEMAINTENANCE,"BLANCHETTE, PETER",3939  GIBSON ,"2, ZONE",492M,5357a,CLOSED
177132,Tree Removal,2021-01-13 08:26 AM,Tree Removal Inspection,TREEMAINTENANCE,"UF - JONES, CODY",8602 N MAIN ,"3, ZONE",453J,5360c,CLOSED
177133,Tree Removal,2021-01-13 08:32 AM,Tree Removal Inspection,TREEMAINTENANCE,"UF - JONES, CODY",4401  AIRLINE ,"3, ZONE",453K,5360b,CLOSED
177134,Tree Removal,2021-01-13 08:42 AM,Tree Removal Inspection,TREEMAINTENANCE,"UF - JONES, CODY",211  WOOLWORTH ,"4, ZONE",494D,5558a,CLOSED
177136,Tree Removal,2021-01-13 12:28 PM,Tree Removal Inspection,TREEMAINTENANCE,"BLANCHETTE, PETER",6601  DUNLAP ,"7, ZONE",531E,5055d,CLOSED
177137,Tree Removal,2021-01-13 12:56 PM,Tree Removal Inspection,TREEMAINTENANCE,"UF - JONES, CODY",5710  WYANDOTT ,"3, ZONE",450C,5061c,CLOSED
177138,Tree Removal,2021-01-13 01:52 PM,Tree Removal Inspection,TREEMAINTENANCE,"UF - JONES, CODY",6225  STUEBNER AIRLINE ,"3, ZONE",452D,5261b,CLOSED
177139,Tree Trim,2021-01-13 02:33 PM,Tree Trim Inspection,TREEMAINTENANCE,"BLANCHETTE, PETER", 11900 HIGH STAR DR&4300 S KIRKWOOD RD,"2, ZONE",529E,4855d,CLOSED
177140,Tree Removal,2021-01-13 04:47 PM,Tree Removal Inspection,TREEMAINTENANCE,"BLANCHETTE, PETER",2012  VERMONT ,"2, ZONE",492R,5357c,CLOSED
177141,Tree Removal,2021-01-13 09:39 PM,Tree Removal Inspection,TREEMAINTENANCE,"UF - JONES, CODY",914 A  FISHER ,"3, ZONE",452L,5260d,CLOSED
177146,Tree Trim,2021-01-14 10:08 AM,Tree Trim Inspection,TREEMAINTENANCE,"BLANCHETTE, PETER",4116  MCDUFFIE ,"2, ZONE",492Z,5356a,CLOSED
177147,Tree Trim,2021-01-14 10:10 AM,Tree Trim Inspection,TREEMAINTENANCE,"BLANCHETTE, PETER",4208  MCDUFFIE ,"2, ZONE",492Z,5356a,CLOSED
177148,Tree Trim,2021-01-14 10:11 AM,Tree Trim Inspection,TREEMAINTENANCE,"BLANCHETTE, PETER",2020  COLQUITT ,"2, ZONE",492Z,5356a,CLOSED
177149,Tree Trim,2021-01-14 10:16 AM,Tree Trim Inspection,TREEMAINTENANCE,"BLANCHETTE, PETER",1922 W MAIN ,"2, ZONE",492V,5356a,CLOSED
177150,Tree Trim,2021-01-14 11:03 AM,Tree Trim Inspection,TREEMAINTENANCE,"UF - POLOVTSEV, SERA",5301  POLK ,"5, ZONE",494Y,5556a,CLOSED
177151,Tree Trim,2021-01-14 11:36 AM,Tree Trim Inspection,TREEMAINTENANCE,"UF - JONES, CODY",8806  LONG POINT ,"3, ZONE",450V,5059d,CLOSED
177152,Tree Removal,2021-01-14 01:09 PM,Tree Removal Inspection,TREEMAINTENANCE,"UF - JONES, CODY",3206  DEEP RIVER ,"4, ZONE",336H,5769b,CLOSED
177153,Tree Removal,2021-01-14 01:35 PM,Tree Removal Inspection,TREEMAINTENANCE,"BLANCHETTE, PETER",412  TELEPHONE ,"5, ZONE",494T,5456b,CLOSED
177159,Tree Removal,2021-01-14 03:02 PM,Tree Removal Inspection,TREEMAINTENANCE,"UF - POLOVTSEV, SERA",3634  DARDEN ,"4, ZONE",454F,5460b,CLOSED
177160,Tree Trim,2021-01-14 03:08 PM,Tree Trim Inspection,TREEMAINTENANCE,"UF - JONES, CODY", 1100 MAYFORD ST&10800 SILVERCREST ST,"4, ZONE",413Y,5461a,CLOSED
177161,Tree Removal,2021-01-14 04:20 PM,Tree Removal Inspection,TREEMAINTENANCE,"BLANCHETTE, PETER",3352  TRUXILLO ,"6, ZONE",533D,5456c,CLOSED
177162,Tree Code Violation,2021-01-14 06:53 PM,Tree Code Violation Inspection,TREEPROTECTION,"UF - POLOVTSEV, SERA", 6100 BISSONNET ST&7500 RAMPART ST,"7, ZONE",531J,5154a,CLOSED
177163,Tree Code Violation,2021-01-14 06:57 PM,Tree Code Violation Inspection,TREEPROTECTION,"UF - POLOVTSEV, SERA",10612  WESTHEIMER ,"2, ZONE",489U,4956c,CLOSED
177167,Tree Removal,2021-01-15 12:57 PM,Tree Removal Inspection,TREEMAINTENANCE,"UF - POLOVTSEV, SERA", 12200 RICHMOND AVE&2900 WESTMINSTER PLAZA DR,"2, ZONE",489W,4856d,CLOSED
177168,Tree Removal,2021-01-15 12:59 PM,Tree Removal Inspection,TREEMAINTENANCE,"UF - POLOVTSEV, SERA", 12200 OXFORD PARK DR&2700 WESTMINSTER PLAZA DR,"2, ZONE",489S,4856d,CLOSED
177169,Tree Trim,2021-01-15 01:41 PM,Tree Trim Inspection,TREEMAINTENANCE,"BLANCHETTE, PETER",3209  PROSPECT ,"6, ZONE",533C,5455a,CLOSED
177170,Tree Trim,2021-01-15 01:54 PM,Tree Trim Inspection,TREEMAINTENANCE,"BLANCHETTE, PETER",3855  DURNESS ,"7, ZONE",532J,5254a,CLOSED
177174,Tree Trim,2021-01-15 03:14 PM,Tree Trim Inspection,TREEMAINTENANCE,"UF - POLOVTSEV, SERA", 3250 ELMSIDE DR&9900 RICHMOND AVE,"2, ZONE",490W,4956d,CLOSED
177175,Tree Removal,2021-01-15 03:53 PM,Tree Removal Inspection,TREEMAINTENANCE,"UF - POLOVTSEV, SERA",3029  BRINGHURST ,"4, ZONE",494B,5458b,CLOSED
177176,Tree Removal,2021-01-15 04:58 PM,Tree Removal Inspection,TREEMAINTENANCE,"UF - POLOVTSEV, SERA",20 B E SHADY ,"2, ZONE",490T,5056a,CLOSED
177177,Tree Trim,2021-01-16 03:26 PM,Tree Trim Inspection,TREEMAINTENANCE,"UF - POLOVTSEV, SERA",8225  CARGILL ,"5, ZONE",495P,5657a,CLOSED
177178,Tree Removal,2021-01-18 08:59 AM,Tree Removal Inspection,TREEMAINTENANCE,"UF - JONES, CODY",5717A  CORNISH ,"3, ZONE",492F,5258d,CLOSED
177180,Tree Code Violation,2021-01-18 10:38 AM,Tree Code Violation Inspection,TREEPROTECTION,"BLANCHETTE, PETER",3416  GARROTT ,"2, ZONE",493S,5356b,CLOSED
177181,Tree Trim,2021-01-18 11:50 AM,Tree Trim Inspection,TREEMAINTENANCE,"BLANCHETTE, PETER",3410  GARROTT ,"2, ZONE",493S,5356b,CLOSED
177182,Tree Code Violation,2021-01-18 12:33 PM,Tree Code Violation Inspection,TREEPROTECTION,"UF - JONES, CODY",1714  TURNPIKE ,"3, ZONE",492C,5258b,CLOSED
177183,Tree Code Violation,2021-01-18 12:38 PM,Tree Code Violation Inspection,TREEPROTECTION,"UF - JONES, CODY",1710  TURNPIKE ,"3, ZONE",492C,5258b,CLOSED
177184,Tree Trim,2021-01-18 03:00 PM,Tree Trim Inspection,TREEMAINTENANCE,"UF - JONES, CODY",434  FENN ,"3, ZONE",452M,5360a,CLOSED
177185,Tree Trim,2021-01-18 04:04 PM,Tree Trim Inspection,TREEMAINTENANCE,"UF - POLOVTSEV, SERA",5802  FARWELL ,"7, ZONE",571E,5152c,CLOSED
177187,Tree Trim,2021-01-19 02:37 AM,Tree Trim Inspection,TREEMAINTENANCE,"UF - JONES, CODY",1355  TRAILWOOD VILLAGE ,"4, ZONE",336G,5769c,CLOSED
177205,Tree Trim,2021-01-19 09:14 AM,Tree Trim Inspection,TREEMAINTENANCE,"BLANCHETTE, PETER",4823  PRAIRIE RIDGE ,"7, ZONE",611C,5150d,CLOSED
177207,Tree Code Violation,2021-01-19 10:51 AM,Tree Code Violation Inspection,TREEPROTECTION,"UF - POLOVTSEV, SERA",4039  TARTAN ,"7, ZONE",532J,5254a,CLOSED
177208,Tree Removal,2021-01-19 11:35 AM,Tree Removal Inspection,TREEMAINTENANCE,"UF - POLOVTSEV, SERA",1523  ISABELLA ,"2, ZONE",493X,5356d,CLOSED
177209,Tree Trim,2021-01-19 11:42 AM,Tree Trim Inspection,TREEMAINTENANCE,"BLANCHETTE, PETER", 100 CRESTWOOD DR&6300 MEMORIAL DR,"2, ZONE",492K,5257b,CLOSED
177212,Tree Removal,2021-01-19 03:41 PM,Tree Removal Inspection,TREEMAINTENANCE,"UF - POLOVTSEV, SERA",11830  PEACH GROVE ,"2, ZONE",529W,4853d,CLOSED
177214,Tree Removal,2021-01-19 05:03 PM,Tree Removal Inspection,TREEMAINTENANCE,"BLANCHETTE, PETER",15534  WINTER BRIAR ,"7, ZONE",571X,5150a,CLOSED
177215,Tree Trim,2021-01-19 06:42 PM,Tree Trim Inspection,TREEMAINTENANCE,"UF - POLOVTSEV, SERA",11000  WESTHEIMER ,"2, ZONE",489U,4956c,CLOSED
177217,Tree Trim,2021-01-19 11:04 PM,Tree Trim Inspection,TREEMAINTENANCE,"UF - JONES, CODY", 7500 HAMMERLY BLVD&2100 THONIG RD,"3, ZONE",451T,5159a,CLOSED
177222,Tree Removal,2021-01-20 11:00 AM,Tree Removal Inspection,TREEMAINTENANCE,"BLANCHETTE, PETER",10800  SCOTT ,"6, ZONE",573G,5452a,CLOSED
177223,Tree Trim,2021-01-20 11:22 AM,Tree Trim Inspection,TREEMAINTENANCE,"BLANCHETTE, PETER",15315  APPLERIDGE ,"7, ZONE",570Z,5050b,CLOSED
177224,Tree Removal,2021-01-20 11:47 AM,Tree Removal Inspection,TREEMAINTENANCE,"UF - POLOVTSEV, SERA",11110  CARVEL ,"2, ZONE",529K,4954a,CLOSED
177225,Tree Removal,2021-01-20 12:18 PM,Tree Removal Inspection,TREEMAINTENANCE,"UF - POLOVTSEV, SERA",1426  KIPLING ,"2, ZONE",493S,5356a,CLOSED
177228,Tree Removal,2021-01-20 01:52 PM,Tree Removal Inspection,TREEMAINTENANCE,"UF - POLOVTSEV, SERA",5110  MORNINGSIDE ,"7, ZONE",532C,5255b,CLOSED
177230,Tree Trim,2021-01-20 03:05 PM,Tree Trim Inspection,TREEMAINTENANCE,"UF - JONES, CODY", 7100 CAMWAY ST&5500 CAREY ST,"4, ZONE",454M,5560c,CLOSED
177233,Tree Removal,2021-01-20 04:36 PM,Tree Removal Inspection,TREEMAINTENANCE,"BLANCHETTE, PETER",16231  BOWRIDGE ,"7, ZONE",611B,5150c,CLOSED
177245,Tree Trim,2021-01-20 11:05 PM,Tree Trim Inspection,TREEMAINTENANCE,"UF - POLOVTSEV, SERA",790  AUSTIN ,"1, ZONE",493Q,5457c,CLOSED
177246,Tree Removal,2021-01-21 01:42 AM,Tree Removal Inspection,TREEMAINTENANCE,"UF - JONES, CODY",1104 W 18TH ,"3, ZONE",452U,5259d,CLOSED
177247,Tree Trim,2021-01-21 06:19 AM,Tree Trim Inspection,TREEMAINTENANCE,"UF - POLOVTSEV, SERA", 7200 VALEVIEW DR&12600 WISPWIND DR,"2, ZONE",528M,4854a,CLOSED
177248,Tree Removal,2021-01-21 09:27 AM,Tree Removal Inspection,TREEMAINTENANCE,"UF - POLOVTSEV, SERA", 7900 RICHMOND AVE&7800 SMALL LEAF CIR,"2, ZONE",490Z,5056d,CLOSED
177249,Tree Removal,2021-01-21 10:06 AM,Tree Removal Inspection,TREEMAINTENANCE,"UF - POLOVTSEV, SERA", 9900 BRIAR FOREST DR&50 W RIVERCREST DR,"2, ZONE",490N,4956b,CLOSED
177250,Tree Removal,2021-01-21 11:14 AM,Tree Removal Inspection,TREEMAINTENANCE,"UF - JONES, CODY",1606 W 23RD ,"3, ZONE",452T,5259d,CLOSED
177252,Tree Removal,2021-01-21 02:15 PM,Tree Removal Inspection,TREEMAINTENANCE,"UF - JONES, CODY",1104 W 18TH ,"3, ZONE",452U,5259d,CLOSED
177254,Tree Removal,2021-01-21 02:21 PM,Tree Removal Inspection,TREEMAINTENANCE,"BLANCHETTE, PETER",7118  GARDEN ,"5, ZONE",535E,5555b,CLOSED
177255,Tree Removal,2021-01-21 02:35 PM,Tree Removal Inspection,TREEMAINTENANCE,"BLANCHETTE, PETER",12329  PALMFREE ,"5, ZONE",576R,5852c,CLOSED
177256,Tree Trim,2021-01-21 02:57 PM,Tree Trim Inspection,TREEMAINTENANCE,"BLANCHETTE, PETER",2922  PLUM CREEK ,"6, ZONE",534M,5555d,CLOSED
177258,Tree Removal,2021-01-21 03:11 PM,Tree Removal Inspection,TREEMAINTENANCE,"UF - POLOVTSEV, SERA",1815  HAVER ,"2, ZONE",492V,5356a,CLOSED
177261,Tree Trim,2021-01-21 06:09 PM,Tree Trim Inspection,TREEMAINTENANCE,"UF - JONES, CODY",3815  LEMON TREE ,"3, ZONE",411V,5162d,CLOSED
177262,Tree Trim,2021-01-21 10:08 PM,Tree Trim Inspection,TREEMAINTENANCE,"UF - POLOVTSEV, SERA", 1800 ANITA ST&3000 CHENEVERT ST,"2, ZONE",493U,5456a,CLOSED
177263,Tree Removal,2021-01-21 11:23 PM,Tree Removal Inspection,TREEMAINTENANCE,"UF - JONES, CODY",7201  GLEASON ,"4, ZONE",415W,5562d,CLOSED
177268,Tree Trim,2021-01-22 08:35 AM,Tree Trim Inspection,TREEMAINTENANCE,"UF - JONES, CODY", 1200 OMAR ST&920 STUDEWOOD ST,"3, ZONE",493A,5358b,CLOSED
177269,Tree Trim,2021-01-22 08:37 AM,Tree Trim Inspection,TREEMAINTENANCE,"UF - JONES, CODY", 1200 OMAR ST&920 STUDEWOOD ST,"3, ZONE",493A,5358b,CLOSED
177270,Tree Trim,2021-01-22 08:39 AM,Tree Trim Inspection,TREEMAINTENANCE,"BLANCHETTE, PETER",8103  MORLEY ,"6, ZONE",535Y,5653a,CLOSED
177271,Tree Removal,2021-01-22 08:55 AM,Tree Removal Inspection,TREEMAINTENANCE,"BLANCHETTE, PETER",3102  ASKEW ,"6, ZONE",534L,5555c,CLOSED
177273,Tree Trim,2021-01-22 09:01 AM,Tree Trim Inspection,TREEMAINTENANCE,"UF - POLOVTSEV, SERA", 1600 W ALABAMA ST&3800 MANDELL ST,"2, ZONE",492V,5356a,CLOSED
177274,Tree Trim,2021-01-22 10:42 AM,Tree Trim Inspection,TREEMAINTENANCE,"BLANCHETTE, PETER",7735  ROCKHILL ,"6, ZONE",535X,5653a,CLOSED
177275,Tree Removal,2021-01-22 12:26 PM,Tree Removal Inspection,TREEMAINTENANCE,"BLANCHETTE, PETER",7307  KERNEL ,"5, ZONE",535E,5655a,CLOSED
177276,Tree Removal,2021-01-22 02:02 PM,Tree Removal Inspection,TREEMAINTENANCE,"UF - JONES, CODY",8114  CAROLWOOD ,"4, ZONE",455F,5660a,CLOSED
177277,Tree Removal,2021-01-22 02:18 PM,Tree Removal Inspection,TREEMAINTENANCE,"UF - POLOVTSEV, SERA",5600  COURT ,"7, ZONE",611B,5150d,CLOSED
177278,Tree Removal,2021-01-22 02:38 PM,Tree Removal Inspection,TREEMAINTENANCE,"UF - POLOVTSEV, SERA",11215  SHANNON HILLS ,"2, ZONE",529P,4954c,CLOSED
177279,Tree Trim,2021-01-22 02:55 PM,Tree Trim Inspection,TREEMAINTENANCE,"BLANCHETTE, PETER",5220  TEXAS ,"5, ZONE",494T,5556a,CLOSED
177280,Tree Trim,2021-01-22 03:31 PM,Tree Trim Inspection,TREEMAINTENANCE,"BLANCHETTE, PETER",5415  ORIOLE ,"5, ZONE",536N,5754a,CLOSED
177281,Tree Removal,2021-01-22 03:35 PM,Tree Removal Inspection,TREEMAINTENANCE,"UF - JONES, CODY",906 E PARKER ,"4, ZONE",413X,5361a,CLOSED
177282,Tree Trim,2021-01-23 12:44 AM,Tree Trim Inspection,TREEMAINTENANCE,"UF - POLOVTSEV, SERA",3014  CHENEVERT ,"2, ZONE",493U,5456a,CLOSED
177283,Tree Removal,2021-01-23 01:11 AM,Tree Removal Inspection,TREEMAINTENANCE,"BLANCHETTE, PETER",10523  ALCOTT ,"3, ZONE",449R,4959a,CLOSED
177284,Tree Removal,2021-01-23 02:01 PM,Tree Removal Inspection,TREEMAINTENANCE,"UF - JONES, CODY",6731  COUCH ,"3, ZONE",412X,5261b,CLOSED
177285,Tree Trim,2021-01-23 03:02 PM,Tree Trim Inspection,TREEMAINTENANCE,"BLANCHETTE, PETER",7609  AVENUE K ,"5, ZONE",495S,5656a,CLOSED
177286,Tree Trim,2021-01-24 06:40 AM,Tree Trim Inspection,TREEMAINTENANCE,"UF - JONES, CODY", 100 ECHO LN&27900 HUFFMAN CLEVELAND RD,"4, ZONE",298Z,6070c,CLOSED
177287,Tree Trim,2021-01-24 03:13 PM,Tree Trim Inspection,TREEMAINTENANCE,"UF - POLOVTSEV, SERA", 0 HOLMES RD&11700 KEELEY ST,"7, ZONE",572A,5253c,CLOSED
177291,Tree Trim,2021-01-25 09:33 AM,Tree Trim Inspection,TREEMAINTENANCE,"UF - JONES, CODY",8530  PARKETTE ,"4, ZONE",455C,5661c,CLOSED
177292,Tree Trim,2021-01-25 09:53 AM,Tree Trim Inspection,TREEMAINTENANCE,"UF - JONES, CODY",21234  ALDINE WESTFIELD ,"3, ZONE",333K,5368a,CLOSED
177293,Tree Trim,2021-01-25 10:23 AM,Tree Trim Inspection,TREEMAINTENANCE,"UF - POLOVTSEV, SERA",306  BOMAR ,"2, ZONE",493N,5357d,CLOSED
177298,Tree Stump Grinding,2021-01-25 01:24 PM,Tree Stump Inspection,TREEMAINTENANCE,"UF - POLOVTSEV, SERA",2101  MORGAN ,"2, ZONE",493N,5357d,CLOSED
177303,Tree Trim,2021-01-25 03:45 PM,Tree Trim Inspection,TREEMAINTENANCE,"UF - POLOVTSEV, SERA",1801 S DAIRY ASHFORD ,"2, ZONE",488R,4856a,CLOSED
177304,Tree Removal,2021-01-25 06:19 PM,Tree Removal Inspection,TREEMAINTENANCE,"BLANCHETTE, PETER",4925  OAKLAND ,"5, ZONE",494T,5556a,CLOSED
177306,Tree Trim,2021-01-26 09:39 AM,Tree Trim Inspection,TREEMAINTENANCE,"UF - JONES, CODY",10430  ROCKAWAY ,"4, ZONE",414Z,5562d,CLOSED
177311,Tree Removal,2021-01-26 12:31 PM,Tree Removal Inspection,TREEMAINTENANCE,"UF - JONES, CODY",7238  HEATH ,"4, ZONE",415T,5662a,CLOSED
177312,Tree Trim,2021-01-26 01:22 PM,Tree Trim Inspection,TREEMAINTENANCE,"UF - JONES, CODY",7115  ELBERT ,"4, ZONE",455J,5560d,CLOSED
177313,Tree Trim,2021-01-26 01:30 PM,Tree Trim Inspection,TREEMAINTENANCE,"UF - POLOVTSEV, SERA",5819  WARM SPRINGS ,"7, ZONE",571A,5153c,CLOSED
177315,Tree Removal,2021-01-26 04:13 PM,Tree Removal Inspection,TREEMAINTENANCE,"BLANCHETTE, PETER",10414  SAGETREE ,"6, ZONE",576Y,5751d,CLOSED
177316,Tree Removal,2021-01-26 04:49 PM,Tree Removal Inspection,TREEMAINTENANCE,"UF - JONES, CODY",504 E 12TH ,"3, ZONE",453W,5358a,CLOSED
177317,Tree Removal,2021-01-26 05:34 PM,Tree Removal Inspection,TREEMAINTENANCE,"UF - JONES, CODY",742  HENKE ,"4, ZONE",494H,5558c,CLOSED
177318,Tree Trim,2021-01-27 07:25 AM,Tree Trim Inspection,TREEMAINTENANCE,"UF - POLOVTSEV, SERA",1835  BELL ,"1, ZONE",493R,5457c,CLOSED
177327,Tree Trim,2021-01-27 08:13 AM,Tree Trim Inspection,TREEMAINTENANCE,"UF - POLOVTSEV, SERA",301 E COWAN ,"2, ZONE",492K,5257b,CLOSED
177328,Tree Removal,2021-01-27 10:08 AM,Tree Removal Inspection,TREEMAINTENANCE,"UF - JONES, CODY",6731  COUCH ,"3, ZONE",412X,5261b,CLOSED
177329,Tree Removal,2021-01-27 10:10 AM,Tree Removal Inspection,TREEMAINTENANCE,"UF - JONES, CODY",15110  ELKINS ,"4, ZONE",413A,5364c,CLOSED
177330,Tree Removal,2021-01-27 10:32 AM,Tree Removal Inspection,TREEMAINTENANCE,"BLANCHETTE, PETER",3202  ADAIR ,"6, ZONE",493Z,5456c,CLOSED
177331,Tree Trim,2021-01-27 11:01 AM,Tree Trim Inspection,TREEMAINTENANCE,"UF - JONES, CODY",5031  CAPLIN ,"4, ZONE",454Q,5560c,CLOSED
177332,Tree Trim,2021-01-27 11:07 AM,Tree Trim Inspection,TREEMAINTENANCE,"BLANCHETTE, PETER",2315  MCKINNEY ,"5, ZONE",493R,5457c,CLOSED
177333,Tree Code Violation,2021-01-27 11:32 AM,Tree Code Violation Inspection,TREEPROTECTION,"UF - POLOVTSEV, SERA",38 E RIVERCREST ,"2, ZONE",490N,4956b,CLOSED
177334,Tree Code Violation,2021-01-27 11:32 AM,Tree Code Violation Inspection,TREEPROTECTION,"UF - POLOVTSEV, SERA",38 E RIVERCREST ,"2, ZONE",490N,4956b,CLOSED
177336,Tree Removal,2021-01-27 12:33 PM,Tree Removal Inspection,TREEMAINTENANCE,"UF - POLOVTSEV, SERA",6706  ROCKERGATE ,"7, ZONE",611A,5150c,CLOSED
177337,Tree Removal,2021-01-27 12:47 PM,Tree Removal Inspection,TREEMAINTENANCE,"UF - POLOVTSEV, SERA",11830  PEACH GROVE ,"2, ZONE",529W,4853d,CLOSED
177338,Tree Removal,2021-01-27 01:16 PM,Tree Removal Inspection,TREEMAINTENANCE,"UF - JONES, CODY",708 E 22ND ,"3, ZONE",453S,5359a,CLOSED
177339,Tree Removal,2021-01-27 01:43 PM,Tree Removal Inspection,TREEMAINTENANCE,"UF - POLOVTSEV, SERA",1919  ELMEN ,"2, ZONE",492R,5357c,CLOSED
177340,Tree Trim,2021-01-27 01:54 PM,Tree Trim Inspection,TREEMAINTENANCE,"UF - JONES, CODY",2008  WHITE OAK ,"3, ZONE",493B,5358d,CLOSED
177343,Tree Code Violation,2021-01-27 02:53 PM,Tree Code Violation Inspection,TREEPROTECTION,"BLANCHETTE, PETER",904 A  HUTCHINS ,"5, ZONE",493R,5457c,CLOSED
177354,Tree Removal,2021-01-28 09:45 AM,Tree Removal Inspection,TREEMAINTENANCE,"UF - JONES, CODY",6602  GOLDSPIER ,"3, ZONE",411Z,5161b,CLOSED
177355,Tree Trim,2021-01-28 10:03 AM,Tree Trim Inspection,TREEMAINTENANCE,"BLANCHETTE, PETER",13402  HALIFAX ,"4, ZONE",497A,5858a,CLOSED
177356,Tree Trim,2021-01-28 11:16 AM,Tree Trim Inspection,TREEMAINTENANCE,"UF - JONES, CODY",2317  ASHLAND ,"3, ZONE",452V,5359a,CLOSED
177357,Tree Removal,2021-01-28 12:36 PM,Tree Removal Inspection,TREEMAINTENANCE,"UF - POLOVTSEV, SERA",7106  THORNWILD ,"7, ZONE",571W,5150a,CLOSED
177358,Tree Trim,2021-01-28 02:48 PM,Tree Trim Inspection,TREEMAINTENANCE,"UF - POLOVTSEV, SERA", 6100 MAIN ST&2 SUNSET BLVD,"7, ZONE",533A,5355a,CLOSED
177360,Tree Stump Grinding,2021-01-28 03:33 PM,Tree Stump Inspection,TREEMAINTENANCE,"UF - POLOVTSEV, SERA",1222  RUSK ,"1, ZONE",493Q,5457c,CLOSED
177362,Tree Trim,2021-01-28 04:42 PM,Tree Trim Inspection,TREEMAINTENANCE,"UF - POLOVTSEV, SERA",9707  TIMBERSIDE ,"7, ZONE",532T,5254d,CLOSED
177364,Tree Trim,2021-01-29 10:33 AM,Tree Trim Inspection,TREEMAINTENANCE,"UF - POLOVTSEV, SERA",3147  FAIRHOPE ,"7, ZONE",532P,5254b,CLOSED
177365,Tree Trim,2021-01-29 11:28 AM,Tree Trim Inspection,TREEMAINTENANCE,"UF - POLOVTSEV, SERA",11810  CARVEL ,"2, ZONE",529J,4854b,CLOSED
177371,Tree Removal,2021-01-29 12:41 PM,Tree Removal Inspection,TREEMAINTENANCE,"UF - POLOVTSEV, SERA",4303 A  ROSE ,"2, ZONE",492H,5357a,CLOSED
177372,Tree Trim,2021-01-29 12:48 PM,Tree Trim Inspection,TREEMAINTENANCE,"UF - JONES, CODY",1112 E 16TH ,"3, ZONE",453W,5359d,CLOSED
177373,Tree Trim,2021-01-29 01:07 PM,Tree Trim Inspection,TREEMAINTENANCE,"UF - POLOVTSEV, SERA",7810  CHASECREEK ,"7, ZONE",570V,5051d,CLOSED
177374,Tree Trim,2021-01-29 01:15 PM,Tree Trim Inspection,TREEMAINTENANCE,"UF - POLOVTSEV, SERA",14318  WICKERSHAM ,"2, ZONE",488S,4756c,CLOSED
177375,Tree Trim,2021-01-29 01:16 PM,Tree Trim Inspection,TREEMAINTENANCE,"UF - POLOVTSEV, SERA",14302  WICKERSHAM ,"2, ZONE",488S,4756c,CLOSED
177376,Tree Trim,2021-01-29 01:17 PM,Tree Trim Inspection,TREEMAINTENANCE,"UF - POLOVTSEV, SERA",14314  WICKERSHAM ,"2, ZONE",488S,4756c,CLOSED
177377,Tree Trim,2021-01-29 01:18 PM,Tree Trim Inspection,TREEMAINTENANCE,"UF - POLOVTSEV, SERA",14003  BRIARWORTH ,"2, ZONE",488N,4756b,CLOSED
177378,Tree Trim,2021-01-29 02:12 PM,Tree Trim Inspection,TREEMAINTENANCE,"UF - POLOVTSEV, SERA", 4900 MAIN ST&1000 ROSEDALE ST,"7, ZONE",493W,5356d,CLOSED
177379,Tree Trim,2021-01-29 02:41 PM,Tree Trim Inspection,TREEMAINTENANCE,"UF - POLOVTSEV, SERA",15802  SAMOA ,"7, ZONE",571X,5150b,CLOSED
177380,Tree Trim,2021-01-29 03:49 PM,Tree Trim Inspection,TREEMAINTENANCE,"UF - JONES, CODY",8819  CREEPING VINE ,"3, ZONE",412K,5262a,CLOSED
177387,Tree Trim,2021-01-29 08:36 PM,Tree Trim Inspection,TREEMAINTENANCE,"BLANCHETTE, PETER", 6520 BEEKMAN RD&6326 MARTIN LUTHER KING BLVD&5126 YELLOWSTONE BLVD,"6, ZONE",534N,5454b,CLOSED
177388,Tree Trim,2021-01-29 08:37 PM,Tree Trim Inspection,TREEMAINTENANCE,"UF - POLOVTSEV, SERA",3208  AUSTIN ,"2, ZONE",493T,5356b,CLOSED
177389,Tree Trim,2021-01-30 04:07 AM,Tree Trim Inspection,TREEMAINTENANCE,"UF - BURKES, JEREMY",5634  WILLOWBEND ,"7, ZONE",531W,5153a,CLOSED
177390,Tree Trim,2021-01-30 10:45 PM,Tree Trim Inspection,TREEMAINTENANCE,"UF - JONES, CODY", 3300 FULTON ST&3300 IRVINGTON BLVD,"4, ZONE",453Z,5458a,CLOSED
177411,Tree Removal,2021-02-01 09:17 AM,Tree Removal Inspection,TREEMAINTENANCE,"UF - JONES, CODY",7238  HEATH ,"4, ZONE",415T,5662a,CLOSED
177412,Tree Trim,2021-02-01 09:52 AM,Tree Trim Inspection,TREEMAINTENANCE,"UF - POLOVTSEV, SERA",8215  WATEKA ,"7, ZONE",530P,5054c,CLOSED
177413,Tree Trim,2021-02-01 10:38 AM,Tree Trim Inspection,TREEMAINTENANCE,"UF - POLOVTSEV, SERA", 2000 KIRBY DR&2900 SAN FELIPE ST,"2, ZONE",492Q,5257d,CLOSED
177414,Tree Removal,2021-02-01 10:46 AM,Tree Removal Inspection,TREEMAINTENANCE,"UF - JONES, CODY",1522  ARLINGTON ,"3, ZONE",453W,5359c,CLOSED
177421,Tree Removal,2021-02-01 02:25 PM,Tree Removal Inspection,TREEMAINTENANCE,"BLANCHETTE, PETER",5607  THRUSH ,"6, ZONE",574A,5453d,CLOSED
177423,Tree Trim,2021-02-01 03:25 PM,Tree Trim Inspection,TREEMAINTENANCE,"UF - POLOVTSEV, SERA",1311  COLORADO ,"2, ZONE",493F,5358d,CLOSED
177424,Tree Removal,2021-02-01 04:38 PM,Tree Removal Inspection,TREEMAINTENANCE,"BLANCHETTE, PETER",4514  KNOXVILLE ,"6, ZONE",533Y,5453a,CLOSED
177425,Tree Trim,2021-02-01 04:48 PM,Tree Trim Inspection,TREEMAINTENANCE,"UF - JONES, CODY",15207  MERRITT ,"4, ZONE",373W,5364c,CLOSED
177426,Tree Removal,2021-02-01 05:50 PM,Tree Removal Inspection,TREEMAINTENANCE,"UF - POLOVTSEV, SERA",2905  ARGONNE ,"2, ZONE",492U,5256b,CLOSED
177432,Tree Trim,2021-02-02 11:29 AM,Tree Trim Inspection,TREEMAINTENANCE,"UF - POLOVTSEV, SERA",3210  LOUISIANA ,"2, ZONE",493T,5356b,CLOSED
177433,Tree Removal,2021-02-02 01:23 PM,Tree Removal Inspection,TREEMAINTENANCE,"UF - POLOVTSEV, SERA",1826  RICHMOND ,"2, ZONE",492Z,5356c,CLOSED
177440,Tree Trim,2021-02-02 03:05 PM,Tree Trim Inspection,TREEMAINTENANCE,"BLANCHETTE, PETER",1112 E 16TH ,"3, ZONE",453W,5359d,CLOSED
177442,Tree Removal,2021-02-02 03:24 PM,Tree Removal Inspection,TREEMAINTENANCE,"UF - POLOVTSEV, SERA", 4900 LOCH LOMOND DR&8918 SAGER DR,"7, ZONE",531Q,5154d,CLOSED
177443,Tree Trim,2021-02-02 03:54 PM,Tree Trim Inspection,TREEMAINTENANCE,"UF - JONES, CODY",1335  SEASPRAY ,"3, ZONE",452X,5259c,CLOSED
177447,Tree Code Violation,2021-02-03 08:06 AM,Tree Code Violation Inspection,TREEPROTECTION,"UF - POLOVTSEV, SERA",2904  CHENEVERT ,"2, ZONE",493U,5456a,CLOSED
177450,Tree Removal,2021-02-03 10:05 AM,Tree Removal Inspection,TREEMAINTENANCE,"UF - POLOVTSEV, SERA",2107  WOODHEAD ,"2, ZONE",492R,5357c,CLOSED
177451,Tree Trim,2021-02-03 10:44 AM,Tree Trim Inspection,TREEMAINTENANCE,"UF - POLOVTSEV, SERA",3200  LOUISIANA ,"2, ZONE",493T,5356b,CLOSED
177452,Tree Stump Grinding,2021-02-03 11:04 AM,Tree Stump Inspection,TREEMAINTENANCE,"UF - POLOVTSEV, SERA", 2600 CRAWFORD ST&1600 MCGOWEN ST,"2, ZONE",493U,5456a,CLOSED
177453,Tree Trim,2021-02-03 11:11 AM,Tree Trim Inspection,TREEMAINTENANCE,"BLANCHETTE, PETER", 8760 HOWARD DR&5100 MICHAEL DR,"5, ZONE",535R,5654b,CLOSED
177454,Tree Trim,2021-02-03 11:42 AM,Tree Trim Inspection,TREEMAINTENANCE,"BLANCHETTE, PETER",601  LOCKWOOD ,"5, ZONE",494P,5557c,CLOSED
177458,Tree Removal,2021-02-03 12:27 PM,Tree Removal Inspection,TREEMAINTENANCE,"BLANCHETTE, PETER",2406  SIEBER ,"5, ZONE",536S,5754c,CLOSED
177460,Tree Removal,2021-02-03 12:52 PM,Tree Removal Inspection,TREEMAINTENANCE,"UF - JONES, CODY",446 W 17TH ,"3, ZONE",452Z,5359c,CLOSED
177462,Tree Trim,2021-02-03 02:14 PM,Tree Trim Inspection,TREEMAINTENANCE,"BLANCHETTE, PETER",667  ROPER ,"5, ZONE",576F,5753c,CLOSED
177466,Tree Trim,2021-02-04 06:09 AM,Tree Trim Inspection,TREEMAINTENANCE,"UF - POLOVTSEV, SERA", 3500 ELDRIDGE PKWY&13500 WESTPARK DR,"2, ZONE",528B,4755b,CLOSED
177468,Tree Trim,2021-02-04 11:05 AM,Tree Trim Inspection,TREEMAINTENANCE,"BLANCHETTE, PETER",9230  CLEARWOOD LANDING ,"6, ZONE",575R,5651b,CLOSED
177472,Tree Trim,2021-02-04 03:38 PM,Tree Trim Inspection,TREEMAINTENANCE,"BLANCHETTE, PETER",5411 S CROOKED CREEK ,"5, ZONE",536S,5754c,CLOSED
177473,Tree Removal,2021-02-04 07:47 PM,Tree Removal Inspection,TREEMAINTENANCE,"UF - JONES, CODY", 2574 BIG SPRINGS DR&2212 PINE RIVER DR,"4, ZONE",336C,5770c,CLOSED
177494,Tree Trim,2021-02-05 09:12 AM,Tree Trim Inspection,TREEMAINTENANCE,"UF - POLOVTSEV, SERA",2247  NORTH ,"7, ZONE",492Y,5256d,CLOSED
177497,Tree Trim,2021-02-05 10:01 AM,Tree Trim Inspection,TREEMAINTENANCE,"UF - JONES, CODY", 2616 DURBAN DR&10432 ROTHBURY ST,"3, ZONE",449R,4959b,CLOSED
177499,Tree Trim,2021-02-05 11:25 AM,Tree Trim Inspection,TREEMAINTENANCE,"UF - POLOVTSEV, SERA", 4800 ANDERSON RD&15200 CAMPDEN HILL RD,"7, ZONE",571V,5251c,CLOSED
177500,Tree Trim,2021-02-05 12:53 PM,Tree Trim Inspection,TREEMAINTENANCE,"UF - JONES, CODY", 4500 OXFORD ST&600 E WHITNEY ST,"3, ZONE",453J,5360a,CLOSED
177501,Tree Trim,2021-02-05 01:58 PM,Tree Trim Inspection,TREEMAINTENANCE,"UF - POLOVTSEV, SERA",1708  STUART ,"2, ZONE",493U,5356b,CLOSED
177503,Tree Removal,2021-02-05 02:31 PM,Tree Removal Inspection,TREEMAINTENANCE,"UF - POLOVTSEV, SERA",611  EUCLID ,"3, ZONE",493B,5358b,CLOSED
177509,Tree Trim,2021-02-05 03:04 PM,Tree Trim Inspection,TREEMAINTENANCE,"BLANCHETTE, PETER",7031 AVENUE P ,"5, ZONE",495S,5557d,CLOSED
177510,Tree Code Violation,2021-02-05 03:08 PM,Tree Code Violation Inspection,TREEPROTECTION,"UF - POLOVTSEV, SERA",38 E RIVERCREST ,"2, ZONE",490N,4956b,CLOSED
177518,Tree Removal,2021-02-05 05:01 PM,Tree Removal Inspection,TREEMAINTENANCE,"UF - JONES, CODY",8026  DARLINGTON ,"4, ZONE",455K,5660a,CLOSED
177520,Tree Trim,2021-02-06 10:17 AM,Tree Trim Inspection,TREEMAINTENANCE,"UF - POLOVTSEV, SERA",2012  VERMONT ,"2, ZONE",492R,5357c,CLOSED
177521,Tree Removal,2021-02-07 09:37 AM,Tree Removal Inspection,TREEMAINTENANCE,"UF - POLOVTSEV, SERA",2148  SUL ROSS ,"2, ZONE",492U,5256b,CLOSED
177525,Tree Removal,2021-02-08 03:12 AM,Tree Removal Inspection,TREEMAINTENANCE,"UF - POLOVTSEV, SERA",6751  BISSONNET ,"7, ZONE",530R,5054d,CLOSED
177526,Tree Trim,2021-02-08 08:55 AM,Tree Trim Inspection,TREEMAINTENANCE,"UF - POLOVTSEV, SERA",3211  ROCKYRIDGE ,"2, ZONE",490X,5056c,CLOSED
177530,Tree Trim,2021-02-08 10:05 AM,Tree Trim Inspection,TREEMAINTENANCE,"BLANCHETTE, PETER",12126  PALMFREE ,"5, ZONE",576Q,5752d,CLOSED
177532,Tree Trim,2021-02-08 10:06 AM,Tree Trim Inspection,TREEMAINTENANCE,"UF - JONES, CODY",5205  EVELLA ,"4, ZONE",454Y,5558a,CLOSED
177533,Tree Removal,2021-02-08 10:17 AM,Tree Removal Inspection,TREEMAINTENANCE,"BLANCHETTE, PETER",2034  ARLINGTON ,"3, ZONE",453S,5359c,CLOSED
177534,Tree Trim,2021-02-08 10:23 AM,Tree Trim Inspection,TREEMAINTENANCE,"UF - POLOVTSEV, SERA",5817  MACKINAW ,"7, ZONE",571X,5150b,CLOSED
177535,Tree Trim,2021-02-08 10:37 AM,Tree Trim Inspection,TREEMAINTENANCE,"UF - POLOVTSEV, SERA",11810  CARVEL ,"2, ZONE",529J,4854b,CLOSED
177539,Tree Trim,2021-02-08 01:01 PM,Tree Trim Inspection,TREEMAINTENANCE,"BLANCHETTE, PETER",8771  PATTIBOB ,"5, ZONE",495L,5657a,CLOSED
177540,Tree Removal,2021-02-08 01:29 PM,Tree Removal Inspection,TREEMAINTENANCE,"UF - JONES, CODY",234  HAHLO ,"4, ZONE",494D,5558a,CLOSED
177541,Tree Trim,2021-02-08 02:17 PM,Tree Trim Inspection,TREEMAINTENANCE,"BLANCHETTE, PETER",2034  ARLINGTON ,"3, ZONE",453S,5359c,CLOSED
177543,Tree Removal,2021-02-08 02:49 PM,Tree Removal Inspection,TREEMAINTENANCE,"UF - JONES, CODY",2740  WOODSPRING FOREST ,"4, ZONE",297Q,5871d,CLOSED
177544,Tree Removal,2021-02-08 02:58 PM,Tree Removal Inspection,TREEMAINTENANCE,"UF - JONES, CODY",2740  WOODSPRING FOREST ,"4, ZONE",297Q,5871d,CLOSED
177545,Tree Trim,2021-02-08 04:07 PM,Tree Trim Inspection,TREEMAINTENANCE,"UF - POLOVTSEV, SERA",400  LOVETT ,"2, ZONE",493S,5356b,CLOSED
177547,Tree Trim,2021-02-08 05:04 PM,Tree Trim Inspection,TREEMAINTENANCE,"BLANCHETTE, PETER",8301  SCHNEIDER ,"4, ZONE",453M,5460a,CLOSED
177548,Tree Removal,2021-02-08 05:59 PM,Tree Removal Inspection,TREEMAINTENANCE,"UF - JONES, CODY",210  OATES ,"4, ZONE",496A,5658b,CLOSED
177549,Tree Removal,2021-02-08 06:22 PM,Tree Removal Inspection,TREEMAINTENANCE,"UF - POLOVTSEV, SERA",9003  GRAPE ,"2, ZONE",530N,4954d,CLOSED
177554,Tree Trim,2021-02-09 08:18 AM,Tree Trim Inspection,TREEMAINTENANCE,"UF - POLOVTSEV, SERA",6415  MINOLA ,"2, ZONE",492F,5258d,CLOSED
177555,Tree Removal,2021-02-09 08:32 AM,Tree Removal Inspection,TREEMAINTENANCE,"UF - JONES, CODY",9960  NEUENS ,"3, ZONE",450S,4959d,CLOSED
177556,Tree Trim,2021-02-09 08:36 AM,Tree Trim Inspection,TREEMAINTENANCE,"UF - JONES, CODY", 1220 ANNE DR&9200 ELIZABETH DR,"3, ZONE",450Y,5058a,CLOSED
177557,Tree Trim,2021-02-09 09:04 AM,Tree Trim Inspection,TREEMAINTENANCE,"BLANCHETTE, PETER",314 E EDGEBROOK ,"5, ZONE",576G,5753d,CLOSED
177560,Tree Trim,2021-02-09 09:31 AM,Tree Trim Inspection,TREEMAINTENANCE,"BLANCHETTE, PETER",2705  BARBEE ,"6, ZONE",493Y,5456c,CLOSED
177561,Tree Removal,2021-02-09 09:50 AM,Tree Removal Inspection,TREEMAINTENANCE,"UF - POLOVTSEV, SERA", 3300 W DALLAS ST&1000 ROCHOW ST,"2, ZONE",492R,5357c,CLOSED
177563,Tree Removal,2021-02-09 12:10 PM,Tree Removal Inspection,TREEMAINTENANCE,"BLANCHETTE, PETER",1610  CORTLANDT ,"3, ZONE",453W,5359c,CLOSED
177564,Tree Trim,2021-02-09 12:28 PM,Tree Trim Inspection,TREEMAINTENANCE,"UF - JONES, CODY", 3800 KATY FWY&300 YALE ST,"3, ZONE",492H,5358c,CLOSED
177565,Tree Removal,2021-02-09 01:42 PM,Tree Removal Inspection,TREEMAINTENANCE,"UF - POLOVTSEV, SERA",5910  WINSOME ,"2, ZONE",491T,5156c,CLOSED
177566,Tree Trim,2021-02-09 02:36 PM,Tree Trim Inspection,TREEMAINTENANCE,"UF - JONES, CODY", 1400 LAMONTE LN&4200 OAK FOREST DR,"3, ZONE",452K,5260c,CLOSED
177572,Tree Trim,2021-02-10 09:11 AM,Tree Trim Inspection,TREEMAINTENANCE,"UF - JONES, CODY",6904  EUGENE ,"4, ZONE",454N,5460d,CLOSED
177573,Tree Trim,2021-02-10 10:16 AM,Tree Trim Inspection,TREEMAINTENANCE,"UF - JONES, CODY",435 W 17TH ,"3, ZONE",452V,5359c,CLOSED
177574,Tree Removal,2021-02-10 10:23 AM,Tree Removal Inspection,TREEMAINTENANCE,"UF - POLOVTSEV, SERA",2918  SAN JACINTO ,"2, ZONE",493T,5356b,CLOSED
177575,Tree Removal,2021-02-10 10:35 AM,Tree Removal Inspection,TREEMAINTENANCE,"UF - JONES, CODY",5123  HIALEAH ,"3, ZONE",451L,5160d,CLOSED
177576,Tree Trim,2021-02-10 10:57 AM,Tree Trim Inspection,TREEMAINTENANCE,"BLANCHETTE, PETER",4803 W FUQUA ,"7, ZONE",571V,5251c,CLOSED
177577,Tree Trim,2021-02-10 11:00 AM,Tree Trim Inspection,TREEMAINTENANCE,"BLANCHETTE, PETER",7323  KRUEGER ,"6, ZONE",534S,5454d,CLOSED
177584,Tree Removal,2021-02-10 03:31 PM,Tree Removal Inspection,TREEMAINTENANCE,"UF - POLOVTSEV, SERA",212 MCKINNEY,"1, ZONE",493L,77002,CLOSED
177585,Tree Protection Rev,2021-02-10 03:36 PM,Tree Protection Review Inspection,TREEPROTECTION,"UF - POLOVTSEV, SERA",10555  RICHMOND ,"2, ZONE",489Y,4956c,CLOSED
177586,Tree Trim,2021-02-10 03:36 PM,Tree Trim Inspection,TREEMAINTENANCE,"UF - JONES, CODY",1446  OAK TREE ,"3, ZONE",450X,5058a,CLOSED
177587,Tree Trim,2021-02-10 03:36 PM,Tree Trim Inspection,TREEMAINTENANCE,"BLANCHETTE, PETER",10906  ARENDALE ,"6, ZONE",575T,5651c,CLOSED
177588,Tree Removal,2021-02-10 03:37 PM,Tree Removal Inspection,TREEMAINTENANCE,"UF - JONES, CODY",125 W CROSSTIMBERS ,"3, ZONE",452M,5360c,CLOSED
177589,Tree Removal,2021-02-10 03:37 PM,Tree Removal Inspection,TREEMAINTENANCE,"UF - POLOVTSEV, SERA",3211  ROCKYRIDGE ,"2, ZONE",490X,5056c,CLOSED
177593,Tree Removal,2021-02-10 10:34 PM,Tree Removal Inspection,TREEMAINTENANCE,"BLANCHETTE, PETER",5602  HAZEN ,"7, ZONE",531J,5154a,CLOSED
177595,Tree Removal,2021-02-11 10:13 AM,Tree Removal Inspection,TREEMAINTENANCE,"BLANCHETTE, PETER",1506  ARLINGTON ,"3, ZONE",453W,5359c,CLOSED
177596,Tree Trim,2021-02-11 10:53 AM,Tree Trim Inspection,TREEMAINTENANCE,"BLANCHETTE, PETER",10202  BROOKTREE ,"3, ZONE",449Z,4958b,CLOSED
177597,Tree Trim,2021-02-11 12:05 PM,Tree Trim Inspection,TREEMAINTENANCE,"BLANCHETTE, PETER", 5800 ALVARADO DR&12340 RAMPART ST,"7, ZONE",571E,5152c,CLOSED
177605,Tree Trim,2021-02-12 08:43 AM,Tree Trim Inspection,TREEMAINTENANCE,"BLANCHETTE, PETER", 2500 JUDIWAY ST&3600 ROSSLYN RD&3400 E T C JESTER BLVD,"3, ZONE",452N,5260c,CLOSED
177606,Tree Trim,2021-02-12 08:45 AM,Tree Trim Inspection,TREEMAINTENANCE,"UF - POLOVTSEV, SERA",12807  GLENWOLDE ,"2, ZONE",528R,4853a,CLOSED
177608,Tree Trim,2021-02-12 10:34 AM,Tree Trim Inspection,TREEMAINTENANCE,"BLANCHETTE, PETER",6801  SIDNEY ,"6, ZONE",533R,5454a,CLOSED
177609,Tree Trim,2021-02-12 11:16 AM,Tree Trim Inspection,TREEMAINTENANCE,"UF - POLOVTSEV, SERA",5022  LYMBAR ,"7, ZONE",531U,5153b,CLOSED
177615,Tree Removal,2021-02-12 05:12 PM,Tree Removal Inspection,TREEMAINTENANCE,"UF - JONES, CODY",7720  CHALLIE ,"3, ZONE",411P,5162a,CLOSED
177616,Tree Removal,2021-02-14 11:47 AM,Tree Removal Inspection,TREEMAINTENANCE,"UF - JONES, CODY",1021  WAVERLY ,"3, ZONE",492D,5358a,CLOSED
177617,Tree Removal,2021-02-18 12:46 AM,Tree Removal Inspection,TREEMAINTENANCE,"UF - POLOVTSEV, SERA",13724  PLAYER ,"7, ZONE",571M,5251a,CLOSED
177621,Tree Removal,2021-02-19 03:16 PM,Tree Removal Inspection,TREEMAINTENANCE,"BLANCHETTE, PETER",4204  KASHMERE ,"4, ZONE",454X,5559c,CLOSED
177623,Tree Removal,2021-02-20 11:42 AM,Tree Removal Inspection,TREEMAINTENANCE,"BLANCHETTE, PETER",8832  KELLETT ,"4, ZONE",455H,5661d,CLOSED
177624,Tree Removal,2021-02-20 06:54 PM,Tree Removal Inspection,TREEMAINTENANCE,"UF - JONES, CODY",1003  HIDDEN VALLEY ,"3, ZONE",412L,5263d,CLOSED
177625,Tree Removal,2021-02-21 09:43 AM,Tree Removal Inspection,TREEMAINTENANCE,"UF - POLOVTSEV, SERA",425  WILCREST ,"2, ZONE",489F,4857b,CLOSED
177626,Tree Stump Grinding,2021-02-21 09:56 AM,Tree Stump Inspection,TREEMAINTENANCE,"BLANCHETTE, PETER", 3900 BELLFORT ST&8500 SCOTT ST,"6, ZONE",533Y,5453a,CLOSED
177627,Tree Removal,2021-02-21 03:39 PM,Tree Removal Inspection,TREEMAINTENANCE,"UF - POLOVTSEV, SERA", 13300 TOSCA LN&432 N WILCREST DR,"2, ZONE",489F,4857b,CLOSED
177628,Tree Removal,2021-02-21 07:24 PM,Tree Removal Inspection,TREEMAINTENANCE,"UF - POLOVTSEV, SERA",6027  EFFINGHAM ,"7, ZONE",570H,5052b,CLOSED
177632,Tree Trim,2021-02-22 11:16 AM,Tree Trim Inspection,TREEMAINTENANCE,"UF - JONES, CODY",235  ROYDER ,"4, ZONE",453Y,5359d,CLOSED
177633,Tree Removal,2021-02-22 01:20 PM,Tree Removal Inspection,TREEMAINTENANCE,"UF - JONES, CODY",412  MERRILL ,"3, ZONE",493B,5358b,CLOSED
177636,Tree Removal,2021-02-22 01:57 PM,Tree Removal Inspection,TREEMAINTENANCE,"UF - POLOVTSEV, SERA",4719  KNOTTYNOLD ,"7, ZONE",571V,5251c,CLOSED
177637,Tree Trim,2021-02-22 03:04 PM,Tree Trim Inspection,TREEMAINTENANCE,"UF - POLOVTSEV, SERA",4307  BLOSSOM ,"2, ZONE",492M,5357a,CLOSED
177642,Tree Trim,2021-02-22 05:39 PM,Tree Trim Inspection,TREEMAINTENANCE,"UF - POLOVTSEV, SERA",5546  TIGER LILLY ,"7, ZONE",571L,5152d,CLOSED
177643,Tree Planting,2021-02-22 08:22 PM,Tree Planting Inspection,TREEPROTECTION,"UF - POLOVTSEV, SERA",5872  SUGAR HILL ,"2, ZONE",491K,5157c,CLOSED
177644,Tree Trim,2021-02-23 10:40 AM,Tree Trim Inspection,TREEMAINTENANCE,"BLANCHETTE, PETER",11106  OPAL GLEN ,"6, ZONE",575Y,5651d,CLOSED
177645,Tree Removal,2021-02-23 10:44 AM,Tree Removal Inspection,TREEMAINTENANCE,"UF - POLOVTSEV, SERA",5842  FIRENZA ,"7, ZONE",571E,5152c,CLOSED
177648,Tree Removal,2021-02-23 11:35 AM,Tree Removal Inspection,TREEMAINTENANCE,"UF - JONES, CODY",6610  EUREKA ,"3, ZONE",492B,5258a,CLOSED
177660,Tree Removal,2021-02-24 09:30 AM,Tree Removal Inspection,TREEMAINTENANCE,"BLANCHETTE, PETER",5225  CALHOUN ,"6, ZONE",534E,5455b,CLOSED
177661,Tree Trim,2021-02-24 12:34 PM,Tree Trim Inspection,TREEMAINTENANCE,"UF - POLOVTSEV, SERA",9505  BRAEBURN GLEN ,"7, ZONE",530T,5053a,CLOSED
177662,Tree Trim,2021-02-24 12:42 PM,Tree Trim Inspection,TREEMAINTENANCE,"UF - POLOVTSEV, SERA",13726  OVERBROOK ,"2, ZONE",488T,4756d,CLOSED
177664,Tree Removal,2021-02-24 01:40 PM,Tree Removal Inspection,TREEMAINTENANCE,"UF - JONES, CODY",3220  YORKSHIRE ,"4, ZONE",454J,5460b,CLOSED
177665,Tree Removal,2021-02-24 05:28 PM,Tree Removal Inspection,TREEMAINTENANCE,"UF - POLOVTSEV, SERA",1336  VASSAR ,"7, ZONE",493W,5356c,CLOSED
177666,Tree Removal,2021-02-24 06:12 PM,Tree Removal Inspection,TREEMAINTENANCE,"UF - POLOVTSEV, SERA",5807  LUDINGTON ,"7, ZONE",571A,5152a,CLOSED
177667,Tree Removal,2021-02-24 06:54 PM,Tree Removal Inspection,TREEMAINTENANCE,"BLANCHETTE, PETER",4629  BELL ,"5, ZONE",494X,5456b,CLOSED
177668,Tree Trim,2021-02-25 07:42 AM,Tree Trim Inspection,TREEMAINTENANCE,"UF - POLOVTSEV, SERA",1417  VASSAR ,"7, ZONE",492Z,5356c,CLOSED
177669,Tree Removal,2021-02-25 08:34 AM,Tree Removal Inspection,TREEMAINTENANCE,"UF - JONES, CODY",620 E 23RD ,"3, ZONE",453S,5359a,CLOSED
177670,Tree Removal,2021-02-25 01:51 PM,Tree Removal Inspection,TREEMAINTENANCE,"UF - POLOVTSEV, SERA",13706 LOCKE ,"2, ZONE",488T,4756d,CLOSED
177671,Tree Removal,2021-02-25 02:46 PM,Tree Removal Inspection,TREEMAINTENANCE,"UF - POLOVTSEV, SERA",2111  OAKDALE ,"7, ZONE",533B,5355b,CLOSED
177674,Tree Trim,2021-02-26 07:51 AM,Tree Trim Inspection,TREEMAINTENANCE,"BLANCHETTE, PETER", 403 BYRNE ST,"3, ZONE",493B,5358b,CLOSED
177677,Tree Removal,2021-02-26 11:33 AM,Tree Removal Inspection,TREEMAINTENANCE,"BLANCHETTE, PETER",7670  BROADVIEW ,"6, ZONE",535W,5653a,CLOSED
177680,Tree Removal,2021-02-26 02:09 PM,Tree Removal Inspection,TREEMAINTENANCE,"BLANCHETTE, PETER",609 W 21ST ,"3, ZONE",452V,5359c,CLOSED
177683,Tree Trim,2021-02-26 02:57 PM,Tree Trim Inspection,TREEMAINTENANCE,"BLANCHETTE, PETER",5202  STUYVESANT ,"6, ZONE",534K,5455d,CLOSED
177685,Tree Trim,2021-02-27 05:16 PM,Tree Trim Inspection,TREEMAINTENANCE,"UF - POLOVTSEV, SERA",2307 B  MCDUFFIE ,"2, ZONE",492V,5356a,CLOSED
177686,Tree Trim,2021-02-27 06:02 PM,Tree Trim Inspection,TREEMAINTENANCE,"UF - POLOVTSEV, SERA",11520  ALMEDA (ANN TAYLOR PARK),"7, ZONE",572D,5353c,CLOSED
177687,Tree Removal,2021-02-27 06:09 PM,Tree Removal Inspection,TREEMAINTENANCE,"BLANCHETTE, PETER",302  HOFFMAN ,"4, ZONE",494D,5558a,CLOSED
177688,Tree Trim,2021-02-27 08:53 PM,Tree Trim Inspection,TREEMAINTENANCE,"UF - POLOVTSEV, SERA",5801  FANNIN ,"7, ZONE",533A,5356d,CLOSED
177689,Tree Removal,2021-02-27 10:47 PM,Tree Removal Inspection,TREEMAINTENANCE,"UF - POLOVTSEV, SERA",801  CONGRESS ,"1, ZONE",493L,5457a,CLOSED
177690,Tree Removal,2021-02-28 08:21 AM,Tree Removal Inspection,TREEMAINTENANCE,"UF - POLOVTSEV, SERA",2716 NEWMAN ST,"2, ZONE",492U,77098,CLOSED
177691,Tree Trim,2021-02-28 11:10 AM,Tree Trim Inspection,TREEMAINTENANCE,"UF - POLOVTSEV, SERA",6100 HERMANN PARK DR,"7, ZONE",533A,77030,CLOSED
177692,Tree Trim,2021-02-28 03:40 PM,Tree Trim Inspection,TREEMAINTENANCE,"BLANCHETTE, PETER",1026  ADELE ,"3, ZONE",453T,5359b,CLOSED
177693,Tree Removal,2021-02-28 05:18 PM,Tree Removal Inspection,TREEMAINTENANCE,"UF - POLOVTSEV, SERA",5810  QUEENSLOCH ,"7, ZONE",531S,5153a,CLOSED
177694,Tree Trim,2021-02-28 05:24 PM,Tree Trim Inspection,TREEMAINTENANCE,"UF - POLOVTSEV, SERA",6106  HERMANN PARK ,"7, ZONE",533A,5355b,CLOSED
177695,Tree Trim,2021-02-28 05:29 PM,Tree Trim Inspection,TREEMAINTENANCE,"UF - POLOVTSEV, SERA",106  CONCERT ,"7, ZONE",533A,5355b,CLOSED
177696,Tree Trim,2021-02-28 05:36 PM,Tree Trim Inspection,TREEMAINTENANCE,"UF - POLOVTSEV, SERA",1895  EL PASEO (SCHWEPPE PARK),"7, ZONE",533N,5354a,CLOSED
177697,Tree Trim,2021-02-28 05:42 PM,Tree Trim Inspection,TREEMAINTENANCE,"UF - POLOVTSEV, SERA",1928  DUNSTAN ,"7, ZONE",532D,5355a,CLOSED
177698,Tree Removal,2021-03-01 08:25 AM,Tree Removal Inspection,TREEMAINTENANCE,"UF - JONES, CODY", 5700 W LAKE HOUSTON PKWY&3800 MILLS BRANCH DR,"4, ZONE",297P,5871a,CLOSED
177699,Tree Trim,2021-03-01 08:36 AM,Tree Trim Inspection,TREEMAINTENANCE,"UF - POLOVTSEV, SERA",9130  TROULON ,"2, ZONE",530N,4954d,CLOSED
177702,Tree Removal,2021-03-01 01:40 PM,Tree Removal Inspection,TREEMAINTENANCE,"UF - JONES, CODY",838  PEDDIE ,"3, ZONE",453W,5359c,CLOSED
177704,Tree Trim,2021-03-01 03:41 PM,Tree Trim Inspection,TREEMAINTENANCE,"UF - JONES, CODY",301  AURORA ,"3, ZONE",453S,5359a,CLOSED
177705,Tree Removal,2021-03-01 04:22 PM,Tree Removal Inspection,TREEMAINTENANCE,"UF - JONES, CODY",3106  COLLINGSWORTH ,"4, ZONE",454W,5459d,CLOSED
177706,Tree Trim,2021-03-02 08:03 AM,Tree Trim Inspection,TREEMAINTENANCE,"UF - POLOVTSEV, SERA",4902  IMOGENE ,"7, ZONE",531Q,5154d,CLOSED
177707,Tree Trim,2021-03-02 09:39 AM,Tree Trim Inspection,TREEMAINTENANCE,"UF - POLOVTSEV, SERA",11814  ZARROLL ,"2, ZONE",529N,4854d,CLOSED
177709,Tree Trim,2021-03-02 11:47 AM,Tree Trim Inspection,TREEMAINTENANCE,"UF - JONES, CODY",7631  STERLINGSHIRE ,"4, ZONE",455A,5561b,CLOSED
177711,Tree Trim,2021-03-02 12:34 PM,Tree Trim Inspection,TREEMAINTENANCE,"UF - POLOVTSEV, SERA",7327  AQUA ,"2, ZONE",529J,4854b,CLOSED
177712,Tree Removal,2021-03-02 01:25 PM,Tree Removal Inspection,TREEMAINTENANCE,"BLANCHETTE, PETER",5830 SOUTHLEA ST,"6, ZONE",534P,77033,CLOSED
177713,Tree Trim,2021-03-02 03:50 PM,Tree Trim Inspection,TREEMAINTENANCE,"UF - JONES, CODY",15110  ELKINS ,"4, ZONE",413A,5364c,CLOSED
177715,Tree Trim,2021-03-02 09:59 PM,Tree Trim Inspection,TREEMAINTENANCE,"UF - JONES, CODY",2520  HOUSTON ,"3, ZONE",493C,5358d,CLOSED
177716,Tree Removal,2021-03-03 08:25 AM,Tree Removal Inspection,TREEMAINTENANCE,"UF - POLOVTSEV, SERA",3118  AUSTIN ,"2, ZONE",493T,5356b,CLOSED
177717,Tree Removal,2021-03-03 08:39 AM,Tree Removal Inspection,TREEMAINTENANCE,"UF - POLOVTSEV, SERA",5731  YARWELL ,"7, ZONE",531S,5153a,CLOSED
177718,Tree Trim,2021-03-03 09:37 AM,Tree Trim Inspection,TREEMAINTENANCE,"UF - JONES, CODY", 4300 W LAKE HOUSTON PKWY&3400 NORTHPARK DR,"4, ZONE",297T,5870a,CLOSED
177719,Tree Trim,2021-03-03 12:23 PM,Tree Trim Inspection,TREEMAINTENANCE,"UF - JONES, CODY",2526  LYNNFIELD ,"4, ZONE",454N,5460d,CLOSED
177720,Tree Removal,2021-03-03 12:58 PM,Tree Removal Inspection,TREEMAINTENANCE,"UF - POLOVTSEV, SERA",302 W SAULNIER ,"2, ZONE",493N,5357d,CLOSED
177722,Tree Removal,2021-03-03 03:51 PM,Tree Removal Inspection,TREEMAINTENANCE,"BLANCHETTE, PETER",8030  ITHACA ,"5, ZONE",535P,5654a,CLOSED
177732,Tree Trim,2021-03-04 09:22 AM,Tree Trim Inspection,TREEMAINTENANCE,"UF - JONES, CODY",5700  COLLINGSWORTH ,"4, ZONE",454Y,5559c,CLOSED
177733,Tree Trim,2021-03-04 10:29 AM,Tree Trim Inspection,TREEMAINTENANCE,"UF - JONES, CODY",6415  HOPPER ,"4, ZONE",415N,5562b,CLOSED
177734,Tree Removal,2021-03-04 10:43 AM,Tree Removal Inspection,TREEMAINTENANCE,"BLANCHETTE, PETER",3333  SOUTHMORE ,"6, ZONE",533C,5455a,CLOSED
177735,Tree Removal,2021-03-04 11:11 AM,Tree Removal Inspection,TREEMAINTENANCE,"UF - JONES, CODY",3210  ORANGE ,"4, ZONE",494E,5458d,CLOSED
177736,Tree Trim,2021-03-04 12:18 PM,Tree Trim Inspection,TREEMAINTENANCE,"BLANCHETTE, PETER",806  EL TORO ,"5, ZONE",618P,5949d,CLOSED
177737,Tree Removal,2021-03-04 12:30 PM,Tree Removal Inspection,TREEMAINTENANCE,"BLANCHETTE, PETER",5218  PERRY ,"6, ZONE",534N,5454b,CLOSED
177740,Tree Removal,2021-03-04 02:16 PM,Tree Removal Inspection,TREEMAINTENANCE,"UF - JONES, CODY",526  HENKE ,"4, ZONE",494H,5558c,CLOSED
177741,Tree Removal,2021-03-04 03:35 PM,Tree Removal Inspection,TREEMAINTENANCE,"BLANCHETTE, PETER",60  NIX ,"5, ZONE",494J,5457b,CLOSED
177742,Tree Removal,2021-03-04 03:57 PM,Tree Removal Inspection,TREEMAINTENANCE,"BLANCHETTE, PETER",3219  OZARK ,"6, ZONE",533F,5355d,CLOSED
177745,Tree Removal,2021-03-04 05:24 PM,Tree Removal Inspection,TREEMAINTENANCE,"UF - POLOVTSEV, SERA",4719  KNOTTYNOLD ,"7, ZONE",571V,5251c,CLOSED
177746,Tree Trim,2021-03-04 06:51 PM,Tree Trim Inspection,TREEMAINTENANCE,"UF - POLOVTSEV, SERA", 900 S POST OAK LN&4940 POST OAK TIMBER DR&2 WEST OAK DR N,"2, ZONE",491L,5157d,CLOSED
177747,Tree Trim,2021-03-05 05:25 AM,Tree Trim Inspection,TREEMAINTENANCE,"UF - POLOVTSEV, SERA",7117  FANNIN ,"7, ZONE",532M,5355c,CLOSED
177748,Tree Removal,2021-03-05 09:55 AM,Tree Removal Inspection,TREEMAINTENANCE,"BLANCHETTE, PETER",9939  KITTRELL ,"5, ZONE",576J,5752a,CLOSED
177751,Tree Code Violation,2021-03-05 11:10 AM,Tree Code Violation Inspection,TREEPROTECTION,"UF - POLOVTSEV, SERA",8  CHELSEA ,"7, ZONE",493W,5356d,CLOSED
177752,Tree Removal,2021-03-05 12:03 PM,Tree Removal Inspection,TREEMAINTENANCE,"UF - POLOVTSEV, SERA",8402  STROUD ,"2, ZONE",530K,5054a,CLOSED
177754,Tree Trim,2021-03-05 12:20 PM,Tree Trim Inspection,TREEMAINTENANCE,"UF - POLOVTSEV, SERA",15103  INSLEY ,"7, ZONE",572T,5251d,CLOSED
177756,Tree Removal,2021-03-05 02:47 PM,Tree Removal Inspection,TREEMAINTENANCE,"UF - JONES, CODY",128  HOFFMAN ,"4, ZONE",494D,5558a,CLOSED
177759,Tree Trim,2021-03-05 05:04 PM,Tree Trim Inspection,TREEMAINTENANCE,"BLANCHETTE, PETER",8651 JOSIE ,"5, ZONE",495L,5657a,CLOSED
177760,Tree Trim,2021-03-06 01:58 PM,Tree Trim Inspection,TREEMAINTENANCE,"UF - JONES, CODY",3801  WEEMS ,"4, ZONE",453Y,5459c,CLOSED
177761,Tree Trim,2021-03-06 03:20 PM,Tree Trim Inspection,TREEMAINTENANCE,"UF - BURKES, JEREMY",7609  AVENUE K ,"5, ZONE",495S,5656a,CLOSED
177762,Tree Trim,2021-03-06 09:38 PM,Tree Trim Inspection,TREEMAINTENANCE,"UF - POLOVTSEV, SERA",5731  WARM SPRINGS ,"7, ZONE",571A,5153c,CLOSED
177763,Tree Removal,2021-03-07 11:54 AM,Tree Removal Inspection,TREEMAINTENANCE,"UF - POLOVTSEV, SERA",6411  GLADEWELL ,"2, ZONE",529G,4955c,CLOSED
177764,Tree Removal,2021-03-07 12:22 PM,Tree Removal Inspection,TREEMAINTENANCE,"UF - JONES, CODY",7914  CAROLWOOD ,"4, ZONE",455F,5560b,CLOSED
177769,Tree Trim,2021-03-08 09:38 AM,Tree Trim Inspection,TREEMAINTENANCE,"UF - POLOVTSEV, SERA",12102  BOHEME ,"2, ZONE",490E,4957b,CLOSED
177770,Tree Trim,2021-03-08 09:46 AM,Tree Trim Inspection,TREEMAINTENANCE,"UF - JONES, CODY",2613  LINK ,"3, ZONE",453T,5359b,CLOSED
177772,Tree Removal,2021-03-08 12:00 PM,Tree Removal Inspection,TREEMAINTENANCE,"UF - JONES, CODY",11522  WICKHOLLOW ,"3, ZONE",449W,4858b,CLOSED
177773,Tree Trim,2021-03-08 03:24 PM,Tree Trim Inspection,TREEMAINTENANCE,"UF - POLOVTSEV, SERA",11122  SANDS POINT ,"2, ZONE",529B,4955c,CLOSED
177781,Tree Trim,2021-03-09 07:43 AM,Tree Trim Inspection,TREEMAINTENANCE,"UF - POLOVTSEV, SERA", 5000 AMBASSADOR WAY&1738 S POST OAK BLVD,"2, ZONE",491Q,5156b,CLOSED
177787,Tree Trim,2021-03-09 11:23 AM,Tree Trim Inspection,TREEMAINTENANCE,"BLANCHETTE, PETER",8219  BENDELL ,"5, ZONE",535V,5654d,CLOSED
177788,Tree Trim,2021-03-09 11:42 AM,Tree Trim Inspection,TREEMAINTENANCE,"UF - JONES, CODY",4411  NOBLE ,"4, ZONE",494B,5558a,CLOSED
177792,Tree Trim,2021-03-09 02:29 PM,Tree Trim Inspection,TREEMAINTENANCE,"UF - POLOVTSEV, SERA",2420  PARK ,"2, ZONE",492V,5356a,CLOSED
177793,Tree Trim,2021-03-09 03:18 PM,Tree Trim Inspection,TREEMAINTENANCE,"UF - JONES, CODY",7203  FINCH ,"4, ZONE",454M,5560b,CLOSED
177796,Tree Trim,2021-03-10 09:16 AM,Tree Trim Inspection,TREEMAINTENANCE,"UF - JONES, CODY",5320  HOLLISTER ,"3, ZONE",450D,5061d,CLOSED
177797,Tree Trim,2021-03-10 09:31 AM,Tree Trim Inspection,TREEMAINTENANCE,"UF - POLOVTSEV, SERA",1508  WOODHEAD ,"2, ZONE",492R,5357c,CLOSED
177798,Tree Trim,2021-03-10 12:00 PM,Tree Trim Inspection,TREEMAINTENANCE,"UF - POLOVTSEV, SERA",3605 S BRAESWOOD ,"7, ZONE",532P,5254b,CLOSED
177800,Tree Trim,2021-03-10 03:55 PM,Tree Trim Inspection,TREEMAINTENANCE,"UF - JONES, CODY",7937  JOY ,"4, ZONE",455K,5660c,CLOSED
177802,Tree Trim,2021-03-10 04:08 PM,Tree Trim Inspection,TREEMAINTENANCE,"UF - JONES, CODY",1401 W 43RD ,"3, ZONE",452K,5260c,CLOSED
177803,Tree Trim,2021-03-10 04:41 PM,Tree Trim Inspection,TREEMAINTENANCE,"UF - JONES, CODY",12001  WILKIE ,"4, ZONE",413T,5362d,CLOSED
177805,Tree Removal,2021-03-10 05:37 PM,Tree Removal Inspection,TREEMAINTENANCE,"UF - POLOVTSEV, SERA",14110  BRIDGEPORT ,"7, ZONE",572Y,5250b,CLOSED
177806,Tree Code Violation,2021-03-10 05:58 PM,Tree Code Violation Inspection,TREEPROTECTION,"UF - POLOVTSEV, SERA",916  HIGHLAND ,"3, ZONE",493B,5358b,CLOSED
177807,Tree Removal,2021-03-11 07:39 AM,Tree Removal Inspection,TREEMAINTENANCE,"BLANCHETTE, PETER",7711  HEREFORD ,"6, ZONE",535S,5654c,CLOSED
177808,Tree Trim,2021-03-11 08:12 AM,Tree Trim Inspection,TREEMAINTENANCE,"BLANCHETTE, PETER",3151  PLEASANT COVE ,"5, ZONE",578W,5951d,CLOSED
177810,Tree Removal,2021-03-11 08:54 AM,Tree Removal Inspection,TREEMAINTENANCE,"UF - POLOVTSEV, SERA",6054  RUTHERGLENN ,"7, ZONE",530V,5053b,CLOSED
177811,Tree Removal,2021-03-11 09:27 AM,Tree Removal Inspection,TREEMAINTENANCE,"UF - POLOVTSEV, SERA",1606  HAZARD ,"2, ZONE",492R,5357c,CLOSED
177812,Tree Trim,2021-03-11 12:03 PM,Tree Trim Inspection,TREEMAINTENANCE,"UF - JONES, CODY",1348  HEIGHTS ,"3, ZONE",453W,5359c,CLOSED
177813,Tree Removal,2021-03-11 12:50 PM,Tree Removal Inspection,TREEMAINTENANCE,"UF - JONES, CODY",6206 W 43RD ,"3, ZONE",451F,5160a,CLOSED
177814,Tree Trim,2021-03-11 01:58 PM,Tree Trim Inspection,TREEMAINTENANCE,"UF - POLOVTSEV, SERA",2176  DRYDEN ,"7, ZONE",532G,5355a,CLOSED
177815,Tree Removal,2021-03-11 01:59 PM,Tree Removal Inspection,TREEMAINTENANCE,"UF - POLOVTSEV, SERA",4130  TRAIL LAKE ,"7, ZONE",572J,5252c,CLOSED
177818,Tree Removal,2021-03-11 03:23 PM,Tree Removal Inspection,TREEMAINTENANCE,"BLANCHETTE, PETER",5221  JEFFERSON ,"5, ZONE",494X,5556c,CLOSED
177824,Tree Trim,2021-03-11 05:57 PM,Tree Trim Inspection,TREEMAINTENANCE,"UF - POLOVTSEV, SERA",3800  CENTER ,"2, ZONE",492H,5358c,CLOSED
177826,Tree Trim,2021-03-12 11:01 AM,Tree Trim Inspection,TREEMAINTENANCE,"UF - JONES, CODY",526  HENKE ,"4, ZONE",494H,5558c,CLOSED
177830,Tree Removal,2021-03-12 12:07 PM,Tree Removal Inspection,TREEMAINTENANCE,"UF - JONES, CODY",1308  DIAN ,"3, ZONE",452Y,5259d,CLOSED
177833,Tree Removal,2021-03-12 02:54 PM,Tree Removal Inspection,TREEMAINTENANCE,"BLANCHETTE, PETER",11711  BOWLAN ,"7, ZONE",570D,5052b,CLOSED
177834,Tree Removal,2021-03-12 03:44 PM,Tree Removal Inspection,TREEMAINTENANCE,"UF - POLOVTSEV, SERA", 100 E COWAN DR&6200 MEMORIAL DR,"2, ZONE",492K,5257b,CLOSED
177835,Tree Removal,2021-03-12 04:18 PM,Tree Removal Inspection,TREEMAINTENANCE,"BLANCHETTE, PETER",4102  BOONE ,"2, ZONE",529B,4955c,CLOSED
177836,Tree Removal,2021-03-14 01:49 PM,Tree Removal Inspection,TREEMAINTENANCE,"BLANCHETTE, PETER", 3500 GULF FWY&2200 SCOTT ST,"6, ZONE",493Z,5456b,CLOSED
177837,Tree Trim,2021-03-15 08:38 AM,Tree Trim Inspection,TREEMAINTENANCE,"BLANCHETTE, PETER",2202  SHAKESPEARE ,"7, ZONE",532C,5355a,CLOSED
177839,Tree Trim,2021-03-15 10:38 AM,Tree Trim Inspection,TREEMAINTENANCE,"BLANCHETTE, PETER",5711  ORIOLE ,"5, ZONE",536P,5754a,CLOSED
177840,Tree Removal,2021-03-15 10:41 AM,Tree Removal Inspection,TREEMAINTENANCE,"BLANCHETTE, PETER",2205  LORRAINE ,"4, ZONE",494E,5458d,CLOSED
177841,Tree Removal,2021-03-15 11:07 AM,Tree Removal Inspection,TREEMAINTENANCE,"BLANCHETTE, PETER",1836  PORTSMOUTH ,"2, ZONE",492Z,5356c,CLOSED
177842,Tree Removal,2021-03-15 11:40 AM,Tree Removal Inspection,TREEMAINTENANCE,"UF - JONES, CODY",4903  MERCEDES ,"3, ZONE",453E,5360a,CLOSED
177849,Tree Trim,2021-03-15 03:08 PM,Tree Trim Inspection,TREEMAINTENANCE,"BLANCHETTE, PETER", 4000 GALVESTON RD&8550 PARK PLACE BLVD,"5, ZONE",535L,5654b,CLOSED
177850,Tree Removal,2021-03-15 03:18 PM,Tree Removal Inspection,TREEMAINTENANCE,"BLANCHETTE, PETER",12525  CORONA ,"2, ZONE",528M,4854a,CLOSED
177851,Tree Removal,2021-03-16 03:14 AM,Tree Removal Inspection,TREEMAINTENANCE,"BLANCHETTE, PETER",4701  JEFFERSON ,"5, ZONE",494X,5456b,CLOSED
177852,Tree Removal,2021-03-16 05:49 AM,Tree Removal Inspection,TREEMAINTENANCE,"BLANCHETTE, PETER", 10100 BISSONNET ST&0 W SAM HOUSTON PKWY S,"2, ZONE",529U,4953a,CLOSED
177857,Tree Trim,2021-03-16 08:47 AM,Tree Trim Inspection,TREEMAINTENANCE,"BLANCHETTE, PETER",7431  CAREW ,"7, ZONE",530Q,5054c,CLOSED
177858,Tree Removal,2021-03-16 09:53 AM,Tree Removal Inspection,TREEMAINTENANCE,"BLANCHETTE, PETER", 11500 RICHMOND AVE&3100 WOODLAND PARK DR,"2, ZONE",489X,4856d,CLOSED
177859,Tree Trim,2021-03-16 09:56 AM,Tree Trim Inspection,TREEMAINTENANCE,"UF - JONES, CODY",9607  EDGEWORTH ,"4, ZONE",454A,5461c,CLOSED
177861,Tree Removal,2021-03-16 11:38 AM,Tree Removal Inspection,TREEMAINTENANCE,"BLANCHETTE, PETER",6511  RICHWOOD ,"6, ZONE",534Y,5553a,CLOSED
177862,Tree Trim,2021-03-16 11:43 AM,Tree Trim Inspection,TREEMAINTENANCE,"UF - JONES, CODY",354  RED RIPPLE ,"3, ZONE",452D,5361c,CLOSED
177864,Tree Removal,2021-03-16 12:15 PM,Tree Removal Inspection,TREEMAINTENANCE,"BLANCHETTE, PETER",5723  EAGLE LNDG ,"7, ZONE",571L,5151b,CLOSED
177867,Tree Removal,2021-03-16 04:33 PM,Tree Removal Inspection,TREEMAINTENANCE,"BLANCHETTE, PETER",6411  PICKENS ,"2, ZONE",492F,5258d,CLOSED
177868,Tree Trim,2021-03-16 06:01 PM,Tree Trim Inspection,TREEMAINTENANCE,"UF - JONES, CODY",3801  WEEMS ,"4, ZONE",453Y,5459c,CLOSED
177878,Tree Removal,2021-03-17 11:50 AM,Tree Removal Inspection,TREEMAINTENANCE,"UF - POLOVTSEV, SERA",5242  JASON ,"7, ZONE",531P,5154c,CLOSED
177880,Tree Trim,2021-03-17 12:42 PM,Tree Trim Inspection,TREEMAINTENANCE,"UF - JONES, CODY",4317  BEGGS ,"4, ZONE",453Y,5459c,CLOSED
177881,Tree Trim,2021-03-17 03:20 PM,Tree Trim Inspection,TREEMAINTENANCE,"UF - JONES, CODY",7122  JAY ,"4, ZONE",454R,5560d,CLOSED
177883,Tree Trim,2021-03-17 03:57 PM,Tree Trim Inspection,TREEMAINTENANCE,"UF - POLOVTSEV, SERA",4938  MARKWOOD ,"7, ZONE",571Z,5250a,CLOSED
177884,Tree Removal,2021-03-17 04:54 PM,Tree Removal Inspection,TREEMAINTENANCE,"BLANCHETTE, PETER",11422  SAGECANYON ,"6, ZONE",616F,5750d,CLOSED
177886,Tree Trim,2021-03-18 08:28 AM,Tree Trim Inspection,TREEMAINTENANCE,"BLANCHETTE, PETER",602  BIRDSALL ,"2, ZONE",492L,5257b,CLOSED
177888,Tree Removal,2021-03-18 10:16 AM,Tree Removal Inspection,TREEMAINTENANCE,"UF - JONES, CODY",12202  NOLA ,"4, ZONE",456Y,5759d,CLOSED
177889,Tree Removal,2021-03-18 10:30 AM,Tree Removal Inspection,TREEMAINTENANCE,"BLANCHETTE, PETER", 3700 ELLA LEE LN&2300 MACONDA LN,"2, ZONE",492S,5256a,CLOSED
177890,Tree Removal,2021-03-18 11:33 AM,Tree Removal Inspection,TREEMAINTENANCE,"UF - JONES, CODY",702 E 42ND ,"3, ZONE",453J,5360c,CLOSED
177891,Tree Trim,2021-03-18 12:09 PM,Tree Trim Inspection,TREEMAINTENANCE,"BLANCHETTE, PETER",3819  WESTERMAN ,"7, ZONE",492W,5256c,CLOSED
177892,Tree Removal,2021-03-18 12:42 PM,Tree Removal Inspection,TREEMAINTENANCE,"BLANCHETTE, PETER", 3900 LIVE OAK ST&2600 TRUXILLO ST,"6, ZONE",493Y,5456c,CLOSED
177893,Tree Removal,2021-03-18 12:49 PM,Tree Removal Inspection,TREEMAINTENANCE,"BLANCHETTE, PETER",612  DETERING ,"2, ZONE",492L,5257b,CLOSED
177894,Tree Trim,2021-03-18 01:17 PM,Tree Trim Inspection,TREEMAINTENANCE,"UF - JONES, CODY",4805  WYNNEWOOD ,"4, ZONE",456T,5759a,CLOSED
177898,Tree Trim,2021-03-18 06:45 PM,Tree Trim Inspection,TREEMAINTENANCE,"UF - POLOVTSEV, SERA",4003  HEATHERBLOOM ,"7, ZONE",572N,5251a,CLOSED
177899,Tree Trim,2021-03-19 07:35 AM,Tree Trim Inspection,TREEMAINTENANCE,"BLANCHETTE, PETER",1031  STUDE ,"3, ZONE",493F,5358d,CLOSED
177901,Tree Removal,2021-03-19 07:46 AM,Tree Removal Inspection,TREEMAINTENANCE,"BLANCHETTE, PETER",19008 SAUMS RD (CULLEN PARK),"3, ZONE",447S,77084,CLOSED
177903,Tree Trim,2021-03-19 08:08 AM,Tree Trim Inspection,TREEMAINTENANCE,"UF - JONES, CODY", 4900 CREEKMONT DR&5300 MANGUM RD,"3, ZONE",451G,5160b,CLOSED
177904,Tree Removal,2021-03-19 08:53 AM,Tree Removal Inspection,TREEMAINTENANCE,"UF - POLOVTSEV, SERA",12927  PENTACLE ,"7, ZONE",571F,5152d,CLOSED
177907,Tree Removal,2021-03-19 09:43 AM,Tree Removal Inspection,TREEMAINTENANCE,"UF - POLOVTSEV, SERA",1734  WROXTON ,"7, ZONE",532D,5356c,CLOSED
177908,Tree Removal,2021-03-19 10:03 AM,Tree Removal Inspection,TREEMAINTENANCE,"UF - JONES, CODY",728  LAWRENCE ,"3, ZONE",492D,5358a,CLOSED
177909,Tree Removal,2021-03-19 11:29 AM,Tree Removal Inspection,TREEMAINTENANCE,"UF - POLOVTSEV, SERA",4027  LANARK ,"7, ZONE",532J,5255c,CLOSED
177910,Tree Trim,2021-03-19 11:33 AM,Tree Trim Inspection,TREEMAINTENANCE,"UF - POLOVTSEV, SERA",9551  FANNIN ,"7, ZONE",532Z,5353a,CLOSED
177911,Tree Trim,2021-03-19 12:41 PM,Tree Trim Inspection,TREEMAINTENANCE,"BLANCHETTE, PETER",4301  POLK ,"5, ZONE",494S,5456b,CLOSED
177912,Tree Trim,2021-03-19 01:17 PM,Tree Trim Inspection,TREEMAINTENANCE,"UF - POLOVTSEV, SERA",15102  RIDINGWOOD ,"7, ZONE",570V,5051d,CLOSED
177913,Tree Removal,2021-03-19 01:55 PM,Tree Removal Inspection,TREEMAINTENANCE,"UF - POLOVTSEV, SERA",3054  HAZY PARK ,"2, ZONE",488X,4755b,CLOSED
177915,Tree Removal,2021-03-19 02:39 PM,Tree Removal Inspection,TREEMAINTENANCE,"UF - POLOVTSEV, SERA",5770  GREENCRAIG ,"7, ZONE",571E,5152c,CLOSED
177917,Tree Removal,2021-03-19 03:36 PM,Tree Removal Inspection,TREEMAINTENANCE,"BLANCHETTE, PETER",7434  BRIEFWAY ,"6, ZONE",535N,5554b,CLOSED
177919,Tree Removal,2021-03-19 05:08 PM,Tree Removal Inspection,TREEMAINTENANCE,"UF - JONES, CODY",6503  COHN ,"3, ZONE",412Y,5261b,CLOSED
177920,Tree Trim,2021-03-19 08:25 PM,Tree Trim Inspection,TREEMAINTENANCE,"UF - JONES, CODY",4301  TOPPING ,"4, ZONE",454C,5561a,CLOSED
177921,Tree Trim,2021-03-19 08:52 PM,Tree Trim Inspection,TREEMAINTENANCE,"BLANCHETTE, PETER",4313  POLK ,"5, ZONE",494S,5456b,CLOSED
177922,Tree Removal,2021-03-20 10:26 PM,Tree Removal Inspection,TREEMAINTENANCE,"BLANCHETTE, PETER", 200 E 15TH ST&1500 HARVARD ST,"3, ZONE",453W,5359c,CLOSED
177923,Tree Removal,2021-03-20 10:27 PM,Tree Removal Inspection,TREEMAINTENANCE,"BLANCHETTE, PETER",1826  RICHMOND ,"2, ZONE",492Z,5356c,CLOSED
177924,Tree Trim,2021-03-22 04:15 AM,Tree Trim Inspection,TREEMAINTENANCE,"UF - JONES, CODY",6915  FINCH ,"4, ZONE",454M,5560a,CLOSED
177925,Tree Removal,2021-03-22 04:17 AM,Tree Removal Inspection,TREEMAINTENANCE,"UF - JONES, CODY",6915  FINCH ,"4, ZONE",454M,5560a,CLOSED
177931,Tree Removal,2021-03-22 07:20 AM,Tree Removal Inspection,TREEMAINTENANCE,"UF - POLOVTSEV, SERA",5303  PALMETTO ,"7, ZONE",531F,5155d,CLOSED
177934,Tree Removal,2021-03-22 11:39 AM,Tree Removal Inspection,TREEMAINTENANCE,"UF - JONES, CODY",1506  ENID ,"3, ZONE",453T,5359b,CLOSED
177935,Tree Trim,2021-03-22 12:12 PM,Tree Trim Inspection,TREEMAINTENANCE,"BLANCHETTE, PETER",12126  PALMFREE ,"5, ZONE",576Q,5752d,CLOSED
177942,Tree Removal,2021-03-22 05:43 PM,Tree Removal Inspection,TREEMAINTENANCE,"UF - JONES, CODY",2208  DAVIS ,"4, ZONE",494A,5458b,CLOSED
177944,Tree Trim,2021-03-23 08:12 AM,Tree Trim Inspection,TREEMAINTENANCE,"UF - JONES, CODY",1601  LAMONTE ,"3, ZONE",452J,5260c,CLOSED
177945,Tree Removal,2021-03-23 08:31 AM,Tree Removal Inspection,TREEMAINTENANCE,"UF - POLOVTSEV, SERA", 8300 LANGDON LN&7900 MARY BATES BLVD,"2, ZONE",530K,5054a,CLOSED
177947,Tree Trim,2021-03-23 09:45 AM,Tree Trim Inspection,TREEMAINTENANCE,"UF - POLOVTSEV, SERA",10819  OASIS ,"7, ZONE",531X,5153c,CLOSED
177948,Tree Removal,2021-03-23 09:50 AM,Tree Removal Inspection,TREEMAINTENANCE,"UF - POLOVTSEV, SERA",12431  PLUMPOINT ,"2, ZONE",528V,4853a,CLOSED
177949,Tree Removal,2021-03-23 10:26 AM,Tree Removal Inspection,TREEMAINTENANCE,"UF - JONES, CODY",6206 W 43RD ,"3, ZONE",451F,5160a,CLOSED
177955,Tree Removal,2021-03-23 02:22 PM,Tree Removal Inspection,TREEMAINTENANCE,"UF - JONES, CODY",417 E 14TH ,"3, ZONE",453W,5359c,CLOSED
177956,Tree Removal,2021-03-23 02:23 PM,Tree Removal Inspection,TREEMAINTENANCE,"UF - JONES, CODY",417 E 14TH ,"3, ZONE",453W,5359c,CLOSED
177957,Tree Stump Grinding,2021-03-23 03:04 PM,Tree Stump Inspection,TREEMAINTENANCE,"BLANCHETTE, PETER",7427  AZALEA ,"5, ZONE",535A,5555b,CLOSED
177960,Tree Trim,2021-03-23 04:00 PM,Tree Trim Inspection,TREEMAINTENANCE,"UF - POLOVTSEV, SERA",6123  STONEY BROOK ,"2, ZONE",530D,5055d,CLOSED
177961,Tree Stump Grinding,2021-03-23 04:51 PM,Tree Stump Inspection,TREEMAINTENANCE,"UF - POLOVTSEV, SERA",12211  PINE KNOLL ,"2, ZONE",529S,4853b,CLOSED
177962,Tree Removal,2021-03-23 05:52 PM,Tree Removal Inspection,TREEMAINTENANCE,"UF - POLOVTSEV, SERA",5003  CHEENA ,"7, ZONE",531U,5153b,CLOSED
177963,Tree Trim,2021-03-24 08:30 AM,Tree Trim Inspection,TREEMAINTENANCE,"BLANCHETTE, PETER",3923  EDISON ,"4, ZONE",453Y,5459c,CLOSED
177964,Tree Removal,2021-03-24 08:38 AM,Tree Removal Inspection,TREEMAINTENANCE,"UF - POLOVTSEV, SERA",4225  BELLAIRE ,"7, ZONE",532E,5255c,CLOSED
177965,Tree Removal,2021-03-24 08:40 AM,Tree Removal Inspection,TREEMAINTENANCE,"UF - POLOVTSEV, SERA",1819  COMMERCE ,"1, ZONE",493M,5457a,CLOSED
177966,Tree Trim,2021-03-24 08:59 AM,Tree Trim Inspection,TREEMAINTENANCE,"UF - POLOVTSEV, SERA", 100 CHENEVERT ST&2 N CHENEVERT ST&1800 COMMERCE ST,"1, ZONE",493M,5457a,CLOSED
177967,Tree Removal,2021-03-24 09:12 AM,Tree Removal Inspection,TREEMAINTENANCE,"UF - POLOVTSEV, SERA",9419  BROODING OAK ,"7, ZONE",530V,5053b,CLOSED
177968,Tree Trim,2021-03-24 09:14 AM,Tree Trim Inspection,TREEMAINTENANCE,"BLANCHETTE, PETER",309  FRAWLEY ,"4, ZONE",453U,5459c,CLOSED
177969,Tree Trim,2021-03-24 09:15 AM,Tree Trim Inspection,TREEMAINTENANCE,"BLANCHETTE, PETER",1702 SPUR LN,"3, ZONE",450Y,5059c,CLOSED
177970,Tree Trim,2021-03-24 09:28 AM,Tree Trim Inspection,TREEMAINTENANCE,"UF - POLOVTSEV, SERA",4126  DRAKE ,"7, ZONE",492W,5256c,CLOSED
177972,Tree Removal,2021-03-24 09:58 AM,Tree Removal Inspection,TREEMAINTENANCE,"BLANCHETTE, PETER",719 E 40TH ,"3, ZONE",453N,5360c,CLOSED
177973,Tree Removal,2021-03-24 10:31 AM,Tree Removal Inspection,TREEMAINTENANCE,"UF - POLOVTSEV, SERA",4222  SPENCER ,"2, ZONE",492H,5358c,CLOSED
177974,Tree Trim,2021-03-24 12:28 PM,Tree Trim Inspection,TREEMAINTENANCE,"BLANCHETTE, PETER",7923  BELGARD ,"6, ZONE",534X,5553a,CLOSED
177975,Tree Planting,2021-03-24 12:28 PM,Tree Planting Inspection,TREEPLANTING,"UF - JONES, CODY",7019 LACY HILL DR,"2, ZONE",530E,77036,CLOSED
177977,Tree Removal,2021-03-24 01:33 PM,Tree Removal Inspection,TREEMAINTENANCE,"UF - POLOVTSEV, SERA",12825  NORTHUMB ,"7, ZONE",572R,5351a,CLOSED
177980,Tree Trim,2021-03-24 01:50 PM,Tree Trim Inspection,TREEMAINTENANCE,"UF - POLOVTSEV, SERA",6414  GRANDVALE ,"2, ZONE",529G,4955c,CLOSED
177982,Tree Trim,2021-03-24 02:45 PM,Tree Trim Inspection,TREEMAINTENANCE,"UF - POLOVTSEV, SERA",12601  TERRANCE ,"7, ZONE",570R,5051b,CLOSED
177983,Tree Trim,2021-03-24 02:56 PM,Tree Trim Inspection,TREEMAINTENANCE,"UF - JONES, CODY",1328  WHISPERING PINES ,"3, ZONE",451X,5158a,CLOSED
177984,Tree Removal,2021-03-24 03:51 PM,Tree Removal Inspection,TREEMAINTENANCE,"UF - JONES, CODY",904  ARLINGTON ,"3, ZONE",493A,5358a,CLOSED
177985,Tree Removal,2021-03-24 04:24 PM,Tree Removal Inspection,TREEMAINTENANCE,"UF - POLOVTSEV, SERA",15215  STEEPLE CHASE ,"7, ZONE",570V,5050b,CLOSED
177993,Tree Trim,2021-03-24 08:51 PM,Tree Trim Inspection,TREEMAINTENANCE,"BLANCHETTE, PETER",541 S 75TH ,"5, ZONE",535A,5556d,CLOSED
177994,Tree Removal,2021-03-25 06:27 AM,Tree Removal Inspection,TREEMAINTENANCE,"UF - JONES, CODY",3113  NORHILL ,"3, ZONE",493A,5358b,CLOSED
177996,Tree Trim,2021-03-25 08:19 AM,Tree Trim Inspection,TREEMAINTENANCE,"UF - JONES, CODY", 3700 COLVIN ST&11700 WALLISVILLE RD,"4, ZONE",456X,5759c,CLOSED
177997,Tree Trim,2021-03-25 10:40 AM,Tree Trim Inspection,TREEMAINTENANCE,"UF - JONES, CODY",8177  RECORD ,"4, ZONE",455B,5661c,CLOSED
177998,Tree Removal,2021-03-25 11:49 AM,Tree Removal Inspection,TREEMAINTENANCE,"UF - POLOVTSEV, SERA",6706  ROCKERGATE ,"7, ZONE",611A,5150c,CLOSED
177999,Tree Stump Grinding,2021-03-25 12:07 PM,Tree Stump Inspection,TREEMAINTENANCE,"BLANCHETTE, PETER",7004  SANTA FE ,"6, ZONE",574D,5553d,CLOSED
178000,Tree Trim,2021-03-25 01:23 PM,Tree Trim Inspection,TREEMAINTENANCE,"BLANCHETTE, PETER",4019  RUSK ,"5, ZONE",494S,5456b,CLOSED
178003,Tree Removal,2021-03-25 02:21 PM,Tree Removal Inspection,TREEMAINTENANCE,"UF - JONES, CODY",243  NEYLAND ,"4, ZONE",453L,5360d,CLOSED
178004,Tree Trim,2021-03-25 03:40 PM,Tree Trim Inspection,TREEMAINTENANCE,"BLANCHETTE, PETER",11419  PALMSPRINGS ,"5, ZONE",576Q,5752d,CLOSED
178005,Tree Trim,2021-03-25 04:25 PM,Tree Trim Inspection,TREEMAINTENANCE,"UF - JONES, CODY", 800 W 43RD ST&1200 SUE BARNETT DR,"3, ZONE",452L,5260d,CLOSED
178006,Tree Removal,2021-03-25 04:52 PM,Tree Removal Inspection,TREEMAINTENANCE,"BLANCHETTE, PETER", 5100 MILART ST&5000 VENTURA LN,"6, ZONE",534E,5455d,CLOSED
178007,Tree Trim,2021-03-25 05:37 PM,Tree Trim Inspection,TREEMAINTENANCE,"UF - POLOVTSEV, SERA",14515  CARADINE ,"7, ZONE",571P,5151c,CLOSED
178008,Tree Removal,2021-03-26 01:31 AM,Tree Removal Inspection,TREEMAINTENANCE,"UF - JONES, CODY",8815  FELAND ,"4, ZONE",455G,5661c,CLOSED
178009,Tree Trim,2021-03-26 01:41 AM,Tree Trim Inspection,TREEMAINTENANCE,"BLANCHETTE, PETER",7363  ATHLONE ,"3, ZONE",411U,5162d,CLOSED
178010,Tree Removal,2021-03-26 09:24 AM,Tree Removal Inspection,TREEMAINTENANCE,"UF - POLOVTSEV, SERA",5614  JACKWOOD ,"7, ZONE",531N,5154c,CLOSED
178011,Tree Removal,2021-03-26 10:35 AM,Tree Removal Inspection,TREEMAINTENANCE,"BLANCHETTE, PETER",6748  MEADOWLAWN ,"5, ZONE",534D,5556d,CLOSED
178012,Tree Trim,2021-03-26 11:47 AM,Tree Trim Inspection,TREEMAINTENANCE,"UF - POLOVTSEV, SERA",16743  QUAIL BRIAR ,"7, ZONE",610C,5049b,CLOSED
178013,Tree Trim,2021-03-26 12:10 PM,Tree Trim Inspection,TREEMAINTENANCE,"UF - JONES, CODY",7118  RATON ,"3, ZONE",451U,5159c,CLOSED
178019,Tree Trim,2021-03-26 02:36 PM,Tree Trim Inspection,TREEMAINTENANCE,"UF - JONES, CODY",5001  BOICEWOOD ,"4, ZONE",454G,5561c,CLOSED
178020,Tree Code Violation,2021-03-26 03:50 PM,Tree Code Violation Inspection,TREEPROTECTION,"UF - POLOVTSEV, SERA",5720  RAMPART ,"7, ZONE",531A,5155a,CLOSED
178021,Tree Removal,2021-03-26 03:52 PM,Tree Removal Inspection,TREEMAINTENANCE,"UF - POLOVTSEV, SERA",3909  AUSTIN ,"2, ZONE",493X,5356b,CLOSED
178022,Tree Removal,2021-03-26 04:35 PM,Tree Removal Inspection,TREEMAINTENANCE,"BLANCHETTE, PETER",3200  ROSEDALE ,"6, ZONE",533C,5455a,CLOSED
178024,Tree Trim,2021-03-26 05:56 PM,Tree Trim Inspection,TREEMAINTENANCE,"BLANCHETTE, PETER",8758  GALVESTON ,"5, ZONE",576M,5852c,CLOSED
178025,Tree Code Violation,2021-03-26 06:25 PM,Tree Code Violation Inspection,TREEPROTECTION,"UF - POLOVTSEV, SERA",3422  HOME ,"2, ZONE",493E,5358c,CLOSED
178026,Tree Trim,2021-03-26 08:01 PM,Tree Trim Inspection,TREEMAINTENANCE,"UF - JONES, CODY",644  HARVARD ,"3, ZONE",493A,5358a,CLOSED
178027,Tree Trim,2021-03-27 03:03 AM,Tree Trim Inspection,TREEMAINTENANCE,"UF - POLOVTSEV, SERA",3900  LAW ,"7, ZONE",532A,5256c,CLOSED
178028,Tree Removal,2021-03-27 07:50 AM,Tree Removal Inspection,TREEMAINTENANCE,"UF - POLOVTSEV, SERA",16527  MONTE CARLO ,"7, ZONE",611B,5150d,CLOSED
178029,Tree Removal,2021-03-27 12:00 PM,Tree Removal Inspection,TREEMAINTENANCE,"BLANCHETTE, PETER",10902  SAGEWIND ,"6, ZONE",616B,5750b,CLOSED
178030,Tree Trim,2021-03-27 02:18 PM,Tree Trim Inspection,TREEMAINTENANCE,"UF - POLOVTSEV, SERA",1641  HAWTHORNE ,"2, ZONE",492V,5356a,CLOSED
178031,Tree Trim,2021-03-27 05:03 PM,Tree Trim Inspection,TREEMAINTENANCE,"UF - JONES, CODY", 2400 COHN ST&5600 PETTY ST,"3, ZONE",492C,5258d,CLOSED
178032,Tree Protection Rev,2021-03-27 10:28 PM,Tree Protection Review Inspection,TREEPROTECTION,"UF - JONES, CODY",250  W 19TH ,"3, ZONE",452V,5359c,CLOSED
178034,Tree Trim,2021-03-29 07:52 AM,Tree Trim Inspection,TREEMAINTENANCE,"UF - JONES, CODY", 3300 W LAKE HOUSTON PKWY&4100 RUSTIC WOODS DR,"4, ZONE",297X,5870c,CLOSED
178036,Tree Removal,2021-03-29 09:42 AM,Tree Removal Inspection,TREEMAINTENANCE,"BLANCHETTE, PETER",7043  QUINCE ,"5, ZONE",535E,5555d,CLOSED
178037,Tree Trim,2021-03-29 10:16 AM,Tree Trim Inspection,TREEMAINTENANCE,"BLANCHETTE, PETER",3630  ABINGER ,"3, ZONE",411R,5162d,CLOSED
178038,Tree Removal,2021-03-29 10:26 AM,Tree Removal Inspection,TREEMAINTENANCE,"UF - POLOVTSEV, SERA",1215 W CLAY ,"2, ZONE",493N,5357c,CLOSED
178039,Tree Removal,2021-03-29 10:27 AM,Tree Removal Inspection,TREEMAINTENANCE,"UF - POLOVTSEV, SERA",4731  SMOOTH OAK ,"7, ZONE",571V,5251c,CLOSED
178040,Tree Removal,2021-03-29 11:10 AM,Tree Removal Inspection,TREEMAINTENANCE,"UF - JONES, CODY",839 E 24TH ,"3, ZONE",453S,5359b,CLOSED
178041,Tree Removal,2021-03-29 12:45 PM,Tree Removal Inspection,TREEMAINTENANCE,"BLANCHETTE, PETER",3105  GARROW ,"5, ZONE",494N,5457d,CLOSED
178042,Tree Trim,2021-03-29 01:27 PM,Tree Trim Inspection,TREEMAINTENANCE,"UF - JONES, CODY",120 E 13TH ,"3, ZONE",453W,5359c,CLOSED
178044,Tree Trim,2021-03-29 03:13 PM,Tree Trim Inspection,TREEMAINTENANCE,"UF - JONES, CODY",122 E 13TH ,"3, ZONE",453W,5359c,CLOSED
178045,Tree Trim,2021-03-29 03:32 PM,Tree Trim Inspection,TREEMAINTENANCE,"UF - POLOVTSEV, SERA", 4300 MANDELL ST&1600 RICHMOND AVE,"2, ZONE",492Z,5356c,CLOSED
178046,Tree Removal,2021-03-29 04:20 PM,Tree Removal Inspection,TREEMAINTENANCE,"UF - POLOVTSEV, SERA",10614  TENNETA ,"2, ZONE",528Z,4853c,CLOSED
178048,Tree Trim,2021-03-29 07:00 PM,Tree Trim Inspection,TREEMAINTENANCE,"UF - JONES, CODY",8714  MAGNA ,"4, ZONE",454F,5461d,CLOSED
178051,Tree Trim,2021-03-30 09:27 AM,Tree Trim Inspection,TREEMAINTENANCE,"UF - POLOVTSEV, SERA", 5500 HEATHERBROOK DR&14200 S POST OAK RD,"7, ZONE",571Q,5151b,CLOSED
178053,Tree Removal,2021-03-30 09:36 AM,Tree Removal Inspection,TREEMAINTENANCE,"UF - JONES, CODY",412  MERRILL ,"3, ZONE",493B,5358b,CLOSED
178054,Tree Trim,2021-03-30 09:47 AM,Tree Trim Inspection,TREEMAINTENANCE,"BLANCHETTE, PETER",1014  MAYFORD ,"4, ZONE",413Y,5461a,CLOSED
178055,Tree Removal,2021-03-30 09:50 AM,Tree Removal Inspection,TREEMAINTENANCE,"UF - POLOVTSEV, SERA",13530  MCGRATH ,"7, ZONE",573S,5351d,CLOSED
178057,Tree Removal,2021-03-30 10:03 AM,Tree Removal Inspection,TREEMAINTENANCE,"BLANCHETTE, PETER",2203  CAMPBELL ,"3, ZONE",450P,5059a,CLOSED
178058,Tree Trim,2021-03-30 10:11 AM,Tree Trim Inspection,TREEMAINTENANCE,"UF - POLOVTSEV, SERA",12230  PINE KNOLL ,"2, ZONE",529S,4853b,CLOSED
178059,Tree Removal,2021-03-30 10:20 AM,Tree Removal Inspection,TREEMAINTENANCE,"BLANCHETTE, PETER",10006  CEDARDALE ,"3, ZONE",450W,4958b,CLOSED
178060,Tree Trim,2021-03-30 11:03 AM,Tree Trim Inspection,TREEMAINTENANCE,"UF - JONES, CODY",2619  FOLIAGE GREEN ,"4, ZONE",296V,5770b,CLOSED
178062,Tree Trim,2021-03-30 12:56 PM,Tree Trim Inspection,TREEMAINTENANCE,"BLANCHETTE, PETER",7814  BALTIMORE ,"5, ZONE",495W,5656c,CLOSED
178063,Tree Removal,2021-03-30 01:42 PM,Tree Removal Inspection,TREEMAINTENANCE,"UF - POLOVTSEV, SERA",5626  LOTUS ,"7, ZONE",571L,5152d,CLOSED
178067,Tree Removal,2021-03-30 03:05 PM,Tree Removal Inspection,TREEMAINTENANCE,"BLANCHETTE, PETER",737  MILLVILLE ,"3, ZONE",412Y,5262d,CLOSED
178068,Tree Removal,2021-03-30 03:17 PM,Tree Removal Inspection,TREEMAINTENANCE,"UF - POLOVTSEV, SERA",5703  GREENCRAIG ,"7, ZONE",571E,5152c,CLOSED
178069,Tree Trim,2021-03-30 03:37 PM,Tree Trim Inspection,TREEMAINTENANCE,"UF - JONES, CODY",330  JANISCH ,"3, ZONE",452H,5360a,CLOSED
178070,Tree Removal,2021-03-30 04:49 PM,Tree Removal Inspection,TREEMAINTENANCE,"UF - JONES, CODY",415  RED RIPPLE ,"3, ZONE",452D,5261d,CLOSED
178071,Tree Removal,2021-03-30 05:43 PM,Tree Removal Inspection,TREEMAINTENANCE,"BLANCHETTE, PETER", 6300 MILLERVIEW DR&500 W SUNNYSIDE ST,"3, ZONE",412Z,5361a,CLOSED
178072,Tree Removal,2021-03-30 09:26 PM,Tree Removal Inspection,TREEMAINTENANCE,"UF - POLOVTSEV, SERA", 1600 KIPLING ST&3600 MANDELL ST,"2, ZONE",492V,5356a,CLOSED
178075,Tree Removal,2021-03-31 07:03 AM,Tree Removal Inspection,TREEMAINTENANCE,"UF - POLOVTSEV, SERA",1700  HERMANN ,"7, ZONE",533A,5355b,CLOSED
178077,Tree Removal,2021-03-31 10:24 AM,Tree Removal Inspection,TREEMAINTENANCE,"BLANCHETTE, PETER", 8700 GLEN VALLEY DR&7900 MORLEY ST,"6, ZONE",535X,5653a,CLOSED
178078,Tree Removal,2021-03-31 11:09 AM,Tree Removal Inspection,TREEMAINTENANCE,"BLANCHETTE, PETER",7814  BALTIMORE ,"5, ZONE",495W,5656c,CLOSED
178079,Tree Trim,2021-03-31 11:53 AM,Tree Trim Inspection,TREEMAINTENANCE,"UF - POLOVTSEV, SERA", 4308 BOONE RD&11000 SOMERFORD DR,"2, ZONE",529F,4955c,CLOSED
178080,Tree Removal,2021-03-31 01:09 PM,Tree Removal Inspection,TREEMAINTENANCE,"BLANCHETTE, PETER",6666  PARK ,"5, ZONE",534C,5556c,CLOSED
178082,Tree Removal,2021-03-31 02:41 PM,Tree Removal Inspection,TREEMAINTENANCE,"UF - POLOVTSEV, SERA",6905  BISSONNET ,"7, ZONE",530R,5054d,CLOSED
178083,Tree Removal,2021-03-31 02:47 PM,Tree Removal Inspection,TREEMAINTENANCE,"UF - JONES, CODY",634 E 11TH 1/2 ,"3, ZONE",453W,5358a,CLOSED
178086,Tree Trim,2021-03-31 04:19 PM,Tree Trim Inspection,TREEMAINTENANCE,"BLANCHETTE, PETER",5225  DOULTON ,"6, ZONE",534S,5453b,CLOSED
178087,Tree Trim,2021-04-01 05:50 AM,Tree Trim Inspection,TREEMAINTENANCE,"UF - POLOVTSEV, SERA",7117  FANNIN ,"7, ZONE",532M,5355c,CLOSED
178088,Tree Trim,2021-04-01 06:37 AM,Tree Trim Inspection,TREEMAINTENANCE,"BLANCHETTE, PETER",5235  ENYART ,"6, ZONE",534N,5454b,CLOSED
178089,Tree Removal,2021-04-01 08:13 AM,Tree Removal Inspection,TREEMAINTENANCE,"BLANCHETTE, PETER",2422  NAVIGATION ,"5, ZONE",494N,5457b,CLOSED
178090,Tree Removal,2021-04-01 08:54 AM,Tree Removal Inspection,TREEMAINTENANCE,"BLANCHETTE, PETER",915  PINEMONT ,"3, ZONE",452G,5260b,CLOSED
178091,Tree Trim,2021-04-01 09:22 AM,Tree Trim Inspection,TREEMAINTENANCE,"UF - POLOVTSEV, SERA",14515  CARADINE ,"7, ZONE",571P,5151c,CLOSED
178092,Tree Removal,2021-04-01 10:15 AM,Tree Removal Inspection,TREEMAINTENANCE,"UF - POLOVTSEV, SERA",5111  CONTOUR ,"7, ZONE",531U,5153b,CLOSED
178093,Tree Removal,2021-04-01 11:05 AM,Tree Removal Inspection,TREEMAINTENANCE,"BLANCHETTE, PETER",7457  CAYTON ,"6, ZONE",535W,5553b,CLOSED
178095,Tree Trim,2021-04-01 12:15 PM,Tree Trim Inspection,TREEMAINTENANCE,"BLANCHETTE, PETER",12821  WEBERCREST ,"6, ZONE",574P,5551a,CLOSED
178096,Tree Trim,2021-04-01 12:57 PM,Tree Trim Inspection,TREEMAINTENANCE,"UF - JONES, CODY",3809  EDISON ,"4, ZONE",453Y,5459c,CLOSED
178097,Tree Removal,2021-04-01 01:21 PM,Tree Removal Inspection,TREEMAINTENANCE,"UF - POLOVTSEV, SERA",4491  YOAKUM ,"2, ZONE",493W,5356c,CLOSED
178098,Tree Removal,2021-04-01 01:58 PM,Tree Removal Inspection,TREEMAINTENANCE,"BLANCHETTE, PETER",6211  CLOVER RIDGE ,"6, ZONE",534Q,5554a,CLOSED
178099,Tree Removal,2021-04-01 02:46 PM,Tree Removal Inspection,TREEMAINTENANCE,"UF - POLOVTSEV, SERA", 9500 BRIAR FOREST DR&1800 TANGLEWILDE ST,"2, ZONE",490P,4956b,CLOSED
178100,Tree Stump Grinding,2021-04-01 04:18 PM,Tree Stump Inspection,TREEMAINTENANCE,"UF - POLOVTSEV, SERA",1827  RICHMOND ,"2, ZONE",492Z,5356c,CLOSED
178101,Tree Removal,2021-04-01 04:20 PM,Tree Removal Inspection,TREEMAINTENANCE,"BLANCHETTE, PETER",7667  DIXIE ,"6, ZONE",535S,5654c,CLOSED
178102,Tree Removal,2021-04-01 07:35 PM,Tree Removal Inspection,TREEMAINTENANCE,"UF - POLOVTSEV, SERA",9327  NEFF ,"2, ZONE",529H,4954b,CLOSED
178103,Tree Trim,2021-04-02 03:31 AM,Tree Trim Inspection,TREEMAINTENANCE,"BLANCHETTE, PETER",3604  NOAH ,"6, ZONE",533Q,5454c,CLOSED
178104,Tree Trim,2021-04-02 07:37 AM,Tree Trim Inspection,TREEMAINTENANCE,"UF - JONES, CODY",827 E 26TH ,"3, ZONE",453S,5359a,CLOSED
178106,Tree Trim,2021-04-02 10:09 AM,Tree Trim Inspection,TREEMAINTENANCE,"UF - JONES, CODY", 1330 BUNKER HILL RD&9700 TAPPENBECK DR,"3, ZONE",450X,4958b,CLOSED
178107,Tree Removal,2021-04-02 10:20 AM,Tree Removal Inspection,TREEMAINTENANCE,"BLANCHETTE, PETER",7103  NARCISSUS ,"5, ZONE",535E,5555d,CLOSED
178108,Tree Removal,2021-04-02 10:36 AM,Tree Removal Inspection,TREEMAINTENANCE,"BLANCHETTE, PETER",6138  ANDWOOD ,"6, ZONE",534V,5554d,CLOSED
178109,Tree Trim,2021-04-02 11:24 AM,Tree Trim Inspection,TREEMAINTENANCE,"UF - JONES, CODY",732  MARCELLA ,"3, ZONE",452C,5261d,CLOSED
178110,Tree Trim,2021-04-02 11:59 AM,Tree Trim Inspection,TREEMAINTENANCE,"UF - POLOVTSEV, SERA",808  LOVETT ,"2, ZONE",493S,5356b,CLOSED
178111,Tree Removal,2021-04-02 12:20 PM,Tree Removal Inspection,TREEMAINTENANCE,"UF - POLOVTSEV, SERA", 2116 GLEN KNOLL DR&11650 OLYMPIA DR&11600 TRAILMONT DR,"2, ZONE",489T,4856b,CLOSED
178113,Tree Trim,2021-04-02 02:34 PM,Tree Trim Inspection,TREEMAINTENANCE,"UF - POLOVTSEV, SERA",8822  TROULON ,"2, ZONE",530N,4954d,CLOSED
178115,Tree Removal,2021-04-02 02:53 PM,Tree Removal Inspection,TREEMAINTENANCE,"BLANCHETTE, PETER",8801  GLENCREST ,"6, ZONE",575B,5653a,CLOSED
178117,Tree Trim,2021-04-02 03:14 PM,Tree Trim Inspection,TREEMAINTENANCE,"UF - JONES, CODY",2105 E CROSSTIMBERS ,"4, ZONE",454J,5460a,CLOSED
178119,Tree Removal,2021-04-02 03:47 PM,Tree Removal Inspection,TREEMAINTENANCE,"BLANCHETTE, PETER",7942  AVENUE E ,"5, ZONE",495X,5656a,CLOSED
178120,Tree Removal,2021-04-02 04:25 PM,Tree Removal Inspection,TREEMAINTENANCE,"UF - JONES, CODY", 800 W 43RD ST&1200 SUE BARNETT DR,"3, ZONE",452L,5260d,CLOSED
178121,Tree Trim,2021-04-02 06:23 PM,Tree Trim Inspection,TREEMAINTENANCE,"UF - JONES, CODY",7122  JAY ,"4, ZONE",454R,5560d,CLOSED
178122,Tree Removal,2021-04-03 01:37 AM,Tree Removal Inspection,TREEMAINTENANCE,"UF - JONES, CODY",9806  ROCKTREE ,"3, ZONE",411N,5062b,CLOSED
178127,Tree Removal,2021-04-05 08:09 AM,Tree Removal Inspection,TREEMAINTENANCE,"UF - POLOVTSEV, SERA",3730  MEADOW LAKE ,"2, ZONE",492N,5256a,CLOSED
178128,Tree Removal,2021-04-05 08:31 AM,Tree Removal Inspection,TREEMAINTENANCE,"UF - JONES, CODY",5700  DARLING ,"3, ZONE",492B,5258d,CLOSED
178130,Tree Protection Rev,2021-04-05 10:50 AM,Tree Protection Review Inspection,TREEPROTECTION,"UF - POLOVTSEV, SERA",7524  OLYMPIA ,"2, ZONE",490V,5056b,CLOSED
178134,Tree Removal,2021-04-05 11:57 AM,Tree Removal Inspection,TREEMAINTENANCE,"UF - POLOVTSEV, SERA",11931 N HANWORTH ,"7, ZONE",569D,4952b,CLOSED
178135,Tree Trim,2021-04-05 12:03 PM,Tree Trim Inspection,TREEMAINTENANCE,"UF - JONES, CODY",6225  GRANTON ,"4, ZONE",454Z,5559c,CLOSED
178138,Tree Trim,2021-04-05 12:50 PM,Tree Trim Inspection,TREEMAINTENANCE,"UF - POLOVTSEV, SERA", 4308 BOONE RD&11000 SOMERFORD DR,"2, ZONE",529F,4955c,CLOSED
178139,Tree Trim,2021-04-05 12:57 PM,Tree Trim Inspection,TREEMAINTENANCE,"UF - JONES, CODY", 3100 KINGWOOD DR&2000 WOODS ESTATES DR,"4, ZONE",337A,5769b,CLOSED
178141,Tree Removal,2021-04-05 02:25 PM,Tree Removal Inspection,TREEMAINTENANCE,"UF - JONES, CODY",9806  ROCKTREE ,"3, ZONE",411N,5062b,CLOSED
178142,Tree Trim,2021-04-05 03:30 PM,Tree Trim Inspection,TREEMAINTENANCE,"UF - JONES, CODY",208  DANNA ,"4, ZONE",453U,5359b,CLOSED
178143,Tree Trim,2021-04-05 03:55 PM,Tree Trim Inspection,TREEMAINTENANCE,"UF - POLOVTSEV, SERA",2506  MANDELL ,"2, ZONE",492V,5356a,CLOSED
178144,Tree Trim,2021-04-05 04:02 PM,Tree Trim Inspection,TREEMAINTENANCE,"UF - POLOVTSEV, SERA",5342  WILLOWBEND ,"7, ZONE",531X,5153a,CLOSED
178145,Tree Trim,2021-04-06 07:30 AM,Tree Trim Inspection,TREEMAINTENANCE,"UF - JONES, CODY",3227  CARMEL ,"3, ZONE",411Z,5161b,CLOSED
178147,Tree Trim,2021-04-06 08:02 AM,Tree Trim Inspection,TREEMAINTENANCE,"UF - POLOVTSEV, SERA",4660  BEECHNUT ,"7, ZONE",531R,5154b,CLOSED
178148,Tree Removal,2021-04-06 08:05 AM,Tree Removal Inspection,TREEMAINTENANCE,"UF - POLOVTSEV, SERA",4660  BEECHNUT ,"7, ZONE",531R,5154b,CLOSED
178149,Tree Trim,2021-04-06 09:23 AM,Tree Trim Inspection,TREEMAINTENANCE,"BLANCHETTE, PETER",5502  SOUTHWIND ,"6, ZONE",534S,5454d,CLOSED
178150,Tree Removal,2021-04-06 09:29 AM,Tree Removal Inspection,TREEMAINTENANCE,"UF - JONES, CODY",7018  COLE CREEK ,"3, ZONE",451A,5061d,CLOSED
178152,Tree Removal,2021-04-06 09:39 AM,Tree Removal Inspection,TREEMAINTENANCE,"UF - POLOVTSEV, SERA",2211  DECATUR ,"2, ZONE",493K,5357b,CLOSED
178154,Tree Trim,2021-04-06 10:50 AM,Tree Trim Inspection,TREEMAINTENANCE,"UF - POLOVTSEV, SERA",11215  SHANNON HILLS ,"2, ZONE",529P,4954c,CLOSED
178155,Tree Trim,2021-04-06 10:58 AM,Tree Trim Inspection,TREEMAINTENANCE,"UF - JONES, CODY",7810  EAGLE PASS ,"4, ZONE",495A,5558b,CLOSED
178156,Tree Trim,2021-04-06 10:59 AM,Tree Trim Inspection,TREEMAINTENANCE,"UF - JONES, CODY",1423  WILLOW ROCK ,"3, ZONE",412Q,5262b,CLOSED
178157,Tree Trim,2021-04-06 12:12 PM,Tree Trim Inspection,TREEMAINTENANCE,"BLANCHETTE, PETER",6555  NAVIGATION ,"5, ZONE",494V,5557c,CLOSED
178158,Tree Removal,2021-04-06 12:38 PM,Tree Removal Inspection,TREEMAINTENANCE,"BLANCHETTE, PETER", 200 NORWOOD ST,"5, ZONE",494U,5556a,CLOSED
178160,Tree Trim,2021-04-06 01:30 PM,Tree Trim Inspection,TREEMAINTENANCE,"UF - JONES, CODY",710 W 38TH ,"3, ZONE",452R,5260d,CLOSED
178162,Tree Removal,2021-04-06 01:44 PM,Tree Removal Inspection,TREEMAINTENANCE,"BLANCHETTE, PETER",2318  CRAIGMONT ,"6, ZONE",534C,5555a,CLOSED
178163,Tree Trim,2021-04-06 02:55 PM,Tree Trim Inspection,TREEMAINTENANCE,"UF - POLOVTSEV, SERA",7327  AQUA ,"2, ZONE",529J,4854b,CLOSED
178164,Tree Removal,2021-04-06 03:02 PM,Tree Removal Inspection,TREEMAINTENANCE,"UF - JONES, CODY",7001  NORTHLINE ,"4, ZONE",413W,5361a,CLOSED
178165,Tree Stump Grinding,2021-04-06 03:08 PM,Tree Stump Inspection,TREEMAINTENANCE,"UF - JONES, CODY",403  BYRNE ,"3, ZONE",493B,5358b,CLOSED
178166,Tree Trim,2021-04-06 03:17 PM,Tree Trim Inspection,TREEMAINTENANCE,"BLANCHETTE, PETER",1108  76TH ,"5, ZONE",495S,5556b,CLOSED
178168,Tree Removal,2021-04-06 10:34 PM,Tree Removal Inspection,TREEMAINTENANCE,"UF - JONES, CODY",3503  KINGS MOUNTAIN ,"4, ZONE",297P,5871c,CLOSED
178169,Tree Trim,2021-04-07 08:39 AM,Tree Trim Inspection,TREEMAINTENANCE,"UF - JONES, CODY",1117 A W 22ND ,"3, ZONE",452U,5259d,CLOSED
178171,Tree Removal,2021-04-07 09:00 AM,Tree Removal Inspection,TREEMAINTENANCE,"UF - JONES, CODY",7001  NORTHLINE ,"4, ZONE",413W,5361a,CLOSED
178172,Tree Trim,2021-04-07 09:01 AM,Tree Trim Inspection,TREEMAINTENANCE,"UF - JONES, CODY",1610  FULTON ,"4, ZONE",493H,5458c,CLOSED
178175,Tree Trim,2021-04-07 09:40 AM,Tree Trim Inspection,TREEMAINTENANCE,"UF - POLOVTSEV, SERA",3014  BRAZOS ,"2, ZONE",493T,5356b,CLOSED
178177,Tree Trim,2021-04-07 10:28 AM,Tree Trim Inspection,TREEMAINTENANCE,"UF - JONES, CODY",4318  HERSHE ,"4, ZONE",494F,5558c,CLOSED
178178,Tree Trim,2021-04-07 10:55 AM,Tree Trim Inspection,TREEMAINTENANCE,"BLANCHETTE, PETER",626  ROPER ,"5, ZONE",576F,5753d,CLOSED
178179,Tree Trim,2021-04-07 11:08 AM,Tree Trim Inspection,TREEMAINTENANCE,"UF - POLOVTSEV, SERA", 4800 ANDERSON RD&15200 CAMPDEN HILL RD,"7, ZONE",571V,5251c,CLOSED
178180,Tree Trim,2021-04-07 11:52 AM,Tree Trim Inspection,TREEMAINTENANCE,"UF - POLOVTSEV, SERA", 2200 ALBANS RD&5332 S SHEPHERD DR,"7, ZONE",532C,5356c,CLOSED
178181,Tree Trim,2021-04-07 11:53 AM,Tree Trim Inspection,TREEMAINTENANCE,"UF - JONES, CODY",1211  CAVALCADE ,"4, ZONE",453V,5459c,CLOSED
178182,Tree Trim,2021-04-07 12:04 PM,Tree Trim Inspection,TREEMAINTENANCE,"BLANCHETTE, PETER",10801  RAMBLING ,"6, ZONE",576P,5751b,CLOSED
178183,Tree Trim,2021-04-07 12:19 PM,Tree Trim Inspection,TREEMAINTENANCE,"UF - POLOVTSEV, SERA",2140  ALBANS ,"7, ZONE",532C,5356c,CLOSED
178184,Tree Trim,2021-04-07 12:19 PM,Tree Trim Inspection,TREEMAINTENANCE,"UF - JONES, CODY", 546 STUDEWOOD ST&1100 USENER ST,"3, ZONE",493A,5358d,CLOSED
178186,Tree Trim,2021-04-07 01:27 PM,Tree Trim Inspection,TREEMAINTENANCE,"BLANCHETTE, PETER",5626  HIRONDEL ,"6, ZONE",574A,5453d,CLOSED
178187,Tree Removal,2021-04-07 01:28 PM,Tree Removal Inspection,TREEMAINTENANCE,"UF - POLOVTSEV, SERA",4130  TRAIL LAKE ,"7, ZONE",572J,5252c,CLOSED
178188,Tree Removal,2021-04-07 01:54 PM,Tree Removal Inspection,TREEMAINTENANCE,"UF - JONES, CODY",704  ALLSTON ,"3, ZONE",492D,5358a,CLOSED
178189,Tree Removal,2021-04-07 01:56 PM,Tree Removal Inspection,TREEMAINTENANCE,"UF - POLOVTSEV, SERA",8315  LORRIE ,"7, ZONE",532Q,5254b,CLOSED
178190,Tree Removal,2021-04-07 02:43 PM,Tree Removal Inspection,TREEMAINTENANCE,"UF - JONES, CODY",805  LE GREEN ,"3, ZONE",453W,5359c,CLOSED
178191,Tree Trim,2021-04-07 02:57 PM,Tree Trim Inspection,TREEMAINTENANCE,"BLANCHETTE, PETER",4830  FAIRGREEN ,"6, ZONE",573M,5452d,CLOSED
178193,Tree Trim,2021-04-07 03:19 PM,Tree Trim Inspection,TREEMAINTENANCE,"BLANCHETTE, PETER",8011  GRANDVIEW ,"6, ZONE",533T,5354d,CLOSED
178194,Tree Trim,2021-04-07 03:46 PM,Tree Trim Inspection,TREEMAINTENANCE,"BLANCHETTE, PETER",4367  FIESTA ,"6, ZONE",534A,5455b,CLOSED
178195,Tree Removal,2021-04-07 04:01 PM,Tree Removal Inspection,TREEMAINTENANCE,"UF - POLOVTSEV, SERA",2145  SWIFT ,"7, ZONE",532H,5355a,CLOSED
178197,Tree Trim,2021-04-07 04:26 PM,Tree Trim Inspection,TREEMAINTENANCE,"UF - POLOVTSEV, SERA",11119  BANDLON ,"2, ZONE",529F,4955c,CLOSED
178198,Tree Trim,2021-04-07 04:29 PM,Tree Trim Inspection,TREEMAINTENANCE,"UF - JONES, CODY",315 W 14TH ,"3, ZONE",452Z,5359c,CLOSED
178200,Tree Trim,2021-04-07 05:08 PM,Tree Trim Inspection,TREEMAINTENANCE,"UF - POLOVTSEV, SERA",1803  MILFORD ,"7, ZONE",492Z,5356c,CLOSED
178201,Tree Trim,2021-04-08 03:10 AM,Tree Trim Inspection,TREEMAINTENANCE,"UF - JONES, CODY",11934  PASEO ARBOLES ,"4, ZONE",413T,5362d,CLOSED
178204,Tree Trim,2021-04-08 07:05 AM,Tree Trim Inspection,TREEMAINTENANCE,"UF - POLOVTSEV, SERA",2140  ALBANS ,"7, ZONE",532C,5356c,CLOSED
178205,Tree Trim,2021-04-08 08:08 AM,Tree Trim Inspection,TREEMAINTENANCE,"UF - JONES, CODY",8923  SULTAN ,"4, ZONE",455H,5661d,CLOSED
178206,Tree Trim,2021-04-08 08:39 AM,Tree Trim Inspection,TREEMAINTENANCE,"UF - POLOVTSEV, SERA",574 W SAULNIER;,"2, ZONE",493N,5357d,CLOSED
178207,Tree Trim,2021-04-08 09:03 AM,Tree Trim Inspection,TREEMAINTENANCE,"UF - JONES, CODY", 3400 W 34TH ST&3400 W T C JESTER BLVD,"3, ZONE",452N,5259a,CLOSED
178208,Tree Trim,2021-04-08 09:31 AM,Tree Trim Inspection,TREEMAINTENANCE,"UF - POLOVTSEV, SERA",2406  YUPON ,"2, ZONE",492V,5356a,CLOSED
178209,Tree Trim,2021-04-08 09:59 AM,Tree Trim Inspection,TREEMAINTENANCE,"UF - JONES, CODY",8502  AUTUMN ,"4, ZONE",454G,5560a,CLOSED
178210,Tree Removal,2021-04-08 10:06 AM,Tree Removal Inspection,TREEMAINTENANCE,"UF - POLOVTSEV, SERA",2805  CRAWFORD ,"2, ZONE",493U,5356b,CLOSED
178211,Tree Trim,2021-04-08 11:04 AM,Tree Trim Inspection,TREEMAINTENANCE,"BLANCHETTE, PETER",4842  MARIETTA ,"6, ZONE",534E,5455d,CLOSED
178212,Tree Code Violation,2021-04-08 12:38 PM,Tree Code Violation Inspection,TREEPROTECTION,"UF - JONES, CODY",102  QUITMAN ,"3, ZONE",493C,5358d,CLOSED
178213,Tree Removal,2021-04-08 12:51 PM,Tree Removal Inspection,TREEMAINTENANCE,"BLANCHETTE, PETER",6067  PINEWAY ,"6, ZONE",534K,5555c,CLOSED
178214,Tree Trim,2021-04-08 01:14 PM,Tree Trim Inspection,TREEMAINTENANCE,"UF - JONES, CODY",1111  HARRINGTON ,"4, ZONE",493H,5458c,CLOSED
178215,Tree Removal,2021-04-08 02:03 PM,Tree Removal Inspection,TREEMAINTENANCE,"UF - POLOVTSEV, SERA",6425 S GESSNER ,"2, ZONE",530E,4955d,CLOSED
178216,Tree Removal,2021-04-08 02:09 PM,Tree Removal Inspection,TREEMAINTENANCE,"UF - POLOVTSEV, SERA",6027  EFFINGHAM ,"7, ZONE",570H,5052b,CLOSED
178217,Tree Trim,2021-04-08 02:35 PM,Tree Trim Inspection,TREEMAINTENANCE,"UF - JONES, CODY",1918  PEPPERMILL ,"3, ZONE",450U,5059c,CLOSED
178218,Tree Removal,2021-04-08 02:40 PM,Tree Removal Inspection,TREEMAINTENANCE,"BLANCHETTE, PETER", 7300 EVANS ST&7030 PRENTISS DR,"6, ZONE",575A,5553d,CLOSED
178219,Tree Trim,2021-04-08 04:18 PM,Tree Trim Inspection,TREEMAINTENANCE,"UF - JONES, CODY",604  RAYMAC ,"4, ZONE",412H,5263b,CLOSED
178220,Tree Removal,2021-04-08 04:22 PM,Tree Removal Inspection,TREEMAINTENANCE,"BLANCHETTE, PETER",11830  KIRKHOLM ,"6, ZONE",576Y,5751d,CLOSED
178221,Tree Trim,2021-04-08 04:26 PM,Tree Trim Inspection,TREEMAINTENANCE,"UF - POLOVTSEV, SERA",2715  LA BRANCH ,"2, ZONE",493U,5356b,CLOSED
178223,Tree Trim,2021-04-08 04:43 PM,Tree Trim Inspection,TREEMAINTENANCE,"UF - JONES, CODY",5601  NIELAN ,"4, ZONE",455T,5659a,CLOSED
178228,Tree Removal,2021-04-09 02:22 AM,Tree Removal Inspection,TREEMAINTENANCE,"BLANCHETTE, PETER", 2600 S CALUMET ST&5500 ENNIS ST,"6, ZONE",533C,5355b,CLOSED
178231,Tree Removal,2021-04-09 08:58 AM,Tree Removal Inspection,TREEMAINTENANCE,"BLANCHETTE, PETER", 2366 BROADLAWN DR&16600 SPACE CENTER BLVD,"5, ZONE",618M,6049b,CLOSED
178232,Tree Trim,2021-04-09 10:06 AM,Tree Trim Inspection,TREEMAINTENANCE,"UF - JONES, CODY",212  PARKVIEW ,"3, ZONE",493C,5358b,CLOSED
178233,Tree Removal,2021-04-09 10:36 AM,Tree Removal Inspection,TREEMAINTENANCE,"UF - POLOVTSEV, SERA",4919  LA BRANCH ,"7, ZONE",493X,5356d,CLOSED
178234,Tree Trim,2021-04-09 10:42 AM,Tree Trim Inspection,TREEMAINTENANCE,"UF - POLOVTSEV, SERA",211  DENNIS ,"2, ZONE",493P,5357d,CLOSED
178235,Tree Removal,2021-04-09 10:50 AM,Tree Removal Inspection,TREEMAINTENANCE,"BLANCHETTE, PETER",213  BURR ,"5, ZONE",494T,5557c,CLOSED
178236,Tree Removal,2021-04-09 11:12 AM,Tree Removal Inspection,TREEMAINTENANCE,"BLANCHETTE, PETER",15708  SEAVALE ,"5, ZONE",618K,6049a,CLOSED
178237,Tree Removal,2021-04-09 12:04 PM,Tree Removal Inspection,TREEMAINTENANCE,"UF - POLOVTSEV, SERA",5791  WOODWAY ,"2, ZONE",491K,5157c,CLOSED
178238,Tree Trim,2021-04-09 12:27 PM,Tree Trim Inspection,TREEMAINTENANCE,"UF - POLOVTSEV, SERA",4910  YARWELL ,"7, ZONE",531U,5153b,CLOSED
178240,Tree Trim,2021-04-09 02:12 PM,Tree Trim Inspection,TREEMAINTENANCE,"UF - JONES, CODY",2205  LORRAINE ,"4, ZONE",494E,5458d,CLOSED
178242,Tree Trim,2021-04-09 02:56 PM,Tree Trim Inspection,TREEMAINTENANCE,"BLANCHETTE, PETER",5135  STONEWALL ,"5, ZONE",494U,5556a,CLOSED
178243,Tree Removal,2021-04-09 03:29 PM,Tree Removal Inspection,TREEMAINTENANCE,"UF - JONES, CODY",710 E 40TH 1/2 ,"3, ZONE",453N,5360c,CLOSED
178244,Tree Trim,2021-04-09 03:57 PM,Tree Trim Inspection,TREEMAINTENANCE,"UF - JONES, CODY",514  BIZERTE ,"3, ZONE",453E,5360a,CLOSED
178245,Tree Removal,2021-04-09 04:31 PM,Tree Removal Inspection,TREEMAINTENANCE,"UF - POLOVTSEV, SERA",12302  BRAESRIDGE ,"7, ZONE",570G,5052b,CLOSED
178246,Tree Trim,2021-04-10 12:18 PM,Tree Trim Inspection,TREEMAINTENANCE,"UF - POLOVTSEV, SERA",15827  RIDGEROCK ,"7, ZONE",571W,5150a,CLOSED
178247,Tree Trim,2021-04-10 04:39 PM,Tree Trim Inspection,TREEMAINTENANCE,"BLANCHETTE, PETER",14922  RADSTOCK ,"5, ZONE",618E,5950d,CLOSED
178248,Tree Removal,2021-04-10 08:40 PM,Tree Removal Inspection,TREEMAINTENANCE,"UF - POLOVTSEV, SERA",4027  LANARK ,"7, ZONE",532J,5255c,CLOSED
178249,Tree Removal,2021-04-10 10:52 PM,Tree Removal Inspection,TREEMAINTENANCE,"UF - POLOVTSEV, SERA",1714  ALBANS ,"7, ZONE",532D,5356c,CLOSED
178250,Tree Trim,2021-04-11 02:27 AM,Tree Trim Inspection,TREEMAINTENANCE,"UF - POLOVTSEV, SERA",13530  MCGRATH ,"7, ZONE",573S,5351d,CLOSED
178251,Tree Removal,2021-04-11 02:35 PM,Tree Removal Inspection,TREEMAINTENANCE,"UF - POLOVTSEV, SERA",6027  EFFINGHAM ,"7, ZONE",570H,5052b,CLOSED
178253,Tree Trim,2021-04-12 08:15 AM,Tree Trim Inspection,TREEMAINTENANCE,"BLANCHETTE, PETER",2011  SINGLETON ,"3, ZONE",453S,5359c,CLOSED
178255,Tree Removal,2021-04-12 09:26 AM,Tree Removal Inspection,TREEMAINTENANCE,"BLANCHETTE, PETER", 1000 CLEAR LAKE CITY BLVD&13740 GALVESTON RD,"5, ZONE",617H,5950c,CLOSED
178256,Tree Planting,2021-04-12 09:44 AM,Tree Planting Inspection,TREEPROTECTION,"UF - JONES, CODY",643  COLUMBIA ,"3, ZONE",493A,5358a,CLOSED
178257,Tree Trim,2021-04-12 10:40 AM,Tree Trim Inspection,TREEMAINTENANCE,"UF - POLOVTSEV, SERA",5401  CAROLINE ,"7, ZONE",533A,5356d,CLOSED
178258,Tree Removal,2021-04-12 10:42 AM,Tree Removal Inspection,TREEMAINTENANCE,"BLANCHETTE, PETER",4359  FIESTA ,"6, ZONE",534A,5455b,CLOSED
178262,Tree Code Violation,2021-04-12 12:51 PM,Tree Code Violation Inspection,TREEPROTECTION,"UF - JONES, CODY",559  WHITE OAK ,"4, ZONE",298Y,5970b,CLOSED
178263,Tree Trim,2021-04-12 01:19 PM,Tree Trim Inspection,TREEMAINTENANCE,"UF - JONES, CODY",1307  EUEL ,"4, ZONE",453V,5459a,CLOSED
178265,Tree Removal,2021-04-12 01:24 PM,Tree Removal Inspection,TREEMAINTENANCE,"UF - JONES, CODY", 10100 INWOOD HOLLOW LN&10100 WILD HOLLOW LN,"3, ZONE",411J,5062b,CLOSED
178267,Tree Trim,2021-04-12 01:36 PM,Tree Trim Inspection,TREEMAINTENANCE,"UF - POLOVTSEV, SERA",6503 W RIDGECREEK ,"7, ZONE",571X,5150a,CLOSED
178268,Tree Removal,2021-04-12 03:15 PM,Tree Removal Inspection,TREEMAINTENANCE,"UF - POLOVTSEV, SERA",818  KNOX ,"2, ZONE",492G,5257b,CLOSED
178269,Tree Removal,2021-04-12 03:21 PM,Tree Removal Inspection,TREEMAINTENANCE,"PATINO, ARNULFO",1307 ARLINGTON ST,"3, ZONE",453W,77008,CLOSED
178270,Tree Trim,2021-04-12 03:42 PM,Tree Trim Inspection,TREEMAINTENANCE,"BLANCHETTE, PETER",250  19TH ,"3, ZONE",452V,5359c,CLOSED
178271,Tree Removal,2021-04-12 04:01 PM,Tree Removal Inspection,TREEMAINTENANCE,"UF - POLOVTSEV, SERA",12860  KINGSBRIDGE ,"2, ZONE",488L,4857c,CLOSED
178274,Tree Trim,2021-04-12 04:54 PM,Tree Trim Inspection,TREEMAINTENANCE,"UF - JONES, CODY",623  COLUMBIA ,"3, ZONE",493A,5358a,CLOSED
178278,Tree Trim,2021-04-12 06:04 PM,Tree Trim Inspection,TREEMAINTENANCE,"UF - POLOVTSEV, SERA",6006  BELLAIRE ,"7, ZONE",531E,5155c,CLOSED
178279,Tree Trim,2021-04-12 06:42 PM,Tree Trim Inspection,TREEMAINTENANCE,"UF - POLOVTSEV, SERA",601 W SAULNIER ,"2, ZONE",493N,5357d,CLOSED
178280,Tree Trim,2021-04-12 06:43 PM,Tree Trim Inspection,TREEMAINTENANCE,"UF - POLOVTSEV, SERA",401 W SAULNIER ,"2, ZONE",493N,5357d,CLOSED
178281,Tree Trim,2021-04-13 12:41 AM,Tree Trim Inspection,TREEMAINTENANCE,"UF - POLOVTSEV, SERA",4403  BUGLE ,"2, ZONE",529F,4855d,CLOSED
178283,Tree Trim,2021-04-13 08:56 AM,Tree Trim Inspection,TREEMAINTENANCE,"UF - POLOVTSEV, SERA", 8100 BISSONNET ST&8900 BRAE ACRES RD,"7, ZONE",530P,5054c,CLOSED
178284,Tree Trim,2021-04-13 09:26 AM,Tree Trim Inspection,TREEMAINTENANCE,"BLANCHETTE, PETER", 2100 CANADA DRY ST&4742 GULF FWY,"6, ZONE",534B,5456d,CLOSED
178285,Tree Trim,2021-04-13 09:47 AM,Tree Trim Inspection,TREEMAINTENANCE,"UF - POLOVTSEV, SERA",12019  FAIRPOINT ,"2, ZONE",529S,4853b,CLOSED
178286,Tree Removal,2021-04-13 10:27 AM,Tree Removal Inspection,TREEMAINTENANCE,"BLANCHETTE, PETER",8519  COMAL ,"6, ZONE",533Y,5453a,CLOSED
178287,Tree Removal,2021-04-13 11:22 AM,Tree Removal Inspection,TREEMAINTENANCE,"UF - POLOVTSEV, SERA",10714  CHIMNEY ROCK ,"7, ZONE",531X,5153c,CLOSED
178289,Tree Trim,2021-04-13 12:04 PM,Tree Trim Inspection,TREEMAINTENANCE,"BLANCHETTE, PETER",5409  NIGHTINGALE ,"5, ZONE",536N,5754a,CLOSED
178291,Tree Trim,2021-04-13 12:12 PM,Tree Trim Inspection,TREEMAINTENANCE,"UF - POLOVTSEV, SERA", 2600 VIRGINIA ST&2800 WESTHEIMER RD,"2, ZONE",492U,5256b,CLOSED
178294,Tree Removal,2021-04-13 12:27 PM,Tree Removal Inspection,TREEMAINTENANCE,"UF - JONES, CODY",210  MYRTLE ,"4, ZONE",493G,5458c,CLOSED
178296,Tree Trim,2021-04-13 12:50 PM,Tree Trim Inspection,TREEMAINTENANCE,"UF - POLOVTSEV, SERA", 10200 HILLCROFT AVE&5900 YARWELL DR,"7, ZONE",531S,5153a,CLOSED
178297,Tree Removal,2021-04-13 01:05 PM,Tree Removal Inspection,TREEMAINTENANCE,"BLANCHETTE, PETER",1136 W GARDNER ,"3, ZONE",453W,5359d,CLOSED
178298,Tree Trim,2021-04-13 01:16 PM,Tree Trim Inspection,TREEMAINTENANCE,"UF - POLOVTSEV, SERA",3208  AUSTIN ,"2, ZONE",493T,5356b,CLOSED
178301,Tree Planting,2021-04-13 01:42 PM,Tree Planting Inspection,TREEPROTECTION,"BLANCHETTE, PETER",6405  CAVALCADE ,"4, ZONE",454Z,5559d,CLOSED
178304,Tree Trim,2021-04-13 02:37 PM,Tree Trim Inspection,TREEMAINTENANCE,"UF - POLOVTSEV, SERA",7615  MOONDANCE ,"7, ZONE",570C,5052b,CLOSED
178305,Tree Trim,2021-04-13 02:38 PM,Tree Trim Inspection,TREEMAINTENANCE,"BLANCHETTE, PETER", 8800 N GREEN RIVER DR&8000 MESA DR,"4, ZONE",455G,5660b,CLOSED
178309,Tree Trim,2021-04-13 03:56 PM,Tree Trim Inspection,TREEMAINTENANCE,"UF - POLOVTSEV, SERA",5910  YARWELL ,"7, ZONE",531S,5153a,CLOSED
178310,Tree Trim,2021-04-13 03:58 PM,Tree Trim Inspection,TREEMAINTENANCE,"BLANCHETTE, PETER", 900 E 25TH ST&2500 PRINCETON ST,"3, ZONE",453S,5359b,CLOSED
178311,Tree Removal,2021-04-13 05:02 PM,Tree Removal Inspection,TREEMAINTENANCE,"BLANCHETTE, PETER",514  SURRATT ,"3, ZONE",452D,5261d,CLOSED
178312,Tree Trim,2021-04-13 05:32 PM,Tree Trim Inspection,TREEMAINTENANCE,"BLANCHETTE, PETER",3304  MCILHENNY ,"6, ZONE",493Z,5456a,CLOSED
178313,Tree Trim,2021-04-13 06:14 PM,Tree Trim Inspection,TREEMAINTENANCE,"UF - JONES, CODY",6901  APACHE ,"4, ZONE",454R,5560c,CLOSED
178315,Tree Trim,2021-04-14 07:29 AM,Tree Trim Inspection,TREEMAINTENANCE,"UF - JONES, CODY",950  EUCLID ,"3, ZONE",493B,5358b,CLOSED
178316,Tree Removal,2021-04-14 08:18 AM,Tree Removal Inspection,TREEMAINTENANCE,"UF - POLOVTSEV, SERA",10803  MCCLEAREN ,"7, ZONE",531W,5153c,CLOSED
178318,Tree Trim,2021-04-14 09:26 AM,Tree Trim Inspection,TREEMAINTENANCE,"BLANCHETTE, PETER",5959  BELNEATH ,"6, ZONE",534X,5553a,CLOSED
178319,Tree Removal,2021-04-14 09:28 AM,Tree Removal Inspection,TREEMAINTENANCE,"UF - POLOVTSEV, SERA",10220  MEMORIAL ,"2, ZONE",491A,5158c,CLOSED
178320,Tree Removal,2021-04-14 09:35 AM,Tree Removal Inspection,TREEMAINTENANCE,"UF - POLOVTSEV, SERA",5515  EFFINGHAM ,"7, ZONE",571E,5152a,CLOSED
178321,Tree Trim,2021-04-14 10:08 AM,Tree Trim Inspection,TREEMAINTENANCE,"BLANCHETTE, PETER", 5900 BELLFORT ST&7800 CRESTMONT ST,"6, ZONE",534X,5553a,CLOSED
178322,Tree Removal,2021-04-14 10:31 AM,Tree Removal Inspection,TREEMAINTENANCE,"UF - POLOVTSEV, SERA", 6000 CHIMNEY ROCK RD&5500 GULFTON ST,"7, ZONE",531B,5155a,CLOSED
178323,Tree Trim,2021-04-14 10:39 AM,Tree Trim Inspection,TREEMAINTENANCE,"BLANCHETTE, PETER",4374  T C JESTER ,"3, ZONE",451H,5160b,CLOSED
178325,Tree Code Violation,2021-04-14 12:37 PM,Tree Code Violation Inspection,TREEPROTECTION,"UF - POLOVTSEV, SERA",1117  PEDEN ,"2, ZONE",493N,5357c,CLOSED
178326,Tree Trim,2021-04-14 12:59 PM,Tree Trim Inspection,TREEMAINTENANCE,"UF - POLOVTSEV, SERA",4178  WILDACRES ,"2, ZONE",529B,4855d,CLOSED
178330,Tree Trim,2021-04-14 01:41 PM,Tree Trim Inspection,TREEMAINTENANCE,"UF - JONES, CODY",912  ROBBIE ,"3, ZONE",453T,5359d,CLOSED
178332,Tree Trim,2021-04-14 02:01 PM,Tree Trim Inspection,TREEMAINTENANCE,"BLANCHETTE, PETER",14138  IVY BLUFF ,"5, ZONE",618A,5950b,CLOSED
178333,Tree Trim,2021-04-14 02:11 PM,Tree Trim Inspection,TREEMAINTENANCE,"UF - POLOVTSEV, SERA",5002  CHEENA ,"7, ZONE",531U,5153b,CLOSED
178334,Tree Removal,2021-04-14 02:26 PM,Tree Removal Inspection,TREEMAINTENANCE,"BLANCHETTE, PETER",14138  IVY BLUFF ,"5, ZONE",618A,5950b,CLOSED
178335,Tree Removal,2021-04-14 03:32 PM,Tree Removal Inspection,TREEMAINTENANCE,"UF - POLOVTSEV, SERA",1517 A  HADDON ,"2, ZONE",492R,5357c,CLOSED
178338,Tree Trim,2021-04-14 04:47 PM,Tree Trim Inspection,TREEMAINTENANCE,"UF - JONES, CODY", 1400 E 31ST ST&3100 EASTMAN ST,"3, ZONE",453P,5359b,CLOSED
178339,Tree Stump Grinding,2021-04-14 07:32 PM,Tree Stump Inspection,TREEMAINTENANCE,"UF - POLOVTSEV, SERA",10622  CARLOTA ,"7, ZONE",531W,5153c,CLOSED
178340,Tree Trim,2021-04-14 07:43 PM,Tree Trim Inspection,TREEMAINTENANCE,"UF - JONES, CODY",4318  HERSHE ,"4, ZONE",494F,5558c,CLOSED
178341,Tree Trim,2021-04-14 07:51 PM,Tree Trim Inspection,TREEMAINTENANCE,"UF - JONES, CODY",1102 W 18TH ,"3, ZONE",452U,5259d,CLOSED
178342,Tree Trim,2021-04-14 10:33 PM,Tree Trim Inspection,TREEMAINTENANCE,"UF - POLOVTSEV, SERA",4102  MCDUFFIE ,"2, ZONE",492V,5356a,CLOSED
178343,Tree Trim,2021-04-15 05:56 AM,Tree Trim Inspection,TREEMAINTENANCE,"BLANCHETTE, PETER",8229  GRAFTON ,"5, ZONE",535P,5654a,CLOSED
178346,Tree Trim,2021-04-15 08:11 AM,Tree Trim Inspection,TREEMAINTENANCE,"BLANCHETTE, PETER", 7900 JOY ST&7000 N WAYSIDE DR,"4, ZONE",455K,5560d,CLOSED
178348,Tree Trim,2021-04-15 08:31 AM,Tree Trim Inspection,TREEMAINTENANCE,"UF - JONES, CODY",4102  WATSON ,"3, ZONE",453X,5359d,CLOSED
178349,Tree Trim,2021-04-15 08:58 AM,Tree Trim Inspection,TREEMAINTENANCE,"BLANCHETTE, PETER",15419  BAY COVE ,"5, ZONE",618B,6050a,CLOSED
178350,Tree Trim,2021-04-15 09:20 AM,Tree Trim Inspection,TREEMAINTENANCE,"BLANCHETTE, PETER",3514  LYDIA ,"6, ZONE",533P,5354d,CLOSED
178351,Tree Trim,2021-04-15 09:54 AM,Tree Trim Inspection,TREEMAINTENANCE,"UF - JONES, CODY", 1400 W LAKE DR&100 NEIMANA DR,"4, ZONE",338C,5970d,CLOSED
178352,Tree Removal,2021-04-15 10:02 AM,Tree Removal Inspection,TREEMAINTENANCE,"BLANCHETTE, PETER",4128  LAMAR ,"5, ZONE",494S,5456b,CLOSED
178353,Tree Trim,2021-04-15 11:27 AM,Tree Trim Inspection,TREEMAINTENANCE,"BLANCHETTE, PETER", 2366 BROADLAWN DR&16600 SPACE CENTER BLVD,"5, ZONE",618M,6049b,CLOSED
178354,Tree Trim,2021-04-15 12:03 PM,Tree Trim Inspection,TREEMAINTENANCE,"BLANCHETTE, PETER",1401 N CESAR CHAVEZ ,"5, ZONE",494V,5557d,CLOSED
178355,Tree Removal,2021-04-15 12:38 PM,Tree Removal Inspection,TREEMAINTENANCE,"BLANCHETTE, PETER",102  CAYLOR ,"5, ZONE",494U,5556a,CLOSED
178356,Tree Trim,2021-04-15 01:29 PM,Tree Trim Inspection,TREEMAINTENANCE,"BLANCHETTE, PETER",8635  DILLON ,"6, ZONE",535Y,5653b,CLOSED
178357,Tree Removal,2021-04-15 01:37 PM,Tree Removal Inspection,TREEMAINTENANCE,"UF - POLOVTSEV, SERA",15518  SUMMER BRIAR ,"7, ZONE",571X,5150a,CLOSED
178361,Tree Removal,2021-04-15 02:00 PM,Tree Removal Inspection,TREEMAINTENANCE,"UF - JONES, CODY",502  MERRILL ,"3, ZONE",493B,5358b,CLOSED
178364,Tree Removal,2021-04-15 03:24 PM,Tree Removal Inspection,TREEMAINTENANCE,"BLANCHETTE, PETER",6609  LINDY ,"5, ZONE",534C,5556c,CLOSED
178365,Tree Stump Grinding,2021-04-15 03:48 PM,Tree Stump Inspection,TREEMAINTENANCE,"UF - POLOVTSEV, SERA",1840  RICHMOND ,"2, ZONE",492Z,5356c,CLOSED
178366,Tree Trim,2021-04-15 03:56 PM,Tree Trim Inspection,TREEMAINTENANCE,"UF - JONES, CODY",301 E 26TH ,"3, ZONE",453S,5359a,CLOSED
178368,Tree Trim,2021-04-15 04:15 PM,Tree Trim Inspection,TREEMAINTENANCE,"BLANCHETTE, PETER",6202  ANTHA ,"4, ZONE",454D,5561c,CLOSED
178369,Tree Trim,2021-04-15 06:23 PM,Tree Trim Inspection,TREEMAINTENANCE,"UF - POLOVTSEV, SERA",13011  PENTACLE ,"7, ZONE",571K,5152d,CLOSED
178370,Tree Removal,2021-04-15 07:26 PM,Tree Removal Inspection,TREEMAINTENANCE,"UF - JONES, CODY",600  BYRNE ,"3, ZONE",493B,5358b,CLOSED
178371,Tree Trim,2021-04-15 09:31 PM,Tree Trim Inspection,TREEMAINTENANCE,"BLANCHETTE, PETER",5642 RICKY STREET ,"6, ZONE",574E,5452b,CLOSED
178376,Tree Trim,2021-04-16 07:23 AM,Tree Trim Inspection,TREEMAINTENANCE,"UF - JONES, CODY",870  MARCOLIN ,"3, ZONE",412Q,5262b,CLOSED
178379,Tree Trim,2021-04-16 08:37 AM,Tree Trim Inspection,TREEMAINTENANCE,"UF - JONES, CODY", 14400 HEMPSTEAD RD&6000 WINDFERN RD,"3, ZONE",410W,4961b,CLOSED
178380,Tree Trim,2021-04-16 09:19 AM,Tree Trim Inspection,TREEMAINTENANCE,"UF - POLOVTSEV, SERA",4927  LOCH LOMOND ,"7, ZONE",531Q,5154d,CLOSED
178381,Tree Trim,2021-04-16 09:50 AM,Tree Trim Inspection,TREEMAINTENANCE,"UF - JONES, CODY", 8800 GALVESTON RD&12118 ROSS RD,"5, ZONE",576M,5852c,CLOSED
178382,Tree Removal,2021-04-16 10:50 AM,Tree Removal Inspection,TREEMAINTENANCE,"UF - JONES, CODY",11015  LEDFORD ,"4, ZONE",415T,5562b,CLOSED
178387,Tree Trim,2021-04-16 01:47 PM,Tree Trim Inspection,TREEMAINTENANCE,"BLANCHETTE, PETER", 3900 LUCA ST&6416 SCOTT ST,"6, ZONE",533L,5454a,CLOSED
178388,Tree Trim,2021-04-16 02:28 PM,Tree Trim Inspection,TREEMAINTENANCE,"UF - POLOVTSEV, SERA",2347  GOLDSMITH ,"7, ZONE",532G,5255d,CLOSED
178389,Tree Removal,2021-04-16 03:29 PM,Tree Removal Inspection,TREEMAINTENANCE,"BLANCHETTE, PETER",5835  CHESWOOD ,"6, ZONE",534U,5554c,CLOSED
178391,Tree Trim,2021-04-16 03:39 PM,Tree Trim Inspection,TREEMAINTENANCE,"UF - JONES, CODY",1136 W GARDNER ,"3, ZONE",453W,5359d,CLOSED
178393,Tree Removal,2021-04-16 03:44 PM,Tree Removal Inspection,TREEMAINTENANCE,"UF - JONES, CODY",200  MYRTLE ,"4, ZONE",493G,5458c,CLOSED
178395,Tree Removal,2021-04-16 06:14 PM,Tree Removal Inspection,TREEMAINTENANCE,"UF - POLOVTSEV, SERA",4639  BANNING ,"2, ZONE",491V,5156b,CLOSED
178396,Tree Removal,2021-04-16 07:16 PM,Tree Removal Inspection,TREEMAINTENANCE,"UF - POLOVTSEV, SERA",5515  EFFINGHAM ,"7, ZONE",571E,5152a,CLOSED
178397,Tree Removal,2021-04-16 07:24 PM,Tree Removal Inspection,TREEMAINTENANCE,"UF - POLOVTSEV, SERA",6027  EFFINGHAM ,"7, ZONE",570H,5052b,CLOSED
178398,Tree Trim,2021-04-16 08:36 PM,Tree Trim Inspection,TREEMAINTENANCE,"UF - POLOVTSEV, SERA",6001  FANNIN ,"7, ZONE",533A,5355a,CLOSED
178399,Tree Trim,2021-04-16 11:42 PM,Tree Trim Inspection,TREEMAINTENANCE,"BLANCHETTE, PETER",3921  HERALD ,"4, ZONE",455X,5659c,CLOSED
178400,Tree Trim,2021-04-17 12:50 PM,Tree Trim Inspection,TREEMAINTENANCE,"UF - JONES, CODY", 650 CANINO RD&12200 MELROSE PARK RD,"4, ZONE",413U,5362d,CLOSED
178401,Tree Removal,2021-04-17 03:48 PM,Tree Removal Inspection,TREEMAINTENANCE,"UF - BURKES, JEREMY",6607  MISTY DALE ,,407S,4662c,CLOSED
178402,Tree Trim,2021-04-17 03:50 PM,Tree Trim Inspection,TREEMAINTENANCE,"BLANCHETTE, PETER",10405  BALLANTINE ,"6, ZONE",575T,5651a,CLOSED
178403,Tree Removal,2021-04-17 07:28 PM,Tree Removal Inspection,TREEMAINTENANCE,"BLANCHETTE, PETER",6433  SAINT AUGUSTINE ,"6, ZONE",533M,5454a,CLOSED
178404,Tree Trim,2021-04-17 10:44 PM,Tree Trim Inspection,TREEMAINTENANCE,"UF - POLOVTSEV, SERA",5515  EFFINGHAM ,"7, ZONE",571E,5152a,CLOSED
178405,Tree Trim,2021-04-18 12:25 AM,Tree Trim Inspection,TREEMAINTENANCE,"BLANCHETTE, PETER", 100 CLEAR LAKE CITY BLVD&0 GULF FWY,"5, ZONE",617L,5949a,CLOSED
178406,Tree Removal,2021-04-18 08:49 AM,Tree Removal Inspection,TREEMAINTENANCE,"UF - POLOVTSEV, SERA",11051  LANDSBURY ,"2, ZONE",529X,4953c,CLOSED
178407,Tree Trim,2021-04-18 02:44 PM,Tree Trim Inspection,TREEMAINTENANCE,"UF - POLOVTSEV, SERA", 0 W SAM HOUSTON PKWY N&10700 WESTVIEW DR,"3, ZONE",449Y,4958a,CLOSED
178408,Tree Trim,2021-04-18 02:50 PM,Tree Trim Inspection,TREEMAINTENANCE,"UF - POLOVTSEV, SERA",SANDMAN ,"2, ZONE",492L,5257b,CLOSED
178409,Tree Removal,2021-04-19 07:19 AM,Tree Removal Inspection,TREEMAINTENANCE,"UF - POLOVTSEV, SERA",1212  GESSNER ,"3, ZONE",450W,4958b,CLOSED
178410,Tree Removal,2021-04-19 08:29 AM,Tree Removal Inspection,TREEMAINTENANCE,"UF - JONES, CODY",301  AURORA ,"3, ZONE",453S,5359a,CLOSED
178411,Tree Trim,2021-04-19 08:32 AM,Tree Trim Inspection,TREEMAINTENANCE,"BLANCHETTE, PETER",7221  BLUE RIDGE ,"6, ZONE",534V,5554d,CLOSED
178412,Tree Trim,2021-04-19 08:40 AM,Tree Trim Inspection,TREEMAINTENANCE,"UF - JONES, CODY", 1100 W 24TH ST&2400 BEALL ST,"3, ZONE",452U,5259b,CLOSED
178413,Tree Trim,2021-04-19 08:40 AM,Tree Trim Inspection,TREEMAINTENANCE,"UF - POLOVTSEV, SERA",11918  BRAEWICK ,"7, ZONE",570D,5052b,CLOSED
178414,Tree Removal,2021-04-19 09:02 AM,Tree Removal Inspection,TREEMAINTENANCE,"BLANCHETTE, PETER",1201  CLEAR LAKE CITY ,"5, ZONE",617H,5950c,CLOSED
178415,Tree Trim,2021-04-19 09:33 AM,Tree Trim Inspection,TREEMAINTENANCE,"UF - POLOVTSEV, SERA",4038  DRUMMOND ,"7, ZONE",532J,5254a,CLOSED
178416,Tree Trim,2021-04-19 09:43 AM,Tree Trim Inspection,TREEMAINTENANCE,"UF - POLOVTSEV, SERA",1718  OVID ,"2, ZONE",493F,5358d,CLOSED
178419,Tree Trim,2021-04-19 12:01 PM,Tree Trim Inspection,TREEMAINTENANCE,"UF - JONES, CODY",1906 W SUMMER RAIN ,"4, ZONE",336B,5769a,CLOSED
178420,Tree Trim,2021-04-19 12:10 PM,Tree Trim Inspection,TREEMAINTENANCE,"UF - POLOVTSEV, SERA",6505  HILLCROFT ,"7, ZONE",531E,5155c,CLOSED
178421,Tree Trim,2021-04-19 12:24 PM,Tree Trim Inspection,TREEMAINTENANCE,"UF - POLOVTSEV, SERA",3240  ANDERSON ,"7, ZONE",572T,5251d,CLOSED
178422,Tree Trim,2021-04-19 12:57 PM,Tree Trim Inspection,TREEMAINTENANCE,"UF - JONES, CODY",4133  DE GEORGE ,"3, ZONE",453X,5359d,CLOSED
178424,Tree Removal,2021-04-19 01:59 PM,Tree Removal Inspection,TREEMAINTENANCE,"BLANCHETTE, PETER",213  BURR ,"5, ZONE",494T,5557c,CLOSED
178425,Tree Trim,2021-04-19 02:14 PM,Tree Trim Inspection,TREEMAINTENANCE,"UF - JONES, CODY",8215  BRONSON ,"5, ZONE",576K,5752a,CLOSED
178426,Tree Trim,2021-04-19 03:38 PM,Tree Trim Inspection,TREEMAINTENANCE,"UF - POLOVTSEV, SERA",7111  PELLA ,"2, ZONE",530E,4954b,CLOSED
178427,Tree Removal,2021-04-19 03:59 PM,Tree Removal Inspection,TREEMAINTENANCE,"UF - POLOVTSEV, SERA",5731  YARWELL ,"7, ZONE",531S,5153a,CLOSED
178428,Tree Stump Grinding,2021-04-19 04:02 PM,Tree Stump Inspection,TREEMAINTENANCE,"UF - POLOVTSEV, SERA",5731  YARWELL ,"7, ZONE",531S,5153a,CLOSED
178429,Tree Trim,2021-04-19 04:07 PM,Tree Trim Inspection,TREEMAINTENANCE,"UF - POLOVTSEV, SERA",3831  DRAKE ,"7, ZONE",492W,5256c,CLOSED
178433,Tree Trim,2021-04-20 04:13 AM,Tree Trim Inspection,TREEMAINTENANCE,"UF - POLOVTSEV, SERA",1014  HIGHLAND ,"3, ZONE",493B,5358b,CLOSED
178434,Tree Removal,2021-04-20 07:19 AM,Tree Removal Inspection,TREEMAINTENANCE,"UF - POLOVTSEV, SERA",5731  YARWELL ,"7, ZONE",531S,5153a,CLOSED
178435,Tree Removal,2021-04-20 07:57 AM,Tree Removal Inspection,TREEMAINTENANCE,"BLANCHETTE, PETER", 5100 BELLFORT ST&8100 JUTLAND RD,"6, ZONE",533Z,5453b,CLOSED
178436,Tree Removal,2021-04-20 08:06 AM,Tree Removal Inspection,TREEMAINTENANCE,"UF - POLOVTSEV, SERA",11802  PLUMPOINT ,"2, ZONE",529S,4853d,CLOSED
178437,Tree Trim,2021-04-20 09:01 AM,Tree Trim Inspection,TREEMAINTENANCE,"UF - POLOVTSEV, SERA", 6700 BEECHNUT ST&6800 BISSONNET ST,"7, ZONE",530R,5054d,CLOSED
178438,Tree Removal,2021-04-20 09:12 AM,Tree Removal Inspection,TREEMAINTENANCE,"UF - JONES, CODY",3518  VERNON ,"4, ZONE",494F,5458d,CLOSED
178439,Tree Removal,2021-04-20 09:30 AM,Tree Removal Inspection,TREEMAINTENANCE,"UF - JONES, CODY",527  WOODHURST ,"4, ZONE",496C,5758b,CLOSED
178440,Tree Removal,2021-04-20 10:02 AM,Tree Removal Inspection,TREEMAINTENANCE,"UF - POLOVTSEV, SERA",1903 W 25TH ,"3, ZONE",452T,5259a,CLOSED
178441,Tree Trim,2021-04-20 10:26 AM,Tree Trim Inspection,TREEMAINTENANCE,"UF - JONES, CODY",3822  ECHO MOUNTAIN ,"4, ZONE",297P,5871c,CLOSED
178442,Tree Trim,2021-04-20 11:09 AM,Tree Trim Inspection,TREEMAINTENANCE,"UF - JONES, CODY",8141  TAVENOR ,"6, ZONE",575K,5652c,CLOSED
178443,Tree Trim,2021-04-20 11:19 AM,Tree Trim Inspection,TREEMAINTENANCE,"UF - POLOVTSEV, SERA",511  ARLINGTON ,"3, ZONE",493A,5358c,CLOSED
178444,Tree Removal,2021-04-20 11:51 AM,Tree Removal Inspection,TREEMAINTENANCE,"UF - JONES, CODY",7750  DIXIE ,"6, ZONE",535T,5654c,CLOSED
178445,Tree Trim,2021-04-20 11:53 AM,Tree Trim Inspection,TREEMAINTENANCE,"UF - JONES, CODY",10219  NEY ,"5, ZONE",576F,5752a,CLOSED
178446,Tree Removal,2021-04-20 12:11 PM,Tree Removal Inspection,TREEMAINTENANCE,"UF - POLOVTSEV, SERA",619  BYRNE ,"3, ZONE",493B,5358b,CLOSED
178447,Tree Trim,2021-04-20 12:18 PM,Tree Trim Inspection,TREEMAINTENANCE,"UF - POLOVTSEV, SERA",9337  LETO ,"3, ZONE",450U,5059c,CLOSED
178448,Tree Removal,2021-04-20 12:40 PM,Tree Removal Inspection,TREEMAINTENANCE,"BLANCHETTE, PETER",6975  CAYTON ,"6, ZONE",574D,5553d,CLOSED
178449,Tree Removal,2021-04-20 01:14 PM,Tree Removal Inspection,TREEMAINTENANCE,"UF - POLOVTSEV, SERA",1421  MURRAYHILL ,"3, ZONE",449Z,4958b,CLOSED
178450,Tree Removal,2021-04-20 02:05 PM,Tree Removal Inspection,TREEMAINTENANCE,"UF - POLOVTSEV, SERA",611  HARVARD ,"3, ZONE",493A,5358a,CLOSED
178451,Tree Trim,2021-04-20 02:43 PM,Tree Trim Inspection,TREEMAINTENANCE,"BLANCHETTE, PETER", 1900 BAY AREA BLVD&16300 UNIVERSITY GREEN BLVD,"5, ZONE",618L,6049a,CLOSED
178452,Tree Trim,2021-04-20 02:48 PM,Tree Trim Inspection,TREEMAINTENANCE,"UF - JONES, CODY",11309  COURTSHIRE ,"4, ZONE",413Y,5362d,CLOSED
178453,Tree Trim,2021-04-20 03:35 PM,Tree Trim Inspection,TREEMAINTENANCE,"UF - POLOVTSEV, SERA",7834  HUMMINGBIRD ,"7, ZONE",530Y,5053d,CLOSED
178454,Tree Trim,2021-04-20 03:45 PM,Tree Trim Inspection,TREEMAINTENANCE,"UF - POLOVTSEV, SERA",6507  BANTA ,"7, ZONE",571X,5150a,CLOSED
178456,Tree Trim,2021-04-20 05:51 PM,Tree Trim Inspection,TREEMAINTENANCE,"UF - POLOVTSEV, SERA",3011  ROCKYRIDGE ,"2, ZONE",490X,5056c,CLOSED
178466,Tree Trim,2021-04-21 10:08 AM,Tree Trim Inspection,TREEMAINTENANCE,"UF - POLOVTSEV, SERA",10826  MOONLIGHT ,"7, ZONE",531X,5153c,CLOSED
178467,Tree Trim,2021-04-21 10:12 AM,Tree Trim Inspection,TREEMAINTENANCE,"UF - POLOVTSEV, SERA",1102 E 24TH ,"3, ZONE",453T,5359b,CLOSED
178468,Tree Removal,2021-04-21 10:27 AM,Tree Removal Inspection,TREEMAINTENANCE,"UF - POLOVTSEV, SERA",6001  FANNIN ,"7, ZONE",533A,5355a,CLOSED
178469,Tree Removal,2021-04-21 10:29 AM,Tree Removal Inspection,TREEMAINTENANCE,"UF - JONES, CODY", 3900 BROADWAY ST&7928 GULF FWY,"6, ZONE",535P,5654a,CLOSED
178470,Tree Trim,2021-04-21 10:48 AM,Tree Trim Inspection,TREEMAINTENANCE,"UF - JONES, CODY",7856  SANDY ,"4, ZONE",455P,5559b,CLOSED
178471,Tree Trim,2021-04-21 11:48 AM,Tree Trim Inspection,TREEMAINTENANCE,"UF - POLOVTSEV, SERA",7722  WINDWARD PASSAGE ,"2, ZONE",528M,4854a,CLOSED
178472,Tree Trim,2021-04-21 01:00 PM,Tree Trim Inspection,TREEMAINTENANCE,"BLANCHETTE, PETER",15007  WOODHORN ,"5, ZONE",618J,5949b,CLOSED
178473,Tree Trim,2021-04-21 01:07 PM,Tree Trim Inspection,TREEMAINTENANCE,"UF - POLOVTSEV, SERA", 2300 BRIARWEST BLVD&12900 BRIARWEST CIR,"2, ZONE",488U,4856a,CLOSED
178474,Tree Trim,2021-04-21 01:09 PM,Tree Trim Inspection,TREEMAINTENANCE,"UF - POLOVTSEV, SERA", 2300 BRIARWEST BLVD&12900 BRIARWEST CIR,"2, ZONE",488U,4856a,CLOSED
178475,Tree Trim,2021-04-21 01:09 PM,Tree Trim Inspection,TREEMAINTENANCE,"UF - POLOVTSEV, SERA",4400  LA BRANCH ,"7, ZONE",493X,5356d,CLOSED
178476,Tree Trim,2021-04-21 01:37 PM,Tree Trim Inspection,TREEMAINTENANCE,"UF - JONES, CODY",6122  COBALT ,"4, ZONE",415N,5563d,CLOSED
178477,Tree Trim,2021-04-21 02:32 PM,Tree Trim Inspection,TREEMAINTENANCE,"UF - JONES, CODY", 1100 W 24TH ST&2400 BEALL ST,"3, ZONE",452U,5259b,CLOSED
178478,Tree Trim,2021-04-21 02:54 PM,Tree Trim Inspection,TREEMAINTENANCE,"UF - JONES, CODY", 7600 WALLISVILLE RD&2700 N WAYSIDE DR,"4, ZONE",495A,5558b,CLOSED
178479,Tree Removal,2021-04-21 03:42 PM,Tree Removal Inspection,TREEMAINTENANCE,"BLANCHETTE, PETER",4309  POLK ,"5, ZONE",494S,5456b,CLOSED
178480,Tree Removal,2021-04-21 03:43 PM,Tree Removal Inspection,TREEMAINTENANCE,"BLANCHETTE, PETER",4313  POLK ,"5, ZONE",494S,5456b,CLOSED
178481,Tree Removal,2021-04-21 03:55 PM,Tree Removal Inspection,TREEMAINTENANCE,"UF - JONES, CODY",10858  NELLSFIELD ,"6, ZONE",575V,5651d,CLOSED
178482,Tree Trim,2021-04-21 04:16 PM,Tree Trim Inspection,TREEMAINTENANCE,"BLANCHETTE, PETER",3821  OLD SPANISH ,"6, ZONE",533M,5455c,CLOSED
178483,Tree Removal,2021-04-21 04:21 PM,Tree Removal Inspection,TREEMAINTENANCE,"BLANCHETTE, PETER",8011  GRANDVIEW ,"6, ZONE",533T,5354d,CLOSED
178484,Tree Trim,2021-04-21 04:49 PM,Tree Trim Inspection,TREEMAINTENANCE,"BLANCHETTE, PETER",4606  POLK ,"5, ZONE",494T,5456b,CLOSED
178490,Tree Removal,2021-04-22 12:16 AM,Tree Removal Inspection,TREEMAINTENANCE,"UF - POLOVTSEV, SERA",4819  FEAGAN ,"2, ZONE",492M,5257b,CLOSED
178491,Tree Removal,2021-04-22 07:27 AM,Tree Removal Inspection,TREEMAINTENANCE,"UF - JONES, CODY",18203  GROSCHKE ,"3, ZONE",447P,4659c,CLOSED
178492,Tree Trim,2021-04-22 10:57 AM,Tree Trim Inspection,TREEMAINTENANCE,"UF - POLOVTSEV, SERA",1406 A  STANFORD ,"2, ZONE",493N,5357d,CLOSED
178493,Tree Trim,2021-04-22 11:03 AM,Tree Trim Inspection,TREEMAINTENANCE,"UF - POLOVTSEV, SERA",1217 W DALLAS (FOUNDERS MEMORIAL CEMETERY),"2, ZONE",493K,5357b,CLOSED
178494,Tree Trim,2021-04-22 12:01 PM,Tree Trim Inspection,TREEMAINTENANCE,"BLANCHETTE, PETER", 4400 VERNON ST&1290 WACO ST,"5, ZONE",494F,5558c,CLOSED
178495,Tree Trim,2021-04-22 01:03 PM,Tree Trim Inspection,TREEMAINTENANCE,"UF - JONES, CODY",7103  HEDGEWOOD ,"4, ZONE",415P,5562b,CLOSED
178496,Tree Removal,2021-04-22 01:15 PM,Tree Removal Inspection,TREEMAINTENANCE,"UF - POLOVTSEV, SERA",11830  PLUMPOINT ,"2, ZONE",529S,4853d,CLOSED
178497,Tree Trim,2021-04-22 02:26 PM,Tree Trim Inspection,TREEMAINTENANCE,"UF - POLOVTSEV, SERA",1835  WROXTON ,"7, ZONE",532D,5356c,CLOSED
178498,Tree Trim,2021-04-22 03:00 PM,Tree Trim Inspection,TREEMAINTENANCE,"UF - JONES, CODY",2334  FERGUSON ,"3, ZONE",412N,5262a,CLOSED
178499,Tree Trim,2021-04-22 03:45 PM,Tree Trim Inspection,TREEMAINTENANCE,"UF - POLOVTSEV, SERA",1900  KANE ,"2, ZONE",493K,5357b,CLOSED
178500,Tree Trim,2021-04-22 03:53 PM,Tree Trim Inspection,TREEMAINTENANCE,"UF - POLOVTSEV, SERA",1117  COLLINGSWORTH ,"4, ZONE",453Z,5459c,CLOSED
178502,Tree Trim,2021-04-22 04:08 PM,Tree Trim Inspection,TREEMAINTENANCE,"UF - JONES, CODY",2123  ROLLING MEADOWS ,"4, ZONE",336C,5770c,CLOSED
178505,Tree Trim,2021-04-22 04:43 PM,Tree Trim Inspection,TREEMAINTENANCE,"UF - POLOVTSEV, SERA", 5100 NEWCASTLE DR&4600 WESTPARK DR,"7, ZONE",491Z,5256c,CLOSED
178506,Tree Trim,2021-04-22 04:51 PM,Tree Trim Inspection,TREEMAINTENANCE,"BLANCHETTE, PETER",7132  OAK HILL ,"6, ZONE",534V,5554d,CLOSED
178510,Tree Trim,2021-04-22 05:27 PM,Tree Trim Inspection,TREEMAINTENANCE,"UF - POLOVTSEV, SERA", 500 COLLINGSWORTH ST&3600 EDISON ST&3600 FULTON ST,"4, ZONE",453Y,5459c,CLOSED
178511,Tree Removal,2021-04-23 03:46 AM,Tree Removal Inspection,TREEMAINTENANCE,"UF - POLOVTSEV, SERA",2003  SOUTHGATE ,"7, ZONE",532H,5355c,CLOSED
178512,Tree Trim,2021-04-23 06:06 AM,Tree Trim Inspection,TREEMAINTENANCE,"BLANCHETTE, PETER",3915  MCKINNEY ,"5, ZONE",494S,5456b,CLOSED
178513,Tree Trim,2021-04-23 09:36 AM,Tree Trim Inspection,TREEMAINTENANCE,"UF - POLOVTSEV, SERA",12601  TERRANCE ,"7, ZONE",570R,5051b,CLOSED
178514,Tree Removal,2021-04-23 10:53 AM,Tree Removal Inspection,TREEMAINTENANCE,"UF - POLOVTSEV, SERA",703 E 41ST ,"3, ZONE",453J,5360c,CLOSED
178516,Tree Removal,2021-04-23 12:19 PM,Tree Removal Inspection,TREEMAINTENANCE,"UF - JONES, CODY",13330  VICKSBURG ,"4, ZONE",497E,5858c,CLOSED
178517,Tree Removal,2021-04-23 12:36 PM,Tree Removal Inspection,TREEMAINTENANCE,"BLANCHETTE, PETER",1101  DISMUKE ,"5, ZONE",494Y,5556c,CLOSED
178518,Tree Removal,2021-04-23 01:25 PM,Tree Removal Inspection,TREEMAINTENANCE,"UF - POLOVTSEV, SERA",621  CORTLANDT ,"3, ZONE",493A,5358a,CLOSED
178519,Tree Trim,2021-04-23 02:08 PM,Tree Trim Inspection,TREEMAINTENANCE,"BLANCHETTE, PETER",5022  PEASE ,"5, ZONE",494X,5556a,CLOSED
178520,Tree Removal,2021-04-23 02:08 PM,Tree Removal Inspection,TREEMAINTENANCE,"UF - JONES, CODY",611  HARVARD ,"3, ZONE",493A,5358a,CLOSED
178521,Tree Trim,2021-04-23 03:34 PM,Tree Trim Inspection,TREEMAINTENANCE,"UF - JONES, CODY",1180  BLALOCK ,"3, ZONE",490C,5058a,CLOSED
178522,Tree Trim,2021-04-23 03:49 PM,Tree Trim Inspection,TREEMAINTENANCE,"UF - POLOVTSEV, SERA",1102 E 24TH ,"3, ZONE",453T,5359b,CLOSED
178524,Tree Removal,2021-04-23 04:39 PM,Tree Removal Inspection,TREEMAINTENANCE,"UF - POLOVTSEV, SERA", 5200 CHENEVERT ST&1800 SOUTHMORE BLVD,"7, ZONE",533B,5356d,CLOSED
178525,Tree Trim,2021-04-23 05:27 PM,Tree Trim Inspection,TREEMAINTENANCE,"UF - POLOVTSEV, SERA",9725  WARWANA ,"3, ZONE",450T,5059c,CLOSED
178526,Tree Trim,2021-04-23 06:55 PM,Tree Trim Inspection,TREEMAINTENANCE,"BLANCHETTE, PETER",7530  EDNA ,"6, ZONE",535N,5554d,CLOSED
178527,Tree Planting,2021-04-24 08:15 AM,Tree Planting Inspection,TREEPROTECTION,"UF - BURKES, JEREMY",2800  POLK,"5, ZONE",493V,5456a,CLOSED
178528,Tree Code Violation,2021-04-24 08:42 AM,Tree Code Violation Inspection,TREEPROTECTION,"UF - POLOVTSEV, SERA", 0 ALLEN PKWY&500 GILLETTE ST,"2, ZONE",493K,5357b,CLOSED
178529,Tree Trim,2021-04-24 10:14 AM,Tree Trim Inspection,TREEMAINTENANCE,"UF - POLOVTSEV, SERA",3409  HONSINGER ,"2, ZONE",493E,5358c,CLOSED
178530,Tree Removal,2021-04-24 10:15 AM,Tree Removal Inspection,TREEMAINTENANCE,"UF - POLOVTSEV, SERA",1820 D  SOUTHMORE ,"7, ZONE",533B,5356d,CLOSED
178531,Tree Trim,2021-04-24 10:16 AM,Tree Trim Inspection,TREEMAINTENANCE,"UF - BURKES, JEREMY",11200  GESSNER ,"7, ZONE",570B,5053c,CLOSED
178532,Tree Planting,2021-04-24 10:22 AM,Tree Planting Inspection,TREEPROTECTION,"UF - BURKES, JEREMY",2800  POLK ,"5, ZONE",493V,5456a,CLOSED
178533,Tree Stump Grinding,2021-04-24 10:23 AM,Tree Stump Inspection,TREEMAINTENANCE,"UF - BURKES, JEREMY",2433  POLK ,"5, ZONE",493V,5457c,CLOSED
178534,Tree Trim,2021-04-24 03:17 PM,Tree Trim Inspection,TREEMAINTENANCE,"BLANCHETTE, PETER",8711  OTHELLO ,"5, ZONE",495L,5657a,CLOSED
178535,Tree Trim,2021-04-24 03:44 PM,Tree Trim Inspection,TREEMAINTENANCE,"UF - JONES, CODY",9517  WILLOW ,"3, ZONE",412P,5262a,CLOSED
178536,Tree Trim,2021-04-24 10:34 PM,Tree Trim Inspection,TREEMAINTENANCE,"UF - POLOVTSEV, SERA",6620  FULTON ,"4, ZONE",453Q,5360d,CLOSED
178537,Tree Removal,2021-04-25 08:35 AM,Tree Removal Inspection,TREEMAINTENANCE,"UF - POLOVTSEV, SERA",4950 MEMORIAL DR,"2, ZONE",492L,77007,CLOSED
178540,Tree Trim,2021-04-25 01:41 PM,Tree Trim Inspection,TREEMAINTENANCE,"BLANCHETTE, PETER",9419  BROODING OAK ,"7, ZONE",530V,5053b,CLOSED
178541,Tree Trim,2021-04-26 07:43 AM,Tree Trim Inspection,TREEMAINTENANCE,"UF - JONES, CODY", 200 GOLDENROD ST&3100 HYACINTH ST,"4, ZONE",493C,5458a,CLOSED
178542,Tree Trim,2021-04-26 08:43 AM,Tree Trim Inspection,TREEMAINTENANCE,"BLANCHETTE, PETER",6834  CHERRYDALE ,"6, ZONE",534V,5554d,CLOSED
178543,Tree Trim,2021-04-26 09:10 AM,Tree Trim Inspection,TREEMAINTENANCE,"UF - POLOVTSEV, SERA",10603  CARLOTA ,"7, ZONE",531W,5153c,CLOSED
178544,Tree Trim,2021-04-26 10:34 AM,Tree Trim Inspection,TREEMAINTENANCE,"UF - JONES, CODY", 4604 KINGS CROSSING DR&4600 KINGWOOD DR,"4, ZONE",337B,5870c,CLOSED
178545,Tree Removal,2021-04-26 10:52 AM,Tree Removal Inspection,TREEMAINTENANCE,"EJIM, ONYEKACHI",624 HIGHLAND ST,"3, ZONE",493B,77009,CLOSED
178546,Tree Trim,2021-04-26 11:08 AM,Tree Trim Inspection,TREEMAINTENANCE,"UF - POLOVTSEV, SERA",812  SABINE ,"2, ZONE",493K,5357b,CLOSED
178550,Tree Trim,2021-04-26 12:22 PM,Tree Trim Inspection,TREEMAINTENANCE,"UF - JONES, CODY",10434  HOLLYGLEN ,"4, ZONE",414Z,5562d,CLOSED
178552,Tree Trim,2021-04-26 12:40 PM,Tree Trim Inspection,TREEMAINTENANCE,"UF - POLOVTSEV, SERA",7959  CANDLEGREEN ,"7, ZONE",570G,5052a,CLOSED
178553,Tree Trim,2021-04-26 12:52 PM,Tree Trim Inspection,TREEMAINTENANCE,"UF - POLOVTSEV, SERA",2408  SWIFT ,"7, ZONE",532G,5255b,CLOSED
178555,Tree Trim,2021-04-26 01:16 PM,Tree Trim Inspection,TREEMAINTENANCE,"UF - POLOVTSEV, SERA",11514  BURDINE ,"7, ZONE",571B,5153c,CLOSED
178561,Tree Trim,2021-04-26 02:02 PM,Tree Trim Inspection,TREEMAINTENANCE,"UF - JONES, CODY",3603  MCKINLEY ,"3, ZONE",411V,5162d,CLOSED
178564,Tree Removal,2021-04-26 02:29 PM,Tree Removal Inspection,TREEMAINTENANCE,"UF - POLOVTSEV, SERA",1748  KIPLING ,"2, ZONE",492V,5356a,CLOSED
178565,Tree Trim,2021-04-26 02:53 PM,Tree Trim Inspection,TREEMAINTENANCE,"UF - JONES, CODY",7210  WILEYVALE ,"4, ZONE",454L,5560c,CLOSED
178566,Tree Trim,2021-04-26 03:35 PM,Tree Trim Inspection,TREEMAINTENANCE,"BLANCHETTE, PETER", 2918 HUTCHINS ST.,"6, ZONE",493U,5456a,CLOSED
178567,Tree Trim,2021-04-26 06:40 PM,Tree Trim Inspection,TREEMAINTENANCE,"UF - POLOVTSEV, SERA",6623  LAUGHLIN ,"7, ZONE",571W,5150a,CLOSED
178568,Tree Trim,2021-04-26 06:43 PM,Tree Trim Inspection,TREEMAINTENANCE,"BLANCHETTE, PETER",1500  ELLIOTT ,"5, ZONE",494X,5556c,CLOSED
178569,Tree Trim,2021-04-26 09:57 PM,Tree Trim Inspection,TREEMAINTENANCE,"BLANCHETTE, PETER",8000  COASTWAY ,"6, ZONE",575X,5651c,CLOSED
178570,Tree Trim,2021-04-26 10:01 PM,Tree Trim Inspection,TREEMAINTENANCE,"UF - POLOVTSEV, SERA",551  MCKINNEY ,"1, ZONE",493L,5457a,CLOSED
178571,Tree Trim,2021-04-26 10:33 PM,Tree Trim Inspection,TREEMAINTENANCE,"UF - POLOVTSEV, SERA",6201  RANCHESTER ,"2, ZONE",530E,4955d,CLOSED
178572,Tree Trim,2021-04-26 10:45 PM,Tree Trim Inspection,TREEMAINTENANCE,"UF - POLOVTSEV, SERA",5553  HERMANN PARK ,"7, ZONE",533A,5355b,CLOSED
178573,Tree Trim,2021-04-26 11:20 PM,Tree Trim Inspection,TREEMAINTENANCE,"BLANCHETTE, PETER",5966  WILLOW GLEN ,"6, ZONE",534X,5553a,CLOSED
178575,Tree Removal,2021-04-27 10:15 AM,Tree Removal Inspection,TREEMAINTENANCE,"BLANCHETTE, PETER",11010 SEGREST DR,"6, ZONE",573G,77047,CLOSED
178576,Tree Removal,2021-04-27 10:36 AM,Tree Removal Inspection,TREEMAINTENANCE,"UF - JONES, CODY",1120 E 16TH ,"3, ZONE",453W,5359d,CLOSED
178577,Tree Removal,2021-04-27 11:15 AM,Tree Removal Inspection,TREEMAINTENANCE,"UF - POLOVTSEV, SERA",5822  DUMFRIES ,"7, ZONE",531S,5153a,CLOSED
178578,Tree Trim,2021-04-27 12:30 PM,Tree Trim Inspection,TREEMAINTENANCE,"UF - JONES, CODY",520  THRELKELD ,"3, ZONE",493A,5358d,CLOSED
178579,Tree Removal,2021-04-27 12:40 PM,Tree Removal Inspection,TREEMAINTENANCE,"UF - JONES, CODY",2509  GARWOOD ,"3, ZONE",412W,5161b,CLOSED
178583,Tree Removal,2021-04-27 12:47 PM,Tree Removal Inspection,TREEMAINTENANCE,"BLANCHETTE, PETER",4705  TEXAS ,"5, ZONE",494T,5456b,CLOSED
178592,Tree Removal,2021-04-27 01:19 PM,Tree Removal Inspection,TREEMAINTENANCE,"UF - POLOVTSEV, SERA",5935  HIGH STAR ,"7, ZONE",531E,5155c,CLOSED
178595,Tree Removal,2021-04-27 01:31 PM,Tree Removal Inspection,TREEMAINTENANCE,"BLANCHETTE, PETER",631  SHAWNEE ,"5, ZONE",576F,5752b,CLOSED
178597,Tree Trim,2021-04-27 01:57 PM,Tree Trim Inspection,TREEMAINTENANCE,"UF - JONES, CODY",8100  KENTON ,"4, ZONE",455P,5660c,CLOSED
178604,Tree Trim,2021-04-27 02:26 PM,Tree Trim Inspection,TREEMAINTENANCE,"UF - JONES, CODY",6110  GOLD ,"4, ZONE",453R,5459a,CLOSED
178605,Tree Removal,2021-04-27 02:27 PM,Tree Removal Inspection,TREEMAINTENANCE,"UF - JONES, CODY",318 E 18TH ,"3, ZONE",453S,5359c,CLOSED
178607,Tree Trim,2021-04-27 02:32 PM,Tree Trim Inspection,TREEMAINTENANCE,"BLANCHETTE, PETER",8145  CONCORD ,"5, ZONE",535K,5655c,CLOSED
178609,Tree Trim,2021-04-27 02:38 PM,Tree Trim Inspection,TREEMAINTENANCE,"UF - POLOVTSEV, SERA",11830  HIGH STAR ,"2, ZONE",529E,4855d,CLOSED
178610,Tree Removal,2021-04-27 04:33 PM,Tree Removal Inspection,TREEMAINTENANCE,"UF - POLOVTSEV, SERA",5703  VALKEITH ,"7, ZONE",531S,5153a,CLOSED
178611,Tree Trim,2021-04-27 04:44 PM,Tree Trim Inspection,TREEMAINTENANCE,"UF - JONES, CODY",4505  HAYWOOD ,"4, ZONE",414Y,5461b,CLOSED
178612,Tree Trim,2021-04-27 04:47 PM,Tree Trim Inspection,TREEMAINTENANCE,"UF - JONES, CODY",220 E 34TH ,"3, ZONE",453N,5359a,CLOSED
178613,Tree Removal,2021-04-27 05:04 PM,Tree Removal Inspection,TREEMAINTENANCE,"UF - POLOVTSEV, SERA",3712 S SHEPHERD ,"2, ZONE",492Y,5356c,CLOSED
178614,Tree Code Violation,2021-04-27 05:06 PM,Tree Code Violation Inspection,TREEPROTECTION,"UF - BURKES, JEREMY",3712 S SHEPHERD ,"2, ZONE",492Y,5356c,CLOSED
178615,Tree Trim,2021-04-27 07:38 PM,Tree Trim Inspection,TREEMAINTENANCE,"UF - JONES, CODY",3815  LEMON TREE ,"3, ZONE",411V,5162d,CLOSED
178616,Tree Removal,2021-04-27 07:40 PM,Tree Removal Inspection,TREEMAINTENANCE,"UF - JONES, CODY",10247  FIELD STONE ,"3, ZONE",450E,4960b,CLOSED
178617,Tree Trim,2021-04-27 08:13 PM,Tree Trim Inspection,TREEMAINTENANCE,"UF - JONES, CODY",11934  PASEO ARBOLES ,"4, ZONE",413T,5362d,CLOSED
178618,Tree Planting,2021-04-27 11:04 PM,Tree Planting Inspection,TREEPROTECTION,"UF - POLOVTSEV, SERA", 3500 ELDRIDGE PKWY&13500 WESTPARK DR,"2, ZONE",528B,4755b,CLOSED
178619,Tree Removal,2021-04-28 07:17 AM,Tree Removal Inspection,TREEMAINTENANCE,"UF - JONES, CODY",4301  TOPPING ,"4, ZONE",454C,5561a,CLOSED
178620,Tree Trim,2021-04-28 07:55 AM,Tree Trim Inspection,TREEMAINTENANCE,"BLANCHETTE, PETER",5019 WALKER ST,"5, ZONE",494T,5556a,CLOSED
178621,Tree Trim,2021-04-28 08:14 AM,Tree Trim Inspection,TREEMAINTENANCE,"UF - POLOVTSEV, SERA",6730  SYLMAR ,"7, ZONE",530M,5054b,CLOSED
178622,Tree Trim,2021-04-28 08:44 AM,Tree Trim Inspection,TREEMAINTENANCE,"UF - JONES, CODY", 6700 HOUSMAN ST&1650 SILBER RD,"3, ZONE",451Y,5159d,CLOSED
178623,Tree Trim,2021-04-28 08:55 AM,Tree Trim Inspection,TREEMAINTENANCE,"UF - JONES, CODY",3610  VILLA GLEN ,"3, ZONE",411R,5162b,CLOSED
178624,Tree Trim,2021-04-28 09:27 AM,Tree Trim Inspection,TREEMAINTENANCE,"UF - JONES, CODY", 5200 LOCKWOOD DR&5400 MINDEN ST,"4, ZONE",454U,5559a,CLOSED
178625,Tree Trim,2021-04-28 09:48 AM,Tree Trim Inspection,TREEMAINTENANCE,"UF - POLOVTSEV, SERA",1702  BREMOND ,"2, ZONE",493U,5456a,CLOSED
178626,Tree Removal,2021-04-28 10:09 AM,Tree Removal Inspection,TREEMAINTENANCE,"UF - POLOVTSEV, SERA", 5100 STILLBROOKE DR&10900 TORCHLIGHT DR,"7, ZONE",531Y,5153d,CLOSED
178628,Tree Trim,2021-04-28 10:58 AM,Tree Trim Inspection,TREEMAINTENANCE,"BLANCHETTE, PETER", 5200 ENYART ST&6140 MARTIN LUTHER KING BLVD,"6, ZONE",534N,5454b,CLOSED
178629,Tree Trim,2021-04-28 11:34 AM,Tree Trim Inspection,TREEMAINTENANCE,"UF - POLOVTSEV, SERA",10722  MULLINS ,"7, ZONE",531W,5153c,CLOSED
178631,Tree Removal,2021-04-28 12:57 PM,Tree Removal Inspection,TREEMAINTENANCE,"UF - JONES, CODY",5114  PIEDMONT ,"4, ZONE",414Y,5561a,CLOSED
178633,Tree Trim,2021-04-28 01:42 PM,Tree Trim Inspection,TREEMAINTENANCE,"UF - POLOVTSEV, SERA",12541  CARLSBAD ,"7, ZONE",570R,5051b,CLOSED
178635,Tree Trim,2021-04-28 02:05 PM,Tree Trim Inspection,TREEMAINTENANCE,"BLANCHETTE, PETER",4930  BATAAN ,"6, ZONE",534N,5454d,CLOSED
178636,Tree Removal,2021-04-28 02:46 PM,Tree Removal Inspection,TREEMAINTENANCE,"BLANCHETTE, PETER",15826  PARKSLEY ,"5, ZONE",578Y,6051c,CLOSED
178638,Tree Removal,2021-04-28 02:52 PM,Tree Removal Inspection,TREEMAINTENANCE,"UF - POLOVTSEV, SERA",5607  TIDEWATER ,"7, ZONE",571L,5152d,CLOSED
178639,Tree Code Violation,2021-04-28 03:09 PM,Tree Code Violation Inspection,TREEPROTECTION,"UF - JONES, CODY",9757  PINE LAKE ,"3, ZONE",450X,5058a,CLOSED
178640,Tree Trim,2021-04-28 03:24 PM,Tree Trim Inspection,TREEMAINTENANCE,"UF - JONES, CODY",4321  DE MILO ,"3, ZONE",451H,5160b,CLOSED
178641,Tree Trim,2021-04-28 03:47 PM,Tree Trim Inspection,TREEMAINTENANCE,"UF - JONES, CODY",1031  STUDE ,"3, ZONE",493F,5358d,CLOSED
178642,Tree Trim,2021-04-28 04:05 PM,Tree Trim Inspection,TREEMAINTENANCE,"UF - POLOVTSEV, SERA",5611  TIDEWATER ,"7, ZONE",571L,5152d,CLOSED
178643,Tree Trim,2021-04-28 04:14 PM,Tree Trim Inspection,TREEMAINTENANCE,"UF - JONES, CODY",13035  ROSE LANDING ,"3, ZONE",369M,4965a,CLOSED
178644,Tree Trim,2021-04-28 04:38 PM,Tree Trim Inspection,TREEMAINTENANCE,"UF - POLOVTSEV, SERA",8888  BENNING ,"7, ZONE",530X,5053c,CLOSED
178645,Tree Trim,2021-04-28 04:40 PM,Tree Trim Inspection,TREEMAINTENANCE,"UF - JONES, CODY", 300 W 27TH ST&2700 RUTLAND ST,"3, ZONE",452V,5359a,CLOSED
178646,Tree Trim,2021-04-28 05:15 PM,Tree Trim Inspection,TREEMAINTENANCE,"UF - JONES, CODY",14803  ESTRELLITA ,"4, ZONE",413A,5364c,CLOSED
178647,Tree Trim,2021-04-28 06:26 PM,Tree Trim Inspection,TREEMAINTENANCE,"BLANCHETTE, PETER",7607  AVENUE K ,"5, ZONE",495S,5656a,CLOSED
178648,Tree Removal,2021-04-28 08:13 PM,Tree Removal Inspection,TREEMAINTENANCE,"UF - JONES, CODY",9551 N WAYSIDE ,"4, ZONE",455B,5561b,CLOSED
178650,Tree Removal,2021-04-29 08:38 AM,Tree Removal Inspection,TREEMAINTENANCE,"UF - POLOVTSEV, SERA",11326  BARRETT BRAE ,"2, ZONE",529P,4954c,CLOSED
178651,Tree Trim,2021-04-29 08:41 AM,Tree Trim Inspection,TREEMAINTENANCE,"BLANCHETTE, PETER", 3900 MCKINNEY ST& 900 ST JOSEPH ST,"5, ZONE",494S,5456b,CLOSED
178652,Tree Trim,2021-04-29 08:59 AM,Tree Trim Inspection,TREEMAINTENANCE,"UF - JONES, CODY",8706  BERTWOOD ,"4, ZONE",454H,5561c,CLOSED
178653,Tree Trim,2021-04-29 09:14 AM,Tree Trim Inspection,TREEMAINTENANCE,"UF - POLOVTSEV, SERA", 1900 COMMERCE ST&100 HAMILTON ST&2 N HAMILTON ST,"1, ZONE",493M,5457a,CLOSED
178654,Tree Removal,2021-04-29 09:44 AM,Tree Removal Inspection,TREEMAINTENANCE,"UF - POLOVTSEV, SERA",804  PATTERSON ,"2, ZONE",492H,5357a,CLOSED
178655,Tree Trim,2021-04-29 11:38 AM,Tree Trim Inspection,TREEMAINTENANCE,"BLANCHETTE, PETER", 6600 HERON DR&6780 NORTHDALE ST,"6, ZONE",534Y,5553c,CLOSED
178656,Tree Trim,2021-04-29 11:59 AM,Tree Trim Inspection,TREEMAINTENANCE,"UF - JONES, CODY",6031  ROBERTA ,"4, ZONE",375N,5565b,CLOSED
178657,Tree Removal,2021-04-29 12:19 PM,Tree Removal Inspection,TREEMAINTENANCE,"UF - POLOVTSEV, SERA",512  ALLEN ,"1, ZONE",493L,5357b,CLOSED
178658,Tree Trim,2021-04-29 12:22 PM,Tree Trim Inspection,TREEMAINTENANCE,"BLANCHETTE, PETER",4402  BALKIN ,"6, ZONE",533M,5454a,CLOSED
178660,Tree Removal,2021-04-29 01:57 PM,Tree Removal Inspection,TREEMAINTENANCE,"UF - POLOVTSEV, SERA",802  FOWLER ,"2, ZONE",492H,5357a,CLOSED
178661,Tree Stump Grinding,2021-04-29 02:25 PM,Tree Stump Inspection,TREEMAINTENANCE,"UF - POLOVTSEV, SERA",1826  RICHMOND ,"2, ZONE",492Z,5356c,CLOSED
178662,Tree Trim,2021-04-29 03:19 PM,Tree Trim Inspection,TREEMAINTENANCE,"UF - POLOVTSEV, SERA",11115  CEDARHURST ,"7, ZONE",531X,5153d,CLOSED
178663,Tree Trim,2021-04-29 03:39 PM,Tree Trim Inspection,TREEMAINTENANCE,"UF - POLOVTSEV, SERA", 6200 MONTCLAIR DR&2200 WATTS ST,"7, ZONE",532G,5355c,CLOSED
178664,Tree Trim,2021-04-29 03:56 PM,Tree Trim Inspection,TREEMAINTENANCE,"UF - JONES, CODY",4030  WYLIE ,"4, ZONE",494B,5458b,CLOSED
178665,Tree Removal,2021-04-29 03:57 PM,Tree Removal Inspection,TREEMAINTENANCE,"BLANCHETTE, PETER",923  ROPER ,"5, ZONE",576E,5753c,CLOSED
178666,Tree Trim,2021-04-29 04:39 PM,Tree Trim Inspection,TREEMAINTENANCE,"UF - POLOVTSEV, SERA", 2934 ASHFORD PARK DR&3100 MEADWAY DR,"2, ZONE",488Y,4856c,CLOSED
178667,Tree Trim,2021-04-29 06:42 PM,Tree Trim Inspection,TREEMAINTENANCE,"UF - POLOVTSEV, SERA",3414  RIPPLEBROOK ,"7, ZONE",572K,5251b,CLOSED
178668,Tree Trim,2021-04-29 07:41 PM,Tree Trim Inspection,TREEMAINTENANCE,"UF - POLOVTSEV, SERA",5222  MCKNIGHT ,"7, ZONE",571B,5153c,CLOSED
178669,Tree Trim,2021-04-29 08:47 PM,Tree Trim Inspection,TREEMAINTENANCE,"UF - JONES, CODY", 1100 BUSINESS CENTER DR&10850 WESTVIEW DR,"3, ZONE",449Y,4958a,CLOSED
178670,Tree Removal,2021-04-29 09:32 PM,Tree Removal Inspection,TREEMAINTENANCE,"BLANCHETTE, PETER",17  STILES ,"5, ZONE",494T,5557c,CLOSED
178671,Tree Removal,2021-04-30 01:49 AM,Tree Removal Inspection,TREEMAINTENANCE,"UF - POLOVTSEV, SERA",507  WELCH ,"2, ZONE",493N,5357d,CLOSED
178672,Tree Removal,2021-04-30 01:50 AM,Tree Removal Inspection,TREEMAINTENANCE,"UF - POLOVTSEV, SERA",507  WELCH ,"2, ZONE",493N,5357d,CLOSED
178673,Tree Removal,2021-04-30 06:45 AM,Tree Removal Inspection,TREEMAINTENANCE,"UF - POLOVTSEV, SERA",5434  BEECHNUT ,"7, ZONE",531P,5154c,CLOSED
178675,Tree Trim,2021-04-30 08:09 AM,Tree Trim Inspection,TREEMAINTENANCE,"UF - JONES, CODY",1200 HAMBLEN RD & 5100 GANO,"4, ZONE",336K,5669d,CLOSED
178678,Tree Removal,2021-04-30 08:33 AM,Tree Removal Inspection,TREEMAINTENANCE,"UF - JONES, CODY",1514  EVERETT ,"4, ZONE",493H,5458c,CLOSED
178679,Tree Trim,2021-04-30 08:50 AM,Tree Trim Inspection,TREEMAINTENANCE,"UF - JONES, CODY",9519  MOORBERRY ,"3, ZONE",450P,4959b,CLOSED
178680,Tree Removal,2021-04-30 08:56 AM,Tree Removal Inspection,TREEMAINTENANCE,"BLANCHETTE, PETER",7450  BRACE ,"6, ZONE",535W,5553b,CLOSED
178681,Tree Trim,2021-04-30 09:18 AM,Tree Trim Inspection,TREEMAINTENANCE,"BLANCHETTE, PETER",3100  CANAL ,"5, ZONE",494N,5457d,CLOSED
178682,Tree Trim,2021-04-30 09:33 AM,Tree Trim Inspection,TREEMAINTENANCE,"UF - POLOVTSEV, SERA",7334  TOURS ,"2, ZONE",530K,5054a,CLOSED
178684,Tree Removal,2021-04-30 10:27 AM,Tree Removal Inspection,TREEMAINTENANCE,"UF - JONES, CODY", 1500 LINE ST&2504 TERRY ST,"4, ZONE",493D,5458a,CLOSED
178685,Tree Removal,2021-04-30 10:39 AM,Tree Removal Inspection,TREEMAINTENANCE,"BLANCHETTE, PETER",8053  LENORE ,"5, ZONE",535U,5654d,CLOSED
178687,Tree Trim,2021-04-30 11:53 AM,Tree Trim Inspection,TREEMAINTENANCE,"UF - JONES, CODY",4106  TROUT ,"4, ZONE",454B,5461b,CLOSED
178689,Tree Trim,2021-04-30 12:43 PM,Tree Trim Inspection,TREEMAINTENANCE,"BLANCHETTE, PETER",5405  DIEPPE ,"6, ZONE",534S,5454d,CLOSED
178690,Tree Trim,2021-04-30 02:10 PM,Tree Trim Inspection,TREEMAINTENANCE,"UF - JONES, CODY",5615  LONG CREEK ,"3, ZONE",411U,5162c,CLOSED
178692,Tree Trim,2021-04-30 03:28 PM,Tree Trim Inspection,TREEMAINTENANCE,"UF - JONES, CODY",2315  KABEE ,"4, ZONE",494B,5458b,CLOSED
178693,Tree Removal,2021-04-30 04:22 PM,Tree Removal Inspection,TREEMAINTENANCE,"UF - POLOVTSEV, SERA",7600 W AIRPORT ,"7, ZONE",570G,5052b,CLOSED
178694,Tree Removal,2021-04-30 04:23 PM,Tree Removal Inspection,TREEMAINTENANCE,"UF - POLOVTSEV, SERA",12303  SPLIT RAIL ,"7, ZONE",570G,5052b,CLOSED
178695,Tree Trim,2021-04-30 05:40 PM,Tree Trim Inspection,TREEMAINTENANCE,"UF - JONES, CODY", 10600 CLAY RD&4300 DURBAN DR,"3, ZONE",449H,4960c,CLOSED
178696,Tree Trim,2021-04-30 06:44 PM,Tree Trim Inspection,TREEMAINTENANCE,"UF - JONES, CODY",4122  KING ,"4, ZONE",454P,5460d,CLOSED
178697,Tree Trim,2021-04-30 07:58 PM,Tree Trim Inspection,TREEMAINTENANCE,"UF - POLOVTSEV, SERA", 7630 W AIRPORT BLVD&12200 SPLIT RAIL LN,"7, ZONE",570G,5052b,CLOSED
178698,Tree Removal,2021-05-01 10:03 AM,Tree Removal Inspection,TREEMAINTENANCE,"UF - JONES, CODY",9510  EVERGLADE ,"4, ZONE",416W,5661b,CLOSED
178699,Tree Trim,2021-05-01 11:44 AM,Tree Trim Inspection,TREEMAINTENANCE,"UF - JONES, CODY",10904  NORMEADOW ,"4, ZONE",413Y,5361b,CLOSED
178700,Tree Trim,2021-05-01 12:12 PM,Tree Trim Inspection,TREEMAINTENANCE,"UF - POLOVTSEV, SERA",8610  OAKFORD ,"2, ZONE",491H,5158d,CLOSED
178701,Tree Removal,2021-05-01 01:36 PM,Tree Removal Inspection,TREEMAINTENANCE,"BLANCHETTE, PETER",7542  MOLINE ,"6, ZONE",535N,5554d,CLOSED
178702,Tree Trim,2021-05-01 02:57 PM,Tree Trim Inspection,TREEMAINTENANCE,"UF - POLOVTSEV, SERA",2202  SHAKESPEARE ,"7, ZONE",532C,5355a,CLOSED
178703,Tree Removal,2021-05-01 03:02 PM,Tree Removal Inspection,TREEMAINTENANCE,"UF - POLOVTSEV, SERA",901  RICHMOND ,"2, ZONE",493W,5356d,CLOSED
178704,Tree Trim,2021-05-01 09:34 PM,Tree Trim Inspection,TREEMAINTENANCE,"UF - JONES, CODY", 8500 W MONTGOMERY RD&1700 S VICTORY DR,"3, ZONE",412T,5262c,CLOSED
178705,Tree Trim,2021-05-01 10:31 PM,Tree Trim Inspection,TREEMAINTENANCE,"UF - POLOVTSEV, SERA", 3700 W ALABAMA ST&3000 TIMMONS LN,"2, ZONE",492S,5256a,CLOSED
178706,Tree Removal,2021-05-02 08:14 AM,Tree Removal Inspection,TREEMAINTENANCE,"UF - JONES, CODY", 6800 GREENHURST ST&2022 W LITTLE YORK RD,"3, ZONE",412W,5261a,CLOSED
178707,Tree Trim,2021-05-02 01:25 PM,Tree Trim Inspection,TREEMAINTENANCE,"UF - JONES, CODY",406  SHOTWELL ,"4, ZONE",494C,5558a,CLOSED
178708,Tree Trim,2021-05-02 02:14 PM,Tree Trim Inspection,TREEMAINTENANCE,"UF - JONES, CODY",8049  LONGRIDGE ,"3, ZONE",451S,5059b,CLOSED
178709,Tree Trim,2021-05-02 04:49 PM,Tree Trim Inspection,TREEMAINTENANCE,"UF - POLOVTSEV, SERA", 5424 N BRAESWOOD BLVD&9200 BURDINE ST,"7, ZONE",531T,5153a,CLOSED
178710,Tree Removal,2021-05-02 05:48 PM,Tree Removal Inspection,TREEMAINTENANCE,"UF - JONES, CODY",401  HEIGHTS ,"3, ZONE",493E,5358c,CLOSED
178711,Tree Removal,2021-05-02 07:14 PM,Tree Removal Inspection,TREEMAINTENANCE,"UF - POLOVTSEV, SERA", 600 PARK TRL&3500 WILLIA ST,"2, ZONE",493J,5357a,CLOSED
178712,Tree Removal,2021-05-03 07:49 AM,Tree Removal Inspection,TREEMAINTENANCE,"UF - JONES, CODY",10209  BRETTON ,"4, ZONE",414Z,5561a,CLOSED
178714,Tree Removal,2021-05-03 08:56 AM,Tree Removal Inspection,TREEMAINTENANCE,"UF - JONES, CODY", 15120 CHIPMAN LN&100 GLAZEBROOK DR,"4, ZONE",412D,5364c,CLOSED
178715,Tree Removal,2021-05-03 09:05 AM,Tree Removal Inspection,TREEMAINTENANCE,"UF - POLOVTSEV, SERA",4003  FEAGAN ,"2, ZONE",492M,5357a,CLOSED
178716,Tree Removal,2021-05-03 09:28 AM,Tree Removal Inspection,TREEMAINTENANCE,"UF - JONES, CODY",1524  COLUMBIA ,"3, ZONE",453W,5359c,CLOSED
178717,Tree Trim,2021-05-03 09:41 AM,Tree Trim Inspection,TREEMAINTENANCE,"UF - POLOVTSEV, SERA", 7024 STAFFORDSHIRE BLVD&1900 WYNDALE ST,"7, ZONE",533J,5355c,CLOSED
178718,Tree Trim,2021-05-03 09:51 AM,Tree Trim Inspection,TREEMAINTENANCE,"BLANCHETTE, PETER",8139  SWISS ,"6, ZONE",575P,5652c,CLOSED
178719,Tree Trim,2021-05-03 09:54 AM,Tree Trim Inspection,TREEMAINTENANCE,"UF - JONES, CODY",740  NEYLAND ,"3, ZONE",453J,5360c,CLOSED
178720,Tree Trim,2021-05-03 10:14 AM,Tree Trim Inspection,TREEMAINTENANCE,"BLANCHETTE, PETER",3201  TAMPA ,"6, ZONE",533F,5355d,CLOSED
178721,Tree Trim,2021-05-03 11:03 AM,Tree Trim Inspection,TREEMAINTENANCE,"UF - POLOVTSEV, SERA",1001  WESTHEIMER ,"2, ZONE",493S,5356a,CLOSED
178722,Tree Removal,2021-05-03 11:04 AM,Tree Removal Inspection,TREEMAINTENANCE,"UF - POLOVTSEV, SERA",5502  BIRDWOOD ,"7, ZONE",531N,5154c,CLOSED
178723,Tree Trim,2021-05-03 11:30 AM,Tree Trim Inspection,TREEMAINTENANCE,"BLANCHETTE, PETER",15702  CRAIGHURST ,"5, ZONE",618G,6050a,CLOSED
178724,Tree Removal,2021-05-03 11:51 AM,Tree Removal Inspection,TREEMAINTENANCE,"UF - JONES, CODY",159  GLAZEBROOK ,"4, ZONE",412D,5364c,CLOSED
178725,Tree Trim,2021-05-03 12:03 PM,Tree Trim Inspection,TREEMAINTENANCE,"UF - POLOVTSEV, SERA",9965  BUFFALO ,"7, ZONE",532T,5253b,CLOSED
178726,Tree Removal,2021-05-03 12:17 PM,Tree Removal Inspection,TREEMAINTENANCE,"UF - JONES, CODY",52  MEADOW LEA ,"4, ZONE",453F,5360b,CLOSED
178727,Tree Removal,2021-05-03 12:45 PM,Tree Removal Inspection,TREEMAINTENANCE,"BLANCHETTE, PETER",2507  WICHITA ,"6, ZONE",533B,5355b,CLOSED
178728,Tree Trim,2021-05-03 12:47 PM,Tree Trim Inspection,TREEMAINTENANCE,"UF - POLOVTSEV, SERA",2216  ALBANS ,"7, ZONE",532C,5356c,CLOSED
178730,Tree Removal,2021-05-03 12:51 PM,Tree Removal Inspection,TREEMAINTENANCE,"UF - POLOVTSEV, SERA",1300  SEAGLER (FRANCKLOW PARK),"2, ZONE",489R,4956b,CLOSED
178731,Tree Removal,2021-05-03 03:01 PM,Tree Removal Inspection,TREEMAINTENANCE,"UF - POLOVTSEV, SERA",2243  SOUTHGATE ,"7, ZONE",532G,5355c,CLOSED
178732,Tree Trim,2021-05-03 03:03 PM,Tree Trim Inspection,TREEMAINTENANCE,"UF - POLOVTSEV, SERA",2018  SOUTHGATE ,"7, ZONE",532H,5355c,CLOSED
178733,Tree Trim,2021-05-03 03:03 PM,Tree Trim Inspection,TREEMAINTENANCE,"UF - POLOVTSEV, SERA",7603  SECRETARIAT ,"7, ZONE",570G,5052d,CLOSED
178734,Tree Planting,2021-05-03 03:06 PM,Tree Planting Inspection,TREEPROTECTION,"UF - POLOVTSEV, SERA",2111  BANKS ,"7, ZONE",492Z,5356c,CLOSED
178737,Tree Planting,2021-05-03 09:02 PM,Tree Planting Inspection,TREEPROTECTION,"UF - POLOVTSEV, SERA",1300  DART ,"2, ZONE",493G,5357b,CLOSED
178738,Tree Removal,2021-05-03 09:03 PM,Tree Removal Inspection,TREEMAINTENANCE,"UF - POLOVTSEV, SERA",12718  GOLDEN BROOK ,"7, ZONE",571F,5152c,CLOSED
178739,Tree Removal,2021-05-04 06:33 AM,Tree Removal Inspection,TREEMAINTENANCE,"UF - JONES, CODY",18203  GROSCHKE ,"3, ZONE",447P,4659c,CLOSED
178740,Tree Trim,2021-05-04 07:42 AM,Tree Trim Inspection,TREEMAINTENANCE,"BLANCHETTE, PETER",8711  OTHELLO ,"5, ZONE",495L,5657a,CLOSED
178741,Tree Trim,2021-05-04 08:27 AM,Tree Trim Inspection,TREEMAINTENANCE,"UF - JONES, CODY",6700  GROVEWOOD ,"3, ZONE",452W,5258a,CLOSED
178742,Tree Removal,2021-05-04 08:45 AM,Tree Removal Inspection,TREEMAINTENANCE,"UF - POLOVTSEV, SERA",5111  CONTOUR ,"7, ZONE",531U,5153b,CLOSED
178743,Tree Trim,2021-05-04 09:01 AM,Tree Trim Inspection,TREEMAINTENANCE,"UF - JONES, CODY",912  GRACELAND ,"4, ZONE",453V,5459a,CLOSED
178744,Tree Trim,2021-05-04 09:39 AM,Tree Trim Inspection,TREEMAINTENANCE,"UF - JONES, CODY",13546  FOREST GULLY ,"3, ZONE",372K,5266c,CLOSED
178745,Tree Trim,2021-05-04 09:43 AM,Tree Trim Inspection,TREEMAINTENANCE,"UF - JONES, CODY",2819  BAY ,"4, ZONE",454W,5459d,CLOSED
178746,Tree Removal,2021-05-04 10:18 AM,Tree Removal Inspection,TREEMAINTENANCE,"UF - POLOVTSEV, SERA",5529  SCHUMACHER ,"2, ZONE",491X,5156c,CLOSED
178747,Tree Trim,2021-05-04 10:19 AM,Tree Trim Inspection,TREEMAINTENANCE,"UF - POLOVTSEV, SERA",3000  SAGE ,"2, ZONE",491U,5156d,CLOSED
178748,Tree Trim,2021-05-04 10:36 AM,Tree Trim Inspection,TREEMAINTENANCE,"UF - JONES, CODY",523  BAYLAND ,"3, ZONE",493B,5358b,CLOSED
178749,Tree Removal,2021-05-04 11:05 AM,Tree Removal Inspection,TREEMAINTENANCE,"UF - POLOVTSEV, SERA",3823  TARTAN ,"7, ZONE",532J,5254a,CLOSED
178750,Tree Trim,2021-05-04 11:32 AM,Tree Trim Inspection,TREEMAINTENANCE,"UF - POLOVTSEV, SERA",1369  CAMBRIDGE ,"7, ZONE",533A,5355a,CLOSED
178751,Tree Removal,2021-05-04 11:41 AM,Tree Removal Inspection,TREEMAINTENANCE,"UF - POLOVTSEV, SERA",1932  SOUTH ,"7, ZONE",492Z,5356c,CLOSED
178752,Tree Trim,2021-05-04 12:24 PM,Tree Trim Inspection,TREEMAINTENANCE,"UF - JONES, CODY",3347  COURTLAND MANOR ,"4, ZONE",297X,5870a,CLOSED
178753,Tree Trim,2021-05-04 12:55 PM,Tree Trim Inspection,TREEMAINTENANCE,"UF - JONES, CODY",1013  7TH 1/2 ,"3, ZONE",492D,5358a,CLOSED
178755,Tree Removal,2021-05-04 02:25 PM,Tree Removal Inspection,TREEMAINTENANCE,"UF - JONES, CODY",5102  KELLEY ,"4, ZONE",454Q,5559a,CLOSED
178756,Tree Removal,2021-05-04 02:45 PM,Tree Removal Inspection,TREEMAINTENANCE,"UF - POLOVTSEV, SERA",11810  CARVEL ,"2, ZONE",529J,4854b,CLOSED
178757,Tree Trim,2021-05-04 02:53 PM,Tree Trim Inspection,TREEMAINTENANCE,"UF - POLOVTSEV, SERA",4222  BURAS PASS ,"7, ZONE",572E,5252a,CLOSED
178758,Tree Trim,2021-05-04 03:18 PM,Tree Trim Inspection,TREEMAINTENANCE,"UF - JONES, CODY",3007  LARKNOLLS ,"3, ZONE",451R,5159b,CLOSED
178759,Tree Planting,2021-05-04 03:33 PM,Tree Planting Inspection,TREEPROTECTION,"UF - JONES, CODY",4027 LANARK LN,"7, ZONE",532E,77025,CLOSED
178760,Tree Trim,2021-05-04 03:36 PM,Tree Trim Inspection,TREEMAINTENANCE,"UF - POLOVTSEV, SERA",11614  CHESSWOOD ,"2, ZONE",529B,4855d,CLOSED
178762,Tree Removal,2021-05-04 03:59 PM,Tree Removal Inspection,TREEMAINTENANCE,"BLANCHETTE, PETER",10414  SAGETREE ,"6, ZONE",576Y,5751d,CLOSED
178763,Tree Removal,2021-05-04 04:01 PM,Tree Removal Inspection,TREEMAINTENANCE,"BLANCHETTE, PETER",10410  SAGETREE ,"6, ZONE",576Y,5751d,CLOSED
178764,Tree Stump Grinding,2021-05-04 04:23 PM,Tree Stump Inspection,TREEMAINTENANCE,"UF - POLOVTSEV, SERA",106  CONCERT ,"7, ZONE",533A,5355b,CLOSED
178765,Tree Trim,2021-05-04 04:24 PM,Tree Trim Inspection,TREEMAINTENANCE,"UF - JONES, CODY",3726  BOSTIC ,"4, ZONE",454F,5460b,CLOSED
178766,Tree Trim,2021-05-04 04:53 PM,Tree Trim Inspection,TREEMAINTENANCE,"UF - POLOVTSEV, SERA",12903  SIMSVIEW ,"7, ZONE",572F,5252b,CLOSED
178767,Tree Trim,2021-05-04 05:57 PM,Tree Trim Inspection,TREEMAINTENANCE,"UF - POLOVTSEV, SERA",8126  BRAESDALE ,"7, ZONE",530T,5053a,CLOSED
178768,Tree Removal,2021-05-04 06:26 PM,Tree Removal Inspection,TREEMAINTENANCE,"UF - JONES, CODY", 310 CONOLY ST&900 WALLING ST,"3, ZONE",453X,5359d,CLOSED
178769,Tree Removal,2021-05-04 08:07 PM,Tree Removal Inspection,TREEMAINTENANCE,"BLANCHETTE, PETER", 4800 BRADY ST&100 BURR ST,"5, ZONE",494T,5557c,CLOSED
178770,Tree Trim,2021-05-04 10:41 PM,Tree Trim Inspection,TREEMAINTENANCE,"UF - POLOVTSEV, SERA",2719  LA BRANCH ,"2, ZONE",493U,5356b,CLOSED
178773,Tree Trim,2021-05-05 06:51 AM,Tree Trim Inspection,TREEMAINTENANCE,"UF - JONES, CODY",407 E 25TH ,"3, ZONE",453S,5359a,CLOSED
178774,Tree Trim,2021-05-05 08:20 AM,Tree Trim Inspection,TREEMAINTENANCE,"BLANCHETTE, PETER",5106  GREN ,"6, ZONE",534N,5454b,CLOSED
178775,Tree Trim,2021-05-05 08:20 AM,Tree Trim Inspection,TREEMAINTENANCE,"UF - JONES, CODY",7231  RIDGE OAK ,"3, ZONE",411P,5162c,CLOSED
178776,Tree Removal,2021-05-05 09:09 AM,Tree Removal Inspection,TREEMAINTENANCE,"UF - POLOVTSEV, SERA",5111  CONTOUR ,"7, ZONE",531U,5153b,CLOSED
178777,Tree Removal,2021-05-05 09:43 AM,Tree Removal Inspection,TREEMAINTENANCE,"UF - JONES, CODY",616  BYRNE ,"3, ZONE",493B,5358b,CLOSED
178778,Tree Trim,2021-05-05 09:56 AM,Tree Trim Inspection,TREEMAINTENANCE,"BLANCHETTE, PETER",182  GLENDALE ,"5, ZONE",535A,5556d,CLOSED
178779,Tree Trim,2021-05-05 09:59 AM,Tree Trim Inspection,TREEMAINTENANCE,"UF - JONES, CODY",407 E 25TH ,"3, ZONE",453S,5359a,CLOSED
178780,Tree Trim,2021-05-05 10:18 AM,Tree Trim Inspection,TREEMAINTENANCE,"UF - POLOVTSEV, SERA", 10800 MEMORIAL DR&300 VOSS RD,"2, ZONE",490M,5057b,CLOSED
178781,Tree Removal,2021-05-05 11:02 AM,Tree Removal Inspection,TREEMAINTENANCE,"UF - JONES, CODY",1412  WALTON ,"3, ZONE",453T,5359d,CLOSED
178782,Tree Removal,2021-05-05 11:03 AM,Tree Removal Inspection,TREEMAINTENANCE,"UF - JONES, CODY",950  EUCLID ,"3, ZONE",493B,5358b,CLOSED
178783,Tree Trim,2021-05-05 11:07 AM,Tree Trim Inspection,TREEMAINTENANCE,"UF - JONES, CODY",10111  TALLEY ,"3, ZONE",410W,4961b,CLOSED
178784,Tree Removal,2021-05-05 11:08 AM,Tree Removal Inspection,TREEMAINTENANCE,"UF - POLOVTSEV, SERA",7908  SANDS POINT ,"2, ZONE",530B,5055a,CLOSED
178785,Tree Removal,2021-05-05 12:02 PM,Tree Removal Inspection,TREEMAINTENANCE,"UF - JONES, CODY",13319  WESTPORT ,"2, ZONE",489B,4858d,CLOSED
178786,Tree Removal,2021-05-05 12:14 PM,Tree Removal Inspection,TREEMAINTENANCE,"UF - POLOVTSEV, SERA",1616  COLQUITT ,"2, ZONE",492Z,5356a,CLOSED
178787,Tree Code Violation,2021-05-05 12:15 PM,Tree Code Violation Inspection,TREEPROTECTION,"UF - POLOVTSEV, SERA",1720  VASSAR ,"7, ZONE",492Z,5356c,CLOSED
178788,Tree Removal,2021-05-05 12:53 PM,Tree Removal Inspection,TREEMAINTENANCE,"BLANCHETTE, PETER",8052  ELROD ,"5, ZONE",535U,5654d,CLOSED
178789,Tree Removal,2021-05-05 01:31 PM,Tree Removal Inspection,TREEMAINTENANCE,"UF - POLOVTSEV, SERA",5158  INGOMAR ,"7, ZONE",571Y,5150b,CLOSED
178790,Tree Removal,2021-05-05 01:54 PM,Tree Removal Inspection,TREEMAINTENANCE,"UF - POLOVTSEV, SERA",5907  IRISH HILL ,"7, ZONE",571X,5150b,CLOSED
178793,Tree Trim,2021-05-05 02:17 PM,Tree Trim Inspection,TREEMAINTENANCE,"UF - POLOVTSEV, SERA",9307  CARVEL ,"2, ZONE",529M,4954b,CLOSED
178798,Tree Trim,2021-05-05 03:04 PM,Tree Trim Inspection,TREEMAINTENANCE,"BLANCHETTE, PETER",7319  HURTGEN FOREST ,"6, ZONE",534S,5454d,CLOSED
178799,Tree Removal,2021-05-05 03:31 PM,Tree Removal Inspection,TREEMAINTENANCE,"BLANCHETTE, PETER",7602  NARCISSUS ,"5, ZONE",535F,5655c,CLOSED
178800,Tree Stump Grinding,2021-05-05 03:41 PM,Tree Stump Inspection,TREEMAINTENANCE,"UF - POLOVTSEV, SERA",11830  PEACH GROVE ,"2, ZONE",529W,4853d,CLOSED
178801,Tree Trim,2021-05-05 04:02 PM,Tree Trim Inspection,TREEMAINTENANCE,"UF - POLOVTSEV, SERA",1220  HAWTHORNE ,"2, ZONE",493S,5356a,CLOSED
178803,Tree Trim,2021-05-05 04:48 PM,Tree Trim Inspection,TREEMAINTENANCE,"UF - JONES, CODY", 3008 HOUSTON AVE&200 E WOODLAND ST,"3, ZONE",493C,5358b,CLOSED
178804,Tree Trim,2021-05-05 10:20 PM,Tree Trim Inspection,TREEMAINTENANCE,"UF - POLOVTSEV, SERA", 7500 CREEKWOOD DR&1700 S VOSS RD,"2, ZONE",490R,5057d,CLOSED
178805,Tree Trim,2021-05-05 10:22 PM,Tree Trim Inspection,TREEMAINTENANCE,"UF - POLOVTSEV, SERA", 8100 BISSONNET ST&8900 BRAE ACRES RD,"7, ZONE",530P,5054c,CLOSED
178806,Tree Removal,2021-05-05 10:23 PM,Tree Removal Inspection,TREEMAINTENANCE,"UF - JONES, CODY", 7808 SHADYVILLA LN&1500 WIRT RD,"3, ZONE",451X,5159c,CLOSED
178808,Tree Trim,2021-05-06 07:45 AM,Tree Trim Inspection,TREEMAINTENANCE,"UF - POLOVTSEV, SERA",2155 N MACGREGOR ,"7, ZONE",533B,5355b,CLOSED
178810,Tree Trim,2021-05-06 09:21 AM,Tree Trim Inspection,TREEMAINTENANCE,"UF - JONES, CODY",213  HYTA ,"3, ZONE",452M,5360c,CLOSED
178811,Tree Removal,2021-05-06 10:25 AM,Tree Removal Inspection,TREEMAINTENANCE,"BLANCHETTE, PETER",2507  WICHITA ,"6, ZONE",533B,5355b,CLOSED
178812,Tree Removal,2021-05-06 10:37 AM,Tree Removal Inspection,TREEMAINTENANCE,"UF - JONES, CODY",2115  WOODVINE ,"3, ZONE",451T,5159a,CLOSED
178813,Tree Removal,2021-05-06 11:30 AM,Tree Removal Inspection,TREEMAINTENANCE,"BLANCHETTE, PETER",3026  GROVEY ,"4, ZONE",494B,5458b,CLOSED
178814,Tree Removal,2021-05-06 11:36 AM,Tree Removal Inspection,TREEMAINTENANCE,"UF - POLOVTSEV, SERA",2715  LA BRANCH ,"2, ZONE",493U,5356b,CLOSED
178815,Tree Trim,2021-05-06 11:42 AM,Tree Trim Inspection,TREEMAINTENANCE,"BLANCHETTE, PETER",7359  HURTGEN FOREST ,"6, ZONE",534S,5454d,CLOSED
178816,Tree Removal,2021-05-06 11:54 AM,Tree Removal Inspection,TREEMAINTENANCE,"BLANCHETTE, PETER",7421  CAYTON ,"6, ZONE",535W,5553b,CLOSED
178818,Tree Trim,2021-05-06 12:22 PM,Tree Trim Inspection,TREEMAINTENANCE,"BLANCHETTE, PETER",12130  MURR ,"6, ZONE",573R,5451b,CLOSED
178819,Tree Trim,2021-05-06 12:33 PM,Tree Trim Inspection,TREEMAINTENANCE,"UF - JONES, CODY",1803  SADDLE ROCK ,"3, ZONE",412K,5263c,CLOSED
178820,Tree Trim,2021-05-06 12:53 PM,Tree Trim Inspection,TREEMAINTENANCE,"UF - JONES, CODY",404  BAYLAND ,"3, ZONE",493B,5358b,CLOSED
178822,Tree Trim,2021-05-06 02:09 PM,Tree Trim Inspection,TREEMAINTENANCE,"UF - POLOVTSEV, SERA",2423  PARK ,"2, ZONE",492V,5356a,CLOSED
178823,Tree Trim,2021-05-06 02:31 PM,Tree Trim Inspection,TREEMAINTENANCE,"UF - POLOVTSEV, SERA", 830 N KIRKWOOD RD&14000 QUEENSBURY LN,"2, ZONE",489A,4858d,CLOSED
178824,Tree Trim,2021-05-06 02:31 PM,Tree Trim Inspection,TREEMAINTENANCE,"BLANCHETTE, PETER", 2500 GALVESTON RD&8500 S LOOP FWY E,"5, ZONE",535F,5655c,CLOSED
178825,Tree Trim,2021-05-06 02:36 PM,Tree Trim Inspection,TREEMAINTENANCE,"BLANCHETTE, PETER", 4200 GALVESTON RD&100 ROCKLEIGH PL&4040 WYNE,"5, ZONE",535Q,5654b,CLOSED
178826,Tree Removal,2021-05-06 02:49 PM,Tree Removal Inspection,TREEMAINTENANCE,"UF - POLOVTSEV, SERA",5242  JASON ,"7, ZONE",531P,5154c,CLOSED
178827,Tree Trim,2021-05-06 03:26 PM,Tree Trim Inspection,TREEMAINTENANCE,"UF - JONES, CODY",1001  HEIGHTS ,"3, ZONE",493A,5358a,CLOSED
178835,Tree Stump Grinding,2021-05-06 05:05 PM,Tree Stump Inspection,TREEMAINTENANCE,"UF - POLOVTSEV, SERA",1836  PORTSMOUTH ,"2, ZONE",492Z,5356c,CLOSED
178837,Tree Removal,2021-05-06 06:10 PM,Tree Removal Inspection,TREEMAINTENANCE,"UF - JONES, CODY",2217  HARVARD ,"3, ZONE",453S,5359a,CLOSED
178838,Tree Removal,2021-05-06 06:24 PM,Tree Removal Inspection,TREEMAINTENANCE,"UF - POLOVTSEV, SERA",322 E FAIR HARBOR ,"2, ZONE",488B,4758d,CLOSED
178840,Tree Trim,2021-05-07 08:33 AM,Tree Trim Inspection,TREEMAINTENANCE,"UF - POLOVTSEV, SERA",12043  LONGBROOK ,"2, ZONE",529W,4853d,CLOSED
178841,Tree Removal,2021-05-07 08:57 AM,Tree Removal Inspection,TREEMAINTENANCE,"UF - POLOVTSEV, SERA",4003  PORTSMOUTH ,"2, ZONE",492W,5256c,CLOSED
178842,Tree Removal,2021-05-07 09:37 AM,Tree Removal Inspection,TREEMAINTENANCE,"UF - JONES, CODY",6414  BEAU GESTE ,"3, ZONE",411S,5062d,CLOSED
178843,Tree Removal,2021-05-07 10:19 AM,Tree Removal Inspection,TREEMAINTENANCE,"BLANCHETTE, PETER",3550  CHARLESTON ,"6, ZONE",533G,5455c,CLOSED
178844,Tree Removal,2021-05-07 10:20 AM,Tree Removal Inspection,TREEMAINTENANCE,"UF - POLOVTSEV, SERA",1811  GANYARD ,"3, ZONE",449V,4959c,CLOSED
178845,Tree Removal,2021-05-07 10:20 AM,Tree Removal Inspection,TREEMAINTENANCE,"UF - JONES, CODY",5504  ROBERTSON ,"4, ZONE",453V,5459a,CLOSED
178846,Tree Removal,2021-05-07 10:30 AM,Tree Removal Inspection,TREEMAINTENANCE,"UF - JONES, CODY",1811  GANYARD ,"3, ZONE",449V,4959c,CLOSED
178847,Tree Removal,2021-05-07 11:30 AM,Tree Removal Inspection,TREEMAINTENANCE,"BLANCHETTE, PETER",322  SHOTWELL ,"4, ZONE",494C,5558a,CLOSED
178848,Tree Trim,2021-05-07 12:20 PM,Tree Trim Inspection,TREEMAINTENANCE,"UF - POLOVTSEV, SERA",2009  BLODGETT ,"7, ZONE",493X,5356d,CLOSED
178849,Tree Trim,2021-05-07 12:23 PM,Tree Trim Inspection,TREEMAINTENANCE,"UF - POLOVTSEV, SERA",2002  RUTH ,"7, ZONE",493X,5356d,CLOSED
178850,Tree Code Violation,2021-05-07 12:24 PM,Tree Code Violation Inspection,TREEPROTECTION,"UF - POLOVTSEV, SERA", 3400 AUDUBON PL&600 HAWTHORNE ST,"2, ZONE",493S,5356b,CLOSED
178851,Tree Trim,2021-05-07 12:25 PM,Tree Trim Inspection,TREEMAINTENANCE,"UF - POLOVTSEV, SERA",2002  BLODGETT ,"7, ZONE",493X,5356d,CLOSED
178852,Tree Removal,2021-05-07 01:28 PM,Tree Removal Inspection,TREEMAINTENANCE,"UF - POLOVTSEV, SERA",6019  FONTENELLE ,"7, ZONE",570H,5152a,CLOSED
178853,Tree Trim,2021-05-07 01:48 PM,Tree Trim Inspection,TREEMAINTENANCE,"UF - POLOVTSEV, SERA",14523  QUENTION ,"7, ZONE",572S,5251c,CLOSED
178854,Tree Trim,2021-05-07 02:35 PM,Tree Trim Inspection,TREEMAINTENANCE,"UF - POLOVTSEV, SERA",12541  CARLSBAD ,"7, ZONE",570R,5051b,CLOSED
178857,Tree Removal,2021-05-07 03:36 PM,Tree Removal Inspection,TREEMAINTENANCE,"BLANCHETTE, PETER",11303  PALMSPRINGS ,"5, ZONE",576Q,5752d,CLOSED
178858,Tree Trim,2021-05-07 04:10 PM,Tree Trim Inspection,TREEMAINTENANCE,"BLANCHETTE, PETER",7302  KELLER ,"5, ZONE",535E,5655c,CLOSED
178859,Tree Removal,2021-05-07 06:04 PM,Tree Removal Inspection,TREEMAINTENANCE,"UF - JONES, CODY",12015  MOSS BRANCH ,"3, ZONE",449L,4860d,CLOSED
178860,Tree Removal,2021-05-08 01:23 AM,Tree Removal Inspection,TREEMAINTENANCE,"UF - JONES, CODY",10110  BEEKMAN PLACE ,"3, ZONE",450W,4958b,CLOSED
178861,Tree Trim,2021-05-08 02:57 AM,Tree Trim Inspection,TREEMAINTENANCE,"UF - POLOVTSEV, SERA", 6112 DELBURY ST&6100 MCKINSTRY BLVD,"7, ZONE",571P,5151b,CLOSED
178862,Tree Trim,2021-05-08 10:33 AM,Tree Trim Inspection,TREEMAINTENANCE,"UF - POLOVTSEV, SERA",5818  LUDINGTON ,"7, ZONE",571A,5152a,CLOSED
178863,Tree Trim,2021-05-08 10:34 AM,Tree Trim Inspection,TREEMAINTENANCE,"UF - POLOVTSEV, SERA",5818  LUDINGTON ,"7, ZONE",571A,5152a,CLOSED
178864,Tree Removal,2021-05-08 11:48 AM,Tree Removal Inspection,TREEMAINTENANCE,"UF - POLOVTSEV, SERA",804  PATTERSON ,"2, ZONE",492H,5357a,CLOSED
178865,Tree Trim,2021-05-08 01:37 PM,Tree Trim Inspection,TREEMAINTENANCE,"BLANCHETTE, PETER",4930  BATAAN ,"6, ZONE",534N,5454d,CLOSED
178866,Tree Trim,2021-05-08 03:39 PM,Tree Trim Inspection,TREEMAINTENANCE,"UF - JONES, CODY",3916  AVERILL ,"4, ZONE",453Y,5459c,CLOSED
178867,Tree Removal,2021-05-09 12:08 AM,Tree Removal Inspection,TREEMAINTENANCE,"UF - JONES, CODY",6421  BINGLE ,"3, ZONE",411W,5061b,CLOSED
178868,Tree Trim,2021-05-09 09:26 AM,Tree Trim Inspection,TREEMAINTENANCE,"UF - JONES, CODY", 738 GARDEN OAKS BLVD&900 SUE BARNETT DR,"3, ZONE",452L,5260d,CLOSED
178869,Tree Removal,2021-05-09 09:31 AM,Tree Removal Inspection,TREEMAINTENANCE,"BLANCHETTE, PETER",2023  POSSUM CREEK ,"5, ZONE",536S,5754c,CLOSED
178870,Tree Removal,2021-05-09 10:08 AM,Tree Removal Inspection,TREEMAINTENANCE,"BLANCHETTE, PETER",2018  POSSUM CREEK ,"5, ZONE",536S,5754c,CLOSED
178871,Tree Trim,2021-05-09 03:21 PM,Tree Trim Inspection,TREEMAINTENANCE,"BLANCHETTE, PETER",4509  RUSK ,"5, ZONE",494T,5456b,CLOSED
178875,Tree Trim,2021-05-09 08:24 PM,Tree Trim Inspection,TREEMAINTENANCE,"UF - JONES, CODY", 1200 OMAR ST&920 STUDEWOOD ST,"3, ZONE",493A,5358b,CLOSED
178876,Tree Trim,2021-05-09 08:32 PM,Tree Trim Inspection,TREEMAINTENANCE,"UF - JONES, CODY", 1200 OMAR ST&920 STUDEWOOD ST,"3, ZONE",493A,5358b,CLOSED
178877,Tree Trim,2021-05-10 07:04 AM,Tree Trim Inspection,TREEMAINTENANCE,"UF - POLOVTSEV, SERA", 14230 BRIAR FOREST DR&1900 VALEDICTORIAN DR,"2, ZONE",488J,4757c,CLOSED
178878,Tree Removal,2021-05-10 08:06 AM,Tree Removal Inspection,TREEMAINTENANCE,"UF - POLOVTSEV, SERA", 6200 MONTCLAIR DR&2200 WATTS ST,"7, ZONE",532G,5355c,CLOSED
178879,Tree Trim,2021-05-10 08:46 AM,Tree Trim Inspection,TREEMAINTENANCE,"UF - POLOVTSEV, SERA",2202  BARTLETT ,"7, ZONE",492Y,5356c,CLOSED
178880,Tree Trim,2021-05-10 08:56 AM,Tree Trim Inspection,TREEMAINTENANCE,"BLANCHETTE, PETER",6714  LETCHER ,"4, ZONE",455P,5660c,CLOSED
178881,Tree Trim,2021-05-10 09:08 AM,Tree Trim Inspection,TREEMAINTENANCE,"UF - JONES, CODY",600  SUE ,"4, ZONE",453U,5459a,CLOSED
178883,Tree Removal,2021-05-10 09:56 AM,Tree Removal Inspection,TREEMAINTENANCE,"BLANCHETTE, PETER",9318  RANDOLPH ,"6, ZONE",575K,5652c,CLOSED
178884,Tree Trim,2021-05-10 10:25 AM,Tree Trim Inspection,TREEMAINTENANCE,"UF - JONES, CODY",5504  BRETSHIRE ,"4, ZONE",414Z,5561a,CLOSED
178885,Tree Trim,2021-05-10 11:26 AM,Tree Trim Inspection,TREEMAINTENANCE,"UF - POLOVTSEV, SERA",3406  LIVE OAK ,"6, ZONE",493Y,5456c,CLOSED
178887,Tree Removal,2021-05-10 11:37 AM,Tree Removal Inspection,TREEMAINTENANCE,"UF - POLOVTSEV, SERA",1  LONGFELLOW ,"7, ZONE",533A,5355a,CLOSED
178891,Tree Trim,2021-05-10 12:57 PM,Tree Trim Inspection,TREEMAINTENANCE,"UF - POLOVTSEV, SERA",5906  SANTA CHRISTI ,"7, ZONE",611B,5150c,CLOSED
178892,Tree Trim,2021-05-10 02:00 PM,Tree Trim Inspection,TREEMAINTENANCE,"UF - POLOVTSEV, SERA",6218  BRIAR SEASONS ,"7, ZONE",571X,5150a,CLOSED
178893,Tree Trim,2021-05-10 02:36 PM,Tree Trim Inspection,TREEMAINTENANCE,"UF - POLOVTSEV, SERA",5826  RUTHERGLENN ,"7, ZONE",531S,5153a,CLOSED
178894,Tree Trim,2021-05-10 02:46 PM,Tree Trim Inspection,TREEMAINTENANCE,"BLANCHETTE, PETER",1202 PORT ST,"5, ZONE",495J,5557b,CLOSED
178895,Tree Stump Grinding,2021-05-10 03:03 PM,Tree Stump Inspection,TREEMAINTENANCE,"UF - POLOVTSEV, SERA", 3300 LEELAND ST&1600 ROBERTS ST,"5, ZONE",493V,5456b,CLOSED
178896,Tree Removal,2021-05-10 03:16 PM,Tree Removal Inspection,TREEMAINTENANCE,"BLANCHETTE, PETER",5113  CLOVER ,"6, ZONE",533Z,5453d,CLOSED
178897,Tree Trim,2021-05-10 03:22 PM,Tree Trim Inspection,TREEMAINTENANCE,"BLANCHETTE, PETER",5143  CLOVER ,"6, ZONE",534W,5453d,CLOSED
178898,Tree Trim,2021-05-10 03:31 PM,Tree Trim Inspection,TREEMAINTENANCE,"UF - JONES, CODY",515  SUE ,"4, ZONE",453U,5459a,CLOSED
178899,Tree Trim,2021-05-10 04:29 PM,Tree Trim Inspection,TREEMAINTENANCE,"UF - POLOVTSEV, SERA",4706  ARCRIDGE ,"7, ZONE",611D,5250c,CLOSED
178903,Tree Trim,2021-05-10 04:54 PM,Tree Trim Inspection,TREEMAINTENANCE,"UF - POLOVTSEV, SERA",9115  KIRBY ,"7, ZONE",532U,5353a,CLOSED
178906,Tree Trim,2021-05-10 05:25 PM,Tree Trim Inspection,TREEMAINTENANCE,"UF - POLOVTSEV, SERA",12114  PLUMBROOK ,"2, ZONE",529S,4853b,CLOSED
178907,Tree Trim,2021-05-11 07:53 AM,Tree Trim Inspection,TREEMAINTENANCE,"UF - POLOVTSEV, SERA",4714  IMOGENE ,"7, ZONE",531Q,5154d,CLOSED
178908,Tree Trim,2021-05-11 08:46 AM,Tree Trim Inspection,TREEMAINTENANCE,"UF - POLOVTSEV, SERA",5003  MANDELL ,"7, ZONE",492Z,5356c,CLOSED
178909,Tree Removal,2021-05-11 09:51 AM,Tree Removal Inspection,TREEMAINTENANCE,"BLANCHETTE, PETER",6713  WINTON ,"6, ZONE",533L,5454a,CLOSED
178910,Tree Removal,2021-05-11 10:13 AM,Tree Removal Inspection,TREEMAINTENANCE,"UF - POLOVTSEV, SERA",12826  COVEY ,"2, ZONE",528V,4853a,CLOSED
178911,Tree Trim,2021-05-11 10:26 AM,Tree Trim Inspection,TREEMAINTENANCE,"UF - JONES, CODY",2303  WILDE ROCK ,"3, ZONE",452N,5259a,CLOSED
178913,Tree Removal,2021-05-11 11:42 AM,Tree Removal Inspection,TREEMAINTENANCE,"UF - JONES, CODY",526  BYRNE ,"3, ZONE",493B,5358b,CLOSED
178914,Tree Removal,2021-05-11 11:55 AM,Tree Removal Inspection,TREEMAINTENANCE,"UF - JONES, CODY", 2300 BRINGHURST ST&3600 CAMPBELL ST,"4, ZONE",494B,5458b,CLOSED
178915,Tree Trim,2021-05-11 12:16 PM,Tree Trim Inspection,TREEMAINTENANCE,"UF - POLOVTSEV, SERA",14403  LOCKE ,"2, ZONE",488S,4756c,CLOSED
178920,Tree Removal,2021-05-11 01:16 PM,Tree Removal Inspection,TREEMAINTENANCE,"UF - POLOVTSEV, SERA",1820 D  SOUTHMORE ,"7, ZONE",533B,5356d,CLOSED
178921,Tree Trim,2021-05-11 01:19 PM,Tree Trim Inspection,TREEMAINTENANCE,"UF - POLOVTSEV, SERA",15618  FALL BRIAR ,"7, ZONE",571X,5150a,CLOSED
178922,Tree Removal,2021-05-11 01:20 PM,Tree Removal Inspection,TREEMAINTENANCE,"UF - JONES, CODY",3834  SEARLE ,"4, ZONE",453Y,5359d,CLOSED
178923,Tree Trim,2021-05-11 03:02 PM,Tree Trim Inspection,TREEMAINTENANCE,"UF - JONES, CODY", 700 BOENEMAN DR&720 GREEN MEADOW LN,"3, ZONE",412U,5262d,CLOSED
178925,Tree Trim,2021-05-11 03:42 PM,Tree Trim Inspection,TREEMAINTENANCE,"UF - POLOVTSEV, SERA", 1000 BAGBY ST&400 MCKINNEY ST,"1, ZONE",493L,5357b,CLOSED
178928,Tree Trim,2021-05-11 03:55 PM,Tree Trim Inspection,TREEMAINTENANCE,"BLANCHETTE, PETER",5510  COLLINGSWORTH ,"4, ZONE",454Y,5559c,CLOSED
178930,Tree Removal,2021-05-11 04:02 PM,Tree Removal Inspection,TREEMAINTENANCE,"BLANCHETTE, PETER",9720 SPAULDING ,"4, ZONE",454D,5561b,CLOSED
178932,Tree Removal,2021-05-11 04:12 PM,Tree Removal Inspection,TREEMAINTENANCE,"BLANCHETTE, PETER",4406 A  VERNON ,"5, ZONE",494F,5558c,CLOSED
178934,Tree Removal,2021-05-11 04:30 PM,Tree Removal Inspection,TREEMAINTENANCE,"UF - POLOVTSEV, SERA",6603  ALMEDA ,"7, ZONE",533F,5355d,CLOSED
178936,Tree Trim,2021-05-11 05:57 PM,Tree Trim Inspection,TREEMAINTENANCE,"UF - POLOVTSEV, SERA",16323  PAITER ,"7, ZONE",611C,5150d,CLOSED
178937,Tree Trim,2021-05-11 06:01 PM,Tree Trim Inspection,TREEMAINTENANCE,"UF - POLOVTSEV, SERA",5455  RICHMOND ,"2, ZONE",491X,5156d,CLOSED
178938,Tree Trim,2021-05-11 07:21 PM,Tree Trim Inspection,TREEMAINTENANCE,"UF - JONES, CODY", 4300 W 34TH ST&3116 HELBERG RD,"3, ZONE",451R,5159b,CLOSED
178939,Tree Trim,2021-05-11 08:02 PM,Tree Trim Inspection,TREEMAINTENANCE,"UF - POLOVTSEV, SERA",3408 D  LA BRANCH ,"2, ZONE",493T,5356b,CLOSED
178940,Tree Trim,2021-05-11 08:29 PM,Tree Trim Inspection,TREEMAINTENANCE,"BLANCHETTE, PETER",12118  PALMBEACH ,"5, ZONE",576Q,5752d,CLOSED
178942,Tree Code Violation,2021-05-12 08:17 AM,Tree Code Violation Inspection,TREEPROTECTION,"UF - POLOVTSEV, SERA",4317  DICKSON ,"2, ZONE",492M,5357a,CLOSED
178943,Tree Removal,2021-05-12 08:21 AM,Tree Removal Inspection,TREEMAINTENANCE,"UF - POLOVTSEV, SERA",6004  HAMMAN ,"2, ZONE",492G,5258d,CLOSED
178944,Tree Removal,2021-05-12 08:22 AM,Tree Removal Inspection,TREEMAINTENANCE,"UF - JONES, CODY", 6212 KINGS LAKE ESTATES BLVD&6300 KINGS RIVER DR&21200 W LAKE HOUSTON PKWY,"4, ZONE",337P,5868a,CLOSED
178945,Tree Trim,2021-05-12 08:30 AM,Tree Trim Inspection,TREEMAINTENANCE,"UF - POLOVTSEV, SERA", 13300 BRIAR FOREST DR&1700 ELDRIDGE PKWY,"2, ZONE",488K,4757d,CLOSED
178946,Tree Trim,2021-05-12 08:36 AM,Tree Trim Inspection,TREEMAINTENANCE,"BLANCHETTE, PETER",6903  PLUM CREEK TRAIL ,"6, ZONE",534M,5555d,CLOSED
178947,Tree Trim,2021-05-12 09:06 AM,Tree Trim Inspection,TREEMAINTENANCE,"UF - JONES, CODY",610  NEST ,"3, ZONE",453E,5360a,CLOSED
178948,Tree Removal,2021-05-12 09:17 AM,Tree Removal Inspection,TREEMAINTENANCE,"UF - POLOVTSEV, SERA",1409  CAROLINE ,"1, ZONE",493Q,5457c,CLOSED
178949,Tree Trim,2021-05-12 09:21 AM,Tree Trim Inspection,TREEMAINTENANCE,"BLANCHETTE, PETER",4025  CAPLIN ,"4, ZONE",454P,5460d,CLOSED
178950,Tree Trim,2021-05-12 09:35 AM,Tree Trim Inspection,TREEMAINTENANCE,"BLANCHETTE, PETER",7730  EDNA ,"6, ZONE",535N,5654a,CLOSED
178951,Tree Trim,2021-05-12 09:51 AM,Tree Trim Inspection,TREEMAINTENANCE,"UF - JONES, CODY",915  NORTHWOOD ,"3, ZONE",453X,5359d,CLOSED
178955,Tree Removal,2021-05-12 11:33 AM,Tree Removal Inspection,TREEMAINTENANCE,"UF - JONES, CODY",7742  PARKER ,"4, ZONE",415W,5561b,CLOSED
178956,Tree Removal,2021-05-12 11:47 AM,Tree Removal Inspection,TREEMAINTENANCE,"BLANCHETTE, PETER",7841  GOODE ,"5, ZONE",535A,5656c,CLOSED
178957,Tree Removal,2021-05-12 11:54 AM,Tree Removal Inspection,TREEMAINTENANCE,"UF - JONES, CODY",816 E BURRESS ,"4, ZONE",453F,5361d,CLOSED
178958,Tree Trim,2021-05-12 11:55 AM,Tree Trim Inspection,TREEMAINTENANCE,"UF - POLOVTSEV, SERA",8910  BEVLYN ,"7, ZONE",532P,5254d,CLOSED
178959,Tree Trim,2021-05-12 12:30 PM,Tree Trim Inspection,TREEMAINTENANCE,"UF - POLOVTSEV, SERA",4510  HUMMINGBIRD ,"7, ZONE",531Z,5253c,CLOSED
178963,Tree Trim,2021-05-12 01:46 PM,Tree Trim Inspection,TREEMAINTENANCE,"UF - JONES, CODY",7610  GARSEE ,"3, ZONE",410R,5062d,CLOSED
178965,Tree Removal,2021-05-12 01:51 PM,Tree Removal Inspection,TREEMAINTENANCE,"UF - POLOVTSEV, SERA",343  TERRACE ,"2, ZONE",492K,5257b,CLOSED
178966,Tree Trim,2021-05-12 01:57 PM,Tree Trim Inspection,TREEMAINTENANCE,"UF - POLOVTSEV, SERA",13301  HIRAM CLARKE ,"7, ZONE",572J,5252c,CLOSED
178967,Tree Trim,2021-05-12 02:12 PM,Tree Trim Inspection,TREEMAINTENANCE,"UF - JONES, CODY",2902  DURBAN ,"3, ZONE",449M,4960d,CLOSED
178968,Tree Removal,2021-05-12 02:34 PM,Tree Removal Inspection,TREEMAINTENANCE,"UF - JONES, CODY",1313  EUEL ,"4, ZONE",453V,5459a,CLOSED
178969,Tree Removal,2021-05-12 03:12 PM,Tree Removal Inspection,TREEMAINTENANCE,"UF - POLOVTSEV, SERA",11702  NEFF ,"2, ZONE",529E,4854b,CLOSED
178972,Tree Trim,2021-05-12 03:42 PM,Tree Trim Inspection,TREEMAINTENANCE,"BLANCHETTE, PETER",1136 W GARDNER ,"3, ZONE",453W,5359d,CLOSED
178974,Tree Removal,2021-05-12 03:50 PM,Tree Removal Inspection,TREEMAINTENANCE,"UF - JONES, CODY",2013  MIERIANNE ,"4, ZONE",413R,5463c,CLOSED
178975,Tree Removal,2021-05-12 03:57 PM,Tree Removal Inspection,TREEMAINTENANCE,"BLANCHETTE, PETER",6714  KELLER ,"5, ZONE",534H,5555d,CLOSED
178976,Tree Removal,2021-05-12 04:06 PM,Tree Removal Inspection,TREEMAINTENANCE,"UF - JONES, CODY",9635  SPRINGVIEW ,"3, ZONE",450K,5060c,CLOSED
178977,Tree Removal,2021-05-12 04:13 PM,Tree Removal Inspection,TREEMAINTENANCE,"UF - JONES, CODY",4305  DE MILO ,"3, ZONE",451H,5160b,CLOSED
178978,Tree Trim,2021-05-12 04:36 PM,Tree Trim Inspection,TREEMAINTENANCE,"BLANCHETTE, PETER",5022  PEASE ,"5, ZONE",494X,5556a,CLOSED
178979,Tree Trim,2021-05-12 04:42 PM,Tree Trim Inspection,TREEMAINTENANCE,"BLANCHETTE, PETER",7025  VILLA ,"6, ZONE",574D,5553d,CLOSED
178980,Tree Removal,2021-05-12 06:13 PM,Tree Removal Inspection,TREEMAINTENANCE,"UF - JONES, CODY",11242  CHEEVES ,"4, ZONE",415N,5562b,CLOSED
178981,Tree Removal,2021-05-12 09:00 PM,Tree Removal Inspection,TREEMAINTENANCE,"UF - POLOVTSEV, SERA",12030  SEA SHORE ,"2, ZONE",529J,4854b,CLOSED
178982,Tree Trim,2021-05-12 09:41 PM,Tree Trim Inspection,TREEMAINTENANCE,"UF - POLOVTSEV, SERA", 1400 FAIRVIEW AVE&2400 WAUGH DR,"2, ZONE",493N,5357c,CLOSED
178983,Tree Trim,2021-05-13 05:44 AM,Tree Trim Inspection,TREEMAINTENANCE,"UF - POLOVTSEV, SERA",3630 N BRAESWOOD ,"7, ZONE",532K,5254b,CLOSED
178985,Tree Trim,2021-05-13 07:16 AM,Tree Trim Inspection,TREEMAINTENANCE,"UF - JONES, CODY",1925  LAMONTE ,"3, ZONE",452J,5260c,CLOSED
178987,Tree Removal,2021-05-13 08:40 AM,Tree Removal Inspection,TREEMAINTENANCE,"BLANCHETTE, PETER",1302  HEIGHTS ,"3, ZONE",453W,5359c,CLOSED
178988,Tree Trim,2021-05-13 08:50 AM,Tree Trim Inspection,TREEMAINTENANCE,"BLANCHETTE, PETER",2115  FLAGSTONE ,"5, ZONE",536S,5754c,CLOSED
178989,Tree Trim,2021-05-13 09:47 AM,Tree Trim Inspection,TREEMAINTENANCE,"BLANCHETTE, PETER", 8000 ELROD ST&8474 WINKLER DR,"5, ZONE",535U,5654d,CLOSED
178990,Tree Removal,2021-05-13 10:06 AM,Tree Removal Inspection,TREEMAINTENANCE,"UF - POLOVTSEV, SERA",4204  BLOSSOM ,"2, ZONE",492M,5357a,CLOSED
178991,Tree Trim,2021-05-13 10:18 AM,Tree Trim Inspection,TREEMAINTENANCE,"UF - JONES, CODY",5330  STYLING ,"4, ZONE",414Z,5561a,CLOSED
178992,Tree Removal,2021-05-13 10:43 AM,Tree Removal Inspection,TREEMAINTENANCE,"BLANCHETTE, PETER",541 S 75TH ,"5, ZONE",535A,5556d,CLOSED
178993,Tree Removal,2021-05-13 11:26 AM,Tree Removal Inspection,TREEMAINTENANCE,"UF - JONES, CODY", 4300 VIKING DR&4600 WATONGA BLVD,"3, ZONE",451H,5160b,CLOSED
178994,Tree Trim,2021-05-13 11:29 AM,Tree Trim Inspection,TREEMAINTENANCE,"UF - JONES, CODY", 2500 COCHRAN ST&1262 MORRIS ST,"4, ZONE",493D,5458a,CLOSED
178995,Tree Removal,2021-05-13 11:47 AM,Tree Removal Inspection,TREEMAINTENANCE,"UF - JONES, CODY",6609  COUCH ,"3, ZONE",412X,5261b,CLOSED
178996,Tree Protection Rev,2021-05-13 11:50 AM,Tree Protection Review Inspection,TREEPROTECTION,"UF - JONES, CODY",9720  SPAULDING ,"4, ZONE",454D,5561c,CLOSED
178997,Tree Trim,2021-05-13 12:11 PM,Tree Trim Inspection,TREEMAINTENANCE,"UF - JONES, CODY",5031  BOLIVIA ,"3, ZONE",451G,5160b,CLOSED
178998,Tree Removal,2021-05-13 12:18 PM,Tree Removal Inspection,TREEMAINTENANCE,"UF - POLOVTSEV, SERA",935 N ELDRIDGE ,"2, ZONE",488C,4758d,CLOSED
178999,Tree Trim,2021-05-13 12:29 PM,Tree Trim Inspection,TREEMAINTENANCE,"BLANCHETTE, PETER",8814 N RYLANDER ,"7, ZONE",570F,5052c,CLOSED
179000,Tree Protection Rev,2021-05-13 12:53 PM,Tree Protection Review Inspection,TREEPROTECTION,"PATINO, ARNULFO",8888  BENNING ,"7, ZONE",530X,5053c,CLOSED
179002,Tree Trim,2021-05-13 02:26 PM,Tree Trim Inspection,TREEMAINTENANCE,"BLANCHETTE, PETER", 1400 W 34TH ST&3400 GOLF DR,"3, ZONE",452P,5259b,CLOSED
179003,Tree Trim,2021-05-13 02:30 PM,Tree Trim Inspection,TREEMAINTENANCE,"BLANCHETTE, PETER",1331 A W 24TH ,"3, ZONE",452T,5259b,CLOSED
179004,Tree Removal,2021-05-13 02:45 PM,Tree Removal Inspection,TREEMAINTENANCE,"UF - POLOVTSEV, SERA",12339  MILLBANKS ,"7, ZONE",569H,4952b,CLOSED
179005,Tree Removal,2021-05-13 04:16 PM,Tree Removal Inspection,TREEMAINTENANCE,"UF - POLOVTSEV, SERA", 1700 CRESCENT PLAZA DR&1800 ELDRIDGE PKWY,"2, ZONE",488P,4756b,CLOSED
179006,Tree Trim,2021-05-13 04:26 PM,Tree Trim Inspection,TREEMAINTENANCE,"BLANCHETTE, PETER", 3300 EVERGREEN DR&7176 GULF FWY&0 S LOOP FWY E&22 SB 610 E TO S LOOP E RAMP,"6, ZONE",535J,5555d,CLOSED
179007,Tree Trim,2021-05-13 04:30 PM,Tree Trim Inspection,TREEMAINTENANCE,"UF - POLOVTSEV, SERA",3102  FERNDALE ,"2, ZONE",492U,5256b,CLOSED
179008,Tree Stump Grinding,2021-05-13 04:40 PM,Tree Stump Inspection,TREEMAINTENANCE,"UF - JONES, CODY",1308  DIAN ,"3, ZONE",452Y,5259d,CLOSED
179009,Tree Trim,2021-05-13 05:13 PM,Tree Trim Inspection,TREEMAINTENANCE,"UF - POLOVTSEV, SERA", 400 LOVETT BLVD&3300 TAFT ST,"2, ZONE",493S,5356b,CLOSED
179010,Tree Trim,2021-05-13 05:33 PM,Tree Trim Inspection,TREEMAINTENANCE,"UF - JONES, CODY", 5400 W LAKE HOUSTON PKWY&4900 SHADY MAPLE DR,"4, ZONE",297N,5771d,CLOSED
179011,Tree Trim,2021-05-13 05:44 PM,Tree Trim Inspection,TREEMAINTENANCE,"UF - POLOVTSEV, SERA",12910  ASHFORD POINT ,"2, ZONE",528C,4855a,CLOSED
179012,Tree Removal,2021-05-14 02:50 AM,Tree Removal Inspection,TREEMAINTENANCE,"BLANCHETTE, PETER",541 S 75TH ,"5, ZONE",535A,5556d,CLOSED
179013,Tree Trim,2021-05-14 06:12 AM,Tree Trim Inspection,TREEMAINTENANCE,"BLANCHETTE, PETER",4720  EMANCIPATION ,"6, ZONE",533B,5356d,CLOSED
179014,Tree Removal,2021-05-14 06:47 AM,Tree Removal Inspection,TREEMAINTENANCE,"PATINO, ARNULFO",6019  FONTENELLE ,"7, ZONE",570H,5152a,CLOSED
179015,Tree Trim,2021-05-14 06:50 AM,Tree Trim Inspection,TREEMAINTENANCE,"UF - POLOVTSEV, SERA",8910  BEVLYN ,"7, ZONE",532P,5254d,CLOSED
179016,Tree Removal,2021-05-14 08:10 AM,Tree Removal Inspection,TREEMAINTENANCE,"UF - JONES, CODY",10111  BRINWOOD ,"3, ZONE",450W,4958b,CLOSED
179017,Tree Removal,2021-05-14 08:15 AM,Tree Removal Inspection,TREEMAINTENANCE,"BLANCHETTE, PETER",5839  SOUTHWELL ,"6, ZONE",534P,5454d,CLOSED
179018,Tree Trim,2021-05-14 08:17 AM,Tree Trim Inspection,TREEMAINTENANCE,"BLANCHETTE, PETER",7530  ASHBURN ,"6, ZONE",535W,5553b,CLOSED
179019,Tree Trim,2021-05-14 08:25 AM,Tree Trim Inspection,TREEMAINTENANCE,"BLANCHETTE, PETER",3306  OZARK ,"6, ZONE",533F,5355d,CLOSED
179020,Tree Removal,2021-05-14 11:04 AM,Tree Removal Inspection,TREEMAINTENANCE,"UF - JONES, CODY",12035 ALDINE WESTFIELD RD (KEITH-WIESS PARK),"4, ZONE",413M,77093,CLOSED
179021,Tree Removal,2021-05-14 11:06 AM,Tree Removal Inspection,TREEMAINTENANCE,"UF - POLOVTSEV, SERA",2018  KANE ,"2, ZONE",493K,5357b,CLOSED
179022,Tree Removal,2021-05-14 11:33 AM,Tree Removal Inspection,TREEMAINTENANCE,"UF - POLOVTSEV, SERA",2018  KANE ,"2, ZONE",493K,5357b,CLOSED
179023,Tree Trim,2021-05-14 12:44 PM,Tree Trim Inspection,TREEMAINTENANCE,"UF - POLOVTSEV, SERA",4620 N BRAESWOOD ,"7, ZONE",531R,5154d,CLOSED
179024,Tree Removal,2021-05-14 12:44 PM,Tree Removal Inspection,TREEMAINTENANCE,"BLANCHETTE, PETER", 800 TEETSHORN ST,"3, ZONE",493B,5358b,CLOSED
179026,Tree Trim,2021-05-14 01:52 PM,Tree Trim Inspection,TREEMAINTENANCE,"UF - POLOVTSEV, SERA", 5100 MANDELL ST&1600 NORTH BLVD,"7, ZONE",492Z,5356c,CLOSED
179027,Tree Removal,2021-05-14 02:00 PM,Tree Removal Inspection,TREEMAINTENANCE,"UF - POLOVTSEV, SERA",702   W SAWYER ,"2, ZONE",493K,5357b,CLOSED
179029,Tree Trim,2021-05-14 02:58 PM,Tree Trim Inspection,TREEMAINTENANCE,"BLANCHETTE, PETER",12014  KITTY BROOK ,"7, ZONE",570C,5052b,CLOSED
179030,Tree Trim,2021-05-14 03:14 PM,Tree Trim Inspection,TREEMAINTENANCE,"UF - POLOVTSEV, SERA",12422  ROCKAMPTON ,"7, ZONE",570A,4952b,CLOSED
179032,Tree Stump Grinding,2021-05-14 03:46 PM,Tree Stump Inspection,TREEMAINTENANCE,"UF - BURKES, JEREMY",18518  DENISE DALE ,,447J,4660c,CLOSED
179033,Tree Trim,2021-05-14 04:02 PM,Tree Trim Inspection,TREEMAINTENANCE,"BLANCHETTE, PETER", 7310 BRACE ,"6, ZONE",574D,5553d,CLOSED
179034,Tree Removal,2021-05-14 04:11 PM,Tree Removal Inspection,TREEMAINTENANCE,"UF - POLOVTSEV, SERA",9611  WINDSWEPT ,"2, ZONE",490W,4955b,CLOSED
179035,Tree Trim,2021-05-14 04:40 PM,Tree Trim Inspection,TREEMAINTENANCE,"UF - POLOVTSEV, SERA",2338  DELAFIELD ,"6, ZONE",534C,5555a,CLOSED
179036,Tree Trim,2021-05-14 07:42 PM,Tree Trim Inspection,TREEMAINTENANCE,"BLANCHETTE, PETER",13318  SEAGLER PARK ,"7, ZONE",572U,5351c,CLOSED
179037,Tree Trim,2021-05-15 04:19 AM,Tree Trim Inspection,TREEMAINTENANCE,"BLANCHETTE, PETER",3734  ALBERTA ,"6, ZONE",533L,5454a,CLOSED
179038,Tree Trim,2021-05-15 08:14 AM,Tree Trim Inspection,TREEMAINTENANCE,"BLANCHETTE, PETER",3223  EBBTIDE ,"7, ZONE",572K,5252d,CLOSED
179039,Tree Trim,2021-05-15 08:15 AM,Tree Trim Inspection,TREEMAINTENANCE,"BLANCHETTE, PETER",3223  EBBTIDE ,"7, ZONE",572K,5252d,CLOSED
179040,Tree Removal,2021-05-15 09:41 AM,Tree Removal Inspection,TREEMAINTENANCE,"UF - POLOVTSEV, SERA",7414  DIXIE ,"6, ZONE",535S,5554d,CLOSED
179041,Tree Trim,2021-05-15 11:14 AM,Tree Trim Inspection,TREEMAINTENANCE,"UF - POLOVTSEV, SERA",5342  WILLOWBEND ,"7, ZONE",531X,5153a,CLOSED
179042,Tree Stump Grinding,2021-05-15 11:41 AM,Tree Stump Inspection,TREEMAINTENANCE,"UF - BURKES, JEREMY",805  LE GREEN ,"3, ZONE",453W,5359c,CLOSED
179043,Tree Trim,2021-05-15 11:44 AM,Tree Trim Inspection,TREEMAINTENANCE,"BLANCHETTE, PETER",4011  BERAN ,"7, ZONE",572J,5252c,CLOSED
179044,Tree Removal,2021-05-15 12:19 PM,Tree Removal Inspection,TREEMAINTENANCE,"UF - POLOVTSEV, SERA",13203  AVONSHIRE ,"2, ZONE",528G,4854a,CLOSED
179045,Tree Stump Grinding,2021-05-15 12:58 PM,Tree Stump Inspection,TREEMAINTENANCE,"BLANCHETTE, PETER",5703  GREENCRAIG ,"7, ZONE",571E,5152c,CLOSED
179046,Tree Trim,2021-05-15 01:01 PM,Tree Trim Inspection,TREEMAINTENANCE,"BLANCHETTE, PETER",3823  HEATHERBROOK ,"7, ZONE",572N,5251b,CLOSED
179047,Tree Trim,2021-05-15 01:04 PM,Tree Trim Inspection,TREEMAINTENANCE,"BLANCHETTE, PETER",14318  WHITE HEATHER ,"7, ZONE",572N,5251a,CLOSED
179048,Tree Trim,2021-05-15 05:48 PM,Tree Trim Inspection,TREEMAINTENANCE,"UF - JONES, CODY", 900 W 43RD ST&4300 ALBA RD,"3, ZONE",452L,5260d,CLOSED
179049,Tree Trim,2021-05-15 06:42 PM,Tree Trim Inspection,TREEMAINTENANCE,"UF - JONES, CODY", 900 W 43RD ST&4300 ALBA RD,"3, ZONE",452L,5260d,CLOSED
179050,Tree Trim,2021-05-15 09:57 PM,Tree Trim Inspection,TREEMAINTENANCE,"BLANCHETTE, PETER",10806  SOUTHVIEW ,"6, ZONE",573G,5452a,CLOSED
179051,Tree Removal,2021-05-16 09:22 AM,Tree Removal Inspection,TREEMAINTENANCE,"UF - JONES, CODY",9333  ROSSTOWN ,"3, ZONE",450U,5059c,CLOSED
179052,Tree Removal,2021-05-16 04:58 PM,Tree Removal Inspection,TREEMAINTENANCE,"BLANCHETTE, PETER",13202  WHITE HEATHER ,"7, ZONE",572J,5252c,CLOSED
179053,Tree Trim,2021-05-16 07:52 PM,Tree Trim Inspection,TREEMAINTENANCE,"BLANCHETTE, PETER",13202  WHITE HEATHER ,"7, ZONE",572J,5252c,CLOSED
179056,Tree Trim,2021-05-17 07:45 AM,Tree Trim Inspection,TREEMAINTENANCE,"UF - POLOVTSEV, SERA",7803  CREEKBEND ,"7, ZONE",530Y,5053d,CLOSED
179057,Tree Removal,2021-05-17 08:33 AM,Tree Removal Inspection,TREEMAINTENANCE,"UF - POLOVTSEV, SERA",7635  DEL MONTE ,"2, ZONE",490V,5056b,CLOSED
179058,Tree Trim,2021-05-17 08:45 AM,Tree Trim Inspection,TREEMAINTENANCE,"UF - POLOVTSEV, SERA",15819  RIDGEBAR ,"7, ZONE",611D,5250c,CLOSED
179059,Tree Trim,2021-05-17 08:54 AM,Tree Trim Inspection,TREEMAINTENANCE,"UF - POLOVTSEV, SERA",9702  MICKLER ,"7, ZONE",532S,5254c,CLOSED
179060,Tree Trim,2021-05-17 09:12 AM,Tree Trim Inspection,TREEMAINTENANCE,"BLANCHETTE, PETER",7320  BROWNWOOD ,"4, ZONE",495E,5558d,CLOSED
179061,Tree Removal,2021-05-17 09:20 AM,Tree Removal Inspection,TREEMAINTENANCE,"BLANCHETTE, PETER",10221  BEEKMAN PLACE ,"3, ZONE",450W,4958b,CLOSED
179063,Tree Trim,2021-05-17 10:40 AM,Tree Trim Inspection,TREEMAINTENANCE,"UF - POLOVTSEV, SERA",8318  BRAESVIEW ,"7, ZONE",530T,5053a,CLOSED
179064,Tree Trim,2021-05-17 10:53 AM,Tree Trim Inspection,TREEMAINTENANCE,"UF - POLOVTSEV, SERA",16126  MALADI ,"7, ZONE",611D,5250c,CLOSED
179065,Tree Removal,2021-05-17 11:01 AM,Tree Removal Inspection,TREEMAINTENANCE,"BLANCHETTE, PETER",1961  KNOLL ,"3, ZONE",450V,5059d,CLOSED
179066,Tree Removal,2021-05-17 11:27 AM,Tree Removal Inspection,TREEMAINTENANCE,"BLANCHETTE, PETER",7651  AIRPORT ,"6, ZONE",575B,5653c,CLOSED
179067,Tree Planting,2021-05-17 11:58 AM,Tree Planting Inspection,TREEPROTECTION,"BLANCHETTE, PETER", 1700 S LOCKWOOD DR&4700 PEASE ST,"5, ZONE",494X,5456b,CLOSED
179068,Tree Planting,2021-05-17 12:00 PM,Tree Planting Inspection,TREEPROTECTION,"BLANCHETTE, PETER", 2000 ERNESTINE ST&4400 HARBY ST,"5, ZONE",494W,5456d,CLOSED
179070,Tree Trim,2021-05-17 12:13 PM,Tree Trim Inspection,TREEMAINTENANCE,"BLANCHETTE, PETER",310  EUCLID ,"3, ZONE",493B,5358b,CLOSED
179072,Tree Trim,2021-05-17 01:35 PM,Tree Trim Inspection,TREEMAINTENANCE,"UF - POLOVTSEV, SERA", 6740 SOUTHBANK ST&5900 SOUTHVILLE ST,"6, ZONE",534T,5454d,CLOSED
179073,Tree Trim,2021-05-17 01:44 PM,Tree Trim Inspection,TREEMAINTENANCE,"UF - JONES, CODY", 12826 BAUMAN RD&1000 CASTLEDALE DR,"4, ZONE",413Q,5362b,CLOSED
179074,Tree Removal,2021-05-17 01:46 PM,Tree Removal Inspection,TREEMAINTENANCE,"BLANCHETTE, PETER",15143  FOUR WINDS ,"7, ZONE",571S,5150a,CLOSED
179075,Tree Removal,2021-05-17 01:47 PM,Tree Removal Inspection,TREEMAINTENANCE,"UF - JONES, CODY",213  HYTA ,"3, ZONE",452M,5360c,CLOSED
179076,Tree Trim,2021-05-17 01:47 PM,Tree Trim Inspection,TREEMAINTENANCE,"UF - JONES, CODY",3801  LOCKWOOD ,"4, ZONE",454Y,5559c,CLOSED
179077,Tree Removal,2021-05-17 02:33 PM,Tree Removal Inspection,TREEMAINTENANCE,"UF - JONES, CODY",4510  TRONEWOOD ,"4, ZONE",454C,5561c,CLOSED
179078,Tree Removal,2021-05-17 02:40 PM,Tree Removal Inspection,TREEMAINTENANCE,"UF - JONES, CODY",4210  ALLSTON ,"3, ZONE",452M,5360c,CLOSED
179079,Tree Trim,2021-05-17 02:51 PM,Tree Trim Inspection,TREEMAINTENANCE,"UF - POLOVTSEV, SERA",12723  WESTLEIGH ,"2, ZONE",488R,4856a,CLOSED
179080,Tree Trim,2021-05-17 03:48 PM,Tree Trim Inspection,TREEMAINTENANCE,"UF - POLOVTSEV, SERA",5602  SOUTHLEA ,"6, ZONE",534N,5454d,CLOSED
179083,Tree Removal,2021-05-17 04:20 PM,Tree Removal Inspection,TREEMAINTENANCE,"UF - JONES, CODY",932  LEHMAN ,"3, ZONE",452G,5260b,CLOSED
179084,Tree Removal,2021-05-17 04:27 PM,Tree Removal Inspection,TREEMAINTENANCE,"UF - JONES, CODY",1601  PARKER ,"4, ZONE",413Z,5461a,CLOSED
179085,Tree Removal,2021-05-17 04:39 PM,Tree Removal Inspection,TREEMAINTENANCE,"UF - POLOVTSEV, SERA",2114  GILLETTE ,"2, ZONE",493P,5357d,CLOSED
179086,Tree Removal,2021-05-17 05:40 PM,Tree Removal Inspection,TREEMAINTENANCE,"UF - JONES, CODY",5127  WERNER ,"3, ZONE",453E,5361c,CLOSED
179087,Tree Removal,2021-05-17 07:12 PM,Tree Removal Inspection,TREEMAINTENANCE,"PATINO, ARNULFO",3219  MADELEY ,"4, ZONE",454J,5460d,CLOSED
179088,Tree Trim,2021-05-17 09:24 PM,Tree Trim Inspection,TREEMAINTENANCE,"BLANCHETTE, PETER",2603  LANGSTON ,"3, ZONE",492B,5258d,CLOSED
179089,Tree Removal,2021-05-17 10:05 PM,Tree Removal Inspection,TREEMAINTENANCE,"UF - POLOVTSEV, SERA",1111 W DALLAS ,"2, ZONE",493K,5357b,CLOSED
179090,Tree Removal,2021-05-17 10:10 PM,Tree Removal Inspection,TREEMAINTENANCE,"UF - POLOVTSEV, SERA",1019 W DALLAS ,"2, ZONE",493P,5357d,CLOSED
179091,Tree Trim,2021-05-17 11:39 PM,Tree Trim Inspection,TREEMAINTENANCE,"UF - JONES, CODY",4607  CROSSTON ,"3, ZONE",452M,5260b,CLOSED
179093,Tree Trim,2021-05-18 06:35 AM,Tree Trim Inspection,TREEMAINTENANCE,"UF - POLOVTSEV, SERA",3011  VIRGINIA ,"2, ZONE",492U,5256b,CLOSED
179094,Tree Trim,2021-05-18 06:57 AM,Tree Trim Inspection,TREEMAINTENANCE,"UF - JONES, CODY",1863  KINGWOOD ,"4, ZONE",336B,5770c,CLOSED
179095,Tree Removal,2021-05-18 07:20 AM,Tree Removal Inspection,TREEMAINTENANCE,"UF - JONES, CODY", 2000 ELLA BLVD&2100 E T C JESTER BLVD,"3, ZONE",452T,5259d,CLOSED
179096,Tree Removal,2021-05-18 07:30 AM,Tree Removal Inspection,TREEMAINTENANCE,"UF - POLOVTSEV, SERA",6600  HILLCROFT ,"7, ZONE",531E,5155c,CLOSED
179097,Tree Trim,2021-05-18 08:15 AM,Tree Trim Inspection,TREEMAINTENANCE,"UF - JONES, CODY",1604 W 25TH ,"3, ZONE",452T,5259b,CLOSED
179098,Tree Trim,2021-05-18 08:35 AM,Tree Trim Inspection,TREEMAINTENANCE,"UF - POLOVTSEV, SERA",11445  NEWBROOK ,"2, ZONE",529P,4854d,CLOSED
179099,Tree Removal,2021-05-18 08:52 AM,Tree Removal Inspection,TREEMAINTENANCE,"UF - POLOVTSEV, SERA",5425  DICKSON ,"2, ZONE",492L,5257b,CLOSED
179100,Tree Removal,2021-05-18 09:43 AM,Tree Removal Inspection,TREEMAINTENANCE,"BLANCHETTE, PETER",1466  MUNGER ,"5, ZONE",494X,5456d,CLOSED
179101,Tree Trim,2021-05-18 09:54 AM,Tree Trim Inspection,TREEMAINTENANCE,"UF - JONES, CODY",11030  BURNINGBUSH ,"4, ZONE",415T,5562b,CLOSED
179102,Tree Trim,2021-05-18 10:10 AM,Tree Trim Inspection,TREEMAINTENANCE,"BLANCHETTE, PETER",4441  POLK ,"5, ZONE",494T,5456b,CLOSED
179103,Tree Trim,2021-05-18 10:26 AM,Tree Trim Inspection,TREEMAINTENANCE,"UF - POLOVTSEV, SERA", 2000 MASON ST&200 WILLARD ST,"2, ZONE",493P,5357d,CLOSED
179105,Tree Trim,2021-05-18 10:33 AM,Tree Trim Inspection,TREEMAINTENANCE,"UF - POLOVTSEV, SERA", 2000 MASON ST&200 WILLARD ST,"2, ZONE",493P,5357d,CLOSED
179106,Tree Removal,2021-05-18 10:39 AM,Tree Removal Inspection,TREEMAINTENANCE,"UF - POLOVTSEV, SERA",2004  DUNLAVY ,"2, ZONE",492R,5357c,CLOSED
179107,Tree Trim,2021-05-18 10:54 AM,Tree Trim Inspection,TREEMAINTENANCE,"UF - JONES, CODY",1018  KERN ,"3, ZONE",453T,5359d,CLOSED
179108,Tree Trim,2021-05-18 11:10 AM,Tree Trim Inspection,TREEMAINTENANCE,"UF - POLOVTSEV, SERA", 0 MEMORIAL DR&200 WAUGH DR,"2, ZONE",492M,5357a,CLOSED
179109,Tree Trim,2021-05-18 11:22 AM,Tree Trim Inspection,TREEMAINTENANCE,"UF - POLOVTSEV, SERA",326  CRESTWOOD ,"2, ZONE",492K,5257b,CLOSED
179110,Tree Removal,2021-05-18 11:48 AM,Tree Removal Inspection,TREEMAINTENANCE,"UF - JONES, CODY",7330  GLEN MANOR ,"4, ZONE",455E,5561d,CLOSED
179111,Tree Trim,2021-05-18 11:49 AM,Tree Trim Inspection,TREEMAINTENANCE,"UF - POLOVTSEV, SERA",1931  BANKS ,"7, ZONE",492Z,5356c,CLOSED
179112,Tree Removal,2021-05-18 12:18 PM,Tree Removal Inspection,TREEMAINTENANCE,"UF - POLOVTSEV, SERA",326 E COWAN ,"2, ZONE",492K,5257b,CLOSED
179113,Tree Removal,2021-05-18 12:31 PM,Tree Removal Inspection,TREEMAINTENANCE,"UF - JONES, CODY",1211 W DONOVAN ,"3, ZONE",452F,5261c,CLOSED
179114,Tree Trim,2021-05-18 01:14 PM,Tree Trim Inspection,TREEMAINTENANCE,"UF - JONES, CODY",3726  BOSTIC ,"4, ZONE",454F,5460b,CLOSED
179118,Tree Removal,2021-05-18 01:27 PM,Tree Removal Inspection,TREEMAINTENANCE,"UF - POLOVTSEV, SERA",5327  FAIRDALE ,"2, ZONE",491Y,5156d,CLOSED
179119,Tree Trim,2021-05-18 01:41 PM,Tree Trim Inspection,TREEMAINTENANCE,"BLANCHETTE, PETER", 1000 DELANO ST&2800 MCKINNEY ST,"5, ZONE",493R,5457c,CLOSED
179120,Tree Trim,2021-05-18 01:42 PM,Tree Trim Inspection,TREEMAINTENANCE,"UF - POLOVTSEV, SERA", 5300 FANNIN ST&1100 OAKDALE ST,"7, ZONE",493W,5356d,CLOSED
179121,Tree Trim,2021-05-18 01:45 PM,Tree Trim Inspection,TREEMAINTENANCE,"UF - POLOVTSEV, SERA", 216 ASBURY ST&5400 CROOMS ST,"2, ZONE",492L,5257b,CLOSED
179122,Tree Removal,2021-05-18 01:47 PM,Tree Removal Inspection,TREEMAINTENANCE,"BLANCHETTE, PETER",5402  NORTHRIDGE ,"6, ZONE",534W,5453b,CLOSED
179123,Tree Trim,2021-05-18 02:07 PM,Tree Trim Inspection,TREEMAINTENANCE,"UF - POLOVTSEV, SERA",8702  BEVERLY HILL ,"2, ZONE",490Y,5056c,CLOSED
179125,Tree Trim,2021-05-18 02:11 PM,Tree Trim Inspection,TREEMAINTENANCE,"BLANCHETTE, PETER",5102  PEASE ,"5, ZONE",494X,5556c,CLOSED
179129,Tree Removal,2021-05-18 02:56 PM,Tree Removal Inspection,TREEMAINTENANCE,"UF - POLOVTSEV, SERA", 1400 GILLETTE ST&1600 RUTHVEN ST,"2, ZONE",493P,5357d,CLOSED
179130,Tree Removal,2021-05-18 03:16 PM,Tree Removal Inspection,TREEMAINTENANCE,"UF - JONES, CODY",1114  LEHMAN ,"3, ZONE",452F,5260b,CLOSED
179131,Tree Removal,2021-05-18 03:28 PM,Tree Removal Inspection,TREEMAINTENANCE,"UF - POLOVTSEV, SERA",7877  PECAN VILLAS ,"6, ZONE",535X,5653a,CLOSED
179132,Tree Trim,2021-05-18 03:45 PM,Tree Trim Inspection,TREEMAINTENANCE,"UF - POLOVTSEV, SERA",1934  ADDISON ,"7, ZONE",532H,5355c,CLOSED
179133,Tree Stump Grinding,2021-05-18 03:49 PM,Tree Stump Inspection,TREEMAINTENANCE,"UF - POLOVTSEV, SERA",719  ASBURY ,"2, ZONE",492G,5257b,CLOSED
179134,Tree Trim,2021-05-18 03:51 PM,Tree Trim Inspection,TREEMAINTENANCE,"UF - POLOVTSEV, SERA", 2000 MASON ST&200 WILLARD ST,"2, ZONE",493P,5357d,CLOSED
179135,Tree Trim,2021-05-18 04:14 PM,Tree Trim Inspection,TREEMAINTENANCE,"BLANCHETTE, PETER",4023  SAND MYRTLE ,"5, ZONE",578X,6051c,CLOSED
179139,Tree Trim,2021-05-18 04:41 PM,Tree Trim Inspection,TREEMAINTENANCE,"UF - POLOVTSEV, SERA",5200  GULFTON ,"7, ZONE",531C,5155b,CLOSED
179141,Tree Trim,2021-05-18 05:11 PM,Tree Trim Inspection,TREEMAINTENANCE,"UF - POLOVTSEV, SERA",1901  WELCH ,"2, ZONE",492R,5357c,CLOSED
179142,Tree Removal,2021-05-18 05:44 PM,Tree Removal Inspection,TREEMAINTENANCE,"UF - JONES, CODY",49  HANKLA ,"4, ZONE",453B,5361d,CLOSED
179143,Tree Removal,2021-05-18 06:13 PM,Tree Removal Inspection,TREEMAINTENANCE,"UF - BURKES, JEREMY",2402  YUPON ,"2, ZONE",492V,5357c,CLOSED
179144,Tree Removal,2021-05-18 06:24 PM,Tree Removal Inspection,TREEMAINTENANCE,"PATINO, ARNULFO", 4000 SHERWOOD LN&2900 VOLLMER RD,"3, ZONE",451R,5159b,CLOSED
179145,Tree Trim,2021-05-18 09:47 PM,Tree Trim Inspection,TREEMAINTENANCE,"UF - POLOVTSEV, SERA",2536  DRYDEN ,"7, ZONE",532G,5255b,CLOSED
179146,Tree Removal,2021-05-19 12:44 AM,Tree Removal Inspection,TREEMAINTENANCE,"PATINO, ARNULFO", 9226  NYSSA AVE&10100 TRUMPET ST,"4, ZONE",415Z,5661b,CLOSED
179147,Tree Removal,2021-05-19 05:23 AM,Tree Removal Inspection,TREEMAINTENANCE,"PATINO, ARNULFO", 5210 AIRLINE DR&2 DE BOLL ST,"4, ZONE",453F,5361d,CLOSED
179148,Tree Removal,2021-05-19 06:11 AM,Tree Removal Inspection,TREEMAINTENANCE,"PATINO, ARNULFO", 9200 RICHLAND DR&8400 SULTAN DR,"4, ZONE",455H,5661d,CLOSED
179149,Tree Trim,2021-05-19 06:17 AM,Tree Trim Inspection,TREEMAINTENANCE,"UF - POLOVTSEV, SERA", 7900 MAIN ST&1100 OLD SPANISH TRL,"7, ZONE",532L,5254b,CLOSED
179150,Tree Removal,2021-05-19 07:22 AM,Tree Removal Inspection,TREEMAINTENANCE,"UF - JONES, CODY", 2600 BROOKDALE DR&2900 VALLEY ROSE DR,"4, ZONE",297W,5770b,CLOSED
179151,Tree Trim,2021-05-19 07:28 AM,Tree Trim Inspection,TREEMAINTENANCE,"BLANCHETTE, PETER", 2000 ADDISON RD&2000 GOLDSMITH ST&6700 LANIER DR,"7, ZONE",532H,5355c,CLOSED
179152,Tree Removal,2021-05-19 07:41 AM,Tree Removal Inspection,TREEMAINTENANCE,"PATINO, ARNULFO",6702  UNDERHILL ,"3, ZONE",451J,5060d,CLOSED
179153,Tree Removal,2021-05-19 08:01 AM,Tree Removal Inspection,TREEMAINTENANCE,"UF - POLOVTSEV, SERA",11515  SANDS POINT ,"2, ZONE",529B,4855d,CLOSED
179155,Tree Removal,2021-05-19 08:06 AM,Tree Removal Inspection,TREEMAINTENANCE,"UF - POLOVTSEV, SERA",12202  OVERCUP ,"2, ZONE",490E,4957b,CLOSED
179156,Tree Removal,2021-05-19 08:12 AM,Tree Removal Inspection,TREEMAINTENANCE,"PATINO, ARNULFO", 9200 RICHLAND DR&8400 SULTAN DR,"4, ZONE",455H,5661d,CLOSED
179157,Tree Removal,2021-05-19 08:44 AM,Tree Removal Inspection,TREEMAINTENANCE,"PATINO, ARNULFO",7311 JENSEN DR,"4, ZONE",454J,77093,CLOSED
179158,Tree Trim,2021-05-19 08:46 AM,Tree Trim Inspection,TREEMAINTENANCE,"UF - POLOVTSEV, SERA",6331 S SOUTHWOOD ,"7, ZONE",570D,5052b,CLOSED
179159,Tree Trim,2021-05-19 08:53 AM,Tree Trim Inspection,TREEMAINTENANCE,"UF - POLOVTSEV, SERA", 9200 KENILWORTH ST&910 SILBER RD,"2, ZONE",491C,5158d,CLOSED
179160,Tree Removal,2021-05-19 08:55 AM,Tree Removal Inspection,TREEMAINTENANCE,"UF - BURKES, JEREMY", 14000 BUCKINGHAM LN&30000 WICKFORD,"3, ZONE",288B,77375,CLOSED
179161,Tree Trim,2021-05-19 09:22 AM,Tree Trim Inspection,TREEMAINTENANCE,"UF - POLOVTSEV, SERA",1202  MILFORD ,"7, ZONE",493W,5356c,CLOSED
179162,Tree Removal,2021-05-19 09:29 AM,Tree Removal Inspection,TREEMAINTENANCE,"PATINO, ARNULFO",9920  PORTO RICO ,"3, ZONE",450A,4961d,CLOSED
179163,Tree Trim,2021-05-19 09:36 AM,Tree Trim Inspection,TREEMAINTENANCE,"UF - JONES, CODY", 10092 N GREEN RIVER DR&10190 LEY RD,"4, ZONE",456F,5760a,CLOSED
179164,Tree Trim,2021-05-19 09:42 AM,Tree Trim Inspection,TREEMAINTENANCE,"UF - POLOVTSEV, SERA",6809  PEERLESS ,"6, ZONE",533L,5354b,CLOSED
179165,Tree Removal,2021-05-19 09:42 AM,Tree Removal Inspection,TREEMAINTENANCE,"UF - POLOVTSEV, SERA",10220  MEMORIAL ,"2, ZONE",491A,5158c,CLOSED
179166,Tree Trim,2021-05-19 09:44 AM,Tree Trim Inspection,TREEMAINTENANCE,"UF - POLOVTSEV, SERA", 3400 DAPHNE ST&6800 DEL RIO ST,"6, ZONE",533L,5354b,CLOSED
179167,Tree Removal,2021-05-19 10:12 AM,Tree Removal Inspection,TREEMAINTENANCE,"UF - POLOVTSEV, SERA", 9400 COUNTRY CREEK DR&9500 DEERING DR,"2, ZONE",529V,4953b,CLOSED
179168,Tree Trim,2021-05-19 10:42 AM,Tree Trim Inspection,TREEMAINTENANCE,"BLANCHETTE, PETER",11506  LEITRIM ,"6, ZONE",573L,5452c,CLOSED
179169,Tree Removal,2021-05-19 10:46 AM,Tree Removal Inspection,TREEMAINTENANCE,"PATINO, ARNULFO",1606 W 23RD ,"3, ZONE",452T,5259d,CLOSED
179170,Tree Removal,2021-05-19 10:47 AM,Tree Removal Inspection,TREEMAINTENANCE,"BLANCHETTE, PETER",9103  HOWARD ,"5, ZONE",536N,5754a,CLOSED
179171,Tree Removal,2021-05-19 10:50 AM,Tree Removal Inspection,TREEMAINTENANCE,"BLANCHETTE, PETER",4009  NORHILL ,"3, ZONE",453W,5358b,CLOSED
179172,Tree Trim,2021-05-19 11:06 AM,Tree Trim Inspection,TREEMAINTENANCE,"BLANCHETTE, PETER",1015  DOROTHY ,"3, ZONE",492D,5258b,CLOSED
179173,Tree Trim,2021-05-19 11:29 AM,Tree Trim Inspection,TREEMAINTENANCE,"PATINO, ARNULFO",1523  BUTLERCREST ,"3, ZONE",450W,4959d,CLOSED
179174,Tree Trim,2021-05-19 11:42 AM,Tree Trim Inspection,TREEMAINTENANCE,"BLANCHETTE, PETER",7500  MONROE ,"6, ZONE",575C,5653d,CLOSED
179175,Tree Removal,2021-05-19 11:56 AM,Tree Removal Inspection,TREEMAINTENANCE,"UF - POLOVTSEV, SERA",16226  COYRIDGE ,"7, ZONE",611B,5150c,CLOSED
179176,Tree Trim,2021-05-19 11:57 AM,Tree Trim Inspection,TREEMAINTENANCE,"UF - POLOVTSEV, SERA",3012  ROGERDALE ,"2, ZONE",489Y,4956c,CLOSED
179177,Tree Trim,2021-05-19 12:06 PM,Tree Trim Inspection,TREEMAINTENANCE,"UF - JONES, CODY", 2970 KINGS FOREST DR&3000 KINGWOOD DR&3000 W LAKE CRESCENT DR,"4, ZONE",336D,5769b,CLOSED
179178,Tree Removal,2021-05-19 12:15 PM,Tree Removal Inspection,TREEMAINTENANCE,"UF - POLOVTSEV, SERA",1801  BOLSOVER ,"7, ZONE",532D,5355a,CLOSED
179179,Tree Removal,2021-05-19 12:24 PM,Tree Removal Inspection,TREEMAINTENANCE,"BLANCHETTE, PETER",6426  CONLEY ,"6, ZONE",533M,5454a,CLOSED
179180,Tree Removal,2021-05-19 01:00 PM,Tree Removal Inspection,TREEMAINTENANCE,"BLANCHETTE, PETER",1419  BASSWOOD SPRINGS ,"5, ZONE",617H,5950c,CLOSED
179181,Tree Removal,2021-05-19 01:21 PM,Tree Removal Inspection,TREEMAINTENANCE,"UF - POLOVTSEV, SERA",11101  GESSNER ,"7, ZONE",530X,5053c,CLOSED
179182,Tree Trim,2021-05-19 01:50 PM,Tree Trim Inspection,TREEMAINTENANCE,"BLANCHETTE, PETER", 2200 ARABELLE ST&5700 LARKIN ST,"3, ZONE",492B,5258d,CLOSED
179183,Tree Removal,2021-05-19 02:19 PM,Tree Removal Inspection,TREEMAINTENANCE,"UF - JONES, CODY",4301  HAYGOOD ,"3, ZONE",453J,5360c,CLOSED
179184,Tree Removal,2021-05-19 02:27 PM,Tree Removal Inspection,TREEMAINTENANCE,"UF - JONES, CODY",1000 W 12TH ,"3, ZONE",452Z,5358a,CLOSED
179186,Tree Trim,2021-05-19 02:42 PM,Tree Trim Inspection,TREEMAINTENANCE,"BLANCHETTE, PETER",922  ALGREGG ,"3, ZONE",453X,5359d,CLOSED
179187,Tree Trim,2021-05-19 02:43 PM,Tree Trim Inspection,TREEMAINTENANCE,"UF - JONES, CODY",922  ALGREGG ,"3, ZONE",453X,5359d,CLOSED
179188,Tree Removal,2021-05-19 02:52 PM,Tree Removal Inspection,TREEMAINTENANCE,"UF - JONES, CODY",1202  MELBOURNE ,"4, ZONE",453R,5459a,CLOSED
179189,Tree Removal,2021-05-19 03:06 PM,Tree Removal Inspection,TREEMAINTENANCE,"BLANCHETTE, PETER", 1217 HOGAN ST,"4, ZONE",493H,5458c,CLOSED
179190,Tree Trim,2021-05-19 03:12 PM,Tree Trim Inspection,TREEMAINTENANCE,"UF - POLOVTSEV, SERA",2207  ADDISON ,"7, ZONE",532G,5355a,CLOSED
179191,Tree Removal,2021-05-19 03:17 PM,Tree Removal Inspection,TREEMAINTENANCE,"UF - JONES, CODY",1715  HILL TOP ,"4, ZONE",336K,5769c,CLOSED
179192,Tree Removal,2021-05-19 04:12 PM,Tree Removal Inspection,TREEMAINTENANCE,"UF - POLOVTSEV, SERA",3514  ROSEDALE ,"6, ZONE",533D,5455a,CLOSED
179193,Tree Removal,2021-05-19 04:16 PM,Tree Removal Inspection,TREEMAINTENANCE,"BLANCHETTE, PETER", 6842 AVENUE O,"5, ZONE",494V,5557d,CLOSED
179194,Tree Trim,2021-05-19 04:17 PM,Tree Trim Inspection,TREEMAINTENANCE,"BLANCHETTE, PETER", 6900 AVENUE O&1500 SSGT MACARIO GARCIA DR,"5, ZONE",494V,5557d,CLOSED
179195,Tree Removal,2021-05-19 04:48 PM,Tree Removal Inspection,TREEMAINTENANCE,"UF - POLOVTSEV, SERA",5410  BRAESWOOD ,"7, ZONE",531T,5153a,CLOSED
179196,Tree Trim,2021-05-19 04:51 PM,Tree Trim Inspection,TREEMAINTENANCE,"UF - JONES, CODY",3329  PINEMONT ,"3, ZONE",452F,5260a,CLOSED
179197,Tree Removal,2021-05-19 05:13 PM,Tree Removal Inspection,TREEMAINTENANCE,"UF - JONES, CODY",10303  MOONSET ,"4, ZONE",415X,5662c,CLOSED
179198,Tree Trim,2021-05-19 05:24 PM,Tree Trim Inspection,TREEMAINTENANCE,"UF - JONES, CODY",2317  ASHLAND ,"3, ZONE",452V,5359a,CLOSED
179199,Tree Trim,2021-05-19 05:57 PM,Tree Trim Inspection,TREEMAINTENANCE,"UF - JONES, CODY",7535  BRUSH WOOD ,"3, ZONE",411U,5162c,CLOSED
179200,Tree Trim,2021-05-19 06:11 PM,Tree Trim Inspection,TREEMAINTENANCE,"BLANCHETTE, PETER",9967 KIRRKDALE DR,"6, ZONE",576X,5751d,CLOSED
179201,Tree Removal,2021-05-19 06:26 PM,Tree Removal Inspection,TREEMAINTENANCE,"UF - JONES, CODY",1406  WAVERLY ,"3, ZONE",452Z,5359c,CLOSED
179202,Tree Trim,2021-05-19 06:40 PM,Tree Trim Inspection,TREEMAINTENANCE,"BLANCHETTE, PETER",5510  BARREMORE ,"5, ZONE",534C,5556c,CLOSED
179203,Tree Removal,2021-05-19 07:30 PM,Tree Removal Inspection,TREEMAINTENANCE,"BLANCHETTE, PETER",11011  SAGEWILLOW ,"6, ZONE",616B,5750b,CLOSED
179204,Tree Trim,2021-05-19 08:18 PM,Tree Trim Inspection,TREEMAINTENANCE,"UF - POLOVTSEV, SERA",1311  KIPLING ,"2, ZONE",493S,5356a,CLOSED
179205,Tree Removal,2021-05-19 09:49 PM,Tree Removal Inspection,TREEMAINTENANCE,"UF - JONES, CODY",726 E 16TH ,"3, ZONE",453W,5359c,CLOSED
179206,Tree Trim,2021-05-20 04:25 AM,Tree Trim Inspection,TREEMAINTENANCE,"UF - POLOVTSEV, SERA",1406  CASTLE ,"2, ZONE",493W,5356c,CLOSED
179207,Tree Trim,2021-05-20 04:53 AM,Tree Trim Inspection,TREEMAINTENANCE,"BLANCHETTE, PETER",1809 N MAIN ,"4, ZONE",493G,5458c,CLOSED
179208,Tree Removal,2021-05-20 05:09 AM,Tree Removal Inspection,TREEMAINTENANCE,"UF - JONES, CODY",4903  BENNINGTON ,"4, ZONE",454Q,5560c,CLOSED
179209,Tree Removal,2021-05-20 05:09 AM,Tree Removal Inspection,TREEMAINTENANCE,"UF - POLOVTSEV, SERA",6809  NEFF ,"7, ZONE",530M,5054b,CLOSED
179211,Tree Trim,2021-05-20 07:27 AM,Tree Trim Inspection,TREEMAINTENANCE,"UF - JONES, CODY", 5400 COLLINGSWORTH ST&3800 LOCKWOOD DR,"4, ZONE",454Y,5559c,CLOSED
179212,Tree Trim,2021-05-20 07:30 AM,Tree Trim Inspection,TREEMAINTENANCE,"BLANCHETTE, PETER",615  GLENBURNIE ,"3, ZONE",453E,5360a,CLOSED
179213,Tree Trim,2021-05-20 07:40 AM,Tree Trim Inspection,TREEMAINTENANCE,"BLANCHETTE, PETER",12826  JOLIET ,"4, ZONE",496D,5858a,CLOSED
179214,Tree Removal,2021-05-20 07:45 AM,Tree Removal Inspection,TREEMAINTENANCE,"BLANCHETTE, PETER",800  WILKES ,"4, ZONE",493C,5458a,CLOSED
179215,Tree Removal,2021-05-20 07:49 AM,Tree Removal Inspection,TREEMAINTENANCE,"UF - POLOVTSEV, SERA",5734  MAYWOOD ,"7, ZONE",571X,5150b,CLOSED
179216,Tree Removal,2021-05-20 07:50 AM,Tree Removal Inspection,TREEMAINTENANCE,"UF - POLOVTSEV, SERA",6226  CHEENA ,"7, ZONE",530Z,5053b,CLOSED
179217,Tree Removal,2021-05-20 08:50 AM,Tree Removal Inspection,TREEMAINTENANCE,"UF - JONES, CODY",4907  HANLEY ,"3, ZONE",414Q,5562a,CLOSED
179219,Tree Removal,2021-05-20 09:23 AM,Tree Removal Inspection,TREEMAINTENANCE,"UF - POLOVTSEV, SERA", 13200 ALIEF CLODINE RD&6100 SYNOTT RD,"2, ZONE",528C,4855c,CLOSED
179220,Tree Trim,2021-05-20 09:52 AM,Tree Trim Inspection,TREEMAINTENANCE,"UF - JONES, CODY", 1300 W 18TH ST&1800 BEVIS ST,"3, ZONE",452U,5259d,CLOSED
179221,Tree Trim,2021-05-20 09:53 AM,Tree Trim Inspection,TREEMAINTENANCE,"UF - JONES, CODY", 1300 W 18TH ST&1800 BEVIS ST,"3, ZONE",452U,5259d,CLOSED
179222,Tree Trim,2021-05-20 09:55 AM,Tree Trim Inspection,TREEMAINTENANCE,"UF - JONES, CODY", 1300 W 18TH ST&1800 BEVIS ST,"3, ZONE",452U,5259d,CLOSED
179223,Tree Trim,2021-05-20 09:55 AM,Tree Trim Inspection,TREEMAINTENANCE,"UF - POLOVTSEV, SERA",9319  CARVEL ,"2, ZONE",529M,4954b,CLOSED
179224,Tree Removal,2021-05-20 09:57 AM,Tree Removal Inspection,TREEMAINTENANCE,"UF - POLOVTSEV, SERA",6643  SYLVAN ,"5, ZONE",534C,5555a,CLOSED
179225,Tree Trim,2021-05-20 10:02 AM,Tree Trim Inspection,TREEMAINTENANCE,"UF - POLOVTSEV, SERA", 1100 W CLAY ST&1300 MONTROSE BLVD,"2, ZONE",493N,5357c,CLOSED
179226,Tree Trim,2021-05-20 10:50 AM,Tree Trim Inspection,TREEMAINTENANCE,"BLANCHETTE, PETER",2515  GREGG ,"4, ZONE",494A,5458b,CLOSED
179227,Tree Trim,2021-05-20 10:56 AM,Tree Trim Inspection,TREEMAINTENANCE,"UF - JONES, CODY", 1750 ANTOINE DR&7400 JALNA ST,"3, ZONE",451T,5159c,CLOSED
179228,Tree Trim,2021-05-20 10:57 AM,Tree Trim Inspection,TREEMAINTENANCE,"BLANCHETTE, PETER",730  BAYLAND ,"3, ZONE",493B,5358b,CLOSED
179229,Tree Trim,2021-05-20 11:02 AM,Tree Trim Inspection,TREEMAINTENANCE,"BLANCHETTE, PETER",805  EUCLID ,"3, ZONE",493B,5358b,CLOSED
179230,Tree Trim,2021-05-20 11:09 AM,Tree Trim Inspection,TREEMAINTENANCE,"BLANCHETTE, PETER",2615  THELMA ,"3, ZONE",493B,5358d,CLOSED
179231,Tree Trim,2021-05-20 11:13 AM,Tree Trim Inspection,TREEMAINTENANCE,"BLANCHETTE, PETER", 2610 THELMA DR&706 USENER ST,"3, ZONE",493B,5358b,CLOSED
179232,Tree Trim,2021-05-20 11:16 AM,Tree Trim Inspection,TREEMAINTENANCE,"BLANCHETTE, PETER", 2400 CLEAR LAKE CITY BLVD&14100 SPACE CENTER BLVD,"5, ZONE",618A,5950b,CLOSED
179233,Tree Trim,2021-05-20 11:16 AM,Tree Trim Inspection,TREEMAINTENANCE,"BLANCHETTE, PETER", 600 GLADYS ST&1900 WHITE OAK DR,"3, ZONE",493B,5358d,CLOSED
179234,Tree Trim,2021-05-20 11:18 AM,Tree Trim Inspection,TREEMAINTENANCE,"UF - POLOVTSEV, SERA",7815  CHASEFIELD ,"7, ZONE",570V,5051d,CLOSED
179235,Tree Trim,2021-05-20 11:20 AM,Tree Trim Inspection,TREEMAINTENANCE,"BLANCHETTE, PETER", 7200 FAUNA ST&7150 VILLA DR,"6, ZONE",574D,5553d,CLOSED
179236,Tree Removal,2021-05-20 11:21 AM,Tree Removal Inspection,TREEMAINTENANCE,"UF - POLOVTSEV, SERA",2402  YUPON ,"2, ZONE",492V,5357c,CLOSED
179237,Tree Trim,2021-05-20 11:31 AM,Tree Trim Inspection,TREEMAINTENANCE,"UF - POLOVTSEV, SERA", 9858 BISSONNET ST&9600 CENTRE PKWY,"2, ZONE",529V,4953b,CLOSED
179238,Tree Trim,2021-05-20 11:32 AM,Tree Trim Inspection,TREEMAINTENANCE,"UF - JONES, CODY",7314  GRACIA ,"4, ZONE",413S,5362c,CLOSED
179239,Tree Removal,2021-05-20 11:42 AM,Tree Removal Inspection,TREEMAINTENANCE,"BLANCHETTE, PETER",9718  CLARK ,"4, ZONE",453B,5361d,CLOSED
179240,Tree Trim,2021-05-20 11:48 AM,Tree Trim Inspection,TREEMAINTENANCE,"BLANCHETTE, PETER",938  CREAGER ,"5, ZONE",576A,5753c,CLOSED
179241,Tree Trim,2021-05-20 12:25 PM,Tree Trim Inspection,TREEMAINTENANCE,"BLANCHETTE, PETER",1124  HAMMOCK ,"4, ZONE",493D,5458a,CLOSED
179242,Tree Trim,2021-05-20 12:36 PM,Tree Trim Inspection,TREEMAINTENANCE,"UF - JONES, CODY",12530 N GARDEN ST,"7, ZONE",570F,77071,CLOSED
179243,Tree Removal,2021-05-20 12:42 PM,Tree Removal Inspection,TREEMAINTENANCE,"UF - JONES, CODY",335  DELZ ,"3, ZONE",452H,5360a,CLOSED
179244,Tree Removal,2021-05-20 12:47 PM,Tree Removal Inspection,TREEMAINTENANCE,"UF - BURKES, JEREMY", 12200 OVERCUP DR&612 PLANTATION RD,"2, ZONE",490E,4957b,CLOSED
179245,Tree Trim,2021-05-20 01:09 PM,Tree Trim Inspection,TREEMAINTENANCE,"UF - JONES, CODY",8414  HOMEWOOD ,"4, ZONE",455G,5661c,CLOSED
179246,Tree Trim,2021-05-20 01:36 PM,Tree Trim Inspection,TREEMAINTENANCE,"UF - JONES, CODY",539  BRENDA ,"4, ZONE",413W,5361a,CLOSED
179247,Tree Removal,2021-05-20 01:41 PM,Tree Removal Inspection,TREEMAINTENANCE,"UF - JONES, CODY", 2200 W PARK VIEW DR&18800 SAUMS RD (CULLEN PARK),"3, ZONE",446V,4558b,CLOSED
179248,Tree Removal,2021-05-20 01:54 PM,Tree Removal Inspection,TREEMAINTENANCE,"UF - JONES, CODY",3215  COLLINGSWORTH ,"4, ZONE",454W,5459d,CLOSED
179249,Tree Removal,2021-05-20 02:09 PM,Tree Removal Inspection,TREEMAINTENANCE,"UF - POLOVTSEV, SERA",3502  DARLINGHURST ,"7, ZONE",572P,5251b,CLOSED
179250,Tree Removal,2021-05-20 02:18 PM,Tree Removal Inspection,TREEMAINTENANCE,"UF - POLOVTSEV, SERA",5734  MEADOW CREEK ,"5, ZONE",536T,5754c,CLOSED
179251,Tree Trim,2021-05-20 02:24 PM,Tree Trim Inspection,TREEMAINTENANCE,"UF - POLOVTSEV, SERA", 11600 BANDLON DR&4332 BELLE PARK DR,"2, ZONE",529F,4855d,CLOSED
179252,Tree Removal,2021-05-20 02:28 PM,Tree Removal Inspection,TREEMAINTENANCE,"BLANCHETTE, PETER",10023  TOLMAN ,"5, ZONE",576E,5752a,CLOSED
179253,Tree Removal,2021-05-20 02:56 PM,Tree Removal Inspection,TREEMAINTENANCE,"UF - JONES, CODY", 6900 DU BOIS RD&2500 GARWOOD DR,"3, ZONE",411Z,5161b,CLOSED
179254,Tree Removal,2021-05-20 03:03 PM,Tree Removal Inspection,TREEMAINTENANCE,"UF - JONES, CODY",3637  DARDEN ,"4, ZONE",454F,5460b,CLOSED
179260,Tree Stump Grinding,2021-05-20 04:23 PM,Tree Stump Inspection,TREEMAINTENANCE,"UF - JONES, CODY",2217  HARVARD ,"3, ZONE",453S,5359a,CLOSED
179261,Tree Trim,2021-05-20 04:46 PM,Tree Trim Inspection,TREEMAINTENANCE,"BLANCHETTE, PETER", 100 E 15TH ST&100 W 15TH ST&1500 HEIGHTS BLVD,"3, ZONE",453W,5359c,CLOSED
179262,Tree Trim,2021-05-20 04:59 PM,Tree Trim Inspection,TREEMAINTENANCE,"UF - POLOVTSEV, SERA",4007  WUTHERING HEIGHTS ,"7, ZONE",572J,5252c,CLOSED
179263,Tree Trim,2021-05-20 05:01 PM,Tree Trim Inspection,TREEMAINTENANCE,"UF - POLOVTSEV, SERA",12643  CHISWICK ,"7, ZONE",572R,5351a,CLOSED
179264,Tree Trim,2021-05-20 05:21 PM,Tree Trim Inspection,TREEMAINTENANCE,"UF - POLOVTSEV, SERA", 12700 BISSONNET ST&9200 DAIRY ASHFORD RD,"2, ZONE",528V,4853a,CLOSED
179265,Tree Trim,2021-05-20 05:39 PM,Tree Trim Inspection,TREEMAINTENANCE,"UF - POLOVTSEV, SERA",9202 E AVENUE L ,"5, ZONE",535C,5655b,CLOSED
179266,Tree Trim,2021-05-20 05:39 PM,Tree Trim Inspection,TREEMAINTENANCE,"BLANCHETTE, PETER",8450 LETTIE,"6, ZONE",575Y,5651d,CLOSED
179267,Tree Trim,2021-05-20 05:41 PM,Tree Trim Inspection,TREEMAINTENANCE,"UF - JONES, CODY",1026  SADDLE ROCK ,"3, ZONE",412L,5263d,CLOSED
179268,Tree Removal,2021-05-20 06:57 PM,Tree Removal Inspection,TREEMAINTENANCE,"UF - POLOVTSEV, SERA",12406  BRANDYWYNE ,"2, ZONE",488R,4856a,CLOSED
179269,Tree Trim,2021-05-20 08:28 PM,Tree Trim Inspection,TREEMAINTENANCE,"UF - POLOVTSEV, SERA",6106  HERMANN PARK ,"7, ZONE",533A,5355b,CLOSED
179270,Tree Trim,2021-05-20 08:32 PM,Tree Trim Inspection,TREEMAINTENANCE,"BLANCHETTE, PETER",3505  BACCHUS ,"3, ZONE",453N,5360c,CLOSED
179271,Tree Trim,2021-05-20 08:39 PM,Tree Trim Inspection,TREEMAINTENANCE,"UF - JONES, CODY",5605  COLLINGSWORTH ,"4, ZONE",454Y,5559c,CLOSED
179272,Tree Removal,2021-05-20 08:49 PM,Tree Removal Inspection,TREEMAINTENANCE,"UF - JONES, CODY",806 E 39TH ,"3, ZONE",453N,5360c,CLOSED
179275,Tree Trim,2021-05-21 07:36 AM,Tree Trim Inspection,TREEMAINTENANCE,"UF - POLOVTSEV, SERA",8702  BEVERLY HILL ,"2, ZONE",490Y,5056c,CLOSED
179276,Tree Trim,2021-05-21 07:40 AM,Tree Trim Inspection,TREEMAINTENANCE,"UF - JONES, CODY",2210  GAGNE ,"4, ZONE",494C,5558a,CLOSED
179278,Tree Trim,2021-05-21 08:27 AM,Tree Trim Inspection,TREEMAINTENANCE,"UF - POLOVTSEV, SERA", 6000 CHIMNEY ROCK RD&5500 GULFTON ST,"7, ZONE",531B,5155a,CLOSED
179280,Tree Removal,2021-05-21 09:01 AM,Tree Removal Inspection,TREEMAINTENANCE,"UF - JONES, CODY",8312  SHOTWELL ,"4, ZONE",454G,5560a,CLOSED
179281,Tree Removal,2021-05-21 09:03 AM,Tree Removal Inspection,TREEMAINTENANCE,"UF - JONES, CODY",2307  DAN ,"4, ZONE",494B,5558a,CLOSED
179282,Tree Removal,2021-05-21 09:16 AM,Tree Removal Inspection,TREEMAINTENANCE,"UF - JONES, CODY", 4250 DONNA BELL LN&2000 HEWITT DR,"3, ZONE",452J,5260c,CLOSED
179283,Tree Removal,2021-05-21 09:25 AM,Tree Removal Inspection,TREEMAINTENANCE,"BLANCHETTE, PETER",3906  WALKER ,"5, ZONE",494S,5456b,CLOSED
179284,Tree Removal,2021-05-21 09:28 AM,Tree Removal Inspection,TREEMAINTENANCE,"UF - POLOVTSEV, SERA",800  SAN JACINTO ,"1, ZONE",493M,5457a,CLOSED
179285,Tree Removal,2021-05-21 09:41 AM,Tree Removal Inspection,TREEMAINTENANCE,"PATINO, ARNULFO",103  FUNSTON ,"5, ZONE",495W,5556d,CLOSED
179286,Tree Trim,2021-05-21 09:41 AM,Tree Trim Inspection,TREEMAINTENANCE,"BLANCHETTE, PETER",9402 CARMALEE ST,"6, ZONE",575Z,5751c,CLOSED
179287,Tree Trim,2021-05-21 10:15 AM,Tree Trim Inspection,TREEMAINTENANCE,"UF - POLOVTSEV, SERA",8995  IMOGENE ,"2, ZONE",530N,4954d,CLOSED
179288,Tree Trim,2021-05-21 10:57 AM,Tree Trim Inspection,TREEMAINTENANCE,"UF - JONES, CODY",6646  BARNEY ,"3, ZONE",451J,5060b,CLOSED
179289,Tree Removal,2021-05-21 11:01 AM,Tree Removal Inspection,TREEMAINTENANCE,"UF - JONES, CODY",258  CARBY ,"4, ZONE",413T,5362b,CLOSED
179290,Tree Trim,2021-05-21 11:45 AM,Tree Trim Inspection,TREEMAINTENANCE,"UF - BURKES, JEREMY",6907  DU BOISE ,"3, ZONE",411Z,5161b,CLOSED
179291,Tree Removal,2021-05-21 12:01 PM,Tree Removal Inspection,TREEMAINTENANCE,"UF - POLOVTSEV, SERA",6831  CHERRYDALE ,"6, ZONE",534V,5554d,CLOSED
179292,Tree Removal,2021-05-21 12:03 PM,Tree Removal Inspection,TREEMAINTENANCE,"UF - POLOVTSEV, SERA",4331  O REILLY ,"2, ZONE",492M,5357a,CLOSED
179293,Tree Planting,2021-05-21 12:06 PM,Tree Planting Inspection,TREEPROTECTION,"UF - POLOVTSEV, SERA",4331  O REILLY ,"2, ZONE",492M,5357a,CLOSED
179294,Tree Trim,2021-05-21 12:10 PM,Tree Trim Inspection,TREEMAINTENANCE,"UF - POLOVTSEV, SERA", 700 DENNIS ST&2700 LOUISIANA ST,"2, ZONE",493T,5357d,CLOSED
179295,Tree Trim,2021-05-21 12:10 PM,Tree Trim Inspection,TREEMAINTENANCE,"UF - POLOVTSEV, SERA",6605  BIRDWOOD ,"7, ZONE",530R,5054d,CLOSED
179296,Tree Removal,2021-05-21 12:14 PM,Tree Removal Inspection,TREEMAINTENANCE,"UF - POLOVTSEV, SERA",255  ISOLDE ,"2, ZONE",489L,4957a,CLOSED
179297,Tree Trim,2021-05-21 12:16 PM,Tree Trim Inspection,TREEMAINTENANCE,"UF - JONES, CODY",7301  BIGWOOD ,"4, ZONE",455A,5561b,CLOSED
179298,Tree Removal,2021-05-21 01:00 PM,Tree Removal Inspection,TREEMAINTENANCE,"UF - POLOVTSEV, SERA",2551 N MACGREGOR ,"6, ZONE",533B,5355b,CLOSED
179299,Tree Removal,2021-05-21 01:12 PM,Tree Removal Inspection,TREEMAINTENANCE,"BLANCHETTE, PETER", 15515 KENTFORD DR,"5, ZONE",618J,5949b,CLOSED
179300,Tree Trim,2021-05-21 01:26 PM,Tree Trim Inspection,TREEMAINTENANCE,"UF - POLOVTSEV, SERA",6513  KASSARINE ,"6, ZONE",534P,5454b,CLOSED
179301,Tree Trim,2021-05-21 01:36 PM,Tree Trim Inspection,TREEMAINTENANCE,"BLANCHETTE, PETER",721  ST CHARLES ,"5, ZONE",493R,5457c,CLOSED
179302,Tree Trim,2021-05-21 02:32 PM,Tree Trim Inspection,TREEMAINTENANCE,"UF - POLOVTSEV, SERA",13602  HIRAM CLARKE ,"7, ZONE",571M,5252c,CLOSED
179303,Tree Removal,2021-05-21 02:33 PM,Tree Removal Inspection,TREEMAINTENANCE,"UF - BURKES, JEREMY",18203 GROESCHKE RD (CULLEN PARK),"3, ZONE",447P,77084,CLOSED
179307,Tree Code Violation,2021-05-21 03:55 PM,Tree Code Violation Inspection,TREEPROTECTION,"UF - POLOVTSEV, SERA",4034  TARTAN ,"7, ZONE",532J,5254a,CLOSED
179308,Tree Trim,2021-05-21 04:01 PM,Tree Trim Inspection,TREEMAINTENANCE,"UF - POLOVTSEV, SERA", 5000 S BRAESWOOD BLVD&9400 MILLBURY DR,"7, ZONE",531U,5154d,CLOSED
179309,Tree Trim,2021-05-21 04:23 PM,Tree Trim Inspection,TREEMAINTENANCE,"UF - JONES, CODY",1510  WALNUT ,"4, ZONE",336F,5769c,CLOSED
179310,Tree Trim,2021-05-21 04:40 PM,Tree Trim Inspection,TREEMAINTENANCE,"UF - POLOVTSEV, SERA",5406  ARIEL ,"7, ZONE",531P,5154c,CLOSED
179311,Tree Trim,2021-05-21 07:53 PM,Tree Trim Inspection,TREEMAINTENANCE,"UF - JONES, CODY", 7300 EASTER ST&2500 GLEN AVE,"3, ZONE",412S,5162d,CLOSED
179312,Tree Removal,2021-05-21 09:26 PM,Tree Removal Inspection,TREEMAINTENANCE,"BLANCHETTE, PETER",809  MALTBY ,"5, ZONE",494V,5556b,CLOSED
179313,Tree Removal,2021-05-22 09:51 AM,Tree Removal Inspection,TREEMAINTENANCE,"PATINO, ARNULFO",1027  HAHLO ,"5, ZONE",494H,5558c,CLOSED
179314,Tree Removal,2021-05-22 09:54 AM,Tree Removal Inspection,TREEMAINTENANCE,"BLANCHETTE, PETER",10802  SAGEMEADOW ,"6, ZONE",616B,5750a,CLOSED
179315,Tree Trim,2021-05-22 01:21 PM,Tree Trim Inspection,TREEMAINTENANCE,"UF - JONES, CODY",4927  HIALEAH ,"3, ZONE",451L,5160d,CLOSED
179316,Tree Stump Grinding,2021-05-22 01:58 PM,Tree Stump Inspection,TREEMAINTENANCE,"UF - JONES, CODY",8422  WHITECASTLE ,"3, ZONE",412Q,5262b,CLOSED
179317,Tree Stump Grinding,2021-05-22 02:01 PM,Tree Stump Inspection,TREEMAINTENANCE,"BLANCHETTE, PETER",1406  WAVERLY ,"3, ZONE",452Z,5359c,CLOSED
179318,Tree Trim,2021-05-22 03:43 PM,Tree Trim Inspection,TREEMAINTENANCE,"BLANCHETTE, PETER",7411  AVENUE I ,"5, ZONE",495S,5556b,CLOSED
179319,Tree Removal,2021-05-22 10:32 PM,Tree Removal Inspection,TREEMAINTENANCE,"UF - POLOVTSEV, SERA", 11900 GREEN GLADE DR&10200 KEEGAN RD,"2, ZONE",529S,4853b,CLOSED
179320,Tree Removal,2021-05-22 10:45 PM,Tree Removal Inspection,TREEMAINTENANCE,"BLANCHETTE, PETER",4301  ALLISON ,"6, ZONE",573R,5451b,CLOSED
179322,Tree Trim,2021-05-23 05:50 AM,Tree Trim Inspection,TREEMAINTENANCE,"UF - POLOVTSEV, SERA", 200 S POST OAK LN&4880 WOODWAY DR,"2, ZONE",491L,5157b,CLOSED
179323,Tree Trim,2021-05-23 09:50 AM,Tree Trim Inspection,TREEMAINTENANCE,"UF - JONES, CODY",1431  SYCAMORE ,"4, ZONE",336F,5769c,CLOSED
179324,Tree Trim,2021-05-23 09:52 AM,Tree Trim Inspection,TREEMAINTENANCE,"UF - JONES, CODY",1401  SYCAMORE ,"4, ZONE",336F,5669d,CLOSED
179325,Tree Removal,2021-05-23 10:42 AM,Tree Removal Inspection,TREEMAINTENANCE,"BLANCHETTE, PETER",3103  SUNNYDALE ,"6, ZONE",573F,5352b,CLOSED
179329,Tree Trim,2021-05-23 12:45 PM,Tree Trim Inspection,TREEMAINTENANCE,"UF - JONES, CODY",1502  WILLOW ROCK ,"3, ZONE",412K,5262a,CLOSED
179330,Tree Trim,2021-05-23 02:40 PM,Tree Trim Inspection,TREEMAINTENANCE,"UF - JONES, CODY",2616  CHEW ,"4, ZONE",494C,5558a,CLOSED
179331,Tree Removal,2021-05-23 05:11 PM,Tree Removal Inspection,TREEMAINTENANCE,"UF - JONES, CODY",5302  PARK PLAZA ,"3, ZONE",452C,5261d,CLOSED
179332,Tree Removal,2021-05-23 08:12 PM,Tree Removal Inspection,TREEMAINTENANCE,"UF - JONES, CODY",4609  WILEY ,"4, ZONE",414Y,5561a,CLOSED
179334,Tree Trim,2021-05-24 07:48 AM,Tree Trim Inspection,TREEMAINTENANCE,"UF - POLOVTSEV, SERA",5510  LYMBAR ,"7, ZONE",531X,5153a,CLOSED
179335,Tree Trim,2021-05-24 08:04 AM,Tree Trim Inspection,TREEMAINTENANCE,"UF - POLOVTSEV, SERA",12202  PALMFREE ,"5, ZONE",576R,5852c,CLOSED
179336,Tree Removal,2021-05-24 08:36 AM,Tree Removal Inspection,TREEMAINTENANCE,"BLANCHETTE, PETER",6601  SYLVAN ,"5, ZONE",534C,5555a,CLOSED
179337,Tree Removal,2021-05-24 08:53 AM,Tree Removal Inspection,TREEMAINTENANCE,"UF - JONES, CODY", 2106 DES CHAUMES ST&3000 NOBLE ST,"4, ZONE",494A,5458b,CLOSED
179338,Tree Removal,2021-05-24 08:57 AM,Tree Removal Inspection,TREEMAINTENANCE,"UF - JONES, CODY", 10092 N GREEN RIVER DR&10190 LEY RD,"4, ZONE",456F,5760a,CLOSED
179339,Tree Removal,2021-05-24 09:15 AM,Tree Removal Inspection,TREEMAINTENANCE,"BLANCHETTE, PETER",5800  BAYOU BEND CT,"6, ZONE",533G,5455c,CLOSED
179340,Tree Trim,2021-05-24 09:24 AM,Tree Trim Inspection,TREEMAINTENANCE,"UF - JONES, CODY", 4900 CREEKMONT DR&5300 MANGUM RD,"3, ZONE",451G,5160b,CLOSED
179341,Tree Trim,2021-05-24 09:28 AM,Tree Trim Inspection,TREEMAINTENANCE,"UF - JONES, CODY", 4900 CREEKMONT DR&5300 MANGUM RD,"3, ZONE",451G,5160b,CLOSED
179343,Tree Removal,2021-05-24 09:41 AM,Tree Removal Inspection,TREEMAINTENANCE,"BLANCHETTE, PETER",6147  RIDGEWAY ,"6, ZONE",534Y,5553a,CLOSED
179344,Tree Trim,2021-05-24 09:52 AM,Tree Trim Inspection,TREEMAINTENANCE,"UF - POLOVTSEV, SERA",1905  DRISCOLL ,"2, ZONE",492R,5357c,CLOSED
179345,Tree Removal,2021-05-24 10:17 AM,Tree Removal Inspection,TREEMAINTENANCE,"UF - POLOVTSEV, SERA",5013  BARKLEY ,"5, ZONE",535R,5654b,CLOSED
179346,Tree Trim,2021-05-24 10:24 AM,Tree Trim Inspection,TREEMAINTENANCE,"UF - JONES, CODY",13205  LAGUNA ,"4, ZONE",497E,5858c,CLOSED
179348,Tree Trim,2021-05-24 10:36 AM,Tree Trim Inspection,TREEMAINTENANCE,"BLANCHETTE, PETER",5010  PERRY ,"6, ZONE",534J,5454b,CLOSED
179349,Tree Trim,2021-05-24 10:36 AM,Tree Trim Inspection,TREEMAINTENANCE,"UF - JONES, CODY", 2300 OAK SHORES DR&3700 WOODLAND HILLS DR,"4, ZONE",296Z,5770b,CLOSED
179350,Tree Trim,2021-05-24 10:39 AM,Tree Trim Inspection,TREEMAINTENANCE,"UF - JONES, CODY",2207  MIDDLE CREEK ,"4, ZONE",296Z,5770a,CLOSED
179352,Tree Trim,2021-05-24 11:00 AM,Tree Trim Inspection,TREEMAINTENANCE,"UF - JONES, CODY", 6700 HOUSMAN ST&1650 SILBER RD,"3, ZONE",451Y,5159d,CLOSED
179353,Tree Trim,2021-05-24 11:54 AM,Tree Trim Inspection,TREEMAINTENANCE,"BLANCHETTE, PETER", 16700 BURWOOD CT&16800 BURWOOD WAY&2100 COLLEGE GREEN DR,"5, ZONE",618M,6049b,CLOSED
179354,Tree Trim,2021-05-24 11:55 AM,Tree Trim Inspection,TREEMAINTENANCE,"BLANCHETTE, PETER", 16600 KENTWOOD DR&1800 SULLINS WAY,"5, ZONE",618Q,6049a,CLOSED
179355,Tree Trim,2021-05-24 11:57 AM,Tree Trim Inspection,TREEMAINTENANCE,"UF - JONES, CODY",11067  SPOTTSWOOD ,"4, ZONE",415S,5562b,CLOSED
179356,Tree Removal,2021-05-24 12:03 PM,Tree Removal Inspection,TREEMAINTENANCE,"BLANCHETTE, PETER",9241  FOREST VIEW ,"4, ZONE",455D,5661d,CLOSED
179357,Tree Removal,2021-05-24 12:06 PM,Tree Removal Inspection,TREEMAINTENANCE,"PATINO, ARNULFO",714  HENKE ,"4, ZONE",494H,5558c,CLOSED
179358,Tree Removal,2021-05-24 12:16 PM,Tree Removal Inspection,TREEMAINTENANCE,"BLANCHETTE, PETER",2238  MARLO ,"5, ZONE",534H,5555b,CLOSED
179359,Tree Removal,2021-05-24 12:17 PM,Tree Removal Inspection,TREEMAINTENANCE,"BLANCHETTE, PETER",335  DELZ ,"3, ZONE",452H,5360a,CLOSED
179360,Tree Trim,2021-05-24 12:20 PM,Tree Trim Inspection,TREEMAINTENANCE,"BLANCHETTE, PETER", 13000 ALMEDA GENOA RD&9900 PALMHILL ST,"5, ZONE",576R,5852c,CLOSED
179361,Tree Trim,2021-05-24 12:20 PM,Tree Trim Inspection,TREEMAINTENANCE,"BLANCHETTE, PETER",5233  PEDERSON ,"6, ZONE",574A,5453d,CLOSED
179362,Tree Trim,2021-05-24 12:22 PM,Tree Trim Inspection,TREEMAINTENANCE,"BLANCHETTE, PETER",2232  MARLO ,"5, ZONE",534H,5555b,CLOSED
179364,Tree Removal,2021-05-24 12:52 PM,Tree Removal Inspection,TREEMAINTENANCE,"UF - JONES, CODY",10645  HAMMERLY ,"3, ZONE",449Q,4959a,CLOSED
179365,Tree Removal,2021-05-24 01:14 PM,Tree Removal Inspection,TREEMAINTENANCE,"PATINO, ARNULFO",7918  KELLER ,"5, ZONE",535F,5655c,CLOSED
179366,Tree Trim,2021-05-24 01:14 PM,Tree Trim Inspection,TREEMAINTENANCE,"UF - POLOVTSEV, SERA",8507  MAIN ,"7, ZONE",532Q,5254b,CLOSED
179367,Tree Protection Rev,2021-05-24 01:29 PM,Tree Protection Review Inspection,TREEPROTECTION,"UF - JONES, CODY",1346  HARVARD ,"3, ZONE",453W,5359c,CLOSED
179368,Tree Removal,2021-05-24 01:48 PM,Tree Removal Inspection,TREEMAINTENANCE,"UF - JONES, CODY", 1100 W TIDWELL RD&5600 WHEATLEY ST,"3, ZONE",452B,5261c,CLOSED
179369,Tree Removal,2021-05-24 01:50 PM,Tree Removal Inspection,TREEMAINTENANCE,"UF - JONES, CODY", 5500 KNOX ST&900 W TIDWELL RD,"3, ZONE",452C,5261d,CLOSED
179370,Tree Trim,2021-05-24 02:23 PM,Tree Trim Inspection,TREEMAINTENANCE,"UF - JONES, CODY",2335  LAKE VILLAGE ,"4, ZONE",336C,5769a,CLOSED
179371,Tree Trim,2021-05-24 02:35 PM,Tree Trim Inspection,TREEMAINTENANCE,"UF - POLOVTSEV, SERA", 7600 BEECH COVE LN&12100 SELA LN,"2, ZONE",529J,4854b,CLOSED
179372,Tree Trim,2021-05-24 02:52 PM,Tree Trim Inspection,TREEMAINTENANCE,"UF - JONES, CODY",4005  LUCILLE ,"4, ZONE",494B,5458b,CLOSED
179374,Tree Trim,2021-05-24 03:04 PM,Tree Trim Inspection,TREEMAINTENANCE,"UF - JONES, CODY",7604  SANDRADALE ,"4, ZONE",454L,5560a,CLOSED
179375,Tree Removal,2021-05-24 03:11 PM,Tree Removal Inspection,TREEMAINTENANCE,"UF - JONES, CODY",2326  LAKE VILLAGE ,"4, ZONE",336G,5769a,CLOSED
179378,Tree Trim,2021-05-24 04:09 PM,Tree Trim Inspection,TREEMAINTENANCE,"UF - POLOVTSEV, SERA",7802  DEL REY ,"7, ZONE",530U,5053b,CLOSED
179379,Tree Trim,2021-05-24 04:14 PM,Tree Trim Inspection,TREEMAINTENANCE,"UF - POLOVTSEV, SERA", 6200 GREENBRIAR DR&2300 WATTS ST,"7, ZONE",532G,5255d,CLOSED
179380,Tree Removal,2021-05-24 04:15 PM,Tree Removal Inspection,TREEMAINTENANCE,"PATINO, ARNULFO",7002  AVENUE P ,"5, ZONE",494V,5557d,CLOSED
179381,Tree Removal,2021-05-24 04:34 PM,Tree Removal Inspection,TREEMAINTENANCE,"UF - POLOVTSEV, SERA", 426 BENIGNUS RD&12500 OLD OAKS DR,"2, ZONE",489H,4957b,CLOSED
179382,Tree Trim,2021-05-24 06:02 PM,Tree Trim Inspection,TREEMAINTENANCE,"PATINO, ARNULFO", 4100 VICTORY DR&7400 VOGEL RD,"3, ZONE",411U,5162d,CLOSED
179383,Tree Trim,2021-05-24 11:39 PM,Tree Trim Inspection,TREEMAINTENANCE,"UF - POLOVTSEV, SERA", 5440 MAPLE ST&8100 RENWICK DR&5500 SYLMAR RD,"7, ZONE",531N,5154a,CLOSED
179386,Tree Trim,2021-05-25 06:54 AM,Tree Trim Inspection,TREEMAINTENANCE,"UF - POLOVTSEV, SERA", 1200 BINZ ST&5600 SAN JACINTO ST,"7, ZONE",533A,5356d,CLOSED
179388,Tree Trim,2021-05-25 07:17 AM,Tree Trim Inspection,TREEMAINTENANCE,"UF - POLOVTSEV, SERA",11135  BELLSPRING ,"2, ZONE",529B,4955c,CLOSED
179390,Tree Removal,2021-05-25 08:15 AM,Tree Removal Inspection,TREEMAINTENANCE,"UF - JONES, CODY",8201  JOHN RALSTON ,"4, ZONE",456F,5761c,CLOSED
179391,Tree Trim,2021-05-25 08:58 AM,Tree Trim Inspection,TREEMAINTENANCE,"UF - POLOVTSEV, SERA",5600 SAN JACINTO ST,"7, ZONE",533A,5356d,CLOSED
179392,Tree Removal,2021-05-25 09:02 AM,Tree Removal Inspection,TREEMAINTENANCE,"UF - JONES, CODY",801  ENID ,"3, ZONE",453X,5359d,CLOSED
179393,Tree Trim,2021-05-25 09:05 AM,Tree Trim Inspection,TREEMAINTENANCE,"UF - POLOVTSEV, SERA",4330  OREILLY ,"2, ZONE",492M,5357a,CLOSED
179394,Tree Removal,2021-05-25 09:06 AM,Tree Removal Inspection,TREEMAINTENANCE,"UF - POLOVTSEV, SERA",4330  OREILLY ,"2, ZONE",492M,5357a,CLOSED
179395,Tree Removal,2021-05-25 09:18 AM,Tree Removal Inspection,TREEMAINTENANCE,"UF - POLOVTSEV, SERA",1415  CUSHING ,"2, ZONE",493P,5357d,CLOSED
179396,Tree Removal,2021-05-25 09:22 AM,Tree Removal Inspection,TREEMAINTENANCE,"UF - POLOVTSEV, SERA",8126  DE LEON ,"6, ZONE",535T,5654c,CLOSED
179397,Tree Trim,2021-05-25 09:51 AM,Tree Trim Inspection,TREEMAINTENANCE,"UF - JONES, CODY",9126  RUTHERFORD ,"3, ZONE",412K,5263d,CLOSED
179398,Tree Removal,2021-05-25 10:03 AM,Tree Removal Inspection,TREEMAINTENANCE,"UF - POLOVTSEV, SERA",1428  WENTWORTH ,"7, ZONE",493X,5356d,CLOSED
179399,Tree Trim,2021-05-25 10:16 AM,Tree Trim Inspection,TREEMAINTENANCE,"UF - POLOVTSEV, SERA",1802  BANKS ,"7, ZONE",492Z,5356c,CLOSED
179400,Tree Removal,2021-05-25 10:19 AM,Tree Removal Inspection,TREEMAINTENANCE,"BLANCHETTE, PETER",801  ENID ,"3, ZONE",453X,5359d,CLOSED
179401,Tree Removal,2021-05-25 10:29 AM,Tree Removal Inspection,TREEMAINTENANCE,"UF - POLOVTSEV, SERA",5819  FARWELL ,"7, ZONE",571E,5152c,CLOSED
179402,Tree Removal,2021-05-25 10:32 AM,Tree Removal Inspection,TREEMAINTENANCE,"BLANCHETTE, PETER",7155  SIMS ,"6, ZONE",534Z,5553b,CLOSED
179403,Tree Trim,2021-05-25 10:51 AM,Tree Trim Inspection,TREEMAINTENANCE,"UF - POLOVTSEV, SERA", 600 JEFFERSON ST&1800 SMITH ST,"1, ZONE",493P,5357d,CLOSED
179404,Tree Trim,2021-05-25 11:10 AM,Tree Trim Inspection,TREEMAINTENANCE,"UF - POLOVTSEV, SERA", 600 DENNIS ST&2700 SMITH ST,"2, ZONE",493T,5357d,CLOSED
179405,Tree Removal,2021-05-25 11:24 AM,Tree Removal Inspection,TREEMAINTENANCE,"UF - POLOVTSEV, SERA",2214  SUL ROSS ,"2, ZONE",492U,5256b,CLOSED
179408,Tree Removal,2021-05-25 11:49 AM,Tree Removal Inspection,TREEMAINTENANCE,"UF - JONES, CODY",5614  KITTRIDGE ,"4, ZONE",454M,5560a,CLOSED
179409,Tree Trim,2021-05-25 11:50 AM,Tree Trim Inspection,TREEMAINTENANCE,"UF - JONES, CODY",2419  SAM WILSON ,"4, ZONE",494C,5558a,CLOSED
179412,Tree Trim,2021-05-25 12:15 PM,Tree Trim Inspection,TREEMAINTENANCE,"UF - POLOVTSEV, SERA",12730  GRAND CROSS ,"2, ZONE",528M,4854a,CLOSED
179413,Tree Removal,2021-05-25 12:20 PM,Tree Removal Inspection,TREEMAINTENANCE,"UF - JONES, CODY",9270  THEYSEN ,"3, ZONE",450L,5060c,CLOSED
179415,Tree Trim,2021-05-25 12:23 PM,Tree Trim Inspection,TREEMAINTENANCE,"UF - JONES, CODY",803  TEMPLE ,"3, ZONE",453X,5358b,CLOSED
179417,Tree Trim,2021-05-25 01:02 PM,Tree Trim Inspection,TREEMAINTENANCE,"UF - JONES, CODY",215 E 25TH ,"3, ZONE",453S,5359a,CLOSED
179418,Tree Trim,2021-05-25 01:28 PM,Tree Trim Inspection,TREEMAINTENANCE,"UF - POLOVTSEV, SERA", 2900 LAMAR ST&1100 PAIGE ST,"5, ZONE",493V,5457c,CLOSED
179419,Tree Trim,2021-05-25 01:54 PM,Tree Trim Inspection,TREEMAINTENANCE,"UF - POLOVTSEV, SERA", 8000 ELROD ST&8474 WINKLER DR,"5, ZONE",535U,5654d,CLOSED
179420,Tree Removal,2021-05-25 03:00 PM,Tree Removal Inspection,TREEMAINTENANCE,"UF - POLOVTSEV, SERA",9333  STELLA LINK ,"7, ZONE",532S,5254c,CLOSED
179421,Tree Code Violation,2021-05-25 03:10 PM,Tree Code Violation Inspection,TREEPROTECTION,"UF - POLOVTSEV, SERA",6802  LANGDON ,"7, ZONE",530M,5054b,CLOSED
179422,Tree Trim,2021-05-25 03:12 PM,Tree Trim Inspection,TREEMAINTENANCE,"PATINO, ARNULFO", 800 93RD ST&9300 E AVENUE N,"5, ZONE",535C,5656d,CLOSED
179423,Tree Removal,2021-05-25 03:57 PM,Tree Removal Inspection,TREEMAINTENANCE,"UF - JONES, CODY",110 E 26TH ,"3, ZONE",453S,5359a,CLOSED
179424,Tree Removal,2021-05-25 05:10 PM,Tree Removal Inspection,TREEMAINTENANCE,"BLANCHETTE, PETER",4734  BRANCH ,"6, ZONE",533R,5454d,CLOSED
179426,Tree Trim,2021-05-25 06:32 PM,Tree Trim Inspection,TREEMAINTENANCE,"UF - JONES, CODY", 1400 W GULF BANK RD&8900 VETERANS MEMORIAL DR,"3, ZONE",412L,5262b,CLOSED
179427,Tree Removal,2021-05-25 07:28 PM,Tree Removal Inspection,TREEMAINTENANCE,"UF - POLOVTSEV, SERA",3563  GOODHOPE ,"6, ZONE",533P,5354d,CLOSED
179428,Tree Removal,2021-05-25 08:42 PM,Tree Removal Inspection,TREEMAINTENANCE,"PATINO, ARNULFO",5010  PEASE ,"5, ZONE",494X,5556a,CLOSED
179430,Tree Removal,2021-05-26 07:06 AM,Tree Removal Inspection,TREEMAINTENANCE,"UF - JONES, CODY",2502 W 18TH ,"3, ZONE",452S,5259c,CLOSED
179431,Tree Trim,2021-05-26 07:27 AM,Tree Trim Inspection,TREEMAINTENANCE,"UF - JONES, CODY",4214  CASTOR ,"3, ZONE",453J,5360c,CLOSED
179432,Tree Removal,2021-05-26 08:09 AM,Tree Removal Inspection,TREEMAINTENANCE,"UF - POLOVTSEV, SERA", 6300 FONDREN RD&7700 MOONMIST DR,"2, ZONE",530G,5055c,CLOSED
179433,Tree Trim,2021-05-26 09:44 AM,Tree Trim Inspection,TREEMAINTENANCE,"UF - POLOVTSEV, SERA",5515  SAN JACINTO ,"7, ZONE",533A,5356d,CLOSED
179434,Tree Trim,2021-05-26 09:54 AM,Tree Trim Inspection,TREEMAINTENANCE,"UF - JONES, CODY",209  22ND ,"3, ZONE",452V,5359a,CLOSED
179435,Tree Trim,2021-05-26 09:54 AM,Tree Trim Inspection,TREEMAINTENANCE,"UF - POLOVTSEV, SERA", 10920 CEDARHURST DR&5200 STILLBROOKE DR,"7, ZONE",531X,5153d,CLOSED
179436,Tree Trim,2021-05-26 09:56 AM,Tree Trim Inspection,TREEMAINTENANCE,"PATINO, ARNULFO", 8200 BISSONNET ST&8922 WATEKA DR,"7, ZONE",530P,5054c,CLOSED
179437,Tree Stump Grinding,2021-05-26 09:58 AM,Tree Stump Inspection,TREEMAINTENANCE,"PATINO, ARNULFO",7900 BISSONNET ST,"7, ZONE",530Q,77074,CLOSED
179438,Tree Removal,2021-05-26 10:28 AM,Tree Removal Inspection,TREEMAINTENANCE,"UF - POLOVTSEV, SERA",6406  SUMMER RIDGE ,"7, ZONE",571X,5150a,CLOSED
179439,Tree Trim,2021-05-26 10:30 AM,Tree Trim Inspection,TREEMAINTENANCE,"UF - JONES, CODY", 6800 COUCH ST&1030 MELON ST,"3, ZONE",412X,5261b,CLOSED
179440,Tree Removal,2021-05-26 10:43 AM,Tree Removal Inspection,TREEMAINTENANCE,"BLANCHETTE, PETER",6200  WHEELER ,"6, ZONE",534G,5555c,CLOSED
179441,Tree Trim,2021-05-26 10:55 AM,Tree Trim Inspection,TREEMAINTENANCE,"BLANCHETTE, PETER",10803  EDDYROCK ,"6, ZONE",576T,5751c,CLOSED
179442,Tree Trim,2021-05-26 11:24 AM,Tree Trim Inspection,TREEMAINTENANCE,"PATINO, ARNULFO", 6100 ELM ST&6300 RAMPART ST,"7, ZONE",531E,5155c,CLOSED
179443,Tree Trim,2021-05-26 11:33 AM,Tree Trim Inspection,TREEMAINTENANCE,"UF - JONES, CODY",5302  PARK PLAZA ,"3, ZONE",452C,5261d,CLOSED
179444,Tree Trim,2021-05-26 12:03 PM,Tree Trim Inspection,TREEMAINTENANCE,"UF - POLOVTSEV, SERA",1401  WENTWORTH ,"7, ZONE",493X,5356d,CLOSED
179446,Tree Removal,2021-05-26 12:21 PM,Tree Removal Inspection,TREEMAINTENANCE,"UF - JONES, CODY",7130  SAINT LOUIS ,"4, ZONE",454R,5560d,CLOSED
179447,Tree Removal,2021-05-26 12:26 PM,Tree Removal Inspection,TREEMAINTENANCE,"BLANCHETTE, PETER",6425  LONG ,"6, ZONE",534Q,5554a,CLOSED
179448,Tree Trim,2021-05-26 12:27 PM,Tree Trim Inspection,TREEMAINTENANCE,"PATINO, ARNULFO",6002 SHERMAN ST,"5, ZONE",494U,77011,CLOSED
179449,Tree Removal,2021-05-26 02:10 PM,Tree Removal Inspection,TREEMAINTENANCE,"UF - POLOVTSEV, SERA",736  ALLSTON ,"3, ZONE",492D,5358a,CLOSED
179450,Tree Removal,2021-05-26 02:12 PM,Tree Removal Inspection,TREEMAINTENANCE,"UF - JONES, CODY",618  SOREN ,"4, ZONE",453C,5361b,CLOSED
179451,Tree Trim,2021-05-26 02:14 PM,Tree Trim Inspection,TREEMAINTENANCE,"BLANCHETTE, PETER",6639  STEARNS ,"6, ZONE",533L,5455c,CLOSED
179453,Tree Trim,2021-05-26 03:30 PM,Tree Trim Inspection,TREEMAINTENANCE,"BLANCHETTE, PETER",9402  CARMALEE ,"6, ZONE",575Z,5751c,CLOSED
179454,Tree Trim,2021-05-26 03:40 PM,Tree Trim Inspection,TREEMAINTENANCE,"BLANCHETTE, PETER",10703  ALMEDA GENOA ,"5, ZONE",576Q,5752d,CLOSED
179456,Tree Removal,2021-05-26 04:40 PM,Tree Removal Inspection,TREEMAINTENANCE,"UF - JONES, CODY",208 W 16TH ,"3, ZONE",452Z,5359c,CLOSED
179457,Tree Removal,2021-05-26 05:01 PM,Tree Removal Inspection,TREEMAINTENANCE,"BLANCHETTE, PETER",2701  KINGWOOD ,"4, ZONE",337A,5769b,CLOSED
179458,Tree Removal,2021-05-26 06:30 PM,Tree Removal Inspection,TREEMAINTENANCE,"BLANCHETTE, PETER", 1300 N 77TH ST&7600 E NAVIGATION BLVD,"5, ZONE",495T,5656a,CLOSED
179459,Tree Trim,2021-05-26 06:31 PM,Tree Trim Inspection,TREEMAINTENANCE,"BLANCHETTE, PETER", 7715 AVENUE L,"5, ZONE",495T,5656a,CLOSED
179460,Tree Trim,2021-05-26 08:09 PM,Tree Trim Inspection,TREEMAINTENANCE,"PATINO, ARNULFO",7834  HUMMINGBIRD ,"7, ZONE",530Y,5053d,CLOSED
179461,Tree Removal,2021-05-27 12:50 AM,Tree Removal Inspection,TREEMAINTENANCE,"UF - JONES, CODY", 20310 LAKELANE WEST DR&3200 SONGBIRD LN,"4, ZONE",336P,5768a,CLOSED
179462,Tree Removal,2021-05-27 01:41 AM,Tree Removal Inspection,TREEMAINTENANCE,"UF - JONES, CODY",8602  KEMPWOOD ,"3, ZONE",450R,5060d,CLOSED
179463,Tree Removal,2021-05-27 01:42 AM,Tree Removal Inspection,TREEMAINTENANCE,"UF - JONES, CODY",8602  KEMPWOOD ,"3, ZONE",450R,5060d,CLOSED
179464,Tree Removal,2021-05-27 01:55 AM,Tree Removal Inspection,TREEMAINTENANCE,"UF - JONES, CODY",3975  BOLIN ,"3, ZONE",451K,5160c,CLOSED
179465,Tree Trim,2021-05-27 02:04 AM,Tree Trim Inspection,TREEMAINTENANCE,"PATINO, ARNULFO",3326  CANAL ,"5, ZONE",494N,5457d,CLOSED
179466,Tree Trim,2021-05-27 02:13 AM,Tree Trim Inspection,TREEMAINTENANCE,"UF - JONES, CODY", 4300 W 43RD ST&4300 WATONGA BLVD,"3, ZONE",451M,5160b,CLOSED
179467,Tree Trim,2021-05-27 04:04 AM,Tree Trim Inspection,TREEMAINTENANCE,"PATINO, ARNULFO", 7255 BROOK STONE DR&8800 LANGFIELD RD,"3, ZONE",410V,5062d,CLOSED
179468,Tree Removal,2021-05-27 04:26 AM,Tree Removal Inspection,TREEMAINTENANCE,"UF - POLOVTSEV, SERA",10610  DEERWOOD ,"2, ZONE",489L,4957c,CLOSED
179469,Tree Removal,2021-05-27 08:29 AM,Tree Removal Inspection,TREEMAINTENANCE,"UF - JONES, CODY",1500  CROMWELL ,"4, ZONE",413U,5462a,CLOSED
179470,Tree Trim,2021-05-27 08:39 AM,Tree Trim Inspection,TREEMAINTENANCE,"UF - JONES, CODY",302  HEIDRICH ,"3, ZONE",452M,5360a,CLOSED
179471,Tree Removal,2021-05-27 08:41 AM,Tree Removal Inspection,TREEMAINTENANCE,"UF - POLOVTSEV, SERA",2501  COMMONWEALTH ,"2, ZONE",493S,5357c,CLOSED
179472,Tree Trim,2021-05-27 09:00 AM,Tree Trim Inspection,TREEMAINTENANCE,"PATINO, ARNULFO",11130  CEDARHURST ,"7, ZONE",531X,5153d,CLOSED
179473,Tree Stump Grinding,2021-05-27 09:17 AM,Tree Stump Inspection,TREEMAINTENANCE,"UF - POLOVTSEV, SERA",11830  PEACH GROVE ,"2, ZONE",529W,4853d,CLOSED
179474,Tree Trim,2021-05-27 09:48 AM,Tree Trim Inspection,TREEMAINTENANCE,"PATINO, ARNULFO", 8720 BRAESMONT DR&5400 JACKWOOD ST,"7, ZONE",531P,5154c,CLOSED
179476,Tree Trim,2021-05-27 09:54 AM,Tree Trim Inspection,TREEMAINTENANCE,"BLANCHETTE, PETER", 5600 ELM TREE DR&5500 SELINSKY RD,"6, ZONE",574J,5452d,CLOSED
179477,Tree Trim,2021-05-27 10:34 AM,Tree Trim Inspection,TREEMAINTENANCE,"UF - POLOVTSEV, SERA", 6000 GREENBRIAR DR&2300 SWIFT BLVD,"7, ZONE",532G,5255b,CLOSED
179478,Tree Trim,2021-05-27 11:42 AM,Tree Trim Inspection,TREEMAINTENANCE,"UF - JONES, CODY",1275  MORRIS ,"4, ZONE",493D,5458a,CLOSED
179479,Tree Trim,2021-05-27 11:47 AM,Tree Trim Inspection,TREEMAINTENANCE,"UF - POLOVTSEV, SERA",7038  KRAUSE ,"7, ZONE",571W,5150c,CLOSED
179480,Tree Removal,2021-05-27 12:22 PM,Tree Removal Inspection,TREEMAINTENANCE,"UF - POLOVTSEV, SERA",5252  WESTCHESTER ,"7, ZONE",492X,5256d,CLOSED
179481,Tree Removal,2021-05-27 12:25 PM,Tree Removal Inspection,TREEMAINTENANCE,"UF - POLOVTSEV, SERA",8998  PAGEWOOD ,"2, ZONE",490X,5056c,CLOSED
179482,Tree Trim,2021-05-27 12:28 PM,Tree Trim Inspection,TREEMAINTENANCE,"PATINO, ARNULFO", 3500 GARROW ST&300 YORK ST,"5, ZONE",494N,5457d,CLOSED
179483,Tree Trim,2021-05-27 12:56 PM,Tree Trim Inspection,TREEMAINTENANCE,"BLANCHETTE, PETER",5035  BRISBANE ,"6, ZONE",573M,5452d,CLOSED
179484,Tree Trim,2021-05-27 01:06 PM,Tree Trim Inspection,TREEMAINTENANCE,"PATINO, ARNULFO",8423 BELLAIRE BLVD,"2, ZONE",530F,77036,CLOSED
179485,Tree Trim,2021-05-27 01:20 PM,Tree Trim Inspection,TREEMAINTENANCE,"PATINO, ARNULFO",5203 CHEENA DR,"7, ZONE",531U,77096,CLOSED
179486,Tree Removal,2021-05-27 01:50 PM,Tree Removal Inspection,TREEMAINTENANCE,"UF - POLOVTSEV, SERA",4308 B  BLOSSOM ,"2, ZONE",492M,5357a,CLOSED
179487,Tree Trim,2021-05-27 01:50 PM,Tree Trim Inspection,TREEMAINTENANCE,"UF - JONES, CODY",4903  BENNINGTON ,"4, ZONE",454Q,5560c,CLOSED
179488,Tree Trim,2021-05-27 01:51 PM,Tree Trim Inspection,TREEMAINTENANCE,"UF - JONES, CODY",9314  NYSSA ,"4, ZONE",415Z,5661b,CLOSED
179489,Tree Trim,2021-05-27 02:34 PM,Tree Trim Inspection,TREEMAINTENANCE,"BLANCHETTE, PETER",129  ZACHARY ,"5, ZONE",495U,5656b,CLOSED
179490,Tree Trim,2021-05-27 02:57 PM,Tree Trim Inspection,TREEMAINTENANCE,"UF - POLOVTSEV, SERA", 900 ASHFORD PKWY&12600 BRIAR PATCH DR&1300 S DAIRY ASHFORD RD,"2, ZONE",488M,4857c,CLOSED
179491,Tree Removal,2021-05-27 03:24 PM,Tree Removal Inspection,TREEMAINTENANCE,"UF - JONES, CODY",10122  PINE MOSS ,"3, ZONE",411J,5062b,CLOSED
179492,Tree Removal,2021-05-27 03:24 PM,Tree Removal Inspection,TREEMAINTENANCE,"PATINO, ARNULFO",1020  GAZIN ,"5, ZONE",494H,5558d,CLOSED
179493,Tree Removal,2021-05-27 03:31 PM,Tree Removal Inspection,TREEMAINTENANCE,"UF - JONES, CODY",7924  DARLINGTON ,"4, ZONE",455K,5660a,CLOSED
179494,Tree Trim,2021-05-27 03:54 PM,Tree Trim Inspection,TREEMAINTENANCE,"UF - JONES, CODY",2331  PENNINGTON ,"4, ZONE",454E,5461c,CLOSED
179495,Tree Removal,2021-05-27 04:26 PM,Tree Removal Inspection,TREEMAINTENANCE,"UF - POLOVTSEV, SERA",5122  BEECHNUT ,"7, ZONE",531Q,5154b,CLOSED
179496,Tree Removal,2021-05-27 04:26 PM,Tree Removal Inspection,TREEMAINTENANCE,"UF - POLOVTSEV, SERA",3420  MEADOW LAKE ,"2, ZONE",492P,5257d,CLOSED
179497,Tree Removal,2021-05-27 04:26 PM,Tree Removal Inspection,TREEMAINTENANCE,"UF - JONES, CODY",6122  LYNWOOD BANKS ,"3, ZONE",451F,5160a,CLOSED
179498,Tree Stump Grinding,2021-05-27 04:30 PM,Tree Stump Inspection,TREEMAINTENANCE,"UF - POLOVTSEV, SERA",1336  VASSAR ,"7, ZONE",493W,5356c,CLOSED
179499,Tree Removal,2021-05-27 04:53 PM,Tree Removal Inspection,TREEMAINTENANCE,"BLANCHETTE, PETER",12421  PALMWAY ,"5, ZONE",576R,5852c,CLOSED
179501,Tree Trim,2021-05-27 05:54 PM,Tree Trim Inspection,TREEMAINTENANCE,"UF - JONES, CODY",4211  TERRY ,"4, ZONE",453Z,5459c,CLOSED
179503,Tree Removal,2021-05-27 05:58 PM,Tree Removal Inspection,TREEMAINTENANCE,"UF - JONES, CODY",1007 W DONOVAN ,"3, ZONE",452G,5261d,CLOSED
179506,Tree Trim,2021-05-27 07:22 PM,Tree Trim Inspection,TREEMAINTENANCE,"BLANCHETTE, PETER",6714  MYRTLE ,"5, ZONE",534H,5555b,CLOSED
179507,Tree Trim,2021-05-27 11:50 PM,Tree Trim Inspection,TREEMAINTENANCE,"UF - JONES, CODY",1134  SHADELAND ,"3, ZONE",449Z,4958b,CLOSED
179508,Tree Trim,2021-05-28 01:27 AM,Tree Trim Inspection,TREEMAINTENANCE,"PATINO, ARNULFO",1500 CAMBRIDGE ST,"7, ZONE",533A,77030,CLOSED
179509,Tree Trim,2021-05-28 03:21 AM,Tree Trim Inspection,TREEMAINTENANCE,"UF - POLOVTSEV, SERA", 3900 EMANCIPATION AVE&2400 TRUXILLO ST,"6, ZONE",493Y,5456c,CLOSED
179510,Tree Removal,2021-05-28 08:20 AM,Tree Removal Inspection,TREEMAINTENANCE,"UF - JONES, CODY",3509  PROVIDENCE ,"4, ZONE",494F,5458d,CLOSED
179511,Tree Trim,2021-05-28 08:21 AM,Tree Trim Inspection,TREEMAINTENANCE,"PATINO, ARNULFO",6018 WARM SPRINGS RD,"7, ZONE",571A,77035,CLOSED
179512,Tree Trim,2021-05-28 08:55 AM,Tree Trim Inspection,TREEMAINTENANCE,"BLANCHETTE, PETER",7314  COLTON ,"4, ZONE",415W,5562d,CLOSED
179513,Tree Trim,2021-05-28 09:02 AM,Tree Trim Inspection,TREEMAINTENANCE,"UF - POLOVTSEV, SERA", 600 BAGBY ST&0 MEMORIAL DR&400 TEXAS ST,"1, ZONE",493L,5457a,CLOSED
179514,Tree Trim,2021-05-28 09:22 AM,Tree Trim Inspection,TREEMAINTENANCE,"PATINO, ARNULFO",602 DUNKLEY DR,"4, ZONE",413W,77076,CLOSED
179515,Tree Trim,2021-05-28 09:57 AM,Tree Trim Inspection,TREEMAINTENANCE,"UF - POLOVTSEV, SERA", 1700 BRUN ST&2036 HADDON ST,"2, ZONE",492R,5357c,CLOSED
179516,Tree Trim,2021-05-28 10:22 AM,Tree Trim Inspection,TREEMAINTENANCE,"UF - POLOVTSEV, SERA",2351  UNDERWOOD ,"7, ZONE",532L,5254b,CLOSED
179517,Tree Trim,2021-05-28 10:27 AM,Tree Trim Inspection,TREEMAINTENANCE,"BLANCHETTE, PETER",15810  VIRGINIA FERN ,"5, ZONE",578X,6051c,CLOSED
179518,Tree Trim,2021-05-28 10:28 AM,Tree Trim Inspection,TREEMAINTENANCE,"BLANCHETTE, PETER",15806  VIRGINIA FERN ,"5, ZONE",578X,6051c,CLOSED
179519,Tree Trim,2021-05-28 10:29 AM,Tree Trim Inspection,TREEMAINTENANCE,"BLANCHETTE, PETER",15802  VIRGINIA FERN ,"5, ZONE",578X,6051c,CLOSED
179520,Tree Trim,2021-05-28 10:55 AM,Tree Trim Inspection,TREEMAINTENANCE,"BLANCHETTE, PETER",15710  VIRGINIA FERN ,"5, ZONE",578X,6051c,CLOSED
179521,Tree Trim,2021-05-28 10:55 AM,Tree Trim Inspection,TREEMAINTENANCE,"BLANCHETTE, PETER",15702  VIRGINIA FERN ,"5, ZONE",578X,6051c,CLOSED
179522,Tree Trim,2021-05-28 10:55 AM,Tree Trim Inspection,TREEMAINTENANCE,"BLANCHETTE, PETER",4003  CINNAMON FERN ,"5, ZONE",578X,6051c,CLOSED
179523,Tree Removal,2021-05-28 11:53 AM,Tree Removal Inspection,TREEMAINTENANCE,"BLANCHETTE, PETER",6885  CAYTON ,"6, ZONE",574D,5553d,CLOSED
179524,Tree Removal,2021-05-28 12:35 PM,Tree Removal Inspection,TREEMAINTENANCE,"BLANCHETTE, PETER",10702  SAGEDOWNE ,"6, ZONE",616B,5750d,CLOSED
179527,Tree Trim,2021-05-28 12:57 PM,Tree Trim Inspection,TREEMAINTENANCE,"PATINO, ARNULFO",24 COOPER RD,"4, ZONE",413X,77076,CLOSED
179529,Tree Trim,2021-05-28 01:02 PM,Tree Trim Inspection,TREEMAINTENANCE,"BLANCHETTE, PETER", 4200 NORTHPARK DR&4500 ROCK SPRINGS DR,"4, ZONE",297T,5871c,CLOSED
179532,Tree Removal,2021-05-28 01:50 PM,Tree Removal Inspection,TREEMAINTENANCE,"BLANCHETTE, PETER",6220  UPSHAW ,"4, ZONE",375S,5565d,CLOSED
179533,Tree Trim,2021-05-28 01:57 PM,Tree Trim Inspection,TREEMAINTENANCE,"UF - POLOVTSEV, SERA",1310 W PIERCE ,"2, ZONE",493N,5357c,CLOSED
179537,Tree Trim,2021-05-28 02:21 PM,Tree Trim Inspection,TREEMAINTENANCE,"UF - POLOVTSEV, SERA",5635  CARTAGENA ,"7, ZONE",571A,5152a,CLOSED
179541,Tree Removal,2021-05-28 02:54 PM,Tree Removal Inspection,TREEMAINTENANCE,"PATINO, ARNULFO",5935 HIGH STAR DR,"7, ZONE",531E,77081,CLOSED
179545,Tree Trim,2021-05-28 03:50 PM,Tree Trim Inspection,TREEMAINTENANCE,"UF - POLOVTSEV, SERA",1812  BLODGETT ,"7, ZONE",493X,5356d,CLOSED
179546,Tree Trim,2021-05-28 04:32 PM,Tree Trim Inspection,TREEMAINTENANCE,"PATINO, ARNULFO",6042 RIDGEWAY DR,"6, ZONE",534X,77033,CLOSED
179547,Tree Removal,2021-05-28 04:50 PM,Tree Removal Inspection,TREEMAINTENANCE,"UF - JONES, CODY", 1308 BUNKER HILL RD&9760 WESTVIEW DR,"3, ZONE",450X,5058a,CLOSED
179548,Tree Trim,2021-05-28 05:21 PM,Tree Trim Inspection,TREEMAINTENANCE,"PATINO, ARNULFO",9303 CLARIDGE DR,"7, ZONE",530W,77031,CLOSED
179549,Tree Trim,2021-05-28 05:35 PM,Tree Trim Inspection,TREEMAINTENANCE,"PATINO, ARNULFO", 7100 BELLFORT ST&6400 WALTRIP ST,"6, ZONE",534Z,5553b,CLOSED
179550,Tree Trim,2021-05-28 05:50 PM,Tree Trim Inspection,TREEMAINTENANCE,"UF - JONES, CODY",7706  BIGWOOD ,"4, ZONE",455A,5561b,CLOSED
179551,Tree Removal,2021-05-28 07:04 PM,Tree Removal Inspection,TREEMAINTENANCE,"UF - POLOVTSEV, SERA",7703  OAK VISTA ,"6, ZONE",535S,5654c,CLOSED
179552,Tree Removal,2021-05-28 11:50 PM,Tree Removal Inspection,TREEMAINTENANCE,"PATINO, ARNULFO",6005  BRADY ,"5, ZONE",494U,5556a,CLOSED
179553,Tree Trim,2021-05-29 01:23 AM,Tree Trim Inspection,TREEMAINTENANCE,"UF - POLOVTSEV, SERA", 6700 ARIEL ST&8828 FONDREN RD,"7, ZONE",530R,5054d,CLOSED
179554,Tree Removal,2021-05-29 01:26 AM,Tree Removal Inspection,TREEMAINTENANCE,"UF - JONES, CODY", 11100 RICHMOND AVE&3300 WILCREST DR,"2, ZONE",489Y,4956c,CLOSED
179555,Tree Removal,2021-05-29 06:23 AM,Tree Removal Inspection,TREEMAINTENANCE,"UF - POLOVTSEV, SERA", 5800 S BRAESWOOD BLVD&5700 QUEENSLOCH DR,"7, ZONE",531S,5153a,CLOSED
179556,Tree Removal,2021-05-29 08:20 AM,Tree Removal Inspection,TREEMAINTENANCE,"PATINO, ARNULFO",4226  ALIEF VILLAGE ,"2, ZONE",529A,4855d,CLOSED
179557,Tree Removal,2021-05-29 08:50 AM,Tree Removal Inspection,TREEMAINTENANCE,"UF - POLOVTSEV, SERA",10619  OFFER ,"7, ZONE",530W,5053c,CLOSED
179558,Tree Trim,2021-05-29 09:19 AM,Tree Trim Inspection,TREEMAINTENANCE,"UF - POLOVTSEV, SERA",7349  OAK HILL ,"6, ZONE",535S,5554d,CLOSED
179559,Tree Trim,2021-05-29 10:06 AM,Tree Trim Inspection,TREEMAINTENANCE,"UF - JONES, CODY",2212  GANO ,"4, ZONE",493D,5458a,CLOSED
179560,Tree Trim,2021-05-29 10:20 AM,Tree Trim Inspection,TREEMAINTENANCE,"UF - POLOVTSEV, SERA", 5300 HIDALGO ST&3000 S RICE AVE,"2, ZONE",491U,5156d,CLOSED
179561,Tree Trim,2021-05-29 10:24 AM,Tree Trim Inspection,TREEMAINTENANCE,"BLANCHETTE, PETER",11911  KIRKNOLL ,"6, ZONE",576X,5751d,CLOSED
179562,Tree Removal,2021-05-29 10:50 AM,Tree Removal Inspection,TREEMAINTENANCE,"UF - POLOVTSEV, SERA",1812  KIRBY ,"2, ZONE",492Q,5257d,CLOSED
179563,Tree Trim,2021-05-29 11:01 AM,Tree Trim Inspection,TREEMAINTENANCE,"PATINO, ARNULFO",5909  RANCHESTER ,"2, ZONE",530A,4955d,CLOSED
179564,Tree Removal,2021-05-29 11:21 AM,Tree Removal Inspection,TREEMAINTENANCE,"UF - POLOVTSEV, SERA",4222  ALIEF VILLAGE ,"2, ZONE",529A,4855d,CLOSED
179565,Tree Trim,2021-05-29 11:50 AM,Tree Trim Inspection,TREEMAINTENANCE,"PATINO, ARNULFO",5731 ARIEL ST,"7, ZONE",531N,77096,CLOSED
179566,Tree Removal,2021-05-29 12:25 PM,Tree Removal Inspection,TREEMAINTENANCE,"UF - JONES, CODY",6510  NIELAN ,"4, ZONE",455P,5660c,CLOSED
179567,Tree Trim,2021-05-29 01:30 PM,Tree Trim Inspection,TREEMAINTENANCE,"UF - JONES, CODY",1333  YALE ,"3, ZONE",452Z,5359c,CLOSED
179568,Tree Trim,2021-05-29 02:25 PM,Tree Trim Inspection,TREEMAINTENANCE,"UF - POLOVTSEV, SERA", 13300 ST MARYS LN&900 N WILCREST DR,"2, ZONE",489B,4858d,CLOSED
179569,Tree Trim,2021-05-29 06:26 PM,Tree Trim Inspection,TREEMAINTENANCE,"BLANCHETTE, PETER",106  BOLDEN ,"5, ZONE",495Y,5656b,CLOSED
179570,Tree Removal,2021-05-29 09:25 PM,Tree Removal Inspection,TREEMAINTENANCE,"PATINO, ARNULFO",5501  CARROLTON ,"6, ZONE",534F,5555a,CLOSED
179571,Tree Trim,2021-05-29 10:50 PM,Tree Trim Inspection,TREEMAINTENANCE,"UF - POLOVTSEV, SERA", 10500 W SAM HOUSTON PKWY S&10300 SOUTH DR,"2, ZONE",529Y,4953c,CLOSED
179572,Tree Removal,2021-05-30 12:56 AM,Tree Removal Inspection,TREEMAINTENANCE,"PATINO, ARNULFO",5225 CALHOUN RD,"6, ZONE",534E,77021,CLOSED
179573,Tree Trim,2021-05-30 01:20 AM,Tree Trim Inspection,TREEMAINTENANCE,"UF - POLOVTSEV, SERA", 100 E 2ND ST&200 HEIGHTS BLVD&3700 KOEHLER ST,"2, ZONE",493E,5358c,CLOSED
179574,Tree Trim,2021-05-30 09:50 AM,Tree Trim Inspection,TREEMAINTENANCE,"UF - POLOVTSEV, SERA",7138  CADDO LAKE ,"2, ZONE",528G,4754b,CLOSED
179575,Tree Trim,2021-05-30 03:53 PM,Tree Trim Inspection,TREEMAINTENANCE,"UF - POLOVTSEV, SERA",4303  FLOYD ,"2, ZONE",492M,5357a,CLOSED
179576,Tree Trim,2021-05-30 09:22 PM,Tree Trim Inspection,TREEMAINTENANCE,"UF - JONES, CODY",2109  YATES ,"4, ZONE",494B,5558a,CLOSED
179577,Tree Trim,2021-05-30 09:22 PM,Tree Trim Inspection,TREEMAINTENANCE,"UF - JONES, CODY",2107  YATES ,"4, ZONE",494F,5558a,CLOSED
179578,Tree Trim,2021-05-30 09:22 PM,Tree Trim Inspection,TREEMAINTENANCE,"UF - JONES, CODY", 4600 RAWLEY ST&2000 YATES ST,"4, ZONE",494F,5558c,CLOSED
179579,Tree Removal,2021-05-30 10:30 PM,Tree Removal Inspection,TREEMAINTENANCE,"UF - POLOVTSEV, SERA",10810 S POST OAK ,"7, ZONE",531Y,5153d,CLOSED
179580,Tree Stump Grinding,2021-05-31 09:59 AM,Tree Stump Inspection,TREEMAINTENANCE,"PATINO, ARNULFO",7943  DEER MEADOW ,"7, ZONE",570G,5052b,CLOSED
179584,Tree Removal,2021-05-31 11:51 AM,Tree Removal Inspection,TREEMAINTENANCE,"UF - JONES, CODY",4601  SHERWOOD ,"3, ZONE",451R,5159b,CLOSED
179585,Tree Trim,2021-05-31 11:53 AM,Tree Trim Inspection,TREEMAINTENANCE,"BLANCHETTE, PETER",8607  BERNDALE ,"5, ZONE",495L,5658c,CLOSED
179586,Tree Removal,2021-05-31 12:21 PM,Tree Removal Inspection,TREEMAINTENANCE,"PATINO, ARNULFO",4921  WALKER ,"5, ZONE",494T,5556a,CLOSED
179587,Tree Trim,2021-05-31 01:59 PM,Tree Trim Inspection,TREEMAINTENANCE,"UF - JONES, CODY",8602  SHADY VISTA ,"4, ZONE",455G,5661c,CLOSED
179588,Tree Removal,2021-05-31 05:28 PM,Tree Removal Inspection,TREEMAINTENANCE,"UF - POLOVTSEV, SERA",12938  VILLAWOOD ,"2, ZONE",528L,4854a,CLOSED
179589,Tree Trim,2021-05-31 07:24 PM,Tree Trim Inspection,TREEMAINTENANCE,"UF - JONES, CODY",5615 W TIDWELL RD,"3, ZONE",451C,77091,CLOSED
179591,Tree Trim,2021-06-01 12:51 AM,Tree Trim Inspection,TREEMAINTENANCE,"UF - POLOVTSEV, SERA",6901  BELLFORT ,"6, ZONE",534Z,5553b,CLOSED
179592,Tree Removal,2021-06-01 01:54 AM,Tree Removal Inspection,TREEMAINTENANCE,"PATINO, ARNULFO",5897  BAYOU BEND ,"6, ZONE",533G,5455a,CLOSED
179594,Tree Trim,2021-06-01 10:02 AM,Tree Trim Inspection,TREEMAINTENANCE,"BLANCHETTE, PETER",6328  UPSHAW ,"4, ZONE",375S,5565d,CLOSED
179595,Tree Removal,2021-06-01 10:03 AM,Tree Removal Inspection,TREEMAINTENANCE,"PATINO, ARNULFO",211 GREENWOOD ST,"5, ZONE",494U,77011,CLOSED
179596,Tree Removal,2021-06-01 10:03 AM,Tree Removal Inspection,TREEMAINTENANCE,"BLANCHETTE, PETER",4937  ANGLETON ,"6, ZONE",533Z,5453b,CLOSED
179597,Tree Trim,2021-06-01 10:04 AM,Tree Trim Inspection,TREEMAINTENANCE,"UF - POLOVTSEV, SERA",1032  NICHOLSON ,"3, ZONE",492D,5358a,CLOSED
179598,Tree Removal,2021-06-01 10:05 AM,Tree Removal Inspection,TREEMAINTENANCE,"UF - POLOVTSEV, SERA",6032  GLENCOVE ,"2, ZONE",492K,5257b,CLOSED
179599,Tree Trim,2021-06-01 10:06 AM,Tree Trim Inspection,TREEMAINTENANCE,"PATINO, ARNULFO",402 N BURR ,"5, ZONE",494P,5557c,CLOSED
179600,Tree Removal,2021-06-01 10:06 AM,Tree Removal Inspection,TREEMAINTENANCE,"UF - POLOVTSEV, SERA",9418  HIGHMEADOW ,"2, ZONE",490T,5056c,CLOSED
179601,Tree Trim,2021-06-01 10:22 AM,Tree Trim Inspection,TREEMAINTENANCE,"PATINO, ARNULFO",6039  BANKSIDE ,"7, ZONE",530Z,5053d,CLOSED
179602,Tree Removal,2021-06-01 10:22 AM,Tree Removal Inspection,TREEMAINTENANCE,"UF - JONES, CODY",5102  KELLEY ,"4, ZONE",454Q,5559a,CLOSED
179603,Tree Trim,2021-06-01 10:33 AM,Tree Trim Inspection,TREEMAINTENANCE,"PATINO, ARNULFO",222 KRESS ST,"4, ZONE",494D,77020,CLOSED
179604,Tree Trim,2021-06-01 10:53 AM,Tree Trim Inspection,TREEMAINTENANCE,"UF - JONES, CODY",3302  BERRY ,"4, ZONE",454E,5460b,CLOSED
179605,Tree Removal,2021-06-01 10:56 AM,Tree Removal Inspection,TREEMAINTENANCE,"UF - JONES, CODY",3505  BACCHUS ,"3, ZONE",453N,5360c,CLOSED
179606,Tree Trim,2021-06-01 10:56 AM,Tree Trim Inspection,TREEMAINTENANCE,"BLANCHETTE, PETER",7811  PEEKSKILL ,"6, ZONE",575T,5651a,CLOSED
179607,Tree Removal,2021-06-01 11:22 AM,Tree Removal Inspection,TREEMAINTENANCE,"UF - JONES, CODY",3302  BERRY ,"4, ZONE",454E,5460b,CLOSED
179608,Tree Trim,2021-06-01 11:22 AM,Tree Trim Inspection,TREEMAINTENANCE,"UF - POLOVTSEV, SERA",517  MERRILL ,"3, ZONE",493B,5358b,CLOSED
179609,Tree Trim,2021-06-01 11:23 AM,Tree Trim Inspection,TREEMAINTENANCE,"UF - JONES, CODY", 1200 AMUNDSEN ST&4500 COCHRAN ST,"4, ZONE",453Z,5459c,CLOSED
179610,Tree Trim,2021-06-01 11:24 AM,Tree Trim Inspection,TREEMAINTENANCE,"UF - JONES, CODY", 1200 AMUNDSEN ST&4500 COCHRAN ST,"4, ZONE",453Z,5459c,CLOSED
179611,Tree Trim,2021-06-01 11:27 AM,Tree Trim Inspection,TREEMAINTENANCE,"UF - JONES, CODY", 1200 AMUNDSEN ST&4500 COCHRAN ST,"4, ZONE",453Z,5459c,CLOSED
179612,Tree Trim,2021-06-01 11:51 AM,Tree Trim Inspection,TREEMAINTENANCE,"UF - JONES, CODY", 1200 AMUNDSEN ST&4500 COCHRAN ST,"4, ZONE",453Z,5459c,CLOSED
179613,Tree Trim,2021-06-01 11:52 AM,Tree Trim Inspection,TREEMAINTENANCE,"UF - JONES, CODY",1203  HEIGHTS ,"3, ZONE",453W,5358a,CLOSED
179614,Tree Trim,2021-06-01 12:00 PM,Tree Trim Inspection,TREEMAINTENANCE,"PATINO, ARNULFO",414 HOFFMAN ST,"4, ZONE",494C,77020,CLOSED
179615,Tree Trim,2021-06-01 12:21 PM,Tree Trim Inspection,TREEMAINTENANCE,"UF - JONES, CODY", 1200 AMUNDSEN ST&4500 COCHRAN ST,"4, ZONE",453Z,5459c,CLOSED
179616,Tree Removal,2021-06-01 12:21 PM,Tree Removal Inspection,TREEMAINTENANCE,"UF - POLOVTSEV, SERA",2301  DRYDEN ,"7, ZONE",532G,5255b,CLOSED
179617,Tree Removal,2021-06-01 12:22 PM,Tree Removal Inspection,TREEMAINTENANCE,"PATINO, ARNULFO",539 BRENDA ST,"4, ZONE",413W,77076,CLOSED
179623,Tree Removal,2021-06-01 12:51 PM,Tree Removal Inspection,TREEMAINTENANCE,"PATINO, ARNULFO",5231 CHEENA DR,"7, ZONE",531T,77096,CLOSED
179624,Tree Removal,2021-06-01 12:51 PM,Tree Removal Inspection,TREEMAINTENANCE,"UF - JONES, CODY",5106  IRELAND ,"4, ZONE",454C,5561c,CLOSED
179625,Tree Removal,2021-06-01 01:22 PM,Tree Removal Inspection,TREEMAINTENANCE,"UF - JONES, CODY",8614  WHITECASTLE ,"3, ZONE",412Q,5262b,CLOSED
179626,Tree Removal,2021-06-01 01:36 PM,Tree Removal Inspection,TREEMAINTENANCE,"UF - POLOVTSEV, SERA",8702  BEVERLY HILL ,"2, ZONE",490Y,5056c,CLOSED
179627,Tree Removal,2021-06-01 01:51 PM,Tree Removal Inspection,TREEMAINTENANCE,"UF - POLOVTSEV, SERA",8644  BEVERLY HILL ,"2, ZONE",490Y,5056c,CLOSED
179628,Tree Trim,2021-06-01 01:51 PM,Tree Trim Inspection,TREEMAINTENANCE,"UF - POLOVTSEV, SERA",4151  BUGLE ,"2, ZONE",529B,4855d,CLOSED
179629,Tree Removal,2021-06-01 01:51 PM,Tree Removal Inspection,TREEMAINTENANCE,"PATINO, ARNULFO",5711 CHEENA DR,"7, ZONE",531S,77096,CLOSED
179630,Tree Trim,2021-06-01 01:52 PM,Tree Trim Inspection,TREEMAINTENANCE,"UF - POLOVTSEV, SERA",207  GREENWOOD ,"5, ZONE",494U,5556a,CLOSED
179631,Tree Removal,2021-06-01 02:00 PM,Tree Removal Inspection,TREEMAINTENANCE,"UF - JONES, CODY",8205  PEACHTREE ,"4, ZONE",454G,5560a,CLOSED
179632,Tree Trim,2021-06-01 02:22 PM,Tree Trim Inspection,TREEMAINTENANCE,"UF - JONES, CODY",4718  TILSON ,"3, ZONE",450G,5060a,CLOSED
179633,Tree Removal,2021-06-01 02:22 PM,Tree Removal Inspection,TREEMAINTENANCE,"UF - JONES, CODY",1635  ARLINGTON ,"3, ZONE",453S,5359c,CLOSED
179634,Tree Trim,2021-06-01 02:51 PM,Tree Trim Inspection,TREEMAINTENANCE,"UF - POLOVTSEV, SERA",7502  PARK PLACE ,"6, ZONE",535N,5554b,CLOSED
179635,Tree Trim,2021-06-01 03:22 PM,Tree Trim Inspection,TREEMAINTENANCE,"UF - JONES, CODY",2400 W 34TH ,"3, ZONE",452N,5259a,CLOSED
179636,Tree Removal,2021-06-01 03:25 PM,Tree Removal Inspection,TREEMAINTENANCE,"UF - POLOVTSEV, SERA",4218  WILDACRES ,"2, ZONE",529B,4855d,CLOSED
179637,Tree Trim,2021-06-01 03:35 PM,Tree Trim Inspection,TREEMAINTENANCE,"UF - JONES, CODY",301  AURORA ,"3, ZONE",453S,5359a,CLOSED
179638,Tree Removal,2021-06-01 04:06 PM,Tree Removal Inspection,TREEMAINTENANCE,"UF - POLOVTSEV, SERA",12819  SONORAN BLUE ,"7, ZONE",572E,5252a,CLOSED
179639,Tree Removal,2021-06-01 04:21 PM,Tree Removal Inspection,TREEMAINTENANCE,"PATINO, ARNULFO",4430 CARNELIAN CT,"2, ZONE",529F,77072,CLOSED
179640,Tree Removal,2021-06-01 04:51 PM,Tree Removal Inspection,TREEMAINTENANCE,"UF - POLOVTSEV, SERA",3218  SHADOWWALK ,"2, ZONE",488Z,4856c,CLOSED
179641,Tree Trim,2021-06-01 05:20 PM,Tree Trim Inspection,TREEMAINTENANCE,"BLANCHETTE, PETER", 3600 BREMOND ST&2500 LUCINDA ST,"6, ZONE",494W,5456d,CLOSED
179642,Tree Trim,2021-06-01 05:51 PM,Tree Trim Inspection,TREEMAINTENANCE,"UF - JONES, CODY",4202  LOS ANGELES ,"4, ZONE",454X,5459d,CLOSED
179644,Tree Trim,2021-06-01 06:00 PM,Tree Trim Inspection,TREEMAINTENANCE,"PATINO, ARNULFO", 3300 ERASTUS ST&5300 EVELLA ST,"4, ZONE",494C,5558a,CLOSED
179647,Tree Trim,2021-06-01 06:58 PM,Tree Trim Inspection,TREEMAINTENANCE,"UF - JONES, CODY", 7900 SNOWDEN ST&9200 N WAYSIDE DR,"4, ZONE",455F,5561d,CLOSED
179648,Tree Trim,2021-06-01 09:21 PM,Tree Trim Inspection,TREEMAINTENANCE,"UF - POLOVTSEV, SERA",816  ARLINGTON ,"3, ZONE",493A,5358a,CLOSED
179649,Tree Trim,2021-06-01 09:22 PM,Tree Trim Inspection,TREEMAINTENANCE,"UF - JONES, CODY",9239  LAKE PARK ,"4, ZONE",455G,5661d,CLOSED
179650,Tree Removal,2021-06-01 10:23 PM,Tree Removal Inspection,TREEMAINTENANCE,"PATINO, ARNULFO",10425  CLIFFWOOD ,"7, ZONE",531Z,5153b,CLOSED
179652,Tree Trim,2021-06-02 07:52 AM,Tree Trim Inspection,TREEMAINTENANCE,"UF - JONES, CODY", 600 CROSSTIMBERS ST&4300 OXFORD ST,"3, ZONE",453J,5360c,CLOSED
179654,Tree Removal,2021-06-02 09:07 AM,Tree Removal Inspection,TREEMAINTENANCE,"PATINO, ARNULFO",7823 CANDLEGREEN LN,"7, ZONE",570G,77071,CLOSED
179655,Tree Removal,2021-06-02 09:22 AM,Tree Removal Inspection,TREEMAINTENANCE,"UF - POLOVTSEV, SERA",7823  CANDLEGREEN ,"7, ZONE",570G,5052b,CLOSED
179656,Tree Removal,2021-06-02 09:22 AM,Tree Removal Inspection,TREEMAINTENANCE,"PATINO, ARNULFO",7967 DEER MEADOW DR,"7, ZONE",570G,77071,CLOSED
179657,Tree Trim,2021-06-02 10:22 AM,Tree Trim Inspection,TREEMAINTENANCE,"PATINO, ARNULFO",5303 DARNELL ST,"7, ZONE",531P,77096,CLOSED
179658,Tree Trim,2021-06-02 10:24 AM,Tree Trim Inspection,TREEMAINTENANCE,"BLANCHETTE, PETER",5115  JEFFERSON ,"5, ZONE",494X,5556c,CLOSED
179659,Tree Removal,2021-06-02 10:53 AM,Tree Removal Inspection,TREEMAINTENANCE,"UF - POLOVTSEV, SERA",8118  DOVER ,"6, ZONE",535T,5654c,CLOSED
179660,Tree Trim,2021-06-02 10:59 AM,Tree Trim Inspection,TREEMAINTENANCE,"BLANCHETTE, PETER",7602  HARRISBURG ,"5, ZONE",495W,5556b,CLOSED
179661,Tree Trim,2021-06-02 11:22 AM,Tree Trim Inspection,TREEMAINTENANCE,"UF - JONES, CODY",8542  SUNDERLAND ,"4, ZONE",455G,5661c,CLOSED
179662,Tree Removal,2021-06-02 11:53 AM,Tree Removal Inspection,TREEMAINTENANCE,"UF - POLOVTSEV, SERA",12535  MOSSYCUP ,"2, ZONE",489H,4957b,CLOSED
179663,Tree Trim,2021-06-02 12:22 PM,Tree Trim Inspection,TREEMAINTENANCE,"UF - JONES, CODY",808  GRACELAND ,"4, ZONE",453V,5459a,CLOSED
179664,Tree Removal,2021-06-02 12:23 PM,Tree Removal Inspection,TREEMAINTENANCE,"UF - POLOVTSEV, SERA",5306  SPELLMAN ,"7, ZONE",531X,5153c,CLOSED
179667,Tree Trim,2021-06-02 12:53 PM,Tree Trim Inspection,TREEMAINTENANCE,"UF - POLOVTSEV, SERA",12206  PALMFREE ,"5, ZONE",576R,5852c,CLOSED
179668,Tree Code Violation,2021-06-02 01:04 PM,Tree Code Violation Inspection,TREEPROTECTION,"UF - BURKES, JEREMY",1518  RONSON ,"3, ZONE",450Z,5059d,CLOSED
179669,Tree Removal,2021-06-02 02:22 PM,Tree Removal Inspection,TREEMAINTENANCE,"PATINO, ARNULFO", 6300 EAGLE PASS ST&304 KRESS ST,"4, ZONE",494D,5558a,CLOSED
179670,Tree Removal,2021-06-02 02:22 PM,Tree Removal Inspection,TREEMAINTENANCE,"UF - POLOVTSEV, SERA",6920  HEMLOCK ,"5, ZONE",535E,5555b,CLOSED
179671,Tree Removal,2021-06-02 03:33 PM,Tree Removal Inspection,TREEMAINTENANCE,"UF - POLOVTSEV, SERA",8644  BEVERLY HILL ,"2, ZONE",490Y,5056c,CLOSED
179672,Tree Trim,2021-06-02 03:34 PM,Tree Trim Inspection,TREEMAINTENANCE,"BLANCHETTE, PETER",3202  AIRPORT ,"6, ZONE",573F,5352b,CLOSED
179673,Tree Trim,2021-06-02 03:54 PM,Tree Trim Inspection,TREEMAINTENANCE,"UF - POLOVTSEV, SERA",3304  MCILHENNY ,"6, ZONE",493Z,5456a,CLOSED
179674,Tree Removal,2021-06-02 03:58 PM,Tree Removal Inspection,TREEMAINTENANCE,"BLANCHETTE, PETER",12115  WESSEX ,"6, ZONE",617A,5850a,CLOSED
179675,Tree Removal,2021-06-02 04:30 PM,Tree Removal Inspection,TREEMAINTENANCE,"UF - JONES, CODY",7123  WAXAHACHIE ,"4, ZONE",495E,5558b,CLOSED
179678,Tree Trim,2021-06-02 05:22 PM,Tree Trim Inspection,TREEMAINTENANCE,"PATINO, ARNULFO",610 HAHLO ST,"4, ZONE",494H,77020,CLOSED
179679,Tree Removal,2021-06-02 05:23 PM,Tree Removal Inspection,TREEMAINTENANCE,"UF - JONES, CODY",9500  DALECREST ,"3, ZONE",450X,5059c,CLOSED
179680,Tree Trim,2021-06-02 06:00 PM,Tree Trim Inspection,TREEMAINTENANCE,"BLANCHETTE, PETER", 9111 CULLEN BLVD,"6, ZONE",573D,5453c,CLOSED
179681,Tree Trim,2021-06-02 06:30 PM,Tree Trim Inspection,TREEMAINTENANCE,"UF - JONES, CODY",8702  HOFFMAN ,"4, ZONE",454G,5561c,CLOSED
179682,Tree Trim,2021-06-02 06:31 PM,Tree Trim Inspection,TREEMAINTENANCE,"UF - JONES, CODY",8710  HOFFMAN ,"4, ZONE",454G,5561c,CLOSED
179683,Tree Trim,2021-06-02 06:31 PM,Tree Trim Inspection,TREEMAINTENANCE,"UF - JONES, CODY",8501  HOFFMAN ,"4, ZONE",454G,5560a,CLOSED
179684,Tree Trim,2021-06-02 06:58 PM,Tree Trim Inspection,TREEMAINTENANCE,"UF - JONES, CODY",8702  HOFFMAN ,"4, ZONE",454G,5561c,CLOSED
179685,Tree Trim,2021-06-02 07:28 PM,Tree Trim Inspection,TREEMAINTENANCE,"UF - JONES, CODY",9643  KEMP FOREST ,"3, ZONE",450K,5060c,CLOSED
179687,Tree Trim,2021-06-02 08:26 PM,Tree Trim Inspection,TREEMAINTENANCE,"UF - POLOVTSEV, SERA",4178  WILDACRES ,"2, ZONE",529B,4855d,CLOSED
179688,Tree Removal,2021-06-02 09:03 PM,Tree Removal Inspection,TREEMAINTENANCE,"PATINO, ARNULFO",10402 CLIFFWOOD DR,"7, ZONE",531V,77035,CLOSED
179689,Tree Removal,2021-06-02 10:25 PM,Tree Removal Inspection,TREEMAINTENANCE,"UF - POLOVTSEV, SERA", 2900 DEL MONTE DR&1800 KIRBY DR,"2, ZONE",492Q,5257d,CLOSED
179690,Tree Removal,2021-06-03 03:30 AM,Tree Removal Inspection,TREEMAINTENANCE,"PATINO, ARNULFO", 4000 LINKWOOD DR&8814 STELLA LINK RD,"7, ZONE",532N,5254c,CLOSED
179691,Tree Removal,2021-06-03 04:06 AM,Tree Removal Inspection,TREEMAINTENANCE,"UF - JONES, CODY",9205  EVERGLADE ,"4, ZONE",415Z,5661b,CLOSED
179694,Tree Trim,2021-06-03 07:54 AM,Tree Trim Inspection,TREEMAINTENANCE,"PATINO, ARNULFO",827 MAJESTIC ST,"5, ZONE",494H,77020,CLOSED
179695,Tree Removal,2021-06-03 08:22 AM,Tree Removal Inspection,TREEMAINTENANCE,"PATINO, ARNULFO",9623 W AIRPORT BLVD,"7, ZONE",569H,77031,CLOSED
179696,Tree Removal,2021-06-03 08:22 AM,Tree Removal Inspection,TREEMAINTENANCE,"UF - JONES, CODY",6307  GAINESVILLE ,"4, ZONE",494D,5558a,CLOSED
179697,Tree Removal,2021-06-03 08:53 AM,Tree Removal Inspection,TREEMAINTENANCE,"UF - POLOVTSEV, SERA",5811  ETTRICK ,"7, ZONE",571E,5152a,CLOSED
179698,Tree Removal,2021-06-03 09:00 AM,Tree Removal Inspection,TREEPROTECTION,"UF - JONES, CODY",915 W 43RD ,"3, ZONE",452L,5260d,CLOSED
179699,Tree Trim,2021-06-03 09:23 AM,Tree Trim Inspection,TREEMAINTENANCE,"UF - JONES, CODY", 1000 CHESHIRE LN&4700 DUNSMERE ST,"3, ZONE",452G,5260b,CLOSED
179700,Tree Trim,2021-06-03 09:24 AM,Tree Trim Inspection,TREEMAINTENANCE,"UF - JONES, CODY",1032  RICHELIEU ,"3, ZONE",452G,5260b,CLOSED
179701,Tree Removal,2021-06-03 09:30 AM,Tree Removal Inspection,TREEMAINTENANCE,"UF - JONES, CODY",6307  GAINESVILLE ,"4, ZONE",494D,5558a,CLOSED
179702,Tree Trim,2021-06-03 09:54 AM,Tree Trim Inspection,TREEMAINTENANCE,"UF - JONES, CODY",5502 DE MILO DR,"3, ZONE",451G,77092,CLOSED
179703,Tree Removal,2021-06-03 10:33 AM,Tree Removal Inspection,TREEMAINTENANCE,"UF - POLOVTSEV, SERA",9418  FAIRDALE ,"2, ZONE",490X,5056c,CLOSED
179704,Tree Removal,2021-06-03 11:23 AM,Tree Removal Inspection,TREEMAINTENANCE,"UF - JONES, CODY",1529  HEIGHTS ,"3, ZONE",453W,5359c,CLOSED
179705,Tree Removal,2021-06-03 11:28 AM,Tree Removal Inspection,TREEMAINTENANCE,"PATINO, ARNULFO",7813 ALBACORE DR,"7, ZONE",530M,77074,CLOSED
179706,Tree Removal,2021-06-03 11:53 AM,Tree Removal Inspection,TREEMAINTENANCE,"UF - POLOVTSEV, SERA", 3214 W AIRPORT BLVD&12900 WATERLOO DR,"7, ZONE",572F,5252b,CLOSED
179707,Tree Trim,2021-06-03 12:00 PM,Tree Trim Inspection,TREEMAINTENANCE,"UF - JONES, CODY",424 A W 27TH ,"3, ZONE",452V,5359a,CLOSED
179708,Tree Trim,2021-06-03 12:05 PM,Tree Trim Inspection,TREEMAINTENANCE,"UF - POLOVTSEV, SERA", 14212 CROQUET LN&6100 DELBURY ST,"7, ZONE",571P,5151b,CLOSED
179709,Tree Trim,2021-06-03 12:23 PM,Tree Trim Inspection,TREEMAINTENANCE,"BLANCHETTE, PETER", 16400 EL CAMINO REAL,"5, ZONE",618P,6049c,CLOSED
179710,Tree Removal,2021-06-03 12:24 PM,Tree Removal Inspection,TREEMAINTENANCE,"UF - POLOVTSEV, SERA", 5500 HEATHERBROOK DR&14200 S POST OAK RD,"7, ZONE",571Q,5151b,CLOSED
179711,Tree Removal,2021-06-03 01:29 PM,Tree Removal Inspection,TREEMAINTENANCE,"BLANCHETTE, PETER",11403  PANAY ,"6, ZONE",573M,5452d,CLOSED
179712,Tree Removal,2021-06-03 01:32 PM,Tree Removal Inspection,TREEMAINTENANCE,"UF - JONES, CODY",7909  CRESTVIEW ,"4, ZONE",455F,5560b,CLOSED
179714,Tree Removal,2021-06-03 02:01 PM,Tree Removal Inspection,TREEMAINTENANCE,"UF - JONES, CODY",4702  MARABLE ,"3, ZONE",453E,5360a,CLOSED
179715,Tree Removal,2021-06-03 02:23 PM,Tree Removal Inspection,TREEMAINTENANCE,"UF - POLOVTSEV, SERA",32 E RIVERCREST ,"2, ZONE",490N,4956b,CLOSED
179716,Tree Removal,2021-06-03 02:53 PM,Tree Removal Inspection,TREEMAINTENANCE,"UF - POLOVTSEV, SERA",310  SUL ROSS ,"2, ZONE",493T,5356b,CLOSED
179717,Tree Trim,2021-06-03 03:23 PM,Tree Trim Inspection,TREEMAINTENANCE,"BLANCHETTE, PETER",4402  BALKIN ,"6, ZONE",533M,5454a,CLOSED
179718,Tree Removal,2021-06-03 03:53 PM,Tree Removal Inspection,TREEMAINTENANCE,"BLANCHETTE, PETER",2110  LAZY GROVE ,"4, ZONE",336C,5769a,CLOSED
179719,Tree Removal,2021-06-03 03:53 PM,Tree Removal Inspection,TREEMAINTENANCE,"PATINO, ARNULFO", 5100 JASON ST&8800 S RICE AVE,"7, ZONE",531Q,5154d,CLOSED
179720,Tree Trim,2021-06-03 03:57 PM,Tree Trim Inspection,TREEMAINTENANCE,"BLANCHETTE, PETER",5239  POMANDER ,"6, ZONE",534K,5455d,CLOSED
179721,Tree Trim,2021-06-03 04:22 PM,Tree Trim Inspection,TREEMAINTENANCE,"BLANCHETTE, PETER",10806  SOUTHVIEW ,"6, ZONE",573G,5452a,CLOSED
179722,Tree Trim,2021-06-03 04:28 PM,Tree Trim Inspection,TREEMAINTENANCE,"BLANCHETTE, PETER",7302  KELLER ,"5, ZONE",535E,5655c,CLOSED
179723,Tree Trim,2021-06-03 04:34 PM,Tree Trim Inspection,TREEMAINTENANCE,"BLANCHETTE, PETER",13930  LUDGATE ,"5, ZONE",617B,5850b,CLOSED
179724,Tree Trim,2021-06-03 04:53 PM,Tree Trim Inspection,TREEMAINTENANCE,"UF - JONES, CODY",12807  TAMMARACK ,"4, ZONE",456Y,5759d,CLOSED
179725,Tree Trim,2021-06-03 05:28 PM,Tree Trim Inspection,TREEMAINTENANCE,"BLANCHETTE, PETER",16626  SEAWOLF ,"5, ZONE",618T,6049c,CLOSED
179726,Tree Trim,2021-06-03 07:24 PM,Tree Trim Inspection,TREEMAINTENANCE,"PATINO, ARNULFO",515 AVONDALE ST,"2, ZONE",493S,77006,CLOSED
179727,Tree Removal,2021-06-03 07:25 PM,Tree Removal Inspection,TREEMAINTENANCE,"UF - POLOVTSEV, SERA",5102  JACKWOOD ,"7, ZONE",531Q,5154d,CLOSED
179728,Tree Removal,2021-06-03 07:33 PM,Tree Removal Inspection,TREEMAINTENANCE,"PATINO, ARNULFO",618 SOREN LN,"4, ZONE",453C,77076,CLOSED
179729,Tree Trim,2021-06-03 08:27 PM,Tree Trim Inspection,TREEMAINTENANCE,"UF - POLOVTSEV, SERA",6322  EDGEMOOR ,"7, ZONE",531E,5155c,CLOSED
179730,Tree Trim,2021-06-03 08:54 PM,Tree Trim Inspection,TREEMAINTENANCE,"PATINO, ARNULFO",1311 KIPLING ST,"2, ZONE",493S,77006,CLOSED
179731,Tree Removal,2021-06-03 09:54 PM,Tree Removal Inspection,TREEMAINTENANCE,"UF - POLOVTSEV, SERA",279  SUGARBERRY ,"2, ZONE",490P,5057c,CLOSED
179732,Tree Removal,2021-06-03 11:52 PM,Tree Removal Inspection,TREEMAINTENANCE,"BLANCHETTE, PETER",7414  DIXIE ,"6, ZONE",535S,5554d,CLOSED
179733,Tree Trim,2021-06-04 02:55 AM,Tree Trim Inspection,TREEMAINTENANCE,"UF - POLOVTSEV, SERA",9206  MARLIVE ,"7, ZONE",532N,5254c,CLOSED
179735,Tree Removal,2021-06-04 07:52 AM,Tree Removal Inspection,TREEMAINTENANCE,"UF - JONES, CODY",1005  YORKSHIRE ,"4, ZONE",453M,5460c,CLOSED
179736,Tree Trim,2021-06-04 07:53 AM,Tree Trim Inspection,TREEMAINTENANCE,"UF - POLOVTSEV, SERA",5931  ARBOLES ,"7, ZONE",571A,5152a,CLOSED
179737,Tree Trim,2021-06-04 07:56 AM,Tree Trim Inspection,TREEMAINTENANCE,"UF - POLOVTSEV, SERA",9797  LEAWOOD ,"2, ZONE",529T,4953a,CLOSED
179738,Tree Trim,2021-06-04 08:05 AM,Tree Trim Inspection,TREEMAINTENANCE,"UF - POLOVTSEV, SERA", 5100 JACKWOOD ST&8720 S RICE AVE,"7, ZONE",531Q,5154d,CLOSED
179739,Tree Removal,2021-06-04 08:22 AM,Tree Removal Inspection,TREEMAINTENANCE,"UF - JONES, CODY", 12800 COOLGREEN ST&320 WILD PLUM ST,"4, ZONE",456Y,5759d,CLOSED
179740,Tree Trim,2021-06-04 08:23 AM,Tree Trim Inspection,TREEMAINTENANCE,"BLANCHETTE, PETER",7712  KINGSLEY ,"6, ZONE",535N,5654a,CLOSED
179742,Tree Trim,2021-06-04 08:53 AM,Tree Trim Inspection,TREEMAINTENANCE,"UF - POLOVTSEV, SERA", 400 CHIMNEY ROCK RD&5700 INDIAN CIR,"2, ZONE",491F,5157a,CLOSED
179743,Tree Removal,2021-06-04 08:53 AM,Tree Removal Inspection,TREEMAINTENANCE,"BLANCHETTE, PETER",212  GREENWOOD ,"5, ZONE",494U,5556a,CLOSED
179745,Tree Trim,2021-06-04 09:00 AM,Tree Trim Inspection,TREEMAINTENANCE,"BLANCHETTE, PETER",2202  ROLLING MEADOWS ,"4, ZONE",336C,5770c,CLOSED
179746,Tree Trim,2021-06-04 09:23 AM,Tree Trim Inspection,TREEMAINTENANCE,"UF - POLOVTSEV, SERA",2306 S MACGREGOR ,"7, ZONE",533F,5355b,CLOSED
179748,Tree Removal,2021-06-04 09:52 AM,Tree Removal Inspection,TREEMAINTENANCE,"PATINO, ARNULFO",5201 JEWEL ST,"4, ZONE",494C,77026,CLOSED
179749,Tree Trim,2021-06-04 09:52 AM,Tree Trim Inspection,TREEMAINTENANCE,"BLANCHETTE, PETER",10201  KINGSPOINT ,"6, ZONE",576S,5751a,CLOSED
179750,Tree Trim,2021-06-04 09:53 AM,Tree Trim Inspection,TREEMAINTENANCE,"BLANCHETTE, PETER",7345  STANWICK ,"6, ZONE",534V,5554d,CLOSED
179751,Tree Removal,2021-06-04 10:26 AM,Tree Removal Inspection,TREEMAINTENANCE,"BLANCHETTE, PETER",8020  WOODWARD ,"6, ZONE",533T,5354d,CLOSED
179752,Tree Removal,2021-06-04 10:31 AM,Tree Removal Inspection,TREEMAINTENANCE,"PATINO, ARNULFO", 2300 GRAMERCY ST&7000 GREENBRIAR DR,"7, ZONE",532G,5255d,CLOSED
179753,Tree Removal,2021-06-04 10:33 AM,Tree Removal Inspection,TREEMAINTENANCE,"BLANCHETTE, PETER",7542  MOLINE ,"6, ZONE",535N,5554d,CLOSED
179754,Tree Removal,2021-06-04 10:52 AM,Tree Removal Inspection,TREEMAINTENANCE,"PATINO, ARNULFO",2609 CROCKER ST,"2, ZONE",493S,77006,CLOSED
179755,Tree Removal,2021-06-04 10:52 AM,Tree Removal Inspection,TREEMAINTENANCE,"UF - POLOVTSEV, SERA",9318  CLIFFWOOD ,"7, ZONE",531R,5254c,CLOSED
179756,Tree Removal,2021-06-04 11:00 AM,Tree Removal Inspection,TREEMAINTENANCE,"UF - POLOVTSEV, SERA",13123  HERMITAGE ,"2, ZONE",489L,4957a,CLOSED
179757,Tree Removal,2021-06-04 11:22 AM,Tree Removal Inspection,TREEMAINTENANCE,"PATINO, ARNULFO",5600 INDIGO ST,"7, ZONE",531N,77096,CLOSED
179758,Tree Trim,2021-06-04 11:53 AM,Tree Trim Inspection,TREEMAINTENANCE,"PATINO, ARNULFO",1327 VASSAR ST,"7, ZONE",493W,77006,CLOSED
179759,Tree Trim,2021-06-04 12:23 PM,Tree Trim Inspection,TREEMAINTENANCE,"BLANCHETTE, PETER",3402  SPARROW ,"6, ZONE",573B,5353d,CLOSED
179760,Tree Trim,2021-06-04 01:27 PM,Tree Trim Inspection,TREEMAINTENANCE,"PATINO, ARNULFO",10607 RAYDELL DR,"7, ZONE",530W,77031,CLOSED
179761,Tree Removal,2021-06-04 01:53 PM,Tree Removal Inspection,TREEMAINTENANCE,"PATINO, ARNULFO",2601 SAMPSON ST,"6, ZONE",493Z,77004,CLOSED
179762,Tree Removal,2021-06-04 02:05 PM,Tree Removal Inspection,TREEMAINTENANCE,"UF - JONES, CODY",9010  ALLWOOD ,"4, ZONE",454H,5561c,CLOSED
179763,Tree Trim,2021-06-04 02:23 PM,Tree Trim Inspection,TREEMAINTENANCE,"UF - JONES, CODY", 1800 ANTOINE DR&7400 LONG POINT RD,"3, ZONE",451T,5159c,CLOSED
179764,Tree Removal,2021-06-04 02:53 PM,Tree Removal Inspection,TREEMAINTENANCE,"UF - POLOVTSEV, SERA",827  ROSINE ,"2, ZONE",492M,5357c,CLOSED
179765,Tree Removal,2021-06-04 02:53 PM,Tree Removal Inspection,TREEMAINTENANCE,"UF - POLOVTSEV, SERA",803  ROSINE ,"2, ZONE",492M,5357a,CLOSED
179766,Tree Trim,2021-06-04 03:05 PM,Tree Trim Inspection,TREEMAINTENANCE,"BLANCHETTE, PETER",1910 TOWER RIVER CT,"5, ZONE",618B,5950b,CLOSED
179767,Tree Trim,2021-06-04 03:22 PM,Tree Trim Inspection,TREEMAINTENANCE,"BLANCHETTE, PETER",11559  BEAMER ,"6, ZONE",576X,5750b,CLOSED
179768,Tree Removal,2021-06-04 03:22 PM,Tree Removal Inspection,TREEMAINTENANCE,"UF - POLOVTSEV, SERA",9318  CLIFFWOOD ,"7, ZONE",531R,5254c,CLOSED
179769,Tree Removal,2021-06-04 03:22 PM,Tree Removal Inspection,TREEMAINTENANCE,"UF - POLOVTSEV, SERA",6100  MAIN ,"7, ZONE",532D,5355a,CLOSED
179771,Tree Trim,2021-06-04 04:01 PM,Tree Trim Inspection,TREEMAINTENANCE,"PATINO, ARNULFO",4706 FARMER ST,"4, ZONE",494F,77020,CLOSED
179772,Tree Trim,2021-06-04 04:01 PM,Tree Trim Inspection,TREEMAINTENANCE,"BLANCHETTE, PETER", 2600 CEDARVILLE DR&5438 KINGWOOD DR,"4, ZONE",337D,5870d,CLOSED
179773,Tree Trim,2021-06-04 04:02 PM,Tree Trim Inspection,TREEMAINTENANCE,"UF - JONES, CODY", 2600 CEDARVILLE DR&5438 KINGWOOD DR,"4, ZONE",337D,5870d,CLOSED
179774,Tree Trim,2021-06-04 04:29 PM,Tree Trim Inspection,TREEMAINTENANCE,"UF - POLOVTSEV, SERA",10619  LONGMONT ,"2, ZONE",489Q,4956a,CLOSED
179775,Tree Removal,2021-06-04 04:29 PM,Tree Removal Inspection,TREEMAINTENANCE,"UF - POLOVTSEV, SERA",12835  PALM DESERT ,"2, ZONE",528V,4853a,CLOSED
179778,Tree Trim,2021-06-04 06:34 PM,Tree Trim Inspection,TREEMAINTENANCE,"BLANCHETTE, PETER",8527  FINDLAY ,"5, ZONE",535Q,5654b,CLOSED
179779,Tree Removal,2021-06-04 07:28 PM,Tree Removal Inspection,TREEMAINTENANCE,"UF - POLOVTSEV, SERA",5420  FLOYD ,"2, ZONE",492G,5257b,CLOSED
179780,Tree Trim,2021-06-04 07:28 PM,Tree Trim Inspection,TREEMAINTENANCE,"UF - JONES, CODY",13125  VICKSBURG ,"4, ZONE",497E,5858a,CLOSED
179781,Tree Trim,2021-06-04 09:52 PM,Tree Trim Inspection,TREEMAINTENANCE,"BLANCHETTE, PETER",7003  AVENUE Q ,"5, ZONE",495S,5557d,CLOSED
179782,Tree Removal,2021-06-05 12:27 AM,Tree Removal Inspection,TREEMAINTENANCE,"UF - BURKES, JEREMY",106  CONCERT ,"7, ZONE",533A,5355b,CLOSED
179783,Tree Removal,2021-06-05 12:27 AM,Tree Removal Inspection,TREEMAINTENANCE,"UF - BURKES, JEREMY",6100  HERMANN PARK ,"7, ZONE",533A,5355b,CLOSED
179784,Tree Removal,2021-06-05 08:34 AM,Tree Removal Inspection,TREEMAINTENANCE,"UF - POLOVTSEV, SERA",9550  DEERING ,"2, ZONE",529V,4953b,CLOSED
179785,Tree Removal,2021-06-05 09:55 AM,Tree Removal Inspection,TREEMAINTENANCE,"UF - JONES, CODY",5610  HIALEAH ,"3, ZONE",451K,5160c,CLOSED
179786,Tree Trim,2021-06-05 09:59 AM,Tree Trim Inspection,TREEMAINTENANCE,"PATINO, ARNULFO", 7630 W AIRPORT BLVD&12200 SPLIT RAIL LN,"7, ZONE",570G,5052b,CLOSED
179787,Tree Removal,2021-06-05 11:22 AM,Tree Removal Inspection,TREEMAINTENANCE,"UF - JONES, CODY",1619  NICHOLSON ,"3, ZONE",452Z,5359c,CLOSED
179788,Tree Trim,2021-06-05 12:25 PM,Tree Trim Inspection,TREEMAINTENANCE,"PATINO, ARNULFO",7903 STROUD DR,"2, ZONE",530K,77036,CLOSED
179789,Tree Trim,2021-06-05 01:54 PM,Tree Trim Inspection,TREEMAINTENANCE,"BLANCHETTE, PETER",2115  HICKORY CREEK ,"4, ZONE",336C,5769a,CLOSED
179790,Tree Trim,2021-06-05 02:52 PM,Tree Trim Inspection,TREEMAINTENANCE,"UF - POLOVTSEV, SERA",5326  HEATHERBROOK ,"7, ZONE",571Q,5151b,CLOSED
179791,Tree Trim,2021-06-05 03:31 PM,Tree Trim Inspection,TREEMAINTENANCE,"UF - JONES, CODY", 600 W CAVALCADE ST&1400 NORTHWOOD ST,"3, ZONE",453T,5359d,CLOSED
179792,Tree Removal,2021-06-05 03:52 PM,Tree Removal Inspection,TREEMAINTENANCE,"UF - JONES, CODY",964  JUNELL ,"3, ZONE",412U,5262d,CLOSED
179793,Tree Code Violation,2021-06-05 06:28 PM,Tree Code Violation Inspection,TREEPROTECTION,"UF - POLOVTSEV, SERA",4606  OMEARA ,"7, ZONE",531V,5153b,CLOSED
179794,Tree Removal,2021-06-05 11:35 PM,Tree Removal Inspection,TREEMAINTENANCE,"UF - JONES, CODY",8203  VOGUE ,"3, ZONE",451N,5059b,CLOSED
179795,Tree Removal,2021-06-05 11:53 PM,Tree Removal Inspection,TREEMAINTENANCE,"UF - JONES, CODY",4420  BINGLE ,"3, ZONE",451E,5160a,CLOSED
179796,Tree Removal,2021-06-06 01:34 PM,Tree Removal Inspection,TREEMAINTENANCE,"UF - JONES, CODY",6606  BAYOU VIEW ,"3, ZONE",411Z,5161b,CLOSED
179797,Tree Removal,2021-06-06 02:52 PM,Tree Removal Inspection,TREEMAINTENANCE,"UF - POLOVTSEV, SERA",6115  WASHINGTON ,"2, ZONE",492F,5258d,CLOSED
179798,Tree Trim,2021-06-06 05:23 PM,Tree Trim Inspection,TREEMAINTENANCE,"UF - JONES, CODY",6914  OAK BOUGH ,"3, ZONE",411T,5162c,CLOSED
179799,Tree Removal,2021-06-06 07:24 PM,Tree Removal Inspection,TREEMAINTENANCE,"UF - JONES, CODY",2200 RIDGEMORE,"3, ZONE",451N,5059b,CLOSED
179800,Tree Removal,2021-06-06 11:27 PM,Tree Removal Inspection,TREEMAINTENANCE,"BLANCHETTE, PETER",8003  ARLETTA ,"6, ZONE",535T,5654c,CLOSED
179801,Tree Trim,2021-06-07 07:22 AM,Tree Trim Inspection,TREEMAINTENANCE,"PATINO, ARNULFO",6822 CADDO LAKE LN,"2, ZONE",528G,77083,CLOSED
179802,Tree Trim,2021-06-07 08:57 AM,Tree Trim Inspection,TREEMAINTENANCE,"BLANCHETTE, PETER", 4600 ALVIN ST&8800 CULLEN BLVD,"6, ZONE",533Z,5453a,CLOSED
179803,Tree Trim,2021-06-07 08:58 AM,Tree Trim Inspection,TREEMAINTENANCE,"BLANCHETTE, PETER",8102  CULLEN ,"6, ZONE",533V,5453a,CLOSED
179804,Tree Removal,2021-06-07 08:58 AM,Tree Removal Inspection,TREEMAINTENANCE,"UF - JONES, CODY", 6900 VINEWOOD CIR&6114 VINEWOOD DR,"3, ZONE",411T,5162c,CLOSED
179805,Tree Trim,2021-06-07 08:58 AM,Tree Trim Inspection,TREEMAINTENANCE,"UF - JONES, CODY", 1750 ANTOINE DR&7400 JALNA ST,"3, ZONE",451T,5159c,CLOSED
179806,Tree Removal,2021-06-07 10:24 AM,Tree Removal Inspection,TREEMAINTENANCE,"UF - POLOVTSEV, SERA",14104  HIRAM CLARKE ,"7, ZONE",571R,5251a,CLOSED
179807,Tree Removal,2021-06-07 10:54 AM,Tree Removal Inspection,TREEMAINTENANCE,"UF - POLOVTSEV, SERA",2005  BANKS ,"7, ZONE",492Z,5356c,CLOSED
179808,Tree Trim,2021-06-07 11:53 AM,Tree Trim Inspection,TREEMAINTENANCE,"UF - POLOVTSEV, SERA", 2300 TANGLEY ST&5100 WHITLEY ST,"7, ZONE",532C,5255b,CLOSED
179809,Tree Trim,2021-06-07 11:55 AM,Tree Trim Inspection,TREEMAINTENANCE,"PATINO, ARNULFO",7630 CANDLEGREEN LN,"7, ZONE",570G,77071,CLOSED
179811,Tree Removal,2021-06-07 12:23 PM,Tree Removal Inspection,TREEMAINTENANCE,"UF - POLOVTSEV, SERA",11802  PLUMPOINT ,"2, ZONE",529S,4853d,CLOSED
179812,Tree Trim,2021-06-07 12:23 PM,Tree Trim Inspection,TREEMAINTENANCE,"UF - POLOVTSEV, SERA",10700  STANCLIFF ,"2, ZONE",529Y,4953c,CLOSED
179814,Tree Removal,2021-06-07 12:33 PM,Tree Removal Inspection,TREEMAINTENANCE,"UF - POLOVTSEV, SERA",5203  FLOYD ,"2, ZONE",492L,5257b,CLOSED
179817,Tree Trim,2021-06-07 01:23 PM,Tree Trim Inspection,TREEMAINTENANCE,"PATINO, ARNULFO",3406 LIVE OAK ST,"6, ZONE",493Y,77004,CLOSED
179818,Tree Trim,2021-06-07 01:34 PM,Tree Trim Inspection,TREEMAINTENANCE,"BLANCHETTE, PETER", 8200 CULLEN BLVD&4700 WHITE ROCK ST,"6, ZONE",533V,5453a,CLOSED
179819,Tree Removal,2021-06-07 01:52 PM,Tree Removal Inspection,TREEMAINTENANCE,"UF - JONES, CODY",940  ADELE ,"3, ZONE",453T,5359b,CLOSED
179820,Tree Trim,2021-06-07 01:53 PM,Tree Trim Inspection,TREEMAINTENANCE,"PATINO, ARNULFO", 10100 W BELLFORT AVE&11600 DOVER ST,"7, ZONE",569D,4952b,CLOSED
179822,Tree Removal,2021-06-07 02:23 PM,Tree Removal Inspection,TREEMAINTENANCE,"UF - JONES, CODY",1405  CONRAD SAUER ,"3, ZONE",449Z,4958b,CLOSED
179823,Tree Trim,2021-06-07 02:33 PM,Tree Trim Inspection,TREEMAINTENANCE,"PATINO, ARNULFO",12129 5TH ST,"2, ZONE",529A,77072,CLOSED
179824,Tree Trim,2021-06-07 02:53 PM,Tree Trim Inspection,TREEMAINTENANCE,"UF - JONES, CODY",11003 HIGH STAR DR,"2, ZONE",529B,77072,CLOSED
179825,Tree Trim,2021-06-07 03:00 PM,Tree Trim Inspection,TREEMAINTENANCE,"UF - POLOVTSEV, SERA", 5700 W BELLFORT AVE&11200 MULLINS DR,"7, ZONE",571A,5153c,CLOSED
179826,Tree Trim,2021-06-07 03:27 PM,Tree Trim Inspection,TREEMAINTENANCE,"PATINO, ARNULFO", 7630 W AIRPORT BLVD&12200 SPLIT RAIL LN,"7, ZONE",570G,5052b,CLOSED
179827,Tree Trim,2021-06-07 03:30 PM,Tree Trim Inspection,TREEMAINTENANCE,"PATINO, ARNULFO",7626 CANDLEGREEN LN,"7, ZONE",570G,77071,CLOSED
179828,Tree Trim,2021-06-07 03:35 PM,Tree Trim Inspection,TREEMAINTENANCE,"UF - JONES, CODY",753 E 16TH ,"3, ZONE",453W,5359c,CLOSED
179829,Tree Trim,2021-06-07 03:53 PM,Tree Trim Inspection,TREEMAINTENANCE,"BLANCHETTE, PETER", 5719 DWINNELL ST,"5, ZONE",534C,5555a,CLOSED
179830,Tree Removal,2021-06-07 04:24 PM,Tree Removal Inspection,TREEMAINTENANCE,"UF - POLOVTSEV, SERA",7139  OSAGE ,"2, ZONE",530K,5054a,CLOSED
179831,Tree Trim,2021-06-07 04:32 PM,Tree Trim Inspection,TREEMAINTENANCE,"UF - POLOVTSEV, SERA", 1300 BINZ ST&5600 CAROLINE ST,"7, ZONE",533A,5356d,CLOSED
179832,Tree Stump Grinding,2021-06-07 05:01 PM,Tree Stump Inspection,TREEMAINTENANCE,"BLANCHETTE, PETER",10924  HARTSOOK ,"5, ZONE",576L,5752d,CLOSED
179834,Tree Removal,2021-06-07 06:37 PM,Tree Removal Inspection,TREEMAINTENANCE,"UF - POLOVTSEV, SERA",5706  BEECHNUT ,"7, ZONE",531N,5154c,CLOSED
179835,Tree Removal,2021-06-07 07:25 PM,Tree Removal Inspection,TREEMAINTENANCE,"UF - JONES, CODY",5210  EVELLA ,"4, ZONE",494C,5558a,CLOSED
179836,Tree Removal,2021-06-07 08:54 PM,Tree Removal Inspection,TREEMAINTENANCE,"UF - POLOVTSEV, SERA", 7200 OSAGE ST&7900 ROWAN LN,"2, ZONE",530K,5054a,CLOSED
179837,Tree Removal,2021-06-07 11:52 PM,Tree Removal Inspection,TREEMAINTENANCE,"UF - POLOVTSEV, SERA", 3100 AUDLEY ST&3300 SUL ROSS ST,"2, ZONE",492T,5256b,CLOSED
179840,Tree Trim,2021-06-08 07:53 AM,Tree Trim Inspection,TREEMAINTENANCE,"UF - JONES, CODY",706 W 41ST ,"3, ZONE",452M,5260d,CLOSED
179841,Tree Trim,2021-06-08 07:53 AM,Tree Trim Inspection,TREEMAINTENANCE,"BLANCHETTE, PETER",6521  CONLEY ,"6, ZONE",533M,5454a,CLOSED
179842,Tree Stump Grinding,2021-06-08 07:54 AM,Tree Stump Inspection,TREEMAINTENANCE,"PATINO, ARNULFO", 7200 OSAGE ST&7900 ROWAN LN,"2, ZONE",530K,5054a,CLOSED
179843,Tree Removal,2021-06-08 07:54 AM,Tree Removal Inspection,TREEMAINTENANCE,"UF - JONES, CODY",1101  WESTMONT ,"4, ZONE",497E,5858c,CLOSED
179844,Tree Trim,2021-06-08 08:05 AM,Tree Trim Inspection,TREEMAINTENANCE,"UF - JONES, CODY", 4000 SHERWOOD LN&2900 VOLLMER RD,"3, ZONE",451R,5159b,CLOSED
179845,Tree Trim,2021-06-08 08:32 AM,Tree Trim Inspection,TREEMAINTENANCE,"UF - JONES, CODY", 700 W 30TH ST&3000 N DURHAM DR,"3, ZONE",452R,5259b,CLOSED
179846,Tree Removal,2021-06-08 08:33 AM,Tree Removal Inspection,TREEMAINTENANCE,"UF - JONES, CODY",6414  WOODBROOK ,"3, ZONE",452X,5258b,CLOSED
179847,Tree Trim,2021-06-08 08:53 AM,Tree Trim Inspection,TREEMAINTENANCE,"UF - JONES, CODY",3209  ELYSIAN ,"4, ZONE",493D,5458a,CLOSED
179848,Tree Trim,2021-06-08 09:02 AM,Tree Trim Inspection,TREEMAINTENANCE,"UF - POLOVTSEV, SERA",10819  OASIS ,"7, ZONE",531X,5153c,CLOSED
179849,Tree Removal,2021-06-08 09:23 AM,Tree Removal Inspection,TREEMAINTENANCE,"BLANCHETTE, PETER", 2 KINGWOOD VILLAS CT&1600 LAKE KINGWOOD TRL,"4, ZONE",337E,5769b,CLOSED
179850,Tree Trim,2021-06-08 09:23 AM,Tree Trim Inspection,TREEMAINTENANCE,"UF - POLOVTSEV, SERA",5915  QUAIL VILLAGE ,"7, ZONE",611F,5149a,CLOSED
179851,Tree Trim,2021-06-08 09:54 AM,Tree Trim Inspection,TREEMAINTENANCE,"UF - JONES, CODY",7407  JALNA ,"3, ZONE",451T,5159c,CLOSED
179852,Tree Trim,2021-06-08 10:00 AM,Tree Trim Inspection,TREEMAINTENANCE,"UF - POLOVTSEV, SERA", 11400 ELMCROFT DR&9800 LEAWOOD BLVD,"2, ZONE",529T,4953a,CLOSED
179856,Tree Removal,2021-06-08 10:54 AM,Tree Removal Inspection,TREEMAINTENANCE,"UF - JONES, CODY",3303  THEYSEN ,"3, ZONE",450L,5060c,CLOSED
179858,Tree Trim,2021-06-08 11:23 AM,Tree Trim Inspection,TREEMAINTENANCE,"UF - JONES, CODY", 9744 KEMPWOOD DR&3200 LIVELY LN,"3, ZONE",450K,4960d,CLOSED
179862,Tree Trim,2021-06-08 12:24 PM,Tree Trim Inspection,TREEMAINTENANCE,"UF - POLOVTSEV, SERA",4911  JASON ,"7, ZONE",531Q,5154d,CLOSED
179863,Tree Trim,2021-06-08 12:25 PM,Tree Trim Inspection,TREEMAINTENANCE,"UF - POLOVTSEV, SERA",4915  JASON ,"7, ZONE",531Q,5154d,CLOSED
179865,Tree Removal,2021-06-08 12:59 PM,Tree Removal Inspection,TREEMAINTENANCE,"BLANCHETTE, PETER",3801 WICHITA ST,"6, ZONE",533H,5455a,CLOSED
179869,Tree Removal,2021-06-08 02:27 PM,Tree Removal Inspection,TREEMAINTENANCE,"BLANCHETTE, PETER",7729  AVENUE E ,"5, ZONE",495W,5656a,CLOSED
179871,Tree Trim,2021-06-08 02:55 PM,Tree Trim Inspection,TREEMAINTENANCE,"PATINO, ARNULFO",7534 IMOGENE ST,"7, ZONE",530Q,77074,CLOSED
179872,Tree Trim,2021-06-08 03:00 PM,Tree Trim Inspection,TREEMAINTENANCE,"UF - POLOVTSEV, SERA", 1600 BINZ ST&5600 CRAWFORD ST,"7, ZONE",533B,5356d,CLOSED
179873,Tree Removal,2021-06-08 03:04 PM,Tree Removal Inspection,TREEMAINTENANCE,"BLANCHETTE, PETER",16606  SATURN ,"5, ZONE",618Q,6049a,CLOSED
179875,Tree Trim,2021-06-08 03:26 PM,Tree Trim Inspection,TREEMAINTENANCE,"UF - POLOVTSEV, SERA", 3900 CUMMINS ST&3900 NORFOLK ST,"2, ZONE",492W,5256c,CLOSED
179876,Tree Trim,2021-06-08 03:35 PM,Tree Trim Inspection,TREEMAINTENANCE,"BLANCHETTE, PETER",206  BURR ,"5, ZONE",494T,5557c,CLOSED
179878,Tree Trim,2021-06-08 03:54 PM,Tree Trim Inspection,TREEMAINTENANCE,"UF - POLOVTSEV, SERA", 3700 CUMMINS ST&3800 RICHMOND AVE,"2, ZONE",492W,5256c,CLOSED
179879,Tree Trim,2021-06-08 04:03 PM,Tree Trim Inspection,TREEMAINTENANCE,"UF - JONES, CODY",9762  WESTVIEW ,"3, ZONE",450X,4958b,CLOSED
179880,Tree Trim,2021-06-08 04:07 PM,Tree Trim Inspection,TREEMAINTENANCE,"UF - JONES, CODY", 1750 ANTOINE DR&7400 JALNA ST,"3, ZONE",451T,5159c,CLOSED
179881,Tree Trim,2021-06-08 04:23 PM,Tree Trim Inspection,TREEMAINTENANCE,"UF - JONES, CODY", 9744 KEMPWOOD DR&3200 LIVELY LN,"3, ZONE",450K,4960d,CLOSED
179882,Tree Trim,2021-06-08 04:25 PM,Tree Trim Inspection,TREEMAINTENANCE,"UF - POLOVTSEV, SERA",802  FLEETWOOD PLACE ,"2, ZONE",488E,4757a,CLOSED
179883,Tree Trim,2021-06-08 04:53 PM,Tree Trim Inspection,TREEMAINTENANCE,"UF - JONES, CODY", 9744 KEMPWOOD DR&3200 LIVELY LN,"3, ZONE",450K,4960d,CLOSED
179884,Tree Trim,2021-06-08 04:54 PM,Tree Trim Inspection,TREEMAINTENANCE,"BLANCHETTE, PETER",5214  PERRY ,"6, ZONE",534N,5454b,CLOSED
179885,Tree Trim,2021-06-08 05:24 PM,Tree Trim Inspection,TREEMAINTENANCE,"UF - JONES, CODY", 9744 KEMPWOOD DR&3200 LIVELY LN,"3, ZONE",450K,4960d,CLOSED
179886,Tree Removal,2021-06-08 05:26 PM,Tree Removal Inspection,TREEMAINTENANCE,"PATINO, ARNULFO",8611 BROOKREN CIR,"2, ZONE",528R,77072,CLOSED
179887,Tree Trim,2021-06-08 05:52 PM,Tree Trim Inspection,TREEMAINTENANCE,"UF - JONES, CODY", 9744 KEMPWOOD DR&3200 LIVELY LN,"3, ZONE",450K,4960d,CLOSED
179888,Tree Trim,2021-06-08 06:27 PM,Tree Trim Inspection,TREEMAINTENANCE,"UF - JONES, CODY", 9744 KEMPWOOD DR&3200 LIVELY LN,"3, ZONE",450K,4960d,CLOSED
179889,Tree Trim,2021-06-08 06:59 PM,Tree Trim Inspection,TREEMAINTENANCE,"UF - JONES, CODY", 9744 KEMPWOOD DR&3200 LIVELY LN,"3, ZONE",450K,4960d,CLOSED
179890,Tree Removal,2021-06-08 07:06 PM,Tree Removal Inspection,TREEMAINTENANCE,"BLANCHETTE, PETER",779  PROSPER ,"3, ZONE",412U,5262d,CLOSED
179891,Tree Trim,2021-06-08 07:25 PM,Tree Trim Inspection,TREEMAINTENANCE,"UF - JONES, CODY", 9744 KEMPWOOD DR&3200 LIVELY LN,"3, ZONE",450K,4960d,CLOSED
179892,Tree Trim,2021-06-08 07:54 PM,Tree Trim Inspection,TREEMAINTENANCE,"UF - JONES, CODY", 9744 KEMPWOOD DR&3200 LIVELY LN,"3, ZONE",450K,4960d,CLOSED
179893,Tree Trim,2021-06-08 08:24 PM,Tree Trim Inspection,TREEMAINTENANCE,"UF - JONES, CODY", 9744 KEMPWOOD DR&3200 LIVELY LN,"3, ZONE",450K,4960d,CLOSED
179894,Tree Trim,2021-06-08 08:52 PM,Tree Trim Inspection,TREEMAINTENANCE,"UF - JONES, CODY", 9744 KEMPWOOD DR&3200 LIVELY LN,"3, ZONE",450K,4960d,CLOSED
179895,Tree Trim,2021-06-08 09:25 PM,Tree Trim Inspection,TREEMAINTENANCE,"UF - JONES, CODY", 9744 KEMPWOOD DR&3200 LIVELY LN,"3, ZONE",450K,4960d,CLOSED
179896,Tree Trim,2021-06-08 09:52 PM,Tree Trim Inspection,TREEMAINTENANCE,"UF - JONES, CODY", 9744 KEMPWOOD DR&3200 LIVELY LN,"3, ZONE",450K,4960d,CLOSED
179897,Tree Trim,2021-06-08 10:22 PM,Tree Trim Inspection,TREEMAINTENANCE,"UF - JONES, CODY", 9744 KEMPWOOD DR&3200 LIVELY LN,"3, ZONE",450K,4960d,CLOSED
179898,Tree Trim,2021-06-08 10:52 PM,Tree Trim Inspection,TREEMAINTENANCE,"UF - JONES, CODY", 9744 KEMPWOOD DR&3200 LIVELY LN,"3, ZONE",450K,4960d,CLOSED
179899,Tree Trim,2021-06-08 11:25 PM,Tree Trim Inspection,TREEMAINTENANCE,"UF - JONES, CODY", 9744 KEMPWOOD DR&3200 LIVELY LN,"3, ZONE",450K,4960d,CLOSED
179900,Tree Trim,2021-06-08 11:53 PM,Tree Trim Inspection,TREEMAINTENANCE,"UF - JONES, CODY", 9744 KEMPWOOD DR&3200 LIVELY LN,"3, ZONE",450K,4960d,CLOSED
179901,Tree Trim,2021-06-09 12:31 AM,Tree Trim Inspection,TREEMAINTENANCE,"UF - JONES, CODY", 9744 KEMPWOOD DR&3200 LIVELY LN,"3, ZONE",450K,4960d,CLOSED
179902,Tree Trim,2021-06-09 01:01 AM,Tree Trim Inspection,TREEMAINTENANCE,"UF - JONES, CODY", 9744 KEMPWOOD DR&3200 LIVELY LN,"3, ZONE",450K,4960d,CLOSED
179903,Tree Trim,2021-06-09 01:29 AM,Tree Trim Inspection,TREEMAINTENANCE,"UF - JONES, CODY", 9744 KEMPWOOD DR&3200 LIVELY LN,"3, ZONE",450K,4960d,CLOSED
179904,Tree Trim,2021-06-09 01:58 AM,Tree Trim Inspection,TREEMAINTENANCE,"UF - JONES, CODY", 9744 KEMPWOOD DR&3200 LIVELY LN,"3, ZONE",450K,4960d,CLOSED
179905,Tree Trim,2021-06-09 02:28 AM,Tree Trim Inspection,TREEMAINTENANCE,"UF - JONES, CODY", 9744 KEMPWOOD DR&3200 LIVELY LN,"3, ZONE",450K,4960d,CLOSED
179906,Tree Trim,2021-06-09 02:59 AM,Tree Trim Inspection,TREEMAINTENANCE,"UF - JONES, CODY", 9744 KEMPWOOD DR&3200 LIVELY LN,"3, ZONE",450K,4960d,CLOSED
179907,Tree Trim,2021-06-09 03:23 AM,Tree Trim Inspection,TREEMAINTENANCE,"UF - JONES, CODY", 9744 KEMPWOOD DR&3200 LIVELY LN,"3, ZONE",450K,4960d,CLOSED
179908,Tree Trim,2021-06-09 03:55 AM,Tree Trim Inspection,TREEMAINTENANCE,"UF - JONES, CODY", 9744 KEMPWOOD DR&3200 LIVELY LN,"3, ZONE",450K,4960d,CLOSED
179909,Tree Trim,2021-06-09 04:22 AM,Tree Trim Inspection,TREEMAINTENANCE,"UF - JONES, CODY", 9744 KEMPWOOD DR&3200 LIVELY LN,"3, ZONE",450K,4960d,CLOSED
179910,Tree Trim,2021-06-09 04:54 AM,Tree Trim Inspection,TREEMAINTENANCE,"UF - JONES, CODY", 9744 KEMPWOOD DR&3200 LIVELY LN,"3, ZONE",450K,4960d,CLOSED
179911,Tree Trim,2021-06-09 05:22 AM,Tree Trim Inspection,TREEMAINTENANCE,"UF - JONES, CODY", 9744 KEMPWOOD DR&3200 LIVELY LN,"3, ZONE",450K,4960d,CLOSED
179912,Tree Trim,2021-06-09 05:52 AM,Tree Trim Inspection,TREEMAINTENANCE,"UF - JONES, CODY", 9744 KEMPWOOD DR&3200 LIVELY LN,"3, ZONE",450K,4960d,CLOSED
179913,Tree Trim,2021-06-09 06:23 AM,Tree Trim Inspection,TREEMAINTENANCE,"UF - JONES, CODY", 9744 KEMPWOOD DR&3200 LIVELY LN,"3, ZONE",450K,4960d,CLOSED
179914,Tree Trim,2021-06-09 06:29 AM,Tree Trim Inspection,TREEMAINTENANCE,"UF - JONES, CODY", 14000 CLAY RD&4400 N ELDRIDGE PKWY,"3, ZONE",448H,4860c,CLOSED
179919,Tree Trim,2021-06-09 07:24 AM,Tree Trim Inspection,TREEMAINTENANCE,"UF - POLOVTSEV, SERA",5610  SPELLMAN ,"7, ZONE",571A,5153c,CLOSED
179920,Tree Trim,2021-06-09 08:25 AM,Tree Trim Inspection,TREEMAINTENANCE,"UF - POLOVTSEV, SERA",5635  CARTAGENA ,"7, ZONE",571A,5152a,CLOSED
179921,Tree Trim,2021-06-09 08:54 AM,Tree Trim Inspection,TREEMAINTENANCE,"BLANCHETTE, PETER", 3200 BELLFORT ST&8400 CANYON ST,"6, ZONE",533X,5353b,CLOSED
179922,Tree Trim,2021-06-09 09:27 AM,Tree Trim Inspection,TREEMAINTENANCE,"UF - POLOVTSEV, SERA",5322  ROSE ,"2, ZONE",492G,5257b,CLOSED
179923,Tree Removal,2021-06-09 09:27 AM,Tree Removal Inspection,TREEMAINTENANCE,"BLANCHETTE, PETER",5502  SOUTHWIND ,"6, ZONE",534S,5454d,CLOSED
179924,Tree Trim,2021-06-09 09:31 AM,Tree Trim Inspection,TREEMAINTENANCE,"UF - POLOVTSEV, SERA", 6300 ANDERSON RD&15200 ROCKWELL BLVD,"7, ZONE",571S,5150a,CLOSED
179925,Tree Code Violation,2021-06-09 09:32 AM,Tree Code Violation Inspection,TREEPROTECTION,"BLANCHETTE, PETER",4104  KEWANEE ,"6, ZONE",533Y,5453a,CLOSED
179926,Tree Planting,2021-06-09 09:59 AM,Tree Planting Inspection,TREEPROTECTION,"BLANCHETTE, PETER",4104  KEWANEE ,"6, ZONE",533Y,5453a,CLOSED
179927,Tree Trim,2021-06-09 09:59 AM,Tree Trim Inspection,TREEMAINTENANCE,"BLANCHETTE, PETER", 1002 ROPER ST,"5, ZONE",576E,5753c,CLOSED
179928,Tree Trim,2021-06-09 09:59 AM,Tree Trim Inspection,TREEMAINTENANCE,"UF - POLOVTSEV, SERA",2712  LA BRANCH ,"2, ZONE",493U,5356b,CLOSED
179929,Tree Trim,2021-06-09 11:00 AM,Tree Trim Inspection,TREEMAINTENANCE,"BLANCHETTE, PETER",3828  OLD SPANISH ,"6, ZONE",533M,5455c,CLOSED
179931,Tree Removal,2021-06-09 11:01 AM,Tree Removal Inspection,TREEMAINTENANCE,"UF - JONES, CODY",5935  SPRUCE FOREST ,"3, ZONE",451B,5161c,CLOSED
179932,Tree Removal,2021-06-09 11:04 AM,Tree Removal Inspection,TREEMAINTENANCE,"UF - JONES, CODY",1722  HEIGHTS ,"3, ZONE",453S,5359c,CLOSED
179934,Tree Removal,2021-06-09 11:33 AM,Tree Removal Inspection,TREEMAINTENANCE,"UF - POLOVTSEV, SERA",5711  SANFORD ,"7, ZONE",531W,5153c,CLOSED
179935,Tree Removal,2021-06-09 11:33 AM,Tree Removal Inspection,TREEMAINTENANCE,"PATINO, ARNULFO",9850 S KIRKWOOD RD,"2, ZONE",529S,77099,CLOSED
179936,Tree Removal,2021-06-09 12:29 PM,Tree Removal Inspection,TREEMAINTENANCE,"BLANCHETTE, PETER",7201  PALESTINE ,"5, ZONE",495J,5557b,CLOSED
179937,Tree Removal,2021-06-09 12:59 PM,Tree Removal Inspection,TREEMAINTENANCE,"PATINO, ARNULFO",9515 S DAIRY ASHFORD ST,"2, ZONE",528V,77099,CLOSED
179939,Tree Removal,2021-06-09 02:01 PM,Tree Removal Inspection,TREEMAINTENANCE,"UF - POLOVTSEV, SERA",9623 W AIRPORT ,"7, ZONE",569H,4952d,CLOSED
179940,Tree Trim,2021-06-09 02:03 PM,Tree Trim Inspection,TREEMAINTENANCE,"UF - POLOVTSEV, SERA",5301  HIDALGO ,"2, ZONE",491U,5156d,CLOSED
179941,Tree Trim,2021-06-09 02:14 PM,Tree Trim Inspection,TREEMAINTENANCE,"BLANCHETTE, PETER",3822  OLD SPANISH ,"6, ZONE",533M,5455c,CLOSED
179942,Tree Removal,2021-06-09 02:39 PM,Tree Removal Inspection,TREEMAINTENANCE,"UF - JONES, CODY",1724  NICHOLSON ,"3, ZONE",452V,5359c,CLOSED
179943,Tree Trim,2021-06-09 02:48 PM,Tree Trim Inspection,TREEMAINTENANCE,"BLANCHETTE, PETER",15007  CULLEN ,"6, ZONE",613D,5450d,CLOSED
179944,Tree Trim,2021-06-09 02:52 PM,Tree Trim Inspection,TREEMAINTENANCE,"BLANCHETTE, PETER",418  EL DORADO ,"5, ZONE",618N,5949d,CLOSED
179945,Tree Removal,2021-06-09 02:56 PM,Tree Removal Inspection,TREEMAINTENANCE,"UF - POLOVTSEV, SERA",11326  BARRETT BRAE ,"2, ZONE",529P,4954c,CLOSED
179946,Tree Trim,2021-06-09 03:26 PM,Tree Trim Inspection,TREEMAINTENANCE,"UF - POLOVTSEV, SERA",11742  LEADER ,"2, ZONE",529E,4854b,CLOSED
179947,Tree Removal,2021-06-09 03:59 PM,Tree Removal Inspection,TREEMAINTENANCE,"UF - POLOVTSEV, SERA",311  TERRACE ,"2, ZONE",492K,5257b,CLOSED
179948,Tree Trim,2021-06-09 04:12 PM,Tree Trim Inspection,TREEMAINTENANCE,"PATINO, ARNULFO",7534  IMOGENE ,"7, ZONE",530Q,5054c,CLOSED
179949,Tree Removal,2021-06-09 04:22 PM,Tree Removal Inspection,TREEMAINTENANCE,"PATINO, ARNULFO",9314 SHARPVIEW DR,"2, ZONE",529M,77036,CLOSED
179950,Tree Trim,2021-06-09 04:53 PM,Tree Trim Inspection,TREEMAINTENANCE,"UF - POLOVTSEV, SERA",14202  BRIAR FOREST ,"2, ZONE",488J,4757d,CLOSED
179951,Tree Trim,2021-06-09 05:58 PM,Tree Trim Inspection,TREEMAINTENANCE,"UF - JONES, CODY", 2000 STACY BROOK&2300 E T C JESTER BLVD,"3, ZONE",452T,5259c,CLOSED
179952,Tree Trim,2021-06-09 06:02 PM,Tree Trim Inspection,TREEMAINTENANCE,"UF - POLOVTSEV, SERA",1214  MILFORD ,"7, ZONE",493W,5356c,CLOSED
179954,Tree Removal,2021-06-09 06:43 PM,Tree Removal Inspection,TREEMAINTENANCE,"BLANCHETTE, PETER",7619  MOSS ROSE ,"5, ZONE",535F,5655a,CLOSED
179955,Tree Trim,2021-06-09 08:12 PM,Tree Trim Inspection,TREEMAINTENANCE,"UF - POLOVTSEV, SERA",2010  SHEARN ,"2, ZONE",493F,5358d,CLOSED
179956,Tree Trim,2021-06-10 05:20 AM,Tree Trim Inspection,TREEMAINTENANCE,"UF - POLOVTSEV, SERA", 4500 LILLIAN ST&900 PATTERSON ST,"2, ZONE",492H,5357a,CLOSED
179957,Tree Removal,2021-06-10 06:42 AM,Tree Removal Inspection,TREEMAINTENANCE,"UF - JONES, CODY",7942  RECORD ,"4, ZONE",455B,5661c,CLOSED
179959,Tree Trim,2021-06-10 07:31 AM,Tree Trim Inspection,TREEMAINTENANCE,"PATINO, ARNULFO",4215 TERRY ST,"4, ZONE",453Z,77009,CLOSED
179962,Tree Trim,2021-06-10 08:19 AM,Tree Trim Inspection,TREEMAINTENANCE,"PATINO, ARNULFO",1213 OXFORD ST,"3, ZONE",453W,77008,CLOSED
179964,Tree Trim,2021-06-10 09:20 AM,Tree Trim Inspection,TREEMAINTENANCE,"UF - POLOVTSEV, SERA", 800 BAKER RD&19000 KINGSLAND BLVD,"2, ZONE",486D,4557b,CLOSED
179965,Tree Trim,2021-06-10 09:33 AM,Tree Trim Inspection,TREEMAINTENANCE,"BLANCHETTE, PETER",5151  LARKSPUR ,"6, ZONE",534W,5453b,CLOSED
179966,Tree Removal,2021-06-10 09:33 AM,Tree Removal Inspection,TREEMAINTENANCE,"UF - BURKES, JEREMY",8702  BEVERLY HILL ,"2, ZONE",490Y,5056c,CLOSED
179967,Tree Removal,2021-06-10 10:22 AM,Tree Removal Inspection,TREEMAINTENANCE,"PATINO, ARNULFO",9421 ALCORN ST,"4, ZONE",453D,77093,CLOSED
179968,Tree Trim,2021-06-10 10:26 AM,Tree Trim Inspection,TREEMAINTENANCE,"UF - JONES, CODY",7118  EL PASO ,"5, ZONE",495E,5558d,CLOSED
179970,Tree Trim,2021-06-10 12:39 PM,Tree Trim Inspection,TREEMAINTENANCE,"UF - JONES, CODY",1102 E 7TH ,"3, ZONE",493A,5358b,CLOSED
179971,Tree Removal,2021-06-10 12:40 PM,Tree Removal Inspection,TREEMAINTENANCE,"UF - JONES, CODY",347 W 23RD ,"3, ZONE",452V,5359a,CLOSED
179972,Tree Trim,2021-06-10 12:40 PM,Tree Trim Inspection,TREEMAINTENANCE,"UF - POLOVTSEV, SERA",301 E 2ND ,"2, ZONE",493E,5358c,CLOSED
179973,Tree Trim,2021-06-10 12:42 PM,Tree Trim Inspection,TREEMAINTENANCE,"UF - POLOVTSEV, SERA",4046  LEMAC ,"7, ZONE",532S,5254c,CLOSED
179974,Tree Trim,2021-06-10 12:43 PM,Tree Trim Inspection,TREEMAINTENANCE,"UF - JONES, CODY",7800  SPARTA ,"4, ZONE",455S,5559b,CLOSED
179975,Tree Removal,2021-06-10 12:44 PM,Tree Removal Inspection,TREEMAINTENANCE,"UF - JONES, CODY",5201  JEWEL ,"4, ZONE",494C,5558a,CLOSED
179976,Tree Removal,2021-06-10 12:49 PM,Tree Removal Inspection,TREEMAINTENANCE,"BLANCHETTE, PETER",7519  MAGNOLIA ,"5, ZONE",535A,5555b,CLOSED
179977,Tree Trim,2021-06-10 12:49 PM,Tree Trim Inspection,TREEMAINTENANCE,"PATINO, ARNULFO",3421 COLUMBIA ST,"3, ZONE",453N,77018,CLOSED
179978,Tree Trim,2021-06-10 01:11 PM,Tree Trim Inspection,TREEMAINTENANCE,"PATINO, ARNULFO",1102 E 24TH ST,"3, ZONE",453T,77009,CLOSED
179979,Tree Trim,2021-06-10 01:16 PM,Tree Trim Inspection,TREEMAINTENANCE,"UF - JONES, CODY", 2900 HOLLISTER ST&8800 KEMPWOOD DR,"3, ZONE",450R,5060d,CLOSED
179983,Tree Trim,2021-06-10 01:39 PM,Tree Trim Inspection,TREEMAINTENANCE,"UF - JONES, CODY", 7900 SNOWDEN ST&9200 N WAYSIDE DR,"4, ZONE",455F,5561d,CLOSED
179986,Tree Trim,2021-06-10 02:49 PM,Tree Trim Inspection,TREEMAINTENANCE,"UF - POLOVTSEV, SERA",5603  DOLORES ,"2, ZONE",491X,5156c,CLOSED
179987,Tree Trim,2021-06-10 03:13 PM,Tree Trim Inspection,TREEMAINTENANCE,"BLANCHETTE, PETER",6319  REED ,"6, ZONE",574C,5553c,CLOSED
179988,Tree Removal,2021-06-10 03:16 PM,Tree Removal Inspection,TREEMAINTENANCE,"UF - POLOVTSEV, SERA",11523  HERALD SQUARE ,"2, ZONE",529P,4853b,CLOSED
179989,Tree Trim,2021-06-10 03:49 PM,Tree Trim Inspection,TREEMAINTENANCE,"UF - POLOVTSEV, SERA", 0 ALLEN PKWY&528 WAUGH DR,"2, ZONE",492M,5357a,CLOSED
179990,Tree Trim,2021-06-10 03:52 PM,Tree Trim Inspection,TREEMAINTENANCE,"UF - JONES, CODY", 200 E 4TH ST&400 HARVARD ST,"3, ZONE",493E,5358c,CLOSED
179991,Tree Trim,2021-06-10 04:35 PM,Tree Trim Inspection,TREEMAINTENANCE,"BLANCHETTE, PETER",4838  CULMORE ,"6, ZONE",534J,5455d,CLOSED
179992,Tree Trim,2021-06-10 05:46 PM,Tree Trim Inspection,TREEMAINTENANCE,"UF - POLOVTSEV, SERA",402  LOVETT ,"2, ZONE",493S,5356b,CLOSED
179993,Tree Trim,2021-06-10 06:13 PM,Tree Trim Inspection,TREEMAINTENANCE,"UF - POLOVTSEV, SERA", 400 CHIMNEY ROCK RD&5700 INDIAN CIR,"2, ZONE",491F,5157a,CLOSED
179994,Tree Trim,2021-06-10 07:10 PM,Tree Trim Inspection,TREEMAINTENANCE,"BLANCHETTE, PETER", 3900 S ACRES DR&10800 SOUTHVIEW ST,"6, ZONE",573G,5452a,CLOSED
179995,Tree Trim,2021-06-11 06:22 AM,Tree Trim Inspection,TREEMAINTENANCE,"UF - POLOVTSEV, SERA",11215  CARVEL ,"2, ZONE",529K,4954a,CLOSED
179996,Tree Removal,2021-06-11 07:58 AM,Tree Removal Inspection,TREEMAINTENANCE,"UF - JONES, CODY",335  DELZ ,"3, ZONE",452H,5360a,CLOSED
179997,Tree Trim,2021-06-11 08:24 AM,Tree Trim Inspection,TREEMAINTENANCE,"BLANCHETTE, PETER",15803  RIVER BIRCH ,"5, ZONE",578X,6051c,CLOSED
179998,Tree Trim,2021-06-11 08:40 AM,Tree Trim Inspection,TREEMAINTENANCE,"BLANCHETTE, PETER", 3200 BELLFORT ST&8400 CANYON ST,"6, ZONE",533X,5353b,CLOSED
179999,Tree Trim,2021-06-11 09:15 AM,Tree Trim Inspection,TREEMAINTENANCE,"UF - POLOVTSEV, SERA", 4800 MORNINGSIDE DR&2400 SUNSET BLVD,"7, ZONE",532C,5255b,CLOSED
180000,Tree Trim,2021-06-11 09:59 AM,Tree Trim Inspection,TREEMAINTENANCE,"UF - POLOVTSEV, SERA",5602  EDITH ,"7, ZONE",531N,5154a,CLOSED
180001,Tree Removal,2021-06-11 10:31 AM,Tree Removal Inspection,TREEMAINTENANCE,"UF - JONES, CODY",4902  WYNNEWOOD ,"4, ZONE",456T,5759a,CLOSED
180002,Tree Trim,2021-06-11 11:06 AM,Tree Trim Inspection,TREEMAINTENANCE,"BLANCHETTE, PETER", 10800 ALMEDA GENOA RD&11200 DUMAS ST,"5, ZONE",576Q,5752d,CLOSED
180003,Tree Removal,2021-06-11 12:10 PM,Tree Removal Inspection,TREEMAINTENANCE,"UF - POLOVTSEV, SERA",1515  BARBEE ,"7, ZONE",493X,5356d,CLOSED
180005,Tree Trim,2021-06-11 12:58 PM,Tree Trim Inspection,TREEMAINTENANCE,"UF - JONES, CODY",1301  RUTLAND ,"3, ZONE",452Z,5359c,CLOSED
180006,Tree Trim,2021-06-11 12:59 PM,Tree Trim Inspection,TREEMAINTENANCE,"UF - POLOVTSEV, SERA",5403  DICKSON ,"2, ZONE",492L,5257b,CLOSED
180007,Tree Trim,2021-06-11 01:02 PM,Tree Trim Inspection,TREEMAINTENANCE,"UF - POLOVTSEV, SERA", 14600 AMBROSE ST&3076 BROOKFIELD DR,"7, ZONE",572T,5251d,CLOSED
180008,Tree Trim,2021-06-11 01:29 PM,Tree Trim Inspection,TREEMAINTENANCE,"BLANCHETTE, PETER",3439  MILBRAD ,"4, ZONE",454X,5459d,CLOSED
180009,Tree Removal,2021-06-11 01:44 PM,Tree Removal Inspection,TREEMAINTENANCE,"UF - JONES, CODY",10340  HAMMERLY ,"3, ZONE",450N,4959b,CLOSED
180010,Tree Removal,2021-06-11 01:47 PM,Tree Removal Inspection,TREEMAINTENANCE,"UF - POLOVTSEV, SERA", 7350 MCCULLUM ST&15900 RUPPSTOCK RD,"7, ZONE",570Z,5150a,CLOSED
180018,Tree Trim,2021-06-11 03:27 PM,Tree Trim Inspection,TREEMAINTENANCE,"BLANCHETTE, PETER", 600 EL DORADO BLVD&15600 GALVESTON RD,"5, ZONE",618N,5949b,CLOSED
180019,Tree Trim,2021-06-11 04:03 PM,Tree Trim Inspection,TREEMAINTENANCE,"BLANCHETTE, PETER",8516  GLENVIEW ,"5, ZONE",535R,5654b,CLOSED
180020,Tree Removal,2021-06-11 04:19 PM,Tree Removal Inspection,TREEMAINTENANCE,"BLANCHETTE, PETER",8516  GLENVIEW ,"5, ZONE",535R,5654b,CLOSED
180021,Tree Trim,2021-06-11 04:57 PM,Tree Trim Inspection,TREEMAINTENANCE,"UF - JONES, CODY",406  METERS ,"4, ZONE",495A,5558b,CLOSED
180022,Tree Trim,2021-06-11 05:01 PM,Tree Trim Inspection,TREEMAINTENANCE,"UF - JONES, CODY",414  METERS ,"4, ZONE",495A,5558b,CLOSED
180023,Tree Trim,2021-06-11 05:02 PM,Tree Trim Inspection,TREEMAINTENANCE,"UF - POLOVTSEV, SERA", 13200 BARRYKNOLL LN&830 N WILCREST DR,"2, ZONE",489B,4858d,CLOSED
180024,Tree Trim,2021-06-11 05:14 PM,Tree Trim Inspection,TREEMAINTENANCE,"UF - JONES, CODY", 10200 GREEN RIVER DR&10190 LEY RD,"4, ZONE",456F,5760a,CLOSED
180025,Tree Trim,2021-06-11 05:40 PM,Tree Trim Inspection,TREEMAINTENANCE,"UF - JONES, CODY",410  METERS ,"4, ZONE",495A,5558b,CLOSED
180026,Tree Trim,2021-06-11 05:55 PM,Tree Trim Inspection,TREEMAINTENANCE,"UF - POLOVTSEV, SERA",9671  JUDALON ,"2, ZONE",490W,4955b,CLOSED
180027,Tree Trim,2021-06-11 06:30 PM,Tree Trim Inspection,TREEMAINTENANCE,"UF - POLOVTSEV, SERA", 4800 GREENBRIAR DR&2300 SUNSET BLVD,"7, ZONE",532C,5255b,CLOSED
180028,Tree Removal,2021-06-11 08:45 PM,Tree Removal Inspection,TREEMAINTENANCE,"BLANCHETTE, PETER",12830  NYACK ,"6, ZONE",616D,5850a,CLOSED
180029,Tree Trim,2021-06-11 11:24 PM,Tree Trim Inspection,TREEMAINTENANCE,"BLANCHETTE, PETER", 2000 EMANCIPATION AVE&2400 PIERCE ST,"6, ZONE",493V,5456a,CLOSED
180030,Tree Trim,2021-06-12 08:34 AM,Tree Trim Inspection,TREEMAINTENANCE,"PATINO, ARNULFO",1242 HEIGHTS BLVD,"3, ZONE",453W,77008,CLOSED
180031,Tree Trim,2021-06-12 08:34 AM,Tree Trim Inspection,TREEMAINTENANCE,"UF - JONES, CODY",1242  HEIGHTS ,"3, ZONE",453W,5359c,CLOSED
180032,Tree Trim,2021-06-12 09:44 AM,Tree Trim Inspection,TREEMAINTENANCE,"BLANCHETTE, PETER", 320 S 75TH ST&7400 RUSK ST,"5, ZONE",495W,5556d,CLOSED
180033,Tree Removal,2021-06-12 12:10 PM,Tree Removal Inspection,TREEMAINTENANCE,"UF - POLOVTSEV, SERA",12230  GAINSBOROUGH ,"7, ZONE",569H,4952b,CLOSED
180034,Tree Trim,2021-06-12 12:55 PM,Tree Trim Inspection,TREEMAINTENANCE,"UF - JONES, CODY",208  GREENWOOD ,"5, ZONE",494U,5556a,CLOSED
180035,Tree Trim,2021-06-12 01:25 PM,Tree Trim Inspection,TREEMAINTENANCE,"UF - POLOVTSEV, SERA", 3700 EDLOE ST&3700 RICHMOND AVE,"2, ZONE",492X,5256c,CLOSED
180036,Tree Trim,2021-06-13 03:12 AM,Tree Trim Inspection,TREEMAINTENANCE,"BLANCHETTE, PETER",9519  KINGSPASS ,"6, ZONE",576W,5751c,CLOSED
180037,Tree Trim,2021-06-13 04:49 AM,Tree Trim Inspection,TREEMAINTENANCE,"BLANCHETTE, PETER",3402 LEDGESTONE,"5, ZONE",618H,6050b,CLOSED
180038,Tree Removal,2021-06-13 05:01 AM,Tree Removal Inspection,TREEMAINTENANCE,"BLANCHETTE, PETER",1440  HAROLD ,"2, ZONE",493S,5356a,CLOSED
180039,Tree Removal,2021-06-13 05:18 AM,Tree Removal Inspection,TREEMAINTENANCE,"UF - JONES, CODY",6401  BINGLE ,"3, ZONE",411W,5061b,CLOSED
180040,Tree Removal,2021-06-13 09:13 PM,Tree Removal Inspection,TREEMAINTENANCE,"UF - JONES, CODY",1119  POST ,"4, ZONE",453M,5460c,CLOSED
180041,Tree Removal,2021-06-14 05:09 AM,Tree Removal Inspection,TREEMAINTENANCE,"BLANCHETTE, PETER",9402  CARMALEE ,"6, ZONE",575Z,5751c,CLOSED
180042,Tree Removal,2021-06-14 05:10 AM,Tree Removal Inspection,TREEMAINTENANCE,"BLANCHETTE, PETER",9402  CARMALEE ,"6, ZONE",575Z,5751c,CLOSED
180043,Tree Removal,2021-06-14 05:38 AM,Tree Removal Inspection,TREEMAINTENANCE,"BLANCHETTE, PETER",9402  CARMALEE ,"6, ZONE",575Z,5751c,CLOSED
180045,Tree Trim,2021-06-14 06:03 AM,Tree Trim Inspection,TREEMAINTENANCE,"UF - JONES, CODY", 2710 GARAPAN ST&6200 NUBEN ST,"3, ZONE",411Z,5161b,CLOSED
180046,Tree Trim,2021-06-14 06:49 AM,Tree Trim Inspection,TREEMAINTENANCE,"UF - JONES, CODY",10419  CHATTERTON ,"3, ZONE",449V,4959c,CLOSED
180047,Tree Trim,2021-06-14 08:50 AM,Tree Trim Inspection,TREEMAINTENANCE,"UF - JONES, CODY", 800 E CROSSTIMBERS ST&7500 IRVINGTON BLVD,"4, ZONE",453M,5460a,CLOSED
180048,Tree Trim,2021-06-14 09:14 AM,Tree Trim Inspection,TREEMAINTENANCE,"UF - POLOVTSEV, SERA",839  ASHLAND ,"3, ZONE",492D,5358a,CLOSED
180049,Tree Removal,2021-06-14 09:31 AM,Tree Removal Inspection,TREEMAINTENANCE,"UF - POLOVTSEV, SERA",6809  NEFF ,"7, ZONE",530M,5054b,CLOSED
180050,Tree Removal,2021-06-14 09:39 AM,Tree Removal Inspection,TREEMAINTENANCE,"BLANCHETTE, PETER",7901  GOODE ,"5, ZONE",535A,5656c,CLOSED
180051,Tree Removal,2021-06-14 09:50 AM,Tree Removal Inspection,TREEMAINTENANCE,"BLANCHETTE, PETER",6726  BURKETT ,"6, ZONE",533L,5455c,CLOSED
180052,Tree Trim,2021-06-14 09:58 AM,Tree Trim Inspection,TREEMAINTENANCE,"BLANCHETTE, PETER",3902  CARLSON ,"6, ZONE",573L,5452c,CLOSED
180053,Tree Trim,2021-06-14 10:03 AM,Tree Trim Inspection,TREEMAINTENANCE,"PATINO, ARNULFO",401 CANINO RD,"4, ZONE",413T,77037,CLOSED
180054,Tree Trim,2021-06-14 10:18 AM,Tree Trim Inspection,TREEMAINTENANCE,"BLANCHETTE, PETER", 9100 CULLEN BLVD&4700 MALLOW ST,"6, ZONE",573D,5453c,CLOSED
180055,Tree Trim,2021-06-14 10:32 AM,Tree Trim Inspection,TREEMAINTENANCE,"UF - POLOVTSEV, SERA",121  WILLARD ,"2, ZONE",493P,5357d,CLOSED
180056,Tree Trim,2021-06-14 10:40 AM,Tree Trim Inspection,TREEMAINTENANCE,"UF - JONES, CODY",8715  BERNDALE ,"5, ZONE",495L,5657a,CLOSED
180057,Tree Trim,2021-06-14 10:47 AM,Tree Trim Inspection,TREEMAINTENANCE,"BLANCHETTE, PETER",7722  AVENUE E ,"5, ZONE",495W,5656a,CLOSED
180058,Tree Trim,2021-06-14 11:05 AM,Tree Trim Inspection,TREEMAINTENANCE,"BLANCHETTE, PETER",9526  FAIRLAND ,"6, ZONE",573B,5353d,CLOSED
180066,Tree Removal,2021-06-14 03:02 PM,Tree Removal Inspection,TREEMAINTENANCE,"BLANCHETTE, PETER",2603  DENNIS ,"5, ZONE",493U,5456a,CLOSED
180067,Tree Removal,2021-06-14 03:03 PM,Tree Removal Inspection,TREEMAINTENANCE,"BLANCHETTE, PETER",2603  DENNIS ,"5, ZONE",493U,5456a,CLOSED
180068,Tree Removal,2021-06-14 03:05 PM,Tree Removal Inspection,TREEMAINTENANCE,"UF - POLOVTSEV, SERA",5011  CHEENA ,"7, ZONE",531U,5153b,CLOSED
180069,Tree Removal,2021-06-14 03:06 PM,Tree Removal Inspection,TREEMAINTENANCE,"UF - POLOVTSEV, SERA",5011  CHEENA ,"7, ZONE",531U,5153b,CLOSED
180070,Tree Removal,2021-06-14 03:38 PM,Tree Removal Inspection,TREEMAINTENANCE,"BLANCHETTE, PETER",2603  DENNIS ,"5, ZONE",493U,5456a,CLOSED
180071,Tree Removal,2021-06-14 03:39 PM,Tree Removal Inspection,TREEMAINTENANCE,"BLANCHETTE, PETER",2603  DENNIS ,"5, ZONE",493U,5456a,CLOSED
180072,Tree Removal,2021-06-14 03:40 PM,Tree Removal Inspection,TREEMAINTENANCE,"BLANCHETTE, PETER",5011  CHEENA ,"5, ZONE",531U,5153b,CLOSED
180073,Tree Removal,2021-06-14 03:41 PM,Tree Removal Inspection,TREEMAINTENANCE,"BLANCHETTE, PETER",5011  CHEENA ,"6, ZONE",531U,5153b,CLOSED
180074,Tree Removal,2021-06-14 04:08 PM,Tree Removal Inspection,TREEMAINTENANCE,"UF - BURKES, JEREMY",2603  DENNIS ,"5, ZONE",493U,5456a,CLOSED
180075,Tree Removal,2021-06-14 04:09 PM,Tree Removal Inspection,TREEMAINTENANCE,"BLANCHETTE, PETER",2603  DENNIS ,"5, ZONE",493U,5456a,CLOSED
180076,Tree Removal,2021-06-14 04:10 PM,Tree Removal Inspection,TREEMAINTENANCE,"BLANCHETTE, PETER",5011  CHEENA ,"5, ZONE",531U,5153b,CLOSED
180077,Tree Removal,2021-06-14 04:11 PM,Tree Removal Inspection,TREEMAINTENANCE,"BLANCHETTE, PETER",5011  CHEENA ,"5, ZONE",531U,5153b,CLOSED
180078,Tree Removal,2021-06-14 08:40 PM,Tree Removal Inspection,TREEMAINTENANCE,"UF - POLOVTSEV, SERA",13022  WHITE HEATHER ,"7, ZONE",572E,5252c,CLOSED
180079,Tree Removal,2021-06-14 08:41 PM,Tree Removal Inspection,TREEMAINTENANCE,"UF - POLOVTSEV, SERA",13022  WHITE HEATHER ,"7, ZONE",572E,5252c,CLOSED
180080,Tree Removal,2021-06-14 09:08 PM,Tree Removal Inspection,TREEMAINTENANCE,"UF - POLOVTSEV, SERA",13022  WHITE HEATHER ,"7, ZONE",572E,5252c,CLOSED
180081,Tree Removal,2021-06-14 09:09 PM,Tree Removal Inspection,TREEMAINTENANCE,"UF - POLOVTSEV, SERA",13022  WHITE HEATHER ,"7, ZONE",572E,5252c,CLOSED
180083,Tree Code Violation,2021-06-15 08:38 AM,Tree Code Violation Inspection,TREEPROTECTION,"UF - BURKES, JEREMY",1919 BLODGETT ST,"7, ZONE",493X,77004,CLOSED
180084,Tree Code Violation,2021-06-15 08:39 AM,Tree Code Violation Inspection,TREEPROTECTION,"BLANCHETTE, PETER",1919  BLODGETT ,"6, ZONE",493X,5356d,CLOSED
180085,Tree Trim,2021-06-15 08:45 AM,Tree Trim Inspection,TREEMAINTENANCE,"BLANCHETTE, PETER",6934  HEMLOCK ,"5, ZONE",535E,5555b,CLOSED
180086,Tree Trim,2021-06-15 08:46 AM,Tree Trim Inspection,TREEMAINTENANCE,"BLANCHETTE, PETER",6937  HEMLOCK ,"5, ZONE",535E,5555b,CLOSED
180087,Tree Removal,2021-06-15 08:51 AM,Tree Removal Inspection,TREEMAINTENANCE,"BLANCHETTE, PETER",3414 N MACGREGOR ,"6, ZONE",533G,5455a,CLOSED
180088,Tree Removal,2021-06-15 08:52 AM,Tree Removal Inspection,TREEMAINTENANCE,"BLANCHETTE, PETER",3414 N MACGREGOR ,"6, ZONE",533G,5455a,CLOSED
180089,Tree Trim,2021-06-15 09:01 AM,Tree Trim Inspection,TREEMAINTENANCE,"BLANCHETTE, PETER", 8500 BAKER DR&4400 E VILLA ST,"6, ZONE",535Q,5654b,CLOSED
180090,Tree Trim,2021-06-15 09:02 AM,Tree Trim Inspection,TREEMAINTENANCE,"BLANCHETTE, PETER", 8500 BAKER DR&4400 E VILLA ST,"6, ZONE",535Q,5654b,CLOSED
180091,Tree Trim,2021-06-15 09:03 AM,Tree Trim Inspection,TREEMAINTENANCE,"BLANCHETTE, PETER", 8500 BAKER DR&4400 E VILLA ST,"6, ZONE",535Q,5654b,CLOSED
180092,Tree Trim,2021-06-15 09:04 AM,Tree Trim Inspection,TREEMAINTENANCE,"BLANCHETTE, PETER", 8500 BAKER DR&4400 E VILLA ST,"6, ZONE",535Q,5654b,CLOSED
180093,Tree Trim,2021-06-15 09:08 AM,Tree Trim Inspection,TREEMAINTENANCE,"BLANCHETTE, PETER",6937  HEMLOCK ,"5, ZONE",535E,5555b,CLOSED
180094,Tree Removal,2021-06-15 09:08 AM,Tree Removal Inspection,TREEMAINTENANCE,"BLANCHETTE, PETER",3414 N MACGREGOR ,"5, ZONE",533G,5455a,CLOSED
180095,Tree Trim,2021-06-15 09:12 AM,Tree Trim Inspection,TREEMAINTENANCE,"BLANCHETTE, PETER", 8500 BAKER DR&4400 E VILLA ST,"6, ZONE",535Q,5654b,CLOSED
180096,Tree Trim,2021-06-15 09:24 AM,Tree Trim Inspection,TREEMAINTENANCE,"BLANCHETTE, PETER",8501  BAKER ,"5, ZONE",535Q,5654b,CLOSED
180098,Tree Removal,2021-06-15 10:12 AM,Tree Removal Inspection,TREEMAINTENANCE,"UF - JONES, CODY",4538 E O S T ,"4, ZONE",455Z,5659d,CLOSED
180099,Tree Trim,2021-06-15 10:17 AM,Tree Trim Inspection,TREEMAINTENANCE,"UF - POLOVTSEV, SERA", 2400 ALBANS RD&4700 MORNINGSIDE DR,"7, ZONE",532C,5256d,CLOSED
180100,Tree Trim,2021-06-15 10:27 AM,Tree Trim Inspection,TREEMAINTENANCE,"UF - POLOVTSEV, SERA",7902  OAKINGTON ,"7, ZONE",530Y,5053c,CLOSED
180102,Tree Trim,2021-06-15 10:33 AM,Tree Trim Inspection,TREEMAINTENANCE,"UF - POLOVTSEV, SERA", 2400 ALBANS RD&4700 MORNINGSIDE DR,"7, ZONE",532C,5256d,CLOSED
180103,Tree Trim,2021-06-15 10:34 AM,Tree Trim Inspection,TREEMAINTENANCE,"UF - POLOVTSEV, SERA", 2400 ALBANS RD&4700 MORNINGSIDE DR,"7, ZONE",532C,5256d,CLOSED
180104,Tree Trim,2021-06-15 10:34 AM,Tree Trim Inspection,TREEMAINTENANCE,"UF - POLOVTSEV, SERA", 2400 ALBANS RD&4700 MORNINGSIDE DR,"7, ZONE",532C,5256d,CLOSED
180106,Tree Trim,2021-06-15 10:36 AM,Tree Trim Inspection,TREEMAINTENANCE,"UF - POLOVTSEV, SERA", 2400 ALBANS RD&4700 MORNINGSIDE DR,"7, ZONE",532C,5256d,CLOSED
180107,Tree Trim,2021-06-15 10:38 AM,Tree Trim Inspection,TREEMAINTENANCE,"UF - POLOVTSEV, SERA", 2400 ALBANS RD&4700 MORNINGSIDE DR,"7, ZONE",532C,5256d,CLOSED
180108,Tree Trim,2021-06-15 10:39 AM,Tree Trim Inspection,TREEMAINTENANCE,"BLANCHETTE, PETER",402  GILPIN ,"5, ZONE",576F,5752b,CLOSED
180109,Tree Trim,2021-06-15 11:06 AM,Tree Trim Inspection,TREEMAINTENANCE,"UF - POLOVTSEV, SERA",7504  BISSONNET ,"7, ZONE",530Q,5054d,CLOSED
180110,Tree Trim,2021-06-15 11:07 AM,Tree Trim Inspection,TREEMAINTENANCE,"UF - POLOVTSEV, SERA", 2400 ALBANS RD&4700 MORNINGSIDE DR,"7, ZONE",532C,5256d,CLOSED
180111,Tree Trim,2021-06-15 11:08 AM,Tree Trim Inspection,TREEMAINTENANCE,"UF - POLOVTSEV, SERA",1107  BRIAR BAYOU ,"2, ZONE",488L,4857c,CLOSED
180112,Tree Trim,2021-06-15 11:09 AM,Tree Trim Inspection,TREEMAINTENANCE,"UF - JONES, CODY", 10400 EASTEX FWY&10300 JENSEN DR&3320 LAKEWOOD DR,"4, ZONE",414X,5461b,CLOSED
180113,Tree Trim,2021-06-15 11:10 AM,Tree Trim Inspection,TREEMAINTENANCE,"BLANCHETTE, PETER",2501  CAVALCADE ,"4, ZONE",454S,5459b,CLOSED
180114,Tree Trim,2021-06-15 11:38 AM,Tree Trim Inspection,TREEMAINTENANCE,"UF - POLOVTSEV, SERA", 2400 ALBANS RD&4700 MORNINGSIDE DR,"7, ZONE",532C,5256d,CLOSED
180115,Tree Trim,2021-06-15 11:45 AM,Tree Trim Inspection,TREEMAINTENANCE,"UF - JONES, CODY",11631  BOWHEAD ,"4, ZONE",496B,5758a,CLOSED
180117,Tree Trim,2021-06-15 12:07 PM,Tree Trim Inspection,TREEMAINTENANCE,"UF - POLOVTSEV, SERA", 2400 ALBANS RD&4700 MORNINGSIDE DR,"7, ZONE",532C,5256d,CLOSED
180118,Tree Trim,2021-06-15 12:16 PM,Tree Trim Inspection,TREEMAINTENANCE,"BLANCHETTE, PETER",6805  PEERLESS ,"6, ZONE",533L,5354b,CLOSED
180119,Tree Trim,2021-06-15 12:22 PM,Tree Trim Inspection,TREEMAINTENANCE,"UF - JONES, CODY",3601  BREMOND ,"6, ZONE",494W,5456d,CLOSED
180120,Tree Removal,2021-06-15 12:38 PM,Tree Removal Inspection,TREEMAINTENANCE,"UF - POLOVTSEV, SERA",2303  DUNSTAN ,"7, ZONE",532C,5355a,CLOSED
180121,Tree Trim,2021-06-15 02:08 PM,Tree Trim Inspection,TREEMAINTENANCE,"BLANCHETTE, PETER",7023  VANDEMAN ,"5, ZONE",535E,5555b,CLOSED
180122,Tree Trim,2021-06-15 02:26 PM,Tree Trim Inspection,TREEMAINTENANCE,"UF - JONES, CODY",200 E BURRESS ,"3, ZONE",453E,5361c,CLOSED
180123,Tree Trim,2021-06-15 02:33 PM,Tree Trim Inspection,TREEMAINTENANCE,"UF - JONES, CODY",411 E CROSSTIMBERS ,"4, ZONE",453L,5360b,CLOSED
180126,Tree Trim,2021-06-15 03:34 PM,Tree Trim Inspection,TREEMAINTENANCE,"UF - POLOVTSEV, SERA", 10400 CLIFFWOOD DR&4606 WAYNESBORO DR,"7, ZONE",531Z,5153b,CLOSED
180127,Tree Trim,2021-06-15 03:51 PM,Tree Trim Inspection,TREEMAINTENANCE,"BLANCHETTE, PETER",7211  LINDEN ,"5, ZONE",535E,5555b,CLOSED
180128,Tree Code Violation,2021-06-15 04:12 PM,Tree Code Violation Inspection,TREEPROTECTION,"UF - POLOVTSEV, SERA", 5300 LA BRANCH ST&1500 OAKDALE ST,"7, ZONE",493X,5356d,CLOSED
180129,Tree Removal,2021-06-15 04:15 PM,Tree Removal Inspection,TREEMAINTENANCE,"UF - POLOVTSEV, SERA", 5800 FONDREN RD&7700 HARWIN DR,"2, ZONE",530C,5055a,CLOSED
180130,Tree Trim,2021-06-15 04:26 PM,Tree Trim Inspection,TREEMAINTENANCE,"BLANCHETTE, PETER",631  SULPHUR ,"5, ZONE",576F,5753d,CLOSED
180131,Tree Removal,2021-06-15 04:38 PM,Tree Removal Inspection,TREEMAINTENANCE,"BLANCHETTE, PETER",9024  DODSON ,"4, ZONE",454F,5461d,CLOSED
180132,Tree Planting,2021-06-15 04:55 PM,Tree Planting Inspection,TREEPROTECTION,"UF - JONES, CODY",1356  KRESS ,"5, ZONE",494M,5557a,CLOSED
180133,Tree Trim,2021-06-15 06:20 PM,Tree Trim Inspection,TREEMAINTENANCE,"UF - JONES, CODY", 200 HAMBLEN RD&21800 LOOP 494,"4, ZONE",335M,5669c,CLOSED
180134,Tree Removal,2021-06-15 06:22 PM,Tree Removal Inspection,TREEMAINTENANCE,"BLANCHETTE, PETER",5920  ENGLAND ,"6, ZONE",533M,5455c,CLOSED
180135,Tree Removal,2021-06-15 06:49 PM,Tree Removal Inspection,TREEMAINTENANCE,"UF - JONES, CODY",110 E 23RD ,"3, ZONE",452V,5359a,CLOSED
180136,Tree Trim,2021-06-15 06:49 PM,Tree Trim Inspection,TREEMAINTENANCE,"UF - JONES, CODY",1431  SYCAMORE ,"4, ZONE",336F,5769c,CLOSED
180137,Tree Removal,2021-06-15 08:10 PM,Tree Removal Inspection,TREEMAINTENANCE,"UF - JONES, CODY",12411  FRAZIER RIVER ,"4, ZONE",415E,5563b,CLOSED
180138,Tree Trim,2021-06-16 07:15 AM,Tree Trim Inspection,TREEMAINTENANCE,"BLANCHETTE, PETER",4102 S ACRES ,"6, ZONE",573G,5452a,CLOSED
180139,Tree Trim,2021-06-16 07:18 AM,Tree Trim Inspection,TREEMAINTENANCE,"UF - POLOVTSEV, SERA",7138  CADDO LAKE ,"2, ZONE",528G,4754b,CLOSED
180140,Tree Removal,2021-06-16 07:23 AM,Tree Removal Inspection,TREEMAINTENANCE,"UF - JONES, CODY",130  HAHLO ,"4, ZONE",494D,5558a,CLOSED
180141,Tree Removal,2021-06-16 07:26 AM,Tree Removal Inspection,TREEMAINTENANCE,"UF - JONES, CODY", 2000 W 11TH ST&900 T C JESTER BLVD,"3, ZONE",452Y,5258b,CLOSED
180143,Tree Trim,2021-06-16 07:44 AM,Tree Trim Inspection,TREEMAINTENANCE,"UF - JONES, CODY",303  ORIOLE ,"3, ZONE",452M,5360c,CLOSED
180145,Tree Code Violation,2021-06-16 07:59 AM,Tree Code Violation Inspection,TREEPROTECTION,"UF - POLOVTSEV, SERA",1919  BLODGETT ,"7, ZONE",493X,5356d,CLOSED
180147,Tree Removal,2021-06-16 08:08 AM,Tree Removal Inspection,TREEMAINTENANCE,"UF - POLOVTSEV, SERA",5630  VALKEITH ,"7, ZONE",531S,5153a,CLOSED
180148,Tree Removal,2021-06-16 08:11 AM,Tree Removal Inspection,TREEMAINTENANCE,"UF - JONES, CODY", 6200 GLEN LEE DR&16600 LARCHWOOD DR,"4, ZONE",375J,5566d,CLOSED
180149,Tree Removal,2021-06-16 08:11 AM,Tree Removal Inspection,TREEMAINTENANCE,"UF - POLOVTSEV, SERA",4331  O REILLY ,"2, ZONE",492M,5357a,CLOSED
180151,Tree Trim,2021-06-16 08:18 AM,Tree Trim Inspection,TREEMAINTENANCE,"UF - POLOVTSEV, SERA",800 N DURHAM ,"3, ZONE",492C,5258b,CLOSED
180152,Tree Removal,2021-06-16 08:23 AM,Tree Removal Inspection,TREEMAINTENANCE,"UF - POLOVTSEV, SERA",7058  BEECHNUT ,"7, ZONE",530L,5054b,CLOSED
180153,Tree Trim,2021-06-16 08:40 AM,Tree Trim Inspection,TREEMAINTENANCE,"UF - JONES, CODY",6911  RATON ,"3, ZONE",451U,5159d,CLOSED
180155,Tree Removal,2021-06-16 09:12 AM,Tree Removal Inspection,TREEMAINTENANCE,"UF - POLOVTSEV, SERA",2302  DUNSTAN ,"7, ZONE",532C,5255b,CLOSED
180156,Tree Removal,2021-06-16 09:31 AM,Tree Removal Inspection,TREEMAINTENANCE,"BLANCHETTE, PETER",2605 N CALUMET ,"6, ZONE",533B,5355b,CLOSED
180157,Tree Trim,2021-06-16 09:40 AM,Tree Trim Inspection,TREEMAINTENANCE,"UF - POLOVTSEV, SERA", 10400 CLIFFWOOD DR&4606 WAYNESBORO DR,"7, ZONE",531Z,5153b,CLOSED
180158,Tree Removal,2021-06-16 09:50 AM,Tree Removal Inspection,TREEMAINTENANCE,"BLANCHETTE, PETER",9822  KERR ,"5, ZONE",495R,5657b,CLOSED
180159,Tree Trim,2021-06-16 10:28 AM,Tree Trim Inspection,TREEMAINTENANCE,"BLANCHETTE, PETER",780  CLEAR LAKE CITY ,"5, ZONE",617G,5950c,CLOSED
180160,Tree Removal,2021-06-16 10:40 AM,Tree Removal Inspection,TREEMAINTENANCE,"UF - JONES, CODY", 2400 KINGWOOD DR&2400 SHADY RUN,"4, ZONE",336D,5769b,CLOSED
180161,Tree Trim,2021-06-16 10:41 AM,Tree Trim Inspection,TREEMAINTENANCE,"UF - JONES, CODY",4402  BEGGS ,"4, ZONE",453Y,5459c,CLOSED
180162,Tree Trim,2021-06-16 10:43 AM,Tree Trim Inspection,TREEMAINTENANCE,"UF - POLOVTSEV, SERA",2201  WASHINGTON ,"2, ZONE",493K,5357b,CLOSED
180163,Tree Trim,2021-06-16 10:44 AM,Tree Trim Inspection,TREEMAINTENANCE,"UF - JONES, CODY", 201 E 20TH ST,"3, ZONE",453S,5359c,CLOSED
180164,Tree Removal,2021-06-16 10:47 AM,Tree Removal Inspection,TREEMAINTENANCE,"UF - JONES, CODY", 2400 KINGWOOD DR&2400 SHADY RUN,"4, ZONE",336D,5769b,CLOSED
180165,Tree Removal,2021-06-16 10:51 AM,Tree Removal Inspection,TREEMAINTENANCE,"BLANCHETTE, PETER",6746  CROSSWELL ,"6, ZONE",574C,5553c,CLOSED
180166,Tree Removal,2021-06-16 10:51 AM,Tree Removal Inspection,TREEMAINTENANCE,"UF - POLOVTSEV, SERA",5714  BANKSIDE ,"7, ZONE",531W,5153c,CLOSED
180167,Tree Removal,2021-06-16 10:52 AM,Tree Removal Inspection,TREEMAINTENANCE,"BLANCHETTE, PETER", 2400 CALUMET ST&2600 N CALUMET ST&2600 S CALUMET ST&5400 LIVE OAK ST,"6, ZONE",533B,5355b,CLOSED
180168,Tree Removal,2021-06-16 10:59 AM,Tree Removal Inspection,TREEMAINTENANCE,"UF - POLOVTSEV, SERA",5327  DANFIELD ,"7, ZONE",571Y,5150b,CLOSED
180169,Tree Removal,2021-06-16 11:13 AM,Tree Removal Inspection,TREEMAINTENANCE,"UF - POLOVTSEV, SERA",200  JACKSON HILL ,"2, ZONE",492M,5357a,CLOSED
180171,Tree Trim,2021-06-16 11:18 AM,Tree Trim Inspection,TREEMAINTENANCE,"BLANCHETTE, PETER",1811 HEIGHTS BLVD,"3, ZONE",453W,5359c,CLOSED
180172,Tree Removal,2021-06-16 11:19 AM,Tree Removal Inspection,TREEMAINTENANCE,"UF - JONES, CODY", 100 W 17TH ST&1700 HEIGHTS BLVD,"3, ZONE",453W,5359c,CLOSED
180173,Tree Trim,2021-06-16 11:24 AM,Tree Trim Inspection,TREEMAINTENANCE,"UF - POLOVTSEV, SERA",10726  CORONA ,"2, ZONE",529L,4954a,CLOSED
180175,Tree Trim,2021-06-16 11:51 AM,Tree Trim Inspection,TREEMAINTENANCE,"UF - POLOVTSEV, SERA",6422  PICKENS ,"2, ZONE",492F,5258d,CLOSED
180176,Tree Removal,2021-06-16 11:52 AM,Tree Removal Inspection,TREEMAINTENANCE,"UF - JONES, CODY",8134  HOWTON ,"4, ZONE",455P,5660c,CLOSED
180177,Tree Trim,2021-06-16 12:18 PM,Tree Trim Inspection,TREEMAINTENANCE,"UF - JONES, CODY",5602  GRUMBACH ,"4, ZONE",494C,5558a,CLOSED
180180,Tree Removal,2021-06-16 12:50 PM,Tree Removal Inspection,TREEMAINTENANCE,"UF - JONES, CODY",3210  ORANGE ,"4, ZONE",494E,5458d,CLOSED
180181,Tree Trim,2021-06-16 01:33 PM,Tree Trim Inspection,TREEMAINTENANCE,"BLANCHETTE, PETER",12210  PALMCREST ,"5, ZONE",576R,5852c,CLOSED
180182,Tree Trim,2021-06-16 01:46 PM,Tree Trim Inspection,TREEMAINTENANCE,"BLANCHETTE, PETER",3915  BUCK ,"5, ZONE",494F,5458d,CLOSED
180183,Tree Removal,2021-06-16 01:47 PM,Tree Removal Inspection,TREEMAINTENANCE,"UF - POLOVTSEV, SERA",12819  SONORAN BLUE ,"7, ZONE",572E,5252a,CLOSED
180185,Tree Removal,2021-06-16 02:14 PM,Tree Removal Inspection,TREEMAINTENANCE,"UF - JONES, CODY",2005  SHADOWDALE ,"3, ZONE",449V,4959c,CLOSED
180186,Tree Trim,2021-06-16 02:26 PM,Tree Trim Inspection,TREEMAINTENANCE,"BLANCHETTE, PETER",3801  GOODHOPE ,"6, ZONE",533Q,5454c,CLOSED
180187,Tree Trim,2021-06-16 02:35 PM,Tree Trim Inspection,TREEMAINTENANCE,"UF - JONES, CODY",2020  MCKEE ,"4, ZONE",493H,5458c,CLOSED
180188,Tree Removal,2021-06-16 02:53 PM,Tree Removal Inspection,TREEMAINTENANCE,"UF - JONES, CODY",8314  DARLINGTON ,"4, ZONE",455K,5660a,CLOSED
180189,Tree Trim,2021-06-16 02:58 PM,Tree Trim Inspection,TREEMAINTENANCE,"BLANCHETTE, PETER", 1600 BEACHCOMBER LN&2000 FAIRWIND RD,"5, ZONE",618L,6049a,CLOSED
180190,Tree Trim,2021-06-16 02:59 PM,Tree Trim Inspection,TREEMAINTENANCE,"UF - POLOVTSEV, SERA",8211  KINGSBROOK ,"2, ZONE",491B,5158c,CLOSED
180191,Tree Trim,2021-06-16 03:01 PM,Tree Trim Inspection,TREEMAINTENANCE,"BLANCHETTE, PETER",12202  PALMFREE ,"5, ZONE",576R,5852c,CLOSED
180193,Tree Removal,2021-06-16 03:32 PM,Tree Removal Inspection,TREEMAINTENANCE,"BLANCHETTE, PETER",10923  GREEN ARBOR ,"6, ZONE",576P,5751b,CLOSED
180194,Tree Trim,2021-06-16 03:46 PM,Tree Trim Inspection,TREEMAINTENANCE,"BLANCHETTE, PETER",7602  BELBAY ,"6, ZONE",534T,5553a,CLOSED
180196,Tree Trim,2021-06-16 04:10 PM,Tree Trim Inspection,TREEMAINTENANCE,"BLANCHETTE, PETER",9147 E AVENUE P ,"5, ZONE",535C,5656d,CLOSED
180197,Tree Trim,2021-06-16 04:14 PM,Tree Trim Inspection,TREEMAINTENANCE,"UF - POLOVTSEV, SERA",1700  HERMANN (MARVIN TAYLOR TRAIL),"7, ZONE",533A,5355b,CLOSED
180198,Tree Removal,2021-06-16 05:05 PM,Tree Removal Inspection,TREEMAINTENANCE,"UF - POLOVTSEV, SERA",802  FOWLER ,"2, ZONE",492H,5357a,CLOSED
180199,Tree Trim,2021-06-16 05:43 PM,Tree Trim Inspection,TREEMAINTENANCE,"BLANCHETTE, PETER",2318 WENTWORTH ,"6, ZONE",533B,5356d,CLOSED
180201,Tree Trim,2021-06-16 06:46 PM,Tree Trim Inspection,TREEMAINTENANCE,"UF - JONES, CODY",7302  BOGGESS ,"4, ZONE",415W,5561b,CLOSED
180202,Tree Trim,2021-06-16 06:47 PM,Tree Trim Inspection,TREEMAINTENANCE,"UF - JONES, CODY",7302  BOGGESS ,"4, ZONE",415W,5561b,CLOSED
180203,Tree Trim,2021-06-16 06:53 PM,Tree Trim Inspection,TREEMAINTENANCE,"UF - JONES, CODY", 5400 W LAKE HOUSTON PKWY&4900 SHADY MAPLE DR,"4, ZONE",297N,5771d,CLOSED
180204,Tree Trim,2021-06-16 07:14 PM,Tree Trim Inspection,TREEMAINTENANCE,"UF - JONES, CODY",7302  BOGGESS ,"4, ZONE",415W,5561b,CLOSED
180205,Tree Trim,2021-06-16 09:41 PM,Tree Trim Inspection,TREEMAINTENANCE,"UF - JONES, CODY",4733  CLAY ,"5, ZONE",494X,5456b,CLOSED
180206,Tree Removal,2021-06-17 12:25 AM,Tree Removal Inspection,TREEMAINTENANCE,"UF - POLOVTSEV, SERA", 10200 FORUM WEST DR&0 W SAM HOUSTON PKWY S,"2, ZONE",529Y,4953c,CLOSED
180207,Tree Trim,2021-06-17 03:17 AM,Tree Trim Inspection,TREEMAINTENANCE,"UF - JONES, CODY",7422  SAUNDERS ,"4, ZONE",415W,5562d,CLOSED
180211,Tree Trim,2021-06-17 08:10 AM,Tree Trim Inspection,TREEMAINTENANCE,"UF - JONES, CODY",4103  BILLINGSLEY ,"4, ZONE",453Y,5459c,CLOSED
180212,Tree Removal,2021-06-17 08:12 AM,Tree Removal Inspection,TREEMAINTENANCE,"BLANCHETTE, PETER",5502  SOUTHLEA ,"6, ZONE",534N,5454d,CLOSED
180213,Tree Removal,2021-06-17 08:28 AM,Tree Removal Inspection,TREEMAINTENANCE,"UF - JONES, CODY",602  ROUSE ,"4, ZONE",494H,5558d,CLOSED
180214,Tree Trim,2021-06-17 08:35 AM,Tree Trim Inspection,TREEMAINTENANCE,"UF - JONES, CODY",608  8TH 1/2 ,"3, ZONE",493A,5358a,CLOSED
180215,Tree Trim,2021-06-17 08:44 AM,Tree Trim Inspection,TREEMAINTENANCE,"UF - POLOVTSEV, SERA",1320  HAWTHORNE ,"2, ZONE",493S,5356a,CLOSED
180216,Tree Removal,2021-06-17 08:44 AM,Tree Removal Inspection,TREEMAINTENANCE,"UF - JONES, CODY",224  ESTELLE ,"5, ZONE",494T,5457d,CLOSED
180217,Tree Trim,2021-06-17 09:32 AM,Tree Trim Inspection,TREEMAINTENANCE,"BLANCHETTE, PETER",10634  THORNLEA ,"6, ZONE",576T,5751b,CLOSED
180218,Tree Removal,2021-06-17 09:46 AM,Tree Removal Inspection,TREEMAINTENANCE,"UF - POLOVTSEV, SERA",7703  RICHMOND ,"2, ZONE",490Z,5056d,CLOSED
180219,Tree Trim,2021-06-17 10:04 AM,Tree Trim Inspection,TREEMAINTENANCE,"UF - JONES, CODY",9761  TAPPENBECK ,"3, ZONE",450X,5058a,CLOSED
180220,Tree Trim,2021-06-17 10:11 AM,Tree Trim Inspection,TREEMAINTENANCE,"UF - POLOVTSEV, SERA",3363  ANGEL ,"7, ZONE",572F,5252b,CLOSED
180221,Tree Removal,2021-06-17 10:11 AM,Tree Removal Inspection,TREEMAINTENANCE,"UF - POLOVTSEV, SERA",12031  PLUMPOINT ,"2, ZONE",529S,4853b,CLOSED
180222,Tree Trim,2021-06-17 11:15 AM,Tree Trim Inspection,TREEMAINTENANCE,"UF - POLOVTSEV, SERA", 11500 FAIRMONT ST&14400 FONMEADOW DR,"7, ZONE",570H,5052d,CLOSED
180223,Tree Trim,2021-06-17 11:30 AM,Tree Trim Inspection,TREEMAINTENANCE,"UF - JONES, CODY",7801  KING ,"4, ZONE",455P,5560d,CLOSED
180225,Tree Trim,2021-06-17 12:03 PM,Tree Trim Inspection,TREEMAINTENANCE,"UF - POLOVTSEV, SERA",4050  LEMAC ,"7, ZONE",532S,5254c,CLOSED
180226,Tree Removal,2021-06-17 12:03 PM,Tree Removal Inspection,TREEMAINTENANCE,"UF - POLOVTSEV, SERA",6201 W BELLFORT ,"7, ZONE",570D,5053d,CLOSED
180227,Tree Removal,2021-06-17 12:54 PM,Tree Removal Inspection,TREEMAINTENANCE,"BLANCHETTE, PETER",11800  SCOTT ,"6, ZONE",573L,5452c,CLOSED
180229,Tree Trim,2021-06-17 02:51 PM,Tree Trim Inspection,TREEMAINTENANCE,"UF - POLOVTSEV, SERA",2306  PINEFIELD ,"2, ZONE",490T,5056a,CLOSED
180230,Tree Removal,2021-06-17 04:58 PM,Tree Removal Inspection,TREEMAINTENANCE,"UF - JONES, CODY",7816  SCHNEIDER ,"4, ZONE",453M,5460a,CLOSED
180231,Tree Trim,2021-06-17 07:54 PM,Tree Trim Inspection,TREEMAINTENANCE,"UF - JONES, CODY", 1550 BROADMOOR ST&1500 ELLIOTT ST,"5, ZONE",494X,5556c,CLOSED
180232,Tree Trim,2021-06-17 08:01 PM,Tree Trim Inspection,TREEMAINTENANCE,"BLANCHETTE, PETER",1915  RAMADA ,"5, ZONE",618L,6049a,CLOSED
180243,Tree Trim,2021-06-18 02:56 PM,Tree Trim Inspection,TREEMAINTENANCE,"UF - POLOVTSEV, SERA", 3300 S GESSNER RD&9700 RICHMOND AVE,"2, ZONE",490W,4956d,CLOSED
180244,Tree Trim,2021-06-18 02:57 PM,Tree Trim Inspection,TREEMAINTENANCE,"UF - POLOVTSEV, SERA", 3300 S GESSNER RD&9700 RICHMOND AVE,"2, ZONE",490W,4956d,CLOSED
180245,Tree Removal,2021-06-18 03:07 PM,Tree Removal Inspection,TREEMAINTENANCE,"UF - POLOVTSEV, SERA", 3700 W CLAY ST&1200 MCDUFFIE ST,"2, ZONE",492R,5357c,CLOSED
180246,Tree Removal,2021-06-18 03:08 PM,Tree Removal Inspection,TREEMAINTENANCE,"UF - POLOVTSEV, SERA",220 W COWAN ,"2, ZONE",492K,5257b,CLOSED
180247,Tree Trim,2021-06-18 03:11 PM,Tree Trim Inspection,TREEMAINTENANCE,"BLANCHETTE, PETER", 0 S LOOP FWY E&0 SOUTH FWY&3400 ST BENEDICT ST,"6, ZONE",533P,5354d,CLOSED
180248,Tree Trim,2021-06-18 03:19 PM,Tree Trim Inspection,TREEMAINTENANCE,"UF - POLOVTSEV, SERA", 6100 BISSONNET ST&7500 RAMPART ST,"7, ZONE",531J,5154a,CLOSED
180249,Tree Trim,2021-06-18 03:23 PM,Tree Trim Inspection,TREEMAINTENANCE,"UF - POLOVTSEV, SERA",1001 S DAIRY ASHFORD ,"2, ZONE",488M,4857c,CLOSED
180250,Tree Trim,2021-06-18 03:23 PM,Tree Trim Inspection,TREEMAINTENANCE,"BLANCHETTE, PETER",7102  BELLFORT ,"6, ZONE",534Z,5553b,CLOSED
180251,Tree Trim,2021-06-18 03:25 PM,Tree Trim Inspection,TREEMAINTENANCE,"UF - POLOVTSEV, SERA",5211  GRAPE ,"7, ZONE",531P,5154d,CLOSED
180252,Tree Trim,2021-06-18 03:26 PM,Tree Trim Inspection,TREEMAINTENANCE,"BLANCHETTE, PETER",4724  STONEWALL ,"5, ZONE",494G,5558c,CLOSED
180253,Tree Removal,2021-06-18 03:30 PM,Tree Removal Inspection,TREEMAINTENANCE,"UF - JONES, CODY",2317  MARGARET ,"4, ZONE",414W,5462c,CLOSED
180254,Tree Removal,2021-06-18 03:34 PM,Tree Removal Inspection,TREEMAINTENANCE,"UF - JONES, CODY",417  BISHOP ,"4, ZONE",493G,5458c,CLOSED
180255,Tree Trim,2021-06-18 03:35 PM,Tree Trim Inspection,TREEMAINTENANCE,"UF - POLOVTSEV, SERA",6018  WARM SPRINGS ,"7, ZONE",570D,5153c,CLOSED
180256,Tree Removal,2021-06-18 03:35 PM,Tree Removal Inspection,TREEMAINTENANCE,"BLANCHETTE, PETER",266  LENA ,"3, ZONE",453E,5360a,CLOSED
180257,Tree Trim,2021-06-18 03:35 PM,Tree Trim Inspection,TREEMAINTENANCE,"BLANCHETTE, PETER",604  PEBBLESHIRE ,"5, ZONE",618J,5949b,CLOSED
180258,Tree Trim,2021-06-18 03:38 PM,Tree Trim Inspection,TREEMAINTENANCE,"UF - JONES, CODY",5610  LANGLEY ,"4, ZONE",414Z,5562c,CLOSED
180259,Tree Trim,2021-06-18 03:39 PM,Tree Trim Inspection,TREEMAINTENANCE,"UF - JONES, CODY",5702  BRIARWICK ,"4, ZONE",414Z,5562c,CLOSED
180260,Tree Trim,2021-06-18 03:54 PM,Tree Trim Inspection,TREEMAINTENANCE,"UF - POLOVTSEV, SERA", 3300 S GESSNER RD&9700 RICHMOND AVE,"2, ZONE",490W,4956d,CLOSED
180261,Tree Trim,2021-06-18 03:59 PM,Tree Trim Inspection,TREEMAINTENANCE,"BLANCHETTE, PETER", 700 W 30TH ST&3000 N DURHAM DR,"3, ZONE",452R,5259b,CLOSED
180262,Tree Trim,2021-06-18 03:59 PM,Tree Trim Inspection,TREEMAINTENANCE,"UF - POLOVTSEV, SERA", 1750 ANTOINE DR&7400 JALNA ST,"3, ZONE",451T,5159c,CLOSED
180263,Tree Removal,2021-06-18 03:59 PM,Tree Removal Inspection,TREEMAINTENANCE,"UF - POLOVTSEV, SERA",11111  SOUTH ,"2, ZONE",529T,4953c,CLOSED
180264,Tree Trim,2021-06-18 04:00 PM,Tree Trim Inspection,TREEMAINTENANCE,"BLANCHETTE, PETER", 7600 DAHLIA ST&1100 SAN MARCOS ST,"5, ZONE",535F,5655a,CLOSED
180265,Tree Trim,2021-06-18 04:00 PM,Tree Trim Inspection,TREEMAINTENANCE,"UF - POLOVTSEV, SERA",3011  VIRGINIA ,"2, ZONE",492U,5256b,CLOSED
180266,Tree Trim,2021-06-18 04:02 PM,Tree Trim Inspection,TREEMAINTENANCE,"UF - JONES, CODY", 1736 BLALOCK RD&9400 CRISPIN LN,"3, ZONE",450T,5059c,CLOSED
180267,Tree Trim,2021-06-18 04:05 PM,Tree Trim Inspection,TREEMAINTENANCE,"UF - JONES, CODY", 220 RITTENHOUSE ST&11200 STABLER LN,"4, ZONE",413Y,5362d,CLOSED
180268,Tree Removal,2021-06-18 04:06 PM,Tree Removal Inspection,TREEMAINTENANCE,"UF - POLOVTSEV, SERA",4430  CARNELIAN ,"2, ZONE",529E,4855d,CLOSED
180269,Tree Trim,2021-06-18 04:25 PM,Tree Trim Inspection,TREEMAINTENANCE,"BLANCHETTE, PETER",5618  WARM SPRINGS ,"7, ZONE",571A,5153c,CLOSED
180270,Tree Removal,2021-06-18 07:28 PM,Tree Removal Inspection,TREEMAINTENANCE,"BLANCHETTE, PETER", 1000 CLEAR LAKE CITY BLVD&13740 GALVESTON RD,"5, ZONE",617H,5950c,CLOSED
180272,Tree Trim,2021-06-19 08:11 PM,Tree Trim Inspection,TREEMAINTENANCE,"UF - POLOVTSEV, SERA",7902  ROWAN ,"2, ZONE",530K,5054a,CLOSED
180273,Tree Removal,2021-06-19 08:13 PM,Tree Removal Inspection,TREEMAINTENANCE,"UF - POLOVTSEV, SERA",1601  MORSE ,"2, ZONE",492R,5357c,CLOSED
180274,Tree Removal,2021-06-19 08:31 PM,Tree Removal Inspection,TREEMAINTENANCE,"BLANCHETTE, PETER",8005  AVENUE E ,"5, ZONE",495X,5656a,CLOSED
180275,Tree Removal,2021-06-19 08:34 PM,Tree Removal Inspection,TREEMAINTENANCE,"BLANCHETTE, PETER",7801  BRANDON ,"6, ZONE",533U,5454c,CLOSED
180276,Tree Trim,2021-06-19 08:34 PM,Tree Trim Inspection,TREEMAINTENANCE,"BLANCHETTE, PETER",201  MUNFORD ,"3, ZONE",453S,5359a,CLOSED
180277,Tree Trim,2021-06-19 08:36 PM,Tree Trim Inspection,TREEMAINTENANCE,"BLANCHETTE, PETER",14003  NITIDA ,"7, ZONE",571R,5151b,CLOSED
180278,Tree Removal,2021-06-19 08:36 PM,Tree Removal Inspection,TREEMAINTENANCE,"UF - POLOVTSEV, SERA",4805  WOODHEAD ,"7, ZONE",492Z,5356c,CLOSED
180279,Tree Removal,2021-06-19 10:25 PM,Tree Removal Inspection,TREEMAINTENANCE,"UF - JONES, CODY",2020  KEENE ,"4, ZONE",493G,5458c,CLOSED
180280,Tree Stump Grinding,2021-06-19 11:24 PM,Tree Stump Inspection,TREEMAINTENANCE,"UF - JONES, CODY",4114  ELGIN ,"6, ZONE",494W,5456d,CLOSED
180281,Tree Removal,2021-06-20 01:11 AM,Tree Removal Inspection,TREEMAINTENANCE,"BLANCHETTE, PETER",12802 NYACK DR,"6, ZONE",616D,5850a,CLOSED
180282,Tree Trim,2021-06-20 05:27 AM,Tree Trim Inspection,TREEMAINTENANCE,"BLANCHETTE, PETER",6720 S HAYWOOD ,"6, ZONE",535W,5553b,CLOSED
180283,Tree Removal,2021-06-20 05:28 AM,Tree Removal Inspection,TREEMAINTENANCE,"UF - JONES, CODY",3915  RUSTIC WOODS ,"4, ZONE",297X,5870c,CLOSED
180287,Tree Trim,2021-06-20 02:26 PM,Tree Trim Inspection,TREEMAINTENANCE,"BLANCHETTE, PETER",2423  AUBURNDALE ,"6, ZONE",534G,5555a,CLOSED
180288,Tree Trim,2021-06-20 05:24 PM,Tree Trim Inspection,TREEMAINTENANCE,"UF - JONES, CODY",10614  FM 1960 E ,"4, ZONE",338Q,5968b,CLOSED
180289,Tree Removal,2021-06-21 07:28 AM,Tree Removal Inspection,TREEMAINTENANCE,"UF - POLOVTSEV, SERA",3650  MEADOW LAKE ,"2, ZONE",492N,5256a,CLOSED
180290,Tree Trim,2021-06-21 09:27 AM,Tree Trim Inspection,TREEMAINTENANCE,"UF - JONES, CODY",525  BAYLAND ,"3, ZONE",493B,5358b,CLOSED
180291,Tree Trim,2021-06-21 09:57 AM,Tree Trim Inspection,TREEMAINTENANCE,"UF - POLOVTSEV, SERA",1813  GOLIAD ,"2, ZONE",493G,5358d,CLOSED
180292,Tree Trim,2021-06-21 10:05 AM,Tree Trim Inspection,TREEMAINTENANCE,"UF - JONES, CODY",8933  RICHLAND ,"4, ZONE",455H,5661d,CLOSED
180293,Tree Removal,2021-06-21 10:06 AM,Tree Removal Inspection,TREEMAINTENANCE,"UF - POLOVTSEV, SERA",10 S BRIAR HOLLOW ,"2, ZONE",491R,5257c,CLOSED
180294,Tree Trim,2021-06-21 10:29 AM,Tree Trim Inspection,TREEMAINTENANCE,"UF - POLOVTSEV, SERA",216  AVONDALE ,"2, ZONE",493T,5356b,CLOSED
180295,Tree Trim,2021-06-21 10:56 AM,Tree Trim Inspection,TREEMAINTENANCE,"BLANCHETTE, PETER",5202  BOICEWOOD ,"4, ZONE",454G,5561c,CLOSED
180296,Tree Trim,2021-06-21 11:56 AM,Tree Trim Inspection,TREEMAINTENANCE,"BLANCHETTE, PETER",5155  KELSO ,"6, ZONE",534N,5454b,CLOSED
180297,Tree Trim,2021-06-21 11:57 AM,Tree Trim Inspection,TREEMAINTENANCE,"UF - POLOVTSEV, SERA",11418  FAIRPOINT ,"2, ZONE",529X,4853d,CLOSED
180298,Tree Removal,2021-06-21 01:00 PM,Tree Removal Inspection,TREEMAINTENANCE,"BLANCHETTE, PETER",6425  LONG ,"6, ZONE",534Q,5554a,CLOSED
180299,Tree Removal,2021-06-21 01:26 PM,Tree Removal Inspection,TREEMAINTENANCE,"UF - POLOVTSEV, SERA",10203  CEDAR CREEK ,"2, ZONE",489R,4956b,CLOSED
180300,Tree Trim,2021-06-21 01:27 PM,Tree Trim Inspection,TREEMAINTENANCE,"UF - POLOVTSEV, SERA",2390 W ALABAMA ,"2, ZONE",492U,5256b,CLOSED
180303,Tree Removal,2021-06-21 02:00 PM,Tree Removal Inspection,TREEMAINTENANCE,"BLANCHETTE, PETER",5905  BERNICE ,"6, ZONE",534V,5554d,CLOSED
180304,Tree Removal,2021-06-21 02:26 PM,Tree Removal Inspection,TREEMAINTENANCE,"UF - JONES, CODY", 10000 E HARDY RD&1500 ROXELLA ST,"4, ZONE",413Z,5461a,CLOSED
180305,Tree Trim,2021-06-21 02:26 PM,Tree Trim Inspection,TREEMAINTENANCE,"UF - POLOVTSEV, SERA", 2000 BISSONNET ST&5300 HAZARD ST,"7, ZONE",492Z,5356c,CLOSED
180306,Tree Removal,2021-06-21 02:31 PM,Tree Removal Inspection,TREEMAINTENANCE,"UF - POLOVTSEV, SERA", 800 N ELDRIDGE PKWY&15100 MEMORIAL DR,"2, ZONE",488C,4758d,CLOSED
180307,Tree Removal,2021-06-21 02:58 PM,Tree Removal Inspection,TREEMAINTENANCE,"BLANCHETTE, PETER",1426  MARLEEN ,"5, ZONE",576A,5753c,CLOSED
180308,Tree Removal,2021-06-21 03:03 PM,Tree Removal Inspection,TREEMAINTENANCE,"UF - JONES, CODY",1527  ROXELLA ,"4, ZONE",413Z,5461a,CLOSED
180309,Tree Removal,2021-06-21 03:05 PM,Tree Removal Inspection,TREEMAINTENANCE,"UF - POLOVTSEV, SERA",5526  SCHUMACHER ,"2, ZONE",491X,5156c,CLOSED
180310,Tree Removal,2021-06-21 07:02 PM,Tree Removal Inspection,TREEMAINTENANCE,"UF - POLOVTSEV, SERA",1320  TAFT ,"2, ZONE",493N,5357d,CLOSED
180311,Tree Trim,2021-06-21 08:02 PM,Tree Trim Inspection,TREEMAINTENANCE,"UF - JONES, CODY",950  BYRNE ,"3, ZONE",493B,5358b,CLOSED
180312,Tree Trim,2021-06-21 08:32 PM,Tree Trim Inspection,TREEMAINTENANCE,"UF - JONES, CODY",10629  EXETER ,"4, ZONE",413V,5462c,CLOSED
180313,Tree Removal,2021-06-21 11:05 PM,Tree Removal Inspection,TREEMAINTENANCE,"BLANCHETTE, PETER",3801  FULTON ,"4, ZONE",453Y,5459c,CLOSED
180314,Tree Removal,2021-06-21 11:57 PM,Tree Removal Inspection,TREEMAINTENANCE,"UF - JONES, CODY",835  CANINO ,"4, ZONE",413U,5362b,CLOSED
180315,Tree Trim,2021-06-22 07:32 AM,Tree Trim Inspection,TREEMAINTENANCE,"UF - JONES, CODY",6410  ANNUNCIATION ,"4, ZONE",415N,5562b,CLOSED
180316,Tree Trim,2021-06-22 08:02 AM,Tree Trim Inspection,TREEMAINTENANCE,"BLANCHETTE, PETER",915  NORTHWOOD ,"3, ZONE",453X,5359d,CLOSED
180317,Tree Removal,2021-06-22 08:32 AM,Tree Removal Inspection,TREEMAINTENANCE,"BLANCHETTE, PETER",2221  LYNNFIELD ,"4, ZONE",454N,5460c,CLOSED
180318,Tree Removal,2021-06-22 09:01 AM,Tree Removal Inspection,TREEMAINTENANCE,"UF - JONES, CODY",5810  LARIMER ,"5, ZONE",494L,5557a,CLOSED
180319,Tree Trim,2021-06-22 09:31 AM,Tree Trim Inspection,TREEMAINTENANCE,"UF - JONES, CODY", 8100 DE PRIEST ST&8300 WILLIAMSDELL ST,"3, ZONE",412U,5262d,CLOSED
180320,Tree Trim,2021-06-22 09:33 AM,Tree Trim Inspection,TREEMAINTENANCE,"UF - JONES, CODY", 8100 DE PRIEST ST&8300 WILLIAMSDELL ST,"3, ZONE",412U,5262d,CLOSED
180322,Tree Removal,2021-06-22 09:58 AM,Tree Removal Inspection,TREEMAINTENANCE,"UF - JONES, CODY",1027  HOFFMAN ,"5, ZONE",494H,5558c,CLOSED
180323,Tree Removal,2021-06-22 10:26 AM,Tree Removal Inspection,TREEMAINTENANCE,"UF - JONES, CODY",7222  CLINTON ,"5, ZONE",495N,5557b,CLOSED
180324,Tree Trim,2021-06-22 10:27 AM,Tree Trim Inspection,TREEMAINTENANCE,"UF - JONES, CODY", 600 71ST ST&7100 CANAL ST,"5, ZONE",494V,5556b,CLOSED
180325,Tree Trim,2021-06-22 10:28 AM,Tree Trim Inspection,TREEMAINTENANCE,"UF - POLOVTSEV, SERA",1403  NANCE ,"1, ZONE",493M,5457a,CLOSED
180326,Tree Removal,2021-06-22 10:56 AM,Tree Removal Inspection,TREEMAINTENANCE,"UF - JONES, CODY",1123  HOFFMAN ,"5, ZONE",494M,5558c,CLOSED
180327,Tree Trim,2021-06-22 10:56 AM,Tree Trim Inspection,TREEMAINTENANCE,"BLANCHETTE, PETER",7302  KELLER ,"5, ZONE",535E,5655c,CLOSED
180328,Tree Trim,2021-06-22 11:02 AM,Tree Trim Inspection,TREEMAINTENANCE,"UF - POLOVTSEV, SERA",1314  CROCKER ,"2, ZONE",493N,5357c,CLOSED
180329,Tree Removal,2021-06-22 11:27 AM,Tree Removal Inspection,TREEMAINTENANCE,"UF - POLOVTSEV, SERA",10  OAK ,"2, ZONE",493P,5357d,CLOSED
180330,Tree Trim,2021-06-22 11:29 AM,Tree Trim Inspection,TREEMAINTENANCE,"UF - POLOVTSEV, SERA",11304  BISSONNET ,"2, ZONE",529T,4853b,CLOSED
180331,Tree Trim,2021-06-22 11:31 AM,Tree Trim Inspection,TREEMAINTENANCE,"UF - JONES, CODY", 10200 CLAY RD&4300 GESSNER RD,"3, ZONE",450E,4960d,CLOSED
180332,Tree Trim,2021-06-22 12:00 PM,Tree Trim Inspection,TREEMAINTENANCE,"UF - JONES, CODY",5903  MORNINGDALE ,"4, ZONE",374M,5566c,CLOSED
180334,Tree Code Violation,2021-06-22 12:56 PM,Tree Code Violation Inspection,TREEPROTECTION,"UF - POLOVTSEV, SERA",1411  CASTLE ,"2, ZONE",493W,5356c,CLOSED
180335,Tree Removal,2021-06-22 01:37 PM,Tree Removal Inspection,TREEMAINTENANCE,"UF - POLOVTSEV, SERA",603  WELCH ,"2, ZONE",493N,5357d,CLOSED
180336,Tree Trim,2021-06-22 03:01 PM,Tree Trim Inspection,TREEMAINTENANCE,"UF - POLOVTSEV, SERA",4513  HAZARD ,"2, ZONE",492Z,5356c,CLOSED
180337,Tree Trim,2021-06-22 03:02 PM,Tree Trim Inspection,TREEMAINTENANCE,"UF - JONES, CODY",1400  BRINGHURST ,"4, ZONE",494F,5458d,CLOSED
180338,Tree Removal,2021-06-22 03:02 PM,Tree Removal Inspection,TREEMAINTENANCE,"UF - JONES, CODY",2420  NOBLE ,"4, ZONE",494A,5458d,CLOSED
180340,Tree Removal,2021-06-22 03:25 PM,Tree Removal Inspection,TREEMAINTENANCE,"UF - POLOVTSEV, SERA",4438  YOAKUM ,"2, ZONE",493W,5356c,CLOSED
180341,Tree Removal,2021-06-22 04:54 PM,Tree Removal Inspection,TREEMAINTENANCE,"UF - POLOVTSEV, SERA",1016  CLEVELAND ,"2, ZONE",493P,5357d,CLOSED
180342,Tree Removal,2021-06-22 04:55 PM,Tree Removal Inspection,TREEMAINTENANCE,"BLANCHETTE, PETER",2010  POSSUM CREEK ,"5, ZONE",536S,5754c,CLOSED
180343,Tree Trim,2021-06-22 05:56 PM,Tree Trim Inspection,TREEMAINTENANCE,"BLANCHETTE, PETER",5651  MCCORMICK ,"5, ZONE",534C,5556c,CLOSED
180344,Tree Removal,2021-06-22 09:27 PM,Tree Removal Inspection,TREEMAINTENANCE,"UF - JONES, CODY",701  HIGHLAND ,"3, ZONE",493B,5358b,CLOSED
180345,Tree Trim,2021-06-23 12:29 AM,Tree Trim Inspection,TREEMAINTENANCE,"BLANCHETTE, PETER",6006  BELLFORT ,"6, ZONE",534X,5553a,CLOSED
180346,Tree Trim,2021-06-23 05:58 AM,Tree Trim Inspection,TREEMAINTENANCE,"BLANCHETTE, PETER", 6100 BELLFORT ST&7800 S WAYSIDE DR,"6, ZONE",534Y,5553a,CLOSED
180347,Tree Trim,2021-06-23 07:57 AM,Tree Trim Inspection,TREEMAINTENANCE,"UF - POLOVTSEV, SERA",10935  PIPING ROCK ,"2, ZONE",489U,4956a,CLOSED
180348,Tree Trim,2021-06-23 09:04 AM,Tree Trim Inspection,TREEMAINTENANCE,"BLANCHETTE, PETER",1324  TULANE ,"3, ZONE",452Z,5359c,CLOSED
180351,Tree Trim,2021-06-23 09:28 AM,Tree Trim Inspection,TREEMAINTENANCE,"UF - POLOVTSEV, SERA",6018  FONTENELLE ,"7, ZONE",570H,5152a,CLOSED
180352,Tree Trim,2021-06-23 09:35 AM,Tree Trim Inspection,TREEMAINTENANCE,"BLANCHETTE, PETER",4342  PEASE ,"5, ZONE",494W,5456b,CLOSED
180354,Tree Trim,2021-06-23 09:39 AM,Tree Trim Inspection,TREEMAINTENANCE,"UF - JONES, CODY", 6600 BARNEY RD&4250 LANG RD,"3, ZONE",451J,5160c,CLOSED
180355,Tree Trim,2021-06-23 10:31 AM,Tree Trim Inspection,TREEMAINTENANCE,"UF - JONES, CODY", 2312 BAUER DR&9400 EMNORA LN,"3, ZONE",450Q,5059a,CLOSED
180356,Tree Removal,2021-06-23 10:32 AM,Tree Removal Inspection,TREEMAINTENANCE,"BLANCHETTE, PETER",4411  UNIVERSITY OAKS ,"6, ZONE",534A,5455b,CLOSED
180357,Tree Removal,2021-06-23 10:32 AM,Tree Removal Inspection,TREEMAINTENANCE,"UF - POLOVTSEV, SERA", 2100 SAN FELIPE ST&1900 S SHEPHERD DR&2030 VERMONT ST,"2, ZONE",492Q,5257d,CLOSED
180358,Tree Trim,2021-06-23 10:32 AM,Tree Trim Inspection,TREEMAINTENANCE,"UF - JONES, CODY",1311  SYDNOR ,"4, ZONE",494E,5458d,CLOSED
180359,Tree Trim,2021-06-23 10:33 AM,Tree Trim Inspection,TREEMAINTENANCE,"UF - JONES, CODY", 9426 HAMMERLY BLVD&2100 HOSKINS DR,"3, ZONE",450U,5059a,CLOSED
180360,Tree Removal,2021-06-23 10:33 AM,Tree Removal Inspection,TREEMAINTENANCE,"UF - POLOVTSEV, SERA",1301  VICTOR ,"2, ZONE",493P,5357d,CLOSED
180361,Tree Trim,2021-06-23 10:34 AM,Tree Trim Inspection,TREEMAINTENANCE,"UF - JONES, CODY", 9426 HAMMERLY BLVD&2100 HOSKINS DR,"3, ZONE",450U,5059a,CLOSED
180362,Tree Trim,2021-06-23 10:58 AM,Tree Trim Inspection,TREEMAINTENANCE,"UF - JONES, CODY", 9426 HAMMERLY BLVD&2100 HOSKINS DR,"3, ZONE",450U,5059a,CLOSED
180363,Tree Trim,2021-06-23 11:00 AM,Tree Trim Inspection,TREEMAINTENANCE,"BLANCHETTE, PETER",1731  EMERALD LAKE ,"5, ZONE",617D,5950b,CLOSED
180364,Tree Trim,2021-06-23 11:27 AM,Tree Trim Inspection,TREEMAINTENANCE,"UF - POLOVTSEV, SERA",5025  HAZELTON ,"7, ZONE",531Y,5153b,CLOSED
180365,Tree Removal,2021-06-23 12:02 PM,Tree Removal Inspection,TREEMAINTENANCE,"UF - JONES, CODY",923  GREEN MEADOW ,"3, ZONE",412Y,5261b,CLOSED
180366,Tree Trim,2021-06-23 12:57 PM,Tree Trim Inspection,TREEMAINTENANCE,"BLANCHETTE, PETER", 200 W 30TH ST&3000 YALE ST,"3, ZONE",452R,5359a,CLOSED
180367,Tree Removal,2021-06-23 12:58 PM,Tree Removal Inspection,TREEMAINTENANCE,"UF - POLOVTSEV, SERA",9547  BEVERLY HILL ,"2, ZONE",490W,5056c,CLOSED
180368,Tree Trim,2021-06-23 12:58 PM,Tree Trim Inspection,TREEMAINTENANCE,"UF - JONES, CODY",4727  WILEY ,"4, ZONE",414Y,5561a,CLOSED
180369,Tree Trim,2021-06-23 01:05 PM,Tree Trim Inspection,TREEMAINTENANCE,"UF - POLOVTSEV, SERA",13213  NORTHUMB ,"7, ZONE",572R,5351c,CLOSED
180371,Tree Removal,2021-06-23 01:31 PM,Tree Removal Inspection,TREEMAINTENANCE,"UF - POLOVTSEV, SERA",13213  NORTHUMB ,"7, ZONE",572R,5351c,CLOSED
180375,Tree Trim,2021-06-23 02:03 PM,Tree Trim Inspection,TREEMAINTENANCE,"UF - JONES, CODY",6637  MORROW ,"3, ZONE",412Y,5261b,CLOSED
180376,Tree Trim,2021-06-23 02:04 PM,Tree Trim Inspection,TREEMAINTENANCE,"UF - POLOVTSEV, SERA", 1700 HOUSTON AVE&1500 SUMMER ST,"2, ZONE",493G,5358d,CLOSED
180377,Tree Removal,2021-06-23 02:32 PM,Tree Removal Inspection,TREEMAINTENANCE,"UF - JONES, CODY",3104  STONEWALL ,"4, ZONE",494E,5458d,CLOSED
180378,Tree Trim,2021-06-23 02:33 PM,Tree Trim Inspection,TREEMAINTENANCE,"UF - JONES, CODY", 700 MARCELLA ST&5426 N SHEPHERD DR,"3, ZONE",452D,5261d,CLOSED
180379,Tree Trim,2021-06-23 03:00 PM,Tree Trim Inspection,TREEMAINTENANCE,"BLANCHETTE, PETER",7503  GLENHEATH ,"6, ZONE",535W,5653a,CLOSED
180380,Tree Trim,2021-06-23 03:30 PM,Tree Trim Inspection,TREEMAINTENANCE,"UF - POLOVTSEV, SERA",801  ALMEDA GENOA ,"7, ZONE",572U,5351c,CLOSED
180381,Tree Trim,2021-06-23 03:31 PM,Tree Trim Inspection,TREEMAINTENANCE,"UF - JONES, CODY",2022  CHAPMAN ,"4, ZONE",493D,5458c,CLOSED
180382,Tree Trim,2021-06-23 03:31 PM,Tree Trim Inspection,TREEMAINTENANCE,"UF - JONES, CODY", 3200 GRAYSON OAKS LN&5900 W LAKE HOUSTON PKWY,"4, ZONE",297K,5871a,CLOSED
180384,Tree Removal,2021-06-23 04:57 PM,Tree Removal Inspection,TREEMAINTENANCE,"BLANCHETTE, PETER",1136  HEIGHTS ,"3, ZONE",453W,5358a,CLOSED
180385,Tree Trim,2021-06-23 04:58 PM,Tree Trim Inspection,TREEMAINTENANCE,"UF - POLOVTSEV, SERA",1703  VASSAR ,"7, ZONE",492Z,5356c,CLOSED
180386,Tree Stump Grinding,2021-06-23 05:01 PM,Tree Stump Inspection,TREEMAINTENANCE,"BLANCHETTE, PETER",3910  SOUTHMORE ,"6, ZONE",533H,5455a,CLOSED
180387,Tree Removal,2021-06-23 05:58 PM,Tree Removal Inspection,TREEMAINTENANCE,"BLANCHETTE, PETER",5425  SOUTHLEA ,"6, ZONE",534N,5454d,CLOSED
180388,Tree Removal,2021-06-23 07:05 PM,Tree Removal Inspection,TREEMAINTENANCE,"UF - POLOVTSEV, SERA", 16200 CORSAIR RD&6400 RAMBLERIDGE DR,"7, ZONE",611B,5150c,CLOSED
180389,Tree Trim,2021-06-23 09:00 PM,Tree Trim Inspection,TREEMAINTENANCE,"UF - POLOVTSEV, SERA", 8500 KIRBY DR&2300 WESTRIDGE ST,"7, ZONE",532Q,5354c,CLOSED
180390,Tree Trim,2021-06-23 09:59 PM,Tree Trim Inspection,TREEMAINTENANCE,"BLANCHETTE, PETER", 15300 CRADLE ST&5720 DRAKESTONE BLVD,"7, ZONE",571Y,5150b,CLOSED
180391,Tree Trim,2021-06-23 10:01 PM,Tree Trim Inspection,TREEMAINTENANCE,"UF - JONES, CODY", 8300 OBSERVATORY ST&2600 REDROCK ST,"3, ZONE",412S,5162d,CLOSED
180392,Tree Removal,2021-06-24 03:26 AM,Tree Removal Inspection,TREEMAINTENANCE,"UF - JONES, CODY", 2900 HOLLISTER ST&8800 KEMPWOOD DR,"3, ZONE",450R,5060d,CLOSED
180393,Tree Trim,2021-06-24 08:01 AM,Tree Trim Inspection,TREEMAINTENANCE,"UF - JONES, CODY", 100 E 11TH ST&100 W 11TH ST&1100 HEIGHTS BLVD,"3, ZONE",453W,5358a,CLOSED
180394,Tree Trim,2021-06-24 09:00 AM,Tree Trim Inspection,TREEMAINTENANCE,"UF - POLOVTSEV, SERA",1601  MORSE ,"2, ZONE",492R,5357c,CLOSED
180395,Tree Trim,2021-06-24 09:33 AM,Tree Trim Inspection,TREEMAINTENANCE,"UF - JONES, CODY",9107  HOMESTEAD ,"4, ZONE",454H,5561d,CLOSED
180396,Tree Trim,2021-06-24 09:58 AM,Tree Trim Inspection,TREEMAINTENANCE,"BLANCHETTE, PETER",10910  SAGEWILLOW ,"6, ZONE",616B,5750b,CLOSED
180397,Tree Trim,2021-06-24 09:59 AM,Tree Trim Inspection,TREEMAINTENANCE,"BLANCHETTE, PETER",3819  JULIUS ,"6, ZONE",533H,5455c,CLOSED
180398,Tree Trim,2021-06-24 10:31 AM,Tree Trim Inspection,TREEMAINTENANCE,"UF - POLOVTSEV, SERA", 5900 BISSONNET ST&7400 RENWICK DR,"7, ZONE",531J,5154a,CLOSED
180399,Tree Trim,2021-06-24 11:00 AM,Tree Trim Inspection,TREEMAINTENANCE,"BLANCHETTE, PETER",4838  CULMORE ,"6, ZONE",534J,5455d,CLOSED
180400,Tree Trim,2021-06-24 11:01 AM,Tree Trim Inspection,TREEMAINTENANCE,"BLANCHETTE, PETER", 13600 COTTINGHAM ST&4800 FUQUA ST,"6, ZONE",574S,5451d,CLOSED
180401,Tree Trim,2021-06-24 11:03 AM,Tree Trim Inspection,TREEMAINTENANCE,"BLANCHETTE, PETER",7349  STANWICK ,"6, ZONE",534V,5554d,CLOSED
180402,Tree Removal,2021-06-24 11:59 AM,Tree Removal Inspection,TREEMAINTENANCE,"BLANCHETTE, PETER",6610  KASSARINE ,"6, ZONE",534N,5454d,CLOSED
180403,Tree Trim,2021-06-24 12:02 PM,Tree Trim Inspection,TREEMAINTENANCE,"UF - POLOVTSEV, SERA", 660 W BOUGH LN&12750 KIMBERLEY LN,"2, ZONE",489H,4958c,CLOSED
180404,Tree Removal,2021-06-24 12:57 PM,Tree Removal Inspection,TREEMAINTENANCE,"UF - POLOVTSEV, SERA", 1900 S DAIRY ASHFORD RD&12600 WHITTINGTON DR,"2, ZONE",488R,4856a,CLOSED
180405,Tree Trim,2021-06-24 01:33 PM,Tree Trim Inspection,TREEMAINTENANCE,"UF - JONES, CODY",9025  PITNER ,"3, ZONE",450L,5060c,CLOSED
180410,Tree Trim,2021-06-24 04:00 PM,Tree Trim Inspection,TREEMAINTENANCE,"UF - JONES, CODY",1909  COULCREST ,"3, ZONE",450V,5059d,CLOSED
180411,Tree Trim,2021-06-24 04:02 PM,Tree Trim Inspection,TREEMAINTENANCE,"UF - JONES, CODY",614  OMAR ,"3, ZONE",493B,5358b,CLOSED
180412,Tree Trim,2021-06-24 04:02 PM,Tree Trim Inspection,TREEMAINTENANCE,"BLANCHETTE, PETER",2110  WEBSTER ,"6, ZONE",493U,5456a,CLOSED
180413,Tree Trim,2021-06-24 04:04 PM,Tree Trim Inspection,TREEMAINTENANCE,"UF - JONES, CODY",3507  COLLEEN WOODS ,"3, ZONE",450M,5060d,CLOSED
180415,Tree Removal,2021-06-24 04:35 PM,Tree Removal Inspection,TREEMAINTENANCE,"BLANCHETTE, PETER",4631  WOODSIDE ,"5, ZONE",494T,5456b,CLOSED
180416,Tree Trim,2021-06-24 05:27 PM,Tree Trim Inspection,TREEMAINTENANCE,"UF - POLOVTSEV, SERA",5919  BANKSIDE ,"7, ZONE",531W,5153c,CLOSED
180417,Tree Trim,2021-06-24 05:28 PM,Tree Trim Inspection,TREEMAINTENANCE,"UF - POLOVTSEV, SERA",3954  FEAGAN ,"2, ZONE",492M,5357a,CLOSED
180418,Tree Removal,2021-06-24 07:02 PM,Tree Removal Inspection,TREEMAINTENANCE,"UF - JONES, CODY",725  NEYLAND ,"3, ZONE",453J,5360c,CLOSED
180419,Tree Removal,2021-06-24 08:29 PM,Tree Removal Inspection,TREEMAINTENANCE,"UF - POLOVTSEV, SERA",2334  GOLDSMITH ,"7, ZONE",532G,5255d,CLOSED
180420,Tree Trim,2021-06-24 08:32 PM,Tree Trim Inspection,TREEMAINTENANCE,"UF - POLOVTSEV, SERA",11802  PLUMPOINT ,"2, ZONE",529S,4853d,CLOSED
180421,Tree Trim,2021-06-24 09:33 PM,Tree Trim Inspection,TREEMAINTENANCE,"UF - POLOVTSEV, SERA", 900 ADDICKS HOWELL RD&908 S SH 6,"2, ZONE",488E,4757a,CLOSED
180422,Tree Trim,2021-06-24 09:57 PM,Tree Trim Inspection,TREEMAINTENANCE,"BLANCHETTE, PETER", 15800 PATTERSON RD&3000 N SH 6,"3, ZONE",448N,4759a,CLOSED
180423,Tree Code Violation,2021-06-25 01:07 AM,Tree Code Violation Inspection,TREEPROTECTION,"UF - POLOVTSEV, SERA",3605  ALLEN ,"2, ZONE",492M,5357a,CLOSED
180424,Tree Removal,2021-06-25 02:28 AM,Tree Removal Inspection,TREEMAINTENANCE,"UF - POLOVTSEV, SERA",5144  TANGLE ,"2, ZONE",491L,5157d,CLOSED
180425,Tree Trim,2021-06-25 08:58 AM,Tree Trim Inspection,TREEMAINTENANCE,"UF - POLOVTSEV, SERA", 2800 BAGBY ST&400 DREW ST,"2, ZONE",493P,5357d,CLOSED
180426,Tree Trim,2021-06-25 09:28 AM,Tree Trim Inspection,TREEMAINTENANCE,"UF - JONES, CODY",2250 WHITE OAK DR,"3, ZONE",493B,77007,CLOSED
180427,Tree Trim,2021-06-25 09:28 AM,Tree Trim Inspection,TREEMAINTENANCE,"UF - JONES, CODY", 900 USENER ST&2400 WHITE OAK DR,"3, ZONE",493B,5358d,CLOSED
180428,Tree Trim,2021-06-25 09:30 AM,Tree Trim Inspection,TREEMAINTENANCE,"UF - JONES, CODY", 900 USENER ST&2400 WHITE OAK DR,"3, ZONE",493B,5358d,CLOSED
180429,Tree Trim,2021-06-25 09:57 AM,Tree Trim Inspection,TREEMAINTENANCE,"UF - JONES, CODY", 900 USENER ST&2400 WHITE OAK DR,"3, ZONE",493B,5358d,CLOSED
180430,Tree Trim,2021-06-25 09:58 AM,Tree Trim Inspection,TREEMAINTENANCE,"UF - POLOVTSEV, SERA", 1934 FAIRVIEW AVE&2400 MORSE ST,"2, ZONE",492V,5356a,CLOSED
180431,Tree Trim,2021-06-25 09:58 AM,Tree Trim Inspection,TREEMAINTENANCE,"UF - POLOVTSEV, SERA",10555  TURTLEWOOD ,"2, ZONE",529G,4954a,CLOSED
180432,Tree Trim,2021-06-25 09:58 AM,Tree Trim Inspection,TREEMAINTENANCE,"UF - POLOVTSEV, SERA",1348  BAYOU OAKS VISTA ,"2, ZONE",493K,5357b,CLOSED
180433,Tree Trim,2021-06-25 10:01 AM,Tree Trim Inspection,TREEMAINTENANCE,"BLANCHETTE, PETER",3503  RUTH ,"6, ZONE",533D,5455a,CLOSED
180434,Tree Trim,2021-06-25 10:28 AM,Tree Trim Inspection,TREEMAINTENANCE,"UF - JONES, CODY", 900 USENER ST&2400 WHITE OAK DR,"3, ZONE",493B,5358d,CLOSED
180435,Tree Trim,2021-06-25 10:29 AM,Tree Trim Inspection,TREEMAINTENANCE,"BLANCHETTE, PETER",5123  COSBY ,"6, ZONE",534N,5454b,CLOSED
180436,Tree Removal,2021-06-25 10:30 AM,Tree Removal Inspection,TREEMAINTENANCE,"BLANCHETTE, PETER", 100 E 12TH ST&100 W 12TH ST&1200 HEIGHTS BLVD,"3, ZONE",453W,5358a,CLOSED
180437,Tree Trim,2021-06-25 11:00 AM,Tree Trim Inspection,TREEMAINTENANCE,"UF - JONES, CODY", 900 USENER ST&2400 WHITE OAK DR,"3, ZONE",493B,5358d,CLOSED
180438,Tree Trim,2021-06-25 11:02 AM,Tree Trim Inspection,TREEMAINTENANCE,"UF - JONES, CODY",838  KEY ,"3, ZONE",453X,5358b,CLOSED
180439,Tree Trim,2021-06-25 11:02 AM,Tree Trim Inspection,TREEMAINTENANCE,"BLANCHETTE, PETER", 16600 EL CAMINO REAL&1000 RAMADA DR,"5, ZONE",618P,6049c,CLOSED
180440,Tree Trim,2021-06-25 11:30 AM,Tree Trim Inspection,TREEMAINTENANCE,"UF - JONES, CODY", 900 USENER ST&2400 WHITE OAK DR,"3, ZONE",493B,5358d,CLOSED
180441,Tree Trim,2021-06-25 11:57 AM,Tree Trim Inspection,TREEMAINTENANCE,"UF - JONES, CODY", 900 USENER ST&2400 WHITE OAK DR,"3, ZONE",493B,5358d,CLOSED
180442,Tree Trim,2021-06-25 11:58 AM,Tree Trim Inspection,TREEMAINTENANCE,"UF - POLOVTSEV, SERA",1700 A  HERMANN ,"7, ZONE",533B,5355b,CLOSED
180443,Tree Removal,2021-06-25 12:02 PM,Tree Removal Inspection,TREEMAINTENANCE,"UF - JONES, CODY",2011  LAKE HILLS ,"4, ZONE",296Y,5770c,CLOSED
180444,Tree Trim,2021-06-25 12:28 PM,Tree Trim Inspection,TREEMAINTENANCE,"UF - POLOVTSEV, SERA",823 W FRIAR TUCK ,"2, ZONE",491C,5158c,CLOSED
180445,Tree Trim,2021-06-25 01:00 PM,Tree Trim Inspection,TREEMAINTENANCE,"UF - POLOVTSEV, SERA",4159  BUGLE ,"2, ZONE",529B,4855d,CLOSED
180446,Tree Trim,2021-06-25 01:01 PM,Tree Trim Inspection,TREEMAINTENANCE,"UF - POLOVTSEV, SERA",1027  ALEXANDER ,"3, ZONE",492D,5358a,CLOSED
180447,Tree Trim,2021-06-25 01:27 PM,Tree Trim Inspection,TREEMAINTENANCE,"UF - POLOVTSEV, SERA", 13800 BUFFALO SPWY&3700 W OREM DR,"7, ZONE",572K,5251b,CLOSED
180448,Tree Removal,2021-06-25 01:28 PM,Tree Removal Inspection,TREEMAINTENANCE,"UF - POLOVTSEV, SERA",2401  POTOMAC ,"2, ZONE",491S,5156a,CLOSED
180449,Tree Removal,2021-06-25 01:58 PM,Tree Removal Inspection,TREEMAINTENANCE,"UF - JONES, CODY",822  FOREST HILLSIDE ,"3, ZONE",372K,5266c,CLOSED
180450,Tree Removal,2021-06-25 02:00 PM,Tree Removal Inspection,TREEMAINTENANCE,"UF - BURKES, JEREMY",11611  DUMAS ,"5, ZONE",576Q,5752d,CLOSED
180451,Tree Trim,2021-06-25 02:28 PM,Tree Trim Inspection,TREEMAINTENANCE,"BLANCHETTE, PETER",7106  THORNWILD ,"7, ZONE",571W,5150a,CLOSED
180452,Tree Removal,2021-06-25 02:33 PM,Tree Removal Inspection,TREEMAINTENANCE,"UF - JONES, CODY",1626  HIDDEN VALLEY ,"3, ZONE",412K,5263c,CLOSED
180454,Tree Removal,2021-06-25 02:57 PM,Tree Removal Inspection,TREEMAINTENANCE,"UF - POLOVTSEV, SERA",3420 W OREM ,"7, ZONE",572K,5251b,CLOSED
180456,Tree Trim,2021-06-25 03:33 PM,Tree Trim Inspection,TREEMAINTENANCE,"BLANCHETTE, PETER",18119 LONGCLIFFE DR,"3, ZONE",447F,77084,CLOSED
180457,Tree Removal,2021-06-25 03:35 PM,Tree Removal Inspection,TREEMAINTENANCE,"UF - JONES, CODY",1520  CANDLELIGHT ,"3, ZONE",452E,5260a,CLOSED
180458,Tree Removal,2021-06-25 04:04 PM,Tree Removal Inspection,TREEMAINTENANCE,"BLANCHETTE, PETER",3114  SUNBEAM ,"6, ZONE",573B,5352b,CLOSED
180459,Tree Trim,2021-06-25 04:04 PM,Tree Trim Inspection,TREEMAINTENANCE,"UF - JONES, CODY",10302  PINE MOSS ,"3, ZONE",411J,5062b,CLOSED
180460,Tree Trim,2021-06-25 05:27 PM,Tree Trim Inspection,TREEMAINTENANCE,"UF - JONES, CODY",6114  OCTAVIA ,"4, ZONE",454Z,5559c,CLOSED
180462,Tree Removal,2021-06-25 07:08 PM,Tree Removal Inspection,TREEMAINTENANCE,"UF - POLOVTSEV, SERA",2340  GOLDSMITH ,"7, ZONE",532G,5255d,CLOSED
180463,Tree Removal,2021-06-25 07:34 PM,Tree Removal Inspection,TREEMAINTENANCE,"UF - POLOVTSEV, SERA",2401  POTOMAC ,"2, ZONE",491S,5156a,CLOSED
180464,Tree Trim,2021-06-25 07:34 PM,Tree Trim Inspection,TREEMAINTENANCE,"UF - POLOVTSEV, SERA",1317  PEDEN ,"2, ZONE",493N,5357c,CLOSED
180465,Tree Trim,2021-06-25 08:58 PM,Tree Trim Inspection,TREEMAINTENANCE,"UF - BURKES, JEREMY",6910  LA SALETTE ,"6, ZONE",533Q,5454a,CLOSED
180466,Tree Trim,2021-06-25 11:54 PM,Tree Trim Inspection,TREEMAINTENANCE,"UF - POLOVTSEV, SERA",6034  CARTAGENA ,"7, ZONE",570D,5052b,CLOSED
180467,Tree Removal,2021-06-26 09:54 AM,Tree Removal Inspection,TREEMAINTENANCE,"UF - JONES, CODY",539  BRENDA ,"4, ZONE",413W,5361a,CLOSED
180468,Tree Trim,2021-06-26 10:56 AM,Tree Trim Inspection,TREEMAINTENANCE,"UF - POLOVTSEV, SERA",5103  WILLOWBEND ,"7, ZONE",531Y,5153d,CLOSED
180469,Tree Trim,2021-06-26 11:27 AM,Tree Trim Inspection,TREEMAINTENANCE,"UF - JONES, CODY",12846  TAMMARACK ,"4, ZONE",456Z,5759d,CLOSED
180470,Tree Removal,2021-06-26 11:30 AM,Tree Removal Inspection,TREEMAINTENANCE,"BLANCHETTE, PETER",1703  TANNEHILL ,"3, ZONE",452X,5259c,CLOSED
180476,Tree Trim,2021-06-28 08:26 AM,Tree Trim Inspection,TREEMAINTENANCE,"UF - POLOVTSEV, SERA","9825 STELLA LINK RD,HOUSTON,77025","7, ZONE",532S,5253a,CLOSED
180477,Tree Trim,2021-06-28 08:35 AM,Tree Trim Inspection,TREEMAINTENANCE,"UF - POLOVTSEV, SERA","6214 ABINGTON WAY,HOUSTON,77008","3, ZONE",492B,5258b,CLOSED
180478,Tree Removal,2021-06-28 09:39 AM,Tree Removal Inspection,TREEMAINTENANCE,"UF - JONES, CODY","3700 KINGWOOD DR,HOUSTON,77339","4, ZONE",337E,5769b,CLOSED
180479,Tree Removal,2021-06-28 09:41 AM,Tree Removal Inspection,TREEMAINTENANCE,"UF - JONES, CODY","LAKE KINGWOOD TRL,HOUSTON,77339","4, ZONE",337E,5769b,CLOSED
180480,Tree Trim,2021-06-28 10:00 AM,Tree Trim Inspection,TREEMAINTENANCE,"UF - JONES, CODY","KINGS CREEK DR & KINGWOOD DR,HOUSTON,77339","4, ZONE",336D,5769b,CLOSED
180481,Tree Trim,2021-06-28 10:09 AM,Tree Trim Inspection,TREEMAINTENANCE,"BLANCHETTE, PETER","HICKOK LN,HOUSTON,77047","6, ZONE",573L,5452c,CLOSED
180485,Tree Removal,2021-06-28 10:35 AM,Tree Removal Inspection,TREEMAINTENANCE,"UF - JONES, CODY","6602 ECHO BROOK DR,HOUSTON,77076","4, ZONE",413W,5361a,CLOSED
180486,Tree Removal,2021-06-28 10:39 AM,Tree Removal Inspection,TREEMAINTENANCE,"UF - JONES, CODY",3418 SARATOGA DR,"3, ZONE",411V,77088,CLOSED
180487,Tree Trim,2021-06-28 11:19 AM,Tree Trim Inspection,TREEMAINTENANCE,"UF - POLOVTSEV, SERA","5200 FANNIN ST,HOUSTON,77004","7, ZONE",493W,5356d,CLOSED
180488,Tree Removal,2021-06-28 11:31 AM,Tree Removal Inspection,TREEMAINTENANCE,"BLANCHETTE, PETER","8559 GLENVIEW DR,HOUSTON,77017","5, ZONE",535R,5654b,CLOSED
180489,Tree Removal,2021-06-28 11:54 AM,Tree Removal Inspection,TREEMAINTENANCE,"UF - POLOVTSEV, SERA","535 RANCHO BAUER DR,HOUSTON,77079","2, ZONE",489J,4857b,CLOSED
180490,Tree Trim,2021-06-28 11:54 AM,Tree Trim Inspection,TREEMAINTENANCE,"UF - POLOVTSEV, SERA","2202 NAOMI ST,HOUSTON,77054","7, ZONE",532R,5354c,CLOSED
180491,Tree Trim,2021-06-28 12:12 PM,Tree Trim Inspection,TREEMAINTENANCE,"BLANCHETTE, PETER","1252 CHANTILLY LN,HOUSTON,77018","3, ZONE",452K,5260a,CLOSED
180493,Tree Trim,2021-06-28 12:31 PM,Tree Trim Inspection,TREEMAINTENANCE,"UF - POLOVTSEV, SERA",6115 STILLMAN ST,"2, ZONE",492F,77007,CLOSED
180495,Tree Removal,2021-06-28 01:43 PM,Tree Removal Inspection,TREEMAINTENANCE,"UF - JONES, CODY",4111 EUROPA ST,"3, ZONE",453J,77022,CLOSED
180497,Tree Trim,2021-06-28 03:39 PM,Tree Trim Inspection,TREEMAINTENANCE,"BLANCHETTE, PETER","9030 CULLEN BLVD HOUSTON,77051","6, ZONE",573D,5453c,CLOSED
180498,Tree Trim,2021-06-28 03:55 PM,Tree Trim Inspection,TREEMAINTENANCE,"BLANCHETTE, PETER",1055  MARTIN ,"3, ZONE",452F,5260b,CLOSED
180499,Tree Trim,2021-06-28 03:55 PM,Tree Trim Inspection,TREEMAINTENANCE,"BLANCHETTE, PETER",1002 1000 CHESHIRE LN&4700 DUNSMERE ST,"3, ZONE",452G,5260b,CLOSED
180500,Tree Trim,2021-06-28 03:55 PM,Tree Trim Inspection,TREEMAINTENANCE,"BLANCHETTE, PETER",1062  MARTIN ,"3, ZONE",452F,5260b,CLOSED
180501,Tree Trim,2021-06-28 03:56 PM,Tree Trim Inspection,TREEMAINTENANCE,"UF - POLOVTSEV, SERA","2524 DRYDEN RD,HOUSTON,77030","7, ZONE",532G,5255b,CLOSED
180502,Tree Trim,2021-06-28 04:20 PM,Tree Trim Inspection,TREEMAINTENANCE,"UF - JONES, CODY",5039 APRIL LN,"3, ZONE",451G,77092,CLOSED
180503,Tree Removal,2021-06-28 06:25 PM,Tree Removal Inspection,TREEMAINTENANCE,"UF - JONES, CODY","3713 DES CHAUMES ST,HOUSTON,77026","4, ZONE",454W,5459d,CLOSED
180504,Tree Stump Grinding,2021-06-28 07:25 PM,Tree Stump Inspection,TREEMAINTENANCE,"UF - POLOVTSEV, SERA",7903  ROWAN ,"2, ZONE",530K,5054a,CLOSED
180505,Tree Removal,2021-06-28 07:30 PM,Tree Removal Inspection,TREEMAINTENANCE,"UF - POLOVTSEV, SERA","839 ASHLAND ST,HOUSTON,77007","3, ZONE",492D,5358a,CLOSED
180506,Tree Trim,2021-06-28 08:34 PM,Tree Trim Inspection,TREEMAINTENANCE,"BLANCHETTE, PETER","7911 DEER MEADOW DR,HOUSTON,77071","7, ZONE",570G,5052b,CLOSED
180507,Tree Removal,2021-06-29 08:05 AM,Tree Removal Inspection,TREEMAINTENANCE,"UF - POLOVTSEV, SERA","11427 GAYMOOR DR,HOUSTON,77035","7, ZONE",571B,5153d,CLOSED
180509,Tree Trim,2021-06-29 09:21 AM,Tree Trim Inspection,TREEMAINTENANCE,"BLANCHETTE, PETER","9018 BRANDON ST,HOUSTON,77051","6, ZONE",533Y,5453c,CLOSED
180510,Tree Removal,2021-06-29 09:42 AM,Tree Removal Inspection,TREEMAINTENANCE,"UF - JONES, CODY",1713 DEWALT ST,"3, ZONE",412N,77088,CLOSED
180511,Tree Trim,2021-06-29 09:45 AM,Tree Trim Inspection,TREEMAINTENANCE,"UF - POLOVTSEV, SERA","2520 WESTCREEK LN,HOUSTON,77027","2, ZONE",491V,5156b,CLOSED
180512,Tree Trim,2021-06-29 10:58 AM,Tree Trim Inspection,TREEMAINTENANCE,"UF - POLOVTSEV, SERA","12030 SEA SHORE DR,HOUSTON,77072","2, ZONE",529J,4854b,CLOSED
180513,Tree Trim,2021-06-29 11:13 AM,Tree Trim Inspection,TREEMAINTENANCE,"UF - POLOVTSEV, SERA","FOUNTAIN VIEW DR & WOODWAY DR,HOUSTON,77057","2, ZONE",491J,5157c,CLOSED
180514,Tree Removal,2021-06-29 11:55 AM,Tree Removal Inspection,TREEMAINTENANCE,"BLANCHETTE, PETER","14118 BONHAM ST,HOUSTON,77015","5, ZONE",497G,5858b,CLOSED
180515,Tree Trim,2021-06-29 12:38 PM,Tree Trim Inspection,TREEMAINTENANCE,"BLANCHETTE, PETER",2810 CALLIE ST,"6, ZONE",494W,77004,CLOSED
180516,Tree Removal,2021-06-29 01:42 PM,Tree Removal Inspection,TREEMAINTENANCE,"UF - JONES, CODY","4918 PINEMONT DR,HOUSTON,77092","3, ZONE",451G,5160b,CLOSED
180517,Tree Trim,2021-06-29 02:26 PM,Tree Trim Inspection,TREEMAINTENANCE,"UF - POLOVTSEV, SERA","GRAMERCY ST & BROMPTON ST,HOUSTON,77025","7, ZONE",532F,5255d,CLOSED
180518,Tree Removal,2021-06-29 02:45 PM,Tree Removal Inspection,TREEMAINTENANCE,"UF - JONES, CODY","2434 DRUID ST,HOUSTON,77091","3, ZONE",412W,5261a,CLOSED
180522,Tree Trim,2021-06-29 04:33 PM,Tree Trim Inspection,TREEMAINTENANCE,"BLANCHETTE, PETER","631 SULPHUR ST,HOUSTON,77034","5, ZONE",576F,5753d,CLOSED
180523,Tree Stump Grinding,2021-06-29 05:12 PM,Tree Stump Inspection,TREEMAINTENANCE,"BLANCHETTE, PETER","11830 PEACH GROVE DR,HOUSTON,77099","2, ZONE",529W,4853d,CLOSED
180526,Tree Trim,2021-06-29 06:40 PM,Tree Trim Inspection,TREEMAINTENANCE,"BLANCHETTE, PETER","6111 IRISH HILL DR,HOUSTON,77053","7, ZONE",571X,5150b,CLOSED
180527,Tree Removal,2021-06-29 07:10 PM,Tree Removal Inspection,TREEMAINTENANCE,"UF - JONES, CODY","4411 NOBLE ST,HOUSTON,77020","4, ZONE",494B,5558a,CLOSED
180528,Tree Removal,2021-06-29 07:27 PM,Tree Removal Inspection,TREEMAINTENANCE,"UF - JONES, CODY","9110 TIDWELL RD,HOUSTON,77078","4, ZONE",455D,5661b,CLOSED
180529,Tree Removal,2021-06-30 08:03 AM,Tree Removal Inspection,TREEMAINTENANCE,"UF - POLOVTSEV, SERA",2301 DRYDEN RD,"7, ZONE",532C,77030,CLOSED
180530,Tree Trim,2021-06-30 08:06 AM,Tree Trim Inspection,TREEMAINTENANCE,"BLANCHETTE, PETER","2320 EMANCIPATION AVE,HOUSTON,77004","6, ZONE",493U,5456a,CLOSED
180531,Tree Trim,2021-06-30 08:28 AM,Tree Trim Inspection,TREEMAINTENANCE,"BLANCHETTE, PETER", 400 W 14TH ST&1400 RUTLAND ST,"3, ZONE",452Z,5359c,CLOSED
180532,Tree Trim,2021-06-30 09:07 AM,Tree Trim Inspection,TREEMAINTENANCE,"UF - JONES, CODY","635 WAINWRIGHT ST,HOUSTON,77022","4, ZONE",453L,5460c,CLOSED
180533,Tree Trim,2021-06-30 10:31 AM,Tree Trim Inspection,TREEMAINTENANCE,"UF - JONES, CODY","6518 LAVENDER ST,HOUSTON,77028","4, ZONE",454Q,5560c,CLOSED
180534,Tree Trim,2021-06-30 11:01 AM,Tree Trim Inspection,TREEMAINTENANCE,"UF - POLOVTSEV, SERA","9437 HAMMERLY BLVD,HOUSTON,77080","3, ZONE",450U,5059a,CLOSED
180535,Tree Trim,2021-06-30 11:07 AM,Tree Trim Inspection,TREEMAINTENANCE,"BLANCHETTE, PETER","12554 CLAYGATE DR,HOUSTON,77047","6, ZONE",573Q,5451a,CLOSED
180536,Tree Trim,2021-06-30 11:13 AM,Tree Trim Inspection,TREEMAINTENANCE,"BLANCHETTE, PETER","451 W 22ND ST, HOUSTON,77008","3, ZONE",452V,5359a,CLOSED
180537,Tree Removal,2021-06-30 11:25 AM,Tree Removal Inspection,TREEMAINTENANCE,"UF - POLOVTSEV, SERA","520 LOVETT BLVD,HOUSTON,77006","2, ZONE",493S,5356b,CLOSED
180539,Tree Trim,2021-06-30 12:31 PM,Tree Trim Inspection,TREEMAINTENANCE,"BLANCHETTE, PETER","PEBBLESHIRE DR & TADWORTH DR,HOUSTON,77062","5, ZONE",618J,5949b,CLOSED
180540,Tree Trim,2021-06-30 12:32 PM,Tree Trim Inspection,TREEMAINTENANCE,"BLANCHETTE, PETER","602 PEBBLESHIRE DR,HOUSTON,77062","5, ZONE",618J,5949b,CLOSED
180542,Tree Trim,2021-06-30 01:35 PM,Tree Trim Inspection,TREEMAINTENANCE,"UF - POLOVTSEV, SERA",3773 RICHMOND AVE,"2, ZONE",492W,77046,CLOSED
180543,Tree Removal,2021-06-30 01:50 PM,Tree Removal Inspection,TREEMAINTENANCE,"UF - JONES, CODY","6810 BETHUNE DR,HOUSTON,77091","3, ZONE",412W,5261a,CLOSED
180544,Tree Removal,2021-06-30 02:02 PM,Tree Removal Inspection,TREEMAINTENANCE,"BLANCHETTE, PETER","5226 BEECHNUT ST,HOUSTON,77096","7, ZONE",531P,5154b,CLOSED
180548,Tree Trim,2021-06-30 02:32 PM,Tree Trim Inspection,TREEMAINTENANCE,"BLANCHETTE, PETER","5031 ENYART ST,HOUSTON,77021","6, ZONE",534N,5454b,CLOSED
180549,Tree Trim,2021-06-30 02:44 PM,Tree Trim Inspection,TREEMAINTENANCE,"BLANCHETTE, PETER","6500 EASTWOOD ST,HOUSTON,77021","6, ZONE",533M,5454a,CLOSED
180550,Tree Trim,2021-06-30 03:17 PM,Tree Trim Inspection,TREEMAINTENANCE,"BLANCHETTE, PETER","8943 LEDGE ST HOUSTON,77075","6, ZONE",575M,5652d,CLOSED
180551,Tree Removal,2021-06-30 03:42 PM,Tree Removal Inspection,TREEMAINTENANCE,"BLANCHETTE, PETER","5502 BIRDWOOD RD,HOUSTON,77096","7, ZONE",531N,5154c,CLOSED
180552,Tree Removal,2021-06-30 03:53 PM,Tree Removal Inspection,TREEMAINTENANCE,"UF - POLOVTSEV, SERA","7706 BELBAY ST,HOUSTON,77033","6, ZONE",534X,5553a,CLOSED
180554,Tree Trim,2021-06-30 05:06 PM,Tree Trim Inspection,TREEMAINTENANCE,"UF - JONES, CODY","12902 BUTTERFLY LN,HOUSTON,77024","2, ZONE",489G,4957a,CLOSED
180555,Tree Removal,2021-06-30 05:42 PM,Tree Removal Inspection,TREEMAINTENANCE,"UF - JONES, CODY","10122 PINE MOSS DR,HOUSTON,77040","3, ZONE",411J,5062b,CLOSED
180558,Tree Trim,2021-07-01 10:46 AM,Tree Trim Inspection,TREEMAINTENANCE,"BLANCHETTE, PETER","1001 BISSONNET ST,HOUSTON,77005","7, ZONE",493W,5356d,CLOSED
180559,Tree Trim,2021-07-01 10:52 AM,Tree Trim Inspection,TREEMAINTENANCE,"UF - JONES, CODY","LOS ANGELES ST & PARDEE ST,HOUSTON,77026","4, ZONE",454T,5459b,CLOSED
180560,Tree Trim,2021-07-01 10:56 AM,Tree Trim Inspection,TREEMAINTENANCE,"UF - POLOVTSEV, SERA","7100 SCHNEIDER ST,HOUSTON,77093","4, ZONE",453M,5460c,CLOSED
180562,Tree Removal,2021-07-01 01:23 PM,Tree Removal Inspection,TREEMAINTENANCE,"UF - JONES, CODY","328 E 39TH ST,HOUSTON,77018","3, ZONE",453N,5360c,CLOSED
180563,Tree Trim,2021-07-01 01:38 PM,Tree Trim Inspection,TREEMAINTENANCE,"BLANCHETTE, PETER","6218 TANAGER ST,HOUSTON,77074","7, ZONE",530R,5054d,CLOSED
180564,Tree Removal,2021-07-01 01:44 PM,Tree Removal Inspection,TREEMAINTENANCE,"UF - POLOVTSEV, SERA","4305 FLOYD ST,HOUSTON,77007","2, ZONE",492M,5357a,CLOSED
180565,Tree Trim,2021-07-01 02:15 PM,Tree Trim Inspection,TREEMAINTENANCE,"UF - POLOVTSEV, SERA","16026 EASTCAPE DR,HOUSTON,77598","5, ZONE",618S,5949d,CLOSED
180566,Tree Removal,2021-07-01 02:15 PM,Tree Removal Inspection,TREEMAINTENANCE,"UF - POLOVTSEV, SERA","1900 BAY AREA BLVD,HOUSTON,77058","5, ZONE",618L,6049a,CLOSED
180567,Tree Trim,2021-07-01 02:33 PM,Tree Trim Inspection,TREEMAINTENANCE,"UF - JONES, CODY","8012 JEFFERY ST,HOUSTON,77028","4, ZONE",455P,5660c,CLOSED
180568,Tree Trim,2021-07-01 03:06 PM,Tree Trim Inspection,TREEMAINTENANCE,"UF - POLOVTSEV, SERA","1919 SILVER ST,HOUSTON,77007","2, ZONE",493F,5358d,CLOSED
180572,Tree Stump Grinding,2021-07-01 04:21 PM,Tree Stump Inspection,TREEMAINTENANCE,"UF - POLOVTSEV, SERA","5322 MANDELL ST,HOUSTON,77005","7, ZONE",532D,5356c,CLOSED
180573,Tree Removal,2021-07-01 04:22 PM,Tree Removal Inspection,TREEMAINTENANCE,"BLANCHETTE, PETER","1109 W 21ST ST,HOUSTON,77008","3, ZONE",452U,5259d,CLOSED
180574,Tree Trim,2021-07-01 04:37 PM,Tree Trim Inspection,TREEMAINTENANCE,"UF - POLOVTSEV, SERA","LOVETT BLVD & WHITNEY ST,HOUSTON,77006","2, ZONE",493S,5356b,CLOSED
180575,Tree Trim,2021-07-01 06:01 PM,Tree Trim Inspection,TREEMAINTENANCE,"UF - POLOVTSEV, SERA","5030 MARY LOU DR,HOUSTON,77092","3, ZONE",451G,5160a,CLOSED
180576,Tree Trim,2021-07-02 12:36 AM,Tree Trim Inspection,TREEMAINTENANCE,"UF - POLOVTSEV, SERA","14439 E GLEN WILLOW RD,HOUSTON,77489","7, ZONE",570V,5051d,CLOSED
180579,Tree Trim,2021-07-02 07:18 AM,Tree Trim Inspection,TREEMAINTENANCE,"UF - POLOVTSEV, SERA",5502 ROLLINS ST,"3, ZONE",451D,77091,CLOSED
180580,Tree Removal,2021-07-02 08:03 AM,Tree Removal Inspection,TREEMAINTENANCE,"BLANCHETTE, PETER","5026 VAN FLEET ST,HOUSTON,77033","6, ZONE",533V,5454d,CLOSED
180581,Tree Trim,2021-07-02 08:18 AM,Tree Trim Inspection,TREEMAINTENANCE,"UF - POLOVTSEV, SERA","14502 WESTWAY LN,HOUSTON,77077","2, ZONE",488J,4757c,CLOSED
180582,Tree Removal,2021-07-02 08:55 AM,Tree Removal Inspection,TREEMAINTENANCE,"UF - JONES, CODY","920 LEAR ST,HOUSTON,77015","4, ZONE",497E,5858c,CLOSED
180583,Tree Trim,2021-07-02 08:58 AM,Tree Trim Inspection,TREEMAINTENANCE,"UF - POLOVTSEV, SERA","1300 CAPITOL ST,HOUSTON,77002","1, ZONE",493L,5457a,CLOSED
180584,Tree Trim,2021-07-02 09:10 AM,Tree Trim Inspection,TREEMAINTENANCE,"UF - POLOVTSEV, SERA",PEACH ST & TOPPING ST,"4, ZONE",454C,77093,CLOSED
180585,Tree Removal,2021-07-02 09:13 AM,Tree Removal Inspection,TREEMAINTENANCE,"UF - JONES, CODY","612 E 12TH ST,HOUSTON,77008","3, ZONE",453W,5358a,CLOSED
180586,Tree Trim,2021-07-02 09:28 AM,Tree Trim Inspection,TREEMAINTENANCE,"UF - POLOVTSEV, SERA","15906 RIDGEROE LN,HOUSTON,77053","7, ZONE",611D,5250c,CLOSED
180587,Tree Removal,2021-07-02 09:37 AM,Tree Removal Inspection,TREEMAINTENANCE,"UF - JONES, CODY","702 LE GREEN ST,HOUSTON,77008","3, ZONE",453W,5359c,CLOSED
180588,Tree Trim,2021-07-02 11:02 AM,Tree Trim Inspection,TREEMAINTENANCE,"UF - POLOVTSEV, SERA","1712 BAILEY ST,HOUSTON,77019","2, ZONE",493P,5357d,CLOSED
180589,Tree Removal,2021-07-02 11:04 AM,Tree Removal Inspection,TREEMAINTENANCE,"UF - JONES, CODY","8217 LOCKSLEY RD,HOUSTON,77078","4, ZONE",455B,5661a,CLOSED
180590,Tree Trim,2021-07-02 11:26 AM,Tree Trim Inspection,TREEMAINTENANCE,"UF - JONES, CODY","W MONTGOMERY RD & FERGUSON WAY,HOUSTON,77088","3, ZONE",412N,5262a,CLOSED
180591,Tree Trim,2021-07-02 11:53 AM,Tree Trim Inspection,TREEMAINTENANCE,"UF - POLOVTSEV, SERA","212 PARKVIEW ST,HOUSTON,77009","3, ZONE",493C,5358b,CLOSED
180592,Tree Trim,2021-07-02 11:56 AM,Tree Trim Inspection,TREEMAINTENANCE,"UF - POLOVTSEV, SERA","1327 HAWTHORNE ST,HOUSTON,77006","2, ZONE",493S,5356a,CLOSED
180593,Tree Trim,2021-07-02 12:29 PM,Tree Trim Inspection,TREEMAINTENANCE,"BLANCHETTE, PETER","7106 VALEVIEW DR,HOUSTON,77072","2, ZONE",528M,4854a,CLOSED
180594,Tree Trim,2021-07-02 12:56 PM,Tree Trim Inspection,TREEMAINTENANCE,"UF - POLOVTSEV, SERA",12826 COVEY LN,"2, ZONE",528V,77099,CLOSED
180595,Tree Removal,2021-07-02 01:11 PM,Tree Removal Inspection,TREEMAINTENANCE,"UF - POLOVTSEV, SERA","4900 BROOM ST,HOUSTON,77091","3, ZONE",451G,5160b,CLOSED
180596,Tree Trim,2021-07-02 01:26 PM,Tree Trim Inspection,TREEMAINTENANCE,"BLANCHETTE, PETER","2426 BEVIS ST, HOUSTON,77008","3, ZONE",452U,5259b,CLOSED
180597,Tree Removal,2021-07-02 01:56 PM,Tree Removal Inspection,TREEMAINTENANCE,"BLANCHETTE, PETER","7433 ERATH ST,HOUSTON,77023","5, ZONE",535A,5556d,CLOSED
180600,Tree Trim,2021-07-02 03:54 PM,Tree Trim Inspection,TREEMAINTENANCE,"UF - JONES, CODY","8426 DARLINGTON DR,HOUSTON,77028","4, ZONE",455L,5660a,CLOSED
180601,Tree Removal,2021-07-02 04:21 PM,Tree Removal Inspection,TREEMAINTENANCE,"UF - JONES, CODY","306 NORTH ST,HOUSTON,77009","4, ZONE",493C,5358b,CLOSED
180602,Tree Trim,2021-07-02 04:37 PM,Tree Trim Inspection,TREEMAINTENANCE,"UF - JONES, CODY","6602 LEWISTON ST,HOUSTON,77049","4, ZONE",456R,5760d,CLOSED
180603,Tree Removal,2021-07-02 05:09 PM,Tree Removal Inspection,TREEMAINTENANCE,"UF - POLOVTSEV, SERA","3420 MEADOW LAKE LN,HOUSTON,77027","2, ZONE",492P,5257d,CLOSED
180604,Tree Removal,2021-07-02 05:37 PM,Tree Removal Inspection,TREEMAINTENANCE,"UF - POLOVTSEV, SERA","DOGWOOD ST & HELMERS ST,HOUSTON,77022","4, ZONE",453Q,5460c,CLOSED
180605,Tree Trim,2021-07-02 06:01 PM,Tree Trim Inspection,TREEMAINTENANCE,"UF - POLOVTSEV, SERA","2401 DRISCOLL ST,HOUSTON,77019","2, ZONE",492V,5356a,CLOSED
180606,Tree Trim,2021-07-03 03:55 AM,Tree Trim Inspection,TREEMAINTENANCE,"BLANCHETTE, PETER","2800 S MACGREGOR WAY,HOUSTON,77021","6, ZONE",533F,5355b,CLOSED
180607,Tree Trim,2021-07-03 11:25 AM,Tree Trim Inspection,TREEMAINTENANCE,"UF - POLOVTSEV, SERA","1405 WRIGHTWOOD ST,HOUSTON,77009","3, ZONE",493C,5358d,CLOSED
180608,Tree Trim,2021-07-03 11:52 AM,Tree Trim Inspection,TREEMAINTENANCE,"UF - JONES, CODY","11230 HOMESTEAD RD,HOUSTON,77016","4, ZONE",415N,5562b,CLOSED
180609,Tree Trim,2021-07-03 12:13 PM,Tree Trim Inspection,TREEMAINTENANCE,"UF - POLOVTSEV, SERA","8507 MAIN ST,HOUSTON,77025","7, ZONE",532Q,5254b,CLOSED
180610,Tree Trim,2021-07-03 04:57 PM,Tree Trim Inspection,TREEMAINTENANCE,"UF - POLOVTSEV, SERA","9016 PEACHTREE ST,HOUSTON,77016","4, ZONE",454G,5561c,CLOSED
180611,Tree Trim,2021-07-03 05:12 PM,Tree Trim Inspection,TREEMAINTENANCE,"PATINO, ARNULFO","5025 GOLDEN FOREST DR,HOUSTON,77091","3, ZONE",451G,5160b,CLOSED
180612,Tree Trim,2021-07-03 05:17 PM,Tree Trim Inspection,TREEMAINTENANCE,"UF - POLOVTSEV, SERA",1902 BAUER DR,"3, ZONE",450U,77080,CLOSED
180613,Tree Trim,2021-07-03 05:21 PM,Tree Trim Inspection,TREEMAINTENANCE,"UF - POLOVTSEV, SERA",1750 ANTOINE DR,"3, ZONE",451T,77055,CLOSED
180614,Tree Removal,2021-07-03 08:50 PM,Tree Removal Inspection,TREEMAINTENANCE,"BLANCHETTE, PETER","2218 HARWELL DR,HOUSTON,77023","5, ZONE",534H,5555b,CLOSED
180615,Tree Removal,2021-07-03 08:50 PM,Tree Removal Inspection,TREEMAINTENANCE,"UF - JONES, CODY","2218 HARWELL DR,HOUSTON,77023","5, ZONE",534H,5555b,CLOSED
180616,Tree Removal,2021-07-03 08:56 PM,Tree Removal Inspection,TREEMAINTENANCE,"UF - JONES, CODY","2218 HARWELL DR,HOUSTON,77023","5, ZONE",534H,5555b,CLOSED
180617,Tree Removal,2021-07-03 08:56 PM,Tree Removal Inspection,TREEMAINTENANCE,"UF - JONES, CODY","2218 HARWELL DR,HOUSTON,77023","5, ZONE",534H,5555b,CLOSED
180618,Tree Removal,2021-07-03 09:01 PM,Tree Removal Inspection,TREEMAINTENANCE,"UF - JONES, CODY","2218 HARWELL DR,HOUSTON,77023","5, ZONE",534H,5555b,CLOSED
180619,Tree Removal,2021-07-03 09:02 PM,Tree Removal Inspection,TREEMAINTENANCE,"UF - JONES, CODY","2218 HARWELL DR,HOUSTON,77023","5, ZONE",534H,5555b,CLOSED
180620,Tree Removal,2021-07-03 09:07 PM,Tree Removal Inspection,TREEMAINTENANCE,"UF - JONES, CODY","2218 HARWELL DR,HOUSTON,77023","5, ZONE",534H,5555b,CLOSED
180621,Tree Removal,2021-07-03 09:08 PM,Tree Removal Inspection,TREEMAINTENANCE,"UF - JONES, CODY","2218 HARWELL DR,HOUSTON,77023","5, ZONE",534H,5555b,CLOSED
180622,Tree Removal,2021-07-03 09:13 PM,Tree Removal Inspection,TREEMAINTENANCE,"UF - JONES, CODY","2218 HARWELL DR,HOUSTON,77023","5, ZONE",534H,5555b,CLOSED
180623,Tree Removal,2021-07-03 09:14 PM,Tree Removal Inspection,TREEMAINTENANCE,"UF - JONES, CODY","2218 HARWELL DR,HOUSTON,77023","5, ZONE",534H,5555b,CLOSED
180624,Tree Removal,2021-07-03 09:19 PM,Tree Removal Inspection,TREEMAINTENANCE,"UF - JONES, CODY","2218 HARWELL DR,HOUSTON,77023","5, ZONE",534H,5555b,CLOSED
180625,Tree Removal,2021-07-03 09:20 PM,Tree Removal Inspection,TREEMAINTENANCE,"UF - JONES, CODY","2218 HARWELL DR,HOUSTON,77023","5, ZONE",534H,5555b,CLOSED
180626,Tree Removal,2021-07-03 09:27 PM,Tree Removal Inspection,TREEMAINTENANCE,"UF - JONES, CODY","2218 HARWELL DR,HOUSTON,77023","5, ZONE",534H,5555b,CLOSED
180627,Tree Removal,2021-07-03 09:27 PM,Tree Removal Inspection,TREEMAINTENANCE,"UF - JONES, CODY","2218 HARWELL DR,HOUSTON,77023","5, ZONE",534H,5555b,CLOSED
180628,Tree Removal,2021-07-03 09:32 PM,Tree Removal Inspection,TREEMAINTENANCE,"UF - JONES, CODY","2218 HARWELL DR,HOUSTON,77023","5, ZONE",534H,5555b,CLOSED
180629,Tree Removal,2021-07-03 09:33 PM,Tree Removal Inspection,TREEMAINTENANCE,"UF - JONES, CODY","2218 HARWELL DR,HOUSTON,77023","5, ZONE",534H,5555b,CLOSED
180630,Tree Removal,2021-07-03 09:38 PM,Tree Removal Inspection,TREEMAINTENANCE,"UF - JONES, CODY","2218 HARWELL DR,HOUSTON,77023","5, ZONE",534H,5555b,CLOSED
180631,Tree Removal,2021-07-03 09:39 PM,Tree Removal Inspection,TREEMAINTENANCE,"UF - JONES, CODY","2218 HARWELL DR,HOUSTON,77023","5, ZONE",534H,5555b,CLOSED
180632,Tree Removal,2021-07-03 09:45 PM,Tree Removal Inspection,TREEMAINTENANCE,"UF - JONES, CODY","2218 HARWELL DR,HOUSTON,77023","5, ZONE",534H,5555b,CLOSED
180633,Tree Removal,2021-07-03 09:45 PM,Tree Removal Inspection,TREEMAINTENANCE,"UF - JONES, CODY","2218 HARWELL DR,HOUSTON,77023","5, ZONE",534H,5555b,CLOSED
180634,Tree Removal,2021-07-03 09:50 PM,Tree Removal Inspection,TREEMAINTENANCE,"UF - JONES, CODY","2218 HARWELL DR,HOUSTON,77023","5, ZONE",534H,5555b,CLOSED
180635,Tree Removal,2021-07-03 09:51 PM,Tree Removal Inspection,TREEMAINTENANCE,"UF - JONES, CODY","2218 HARWELL DR,HOUSTON,77023","5, ZONE",534H,5555b,CLOSED
180636,Tree Removal,2021-07-03 09:57 PM,Tree Removal Inspection,TREEMAINTENANCE,"UF - JONES, CODY","2218 HARWELL DR,HOUSTON,77023","5, ZONE",534H,5555b,CLOSED
180637,Tree Removal,2021-07-03 09:57 PM,Tree Removal Inspection,TREEMAINTENANCE,"UF - JONES, CODY","2218 HARWELL DR,HOUSTON,77023","5, ZONE",534H,5555b,CLOSED
180638,Tree Removal,2021-07-03 10:03 PM,Tree Removal Inspection,TREEMAINTENANCE,"UF - JONES, CODY","2218 HARWELL DR,HOUSTON,77023","5, ZONE",534H,5555b,CLOSED
180639,Tree Removal,2021-07-03 10:03 PM,Tree Removal Inspection,TREEMAINTENANCE,"UF - JONES, CODY","2218 HARWELL DR,HOUSTON,77023","5, ZONE",534H,5555b,CLOSED
180640,Tree Removal,2021-07-03 10:09 PM,Tree Removal Inspection,TREEMAINTENANCE,"UF - JONES, CODY","2218 HARWELL DR,HOUSTON,77023","5, ZONE",534H,5555b,CLOSED
180641,Tree Removal,2021-07-03 10:09 PM,Tree Removal Inspection,TREEMAINTENANCE,"UF - JONES, CODY","2218 HARWELL DR,HOUSTON,77023","5, ZONE",534H,5555b,CLOSED
180642,Tree Removal,2021-07-03 10:15 PM,Tree Removal Inspection,TREEMAINTENANCE,"UF - JONES, CODY","2218 HARWELL DR,HOUSTON,77023","5, ZONE",534H,5555b,CLOSED
180643,Tree Removal,2021-07-03 10:15 PM,Tree Removal Inspection,TREEMAINTENANCE,"UF - JONES, CODY","2218 HARWELL DR,HOUSTON,77023","5, ZONE",534H,5555b,CLOSED
180644,Tree Removal,2021-07-03 10:21 PM,Tree Removal Inspection,TREEMAINTENANCE,"UF - JONES, CODY","2218 HARWELL DR,HOUSTON,77023","5, ZONE",534H,5555b,CLOSED
180645,Tree Removal,2021-07-03 10:21 PM,Tree Removal Inspection,TREEMAINTENANCE,"UF - JONES, CODY","2218 HARWELL DR,HOUSTON,77023","5, ZONE",534H,5555b,CLOSED
180646,Tree Removal,2021-07-03 10:27 PM,Tree Removal Inspection,TREEMAINTENANCE,"UF - JONES, CODY","2218 HARWELL DR,HOUSTON,77023","5, ZONE",534H,5555b,CLOSED
180647,Tree Removal,2021-07-03 10:27 PM,Tree Removal Inspection,TREEMAINTENANCE,"UF - JONES, CODY","2218 HARWELL DR,HOUSTON,77023","5, ZONE",534H,5555b,CLOSED
180648,Tree Removal,2021-07-03 10:33 PM,Tree Removal Inspection,TREEMAINTENANCE,"UF - JONES, CODY","2218 HARWELL DR,HOUSTON,77023","5, ZONE",534H,5555b,CLOSED
180649,Tree Removal,2021-07-03 10:33 PM,Tree Removal Inspection,TREEMAINTENANCE,"UF - JONES, CODY","2218 HARWELL DR,HOUSTON,77023","5, ZONE",534H,5555b,CLOSED
180650,Tree Removal,2021-07-03 10:39 PM,Tree Removal Inspection,TREEMAINTENANCE,"UF - JONES, CODY","2218 HARWELL DR,HOUSTON,77023","5, ZONE",534H,5555b,CLOSED
180651,Tree Removal,2021-07-03 10:39 PM,Tree Removal Inspection,TREEMAINTENANCE,"BLANCHETTE, PETER","2218 HARWELL DR,HOUSTON,77023","5, ZONE",534H,5555b,CLOSED
180652,Tree Removal,2021-07-03 10:47 PM,Tree Removal Inspection,TREEMAINTENANCE,"BLANCHETTE, PETER","2218 HARWELL DR,HOUSTON,77023","5, ZONE",534H,5555b,CLOSED
180653,Tree Removal,2021-07-03 10:48 PM,Tree Removal Inspection,TREEMAINTENANCE,"BLANCHETTE, PETER","2218 HARWELL DR,HOUSTON,77023","5, ZONE",534H,5555b,CLOSED
180654,Tree Removal,2021-07-03 10:51 PM,Tree Removal Inspection,TREEMAINTENANCE,"BLANCHETTE, PETER","2218 HARWELL DR,HOUSTON,77023","5, ZONE",534H,5555b,CLOSED
180655,Tree Removal,2021-07-03 10:51 PM,Tree Removal Inspection,TREEMAINTENANCE,"BLANCHETTE, PETER","2218 HARWELL DR,HOUSTON,77023","5, ZONE",534H,5555b,CLOSED
180656,Tree Removal,2021-07-03 10:57 PM,Tree Removal Inspection,TREEMAINTENANCE,"BLANCHETTE, PETER","2218 HARWELL DR,HOUSTON,77023","5, ZONE",534H,5555b,CLOSED
180657,Tree Removal,2021-07-03 10:58 PM,Tree Removal Inspection,TREEMAINTENANCE,"BLANCHETTE, PETER","2218 HARWELL DR,HOUSTON,77023","5, ZONE",534H,5555b,CLOSED
180658,Tree Removal,2021-07-03 11:04 PM,Tree Removal Inspection,TREEMAINTENANCE,"BLANCHETTE, PETER","2218 HARWELL DR,HOUSTON,77023","5, ZONE",534H,5555b,CLOSED
180659,Tree Removal,2021-07-03 11:05 PM,Tree Removal Inspection,TREEMAINTENANCE,"BLANCHETTE, PETER","2218 HARWELL DR,HOUSTON,77023","5, ZONE",534H,5555b,CLOSED
180660,Tree Removal,2021-07-03 11:09 PM,Tree Removal Inspection,TREEMAINTENANCE,"BLANCHETTE, PETER","2218 HARWELL DR,HOUSTON,77023","5, ZONE",534H,5555b,CLOSED
180661,Tree Removal,2021-07-03 11:10 PM,Tree Removal Inspection,TREEMAINTENANCE,"BLANCHETTE, PETER","2218 HARWELL DR,HOUSTON,77023","5, ZONE",534H,5555b,CLOSED
180662,Tree Removal,2021-07-03 11:17 PM,Tree Removal Inspection,TREEMAINTENANCE,"BLANCHETTE, PETER","2218 HARWELL DR,HOUSTON,77023","5, ZONE",534H,5555b,CLOSED
180663,Tree Removal,2021-07-03 11:17 PM,Tree Removal Inspection,TREEMAINTENANCE,"BLANCHETTE, PETER","2218 HARWELL DR,HOUSTON,77023","5, ZONE",534H,5555b,CLOSED
180664,Tree Removal,2021-07-03 11:21 PM,Tree Removal Inspection,TREEMAINTENANCE,"BLANCHETTE, PETER","2218 HARWELL DR,HOUSTON,77023","5, ZONE",534H,5555b,CLOSED
180665,Tree Removal,2021-07-03 11:21 PM,Tree Removal Inspection,TREEMAINTENANCE,"BLANCHETTE, PETER","2218 HARWELL DR,HOUSTON,77023","5, ZONE",534H,5555b,CLOSED
180666,Tree Removal,2021-07-03 11:27 PM,Tree Removal Inspection,TREEMAINTENANCE,"BLANCHETTE, PETER","2218 HARWELL DR,HOUSTON,77023","5, ZONE",534H,5555b,CLOSED
180667,Tree Removal,2021-07-03 11:28 PM,Tree Removal Inspection,TREEMAINTENANCE,"BLANCHETTE, PETER","2218 HARWELL DR,HOUSTON,77023","5, ZONE",534H,5555b,CLOSED
180668,Tree Removal,2021-07-03 11:33 PM,Tree Removal Inspection,TREEMAINTENANCE,"BLANCHETTE, PETER","2218 HARWELL DR,HOUSTON,77023","5, ZONE",534H,5555b,CLOSED
180669,Tree Removal,2021-07-03 11:33 PM,Tree Removal Inspection,TREEMAINTENANCE,"BLANCHETTE, PETER","2218 HARWELL DR,HOUSTON,77023","5, ZONE",534H,5555b,CLOSED
180670,Tree Removal,2021-07-03 11:39 PM,Tree Removal Inspection,TREEMAINTENANCE,"BLANCHETTE, PETER","2218 HARWELL DR,HOUSTON,77023","5, ZONE",534H,5555b,CLOSED
180671,Tree Removal,2021-07-03 11:39 PM,Tree Removal Inspection,TREEMAINTENANCE,"BLANCHETTE, PETER","2218 HARWELL DR,HOUSTON,77023","5, ZONE",534H,5555b,CLOSED
180672,Tree Removal,2021-07-03 11:46 PM,Tree Removal Inspection,TREEMAINTENANCE,"BLANCHETTE, PETER","2218 HARWELL DR,HOUSTON,77023","5, ZONE",534H,5555b,CLOSED
180673,Tree Removal,2021-07-03 11:47 PM,Tree Removal Inspection,TREEMAINTENANCE,"BLANCHETTE, PETER","2218 HARWELL DR,HOUSTON,77023","5, ZONE",534H,5555b,CLOSED
180674,Tree Removal,2021-07-03 11:51 PM,Tree Removal Inspection,TREEMAINTENANCE,"BLANCHETTE, PETER","2218 HARWELL DR,HOUSTON,77023","5, ZONE",534H,5555b,CLOSED
180675,Tree Removal,2021-07-03 11:52 PM,Tree Removal Inspection,TREEMAINTENANCE,"BLANCHETTE, PETER","2218 HARWELL DR,HOUSTON,77023","5, ZONE",534H,5555b,CLOSED
180676,Tree Removal,2021-07-03 11:57 PM,Tree Removal Inspection,TREEMAINTENANCE,"BLANCHETTE, PETER","2218 HARWELL DR,HOUSTON,77023","5, ZONE",534H,5555b,CLOSED
180677,Tree Removal,2021-07-03 11:57 PM,Tree Removal Inspection,TREEMAINTENANCE,"BLANCHETTE, PETER","2218 HARWELL DR,HOUSTON,77023","5, ZONE",534H,5555b,CLOSED
180678,Tree Removal,2021-07-04 12:03 AM,Tree Removal Inspection,TREEMAINTENANCE,"BLANCHETTE, PETER","2218 HARWELL DR,HOUSTON,77023","5, ZONE",534H,5555b,CLOSED
180679,Tree Removal,2021-07-04 12:04 AM,Tree Removal Inspection,TREEMAINTENANCE,"BLANCHETTE, PETER","2218 HARWELL DR,HOUSTON,77023","5, ZONE",534H,5555b,CLOSED
180680,Tree Removal,2021-07-04 12:09 AM,Tree Removal Inspection,TREEMAINTENANCE,"BLANCHETTE, PETER","2218 HARWELL DR,HOUSTON,77023","5, ZONE",534H,5555b,CLOSED
180681,Tree Removal,2021-07-04 12:10 AM,Tree Removal Inspection,TREEMAINTENANCE,"BLANCHETTE, PETER","2218 HARWELL DR,HOUSTON,77023","5, ZONE",534H,5555b,CLOSED
180682,Tree Removal,2021-07-04 12:15 AM,Tree Removal Inspection,TREEMAINTENANCE,"BLANCHETTE, PETER","2218 HARWELL DR,HOUSTON,77023","5, ZONE",534H,5555b,CLOSED
180683,Tree Removal,2021-07-04 12:16 AM,Tree Removal Inspection,TREEMAINTENANCE,"BLANCHETTE, PETER","2218 HARWELL DR,HOUSTON,77023","5, ZONE",534H,5555b,CLOSED
180684,Tree Removal,2021-07-04 12:21 AM,Tree Removal Inspection,TREEMAINTENANCE,"BLANCHETTE, PETER","2218 HARWELL DR,HOUSTON,77023","5, ZONE",534H,5555b,CLOSED
180685,Tree Removal,2021-07-04 12:22 AM,Tree Removal Inspection,TREEMAINTENANCE,"BLANCHETTE, PETER","2218 HARWELL DR,HOUSTON,77023","5, ZONE",534H,5555b,CLOSED
180686,Tree Removal,2021-07-04 12:27 AM,Tree Removal Inspection,TREEMAINTENANCE,"BLANCHETTE, PETER","2218 HARWELL DR,HOUSTON,77023","5, ZONE",534H,5555b,CLOSED
180687,Tree Removal,2021-07-04 12:28 AM,Tree Removal Inspection,TREEMAINTENANCE,"BLANCHETTE, PETER","2218 HARWELL DR,HOUSTON,77023","5, ZONE",534H,5555b,CLOSED
180688,Tree Removal,2021-07-04 12:33 AM,Tree Removal Inspection,TREEMAINTENANCE,"BLANCHETTE, PETER","2218 HARWELL DR,HOUSTON,77023","5, ZONE",534H,5555b,CLOSED
180689,Tree Removal,2021-07-04 12:34 AM,Tree Removal Inspection,TREEMAINTENANCE,"BLANCHETTE, PETER","2218 HARWELL DR,HOUSTON,77023","5, ZONE",534H,5555b,CLOSED
180690,Tree Removal,2021-07-04 12:39 AM,Tree Removal Inspection,TREEMAINTENANCE,"BLANCHETTE, PETER","2218 HARWELL DR,HOUSTON,77023","5, ZONE",534H,5555b,CLOSED
180691,Tree Removal,2021-07-04 12:40 AM,Tree Removal Inspection,TREEMAINTENANCE,"BLANCHETTE, PETER","2218 HARWELL DR,HOUSTON,77023","5, ZONE",534H,5555b,CLOSED
180692,Tree Removal,2021-07-04 12:45 AM,Tree Removal Inspection,TREEMAINTENANCE,"BLANCHETTE, PETER","2218 HARWELL DR,HOUSTON,77023","5, ZONE",534H,5555b,CLOSED
180693,Tree Removal,2021-07-04 12:46 AM,Tree Removal Inspection,TREEMAINTENANCE,"BLANCHETTE, PETER","2218 HARWELL DR,HOUSTON,77023","5, ZONE",534H,5555b,CLOSED
180694,Tree Removal,2021-07-04 12:52 AM,Tree Removal Inspection,TREEMAINTENANCE,"BLANCHETTE, PETER","2218 HARWELL DR,HOUSTON,77023","5, ZONE",534H,5555b,CLOSED
180695,Tree Removal,2021-07-04 12:53 AM,Tree Removal Inspection,TREEMAINTENANCE,"BLANCHETTE, PETER","2218 HARWELL DR,HOUSTON,77023","5, ZONE",534H,5555b,CLOSED
180696,Tree Removal,2021-07-04 12:58 AM,Tree Removal Inspection,TREEMAINTENANCE,"BLANCHETTE, PETER","2218 HARWELL DR,HOUSTON,77023","5, ZONE",534H,5555b,CLOSED
180697,Tree Removal,2021-07-04 12:58 AM,Tree Removal Inspection,TREEMAINTENANCE,"BLANCHETTE, PETER","2218 HARWELL DR,HOUSTON,77023","5, ZONE",534H,5555b,CLOSED
180698,Tree Removal,2021-07-04 01:03 AM,Tree Removal Inspection,TREEMAINTENANCE,"BLANCHETTE, PETER","2218 HARWELL DR,HOUSTON,77023","5, ZONE",534H,5555b,CLOSED
180699,Tree Removal,2021-07-04 01:04 AM,Tree Removal Inspection,TREEMAINTENANCE,"BLANCHETTE, PETER","2218 HARWELL DR,HOUSTON,77023","5, ZONE",534H,5555b,CLOSED
180700,Tree Removal,2021-07-04 01:09 AM,Tree Removal Inspection,TREEMAINTENANCE,"BLANCHETTE, PETER","2218 HARWELL DR,HOUSTON,77023","5, ZONE",534H,5555b,CLOSED
180701,Tree Removal,2021-07-04 01:10 AM,Tree Removal Inspection,TREEMAINTENANCE,"BLANCHETTE, PETER","2218 HARWELL DR,HOUSTON,77023","5, ZONE",534H,5555b,CLOSED
180702,Tree Removal,2021-07-04 01:15 AM,Tree Removal Inspection,TREEMAINTENANCE,"BLANCHETTE, PETER","2218 HARWELL DR,HOUSTON,77023","5, ZONE",534H,5555b,CLOSED
180703,Tree Removal,2021-07-04 01:16 AM,Tree Removal Inspection,TREEMAINTENANCE,"BLANCHETTE, PETER","2218 HARWELL DR,HOUSTON,77023","5, ZONE",534H,5555b,CLOSED
180704,Tree Removal,2021-07-04 01:21 AM,Tree Removal Inspection,TREEMAINTENANCE,"BLANCHETTE, PETER","2218 HARWELL DR,HOUSTON,77023","5, ZONE",534H,5555b,CLOSED
180705,Tree Removal,2021-07-04 01:22 AM,Tree Removal Inspection,TREEMAINTENANCE,"BLANCHETTE, PETER","2218 HARWELL DR,HOUSTON,77023","5, ZONE",534H,5555b,CLOSED
180706,Tree Removal,2021-07-04 01:27 AM,Tree Removal Inspection,TREEMAINTENANCE,"BLANCHETTE, PETER","2218 HARWELL DR,HOUSTON,77023","5, ZONE",534H,5555b,CLOSED
180707,Tree Removal,2021-07-04 01:28 AM,Tree Removal Inspection,TREEMAINTENANCE,"BLANCHETTE, PETER","2218 HARWELL DR,HOUSTON,77023","5, ZONE",534H,5555b,CLOSED
180708,Tree Removal,2021-07-04 01:33 AM,Tree Removal Inspection,TREEMAINTENANCE,"BLANCHETTE, PETER","2218 HARWELL DR,HOUSTON,77023","5, ZONE",534H,5555b,CLOSED
180709,Tree Removal,2021-07-04 01:34 AM,Tree Removal Inspection,TREEMAINTENANCE,"BLANCHETTE, PETER","2218 HARWELL DR,HOUSTON,77023","5, ZONE",534H,5555b,CLOSED
180710,Tree Removal,2021-07-04 01:40 AM,Tree Removal Inspection,TREEMAINTENANCE,"BLANCHETTE, PETER","2218 HARWELL DR,HOUSTON,77023","5, ZONE",534H,5555b,CLOSED
180711,Tree Removal,2021-07-04 01:40 AM,Tree Removal Inspection,TREEMAINTENANCE,"BLANCHETTE, PETER","2218 HARWELL DR,HOUSTON,77023","5, ZONE",534H,5555b,CLOSED
180712,Tree Removal,2021-07-04 01:46 AM,Tree Removal Inspection,TREEMAINTENANCE,"BLANCHETTE, PETER","2218 HARWELL DR,HOUSTON,77023","5, ZONE",534H,5555b,CLOSED
180713,Tree Removal,2021-07-04 01:46 AM,Tree Removal Inspection,TREEMAINTENANCE,"BLANCHETTE, PETER","2218 HARWELL DR,HOUSTON,77023","5, ZONE",534H,5555b,CLOSED
180714,Tree Removal,2021-07-04 01:52 AM,Tree Removal Inspection,TREEMAINTENANCE,"BLANCHETTE, PETER","2218 HARWELL DR,HOUSTON,77023","5, ZONE",534H,5555b,CLOSED
180715,Tree Removal,2021-07-04 01:52 AM,Tree Removal Inspection,TREEMAINTENANCE,"BLANCHETTE, PETER","2218 HARWELL DR,HOUSTON,77023","5, ZONE",534H,5555b,CLOSED
180716,Tree Removal,2021-07-04 01:58 AM,Tree Removal Inspection,TREEMAINTENANCE,"BLANCHETTE, PETER","2218 HARWELL DR,HOUSTON,77023","5, ZONE",534H,5555b,CLOSED
180717,Tree Removal,2021-07-04 01:58 AM,Tree Removal Inspection,TREEMAINTENANCE,"BLANCHETTE, PETER","2218 HARWELL DR,HOUSTON,77023","5, ZONE",534H,5555b,CLOSED
180718,Tree Removal,2021-07-04 02:04 AM,Tree Removal Inspection,TREEMAINTENANCE,"BLANCHETTE, PETER","2218 HARWELL DR,HOUSTON,77023","5, ZONE",534H,5555b,CLOSED
180719,Tree Removal,2021-07-04 02:04 AM,Tree Removal Inspection,TREEMAINTENANCE,"BLANCHETTE, PETER","2218 HARWELL DR,HOUSTON,77023","5, ZONE",534H,5555b,CLOSED
180720,Tree Removal,2021-07-04 02:10 AM,Tree Removal Inspection,TREEMAINTENANCE,"BLANCHETTE, PETER","2218 HARWELL DR,HOUSTON,77023","5, ZONE",534H,5555b,CLOSED
180721,Tree Removal,2021-07-04 02:11 AM,Tree Removal Inspection,TREEMAINTENANCE,"BLANCHETTE, PETER","2218 HARWELL DR,HOUSTON,77023","5, ZONE",534H,5555b,CLOSED
180722,Tree Removal,2021-07-04 02:16 AM,Tree Removal Inspection,TREEMAINTENANCE,"BLANCHETTE, PETER","2218 HARWELL DR,HOUSTON,77023","5, ZONE",534H,5555b,CLOSED
180723,Tree Removal,2021-07-04 02:16 AM,Tree Removal Inspection,TREEMAINTENANCE,"BLANCHETTE, PETER","2218 HARWELL DR,HOUSTON,77023","5, ZONE",534H,5555b,CLOSED
180724,Tree Removal,2021-07-04 02:22 AM,Tree Removal Inspection,TREEMAINTENANCE,"BLANCHETTE, PETER","2218 HARWELL DR,HOUSTON,77023","5, ZONE",534H,5555b,CLOSED
180725,Tree Removal,2021-07-04 02:22 AM,Tree Removal Inspection,TREEMAINTENANCE,"BLANCHETTE, PETER","2218 HARWELL DR,HOUSTON,77023","5, ZONE",534H,5555b,CLOSED
180726,Tree Removal,2021-07-04 02:28 AM,Tree Removal Inspection,TREEMAINTENANCE,"BLANCHETTE, PETER","2218 HARWELL DR,HOUSTON,77023","5, ZONE",534H,5555b,CLOSED
180727,Tree Removal,2021-07-04 02:28 AM,Tree Removal Inspection,TREEMAINTENANCE,"BLANCHETTE, PETER","2218 HARWELL DR,HOUSTON,77023","5, ZONE",534H,5555b,CLOSED
180728,Tree Removal,2021-07-04 02:34 AM,Tree Removal Inspection,TREEMAINTENANCE,"BLANCHETTE, PETER","2218 HARWELL DR,HOUSTON,77023","5, ZONE",534H,5555b,CLOSED
180729,Tree Removal,2021-07-04 02:34 AM,Tree Removal Inspection,TREEMAINTENANCE,"BLANCHETTE, PETER","2218 HARWELL DR,HOUSTON,77023","5, ZONE",534H,5555b,CLOSED
180730,Tree Removal,2021-07-04 02:40 AM,Tree Removal Inspection,TREEMAINTENANCE,"BLANCHETTE, PETER","2218 HARWELL DR,HOUSTON,77023","5, ZONE",534H,5555b,CLOSED
180731,Tree Removal,2021-07-04 02:40 AM,Tree Removal Inspection,TREEMAINTENANCE,"BLANCHETTE, PETER","2218 HARWELL DR,HOUSTON,77023","5, ZONE",534H,5555b,CLOSED
180732,Tree Removal,2021-07-04 02:46 AM,Tree Removal Inspection,TREEMAINTENANCE,"BLANCHETTE, PETER","2218 HARWELL DR,HOUSTON,77023","5, ZONE",534H,5555b,CLOSED
180733,Tree Removal,2021-07-04 02:46 AM,Tree Removal Inspection,TREEMAINTENANCE,"BLANCHETTE, PETER","2218 HARWELL DR,HOUSTON,77023","5, ZONE",534H,5555b,CLOSED
180734,Tree Removal,2021-07-04 02:52 AM,Tree Removal Inspection,TREEMAINTENANCE,"BLANCHETTE, PETER","2218 HARWELL DR,HOUSTON,77023","5, ZONE",534H,5555b,CLOSED
180735,Tree Removal,2021-07-04 02:52 AM,Tree Removal Inspection,TREEMAINTENANCE,"BLANCHETTE, PETER","2218 HARWELL DR,HOUSTON,77023","5, ZONE",534H,5555b,CLOSED
180736,Tree Removal,2021-07-04 02:58 AM,Tree Removal Inspection,TREEMAINTENANCE,"BLANCHETTE, PETER","2218 HARWELL DR,HOUSTON,77023","5, ZONE",534H,5555b,CLOSED
180737,Tree Removal,2021-07-04 02:58 AM,Tree Removal Inspection,TREEMAINTENANCE,"BLANCHETTE, PETER","2218 HARWELL DR,HOUSTON,77023","5, ZONE",534H,5555b,CLOSED
180738,Tree Removal,2021-07-04 03:04 AM,Tree Removal Inspection,TREEMAINTENANCE,"BLANCHETTE, PETER","2218 HARWELL DR,HOUSTON,77023","5, ZONE",534H,5555b,CLOSED
180739,Tree Removal,2021-07-04 03:05 AM,Tree Removal Inspection,TREEMAINTENANCE,"BLANCHETTE, PETER","2218 HARWELL DR,HOUSTON,77023","5, ZONE",534H,5555b,CLOSED
180740,Tree Removal,2021-07-04 03:10 AM,Tree Removal Inspection,TREEMAINTENANCE,"BLANCHETTE, PETER","2218 HARWELL DR,HOUSTON,77023","5, ZONE",534H,5555b,CLOSED
180741,Tree Removal,2021-07-04 03:10 AM,Tree Removal Inspection,TREEMAINTENANCE,"BLANCHETTE, PETER","2218 HARWELL DR,HOUSTON,77023","5, ZONE",534H,5555b,CLOSED
180742,Tree Removal,2021-07-04 03:16 AM,Tree Removal Inspection,TREEMAINTENANCE,"BLANCHETTE, PETER","2218 HARWELL DR,HOUSTON,77023","5, ZONE",534H,5555b,CLOSED
180743,Tree Removal,2021-07-04 03:16 AM,Tree Removal Inspection,TREEMAINTENANCE,"BLANCHETTE, PETER","2218 HARWELL DR,HOUSTON,77023","5, ZONE",534H,5555b,CLOSED
180744,Tree Removal,2021-07-04 03:22 AM,Tree Removal Inspection,TREEMAINTENANCE,"BLANCHETTE, PETER","2218 HARWELL DR,HOUSTON,77023","5, ZONE",534H,5555b,CLOSED
180745,Tree Removal,2021-07-04 03:23 AM,Tree Removal Inspection,TREEMAINTENANCE,"BLANCHETTE, PETER","2218 HARWELL DR,HOUSTON,77023","5, ZONE",534H,5555b,CLOSED
180746,Tree Removal,2021-07-04 03:28 AM,Tree Removal Inspection,TREEMAINTENANCE,"BLANCHETTE, PETER","2218 HARWELL DR,HOUSTON,77023","5, ZONE",534H,5555b,CLOSED
180747,Tree Removal,2021-07-04 03:28 AM,Tree Removal Inspection,TREEMAINTENANCE,"BLANCHETTE, PETER","2218 HARWELL DR,HOUSTON,77023","5, ZONE",534H,5555b,CLOSED
180748,Tree Removal,2021-07-04 03:34 AM,Tree Removal Inspection,TREEMAINTENANCE,"BLANCHETTE, PETER","2218 HARWELL DR,HOUSTON,77023","5, ZONE",534H,5555b,CLOSED
180749,Tree Removal,2021-07-04 03:34 AM,Tree Removal Inspection,TREEMAINTENANCE,"BLANCHETTE, PETER","2218 HARWELL DR,HOUSTON,77023","5, ZONE",534H,5555b,CLOSED
180750,Tree Removal,2021-07-04 03:40 AM,Tree Removal Inspection,TREEMAINTENANCE,"BLANCHETTE, PETER","2218 HARWELL DR,HOUSTON,77023","5, ZONE",534H,5555b,CLOSED
180751,Tree Removal,2021-07-04 03:41 AM,Tree Removal Inspection,TREEMAINTENANCE,"BLANCHETTE, PETER","2218 HARWELL DR,HOUSTON,77023","5, ZONE",534H,5555b,CLOSED
180752,Tree Removal,2021-07-04 03:46 AM,Tree Removal Inspection,TREEMAINTENANCE,"BLANCHETTE, PETER","2218 HARWELL DR,HOUSTON,77023","5, ZONE",534H,5555b,CLOSED
180753,Tree Removal,2021-07-04 03:47 AM,Tree Removal Inspection,TREEMAINTENANCE,"BLANCHETTE, PETER","2218 HARWELL DR,HOUSTON,77023","5, ZONE",534H,5555b,CLOSED
180754,Tree Removal,2021-07-04 03:52 AM,Tree Removal Inspection,TREEMAINTENANCE,"BLANCHETTE, PETER","2218 HARWELL DR,HOUSTON,77023","5, ZONE",534H,5555b,CLOSED
180755,Tree Removal,2021-07-04 03:52 AM,Tree Removal Inspection,TREEMAINTENANCE,"BLANCHETTE, PETER","2218 HARWELL DR,HOUSTON,77023","5, ZONE",534H,5555b,CLOSED
180756,Tree Removal,2021-07-04 03:58 AM,Tree Removal Inspection,TREEMAINTENANCE,"BLANCHETTE, PETER","2218 HARWELL DR,HOUSTON,77023","5, ZONE",534H,5555b,CLOSED
180757,Tree Removal,2021-07-04 03:58 AM,Tree Removal Inspection,TREEMAINTENANCE,"BLANCHETTE, PETER","2218 HARWELL DR,HOUSTON,77023","5, ZONE",534H,5555b,CLOSED
180758,Tree Removal,2021-07-04 04:04 AM,Tree Removal Inspection,TREEMAINTENANCE,"BLANCHETTE, PETER","2218 HARWELL DR,HOUSTON,77023","5, ZONE",534H,5555b,CLOSED
180759,Tree Removal,2021-07-04 04:05 AM,Tree Removal Inspection,TREEMAINTENANCE,"BLANCHETTE, PETER","2218 HARWELL DR,HOUSTON,77023","5, ZONE",534H,5555b,CLOSED
180760,Tree Removal,2021-07-04 04:11 AM,Tree Removal Inspection,TREEMAINTENANCE,"BLANCHETTE, PETER","2218 HARWELL DR,HOUSTON,77023","5, ZONE",534H,5555b,CLOSED
180761,Tree Removal,2021-07-04 04:12 AM,Tree Removal Inspection,TREEMAINTENANCE,"BLANCHETTE, PETER","2218 HARWELL DR,HOUSTON,77023","5, ZONE",534H,5555b,CLOSED
180762,Tree Removal,2021-07-04 04:17 AM,Tree Removal Inspection,TREEMAINTENANCE,"BLANCHETTE, PETER","2218 HARWELL DR,HOUSTON,77023","5, ZONE",534H,5555b,CLOSED
180763,Tree Removal,2021-07-04 04:18 AM,Tree Removal Inspection,TREEMAINTENANCE,"BLANCHETTE, PETER","2218 HARWELL DR,HOUSTON,77023","5, ZONE",534H,5555b,CLOSED
180764,Tree Removal,2021-07-04 04:24 AM,Tree Removal Inspection,TREEMAINTENANCE,"BLANCHETTE, PETER","2218 HARWELL DR,HOUSTON,77023","5, ZONE",534H,5555b,CLOSED
180765,Tree Removal,2021-07-04 04:25 AM,Tree Removal Inspection,TREEMAINTENANCE,"BLANCHETTE, PETER","2218 HARWELL DR,HOUSTON,77023","5, ZONE",534H,5555b,CLOSED
180766,Tree Removal,2021-07-04 04:29 AM,Tree Removal Inspection,TREEMAINTENANCE,"BLANCHETTE, PETER","2218 HARWELL DR,HOUSTON,77023","5, ZONE",534H,5555b,CLOSED
180767,Tree Removal,2021-07-04 04:29 AM,Tree Removal Inspection,TREEMAINTENANCE,"BLANCHETTE, PETER","2218 HARWELL DR,HOUSTON,77023","5, ZONE",534H,5555b,CLOSED
180768,Tree Removal,2021-07-04 04:34 AM,Tree Removal Inspection,TREEMAINTENANCE,"BLANCHETTE, PETER","2218 HARWELL DR,HOUSTON,77023","5, ZONE",534H,5555b,CLOSED
180769,Tree Removal,2021-07-04 04:35 AM,Tree Removal Inspection,TREEMAINTENANCE,"BLANCHETTE, PETER","2218 HARWELL DR,HOUSTON,77023","5, ZONE",534H,5555b,CLOSED
180770,Tree Removal,2021-07-04 04:40 AM,Tree Removal Inspection,TREEMAINTENANCE,"BLANCHETTE, PETER","2218 HARWELL DR,HOUSTON,77023","5, ZONE",534H,5555b,CLOSED
180771,Tree Removal,2021-07-04 04:41 AM,Tree Removal Inspection,TREEMAINTENANCE,"BLANCHETTE, PETER","2218 HARWELL DR,HOUSTON,77023","5, ZONE",534H,5555b,CLOSED
180772,Tree Removal,2021-07-04 04:46 AM,Tree Removal Inspection,TREEMAINTENANCE,"BLANCHETTE, PETER","2218 HARWELL DR,HOUSTON,77023","5, ZONE",534H,5555b,CLOSED
180773,Tree Removal,2021-07-04 04:47 AM,Tree Removal Inspection,TREEMAINTENANCE,"BLANCHETTE, PETER","2218 HARWELL DR,HOUSTON,77023","5, ZONE",534H,5555b,CLOSED
180774,Tree Removal,2021-07-04 04:52 AM,Tree Removal Inspection,TREEMAINTENANCE,"BLANCHETTE, PETER","2218 HARWELL DR,HOUSTON,77023","5, ZONE",534H,5555b,CLOSED
180775,Tree Removal,2021-07-04 04:53 AM,Tree Removal Inspection,TREEMAINTENANCE,"BLANCHETTE, PETER","2218 HARWELL DR,HOUSTON,77023","5, ZONE",534H,5555b,CLOSED
180776,Tree Removal,2021-07-04 04:58 AM,Tree Removal Inspection,TREEMAINTENANCE,"BLANCHETTE, PETER","2218 HARWELL DR,HOUSTON,77023","5, ZONE",534H,5555b,CLOSED
180777,Tree Removal,2021-07-04 04:59 AM,Tree Removal Inspection,TREEMAINTENANCE,"BLANCHETTE, PETER","2218 HARWELL DR,HOUSTON,77023","5, ZONE",534H,5555b,CLOSED
180778,Tree Removal,2021-07-04 05:04 AM,Tree Removal Inspection,TREEMAINTENANCE,"BLANCHETTE, PETER","2218 HARWELL DR,HOUSTON,77023","5, ZONE",534H,5555b,CLOSED
180779,Tree Removal,2021-07-04 05:05 AM,Tree Removal Inspection,TREEMAINTENANCE,"BLANCHETTE, PETER","2218 HARWELL DR,HOUSTON,77023","5, ZONE",534H,5555b,CLOSED
180780,Tree Removal,2021-07-04 05:12 AM,Tree Removal Inspection,TREEMAINTENANCE,"BLANCHETTE, PETER","2218 HARWELL DR,HOUSTON,77023","5, ZONE",534H,5555b,CLOSED
180781,Tree Removal,2021-07-04 05:12 AM,Tree Removal Inspection,TREEMAINTENANCE,"BLANCHETTE, PETER","2218 HARWELL DR,HOUSTON,77023","5, ZONE",534H,5555b,CLOSED
180782,Tree Removal,2021-07-04 05:18 AM,Tree Removal Inspection,TREEMAINTENANCE,"BLANCHETTE, PETER","2218 HARWELL DR,HOUSTON,77023","5, ZONE",534H,5555b,CLOSED
180783,Tree Removal,2021-07-04 05:18 AM,Tree Removal Inspection,TREEMAINTENANCE,"BLANCHETTE, PETER","2218 HARWELL DR,HOUSTON,77023","5, ZONE",534H,5555b,CLOSED
180784,Tree Removal,2021-07-04 05:24 AM,Tree Removal Inspection,TREEMAINTENANCE,"BLANCHETTE, PETER","2218 HARWELL DR,HOUSTON,77023","5, ZONE",534H,5555b,CLOSED
180785,Tree Removal,2021-07-04 05:24 AM,Tree Removal Inspection,TREEMAINTENANCE,"BLANCHETTE, PETER","2218 HARWELL DR,HOUSTON,77023","5, ZONE",534H,5555b,CLOSED
180786,Tree Removal,2021-07-04 05:30 AM,Tree Removal Inspection,TREEMAINTENANCE,"BLANCHETTE, PETER","2218 HARWELL DR,HOUSTON,77023","5, ZONE",534H,5555b,CLOSED
180787,Tree Removal,2021-07-04 05:30 AM,Tree Removal Inspection,TREEMAINTENANCE,"BLANCHETTE, PETER","2218 HARWELL DR,HOUSTON,77023","5, ZONE",534H,5555b,CLOSED
180788,Tree Removal,2021-07-04 05:37 AM,Tree Removal Inspection,TREEMAINTENANCE,"BLANCHETTE, PETER","2218 HARWELL DR,HOUSTON,77023","5, ZONE",534H,5555b,CLOSED
180789,Tree Removal,2021-07-04 05:37 AM,Tree Removal Inspection,TREEMAINTENANCE,"BLANCHETTE, PETER","2218 HARWELL DR,HOUSTON,77023","5, ZONE",534H,5555b,CLOSED
180790,Tree Removal,2021-07-04 05:43 AM,Tree Removal Inspection,TREEMAINTENANCE,"BLANCHETTE, PETER","2218 HARWELL DR,HOUSTON,77023","5, ZONE",534H,5555b,CLOSED
180791,Tree Removal,2021-07-04 05:43 AM,Tree Removal Inspection,TREEMAINTENANCE,"BLANCHETTE, PETER","2218 HARWELL DR,HOUSTON,77023","5, ZONE",534H,5555b,CLOSED
180792,Tree Removal,2021-07-04 05:48 AM,Tree Removal Inspection,TREEMAINTENANCE,"BLANCHETTE, PETER","2218 HARWELL DR,HOUSTON,77023","5, ZONE",534H,5555b,CLOSED
180793,Tree Removal,2021-07-04 05:49 AM,Tree Removal Inspection,TREEMAINTENANCE,"BLANCHETTE, PETER","2218 HARWELL DR,HOUSTON,77023","5, ZONE",534H,5555b,CLOSED
180794,Tree Removal,2021-07-04 05:54 AM,Tree Removal Inspection,TREEMAINTENANCE,"BLANCHETTE, PETER","2218 HARWELL DR,HOUSTON,77023","5, ZONE",534H,5555b,CLOSED
180795,Tree Removal,2021-07-04 05:54 AM,Tree Removal Inspection,TREEMAINTENANCE,"BLANCHETTE, PETER","2218 HARWELL DR,HOUSTON,77023","5, ZONE",534H,5555b,CLOSED
180796,Tree Removal,2021-07-04 06:00 AM,Tree Removal Inspection,TREEMAINTENANCE,"BLANCHETTE, PETER","2218 HARWELL DR,HOUSTON,77023","5, ZONE",534H,5555b,CLOSED
180797,Tree Removal,2021-07-04 06:00 AM,Tree Removal Inspection,TREEMAINTENANCE,"BLANCHETTE, PETER","2218 HARWELL DR,HOUSTON,77023","5, ZONE",534H,5555b,CLOSED
180798,Tree Removal,2021-07-04 06:06 AM,Tree Removal Inspection,TREEMAINTENANCE,"BLANCHETTE, PETER","2218 HARWELL DR,HOUSTON,77023","5, ZONE",534H,5555b,CLOSED
180799,Tree Removal,2021-07-04 06:06 AM,Tree Removal Inspection,TREEMAINTENANCE,"BLANCHETTE, PETER","2218 HARWELL DR,HOUSTON,77023","5, ZONE",534H,5555b,CLOSED
180800,Tree Removal,2021-07-04 06:12 AM,Tree Removal Inspection,TREEMAINTENANCE,"BLANCHETTE, PETER","2218 HARWELL DR,HOUSTON,77023","5, ZONE",534H,5555b,CLOSED
180801,Tree Removal,2021-07-04 06:12 AM,Tree Removal Inspection,TREEMAINTENANCE,"BLANCHETTE, PETER","2218 HARWELL DR,HOUSTON,77023","5, ZONE",534H,5555b,CLOSED
180802,Tree Removal,2021-07-04 06:18 AM,Tree Removal Inspection,TREEMAINTENANCE,"BLANCHETTE, PETER","2218 HARWELL DR,HOUSTON,77023","5, ZONE",534H,5555b,CLOSED
180803,Tree Removal,2021-07-04 06:18 AM,Tree Removal Inspection,TREEMAINTENANCE,"BLANCHETTE, PETER","2218 HARWELL DR,HOUSTON,77023","5, ZONE",534H,5555b,CLOSED
180804,Tree Removal,2021-07-04 06:24 AM,Tree Removal Inspection,TREEMAINTENANCE,"BLANCHETTE, PETER","2218 HARWELL DR,HOUSTON,77023","5, ZONE",534H,5555b,CLOSED
180805,Tree Removal,2021-07-04 06:24 AM,Tree Removal Inspection,TREEMAINTENANCE,"BLANCHETTE, PETER","2218 HARWELL DR,HOUSTON,77023","5, ZONE",534H,5555b,CLOSED
180806,Tree Removal,2021-07-04 06:30 AM,Tree Removal Inspection,TREEMAINTENANCE,"BLANCHETTE, PETER","2218 HARWELL DR,HOUSTON,77023","5, ZONE",534H,5555b,CLOSED
180807,Tree Removal,2021-07-04 06:30 AM,Tree Removal Inspection,TREEMAINTENANCE,"BLANCHETTE, PETER","2218 HARWELL DR,HOUSTON,77023","5, ZONE",534H,5555b,CLOSED
180808,Tree Removal,2021-07-04 06:36 AM,Tree Removal Inspection,TREEMAINTENANCE,"BLANCHETTE, PETER","2218 HARWELL DR,HOUSTON,77023","5, ZONE",534H,5555b,CLOSED
180809,Tree Removal,2021-07-04 06:36 AM,Tree Removal Inspection,TREEMAINTENANCE,"BLANCHETTE, PETER","2218 HARWELL DR,HOUSTON,77023","5, ZONE",534H,5555b,CLOSED
180810,Tree Removal,2021-07-04 06:42 AM,Tree Removal Inspection,TREEMAINTENANCE,"BLANCHETTE, PETER","2218 HARWELL DR,HOUSTON,77023","5, ZONE",534H,5555b,CLOSED
180811,Tree Removal,2021-07-04 06:42 AM,Tree Removal Inspection,TREEMAINTENANCE,"BLANCHETTE, PETER","2218 HARWELL DR,HOUSTON,77023","5, ZONE",534H,5555b,CLOSED
180812,Tree Removal,2021-07-04 06:48 AM,Tree Removal Inspection,TREEMAINTENANCE,"BLANCHETTE, PETER","2218 HARWELL DR,HOUSTON,77023","5, ZONE",534H,5555b,CLOSED
180813,Tree Removal,2021-07-04 06:49 AM,Tree Removal Inspection,TREEMAINTENANCE,"BLANCHETTE, PETER","2218 HARWELL DR,HOUSTON,77023","5, ZONE",534H,5555b,CLOSED
180814,Tree Removal,2021-07-04 06:54 AM,Tree Removal Inspection,TREEMAINTENANCE,"BLANCHETTE, PETER","2218 HARWELL DR,HOUSTON,77023","5, ZONE",534H,5555b,CLOSED
180815,Tree Removal,2021-07-04 06:55 AM,Tree Removal Inspection,TREEMAINTENANCE,"BLANCHETTE, PETER","2218 HARWELL DR,HOUSTON,77023","5, ZONE",534H,5555b,CLOSED
180816,Tree Removal,2021-07-04 07:00 AM,Tree Removal Inspection,TREEMAINTENANCE,"BLANCHETTE, PETER","2218 HARWELL DR,HOUSTON,77023","5, ZONE",534H,5555b,CLOSED
180817,Tree Removal,2021-07-04 07:01 AM,Tree Removal Inspection,TREEMAINTENANCE,"BLANCHETTE, PETER","2218 HARWELL DR,HOUSTON,77023","5, ZONE",534H,5555b,CLOSED
180818,Tree Removal,2021-07-04 07:06 AM,Tree Removal Inspection,TREEMAINTENANCE,"BLANCHETTE, PETER","2218 HARWELL DR,HOUSTON,77023","5, ZONE",534H,5555b,CLOSED
180819,Tree Removal,2021-07-04 07:07 AM,Tree Removal Inspection,TREEMAINTENANCE,"BLANCHETTE, PETER","2218 HARWELL DR,HOUSTON,77023","5, ZONE",534H,5555b,CLOSED
180820,Tree Removal,2021-07-04 07:13 AM,Tree Removal Inspection,TREEMAINTENANCE,"BLANCHETTE, PETER","2218 HARWELL DR,HOUSTON,77023","5, ZONE",534H,5555b,CLOSED
180821,Tree Removal,2021-07-04 07:13 AM,Tree Removal Inspection,TREEMAINTENANCE,"BLANCHETTE, PETER","2218 HARWELL DR,HOUSTON,77023","5, ZONE",534H,5555b,CLOSED
180822,Tree Removal,2021-07-04 07:18 AM,Tree Removal Inspection,TREEMAINTENANCE,"BLANCHETTE, PETER","2218 HARWELL DR,HOUSTON,77023","5, ZONE",534H,5555b,CLOSED
180823,Tree Removal,2021-07-04 07:19 AM,Tree Removal Inspection,TREEMAINTENANCE,"BLANCHETTE, PETER","2218 HARWELL DR,HOUSTON,77023","5, ZONE",534H,5555b,CLOSED
180824,Tree Removal,2021-07-04 07:24 AM,Tree Removal Inspection,TREEMAINTENANCE,"BLANCHETTE, PETER","2218 HARWELL DR,HOUSTON,77023","5, ZONE",534H,5555b,CLOSED
180825,Tree Removal,2021-07-04 07:25 AM,Tree Removal Inspection,TREEMAINTENANCE,"BLANCHETTE, PETER","2218 HARWELL DR,HOUSTON,77023","5, ZONE",534H,5555b,CLOSED
180826,Tree Removal,2021-07-04 07:31 AM,Tree Removal Inspection,TREEMAINTENANCE,"BLANCHETTE, PETER","2218 HARWELL DR,HOUSTON,77023","5, ZONE",534H,5555b,CLOSED
180827,Tree Removal,2021-07-04 07:31 AM,Tree Removal Inspection,TREEMAINTENANCE,"BLANCHETTE, PETER","2218 HARWELL DR,HOUSTON,77023","5, ZONE",534H,5555b,CLOSED
180828,Tree Removal,2021-07-04 07:37 AM,Tree Removal Inspection,TREEMAINTENANCE,"BLANCHETTE, PETER","2218 HARWELL DR,HOUSTON,77023","5, ZONE",534H,5555b,CLOSED
180829,Tree Removal,2021-07-04 07:37 AM,Tree Removal Inspection,TREEMAINTENANCE,"BLANCHETTE, PETER","2218 HARWELL DR,HOUSTON,77023","5, ZONE",534H,5555b,CLOSED
180830,Tree Removal,2021-07-04 07:42 AM,Tree Removal Inspection,TREEMAINTENANCE,"BLANCHETTE, PETER","2218 HARWELL DR,HOUSTON,77023","5, ZONE",534H,5555b,CLOSED
180831,Tree Removal,2021-07-04 07:43 AM,Tree Removal Inspection,TREEMAINTENANCE,"BLANCHETTE, PETER","2218 HARWELL DR,HOUSTON,77023","5, ZONE",534H,5555b,CLOSED
180832,Tree Removal,2021-07-04 07:48 AM,Tree Removal Inspection,TREEMAINTENANCE,"BLANCHETTE, PETER","2218 HARWELL DR,HOUSTON,77023","5, ZONE",534H,5555b,CLOSED
180833,Tree Removal,2021-07-04 07:49 AM,Tree Removal Inspection,TREEMAINTENANCE,"BLANCHETTE, PETER","2218 HARWELL DR,HOUSTON,77023","5, ZONE",534H,5555b,CLOSED
180834,Tree Removal,2021-07-04 07:54 AM,Tree Removal Inspection,TREEMAINTENANCE,"BLANCHETTE, PETER","2218 HARWELL DR,HOUSTON,77023","5, ZONE",534H,5555b,CLOSED
180835,Tree Removal,2021-07-04 07:55 AM,Tree Removal Inspection,TREEMAINTENANCE,"BLANCHETTE, PETER","2218 HARWELL DR,HOUSTON,77023","5, ZONE",534H,5555b,CLOSED
180836,Tree Removal,2021-07-04 08:00 AM,Tree Removal Inspection,TREEMAINTENANCE,"BLANCHETTE, PETER","2218 HARWELL DR,HOUSTON,77023","5, ZONE",534H,5555b,CLOSED
180837,Tree Removal,2021-07-04 08:01 AM,Tree Removal Inspection,TREEMAINTENANCE,"BLANCHETTE, PETER","2218 HARWELL DR,HOUSTON,77023","5, ZONE",534H,5555b,CLOSED
180838,Tree Removal,2021-07-04 08:06 AM,Tree Removal Inspection,TREEMAINTENANCE,"BLANCHETTE, PETER","2218 HARWELL DR,HOUSTON,77023","5, ZONE",534H,5555b,CLOSED
180839,Tree Removal,2021-07-04 08:07 AM,Tree Removal Inspection,TREEMAINTENANCE,"BLANCHETTE, PETER","2218 HARWELL DR,HOUSTON,77023","5, ZONE",534H,5555b,CLOSED
180840,Tree Removal,2021-07-04 08:12 AM,Tree Removal Inspection,TREEMAINTENANCE,"BLANCHETTE, PETER","2218 HARWELL DR,HOUSTON,77023","5, ZONE",534H,5555b,CLOSED
180841,Tree Removal,2021-07-04 08:13 AM,Tree Removal Inspection,TREEMAINTENANCE,"BLANCHETTE, PETER","2218 HARWELL DR,HOUSTON,77023","5, ZONE",534H,5555b,CLOSED
180842,Tree Removal,2021-07-04 08:19 AM,Tree Removal Inspection,TREEMAINTENANCE,"BLANCHETTE, PETER","2218 HARWELL DR,HOUSTON,77023","5, ZONE",534H,5555b,CLOSED
180843,Tree Removal,2021-07-04 08:20 AM,Tree Removal Inspection,TREEMAINTENANCE,"BLANCHETTE, PETER","2218 HARWELL DR,HOUSTON,77023","5, ZONE",534H,5555b,CLOSED
180844,Tree Removal,2021-07-04 08:25 AM,Tree Removal Inspection,TREEMAINTENANCE,"BLANCHETTE, PETER","2218 HARWELL DR,HOUSTON,77023","5, ZONE",534H,5555b,CLOSED
180845,Tree Removal,2021-07-04 08:26 AM,Tree Removal Inspection,TREEMAINTENANCE,"BLANCHETTE, PETER","2218 HARWELL DR,HOUSTON,77023","5, ZONE",534H,5555b,CLOSED
180846,Tree Removal,2021-07-04 08:30 AM,Tree Removal Inspection,TREEMAINTENANCE,"BLANCHETTE, PETER","2218 HARWELL DR,HOUSTON,77023","5, ZONE",534H,5555b,CLOSED
180847,Tree Removal,2021-07-04 08:31 AM,Tree Removal Inspection,TREEMAINTENANCE,"BLANCHETTE, PETER","2218 HARWELL DR,HOUSTON,77023","5, ZONE",534H,5555b,CLOSED
180848,Tree Removal,2021-07-04 08:37 AM,Tree Removal Inspection,TREEMAINTENANCE,"BLANCHETTE, PETER","2218 HARWELL DR,HOUSTON,77023","5, ZONE",534H,5555b,CLOSED
180849,Tree Removal,2021-07-04 08:38 AM,Tree Removal Inspection,TREEMAINTENANCE,"BLANCHETTE, PETER","2218 HARWELL DR,HOUSTON,77023","5, ZONE",534H,5555b,CLOSED
180850,Tree Removal,2021-07-04 08:42 AM,Tree Removal Inspection,TREEMAINTENANCE,"BLANCHETTE, PETER","2218 HARWELL DR,HOUSTON,77023","5, ZONE",534H,5555b,CLOSED
180851,Tree Removal,2021-07-04 08:43 AM,Tree Removal Inspection,TREEMAINTENANCE,"BLANCHETTE, PETER","2218 HARWELL DR,HOUSTON,77023","5, ZONE",534H,5555b,CLOSED
180852,Tree Removal,2021-07-04 08:48 AM,Tree Removal Inspection,TREEMAINTENANCE,"BLANCHETTE, PETER","2218 HARWELL DR,HOUSTON,77023","5, ZONE",534H,5555b,CLOSED
180853,Tree Removal,2021-07-04 08:49 AM,Tree Removal Inspection,TREEMAINTENANCE,"BLANCHETTE, PETER","2218 HARWELL DR,HOUSTON,77023","5, ZONE",534H,5555b,CLOSED
180854,Tree Removal,2021-07-04 08:55 AM,Tree Removal Inspection,TREEMAINTENANCE,"BLANCHETTE, PETER","2218 HARWELL DR,HOUSTON,77023","5, ZONE",534H,5555b,CLOSED
180855,Tree Removal,2021-07-04 08:55 AM,Tree Removal Inspection,TREEMAINTENANCE,"BLANCHETTE, PETER","2218 HARWELL DR,HOUSTON,77023","5, ZONE",534H,5555b,CLOSED
180856,Tree Removal,2021-07-04 09:01 AM,Tree Removal Inspection,TREEMAINTENANCE,"BLANCHETTE, PETER","2218 HARWELL DR,HOUSTON,77023","5, ZONE",534H,5555b,CLOSED
180857,Tree Removal,2021-07-04 09:01 AM,Tree Removal Inspection,TREEMAINTENANCE,"BLANCHETTE, PETER","2218 HARWELL DR,HOUSTON,77023","5, ZONE",534H,5555b,CLOSED
180858,Tree Removal,2021-07-04 09:07 AM,Tree Removal Inspection,TREEMAINTENANCE,"BLANCHETTE, PETER","2218 HARWELL DR,HOUSTON,77023","5, ZONE",534H,5555b,CLOSED
180859,Tree Removal,2021-07-04 09:07 AM,Tree Removal Inspection,TREEMAINTENANCE,"BLANCHETTE, PETER","2218 HARWELL DR,HOUSTON,77023","5, ZONE",534H,5555b,CLOSED
180860,Tree Removal,2021-07-04 09:14 AM,Tree Removal Inspection,TREEMAINTENANCE,"BLANCHETTE, PETER","2218 HARWELL DR,HOUSTON,77023","5, ZONE",534H,5555b,CLOSED
180861,Tree Removal,2021-07-04 09:14 AM,Tree Removal Inspection,TREEMAINTENANCE,"BLANCHETTE, PETER","2218 HARWELL DR,HOUSTON,77023","5, ZONE",534H,5555b,CLOSED
180862,Tree Removal,2021-07-04 09:19 AM,Tree Removal Inspection,TREEMAINTENANCE,"BLANCHETTE, PETER","2218 HARWELL DR,HOUSTON,77023","5, ZONE",534H,5555b,CLOSED
180863,Tree Removal,2021-07-04 09:20 AM,Tree Removal Inspection,TREEMAINTENANCE,"BLANCHETTE, PETER","2218 HARWELL DR,HOUSTON,77023","5, ZONE",534H,5555b,CLOSED
180864,Tree Removal,2021-07-04 09:25 AM,Tree Removal Inspection,TREEMAINTENANCE,"BLANCHETTE, PETER","2218 HARWELL DR,HOUSTON,77023","5, ZONE",534H,5555b,CLOSED
180865,Tree Removal,2021-07-04 09:26 AM,Tree Removal Inspection,TREEMAINTENANCE,"BLANCHETTE, PETER","2218 HARWELL DR,HOUSTON,77023","5, ZONE",534H,5555b,CLOSED
180866,Tree Removal,2021-07-04 09:32 AM,Tree Removal Inspection,TREEMAINTENANCE,"BLANCHETTE, PETER","2218 HARWELL DR,HOUSTON,77023","5, ZONE",534H,5555b,CLOSED
180867,Tree Removal,2021-07-04 09:32 AM,Tree Removal Inspection,TREEMAINTENANCE,"BLANCHETTE, PETER","2218 HARWELL DR,HOUSTON,77023","5, ZONE",534H,5555b,CLOSED
180868,Tree Removal,2021-07-04 09:37 AM,Tree Removal Inspection,TREEMAINTENANCE,"BLANCHETTE, PETER","2218 HARWELL DR,HOUSTON,77023","5, ZONE",534H,5555b,CLOSED
180869,Tree Removal,2021-07-04 09:38 AM,Tree Removal Inspection,TREEMAINTENANCE,"BLANCHETTE, PETER","2218 HARWELL DR,HOUSTON,77023","5, ZONE",534H,5555b,CLOSED
180870,Tree Removal,2021-07-04 09:43 AM,Tree Removal Inspection,TREEMAINTENANCE,"BLANCHETTE, PETER","2218 HARWELL DR,HOUSTON,77023","5, ZONE",534H,5555b,CLOSED
180871,Tree Removal,2021-07-04 09:44 AM,Tree Removal Inspection,TREEMAINTENANCE,"BLANCHETTE, PETER","2218 HARWELL DR,HOUSTON,77023","5, ZONE",534H,5555b,CLOSED
180872,Tree Removal,2021-07-04 09:50 AM,Tree Removal Inspection,TREEMAINTENANCE,"BLANCHETTE, PETER","2218 HARWELL DR,HOUSTON,77023","5, ZONE",534H,5555b,CLOSED
180873,Tree Removal,2021-07-04 09:50 AM,Tree Removal Inspection,TREEMAINTENANCE,"BLANCHETTE, PETER","2218 HARWELL DR,HOUSTON,77023","5, ZONE",534H,5555b,CLOSED
180874,Tree Removal,2021-07-04 09:56 AM,Tree Removal Inspection,TREEMAINTENANCE,"BLANCHETTE, PETER","2218 HARWELL DR,HOUSTON,77023","5, ZONE",534H,5555b,CLOSED
180875,Tree Removal,2021-07-04 09:57 AM,Tree Removal Inspection,TREEMAINTENANCE,"BLANCHETTE, PETER","2218 HARWELL DR,HOUSTON,77023","5, ZONE",534H,5555b,CLOSED
180876,Tree Removal,2021-07-04 10:02 AM,Tree Removal Inspection,TREEMAINTENANCE,"BLANCHETTE, PETER","2218 HARWELL DR,HOUSTON,77023","5, ZONE",534H,5555b,CLOSED
180877,Tree Removal,2021-07-04 10:03 AM,Tree Removal Inspection,TREEMAINTENANCE,"BLANCHETTE, PETER","2218 HARWELL DR,HOUSTON,77023","5, ZONE",534H,5555b,CLOSED
180878,Tree Removal,2021-07-04 10:09 AM,Tree Removal Inspection,TREEMAINTENANCE,"BLANCHETTE, PETER","2218 HARWELL DR,HOUSTON,77023","5, ZONE",534H,5555b,CLOSED
180879,Tree Removal,2021-07-04 10:09 AM,Tree Removal Inspection,TREEMAINTENANCE,"BLANCHETTE, PETER","2218 HARWELL DR,HOUSTON,77023","5, ZONE",534H,5555b,CLOSED
180880,Tree Removal,2021-07-04 10:16 AM,Tree Removal Inspection,TREEMAINTENANCE,"BLANCHETTE, PETER","2218 HARWELL DR,HOUSTON,77023","5, ZONE",534H,5555b,CLOSED
180881,Tree Removal,2021-07-04 10:17 AM,Tree Removal Inspection,TREEMAINTENANCE,"BLANCHETTE, PETER","2218 HARWELL DR,HOUSTON,77023","5, ZONE",534H,5555b,CLOSED
180882,Tree Removal,2021-07-04 10:23 AM,Tree Removal Inspection,TREEMAINTENANCE,"BLANCHETTE, PETER","2218 HARWELL DR,HOUSTON,77023","5, ZONE",534H,5555b,CLOSED
180883,Tree Removal,2021-07-04 10:23 AM,Tree Removal Inspection,TREEMAINTENANCE,"BLANCHETTE, PETER","2218 HARWELL DR,HOUSTON,77023","5, ZONE",534H,5555b,CLOSED
180884,Tree Removal,2021-07-04 10:28 AM,Tree Removal Inspection,TREEMAINTENANCE,"BLANCHETTE, PETER","2218 HARWELL DR,HOUSTON,77023","5, ZONE",534H,5555b,CLOSED
180885,Tree Removal,2021-07-04 10:29 AM,Tree Removal Inspection,TREEMAINTENANCE,"BLANCHETTE, PETER","2218 HARWELL DR,HOUSTON,77023","5, ZONE",534H,5555b,CLOSED
180886,Tree Removal,2021-07-04 10:36 AM,Tree Removal Inspection,TREEMAINTENANCE,"BLANCHETTE, PETER","2218 HARWELL DR,HOUSTON,77023","5, ZONE",534H,5555b,CLOSED
180887,Tree Removal,2021-07-04 10:37 AM,Tree Removal Inspection,TREEMAINTENANCE,"BLANCHETTE, PETER","2218 HARWELL DR,HOUSTON,77023","5, ZONE",534H,5555b,CLOSED
180888,Tree Removal,2021-07-04 10:42 AM,Tree Removal Inspection,TREEMAINTENANCE,"BLANCHETTE, PETER","2218 HARWELL DR,HOUSTON,77023","5, ZONE",534H,5555b,CLOSED
180889,Tree Removal,2021-07-04 10:42 AM,Tree Removal Inspection,TREEMAINTENANCE,"BLANCHETTE, PETER","2218 HARWELL DR,HOUSTON,77023","5, ZONE",534H,5555b,CLOSED
180890,Tree Removal,2021-07-04 10:50 AM,Tree Removal Inspection,TREEMAINTENANCE,"BLANCHETTE, PETER","2218 HARWELL DR,HOUSTON,77023","5, ZONE",534H,5555b,CLOSED
180891,Tree Removal,2021-07-04 10:50 AM,Tree Removal Inspection,TREEMAINTENANCE,"BLANCHETTE, PETER","2218 HARWELL DR,HOUSTON,77023","5, ZONE",534H,5555b,CLOSED
180892,Tree Removal,2021-07-04 10:58 AM,Tree Removal Inspection,TREEMAINTENANCE,"BLANCHETTE, PETER","2218 HARWELL DR,HOUSTON,77023","5, ZONE",534H,5555b,CLOSED
180893,Tree Removal,2021-07-04 10:59 AM,Tree Removal Inspection,TREEMAINTENANCE,"BLANCHETTE, PETER","2218 HARWELL DR,HOUSTON,77023","5, ZONE",534H,5555b,CLOSED
180894,Tree Removal,2021-07-04 11:05 AM,Tree Removal Inspection,TREEMAINTENANCE,"BLANCHETTE, PETER","2218 HARWELL DR,HOUSTON,77023","5, ZONE",534H,5555b,CLOSED
180895,Tree Removal,2021-07-04 11:05 AM,Tree Removal Inspection,TREEMAINTENANCE,"BLANCHETTE, PETER","2218 HARWELL DR,HOUSTON,77023","5, ZONE",534H,5555b,CLOSED
180896,Tree Removal,2021-07-04 11:10 AM,Tree Removal Inspection,TREEMAINTENANCE,"BLANCHETTE, PETER","2218 HARWELL DR,HOUSTON,77023","5, ZONE",534H,5555b,CLOSED
180897,Tree Removal,2021-07-04 11:11 AM,Tree Removal Inspection,TREEMAINTENANCE,"BLANCHETTE, PETER","2218 HARWELL DR,HOUSTON,77023","5, ZONE",534H,5555b,CLOSED
180898,Tree Removal,2021-07-04 11:18 AM,Tree Removal Inspection,TREEMAINTENANCE,"BLANCHETTE, PETER","2218 HARWELL DR,HOUSTON,77023","5, ZONE",534H,5555b,CLOSED
180899,Tree Removal,2021-07-04 11:18 AM,Tree Removal Inspection,TREEMAINTENANCE,"BLANCHETTE, PETER","2218 HARWELL DR,HOUSTON,77023","5, ZONE",534H,5555b,CLOSED
180900,Tree Removal,2021-07-04 11:20 AM,Tree Removal Inspection,TREEMAINTENANCE,"BLANCHETTE, PETER","7200 BRACE ST,HOUSTON,77061","6, ZONE",574D,5553d,CLOSED
180901,Tree Removal,2021-07-04 11:20 AM,Tree Removal Inspection,TREEMAINTENANCE,"BLANCHETTE, PETER","7200 BRACE ST,HOUSTON,77061","6, ZONE",574D,5553d,CLOSED
180902,Tree Removal,2021-07-04 11:24 AM,Tree Removal Inspection,TREEMAINTENANCE,"BLANCHETTE, PETER","2218 HARWELL DR,HOUSTON,77023","5, ZONE",534H,5555b,CLOSED
180903,Tree Removal,2021-07-04 11:24 AM,Tree Removal Inspection,TREEMAINTENANCE,"BLANCHETTE, PETER","2218 HARWELL DR,HOUSTON,77023","5, ZONE",534H,5555b,CLOSED
180904,Tree Removal,2021-07-04 11:26 AM,Tree Removal Inspection,TREEMAINTENANCE,"BLANCHETTE, PETER","7200 BRACE ST,HOUSTON,77061","6, ZONE",574D,5553d,CLOSED
180905,Tree Removal,2021-07-04 11:26 AM,Tree Removal Inspection,TREEMAINTENANCE,"BLANCHETTE, PETER","7200 BRACE ST,HOUSTON,77061","6, ZONE",574D,5553d,CLOSED
180906,Tree Removal,2021-07-04 11:29 AM,Tree Removal Inspection,TREEMAINTENANCE,"BLANCHETTE, PETER","2218 HARWELL DR,HOUSTON,77023","5, ZONE",534H,5555b,CLOSED
180907,Tree Removal,2021-07-04 11:30 AM,Tree Removal Inspection,TREEMAINTENANCE,"BLANCHETTE, PETER","2218 HARWELL DR,HOUSTON,77023","5, ZONE",534H,5555b,CLOSED
180908,Tree Removal,2021-07-04 11:33 AM,Tree Removal Inspection,TREEMAINTENANCE,"BLANCHETTE, PETER","7200 BRACE ST,HOUSTON,77061","6, ZONE",574D,5553d,CLOSED
180909,Tree Removal,2021-07-04 11:34 AM,Tree Removal Inspection,TREEMAINTENANCE,"BLANCHETTE, PETER","7200 BRACE ST,HOUSTON,77061","6, ZONE",574D,5553d,CLOSED
180910,Tree Removal,2021-07-04 11:37 AM,Tree Removal Inspection,TREEMAINTENANCE,"BLANCHETTE, PETER","2218 HARWELL DR,HOUSTON,77023","5, ZONE",534H,5555b,CLOSED
180911,Tree Removal,2021-07-04 11:37 AM,Tree Removal Inspection,TREEMAINTENANCE,"BLANCHETTE, PETER","2218 HARWELL DR,HOUSTON,77023","5, ZONE",534H,5555b,CLOSED
180912,Tree Removal,2021-07-04 11:42 AM,Tree Removal Inspection,TREEMAINTENANCE,"BLANCHETTE, PETER","7200 BRACE ST,HOUSTON,77061","6, ZONE",574D,5553d,CLOSED
180913,Tree Removal,2021-07-04 11:43 AM,Tree Removal Inspection,TREEMAINTENANCE,"BLANCHETTE, PETER","7200 BRACE ST,HOUSTON,77061","6, ZONE",574D,5553d,CLOSED
180914,Tree Removal,2021-07-04 11:45 AM,Tree Removal Inspection,TREEMAINTENANCE,"BLANCHETTE, PETER","2218 HARWELL DR,HOUSTON,77023","5, ZONE",534H,5555b,CLOSED
180915,Tree Removal,2021-07-04 11:46 AM,Tree Removal Inspection,TREEMAINTENANCE,"BLANCHETTE, PETER","2218 HARWELL DR,HOUSTON,77023","5, ZONE",534H,5555b,CLOSED
180916,Tree Removal,2021-07-04 11:48 AM,Tree Removal Inspection,TREEMAINTENANCE,"BLANCHETTE, PETER","7200 BRACE ST,HOUSTON,77061","6, ZONE",574D,5553d,CLOSED
180917,Tree Removal,2021-07-04 11:48 AM,Tree Removal Inspection,TREEMAINTENANCE,"BLANCHETTE, PETER","7200 BRACE ST,HOUSTON,77061","6, ZONE",574D,5553d,CLOSED
180918,Tree Removal,2021-07-04 01:18 PM,Tree Removal Inspection,TREEMAINTENANCE,"UF - POLOVTSEV, SERA","9834 CAMAY DR,HOUSTON,77016","4, ZONE",454D,5561a,CLOSED
180919,Tree Trim,2021-07-04 03:03 PM,Tree Trim Inspection,TREEMAINTENANCE,"UF - POLOVTSEV, SERA","5010 WAYCROSS ST,HOUSTON,77035","7, ZONE",531Y,5153b,CLOSED
180920,Tree Code Violation,2021-07-04 03:38 PM,Tree Code Violation Inspection,TREEPROTECTION,"UF - POLOVTSEV, SERA","FAIRMONT ST & FONMEADOW DR,HOUSTON,77035","7, ZONE",570H,5052d,CLOSED
180921,Tree Removal,2021-07-04 03:42 PM,Tree Removal Inspection,TREEMAINTENANCE,"BLANCHETTE, PETER","7200 BRACE ST,HOUSTON,77061","6, ZONE",574D,5553d,CLOSED
180922,Tree Removal,2021-07-04 03:47 PM,Tree Removal Inspection,TREEMAINTENANCE,,"2218 HARWELL DR,HOUSTON,77023","5, ZONE",534H,5555b,CLOSED
180923,Tree Trim,2021-07-04 04:07 PM,Tree Trim Inspection,TREEMAINTENANCE,"BLANCHETTE, PETER","FREEDONIA DR & OLATHE ST,HOUSTON,77055","3, ZONE",450Y,5059c,CLOSED
180924,Tree Removal,2021-07-05 08:00 AM,Tree Removal Inspection,TREEMAINTENANCE,"UF - JONES, CODY","7426 MAPLE TREE DR,HOUSTON,77088","3, ZONE",411U,5162c,CLOSED
180925,Tree Trim,2021-07-05 09:16 AM,Tree Trim Inspection,TREEMAINTENANCE,"UF - POLOVTSEV, SERA","11914 PEPPERDINE LN,HOUSTON,77071","7, ZONE",570C,5052b,CLOSED
180927,Tree Removal,2021-07-05 10:25 AM,Tree Removal Inspection,TREEMAINTENANCE,"BLANCHETTE, PETER","7048 EVANS ST,HOUSTON,77061","6, ZONE",574D,5553d,CLOSED
180928,Tree Trim,2021-07-05 02:30 PM,Tree Trim Inspection,TREEMAINTENANCE,"UF - JONES, CODY","4830 WERNER ST,HOUSTON,77022","3, ZONE",453E,5360a,CLOSED
180929,Tree Trim,2021-07-05 04:49 PM,Tree Trim Inspection,TREEMAINTENANCE,"BLANCHETTE, PETER","6755 RIDGEWAY DR,HOUSTON,77087","6, ZONE",534Z,5553b,CLOSED
180930,Tree Removal,2021-07-05 05:54 PM,Tree Removal Inspection,TREEMAINTENANCE,"UF - POLOVTSEV, SERA",6119 MCKINSTRY BLVD,"7, ZONE",571P,77085,CLOSED
180931,Tree Removal,2021-07-05 05:54 PM,Tree Removal Inspection,TREEMAINTENANCE,"BLANCHETTE, PETER","6119 MCKINSTRY BLVD,HOUSTON,77085",,571P      ,5151b,CLOSED
180933,Tree Trim,2021-07-06 08:33 AM,Tree Trim Inspection,TREEMAINTENANCE,"UF - JONES, CODY","4000 CAPLIN ST,HOUSTON,77026","4, ZONE",454P      ,5460d,CLOSED
180934,Tree Trim,2021-07-06 08:33 AM,Tree Trim Inspection,TREEMAINTENANCE,"UF - POLOVTSEV, SERA",16322 SETTER CT,"7, ZONE",610C,77489,CLOSED
180935,Tree Removal,2021-07-06 08:45 AM,Tree Removal Inspection,TREEMAINTENANCE,"BLANCHETTE, PETER","8660 EMNORA LN,HOUSTON,77080","3, ZONE",450R,5059b,CLOSED
180936,Tree Trim,2021-07-06 09:00 AM,Tree Trim Inspection,TREEMAINTENANCE,"BLANCHETTE, PETER","922 FISHER ST,HOUSTON,77018","3, ZONE",452L,5260d,CLOSED
180940,Tree Removal,2021-07-06 09:43 AM,Tree Removal Inspection,TREEMAINTENANCE,"BLANCHETTE, PETER","5225 CALHOUN RD,HOUSTON,77021","6, ZONE",534E,5455b,CLOSED
180941,Tree Trim,2021-07-06 09:58 AM,Tree Trim Inspection,TREEMAINTENANCE,"UF - POLOVTSEV, SERA","15730 ROSEBRIAR DR,HOUSTON,77489","7, ZONE",570Z,5050b,CLOSED
180942,Tree Removal,2021-07-06 10:07 AM,Tree Removal Inspection,TREEMAINTENANCE,"UF - POLOVTSEV, SERA","8506 QUAIL CREST DR,HOUSTON,77489","7, ZONE",610C,5049b,CLOSED
180943,Tree Trim,2021-07-06 12:29 PM,Tree Trim Inspection,TREEMAINTENANCE,"BLANCHETTE, PETER","7630 MOSSIDE ST,HOUSTON,77021","6, ZONE",533P,5354d,CLOSED
180945,Tree Trim,2021-07-06 01:47 PM,Tree Trim Inspection,TREEMAINTENANCE,"UF - JONES, CODY","MOORE ST & ERIN ST,HOUSTON,77009","4, ZONE",453Z,5459c,CLOSED
180946,Tree Trim,2021-07-06 02:02 PM,Tree Trim Inspection,TREEMAINTENANCE,"BLANCHETTE, PETER","4550 N SHEPHERD DR,HOUSTON,77018","3, ZONE",452M,5260b,CLOSED
180947,Tree Trim,2021-07-06 02:12 PM,Tree Trim Inspection,TREEMAINTENANCE,"BLANCHETTE, PETER","4100 DU PONT ST,HOUSTON,77021","6, ZONE",533M      ,5455c,CLOSED
180948,Tree Trim,2021-07-06 02:29 PM,Tree Trim Inspection,TREEMAINTENANCE,"UF - POLOVTSEV, SERA","14534 WESTWAY LN,HOUSTON,77077","2, ZONE",488J,4757c,CLOSED
180949,Tree Trim,2021-07-06 02:36 PM,Tree Trim Inspection,TREEMAINTENANCE,"BLANCHETTE, PETER","TIMBERWOOD DR & GESSNER RD,HOUSTON,77080","3, ZONE",450S,4959d,CLOSED
180950,Tree Trim,2021-07-06 03:03 PM,Tree Trim Inspection,TREEMAINTENANCE,"BLANCHETTE, PETER","1419 MANSFIELD ST,HOUSTON,77091","3, ZONE",452B,5261c,CLOSED
180951,Tree Removal,2021-07-06 03:45 PM,Tree Removal Inspection,TREEMAINTENANCE,"BLANCHETTE, PETER","8052 ELROD ST,HOUSTON,77017","5, ZONE",535U,5654d,CLOSED
180952,Tree Removal,2021-07-06 03:57 PM,Tree Removal Inspection,TREEMAINTENANCE,"UF - JONES, CODY","8110 OREBO ST,HOUSTON,77088","3, ZONE",412S,5262c,CLOSED
180956,Tree Removal,2021-07-06 04:45 PM,Tree Removal Inspection,TREEMAINTENANCE,"UF - POLOVTSEV, SERA","2300 MARONEAL ST,HOUSTON,77030","7, ZONE",532G,5355c,CLOSED
180960,Tree Trim,2021-07-06 05:46 PM,Tree Trim Inspection,TREEMAINTENANCE,"UF - POLOVTSEV, SERA","ELGIN ST & CHENEVERT ST,HOUSTON,77004","2, ZONE",493U,5356b,CLOSED
180961,Tree Trim,2021-07-06 06:19 PM,Tree Trim Inspection,TREEMAINTENANCE,"UF - JONES, CODY","3310 CORNELL ST,HOUSTON,77022","3, ZONE",453N,5359a,CLOSED
180962,Tree Removal,2021-07-06 08:50 PM,Tree Removal Inspection,TREEMAINTENANCE,"UF - POLOVTSEV, SERA",190 HEIGHTS BLVD,"2, ZONE",493E,77007,CLOSED
180963,Tree Trim,2021-07-06 11:15 PM,Tree Trim Inspection,TREEMAINTENANCE,"BLANCHETTE, PETER",9100 CULLEN BLVD,"6, ZONE",533Z,77051,CLOSED
180964,Tree Removal,2021-07-07 07:57 AM,Tree Removal Inspection,TREEMAINTENANCE,"BLANCHETTE, PETER","3822 ARBOR ST,HOUSTON,77004","6, ZONE",533D,5455a,CLOSED
180965,Tree Trim,2021-07-07 08:01 AM,Tree Trim Inspection,TREEMAINTENANCE,"BLANCHETTE, PETER","10002 KIRKDALE DR,HOUSTON,77089","6, ZONE",576X,5751d,CLOSED
180966,Tree Trim,2021-07-07 08:27 AM,Tree Trim Inspection,TREEMAINTENANCE,"BLANCHETTE, PETER","902 W 16TH ST,HOUSTON,77008","3, ZONE",452Y,5259d,CLOSED
180967,Tree Removal,2021-07-07 08:52 AM,Tree Removal Inspection,TREEMAINTENANCE,"BLANCHETTE, PETER","4359 FIESTA LN,HOUSTON,77004","6, ZONE",534A,5455b,CLOSED
180968,Tree Trim,2021-07-07 08:55 AM,Tree Trim Inspection,TREEMAINTENANCE,"BLANCHETTE, PETER","9116 LAMBRIGHT RD,HOUSTON,77075","6, ZONE",575R,5651b,CLOSED
180969,Tree Trim,2021-07-07 08:58 AM,Tree Trim Inspection,TREEMAINTENANCE,"UF - POLOVTSEV, SERA","SAMOA WAY & MELANITE AVE,HOUSTON,77053","7, ZONE",571X,5150b,CLOSED
180970,Tree Trim,2021-07-07 09:19 AM,Tree Trim Inspection,TREEMAINTENANCE,"UF - POLOVTSEV, SERA","2818 JACKSON ST,HOUSTON,77004","2, ZONE",493U,5356b,CLOSED
180971,Tree Removal,2021-07-07 09:46 AM,Tree Removal Inspection,TREEMAINTENANCE,"UF - POLOVTSEV, SERA","15502 ROSE RIDGE CT,HOUSTON,77489","7, ZONE",571X,5150a,CLOSED
180972,Tree Removal,2021-07-07 10:19 AM,Tree Removal Inspection,TREEMAINTENANCE,"UF - JONES, CODY","1727 HEWITT DR,HOUSTON,77018","3, ZONE",452J      ,5260c,CLOSED
180973,Tree Protection Rev,2021-07-07 10:35 AM,Tree Protection Review Inspection,TREEPROTECTION,"BLANCHETTE, PETER","8329 LAWNDALE ST,HOUSTON,77012 (YESPREP PUBLIC SCHOOL)","5, ZONE",535B,5655a,CLOSED
180974,Tree Removal,2021-07-07 10:59 AM,Tree Removal Inspection,TREEMAINTENANCE,"UF - POLOVTSEV, SERA","6127 HAVENDALE DR,HOUSTON,77072","2, ZONE",529C,4955c,CLOSED
180975,Tree Trim,2021-07-07 11:14 AM,Tree Trim Inspection,TREEMAINTENANCE,"BLANCHETTE, PETER","3400 DAPHNE ST,HOUSTON,77021","6, ZONE",533L,5354b,CLOSED
180977,Tree Removal,2021-07-07 11:47 AM,Tree Removal Inspection,TREEMAINTENANCE,"UF - POLOVTSEV, SERA","121 WILLARD ST,HOUSTON,77006","2, ZONE",493P,5357d,CLOSED
180978,Tree Trim,2021-07-07 11:50 AM,Tree Trim Inspection,TREEMAINTENANCE,"UF - POLOVTSEV, SERA","6027 DELBURY ST,HOUSTON,77085","7, ZONE",571P,5151b,CLOSED
180979,Tree Trim,2021-07-07 12:00 PM,Tree Trim Inspection,TREEMAINTENANCE,"UF - JONES, CODY","4700 PICKFAIR ST,HOUSTON,77026","4, ZONE",454U,5559c,CLOSED
180980,Tree Trim,2021-07-07 12:17 PM,Tree Trim Inspection,TREEMAINTENANCE,"BLANCHETTE, PETER","6603 FLAMINGO DR,HOUSTON,77087","6, ZONE",534Y,5553a,CLOSED
180981,Tree Removal,2021-07-07 01:08 PM,Tree Removal Inspection,TREEMAINTENANCE,"UF - JONES, CODY","749 E CROSSTIMBERS ST,HOUSTON,77022","4, ZONE",453L,5460a,CLOSED
180982,Tree Trim,2021-07-07 01:30 PM,Tree Trim Inspection,TREEMAINTENANCE,"UF - POLOVTSEV, SERA","7402 JALNA ST,HOUSTON,77055","3, ZONE",451T,5159c,CLOSED
180983,Tree Trim,2021-07-07 01:42 PM,Tree Trim Inspection,TREEMAINTENANCE,"UF - JONES, CODY","DOLLY WRIGHT ST & W MONTGOMERY RD,HOUSTON,77088","4, ZONE",412T      ,5262c,CLOSED
180984,Tree Trim,2021-07-07 02:45 PM,Tree Trim Inspection,TREEMAINTENANCE,"UF - JONES, CODY","BUNTE ST,HOUSTON,77026","4, ZONE",454Y,5559c,CLOSED
180985,Tree Trim,2021-07-07 03:07 PM,Tree Trim Inspection,TREEMAINTENANCE,"UF - JONES, CODY","7203 BONITA ST,HOUSTON,77016","4, ZONE",454K,5560c,CLOSED
180986,Tree Trim,2021-07-07 03:16 PM,Tree Trim Inspection,TREEMAINTENANCE,"UF - POLOVTSEV, SERA","W OREM DR & WRIGLEY ST,HOUSTON,77045","7, ZONE",572J,5251a,CLOSED
180987,Tree Removal,2021-07-07 03:22 PM,Tree Removal Inspection,TREEMAINTENANCE,"UF - JONES, CODY","9100 HUENI RD,HOUSTON,77365","4, ZONE",297P,5871c,CLOSED
180988,Tree Trim,2021-07-07 04:03 PM,Tree Trim Inspection,TREEMAINTENANCE,"UF - JONES, CODY","ALLWOOD ST & WEAVER RD,HOUSTON,77016","4, ZONE",454M,5560a,CLOSED
180989,Tree Trim,2021-07-07 04:25 PM,Tree Trim Inspection,TREEMAINTENANCE,"BLANCHETTE, PETER","5200 PARK VILLAGE DR,HOUSTON,77048","6, ZONE",574J      ,5452d,CLOSED
180990,Tree Removal,2021-07-07 04:32 PM,Tree Removal Inspection,TREEMAINTENANCE,"BLANCHETTE, PETER",3725 FULTON ST (MOODY PARK),"4, ZONE",453Y,77009,CLOSED
180991,Tree Trim,2021-07-07 04:47 PM,Tree Trim Inspection,TREEMAINTENANCE,"BLANCHETTE, PETER","8019 LANHAM LN,HOUSTON,77075","6, ZONE",575P,5651a,CLOSED
180992,Tree Trim,2021-07-07 05:19 PM,Tree Trim Inspection,TREEMAINTENANCE,"UF - JONES, CODY","2701 KINGWOOD DR,HOUSTON,77339","4, ZONE",337A,5769b,CLOSED
180993,Tree Trim,2021-07-08 12:13 AM,Tree Trim Inspection,TREEMAINTENANCE,"UF - POLOVTSEV, SERA","1311 BIRDSALL ST,HOUSTON,77007","2, ZONE",492G,5258d,CLOSED
180994,Tree Trim,2021-07-08 02:32 AM,Tree Trim Inspection,TREEMAINTENANCE,"BLANCHETTE, PETER","14006 IVY BLUFF CT,HOUSTON,77062","5, ZONE",617D,5950b,CLOSED
180995,Tree Trim,2021-07-08 04:33 AM,Tree Trim Inspection,TREEMAINTENANCE,"UF - JONES, CODY","24102 SUNNY GLEN DR,HOUSTON,77336","4, ZONE",338Q,5968b,CLOSED
180996,Tree Trim,2021-07-08 04:36 AM,Tree Trim Inspection,TREEMAINTENANCE,"UF - JONES, CODY","326 FALL CREEK DR,HOUSTON,77336","4, ZONE",338Q,5968b,CLOSED
180997,Tree Trim,2021-07-08 04:39 AM,Tree Trim Inspection,TREEMAINTENANCE,"UF - JONES, CODY","743 CHERRY VALLEY DR,HOUSTON,77336","4, ZONE",338M,6069c,CLOSED
180998,Tree Trim,2021-07-08 04:42 AM,Tree Trim Inspection,TREEMAINTENANCE,"UF - JONES, CODY","SUNNY GLEN DR & LOON RIVER ST,HOUSTON,77336","4, ZONE",338L,5969d,CLOSED
180999,Tree Trim,2021-07-08 04:42 AM,Tree Trim Inspection,TREEMAINTENANCE,"UF - JONES, CODY","219 FIR RIDGE DR,HOUSTON,77336","4, ZONE",338L,5969d,CLOSED
181000,Tree Removal,2021-07-08 04:51 AM,Tree Removal Inspection,TREEMAINTENANCE,"BLANCHETTE, PETER",2001 CENTRAL ST (MILBY PARK),"5, ZONE",535G,77017,CLOSED
181001,Tree Removal,2021-07-08 06:55 AM,Tree Removal Inspection,TREEMAINTENANCE,"UF - JONES, CODY","7146 BAYOU FOREST DR,HOUSTON,77088","3, ZONE",411T,5162c,CLOSED
181002,Tree Trim,2021-07-08 07:25 AM,Tree Trim Inspection,TREEMAINTENANCE,"BLANCHETTE, PETER",CULLEN BLVD & ELGIN ST,"6, ZONE",494W,77004,CLOSED
181003,Tree Removal,2021-07-08 08:10 AM,Tree Removal Inspection,TREEMAINTENANCE,"BLANCHETTE, PETER","741 W 38TH ST,HOUSTON,77018","3, ZONE",452Q,5260d,CLOSED
181005,Tree Trim,2021-07-08 08:22 AM,Tree Trim Inspection,TREEMAINTENANCE,"BLANCHETTE, PETER","1938 KNOLL ST,HOUSTON,77080","3, ZONE",450V,5059d,CLOSED
181007,Tree Trim,2021-07-08 09:26 AM,Tree Trim Inspection,TREEMAINTENANCE,"UF - POLOVTSEV, SERA","12600 S GESSNER DR,HOUSTON,77071","7, ZONE",570F,5052c,CLOSED
181008,Tree Removal,2021-07-08 09:29 AM,Tree Removal Inspection,TREEMAINTENANCE,"UF - POLOVTSEV, SERA","2426 WOODARD ST,HOUSTON,77026","4, ZONE",454S,5459a,CLOSED
181009,Tree Trim,2021-07-08 09:32 AM,Tree Trim Inspection,TREEMAINTENANCE,"BLANCHETTE, PETER","9814 BUFFUM ST,HOUSTON,77051","6, ZONE",573B,5352b,CLOSED
181010,Tree Trim,2021-07-08 11:02 AM,Tree Trim Inspection,TREEMAINTENANCE,"UF - JONES, CODY","7900 N WAYSIDE DR,HOUSTON,77028","4, ZONE",455K,5560b,CLOSED
181011,Tree Removal,2021-07-08 12:52 PM,Tree Removal Inspection,TREEMAINTENANCE,"UF - POLOVTSEV, SERA","4430 OAKSIDE DR,HOUSTON,77053","7, ZONE",571V,5251c,CLOSED
181013,Tree Trim,2021-07-08 12:54 PM,Tree Trim Inspection,TREEMAINTENANCE,"UF - POLOVTSEV, SERA","4803 MAIN ST,HOUSTON,77002","7, ZONE",493W,5356d,CLOSED
181014,Tree Removal,2021-07-08 12:58 PM,Tree Removal Inspection,TREEMAINTENANCE,"BLANCHETTE, PETER","1114 LEHMAN ST,HOUSTON,77018","3, ZONE",452F,5260b,CLOSED
181015,Tree Removal,2021-07-08 01:45 PM,Tree Removal Inspection,TREEMAINTENANCE,"BLANCHETTE, PETER","GOFORTH ST,HOUSTON,77021","6, ZONE",533M,5455c,CLOSED
181017,Tree Trim,2021-07-08 02:09 PM,Tree Trim Inspection,TREEMAINTENANCE,"BLANCHETTE, PETER","YALE ST,HOUSTON,77022","3, ZONE",452M,5360a,CLOSED
181018,Tree Trim,2021-07-08 02:46 PM,Tree Trim Inspection,TREEMAINTENANCE,"BLANCHETTE, PETER","2605 EMANCIPATION AVE,HOUSTON,77004","6, ZONE",493U,5456a,CLOSED
181019,Tree Trim,2021-07-08 02:52 PM,Tree Trim Inspection,TREEMAINTENANCE,"UF - POLOVTSEV, SERA","2301 CAROLINE ST,HOUSTON,77004","2, ZONE",493U,5356b,CLOSED
181020,Tree Removal,2021-07-08 03:01 PM,Tree Removal Inspection,TREEMAINTENANCE,"UF - JONES, CODY","ARLINGTON ST & E 39TH ST,HOUSTON,77018","3, ZONE",453N,5360c,CLOSED
181021,Tree Removal,2021-07-08 03:19 PM,Tree Removal Inspection,TREEMAINTENANCE,"BLANCHETTE, PETER","1311 ROOSEVELT ST,HOUSTON,77012","5, ZONE",535F,5655a,CLOSED
181022,Tree Trim,2021-07-08 03:26 PM,Tree Trim Inspection,TREEMAINTENANCE,"UF - JONES, CODY","500 VINCENT ST,HOUSTON,77009","4, ZONE",453Y      ,5359d,CLOSED
181023,Tree Trim,2021-07-08 03:35 PM,Tree Trim Inspection,TREEMAINTENANCE,"UF - JONES, CODY","935 DOROTHY ST,HOUSTON,77008","3, ZONE",492D,5358a,CLOSED
181024,Tree Removal,2021-07-08 03:44 PM,Tree Removal Inspection,TREEMAINTENANCE,"UF - POLOVTSEV, SERA","12914 PINESAGE DR,HOUSTON,77045","7, ZONE",572F,5252b,CLOSED
181025,Tree Trim,2021-07-08 04:17 PM,Tree Trim Inspection,TREEMAINTENANCE,"UF - POLOVTSEV, SERA","2899 HAYES RD,HOUSTON,77042","2, ZONE",489X,4956c,CLOSED
181026,Tree Trim,2021-07-08 04:18 PM,Tree Trim Inspection,TREEMAINTENANCE,"UF - JONES, CODY","4309 HIRSCH RD,HOUSTON,77026","4, ZONE",454X,5459d,CLOSED
181027,Tree Trim,2021-07-08 04:20 PM,Tree Trim Inspection,TREEMAINTENANCE,"UF - POLOVTSEV, SERA","12400 OVERBROOK LN,HOUSTON,77077","2, ZONE",488V,4856c,CLOSED
181028,Tree Trim,2021-07-08 04:44 PM,Tree Trim Inspection,TREEMAINTENANCE,"BLANCHETTE, PETER","106 EVERTON ST,HOUSTON,77003","5, ZONE",494N,5457d,CLOSED
181029,Tree Trim,2021-07-08 06:23 PM,Tree Trim Inspection,TREEMAINTENANCE,"UF - JONES, CODY","3007 CLEMENTINE ST,HOUSTON,77026","4, ZONE",494C,5558a,CLOSED
181030,Tree Trim,2021-07-09 04:10 AM,Tree Trim Inspection,TREEMAINTENANCE,"UF - POLOVTSEV, SERA","8510 KIRBY DR,HOUSTON,77054","7, ZONE",532Q,5254d,CLOSED
181031,Tree Trim,2021-07-09 04:10 AM,Tree Trim Inspection,TREEMAINTENANCE,"UF - POLOVTSEV, SERA","8510 KIRBY DR,HOUSTON,77054","7, ZONE",532Q,5254d,CLOSED
181033,Tree Trim,2021-07-09 08:54 AM,Tree Trim Inspection,TREEMAINTENANCE,"UF - JONES, CODY","5102 BATON ROUGE ST,HOUSTON,77028","4, ZONE",454Q,5560c,CLOSED
181034,Tree Removal,2021-07-09 09:49 AM,Tree Removal Inspection,TREEMAINTENANCE,"UF - POLOVTSEV, SERA","2702 CRAWFORD ST,HOUSTON,77004","2, ZONE",493U,5356b,CLOSED
181035,Tree Trim,2021-07-09 10:06 AM,Tree Trim Inspection,TREEMAINTENANCE,"UF - POLOVTSEV, SERA","5331 DORA ST,HOUSTON,77005","7, ZONE",533A,5356c,CLOSED
181036,Tree Removal,2021-07-09 10:25 AM,Tree Removal Inspection,TREEMAINTENANCE,"UF - POLOVTSEV, SERA","9607 WINDSWEPT LN,HOUSTON,77063","2, ZONE",490W,4955b,CLOSED
181037,Tree Stump Grinding,2021-07-09 10:34 AM,Tree Stump Inspection,TREEMAINTENANCE,"UF - POLOVTSEV, SERA","9111 WEYMOUTH DR,HOUSTON,77031","7, ZONE",570A,4952b,CLOSED
181038,Tree Removal,2021-07-09 10:36 AM,Tree Removal Inspection,TREEMAINTENANCE,"BLANCHETTE, PETER","1302 HEIGHTS BLVD,HOUSTON,77008","3, ZONE",453W,5359c,CLOSED
181039,Tree Removal,2021-07-09 10:40 AM,Tree Removal Inspection,TREEMAINTENANCE,"UF - POLOVTSEV, SERA","521 WHITE WING LN,HOUSTON,77079","2, ZONE",489J,4857b,CLOSED
181040,Tree Trim,2021-07-09 10:52 AM,Tree Trim Inspection,TREEMAINTENANCE,"UF - JONES, CODY","1302 BROOKTRAIL DR,HOUSTON,77339","4, ZONE",336E,5669d,CLOSED
181041,Tree Removal,2021-07-09 10:52 AM,Tree Removal Inspection,TREEMAINTENANCE,"BLANCHETTE, PETER","8313 PARNELL ST,HOUSTON,77051","6, ZONE",533T,5353b,CLOSED
181042,Tree Removal,2021-07-09 11:01 AM,Tree Removal Inspection,TREEMAINTENANCE,"UF - POLOVTSEV, SERA","4011 YUPON ST,HOUSTON,77006","2, ZONE",493S,5356a,CLOSED
181043,Tree Trim,2021-07-09 11:13 AM,Tree Trim Inspection,TREEMAINTENANCE,"UF - POLOVTSEV, SERA","3612 ELLA LEE LN,HOUSTON,77027","2, ZONE",492T,5256a,CLOSED
181044,Tree Removal,2021-07-09 11:15 AM,Tree Removal Inspection,TREEMAINTENANCE,"UF - POLOVTSEV, SERA","11207 ROYCE PALMS DR,HOUSTON,77042","2, ZONE",529C,4955a,CLOSED
181045,Tree Trim,2021-07-09 11:16 AM,Tree Trim Inspection,TREEMAINTENANCE,"BLANCHETTE, PETER","S LOOP FWY E & GOLFCREST BLVD,HOUSTON,77087","6, ZONE",534M,5554b,CLOSED
181046,Tree Trim,2021-07-09 11:56 AM,Tree Trim Inspection,TREEMAINTENANCE,"BLANCHETTE, PETER",6202 SHERMAN ST,"5, ZONE",494U,77011,CLOSED
181047,Tree Removal,2021-07-09 12:01 PM,Tree Removal Inspection,TREEMAINTENANCE,"BLANCHETTE, PETER","2615 N CALUMET ST,HOUSTON,77004","6, ZONE",533B,5355b,CLOSED
181048,Tree Trim,2021-07-09 12:02 PM,Tree Trim Inspection,TREEMAINTENANCE,"UF - JONES, CODY","PARDEE ST & LOS ANGELES ST,HOUSTON,77026","4, ZONE",454T      ,5459b,CLOSED
181050,Tree Removal,2021-07-09 12:16 PM,Tree Removal Inspection,TREEMAINTENANCE,"UF - POLOVTSEV, SERA","1028 SAGE RD,HOUSTON,77056","2, ZONE",491L,5157d,CLOSED
181051,Tree Trim,2021-07-09 12:19 PM,Tree Trim Inspection,TREEMAINTENANCE,"UF - JONES, CODY","9605 IRBY ST,HOUSTON,77088","3, ZONE",412P,5262a,CLOSED
181052,Tree Trim,2021-07-09 12:43 PM,Tree Trim Inspection,TREEMAINTENANCE,"UF - POLOVTSEV, SERA","7800 COOK RD,HOUSTON,77072","2, ZONE",529J,4854b,CLOSED
181053,Tree Trim,2021-07-09 01:45 PM,Tree Trim Inspection,TREEMAINTENANCE,"UF - POLOVTSEV, SERA","1900 WAUGH DR,HOUSTON,77006","2, ZONE",493N,5357c,CLOSED
181054,Tree Removal,2021-07-09 02:17 PM,Tree Removal Inspection,TREEMAINTENANCE,"UF - JONES, CODY","6000 HOLLISTER ST,HOUSTON,77040","3, ZONE",410Z,5061b,CLOSED
181055,Tree Trim,2021-07-09 02:44 PM,Tree Trim Inspection,TREEMAINTENANCE,"BLANCHETTE, PETER","6802 FLAMINGO DR,HOUSTON,77087","6, ZONE",534Z,5553b,CLOSED
181056,Tree Trim,2021-07-09 03:36 PM,Tree Trim Inspection,TREEMAINTENANCE,"UF - POLOVTSEV, SERA","12423 HUNTINGTON FIELD DR,HOUSTON,77099","2, ZONE",528Z,4853c,CLOSED
181057,Tree Removal,2021-07-09 04:09 PM,Tree Removal Inspection,TREEMAINTENANCE,"UF - JONES, CODY","HELMERS ST & DOGWOOD ST,HOUSTON,77022","4, ZONE",453Q,5460c,CLOSED
181058,Tree Trim,2021-07-09 04:15 PM,Tree Trim Inspection,TREEMAINTENANCE,"BLANCHETTE, PETER","4400 MCKINNEY ST,HOUSTON,77023","5, ZONE",494T,5456b,CLOSED
181059,Tree Removal,2021-07-09 04:45 PM,Tree Removal Inspection,TREEMAINTENANCE,"UF - POLOVTSEV, SERA","1323 LAKIN ST,HOUSTON,77007","2, ZONE",493E,5358c,CLOSED
181060,Tree Removal,2021-07-09 05:06 PM,Tree Removal Inspection,TREEMAINTENANCE,"UF - POLOVTSEV, SERA","4204 BLOSSOM ST,HOUSTON,77007","2, ZONE",492M,5357a,CLOSED
181062,Tree Trim,2021-07-09 06:19 PM,Tree Trim Inspection,TREEMAINTENANCE,"UF - POLOVTSEV, SERA","W BELLFORT AVE & RAMPART ST,HOUSTON,77035","7, ZONE",571A,5153c,CLOSED
181063,Tree Trim,2021-07-09 08:43 PM,Tree Trim Inspection,TREEMAINTENANCE,"UF - POLOVTSEV, SERA","1100 BAGBY ST,HOUSTON,77002","1, ZONE",493L,5357b,CLOSED
181064,Tree Trim,2021-07-09 09:44 PM,Tree Trim Inspection,TREEMAINTENANCE,"UF - POLOVTSEV, SERA",9350 RICHMOND AVE,"2, ZONE",490X,77063,CLOSED
181065,Tree Trim,2021-07-09 09:45 PM,Tree Trim Inspection,TREEMAINTENANCE,"UF - POLOVTSEV, SERA","9350 RICHMOND AVE,HOUSTON,77063","2, ZONE",490X      ,5056c,CLOSED
181066,Tree Trim,2021-07-10 10:20 AM,Tree Trim Inspection,TREEMAINTENANCE,"BLANCHETTE, PETER","8202 BURMAN ST,HOUSTON,77029","5, ZONE",495K,5657a,CLOSED
181067,Tree Trim,2021-07-10 10:20 AM,Tree Trim Inspection,TREEMAINTENANCE,"UF - POLOVTSEV, SERA","8202 BURMAN ST,HOUSTON,77029","5, ZONE",495K,5657a,CLOSED
181068,Tree Trim,2021-07-10 10:22 AM,Tree Trim Inspection,TREEMAINTENANCE,"UF - BURKES, JEREMY","8202 BURMAN ST,HOUSTON,77029","5, ZONE",495K,5657a,CLOSED
181070,House Move Route,2021-07-10 11:59 AM,House Move Route Inspection,TREEPROTECTION,"BLANCHETTE, PETER","5200 FANNIN ST,HOUSTON,77004",,493W      ,5356d,CLOSED
181071,Tree Removal,2021-07-10 01:23 PM,Tree Removal Inspection,TREEMAINTENANCE,"UF - JONES, CODY","934 W 16TH ST,HOUSTON,77008","3, ZONE",452Y,5259d,CLOSED
181072,Tree Removal,2021-07-10 01:24 PM,Tree Removal Inspection,TREEMAINTENANCE,"UF - JONES, CODY","934 W 16TH ST,HOUSTON,77008","3, ZONE",452Y,5259d,CLOSED
181073,Tree Removal,2021-07-10 02:45 PM,Tree Removal Inspection,TREEMAINTENANCE,"UF - POLOVTSEV, SERA","5010 WAYCROSS ST,HOUSTON,77035","7, ZONE",531Y,5153b,CLOSED
181074,Tree Removal,2021-07-10 02:45 PM,Tree Removal Inspection,TREEMAINTENANCE,"UF - POLOVTSEV, SERA","5010 WAYCROSS ST,HOUSTON,77035","7, ZONE",531Y,5153b,CLOSED
181075,Tree Removal,2021-07-10 03:21 PM,Tree Removal Inspection,TREEMAINTENANCE,"UF - JONES, CODY","12507 EASTBROOK DR,HOUSTON,77013","4, ZONE",456Y,5759d,CLOSED
181076,Tree Removal,2021-07-10 03:39 PM,Tree Removal Inspection,TREEMAINTENANCE,"UF - JONES, CODY","10419 MAYFIELD RD,HOUSTON,77043","3, ZONE",449Z,4958a,CLOSED
181077,Tree Trim,2021-07-10 03:57 PM,Tree Trim Inspection,TREEMAINTENANCE,"UF - JONES, CODY","PINE VILLAGE DR & HAMMERLY BLVD.,HOUSTON,77080","3, ZONE",450P,4959b,CLOSED
181078,Tree Trim,2021-07-10 05:13 PM,Tree Trim Inspection,TREEMAINTENANCE,"BLANCHETTE, PETER","CARMALEE ST & BLACKHAWK BLVD,HOUSTON,77075","6, ZONE",575Z,5751c,CLOSED
181079,Tree Removal,2021-07-10 10:42 PM,Tree Removal Inspection,TREEMAINTENANCE,"UF - POLOVTSEV, SERA",3200 NORTH FWY,"4, ZONE",453U,77009,CLOSED
181080,Tree Removal,2021-07-10 10:49 PM,Tree Removal Inspection,TREEMAINTENANCE,"UF - POLOVTSEV, SERA",5634 WILLOWBEND BLVD,"7, ZONE",531W,77096,CLOSED
181081,Tree Stump Grinding,2021-07-11 03:01 AM,Tree Stump Inspection,TREEMAINTENANCE,"UF - POLOVTSEV, SERA","1840 RICHMOND AVE,HOUSTON,77098","2, ZONE",492Z,5356c,CLOSED
181082,Tree Removal,2021-07-11 08:00 AM,Tree Removal Inspection,TREEMAINTENANCE,"UF - POLOVTSEV, SERA","2323 GOLDSMITH ST,HOUSTON,77030","7, ZONE",532G,5255d,CLOSED
181083,Tree Removal,2021-07-11 08:01 AM,Tree Removal Inspection,TREEMAINTENANCE,"UF - POLOVTSEV, SERA","2323 GOLDSMITH ST,HOUSTON,77030","7, ZONE",532G,5255d,CLOSED
181084,Tree Trim,2021-07-11 10:11 AM,Tree Trim Inspection,TREEMAINTENANCE,"UF - POLOVTSEV, SERA","2327 GOLDSMITH ST,HOUSTON,77030","7, ZONE",532G,5255d,CLOSED
181085,Tree Trim,2021-07-11 11:35 AM,Tree Trim Inspection,TREEMAINTENANCE,"UF - POLOVTSEV, SERA","15626 FALL BRIAR DR,HOUSTON,77489","7, ZONE",571X,5150a,CLOSED
181086,Tree Trim,2021-07-11 12:50 PM,Tree Trim Inspection,TREEMAINTENANCE,"UF - POLOVTSEV, SERA",306 BRIAR HILL DR,"2, ZONE",489M,77042,CLOSED
181087,Tree Trim,2021-07-11 12:51 PM,Tree Trim Inspection,TREEMAINTENANCE,"UF - POLOVTSEV, SERA",306 BRIAR HILL DR,"2, ZONE",489M,77042,CLOSED
181088,Tree Removal,2021-07-11 01:11 PM,Tree Removal Inspection,TREEMAINTENANCE,"UF - JONES, CODY","1214 WRIGHTWOOD ST,HOUSTON,77009","3, ZONE",493C,5358b,CLOSED
181089,Tree Trim,2021-07-11 05:37 PM,Tree Trim Inspection,TREEMAINTENANCE,"UF - POLOVTSEV, SERA","1505 UTAH ST,HOUSTON,77007","2, ZONE",492F,5258d,CLOSED
181090,Tree Trim,2021-07-11 05:37 PM,Tree Trim Inspection,TREEMAINTENANCE,"UF - POLOVTSEV, SERA","1505 UTAH ST,HOUSTON,77007","2, ZONE",492F,5258d,CLOSED
181091,Tree Removal,2021-07-11 06:52 PM,Tree Removal Inspection,TREEMAINTENANCE,"UF - JONES, CODY","4319 LOCKWOOD DR,HOUSTON,77026","4, ZONE",454Y,5559c,CLOSED
181092,Tree Trim,2021-07-11 08:44 PM,Tree Trim Inspection,TREEMAINTENANCE,"UF - POLOVTSEV, SERA",511 BOMAR ST,"2, ZONE",493N,77006,CLOSED
181093,Tree Trim,2021-07-11 09:47 PM,Tree Trim Inspection,TREEMAINTENANCE,"UF - POLOVTSEV, SERA",11710 SOUTHLAKE DR,"2, ZONE",489S,77077,CLOSED
181094,Tree Trim,2021-07-12 08:16 AM,Tree Trim Inspection,TREEMAINTENANCE,"UF - JONES, CODY","2220 ECLIPSE ST,HOUSTON,77018","3, ZONE",451H,5160b,CLOSED
181095,Tree Removal,2021-07-12 08:24 AM,Tree Removal Inspection,TREEMAINTENANCE,"BLANCHETTE, PETER","923 HAHLO ST,HOUSTON,77020","5, ZONE",494H,5558c,CLOSED
181096,Tree Protection Rev,2021-07-12 09:10 AM,Tree Protection Review Inspection,TREEPROTECTION,"BLANCHETTE, PETER","10866 NELLSFIELD LN,HOUSTON,77075","6, ZONE",575V,5651d,CLOSED
181097,Tree Trim,2021-07-12 10:11 AM,Tree Trim Inspection,TREEMAINTENANCE,"BLANCHETTE, PETER","9500 BLACKHAWK BLVD,HOUSTON,77075","6, ZONE",575V,5751c,CLOSED
181098,Tree Trim,2021-07-12 10:23 AM,Tree Trim Inspection,TREEMAINTENANCE,"BLANCHETTE, PETER","5113 MULFORD ST,HOUSTON,77023","5, ZONE",494X,5556c,CLOSED
181099,Tree Removal,2021-07-12 10:34 AM,Tree Removal Inspection,TREEMAINTENANCE,"UF - POLOVTSEV, SERA","2420 WOODARD ST,HOUSTON,77026","4, ZONE",454S,5459a,CLOSED
181100,Tree Trim,2021-07-12 10:57 AM,Tree Trim Inspection,TREEMAINTENANCE,"UF - JONES, CODY","7900 RICHLAND DR,HOUSTON,77028","4, ZONE",455F      ,5560b,CLOSED
181101,Tree Trim,2021-07-12 11:19 AM,Tree Trim Inspection,TREEMAINTENANCE,"UF - POLOVTSEV, SERA","1128 W DALLAS ST,HOUSTON,77019","2, ZONE",493K,5357b,CLOSED
181102,Tree Trim,2021-07-12 12:14 PM,Tree Trim Inspection,TREEMAINTENANCE,"BLANCHETTE, PETER","6002 SHERMAN ST,HOUSTON,77011","5, ZONE",494U,5556a,CLOSED
181103,Tree Stump Grinding,2021-07-12 01:05 PM,Tree Stump Inspection,TREEMAINTENANCE,"UF - POLOVTSEV, SERA","5522 SCHUMACHER LN,HOUSTON,77056","2, ZONE",491X,5156c,CLOSED
181104,Tree Trim,2021-07-12 01:33 PM,Tree Trim Inspection,TREEMAINTENANCE,"BLANCHETTE, PETER","7335 SANTA FE DR,HOUSTON,77061","6, ZONE",534Z,5553b,CLOSED
181107,Tree Removal,2021-07-12 01:59 PM,Tree Removal Inspection,TREEMAINTENANCE,"UF - POLOVTSEV, SERA","10810 S POST OAK RD,HOUSTON,77035","7, ZONE",531Y,5153d,CLOSED
181109,Tree Removal,2021-07-12 02:12 PM,Tree Removal Inspection,TREEMAINTENANCE,"UF - POLOVTSEV, SERA","1845 HAROLD ST,HOUSTON,77098","2, ZONE",492V,5356a,CLOSED
181110,Tree Removal,2021-07-12 02:24 PM,Tree Removal Inspection,TREEMAINTENANCE,"UF - JONES, CODY","1809 W 43RD ST,HOUSTON,77018","3, ZONE",452J,5260a,CLOSED
181111,Tree Trim,2021-07-12 02:27 PM,Tree Trim Inspection,TREEMAINTENANCE,"BLANCHETTE, PETER","ARAPAHOE ST & ZOE ST,HOUSTON,77020","5, ZONE",494H,5558d,CLOSED
181112,Tree Removal,2021-07-12 02:39 PM,Tree Removal Inspection,TREEMAINTENANCE,"BLANCHETTE, PETER","FOREST HILL BLVD & WALKER ST,HOUSTON,77011","5, ZONE",494Z,5556d,CLOSED
181113,Tree Removal,2021-07-12 02:52 PM,Tree Removal Inspection,TREEMAINTENANCE,"UF - POLOVTSEV, SERA","9238 ROOS RD,HOUSTON,77036","2, ZONE",529H,4954b,CLOSED
181114,Tree Removal,2021-07-12 03:00 PM,Tree Removal Inspection,TREEMAINTENANCE,"UF - JONES, CODY","9517 MADERA RD,HOUSTON,77078","4, ZONE",416W,5661b,CLOSED
181115,Tree Trim,2021-07-12 03:04 PM,Tree Trim Inspection,TREEMAINTENANCE,"UF - JONES, CODY","ERIN ST & MOORE ST,HOUSTON,77009","4, ZONE",453Z,5459c,CLOSED
181116,Tree Removal,2021-07-12 03:21 PM,Tree Removal Inspection,TREEMAINTENANCE,"UF - JONES, CODY","536 COLUMBIA ST,HOUSTON,77007","3, ZONE",493A,5358c,CLOSED
181117,Tree Trim,2021-07-12 03:21 PM,Tree Trim Inspection,TREEMAINTENANCE,"BLANCHETTE, PETER","BELLFORT ST & TELEPHONE RD,HOUSTON,77087","6, ZONE",535S,5654c,CLOSED
181118,Tree Removal,2021-07-12 03:51 PM,Tree Removal Inspection,TREEMAINTENANCE,"UF - POLOVTSEV, SERA",5719 HUMMINGBIRD ST,"7, ZONE",531W,77096,CLOSED
181119,Tree Trim,2021-07-12 03:58 PM,Tree Trim Inspection,TREEMAINTENANCE,"PATINO, ARNULFO","1090 KINGWOOD DR,HOUSTON,77339","4, ZONE",336A,5669b,CLOSED
181120,Tree Code Violation,2021-07-12 03:58 PM,Tree Code Violation Inspection,TREEPROTECTION,"UF - POLOVTSEV, SERA","2310 KINGSTON ST,HOUSTON,77019","2, ZONE",492U,5256b,CLOSED
181121,Tree Trim,2021-07-12 04:16 PM,Tree Trim Inspection,TREEMAINTENANCE,"BLANCHETTE, PETER","2717 ST EMANUEL ST,HOUSTON,77004","6, ZONE",493U,5456a,CLOSED
181122,Tree Removal,2021-07-12 04:22 PM,Tree Removal Inspection,TREEMAINTENANCE,"BLANCHETTE, PETER","526 EDGEBROOK DR,HOUSTON,77034","5, ZONE",576F,5752b,CLOSED
181123,Tree Trim,2021-07-12 04:22 PM,Tree Trim Inspection,TREEMAINTENANCE,"UF - POLOVTSEV, SERA","AUDUBON PL & HAWTHORNE ST,HOUSTON,77006","2, ZONE",493S,5356b,CLOSED
181124,Tree Trim,2021-07-12 04:43 PM,Tree Trim Inspection,TREEMAINTENANCE,"BLANCHETTE, PETER","6307 REED RD,HOUSTON,77087","6, ZONE",574C,5553c,CLOSED
181125,Tree Trim,2021-07-12 04:58 PM,Tree Trim Inspection,TREEMAINTENANCE,"UF - JONES, CODY","2422 WOODARD ST,HOUSTON,77026","4, ZONE",454S      ,5459a,CLOSED
181126,Tree Removal,2021-07-12 05:19 PM,Tree Removal Inspection,TREEMAINTENANCE,"UF - POLOVTSEV, SERA","LOCKWOOD DR & SHREVEPORT BLVD,HOUSTON,77028","4, ZONE",454Q,5560c,CLOSED
181127,Tree Removal,2021-07-12 07:38 PM,Tree Removal Inspection,TREEMAINTENANCE,"UF - POLOVTSEV, SERA","8025 COUNT ST,HOUSTON,77028","4, ZONE",455B,5661c,CLOSED
181128,Tree Removal,2021-07-12 07:54 PM,Tree Removal Inspection,TREEMAINTENANCE,"UF - POLOVTSEV, SERA",2929 BUFFALO SPEEDWAY,"2, ZONE",492T,77098,CLOSED
181129,Tree Trim,2021-07-12 08:27 PM,Tree Trim Inspection,TREEMAINTENANCE,"UF - POLOVTSEV, SERA",14100 CROQUET LN,"7, ZONE",571P,77085,CLOSED
181130,Tree Trim,2021-07-12 08:28 PM,Tree Trim Inspection,TREEMAINTENANCE,"UF - JONES, CODY","111 FALLBROOK DR,HOUSTON,77038","3, ZONE",372Y      ,5264b,CLOSED
181131,Tree Trim,2021-07-12 09:21 PM,Tree Trim Inspection,TREEMAINTENANCE,"UF - JONES, CODY","2420 WOODARD ST,HOUSTON,77026","4, ZONE",454S,5459a,CLOSED
181132,Tree Trim,2021-07-13 08:01 AM,Tree Trim Inspection,TREEMAINTENANCE,"BLANCHETTE, PETER","MONROE RD & FUQUA ST,HOUSTON,77075","6, ZONE",575U,5651d,CLOSED
181133,Tree Trim,2021-07-13 08:59 AM,Tree Trim Inspection,TREEMAINTENANCE,"BLANCHETTE, PETER","4710 AIRPORT BLVD,HOUSTON,77048","6, ZONE",573H,5452a,CLOSED
181135,Tree Removal,2021-07-13 09:03 AM,Tree Removal Inspection,TREEMAINTENANCE,"UF - POLOVTSEV, SERA","5010 WAYCROSS ST,HOUSTON,77035","7, ZONE",531Y,5153b,CLOSED
181136,Tree Trim,2021-07-13 09:11 AM,Tree Trim Inspection,TREEMAINTENANCE,"UF - JONES, CODY",1100 SOUTHMORE BLVD,"7, ZONE",493W,77004,CLOSED
181138,Tree Trim,2021-07-13 09:14 AM,Tree Trim Inspection,TREEMAINTENANCE,"UF - POLOVTSEV, SERA","2134 FAIRVIEW AVE,HOUSTON,77019","2, ZONE",492U,5256b,CLOSED
181142,Tree Removal,2021-07-13 09:48 AM,Tree Removal Inspection,TREEMAINTENANCE,"UF - POLOVTSEV, SERA","1000 COUNTRY PLACE DR,HOUSTON,77079","2, ZONE",488D,4858c,CLOSED
181143,Tree Trim,2021-07-13 09:50 AM,Tree Trim Inspection,TREEMAINTENANCE,"UF - POLOVTSEV, SERA","5244 CENTER ST,HOUSTON,77007","2, ZONE",492G,5258d,CLOSED
181144,Tree Trim,2021-07-13 09:54 AM,Tree Trim Inspection,TREEMAINTENANCE,"BLANCHETTE, PETER","5907 VAN FLEET ST,HOUSTON,77033","6, ZONE",534T,5454d,CLOSED
181145,Tree Trim,2021-07-13 10:03 AM,Tree Trim Inspection,TREEMAINTENANCE,"UF - POLOVTSEV, SERA","12822 REGAL OAKS BEND LN,HOUSTON,77047","7, ZONE",572Q,5351a,CLOSED
181146,Tree Trim,2021-07-13 10:15 AM,Tree Trim Inspection,TREEMAINTENANCE,"UF - POLOVTSEV, SERA","5001 WOODWAY DR,HOUSTON,77056","2, ZONE",491L,5157b,CLOSED
181147,Tree Trim,2021-07-13 10:21 AM,Tree Trim Inspection,TREEMAINTENANCE,"UF - POLOVTSEV, SERA","COUNTRY PLACE DR & KIMBERLEY LN,HOUSTON,77079","2, ZONE",488D,4858c,CLOSED
181148,Tree Trim,2021-07-13 10:27 AM,Tree Trim Inspection,TREEMAINTENANCE,"UF - POLOVTSEV, SERA","11503 W BELLFORT AVE,HOUSTON,77099","2, ZONE",529X,4953c,CLOSED
181151,Tree Removal,2021-07-13 11:45 AM,Tree Removal Inspection,TREEMAINTENANCE,"UF - JONES, CODY","17510 WAYFOREST DR,HOUSTON,77060","4, ZONE",373N,5365a,CLOSED
181152,Tree Trim,2021-07-13 11:46 AM,Tree Trim Inspection,TREEMAINTENANCE,"UF - POLOVTSEV, SERA","14215 FONMEADOW DR,HOUSTON,77035","7, ZONE",570H,5052d,CLOSED
181153,Tree Trim,2021-07-13 11:52 AM,Tree Trim Inspection,TREEMAINTENANCE,"UF - POLOVTSEV, SERA","11520 FAIRMONT ST,HOUSTON,77035","7, ZONE",570H,5052d,CLOSED
181154,Tree Removal,2021-07-13 12:04 PM,Tree Removal Inspection,TREEMAINTENANCE,"BLANCHETTE, PETER","7820 GLADSTONE ST,HOUSTON,77051","6, ZONE",533U,5454c,CLOSED
181155,Tree Trim,2021-07-13 12:10 PM,Tree Trim Inspection,TREEMAINTENANCE,"UF - JONES, CODY","855 GREENS RD,HOUSTON,77060","4, ZONE",373N,5365a,CLOSED
181156,Tree Removal,2021-07-13 12:22 PM,Tree Removal Inspection,TREEMAINTENANCE,"UF - JONES, CODY","CARVER RD & CLIFFDALE ST,HOUSTON,77091","3, ZONE",412W,5261a,CLOSED
181158,Tree Removal,2021-07-13 01:31 PM,Tree Removal Inspection,TREEMAINTENANCE,"UF - JONES, CODY","2035 RUTLAND ST,HOUSTON,77008","3, ZONE",452V,5359c,CLOSED
181159,Tree Trim,2021-07-13 01:40 PM,Tree Trim Inspection,TREEMAINTENANCE,"UF - JONES, CODY","7402 JALNA ST,HOUSTON,77055","3, ZONE",451T,5159c,CLOSED
181160,Tree Removal,2021-07-13 01:46 PM,Tree Removal Inspection,TREEMAINTENANCE,"UF - JONES, CODY",8402 MAGNA ST,"4, ZONE",454F,77093,CLOSED
181161,Tree Removal,2021-07-13 02:12 PM,Tree Removal Inspection,TREEMAINTENANCE,"UF - JONES, CODY","2802 W T C JESTER BLVD,HOUSTON,77018","3, ZONE",452N      ,5259a,CLOSED
181162,Tree Trim,2021-07-13 02:15 PM,Tree Trim Inspection,TREEMAINTENANCE,"BLANCHETTE, PETER","4535 PERRY ST,HOUSTON,77021","6, ZONE",533M      ,5454b,CLOSED
181163,Tree Trim,2021-07-13 02:16 PM,Tree Trim Inspection,TREEMAINTENANCE,"UF - POLOVTSEV, SERA","5130 WOODWAY DR,HOUSTON,77056","2, ZONE",491L,5157b,CLOSED
181164,Tree Trim,2021-07-13 02:21 PM,Tree Trim Inspection,TREEMAINTENANCE,"UF - JONES, CODY","2821 W 11TH ST,HOUSTON,77008","3, ZONE",492B,5258b,CLOSED
181165,Tree Trim,2021-07-13 03:04 PM,Tree Trim Inspection,TREEMAINTENANCE,"UF - JONES, CODY","4618 MCEWEN ST,HOUSTON,77009","4, ZONE",453U,5459c,CLOSED
181166,Tree Trim,2021-07-13 03:14 PM,Tree Trim Inspection,TREEMAINTENANCE,"UF - JONES, CODY","7900 JOY ST,HOUSTON,77028","4, ZONE",455K,5560d,CLOSED
181167,Tree Trim,2021-07-13 03:15 PM,Tree Trim Inspection,TREEMAINTENANCE,"BLANCHETTE, PETER","435 WOODRAIL DR,HOUSTON,77598","5, ZONE",618S,5949d,CLOSED
181168,Tree Removal,2021-07-13 03:17 PM,Tree Removal Inspection,TREEMAINTENANCE,"UF - JONES, CODY","4521 NOBLE ST,HOUSTON,77020","4, ZONE",494B,5558a,CLOSED
181169,Tree Removal,2021-07-13 03:32 PM,Tree Removal Inspection,TREEMAINTENANCE,"UF - JONES, CODY","4724 BRINKMAN ST,HOUSTON,77018","3, ZONE",452G,5260b,CLOSED
181170,Tree Trim,2021-07-13 03:37 PM,Tree Trim Inspection,TREEMAINTENANCE,"UF - POLOVTSEV, SERA",515 AVONDALE ST,"2, ZONE",493S,77006,CLOSED
181171,Tree Trim,2021-07-13 03:38 PM,Tree Trim Inspection,TREEMAINTENANCE,"UF - JONES, CODY","3329 PINEMONT DR,HOUSTON,77018","3, ZONE",452F,5260a,CLOSED
181172,Tree Removal,2021-07-13 03:53 PM,Tree Removal Inspection,TREEMAINTENANCE,"UF - POLOVTSEV, SERA","5655 PIPING ROCK LN,HOUSTON,77056","2, ZONE",491T,5156a,CLOSED
181173,Tree Trim,2021-07-13 03:57 PM,Tree Trim Inspection,TREEMAINTENANCE,"UF - JONES, CODY","424 W 27TH ST,HOUSTON,77008","3, ZONE",452V,5359a,CLOSED
181174,Tree Removal,2021-07-13 04:03 PM,Tree Removal Inspection,TREEMAINTENANCE,"UF - JONES, CODY","7341 ANTOINE DR,HOUSTON,77088","3, ZONE",411U,5162c,CLOSED
181175,Tree Trim,2021-07-13 04:18 PM,Tree Trim Inspection,TREEMAINTENANCE,"UF - POLOVTSEV, SERA","S DAIRY ASHFORD RD & BRIAR PATCH DR,HOUSTON,77077","2, ZONE",488M,4857c,CLOSED
181176,Tree Trim,2021-07-13 04:47 PM,Tree Trim Inspection,TREEMAINTENANCE,"BLANCHETTE, PETER","6900 BELLFORT ST,HOUSTON,77087","6, ZONE",534Z,5553b,CLOSED
181177,Tree Removal,2021-07-13 04:51 PM,Tree Removal Inspection,TREEMAINTENANCE,"UF - JONES, CODY","3128 COAL ST,HOUSTON,77026","4, ZONE",454W,5459d,CLOSED
181178,Tree Trim,2021-07-13 05:00 PM,Tree Trim Inspection,TREEMAINTENANCE,"UF - JONES, CODY","W TIDWELL RD & ASH OAK DR,HOUSTON,77091","4, ZONE",451C      ,5161d,CLOSED
181179,Tree Trim,2021-07-13 05:00 PM,Tree Trim Inspection,TREEMAINTENANCE,"UF - POLOVTSEV, SERA","1800 SHANNON VALLEY DR,HOUSTON,77077","2, ZONE",488R,4856a,CLOSED
181180,Tree Removal,2021-07-13 05:03 PM,Tree Removal Inspection,TREEMAINTENANCE,"UF - POLOVTSEV, SERA","9107 DUNLAP ST,HOUSTON,77074","7, ZONE",531S,5154c,CLOSED
181181,Tree Removal,2021-07-13 05:22 PM,Tree Removal Inspection,TREEMAINTENANCE,"UF - JONES, CODY","4825 BRINKMAN ST,HOUSTON,77018","3, ZONE",452G,5260b,CLOSED
181182,Tree Trim,2021-07-13 05:36 PM,Tree Trim Inspection,TREEMAINTENANCE,"UF - JONES, CODY","1402 W DONOVAN ST,HOUSTON,77091","3, ZONE",452F,5261c,CLOSED
181183,Tree Trim,2021-07-13 06:31 PM,Tree Trim Inspection,TREEMAINTENANCE,"UF - JONES, CODY","6002 GREEN FALLS DR,HOUSTON,77088","3, ZONE",411P,5162a,CLOSED
181184,Tree Trim,2021-07-13 06:43 PM,Tree Trim Inspection,TREEMAINTENANCE,"UF - JONES, CODY","3403 BELLA VISTA ST,HOUSTON,77022","3, ZONE",453P,5360d,CLOSED
181185,Tree Removal,2021-07-13 06:45 PM,Tree Removal Inspection,TREEMAINTENANCE,"BLANCHETTE, PETER","5023 YELLOWSTONE BLVD,HOUSTON,77021","6, ZONE",534N,5454b,CLOSED
181186,Tree Trim,2021-07-13 08:28 PM,Tree Trim Inspection,TREEMAINTENANCE,"UF - POLOVTSEV, SERA","10015 CLIFFWOOD DR,HOUSTON,77035","7, ZONE",531V,5253a,CLOSED
181187,Tree Trim,2021-07-14 07:30 AM,Tree Trim Inspection,TREEMAINTENANCE,"UF - JONES, CODY","500 E CANINO RD,HOUSTON,77037","4, ZONE",413S,5362c,CLOSED
181188,Tree Trim,2021-07-14 08:15 AM,Tree Trim Inspection,TREEMAINTENANCE,"UF - JONES, CODY","2909 BEAUCHAMP ST,HOUSTON,77009","3, ZONE",493B,5358b,CLOSED
181189,Tree Trim,2021-07-14 08:21 AM,Tree Trim Inspection,TREEMAINTENANCE,"UF - POLOVTSEV, SERA","4700 MORNINGSIDE DR,HOUSTON,77005","7, ZONE",532C,5256d,CLOSED
181190,Tree Trim,2021-07-14 08:46 AM,Tree Trim Inspection,TREEMAINTENANCE,"BLANCHETTE, PETER","2121 OAKDALE ST,HOUSTON,77004","6, ZONE",533B      ,5355b,CLOSED
181191,Tree Trim,2021-07-14 09:04 AM,Tree Trim Inspection,TREEMAINTENANCE,"UF - JONES, CODY","2210 GAGNE ST,HOUSTON,77020","4, ZONE",494C,5558a,CLOSED
181192,Tree Trim,2021-07-14 09:37 AM,Tree Trim Inspection,TREEMAINTENANCE,"UF - POLOVTSEV, SERA","2638 WESTGATE DR,HOUSTON,77098","2, ZONE",492U,5256b,CLOSED
181193,Tree Trim,2021-07-14 09:52 AM,Tree Trim Inspection,TREEMAINTENANCE,"UF - POLOVTSEV, SERA","3119 SKYPARK DR,HOUSTON,77082","2, ZONE",488Y,4855a,CLOSED
181194,Tree Removal,2021-07-14 10:08 AM,Tree Removal Inspection,TREEMAINTENANCE,"UF - POLOVTSEV, SERA",1509 HAROLD ST,"2, ZONE",492V,77006,CLOSED
181196,Tree Removal,2021-07-14 10:22 AM,Tree Removal Inspection,TREEMAINTENANCE,"UF - JONES, CODY",9920 PORTO RICO RD (R.L. & CORA JOHNSON PARK),"3, ZONE",450A,77041,CLOSED
181197,Tree Trim,2021-07-14 10:25 AM,Tree Trim Inspection,TREEMAINTENANCE,"UF - JONES, CODY","1203 HEIGHTS BLVD,HOUSTON,77008","3, ZONE",453W,5358a,CLOSED
181198,Tree Removal,2021-07-14 11:19 AM,Tree Removal Inspection,TREEMAINTENANCE,"UF - JONES, CODY","1050 STUDEWOOD ST,HOUSTON,77008","3, ZONE",453W,5358b,CLOSED
181199,Tree Trim,2021-07-14 11:47 AM,Tree Trim Inspection,TREEMAINTENANCE,"UF - POLOVTSEV, SERA","4100 MEMORIAL DR,HOUSTON,77007","2, ZONE",492M,5357a,CLOSED
181200,Tree Removal,2021-07-14 12:18 PM,Tree Removal Inspection,TREEMAINTENANCE,"UF - POLOVTSEV, SERA","1500 HERMANN DR,HOUSTON,77004","7, ZONE",533A,5355b,CLOSED
181201,Tree Trim,2021-07-14 12:24 PM,Tree Trim Inspection,TREEMAINTENANCE,"UF - POLOVTSEV, SERA","2815 SMITH ST,HOUSTON,77006","2, ZONE",493T,5356b,CLOSED
181202,Tree Trim,2021-07-14 12:38 PM,Tree Trim Inspection,TREEMAINTENANCE,"UF - JONES, CODY","1526 W 26TH ST,HOUSTON,77008","3, ZONE",452T,5259b,CLOSED
181203,Tree Trim,2021-07-14 01:35 PM,Tree Trim Inspection,TREEMAINTENANCE,"UF - JONES, CODY","18000 SAUMS RD,HOUSTON,77084","3, ZONE",447S,4658a,CLOSED
181208,Tree Trim,2021-07-14 02:30 PM,Tree Trim Inspection,TREEMAINTENANCE,"UF - JONES, CODY","6230 BENDING OAKS ST,HOUSTON,77050","4, ZONE",415E,5563b,CLOSED
181210,Tree Removal,2021-07-14 04:37 PM,Tree Removal Inspection,TREEMAINTENANCE,"UF - JONES, CODY","408 GOLDENROD ST,HOUSTON,77009","4, ZONE",493C,5458a,CLOSED
181211,Tree Removal,2021-07-14 05:18 PM,Tree Removal Inspection,TREEMAINTENANCE,"BLANCHETTE, PETER","9538 CARMALEE ST,HOUSTON,77075","6, ZONE",576W,5751c,CLOSED
181213,Tree Removal,2021-07-14 07:59 PM,Tree Removal Inspection,TREEMAINTENANCE,"BLANCHETTE, PETER","6402 MARKET ST,HOUSTON,77020 SELENA PARK ","5, ZONE",494H,5558d,CLOSED
181214,Tree Removal,2021-07-14 08:41 PM,Tree Removal Inspection,TREEMAINTENANCE,"UF - JONES, CODY","542 ARLINGTON ST,HOUSTON,77007","4, ZONE",493A      ,5358c,CLOSED
181215,Tree Trim,2021-07-14 09:41 PM,Tree Trim Inspection,TREEMAINTENANCE,"UF - JONES, CODY","2219 TREE LN,HOUSTON,77339","4, ZONE",296Z,5770d,CLOSED
181216,Tree Trim,2021-07-14 10:27 PM,Tree Trim Inspection,TREEMAINTENANCE,"UF - POLOVTSEV, SERA",2500 CAPITOL ST,"5, ZONE",493R,77003,CLOSED
181218,Tree Trim,2021-07-15 06:54 AM,Tree Trim Inspection,TREEMAINTENANCE,"UF - POLOVTSEV, SERA","8552 MEMORIAL DR,HOUSTON,77024","2, ZONE",491H,5257a,CLOSED
181224,Tree Trim,2021-07-15 08:19 AM,Tree Trim Inspection,TREEMAINTENANCE,"UF - POLOVTSEV, SERA","13903 AMBROSE ST,HOUSTON,77045","7, ZONE",572P,5251b,CLOSED
181225,Tree Trim,2021-07-15 08:25 AM,Tree Trim Inspection,TREEMAINTENANCE,"BLANCHETTE, PETER","AIRPORT BLVD & SCOTT ST,HOUSTON,77051","6, ZONE",573G,5452a,CLOSED
181226,Tree Trim,2021-07-15 08:35 AM,Tree Trim Inspection,TREEMAINTENANCE,"BLANCHETTE, PETER","8102 VENNARD RD,HOUSTON,77034","5, ZONE",576F,5752a,CLOSED
181227,Tree Trim,2021-07-15 08:40 AM,Tree Trim Inspection,TREEMAINTENANCE,"BLANCHETTE, PETER","1551 ELLIOTT ST,HOUSTON,77023","5, ZONE",494X,5556c,CLOSED
181228,Tree Removal,2021-07-15 08:49 AM,Tree Removal Inspection,TREEMAINTENANCE,"UF - POLOVTSEV, SERA","777 N ELDRIDGE PKWY,HOUSTON,77079","2, ZONE",488C,4758d,CLOSED
181231,Tree Removal,2021-07-15 09:03 AM,Tree Removal Inspection,TREEMAINTENANCE,"UF - POLOVTSEV, SERA","12200 BRIAR FOREST DR,HOUSTON,77077","2, ZONE",489N,4857d,CLOSED
181232,Tree Trim,2021-07-15 09:28 AM,Tree Trim Inspection,TREEMAINTENANCE,"UF - JONES, CODY","6901 APACHE ST,HOUSTON,77028","4, ZONE",454R,5560c,CLOSED
181233,Tree Removal,2021-07-15 09:31 AM,Tree Removal Inspection,TREEMAINTENANCE,"UF - JONES, CODY",4725 BRINKMAN ST (SHEPHERD PARK),"3, ZONE",452G,77018,CLOSED
181234,Tree Trim,2021-07-15 09:52 AM,Tree Trim Inspection,TREEMAINTENANCE,"UF - JONES, CODY","411 BIZERTE ST,HOUSTON,77022","3, ZONE",453E,5360a,CLOSED
181235,Tree Trim,2021-07-15 10:14 AM,Tree Trim Inspection,TREEMAINTENANCE,"UF - JONES, CODY","3200 YORKSHIRE ST,HOUSTON,77093","4, ZONE",454J,5460b,CLOSED
181236,Tree Removal,2021-07-15 11:05 AM,Tree Removal Inspection,TREEMAINTENANCE,"UF - POLOVTSEV, SERA","1015 HEIGHTS BLVD,HOUSTON,77008","3, ZONE",493A,5358a,CLOSED
181237,Tree Trim,2021-07-15 12:11 PM,Tree Trim Inspection,TREEMAINTENANCE,"UF - JONES, CODY","1135 AURORA ST,HOUSTON,77009","3, ZONE",453T,5359b,CLOSED
181238,Tree Removal,2021-07-15 12:48 PM,Tree Removal Inspection,TREEMAINTENANCE,"UF - POLOVTSEV, SERA","4139 NATHANS PARK PL,HOUSTON,77053","7, ZONE",572S,5251c,CLOSED
181239,Tree Trim,2021-07-15 12:48 PM,Tree Trim Inspection,TREEMAINTENANCE,"BLANCHETTE, PETER","7630 MOSSIDE ST,HOUSTON,77021","6, ZONE",533P,5354d,CLOSED
181240,Tree Trim,2021-07-15 01:24 PM,Tree Trim Inspection,TREEMAINTENANCE,"UF - POLOVTSEV, SERA","1310 BRIAR BAYOU DR,HOUSTON,77077","2, ZONE",488L,4857c,CLOSED
181241,Tree Removal,2021-07-15 01:54 PM,Tree Removal Inspection,TREEMAINTENANCE,"BLANCHETTE, PETER","12201 PALMFREE ST,HOUSTON,77034","5, ZONE",576R,5852c,CLOSED
181242,Tree Removal,2021-07-15 02:37 PM,Tree Removal Inspection,TREEMAINTENANCE,"UF - POLOVTSEV, SERA","5103 BIRDWOOD RD,HOUSTON,77096","7, ZONE",531Q,5154d,CLOSED
181243,Tree Trim,2021-07-15 03:13 PM,Tree Trim Inspection,TREEMAINTENANCE,"BLANCHETTE, PETER","5212 KELSO ST,HOUSTON,77021","6, ZONE",534N,5454b,CLOSED
181244,Tree Removal,2021-07-15 03:21 PM,Tree Removal Inspection,TREEMAINTENANCE,"UF - POLOVTSEV, SERA","9369 RENWICK DR,HOUSTON,77096","7, ZONE",531S,5154c,CLOSED
181248,Tree Removal,2021-07-15 03:52 PM,Tree Removal Inspection,TREEMAINTENANCE,"UF - JONES, CODY","7020 HIRSCH RD,HOUSTON,77016","4, ZONE",454K,5460d,CLOSED
181249,Tree Trim,2021-07-15 05:22 PM,Tree Trim Inspection,TREEMAINTENANCE,"UF - POLOVTSEV, SERA","SUNSET BLVD & MORNINGSIDE DR,HOUSTON,77005","7, ZONE",532C,5255b,CLOSED
181250,Tree Trim,2021-07-15 06:04 PM,Tree Trim Inspection,TREEMAINTENANCE,"BLANCHETTE, PETER","3902 COSBY ST,HOUSTON,77021","6, ZONE",533L,5454a,CLOSED
181251,Tree Trim,2021-07-15 08:17 PM,Tree Trim Inspection,TREEMAINTENANCE,"BLANCHETTE, PETER","5767 MEADOW CREEK LN,HOUSTON,77017","5, ZONE",536T,5754c,CLOSED
181252,Tree Removal,2021-07-15 09:37 PM,Tree Removal Inspection,TREEMAINTENANCE,"BLANCHETTE, PETER","7250 BELLFORT ST,HOUSTON,77087","6, ZONE",534Z      ,5553b,CLOSED
181253,Tree Removal,2021-07-15 09:43 PM,Tree Removal Inspection,TREEMAINTENANCE,"UF - JONES, CODY","8400 PARKHURST DR,HOUSTON,77028","4, ZONE",455E      ,5561d,CLOSED
181257,Tree Trim,2021-07-16 07:58 AM,Tree Trim Inspection,TREEMAINTENANCE,"UF - JONES, CODY","902 JAMES ST,HOUSTON,77009","4, ZONE",493H      ,5458c,CLOSED
181258,Tree Trim,2021-07-16 08:22 AM,Tree Trim Inspection,TREEMAINTENANCE,"UF - JONES, CODY","1544 DIAN ST,HOUSTON,77008","3, ZONE",452Y,5259d,CLOSED
181260,Tree Removal,2021-07-16 08:43 AM,Tree Removal Inspection,TREEMAINTENANCE,"UF - JONES, CODY","4902 LYONS AVE,HOUSTON,77020","4, ZONE",494G,5558c,CLOSED
181261,Tree Removal,2021-07-16 09:26 AM,Tree Removal Inspection,TREEMAINTENANCE,"UF - JONES, CODY","1215 ASHLAND ST,HOUSTON,77008","3, ZONE",452Z,5358a,CLOSED
181262,Tree Removal,2021-07-16 09:32 AM,Tree Removal Inspection,TREEMAINTENANCE,"BLANCHETTE, PETER","11303 PALMSPRINGS DR,HOUSTON,77034","5, ZONE",576Q,5752d,CLOSED
181263,Tree Trim,2021-07-16 10:05 AM,Tree Trim Inspection,TREEMAINTENANCE,"UF - JONES, CODY",111 FALLBROOK DR,"3, ZONE",372Y,77038,CLOSED
181264,Tree Trim,2021-07-16 11:32 AM,Tree Trim Inspection,TREEMAINTENANCE,"UF - POLOVTSEV, SERA","5410 BRAESWOOD BLVD,HOUSTON,77096","7, ZONE",531T,5153a,CLOSED
181265,Tree Removal,2021-07-16 11:39 AM,Tree Removal Inspection,TREEMAINTENANCE,"UF - POLOVTSEV, SERA","2006 ALBANS RD,HOUSTON,77005","7, ZONE",532D,5356c,CLOSED
181266,Tree Trim,2021-07-16 11:48 AM,Tree Trim Inspection,TREEMAINTENANCE,"BLANCHETTE, PETER","8142 JOPLIN ST,HOUSTON,77017","5, ZONE",535P,5654a,CLOSED
181267,Tree Removal,2021-07-16 12:22 PM,Tree Removal Inspection,TREEMAINTENANCE,"UF - POLOVTSEV, SERA","5023 RIDGE MANOR DR,HOUSTON,77053","7, ZONE",611C,5150d,CLOSED
181268,Tree Removal,2021-07-16 12:35 PM,Tree Removal Inspection,TREEMAINTENANCE,"UF - POLOVTSEV, SERA","2327 GOLDSMITH ST,HOUSTON,77030","7, ZONE",532G,5255d,CLOSED
181269,Tree Removal,2021-07-16 12:54 PM,Tree Removal Inspection,TREEMAINTENANCE,"UF - JONES, CODY","8603 MAGNA ST,HOUSTON,77093","4, ZONE",454F,5460b,CLOSED
181270,Tree Trim,2021-07-16 01:09 PM,Tree Trim Inspection,TREEMAINTENANCE,"UF - JONES, CODY","827 E 26TH ST,HOUSTON,77009","3, ZONE",453S,5359a,CLOSED
181271,Tree Trim,2021-07-16 01:42 PM,Tree Trim Inspection,TREEMAINTENANCE,"BLANCHETTE, PETER","CARMALEE ST & BLACKHAWK BLVD,HOUSTON,77075","6, ZONE",575Z,5751c,CLOSED
181272,Tree Trim,2021-07-16 02:06 PM,Tree Trim Inspection,TREEMAINTENANCE,"UF - JONES, CODY","300 WALTON ST,HOUSTON,77009","3, ZONE",453X,5359d,CLOSED
181273,Tree Trim,2021-07-16 02:24 PM,Tree Trim Inspection,TREEMAINTENANCE,"UF - JONES, CODY","4000 CAPLIN ST,HOUSTON,77026","4, ZONE",454P,5460d,CLOSED
181275,Tree Trim,2021-07-16 02:52 PM,Tree Trim Inspection,TREEMAINTENANCE,"BLANCHETTE, PETER","6947 VANDEMAN ST,HOUSTON,77087","5, ZONE",535E,5555b,CLOSED
181277,Tree Trim,2021-07-16 03:01 PM,Tree Trim Inspection,TREEMAINTENANCE,"BLANCHETTE, PETER","4200 GALVESTON RD,HOUSTON,77017","5, ZONE",535Q,5654b,CLOSED
181278,Tree Trim,2021-07-16 03:07 PM,Tree Trim Inspection,TREEMAINTENANCE,"BLANCHETTE, PETER","2500 GALVESTON RD,HOUSTON,77017","5, ZONE",535K,5655c,CLOSED
181279,Tree Trim,2021-07-16 03:15 PM,Tree Trim Inspection,TREEMAINTENANCE,"BLANCHETTE, PETER","3616 DENVER ST,HOUSTON,77003","5, ZONE",494S,5456b,CLOSED
181281,Tree Trim,2021-07-16 04:16 PM,Tree Trim Inspection,TREEMAINTENANCE,"UF - POLOVTSEV, SERA",10914 CEDARHURST DR,"7, ZONE",531X,77096,CLOSED
181282,Tree Removal,2021-07-16 04:34 PM,Tree Removal Inspection,TREEMAINTENANCE,"BLANCHETTE, PETER","7804 ADRIAN ST,HOUSTON,77012","5, ZONE",535F,5655c,CLOSED
181283,Tree Trim,2021-07-16 05:28 PM,Tree Trim Inspection,TREEMAINTENANCE,"UF - POLOVTSEV, SERA","12906 MANDRAKE CT,HOUSTON,77085","7, ZONE",571G,5152d,CLOSED
181284,Tree Trim,2021-07-16 05:29 PM,Tree Trim Inspection,TREEMAINTENANCE,"UF - POLOVTSEV, SERA","12906 MANDRAKE CT,HOUSTON,77085","7, ZONE",571G,5152d,CLOSED
181285,Tree Trim,2021-07-16 05:34 PM,Tree Trim Inspection,TREEMAINTENANCE,"UF - JONES, CODY","4303 CASTOR ST,HOUSTON,77022","4, ZONE",453J      ,5360c,CLOSED
181286,Tree Trim,2021-07-16 07:42 PM,Tree Trim Inspection,TREEMAINTENANCE,"BLANCHETTE, PETER","8000 FREY RD,HOUSTON,77034","5, ZONE",576F,5752b,CLOSED
181287,Tree Trim,2021-07-17 05:54 AM,Tree Trim Inspection,TREEMAINTENANCE,"BLANCHETTE, PETER","11402 JUTLAND RD,HOUSTON,77048","6, ZONE",573M,5452d,CLOSED
181288,Tree Removal,2021-07-17 11:11 AM,Tree Removal Inspection,TREEMAINTENANCE,"UF - POLOVTSEV, SERA","5300 MANDELL ST,HOUSTON,77005","7, ZONE",492Z,5356c,CLOSED
181289,Tree Removal,2021-07-17 11:11 AM,Tree Removal Inspection,TREEMAINTENANCE,"UF - POLOVTSEV, SERA","5300 MANDELL ST,HOUSTON,77005","7, ZONE",492Z,5356c,CLOSED
181290,Tree Trim,2021-07-17 11:53 AM,Tree Trim Inspection,TREEMAINTENANCE,"UF - JONES, CODY","8303 MILLICENT ST,HOUSTON,77093","4, ZONE",454E,5460a,CLOSED
181291,Tree Trim,2021-07-17 11:54 AM,Tree Trim Inspection,TREEMAINTENANCE,"UF - BURKES, JEREMY","8303 MILLICENT ST,HOUSTON,77093","4, ZONE",454E,5460a,CLOSED
181292,Tree Trim,2021-07-17 11:56 AM,Tree Trim Inspection,TREEMAINTENANCE,"UF - BURKES, JEREMY","8303 MILLICENT ST,HOUSTON,77093","4, ZONE",454E,5460a,CLOSED
181293,Tree Trim,2021-07-17 03:31 PM,Tree Trim Inspection,TREEMAINTENANCE,"UF - POLOVTSEV, SERA","5402 SCHUMACHER LN,HOUSTON,77056","2, ZONE",491Y,5156d,CLOSED
181294,Tree Trim,2021-07-17 03:31 PM,Tree Trim Inspection,TREEMAINTENANCE,"UF - POLOVTSEV, SERA","5402 SCHUMACHER LN,HOUSTON,77056","2, ZONE",491Y,5156d,CLOSED
181295,Tree Trim,2021-07-18 09:39 AM,Tree Trim Inspection,TREEMAINTENANCE,"BLANCHETTE, PETER","4231 ALMEDA MEADOWS DR,HOUSTON,77048","6, ZONE",573R,5451b,CLOSED
181296,Tree Trim,2021-07-18 09:39 AM,Tree Trim Inspection,TREEMAINTENANCE,"BLANCHETTE, PETER","4231 ALMEDA MEADOWS DR,HOUSTON,77048","6, ZONE",573R,5451b,CLOSED
181297,Tree Trim,2021-07-18 12:37 PM,Tree Trim Inspection,TREEMAINTENANCE,"BLANCHETTE, PETER",2702 EMANCIPATION AVE,"6, ZONE",493U,77004,CLOSED
181298,Tree Trim,2021-07-18 12:37 PM,Tree Trim Inspection,TREEMAINTENANCE,"UF - POLOVTSEV, SERA","2702 EMANCIPATION AVE,HOUSTON,77004","2, ZONE",493U      ,5456a,CLOSED
181299,Tree Trim,2021-07-18 02:04 PM,Tree Trim Inspection,TREEMAINTENANCE,"BLANCHETTE, PETER","7039 KERNEL ST,HOUSTON,77087","5, ZONE",535E,5555b,CLOSED
181300,Tree Trim,2021-07-18 03:50 PM,Tree Trim Inspection,TREEMAINTENANCE,"UF - POLOVTSEV, SERA","2623 KIPLING ST,HOUSTON,77098","2, ZONE",492U,5256b,CLOSED
181301,Tree Trim,2021-07-18 03:50 PM,Tree Trim Inspection,TREEMAINTENANCE,"UF - POLOVTSEV, SERA","2623 KIPLING ST,HOUSTON,77098","2, ZONE",492U,5256b,CLOSED
181302,Tree Trim,2021-07-18 08:04 PM,Tree Trim Inspection,TREEMAINTENANCE,"UF - JONES, CODY","602 E CROSSTIMBERS ST,HOUSTON,77022","4, ZONE",453L,5460a,CLOSED
181303,Tree Trim,2021-07-18 08:04 PM,Tree Trim Inspection,TREEMAINTENANCE,"UF - JONES, CODY","602 E CROSSTIMBERS ST,HOUSTON,77022","4, ZONE",453L,5460a,CLOSED
181304,Tree Protection Rev,2021-07-19 08:15 AM,Tree Protection Review Inspection,TREEPROTECTION,"BLANCHETTE, PETER","1102 SMALLWOOD LN,HOUSTON,77023","5, ZONE",535A,5556d,CLOSED
181305,Tree Removal,2021-07-19 08:21 AM,Tree Removal Inspection,TREEMAINTENANCE,"UF - JONES, CODY","1339 W DONOVAN ST,HOUSTON,77091","3, ZONE",452F,5261c,CLOSED
181306,Tree Trim,2021-07-19 08:27 AM,Tree Trim Inspection,TREEMAINTENANCE,"BLANCHETTE, PETER","848 ZOE ST, HOUSTON,77020","5, ZONE",494H,5558d,CLOSED
181307,Tree Removal,2021-07-19 09:01 AM,Tree Removal Inspection,TREEMAINTENANCE,"UF - POLOVTSEV, SERA","5119 SCHULER ST,HOUSTON,77007","2, ZONE",492G,5258d,CLOSED
181308,Tree Removal,2021-07-19 10:03 AM,Tree Removal Inspection,TREEMAINTENANCE,"UF - POLOVTSEV, SERA","1100 SOUTHMORE BLVD,HOUSTON,77004","7, ZONE",493W,5356d,CLOSED
181309,Tree Trim,2021-07-19 10:49 AM,Tree Trim Inspection,TREEMAINTENANCE,"UF - JONES, CODY","CORNELL ST & E 27TH ST,HOUSTON,77009","3, ZONE",453S,5359a,CLOSED
181310,Tree Removal,2021-07-19 12:15 PM,Tree Removal Inspection,TREEMAINTENANCE,"UF - POLOVTSEV, SERA","402 LOVETT BLVD,HOUSTON,77006","2, ZONE",493S,5356b,CLOSED
181311,Tree Trim,2021-07-19 12:20 PM,Tree Trim Inspection,TREEMAINTENANCE,"BLANCHETTE, PETER","6805 PEERLESS ST,HOUSTON,77021","6, ZONE",533L,5354b,CLOSED
181312,Tree Trim,2021-07-19 01:11 PM,Tree Trim Inspection,TREEMAINTENANCE,"UF - JONES, CODY","1424 E 35TH ST,HOUSTON,77022","3, ZONE",453P,5360d,CLOSED
181315,Tree Trim,2021-07-19 01:41 PM,Tree Trim Inspection,TREEMAINTENANCE,"BLANCHETTE, PETER","602 BERESFORD,HOUSTON,77015","5, ZONE",497A      ,5858a,CLOSED
181316,Tree Removal,2021-07-19 01:41 PM,Tree Removal Inspection,TREEMAINTENANCE,"UF - POLOVTSEV, SERA","7258 SHADY CORNERS LN,HOUSTON,77040","3, ZONE",410V,5062d,CLOSED
181317,Tree Trim,2021-07-19 02:08 PM,Tree Trim Inspection,TREEMAINTENANCE,"UF - JONES, CODY","6500 HOMESTEAD RD,HOUSTON,77026","4, ZONE",454R,5560d,CLOSED
181318,Tree Removal,2021-07-19 02:42 PM,Tree Removal Inspection,TREEMAINTENANCE,"BLANCHETTE, PETER","739 REDWAY LN,HOUSTON,77062","5, ZONE",618N,5949d,CLOSED
181319,Tree Trim,2021-07-19 03:06 PM,Tree Trim Inspection,TREEMAINTENANCE,"UF - POLOVTSEV, SERA","4703 BROWNSTONE LN,HOUSTON,77053","7, ZONE",571V,5251c,CLOSED
181320,Tree Removal,2021-07-19 03:25 PM,Tree Removal Inspection,TREEMAINTENANCE,"BLANCHETTE, PETER","8503 GLENCREST ST,HOUSTON,77061","6, ZONE",535Y,5653a,CLOSED
181321,Tree Trim,2021-07-19 03:39 PM,Tree Trim Inspection,TREEMAINTENANCE,"BLANCHETTE, PETER","6142 WORTHAM WAY,HOUSTON,77033","6, ZONE",534Y,5553a,CLOSED
181323,Tree Removal,2021-07-19 05:15 PM,Tree Removal Inspection,TREEMAINTENANCE,"UF - JONES, CODY","14911 CHIPMAN LN,HOUSTON,77060","4, ZONE",412D,5364c,CLOSED
181324,Tree Removal,2021-07-19 05:51 PM,Tree Removal Inspection,TREEMAINTENANCE,"BLANCHETTE, PETER","6601 GOFORTH ST,HOUSTON,77021","6, ZONE",533M,5454a,CLOSED
181325,Tree Trim,2021-07-19 06:07 PM,Tree Trim Inspection,TREEMAINTENANCE,"BLANCHETTE, PETER",CARR ST & NOBLE ST,"4, ZONE",494A,77026,CLOSED
181326,Tree Removal,2021-07-19 06:58 PM,Tree Removal Inspection,TREEMAINTENANCE,"BLANCHETTE, PETER","602 BERESFORD,HOUSTON,77015","5, ZONE",497A      ,5858a,CLOSED
181327,Tree Trim,2021-07-19 08:23 PM,Tree Trim Inspection,TREEMAINTENANCE,"BLANCHETTE, PETER","7702 BELLFORT ST,HOUSTON,77061","6, ZONE",535T,5653a,CLOSED
181328,Tree Removal,2021-07-19 08:59 PM,Tree Removal Inspection,TREEMAINTENANCE,"UF - POLOVTSEV, SERA","5122 BEECHNUT ST,HOUSTON,77025","7, ZONE",531Q,5154b,CLOSED
181329,Tree Removal,2021-07-19 09:08 PM,Tree Removal Inspection,TREEMAINTENANCE,"UF - POLOVTSEV, SERA",3921 OMEARA DR,"7, ZONE",532S,77025,CLOSED
181330,Tree Trim,2021-07-19 09:39 PM,Tree Trim Inspection,TREEMAINTENANCE,"UF - POLOVTSEV, SERA","10700 STANCLIFF RD,HOUSTON,77099","2, ZONE",529Y,4953c,CLOSED
181331,Tree Planting,2021-07-19 10:12 PM,Tree Planting Inspection,TREEPROTECTION,"BLANCHETTE, PETER","602 BERESFORD,HOUSTON,77015","5, ZONE",497A      ,5858a,CLOSED
181332,Tree Planting,2021-07-19 10:13 PM,Tree Planting Inspection,TREEPROTECTION,"BLANCHETTE, PETER","602 BERESFORD,HOUSTON,77015","5, ZONE",497A      ,5858a,CLOSED
181333,Tree Trim,2021-07-20 08:25 AM,Tree Trim Inspection,TREEMAINTENANCE,"UF - POLOVTSEV, SERA","10400 CLIFFWOOD DR,HOUSTON,77035 (WILLOW PARK)","7, ZONE",531Z,5153b,CLOSED
181334,Tree Removal,2021-07-20 08:55 AM,Tree Removal Inspection,TREEMAINTENANCE,"UF - POLOVTSEV, SERA","5114 CONTOUR PL,HOUSTON,77096","7, ZONE",531U,5153b,CLOSED
181335,Tree Removal,2021-07-20 09:31 AM,Tree Removal Inspection,TREEMAINTENANCE,"UF - POLOVTSEV, SERA","15 W SHADY LN,HOUSTON,77063","2, ZONE",490T,5056a,CLOSED
181336,Tree Trim,2021-07-20 10:07 AM,Tree Trim Inspection,TREEMAINTENANCE,"BLANCHETTE, PETER","3000 W LELAND ANDERSON ST,HOUSTON,77021","6, ZONE",533F,5355b,CLOSED
181337,Tree Trim,2021-07-20 10:10 AM,Tree Trim Inspection,TREEMAINTENANCE,"BLANCHETTE, PETER","5601 H MARK CROSSWELL JR ST,HOUSTON,77021","6, ZONE",533F,5355b,CLOSED
181338,Tree Trim,2021-07-20 10:13 AM,Tree Trim Inspection,TREEMAINTENANCE,"BLANCHETTE, PETER","3100 SHENANDOAH ST,HOUSTON,77021","6, ZONE",533F,5355d,CLOSED
181339,Tree Trim,2021-07-20 10:14 AM,Tree Trim Inspection,TREEMAINTENANCE,"BLANCHETTE, PETER","3000 SHENANDOAH ST,HOUSTON,77021","6, ZONE",533F,5355d,CLOSED
181340,Tree Trim,2021-07-20 10:16 AM,Tree Trim Inspection,TREEMAINTENANCE,"BLANCHETTE, PETER","16003 EL CAMINO REAL,HOUSTON,77062","5, ZONE",618P,6049a,CLOSED
181341,Tree Trim,2021-07-20 10:32 AM,Tree Trim Inspection,TREEMAINTENANCE,"UF - JONES, CODY","3002 DURBAN DR,HOUSTON,77043","3, ZONE",449M,4960d,CLOSED
181342,Tree Removal,2021-07-20 10:38 AM,Tree Removal Inspection,TREEMAINTENANCE,"UF - POLOVTSEV, SERA","8814 S RICE AVE,HOUSTON,77096","7, ZONE",531Q,5154d,CLOSED
181343,Tree Removal,2021-07-20 11:10 AM,Tree Removal Inspection,TREEMAINTENANCE,"UF - JONES, CODY","6719 W MONTGOMERY RD,HOUSTON,77091","3, ZONE",412Y,5261b,CLOSED
181344,Tree Removal,2021-07-20 11:56 AM,Tree Removal Inspection,TREEMAINTENANCE,"UF - JONES, CODY","1802 YALE ST,HOUSTON,77008","3, ZONE",452V,5359c,CLOSED
181345,Tree Removal,2021-07-20 12:53 PM,Tree Removal Inspection,TREEMAINTENANCE,"UF - JONES, CODY","3818 BLACK LOCUST DR,HOUSTON,77088","3, ZONE",411V,5162d,CLOSED
181349,Tree Trim,2021-07-20 01:26 PM,Tree Trim Inspection,TREEMAINTENANCE,"BLANCHETTE, PETER","11400 PANAY DR,HOUSTON,77048","6, ZONE",573M,5452d,CLOSED
181351,Tree Trim,2021-07-20 01:57 PM,Tree Trim Inspection,TREEMAINTENANCE,"BLANCHETTE, PETER","5055 BELLFORT ST,HOUSTON,77033","6, ZONE",533Z,5453b,CLOSED
181352,Tree Trim,2021-07-20 02:23 PM,Tree Trim Inspection,TREEMAINTENANCE,"UF - JONES, CODY","7523 JALNA ST,HOUSTON,77055","3, ZONE",451T,5159c,CLOSED
181353,Tree Trim,2021-07-20 02:36 PM,Tree Trim Inspection,TREEMAINTENANCE,"UF - JONES, CODY","2300 BEALL ST,HOUSTON,77008","3, ZONE",452U,5259b,CLOSED
181354,Tree Trim,2021-07-20 02:48 PM,Tree Trim Inspection,TREEMAINTENANCE,"UF - JONES, CODY","1300 W 24TH ST,HOUSTON,77008","3, ZONE",452U,5259b,CLOSED
181355,Tree Trim,2021-07-20 02:48 PM,Tree Trim Inspection,TREEMAINTENANCE,"UF - POLOVTSEV, SERA","12422 ROCKAMPTON DR,HOUSTON,77031","7, ZONE",570A,4952b,CLOSED
181356,Tree Trim,2021-07-20 03:00 PM,Tree Trim Inspection,TREEMAINTENANCE,"UF - JONES, CODY","18115 PELICAN WAY RD,HOUSTON,77084","3, ZONE",447W,4658a,CLOSED
181357,Tree Trim,2021-07-20 03:03 PM,Tree Trim Inspection,TREEMAINTENANCE,"UF - JONES, CODY","3315 CORNELL ST,HOUSTON,77022","3, ZONE",453N,5360c,CLOSED
181358,Tree Removal,2021-07-20 03:39 PM,Tree Removal Inspection,TREEMAINTENANCE,"BLANCHETTE, PETER","5234 POMANDER RD,HOUSTON,77021","6, ZONE",534K,5455d,CLOSED
181359,Tree Trim,2021-07-20 03:42 PM,Tree Trim Inspection,TREEMAINTENANCE,"BLANCHETTE, PETER","3801 PALM ST,HOUSTON,77004","6, ZONE",533H,5455a,CLOSED
181360,Tree Trim,2021-07-20 03:42 PM,Tree Trim Inspection,TREEMAINTENANCE,"BLANCHETTE, PETER","5120 SCOTT ST,HOUSTON,77004","6, ZONE",533H,5455a,CLOSED
181361,Tree Removal,2021-07-20 04:12 PM,Tree Removal Inspection,TREEMAINTENANCE,"UF - JONES, CODY","5530 FARMER ST,HOUSTON,77020","4, ZONE",494G,5558c,CLOSED
181362,Tree Removal,2021-07-20 04:16 PM,Tree Removal Inspection,TREEMAINTENANCE,"BLANCHETTE, PETER","9041 CULLEN BLVD ST,HOUSTON,77033","6, ZONE",533Z,5453c,CLOSED
181363,Tree Trim,2021-07-20 04:42 PM,Tree Trim Inspection,TREEMAINTENANCE,"UF - JONES, CODY","8125 SHOTWELL ST,HOUSTON,77016","4, ZONE",454G,5560a,CLOSED
181364,Tree Trim,2021-07-20 04:49 PM,Tree Trim Inspection,TREEMAINTENANCE,"BLANCHETTE, PETER","1000 GAZIN ST,HOUSTON,77020","5, ZONE",494H,5558d,CLOSED
181365,Tree Trim,2021-07-20 06:04 PM,Tree Trim Inspection,TREEMAINTENANCE,"UF - POLOVTSEV, SERA",1801 S VOSS RD,"2, ZONE",490R,77057,CLOSED
181366,Tree Removal,2021-07-20 07:31 PM,Tree Removal Inspection,TREEMAINTENANCE,"UF - BHATTARAI, NIMESH",8902 COMPTON ST,"4, ZONE",454H,77016,CLOSED
181367,Tree Removal,2021-07-20 07:32 PM,Tree Removal Inspection,TREEMAINTENANCE,"UF - JONES, CODY","8902 COMPTON ST,HOUSTON,77016","4, ZONE",454H,5561c,CLOSED
181368,Tree Trim,2021-07-20 08:05 PM,Tree Trim Inspection,TREEMAINTENANCE,"BLANCHETTE, PETER","7225 ENGLAND ST,HOUSTON,77021","6, ZONE",533Q,5454c,CLOSED
181369,Tree Trim,2021-07-20 09:15 PM,Tree Trim Inspection,TREEMAINTENANCE,"UF - POLOVTSEV, SERA",CUSHING ST & RUTHVEN ST,"2, ZONE",493P,77019,CLOSED
181370,Tree Removal,2021-07-20 09:18 PM,Tree Removal Inspection,TREEMAINTENANCE,"UF - POLOVTSEV, SERA",4300 CHEENA DR,"7, ZONE",531V,77096,CLOSED
181371,Tree Trim,2021-07-20 09:18 PM,Tree Trim Inspection,TREEMAINTENANCE,"BLANCHETTE, PETER","DAVENPORT ST & CULLEN BLVD,HOUSTON,77051","6, ZONE",533Z      ,5453a,CLOSED
181372,Tree Trim,2021-07-20 09:22 PM,Tree Trim Inspection,TREEMAINTENANCE,"UF - JONES, CODY","GESSNER RD & CENTREPARK DR,HOUSTON,77043","3, ZONE",450J      ,4960d,CLOSED
181373,Tree Trim,2021-07-20 09:22 PM,Tree Trim Inspection,TREEMAINTENANCE,"BLANCHETTE, PETER","5662 WESTOVER ST,HOUSTON,77033","6, ZONE",534W      ,5453b,CLOSED
181378,Tree Trim,2021-07-21 09:12 AM,Tree Trim Inspection,TREEMAINTENANCE,"UF - POLOVTSEV, SERA","15307 WILLVIEW RD,MISSOURI CITY,77489","7, ZONE",571W,5150a,CLOSED
181379,Tree Trim,2021-07-21 09:16 AM,Tree Trim Inspection,TREEMAINTENANCE,"UF - POLOVTSEV, SERA","11606 BRAEWICK DR,HOUSTON,77035","7, ZONE",570D,5052b,CLOSED
181380,Tree Trim,2021-07-21 09:46 AM,Tree Trim Inspection,TREEMAINTENANCE,"BLANCHETTE, PETER","2613 EMANCIPATION AVE,HOUSTON,77004","6, ZONE",493U,5456a,CLOSED
181381,Tree Trim,2021-07-21 10:10 AM,Tree Trim Inspection,TREEMAINTENANCE,"UF - JONES, CODY","4250 W 34TH ST,HOUSTON,77092","3, ZONE",451R,5160d,CLOSED
181382,Tree Trim,2021-07-21 10:25 AM,Tree Trim Inspection,TREEMAINTENANCE,"BLANCHETTE, PETER","12802 SOUTHSPRING DR,HOUSTON,77047","6, ZONE",573Q,5451a,CLOSED
181383,Tree Trim,2021-07-21 10:28 AM,Tree Trim Inspection,TREEMAINTENANCE,"UF - JONES, CODY","902 ERIN ST,HOUSTON,77009","4, ZONE",453Z,5459c,CLOSED
181384,Tree Removal,2021-07-21 10:43 AM,Tree Removal Inspection,TREEMAINTENANCE,"BLANCHETTE, PETER","8219 BENDELL DR,HOUSTON,77017","5, ZONE",535V,5654d,CLOSED
181385,Tree Trim,2021-07-21 10:43 AM,Tree Trim Inspection,TREEMAINTENANCE,"BLANCHETTE, PETER","2719 ST EMANUEL ST,HOUSTON,77004","6, ZONE",493U,5456a,CLOSED
181386,Tree Removal,2021-07-21 11:17 AM,Tree Removal Inspection,TREEMAINTENANCE,"UF - POLOVTSEV, SERA","5703 VALKEITH DR,HOUSTON,77096","7, ZONE",531S,5153a,CLOSED
181387,Tree Removal,2021-07-21 11:38 AM,Tree Removal Inspection,TREEMAINTENANCE,"UF - JONES, CODY","606 E CROSSTIMBERS ST,HOUSTON,77022","4, ZONE",453L,5460a,CLOSED
181388,Tree Removal,2021-07-21 01:32 PM,Tree Removal Inspection,TREEMAINTENANCE,"UF - JONES, CODY","741 W 38TH ST,HOUSTON,77018","3, ZONE",452Q,5260d,CLOSED
181389,Tree Removal,2021-07-21 01:39 PM,Tree Removal Inspection,TREEMAINTENANCE,"UF - POLOVTSEV, SERA","7007 COACHCREEK DR,HOUSTON,77085","7, ZONE",571J,5152c,CLOSED
181394,Tree Trim,2021-07-21 03:45 PM,Tree Trim Inspection,TREEMAINTENANCE,"UF - POLOVTSEV, SERA","4803 MAIN ST,HOUSTON,77002","7, ZONE",493W,5356d,CLOSED
181395,Tree Removal,2021-07-21 04:45 PM,Tree Removal Inspection,TREEMAINTENANCE,"UF - POLOVTSEV, SERA","14206 HIGHCROFT DR,HOUSTON,77077","2, ZONE",488J,4757d,CLOSED
181396,Tree Removal,2021-07-21 05:03 PM,Tree Removal Inspection,TREEMAINTENANCE,"BLANCHETTE, PETER","4303 ROSE ST,HOUSTON,77007","2, ZONE",492H      ,5357a,CLOSED
181397,Tree Trim,2021-07-21 05:45 PM,Tree Trim Inspection,TREEMAINTENANCE,"UF - POLOVTSEV, SERA","1401 BINZ ST,HOUSTON,77004","7, ZONE",533A,5356d,CLOSED
181398,Tree Trim,2021-07-21 06:43 PM,Tree Trim Inspection,TREEMAINTENANCE,"UF - POLOVTSEV, SERA","7702 EIGHT WILLOWS RD,HOUSTON,77489","7, ZONE",570R,5051d,CLOSED
181399,Tree Removal,2021-07-21 06:46 PM,Tree Removal Inspection,TREEMAINTENANCE,"BLANCHETTE, PETER","5139 YELLOWSTONE BLVD,HOUSTON,77021","6, ZONE",534N,5454b,CLOSED
181400,Tree Removal,2021-07-21 08:53 PM,Tree Removal Inspection,TREEMAINTENANCE,"UF - POLOVTSEV, SERA","12307 SHELWICK DR,HOUSTON,77031","7, ZONE",570A,5052a,CLOSED
181401,Tree Removal,2021-07-21 09:32 PM,Tree Removal Inspection,TREEMAINTENANCE,"UF - POLOVTSEV, SERA",5600 N BRAESWOOD BLVD,"7, ZONE",531S,77096,CLOSED
181402,Tree Removal,2021-07-21 10:42 PM,Tree Removal Inspection,TREEMAINTENANCE,"BLANCHETTE, PETER","4003 PORTSMOUTH ST,HOUSTON,77027","2, ZONE",492W      ,5256c,CLOSED
181403,Tree Trim,2021-07-21 11:14 PM,Tree Trim Inspection,TREEMAINTENANCE,"UF - JONES, CODY","940 HEIGHTS BLVD,HOUSTON,77008","3, ZONE",493A,5358a,CLOSED
181405,Tree Removal,2021-07-22 09:15 AM,Tree Removal Inspection,TREEMAINTENANCE,"UF - JONES, CODY","1031 STUDE ST,HOUSTON,77007","3, ZONE",493F,5358d,CLOSED
181406,Tree Trim,2021-07-22 09:24 AM,Tree Trim Inspection,TREEMAINTENANCE,"BLANCHETTE, PETER","4303 ROSE ST,HOUSTON,77007","2, ZONE",492H,5357a,CLOSED
181407,Tree Trim,2021-07-22 09:34 AM,Tree Trim Inspection,TREEMAINTENANCE,"UF - JONES, CODY","11501 HEATHERWOOD DR,HOUSTON,77076","4, ZONE",413U,5362d,CLOSED
181408,Tree Trim,2021-07-22 09:52 AM,Tree Trim Inspection,TREEMAINTENANCE,"UF - POLOVTSEV, SERA","2315 GREENS RD,HOUSTON,77032","4, ZONE",373R,5465a,CLOSED
181409,Tree Trim,2021-07-22 10:37 AM,Tree Trim Inspection,TREEMAINTENANCE,"UF - JONES, CODY","KINGWOOD DR & W LAKE HOUSTON PKWY,HOUSTON,77345","4, ZONE",337B,5870c,CLOSED
181410,Tree Trim,2021-07-22 11:20 AM,Tree Trim Inspection,TREEMAINTENANCE,"BLANCHETTE, PETER","182 GLENDALE ST,HOUSTON,77012","5, ZONE",535A,5556d,CLOSED
181411,Tree Trim,2021-07-22 11:53 AM,Tree Trim Inspection,TREEMAINTENANCE,"UF - POLOVTSEV, SERA","9616 FAIRDALE LN,HOUSTON,77063","2, ZONE",490W,4956d,CLOSED
181412,Tree Trim,2021-07-22 11:56 AM,Tree Trim Inspection,TREEMAINTENANCE,"UF - POLOVTSEV, SERA","9600 MEADOWGLEN LN,HOUSTON,77063","2, ZONE",490W,4956d,CLOSED
181413,Tree Trim,2021-07-22 11:59 AM,Tree Trim Inspection,TREEMAINTENANCE,"UF - POLOVTSEV, SERA","9600 WINSOME LN,HOUSTON,77063","2, ZONE",490S,4956d,CLOSED
181414,Tree Trim,2021-07-22 01:02 PM,Tree Trim Inspection,TREEMAINTENANCE,"UF - POLOVTSEV, SERA","DAIRY ASHFORD RD & HUNTINGTON PLACE DR,HOUSTON,77099","2, ZONE",528V,4853a,CLOSED
181415,Tree Trim,2021-07-22 01:39 PM,Tree Trim Inspection,TREEMAINTENANCE,"UF - JONES, CODY","6203 RIETTA ST,HOUSTON,77016","4, ZONE",454D,5561c,CLOSED
181416,Tree Trim,2021-07-22 01:39 PM,Tree Trim Inspection,TREEMAINTENANCE,"UF - JONES, CODY","6203 RIETTA ST,HOUSTON,77016","4, ZONE",454D,5561c,CLOSED
181417,Tree Removal,2021-07-22 01:52 PM,Tree Removal Inspection,TREEMAINTENANCE,"UF - POLOVTSEV, SERA","1420 HOLLY ST,HOUSTON,77007","2, ZONE",493G,5358d,CLOSED
181418,Tree Trim,2021-07-22 03:47 PM,Tree Trim Inspection,TREEMAINTENANCE,"UF - POLOVTSEV, SERA","CAPITOL ST & CAROLINE ST,HOUSTON,77002","1, ZONE",493R      ,5457a,CLOSED
181419,Tree Trim,2021-07-22 03:54 PM,Tree Trim Inspection,TREEMAINTENANCE,"UF - POLOVTSEV, SERA","LOUISIANA ST & WASHINGTON AVE,HOUSTON,77002","1, ZONE",493L      ,5457a,CLOSED
181420,Tree Removal,2021-07-22 03:55 PM,Tree Removal Inspection,TREEMAINTENANCE,"BLANCHETTE, PETER","912 ASBURY ST,HOUSTON,77007","2, ZONE",492G,5257b,CLOSED
181421,Tree Trim,2021-07-22 04:01 PM,Tree Trim Inspection,TREEMAINTENANCE,"UF - POLOVTSEV, SERA","3550 MAIN ST,HOUSTON,77002","2, ZONE",493T,5356b,CLOSED
181422,Tree Removal,2021-07-22 04:18 PM,Tree Removal Inspection,TREEMAINTENANCE,"BLANCHETTE, PETER","922 ASBURY ST,HOUSTON,77007","2, ZONE",492G,5257b,CLOSED
181423,Tree Removal,2021-07-22 05:36 PM,Tree Removal Inspection,TREEMAINTENANCE,"UF - JONES, CODY","1002 PANAMA ST,HOUSTON,77009","4, ZONE",493C,5458a,CLOSED
181424,Tree Removal,2021-07-22 07:25 PM,Tree Removal Inspection,TREEMAINTENANCE,"BLANCHETTE, PETER","6705 CAYTON ST,HOUSTON,77061","6, ZONE",574C,5553c,CLOSED
181426,Tree Trim,2021-07-23 07:48 AM,Tree Trim Inspection,TREEMAINTENANCE,"BLANCHETTE, PETER","4000 GRIGGS RD,HOUSTON,77021","6, ZONE",533M,5455c,CLOSED
181427,Tree Trim,2021-07-23 08:28 AM,Tree Trim Inspection,TREEMAINTENANCE,"UF - POLOVTSEV, SERA","6 SHADOW LAWN ST,HOUSTON,77005","7, ZONE",533A,5356c,CLOSED
181428,Tree Trim,2021-07-23 08:35 AM,Tree Trim Inspection,TREEMAINTENANCE,"BLANCHETTE, PETER","1931 FAIRVIEW AVE,HOUSTON,77019","2, ZONE",492V,5356a,CLOSED
181429,Tree Trim,2021-07-23 08:43 AM,Tree Trim Inspection,TREEMAINTENANCE,"BLANCHETTE, PETER","2001 DRISCOLL ST ,HOUSTON,77019","2, ZONE",492R,5357c,CLOSED
181430,Tree Trim,2021-07-23 08:43 AM,Tree Trim Inspection,TREEMAINTENANCE,"BLANCHETTE, PETER","3902 COSBY ST,HOUSTON,77021","6, ZONE",533L,5454a,CLOSED
181432,Tree Trim,2021-07-23 11:11 AM,Tree Trim Inspection,TREEMAINTENANCE,"UF - POLOVTSEV, SERA","5471 KULDELL DR,HOUSTON,77096","7, ZONE",531P      ,5154c,CLOSED
181433,Tree Trim,2021-07-23 11:22 AM,Tree Trim Inspection,TREEMAINTENANCE,"BLANCHETTE, PETER","105 HUTCHESON ST,HOUSTON,77003","5, ZONE",494N      ,5457d,CLOSED
181434,Tree Removal,2021-07-23 12:26 PM,Tree Removal Inspection,TREEMAINTENANCE,"BLANCHETTE, PETER","5030 ANDREA ST,HOUSTON,77021","6, ZONE",534N,5454b,CLOSED
181437,Tree Trim,2021-07-23 01:52 PM,Tree Trim Inspection,TREEMAINTENANCE,"UF - POLOVTSEV, SERA","415 W GRAY ST,HOUSTON,77019","2, ZONE",493N,5357d,CLOSED
181438,Tree Trim,2021-07-23 01:56 PM,Tree Trim Inspection,TREEMAINTENANCE,"BLANCHETTE, PETER","922 HAHLO ST,HOUSTON,77020","5, ZONE",494H,5558c,CLOSED
181439,Tree Trim,2021-07-23 02:05 PM,Tree Trim Inspection,TREEMAINTENANCE,"UF - JONES, CODY","9643 KEMP FOREST DR,HOUSTON,77080","3, ZONE",450K      ,5060c,CLOSED
181441,Tree Trim,2021-07-23 02:12 PM,Tree Trim Inspection,TREEMAINTENANCE,"UF - JONES, CODY","3023 SHADOWDALE DR,HOUSTON,77043","3, ZONE",449M,4960c,CLOSED
181442,Tree Removal,2021-07-23 02:17 PM,Tree Removal Inspection,TREEMAINTENANCE,"UF - POLOVTSEV, SERA","1028 SAGE RD,HOUSTON,77056","2, ZONE",491L      ,5157d,CLOSED
181445,Tree Trim,2021-07-23 03:21 PM,Tree Trim Inspection,TREEMAINTENANCE,"BLANCHETTE, PETER","3005 DELANO ST,HOUSTON,77004","6, ZONE",493Y,5456c,CLOSED
181447,Tree Trim,2021-07-23 04:08 PM,Tree Trim Inspection,TREEMAINTENANCE,"UF - POLOVTSEV, SERA","4913 E RIDGE CREEK DR,HOUSTON,77053","7, ZONE",611D,5250c,CLOSED
181448,Tree Removal,2021-07-23 04:30 PM,Tree Removal Inspection,TREEMAINTENANCE,"UF - JONES, CODY","10122 HANKA DR,HOUSTON,77043","3, ZONE",450W,4958b,CLOSED
181449,Tree Trim,2021-07-23 04:36 PM,Tree Trim Inspection,TREEMAINTENANCE,"BLANCHETTE, PETER","5662 WESTOVER ST,HOUSTON,77033","6, ZONE",534W      ,5453b,CLOSED
181450,Tree Trim,2021-07-23 05:06 PM,Tree Trim Inspection,TREEMAINTENANCE,"BLANCHETTE, PETER","7579 EASTHAVEN BLVD,HOUSTON,77017","5, ZONE",575D,5653b,CLOSED
181451,Tree Trim,2021-07-23 05:45 PM,Tree Trim Inspection,TREEMAINTENANCE,"BLANCHETTE, PETER","5029 MALMEDY RD,HOUSTON,77033","6, ZONE",534N,5454d,CLOSED
181452,Tree Removal,2021-07-23 06:03 PM,Tree Removal Inspection,TREEMAINTENANCE,"BLANCHETTE, PETER","8102 GLENALTA ST,HOUSTON,77061","6, ZONE",535Y,5653a,CLOSED
181453,Tree Trim,2021-07-23 06:37 PM,Tree Trim Inspection,TREEMAINTENANCE,"UF - JONES, CODY","8400 EASTOVER ST,HOUSTON,77028","4, ZONE",455Q,5660c,CLOSED
181454,Tree Trim,2021-07-23 06:46 PM,Tree Trim Inspection,TREEMAINTENANCE,"BLANCHETTE, PETER","7907 GLEN DELL CT,HOUSTON,77061","6, ZONE",535T,5654c,CLOSED
181455,Tree Removal,2021-07-24 10:24 AM,Tree Removal Inspection,TREEMAINTENANCE,"BLANCHETTE, PETER","1234 BAY AREA BLVD,HOUSTON,77058","5, ZONE",618Q,6049c,CLOSED
181456,Tree Removal,2021-07-24 10:25 AM,Tree Removal Inspection,TREEMAINTENANCE,"UF - JONES, CODY","1234 BAY AREA BLVD,HOUSTON,77058","5, ZONE",618Q,6049c,CLOSED
181457,Tree Removal,2021-07-24 10:51 AM,Tree Removal Inspection,TREEMAINTENANCE,"UF - POLOVTSEV, SERA","4620 N BRAESWOOD BLVD,HOUSTON,77096","7, ZONE",531R,5154d,CLOSED
181458,Tree Trim,2021-07-24 05:06 PM,Tree Trim Inspection,TREEMAINTENANCE,"BLANCHETTE, PETER","1009 DEFENDER ST,HOUSTON,77029","5, ZONE",495U,5656b,CLOSED
181459,Tree Trim,2021-07-24 05:06 PM,Tree Trim Inspection,TREEMAINTENANCE,"UF - JONES, CODY","1009 DEFENDER ST,HOUSTON,77029","5, ZONE",495U,5656b,CLOSED
181460,Tree Trim,2021-07-25 03:12 AM,Tree Trim Inspection,TREEMAINTENANCE,"UF - JONES, CODY","736 E 10TH ST,HOUSTON,77008","3, ZONE",493A      ,5358a,CLOSED
181461,Tree Trim,2021-07-25 03:13 AM,Tree Trim Inspection,TREEMAINTENANCE,"UF - JONES, CODY","736 E 10TH ST,HOUSTON,77008","3, ZONE",493A      ,5358a,CLOSED
181462,Tree Trim,2021-07-25 07:16 AM,Tree Trim Inspection,TREEMAINTENANCE,"UF - POLOVTSEV, SERA","1700 POST OAK BLVD,HOUSTON,77056","2, ZONE",491Q,5157d,CLOSED
181463,Tree Trim,2021-07-25 07:16 AM,Tree Trim Inspection,TREEMAINTENANCE,"UF - JONES, CODY","1700 POST OAK BLVD,HOUSTON,77056","2, ZONE",491Q,5157d,CLOSED
181464,Tree Removal,2021-07-25 07:49 AM,Tree Removal Inspection,TREEMAINTENANCE,"BLANCHETTE, PETER","1813 SOUTH BLVD,HOUSTON,77098","7, ZONE",492Z,5356c,CLOSED
181465,Tree Removal,2021-07-25 09:11 AM,Tree Removal Inspection,TREEMAINTENANCE,"BLANCHETTE, PETER","1904 HULDY ST,HOUSTON,77019","2, ZONE",492R      ,5357c,CLOSED
181466,Tree Removal,2021-07-25 09:11 AM,Tree Removal Inspection,TREEMAINTENANCE,"UF - JONES, CODY","1904 HULDY ST,HOUSTON,77019","2, ZONE",492R      ,5357c,CLOSED
181467,Tree Removal,2021-07-25 02:14 PM,Tree Removal Inspection,TREEMAINTENANCE,"BLANCHETTE, PETER","1102 SMALLWOOD LN,HOUSTON,77023","5, ZONE",535A,5556d,CLOSED
181468,Tree Removal,2021-07-25 02:14 PM,Tree Removal Inspection,TREEMAINTENANCE,"UF - JONES, CODY","1102 SMALLWOOD LN,HOUSTON,77023","5, ZONE",535A,5556d,CLOSED
181469,Tree Code Violation,2021-07-25 05:08 PM,Tree Code Violation Inspection,TREEPROTECTION,"UF - JONES, CODY","OXFORD ST & E 12TH ST,HOUSTON,77008","3, ZONE",453W      ,5358a,CLOSED
181470,Tree Code Violation,2021-07-25 05:08 PM,Tree Code Violation Inspection,TREEPROTECTION,"UF - JONES, CODY","OXFORD ST & E 12TH ST,HOUSTON,77008","3, ZONE",453W      ,5358a,CLOSED
181471,Tree Trim,2021-07-25 05:13 PM,Tree Trim Inspection,TREEMAINTENANCE,"UF - JONES, CODY","2505 GARWOOD DR,HOUSTON,77091","3, ZONE",412W,5161b,CLOSED
181472,Tree Trim,2021-07-25 08:11 PM,Tree Trim Inspection,TREEMAINTENANCE,"BLANCHETTE, PETER","5822 SOUTHWIND ST,HOUSTON,77033","6, ZONE",534T,5454d,CLOSED
181473,Tree Trim,2021-07-25 08:12 PM,Tree Trim Inspection,TREEMAINTENANCE,"UF - JONES, CODY","5822 SOUTHWIND ST,HOUSTON,77033","6, ZONE",534T,5454d,CLOSED
181474,Tree Trim,2021-07-25 10:12 PM,Tree Trim Inspection,TREEMAINTENANCE,"BLANCHETTE, PETER","8320 CULLEN BLVD,HOUSTON,77051","6, ZONE",533Z,5453a,CLOSED
181475,Tree Trim,2021-07-26 07:46 AM,Tree Trim Inspection,TREEMAINTENANCE,"BLANCHETTE, PETER","1931 FAIRVIEW AVE,HOUSTON,77019","2, ZONE",492V,5356a,CLOSED
181476,Tree Trim,2021-07-26 08:34 AM,Tree Trim Inspection,TREEMAINTENANCE,"UF - POLOVTSEV, SERA","10422 TENNECO DR,HOUSTON,77099","2, ZONE",528U,4853a,CLOSED
181478,Tree Trim,2021-07-26 09:13 AM,Tree Trim Inspection,TREEMAINTENANCE,"UF - POLOVTSEV, SERA","5030 INGOMAR WAY,HOUSTON,77053","7, ZONE",571Z,5250a,CLOSED
181480,Tree Removal,2021-07-26 09:26 AM,Tree Removal Inspection,TREEMAINTENANCE,"UF - POLOVTSEV, SERA",6518 RIVERVIEW WAY & RIPPLE CREEK ,"2, ZONE",491J,77057,CLOSED
181482,Tree Removal,2021-07-26 10:17 AM,Tree Removal Inspection,TREEMAINTENANCE,"BLANCHETTE, PETER","7550 HAYWOOD DR,HOUSTON,77061","6, ZONE",535W,5553b,CLOSED
181483,Tree Removal,2021-07-26 10:17 AM,Tree Removal Inspection,TREEMAINTENANCE,"BLANCHETTE, PETER","11815 SEGREST DR,HOUSTON,77047","6, ZONE",573L,5452c,CLOSED
181484,Tree Removal,2021-07-26 10:49 AM,Tree Removal Inspection,TREEMAINTENANCE,"UF - POLOVTSEV, SERA",6501 MEMORIAL DR,"2, ZONE",492E,77007,CLOSED
181485,Tree Removal,2021-07-26 10:50 AM,Tree Removal Inspection,TREEMAINTENANCE,"UF - POLOVTSEV, SERA","6501 MEMORIAL DR,HOUSTON,77007",,492K,5257b,CLOSED
181486,Tree Removal,2021-07-26 10:55 AM,Tree Removal Inspection,TREEMAINTENANCE,"UF - POLOVTSEV, SERA",1031 STUDE ST (STUDE PARK),"3, ZONE",493F,77007,CLOSED
181487,Tree Removal,2021-07-26 10:56 AM,Tree Removal Inspection,TREEMAINTENANCE,"UF - POLOVTSEV, SERA","6501 MEMORIAL DR,HOUSTON,77007","2, ZONE",492K,5257b,CLOSED
181488,Tree Removal,2021-07-26 11:15 AM,Tree Removal Inspection,TREEMAINTENANCE,"BLANCHETTE, PETER","7408 ELM ST,HOUSTON,77023","5, ZONE",535A,5556d,CLOSED
181489,Tree Trim,2021-07-26 11:17 AM,Tree Trim Inspection,TREEMAINTENANCE,"UF - POLOVTSEV, SERA","WILCREST DR & BANDLON DR,HOUSTON,77072","2, ZONE",529G,4955c,CLOSED
181490,Tree Trim,2021-07-26 12:15 PM,Tree Trim Inspection,TREEMAINTENANCE,"BLANCHETTE, PETER","BLYTHEWOOD ST & OLD SPANISH TRL,HOUSTON,77021","6, ZONE",534E,5455d,CLOSED
181491,Tree Trim,2021-07-26 12:15 PM,Tree Trim Inspection,TREEMAINTENANCE,"BLANCHETTE, PETER","BLYTHEWOOD ST & OLD SPANISH TRL,HOUSTON,77021",,534E,5455d,CLOSED
181492,Tree Trim,2021-07-26 01:55 PM,Tree Trim Inspection,TREEMAINTENANCE,"UF - JONES, CODY","1525 N LOOP FWY W,HOUSTON,NA","3, ZONE",452P,5259a,CLOSED
181493,Tree Trim,2021-07-26 01:56 PM,Tree Trim Inspection,TREEMAINTENANCE,"UF - JONES, CODY","1525 N LOOP FWY W,HOUSTON,NA",,452P,5259a,CLOSED
181494,Tree Trim,2021-07-26 01:58 PM,Tree Trim Inspection,TREEMAINTENANCE,"UF - BURKES, JEREMY","1525 N LOOP FWY W,HOUSTON,NA","3, ZONE",452P,5259a,CLOSED
181495,Tree Trim,2021-07-26 02:04 PM,Tree Trim Inspection,TREEMAINTENANCE,"UF - JONES, CODY","2511 OHSFELDT ST,HOUSTON,77008","3, ZONE",452T,5259a,CLOSED
181496,Tree Trim,2021-07-26 02:47 PM,Tree Trim Inspection,TREEMAINTENANCE,"UF - POLOVTSEV, SERA","2822 TIDEWATER DR,HOUSTON,77045","7, ZONE",572L,5252d,CLOSED
181501,Tree Removal,2021-07-26 06:03 PM,Tree Removal Inspection,TREEMAINTENANCE,"UF - JONES, CODY","4218 LOS ANGELES ST,HOUSTON,77026","4, ZONE",454X,5459d,CLOSED
181502,Tree Trim,2021-07-26 11:48 PM,Tree Trim Inspection,TREEMAINTENANCE,"UF - POLOVTSEV, SERA","WARKWORTH DR & DARLINGHURST DR,HOUSTON,77085","7, ZONE",571P      ,5151a,CLOSED
181508,Tree Trim,2021-07-27 08:16 AM,Tree Trim Inspection,TREEMAINTENANCE,"UF - JONES, CODY",8111 BERTWOOD ST,"4, ZONE",454M,77016,CLOSED
181509,Tree Trim,2021-07-27 08:58 AM,Tree Trim Inspection,TREEMAINTENANCE,"UF - JONES, CODY","5800 LITTLE YORK RD,HOUSTON,77016","4, ZONE",414V,5562c,CLOSED
181510,Tree Removal,2021-07-27 09:13 AM,Tree Removal Inspection,TREEMAINTENANCE,"UF - POLOVTSEV, SERA","15502 ROSE RIDGE CT,HOUSTON,77489","7, ZONE",571X,5150a,CLOSED
181511,Tree Removal,2021-07-27 09:19 AM,Tree Removal Inspection,TREEMAINTENANCE,"BLANCHETTE, PETER","7224 KERNEL ST,HOUSTON,77012","5, ZONE",535E,5555b,CLOSED
181512,Tree Trim,2021-07-27 09:19 AM,Tree Trim Inspection,TREEMAINTENANCE,"UF - JONES, CODY","645 HEIGHTS BLVD,HOUSTON,77007","3, ZONE",493A,5358a,CLOSED
181513,Tree Removal,2021-07-27 10:24 AM,Tree Removal Inspection,TREEMAINTENANCE,"UF - POLOVTSEV, SERA","4719 KNOTTYNOLD LN,HOUSTON,77053","7, ZONE",571V,5251c,CLOSED
181514,Tree Removal,2021-07-27 11:14 AM,Tree Removal Inspection,TREEMAINTENANCE,"UF - POLOVTSEV, SERA","15519 FALL BRIAR DR,HOUSTON,77489","7, ZONE",571X,5150a,CLOSED
181515,Tree Removal,2021-07-27 12:40 PM,Tree Removal Inspection,TREEMAINTENANCE,"UF - JONES, CODY","1237 W 21ST ST,HOUSTON,77008","3, ZONE",452U,5259d,CLOSED
181516,Tree Trim,2021-07-27 12:53 PM,Tree Trim Inspection,TREEMAINTENANCE,"UF - POLOVTSEV, SERA","4123 CRIMSON OAK CT,HOUSTON,77059","5, ZONE",578U,6051a,CLOSED
181517,Tree Trim,2021-07-27 01:29 PM,Tree Trim Inspection,TREEMAINTENANCE,"UF - POLOVTSEV, SERA","612 SMITH ST,HOUSTON,77002","1, ZONE",493L,5457a,CLOSED
181518,Tree Removal,2021-07-27 01:39 PM,Tree Removal Inspection,TREEMAINTENANCE,"UF - JONES, CODY","2416 FULTON ST,HOUSTON,77009","4, ZONE",493D,5458a,CLOSED
181519,Tree Removal,2021-07-27 02:24 PM,Tree Removal Inspection,TREEMAINTENANCE,"UF - POLOVTSEV, SERA","3700 BISSONNET ST,HOUSTON,77005","7, ZONE",492X,5256c,CLOSED
181520,Tree Trim,2021-07-27 02:42 PM,Tree Trim Inspection,TREEMAINTENANCE,"BLANCHETTE, PETER","7322 HURTGEN FOREST RD,HOUSTON,77033","6, ZONE",534S,5454d,CLOSED
181521,Tree Trim,2021-07-27 02:54 PM,Tree Trim Inspection,TREEMAINTENANCE,"BLANCHETTE, PETER","62 NIX ST,HOUSTON,77003","5, ZONE",494J,5457b,CLOSED
181522,Tree Trim,2021-07-27 03:24 PM,Tree Trim Inspection,TREEMAINTENANCE,"BLANCHETTE, PETER","4100 LOVEJOY ST,HOUSTON,77003","5, ZONE",494P,5457d,CLOSED
181523,Tree Trim,2021-07-27 03:28 PM,Tree Trim Inspection,TREEMAINTENANCE,"UF - JONES, CODY","10200 SHADY LN,HOUSTON,77093 (SHADY LANE PARK)","4, ZONE",414W      ,5461b,CLOSED
181524,Tree Trim,2021-07-27 03:36 PM,Tree Trim Inspection,TREEMAINTENANCE,"UF - JONES, CODY","7921 ELLINGER LN,HOUSTON,77040","3, ZONE",450D,5061c,CLOSED
181530,Tree Removal,2021-07-27 08:14 PM,Tree Removal Inspection,TREEMAINTENANCE,"UF - JONES, CODY","340 PARKVIEW ST,HOUSTON,77009","3, ZONE",493C,5358b,CLOSED
181531,Tree Trim,2021-07-27 09:54 PM,Tree Trim Inspection,TREEMAINTENANCE,"UF - JONES, CODY","4830 DRODDY ST,HOUSTON,77091","3, ZONE",451C      ,5161d,CLOSED
181532,Tree Trim,2021-07-27 11:24 PM,Tree Trim Inspection,TREEMAINTENANCE,"BLANCHETTE, PETER","11115 SAGECREST LN,HOUSTON,77089","6, ZONE",576X,5750b,CLOSED
181533,Tree Trim,2021-07-28 07:46 AM,Tree Trim Inspection,TREEMAINTENANCE,"UF - JONES, CODY","5235 SAXON DR,HOUSTON,77092","3, ZONE",451L,5160d,CLOSED
181534,Tree Removal,2021-07-28 07:52 AM,Tree Removal Inspection,TREEMAINTENANCE,"UF - JONES, CODY","2730 RUTLAND ST,HOUSTON,77008","3, ZONE",452V,5359a,CLOSED
181535,Tree Trim,2021-07-28 08:10 AM,Tree Trim Inspection,TREEMAINTENANCE,"UF - JONES, CODY","10503 WICKLOWE ST,HOUSTON,77016","4, ZONE",414Z,5562c,CLOSED
181536,Tree Trim,2021-07-28 08:16 AM,Tree Trim Inspection,TREEMAINTENANCE,"UF - JONES, CODY","MANSFIELD ST & MIDGELEY ST,HOUSTON,77091","3, ZONE",452B,5261c,CLOSED
181537,Tree Trim,2021-07-28 09:32 AM,Tree Trim Inspection,TREEMAINTENANCE,"UF - POLOVTSEV, SERA","11010 SAGECANYON DR,HOUSTON,77089","6, ZONE",616B,5750c,CLOSED
181538,Tree Trim,2021-07-28 10:17 AM,Tree Trim Inspection,TREEMAINTENANCE,"UF - JONES, CODY","APOLLO ST & W 43RD ST,HOUSTON,77018","3, ZONE",452K,5260c,CLOSED
181539,Tree Removal,2021-07-28 10:17 AM,Tree Removal Inspection,TREEMAINTENANCE,"UF - POLOVTSEV, SERA","7703 RICHMOND AVE,HOUSTON,77063","2, ZONE",490Z,5056d,CLOSED
181540,Tree Removal,2021-07-28 10:50 AM,Tree Removal Inspection,TREEMAINTENANCE,"UF - POLOVTSEV, SERA","8314 ALBACORE DR,HOUSTON,77074","7, ZONE",530R,5054d,CLOSED
181541,Tree Trim,2021-07-28 11:39 AM,Tree Trim Inspection,TREEMAINTENANCE,"UF - JONES, CODY","8933 RICHLAND DR,HOUSTON,77078","4, ZONE",455H,5661d,CLOSED
181542,Tree Trim,2021-07-28 11:39 AM,Tree Trim Inspection,TREEMAINTENANCE,"UF - POLOVTSEV, SERA","12418 SHANNON HILLS DR,HOUSTON,77099","2, ZONE",528R,4854c,CLOSED
181543,Tree Stump Grinding,2021-07-28 12:41 PM,Tree Stump Inspection,TREEMAINTENANCE,"UF - JONES, CODY","909 RUTLAND ST,HOUSTON,77008","3, ZONE",492D,5358a,CLOSED
181544,Tree Removal,2021-07-28 12:50 PM,Tree Removal Inspection,TREEMAINTENANCE,"UF - POLOVTSEV, SERA","5321 WESTPARK DR,HOUSTON,77056","7, ZONE",491Y,5155b,CLOSED
181545,Tree Trim,2021-07-28 01:15 PM,Tree Trim Inspection,TREEMAINTENANCE,"UF - POLOVTSEV, SERA","9400 W BELLFORT AVE,HOUSTON,77031","7, ZONE",570A,4953d,CLOSED
181546,Tree Removal,2021-07-28 01:46 PM,Tree Removal Inspection,TREEMAINTENANCE,"BLANCHETTE, PETER","2417 GALVESTON RD,HOUSTON,77017","5, ZONE",535F,5655c,CLOSED
181547,Tree Trim,2021-07-28 02:03 PM,Tree Trim Inspection,TREEMAINTENANCE,"UF - POLOVTSEV, SERA","1932 BISSONNET ST,HOUSTON,77005","7, ZONE",492Z,5356c,CLOSED
181548,Tree Removal,2021-07-28 02:27 PM,Tree Removal Inspection,TREEMAINTENANCE,"UF - POLOVTSEV, SERA","3103 ASHFORD ARBOR DR,HOUSTON,77082","2, ZONE",488Y,4856c,CLOSED
181549,Tree Trim,2021-07-28 02:33 PM,Tree Trim Inspection,TREEMAINTENANCE,"UF - JONES, CODY",3718 MOORE ST,"4, ZONE",453Z,77009,CLOSED
181550,Tree Removal,2021-07-28 03:00 PM,Tree Removal Inspection,TREEMAINTENANCE,"UF - POLOVTSEV, SERA","4122 MCDERMED DR,HOUSTON,77025","7, ZONE",532W      ,5253a,CLOSED
181552,Tree Trim,2021-07-28 03:30 PM,Tree Trim Inspection,TREEMAINTENANCE,"UF - POLOVTSEV, SERA","2200 BARTLETT ST,HOUSTON,77098","7, ZONE",492Y      ,5356c,CLOSED
181553,Tree Removal,2021-07-28 03:37 PM,Tree Removal Inspection,TREEMAINTENANCE,"PATINO, ARNULFO","4725 DUNSMERE ST,HOUSTON,77018","3, ZONE",452G,5260b,CLOSED
181554,Tree Trim,2021-07-28 03:40 PM,Tree Trim Inspection,TREEMAINTENANCE,"UF - JONES, CODY","1059 CREEKMONT DR,HOUSTON,77091","3, ZONE",452F,5261d,CLOSED
181557,Tree Trim,2021-07-28 03:49 PM,Tree Trim Inspection,TREEMAINTENANCE,"UF - POLOVTSEV, SERA","15010 MEMORIAL DR,HOUSTON,77079","2, ZONE",488C,4758d,CLOSED
181564,Tree Trim,2021-07-28 04:28 PM,Tree Trim Inspection,TREEMAINTENANCE,"BLANCHETTE, PETER","2605 EMANCIPATION AVE,HOUSTON,77004","6, ZONE",493U,5456a,CLOSED
181565,Tree Removal,2021-07-28 04:28 PM,Tree Removal Inspection,TREEMAINTENANCE,"UF - POLOVTSEV, SERA","2365 DUNSTAN RD,HOUSTON,77005","7, ZONE",532C,5255b,CLOSED
181566,Tree Trim,2021-07-28 04:28 PM,Tree Trim Inspection,TREEMAINTENANCE,"UF - POLOVTSEV, SERA","10002 CLIFFWOOD DR,HOUSTON,77035","7, ZONE",531V,5253a,CLOSED
181568,Tree Stump Grinding,2021-07-28 05:19 PM,Tree Stump Inspection,TREEMAINTENANCE,"BLANCHETTE, PETER",6042 BELDART ST,"6, ZONE",534X,77033,CLOSED
181569,Tree Trim,2021-07-29 07:09 AM,Tree Trim Inspection,TREEMAINTENANCE,"UF - POLOVTSEV, SERA","2117 MCCLENDON ST,HOUSTON,77030","7, ZONE",532H,5355c,CLOSED
181570,Tree Removal,2021-07-29 07:58 AM,Tree Removal Inspection,TREEMAINTENANCE,"BLANCHETTE, PETER","3735 LUCA ST,HOUSTON,77021","6, ZONE",533L,5454a,CLOSED
181572,Tree Trim,2021-07-29 08:46 AM,Tree Trim Inspection,TREEMAINTENANCE,"BLANCHETTE, PETER","2314 LEAFY GLEN DR,HOUSTON,77059","5, ZONE",618A,5950b,CLOSED
181573,Tree Stump Grinding,2021-07-29 08:57 AM,Tree Stump Inspection,TREEMAINTENANCE,"UF - JONES, CODY","5 FOREST SHORES DR,HOUSTON,77339","4, ZONE",336D,5769b,CLOSED
181574,Tree Removal,2021-07-29 09:10 AM,Tree Removal Inspection,TREEMAINTENANCE,"BLANCHETTE, PETER","4003 JULIET ST,HOUSTON,77087","6, ZONE",534L,5555c,CLOSED
181575,Tree Trim,2021-07-29 09:13 AM,Tree Trim Inspection,TREEMAINTENANCE,"UF - POLOVTSEV, SERA","11614 HILLCROFT AVE,HOUSTON,77035","7, ZONE",571A,5152a,CLOSED
181576,Tree Removal,2021-07-29 09:37 AM,Tree Removal Inspection,TREEMAINTENANCE,"UF - POLOVTSEV, SERA","1836 ALBANS RD,HOUSTON,77005","7, ZONE",532D,5356c,CLOSED
181577,Tree Trim,2021-07-29 09:40 AM,Tree Trim Inspection,TREEMAINTENANCE,"BLANCHETTE, PETER","1908 WACO ST,HOUSTON,77020","4, ZONE",494F,5558c,CLOSED
181579,Tree Trim,2021-07-29 10:10 AM,Tree Trim Inspection,TREEMAINTENANCE,"UF - JONES, CODY","840 W 23RD ST,HOUSTON,77008","3, ZONE",452U,5259b,CLOSED
181580,Tree Removal,2021-07-29 10:16 AM,Tree Removal Inspection,TREEMAINTENANCE,"UF - POLOVTSEV, SERA","1602 LEELAND ST,HOUSTON,77003","1, ZONE",493Q,5457c,CLOSED
181581,Tree Trim,2021-07-29 10:29 AM,Tree Trim Inspection,TREEMAINTENANCE,"UF - POLOVTSEV, SERA","3103 ASHFORD ARBOR DR,HOUSTON,77082","2, ZONE",488Y,4856c,CLOSED
181582,Tree Trim,2021-07-29 11:10 AM,Tree Trim Inspection,TREEMAINTENANCE,"BLANCHETTE, PETER","105 HUTCHESON ST,HOUSTON,77003","5, ZONE",494N,5457d,CLOSED
181583,Tree Trim,2021-07-29 11:11 AM,Tree Trim Inspection,TREEMAINTENANCE,"BLANCHETTE, PETER","602 HENKE ST,HOUSTON,77020","4, ZONE",494H,5558c,CLOSED
181584,Tree Trim,2021-07-29 11:26 AM,Tree Trim Inspection,TREEMAINTENANCE,"UF - JONES, CODY","KINGWOOD DR & KINGS CROSSING DR,HOUSTON,77345","4, ZONE",337B      ,5870c,CLOSED
181585,Tree Trim,2021-07-29 11:26 AM,Tree Trim Inspection,TREEMAINTENANCE,"UF - JONES, CODY","2701 KINGWOOD DR,HOUSTON,77339","4, ZONE",337A,5769b,CLOSED
181586,Tree Removal,2021-07-29 11:50 AM,Tree Removal Inspection,TREEMAINTENANCE,"UF - POLOVTSEV, SERA","9700 BISSONNET ST,HOUSTON,77036","2, ZONE",530S,4953b,CLOSED
181587,Tree Trim,2021-07-29 12:44 PM,Tree Trim Inspection,TREEMAINTENANCE,"BLANCHETTE, PETER","8143 SANDHURST DR,HOUSTON,77033","6, ZONE",534W,5453b,CLOSED
181588,Tree Trim,2021-07-29 01:20 PM,Tree Trim Inspection,TREEMAINTENANCE,"UF - JONES, CODY","KINGWOOD DR & KINGS CREEK DR,HOUSTON,77339","4, ZONE",336D,5769b,CLOSED
181589,Tree Trim,2021-07-29 01:21 PM,Tree Trim Inspection,TREEMAINTENANCE,"UF - JONES, CODY","2803 STETSON LN,HOUSTON,77043","3, ZONE",450J,4960d,CLOSED
181590,Tree Trim,2021-07-29 01:32 PM,Tree Trim Inspection,TREEMAINTENANCE,"UF - POLOVTSEV, SERA","4200 GARROTT ST,HOUSTON,77006","2, ZONE",493W,5356b,CLOSED
181591,Tree Trim,2021-07-29 01:51 PM,Tree Trim Inspection,TREEMAINTENANCE,"UF - POLOVTSEV, SERA","1500 PEASE ST,HOUSTON,77002","1, ZONE",493Q,5457c,CLOSED
181592,Tree Removal,2021-07-29 02:00 PM,Tree Removal Inspection,TREEMAINTENANCE,"BLANCHETTE, PETER","8027 GRANDVIEW ST,HOUSTON,77051","6, ZONE",533T,5353b,CLOSED
181595,Tree Removal,2021-07-29 03:56 PM,Tree Removal Inspection,TREEMAINTENANCE,"UF - JONES, CODY","3114 LITTLE BEAR DR,HOUSTON,77339","4, ZONE",336D,5770d,CLOSED
181596,Tree Trim,2021-07-29 04:01 PM,Tree Trim Inspection,TREEMAINTENANCE,"UF - POLOVTSEV, SERA","7400 MAIN ST,HOUSTON,77030","7, ZONE",532L,5355c,CLOSED
181597,Tree Stump Grinding,2021-07-29 04:46 PM,Tree Stump Inspection,TREEMAINTENANCE,"UF - POLOVTSEV, SERA","1840 RICHMOND AVE,HOUSTON,77098","2, ZONE",492Z,5356c,CLOSED
181598,Tree Removal,2021-07-29 04:49 PM,Tree Removal Inspection,TREEMAINTENANCE,"UF - JONES, CODY","6011 ACORN ST,HOUSTON,77092","3, ZONE",451F,5160a,CLOSED
181599,Tree Trim,2021-07-29 05:34 PM,Tree Trim Inspection,TREEMAINTENANCE,"UF - POLOVTSEV, SERA","2714 STEELHEAD DR,HOUSTON,77045","7, ZONE",572L,5252d,CLOSED
181600,Tree Trim,2021-07-29 05:34 PM,Tree Trim Inspection,TREEMAINTENANCE,"UF - POLOVTSEV, SERA","2414 DORRINGTON ST,HOUSTON,77030","7, ZONE",532G      ,5255d,CLOSED
181601,Tree Stump Grinding,2021-07-29 10:21 PM,Tree Stump Inspection,TREEMAINTENANCE,"BLANCHETTE, PETER","4359 FIESTA LN,HOUSTON,77004","6, ZONE",534A      ,5455b,CLOSED
181602,Tree Stump Grinding,2021-07-29 10:22 PM,Tree Stump Inspection,TREEMAINTENANCE,"BLANCHETTE, PETER","4359 FIESTA LN,HOUSTON,77004","6, ZONE",534A      ,5455b,CLOSED
181603,Tree Trim,2021-07-30 07:24 AM,Tree Trim Inspection,TREEMAINTENANCE,"UF - JONES, CODY","2201 VANCE ST,HOUSTON,77093","4, ZONE",454J,5460c,CLOSED
181605,Tree Trim,2021-07-30 07:33 AM,Tree Trim Inspection,TREEMAINTENANCE,"BLANCHETTE, PETER","2326 CUMBERLAND ST,HOUSTON,77023","6, ZONE",534C,5555a,CLOSED
181606,Tree Trim,2021-07-30 07:54 AM,Tree Trim Inspection,TREEMAINTENANCE,"UF - POLOVTSEV, SERA","EL DORADO BLVD & TERRELL HILLS LN,HOUSTON,77059","5, ZONE",578X,6051c,CLOSED
181608,Tree Trim,2021-07-30 08:57 AM,Tree Trim Inspection,TREEMAINTENANCE,"BLANCHETTE, PETER","CALGARY LN & WICKLOWE ST,HOUSTON,77016","4, ZONE",414Z,5562c,CLOSED
181609,Tree Trim,2021-07-30 09:22 AM,Tree Trim Inspection,TREEMAINTENANCE,"UF - POLOVTSEV, SERA","14534 WESTWAY LN,HOUSTON,77077","2, ZONE",488J,4757c,CLOSED
181611,Tree Trim,2021-07-30 09:36 AM,Tree Trim Inspection,TREEMAINTENANCE,"UF - POLOVTSEV, SERA","RIVER OAKS BLVD & WESTHEIMER RD,HOUSTON,77019","2, ZONE",492T,5256b,CLOSED
181612,Tree Trim,2021-07-30 09:49 AM,Tree Trim Inspection,TREEMAINTENANCE,"BLANCHETTE, PETER","7600 GULF FWY,HOUSTON,77017","6, ZONE",535P,5654a,CLOSED
181613,Tree Trim,2021-07-30 10:16 AM,Tree Trim Inspection,TREEMAINTENANCE,"UF - POLOVTSEV, SERA","900 BAGBY ST,HOUSTON,77002","1, ZONE",493L,5357b,CLOSED
181614,Tree Trim,2021-07-30 10:22 AM,Tree Trim Inspection,TREEMAINTENANCE,"UF - POLOVTSEV, SERA","11490 HARWIN DR,HOUSTON,77072","2, ZONE",529B,4955a,CLOSED
181615,Tree Trim,2021-07-30 11:38 AM,Tree Trim Inspection,TREEMAINTENANCE,"BLANCHETTE, PETER","4710 MORNINGSIDE DR,HOUSTON,77005","7, ZONE",532C,5256d,CLOSED
181616,Tree Trim,2021-07-30 11:41 AM,Tree Trim Inspection,TREEMAINTENANCE,"UF - JONES, CODY","9621 LONG BRANCH LN,HOUSTON,77055","3, ZONE",450X,5058a,CLOSED
181617,Tree Trim,2021-07-30 11:46 AM,Tree Trim Inspection,TREEMAINTENANCE,"UF - POLOVTSEV, SERA","LEADER ST & PELLA DR,HOUSTON,77036","2, ZONE",530E,4955d,CLOSED
181618,Tree Trim,2021-07-30 11:56 AM,Tree Trim Inspection,TREEMAINTENANCE,"UF - POLOVTSEV, SERA","11500 KEEGANS RIDGE RD,HOUSTON,77031","7, ZONE",569D,4952b,CLOSED
181619,Tree Trim,2021-07-30 12:24 PM,Tree Trim Inspection,TREEMAINTENANCE,"BLANCHETTE, PETER","7702 DIXIE DR,HOUSTON,77087","6, ZONE",535S,5654c,CLOSED
181620,Tree Removal,2021-07-30 12:48 PM,Tree Removal Inspection,TREEMAINTENANCE,"UF - POLOVTSEV, SERA","3379 BELLEFONTAINE ST,HOUSTON,77025","7, ZONE",532F,5255d,CLOSED
181621,Tree Removal,2021-07-30 02:06 PM,Tree Removal Inspection,TREEMAINTENANCE,"UF - JONES, CODY","7602 CURRY RD,HOUSTON,77093","4, ZONE",454J,5460b,CLOSED
181622,Tree Trim,2021-07-30 02:54 PM,Tree Trim Inspection,TREEMAINTENANCE,"UF - POLOVTSEV, SERA","602 PEBBLESHIRE DR,HOUSTON,77062","5, ZONE",618J,5949b,CLOSED
181623,Tree Trim,2021-07-30 02:57 PM,Tree Trim Inspection,TREEMAINTENANCE,"UF - POLOVTSEV, SERA","407 PEBBLESHIRE DR,HOUSTON,77062","5, ZONE",618J,5949b,CLOSED
181624,Tree Trim,2021-07-30 03:09 PM,Tree Trim Inspection,TREEMAINTENANCE,"UF - JONES, CODY","2606 WOODLAND RIDGE DR,HOUSTON,77345","4, ZONE",337C,5870c,CLOSED
181625,Tree Removal,2021-07-30 03:18 PM,Tree Removal Inspection,TREEMAINTENANCE,"BLANCHETTE, PETER","6106 ANDWOOD ST,HOUSTON,77087","6, ZONE",534V,5554d,CLOSED
181626,Tree Trim,2021-07-30 03:21 PM,Tree Trim Inspection,TREEMAINTENANCE,"UF - POLOVTSEV, SERA","2405 W ALABAMA ST,HOUSTON,77098","2, ZONE",492U,5256b,CLOSED
181627,Tree Trim,2021-07-30 03:28 PM,Tree Trim Inspection,TREEMAINTENANCE,"UF - JONES, CODY","2300 KINGWOOD DR,HOUSTON,77339","4, ZONE",336C,5769a,CLOSED
181628,Tree Trim,2021-07-30 03:33 PM,Tree Trim Inspection,TREEMAINTENANCE,"UF - POLOVTSEV, SERA","5341 SCHUMACHER LN,HOUSTON,77056","2, ZONE",491Y,5156d,CLOSED
181632,Tree Trim,2021-07-30 04:51 PM,Tree Trim Inspection,TREEMAINTENANCE,"UF - JONES, CODY","KINGWOOD DR & W LAKE CRESCENT DR,HOUSTON,77339","4, ZONE",336D,5769b,CLOSED
181633,Tree Trim,2021-07-30 10:15 PM,Tree Trim Inspection,TREEMAINTENANCE,"BLANCHETTE, PETER","GARROW ST & YORK ST,HOUSTON,77003","5, ZONE",494N,5457d,CLOSED
181634,Tree Trim,2021-07-30 11:15 PM,Tree Trim Inspection,TREEMAINTENANCE,"BLANCHETTE, PETER","5825 ANNUNCIATION ST,HOUSTON,77016","4, ZONE",414R,5562a,CLOSED
181635,Tree Removal,2021-07-31 12:55 AM,Tree Removal Inspection,TREEMAINTENANCE,"BLANCHETTE, PETER","510 LOVETT BLVD,HOUSTON,77006","2, ZONE",493S,5356a,CLOSED
181636,Tree Removal,2021-07-31 10:07 AM,Tree Removal Inspection,TREEMAINTENANCE,"BLANCHETTE, PETER",7645 HAYWOOD DR,"6, ZONE",535W,77061,CLOSED
181637,Tree Removal,2021-07-31 10:08 AM,Tree Removal Inspection,TREEMAINTENANCE,"UF - POLOVTSEV, SERA","5698 HAYWOOD ST,HOUSTON,77016",,414Y,5561a,CLOSED
181638,Tree Removal,2021-07-31 10:12 AM,Tree Removal Inspection,TREEMAINTENANCE,"UF - POLOVTSEV, SERA","5698 HAYWOOD ST,HOUSTON,77016","4, ZONE",414Y,5561a,CLOSED
181639,Tree Removal,2021-07-31 10:16 AM,Tree Removal Inspection,TREEMAINTENANCE,"UF - JONES, CODY","7721 VIRGIL ST,HOUSTON,77088","3, ZONE",412T,5262c,CLOSED
181640,Tree Trim,2021-07-31 10:25 AM,Tree Trim Inspection,TREEMAINTENANCE,"UF - POLOVTSEV, SERA","12102 OLD OAKS DR,HOUSTON,77024","2, ZONE",490E,4957b,CLOSED
181641,Tree Removal,2021-07-31 10:41 AM,Tree Removal Inspection,TREEMAINTENANCE,"BLANCHETTE, PETER","1500 SHEPHERD DR,HOUSTON,77007","2, ZONE",492H      ,5358c,CLOSED
181642,Tree Removal,2021-07-31 10:47 AM,Tree Removal Inspection,TREEMAINTENANCE,"UF - POLOVTSEV, SERA","1501 CASTLE CT,HOUSTON,77006","2, ZONE",493W      ,5356c,CLOSED
181643,Tree Trim,2021-07-31 11:02 AM,Tree Trim Inspection,TREEMAINTENANCE,"UF - POLOVTSEV, SERA","13201 MEMORIAL DR,HOUSTON,77079","2, ZONE",489F,4957a,CLOSED
181644,Tree Removal,2021-07-31 12:02 PM,Tree Removal Inspection,TREEMAINTENANCE,"UF - POLOVTSEV, SERA","7505 BISSONNET ST,HOUSTON,77074","7, ZONE",530Q,5054d,CLOSED
181645,Tree Removal,2021-07-31 12:03 PM,Tree Removal Inspection,TREEMAINTENANCE,"UF - JONES, CODY","7505 BISSONNET ST,HOUSTON,77074","6, ZONE",530Q,5054d,CLOSED
181646,Tree Removal,2021-07-31 12:05 PM,Tree Removal Inspection,TREEMAINTENANCE,"UF - POLOVTSEV, SERA","7505 BISSONNET ST,HOUSTON,77074","7, ZONE",530Q,5054d,CLOSED
181647,Tree Trim,2021-07-31 04:28 PM,Tree Trim Inspection,TREEMAINTENANCE,"BLANCHETTE, PETER","11603 FLEMING DR,HOUSTON,77013","5, ZONE",496F,5758c,CLOSED
181648,Tree Trim,2021-07-31 04:28 PM,Tree Trim Inspection,TREEMAINTENANCE,"UF - POLOVTSEV, SERA","11603 FLEMING DR,HOUSTON,77013",,496F,5758c,CLOSED
181649,Tree Trim,2021-07-31 04:31 PM,Tree Trim Inspection,TREEMAINTENANCE,"UF - POLOVTSEV, SERA","11603 FLEMING DR,HOUSTON,77013","4, ZONE",496F,5758c,CLOSED
181650,Tree Removal,2021-07-31 05:35 PM,Tree Removal Inspection,TREEMAINTENANCE,"UF - POLOVTSEV, SERA","3102 FERNDALE ST,HOUSTON,77098","2, ZONE",492U,5256b,CLOSED
181651,Tree Removal,2021-07-31 05:35 PM,Tree Removal Inspection,TREEMAINTENANCE,"UF - POLOVTSEV, SERA","3102 FERNDALE ST,HOUSTON,77098","2, ZONE",492U,5256b,CLOSED
181652,Tree Removal,2021-07-31 10:36 PM,Tree Removal Inspection,TREEMAINTENANCE,"UF - POLOVTSEV, SERA","MEMORIAL MEWS ST & TURKEY CREEK DR,HOUSTON,77079","2, ZONE",488B,4758d,CLOSED
181653,Tree Removal,2021-08-01 10:20 AM,Tree Removal Inspection,TREEMAINTENANCE,"BLANCHETTE, PETER","5200 MALMEDY RD,HOUSTON,77033","6, ZONE",534N,5454d,CLOSED
181654,Tree Removal,2021-08-01 10:20 AM,Tree Removal Inspection,TREEMAINTENANCE,"UF - POLOVTSEV, SERA","5200 MALMEDY RD,HOUSTON,77033","6, ZONE",534N,5454d,CLOSED
181655,Tree Trim,2021-08-01 02:28 PM,Tree Trim Inspection,TREEMAINTENANCE,"BLANCHETTE, PETER","11402 ENDICOTT LN,HOUSTON,77035","7, ZONE",571B,5153c,CLOSED
181656,Tree Trim,2021-08-01 04:04 PM,Tree Trim Inspection,TREEMAINTENANCE,"BLANCHETTE, PETER","5505 MELANITE AVE,HOUSTON,77053","7, ZONE",571Y,5150b,CLOSED
181658,Tree Trim,2021-08-01 10:12 PM,Tree Trim Inspection,TREEMAINTENANCE,"UF - JONES, CODY","1354 MARTIN ST,HOUSTON,77018","3, ZONE",452F      ,5260a,CLOSED
181659,Tree Trim,2021-08-02 07:12 AM,Tree Trim Inspection,TREEMAINTENANCE,"UF - POLOVTSEV, SERA","1101 HEIGHTS BLVD,HOUSTON,77008","3, ZONE",453W,5358a,CLOSED
181660,Tree Trim,2021-08-02 07:25 AM,Tree Trim Inspection,TREEMAINTENANCE,"UF - POLOVTSEV, SERA","10501 MEADOWGLEN LN,HOUSTON,77042","2, ZONE",489Y,4956c,CLOSED
181661,Tree Trim,2021-08-02 08:13 AM,Tree Trim Inspection,TREEMAINTENANCE,"UF - POLOVTSEV, SERA","2930 CHIMNEY ROCK RD,HOUSTON,77056","2, ZONE",491T,5156c,CLOSED
181662,Tree Removal,2021-08-02 08:28 AM,Tree Removal Inspection,TREEMAINTENANCE,"UF - POLOVTSEV, SERA","500 LOVETT BLVD,HOUSTON,77006","2, ZONE",493S,5356b,CLOSED
181663,Tree Trim,2021-08-02 08:37 AM,Tree Trim Inspection,TREEMAINTENANCE,"UF - POLOVTSEV, SERA","2220 MONTROSE BLVD,HOUSTON,77006","2, ZONE",493N      ,5357c,CLOSED
181664,Tree Trim,2021-08-02 09:16 AM,Tree Trim Inspection,TREEMAINTENANCE,"UF - JONES, CODY","6202 ANTHA ST,HOUSTON,77016","4, ZONE",454D      ,5561c,CLOSED
181665,Tree Trim,2021-08-02 09:47 AM,Tree Trim Inspection,TREEMAINTENANCE,"BLANCHETTE, PETER","5534 MARKET ST,HOUSTON,77020","5, ZONE",494G,5558c,CLOSED
181666,Tree Trim,2021-08-02 10:01 AM,Tree Trim Inspection,TREEMAINTENANCE,"UF - POLOVTSEV, SERA","3131 DRAGONWICK DR,HOUSTON,77045","7, ZONE",572K,5252d,CLOSED
181667,Tree Trim,2021-08-02 10:08 AM,Tree Trim Inspection,TREEMAINTENANCE,"UF - POLOVTSEV, SERA","BROMPTON ST & GRAMERCY ST,HOUSTON,77025","7, ZONE",532F,5255d,CLOSED
181668,Tree Trim,2021-08-02 10:17 AM,Tree Trim Inspection,TREEMAINTENANCE,"UF - POLOVTSEV, SERA","4103 LANARK LN,HOUSTON,77025","7, ZONE",532J,5255c,CLOSED
181669,Tree Trim,2021-08-02 10:23 AM,Tree Trim Inspection,TREEMAINTENANCE,"UF - POLOVTSEV, SERA","11312 WESTHEIMER RD,HOUSTON,77077","2, ZONE",489T      ,4856d,CLOSED
181670,Tree Trim,2021-08-02 10:29 AM,Tree Trim Inspection,TREEMAINTENANCE,"UF - POLOVTSEV, SERA","16818 RAPIDCREEK DR,HOUSTON,77053","7, ZONE",611C,5150d,CLOSED
181671,Tree Trim,2021-08-02 10:38 AM,Tree Trim Inspection,TREEMAINTENANCE,"UF - POLOVTSEV, SERA","7022 SHAVELSON ST,HOUSTON,77055","3, ZONE",491C,5158a,CLOSED
181672,Tree Trim,2021-08-02 10:41 AM,Tree Trim Inspection,TREEMAINTENANCE,"UF - POLOVTSEV, SERA","2016 LAZY CREEK LN,HOUSTON,77017","5, ZONE",536T,5754c,CLOSED
181673,Tree Trim,2021-08-02 10:53 AM,Tree Trim Inspection,TREEMAINTENANCE,"UF - POLOVTSEV, SERA","7831 BELLE PARK DR,HOUSTON,77072","2, ZONE",529K,4854b,CLOSED
181674,Tree Removal,2021-08-02 11:24 AM,Tree Removal Inspection,TREEMAINTENANCE,"UF - JONES, CODY","9126 RUTHERFORD LN,HOUSTON,77088","3, ZONE",412K,5263d,CLOSED
181675,Tree Trim,2021-08-02 11:37 AM,Tree Trim Inspection,TREEMAINTENANCE,"BLANCHETTE, PETER","7900 FLAXMAN ST,HOUSTON,77029","5, ZONE",495J,5557b,CLOSED
181676,Tree Removal,2021-08-02 11:45 AM,Tree Removal Inspection,TREEMAINTENANCE,"BLANCHETTE, PETER","7938 LANE ST,HOUSTON,77029","5, ZONE",495K,5657a,CLOSED
181677,Tree Removal,2021-08-02 12:09 PM,Tree Removal Inspection,TREEMAINTENANCE,"BLANCHETTE, PETER","1951 DORSETT ST,HOUSTON,77029","5, ZONE",495N,5557b,CLOSED
181678,Tree Trim,2021-08-02 12:42 PM,Tree Trim Inspection,TREEMAINTENANCE,"BLANCHETTE, PETER","15819 HAVENHURST DR,HOUSTON,77059","5, ZONE",618C      ,6050a,CLOSED
181680,Tree Removal,2021-08-02 02:28 PM,Tree Removal Inspection,TREEMAINTENANCE,"UF - POLOVTSEV, SERA","912 ASBURY ST,HOUSTON,77007","2, ZONE",492G,5257b,CLOSED
181681,Tree Trim,2021-08-02 02:31 PM,Tree Trim Inspection,TREEMAINTENANCE,"UF - POLOVTSEV, SERA","2700 BISSONNET ST,HOUSTON,NA","7, ZONE",492Y,5256d,CLOSED
181682,Tree Removal,2021-08-02 02:49 PM,Tree Removal Inspection,TREEMAINTENANCE,"UF - POLOVTSEV, SERA","1587 SAGE RD,HOUSTON,77056","2, ZONE",491Q,5157d,CLOSED
181684,Tree Removal,2021-08-02 03:37 PM,Tree Removal Inspection,TREEMAINTENANCE,"BLANCHETTE, PETER","2802 EAGLE ST,HOUSTON,77004","6, ZONE",493Y,5456c,CLOSED
181685,Tree Removal,2021-08-02 03:49 PM,Tree Removal Inspection,TREEMAINTENANCE,"BLANCHETTE, PETER","7630 BUENA VISTA STREET,HOUSTON,77087","6, ZONE",535S,5654c,CLOSED
181686,Tree Removal,2021-08-02 04:37 PM,Tree Removal Inspection,TREEMAINTENANCE,"UF - POLOVTSEV, SERA","2214 SUL ROSS ST,HOUSTON,77098","2, ZONE",492U,5256b,CLOSED
181687,Tree Trim,2021-08-02 04:53 PM,Tree Trim Inspection,TREEMAINTENANCE,"UF - POLOVTSEV, SERA","7119 DROWSY PINE DR,HOUSTON,77092","3, ZONE",411W,5061d,CLOSED
181688,Tree Trim,2021-08-02 05:02 PM,Tree Trim Inspection,TREEMAINTENANCE,"UF - JONES, CODY","1940 THONIG RD,HOUSTON,77055","3, ZONE",451T,5159c,CLOSED
181689,Tree Removal,2021-08-02 05:08 PM,Tree Removal Inspection,TREEMAINTENANCE,"UF - JONES, CODY","22510 W SHOREWOOD LOOP,HOUSTON,77336","4, ZONE",338V,5968d,CLOSED
181693,Tree Trim,2021-08-02 09:01 PM,Tree Trim Inspection,TREEMAINTENANCE,"UF - JONES, CODY","1132 BAYLAND AVE,HOUSTON,77009","3, ZONE",493A      ,5358b,CLOSED
181694,Tree Trim,2021-08-03 06:16 AM,Tree Trim Inspection,TREEMAINTENANCE,"BLANCHETTE, PETER","1801 EL PASEO ST,HOUSTON,77054","7, ZONE",532R      ,5354a,CLOSED
181695,Tree Trim,2021-08-03 06:58 AM,Tree Trim Inspection,TREEMAINTENANCE,"UF - POLOVTSEV, SERA","1500 MEMORIAL DR,HOUSTON,77007","2, ZONE",493L,5357b,CLOSED
181697,Tree Code Violation,2021-08-03 08:46 AM,Tree Code Violation Inspection,TREEPROTECTION,"BLANCHETTE, PETER","5527 HAIGHT ST,HOUSTON,77028","4, ZONE",455T,5659a,CLOSED
181698,Tree Removal,2021-08-03 09:52 AM,Tree Removal Inspection,TREEMAINTENANCE,"BLANCHETTE, PETER","6202 SHERMAN ST,HOUSTON,77011","5, ZONE",494U,5556a,CLOSED
181699,Tree Trim,2021-08-03 10:30 AM,Tree Trim Inspection,TREEMAINTENANCE,"BLANCHETTE, PETER","1922 FAIRWIND RD,HOUSTON,77062","5, ZONE",618L,6049a,CLOSED
181700,Tree Trim,2021-08-03 10:40 AM,Tree Trim Inspection,TREEMAINTENANCE,"BLANCHETTE, PETER","2000 FAIRWIND RD,HOUSTON,77062","5, ZONE",618L,6049a,CLOSED
181701,Tree Removal,2021-08-03 10:48 AM,Tree Removal Inspection,TREEMAINTENANCE,"UF - POLOVTSEV, SERA","2223 HULDY ST,HOUSTON,77019","2, ZONE",492V,5356a,CLOSED
181702,Tree Trim,2021-08-03 12:19 PM,Tree Trim Inspection,TREEMAINTENANCE,"BLANCHETTE, PETER","10505  CAXTON ST,HOUSTON,77016","4, ZONE",414Y,5562c,CLOSED
181703,Tree Trim,2021-08-03 12:25 PM,Tree Trim Inspection,TREEMAINTENANCE,"UF - POLOVTSEV, SERA","1815 VALLEY VISTA DR,HOUSTON,77077","2, ZONE",489N,4856b,CLOSED
181705,Tree Trim,2021-08-03 01:26 PM,Tree Trim Inspection,TREEMAINTENANCE,"BLANCHETTE, PETER","3518 GOODHOPE ST,HOUSTON,77021","6, ZONE",533P,5354d,CLOSED
181706,Tree Stump Grinding,2021-08-03 01:38 PM,Tree Stump Inspection,TREEMAINTENANCE,"BLANCHETTE, PETER","15502 ROSE RIDGE CT,HOUSTON,77489","7, ZONE",571X,5150a,CLOSED
181709,Tree Trim,2021-08-03 02:05 PM,Tree Trim Inspection,TREEMAINTENANCE,"BLANCHETTE, PETER","3111 BELLFORT BLVD ST,HOUSTON,77051","6, ZONE",533Y,5453a,CLOSED
181710,Tree Removal,2021-08-03 02:40 PM,Tree Removal Inspection,TREEMAINTENANCE,"BLANCHETTE, PETER","10501 WICKLOWE ST,HOUSTON,77016","4, ZONE",414Z,5562c,CLOSED
181711,Tree Removal,2021-08-03 04:29 PM,Tree Removal Inspection,TREEMAINTENANCE,"BLANCHETTE, PETER","6820 AVENUE F,HOUSTON,77011","5, ZONE",494V,5556b,CLOSED
181715,Tree Trim,2021-08-03 06:57 PM,Tree Trim Inspection,TREEMAINTENANCE,"BLANCHETTE, PETER","6614 KASSARINE PASS,HOUSTON,77033","6, ZONE",534N,5454d,CLOSED
181716,Tree Trim,2021-08-03 10:31 PM,Tree Trim Inspection,TREEMAINTENANCE,"UF - POLOVTSEV, SERA","5025 HAZELTON ST,HOUSTON,77035","7, ZONE",531Y,5153b,CLOSED
181717,Tree Trim,2021-08-03 11:20 PM,Tree Trim Inspection,TREEMAINTENANCE,"UF - JONES, CODY","831 W 22ND ST,HOUSTON,77008","3, ZONE",452U,5259b,CLOSED
181720,Tree Removal,2021-08-04 08:12 AM,Tree Removal Inspection,TREEMAINTENANCE,"BLANCHETTE, PETER","6747 RICHWOOD RD,HOUSTON,77087","6, ZONE",534V,5553b,CLOSED
181721,Tree Removal,2021-08-04 08:20 AM,Tree Removal Inspection,TREEMAINTENANCE,"UF - POLOVTSEV, SERA","827 ROSINE ST,HOUSTON,77019","2, ZONE",492M,5357c,CLOSED
181722,Tree Trim,2021-08-04 08:32 AM,Tree Trim Inspection,TREEMAINTENANCE,"PATINO, ARNULFO","1015 BROOKS ST,HOUSTON,77009","4, ZONE",493H,5458c,CLOSED
181723,Tree Trim,2021-08-04 08:57 AM,Tree Trim Inspection,TREEMAINTENANCE,"BLANCHETTE, PETER","2202 WROXTON RD,HOUSTON,77005","7, ZONE",492Y,5356c,CLOSED
181724,Tree Trim,2021-08-04 08:59 AM,Tree Trim Inspection,TREEMAINTENANCE,"BLANCHETTE, PETER","3322 CLOVERDALE ST,HOUSTON,77025","7, ZONE",532P,5254d,CLOSED
181725,Tree Trim,2021-08-04 09:12 AM,Tree Trim Inspection,TREEMAINTENANCE,"BLANCHETTE, PETER","8400 MYKAWA RD,HOUSTON,77048 (LAW PARK)","6, ZONE",574C,5553c,CLOSED
181726,Tree Stump Grinding,2021-08-04 10:09 AM,Tree Stump Inspection,TREEMAINTENANCE,"UF - BURKES, JEREMY","1826 RICHMOND AVE,HOUSTON,77098","2, ZONE",492Z,5356c,CLOSED
181727,Tree Trim,2021-08-04 11:19 AM,Tree Trim Inspection,TREEMAINTENANCE,"UF - JONES, CODY","931 W HEIGHTS HOLLOW LN,HOUSTON,77007","2, ZONE",493J,5357a,CLOSED
181728,Tree Trim,2021-08-04 11:31 AM,Tree Trim Inspection,TREEMAINTENANCE,"UF - POLOVTSEV, SERA","111 FALLBROOK DR,HOUSTON,77038","3, ZONE",372Y,5264b,CLOSED
181729,Tree Trim,2021-08-04 11:55 AM,Tree Trim Inspection,TREEMAINTENANCE,"UF - JONES, CODY","4115 FLINT CREEK DR,HOUSTON,77339","4, ZONE",297S,5770b,CLOSED
181730,Tree Trim,2021-08-04 11:58 AM,Tree Trim Inspection,TREEMAINTENANCE,"UF - POLOVTSEV, SERA","2245 MARONEAL ST,HOUSTON,77030","7, ZONE",532G      ,5355c,CLOSED
181731,Tree Trim,2021-08-04 12:17 PM,Tree Trim Inspection,TREEMAINTENANCE,"BLANCHETTE, PETER","3338 AIRPORT BLVD,HOUSTON,77051","6, ZONE",573F,5352b,CLOSED
181732,Tree Trim,2021-08-04 12:29 PM,Tree Trim Inspection,TREEMAINTENANCE,"BLANCHETTE, PETER","7603 GREENSDOWNS ST,HOUSTON,77087","6, ZONE",535N,5554b,CLOSED
181733,Tree Trim,2021-08-04 01:16 PM,Tree Trim Inspection,TREEMAINTENANCE,"UF - POLOVTSEV, SERA","1100 WESTWOOD MALL,HOUSTON,77036","2, ZONE",530S,4953b,CLOSED
181734,Tree Trim,2021-08-04 01:49 PM,Tree Trim Inspection,TREEMAINTENANCE,"BLANCHETTE, PETER","1208 BLODGETT ST,HOUSTON,77004","7, ZONE",493X,5356d,CLOSED
181735,Tree Trim,2021-08-04 02:25 PM,Tree Trim Inspection,TREEMAINTENANCE,"UF - POLOVTSEV, SERA","9903 MILDA DR,HOUSTON,77088","3, ZONE",411N,5062b,CLOSED
181739,Tree Trim,2021-08-04 03:53 PM,Tree Trim Inspection,TREEMAINTENANCE,"BLANCHETTE, PETER","6606 BELDART ST,HOUSTON,77087","6, ZONE",534Y,5553a,CLOSED
181743,Tree Removal,2021-08-04 04:53 PM,Tree Removal Inspection,TREEMAINTENANCE,"BLANCHETTE, PETER","2127 FREY RD,HOUSTON,77034","5, ZONE",576B,5753d,CLOSED
181744,Tree Removal,2021-08-04 06:00 PM,Tree Removal Inspection,TREEMAINTENANCE,"BLANCHETTE, PETER","1714 WORMS ST,HOUSTON,77020","4, ZONE",494F,5458d,CLOSED
181745,Tree Removal,2021-08-04 06:00 PM,Tree Removal Inspection,TREEMAINTENANCE,"BLANCHETTE, PETER","1714 WORMS ST,HOUSTON,77020","4, ZONE",494F,5458d,CLOSED
181746,Tree Trim,2021-08-04 06:27 PM,Tree Trim Inspection,TREEMAINTENANCE,"UF - JONES, CODY","2106 SUMMER ST,HOUSTON,77007","2, ZONE",493F,5358d,CLOSED
181747,Tree Removal,2021-08-05 07:01 AM,Tree Removal Inspection,TREEMAINTENANCE,"UF - JONES, CODY","1500 WHITE OAK DR,HOUSTON,77009","3, ZONE",493C,5358d,CLOSED
181748,Tree Trim,2021-08-05 07:19 AM,Tree Trim Inspection,TREEMAINTENANCE,"UF - POLOVTSEV, SERA","11710 SOUTHLAKE DR,HOUSTON,77077","2, ZONE",489S,4856b,CLOSED
181749,Tree Trim,2021-08-05 10:09 AM,Tree Trim Inspection,TREEMAINTENANCE,"BLANCHETTE, PETER","5534 MARKET ST,HOUSTON,77020","5, ZONE",494G,5558c,CLOSED
181750,Tree Removal,2021-08-05 10:22 AM,Tree Removal Inspection,TREEMAINTENANCE,"UF - JONES, CODY","1409 WOODVINE DR,HOUSTON,77055","3, ZONE",451X,5158a,CLOSED
181751,Tree Trim,2021-08-05 10:30 AM,Tree Trim Inspection,TREEMAINTENANCE,"UF - POLOVTSEV, SERA","8318 BRAESVIEW LN,HOUSTON,77071","7, ZONE",530T,5053a,CLOSED
181752,Tree Trim,2021-08-05 10:39 AM,Tree Trim Inspection,TREEMAINTENANCE,"BLANCHETTE, PETER","5202 DUMORE DR,HOUSTON,77048","6, ZONE",574J,5452d,CLOSED
181753,Tree Removal,2021-08-05 10:39 AM,Tree Removal Inspection,TREEMAINTENANCE,"BLANCHETTE, PETER","5627 JACKWOOD ST,HOUSTON,77096","7, ZONE",531N,5154c,CLOSED
181754,Tree Trim,2021-08-05 10:49 AM,Tree Trim Inspection,TREEMAINTENANCE,"UF - JONES, CODY","4200 NORTH FWY,HOUSTON,77022","4, ZONE",453K,5360d,CLOSED
181755,Tree Removal,2021-08-05 11:03 AM,Tree Removal Inspection,TREEMAINTENANCE,"UF - POLOVTSEV, SERA","5201 MEMORIAL DR,HOUSTON,77007","2, ZONE",492L,5257b,CLOSED
181756,Tree Trim,2021-08-05 11:39 AM,Tree Trim Inspection,TREEMAINTENANCE,"PATINO, ARNULFO","4943 E RIDGE CREEK DR,HOUSTON,77053","7, ZONE",611D,5250c,CLOSED
181757,Tree Trim,2021-08-05 12:10 PM,Tree Trim Inspection,TREEMAINTENANCE,"UF - POLOVTSEV, SERA","8710 BEVERLY HILL ST,HOUSTON,77063","2, ZONE",490Y,5056c,CLOSED
181758,Tree Removal,2021-08-05 12:13 PM,Tree Removal Inspection,TREEMAINTENANCE,"UF - POLOVTSEV, SERA","12030 SEA SHORE DR,HOUSTON,77072","2, ZONE",529J,4854b,CLOSED
181759,Tree Trim,2021-08-05 12:52 PM,Tree Trim Inspection,TREEMAINTENANCE,"UF - POLOVTSEV, SERA","1618 GESSNER RD,HOUSTON,77063","2, ZONE",490N,4956b,CLOSED
181760,Tree Trim,2021-08-05 01:22 PM,Tree Trim Inspection,TREEMAINTENANCE,"UF - POLOVTSEV, SERA","4416 SPENCER ST,HOUSTON,77007","2, ZONE",492H,5358c,CLOSED
181761,Tree Trim,2021-08-05 01:40 PM,Tree Trim Inspection,TREEMAINTENANCE,"BLANCHETTE, PETER","2021 SANTA ROSA ST,HOUSTON,77023","5, ZONE",534D,5555b,CLOSED
181762,Tree Trim,2021-08-05 02:01 PM,Tree Trim Inspection,TREEMAINTENANCE,"BLANCHETTE, PETER","2400 SUNSET BLVD,HOUSTON,77005","7, ZONE",532C,5256d,CLOSED
181763,Tree Trim,2021-08-05 02:07 PM,Tree Trim Inspection,TREEMAINTENANCE,"UF - POLOVTSEV, SERA","13802 CHERRY HOLLOW LN,HOUSTON,77082","2, ZONE",488X,4755b,CLOSED
181764,Tree Removal,2021-08-05 02:35 PM,Tree Removal Inspection,TREEMAINTENANCE,"BLANCHETTE, PETER","4410 CLAY ST,HOUSTON,77023","5, ZONE",494T,5456b,CLOSED
181765,Tree Trim,2021-08-05 02:43 PM,Tree Trim Inspection,TREEMAINTENANCE,"UF - JONES, CODY","1138 YALE ST,HOUSTON,77008","3, ZONE",452Z,5358a,CLOSED
181766,Tree Trim,2021-08-05 02:49 PM,Tree Trim Inspection,TREEMAINTENANCE,"UF - JONES, CODY","7322 VICTORIA ST,HOUSTON,77020","4, ZONE",495A,5558b,CLOSED
181767,Tree Trim,2021-08-05 02:58 PM,Tree Trim Inspection,TREEMAINTENANCE,"BLANCHETTE, PETER","10201 KINGSPOINT,HOUSTON,77075 (BEVERLY HILLS PARK)","6, ZONE",576S,5751a,CLOSED
181768,Tree Removal,2021-08-05 03:01 PM,Tree Removal Inspection,TREEMAINTENANCE,"UF - JONES, CODY","4518 NINA LEE LN,HOUSTON,77092","3, ZONE",451M      ,5160b,CLOSED
181769,Tree Removal,2021-08-05 03:23 PM,Tree Removal Inspection,TREEMAINTENANCE,"UF - POLOVTSEV, SERA","12300 WALDEMAR DR,HOUSTON,77077","2, ZONE",488R,4856a,CLOSED
181770,Tree Trim,2021-08-05 03:29 PM,Tree Trim Inspection,TREEMAINTENANCE,"BLANCHETTE, PETER","5400 EL DORADO BLVD,HOUSTON,77059","5, ZONE",578X,6051c,CLOSED
181771,Tree Trim,2021-08-05 05:44 PM,Tree Trim Inspection,TREEMAINTENANCE,"UF - JONES, CODY","8300 VETERANS MEMORIAL DR,HOUSTON,77088","3, ZONE",412U      ,5262d,CLOSED
181772,Tree Trim,2021-08-05 07:18 PM,Tree Trim Inspection,TREEMAINTENANCE,"BLANCHETTE, PETER","7042 BELLFORT ST,HOUSTON,77087","6, ZONE",534Z,5553b,CLOSED
181773,Tree Trim,2021-08-05 07:18 PM,Tree Trim Inspection,TREEMAINTENANCE,"BLANCHETTE, PETER","7042 BELLFORT ST,HOUSTON,77087","6, ZONE",534Z,5553b,CLOSED
181774,Tree Removal,2021-08-05 07:45 PM,Tree Removal Inspection,TREEMAINTENANCE,"PATINO, ARNULFO","3015 ROCKYRIDGE DR,HOUSTON,77063","2, ZONE",490X,5056c,CLOSED
181775,Tree Trim,2021-08-05 08:16 PM,Tree Trim Inspection,TREEMAINTENANCE,"UF - JONES, CODY","W ALABAMA ST & JACK ST,HOUSTON,77006","2, ZONE",493S,5356b,CLOSED
181776,Tree Removal,2021-08-06 07:28 AM,Tree Removal Inspection,TREEMAINTENANCE,"BLANCHETTE, PETER","6502 GAINESVILLE ST,HOUSTON,77020","4, ZONE",494D,5558b,CLOSED
181777,Tree Trim,2021-08-06 07:49 AM,Tree Trim Inspection,TREEMAINTENANCE,"UF - POLOVTSEV, SERA","ROY ST & DARLING ST,HOUSTON,77007","3, ZONE",492C,5258d,CLOSED
181778,Tree Trim,2021-08-06 08:31 AM,Tree Trim Inspection,TREEMAINTENANCE,"BLANCHETTE, PETER","200 MISSISSIPPI ST,HOUSTON,77029","5, ZONE",495U,5657d,CLOSED
181779,Tree Trim,2021-08-06 08:34 AM,Tree Trim Inspection,TREEMAINTENANCE,"UF - POLOVTSEV, SERA","W TEMPLE ST & STUDEWOOD ST,HOUSTON,77009","3, ZONE",453W,5358b,CLOSED
181780,Tree Trim,2021-08-06 08:49 AM,Tree Trim Inspection,TREEMAINTENANCE,"UF - POLOVTSEV, SERA","201 MUNFORD ST,HOUSTON,77008","3, ZONE",453S,5359a,CLOSED
181784,Tree Trim,2021-08-06 09:16 AM,Tree Trim Inspection,TREEMAINTENANCE,"UF - POLOVTSEV, SERA","3504 AJAX ST,HOUSTON,77022 (INDEPENDENCE HEIGHTS PARK)","3, ZONE",453N,5360c,CLOSED
181787,Tree Trim,2021-08-06 09:32 AM,Tree Trim Inspection,TREEMAINTENANCE,"BLANCHETTE, PETER","3811 LUCA ST,HOUSTON,77021","6, ZONE",533L,5454a,CLOSED
181788,Tree Trim,2021-08-06 09:32 AM,Tree Trim Inspection,TREEMAINTENANCE,"BLANCHETTE, PETER","3807 LUCA ST,HOUSTON,77021","6, ZONE",533L,5454a,CLOSED
181789,Tree Removal,2021-08-06 09:37 AM,Tree Removal Inspection,TREEMAINTENANCE,"UF - JONES, CODY",10010 THURLEIGH ST,"7, ZONE",529Z,77031,CLOSED
181791,Tree Trim,2021-08-06 10:05 AM,Tree Trim Inspection,TREEMAINTENANCE,"BLANCHETTE, PETER","3806 DREYFUS ST,HOUSTON,77021","6, ZONE",533Q,5454a,CLOSED
181792,Tree Trim,2021-08-06 10:41 AM,Tree Trim Inspection,TREEMAINTENANCE,"PATINO, ARNULFO","8627 BERRYVINE DR,HOUSTON,77489","7, ZONE",610G,5049b,CLOSED
181793,Tree Removal,2021-08-06 10:41 AM,Tree Removal Inspection,TREEMAINTENANCE,"UF - POLOVTSEV, SERA","1206 CORTLANDT ST,HOUSTON,77008","3, ZONE",453W,5358a,CLOSED
181794,Tree Removal,2021-08-06 11:51 AM,Tree Removal Inspection,TREEMAINTENANCE,"BLANCHETTE, PETER","4600 NEAL ST,HOUSTON,77017","5, ZONE",535R,5654b,CLOSED
181795,Tree Removal,2021-08-06 11:57 AM,Tree Removal Inspection,TREEMAINTENANCE,"PATINO, ARNULFO","11522 ALMEDA RD,HOUSTON,77045","7, ZONE",572D,5353c,CLOSED
181796,Tree Trim,2021-08-06 12:12 PM,Tree Trim Inspection,TREEMAINTENANCE,"BLANCHETTE, PETER","8306 MORLEY ST,HOUSTON,77061","6, ZONE",575C,5653b,CLOSED
181797,Tree Trim,2021-08-06 12:30 PM,Tree Trim Inspection,TREEMAINTENANCE,"BLANCHETTE, PETER",541 S 75TH ST (MASON PARK),"5, ZONE",535A,77023,CLOSED
181798,Tree Trim,2021-08-06 01:06 PM,Tree Trim Inspection,TREEMAINTENANCE,"UF - POLOVTSEV, SERA","100 WESTCOTT ST,HOUSTON,77007","2, ZONE",492L,5257b,CLOSED
181799,Tree Trim,2021-08-06 01:09 PM,Tree Trim Inspection,TREEMAINTENANCE,"UF - POLOVTSEV, SERA","9847 GILLMAN ST,HOUSTON,77078","4, ZONE",455D,5661b,CLOSED
181800,Tree Trim,2021-08-06 01:12 PM,Tree Trim Inspection,TREEMAINTENANCE,"PATINO, ARNULFO","16322 CALISTOGA CT,HOUSTON,77053","7, ZONE",611B      ,5150c,CLOSED
181801,Tree Trim,2021-08-06 03:25 PM,Tree Trim Inspection,TREEMAINTENANCE,"BLANCHETTE, PETER","6000 GREENBRIAR ST,HOUSTON,77030","7, ZONE",532G,5255b,CLOSED
181802,Tree Trim,2021-08-06 03:32 PM,Tree Trim Inspection,TREEMAINTENANCE,"BLANCHETTE, PETER","1319 SULPHUR ST,HOUSTON,77034","5, ZONE",576E,5753c,CLOSED
181803,Tree Trim,2021-08-06 03:33 PM,Tree Trim Inspection,TREEMAINTENANCE,"BLANCHETTE, PETER","4921 WALKER ST,HOUSTON,77023","5, ZONE",494T,5556a,CLOSED
181804,Tree Trim,2021-08-06 03:35 PM,Tree Trim Inspection,TREEMAINTENANCE,"BLANCHETTE, PETER","3522 GOODHOPE ST,HOUSTON,77021","6, ZONE",533P,5354d,CLOSED
181805,Tree Trim,2021-08-06 03:47 PM,Tree Trim Inspection,TREEMAINTENANCE,"UF - POLOVTSEV, SERA","9440 BELLAIRE BLVD,HOUSTON,77036","2, ZONE",529H,4955d,CLOSED
181806,Tree Trim,2021-08-06 04:01 PM,Tree Trim Inspection,TREEMAINTENANCE,"UF - POLOVTSEV, SERA","4200 COCHRAN ST,HOUSTON,77009","4, ZONE",453Z,5459c,CLOSED
181807,Tree Removal,2021-08-06 04:44 PM,Tree Removal Inspection,TREEMAINTENANCE,"UF - JONES, CODY","515 AVONDALE ST,HOUSTON,77006","2, ZONE",493S,5356b,CLOSED
181808,Tree Removal,2021-08-06 04:44 PM,Tree Removal Inspection,TREEMAINTENANCE,"UF - JONES, CODY","515 AVONDALE ST,HOUSTON,77006","2, ZONE",493S,5356b,CLOSED
181809,Tree Trim,2021-08-06 05:13 PM,Tree Trim Inspection,TREEMAINTENANCE,"BLANCHETTE, PETER","5217 MALMEDY RD,HOUSTON,77033","6, ZONE",534N,5454d,CLOSED
181810,Tree Removal,2021-08-06 06:01 PM,Tree Removal Inspection,TREEMAINTENANCE,"BLANCHETTE, PETER","5510 N BRAESWOOD BLVD,HOUSTON,77096","7, ZONE",531S,5153a,CLOSED
181811,Tree Removal,2021-08-06 07:59 PM,Tree Removal Inspection,TREEMAINTENANCE,"UF - POLOVTSEV, SERA","12427 SHADOWVISTA DR,HOUSTON,77082","2, ZONE",528D,4855a,CLOSED
181812,Tree Removal,2021-08-06 07:59 PM,Tree Removal Inspection,TREEMAINTENANCE,"UF - POLOVTSEV, SERA","12427 SHADOWVISTA DR,HOUSTON,77082","2, ZONE",528D,4855a,CLOSED
181813,Tree Trim,2021-08-07 07:46 AM,Tree Trim Inspection,TREEMAINTENANCE,"BLANCHETTE, PETER","6218 BRIAR SEASONS DR,HOUSTON,77489","7, ZONE",571X,5150a,CLOSED
181814,Tree Trim,2021-08-07 07:46 AM,Tree Trim Inspection,TREEMAINTENANCE,"BLANCHETTE, PETER","6218 BRIAR SEASONS DR,HOUSTON,77489","7, ZONE",571X,5150a,CLOSED
181815,Tree Trim,2021-08-07 07:51 AM,Tree Trim Inspection,TREEMAINTENANCE,"BLANCHETTE, PETER","6218 BRIAR SEASONS DR,HOUSTON,77489","7, ZONE",571X,5150a,CLOSED
181816,Tree Trim,2021-08-07 07:54 AM,Tree Trim Inspection,TREEMAINTENANCE,"BLANCHETTE, PETER","7408 ANZAC ST,HOUSTON,77020","5, ZONE",495E,5558d,CLOSED
181817,Tree Removal,2021-08-07 09:58 AM,Tree Removal Inspection,TREEMAINTENANCE,"UF - POLOVTSEV, SERA","4303 ROSE ST,HOUSTON,77007","2, ZONE",492H,5357a,CLOSED
181818,Tree Code Violation,2021-08-07 12:32 PM,Tree Code Violation Inspection,TREEPROTECTION,"UF - JONES, CODY","9618 S RICE AVE,HOUSTON,77096","7, ZONE",531U,5153b,CLOSED
181819,Tree Trim,2021-08-07 02:57 PM,Tree Trim Inspection,TREEMAINTENANCE,"UF - JONES, CODY","5131 HAVENVIEW DR,HOUSTON,77041","3, ZONE",449D,4960a,CLOSED
181820,Tree Trim,2021-08-07 03:03 PM,Tree Trim Inspection,TREEMAINTENANCE,"BLANCHETTE, PETER","10326 KINSDALE CROSSING LN,HOUSTON,77075","6, ZONE",575V,5651b,CLOSED
181821,Tree Trim,2021-08-07 11:10 PM,Tree Trim Inspection,TREEMAINTENANCE,"BLANCHETTE, PETER","5802 JASON ST,HOUSTON,77074","7, ZONE",531N      ,5154c,CLOSED
181822,Tree Trim,2021-08-07 11:10 PM,Tree Trim Inspection,TREEMAINTENANCE,"BLANCHETTE, PETER","5802 JASON ST,HOUSTON,77074","7, ZONE",531N      ,5154c,CLOSED
181823,Tree Trim,2021-08-08 12:53 AM,Tree Trim Inspection,TREEMAINTENANCE,"UF - POLOVTSEV, SERA","3606 CHEVY CHASE DR,HOUSTON,77019","2, ZONE",492P      ,5257c,CLOSED
181824,Tree Trim,2021-08-08 12:53 AM,Tree Trim Inspection,TREEMAINTENANCE,"UF - POLOVTSEV, SERA","3606 CHEVY CHASE DR,HOUSTON,77019","2, ZONE",492P      ,5257c,CLOSED
181825,Tree Removal,2021-08-08 06:07 AM,Tree Removal Inspection,TREEMAINTENANCE,"BLANCHETTE, PETER","1830 SOUTHMORE BLVD,HOUSTON,77004","7, ZONE",533B,5356d,CLOSED
181826,Tree Removal,2021-08-08 06:07 AM,Tree Removal Inspection,TREEMAINTENANCE,"BLANCHETTE, PETER","2296 SOUTHMORE BLVD,HOUSTON,77004","7, ZONE",533B,5356d,CLOSED
181827,Tree Removal,2021-08-08 07:34 AM,Tree Removal Inspection,TREEMAINTENANCE,"UF - POLOVTSEV, SERA","8710 HOFFMAN ST,HOUSTON,77016","4, ZONE",454G,5561c,CLOSED
181828,Tree Removal,2021-08-08 08:35 AM,Tree Removal Inspection,TREEMAINTENANCE,"UF - JONES, CODY","4900 ALABONSON RD,HOUSTON,77092","3, ZONE",451F,5160a,CLOSED
181829,Tree Removal,2021-08-08 08:35 AM,Tree Removal Inspection,TREEMAINTENANCE,"UF - JONES, CODY","4900 ALABONSON RD,HOUSTON,77092","3, ZONE",451F,5160a,CLOSED
181830,Tree Removal,2021-08-08 11:36 AM,Tree Removal Inspection,TREEMAINTENANCE,"BLANCHETTE, PETER","2334 GOLDSMITH ST,HOUSTON,77030","7, ZONE",532G,5255d,CLOSED
181831,Tree Removal,2021-08-08 11:36 AM,Tree Removal Inspection,TREEMAINTENANCE,"BLANCHETTE, PETER","2334 GOLDSMITH ST,HOUSTON,77030","7, ZONE",532G,5255d,CLOSED
181832,Tree Removal,2021-08-08 12:45 PM,Tree Removal Inspection,TREEMAINTENANCE,"BLANCHETTE, PETER","2119 TANGLEY ST,HOUSTON,77005","7, ZONE",532D      ,5355a,CLOSED
181833,Tree Removal,2021-08-08 12:46 PM,Tree Removal Inspection,TREEMAINTENANCE,"BLANCHETTE, PETER","2119 TANGLEY ST,HOUSTON,77005","7, ZONE",532D      ,5355a,CLOSED
181834,Tree Trim,2021-08-08 04:53 PM,Tree Trim Inspection,TREEMAINTENANCE,"UF - POLOVTSEV, SERA","BARRYKNOLL LN & BUNKER HILL RD,HOUSTON,77024","2, ZONE",490B      ,5058c,CLOSED
181835,Tree Trim,2021-08-08 04:54 PM,Tree Trim Inspection,TREEMAINTENANCE,"UF - POLOVTSEV, SERA","BARRYKNOLL LN & BUNKER HILL RD,HOUSTON,77024","2, ZONE",490B      ,5058c,CLOSED
181836,Tree Trim,2021-08-08 05:05 PM,Tree Trim Inspection,TREEMAINTENANCE,"UF - JONES, CODY","798 GRANVILLE DR,HOUSTON,77091","3, ZONE",412Y,5261b,CLOSED
181837,Tree Removal,2021-08-08 06:39 PM,Tree Removal Inspection,TREEMAINTENANCE,"UF - JONES, CODY","4503 LILLIAN ST,HOUSTON,77007","2, ZONE",492H,5357a,CLOSED
181838,Tree Removal,2021-08-08 06:40 PM,Tree Removal Inspection,TREEMAINTENANCE,"UF - JONES, CODY","4503 LILLIAN ST,HOUSTON,77007","2, ZONE",492H,5357a,CLOSED
181839,Tree Removal,2021-08-09 06:59 AM,Tree Removal Inspection,TREEMAINTENANCE,"UF - JONES, CODY","20669 W LAKE HOUSTON PKWY,HOUSTON,77346","4, ZONE",337P,5868c,CLOSED
181841,Tree Trim,2021-08-09 08:42 AM,Tree Trim Inspection,TREEMAINTENANCE,"UF - POLOVTSEV, SERA","4100 MEMORIAL DR,HOUSTON,77007","2, ZONE",492M,5357a,CLOSED
181842,Tree Trim,2021-08-09 08:48 AM,Tree Trim Inspection,TREEMAINTENANCE,"BLANCHETTE, PETER","7302 KELLER ST,HOUSTON,77012","5, ZONE",535E,5655c,CLOSED
181843,Tree Trim,2021-08-09 09:03 AM,Tree Trim Inspection,TREEMAINTENANCE,"UF - POLOVTSEV, SERA","7627 COOK RD,HOUSTON,77072","2, ZONE",529J,4854b,CLOSED
181844,Tree Trim,2021-08-09 09:12 AM,Tree Trim Inspection,TREEMAINTENANCE,"BLANCHETTE, PETER","15618 FALL BRIAR DR,HOUSTON,77489","7, ZONE",571X,5150a,CLOSED
181845,Tree Trim,2021-08-09 09:45 AM,Tree Trim Inspection,TREEMAINTENANCE,"UF - POLOVTSEV, SERA","4209 JUNE ST,HOUSTON,77016","4, ZONE",454F,5460b,CLOSED
181849,Tree Trim,2021-08-09 10:09 AM,Tree Trim Inspection,TREEMAINTENANCE,"UF - POLOVTSEV, SERA","1436 HARVARD ST,HOUSTON,77008","3, ZONE",453W,5359c,CLOSED
181850,Tree Trim,2021-08-09 10:19 AM,Tree Trim Inspection,TREEMAINTENANCE,"BLANCHETTE, PETER","7446 LAKEHURST DR,HOUSTON,77087","6, ZONE",535S,5554d,CLOSED
181851,Tree Removal,2021-08-09 10:34 AM,Tree Removal Inspection,TREEMAINTENANCE,"UF - JONES, CODY","5337 VAL VERDE ST,HOUSTON,77056","2, ZONE",491U      ,5156d,CLOSED
181852,Tree Removal,2021-08-09 10:35 AM,Tree Removal Inspection,TREEMAINTENANCE,"BLANCHETTE, PETER","9700 BRIAR FOREST DR,HOUSTON,77042","2, ZONE",490N,4956b,CLOSED
181854,Tree Trim,2021-08-09 10:37 AM,Tree Trim Inspection,TREEMAINTENANCE,"UF - JONES, CODY","3400 ELLA BLVD,HOUSTON,77018","3, ZONE",452P,5259a,CLOSED
181855,Tree Trim,2021-08-09 11:40 AM,Tree Trim Inspection,TREEMAINTENANCE,"UF - JONES, CODY","4500 W BELLFORT AVE,HOUSTON,77096","7, ZONE",531V,5253a,CLOSED
181859,Tree Trim,2021-08-09 12:31 PM,Tree Trim Inspection,TREEMAINTENANCE,"UF - JONES, CODY","12910 ASHFORD POINT DR,HOUSTON,77082","2, ZONE",528C,4855a,CLOSED
181860,Tree Removal,2021-08-09 02:05 PM,Tree Removal Inspection,TREEMAINTENANCE,"UF - POLOVTSEV, SERA",12229 NOLA CT,"4, ZONE",456Y,77013,CLOSED
181861,Tree Removal,2021-08-09 03:24 PM,Tree Removal Inspection,TREEMAINTENANCE,"UF - POLOVTSEV, SERA","7820 SCHNEIDER ST,HOUSTON,77093","4, ZONE",453M,5460a,CLOSED
181862,Tree Removal,2021-08-09 03:24 PM,Tree Removal Inspection,TREEMAINTENANCE,"UF - POLOVTSEV, SERA","7820 SCHNEIDER ST,HOUSTON,77093","4, ZONE",453M,5460a,CLOSED
181863,Tree Trim,2021-08-09 03:28 PM,Tree Trim Inspection,TREEMAINTENANCE,"BLANCHETTE, PETER","1901 SUNSET BLVD,HOUSTON,77005","7, ZONE",532D,5355a,CLOSED
181864,Tree Trim,2021-08-09 03:44 PM,Tree Trim Inspection,TREEMAINTENANCE,"UF - POLOVTSEV, SERA","11498 HARWIN DR,HOUSTON,77072","2, ZONE",529B,4955c,CLOSED
181865,Tree Trim,2021-08-09 04:26 PM,Tree Trim Inspection,TREEMAINTENANCE,"BLANCHETTE, PETER","9217 E AVENUE L,HOUSTON,77012","5, ZONE",535C,5655b,CLOSED
181866,Tree Trim,2021-08-09 04:33 PM,Tree Trim Inspection,TREEMAINTENANCE,"UF - POLOVTSEV, SERA","4178 WILDACRES DR,HOUSTON,77072","2, ZONE",529B,4855d,CLOSED
181868,Tree Trim,2021-08-09 04:54 PM,Tree Trim Inspection,TREEMAINTENANCE,"PATINO, ARNULFO","2312 WICHITA ST,HOUSTON,77004","6, ZONE",533B,5355b,CLOSED
181869,Tree Trim,2021-08-09 05:12 PM,Tree Trim Inspection,TREEMAINTENANCE,"BLANCHETTE, PETER","4100 BROADWAY ST,HOUSTON,77087","6, ZONE",535P,5654c,CLOSED
181870,Tree Trim,2021-08-09 06:33 PM,Tree Trim Inspection,TREEMAINTENANCE,"BLANCHETTE, PETER","BISSONNET ST & DINCANS ST,HOUSTON,77005","7, ZONE",492Y      ,5256d,CLOSED
181871,Tree Trim,2021-08-09 06:34 PM,Tree Trim Inspection,TREEMAINTENANCE,"BLANCHETTE, PETER","5400 TAUTENHAHN RD,HOUSTON,77016","4, ZONE",414V,5562c,CLOSED
181872,Tree Trim,2021-08-10 06:05 AM,Tree Trim Inspection,TREEMAINTENANCE,"UF - JONES, CODY","1034 PATTERSON ST,HOUSTON,77007","2, ZONE",492H      ,5358c,CLOSED
181874,Tree Trim,2021-08-10 07:21 AM,Tree Trim Inspection,TREEMAINTENANCE,"BLANCHETTE, PETER","6378 RENWICK DR,HOUSTON,77081","7, ZONE",531E,5155c,CLOSED
181875,Tree Trim,2021-08-10 08:05 AM,Tree Trim Inspection,TREEMAINTENANCE,"BLANCHETTE, PETER","9507 BEVERLY HILL ST,HOUSTON,77063","2, ZONE",490X,5056c,CLOSED
181876,Tree Trim,2021-08-10 08:08 AM,Tree Trim Inspection,TREEMAINTENANCE,"UF - JONES, CODY","1329 ANTOINE DR,HOUSTON,77055","3, ZONE",451X,5158a,CLOSED
181877,Tree Trim,2021-08-10 09:31 AM,Tree Trim Inspection,TREEMAINTENANCE,"BLANCHETTE, PETER","3800 OMEARA DR., HOUSTON,77025","7, ZONE",532S      ,5253a,CLOSED
181878,Tree Trim,2021-08-10 09:37 AM,Tree Trim Inspection,TREEMAINTENANCE,"UF - JONES, CODY","4214 HAIN ST,HOUSTON,77009","4, ZONE",453Y,5459c,CLOSED
181879,Tree Trim,2021-08-10 09:40 AM,Tree Trim Inspection,TREEMAINTENANCE,"UF - POLOVTSEV, SERA","6400 ST AUGUSTINE ST,HOUSTON,77021","6, ZONE",533M,5454a,CLOSED
181880,Tree Trim,2021-08-10 09:49 AM,Tree Trim Inspection,TREEMAINTENANCE,"BLANCHETTE, PETER","8127 HARTFORD ST,HOUSTON,77017","5, ZONE",535P,5654a,CLOSED
181881,Tree Trim,2021-08-10 09:50 AM,Tree Trim Inspection,TREEMAINTENANCE,"UF - POLOVTSEV, SERA","WALKER ST & BAGBY ST,HOUSTON,77002","1, ZONE",493L,5357b,CLOSED
181882,Tree Trim,2021-08-10 10:02 AM,Tree Trim Inspection,TREEMAINTENANCE,"UF - POLOVTSEV, SERA","6118 MCKINSTRY BLVD,HOUSTON,77085","7, ZONE",571P,5151b,CLOSED
181883,Tree Removal,2021-08-10 10:26 AM,Tree Removal Inspection,TREEMAINTENANCE,"BLANCHETTE, PETER","7811 PEEKSKILL LN,HOUSTON,77075","6, ZONE",575T,5651a,CLOSED
181884,Tree Trim,2021-08-10 11:08 AM,Tree Trim Inspection,TREEMAINTENANCE,"UF - POLOVTSEV, SERA","10111 BOONE RD,HOUSTON,77099","2, ZONE",529T,4953a,CLOSED
181885,Tree Trim,2021-08-10 11:15 AM,Tree Trim Inspection,TREEMAINTENANCE,"UF - POLOVTSEV, SERA","12322 ASHCROFT DR,HOUSTON,77035","7, ZONE",571E,5152a,CLOSED
181886,Tree Trim,2021-08-10 11:47 AM,Tree Trim Inspection,TREEMAINTENANCE,"UF - JONES, CODY","7506 CROTON RD,HOUSTON,77036","2, ZONE",530K,5054a,CLOSED
181887,Tree Trim,2021-08-10 11:58 AM,Tree Trim Inspection,TREEMAINTENANCE,"UF - POLOVTSEV, SERA","2300 GROSCHKE RD,HOUSTON,77084","3, ZONE",447S,4659c,CLOSED
181888,Tree Trim,2021-08-10 12:09 PM,Tree Trim Inspection,TREEMAINTENANCE,"BLANCHETTE, PETER","9302 CATHEDRAL DR,HOUSTON,77051","6, ZONE",573B,5353d,CLOSED
181889,Tree Trim,2021-08-10 12:19 PM,Tree Trim Inspection,TREEMAINTENANCE,"UF - JONES, CODY","3023 SHADOWDALE DR,HOUSTON,77043","3, ZONE",449M,4960c,CLOSED
181890,Tree Trim,2021-08-10 01:30 PM,Tree Trim Inspection,TREEMAINTENANCE,"BLANCHETTE, PETER",2423 AUBURNDALE ST,"6, ZONE",534C,77023,CLOSED
181891,Tree Removal,2021-08-10 01:36 PM,Tree Removal Inspection,TREEMAINTENANCE,"BLANCHETTE, PETER","1047 HAHLO ST,HOUSTON,77020","5, ZONE",494M,5558c,CLOSED
181892,Tree Trim,2021-08-10 01:48 PM,Tree Trim Inspection,TREEMAINTENANCE,"BLANCHETTE, PETER","7829 SCANLOCK ST,HOUSTON,77012","5, ZONE",535F      ,5655c,CLOSED
181893,Tree Removal,2021-08-10 02:06 PM,Tree Removal Inspection,TREEMAINTENANCE,"BLANCHETTE, PETER","615 W FOREST DR,HOUSTON,77079","2, ZONE",489E,4857b,CLOSED
181894,Tree Removal,2021-08-10 02:06 PM,Tree Removal Inspection,TREEMAINTENANCE,"BLANCHETTE, PETER","650 REGENTVIEW DR,HOUSTON,77079","2, ZONE",489E,4857b,CLOSED
181895,Tree Trim,2021-08-10 02:33 PM,Tree Trim Inspection,TREEMAINTENANCE,"UF - POLOVTSEV, SERA","3926 IDAHO ST,HOUSTON,77021","6, ZONE",533Q,5454a,CLOSED
181896,Tree Trim,2021-08-10 02:41 PM,Tree Trim Inspection,TREEMAINTENANCE,"BLANCHETTE, PETER","8130 COASTWAY LN,HOUSTON,77075 (WALTER JONES PARK)","6, ZONE",575X      ,5651c,CLOSED
181897,Tree Trim,2021-08-10 02:42 PM,Tree Trim Inspection,TREEMAINTENANCE,"BLANCHETTE, PETER","8152 GARLAND ST,HOUSTON,77017","5, ZONE",535V,5654d,CLOSED
181898,Tree Removal,2021-08-10 02:49 PM,Tree Removal Inspection,TREEMAINTENANCE,"UF - JONES, CODY","9106 HILLCROFT AVE,HOUSTON,77096","7, ZONE",531S      ,5154c,CLOSED
181899,Tree Trim,2021-08-10 03:25 PM,Tree Trim Inspection,TREEMAINTENANCE,"BLANCHETTE, PETER","13200 MEMORIAL DR,HOUSTON,77079","2, ZONE",489F,4957a,CLOSED
181900,Tree Trim,2021-08-10 03:25 PM,Tree Trim Inspection,TREEMAINTENANCE,"BLANCHETTE, PETER","13200 MEMORIAL DR,HOUSTON,77079","2, ZONE",489F,4957a,CLOSED
181901,Tree Trim,2021-08-10 03:32 PM,Tree Trim Inspection,TREEMAINTENANCE,"BLANCHETTE, PETER","6026 EFFINGHAM DR,HOUSTON,77035","7, ZONE",570H,5052b,CLOSED
181902,Tree Removal,2021-08-10 03:37 PM,Tree Removal Inspection,TREEMAINTENANCE,"UF - POLOVTSEV, SERA","5200 IRVINGTON BLVD,HOUSTON,77009","4, ZONE",453V,5459a,CLOSED
181903,Tree Removal,2021-08-10 03:47 PM,Tree Removal Inspection,TREEMAINTENANCE,"UF - POLOVTSEV, SERA","804 PATTERSON ST,HOUSTON,77007","2, ZONE",492H,5357a,CLOSED
181904,Tree Trim,2021-08-10 03:55 PM,Tree Trim Inspection,TREEMAINTENANCE,"UF - JONES, CODY","7003 PHILLIPS ST,HOUSTON,77088","3, ZONE",412W,5261a,CLOSED
181905,Tree Trim,2021-08-10 04:53 PM,Tree Trim Inspection,TREEMAINTENANCE,"UF - POLOVTSEV, SERA","6919 THORNWILD RD,HOUSTON,77489","7, ZONE",571W,5150a,CLOSED
181907,Tree Trim,2021-08-10 05:37 PM,Tree Trim Inspection,TREEMAINTENANCE,"UF - POLOVTSEV, SERA","7406 BATTLEWOOD DR,HOUSTON,77040","3, ZONE",410R,5062b,CLOSED
181910,Tree Trim,2021-08-11 06:45 AM,Tree Trim Inspection,TREEMAINTENANCE,"UF - JONES, CODY","8759 PATTIBOB ST,HOUSTON,77029","5, ZONE",495L,5657a,CLOSED
181911,Tree Trim,2021-08-11 09:01 AM,Tree Trim Inspection,TREEMAINTENANCE,"BLANCHETTE, PETER","12816 MEMORIAL DR,HOUSTON,77024","2, ZONE",489H,4957a,CLOSED
181912,Tree Removal,2021-08-11 09:56 AM,Tree Removal Inspection,TREEMAINTENANCE,"UF - POLOVTSEV, SERA","11002 BANDLON DR,HOUSTON,77072","2, ZONE",529F,4955c,CLOSED
181913,Tree Removal,2021-08-11 10:02 AM,Tree Removal Inspection,TREEMAINTENANCE,"BLANCHETTE, PETER","3120 TRUXILLO ST,HOUSTON,77004","6, ZONE",493Y,5456c,CLOSED
181914,Tree Trim,2021-08-11 10:50 AM,Tree Trim Inspection,TREEMAINTENANCE,"UF - JONES, CODY","7902 PILLOT ST,HOUSTON,77029","5, ZONE",495J,5557b,CLOSED
181915,Tree Trim,2021-08-11 10:50 AM,Tree Trim Inspection,TREEMAINTENANCE,"UF - JONES, CODY","7902 PILLOT ST,HOUSTON,77029","5, ZONE",495J,5557b,CLOSED
181916,Tree Trim,2021-08-11 10:53 AM,Tree Trim Inspection,TREEMAINTENANCE,"BLANCHETTE, PETER","10400 MAIN ST,HOUSTON,77025","7, ZONE",532T,5253b,CLOSED
181919,Tree Trim,2021-08-11 11:14 AM,Tree Trim Inspection,TREEMAINTENANCE,"UF - POLOVTSEV, SERA","3735 LUCA ST,HOUSTON,77021","6, ZONE",533L,5454a,CLOSED
181920,Tree Trim,2021-08-11 11:17 AM,Tree Trim Inspection,TREEMAINTENANCE,"UF - JONES, CODY","6350 KINGWOOD DR,HOUSTON,77345","4, ZONE",297Z,5870b,CLOSED
181922,Tree Trim,2021-08-11 11:35 AM,Tree Trim Inspection,TREEMAINTENANCE,"PATINO, ARNULFO","12103 WOOD BAYOU DR,HOUSTON,77013","4, ZONE",496C,5758b,CLOSED
181923,Tree Trim,2021-08-11 11:42 AM,Tree Trim Inspection,TREEMAINTENANCE,"PATINO, ARNULFO","603 EUCLID ST,HOUSTON,77009","3, ZONE",493B,5358b,CLOSED
181925,Tree Trim,2021-08-11 11:48 AM,Tree Trim Inspection,TREEMAINTENANCE,"BLANCHETTE, PETER","6600 SCHURMIER RD,HOUSTON,77048","6, ZONE",574V,5551d,CLOSED
181928,Tree Trim,2021-08-11 11:54 AM,Tree Trim Inspection,TREEMAINTENANCE,"UF - JONES, CODY","13538 FOREST GULLY,HOUSTON,77067","3, ZONE",372K,5266c,CLOSED
181929,Tree Trim,2021-08-11 12:09 PM,Tree Trim Inspection,TREEMAINTENANCE,"UF - POLOVTSEV, SERA","5116 LARKIN ST,HOUSTON,77007","3, ZONE",492C      ,5258d,CLOSED
181930,Tree Trim,2021-08-11 12:12 PM,Tree Trim Inspection,TREEMAINTENANCE,"UF - POLOVTSEV, SERA","5109 LARKIN ST,HOUSTON,77007","3, ZONE",492G      ,5258d,CLOSED
181931,Tree Trim,2021-08-11 01:15 PM,Tree Trim Inspection,TREEMAINTENANCE,"UF - POLOVTSEV, SERA","8801 BAUMAN RD,HOUSTON,77022","4, ZONE",453G,5360b,CLOSED
181932,Tree Trim,2021-08-11 01:16 PM,Tree Trim Inspection,TREEMAINTENANCE,"UF - POLOVTSEV, SERA","8801 BAUMAN RD,HOUSTON,77022","4, ZONE",453G,5360b,CLOSED
181933,Tree Trim,2021-08-11 01:19 PM,Tree Trim Inspection,TREEMAINTENANCE,"PATINO, ARNULFO","6729 TARNEF DR,HOUSTON,77047","7, ZONE",530H,5055d,CLOSED
181934,Tree Removal,2021-08-11 01:36 PM,Tree Removal Inspection,TREEMAINTENANCE,"PATINO, ARNULFO","3317 DE SOTO ST,HOUSTON,77091","3, ZONE",451D,5161d,CLOSED
181935,Tree Trim,2021-08-11 01:45 PM,Tree Trim Inspection,TREEMAINTENANCE,"BLANCHETTE, PETER","12014 KITTY BROOK DR,HOUSTON,77071","7, ZONE",570C,5052b,CLOSED
181936,Tree Trim,2021-08-11 02:15 PM,Tree Trim Inspection,TREEMAINTENANCE,"UF - POLOVTSEV, SERA","12102 CORONA LN,HOUSTON,77072","2, ZONE",529J,4854b,CLOSED
181937,Tree Trim,2021-08-11 02:35 PM,Tree Trim Inspection,TREEMAINTENANCE,"PATINO, ARNULFO","1321 FOUNTAIN VIEW DR,HOUSTON,77057","2, ZONE",491N,5157c,CLOSED
181938,Tree Trim,2021-08-11 02:52 PM,Tree Trim Inspection,TREEMAINTENANCE,"PATINO, ARNULFO","201 DENNIS ST,HOUSTON,77006","2, ZONE",493P,5357d,CLOSED
181940,Tree Trim,2021-08-11 03:09 PM,Tree Trim Inspection,TREEMAINTENANCE,"UF - POLOVTSEV, SERA","4507 DEWBERRY ST,HOUSTON,77021","6, ZONE",533M,5454b,CLOSED
181943,Tree Trim,2021-08-11 03:46 PM,Tree Trim Inspection,TREEMAINTENANCE,"UF - POLOVTSEV, SERA","GOODHOPE ST & LA SALETTE ST,HOUSTON,77021","6, ZONE",533Q,5454c,CLOSED
181944,Tree Trim,2021-08-11 03:49 PM,Tree Trim Inspection,TREEMAINTENANCE,"UF - JONES, CODY","7203 OSAGE ST,HOUSTON,77036","2, ZONE",530K,5054a,CLOSED
181945,Tree Removal,2021-08-11 04:43 PM,Tree Removal Inspection,TREEMAINTENANCE,"UF - POLOVTSEV, SERA","3802 BLODGETT ST,HOUSTON,77004","6, ZONE",533D,5455a,CLOSED
181946,Tree Trim,2021-08-11 04:55 PM,Tree Trim Inspection,TREEMAINTENANCE,"UF - JONES, CODY","3100 KINGWOOD DR,HOUSTON,77339","4, ZONE",337E,5769b,CLOSED
181947,Tree Removal,2021-08-11 05:07 PM,Tree Removal Inspection,TREEMAINTENANCE,"PATINO, ARNULFO","8114 MONTRIDGE DR,HOUSTON,77055","3, ZONE",451S,5059b,CLOSED
181948,Tree Removal,2021-08-11 06:29 PM,Tree Removal Inspection,TREEMAINTENANCE,"BLANCHETTE, PETER","7002 VANDEMAN ST,HOUSTON,77087","5, ZONE",535E,5555b,CLOSED
181949,Tree Removal,2021-08-11 06:29 PM,Tree Removal Inspection,TREEMAINTENANCE,"BLANCHETTE, PETER","7002 VANDEMAN ST,HOUSTON,77087","5, ZONE",535E,5555b,CLOSED
181950,Tree Trim,2021-08-11 06:47 PM,Tree Trim Inspection,TREEMAINTENANCE,"UF - JONES, CODY","303 W TROY RD,HOUSTON,77091","3, ZONE",452D,5361a,CLOSED
181953,Tree Trim,2021-08-12 07:43 AM,Tree Trim Inspection,TREEMAINTENANCE,"UF - POLOVTSEV, SERA","4400 DU PONT ST,HOUSTON,77021","6, ZONE",533M,5455d,CLOSED
181954,Tree Trim,2021-08-12 08:28 AM,Tree Trim Inspection,TREEMAINTENANCE,"BLANCHETTE, PETER","3100 SCOTT ST,HOUSTON,77004","6, ZONE",493Z,5456c,CLOSED
181955,Tree Removal,2021-08-12 08:40 AM,Tree Removal Inspection,TREEMAINTENANCE,"BLANCHETTE, PETER","5511 SOUTHWIND ST,HOUSTON,77033","6, ZONE",534S,5454d,CLOSED
181956,Tree Removal,2021-08-12 08:49 AM,Tree Removal Inspection,TREEMAINTENANCE,"UF - POLOVTSEV, SERA",4330 OREILLY ST,"2, ZONE",492M,77007,CLOSED
181957,Tree Trim,2021-08-12 09:10 AM,Tree Trim Inspection,TREEMAINTENANCE,"UF - POLOVTSEV, SERA","8003 WOODWAY DR,HOUSTON,77063","2, ZONE",490V,5056b,CLOSED
181959,Tree Trim,2021-08-12 09:31 AM,Tree Trim Inspection,TREEMAINTENANCE,"UF - JONES, CODY","BISSONNET ST & ATWELL DR,HOUSTON,77081","2, ZONE",531K,5154a,CLOSED
181960,Tree Trim,2021-08-12 10:11 AM,Tree Trim Inspection,TREEMAINTENANCE,"PATINO, ARNULFO","4945 E RIDGE CREEK DR,HOUSTON,77053","7, ZONE",611D,5250c,CLOSED
181961,Tree Removal,2021-08-12 10:30 AM,Tree Removal Inspection,TREEMAINTENANCE,"BLANCHETTE, PETER","ZOE ST & CORPUS CHRISTI ST,HOUSTON,77020","4, ZONE",494D,5558b,CLOSED
181962,Tree Trim,2021-08-12 10:47 AM,Tree Trim Inspection,TREEMAINTENANCE,"UF - POLOVTSEV, SERA","5710 ARBOLES DR,HOUSTON,77035","7, ZONE",571A,5153c,CLOSED
181963,Tree Trim,2021-08-12 10:56 AM,Tree Trim Inspection,TREEMAINTENANCE,"BLANCHETTE, PETER","2306 WHEELER ST,HOUSTON,77004","6, ZONE",493Y,5356d,CLOSED
181964,Tree Removal,2021-08-12 11:02 AM,Tree Removal Inspection,TREEMAINTENANCE,"BLANCHETTE, PETER","12233 PALMFREE ST,HOUSTON,77034","5, ZONE",576R,5852c,CLOSED
181965,Tree Trim,2021-08-12 11:20 AM,Tree Trim Inspection,TREEMAINTENANCE,"UF - POLOVTSEV, SERA","6930 DROWSY PINE DR,HOUSTON,77092","3, ZONE",411W,5061d,CLOSED
181966,Tree Trim,2021-08-12 11:47 AM,Tree Trim Inspection,TREEMAINTENANCE,"UF - POLOVTSEV, SERA","15703 FATHOM LN,HOUSTON,77062","5, ZONE",618K,5949b,CLOSED
181967,Tree Removal,2021-08-12 11:53 AM,Tree Removal Inspection,TREEMAINTENANCE,"PATINO, ARNULFO","BISSONNET ST & MANDELL ST,HOUSTON,77006","7, ZONE",492Z,5356c,CLOSED
181968,Tree Removal,2021-08-12 12:15 PM,Tree Removal Inspection,TREEMAINTENANCE,"UF - POLOVTSEV, SERA","11738 LEADER ST,HOUSTON,77072","2, ZONE",529E,4854b,CLOSED
181969,Tree Trim,2021-08-12 12:29 PM,Tree Trim Inspection,TREEMAINTENANCE,"UF - POLOVTSEV, SERA","2500 PORTER ST,HOUSTON,77026","4, ZONE",454S,5459d,CLOSED
181970,Tree Trim,2021-08-12 12:35 PM,Tree Trim Inspection,TREEMAINTENANCE,"UF - POLOVTSEV, SERA","3800 JENSEN DR,HOUSTON,77026","4, ZONE",454S,5459d,CLOSED
181971,Tree Removal,2021-08-12 01:09 PM,Tree Removal Inspection,TREEMAINTENANCE,"BLANCHETTE, PETER","4631 WOODSIDE ST,HOUSTON,77023","5, ZONE",494T,5456b,CLOSED
181972,Tree Trim,2021-08-12 01:24 PM,Tree Trim Inspection,TREEMAINTENANCE,"BLANCHETTE, PETER","3122 MURWORTH ST,HOUSTON,77025","7, ZONE",532P,5254d,CLOSED
181974,Tree Trim,2021-08-12 02:39 PM,Tree Trim Inspection,TREEMAINTENANCE,"UF - JONES, CODY","6434 SCHILLER ST,HOUSTON,77055","3, ZONE",451Y      ,5159d,CLOSED
181977,Tree Removal,2021-08-12 03:15 PM,Tree Removal Inspection,TREEMAINTENANCE,"UF - JONES, CODY","1013 BLACKHAW ST,HOUSTON,77079","3, ZONE",488C,4758d,CLOSED
181978,Tree Removal,2021-08-12 03:22 PM,Tree Removal Inspection,TREEMAINTENANCE,"BLANCHETTE, PETER","7014 GARDEN ST,HOUSTON,77087","5, ZONE",535E,5555b,CLOSED
181980,Tree Removal,2021-08-12 03:37 PM,Tree Removal Inspection,TREEMAINTENANCE,"PATINO, ARNULFO","12938 WHITE HEATHER DR,HOUSTON,77045","7, ZONE",572E,5252c,CLOSED
181981,Tree Trim,2021-08-12 04:10 PM,Tree Trim Inspection,TREEMAINTENANCE,"UF - POLOVTSEV, SERA","146 WELLINGTON ST,HOUSTON,77076","4, ZONE",413X,5361b,CLOSED
181982,Tree Trim,2021-08-12 05:16 PM,Tree Trim Inspection,TREEMAINTENANCE,"UF - POLOVTSEV, SERA","15511 FALL BRIAR DR,HOUSTON,77489","7, ZONE",571X,5150a,CLOSED
181983,Tree Trim,2021-08-12 05:17 PM,Tree Trim Inspection,TREEMAINTENANCE,"UF - POLOVTSEV, SERA","6218 BRIAR SEASONS DR,HOUSTON,77489","7, ZONE",571X,5150a,CLOSED
181984,Tree Trim,2021-08-12 05:19 PM,Tree Trim Inspection,TREEMAINTENANCE,"UF - POLOVTSEV, SERA","15514 WINTER BRIAR DR,HOUSTON,77489","7, ZONE",571X,5150a,CLOSED
181987,Tree Trim,2021-08-12 08:59 PM,Tree Trim Inspection,TREEMAINTENANCE,"BLANCHETTE, PETER","GARROW ST & YORK ST,HOUSTON,77003","5, ZONE",494N,5457d,CLOSED
181988,Tree Trim,2021-08-12 10:17 PM,Tree Trim Inspection,TREEMAINTENANCE,"PATINO, ARNULFO","14300 WATERLOO DR,HOUSTON,77045","7, ZONE",572P,5251b,CLOSED
181989,Tree Trim,2021-08-12 10:18 PM,Tree Trim Inspection,TREEMAINTENANCE,"PATINO, ARNULFO","14300 WATERLOO DR,HOUSTON,77045","7, ZONE",572P,5251b,CLOSED
181990,Tree Trim,2021-08-12 10:38 PM,Tree Trim Inspection,TREEMAINTENANCE,"UF - JONES, CODY","BRIAR PATCH DR & S DAIRY ASHFORD RD,HOUSTON,77077","2, ZONE",488M,4857c,CLOSED
181991,Tree Trim,2021-08-13 08:00 AM,Tree Trim Inspection,TREEMAINTENANCE,"BLANCHETTE, PETER","DELMAR ST & CURTIN ST,HOUSTON,77023","5, ZONE",494T,5556a,CLOSED
181992,Tree Removal,2021-08-13 10:07 AM,Tree Removal Inspection,TREEMAINTENANCE,"BLANCHETTE, PETER","12480 SCARSDALE BLVD,HOUSTON,77089","6, ZONE",616D      ,5850a,CLOSED
181993,Tree Trim,2021-08-13 10:19 AM,Tree Trim Inspection,TREEMAINTENANCE,"BLANCHETTE, PETER","5400 CANTERWAY DR,HOUSTON,77048","6, ZONE",574J,5452b,CLOSED
181994,Tree Removal,2021-08-13 10:25 AM,Tree Removal Inspection,TREEMAINTENANCE,"BLANCHETTE, PETER","7663 EL RANCHO ST,HOUSTON,77087","6, ZONE",535S,5654c,CLOSED
181995,Tree Trim,2021-08-13 10:34 AM,Tree Trim Inspection,TREEMAINTENANCE,"BLANCHETTE, PETER","12317 PALMBEACH ST,HOUSTON,77034","5, ZONE",576R,5852c,CLOSED
181997,Tree Trim,2021-08-13 11:37 AM,Tree Trim Inspection,TREEMAINTENANCE,"UF - POLOVTSEV, SERA","1919 WELLINGTON ST,HOUSTON,77093","4, ZONE",413Z,5461a,CLOSED
182001,Tree Removal,2021-08-13 12:23 PM,Tree Removal Inspection,TREEMAINTENANCE,"BLANCHETTE, PETER","401 ESTELLE ST,HOUSTON,77003","5, ZONE",494T,5457d,CLOSED
182004,Tree Trim,2021-08-13 01:40 PM,Tree Trim Inspection,TREEMAINTENANCE,"BLANCHETTE, PETER","7911 DEER MEADOW DR,HOUSTON,77071","7, ZONE",570G,5052b,CLOSED
182005,Tree Trim,2021-08-13 02:20 PM,Tree Trim Inspection,TREEMAINTENANCE,"UF - JONES, CODY","9514 KERRWOOD LN,HOUSTON,77080","3, ZONE",450P,5059a,CLOSED
182006,Tree Trim,2021-08-13 02:57 PM,Tree Trim Inspection,TREEMAINTENANCE,"BLANCHETTE, PETER","9230 KINGSROSE LN,HOUSTON,77075","6, ZONE",576W,5751c,CLOSED
182007,Tree Trim,2021-08-13 04:39 PM,Tree Trim Inspection,TREEMAINTENANCE,"PATINO, ARNULFO",500 MCKINNEY ST,"1, ZONE",493L,77002,CLOSED
182008,Tree Trim,2021-08-13 05:30 PM,Tree Trim Inspection,TREEMAINTENANCE,"UF - POLOVTSEV, SERA","6001 FANNIN ST,HOUSTON,77030","7, ZONE",533A,5355a,CLOSED
182009,Tree Removal,2021-08-13 05:31 PM,Tree Removal Inspection,TREEMAINTENANCE,"BLANCHETTE, PETER","15815 DANFORD DR,HOUSTON,77053","7, ZONE",571X,5150b,CLOSED
182010,Tree Trim,2021-08-13 05:34 PM,Tree Trim Inspection,TREEMAINTENANCE,"UF - POLOVTSEV, SERA","5800 CAROLINE ST,HOUSTON,77030","7, ZONE",533A,5356d,CLOSED
182011,Tree Trim,2021-08-13 09:05 PM,Tree Trim Inspection,TREEMAINTENANCE,"UF - POLOVTSEV, SERA","SIEGEL ST & WEISS ST,HOUSTON,77009","4, ZONE",453Y,5459c,CLOSED
182012,Tree Trim,2021-08-13 09:29 PM,Tree Trim Inspection,TREEMAINTENANCE,"BLANCHETTE, PETER","1819 COMMERCE ST,HOUSTON,77002","1, ZONE",493M,5457a,CLOSED
182013,Tree Trim,2021-08-13 09:56 PM,Tree Trim Inspection,TREEMAINTENANCE,"PATINO, ARNULFO","BERENDO ST & NORTHWEST FWY,HOUSTON,77092","3, ZONE",451K,5160a,CLOSED
182014,Tree Removal,2021-08-14 10:30 AM,Tree Removal Inspection,TREEMAINTENANCE,"BLANCHETTE, PETER",1201 CLEAR LAKE CITY BLVD,"5, ZONE",617D,77062,CLOSED
182015,Tree Removal,2021-08-14 10:31 AM,Tree Removal Inspection,TREEMAINTENANCE,"BLANCHETTE, PETER",1201 CLEAR LAKE CITY BLVD,"5, ZONE",617D,77062,CLOSED
182016,Tree Removal,2021-08-14 10:50 AM,Tree Removal Inspection,TREEMAINTENANCE,"BLANCHETTE, PETER",1201 CLEAR LAKE CITY BLVD (SYLVAN RODRIGUEZ PARK),"5, ZONE",617D,77062,CLOSED
182017,Tree Trim,2021-08-14 01:45 PM,Tree Trim Inspection,TREEMAINTENANCE,"PATINO, ARNULFO",7421 SHOTWELL ST,"4, ZONE",454L,77028,CLOSED
182018,Tree Trim,2021-08-14 01:46 PM,Tree Trim Inspection,TREEMAINTENANCE,"PATINO, ARNULFO",7421 SHOTWELL ST,"4, ZONE",454L,77028,CLOSED
182019,Tree Trim,2021-08-14 01:49 PM,Tree Trim Inspection,TREEMAINTENANCE,"PATINO, ARNULFO",7421 SHOTWELL ST,"4, ZONE",454L,77028,CLOSED
182020,Tree Trim,2021-08-14 06:49 PM,Tree Trim Inspection,TREEMAINTENANCE,"BLANCHETTE, PETER","9711 TILTREE ST,HOUSTON,77075","6, ZONE",576S,5751a,CLOSED
182021,Tree Trim,2021-08-14 06:49 PM,Tree Trim Inspection,TREEMAINTENANCE,"BLANCHETTE, PETER","9711 TILTREE ST,HOUSTON,77075","6, ZONE",576S,5751a,CLOSED
182022,Tree Trim,2021-08-14 06:51 PM,Tree Trim Inspection,TREEMAINTENANCE,"BLANCHETTE, PETER","9711 TILTREE ST,HOUSTON,77075","6, ZONE",576S,5751a,CLOSED
182023,Tree Code Violation,2021-08-14 08:27 PM,Tree Code Violation Inspection,TREEPROTECTION,"UF - JONES, CODY","12419 ELLA LEE LN,HOUSTON,77077","2, ZONE",488V      ,4856c,CLOSED
182024,Tree Removal,2021-08-14 09:09 PM,Tree Removal Inspection,TREEMAINTENANCE,"BLANCHETTE, PETER","897 KIRBY DR,HOUSTON,77019","2, ZONE",492M,5357a,CLOSED
182025,Tree Trim,2021-08-15 01:18 PM,Tree Trim Inspection,TREEMAINTENANCE,"UF - POLOVTSEV, SERA","11703 PECAN CREEK DR,HOUSTON,77043","3, ZONE",449W,4858b,CLOSED
182026,Tree Trim,2021-08-15 01:18 PM,Tree Trim Inspection,TREEMAINTENANCE,"UF - POLOVTSEV, SERA","11703 PECAN CREEK DR,HOUSTON,77043","3, ZONE",449W,4858b,CLOSED
182027,Tree Trim,2021-08-15 03:33 PM,Tree Trim Inspection,TREEMAINTENANCE,"UF - JONES, CODY","7702 WESTVIEW DR,HOUSTON,77055","3, ZONE",451X,5158a,CLOSED
182028,Tree Trim,2021-08-15 03:34 PM,Tree Trim Inspection,TREEMAINTENANCE,"UF - JONES, CODY","7702 WESTVIEW DR,HOUSTON,77055","3, ZONE",451X,5158a,CLOSED
182029,Tree Removal,2021-08-15 03:45 PM,Tree Removal Inspection,TREEMAINTENANCE,"BLANCHETTE, PETER","12126 BRIAR FOREST DR,HOUSTON,77077","2, ZONE",489N,4857d,CLOSED
182030,Tree Trim,2021-08-15 04:15 PM,Tree Trim Inspection,TREEMAINTENANCE,"UF - JONES, CODY","24307 SOFT PINE DR,HOUSTON,77336","4, ZONE",338M,6069c,CLOSED
182031,Tree Trim,2021-08-15 04:24 PM,Tree Trim Inspection,TREEMAINTENANCE,"UF - JONES, CODY","767 BARRYS WAY,HOUSTON,77336","4, ZONE",338M,6069c,CLOSED
182032,Tree Trim,2021-08-15 04:30 PM,Tree Trim Inspection,TREEMAINTENANCE,"BLANCHETTE, PETER","8325 BROADWAY ST,HOUSTON,77061","6, ZONE",535T,5653a,CLOSED
182033,Tree Trim,2021-08-15 05:52 PM,Tree Trim Inspection,TREEMAINTENANCE,"UF - POLOVTSEV, SERA","5667 PIPING ROCK LN,HOUSTON,77056","2, ZONE",491T,5156a,CLOSED
182034,Tree Trim,2021-08-15 06:20 PM,Tree Trim Inspection,TREEMAINTENANCE,"BLANCHETTE, PETER","2955 SHADY PARK DR,HOUSTON,77017","5, ZONE",535L,5655c,CLOSED
182036,Tree Trim,2021-08-15 07:50 PM,Tree Trim Inspection,TREEMAINTENANCE,"UF - CASTILLO, ALEJANDRO","5205 Tarawa Rd,  Houston,  Texas,  77033","6, ZONE",534S,77033,CLOSED
182037,Tree Removal,2021-08-15 09:38 PM,Tree Removal Inspection,TREEMAINTENANCE,"UF - JONES, CODY","200 BURR ST,HOUSTON,77011","5, ZONE",494T      ,5557c,CLOSED
182038,Tree Trim,2021-08-15 09:50 PM,Tree Trim Inspection,TREEMAINTENANCE,"BLANCHETTE, PETER","5803 BELLFORT ST,HOUSTON,77033 (EDGEWOOD PARK)","6, ZONE",534X      ,5453b,CLOSED
182039,Tree Trim,2021-08-16 09:09 AM,Tree Trim Inspection,TREEMAINTENANCE,"BLANCHETTE, PETER","1546 ALMOND BROOK LN,HOUSTON,77062","5, ZONE",617H,5950c,CLOSED
182041,Tree Removal,2021-08-16 09:48 AM,Tree Removal Inspection,TREEMAINTENANCE,"UF - JONES, CODY","2317 ASHLAND ST,HOUSTON,77008","3, ZONE",452V,5359a,CLOSED
182043,Tree Removal,2021-08-16 09:56 AM,Tree Removal Inspection,TREEMAINTENANCE,"UF - JONES, CODY","7524 BRYKERWOODS DR,HOUSTON,77055","3, ZONE",451X,5158a,CLOSED
182044,Tree Trim,2021-08-16 10:29 AM,Tree Trim Inspection,TREEMAINTENANCE,"UF - JONES, CODY","HIDDEN PINES DR & NORTHPARK DR,HOUSTON,77339","4, ZONE",296U      ,5770a,CLOSED
182045,Tree Removal,2021-08-16 10:43 AM,Tree Removal Inspection,TREEMAINTENANCE,"BLANCHETTE, PETER","11275 S SAM HOUSTON PKWY W,HOUSTON,77031","7, ZONE",570E,4952b,CLOSED
182046,Tree Trim,2021-08-16 10:59 AM,Tree Trim Inspection,TREEMAINTENANCE,"UF - POLOVTSEV, SERA","603 GRACELAND ST,HOUSTON,77009","4, ZONE",453U,5459a,CLOSED
182047,Tree Removal,2021-08-16 11:03 AM,Tree Removal Inspection,TREEMAINTENANCE,"BLANCHETTE, PETER","10418 SOUTHPORT DR,HOUSTON,77089","6, ZONE",576T,5751b,CLOSED
182048,Tree Trim,2021-08-16 11:12 AM,Tree Trim Inspection,TREEMAINTENANCE,"PATINO, ARNULFO","925 HEIGHTS BLVD,HOUSTON,77008","3, ZONE",493A,5358a,CLOSED
182049,Tree Trim,2021-08-16 12:30 PM,Tree Trim Inspection,TREEMAINTENANCE,"BLANCHETTE, PETER","6137 CHAFFIN ST,HOUSTON,77087","6, ZONE",534V,5554d,CLOSED
182050,Tree Trim,2021-08-16 12:31 PM,Tree Trim Inspection,TREEMAINTENANCE,"BLANCHETTE, PETER","6137 CHAFFIN ST,HOUSTON,77087","6, ZONE",534V,5554d,CLOSED
182051,Tree Trim,2021-08-16 01:12 PM,Tree Trim Inspection,TREEMAINTENANCE,"BLANCHETTE, PETER","5414 BELNEATH ST,HOUSTON,77033","6, ZONE",534W,5453b,CLOSED
182052,Tree Removal,2021-08-16 01:28 PM,Tree Removal Inspection,TREEMAINTENANCE,"UF - POLOVTSEV, SERA","622 RAMBLEWOOD RD,HOUSTON,77079","2, ZONE",489E,4857b,CLOSED
182053,Tree Removal,2021-08-16 01:52 PM,Tree Removal Inspection,TREEMAINTENANCE,"UF - POLOVTSEV, SERA","3916 AVERILL ST,HOUSTON,77009","4, ZONE",453Y,5459c,CLOSED
182060,Tree Removal,2021-08-16 02:34 PM,Tree Removal Inspection,TREEMAINTENANCE,"UF - POLOVTSEV, SERA","4310 FEAGAN ST,HOUSTON,77007","2, ZONE",492M,5357a,CLOSED
182064,Tree Trim,2021-08-16 03:05 PM,Tree Trim Inspection,TREEMAINTENANCE,"UF - POLOVTSEV, SERA","1215 THERESA ST,HOUSTON,77051","6, ZONE",533U,5453a,CLOSED
182065,Tree Removal,2021-08-16 03:11 PM,Tree Removal Inspection,TREEMAINTENANCE,"UF - BURKES, JEREMY","4200 T C JESTER BLVD,HOUSTON,77018","3, ZONE",451M      ,5160d,CLOSED
182066,Tree Trim,2021-08-16 03:12 PM,Tree Trim Inspection,TREEMAINTENANCE,"BLANCHETTE, PETER","6300 NUNN ST,HOUSTON,77087 (ANDOVER PARK)","6, ZONE",534U      ,5554c,CLOSED
182067,Tree Removal,2021-08-16 03:17 PM,Tree Removal Inspection,TREEMAINTENANCE,"BLANCHETTE, PETER","7102 KELLER ST,HOUSTON,77087","5, ZONE",535E,5555d,CLOSED
182068,Tree Trim,2021-08-16 04:24 PM,Tree Trim Inspection,TREEMAINTENANCE,"BLANCHETTE, PETER","3612 ELLA LEE LN,HOUSTON,77027","2, ZONE",492T      ,5256a,CLOSED
182069,Tree Stump Grinding,2021-08-16 04:26 PM,Tree Stump Inspection,TREEMAINTENANCE,"UF - POLOVTSEV, SERA","10702 BRAEWICK DR,HOUSTON,77096","7, ZONE",530Z      ,5053d,CLOSED
182070,Tree Removal,2021-08-16 05:11 PM,Tree Removal Inspection,TREEMAINTENANCE,"UF - POLOVTSEV, SERA","5336 SCHUMACHER LN,HOUSTON,77056","2, ZONE",491Y,5156d,CLOSED
182071,Tree Removal,2021-08-16 05:15 PM,Tree Removal Inspection,TREEMAINTENANCE,"UF - POLOVTSEV, SERA","9303 FONDREN RD,HOUSTON,77074","7, ZONE",530V,5054d,CLOSED
182072,Tree Trim,2021-08-16 05:23 PM,Tree Trim Inspection,TREEMAINTENANCE,"UF - JONES, CODY","7933 FILLMORE ST,HOUSTON,77029","5, ZONE",495N,5657a,CLOSED
182073,Tree Trim,2021-08-16 06:05 PM,Tree Trim Inspection,TREEMAINTENANCE,"PATINO, ARNULFO","3802 DRAKE ST,HOUSTON,77005","7, ZONE",492W,5256c,CLOSED
182076,Tree Removal,2021-08-16 08:21 PM,Tree Removal Inspection,TREEMAINTENANCE,"UF - JONES, CODY","1117 COLUMBIA ST,HOUSTON,77008","3, ZONE",453W,5358a,CLOSED
182079,Tree Trim,2021-08-16 09:58 PM,Tree Trim Inspection,TREEMAINTENANCE,"UF - JONES, CODY","HENNINGER ST & POLK ST,HOUSTON,77023","5, ZONE",494X      ,5556a,CLOSED
182080,Tree Trim,2021-08-16 09:58 PM,Tree Trim Inspection,TREEMAINTENANCE,"UF - JONES, CODY","HENNINGER ST & POLK ST,HOUSTON,77023","5, ZONE",494X      ,5556a,CLOSED
182081,Tree Trim,2021-08-17 06:13 AM,Tree Trim Inspection,TREEMAINTENANCE,"BLANCHETTE, PETER","11805 MEMORIAL DR,HOUSTON,77024","2, ZONE",490K,5057c,CLOSED
182082,Tree Trim,2021-08-17 07:59 AM,Tree Trim Inspection,TREEMAINTENANCE,"UF - JONES, CODY","W BELLFORT AVE & CLIFFWOOD DR,HOUSTON,77096","7, ZONE",531V,5253a,CLOSED
182083,Tree Trim,2021-08-17 08:00 AM,Tree Trim Inspection,TREEMAINTENANCE,"UF - JONES, CODY","W BELLFORT AVE & CLIFFWOOD DR,HOUSTON,77096","7, ZONE",531V,5253a,CLOSED
182084,Tree Stump Grinding,2021-08-17 08:17 AM,Tree Stump Inspection,TREEMAINTENANCE,"PATINO, ARNULFO","5839 DUXBURY DR,HOUSTON,77035","7, ZONE",571A,5152a,CLOSED
182085,Tree Trim,2021-08-17 08:59 AM,Tree Trim Inspection,TREEMAINTENANCE,"UF - POLOVTSEV, SERA","5442 PAGEWOOD LN,HOUSTON,77056","2, ZONE",491X,5156d,CLOSED
182086,Tree Trim,2021-08-17 08:59 AM,Tree Trim Inspection,TREEMAINTENANCE,"UF - POLOVTSEV, SERA","5442 PAGEWOOD LN,HOUSTON,77056","2, ZONE",491X,5156d,CLOSED
182087,Tree Trim,2021-08-17 09:20 AM,Tree Trim Inspection,TREEMAINTENANCE,"UF - JONES, CODY","2408 CHEW ST,HOUSTON,77020","4, ZONE",494C,5558a,CLOSED
182088,Tree Trim,2021-08-17 09:27 AM,Tree Trim Inspection,TREEMAINTENANCE,"UF - POLOVTSEV, SERA","8230 COUNT ST,HOUSTON,77028","4, ZONE",455C,5661c,CLOSED
182089,Tree Removal,2021-08-17 10:28 AM,Tree Removal Inspection,TREEMAINTENANCE,"UF - JONES, CODY","2108 CHIMNEY ROCK RD,HOUSTON,77057","2, ZONE",491T,5156a,CLOSED
182090,Tree Removal,2021-08-17 10:28 AM,Tree Removal Inspection,TREEMAINTENANCE,"UF - JONES, CODY","2108 CHIMNEY ROCK RD,HOUSTON,77057","2, ZONE",491T,5156a,CLOSED
182091,Tree Removal,2021-08-17 10:37 AM,Tree Removal Inspection,TREEMAINTENANCE,"UF - JONES, CODY","2108 CHIMNEY ROCK RD,HOUSTON,77057","2, ZONE",491T,5156a,CLOSED
182092,Tree Trim,2021-08-17 10:55 AM,Tree Trim Inspection,TREEMAINTENANCE,"UF - JONES, CODY","5810 PORTAL DR,HOUSTON,77096","7, ZONE",531W,5153c,CLOSED
182093,Tree Trim,2021-08-17 12:37 PM,Tree Trim Inspection,TREEMAINTENANCE,"BLANCHETTE, PETER","217 IPSWICH RD,HOUSTON,77061","6, ZONE",575E,5552b,CLOSED
182094,Tree Trim,2021-08-17 12:43 PM,Tree Trim Inspection,TREEMAINTENANCE,"UF - POLOVTSEV, SERA","113 ROBMORE ST,HOUSTON,77076","4, ZONE",453B,5361b,CLOSED
182095,Tree Trim,2021-08-17 01:01 PM,Tree Trim Inspection,TREEMAINTENANCE,"UF - JONES, CODY",10804 BEECHNUT ST,"2, ZONE",529Q,77072,CLOSED
182096,Tree Removal,2021-08-17 01:16 PM,Tree Removal Inspection,TREEMAINTENANCE,"UF - POLOVTSEV, SERA","9318 LEADER ST,HOUSTON,77036","2, ZONE",529H,4955d,CLOSED
182097,Tree Removal,2021-08-17 01:19 PM,Tree Removal Inspection,TREEMAINTENANCE,"UF - POLOVTSEV, SERA","9322 LEADER ST,HOUSTON,77036","2, ZONE",529H,4955d,CLOSED
182098,Tree Removal,2021-08-17 01:55 PM,Tree Removal Inspection,TREEMAINTENANCE,"UF - JONES, CODY","1120 LINDALE ST,HOUSTON,77022","4, ZONE",453R,5460c,CLOSED
182099,Tree Removal,2021-08-17 01:56 PM,Tree Removal Inspection,TREEMAINTENANCE,"UF - JONES, CODY","1120 LINDALE ST,HOUSTON,77022","4, ZONE",453R,5460c,CLOSED
182100,Tree Trim,2021-08-17 02:13 PM,Tree Trim Inspection,TREEMAINTENANCE,"BLANCHETTE, PETER","15200 RIDINGWOOD DR,HOUSTON,77489","7, ZONE",570V,5050b,CLOSED
182101,Tree Trim,2021-08-17 02:14 PM,Tree Trim Inspection,TREEMAINTENANCE,"BLANCHETTE, PETER","15107 CHASERIDGE DR,HOUSTON,77489","7, ZONE",570V,5051d,CLOSED
182102,Tree Removal,2021-08-17 02:31 PM,Tree Removal Inspection,TREEMAINTENANCE,"UF - JONES, CODY","10722 BRAES FOREST DR,HOUSTON,77071","7, ZONE",530Y,5053c,CLOSED
182103,Tree Trim,2021-08-17 02:57 PM,Tree Trim Inspection,TREEMAINTENANCE,"BLANCHETTE, PETER","15403 CONIFER BAY CT,HOUSTON,77059","5, ZONE",618B,6051c,CLOSED
182104,Tree Removal,2021-08-17 03:17 PM,Tree Removal Inspection,TREEMAINTENANCE,"UF - POLOVTSEV, SERA",2506 MORSE ST,"2, ZONE",492V,77019,CLOSED
182105,Tree Removal,2021-08-17 03:20 PM,Tree Removal Inspection,TREEMAINTENANCE,"PATINO, ARNULFO","5934 W AIRPORT BLVD,HOUSTON,77035","7, ZONE",571E,5152a,CLOSED
182106,Tree Trim,2021-08-17 03:53 PM,Tree Trim Inspection,TREEMAINTENANCE,"UF - POLOVTSEV, SERA","CULLEN BLVD & S MACGREGOR WAY,HOUSTON,77021","6, ZONE",533H,5455b,CLOSED
182107,Tree Trim,2021-08-17 04:05 PM,Tree Trim Inspection,TREEMAINTENANCE,"PATINO, ARNULFO",7822 DANDY ST,"4, ZONE",454L,77016,CLOSED
182108,Tree Trim,2021-08-17 04:17 PM,Tree Trim Inspection,TREEMAINTENANCE,"UF - JONES, CODY","249 BASSWOOD ST,HOUSTON,77022","4, ZONE",453L,5360d,CLOSED
182109,Tree Stump Grinding,2021-08-17 04:29 PM,Tree Stump Inspection,TREEMAINTENANCE,"PATINO, ARNULFO","352 N POST OAK LN,HOUSTON,77024","2, ZONE",491H,5158d,CLOSED
182110,Tree Removal,2021-08-17 06:02 PM,Tree Removal Inspection,TREEMAINTENANCE,"UF - JONES, CODY","8527 DE MOSS DR,HOUSTON,77036","2, ZONE",530E,4955d,CLOSED
182111,Tree Removal,2021-08-17 06:27 PM,Tree Removal Inspection,TREEMAINTENANCE,"BLANCHETTE, PETER","12310 SPLIT RAIL LN,HOUSTON,77071","7, ZONE",570G,5052b,CLOSED
182112,Tree Trim,2021-08-17 06:30 PM,Tree Trim Inspection,TREEMAINTENANCE,"PATINO, ARNULFO",8634 HOFFMAN ST,"4, ZONE",454G,77016,CLOSED
182113,Tree Trim,2021-08-17 06:30 PM,Tree Trim Inspection,TREEMAINTENANCE,"PATINO, ARNULFO",8411 HOFFMAN ST,"4, ZONE",454G,77016,CLOSED
182114,Tree Trim,2021-08-17 06:30 PM,Tree Trim Inspection,TREEMAINTENANCE,"PATINO, ARNULFO",8220 HOFFMAN ST,"4, ZONE",454G,77016,CLOSED
182115,Tree Removal,2021-08-17 06:30 PM,Tree Removal Inspection,TREEMAINTENANCE,"UF - JONES, CODY","1929 DORSETT ST,HOUSTON,77029","5, ZONE",495N,5557b,CLOSED
182116,Tree Trim,2021-08-17 06:36 PM,Tree Trim Inspection,TREEMAINTENANCE,"PATINO, ARNULFO",8125 SHOTWELL ST,"4, ZONE",454L,77016,CLOSED
182117,Tree Trim,2021-08-17 06:36 PM,Tree Trim Inspection,TREEMAINTENANCE,"UF - JONES, CODY","7901 FLAXMAN ST,HOUSTON,77029","5, ZONE",495J,5557b,CLOSED
182118,Tree Trim,2021-08-17 08:07 PM,Tree Trim Inspection,TREEMAINTENANCE,"UF - POLOVTSEV, SERA","410 W MAIN ST,HOUSTON,77006","2, ZONE",493S      ,5356b,CLOSED
182119,Tree Trim,2021-08-17 08:07 PM,Tree Trim Inspection,TREEMAINTENANCE,"UF - POLOVTSEV, SERA","410 W MAIN ST,HOUSTON,77006","2, ZONE",493S      ,5356b,CLOSED
182120,Tree Removal,2021-08-17 08:15 PM,Tree Removal Inspection,TREEMAINTENANCE,"PATINO, ARNULFO","W MAIN ST & GREELEY ST,HOUSTON,77006","2, ZONE",493S      ,5356b,CLOSED
182121,Tree Trim,2021-08-18 07:50 AM,Tree Trim Inspection,TREEMAINTENANCE,"UF - POLOVTSEV, SERA","10410 TIGER TRL,HOUSTON,77043","3, ZONE",449V,4959d,CLOSED
182122,Tree Trim,2021-08-18 08:06 AM,Tree Trim Inspection,TREEMAINTENANCE,"UF - JONES, CODY","NAVIGATION BLVD & 75TH ST,HOUSTON,77011","5, ZONE",495S,5556b,CLOSED
182124,Tree Trim,2021-08-18 08:27 AM,Tree Trim Inspection,TREEMAINTENANCE,"PATINO, ARNULFO","5500 VIOLET PATH LN,HOUSTON,77085","7, ZONE",571G,5152d,CLOSED
182125,Tree Trim,2021-08-18 08:30 AM,Tree Trim Inspection,TREEMAINTENANCE,"UF - JONES, CODY","2900 MILBY ST,HOUSTON,77004","6, ZONE",494W,5456d,CLOSED
182126,Tree Removal,2021-08-18 08:39 AM,Tree Removal Inspection,TREEMAINTENANCE,"PATINO, ARNULFO","10903 DUNVEGAN WAY,HOUSTON,77013","4, ZONE",496E,5758a,CLOSED
182131,Tree Trim,2021-08-18 08:54 AM,Tree Trim Inspection,TREEMAINTENANCE,"UF - JONES, CODY","1731 FOREST HILL BLVD,HOUSTON,77023","5, ZONE",494Z,5556d,CLOSED
182132,Tree Removal,2021-08-18 08:57 AM,Tree Removal Inspection,TREEMAINTENANCE,"UF - BURKES, JEREMY","6300 CHIMNEY ROCK RD,HOUSTON,77081","7, ZONE",531F,5155c,CLOSED
182134,Tree Trim,2021-08-18 09:10 AM,Tree Trim Inspection,TREEMAINTENANCE,"PATINO, ARNULFO","5510 AMARANTH MEADOW LN,HOUSTON,77085","7, ZONE",571G,5152d,CLOSED
182135,Tree Trim,2021-08-18 09:10 AM,Tree Trim Inspection,TREEMAINTENANCE,"BLANCHETTE, PETER","DAVENPORT ST & DUANE ST,HOUSTON,77051","6, ZONE",533Z,5453a,CLOSED
182139,Tree Trim,2021-08-18 09:25 AM,Tree Trim Inspection,TREEMAINTENANCE,"UF - POLOVTSEV, SERA","4715 GRIGGS RD,HOUSTON,77021","6, ZONE",534J,5455d,CLOSED
182140,Tree Trim,2021-08-18 09:25 AM,Tree Trim Inspection,TREEMAINTENANCE,"UF - POLOVTSEV, SERA","PEASE ST & FANNIN ST,HOUSTON,77002","1, ZONE",493Q,5457c,CLOSED
182142,Tree Trim,2021-08-18 10:47 AM,Tree Trim Inspection,TREEMAINTENANCE,"UF - JONES, CODY","10200 WESTPARK DR,HOUSTON,77042","2, ZONE",529C,4955a,CLOSED
182143,Tree Trim,2021-08-18 10:49 AM,Tree Trim Inspection,TREEMAINTENANCE,"PATINO, ARNULFO","5847 SHURMARD DR,HOUSTON,77092","3, ZONE",451A,5061d,CLOSED
182144,Tree Removal,2021-08-18 10:50 AM,Tree Removal Inspection,TREEMAINTENANCE,"UF - POLOVTSEV, SERA","8052 ELROD ST,HOUSTON,77017","5, ZONE",535U,5654d,CLOSED
182145,Tree Trim,2021-08-18 10:52 AM,Tree Trim Inspection,TREEMAINTENANCE,"UF - JONES, CODY","1731 PRIEST DR,HOUSTON,77093","4, ZONE",453D,5461a,CLOSED
182147,Tree Trim,2021-08-18 11:07 AM,Tree Trim Inspection,TREEMAINTENANCE,"UF - POLOVTSEV, SERA","3319 WINBERN ST,HOUSTON,77004","6, ZONE",493Z,5456c,CLOSED
182148,Tree Trim,2021-08-18 11:40 AM,Tree Trim Inspection,TREEMAINTENANCE,"BLANCHETTE, PETER","4922 HIGGINS ST,HOUSTON,77033","6, ZONE",573D,5453d,CLOSED
182149,Tree Trim,2021-08-18 11:41 AM,Tree Trim Inspection,TREEMAINTENANCE,"UF - POLOVTSEV, SERA","1031 SHIRKMERE RD,HOUSTON,77008","3, ZONE",492B,5258b,CLOSED
182150,Tree Trim,2021-08-18 11:52 AM,Tree Trim Inspection,TREEMAINTENANCE,"UF - JONES, CODY","411 E CROSSTIMBERS ST,HOUSTON,77022","4, ZONE",453L,5360b,CLOSED
182151,Tree Trim,2021-08-18 11:55 AM,Tree Trim Inspection,TREEMAINTENANCE,"PATINO, ARNULFO","2800 POST OAK BLVD,HOUSTON,77056","2, ZONE",491U,5156d,CLOSED
182152,Tree Trim,2021-08-18 12:02 PM,Tree Trim Inspection,TREEMAINTENANCE,"PATINO, ARNULFO",4600 SAYERS ST,"4, ZONE",454T,77026,CLOSED
182153,Tree Trim,2021-08-18 12:56 PM,Tree Trim Inspection,TREEMAINTENANCE,"UF - JONES, CODY","10600 BEECHNUT ST,HOUSTON,77072","2, ZONE",529Q,4954c,CLOSED
182154,Tree Trim,2021-08-18 12:56 PM,Tree Trim Inspection,TREEMAINTENANCE,"UF - JONES, CODY","10600 BEECHNUT ST,HOUSTON,77072","2, ZONE",529Q,4954c,CLOSED
182156,Tree Trim,2021-08-18 01:41 PM,Tree Trim Inspection,TREEMAINTENANCE,"UF - JONES, CODY","2700 KINGWOOD DR,HOUSTON,77339","4, ZONE",336D,5769b,CLOSED
182159,Tree Trim,2021-08-18 02:20 PM,Tree Trim Inspection,TREEMAINTENANCE,"UF - JONES, CODY","2518 COCHRAN ST,HOUSTON,77009","4, ZONE",493D,5458a,CLOSED
182160,Tree Trim,2021-08-18 02:24 PM,Tree Trim Inspection,TREEMAINTENANCE,"BLANCHETTE, PETER","7323 KRUEGER RD,HOUSTON,77033","6, ZONE",534S,5454d,CLOSED
182162,Tree Trim,2021-08-18 03:35 PM,Tree Trim Inspection,TREEMAINTENANCE,"UF - POLOVTSEV, SERA","COFFEE ST & BRICKER ST,HOUSTON,77033","6, ZONE",533V      ,5453a,CLOSED
182163,Tree Removal,2021-08-18 04:26 PM,Tree Removal Inspection,TREEMAINTENANCE,"BLANCHETTE, PETER","5614 LARKIN ST,HOUSTON,77007","3, ZONE",492C      ,5258d,CLOSED
182164,Tree Removal,2021-08-18 04:26 PM,Tree Removal Inspection,TREEMAINTENANCE,"BLANCHETTE, PETER","5614 LARKIN ST,HOUSTON,77007","3, ZONE",492C      ,5258d,CLOSED
182165,Tree Trim,2021-08-18 04:27 PM,Tree Trim Inspection,TREEMAINTENANCE,"UF - JONES, CODY","12850 BUTTERFLY LN,HOUSTON,77024","2, ZONE",489G,4957a,CLOSED
182166,Tree Trim,2021-08-18 04:29 PM,Tree Trim Inspection,TREEMAINTENANCE,"UF - JONES, CODY","7110 TICKNER ST,HOUSTON,77055","3, ZONE",451X      ,5158a,CLOSED
182167,Tree Trim,2021-08-18 04:32 PM,Tree Trim Inspection,TREEMAINTENANCE,"UF - POLOVTSEV, SERA","6620 PHILLIPS ST,HOUSTON,77091","3, ZONE",412W,5261a,CLOSED
182169,Tree Trim,2021-08-18 04:44 PM,Tree Trim Inspection,TREEMAINTENANCE,"PATINO, ARNULFO","BISSONNET ST & HAZARD ST,HOUSTON,77005","7, ZONE",492Z,5356c,CLOSED
182171,Tree Trim,2021-08-18 04:59 PM,Tree Trim Inspection,TREEMAINTENANCE,"UF - POLOVTSEV, SERA","5448 CALGARY LN,HOUSTON,77016","4, ZONE",414Z,5562c,CLOSED
182173,Tree Trim,2021-08-18 05:12 PM,Tree Trim Inspection,TREEMAINTENANCE,"UF - POLOVTSEV, SERA","OLD OAKS DR & GESSNER RD,HOUSTON,77024","2, ZONE",490E,4957b,CLOSED
182174,Tree Removal,2021-08-18 05:53 PM,Tree Removal Inspection,TREEMAINTENANCE,"UF - JONES, CODY","932 RUTLAND ST,HOUSTON,77008","3, ZONE",492D,5358a,CLOSED
182175,Tree Removal,2021-08-18 05:54 PM,Tree Removal Inspection,TREEMAINTENANCE,"UF - JONES, CODY","932 RUTLAND ST,HOUSTON,77008","3, ZONE",492D,5358a,CLOSED
182176,Tree Trim,2021-08-18 06:03 PM,Tree Trim Inspection,TREEMAINTENANCE,"PATINO, ARNULFO","5525 HOBBY RD,HOUSTON,77053","7, ZONE",611B,5150d,CLOSED
182177,Tree Removal,2021-08-18 09:29 PM,Tree Removal Inspection,TREEMAINTENANCE,"BLANCHETTE, PETER","BROMPTON ST & GRAMERCY ST,HOUSTON,77025","7, ZONE",532F,5255d,CLOSED
182178,Tree Trim,2021-08-18 09:46 PM,Tree Trim Inspection,TREEMAINTENANCE,"UF - JONES, CODY","10862 BEECHNUT ST,HOUSTON,77072","2, ZONE",529Q,4954c,CLOSED
182179,Tree Trim,2021-08-19 12:48 AM,Tree Trim Inspection,TREEMAINTENANCE,"UF - JONES, CODY","1735 SHANNON VALLEY DR,HOUSTON,77077","2, ZONE",488R,4856a,CLOSED
182180,Tree Removal,2021-08-19 07:36 AM,Tree Removal Inspection,TREEMAINTENANCE,"UF - JONES, CODY","4801 WOODWAY DR,HOUSTON,77056","2, ZONE",491M,5157b,CLOSED
182181,Tree Trim,2021-08-19 07:59 AM,Tree Trim Inspection,TREEMAINTENANCE,"PATINO, ARNULFO","3326 SUFFOLK DR,HOUSTON,77027","2, ZONE",491Z,5256c,CLOSED
182182,Tree Removal,2021-08-19 08:17 AM,Tree Removal Inspection,TREEMAINTENANCE,"PATINO, ARNULFO","10722 MULLINS DR,HOUSTON,77096","7, ZONE",531W,5153c,CLOSED
182183,Tree Removal,2021-08-19 09:09 AM,Tree Removal Inspection,TREEMAINTENANCE,"PATINO, ARNULFO","3403 MANGUM RD,HOUSTON,77092","3, ZONE",451R,5160d,CLOSED
182184,Tree Removal,2021-08-19 09:09 AM,Tree Removal Inspection,TREEMAINTENANCE,"PATINO, ARNULFO","3403 MANGUM RD,HOUSTON,77092","3, ZONE",451R,5160d,CLOSED
182185,Tree Removal,2021-08-19 09:12 AM,Tree Removal Inspection,TREEMAINTENANCE,"UF - JONES, CODY","1400 ERNESTINE ST,HOUSTON,77023","5, ZONE",494T,5456b,CLOSED
182188,Tree Removal,2021-08-19 09:36 AM,Tree Removal Inspection,TREEMAINTENANCE,"BLANCHETTE, PETER","6027 ETTRICK DR,HOUSTON,77035","7, ZONE",570H,5052b,CLOSED
182189,Tree Trim,2021-08-19 09:37 AM,Tree Trim Inspection,TREEMAINTENANCE,"UF - JONES, CODY","2501 OJEMAN RD,HOUSTON,77080","3, ZONE",450R,5059b,CLOSED
182191,Tree Trim,2021-08-19 09:49 AM,Tree Trim Inspection,TREEMAINTENANCE,"UF - JONES, CODY","EGYPT ST & TERRY ST,HOUSTON,77009","4, ZONE",453Z,5459c,CLOSED
182192,Tree Trim,2021-08-19 10:41 AM,Tree Trim Inspection,TREEMAINTENANCE,"UF - POLOVTSEV, SERA","3700 COLVIN ST,HOUSTON,77013","4, ZONE",456X,5759c,CLOSED
182193,Tree Trim,2021-08-19 10:42 AM,Tree Trim Inspection,TREEMAINTENANCE,"UF - JONES, CODY","1146 LATHROP ST,HOUSTON,77020","5, ZONE",494M,5558d,CLOSED
182194,Tree Removal,2021-08-19 10:43 AM,Tree Removal Inspection,TREEMAINTENANCE,"UF - JONES, CODY","6927 AVENUE Q,HOUSTON,77011","5, ZONE",494V,5557d,CLOSED
182195,Tree Trim,2021-08-19 10:47 AM,Tree Trim Inspection,TREEMAINTENANCE,"PATINO, ARNULFO","GUNNISON DR & PARK MANOR ST,HOUSTON,77053","7, ZONE",571Z,5250a,CLOSED
182196,Tree Trim,2021-08-19 11:01 AM,Tree Trim Inspection,TREEMAINTENANCE,"UF - JONES, CODY","3407 TREE LN,HOUSTON,77339","4, ZONE",297W,5770d,CLOSED
182197,Tree Trim,2021-08-19 11:40 AM,Tree Trim Inspection,TREEMAINTENANCE,"BLANCHETTE, PETER","5903 VAN FLEET ST,HOUSTON,77033","6, ZONE",534T,5454d,CLOSED
182198,Tree Trim,2021-08-19 11:41 AM,Tree Trim Inspection,TREEMAINTENANCE,"BLANCHETTE, PETER","5903 VAN FLEET ST,HOUSTON,77033","6, ZONE",534T,5454d,CLOSED
182199,Tree Removal,2021-08-19 11:56 AM,Tree Removal Inspection,TREEMAINTENANCE,"UF - POLOVTSEV, SERA","932 B RUTLAND ST,HOUSTON,77008","3, ZONE",492D      ,5358a,CLOSED
182200,Tree Trim,2021-08-19 12:35 PM,Tree Trim Inspection,TREEMAINTENANCE,"BLANCHETTE, PETER","2301 MARONEAL ST,HOUSTON,77030","7, ZONE",532L,5355c,CLOSED
182202,Tree Trim,2021-08-19 01:59 PM,Tree Trim Inspection,TREEMAINTENANCE,"BLANCHETTE, PETER","NOEL ST & HIGGINS ST,HOUSTON,77033","6, ZONE",574A,5453d,CLOSED
182203,Tree Trim,2021-08-19 02:00 PM,Tree Trim Inspection,TREEMAINTENANCE,"BLANCHETTE, PETER","5202 HIGGINS ST,HOUSTON,77033","6, ZONE",574A,5453d,CLOSED
182204,Tree Removal,2021-08-19 02:01 PM,Tree Removal Inspection,TREEMAINTENANCE,"UF - JONES, CODY","42 N POST OAK LN,HOUSTON,77024","2, ZONE",491M,5157b,CLOSED
182205,Tree Removal,2021-08-19 02:12 PM,Tree Removal Inspection,TREEMAINTENANCE,"BLANCHETTE, PETER",9123 SCOTT ST,"6, ZONE",533Y,77051,CLOSED
182206,Tree Removal,2021-08-19 02:13 PM,Tree Removal Inspection,TREEMAINTENANCE,"BLANCHETTE, PETER","4101 CLOVER ST,HOUSTON,77051","6, ZONE",533Y,5453c,CLOSED
182207,Tree Removal,2021-08-19 02:18 PM,Tree Removal Inspection,TREEMAINTENANCE,"UF - JONES, CODY","201 CAYLOR ST,HOUSTON,77011","5, ZONE",494U,5556a,CLOSED
182209,Tree Trim,2021-08-19 02:51 PM,Tree Trim Inspection,TREEMAINTENANCE,"BLANCHETTE, PETER","1022 GLOBE ST,HOUSTON,77034","5, ZONE",576E,5753c,CLOSED
182211,Tree Trim,2021-08-19 03:00 PM,Tree Trim Inspection,TREEMAINTENANCE,"UF - POLOVTSEV, SERA","2215 HUTCHINS ST,HOUSTON,77003","6, ZONE",493U      ,5456a,CLOSED
182212,Tree Removal,2021-08-19 03:30 PM,Tree Removal Inspection,TREEMAINTENANCE,"BLANCHETTE, PETER","7667 EL RANCHO ST,HOUSTON,77087","6, ZONE",535S,5654c,CLOSED
182213,Tree Trim,2021-08-19 03:45 PM,Tree Trim Inspection,TREEMAINTENANCE,"BLANCHETTE, PETER","3735 W ALABAMA ST,HOUSTON,77027","2, ZONE",492S,5256a,CLOSED
182214,Tree Removal,2021-08-19 03:51 PM,Tree Removal Inspection,TREEMAINTENANCE,"UF - POLOVTSEV, SERA","7918 DOCKAL RD,HOUSTON,77028","4, ZONE",455K,5660a,CLOSED
182216,Tree Trim,2021-08-19 04:00 PM,Tree Trim Inspection,TREEMAINTENANCE,"PATINO, ARNULFO","RIESNER ST & LUBBOCK ST,HOUSTON,77002","2, ZONE",493L,5357b,CLOSED
182217,Tree Trim,2021-08-19 04:10 PM,Tree Trim Inspection,TREEMAINTENANCE,"PATINO, ARNULFO","3611 DUNLAVY ST,HOUSTON,77006","2, ZONE",492V,5356a,CLOSED
182218,Tree Removal,2021-08-19 04:18 PM,Tree Removal Inspection,TREEMAINTENANCE,"BLANCHETTE, PETER","8925 FONDREN RD,HOUSTON,77074","7, ZONE",530R      ,5054d,CLOSED
182220,Tree Removal,2021-08-19 06:28 PM,Tree Removal Inspection,TREEMAINTENANCE,"PATINO, ARNULFO","2600 NANTUCKET DR,HOUSTON,77057","2, ZONE",491S,5156a,CLOSED
182221,Tree Removal,2021-08-19 07:46 PM,Tree Removal Inspection,TREEMAINTENANCE,"BLANCHETTE, PETER","1704 IDYLWOOD DR ,HOUSTON,77023","5, ZONE",534D      ,5556c,CLOSED
182223,Tree Trim,2021-08-20 03:32 AM,Tree Trim Inspection,TREEMAINTENANCE,"UF - POLOVTSEV, SERA","7002 ARBOR OAK DR,HOUSTON,77088","3, ZONE",411Y,5161b,CLOSED
182224,Tree Trim,2021-08-20 08:06 AM,Tree Trim Inspection,TREEMAINTENANCE,"UF - POLOVTSEV, SERA","W 24TH ST & BEALL ST,HOUSTON,77008","3, ZONE",452U,5259b,CLOSED
182225,Tree Removal,2021-08-20 08:27 AM,Tree Removal Inspection,TREEMAINTENANCE,"PATINO, ARNULFO","3934 BROWNSTONE LN,HOUSTON,77053","7, ZONE",572S,5251c,CLOSED
182226,Tree Trim,2021-08-20 09:04 AM,Tree Trim Inspection,TREEMAINTENANCE,"UF - JONES, CODY","205 HAGERMAN ST,HOUSTON,77011","5, ZONE",494T,5457d,CLOSED
182227,Tree Removal,2021-08-20 09:25 AM,Tree Removal Inspection,TREEMAINTENANCE,"BLANCHETTE, PETER","2248 COLQUITT ST,HOUSTON,77098","2, ZONE",492Y,5256b,CLOSED
182228,Tree Trim,2021-08-20 10:22 AM,Tree Trim Inspection,TREEMAINTENANCE,"UF - JONES, CODY","12606 WISPWIND DR,HOUSTON,77072","2, ZONE",528M,4854a,CLOSED
182229,Tree Trim,2021-08-20 10:40 AM,Tree Trim Inspection,TREEMAINTENANCE,"PATINO, ARNULFO","1507 TRUXILLO ST,HOUSTON,77004","2, ZONE",493X,5356b,CLOSED
182230,Tree Trim,2021-08-20 11:08 AM,Tree Trim Inspection,TREEMAINTENANCE,"UF - JONES, CODY","4100 BOONE RD,HOUSTON,77072","2, ZONE",529B,4955c,CLOSED
182233,Tree Removal,2021-08-20 12:08 PM,Tree Removal Inspection,TREEMAINTENANCE,"BLANCHETTE, PETER","5611 WARM SPRINGS RD,HOUSTON,77035","7, ZONE",571A,5153c,CLOSED
182234,Tree Trim,2021-08-20 01:48 PM,Tree Trim Inspection,TREEMAINTENANCE,"PATINO, ARNULFO","4801 WOODWAY DR,HOUSTON,77056","2, ZONE",491M,5157b,CLOSED
182235,Tree Trim,2021-08-20 01:54 PM,Tree Trim Inspection,TREEMAINTENANCE,"UF - POLOVTSEV, SERA","6406 ASHTON ST,HOUSTON,77091","3, ZONE",411Z,5161b,CLOSED
182237,Tree Trim,2021-08-20 02:54 PM,Tree Trim Inspection,TREEMAINTENANCE,"BLANCHETTE, PETER","3533 N MACGREGOR WAY,HOUSTON,77004","6, ZONE",533G,5455a,CLOSED
182238,Tree Trim,2021-08-20 03:15 PM,Tree Trim Inspection,TREEMAINTENANCE,"PATINO, ARNULFO","3801 JACK ST,HOUSTON,77006","2, ZONE",493S,5356b,CLOSED
182239,Tree Trim,2021-08-20 03:30 PM,Tree Trim Inspection,TREEMAINTENANCE,"UF - POLOVTSEV, SERA","7629 SPINET ST,HOUSTON,77016","4, ZONE",415W,5562d,CLOSED
182240,Tree Removal,2021-08-20 03:48 PM,Tree Removal Inspection,TREEMAINTENANCE,"BLANCHETTE, PETER","3800 NEWCASTLE DR,HOUSTON,77027","7, ZONE",491Z,5256c,CLOSED
182241,Tree Removal,2021-08-20 04:07 PM,Tree Removal Inspection,TREEMAINTENANCE,"UF - JONES, CODY","4914 WINFREE DR,HOUSTON,77021","6, ZONE",534J,5455d,CLOSED
182242,Tree Trim,2021-08-20 04:15 PM,Tree Trim Inspection,TREEMAINTENANCE,"BLANCHETTE, PETER","4022 BELLEFONTAINE ST,HOUSTON,77025","7, ZONE",532E,5255c,CLOSED
182243,Tree Trim,2021-08-20 04:52 PM,Tree Trim Inspection,TREEMAINTENANCE,"BLANCHETTE, PETER","6845 WESTOVER ST,HOUSTON,77087","6, ZONE",534Z,5553b,CLOSED
182244,Tree Trim,2021-08-20 05:04 PM,Tree Trim Inspection,TREEMAINTENANCE,"UF - JONES, CODY","50 KEEL ST,HOUSTON,77076","4, ZONE",453B,5361b,CLOSED
182245,Tree Trim,2021-08-20 05:07 PM,Tree Trim Inspection,TREEMAINTENANCE,"UF - JONES, CODY","10200 O DONNELL DR,HOUSTON,77076","4, ZONE",453B,5361b,CLOSED
182246,Tree Trim,2021-08-20 06:41 PM,Tree Trim Inspection,TREEMAINTENANCE,"BLANCHETTE, PETER","7440 CULLEN BLVD,HOUSTON,77051","6, ZONE",533V,5454c,CLOSED
182247,Tree Trim,2021-08-21 10:26 AM,Tree Trim Inspection,TREEMAINTENANCE,"PATINO, ARNULFO",9423 WINSOME LN,"2, ZONE",490T,77063,CLOSED
182248,Tree Removal,2021-08-21 10:39 AM,Tree Removal Inspection,TREEMAINTENANCE,"PATINO, ARNULFO","1624 W MAIN ST,HOUSTON,77006","2, ZONE",492V,5356a,CLOSED
182249,Tree Removal,2021-08-21 11:03 AM,Tree Removal Inspection,TREEMAINTENANCE,"BLANCHETTE, PETER","7155 ASHBURN ST,HOUSTON,77061","6, ZONE",534Z,5553d,CLOSED
182250,Tree Removal,2021-08-21 11:09 AM,Tree Removal Inspection,TREEMAINTENANCE,"UF - POLOVTSEV, SERA","1905 COLQUITT ST,HOUSTON,77098","2, ZONE",492Z,5356a,CLOSED
182251,Tree Trim,2021-08-21 12:33 PM,Tree Trim Inspection,TREEMAINTENANCE,"UF - POLOVTSEV, SERA",1931 BANKS ST,"7, ZONE",492Z,77098,CLOSED
182252,Tree Removal,2021-08-21 01:22 PM,Tree Removal Inspection,TREEMAINTENANCE,"UF - JONES, CODY",1410 STUDEWOOD ST,"3, ZONE",453W,77009,CLOSED
182253,Tree Removal,2021-08-21 01:46 PM,Tree Removal Inspection,TREEMAINTENANCE,"UF - JONES, CODY","1237 RUTLAND ST,HOUSTON,77008","3, ZONE",452Z,5359c,CLOSED
182254,Tree Trim,2021-08-21 02:34 PM,Tree Trim Inspection,TREEMAINTENANCE,"UF - POLOVTSEV, SERA",5031 KINGFISHER DR,"7, ZONE",531Y,77035,CLOSED
182255,Tree Trim,2021-08-21 04:47 PM,Tree Trim Inspection,TREEMAINTENANCE,"UF - JONES, CODY",NINA LEE LN & ROSSLYN RD,"3, ZONE",452J,77018,CLOSED
182256,Tree Trim,2021-08-21 07:09 PM,Tree Trim Inspection,TREEMAINTENANCE,"PATINO, ARNULFO",2320 SUNSET BLVD,"7, ZONE",532C,77005,CLOSED
182257,Tree Removal,2021-08-22 06:58 AM,Tree Removal Inspection,TREEMAINTENANCE,"PATINO, ARNULFO","3211 TANGLEWILDE ST,HOUSTON,77063","2, ZONE",490W,4956d,CLOSED
182258,Tree Removal,2021-08-22 09:32 AM,Tree Removal Inspection,TREEMAINTENANCE,"BLANCHETTE, PETER","4216 RIVER DR,HOUSTON,77017","5, ZONE",535Q,5654a,CLOSED
182259,Tree Removal,2021-08-22 10:02 AM,Tree Removal Inspection,TREEMAINTENANCE,"PATINO, ARNULFO","BETHEL BLVD & HIALEAH DR,HOUSTON,77092","3, ZONE",451K,5160c,CLOSED
182260,Tree Trim,2021-08-22 03:11 PM,Tree Trim Inspection,TREEMAINTENANCE,"PATINO, ARNULFO","4600 MORNINGSIDE DR,HOUSTON,77005","7, ZONE",532C,5256d,CLOSED
182261,Tree Removal,2021-08-22 05:35 PM,Tree Removal Inspection,TREEMAINTENANCE,"BLANCHETTE, PETER","3205 REEVES ST,HOUSTON,77004","6, ZONE",493Z,5456c,CLOSED
182262,Tree Trim,2021-08-22 05:36 PM,Tree Trim Inspection,TREEMAINTENANCE,"UF - POLOVTSEV, SERA","9113 BRIAR FOREST DR,HOUSTON,77024","2, ZONE",490P,5056a,CLOSED
182263,Tree Trim,2021-08-22 07:15 PM,Tree Trim Inspection,TREEMAINTENANCE,"PATINO, ARNULFO","5500 CHENEVERT ST,HOUSTON,77004","7, ZONE",533B,5355b,CLOSED
182264,Tree Trim,2021-08-22 08:12 PM,Tree Trim Inspection,TREEMAINTENANCE,"PATINO, ARNULFO","1914 BRANARD ST,HOUSTON,77098","2, ZONE",492V      ,5356a,CLOSED
182265,Tree Removal,2021-08-22 10:38 PM,Tree Removal Inspection,TREEMAINTENANCE,"UF - POLOVTSEV, SERA","932 A RUTLAND ST,HOUSTON,77008","3, ZONE",492D      ,5358a,CLOSED
182266,Tree Trim,2021-08-22 10:39 PM,Tree Trim Inspection,TREEMAINTENANCE,"BLANCHETTE, PETER","3701 ABERDEEN WAY,HOUSTON,77025","7, ZONE",532K      ,5254a,CLOSED
182267,Tree Trim,2021-08-22 10:50 PM,Tree Trim Inspection,TREEMAINTENANCE,"UF - POLOVTSEV, SERA","6400 T C JESTER BLVD,HOUSTON,77091","3, ZONE",411Z      ,5161b,CLOSED
182268,Tree Trim,2021-08-22 10:51 PM,Tree Trim Inspection,TREEMAINTENANCE,"UF - POLOVTSEV, SERA","3316 DE SOTO ST,HOUSTON,77091","3, ZONE",411Z      ,5161b,CLOSED
182269,Tree Trim,2021-08-22 10:55 PM,Tree Trim Inspection,TREEMAINTENANCE,"BLANCHETTE, PETER","1136 BERTHEA ST,HOUSTON,77006","7, ZONE",493W      ,5356c,CLOSED
182270,Tree Removal,2021-08-22 10:59 PM,Tree Removal Inspection,TREEMAINTENANCE,"UF - POLOVTSEV, SERA","1920 COLQUITT ST,HOUSTON,77098","2, ZONE",492Z      ,5356a,CLOSED
182271,Tree Trim,2021-08-23 08:44 AM,Tree Trim Inspection,TREEMAINTENANCE,"UF - POLOVTSEV, SERA","7543 MAPLE TREE DR,HOUSTON,77088","3, ZONE",411U,5162d,CLOSED
182272,Tree Removal,2021-08-23 08:47 AM,Tree Removal Inspection,TREEMAINTENANCE,"PATINO, ARNULFO","3412 HONSINGER ST,HOUSTON,77007","2, ZONE",493E      ,5358c,CLOSED
182273,Tree Trim,2021-08-23 08:56 AM,Tree Trim Inspection,TREEMAINTENANCE,"UF - JONES, CODY","701 ALDINE BENDER RD,HOUSTON,77060","4, ZONE",373T,5364a,CLOSED
182274,Tree Trim,2021-08-23 09:20 AM,Tree Trim Inspection,TREEMAINTENANCE,"UF - JONES, CODY","2317 ASHLAND ST,HOUSTON,77008","3, ZONE",452V,5359a,CLOSED
182275,Tree Removal,2021-08-23 09:37 AM,Tree Removal Inspection,TREEMAINTENANCE,"UF - JONES, CODY","527 W 27TH ST,HOUSTON,77008","3, ZONE",452V,5359a,CLOSED
182276,Tree Trim,2021-08-23 10:12 AM,Tree Trim Inspection,TREEMAINTENANCE,"UF - POLOVTSEV, SERA","10500 CAXTON ST,HOUSTON,77016","4, ZONE",414Y,5562c,CLOSED
182277,Tree Trim,2021-08-23 10:33 AM,Tree Trim Inspection,TREEMAINTENANCE,"BLANCHETTE, PETER",14557 CAROLCREST DR,"2, ZONE",488H,77079,CLOSED
182278,Tree Trim,2021-08-23 10:45 AM,Tree Trim Inspection,TREEMAINTENANCE,"BLANCHETTE, PETER","1 WEST LN,HOUSTON,77019","2, ZONE",492N,5256a,CLOSED
182279,Tree Trim,2021-08-23 11:11 AM,Tree Trim Inspection,TREEMAINTENANCE,"UF - JONES, CODY",1915 WILDCAT LN,"4, ZONE",378C,77532,CLOSED
182280,Tree Removal,2021-08-23 11:36 AM,Tree Removal Inspection,TREEMAINTENANCE,"BLANCHETTE, PETER","4002 ROSEWIN CIR,HOUSTON,77047","6, ZONE",573L,5452c,CLOSED
182281,Tree Trim,2021-08-23 11:40 AM,Tree Trim Inspection,TREEMAINTENANCE,"BLANCHETTE, PETER","6 W COURT DR,HOUSTON,77017","5, ZONE",535L,5654b,CLOSED
182282,Tree Trim,2021-08-23 12:37 PM,Tree Trim Inspection,TREEMAINTENANCE,"BLANCHETTE, PETER","7815 WILLIFORD ST,HOUSTON,77012","5, ZONE",535F,5655a,CLOSED
182283,Tree Protection Rev,2021-08-23 12:48 PM,Tree Protection Review Inspection,TREEPROTECTION,"UF - JONES, CODY",515 AVONDALE ST,"2, ZONE",493S,77006,CLOSED
182284,Tree Removal,2021-08-23 12:52 PM,Tree Removal Inspection,TREEMAINTENANCE,"UF - JONES, CODY","9930 CAMAY DR,HOUSTON,77016","4, ZONE",454D,5561a,CLOSED
182285,Tree Removal,2021-08-23 01:17 PM,Tree Removal Inspection,TREEMAINTENANCE,"BLANCHETTE, PETER","9403 KINGSVALLEY ST,HOUSTON,77075","6, ZONE",576W,5751c,CLOSED
182286,Tree Removal,2021-08-23 01:26 PM,Tree Removal Inspection,TREEMAINTENANCE,"UF - POLOVTSEV, SERA","11146 DALEBROOK DR,HOUSTON,77016","4, ZONE",415P,5562b,CLOSED
182289,Tree Trim,2021-08-23 02:17 PM,Tree Trim Inspection,TREEMAINTENANCE,"BLANCHETTE, PETER","5227 SANFORD RD,HOUSTON,77035","7, ZONE",571B,5153d,CLOSED
182290,Tree Removal,2021-08-23 02:22 PM,Tree Removal Inspection,TREEMAINTENANCE,"BLANCHETTE, PETER","535 RANCHO BAUER DR,HOUSTON,77079","2, ZONE",489J      ,4857b,CLOSED
182291,Tree Removal,2021-08-23 03:17 PM,Tree Removal Inspection,TREEMAINTENANCE,"BLANCHETTE, PETER","419 DERBYSHIRE DR,HOUSTON,77034","5, ZONE",617B,5850b,CLOSED
182292,Tree Removal,2021-08-23 03:41 PM,Tree Removal Inspection,TREEMAINTENANCE,"UF - JONES, CODY","2511 AUBURNDALE ST,HOUSTON,77023","6, ZONE",534G,5555a,CLOSED
182293,Tree Planting,2021-08-23 04:39 PM,Tree Planting Inspection,TREEPROTECTION,"UF - POLOVTSEV, SERA","312 MOSS ST,HOUSTON,77009","3, ZONE",453X,5359d,CLOSED
182294,Tree Trim,2021-08-23 05:00 PM,Tree Trim Inspection,TREEMAINTENANCE,"BLANCHETTE, PETER","14111 WOODVILLE GARDENS DR,HOUSTON,77077","2, ZONE",488J,4757d,CLOSED
182295,Tree Trim,2021-08-23 05:03 PM,Tree Trim Inspection,TREEMAINTENANCE,"UF - JONES, CODY","2721 ARLINGTON ST,HOUSTON,77008","3, ZONE",453S,5359a,CLOSED
182296,Tree Trim,2021-08-23 05:42 PM,Tree Trim Inspection,TREEMAINTENANCE,"UF - JONES, CODY","7709 INTREPID ST,HOUSTON,77072","2, ZONE",529J,4854b,CLOSED
182297,Tree Trim,2021-08-23 05:45 PM,Tree Trim Inspection,TREEMAINTENANCE,"UF - JONES, CODY","7611 BEECH COVE LN,HOUSTON,77072","2, ZONE",529J,4854b,CLOSED
182298,Tree Removal,2021-08-23 05:48 PM,Tree Removal Inspection,TREEMAINTENANCE,"UF - JONES, CODY","11027 BANDLON DR,HOUSTON,77072","2, ZONE",529F,4955c,CLOSED
182299,Tree Trim,2021-08-23 05:57 PM,Tree Trim Inspection,TREEMAINTENANCE,"PATINO, ARNULFO","1905 COLQUITT ST,HOUSTON,77098","2, ZONE",492Z,5356a,CLOSED
182300,Tree Trim,2021-08-23 06:06 PM,Tree Trim Inspection,TREEMAINTENANCE,"PATINO, ARNULFO","8112 AUTUMN LN,HOUSTON,77016","4, ZONE",454L,5560a,CLOSED
182301,Tree Code Violation,2021-08-23 09:04 PM,Tree Code Violation Inspection,TREEPROTECTION,"UF - POLOVTSEV, SERA","7932 CINDERELLA ST,HOUSTON,77028","4, ZONE",455T      ,5659a,CLOSED
182302,Tree Trim,2021-08-23 09:46 PM,Tree Trim Inspection,TREEMAINTENANCE,"BLANCHETTE, PETER","16010 TORRY PINES RD,HOUSTON,77062","5, ZONE",618K,6049a,CLOSED
182304,Tree Trim,2021-08-24 05:07 AM,Tree Trim Inspection,TREEMAINTENANCE,"UF - POLOVTSEV, SERA","9507 BEVERLY HILL ST,HOUSTON,77063","2, ZONE",490X,5056c,CLOSED
182306,Tree Stump Grinding,2021-08-24 06:50 AM,Tree Stump Inspection,TREEMAINTENANCE,"UF - POLOVTSEV, SERA","1826 RICHMOND AVE,HOUSTON,77098","2, ZONE",492Z,5356c,CLOSED
182314,Tree Trim,2021-08-24 08:09 AM,Tree Trim Inspection,TREEMAINTENANCE,"BLANCHETTE, PETER",1802 CALUMET ST,"7, ZONE",533B,77004,CLOSED
182315,Tree Removal,2021-08-24 08:31 AM,Tree Removal Inspection,TREEMAINTENANCE,"UF - JONES, CODY",814 JEWETT ST,"3, ZONE",453X,77009,CLOSED
182316,Tree Trim,2021-08-24 08:51 AM,Tree Trim Inspection,TREEMAINTENANCE,"PATINO, ARNULFO",9432 LAMBRIGHT RD,"6, ZONE",575R,77075,CLOSED
182317,Tree Trim,2021-08-24 09:06 AM,Tree Trim Inspection,TREEMAINTENANCE,"UF - JONES, CODY","913 CROSSTIMBERS ST,HOUSTON,77022","3, ZONE",453J      ,5360c,CLOSED
182318,Tree Trim,2021-08-24 09:15 AM,Tree Trim Inspection,TREEMAINTENANCE,"BLANCHETTE, PETER","15800 TORRY PINES RD,HOUSTON,77062","5, ZONE",618K,6049a,CLOSED
182319,Tree Trim,2021-08-24 09:21 AM,Tree Trim Inspection,TREEMAINTENANCE,"BLANCHETTE, PETER","12109 PALMDATE ST,HOUSTON,77034","5, ZONE",576L,5752d,CLOSED
182320,Tree Code Violation,2021-08-24 09:46 AM,Tree Code Violation Inspection,TREEPROTECTION,"UF - BURKES, JEREMY",601 W SAULNIER ST,"2, ZONE",493N,77019,CLOSED
182321,Tree Removal,2021-08-24 09:58 AM,Tree Removal Inspection,TREEMAINTENANCE,"BLANCHETTE, PETER","8052 ELROD ST,HOUSTON,77017","5, ZONE",535U,5654d,CLOSED
182322,Tree Removal,2021-08-24 10:13 AM,Tree Removal Inspection,TREEMAINTENANCE,"UF - JONES, CODY","CARVEL LN & SOUTHWEST FWY,HOUSTON,77036","2, ZONE",530K      ,5054a,CLOSED
182323,Tree Trim,2021-08-24 10:31 AM,Tree Trim Inspection,TREEMAINTENANCE,"PATINO, ARNULFO","1124 BAYLAND AVE,HOUSTON,77009","3, ZONE",493A,5358b,CLOSED
182324,Tree Trim,2021-08-24 10:37 AM,Tree Trim Inspection,TREEMAINTENANCE,"BLANCHETTE, PETER","7818 GREENSTONE ST ,HOUSTON,77017","6, ZONE",535P,5654a,CLOSED
182325,Tree Removal,2021-08-24 10:59 AM,Tree Removal Inspection,TREEMAINTENANCE,"UF - BHATTARAI, NIMESH",347 W 23RD ST,"3, ZONE",452V,77008,CLOSED
182326,Tree Trim,2021-08-24 11:17 AM,Tree Trim Inspection,TREEMAINTENANCE,"BLANCHETTE, PETER","4717 WILMINGTON ST,HOUSTON,77033","6, ZONE",573D,5453c,CLOSED
182327,Tree Trim,2021-08-24 11:29 AM,Tree Trim Inspection,TREEMAINTENANCE,"UF - POLOVTSEV, SERA","10112 GLENGATE LN,HOUSTON,77036","2, ZONE",529R,4954d,CLOSED
182328,Tree Trim,2021-08-24 11:59 AM,Tree Trim Inspection,TREEMAINTENANCE,"BLANCHETTE, PETER","6700 BELLFORT ST,HOUSTON,77087","6, ZONE",534Y,5553a,CLOSED
182329,Tree Removal,2021-08-24 01:32 PM,Tree Removal Inspection,TREEMAINTENANCE,"BLANCHETTE, PETER","3602 MERRICK ST,HOUSTON,77025","7, ZONE",532K,5254b,CLOSED
182330,Tree Trim,2021-08-24 02:12 PM,Tree Trim Inspection,TREEMAINTENANCE,"UF - JONES, CODY","1136 W GARDNER ST,HOUSTON,77009","3, ZONE",453W,5359d,CLOSED
182331,Tree Trim,2021-08-24 02:57 PM,Tree Trim Inspection,TREEMAINTENANCE,"UF - JONES, CODY","1851 CREEK DR,HOUSTON,77080","3, ZONE",450V,5059d,CLOSED
182332,Tree Trim,2021-08-24 03:18 PM,Tree Trim Inspection,TREEMAINTENANCE,"BLANCHETTE, PETER","7958 DEER MEADOW DR,HOUSTON,77071","7, ZONE",570G,5052a,CLOSED
182333,Tree Trim,2021-08-24 03:21 PM,Tree Trim Inspection,TREEMAINTENANCE,"PATINO, ARNULFO",10226 PALM SHADOWS LN,"6, ZONE",575P,77075,CLOSED
182334,Tree Trim,2021-08-24 03:51 PM,Tree Trim Inspection,TREEMAINTENANCE,"PATINO, ARNULFO","12838 ORLEANS ST,HOUSTON,77015","4, ZONE",496D,5858a,CLOSED
182335,Tree Removal,2021-08-24 03:57 PM,Tree Removal Inspection,TREEMAINTENANCE,"UF - JONES, CODY",2318 CRAIGMONT ST,"6, ZONE",534C,77023,CLOSED
182336,Tree Trim,2021-08-24 04:54 PM,Tree Trim Inspection,TREEMAINTENANCE,"UF - JONES, CODY","FOREST GARDEN DR & KINGWOOD DR,HOUSTON,77345","4, ZONE",337C,5870c,CLOSED
182337,Tree Trim,2021-08-24 07:29 PM,Tree Trim Inspection,TREEMAINTENANCE,"UF - JONES, CODY","SHANNON VALLEY DR & RINCON DR,HOUSTON,77077","2, ZONE",488R,4856a,CLOSED
182341,Tree Trim,2021-08-24 10:33 PM,Tree Trim Inspection,TREEMAINTENANCE,"PATINO, ARNULFO","6711 BISSONNET ST,HOUSTON,77074","7, ZONE",530R      ,5054b,CLOSED
182343,Tree Trim,2021-08-25 07:24 AM,Tree Trim Inspection,TREEMAINTENANCE,"UF - POLOVTSEV, SERA","10900 CHEVY CHASE DR,HOUSTON,77042","2, ZONE",489Q,4956a,CLOSED
182344,Tree Removal,2021-08-25 07:55 AM,Tree Removal Inspection,TREEMAINTENANCE,"BLANCHETTE, PETER","7011 GAMMAGE ST,HOUSTON,77087","6, ZONE",534R,5554b,CLOSED
182345,Tree Trim,2021-08-25 08:21 AM,Tree Trim Inspection,TREEMAINTENANCE,"BLANCHETTE, PETER","600 JACKSON ST,HOUSTON,77003","1, ZONE",493R,5457c,CLOSED
182346,Tree Trim,2021-08-25 08:28 AM,Tree Trim Inspection,TREEMAINTENANCE,"BLANCHETTE, PETER","7410 CULLEN BLVD,HOUSTON,77051","6, ZONE",533V,5454c,CLOSED
182349,Tree Trim,2021-08-25 08:49 AM,Tree Trim Inspection,TREEMAINTENANCE,"PATINO, ARNULFO","SCHULLER RD & BERRY RD,HOUSTON,77093","4, ZONE",454E,5460b,CLOSED
182350,Tree Removal,2021-08-25 09:31 AM,Tree Removal Inspection,TREEMAINTENANCE,"BLANCHETTE, PETER","5327 WILLOW GLEN DR,HOUSTON,77033","6, ZONE",534S,5453b,CLOSED
182351,Tree Trim,2021-08-25 09:34 AM,Tree Trim Inspection,TREEMAINTENANCE,"UF - JONES, CODY","403 MOODY ST,HOUSTON,77009","4, ZONE",453U,5459c,CLOSED
182352,Tree Removal,2021-08-25 09:55 AM,Tree Removal Inspection,TREEMAINTENANCE,"UF - JONES, CODY","1000 ST ANDREWS RD,HOUSTON,77339","4, ZONE",336E,5669b,CLOSED
182353,Tree Trim,2021-08-25 10:04 AM,Tree Trim Inspection,TREEMAINTENANCE,"UF - POLOVTSEV, SERA","CLIFFWOOD DR & W BELLFORT AVE,HOUSTON,77096","7, ZONE",531V,5253a,CLOSED
182354,Tree Trim,2021-08-25 10:16 AM,Tree Trim Inspection,TREEMAINTENANCE,"BLANCHETTE, PETER","FOSTER ST & BALKIN ST,HOUSTON,77021","6, ZONE",533M,5454a,CLOSED
182355,Tree Trim,2021-08-25 10:25 AM,Tree Trim Inspection,TREEMAINTENANCE,"BLANCHETTE, PETER","2711 SOCKEYE DR,HOUSTON,77045","7, ZONE",572L,5252d,CLOSED
182356,Tree Removal,2021-08-25 11:32 AM,Tree Removal Inspection,TREEMAINTENANCE,"UF - JONES, CODY","3919 TILSON LN,HOUSTON,77080","3, ZONE",450L,5060c,CLOSED
182357,Tree Trim,2021-08-25 11:47 AM,Tree Trim Inspection,TREEMAINTENANCE,"UF - POLOVTSEV, SERA","7500 S HALL ST,HOUSTON,77028","4, ZONE",455E,5560b,CLOSED
182358,Tree Trim,2021-08-25 12:08 PM,Tree Trim Inspection,TREEMAINTENANCE,"UF - JONES, CODY","1023 CHAMBOARD LN,HOUSTON,77018","3, ZONE",452L      ,5260b,CLOSED
182359,Tree Trim,2021-08-25 12:26 PM,Tree Trim Inspection,TREEMAINTENANCE,"BLANCHETTE, PETER","11119 SAFEGUARD ST,HOUSTON,77047","6, ZONE",573M,5452c,CLOSED
182360,Tree Removal,2021-08-25 12:27 PM,Tree Removal Inspection,TREEMAINTENANCE,"PATINO, ARNULFO","11610 FORBES RD,HOUSTON,77075","6, ZONE",575S,5551d,CLOSED
182361,Tree Removal,2021-08-25 12:44 PM,Tree Removal Inspection,TREEMAINTENANCE,"UF - JONES, CODY","1226 HEIGHTS BLVD,HOUSTON,77008","3, ZONE",453W,5358a,CLOSED
182362,Tree Removal,2021-08-25 01:18 PM,Tree Removal Inspection,TREEMAINTENANCE,"BLANCHETTE, PETER","5028 RUSK ST,HOUSTON,77023","5, ZONE",494T,5556a,CLOSED
182363,Tree Protection Rev,2021-08-25 01:26 PM,Tree Protection Review Inspection,TREEPROTECTION,"UF - JONES, CODY",2921 LIPSCOMB ST,"6, ZONE",534G,77023,CLOSED
182364,Tree Removal,2021-08-25 01:44 PM,Tree Removal Inspection,TREEMAINTENANCE,"UF - JONES, CODY","1304 DOROTHY ST,HOUSTON,77008","3, ZONE",452Z      ,5359c,CLOSED
182365,Tree Removal,2021-08-25 02:12 PM,Tree Removal Inspection,TREEMAINTENANCE,"BLANCHETTE, PETER","7580 LITTLE YORK RD,HOUSTON,77016","4, ZONE",415S,5562d,CLOSED
182366,Tree Removal,2021-08-25 02:12 PM,Tree Removal Inspection,TREEMAINTENANCE,"UF - JONES, CODY","5545 JUDALON LN,HOUSTON,77056","2, ZONE",491X,5156c,CLOSED
182367,Tree Trim,2021-08-25 03:06 PM,Tree Trim Inspection,TREEMAINTENANCE,"PATINO, ARNULFO","5600 CRAWFORD RD,HOUSTON,77004","7, ZONE",533B,5355b,CLOSED
182368,Tree Trim,2021-08-25 03:15 PM,Tree Trim Inspection,TREEMAINTENANCE,"PATINO, ARNULFO","3101 SMITH ST,HOUSTON,77006","2, ZONE",493T,5356b,CLOSED
182369,Tree Trim,2021-08-25 03:27 PM,Tree Trim Inspection,TREEMAINTENANCE,"BLANCHETTE, PETER","SHARONDALE DR & BELLFORT ST,HOUSTON,77033","6, ZONE",534W,5453b,CLOSED
182370,Tree Trim,2021-08-25 03:27 PM,Tree Trim Inspection,TREEMAINTENANCE,"BLANCHETTE, PETER","7926 SHARONDALE DR,HOUSTON,77033","6, ZONE",534W,5453b,CLOSED
182371,Tree Trim,2021-08-25 03:33 PM,Tree Trim Inspection,TREEMAINTENANCE,"UF - JONES, CODY","407 E 25TH ST,HOUSTON,77008","3, ZONE",453S      ,5359a,CLOSED
182372,Tree Removal,2021-08-25 04:03 PM,Tree Removal Inspection,TREEMAINTENANCE,"UF - JONES, CODY","1109 COLUMBIA ST,HOUSTON,77008","3, ZONE",453W,5358a,CLOSED
182373,Tree Trim,2021-08-25 04:46 PM,Tree Trim Inspection,TREEMAINTENANCE,"UF - JONES, CODY","814 JEWETT ST,HOUSTON,77009","3, ZONE",453X,5359d,CLOSED
182374,Tree Removal,2021-08-25 04:49 PM,Tree Removal Inspection,TREEMAINTENANCE,"BLANCHETTE, PETER","4210 BELL ST,HOUSTON,77023","5, ZONE",494S,5456b,CLOSED
182376,Tree Trim,2021-08-25 07:02 PM,Tree Trim Inspection,TREEMAINTENANCE,"BLANCHETTE, PETER","7812 GULF FWY,HOUSTON,77087","6, ZONE",535P,5654a,CLOSED
182377,Tree Removal,2021-08-25 07:56 PM,Tree Removal Inspection,TREEMAINTENANCE,"UF - POLOVTSEV, SERA","5814 CHEENA DR,HOUSTON,77096","7, ZONE",531W      ,5153a,CLOSED
182378,Tree Trim,2021-08-25 10:21 PM,Tree Trim Inspection,TREEMAINTENANCE,"PATINO, ARNULFO","2106 WOODVINE DR,HOUSTON,77055","3, ZONE",451T,5159a,CLOSED
182379,Tree Trim,2021-08-25 10:24 PM,Tree Trim Inspection,TREEMAINTENANCE,"PATINO, ARNULFO","2138 WOODVINE DR,HOUSTON,77055","3, ZONE",451T,5159a,CLOSED
182380,Tree Trim,2021-08-26 05:00 AM,Tree Trim Inspection,TREEMAINTENANCE,"BLANCHETTE, PETER","7222 BRAES BLVD,HOUSTON,77025","7, ZONE",532J,5255c,CLOSED
182383,Tree Trim,2021-08-26 08:31 AM,Tree Trim Inspection,TREEMAINTENANCE,"UF - JONES, CODY","3114 E LAKE CRESCENT DR,HOUSTON,77339","4, ZONE",336H,5769b,CLOSED
182384,Tree Trim,2021-08-26 08:50 AM,Tree Trim Inspection,TREEMAINTENANCE,"BLANCHETTE, PETER","5731 WILLOW GLEN DR,HOUSTON,77033","6, ZONE",534W,5453b,CLOSED
182385,Tree Trim,2021-08-26 09:19 AM,Tree Trim Inspection,TREEMAINTENANCE,"PATINO, ARNULFO","4421 LINN ST,HOUSTON,77026","4, ZONE",454W,5459d,CLOSED
182386,Tree Removal,2021-08-26 09:20 AM,Tree Removal Inspection,TREEMAINTENANCE,"UF - JONES, CODY","1500 WHITE OAK DR,HOUSTON,77009","3, ZONE",493C,5358d,CLOSED
182387,Tree Removal,2021-08-26 09:35 AM,Tree Removal Inspection,TREEMAINTENANCE,"UF - JONES, CODY","1500 WHITE OAK DR,HOUSTON,77009","3, ZONE",493C,5358d,CLOSED
182389,Tree Trim,2021-08-26 10:14 AM,Tree Trim Inspection,TREEMAINTENANCE,"PATINO, ARNULFO","8800 MEMORIAL DR,HOUSTON,77024","2, ZONE",491G,5158d,CLOSED
182390,Tree Removal,2021-08-26 10:20 AM,Tree Removal Inspection,TREEMAINTENANCE,"BLANCHETTE, PETER","16324 GREEN MANOR DR,HOUSTON,77396","4, ZONE",375J,5566d,CLOSED
182392,Tree Trim,2021-08-26 10:35 AM,Tree Trim Inspection,TREEMAINTENANCE,"PATINO, ARNULFO","502 QUITMAN ST,HOUSTON,77009","4, ZONE",493C,5458c,CLOSED
182394,Tree Trim,2021-08-26 10:41 AM,Tree Trim Inspection,TREEMAINTENANCE,"BLANCHETTE, PETER","307 YORK ST,HOUSTON,77003","5, ZONE",494N,5457d,CLOSED
182397,Tree Removal,2021-08-26 11:29 AM,Tree Removal Inspection,TREEMAINTENANCE,"PATINO, ARNULFO","15806 RIDGEBAR CIR,HOUSTON,77053","7, ZONE",611D,5250c,CLOSED
182402,Tree Trim,2021-08-26 01:24 PM,Tree Trim Inspection,TREEMAINTENANCE,"UF - POLOVTSEV, SERA","2812 CLINE ST,HOUSTON,77020","5, ZONE",494J,5457b,CLOSED
182403,Tree Removal,2021-08-26 01:54 PM,Tree Removal Inspection,TREEMAINTENANCE,"BLANCHETTE, PETER","6525 RENWICK DR,HOUSTON,77081","7, ZONE",531E,5155c,CLOSED
182404,Tree Trim,2021-08-26 01:54 PM,Tree Trim Inspection,TREEMAINTENANCE,"UF - JONES, CODY","RAIDER CIR N & CAMPBELL RD,HOUSTON,77080","3, ZONE",450P,5059a,CLOSED
182405,Tree Trim,2021-08-26 02:01 PM,Tree Trim Inspection,TREEMAINTENANCE,"PATINO, ARNULFO","834 ARLINGTON ST,HOUSTON,77007","3, ZONE",493A,5358a,CLOSED
182406,Tree Trim,2021-08-26 02:01 PM,Tree Trim Inspection,TREEMAINTENANCE,"BLANCHETTE, PETER","8002 LAURA KOPPE RD,HOUSTON,77028","4, ZONE",455F      ,5661c,CLOSED
182407,Tree Trim,2021-08-26 02:21 PM,Tree Trim Inspection,TREEMAINTENANCE,"BLANCHETTE, PETER","4800 ALMEDA GENOA RD,HOUSTON,77048","6, ZONE",574N,5451b,CLOSED
182408,Tree Trim,2021-08-26 03:03 PM,Tree Trim Inspection,TREEMAINTENANCE,"UF - JONES, CODY","9211 RANGELY DR,HOUSTON,77055","3, ZONE",450Y,5058a,CLOSED
182409,Tree Trim,2021-08-26 03:13 PM,Tree Trim Inspection,TREEMAINTENANCE,"BLANCHETTE, PETER","4300 ALMEDA GENOA RD,HOUSTON,77048","6, ZONE",573R      ,5451b,CLOSED
182411,Tree Removal,2021-08-26 03:28 PM,Tree Removal Inspection,TREEMAINTENANCE,"PATINO, ARNULFO","3704 GRAUSTARK ST,HOUSTON,77006","2, ZONE",493S      ,5356a,CLOSED
182412,Tree Trim,2021-08-26 03:40 PM,Tree Trim Inspection,TREEMAINTENANCE,"UF - JONES, CODY","1702 ASHLAND ST,HOUSTON,77008","3, ZONE",452Z,5359c,CLOSED
182413,Tree Trim,2021-08-26 04:19 PM,Tree Trim Inspection,TREEMAINTENANCE,"UF - JONES, CODY","3915 CAPLIN ST,HOUSTON,77026","4, ZONE",454P,5460d,CLOSED
182414,Tree Trim,2021-08-26 05:01 PM,Tree Trim Inspection,TREEMAINTENANCE,"PATINO, ARNULFO","RICHMOND AVE & KIRBY DR,HOUSTON,77098","2, ZONE",492Y      ,5256d,CLOSED
182415,Tree Trim,2021-08-26 05:10 PM,Tree Trim Inspection,TREEMAINTENANCE,"BLANCHETTE, PETER","3733 BLARNEY DR,HOUSTON,77047","6, ZONE",573Q,5451a,CLOSED
182416,Tree Trim,2021-08-26 05:13 PM,Tree Trim Inspection,TREEMAINTENANCE,"BLANCHETTE, PETER","6023 W AIRPORT BLVD,HOUSTON,77035","7, ZONE",570H,5052b,CLOSED
182417,Tree Trim,2021-08-26 05:26 PM,Tree Trim Inspection,TREEMAINTENANCE,"PATINO, ARNULFO","5715 DARNELL ST,HOUSTON,77096","7, ZONE",531N,5154c,CLOSED
182418,Tree Removal,2021-08-26 07:03 PM,Tree Removal Inspection,TREEMAINTENANCE,"UF - POLOVTSEV, SERA","7327 DARIEN ST,HOUSTON,77028","4, ZONE",455J,5560b,CLOSED
182419,Tree Trim,2021-08-26 10:21 PM,Tree Trim Inspection,TREEMAINTENANCE,"UF - JONES, CODY","459 W 18TH ST,HOUSTON,77008","3, ZONE",452V      ,5359c,CLOSED
182420,Tree Trim,2021-08-26 10:58 PM,Tree Trim Inspection,TREEMAINTENANCE,"BLANCHETTE, PETER","5130 SAN FELIPE ST,HOUSTON,77056","2, ZONE",491Q,5157d,CLOSED
182421,Tree Trim,2021-08-26 11:01 PM,Tree Trim Inspection,TREEMAINTENANCE,"BLANCHETTE, PETER","5154 SAN FELIPE ST,HOUSTON,77056","2, ZONE",491Q,5157d,CLOSED
182422,Tree Removal,2021-08-27 07:49 AM,Tree Removal Inspection,TREEMAINTENANCE,"BLANCHETTE, PETER","6118 MCKINSTRY BLVD,HOUSTON,77085","7, ZONE",571P,5151b,CLOSED
182423,Tree Trim,2021-08-27 09:20 AM,Tree Trim Inspection,TREEMAINTENANCE,"BLANCHETTE, PETER","5301 MELANITE AVE ,HOUSTON,77053","7, ZONE",571Y,5150b,CLOSED
182424,Tree Trim,2021-08-27 10:02 AM,Tree Trim Inspection,TREEMAINTENANCE,"BLANCHETTE, PETER","4101 BROADWAY ST,HOUSTON,77087","6, ZONE",535T,5654c,CLOSED
182425,Tree Trim,2021-08-27 10:51 AM,Tree Trim Inspection,TREEMAINTENANCE,"PATINO, ARNULFO","1750 HAWTHORNE ST,HOUSTON,77098","2, ZONE",492V,5356a,CLOSED
182426,Tree Removal,2021-08-27 10:56 AM,Tree Removal Inspection,TREEMAINTENANCE,"PATINO, ARNULFO","5503 KINGLET ST,HOUSTON,77096","7, ZONE",531X      ,5153c,CLOSED
182427,Tree Trim,2021-08-27 11:49 AM,Tree Trim Inspection,TREEMAINTENANCE,"BLANCHETTE, PETER","8523 WATEKA DR,HOUSTON,77074","7, ZONE",530P      ,5054c,CLOSED
182428,Tree Removal,2021-08-27 12:18 PM,Tree Removal Inspection,TREEMAINTENANCE,"BLANCHETTE, PETER","10923 GREEN ARBOR DR,HOUSTON,77089","6, ZONE",576P,5751b,CLOSED
182429,Tree Trim,2021-08-27 12:27 PM,Tree Trim Inspection,TREEMAINTENANCE,"PATINO, ARNULFO","2909 BEAUCHAMP ST,HOUSTON,77009","3, ZONE",493B,5358b,CLOSED
182431,Tree Trim,2021-08-27 12:42 PM,Tree Trim Inspection,TREEMAINTENANCE,"PATINO, ARNULFO","4710 MORNINGSIDE DR,HOUSTON,77005","7, ZONE",532C,5256d,CLOSED
182433,Tree Trim,2021-08-27 01:04 PM,Tree Trim Inspection,TREEMAINTENANCE,"PATINO, ARNULFO",1022 HEIGHTS BLVD,"3, ZONE",493A,77008,CLOSED
182434,Tree Stump Grinding,2021-08-27 01:43 PM,Tree Stump Inspection,TREEMAINTENANCE,"UF - JONES, CODY","11738 LEADER ST,HOUSTON,77072","2, ZONE",529E,4854b,CLOSED
182435,Tree Trim,2021-08-27 02:40 PM,Tree Trim Inspection,TREEMAINTENANCE,"BLANCHETTE, PETER","1738 HAYES RD,HOUSTON,77042","2, ZONE",489P,4856b,CLOSED
182436,Tree Trim,2021-08-27 02:52 PM,Tree Trim Inspection,TREEMAINTENANCE,"BLANCHETTE, PETER","7801 BRANDON ST,HOUSTON,77051","6, ZONE",533U,5454c,CLOSED
182437,Tree Trim,2021-08-27 03:56 PM,Tree Trim Inspection,TREEMAINTENANCE,"BLANCHETTE, PETER","4802 ANDERSON RD,HOUSTON,77053","7, ZONE",571V,5251c,CLOSED
182438,Tree Removal,2021-08-27 04:41 PM,Tree Removal Inspection,TREEMAINTENANCE,"BLANCHETTE, PETER",1978 INDIANA ST,"2, ZONE",492R,77019,CLOSED
182439,Tree Trim,2021-08-27 04:44 PM,Tree Trim Inspection,TREEMAINTENANCE,"BLANCHETTE, PETER","4719 LA BRANCH ST, HOUSTON,77004","7, ZONE",493X,5356d,CLOSED
182440,Tree Removal,2021-08-27 04:56 PM,Tree Removal Inspection,TREEMAINTENANCE,"UF - JONES, CODY","3634 WILDWOOD RIDGE DR,HOUSTON,77339","4, ZONE",337A      ,5770d,CLOSED
182441,Tree Removal,2021-08-27 07:03 PM,Tree Removal Inspection,TREEMAINTENANCE,"UF - JONES, CODY","1323 LAKIN ST,HOUSTON,77007","2, ZONE",493E,5358c,CLOSED
182442,Tree Trim,2021-08-28 07:54 AM,Tree Trim Inspection,TREEMAINTENANCE,"PATINO, ARNULFO",1001 WESTMONT DR,"4, ZONE",497E,77015,CLOSED
182443,Tree Trim,2021-08-28 08:39 AM,Tree Trim Inspection,TREEMAINTENANCE,"UF - POLOVTSEV, SERA","1203 LOCKWOOD DR,HOUSTON,77020","5, ZONE",494G,5558c,CLOSED
182444,Tree Removal,2021-08-28 09:39 AM,Tree Removal Inspection,TREEMAINTENANCE,"BLANCHETTE, PETER","5801 WOODWAY DR,HOUSTON,77057","2, ZONE",491K      ,5157a,CLOSED
182445,Tree Trim,2021-08-28 09:48 AM,Tree Trim Inspection,TREEMAINTENANCE,"UF - JONES, CODY","1702 LAKE HARBOR WAY,HOUSTON,77084","3, ZONE",447W,4658a,CLOSED
182446,Tree Trim,2021-08-28 02:02 PM,Tree Trim Inspection,TREEMAINTENANCE,"UF - JONES, CODY","13450 ELLA BLVD,HOUSTON,77067","3, ZONE",372K,5265a,CLOSED
182447,Tree Removal,2021-08-28 04:30 PM,Tree Removal Inspection,TREEMAINTENANCE,"UF - POLOVTSEV, SERA","9551 N WAYSIDE DR,HOUSTON,77028","4, ZONE",455B,5561b,CLOSED
182448,Tree Removal,2021-08-28 05:06 PM,Tree Removal Inspection,TREEMAINTENANCE,"BLANCHETTE, PETER","11511 BRAEWICK DR,HOUSTON,77035","7, ZONE",570D,5052b,CLOSED
182449,Tree Trim,2021-08-28 11:30 PM,Tree Trim Inspection,TREEMAINTENANCE,"UF - JONES, CODY","8009 VIRGIL ST,HOUSTON,77088","3, ZONE",412T,5262c,CLOSED
182450,Tree Removal,2021-08-29 02:24 PM,Tree Removal Inspection,TREEMAINTENANCE,"UF - POLOVTSEV, SERA","7603 COACHWOOD DR,HOUSTON,77071","7, ZONE",570C,5052b,CLOSED
182451,Tree Removal,2021-08-30 08:14 AM,Tree Removal Inspection,TREEMAINTENANCE,"BLANCHETTE, PETER","11503 GAYMOOR DR,HOUSTON,77035","7, ZONE",571B,5153d,CLOSED
182452,Tree Removal,2021-08-30 08:20 AM,Tree Removal Inspection,TREEMAINTENANCE,"BLANCHETTE, PETER","7700 OAK VISTA ST,HOUSTON,77087","6, ZONE",535S,5654c,CLOSED
182453,Tree Removal,2021-08-30 08:50 AM,Tree Removal Inspection,TREEMAINTENANCE,"BLANCHETTE, PETER","9563 GESSNER DR,HOUSTON,77074 (BRAEBURN GLEN PARK)","7, ZONE",530T,5053a,CLOSED
182454,Tree Removal,2021-08-30 08:57 AM,Tree Removal Inspection,TREEMAINTENANCE,"BLANCHETTE, PETER",14142 IVY BLUFF CT,"5, ZONE",617D,77062,CLOSED
182455,Tree Trim,2021-08-30 09:03 AM,Tree Trim Inspection,TREEMAINTENANCE,"UF - POLOVTSEV, SERA","2004 DAVIS ST,HOUSTON,77026","4, ZONE",494E      ,5458d,CLOSED
182456,Tree Trim,2021-08-30 09:35 AM,Tree Trim Inspection,TREEMAINTENANCE,"BLANCHETTE, PETER","7713 KINGSLEY ST,HOUSTON,77087","6, ZONE",535N,5654a,CLOSED
182457,Tree Trim,2021-08-30 09:50 AM,Tree Trim Inspection,TREEMAINTENANCE,"PATINO, ARNULFO","1722 TAFT ST,HOUSTON,77019","2, ZONE",493N,5357d,CLOSED
182458,Tree Trim,2021-08-30 10:08 AM,Tree Trim Inspection,TREEMAINTENANCE,"BLANCHETTE, PETER","6519 HERON DR., HOUSTON,77087","6, ZONE",534Y,5553a,CLOSED
182459,Tree Trim,2021-08-30 10:29 AM,Tree Trim Inspection,TREEMAINTENANCE,"BLANCHETTE, PETER","6952 BELLFORT ST,HOUSTON,77087","6, ZONE",534Z,5553b,CLOSED
182460,Tree Trim,2021-08-30 10:46 AM,Tree Trim Inspection,TREEMAINTENANCE,"BLANCHETTE, PETER","1715 GUNWALE RD,HOUSTON,77062","5, ZONE",618L,6050c,CLOSED
182461,Tree Trim,2021-08-30 10:50 AM,Tree Trim Inspection,TREEMAINTENANCE,"PATINO, ARNULFO","6010 QUIET VILLAGE CT,HOUSTON,77053","7, ZONE",611B,5150c,CLOSED
182462,Tree Trim,2021-08-30 10:53 AM,Tree Trim Inspection,TREEMAINTENANCE,"PATINO, ARNULFO","4903 VALKEITH DR,HOUSTON,77096","7, ZONE",531U,5153b,CLOSED
182463,Tree Trim,2021-08-30 11:17 AM,Tree Trim Inspection,TREEMAINTENANCE,"BLANCHETTE, PETER","7730 WILMERDEAN ST,HOUSTON,77061","6, ZONE",535X      ,5653a,CLOSED
182464,Tree Trim,2021-08-30 11:24 AM,Tree Trim Inspection,TREEMAINTENANCE,"UF - JONES, CODY","3726 BOSTIC ST,HOUSTON,77093","4, ZONE",454F,5460b,CLOSED
182467,Tree Trim,2021-08-30 01:30 PM,Tree Trim Inspection,TREEMAINTENANCE,"PATINO, ARNULFO","5801 JACKWOOD ST,HOUSTON,77074","7, ZONE",531N,5154c,CLOSED
182468,Tree Removal,2021-08-30 01:49 PM,Tree Removal Inspection,TREEMAINTENANCE,"BLANCHETTE, PETER",3701 ELGIN ST,"6, ZONE",493Z,77004,CLOSED
182469,Tree Removal,2021-08-30 01:51 PM,Tree Removal Inspection,TREEMAINTENANCE,"UF - POLOVTSEV, SERA",13220 LANDMARK ST (BRENTWOOD PARK),"7, ZONE",572J,77045,CLOSED
182470,Tree Trim,2021-08-30 02:15 PM,Tree Trim Inspection,TREEMAINTENANCE,"UF - POLOVTSEV, SERA","1504 W 25TH ST,HOUSTON,77008","3, ZONE",452T,5259b,CLOSED
182471,Tree Trim,2021-08-30 02:28 PM,Tree Trim Inspection,TREEMAINTENANCE,"PATINO, ARNULFO","MILAM ST & BERRY ST,HOUSTON,77006","2, ZONE",493T      ,5356b,CLOSED
182472,Tree Trim,2021-08-30 02:52 PM,Tree Trim Inspection,TREEMAINTENANCE,"UF - JONES, CODY","1108 E 16TH ST,HOUSTON,77009","3, ZONE",453W      ,5359d,CLOSED
182473,Tree Removal,2021-08-30 04:14 PM,Tree Removal Inspection,TREEMAINTENANCE,"BLANCHETTE, PETER","7206 OAK HILL DR,HOUSTON,77087","6, ZONE",534V,5554d,CLOSED
182474,Tree Removal,2021-08-30 04:26 PM,Tree Removal Inspection,TREEMAINTENANCE,"BLANCHETTE, PETER","11619 SAGEHURST LN,HOUSTON,77089","6, ZONE",576Y,5751d,CLOSED
182475,Tree Trim,2021-08-31 09:09 AM,Tree Trim Inspection,TREEMAINTENANCE,"BLANCHETTE, PETER","12119 BRIAR FOREST DR,HOUSTON,77077","2, ZONE",489N,4857d,CLOSED
182476,Tree Removal,2021-08-31 09:10 AM,Tree Removal Inspection,TREEMAINTENANCE,"PATINO, ARNULFO","11011 OASIS DR,HOUSTON,77096","7, ZONE",531X,5153c,CLOSED
182477,Tree Trim,2021-08-31 09:28 AM,Tree Trim Inspection,TREEMAINTENANCE,"BLANCHETTE, PETER","12115 BRIAR FOREST DR,HOUSTON,77077","2, ZONE",489N,4857d,CLOSED
182478,Tree Trim,2021-08-31 10:08 AM,Tree Trim Inspection,TREEMAINTENANCE,"PATINO, ARNULFO","6023 QUIET VILLAGE CT,HOUSTON,77053","7, ZONE",611B,5150c,CLOSED
182479,Tree Trim,2021-08-31 10:10 AM,Tree Trim Inspection,TREEMAINTENANCE,"UF - JONES, CODY","515 POST OAK BLVD,HOUSTON,77027","2, ZONE",491R,5157d,CLOSED
182480,Tree Trim,2021-08-31 10:20 AM,Tree Trim Inspection,TREEMAINTENANCE,"UF - POLOVTSEV, SERA","278 CHIMNEY ROCK RD,HOUSTON,77024","2, ZONE",491F,5158c,CLOSED
182484,Tree Removal,2021-08-31 11:44 AM,Tree Removal Inspection,TREEMAINTENANCE,"BLANCHETTE, PETER","5354 FAIRDALE LN,HOUSTON,77056","2, ZONE",491Y,5156d,CLOSED
182485,Tree Trim,2021-08-31 11:44 AM,Tree Trim Inspection,TREEMAINTENANCE,"UF - POLOVTSEV, SERA","7923 GREEN RIVER DR,HOUSTON,77028","4, ZONE",455K,5660a,CLOSED
182486,Tree Removal,2021-08-31 12:08 PM,Tree Removal Inspection,TREEMAINTENANCE,"BLANCHETTE, PETER","2212 LYNNFIELD ST,HOUSTON,77093","4, ZONE",454N,5460c,CLOSED
182489,Tree Trim,2021-08-31 12:58 PM,Tree Trim Inspection,TREEMAINTENANCE,"PATINO, ARNULFO","613 LEVERKUHN ST,HOUSTON,77007","2, ZONE",492M,5357a,CLOSED
182491,Tree Removal,2021-08-31 01:49 PM,Tree Removal Inspection,TREEMAINTENANCE,"UF - JONES, CODY","7906 ALLWOOD ST,HOUSTON,77016","4, ZONE",454M,5560a,CLOSED
182493,Tree Removal,2021-08-31 02:20 PM,Tree Removal Inspection,TREEMAINTENANCE,"UF - JONES, CODY","2607 NICHOLSON ST,HOUSTON,77008","3, ZONE",452V,5359a,CLOSED
182498,Tree Trim,2021-08-31 02:59 PM,Tree Trim Inspection,TREEMAINTENANCE,"UF - POLOVTSEV, SERA","401 E 5TH ST,HOUSTON,77007","3, ZONE",493A,5358c,CLOSED
182499,Tree Trim,2021-08-31 03:56 PM,Tree Trim Inspection,TREEMAINTENANCE,"BLANCHETTE, PETER","5001 JACKSON ST,HOUSTON,77004","7, ZONE",493X,5356d,CLOSED
182500,Tree Trim,2021-08-31 04:24 PM,Tree Trim Inspection,TREEMAINTENANCE,"BLANCHETTE, PETER","3112 IOLA ST,HOUSTON,77017","5, ZONE",535K,5654a,CLOSED
182501,Tree Trim,2021-08-31 05:06 PM,Tree Trim Inspection,TREEMAINTENANCE,"BLANCHETTE, PETER","9400 KIRBY DR,HOUSTON,77054","7, ZONE",532Y,5253b,CLOSED
182502,Tree Removal,2021-08-31 06:15 PM,Tree Removal Inspection,TREEMAINTENANCE,"BLANCHETTE, PETER","8100 SHOTWELL ST,HOUSTON,77016","4, ZONE",454L,5560a,CLOSED
182503,Tree Removal,2021-08-31 08:28 PM,Tree Removal Inspection,TREEMAINTENANCE,"BLANCHETTE, PETER","13150 FALLSVIEW LN,HOUSTON,77077","2, ZONE",488Q,4756b,CLOSED
182504,Tree Trim,2021-08-31 09:53 PM,Tree Trim Inspection,TREEMAINTENANCE,"BLANCHETTE, PETER","1900 YORKTOWN ST,HOUSTON,77056","2, ZONE",491Q,5156b,CLOSED
182505,Tree Trim,2021-08-31 10:26 PM,Tree Trim Inspection,TREEMAINTENANCE,"PATINO, ARNULFO",9222 ALMEDA GENOA RD,"6, ZONE",575R,77075,CLOSED
182506,Tree Removal,2021-08-31 11:17 PM,Tree Removal Inspection,TREEMAINTENANCE,"PATINO, ARNULFO","6102 DUMFRIES DR,HOUSTON,77096","7, ZONE",530V,5053b,CLOSED
182507,Tree Trim,2021-09-01 06:22 AM,Tree Trim Inspection,TREEMAINTENANCE,"UF - JONES, CODY","HOMESTEAD RD & TIDWELL RD,HOUSTON,77016","4, ZONE",454D,5561d,CLOSED
182516,Tree Removal,2021-09-01 09:09 AM,Tree Removal Inspection,TREEMAINTENANCE,"PATINO, ARNULFO",2104 GLEN HAVEN BLVD,"7, ZONE",532H,77030,CLOSED
182517,Tree Trim,2021-09-01 09:12 AM,Tree Trim Inspection,TREEMAINTENANCE,"UF - JONES, CODY","12001 WINFREY LN,HOUSTON,77076","4, ZONE",413U,5362d,CLOSED
182518,Tree Trim,2021-09-01 09:39 AM,Tree Trim Inspection,TREEMAINTENANCE,"BLANCHETTE, PETER","7006 COACHCREEK DR,HOUSTON,77085","7, ZONE",571J,5152c,CLOSED
182521,Tree Removal,2021-09-01 10:06 AM,Tree Removal Inspection,TREEMAINTENANCE,"BLANCHETTE, PETER","5102 KELLING ST,HOUSTON,77045","7, ZONE",571M,5151b,CLOSED
182524,Tree Trim,2021-09-01 10:13 AM,Tree Trim Inspection,TREEMAINTENANCE,"BLANCHETTE, PETER","5719 TIDEWATER DR,HOUSTON,77085","7, ZONE",571L,5152d,CLOSED
182525,Tree Trim,2021-09-01 10:17 AM,Tree Trim Inspection,TREEMAINTENANCE,"BLANCHETTE, PETER","7800 STELLA LINK RD,HOUSTON,77025","7, ZONE",532J,5254a,CLOSED
182526,Tree Removal,2021-09-01 11:28 AM,Tree Removal Inspection,TREEMAINTENANCE,"BLANCHETTE, PETER","2603 DENNIS ST,HOUSTON,77004","6, ZONE",493U,5456a,CLOSED
182527,Tree Trim,2021-09-01 11:58 AM,Tree Trim Inspection,TREEMAINTENANCE,"UF - POLOVTSEV, SERA","7534 BYWOOD ST,HOUSTON,77028","4, ZONE",455E      ,5560b,CLOSED
182528,Tree Removal,2021-09-01 12:01 PM,Tree Removal Inspection,TREEMAINTENANCE,"UF - JONES, CODY","1700 ASHLAND ST,HOUSTON,77008","3, ZONE",452Z,5359c,CLOSED
182529,Tree Trim,2021-09-01 12:23 PM,Tree Trim Inspection,TREEMAINTENANCE,"UF - JONES, CODY","427 W 26TH ST,HOUSTON,77008","3, ZONE",452V      ,5359a,CLOSED
182530,Tree Removal,2021-09-01 01:01 PM,Tree Removal Inspection,TREEMAINTENANCE,"UF - POLOVTSEV, SERA","900 LOVETT BLVD,HOUSTON,77006","2, ZONE",493S      ,5356b,CLOSED
182531,Tree Removal,2021-09-01 02:05 PM,Tree Removal Inspection,TREEMAINTENANCE,"UF - JONES, CODY","10627 EXETER ST,HOUSTON,77093","4, ZONE",413V,5462c,CLOSED
182533,Tree Trim,2021-09-01 02:23 PM,Tree Trim Inspection,TREEMAINTENANCE,"PATINO, ARNULFO","5515 QUEENSLOCH DR,HOUSTON,77096","7, ZONE",531T,5153a,CLOSED
182535,Tree Trim,2021-09-01 02:38 PM,Tree Trim Inspection,TREEMAINTENANCE,"BLANCHETTE, PETER","8113 DIXIE DR,HOUSTON,77087","6, ZONE",535T,5654c,CLOSED
182538,Tree Trim,2021-09-01 03:20 PM,Tree Trim Inspection,TREEMAINTENANCE,"UF - JONES, CODY","13200 FOREST PINES VILLAGE LN,HOUSTON,77067","3, ZONE",372K,5265a,CLOSED
182539,Tree Removal,2021-09-01 03:30 PM,Tree Removal Inspection,TREEMAINTENANCE,"PATINO, ARNULFO",3704 WOODHEAD ST,"2, ZONE",492V,77098,CLOSED
182540,Tree Trim,2021-09-01 03:39 PM,Tree Trim Inspection,TREEMAINTENANCE,"PATINO, ARNULFO","ELM ST & RAMPART ST,HOUSTON,77081","7, ZONE",531E,5155c,CLOSED
182541,Tree Removal,2021-09-01 04:00 PM,Tree Removal Inspection,TREEMAINTENANCE,"UF - POLOVTSEV, SERA","1500 HADLEY ST,HOUSTON,77004","2, ZONE",493U      ,5456a,CLOSED
182542,Tree Removal,2021-09-01 04:54 PM,Tree Removal Inspection,TREEMAINTENANCE,"UF - JONES, CODY","2914 LIPSCOMB ST,HOUSTON,77023","6, ZONE",534G,5555a,CLOSED
182543,Tree Trim,2021-09-01 05:24 PM,Tree Trim Inspection,TREEMAINTENANCE,"BLANCHETTE, PETER","ANNA HELD ST & AIRPORT BLVD,HOUSTON,77048","6, ZONE",574E,5452b,CLOSED
182544,Tree Trim,2021-09-01 05:40 PM,Tree Trim Inspection,TREEMAINTENANCE,"BLANCHETTE, PETER","SOUTHBANK TER & BELLFORT ST,HOUSTON,77033","6, ZONE",534X,5453b,CLOSED
182546,Tree Trim,2021-09-01 06:01 PM,Tree Trim Inspection,TREEMAINTENANCE,"BLANCHETTE, PETER","8820 STELLA LINK RD,HOUSTON,77025","7, ZONE",532N,5254c,CLOSED
182547,Tree Trim,2021-09-01 06:37 PM,Tree Trim Inspection,TREEMAINTENANCE,"PATINO, ARNULFO","8802 RADIO RD,HOUSTON,77075","6, ZONE",575H,5652b,CLOSED
182548,Tree Trim,2021-09-01 06:43 PM,Tree Trim Inspection,TREEMAINTENANCE,"UF - POLOVTSEV, SERA","12211 GAINSBOROUGH DR,HOUSTON,77031","7, ZONE",569H,4952b,CLOSED
182549,Tree Removal,2021-09-01 09:59 PM,Tree Removal Inspection,TREEMAINTENANCE,"BLANCHETTE, PETER","1400 ERNESTINE ST,HOUSTON,77023","5, ZONE",494T,5456b,CLOSED
182550,Tree Trim,2021-09-01 10:23 PM,Tree Trim Inspection,TREEMAINTENANCE,"UF - JONES, CODY","638 E 11TH 1/2 ST,HOUSTON,77008","3, ZONE",453W      ,5358a,CLOSED
182551,Tree Trim,2021-09-01 10:30 PM,Tree Trim Inspection,TREEMAINTENANCE,"PATINO, ARNULFO","W BELLFORT AVE & CLIFFWOOD DR,HOUSTON,77096","7, ZONE",531V,5253a,CLOSED
182552,Tree Removal,2021-09-01 10:36 PM,Tree Removal Inspection,TREEMAINTENANCE,"PATINO, ARNULFO","MEMORIAL DR & E COWAN DR,HOUSTON,77007","2, ZONE",492K,5257b,CLOSED
182556,Tree Removal,2021-09-02 09:31 AM,Tree Removal Inspection,TREEMAINTENANCE,"BLANCHETTE, PETER",8502 SAN FELIPE ST,"2, ZONE",490R,77024,CLOSED
182557,Tree Trim,2021-09-02 09:47 AM,Tree Trim Inspection,TREEMAINTENANCE,"UF - POLOVTSEV, SERA","619 BOMAR ST,HOUSTON,77006","2, ZONE",493N,5357d,CLOSED
182558,Tree Trim,2021-09-02 09:58 AM,Tree Trim Inspection,TREEMAINTENANCE,"UF - JONES, CODY","1716 NICHOLSON ST,HOUSTON,77008","3, ZONE",452V,5359c,CLOSED
182559,Tree Trim,2021-09-02 10:01 AM,Tree Trim Inspection,TREEMAINTENANCE,"UF - JONES, CODY","1712 NICHOLSON ST,HOUSTON,77008","3, ZONE",452Z,5359c,CLOSED
182560,Tree Trim,2021-09-02 10:04 AM,Tree Trim Inspection,TREEMAINTENANCE,"BLANCHETTE, PETER","5176 MARKWOOD LN,HOUSTON,77053","7, ZONE",571Y,5150b,CLOSED
182561,Tree Removal,2021-09-02 10:04 AM,Tree Removal Inspection,TREEMAINTENANCE,"PATINO, ARNULFO","323 HUTCHESON ST,HOUSTON,77003","5, ZONE",494N,5457d,CLOSED
182562,Tree Trim,2021-09-02 10:49 AM,Tree Trim Inspection,TREEMAINTENANCE,"BLANCHETTE, PETER","3421 DAPHNE ST,HOUSTON,77021","6, ZONE",533L,5454a,CLOSED
182563,Tree Trim,2021-09-02 12:29 PM,Tree Trim Inspection,TREEMAINTENANCE,"PATINO, ARNULFO","SCOTT ST & BELL ST,HOUSTON,77003","5, ZONE",494S,5456b,CLOSED
182564,Tree Removal,2021-09-02 12:35 PM,Tree Removal Inspection,TREEMAINTENANCE,"UF - JONES, CODY","3409 BRINKMAN ST,HOUSTON,77018","3, ZONE",452Q,5260d,CLOSED
182565,Tree Trim,2021-09-02 01:02 PM,Tree Trim Inspection,TREEMAINTENANCE,"UF - JONES, CODY","9424 HOMESTEAD RD,HOUSTON,77016","4, ZONE",454D,5561d,CLOSED
182566,Tree Trim,2021-09-02 01:11 PM,Tree Trim Inspection,TREEMAINTENANCE,"UF - JONES, CODY","3402 TIDFORD ST,HOUSTON,77093","4, ZONE",454B,5461d,CLOSED
182567,Tree Removal,2021-09-02 01:42 PM,Tree Removal Inspection,TREEMAINTENANCE,"UF - JONES, CODY","4342 CETTI ST,HOUSTON,77009","4, ZONE",453Z,5459c,CLOSED
182568,Tree Removal,2021-09-02 01:49 PM,Tree Removal Inspection,TREEMAINTENANCE,"BLANCHETTE, PETER","5405 DIEPPE ST,HOUSTON,77033","6, ZONE",534S,5454d,CLOSED
182569,Tree Removal,2021-09-02 02:03 PM,Tree Removal Inspection,TREEMAINTENANCE,"UF - JONES, CODY",800 COLQUITT ST,"2, ZONE",493S,77006,CLOSED
182570,Tree Trim,2021-09-02 02:28 PM,Tree Trim Inspection,TREEMAINTENANCE,"PATINO, ARNULFO",12355 RICHMOND AVE,"2, ZONE",488Z,77082,CLOSED
182571,Tree Removal,2021-09-02 02:36 PM,Tree Removal Inspection,TREEMAINTENANCE,"BLANCHETTE, PETER","7901 WESTHEIMER RD,HOUSTON,77063","2, ZONE",490V,5056d,CLOSED
182573,Tree Trim,2021-09-02 03:39 PM,Tree Trim Inspection,TREEMAINTENANCE,"PATINO, ARNULFO",1909 FAIRVIEW AVE,"2, ZONE",492V,77019,CLOSED
182574,Tree Removal,2021-09-02 03:40 PM,Tree Removal Inspection,TREEMAINTENANCE,"UF - JONES, CODY","1909 FAIRVIEW AVE,HOUSTON,77019","2, ZONE",492V,5356a,CLOSED
182575,Tree Trim,2021-09-02 03:45 PM,Tree Trim Inspection,TREEMAINTENANCE,"BLANCHETTE, PETER","10909 BEAMER RD,HOUSTON,77089","6, ZONE",576T,5751d,CLOSED
182576,Tree Trim,2021-09-02 04:04 PM,Tree Trim Inspection,TREEMAINTENANCE,"BLANCHETTE, PETER",1009 ALMEDA GENOA RD,"7, ZONE",572V,77047,CLOSED
182577,Tree Removal,2021-09-02 04:22 PM,Tree Removal Inspection,TREEMAINTENANCE,"UF - JONES, CODY","902 WALLING ST,HOUSTON,77009","3, ZONE",453X,5359d,CLOSED
182578,Tree Trim,2021-09-02 04:37 PM,Tree Trim Inspection,TREEMAINTENANCE,"UF - JONES, CODY","4600 WIPPRECHT ST,HOUSTON,77026","4, ZONE",454U,5559c,CLOSED
182579,Tree Removal,2021-09-02 07:29 PM,Tree Removal Inspection,TREEMAINTENANCE,"UF - JONES, CODY","404 W 17TH ST,HOUSTON,77008","3, ZONE",452Z      ,5359c,CLOSED
182580,Tree Trim,2021-09-02 08:14 PM,Tree Trim Inspection,TREEMAINTENANCE,"UF - JONES, CODY","12507 HONEYWOOD TRL,HOUSTON,77077","2, ZONE",488M,4857c,CLOSED
182581,Tree Trim,2021-09-02 11:19 PM,Tree Trim Inspection,TREEMAINTENANCE,"UF - JONES, CODY","19008 SAUMS RD,HOUSTON,77084","3, ZONE",447S,4659c,CLOSED
182582,Tree Removal,2021-09-03 02:11 AM,Tree Removal Inspection,TREEMAINTENANCE,"BLANCHETTE, PETER",5830 SOUTHLEA ST,"6, ZONE",534P,77033,CLOSED
182583,Tree Trim,2021-09-03 04:03 AM,Tree Trim Inspection,TREEMAINTENANCE,"PATINO, ARNULFO",3101 S SHEPHERD DR,"2, ZONE",492U,77098,CLOSED
182584,Tree Trim,2021-09-03 07:49 AM,Tree Trim Inspection,TREEMAINTENANCE,"BLANCHETTE, PETER","E CROSSTIMBERS ST & JENSEN DR,HOUSTON,77093","4, ZONE",454J,5460b,CLOSED
182585,Tree Removal,2021-09-03 08:56 AM,Tree Removal Inspection,TREEMAINTENANCE,"BLANCHETTE, PETER","2015 BOLSOVER ST,HOUSTON,77005","7, ZONE",532D,5355a,CLOSED
182586,Tree Removal,2021-09-03 09:17 AM,Tree Removal Inspection,TREEMAINTENANCE,"BLANCHETTE, PETER","14715 CARADINE ST,HOUSTON,77085","7, ZONE",571T,5151c,CLOSED
182587,Tree Trim,2021-09-03 09:35 AM,Tree Trim Inspection,TREEMAINTENANCE,"UF - POLOVTSEV, SERA","2300 UNION ST,HOUSTON,77007","2, ZONE",493K,5357b,CLOSED
182588,Tree Trim,2021-09-03 09:41 AM,Tree Trim Inspection,TREEMAINTENANCE,"UF - JONES, CODY","7100 HELMERS ST,HOUSTON,77022","4, ZONE",453L,5460c,CLOSED
182589,Tree Trim,2021-09-03 09:53 AM,Tree Trim Inspection,TREEMAINTENANCE,"UF - POLOVTSEV, SERA","HERMANN PARK DR & CAMBRIDGE ST,HOUSTON,77030","7, ZONE",533E,5355c,CLOSED
182590,Tree Removal,2021-09-03 10:02 AM,Tree Removal Inspection,TREEMAINTENANCE,"BLANCHETTE, PETER","7900 FLAXMAN ST,HOUSTON,77029","5, ZONE",495J,5557b,CLOSED
182592,Tree Trim,2021-09-03 10:27 AM,Tree Trim Inspection,TREEMAINTENANCE,"UF - JONES, CODY","NORTHPARK DR & WOODLAND HILLS DR,HOUSTON,77339","4, ZONE",296V,5770b,CLOSED
182593,Tree Removal,2021-09-03 10:54 AM,Tree Removal Inspection,TREEMAINTENANCE,"UF - JONES, CODY","8520 PITNER RD,HOUSTON,77080","3, ZONE",450M,5060d,CLOSED
182594,Tree Trim,2021-09-03 12:13 PM,Tree Trim Inspection,TREEMAINTENANCE,"PATINO, ARNULFO",9800 BALLANTINE ST,"6, ZONE",575P,77075,CLOSED
182595,Tree Trim,2021-09-03 12:28 PM,Tree Trim Inspection,TREEMAINTENANCE,"BLANCHETTE, PETER","7902 PILLOT ST,HOUSTON,77029","5, ZONE",495J,5557b,CLOSED
182596,Tree Trim,2021-09-03 12:32 PM,Tree Trim Inspection,TREEMAINTENANCE,"UF - POLOVTSEV, SERA","8815 LYNDONNILLE FALLS LN,HOUSTON,77078","4, ZONE",455D,5661b,CLOSED
182597,Tree Trim,2021-09-03 12:49 PM,Tree Trim Inspection,TREEMAINTENANCE,"UF - JONES, CODY","4250 ELYSIAN ST,HOUSTON,77009 (EARL HENDERSON PARK)","4, ZONE",453Z,5459c,CLOSED
182598,Tree Removal,2021-09-03 01:04 PM,Tree Removal Inspection,TREEMAINTENANCE,"PATINO, ARNULFO","2114 THURMON ST,HOUSTON,77034","5, ZONE",576A,5753c,CLOSED
182603,Tree Removal,2021-09-03 01:28 PM,Tree Removal Inspection,TREEMAINTENANCE,"UF - JONES, CODY",11931 MEMORIAL DR,"2, ZONE",490J,77024,CLOSED
182610,Tree Trim,2021-09-03 02:35 PM,Tree Trim Inspection,TREEMAINTENANCE,"BLANCHETTE, PETER",8616 RICHMOND AVE,"2, ZONE",490Y,77063,CLOSED
182612,Tree Trim,2021-09-03 03:17 PM,Tree Trim Inspection,TREEMAINTENANCE,"UF - POLOVTSEV, SERA",6230 BENDING OAKS DR,"4, ZONE",415E,77050,CLOSED
182613,Tree Trim,2021-09-03 03:18 PM,Tree Trim Inspection,TREEMAINTENANCE,"UF - JONES, CODY",824 W 14TH ST,"3, ZONE",452Z,77008,CLOSED
182614,Tree Trim,2021-09-03 03:21 PM,Tree Trim Inspection,TREEMAINTENANCE,"BLANCHETTE, PETER",2500 GALVESTON RD,"5, ZONE",535F,77017,CLOSED
182615,Tree Trim,2021-09-03 03:22 PM,Tree Trim Inspection,TREEMAINTENANCE,"PATINO, ARNULFO",MORSE ST & FAIRVIEW AVE,"7, ZONE",492V,77019,CLOSED
182616,Tree Trim,2021-09-03 03:27 PM,Tree Trim Inspection,TREEMAINTENANCE,"PATINO, ARNULFO",24300 HARD WOOD DR,"4, ZONE",338M,77336,CLOSED
182617,Tree Trim,2021-09-03 03:28 PM,Tree Trim Inspection,TREEMAINTENANCE,"BLANCHETTE, PETER","3100 NAVIGATION BLVD,HOUSTON,77003","5, ZONE",494N      ,5457d,CLOSED
182618,Tree Trim,2021-09-03 03:33 PM,Tree Trim Inspection,TREEMAINTENANCE,"UF - POLOVTSEV, SERA",2518 COCHRAN ST,"4, ZONE",493D,77009,CLOSED
182619,Tree Trim,2021-09-03 03:34 PM,Tree Trim Inspection,TREEMAINTENANCE,"BLANCHETTE, PETER",4400 DIXIE DR,"6, ZONE",533M,77021,CLOSED
182620,Tree Trim,2021-09-03 03:39 PM,Tree Trim Inspection,TREEMAINTENANCE,"UF - JONES, CODY","NINA LEE LN & ROSSLYN RD,HOUSTON,77018","3, ZONE",452J      ,5260a,CLOSED
182621,Tree Trim,2021-09-03 03:40 PM,Tree Trim Inspection,TREEMAINTENANCE,"PATINO, ARNULFO",5031 KINGFISHER DR,"7, ZONE",531Y,77035,CLOSED
182622,Tree Trim,2021-09-03 03:42 PM,Tree Trim Inspection,TREEMAINTENANCE,"BLANCHETTE, PETER",7440 CULLEN BLVD,"6, ZONE",533V,77051,CLOSED
182623,Tree Trim,2021-09-03 03:43 PM,Tree Trim Inspection,TREEMAINTENANCE,"UF - JONES, CODY",12606 WISPWIND DR,"2, ZONE",528M,77072,CLOSED
182624,Tree Removal,2021-09-03 03:50 PM,Tree Removal Inspection,TREEMAINTENANCE,"UF - JONES, CODY","11931 MEMORIAL DR,HOUSTON,77024","2, ZONE",490J,4957d,CLOSED
182625,Tree Removal,2021-09-03 03:50 PM,Tree Removal Inspection,TREEMAINTENANCE,"BLANCHETTE, PETER","2015 BOLSOVER ST,HOUSTON,77005","7, ZONE",532D,5355a,CLOSED
182626,Tree Trim,2021-09-03 03:51 PM,Tree Trim Inspection,TREEMAINTENANCE,"UF - JONES, CODY",IRBY ST & FERGUSON WAY,"3, ZONE",412P,77088,CLOSED
182627,Tree Trim,2021-09-03 03:52 PM,Tree Trim Inspection,TREEMAINTENANCE,"PATINO, ARNULFO",1203 LOCKWOOD DR,"5, ZONE",494G,77020,CLOSED
182628,Tree Trim,2021-09-03 03:54 PM,Tree Trim Inspection,TREEMAINTENANCE,"PATINO, ARNULFO",734 WOOLWORTH ST,"5, ZONE",494H,77020,CLOSED
182629,Tree Trim,2021-09-03 03:55 PM,Tree Trim Inspection,TREEMAINTENANCE,"BLANCHETTE, PETER","5600 CRAWFORD RD,HOUSTON,77004","7, ZONE",533B,5355b,CLOSED
182630,Tree Trim,2021-09-03 03:57 PM,Tree Trim Inspection,TREEMAINTENANCE,"UF - POLOVTSEV, SERA",7709 INTREPID DR,"2, ZONE",529J,77072,CLOSED
182631,Tree Removal,2021-09-03 03:58 PM,Tree Removal Inspection,TREEMAINTENANCE,"BLANCHETTE, PETER",3205 REEVES ST,"6, ZONE",493Z,77004,CLOSED
182632,Tree Trim,2021-09-03 03:59 PM,Tree Trim Inspection,TREEMAINTENANCE,"BLANCHETTE, PETER","2318 SUNSET BLVD,HOUSTON,77005","7, ZONE",532C      ,5256d,CLOSED
182633,Tree Trim,2021-09-03 04:02 PM,Tree Trim Inspection,TREEMAINTENANCE,"BLANCHETTE, PETER",8342 BONNER DR,"5, ZONE",535Q,77017,CLOSED
182634,Tree Trim,2021-09-03 04:07 PM,Tree Trim Inspection,TREEMAINTENANCE,"UF - JONES, CODY",12606 WISPWIND DR,"2, ZONE",528M,77072,CLOSED
182635,Tree Trim,2021-09-03 04:08 PM,Tree Trim Inspection,TREEMAINTENANCE,"BLANCHETTE, PETER",3551 TAMPA ST,"6, ZONE",533G,77021,CLOSED
182636,Tree Trim,2021-09-03 04:32 PM,Tree Trim Inspection,TREEMAINTENANCE,"UF - JONES, CODY",1900 GESSNER RD,"3, ZONE",450S,77080,CLOSED
182638,Tree Removal,2021-09-03 04:36 PM,Tree Removal Inspection,TREEMAINTENANCE,"BLANCHETTE, PETER","8600 TILGHAM ST,HOUSTON,77029","5, ZONE",495L,5657a,CLOSED
182639,Tree Removal,2021-09-03 04:54 PM,Tree Removal Inspection,TREEMAINTENANCE,"BLANCHETTE, PETER","4701 POLK ST,HOUSTON,77023","5, ZONE",494T,5456b,CLOSED
182640,Tree Trim,2021-09-03 04:56 PM,Tree Trim Inspection,TREEMAINTENANCE,"UF - POLOVTSEV, SERA",12823 LALEU LN,"7, ZONE",570G,77071,CLOSED
182643,Tree Trim,2021-09-03 05:57 PM,Tree Trim Inspection,TREEMAINTENANCE,"BLANCHETTE, PETER",EDDINGTON ST & POLK ST,"5, ZONE",494T,77023,CLOSED
182644,Tree Trim,2021-09-03 07:00 PM,Tree Trim Inspection,TREEMAINTENANCE,"UF - JONES, CODY",1798 BETHLEHEM ST,"3, ZONE",452E,77018,CLOSED
182645,Tree Trim,2021-09-04 04:50 AM,Tree Trim Inspection,TREEMAINTENANCE,"UF - JONES, CODY",1800 SHANNON VALLEY DR,"2, ZONE",488R,77077,CLOSED
182646,Tree Trim,2021-09-04 05:23 AM,Tree Trim Inspection,TREEMAINTENANCE,"BLANCHETTE, PETER",8152 LYNN DR,"5, ZONE",535P,77017,CLOSED
182647,Tree Trim,2021-09-04 05:36 AM,Tree Trim Inspection,TREEMAINTENANCE,"UF - JONES, CODY","3543 MICHAUX ST,HOUSTON,77009","3, ZONE",493B,5358b,CLOSED
182648,Tree Trim,2021-09-04 09:13 AM,Tree Trim Inspection,TREEMAINTENANCE,"UF - JONES, CODY",9259 NORTON DR,"3, ZONE",450Q,77080,CLOSED
182649,Tree Removal,2021-09-04 12:35 PM,Tree Removal Inspection,TREEMAINTENANCE,"BLANCHETTE, PETER",12906 FENLAND FIELD LN,"7, ZONE",572Q,77047,CLOSED
182650,Tree Trim,2021-09-04 11:40 PM,Tree Trim Inspection,TREEMAINTENANCE,"BLANCHETTE, PETER",PALMETTO ST & EVERGREEN DR,"5, ZONE",535E,77087,CLOSED
182651,Tree Trim,2021-09-05 12:20 AM,Tree Trim Inspection,TREEMAINTENANCE,"UF - JONES, CODY",15900 WAGON RD,"4, ZONE",372Z,77060,CLOSED
182652,Tree Trim,2021-09-05 03:09 AM,Tree Trim Inspection,TREEMAINTENANCE,"UF - JONES, CODY",1776 GESSNER RD,"3, ZONE",450S,77080,CLOSED
182653,Tree Trim,2021-09-05 10:22 AM,Tree Trim Inspection,TREEMAINTENANCE,"UF - BURKES, JEREMY","1699 ASHLAND ST,HOUSTON,77008","3, ZONE",452Z,5359c,CLOSED
182654,Tree Trim,2021-09-05 07:01 PM,Tree Trim Inspection,TREEMAINTENANCE,"UF - POLOVTSEV, SERA",8602 SHADY VISTA LN,"4, ZONE",455G,77028,CLOSED
182655,Tree Trim,2021-09-05 08:54 PM,Tree Trim Inspection,TREEMAINTENANCE,"PATINO, ARNULFO",8320 CULLEN BLVD,"6, ZONE",533Z,77051,CLOSED
182656,Tree Trim,2021-09-05 11:18 PM,Tree Trim Inspection,TREEMAINTENANCE,"UF - JONES, CODY",3053 NOBLE ST,"4, ZONE",494A,77026,CLOSED
182657,Tree Trim,2021-09-06 09:22 AM,Tree Trim Inspection,TREEMAINTENANCE,"EJIM, ONYEKACHI",5646 WINDING WAY DR,"3, ZONE",411Y,77091,CLOSED
182658,Tree Removal,2021-09-06 09:58 AM,Tree Removal Inspection,TREEMAINTENANCE,"BLANCHETTE, PETER","3131 PECAN ST,HOUSTON,77087","6, ZONE",534M,5555d,CLOSED
182659,Tree Removal,2021-09-06 12:32 PM,Tree Removal Inspection,TREEMAINTENANCE,"PATINO, ARNULFO",1902 BRUN ST,"2, ZONE",492R,77019,CLOSED
182660,Tree Trim,2021-09-06 01:30 PM,Tree Trim Inspection,TREEMAINTENANCE,"BLANCHETTE, PETER",13126 NORTHUMB RD,"7, ZONE",572R,77047,CLOSED
182661,Tree Removal,2021-09-06 05:04 PM,Tree Removal Inspection,TREEMAINTENANCE,"UF - JONES, CODY",3517 GEORGE ST,"4, ZONE",454T,77026,CLOSED
182662,Tree Removal,2021-09-06 06:29 PM,Tree Removal Inspection,TREEMAINTENANCE,"UF - JONES, CODY",12025 SOWDEN RD,"3, ZONE",451J,77055,CLOSED
182663,Tree Trim,2021-09-06 07:09 PM,Tree Trim Inspection,TREEMAINTENANCE,"PATINO, ARNULFO",6262 GULFTON ST,"7, ZONE",531A,77081,CLOSED
182664,Tree Trim,2021-09-06 07:14 PM,Tree Trim Inspection,TREEMAINTENANCE,"UF - BURKES, JEREMY","2002 EMANCIPATION AVE,HOUSTON,77003","6, ZONE",493V,5456a,CLOSED
182665,Tree Trim,2021-09-06 09:49 PM,Tree Trim Inspection,TREEMAINTENANCE,"UF - POLOVTSEV, SERA",HOGAN ST & KEENE ST,"4, ZONE",493G,77009,CLOSED
182666,Tree Removal,2021-09-06 10:01 PM,Tree Removal Inspection,TREEMAINTENANCE,"UF - JONES, CODY",415 W 31ST ST,"3, ZONE",452R,77018,CLOSED
182667,Tree Trim,2021-09-06 10:13 PM,Tree Trim Inspection,TREEMAINTENANCE,"BLANCHETTE, PETER",7222 BLUE RIDGE DR,"6, ZONE",534V,77087,CLOSED
182669,Tree Trim,2021-09-07 01:54 AM,Tree Trim Inspection,TREEMAINTENANCE,"BLANCHETTE, PETER",6029 IRON ROCK ST,"6, ZONE",534P,77087,CLOSED
182670,Tree Trim,2021-09-07 05:11 AM,Tree Trim Inspection,TREEMAINTENANCE,"UF - POLOVTSEV, SERA",14002 KIMBERLEY LN,"2, ZONE",489A,77079,CLOSED
182671,Tree Trim,2021-09-07 09:03 AM,Tree Trim Inspection,TREEMAINTENANCE,"BLANCHETTE, PETER",4706 WOODSIDE ST,"5, ZONE",494T,77023,CLOSED
182672,Tree Trim,2021-09-07 09:16 AM,Tree Trim Inspection,TREEMAINTENANCE,"PATINO, ARNULFO",6813 EDGEMOOR DR,"7, ZONE",530H,77074,CLOSED
182673,Tree Trim,2021-09-07 09:28 AM,Tree Trim Inspection,TREEMAINTENANCE,"BLANCHETTE, PETER",12126 BRIAR FOREST DR,"2, ZONE",489N,77077,CLOSED
182674,Tree Removal,2021-09-07 09:34 AM,Tree Removal Inspection,TREEMAINTENANCE,"UF - JONES, CODY",5201 JEWEL ST,"4, ZONE",494C,77026,CLOSED
182675,Tree Trim,2021-09-07 10:08 AM,Tree Trim Inspection,TREEMAINTENANCE,"UF - JONES, CODY",2921 LIPSCOMB ST,"6, ZONE",534G,77023,CLOSED
182677,Tree Removal,2021-09-07 10:29 AM,Tree Removal Inspection,TREEMAINTENANCE,"BLANCHETTE, PETER",523 GILPIN ST,"5, ZONE",576F,77034,CLOSED
182678,Tree Trim,2021-09-07 10:34 AM,Tree Trim Inspection,TREEMAINTENANCE,"UF - JONES, CODY",1032 RICHELIEU LN,"3, ZONE",452G,77018,CLOSED
182680,Tree Removal,2021-09-07 11:05 AM,Tree Removal Inspection,TREEMAINTENANCE,"UF - JONES, CODY",7902 EMPEROR LN,"2, ZONE",528M,77072,CLOSED
182681,Tree Planting,2021-09-07 11:07 AM,Tree Planting Inspection,TREEPROTECTION,"UF - JONES, CODY",1721 VIKING DR,"3, ZONE",452E,77018,CLOSED
182682,Tree Trim,2021-09-07 11:57 AM,Tree Trim Inspection,TREEMAINTENANCE,"UF - JONES, CODY",1042 HOFFMAN ST,"4, ZONE",494G,77020,CLOSED
182683,Tree Removal,2021-09-07 12:12 PM,Tree Removal Inspection,TREEMAINTENANCE,"UF - JONES, CODY",103 FICHTER AVE,"4, ZONE",453F,77022,CLOSED
182684,Tree Trim,2021-09-07 12:25 PM,Tree Trim Inspection,TREEMAINTENANCE,"UF - JONES, CODY",5303 ALBA RD,"3, ZONE",452G,77091,CLOSED
182685,Tree Trim,2021-09-07 12:27 PM,Tree Trim Inspection,TREEMAINTENANCE,"UF - JONES, CODY",3700 KINGWOOD DR,"4, ZONE",337E,77339,CLOSED
182686,Tree Trim,2021-09-07 12:48 PM,Tree Trim Inspection,TREEMAINTENANCE,"UF - JONES, CODY",W 22ND ST & NICHOLSON ST,"3, ZONE",452V,77008,CLOSED
182687,Tree Removal,2021-09-07 01:09 PM,Tree Removal Inspection,TREEMAINTENANCE,"UF - JONES, CODY",10206 LONDONDERRY DR,"3, ZONE",449V,77043,CLOSED
182688,Tree Planting,2021-09-07 01:19 PM,Tree Planting Inspection,TREEPROTECTION,"UF - POLOVTSEV, SERA",7209 WEYBURN ST,"4, ZONE",454H,77028,CLOSED
182689,Tree Trim,2021-09-07 01:48 PM,Tree Trim Inspection,TREEMAINTENANCE,"BLANCHETTE, PETER",5103 HEATHERBLOOM DR,"7, ZONE",571R,77045,CLOSED
182693,Tree Trim,2021-09-07 03:00 PM,Tree Trim Inspection,TREEMAINTENANCE,"BLANCHETTE, PETER",1307 BLUE WILLOW DR,"2, ZONE",489Q,77042,CLOSED
182694,Tree Trim,2021-09-07 03:39 PM,Tree Trim Inspection,TREEMAINTENANCE,"BLANCHETTE, PETER",12010 PALMWAY ST,"5, ZONE",576Q,77034,CLOSED
182695,Tree Trim,2021-09-07 03:45 PM,Tree Trim Inspection,TREEMAINTENANCE,"UF - JONES, CODY",TAUTENHAHN RD & HIRSCH RD,"4, ZONE",414U,77016,CLOSED
182696,Tree Removal,2021-09-07 03:55 PM,Tree Removal Inspection,TREEMAINTENANCE,"UF - JONES, CODY",10402 IVYRIDGE RD,"3, ZONE",449Z,77043,CLOSED
182697,Tree Trim,2021-09-07 05:25 PM,Tree Trim Inspection,TREEMAINTENANCE,"BLANCHETTE, PETER",6818 LINDEN ST,"6, ZONE",534H,77087,CLOSED
182698,Tree Trim,2021-09-07 05:47 PM,Tree Trim Inspection,TREEMAINTENANCE,"UF - JONES, CODY",2904 CORNELL ST,"4, ZONE",453N,77009,CLOSED
182699,Tree Removal,2021-09-07 08:39 PM,Tree Removal Inspection,TREEMAINTENANCE,"PATINO, ARNULFO",818 CREAGER ST,"5, ZONE",576A,77034,CLOSED
182700,Tree Removal,2021-09-07 08:42 PM,Tree Removal Inspection,TREEMAINTENANCE,"BLANCHETTE, PETER",8401 ELROD ST,"6, ZONE",535V,77017,CLOSED
182701,Tree Trim,2021-09-08 06:56 AM,Tree Trim Inspection,TREEMAINTENANCE,"UF - JONES, CODY",4925 WESTHEIMER RD,"2, ZONE",491U,77056,CLOSED
182702,Tree Trim,2021-09-08 07:48 AM,Tree Trim Inspection,TREEMAINTENANCE,"UF - JONES, CODY",WYANDOTT BLVD & FAWNDALE LN,"3, ZONE",450C,77040,CLOSED
182704,Tree Trim,2021-09-08 07:57 AM,Tree Trim Inspection,TREEMAINTENANCE,"BLANCHETTE, PETER",2701 HELENA ST,"5, ZONE",493P,77006,CLOSED
182707,Tree Trim,2021-09-08 08:25 AM,Tree Trim Inspection,TREEMAINTENANCE,"UF - POLOVTSEV, SERA",4900 ELLA BLVD,"3, ZONE",452F,77018,CLOSED
182708,Tree Removal,2021-09-08 08:30 AM,Tree Removal Inspection,TREEMAINTENANCE,"UF - JONES, CODY",1516 THOMPSON ST,"2, ZONE",492H,77007,CLOSED
182709,Tree Removal,2021-09-08 08:33 AM,Tree Removal Inspection,TREEMAINTENANCE,"UF - JONES, CODY",1504 THOMPSON ST,"2, ZONE",492H,77007,CLOSED
182710,Tree Trim,2021-09-08 08:52 AM,Tree Trim Inspection,TREEMAINTENANCE,"PATINO, ARNULFO",9299 RADIO RD,"6, ZONE",575M,77075,CLOSED
182711,Tree Trim,2021-09-08 09:12 AM,Tree Trim Inspection,TREEMAINTENANCE,"UF - POLOVTSEV, SERA",CAROTHERS ST & ELBERT ST,"4, ZONE",455J,77028,CLOSED
182712,Tree Trim,2021-09-08 09:25 AM,Tree Trim Inspection,TREEMAINTENANCE,"UF - JONES, CODY",SAN FELIPE ST & W LOOP FWY S,"2, ZONE",491R,77056,CLOSED
182713,Tree Trim,2021-09-08 09:38 AM,Tree Trim Inspection,TREEMAINTENANCE,"PATINO, ARNULFO",8822 KENNARD DR,"7, ZONE",530P,77074,CLOSED
182714,Tree Trim,2021-09-08 10:22 AM,Tree Trim Inspection,TREEMAINTENANCE,"UF - POLOVTSEV, SERA",517 MERRILL ST,"3, ZONE",493B,77009,CLOSED
182715,Tree Trim,2021-09-08 10:37 AM,Tree Trim Inspection,TREEMAINTENANCE,"BLANCHETTE, PETER",BROADWAY ST & SANTA ELENA DR,"5, ZONE",535T,77061,CLOSED
182717,Tree Trim,2021-09-08 10:40 AM,Tree Trim Inspection,TREEMAINTENANCE,"UF - POLOVTSEV, SERA",1111 ELDRIDGE PKWY,"2, ZONE",488F,77077,CLOSED
182718,Tree Trim,2021-09-08 12:20 PM,Tree Trim Inspection,TREEMAINTENANCE,"PATINO, ARNULFO",14550 MEMORIAL DR,"2, ZONE",488H,77079,CLOSED
182719,Tree Trim,2021-09-08 12:26 PM,Tree Trim Inspection,TREEMAINTENANCE,"UF - JONES, CODY",351 LINK RD,"4, ZONE",453T,77009,CLOSED
182720,Tree Trim,2021-09-08 12:34 PM,Tree Trim Inspection,TREEMAINTENANCE,"BLANCHETTE, PETER",14433 FONMEADOW DR,"7, ZONE",570H,77035,CLOSED
182721,Tree Stump Grinding,2021-09-08 12:41 PM,Tree Stump Inspection,TREEMAINTENANCE,"UF - JONES, CODY",1406 WAVERLY ST,"3, ZONE",452Z,77008,CLOSED
182725,Tree Trim,2021-09-08 01:57 PM,Tree Trim Inspection,TREEMAINTENANCE,"PATINO, ARNULFO",4811 GRIGGS RD,"6, ZONE",534J,77021,CLOSED
182726,Tree Removal,2021-09-08 02:07 PM,Tree Removal Inspection,TREEMAINTENANCE,"UF - JONES, CODY","3002 W LAKE CRESCENT DR,HOUSTON,77339","4, ZONE",336D,5769b,CLOSED
182727,Tree Trim,2021-09-08 02:18 PM,Tree Trim Inspection,TREEMAINTENANCE,"UF - POLOVTSEV, SERA",2802 W T C JESTER BLVD,"3, ZONE",452N,77018,CLOSED
182728,Tree Removal,2021-09-08 02:42 PM,Tree Removal Inspection,TREEMAINTENANCE,"PATINO, ARNULFO",612 BIRDSALL ST,"2, ZONE",492L,77007,CLOSED
182729,Tree Trim,2021-09-08 02:54 PM,Tree Trim Inspection,TREEMAINTENANCE,"BLANCHETTE, PETER",15327 RIDINGWOOD DR,"7, ZONE",570V,77489,CLOSED
182731,Tree Removal,2021-09-08 03:28 PM,Tree Removal Inspection,TREEMAINTENANCE,"PATINO, ARNULFO",1312 PATTERSON ST,"2, ZONE",492H,77007,CLOSED
182732,Tree Trim,2021-09-08 03:37 PM,Tree Trim Inspection,TREEMAINTENANCE,"UF - JONES, CODY",4618 MCEWEN ST,"3, ZONE",453U,77009,CLOSED
182733,Tree Removal,2021-09-08 04:31 PM,Tree Removal Inspection,TREEMAINTENANCE,"UF - JONES, CODY","PANAMA ST & GENTRY ST,HOUSTON,77009","4, ZONE",493C,5458a,CLOSED
182734,Tree Removal,2021-09-08 06:59 PM,Tree Removal Inspection,TREEMAINTENANCE,"UF - POLOVTSEV, SERA",1002 PANAMA ST,"3, ZONE",493C,77009,CLOSED
182735,Tree Removal,2021-09-08 07:08 PM,Tree Removal Inspection,TREEMAINTENANCE,"PATINO, ARNULFO",218 DELANO ST,"5, ZONE",494N,77003,CLOSED
182736,Tree Trim,2021-09-08 07:29 PM,Tree Trim Inspection,TREEMAINTENANCE,"UF - POLOVTSEV, SERA",416 SNOVER ST,"2, ZONE",492M,77007,CLOSED
182737,Tree Trim,2021-09-08 08:57 PM,Tree Trim Inspection,TREEMAINTENANCE,"UF - JONES, CODY",PRAIRIE MIST ST & LOG HOLLOW DR,"3, ZONE",411K,77088,CLOSED
182738,Tree Trim,2021-09-08 09:43 PM,Tree Trim Inspection,TREEMAINTENANCE,"PATINO, ARNULFO",15076 KIMBERLEY CT,"2, ZONE",488G,77079,CLOSED
182739,Tree Removal,2021-09-08 10:19 PM,Tree Removal Inspection,TREEMAINTENANCE,"PATINO, ARNULFO",4707 BRAESVALLEY DR,"7, ZONE",531Q,77096,CLOSED
182741,Tree Trim,2021-09-09 07:02 AM,Tree Trim Inspection,TREEMAINTENANCE,"PATINO, ARNULFO",1818 DUMBLE ST,"5, ZONE",494X,77023,CLOSED
182742,Tree Trim,2021-09-09 07:11 AM,Tree Trim Inspection,TREEMAINTENANCE,"UF - BURKES, JEREMY",2804 EASTMAN ST,"3, ZONE",453P,77009,CLOSED
182743,Tree Removal,2021-09-09 07:41 AM,Tree Removal Inspection,TREEMAINTENANCE,"UF - POLOVTSEV, SERA",11015 MCLAIN BLVD,"7, ZONE",570G,77071,CLOSED
182745,Tree Trim,2021-09-09 09:10 AM,Tree Trim Inspection,TREEMAINTENANCE,"UF - JONES, CODY",401 W 17TH ST,"3, ZONE",452Z,77008,CLOSED
182747,Tree Trim,2021-09-09 09:13 AM,Tree Trim Inspection,TREEMAINTENANCE,"PATINO, ARNULFO",2212 GANO ST,"4, ZONE",493D,77009,CLOSED
182748,Tree Trim,2021-09-09 10:10 AM,Tree Trim Inspection,TREEMAINTENANCE,"PATINO, ARNULFO",400 N POST OAK RD,"2, ZONE",491H,77024,CLOSED
182749,Tree Trim,2021-09-09 10:19 AM,Tree Trim Inspection,TREEMAINTENANCE,"BLANCHETTE, PETER",402 GILPIN ST,"5, ZONE",576F,77034,CLOSED
182752,Tree Trim,2021-09-09 11:13 AM,Tree Trim Inspection,TREEMAINTENANCE,"UF - JONES, CODY",15 BRIAR HILL DR,"2, ZONE",489M,77042,CLOSED
182753,Tree Trim,2021-09-09 11:23 AM,Tree Trim Inspection,TREEMAINTENANCE,"PATINO, ARNULFO",947 BAYLAND AVE,"3, ZONE",493B,77009,CLOSED
182754,Tree Removal,2021-09-09 11:54 AM,Tree Removal Inspection,TREEMAINTENANCE,"UF - POLOVTSEV, SERA",7703 RICHMOND AVE,"2, ZONE",490Z,77063,CLOSED
182755,Tree Removal,2021-09-09 11:54 AM,Tree Removal Inspection,TREEMAINTENANCE,"BLANCHETTE, PETER",4817 PAULA ST,"6, ZONE",573D,77033,CLOSED
182756,Tree Trim,2021-09-09 12:18 PM,Tree Trim Inspection,TREEMAINTENANCE,"BLANCHETTE, PETER",422 MCGOWEN ST,"1, ZONE",493P,77006,CLOSED
182757,Tree Removal,2021-09-09 12:59 PM,Tree Removal Inspection,TREEMAINTENANCE,"UF - JONES, CODY",13303 VERBENA LN,"2, ZONE",528G,77083,CLOSED
182759,Tree Trim,2021-09-09 01:11 PM,Tree Trim Inspection,TREEMAINTENANCE,"PATINO, ARNULFO",EVANSTON ST & DULUTH ST,"4, ZONE",497F,77015,CLOSED
182760,Tree Trim,2021-09-09 01:35 PM,Tree Trim Inspection,TREEMAINTENANCE,"BLANCHETTE, PETER",LA SALETTE ST & OLD SPANISH TRL,"6, ZONE",533L,77021,CLOSED
182761,Tree Trim,2021-09-09 01:42 PM,Tree Trim Inspection,TREEMAINTENANCE,"UF - JONES, CODY",2802 EASTMAN ST,"4, ZONE",453P,77009,CLOSED
182762,Tree Trim,2021-09-09 02:03 PM,Tree Trim Inspection,TREEMAINTENANCE,"BLANCHETTE, PETER",412 OMAR ST,"3, ZONE",493B,77009,CLOSED
182763,Tree Removal,2021-09-09 02:12 PM,Tree Removal Inspection,TREEMAINTENANCE,"PATINO, ARNULFO",548 WESTSHIRE DR,"4, ZONE",496E,77013,CLOSED
182764,Tree Removal,2021-09-09 02:15 PM,Tree Removal Inspection,TREEMAINTENANCE,"UF - JONES, CODY",15 BRIAR HILL DR,"2, ZONE",489M,77042,CLOSED
182765,Tree Trim,2021-09-09 02:33 PM,Tree Trim Inspection,TREEMAINTENANCE,"PATINO, ARNULFO",1914 DRISCOLL ST,"2, ZONE",492R,77019,CLOSED
182766,Tree Trim,2021-09-09 03:19 PM,Tree Trim Inspection,TREEMAINTENANCE,"BLANCHETTE, PETER",7409 CALHHOUN ST,"7, ZONE",533V,77033,CLOSED
182767,Tree Trim,2021-09-09 03:25 PM,Tree Trim Inspection,TREEMAINTENANCE,"BLANCHETTE, PETER","COLUMBUS ST & W GRAY ST, HOUSTON TX","2, ZONE",493N,77019,CLOSED
182768,Tree Removal,2021-09-09 03:25 PM,Tree Removal Inspection,TREEMAINTENANCE,"BLANCHETTE, PETER",COLUMBUS ST & W GRAY ST,"2, ZONE",493N,77019,CLOSED
182769,Tree Trim,2021-09-09 03:31 PM,Tree Trim Inspection,TREEMAINTENANCE,"PATINO, ARNULFO",5638 JASON ST,"7, ZONE",531N,77096,CLOSED
182770,Tree Trim,2021-09-09 05:35 PM,Tree Trim Inspection,TREEMAINTENANCE,"UF - JONES, CODY",2613 LINK RD,"3, ZONE",453T,77009,CLOSED
182771,Tree Trim,2021-09-09 08:06 PM,Tree Trim Inspection,TREEMAINTENANCE,"PATINO, ARNULFO",N BRAESWOOD BLVD & BRAES BLVD,"7, ZONE",532J,77025,CLOSED
182772,Tree Trim,2021-09-09 09:37 PM,Tree Trim Inspection,TREEMAINTENANCE,"PATINO, ARNULFO",STELLA LINK RD & WOODVALLEY DR,"7, ZONE",532N,77025,CLOSED
182773,Tree Removal,2021-09-09 09:40 PM,Tree Removal Inspection,TREEMAINTENANCE,"PATINO, ARNULFO",9318 STELLA LINK RD,"7, ZONE",532N,77025,CLOSED
182774,Tree Trim,2021-09-09 10:37 PM,Tree Trim Inspection,TREEMAINTENANCE,"BLANCHETTE, PETER",MAIN ST & BISSONNET ST,"7, ZONE",493W,77004,CLOSED
182775,Tree Removal,2021-09-09 11:17 PM,Tree Removal Inspection,TREEMAINTENANCE,"BLANCHETTE, PETER",541 S 75TH ST (MASON PARK),"5, ZONE",535A,77023,CLOSED
182776,Tree Removal,2021-09-09 11:23 PM,Tree Removal Inspection,TREEMAINTENANCE,"BLANCHETTE, PETER",S 75TH ST & SANTIAGO ST (MASON PARK),"5, ZONE",535A,77023,CLOSED
182777,Tree Trim,2021-09-10 08:01 AM,Tree Trim Inspection,TREEMAINTENANCE,"UF - POLOVTSEV, SERA",1415 ELDRIDGE PKWY,"2, ZONE",488K,77077,CLOSED
182778,Tree Trim,2021-09-10 08:25 AM,Tree Trim Inspection,TREEMAINTENANCE,"BLANCHETTE, PETER",8265 GRAFTON ST,"5, ZONE",535P,77017,CLOSED
182780,Tree Trim,2021-09-10 09:01 AM,Tree Trim Inspection,TREEMAINTENANCE,"BLANCHETTE, PETER",9418 VAL VERDE ST,"2, ZONE",490T,77063,CLOSED
182781,Tree Trim,2021-09-10 09:08 AM,Tree Trim Inspection,TREEMAINTENANCE,"UF - JONES, CODY",4830 DRODDY ST,"3, ZONE",451C,77091,CLOSED
182782,Tree Removal,2021-09-10 09:23 AM,Tree Removal Inspection,TREEMAINTENANCE,"BLANCHETTE, PETER",3102 WESTERLAND DR,"2, ZONE",490X,77063,CLOSED
182783,Tree Trim,2021-09-10 09:23 AM,Tree Trim Inspection,TREEMAINTENANCE,"PATINO, ARNULFO",1718 DEPELCHIN ST,"2, ZONE",493F,77007,CLOSED
182784,Tree Removal,2021-09-10 09:41 AM,Tree Removal Inspection,TREEMAINTENANCE,"BLANCHETTE, PETER",13111 ROYAL BELL CT,"7, ZONE",572R,77047,CLOSED
182786,Tree Removal,2021-09-10 10:20 AM,Tree Removal Inspection,TREEMAINTENANCE,"BLANCHETTE, PETER",1026 MARLEEN ST,"5, ZONE",576A,77034,CLOSED
182788,Tree Trim,2021-09-10 11:17 AM,Tree Trim Inspection,TREEMAINTENANCE,"UF - JONES, CODY",1506 ASHLAND ST,"3, ZONE",452Z,77008,CLOSED
182790,Tree Removal,2021-09-10 12:12 PM,Tree Removal Inspection,TREEMAINTENANCE,"UF - POLOVTSEV, SERA",6310 REDDING RD,"2, ZONE",530A,77036,CLOSED
182791,Tree Trim,2021-09-10 12:31 PM,Tree Trim Inspection,TREEMAINTENANCE,"UF - POLOVTSEV, SERA",10092 N GREEN RIVER DR,"4, ZONE",456J,77078,CLOSED
182792,Tree Code Violation,2021-09-10 12:39 PM,Tree Code Violation Inspection,TREEPROTECTION,"UF - BURKES, JEREMY",2445 NORTH FWY,"4, ZONE",453Y,77009,CLOSED
182793,Tree Stump Grinding,2021-09-10 12:42 PM,Tree Stump Inspection,TREEMAINTENANCE,"PATINO, ARNULFO",5306 SPELLMAN RD,"7, ZONE",531X,77096,CLOSED
182794,Tree Removal,2021-09-10 01:04 PM,Tree Removal Inspection,TREEMAINTENANCE,"UF - JONES, CODY",2001 BAUER DR,"3, ZONE",450U,77080,CLOSED
182796,Tree Planting,2021-09-10 01:34 PM,Tree Planting Inspection,TREEPROTECTION,"UF - JONES, CODY",1708 STUART ST,"2, ZONE",493U,77004,CLOSED
182799,Tree Removal,2021-09-10 02:27 PM,Tree Removal Inspection,TREEMAINTENANCE,"BLANCHETTE, PETER",523 GILPIN ST,"5, ZONE",576F,77034,CLOSED
182800,Tree Removal,2021-09-10 02:48 PM,Tree Removal Inspection,TREEMAINTENANCE,"UF - POLOVTSEV, SERA",13228 LANDMARK ST (BRENTWOOD PARK),"7, ZONE",572J,77045,CLOSED
182801,Tree Removal,2021-09-10 03:10 PM,Tree Removal Inspection,TREEMAINTENANCE,"UF - POLOVTSEV, SERA",13201 MEMORIAL DR,"2, ZONE",489G,77079,CLOSED
182802,Tree Trim,2021-09-10 04:36 PM,Tree Trim Inspection,TREEMAINTENANCE,"BLANCHETTE, PETER",6125 GLENCOE ST,"6, ZONE",534Q,77087,CLOSED
182803,Tree Trim,2021-09-10 05:13 PM,Tree Trim Inspection,TREEMAINTENANCE,"UF - JONES, CODY",6219 FORCE ST,"4, ZONE",494D,77020,CLOSED
182804,Tree Trim,2021-09-10 09:20 PM,Tree Trim Inspection,TREEMAINTENANCE,"BLANCHETTE, PETER",3458 ANGEL LN,"7, ZONE",572F,77045,CLOSED
182806,Tree Trim,2021-09-11 11:06 AM,Tree Trim Inspection,TREEMAINTENANCE,"PATINO, ARNULFO",2100 SAN FELIPE ST,"2, ZONE",492Q,77019,CLOSED
182807,Tree Removal,2021-09-11 11:54 AM,Tree Removal Inspection,TREEMAINTENANCE,"BLANCHETTE, PETER",11339 LOCKGATE LN,"6, ZONE",573M,77048,CLOSED
182808,Tree Trim,2021-09-11 01:53 PM,Tree Trim Inspection,TREEMAINTENANCE,"UF - JONES, CODY",1533 HARVARD ST,"3, ZONE",453W,77008,CLOSED
182809,Tree Trim,2021-09-11 02:09 PM,Tree Trim Inspection,TREEMAINTENANCE,"UF - JONES, CODY",COULCREST DR & WESTERN DR,"3, ZONE",450V,77055,CLOSED
182810,Tree Trim,2021-09-11 02:12 PM,Tree Trim Inspection,TREEMAINTENANCE,"BLANCHETTE, PETER",5303 DARLINGHURST DR,"7, ZONE",571Q,77045,CLOSED
182811,Tree Trim,2021-09-11 02:39 PM,Tree Trim Inspection,TREEMAINTENANCE,"BLANCHETTE, PETER",3906 WARD ST,"6, ZONE",533L,77021,CLOSED
182812,Tree Removal,2021-09-11 03:48 PM,Tree Removal Inspection,TREEMAINTENANCE,"BLANCHETTE, PETER",3411 ROSELAND ST,"2, ZONE",493S,77006,CLOSED
182813,Tree Removal,2021-09-11 05:31 PM,Tree Removal Inspection,TREEMAINTENANCE,"PATINO, ARNULFO",16702 GOLD BRIDGE CT,"7, ZONE",611B,77053,CLOSED
182814,Tree Trim,2021-09-12 08:50 AM,Tree Trim Inspection,TREEMAINTENANCE,"EJIM, ONYEKACHI",W 11TH ST & ELLA BLVD,"3, ZONE",492B,77008,CLOSED
182815,Tree Removal,2021-09-12 02:03 PM,Tree Removal Inspection,TREEMAINTENANCE,"PATINO, ARNULFO",2231 DRYDEN RD,"7, ZONE",532C,77030,CLOSED
182816,Tree Trim,2021-09-12 08:26 PM,Tree Trim Inspection,TREEMAINTENANCE,"BLANCHETTE, PETER",9743 SOUTHPORT DR,"6, ZONE",576S,77089,CLOSED
182817,Tree Trim,2021-09-12 11:18 PM,Tree Trim Inspection,TREEMAINTENANCE,"UF - POLOVTSEV, SERA",12451 SHEPHERDS RIDGE DR,"2, ZONE",488M,77077,CLOSED
182819,Tree Trim,2021-09-13 07:41 AM,Tree Trim Inspection,TREEMAINTENANCE,"UF - JONES, CODY",1311 HICKORY LN,"4, ZONE",336K,77339,CLOSED
182820,Tree Trim,2021-09-13 07:46 AM,Tree Trim Inspection,TREEMAINTENANCE,"PATINO, ARNULFO",8001 BANEWAY DR,"2, ZONE",529K,77072,CLOSED
182821,Tree Stump Grinding,2021-09-13 08:07 AM,Tree Stump Inspection,TREEMAINTENANCE,"BLANCHETTE, PETER",4300 GRADUATE CIR,"6, ZONE",533H,77004,CLOSED
182822,Tree Removal,2021-09-13 08:37 AM,Tree Removal Inspection,TREEMAINTENANCE,"UF - POLOVTSEV, SERA",712 CORTLANDT ST,"3, ZONE",493A,77007,CLOSED
182826,Tree Removal,2021-09-13 08:53 AM,Tree Removal Inspection,TREEMAINTENANCE,"PATINO, ARNULFO",5610 HIALEAH DR,"3, ZONE",451K,77092,CLOSED
182827,Tree Trim,2021-09-13 09:11 AM,Tree Trim Inspection,TREEMAINTENANCE,"PATINO, ARNULFO",5200 CHENEVERT ST,"7, ZONE",533B,77004,CLOSED
182828,Tree Removal,2021-09-13 09:18 AM,Tree Removal Inspection,TREEMAINTENANCE,"UF - JONES, CODY",2025 NORTHPARK DR,"4, ZONE",296U,77339,CLOSED
182830,Tree Trim,2021-09-13 09:54 AM,Tree Trim Inspection,TREEMAINTENANCE,"BLANCHETTE, PETER",5205 CHENEVERT ST,"7, ZONE",533B,77004,CLOSED
182831,Tree Trim,2021-09-13 10:14 AM,Tree Trim Inspection,TREEMAINTENANCE,"UF - JONES, CODY",2300 TAFT ST,"2, ZONE",493N,77006,CLOSED
182832,Tree Trim,2021-09-13 10:30 AM,Tree Trim Inspection,TREEMAINTENANCE,"BLANCHETTE, PETER",6939 EVANS ST,"6, ZONE",574D,77061,CLOSED
182833,Tree Removal,2021-09-13 10:35 AM,Tree Removal Inspection,TREEMAINTENANCE,"UF - JONES, CODY",8526 FORUM DR,"3, ZONE",450V,77055,CLOSED
182834,Tree Removal,2021-09-13 10:44 AM,Tree Removal Inspection,TREEMAINTENANCE,"UF - POLOVTSEV, SERA",103 W CROSSTIMBERS ST,"3, ZONE",452M,77018,CLOSED
182835,Tree Removal,2021-09-13 10:53 AM,Tree Removal Inspection,TREEMAINTENANCE,"UF - JONES, CODY",8714 TRIOLA LN,"2, ZONE",530J,77036,CLOSED
182836,Tree Removal,2021-09-13 11:15 AM,Tree Removal Inspection,TREEMAINTENANCE,"BLANCHETTE, PETER",10806 SAGEWILLOW LN,"6, ZONE",616B,77089,CLOSED
182837,Tree Trim,2021-09-13 01:16 PM,Tree Trim Inspection,TREEMAINTENANCE,"PATINO, ARNULFO",2900 SAINT ST,"2, ZONE",492S,77027,CLOSED
182838,Tree Removal,2021-09-13 01:40 PM,Tree Removal Inspection,TREEMAINTENANCE,"UF - JONES, CODY",1701 ASHLAND ST,"3, ZONE",452Z,77008,CLOSED
182840,Tree Removal,2021-09-13 02:50 PM,Tree Removal Inspection,TREEMAINTENANCE,"BLANCHETTE, PETER","5909 SOUTHLEA ST,HOUSTON,77033","6, ZONE",534P,5454b,CLOSED
182841,Tree Removal,2021-09-13 03:48 PM,Tree Removal Inspection,TREEMAINTENANCE,"BLANCHETTE, PETER",12111 FAIRBURY DR,"6, ZONE",617A,77089,CLOSED
182842,Tree Trim,2021-09-13 04:03 PM,Tree Trim Inspection,TREEMAINTENANCE,"UF - POLOVTSEV, SERA",9530 RICHMOND AVE,"2, ZONE",490X,77063,CLOSED
182843,Tree Trim,2021-09-13 04:24 PM,Tree Trim Inspection,TREEMAINTENANCE,"BLANCHETTE, PETER",6885 CAYTON ST,"6, ZONE",574D,77061,CLOSED
182844,Tree Removal,2021-09-13 07:10 PM,Tree Removal Inspection,TREEMAINTENANCE,"UF - POLOVTSEV, SERA","2305 HAYES RD,HOUSTON,77077","2, ZONE",489T,4956c,CLOSED
182845,Tree Trim,2021-09-13 10:21 PM,Tree Trim Inspection,TREEMAINTENANCE,"BLANCHETTE, PETER",4411 GREELEY ST,"2, ZONE",493W,77006,CLOSED
182846,Tree Trim,2021-09-14 06:42 AM,Tree Trim Inspection,TREEMAINTENANCE,"BLANCHETTE, PETER","6200 ALMEDA GENOA RD,HOUSTON,77048","6, ZONE",574Q,5551a,CLOSED
182847,Tree Trim,2021-09-14 06:49 AM,Tree Trim Inspection,TREEMAINTENANCE,"UF - JONES, CODY","10517 BRINWOOD DR,HOUSTON,77043","3, ZONE",449Z      ,4958a,CLOSED
182848,Tree Trim,2021-09-14 06:57 AM,Tree Trim Inspection,TREEMAINTENANCE,"PATINO, ARNULFO","4807 CANAL ST,HOUSTON,77011","5, ZONE",494T,5557c,CLOSED
182849,Tree Removal,2021-09-14 07:21 AM,Tree Removal Inspection,TREEMAINTENANCE,"UF - POLOVTSEV, SERA","3430 EBBTIDE DR,HOUSTON,77045","7, ZONE",572K,5252d,CLOSED
182850,Tree Trim,2021-09-14 07:22 AM,Tree Trim Inspection,TREEMAINTENANCE,"UF - POLOVTSEV, SERA","802 RIEDEL DR,HOUSTON,77024","2, ZONE",490F,4958d,CLOSED
182851,Tree Trim,2021-09-14 07:25 AM,Tree Trim Inspection,TREEMAINTENANCE,"BLANCHETTE, PETER","1545 MUNGER ST,HOUSTON,77023","5, ZONE",534B,5556c,CLOSED
182852,Tree Trim,2021-09-14 07:49 AM,Tree Trim Inspection,TREEMAINTENANCE,"UF - POLOVTSEV, SERA","9415 LEADER ST,HOUSTON,77036","2, ZONE",529H,4955d,CLOSED
182853,Tree Removal,2021-09-14 07:55 AM,Tree Removal Inspection,TREEMAINTENANCE,"UF - JONES, CODY","1101 GOLDEN BEAR LN,HOUSTON,77339","4, ZONE",336A,5669b,CLOSED
182854,Tree Removal,2021-09-14 08:28 AM,Tree Removal Inspection,TREEMAINTENANCE,"BLANCHETTE, PETER","7406 ARNIM ST,HOUSTON,77087","6, ZONE",535J,5554b,CLOSED
182855,Tree Removal,2021-09-14 08:29 AM,Tree Removal Inspection,TREEMAINTENANCE,"BLANCHETTE, PETER","5101 DOOLITTLE BLVD,HOUSTON,77033","6, ZONE",534S,5454d,CLOSED
182856,Tree Removal,2021-09-14 08:42 AM,Tree Removal Inspection,TREEMAINTENANCE,"UF - JONES, CODY",2209 ASHLAND ST,"3, ZONE",452V,77008,CLOSED
182857,Tree Removal,2021-09-14 08:44 AM,Tree Removal Inspection,TREEMAINTENANCE,"PATINO, ARNULFO","5102 RIDGESTONE LN,HOUSTON,77053","7, ZONE",611C,5150d,CLOSED
182858,Tree Removal,2021-09-14 08:46 AM,Tree Removal Inspection,TREEMAINTENANCE,"UF - JONES, CODY",6626 TUSKEGEE ST,"3, ZONE",412X,77091,CLOSED
182859,Tree Trim,2021-09-14 08:51 AM,Tree Trim Inspection,TREEMAINTENANCE,"EJIM, ONYEKACHI",5630 WINDING WAY DR,"3, ZONE",411Y,77091,CLOSED
182860,Tree Removal,2021-09-14 08:59 AM,Tree Removal Inspection,TREEMAINTENANCE,"UF - JONES, CODY",10910 VANDERFORD DR,"2, ZONE",569B,77099,CLOSED
182861,Tree Trim,2021-09-14 09:18 AM,Tree Trim Inspection,TREEMAINTENANCE,"BLANCHETTE, PETER",6023 W AIRPORT BLVD,"7, ZONE",570H,77035,CLOSED
182862,Tree Removal,2021-09-14 09:20 AM,Tree Removal Inspection,TREEMAINTENANCE,"UF - POLOVTSEV, SERA","1701 MAIN ST,HOUSTON,77002","1, ZONE",493Q      ,5457c,CLOSED
182863,Tree Removal,2021-09-14 09:36 AM,Tree Removal Inspection,TREEMAINTENANCE,"UF - POLOVTSEV, SERA","7515 TIMBERWAY LN,HOUSTON,77072","2, ZONE",528M,4854a,CLOSED
182864,Tree Removal,2021-09-14 09:51 AM,Tree Removal Inspection,TREEMAINTENANCE,"UF - JONES, CODY","313 DORCHESTER ST,HOUSTON,77022","4, ZONE",453Q,5360d,CLOSED
182865,Tree Removal,2021-09-14 09:54 AM,Tree Removal Inspection,TREEMAINTENANCE,"UF - JONES, CODY","3307 BELLA VISTA ST,HOUSTON,77022","3, ZONE",453P,5359b,CLOSED
182866,Tree Removal,2021-09-14 09:56 AM,Tree Removal Inspection,TREEMAINTENANCE,"BLANCHETTE, PETER","5122 YELLOWSTONE BLVD,HOUSTON,77021","6, ZONE",534N,5454b,CLOSED
182867,Tree Removal,2021-09-14 09:56 AM,Tree Removal Inspection,TREEMAINTENANCE,"BLANCHETTE, PETER","7730 CAYTON ST,HOUSTON,77061","6, ZONE",535X,5653a,CLOSED
182868,Tree Removal,2021-09-14 09:57 AM,Tree Removal Inspection,TREEMAINTENANCE,"UF - POLOVTSEV, SERA","1213 DUNLAVY ST,HOUSTON,77019","2, ZONE",492R,5357c,CLOSED
182869,Tree Removal,2021-09-14 09:58 AM,Tree Removal Inspection,TREEMAINTENANCE,"UF - POLOVTSEV, SERA","10703 VALLEY HILLS DR,HOUSTON,77071","7, ZONE",530Y,5053c,CLOSED
182870,Tree Removal,2021-09-14 10:06 AM,Tree Removal Inspection,TREEMAINTENANCE,"BLANCHETTE, PETER","8514 BAKER DR,HOUSTON,77017","5, ZONE",535R,5654b,CLOSED
182871,Tree Removal,2021-09-14 10:14 AM,Tree Removal Inspection,TREEMAINTENANCE,"BLANCHETTE, PETER","7423 BRIEFWAY ST,HOUSTON,77087","6, ZONE",535N,5554b,CLOSED
182872,Tree Trim,2021-09-14 10:15 AM,Tree Trim Inspection,TREEMAINTENANCE,"UF - JONES, CODY","2315 BLUE WATER LN,HOUSTON,77018","3, ZONE",451H,5160b,CLOSED
182873,Tree Removal,2021-09-14 10:18 AM,Tree Removal Inspection,TREEMAINTENANCE,"UF - POLOVTSEV, SERA","2327 ALBANS RD,HOUSTON,77005","7, ZONE",532C,5256d,CLOSED
182874,Tree Removal,2021-09-14 10:21 AM,Tree Removal Inspection,TREEMAINTENANCE,"PATINO, ARNULFO","6829 HAIGHT ST,HOUSTON,77028","4, ZONE",455K,5660c,CLOSED
182875,Tree Removal,2021-09-14 10:32 AM,Tree Removal Inspection,TREEMAINTENANCE,"PATINO, ARNULFO","4930 CRUSE RD,HOUSTON,77016","4, ZONE",454G,5560a,CLOSED
182876,Tree Removal,2021-09-14 10:33 AM,Tree Removal Inspection,TREEMAINTENANCE,"PATINO, ARNULFO","602 N EASTWOOD ST,HOUSTON,77011","5, ZONE",494P,5557c,CLOSED
182877,Tree Removal,2021-09-14 10:33 AM,Tree Removal Inspection,TREEMAINTENANCE,"UF - JONES, CODY","11411 GREEN PLAZA DR,HOUSTON,77038","3, ZONE",372U,5264b,CLOSED
182878,Tree Trim,2021-09-14 10:42 AM,Tree Trim Inspection,TREEMAINTENANCE,"PATINO, ARNULFO",4053 MCDERMED DR,"7, ZONE",532S,77025,CLOSED
182879,Tree Removal,2021-09-14 10:47 AM,Tree Removal Inspection,TREEMAINTENANCE,"UF - JONES, CODY","915 NORTHWOOD ST,HOUSTON,77009 (MONTIE BEACH PARK)","3, ZONE",453X,5359d,CLOSED
182880,Tree Trim,2021-09-14 10:53 AM,Tree Trim Inspection,TREEMAINTENANCE,"PATINO, ARNULFO","938 ZOE ST,HOUSTON,77020","5, ZONE",494H,5558d,CLOSED
182881,Tree Removal,2021-09-14 11:00 AM,Tree Removal Inspection,TREEMAINTENANCE,"UF - POLOVTSEV, SERA",519 AZALEADELL DR,"3, ZONE",452L,77018,CLOSED
182882,Tree Removal,2021-09-14 11:01 AM,Tree Removal Inspection,TREEMAINTENANCE,"UF - JONES, CODY",3100 ALTOONA ST,"4, ZONE",494B,77026,CLOSED
182883,Tree Removal,2021-09-14 11:01 AM,Tree Removal Inspection,TREEMAINTENANCE,"BLANCHETTE, PETER","2710 WHEELER ST,HOUSTON,77004","6, ZONE",533C,5456c,CLOSED
182884,Tree Removal,2021-09-14 11:02 AM,Tree Removal Inspection,TREEMAINTENANCE,"UF - POLOVTSEV, SERA","7719 TWIN HILLS DR,HOUSTON,77071","7, ZONE",530Y      ,5053b,CLOSED
182885,Tree Trim,2021-09-14 11:03 AM,Tree Trim Inspection,TREEMAINTENANCE,"BLANCHETTE, PETER",5514 IRISH HILL DR,"7, ZONE",571X,77053,CLOSED
182886,Tree Removal,2021-09-14 11:06 AM,Tree Removal Inspection,TREEMAINTENANCE,"BLANCHETTE, PETER","5335 KEYSTONE ST,HOUSTON,77021","6, ZONE",534K,5454b,CLOSED
182887,Tree Removal,2021-09-14 11:06 AM,Tree Removal Inspection,TREEMAINTENANCE,"UF - POLOVTSEV, SERA","15018 BUXLEY ST,HOUSTON,77053","7, ZONE",571V,5251c,CLOSED
182888,Tree Trim,2021-09-14 11:14 AM,Tree Trim Inspection,TREEMAINTENANCE,"UF - POLOVTSEV, SERA","5926 DAWNRIDGE DR,HOUSTON,77035","7, ZONE",571A,5152a,CLOSED
182889,Tree Trim,2021-09-14 11:20 AM,Tree Trim Inspection,TREEMAINTENANCE,"BLANCHETTE, PETER","3115 CHAFFIN ST,HOUSTON,77087","6, ZONE",534M,5554b,CLOSED
182890,Tree Removal,2021-09-14 11:21 AM,Tree Removal Inspection,TREEMAINTENANCE,"UF - JONES, CODY","5234 SAXON DR,HOUSTON,77092","3, ZONE",451L,5160d,CLOSED
182891,Tree Removal,2021-09-14 11:24 AM,Tree Removal Inspection,TREEMAINTENANCE,"PATINO, ARNULFO","200 MISSISSIPPI ST,HOUSTON,77029","5, ZONE",495U,5657d,CLOSED
182892,Tree Trim,2021-09-14 11:26 AM,Tree Trim Inspection,TREEMAINTENANCE,"BLANCHETTE, PETER",7051 JAPONICA ST,"5, ZONE",535E,77087,CLOSED
182893,Tree Removal,2021-09-14 11:35 AM,Tree Removal Inspection,TREEMAINTENANCE,"PATINO, ARNULFO","2310 PANNELL ST,HOUSTON,77026","4, ZONE",494B,5458b,CLOSED
182894,Tree Removal,2021-09-14 11:36 AM,Tree Removal Inspection,TREEMAINTENANCE,"UF - POLOVTSEV, SERA","3202 WINDY ROYAL DR,HOUSTON,77045","7, ZONE",572F,5252d,CLOSED
182895,Tree Removal,2021-09-14 11:40 AM,Tree Removal Inspection,TREEMAINTENANCE,"UF - JONES, CODY","2124 N SHEPHERD DR,HOUSTON,77008","3, ZONE",452V,5259d,CLOSED
182896,Tree Removal,2021-09-14 11:45 AM,Tree Removal Inspection,TREEMAINTENANCE,"UF - POLOVTSEV, SERA","3142 DRAGONWICK DR,HOUSTON,77045","7, ZONE",572K,5252d,CLOSED
182897,Tree Removal,2021-09-14 12:06 PM,Tree Removal Inspection,TREEMAINTENANCE,"PATINO, ARNULFO",1818 DUMBLE ST,"5, ZONE",494X,77023,CLOSED
182898,Tree Removal,2021-09-14 12:10 PM,Tree Removal Inspection,TREEMAINTENANCE,"UF - JONES, CODY","3403 CETTI ST,HOUSTON,77009","4, ZONE",453Z,5458a,CLOSED
182899,Tree Removal,2021-09-14 12:15 PM,Tree Removal Inspection,TREEMAINTENANCE,"UF - POLOVTSEV, SERA","100 MCGOWEN ST,HOUSTON,77006","2, ZONE",493P,5357d,CLOSED
182900,Tree Removal,2021-09-14 12:18 PM,Tree Removal Inspection,TREEMAINTENANCE,"PATINO, ARNULFO",4126 DRAKE ST,"7, ZONE",492W,77005,CLOSED
182901,Tree Removal,2021-09-14 12:21 PM,Tree Removal Inspection,TREEMAINTENANCE,"UF - JONES, CODY","2063 OAK SHORES DR,HOUSTON,77339","4, ZONE",296U,5770a,CLOSED
182902,Tree Trim,2021-09-14 12:21 PM,Tree Trim Inspection,TREEMAINTENANCE,"BLANCHETTE, PETER","6130 WESTOVER ST,HOUSTON,77033","6, ZONE",534Y,5553a,CLOSED
182903,Tree Removal,2021-09-14 12:27 PM,Tree Removal Inspection,TREEMAINTENANCE,"UF - JONES, CODY","10458 WOLBROOK ST,HOUSTON,77016","4, ZONE",414Z,5562c,CLOSED
182904,Tree Trim,2021-09-14 12:30 PM,Tree Trim Inspection,TREEMAINTENANCE,"PATINO, ARNULFO","2204 BLEKER ST,HOUSTON,77026","4, ZONE",494B,5458b,CLOSED
182905,Tree Removal,2021-09-14 12:33 PM,Tree Removal Inspection,TREEMAINTENANCE,"BLANCHETTE, PETER","5039 NASSAU RD,HOUSTON,77021","6, ZONE",534F,5455d,CLOSED
182906,Tree Trim,2021-09-14 12:36 PM,Tree Trim Inspection,TREEMAINTENANCE,"UF - POLOVTSEV, SERA","4416 SPENCER ST,HOUSTON,77007","2, ZONE",492H,5358c,CLOSED
182907,Tree Trim,2021-09-14 12:39 PM,Tree Trim Inspection,TREEMAINTENANCE,"UF - POLOVTSEV, SERA","5010 WAYCROSS ST,HOUSTON,77035","7, ZONE",531Y,5153b,CLOSED
182908,Tree Removal,2021-09-14 12:43 PM,Tree Removal Inspection,TREEMAINTENANCE,"UF - JONES, CODY","1203 REID ST,HOUSTON,77022","4, ZONE",453R,5459a,CLOSED
182909,Tree Trim,2021-09-14 12:45 PM,Tree Trim Inspection,TREEMAINTENANCE,"PATINO, ARNULFO","7546 W KNOLL ST,HOUSTON,77028","4, ZONE",455J,5560b,CLOSED
182910,Tree Trim,2021-09-14 12:54 PM,Tree Trim Inspection,TREEMAINTENANCE,"UF - JONES, CODY","328 E 39TH ST,HOUSTON,77018","3, ZONE",453N      ,5360c,CLOSED
182911,Tree Trim,2021-09-14 12:57 PM,Tree Trim Inspection,TREEMAINTENANCE,"UF - POLOVTSEV, SERA","403 HOLLOW DR,HOUSTON,77024","2, ZONE",489H,4957a,CLOSED
182912,Tree Removal,2021-09-14 01:03 PM,Tree Removal Inspection,TREEMAINTENANCE,"BLANCHETTE, PETER","10106 KIRKGLEN DR,HOUSTON,77089","6, ZONE",576X,5751d,CLOSED
182913,Tree Removal,2021-09-14 01:12 PM,Tree Removal Inspection,TREEMAINTENANCE,"PATINO, ARNULFO","6303 VICTORIA ST,HOUSTON,77020","4, ZONE",494D,5558a,CLOSED
182914,Tree Trim,2021-09-14 01:18 PM,Tree Trim Inspection,TREEMAINTENANCE,"BLANCHETTE, PETER",6804 EASTHAVEN BLVD,"5, ZONE",535Z,77017,CLOSED
182915,Tree Trim,2021-09-14 01:22 PM,Tree Trim Inspection,TREEMAINTENANCE,"PATINO, ARNULFO","302 N BRYAN ST,HOUSTON,77011","5, ZONE",494Q,5557c,CLOSED
182916,Tree Removal,2021-09-14 01:40 PM,Tree Removal Inspection,TREEMAINTENANCE,"BLANCHETTE, PETER","6315 SHERWOOD DR,HOUSTON,77021","6, ZONE",533M,5454a,CLOSED
182917,Tree Removal,2021-09-14 01:55 PM,Tree Removal Inspection,TREEMAINTENANCE,"UF - JONES, CODY","1118 POST ST,HOUSTON,77022","4, ZONE",453M      ,5460c,CLOSED
182918,Tree Stump Grinding,2021-09-14 01:59 PM,Tree Stump Inspection,TREEMAINTENANCE,"UF - POLOVTSEV, SERA","5600 BEECHNUT ST,HOUSTON,77096","7, ZONE",531N,5154c,CLOSED
182919,Tree Removal,2021-09-14 02:10 PM,Tree Removal Inspection,TREEMAINTENANCE,"UF - JONES, CODY","9742 KEMPWOOD DR,HOUSTON,77080","3, ZONE",450K,4960d,CLOSED
182920,Tree Removal,2021-09-14 02:14 PM,Tree Removal Inspection,TREEMAINTENANCE,"BLANCHETTE, PETER","6723 KELLER ST,HOUSTON,77087","5, ZONE",534H,5555d,CLOSED
182921,Tree Trim,2021-09-14 02:19 PM,Tree Trim Inspection,TREEMAINTENANCE,"UF - POLOVTSEV, SERA","6313 SHARPVIEW DR,HOUSTON,77074","7, ZONE",531J,5154a,CLOSED
182922,Tree Trim,2021-09-14 02:22 PM,Tree Trim Inspection,TREEMAINTENANCE,"UF - JONES, CODY","1710 LAWRENCE ST,HOUSTON,77008","3, ZONE",452V,5359c,CLOSED
182923,Tree Removal,2021-09-14 02:25 PM,Tree Removal Inspection,TREEMAINTENANCE,"BLANCHETTE, PETER","10358 SAGEPLUM DR,HOUSTON,77089","6, ZONE",616F,5750d,CLOSED
182924,Tree Removal,2021-09-14 02:29 PM,Tree Removal Inspection,TREEMAINTENANCE,"PATINO, ARNULFO","3900 COLVIN ST,HOUSTON,77013","4, ZONE",456X,5759c,CLOSED
182925,Tree Trim,2021-09-14 02:33 PM,Tree Trim Inspection,TREEMAINTENANCE,"UF - JONES, CODY",3511 WAYNE ST,"4, ZONE",454X,77026,CLOSED
182926,Tree Removal,2021-09-14 02:34 PM,Tree Removal Inspection,TREEMAINTENANCE,"BLANCHETTE, PETER","5131 WESTOVER ST,HOUSTON,77033","6, ZONE",533Z,5453b,CLOSED
182927,Tree Removal,2021-09-14 02:56 PM,Tree Removal Inspection,TREEMAINTENANCE,"UF - POLOVTSEV, SERA","8900 FONDREN RD,HOUSTON,77074","7, ZONE",530Q,5054d,CLOSED
182928,Tree Trim,2021-09-14 03:10 PM,Tree Trim Inspection,TREEMAINTENANCE,"PATINO, ARNULFO","3300 LIBERTY RD,HOUSTON,77026","4, ZONE",494A      ,5458b,CLOSED
182929,Tree Removal,2021-09-14 03:17 PM,Tree Removal Inspection,TREEMAINTENANCE,"UF - JONES, CODY","7921 LONGRIDGE DR,HOUSTON,77055","3, ZONE",451S,5159a,CLOSED
182930,Tree Removal,2021-09-14 03:23 PM,Tree Removal Inspection,TREEMAINTENANCE,"UF - JONES, CODY","8107 HIRSCH RD,HOUSTON,77016","4, ZONE",454K,5460b,CLOSED
182931,Tree Trim,2021-09-14 03:51 PM,Tree Trim Inspection,TREEMAINTENANCE,"UF - JONES, CODY","5400 LOST FOREST DR,HOUSTON,77092","3, ZONE",451B,5161c,CLOSED
182932,Tree Trim,2021-09-14 04:06 PM,Tree Trim Inspection,TREEMAINTENANCE,"PATINO, ARNULFO","179 WOODVALE ST,HOUSTON,77012","5, ZONE",495W,5556d,CLOSED
182933,Tree Trim,2021-09-14 04:09 PM,Tree Trim Inspection,TREEMAINTENANCE,"PATINO, ARNULFO","8703 WILEYVALE RD,HOUSTON,77016","4, ZONE",454G,5561c,CLOSED
182934,Tree Trim,2021-09-14 04:09 PM,Tree Trim Inspection,TREEMAINTENANCE,"UF - POLOVTSEV, SERA","7239 S GESSNER DR,HOUSTON,77036","2, ZONE",530J,4954b,CLOSED
182935,Tree Trim,2021-09-14 04:28 PM,Tree Trim Inspection,TREEMAINTENANCE,"UF - POLOVTSEV, SERA","8003 CONCHO ST,HOUSTON,77036","2, ZONE",530K      ,5054a,CLOSED
182936,Tree Trim,2021-09-14 04:36 PM,Tree Trim Inspection,TREEMAINTENANCE,"BLANCHETTE, PETER","9314 E AVENUE P,HOUSTON,77012","5, ZONE",535C,5656d,CLOSED
182937,Tree Removal,2021-09-14 04:42 PM,Tree Removal Inspection,TREEMAINTENANCE,"BLANCHETTE, PETER","2300 ARBOR ST,HOUSTON,77004","6, ZONE",533B,5356d,CLOSED
182938,Tree Trim,2021-09-14 04:54 PM,Tree Trim Inspection,TREEMAINTENANCE,"UF - JONES, CODY",6303 VICTORIA ST,"4, ZONE",494D,77020,CLOSED
182939,Tree Removal,2021-09-14 05:10 PM,Tree Removal Inspection,TREEMAINTENANCE,"UF - POLOVTSEV, SERA","12207 NEWBROOK DR,HOUSTON,77072","2, ZONE",529N,4854d,CLOSED
182940,Tree Trim,2021-09-14 05:58 PM,Tree Trim Inspection,TREEMAINTENANCE,"UF - POLOVTSEV, SERA","1845 HAROLD ST,HOUSTON,77098","2, ZONE",492V      ,5356a,CLOSED
182941,Tree Removal,2021-09-14 05:58 PM,Tree Removal Inspection,TREEMAINTENANCE,"BLANCHETTE, PETER",13000 FOXTON RD,"6, ZONE",574Q,77048,CLOSED
182942,Tree Removal,2021-09-14 06:19 PM,Tree Removal Inspection,TREEMAINTENANCE,"BLANCHETTE, PETER","4903 BRICKER ST,HOUSTON,77033","6, ZONE",533V      ,5453a,CLOSED
182943,Tree Trim,2021-09-14 06:22 PM,Tree Trim Inspection,TREEMAINTENANCE,"BLANCHETTE, PETER","4903 BRICKER ST,HOUSTON,77033","6, ZONE",533V      ,5453a,CLOSED
182944,Tree Trim,2021-09-14 07:13 PM,Tree Trim Inspection,TREEMAINTENANCE,"UF - POLOVTSEV, SERA",1631 WESTBRANCH DR,"2, ZONE",488R,77077,CLOSED
182945,Tree Trim,2021-09-14 07:25 PM,Tree Trim Inspection,TREEMAINTENANCE,"PATINO, ARNULFO","318 ROUSE ST,HOUSTON,77020","4, ZONE",494D,5558b,CLOSED
182946,Tree Trim,2021-09-14 08:14 PM,Tree Trim Inspection,TREEMAINTENANCE,"UF - JONES, CODY",9741 TAPPENBECK DR,"3, ZONE",450X,77055,CLOSED
182947,Tree Trim,2021-09-14 09:39 PM,Tree Trim Inspection,TREEMAINTENANCE,"BLANCHETTE, PETER",4627 PINEBROOK LN,"7, ZONE",571V,77053,CLOSED
182948,Tree Trim,2021-09-14 10:54 PM,Tree Trim Inspection,TREEMAINTENANCE,"UF - JONES, CODY",N MAIN ST & NEYLAND ST,"3, ZONE",453J,77018,CLOSED
182949,Tree Trim,2021-09-14 11:01 PM,Tree Trim Inspection,TREEMAINTENANCE,"BLANCHETTE, PETER",CULLEN BLVD & HULL ST,"6, ZONE",533M,77021,CLOSED
182950,Tree Removal,2021-09-15 12:39 AM,Tree Removal Inspection,TREEMAINTENANCE,"UF - JONES, CODY",17435 IMPERIAL VALLEY DR,"4, ZONE",373N,77060,CLOSED
182951,Tree Removal,2021-09-15 05:02 AM,Tree Removal Inspection,TREEMAINTENANCE,"UF - POLOVTSEV, SERA",2226 SILVER SAGE DR,"2, ZONE",489S,77077,CLOSED
182952,Tree Removal,2021-09-15 05:35 AM,Tree Removal Inspection,TREEMAINTENANCE,"PATINO, ARNULFO",113 ZACHARY ST,"5, ZONE",495U,77029,CLOSED
182953,Tree Removal,2021-09-15 07:58 AM,Tree Removal Inspection,TREEMAINTENANCE,"UF - JONES, CODY",6310 DEIHL RD,"3, ZONE",451B,77092,CLOSED
182954,Tree Removal,2021-09-15 08:19 AM,Tree Removal Inspection,TREEMAINTENANCE,"UF - JONES, CODY",7631 AVENUE I,"5, ZONE",495S,77012,CLOSED
182955,Tree Trim,2021-09-15 08:22 AM,Tree Trim Inspection,TREEMAINTENANCE,"UF - JONES, CODY",5934 SPRUCE FOREST DR,"3, ZONE",451B,77092,CLOSED
182956,Tree Removal,2021-09-15 08:37 AM,Tree Removal Inspection,TREEMAINTENANCE,"BLANCHETTE, PETER",10602 KIRKGLEN DR,"6, ZONE",576T,77089,CLOSED
182957,Tree Trim,2021-09-15 08:37 AM,Tree Trim Inspection,TREEMAINTENANCE,"BLANCHETTE, PETER",10602 KIRKGLEN DR,"6, ZONE",576T,77089,CLOSED
182958,Tree Trim,2021-09-15 08:55 AM,Tree Trim Inspection,TREEMAINTENANCE,"BLANCHETTE, PETER",10401 NEY ST,"5, ZONE",576F,77034,CLOSED
182959,Tree Trim,2021-09-15 09:11 AM,Tree Trim Inspection,TREEMAINTENANCE,"UF - POLOVTSEV, SERA",2112 THOMAS ST,"4, ZONE",493G,77009,CLOSED
182960,Tree Removal,2021-09-15 09:26 AM,Tree Removal Inspection,TREEMAINTENANCE,"BLANCHETTE, PETER",4605 BRISCOE ST,"6, ZONE",533V,77051,CLOSED
182961,Tree Removal,2021-09-15 09:28 AM,Tree Removal Inspection,TREEMAINTENANCE,"UF - POLOVTSEV, SERA",15951 PARK ROW DR,"3, ZONE",447Y,77084,CLOSED
182962,Tree Removal,2021-09-15 09:44 AM,Tree Removal Inspection,TREEMAINTENANCE,"PATINO, ARNULFO",201 HAGERMAN ST,"5, ZONE",494T,77011,CLOSED
182963,Tree Removal,2021-09-15 09:59 AM,Tree Removal Inspection,TREEMAINTENANCE,"UF - POLOVTSEV, SERA",14441 CROQUET LN,"7, ZONE",571P,77085,CLOSED
182964,Tree Removal,2021-09-15 10:02 AM,Tree Removal Inspection,TREEMAINTENANCE,"UF - JONES, CODY",400 CARBY RD,"4, ZONE",413P,77037,CLOSED
182965,Tree Removal,2021-09-15 10:17 AM,Tree Removal Inspection,TREEMAINTENANCE,"UF - POLOVTSEV, SERA",6401 SKYLINE DR,"2, ZONE",490Z,77057,CLOSED
182966,Tree Trim,2021-09-15 10:18 AM,Tree Trim Inspection,TREEMAINTENANCE,"BLANCHETTE, PETER",7703 RICHMOND AVE,"2, ZONE",490Z,77063,CLOSED
182967,Tree Trim,2021-09-15 10:27 AM,Tree Trim Inspection,TREEMAINTENANCE,"UF - JONES, CODY",1600 WAKEFIELD DR,"3, ZONE",452J,77018,CLOSED
182968,Tree Trim,2021-09-15 10:32 AM,Tree Trim Inspection,TREEMAINTENANCE,"UF - JONES, CODY",9357 LETO RD,"3, ZONE",450U,77080,CLOSED
182969,Tree Removal,2021-09-15 10:33 AM,Tree Removal Inspection,TREEMAINTENANCE,"UF - POLOVTSEV, SERA",11600 HAVILAND ST,"7, ZONE",570H,77035,CLOSED
182970,Tree Removal,2021-09-15 10:41 AM,Tree Removal Inspection,TREEMAINTENANCE,"PATINO, ARNULFO","11502 MOONMIST DR,HOUSTON,77072","2, ZONE",529F      ,4855d,CLOSED
182971,Tree Removal,2021-09-15 11:09 AM,Tree Removal Inspection,TREEMAINTENANCE,"UF - POLOVTSEV, SERA",3300 UNITY DR,"2, ZONE",490Z,77057,CLOSED
182972,Tree Removal,2021-09-15 11:17 AM,Tree Removal Inspection,TREEMAINTENANCE,"PATINO, ARNULFO","1115 S BRAESWOOD BLVD,HOUSTON,77030","7, ZONE",533E,5355c,CLOSED
182973,Tree Removal,2021-09-15 11:25 AM,Tree Removal Inspection,TREEMAINTENANCE,"PATINO, ARNULFO",1424 S MACGREGOR DR,"7, ZONE",533E,77030,CLOSED
182974,Tree Trim,2021-09-15 11:27 AM,Tree Trim Inspection,TREEMAINTENANCE,"BLANCHETTE, PETER",12311 VALLEY HILLS DR,"7, ZONE",570G,77071,CLOSED
182975,Tree Trim,2021-09-15 11:34 AM,Tree Trim Inspection,TREEMAINTENANCE,"PATINO, ARNULFO",1801 EL PASEO ST (SCHWEPPE PARK),"7, ZONE",532R,77054,CLOSED
182976,Tree Trim,2021-09-15 11:52 AM,Tree Trim Inspection,TREEMAINTENANCE,"UF - POLOVTSEV, SERA",201 MUNFORD ST,"3, ZONE",453S,77008,CLOSED
182977,Tree Removal,2021-09-15 11:53 AM,Tree Removal Inspection,TREEMAINTENANCE,"BLANCHETTE, PETER",8102 BEVERLY HILL ST,"2, ZONE",490Y,77063,CLOSED
182978,Tree Trim,2021-09-15 11:54 AM,Tree Trim Inspection,TREEMAINTENANCE,"PATINO, ARNULFO",9310 RONDA LN,"7, ZONE",530S,77074,CLOSED
182979,Tree Removal,2021-09-15 12:03 PM,Tree Removal Inspection,TREEMAINTENANCE,"UF - POLOVTSEV, SERA",1475 W GRAY ST,"2, ZONE",492R,77006,CLOSED
182980,Tree Removal,2021-09-15 12:06 PM,Tree Removal Inspection,TREEMAINTENANCE,"UF - JONES, CODY",9003 N MAIN ST,"3, ZONE",453J,77018,CLOSED
182981,Tree Removal,2021-09-15 12:07 PM,Tree Removal Inspection,TREEMAINTENANCE,"PATINO, ARNULFO",4411 UNIVERSITY OAKS BLVD,"6, ZONE",534A,77004,CLOSED
182982,Tree Removal,2021-09-15 12:18 PM,Tree Removal Inspection,TREEMAINTENANCE,"UF - JONES, CODY","206 HAGERMAN ST,HOUSTON,77011","5, ZONE",494T,5457d,CLOSED
182983,Tree Removal,2021-09-15 12:34 PM,Tree Removal Inspection,TREEMAINTENANCE,"PATINO, ARNULFO",6001 FANNIN ST,"7, ZONE",533A,77030,CLOSED
182986,Tree Removal,2021-09-15 12:43 PM,Tree Removal Inspection,TREEMAINTENANCE,"UF - JONES, CODY",7200 CURRY RD (CURRY STREET PARK),"4, ZONE",454J,77093,CLOSED
182997,Tree Trim,2021-09-15 01:02 PM,Tree Trim Inspection,TREEMAINTENANCE,"UF - JONES, CODY",9525 IRVINGTON BLVD,"4, ZONE",453C,77076,CLOSED
182998,Tree Removal,2021-09-15 01:02 PM,Tree Removal Inspection,TREEMAINTENANCE,"UF - JONES, CODY",8504 SCHULLER RD,"4, ZONE",454E,77093,CLOSED
183000,Tree Removal,2021-09-15 01:11 PM,Tree Removal Inspection,TREEMAINTENANCE,"PATINO, ARNULFO",4002 WALKER ST,"5, ZONE",494S,77023,CLOSED
183001,Tree Removal,2021-09-15 01:11 PM,Tree Removal Inspection,TREEMAINTENANCE,"UF - JONES, CODY",120 EASTGATE ST,"5, ZONE",495W,77012,CLOSED
183002,Tree Removal,2021-09-15 01:14 PM,Tree Removal Inspection,TREEMAINTENANCE,"UF - BURKES, JEREMY",13858 WATERVILLE WAY,,457X,77015,CLOSED
183003,Tree Removal,2021-09-15 01:21 PM,Tree Removal Inspection,TREEMAINTENANCE,"UF - BURKES, JEREMY",847 ISETTA LN,"4, ZONE",413F,77060,CLOSED
183004,Tree Removal,2021-09-15 01:24 PM,Tree Removal Inspection,TREEMAINTENANCE,"UF - POLOVTSEV, SERA",11802 PLUMPOINT DR,"2, ZONE",529S,77099,CLOSED
183005,Tree Trim,2021-09-15 01:30 PM,Tree Trim Inspection,TREEMAINTENANCE,"UF - JONES, CODY","5725 JUSTIN ST,HOUSTON,77016","4, ZONE",414M,5563c,CLOSED
183006,Tree Trim,2021-09-15 01:32 PM,Tree Trim Inspection,TREEMAINTENANCE,"BLANCHETTE, PETER",8306 WINTHROP LN,"6, ZONE",575K,77075,CLOSED
183007,Tree Removal,2021-09-15 01:38 PM,Tree Removal Inspection,TREEMAINTENANCE,"BLANCHETTE, PETER",12207 ATWELL DR,"7, ZONE",571F,77035,CLOSED
183009,Tree Trim,2021-09-15 02:09 PM,Tree Trim Inspection,TREEMAINTENANCE,"BLANCHETTE, PETER",8715 MEADOWCROFT DR,"2, ZONE",490Y,77063,CLOSED
183011,Tree Trim,2021-09-15 02:42 PM,Tree Trim Inspection,TREEMAINTENANCE,"BLANCHETTE, PETER",10715 VATANI DR,"5, ZONE",576K,77034,CLOSED
183012,Tree Trim,2021-09-15 02:52 PM,Tree Trim Inspection,TREEMAINTENANCE,"UF - POLOVTSEV, SERA",11035 BOB WHITE DR,"7, ZONE",530Z,77096,CLOSED
183013,Tree Trim,2021-09-15 02:54 PM,Tree Trim Inspection,TREEMAINTENANCE,"BLANCHETTE, PETER","12223 CHIMNEY ROCK RD,HOUSTON,77035","7, ZONE",571F,5152a,CLOSED
183015,Tree Removal,2021-09-15 03:03 PM,Tree Removal Inspection,TREEMAINTENANCE,"UF - JONES, CODY",1300 SEAMIST DR (JAYCEE PARK),"3, ZONE",452W,77008,CLOSED
183016,Tree Removal,2021-09-15 03:04 PM,Tree Removal Inspection,TREEMAINTENANCE,"UF - JONES, CODY",4722 BRINKMAN ST,"3, ZONE",452G,77018,CLOSED
183018,Tree Removal,2021-09-15 03:09 PM,Tree Removal Inspection,TREEMAINTENANCE,"UF - POLOVTSEV, SERA",915 NORTHWOOD ST,"3, ZONE",453X,77009,CLOSED
183019,Tree Removal,2021-09-15 03:13 PM,Tree Removal Inspection,TREEMAINTENANCE,"BLANCHETTE, PETER",14303 QUENTION DR,"7, ZONE",572N,77045,CLOSED
183020,Tree Removal,2021-09-15 03:18 PM,Tree Removal Inspection,TREEMAINTENANCE,"UF - POLOVTSEV, SERA",16223 PARK ROW DR,"3, ZONE",447Y,77084,CLOSED
183021,Tree Removal,2021-09-15 03:24 PM,Tree Removal Inspection,TREEMAINTENANCE,"UF - JONES, CODY",3100 JENSEN DR,"4, ZONE",494A,77026,CLOSED
183022,Tree Removal,2021-09-15 03:29 PM,Tree Removal Inspection,TREEMAINTENANCE,"BLANCHETTE, PETER",4722 SUNBEAM ST,"6, ZONE",573D,77033,CLOSED
183023,Tree Removal,2021-09-15 03:33 PM,Tree Removal Inspection,TREEMAINTENANCE,"BLANCHETTE, PETER",1103 MABRY MILL RD,"5, ZONE",618E,77062,CLOSED
183024,Tree Trim,2021-09-15 03:55 PM,Tree Trim Inspection,TREEMAINTENANCE,"UF - POLOVTSEV, SERA",1026 COLUMBIA ST,"3, ZONE",493A,77008,CLOSED
183025,Tree Trim,2021-09-15 03:58 PM,Tree Trim Inspection,TREEMAINTENANCE,"BLANCHETTE, PETER",MILWAUKEE ST & CHERRY ST,"4, ZONE",454S,77026,CLOSED
183026,Tree Removal,2021-09-15 04:13 PM,Tree Removal Inspection,TREEMAINTENANCE,"BLANCHETTE, PETER",2999 S WAYSIDE DR (GRAGG PARK),"6, ZONE",534G,77023,CLOSED
183027,Tree Trim,2021-09-15 04:13 PM,Tree Trim Inspection,TREEMAINTENANCE,"PATINO, ARNULFO",3000 GARROW ST (SETTEGAST PARK),"5, ZONE",494N,77003,CLOSED
183028,Tree Removal,2021-09-15 04:13 PM,Tree Removal Inspection,TREEMAINTENANCE,"BLANCHETTE, PETER",2500 SAUER ST,"6, ZONE",493V,77004,CLOSED
183029,Tree Removal,2021-09-15 05:26 PM,Tree Removal Inspection,TREEMAINTENANCE,"PATINO, ARNULFO",4401 WALKER ST,"5, ZONE",494T,77023,CLOSED
183030,Tree Removal,2021-09-15 05:31 PM,Tree Removal Inspection,TREEMAINTENANCE,"UF - POLOVTSEV, SERA",418 TRUMAN ST,"3, ZONE",452M,77018,CLOSED
183031,Tree Removal,2021-09-15 05:34 PM,Tree Removal Inspection,TREEMAINTENANCE,"UF - JONES, CODY",11034 ENSBROOK DR,"2, ZONE",569B,77099,CLOSED
183032,Tree Removal,2021-09-15 05:49 PM,Tree Removal Inspection,TREEMAINTENANCE,"BLANCHETTE, PETER",3607 BROAD ST,"6, ZONE",534L,77087,CLOSED
183033,Tree Removal,2021-09-15 07:05 PM,Tree Removal Inspection,TREEMAINTENANCE,"UF - JONES, CODY",4710 HERSHE ST,"4, ZONE",494F,77020,CLOSED
183034,Tree Trim,2021-09-15 08:32 PM,Tree Trim Inspection,TREEMAINTENANCE,"UF - POLOVTSEV, SERA",3636 W ALABAMA ST,"2, ZONE",492S,77027,CLOSED
183035,Tree Removal,2021-09-15 08:36 PM,Tree Removal Inspection,TREEMAINTENANCE,"UF - POLOVTSEV, SERA",1014 HIGHLAND ST,"3, ZONE",493B,77009,CLOSED
183036,Tree Trim,2021-09-15 09:49 PM,Tree Trim Inspection,TREEMAINTENANCE,"PATINO, ARNULFO",5010 WAYCROSS DR,"7, ZONE",531Y,77035,CLOSED
183037,Tree Trim,2021-09-15 11:34 PM,Tree Trim Inspection,TREEMAINTENANCE,"UF - JONES, CODY",HOPPER RD & CHEEVES DR,"4, ZONE",415N,77016,CLOSED
183038,Tree Trim,2021-09-16 04:33 AM,Tree Trim Inspection,TREEMAINTENANCE,"PATINO, ARNULFO",24106 SILVER MAPLE DR,"4, ZONE",338R,77336,CLOSED
183039,Tree Removal,2021-09-16 07:44 AM,Tree Removal Inspection,TREEMAINTENANCE,"BLANCHETTE, PETER",5214 RIDGESTONE LN,"7, ZONE",571Y,77053,CLOSED
183040,Tree Trim,2021-09-16 07:53 AM,Tree Trim Inspection,TREEMAINTENANCE,"BLANCHETTE, PETER",6311 REED RD,"6, ZONE",534Y,77087,CLOSED
183045,Tree Removal,2021-09-16 08:48 AM,Tree Removal Inspection,TREEMAINTENANCE,"UF - POLOVTSEV, SERA",8041 FILLTOP ST,"4, ZONE",455P,77028,CLOSED
183046,Tree Removal,2021-09-16 08:57 AM,Tree Removal Inspection,TREEMAINTENANCE,"UF - JONES, CODY",300 N POST OAK LN,"2, ZONE",491H,77024,CLOSED
183047,Tree Removal,2021-09-16 09:00 AM,Tree Removal Inspection,TREEMAINTENANCE,"UF - JONES, CODY",200 JACKSON HILL ST,"2, ZONE",492M,77007,CLOSED
183048,Tree Trim,2021-09-16 09:03 AM,Tree Trim Inspection,TREEMAINTENANCE,"UF - JONES, CODY",10437 CAXTON ST,"4, ZONE",414Y,77016,CLOSED
183049,Tree Removal,2021-09-16 09:19 AM,Tree Removal Inspection,TREEMAINTENANCE,"UF - JONES, CODY",400 MERCURY DR,"4, ZONE",496A,77013,CLOSED
183050,Tree Removal,2021-09-16 09:49 AM,Tree Removal Inspection,TREEMAINTENANCE,"BLANCHETTE, PETER",15076 KIMBERLEY CT,"2, ZONE",488G,77079,CLOSED
183051,Tree Removal,2021-09-16 10:19 AM,Tree Removal Inspection,TREEMAINTENANCE,"UF - JONES, CODY",548 WESTSHIRE DR,"4, ZONE",496E,77013,CLOSED
183052,Tree Removal,2021-09-16 10:43 AM,Tree Removal Inspection,TREEMAINTENANCE,"UF - POLOVTSEV, SERA",2300 SAN FELIPE ST,"2, ZONE",492Q,77019,CLOSED
183053,Tree Trim,2021-09-16 10:49 AM,Tree Trim Inspection,TREEMAINTENANCE,"BLANCHETTE, PETER",7914 CANDLEGREEN LN,"7, ZONE",570G,77071,CLOSED
183054,Tree Trim,2021-09-16 11:07 AM,Tree Trim Inspection,TREEMAINTENANCE,"UF - JONES, CODY",2600 WOODHEAD ST,"2, ZONE",492V,77098,CLOSED
183055,Tree Trim,2021-09-16 11:22 AM,Tree Trim Inspection,TREEMAINTENANCE,"BLANCHETTE, PETER",11302 CEDAR CREEK DR,"2, ZONE",489P,77042,CLOSED
183056,Tree Removal,2021-09-16 11:58 AM,Tree Removal Inspection,TREEMAINTENANCE,"UF - POLOVTSEV, SERA",158 ANNETTE LN,"4, ZONE",453B,77076,CLOSED
183057,Tree Removal,2021-09-16 12:23 PM,Tree Removal Inspection,TREEMAINTENANCE,"PATINO, ARNULFO",503 WOOD MIST DR,"4, ZONE",496B,77013,CLOSED
183058,Tree Removal,2021-09-16 12:47 PM,Tree Removal Inspection,TREEMAINTENANCE,"BLANCHETTE, PETER",2900 W OREM DR,"7, ZONE",572L,77045,CLOSED
183059,Tree Removal,2021-09-16 12:50 PM,Tree Removal Inspection,TREEMAINTENANCE,"BLANCHETTE, PETER",4200 W OREM DR,"7, ZONE",572J,77045,CLOSED
183060,Tree Removal,2021-09-16 01:05 PM,Tree Removal Inspection,TREEMAINTENANCE,"UF - JONES, CODY",3602 GARAPAN ST,"3, ZONE",411Z,77091,CLOSED
183061,Tree Removal,2021-09-16 01:11 PM,Tree Removal Inspection,TREEMAINTENANCE,"UF - JONES, CODY",3200 RUSSELL ST (TUFFLY PARK),"4, ZONE",494B,77026,CLOSED
183063,Tree Removal,2021-09-16 01:51 PM,Tree Removal Inspection,TREEMAINTENANCE,"BLANCHETTE, PETER",8133 JOPLIN ST,"5, ZONE",535P,77017,CLOSED
183064,Tree Trim,2021-09-16 02:36 PM,Tree Trim Inspection,TREEMAINTENANCE,"UF - JONES, CODY",12802 WESTBRANCH CT,"2, ZONE",528H,77072,CLOSED
183065,Tree Trim,2021-09-16 03:07 PM,Tree Trim Inspection,TREEMAINTENANCE,"UF - POLOVTSEV, SERA",BRIAR PATCH DR,"2, ZONE",488L,77077,CLOSED
183066,Tree Removal,2021-09-16 03:07 PM,Tree Removal Inspection,TREEMAINTENANCE,"PATINO, ARNULFO",1859 COLQUITT ST,"2, ZONE",492Z,77098,CLOSED
183067,Tree Trim,2021-09-16 03:09 PM,Tree Trim Inspection,TREEMAINTENANCE,"UF - POLOVTSEV, SERA",8918 BRAE ACRES RD,"7, ZONE",530P,77074,CLOSED
183068,Tree Trim,2021-09-16 03:17 PM,Tree Trim Inspection,TREEMAINTENANCE,"PATINO, ARNULFO",5231 W BELLFORT AVE,"7, ZONE",531X,77035,CLOSED
183069,Tree Removal,2021-09-16 03:19 PM,Tree Removal Inspection,TREEMAINTENANCE,"UF - POLOVTSEV, SERA",240 E CROSSTIMBERS ST,"4, ZONE",453L,77022,CLOSED
183070,Tree Trim,2021-09-16 03:20 PM,Tree Trim Inspection,TREEMAINTENANCE,"UF - JONES, CODY",10902 WICKLOWE ST,"4, ZONE",414V,77016,CLOSED
183071,Tree Removal,2021-09-16 03:21 PM,Tree Removal Inspection,TREEMAINTENANCE,"BLANCHETTE, PETER",2601 ALABAMA ST,"6, ZONE",493Y,77004,CLOSED
183072,Tree Removal,2021-09-16 03:24 PM,Tree Removal Inspection,TREEMAINTENANCE,"UF - POLOVTSEV, SERA",9413 HEATHERSIDE ST,"4, ZONE",454C,77016,CLOSED
183073,Tree Trim,2021-09-16 03:25 PM,Tree Trim Inspection,TREEMAINTENANCE,"UF - JONES, CODY",590 QUITMAN ST,"4, ZONE",493C,77009,CLOSED
183074,Tree Removal,2021-09-16 03:26 PM,Tree Removal Inspection,TREEMAINTENANCE,"UF - JONES, CODY",9498 PEACHTREE ST,"4, ZONE",454C,77016,CLOSED
183075,Tree Removal,2021-09-16 03:32 PM,Tree Removal Inspection,TREEMAINTENANCE,"UF - JONES, CODY",3900 WAKEFOREST ST,"2, ZONE",492X,77098,CLOSED
183076,Tree Removal,2021-09-16 03:34 PM,Tree Removal Inspection,TREEMAINTENANCE,"BLANCHETTE, PETER",3300 ALABAMA ST,"6, ZONE",493Z,77004,CLOSED
183077,Tree Removal,2021-09-16 03:35 PM,Tree Removal Inspection,TREEMAINTENANCE,"PATINO, ARNULFO",6901 SHERMAN ST,"5, ZONE",494V,77011,CLOSED
183078,Tree Removal,2021-09-16 03:36 PM,Tree Removal Inspection,TREEMAINTENANCE,"UF - JONES, CODY",3600 W ALABAMA ST,"2, ZONE",492T,77027,CLOSED
183079,Tree Removal,2021-09-16 03:38 PM,Tree Removal Inspection,TREEMAINTENANCE,"UF - POLOVTSEV, SERA",8923 WATEKA DR,"7, ZONE",530P,77074,CLOSED
183080,Tree Removal,2021-09-16 03:43 PM,Tree Removal Inspection,TREEMAINTENANCE,"UF - POLOVTSEV, SERA",1623 NICHOLSON ST,"3, ZONE",452Z,77008,CLOSED
183081,Tree Removal,2021-09-16 03:46 PM,Tree Removal Inspection,TREEMAINTENANCE,"UF - JONES, CODY",619 BOMAR ST,"2, ZONE",493N,77006,CLOSED
183082,Tree Removal,2021-09-16 03:50 PM,Tree Removal Inspection,TREEMAINTENANCE,"UF - JONES, CODY",10100 LOST TRAIL ST,"3, ZONE",411P,77088,CLOSED
183083,Tree Removal,2021-09-16 03:54 PM,Tree Removal Inspection,TREEMAINTENANCE,"BLANCHETTE, PETER",3401 OCEE ST,"2, ZONE",490X,77063,CLOSED
183084,Tree Trim,2021-09-16 03:58 PM,Tree Trim Inspection,TREEMAINTENANCE,"BLANCHETTE, PETER",12118 WESSEX DR,"6, ZONE",617A,77089,CLOSED
183085,Tree Removal,2021-09-16 03:58 PM,Tree Removal Inspection,TREEMAINTENANCE,"UF - POLOVTSEV, SERA",8420 HOFFMAN ST,"4, ZONE",454G,77016,CLOSED
183086,Tree Removal,2021-09-16 03:59 PM,Tree Removal Inspection,TREEMAINTENANCE,"PATINO, ARNULFO",6002 SHERMAN ST,"5, ZONE",494U,77011,CLOSED
183087,Tree Removal,2021-09-16 04:12 PM,Tree Removal Inspection,TREEMAINTENANCE,"UF - POLOVTSEV, SERA",3400 N SHEPHERD DR,"3, ZONE",452R,77018,CLOSED
183088,Tree Removal,2021-09-16 04:20 PM,Tree Removal Inspection,TREEMAINTENANCE,"PATINO, ARNULFO",3824 LATMA DR,"7, ZONE",532N,77025,CLOSED
183089,Tree Trim,2021-09-16 04:25 PM,Tree Trim Inspection,TREEMAINTENANCE,"UF - POLOVTSEV, SERA",7225 WILEY RD,"4, ZONE",415W,77016,CLOSED
183090,Tree Trim,2021-09-16 04:30 PM,Tree Trim Inspection,TREEMAINTENANCE,"UF - POLOVTSEV, SERA",1800 HEIGHTS BLVD,"3, ZONE",453S,77008,CLOSED
183091,Tree Removal,2021-09-16 04:45 PM,Tree Removal Inspection,TREEMAINTENANCE,"UF - JONES, CODY",718 E RIVERWOOD DR,"4, ZONE",413W,77076,CLOSED
183092,Tree Trim,2021-09-16 04:45 PM,Tree Trim Inspection,TREEMAINTENANCE,"UF - POLOVTSEV, SERA",539 W 23RD ST,"3, ZONE",452V,77008,CLOSED
183093,Tree Removal,2021-09-16 04:48 PM,Tree Removal Inspection,TREEMAINTENANCE,"UF - JONES, CODY",1900 STANFORD ST,"2, ZONE",493N,77006,CLOSED
183094,Tree Removal,2021-09-16 05:39 PM,Tree Removal Inspection,TREEMAINTENANCE,"PATINO, ARNULFO",5634 HARRIET ST,"5, ZONE",534C,77023,CLOSED
183095,Tree Removal,2021-09-16 05:44 PM,Tree Removal Inspection,TREEMAINTENANCE,"BLANCHETTE, PETER",5207 BELLFORT ST,"6, ZONE",533Z,77033,CLOSED
183096,Tree Trim,2021-09-16 06:02 PM,Tree Trim Inspection,TREEMAINTENANCE,"BLANCHETTE, PETER",9311 E AVENUE P,"5, ZONE",535C,77012,CLOSED
183097,Tree Removal,2021-09-16 06:11 PM,Tree Removal Inspection,TREEMAINTENANCE,"PATINO, ARNULFO",15702 CORSAIR RD,"7, ZONE",571X,77053,CLOSED
183098,Tree Removal,2021-09-16 07:01 PM,Tree Removal Inspection,TREEMAINTENANCE,"BLANCHETTE, PETER",6720 S HAYWOOD DR,"6, ZONE",535W,77061,CLOSED
183099,Tree Removal,2021-09-16 07:27 PM,Tree Removal Inspection,TREEMAINTENANCE,"PATINO, ARNULFO",16306 CALISTOGA CT,"7, ZONE",611B,77053,CLOSED
183100,Tree Removal,2021-09-17 07:50 AM,Tree Removal Inspection,TREEMAINTENANCE,"UF - JONES, CODY",3637 W ALABAMA ST,"2, ZONE",492S,77027,CLOSED
183101,Tree Removal,2021-09-17 07:57 AM,Tree Removal Inspection,TREEMAINTENANCE,"BLANCHETTE, PETER",7011 KINNEY ST,"6, ZONE",534R,77087,CLOSED
183102,Tree Trim,2021-09-17 09:11 AM,Tree Trim Inspection,TREEMAINTENANCE,"PATINO, ARNULFO",HIRSCH RD & COKE ST,"5, ZONE",494K,77020,CLOSED
183103,Tree Trim,2021-09-17 09:35 AM,Tree Trim Inspection,TREEMAINTENANCE,"UF - JONES, CODY",8302 AUTUMN LN,"4, ZONE",454G,77016,CLOSED
183104,Tree Trim,2021-09-17 09:45 AM,Tree Trim Inspection,TREEMAINTENANCE,"UF - POLOVTSEV, SERA",9806 HALLIFORD DR,"7, ZONE",569D,77031,CLOSED
183105,Tree Removal,2021-09-17 09:47 AM,Tree Removal Inspection,TREEMAINTENANCE,"UF - POLOVTSEV, SERA",3602 NAVIGATION BLVD,"5, ZONE",494P,77003,CLOSED
183106,Tree Trim,2021-09-17 09:47 AM,Tree Trim Inspection,TREEMAINTENANCE,"UF - JONES, CODY",WICKLOWE ST & CALGARY LN,"4, ZONE",414Z,77016,CLOSED
183107,Tree Removal,2021-09-17 10:08 AM,Tree Removal Inspection,TREEMAINTENANCE,"UF - JONES, CODY",8302 AUTUMN LN,"4, ZONE",454G,77016,CLOSED
183108,Tree Removal,2021-09-17 10:15 AM,Tree Removal Inspection,TREEMAINTENANCE,"UF - JONES, CODY",8304 AUTUMN LN,"4, ZONE",454G,77016,CLOSED
183109,Tree Trim,2021-09-17 10:40 AM,Tree Trim Inspection,TREEMAINTENANCE,"UF - POLOVTSEV, SERA",MILLWOOD DR,"3, ZONE",452S,77008,CLOSED
183110,Tree Removal,2021-09-17 10:40 AM,Tree Removal Inspection,TREEMAINTENANCE,"UF - POLOVTSEV, SERA",11618 BORDERWOOD DR,"4, ZONE",496B,77013,CLOSED
183111,Tree Removal,2021-09-17 10:52 AM,Tree Removal Inspection,TREEMAINTENANCE,"UF - POLOVTSEV, SERA",W T C JESTER BLVD & SEA KING ST,"3, ZONE",452T,77008,CLOSED
183112,Tree Trim,2021-09-17 10:55 AM,Tree Trim Inspection,TREEMAINTENANCE,"UF - POLOVTSEV, SERA",W 18TH ST & SEASPRAY CT,"3, ZONE",452T,77008,CLOSED
183113,Tree Trim,2021-09-17 11:07 AM,Tree Trim Inspection,TREEMAINTENANCE,"UF - JONES, CODY",3636 W ALABAMA ST,"2, ZONE",492S,77027,CLOSED
183114,Tree Trim,2021-09-17 11:28 AM,Tree Trim Inspection,TREEMAINTENANCE,"UF - JONES, CODY",W GREENS RD & OLD GEARS RAMP,"3, ZONE",372P,77067,CLOSED
183115,Tree Removal,2021-09-17 11:35 AM,Tree Removal Inspection,TREEMAINTENANCE,"UF - JONES, CODY",929 GREEN MEADOW LN,"3, ZONE",412Y,77091,CLOSED
183116,Tree Trim,2021-09-17 11:42 AM,Tree Trim Inspection,TREEMAINTENANCE,"UF - JONES, CODY",4001 HAIN ST,"4, ZONE",453Y,77009,CLOSED
183117,Tree Trim,2021-09-17 11:50 AM,Tree Trim Inspection,TREEMAINTENANCE,"PATINO, ARNULFO",2211 SOUTHGATE BLVD,"7, ZONE",532G,77030,CLOSED
183118,Tree Removal,2021-09-17 12:24 PM,Tree Removal Inspection,TREEMAINTENANCE,"BLANCHETTE, PETER",9235 KINGSVILLE ST,"2, ZONE",490X,77063,CLOSED
183119,Tree Removal,2021-09-17 12:26 PM,Tree Removal Inspection,TREEMAINTENANCE,"PATINO, ARNULFO",3516 PINERIDGE ST,"3, ZONE",493B,77009,CLOSED
183120,Tree Trim,2021-09-17 12:27 PM,Tree Trim Inspection,TREEMAINTENANCE,"BLANCHETTE, PETER",9408 SAVANNAH HOLLY DR,"6, ZONE",575R,77075,CLOSED
183121,Tree Removal,2021-09-17 12:33 PM,Tree Removal Inspection,TREEMAINTENANCE,"UF - JONES, CODY",2300 WILLOWICK RD,"2, ZONE",492S,77027,CLOSED
183122,Tree Trim,2021-09-17 12:35 PM,Tree Trim Inspection,TREEMAINTENANCE,"UF - JONES, CODY",MCCUE RD & HIDALGO ST,"2, ZONE",491U,77056,CLOSED
183123,Tree Trim,2021-09-17 12:39 PM,Tree Trim Inspection,TREEMAINTENANCE,"UF - JONES, CODY",830 W 19TH ST,"3, ZONE",452U,77008,CLOSED
183124,Tree Removal,2021-09-17 01:35 PM,Tree Removal Inspection,TREEMAINTENANCE,"UF - POLOVTSEV, SERA",N GREEN RIVER DR & LEY RD (SOUTH BROCK PARK),"4, ZONE",456K,77078,CLOSED
183125,Tree Removal,2021-09-17 01:58 PM,Tree Removal Inspection,TREEMAINTENANCE,"BLANCHETTE, PETER",15603 LA CABANA DR,"5, ZONE",618J,77062,CLOSED
183126,Tree Trim,2021-09-17 02:12 PM,Tree Trim Inspection,TREEMAINTENANCE,"PATINO, ARNULFO",9934 CLIFFWOOD DR,"7, ZONE",531V,77096,CLOSED
183127,Tree Trim,2021-09-17 02:18 PM,Tree Trim Inspection,TREEMAINTENANCE,"UF - JONES, CODY",2721 KIPLING ST,"2, ZONE",492U,77098,CLOSED
183128,Tree Removal,2021-09-17 02:45 PM,Tree Removal Inspection,TREEMAINTENANCE,"UF - POLOVTSEV, SERA",6809 ROANOKE ST,"4, ZONE",454M,77028,CLOSED
183129,Tree Trim,2021-09-17 03:22 PM,Tree Trim Inspection,TREEMAINTENANCE,"BLANCHETTE, PETER",BUXLEY ST & ANDERSON RD,"7, ZONE",571V,77053,CLOSED
183130,Tree Trim,2021-09-17 03:22 PM,Tree Trim Inspection,TREEMAINTENANCE,"PATINO, ARNULFO",7210 CALAIS RD,"6, ZONE",533R,77033,CLOSED
183131,Tree Removal,2021-09-17 03:28 PM,Tree Removal Inspection,TREEMAINTENANCE,"UF - JONES, CODY",403 WOODARD ST,"4, ZONE",453U,77009,CLOSED
183132,Tree Stump Grinding,2021-09-17 03:40 PM,Tree Stump Inspection,TREEMAINTENANCE,"BLANCHETTE, PETER",1336 VASSAR ST,"7, ZONE",493W,77006,CLOSED
183133,Tree Trim,2021-09-17 03:49 PM,Tree Trim Inspection,TREEMAINTENANCE,"BLANCHETTE, PETER",COLONIAL LN & ROSEMONT ST,"6, ZONE",533U,77051,CLOSED
183134,Tree Removal,2021-09-17 03:58 PM,Tree Removal Inspection,TREEMAINTENANCE,"UF - JONES, CODY",3518 COCHRAN ST,"4, ZONE",453Z,77009,CLOSED
183135,Tree Removal,2021-09-17 06:53 PM,Tree Removal Inspection,TREEMAINTENANCE,"UF - POLOVTSEV, SERA",7900 BUCHANAN ST,"5, ZONE",495N,77029,CLOSED
183136,Tree Trim,2021-09-17 07:21 PM,Tree Trim Inspection,TREEMAINTENANCE,"PATINO, ARNULFO",10705 GREENWILLOW DR,"7, ZONE",531Z,77035,CLOSED
183137,Tree Removal,2021-09-17 07:36 PM,Tree Removal Inspection,TREEMAINTENANCE,"UF - JONES, CODY",5235 SAXON DR,"3, ZONE",451L,77092,CLOSED
183138,Tree Trim,2021-09-17 08:06 PM,Tree Trim Inspection,TREEMAINTENANCE,"UF - JONES, CODY",1330 CANDLELIGHT LN,"3, ZONE",452F,77018,CLOSED
183139,Tree Trim,2021-09-17 10:07 PM,Tree Trim Inspection,TREEMAINTENANCE,"PATINO, ARNULFO",S LOOP FWY E,"6, ZONE",534N,77021,CLOSED
183140,Tree Removal,2021-09-18 01:03 AM,Tree Removal Inspection,TREEMAINTENANCE,"BLANCHETTE, PETER",5919 CLARIDGE DR,"7, ZONE",531W,77096,CLOSED
183141,Tree Removal,2021-09-18 03:01 AM,Tree Removal Inspection,TREEMAINTENANCE,"PATINO, ARNULFO",6600 DUNLAP ST,"7, ZONE",531E,77074,CLOSED
183142,Tree Removal,2021-09-18 04:56 AM,Tree Removal Inspection,TREEMAINTENANCE,"BLANCHETTE, PETER",10500 SCOTT ST,"6, ZONE",573G,77051,CLOSED
183143,Tree Removal,2021-09-18 05:11 AM,Tree Removal Inspection,TREEMAINTENANCE,"BLANCHETTE, PETER",11302 CEDAR CREEK DR,"2, ZONE",489P,77042,CLOSED
183144,Tree Removal,2021-09-18 08:10 AM,Tree Removal Inspection,TREEMAINTENANCE,"BLANCHETTE, PETER",13123 HERMITAGE LN,"2, ZONE",489L,77079,CLOSED
183145,Tree Removal,2021-09-18 08:55 AM,Tree Removal Inspection,TREEMAINTENANCE,"BLANCHETTE, PETER",7302 KELLER ST,"5, ZONE",535E,77012,CLOSED
183146,Tree Stump Grinding,2021-09-18 10:39 AM,Tree Stump Inspection,TREEMAINTENANCE,"PATINO, ARNULFO",6455 PINEHURST DR,"5, ZONE",494Y,77023,CLOSED
183147,Tree Removal,2021-09-18 10:42 AM,Tree Removal Inspection,TREEMAINTENANCE,"PATINO, ARNULFO",6455 PINEHURST DR,"5, ZONE",494Y,77023,CLOSED
183148,Tree Removal,2021-09-18 12:39 PM,Tree Removal Inspection,TREEMAINTENANCE,"PATINO, ARNULFO",908 HIGHLAND ST,"3, ZONE",493B,77009,CLOSED
183149,Tree Trim,2021-09-18 01:17 PM,Tree Trim Inspection,TREEMAINTENANCE,"PATINO, ARNULFO",2410 SMITH ST,"2, ZONE",493P,77006,CLOSED
183150,Tree Trim,2021-09-18 01:57 PM,Tree Trim Inspection,TREEMAINTENANCE,"PATINO, ARNULFO",1919 GENTRY ST,"4, ZONE",493H,77009,CLOSED
183151,Tree Removal,2021-09-18 03:52 PM,Tree Removal Inspection,TREEMAINTENANCE,"UF - JONES, CODY",700 WESTGREEN BLVD,"2, ZONE",486B,77450,CLOSED
183152,Tree Removal,2021-09-18 06:48 PM,Tree Removal Inspection,TREEMAINTENANCE,"UF - POLOVTSEV, SERA",106 SUPER ST,"5, ZONE",494P,77011,CLOSED
183153,Tree Trim,2021-09-18 08:13 PM,Tree Trim Inspection,TREEMAINTENANCE,"UF - JONES, CODY",1737 HOLLISTER ST,"3, ZONE",450V,77055,CLOSED
183154,Tree Removal,2021-09-19 09:31 AM,Tree Removal Inspection,TREEMAINTENANCE,"PATINO, ARNULFO",502 OMAR ST,"3, ZONE",493B,77009,CLOSED
183155,Tree Removal,2021-09-19 12:20 PM,Tree Removal Inspection,TREEMAINTENANCE,"UF - JONES, CODY",4722 BRINKMAN ST,"3, ZONE",452G,77018,CLOSED
183156,Tree Trim,2021-09-19 12:54 PM,Tree Trim Inspection,TREEMAINTENANCE,"PATINO, ARNULFO",1902 LAUDERDALE ST,"7, ZONE",533E,77030,CLOSED
183160,Tree Trim,2021-09-20 07:48 AM,Tree Trim Inspection,TREEMAINTENANCE,"PATINO, ARNULFO",PALESTINE ST & PORT ST,"5, ZONE",495J,77020,CLOSED
183161,Tree Trim,2021-09-20 08:15 AM,Tree Trim Inspection,TREEMAINTENANCE,"UF - JONES, CODY",6307 ROSEMARY LN,"4, ZONE",415S,77016,CLOSED
183162,Tree Trim,2021-09-20 08:54 AM,Tree Trim Inspection,TREEMAINTENANCE,"UF - JONES, CODY",1714 WINTER BAY LN,"3, ZONE",412P,77088,CLOSED
183163,Tree Removal,2021-09-20 09:19 AM,Tree Removal Inspection,TREEMAINTENANCE,"PATINO, ARNULFO",8800 COMAL ST,"6, ZONE",533Y,77051,CLOSED
183165,Tree Removal,2021-09-20 09:31 AM,Tree Removal Inspection,TREEMAINTENANCE,"BLANCHETTE, PETER",2800 JEANETTA ST,"2, ZONE",490T,77063,CLOSED
183166,Tree Removal,2021-09-20 09:38 AM,Tree Removal Inspection,TREEMAINTENANCE,"UF - JONES, CODY",7103 WOODLAND TRAILS DR,"3, ZONE",411S,77040,CLOSED
183167,Tree Trim,2021-09-20 09:47 AM,Tree Trim Inspection,TREEMAINTENANCE,"BLANCHETTE, PETER",2034 BISSONNET ST,"7, ZONE",492Z,77098,CLOSED
183168,Tree Trim,2021-09-20 09:53 AM,Tree Trim Inspection,TREEMAINTENANCE,"UF - POLOVTSEV, SERA",11615 ASHCROFT DR,"7, ZONE",571A,77035,CLOSED
183169,Tree Removal,2021-09-20 10:08 AM,Tree Removal Inspection,TREEMAINTENANCE,"UF - JONES, CODY",644 W 22ND ST,"3, ZONE",452V,77008,CLOSED
183171,Tree Removal,2021-09-20 10:45 AM,Tree Removal Inspection,TREEMAINTENANCE,"BLANCHETTE, PETER",12703 ALMEDA CROSSING CT,"6, ZONE",574N,77048,CLOSED
183173,Tree Trim,2021-09-20 12:18 PM,Tree Trim Inspection,TREEMAINTENANCE,"UF - JONES, CODY",808 WOODROW ST,"2, ZONE",493W,77006,CLOSED
183174,Tree Removal,2021-09-20 12:28 PM,Tree Removal Inspection,TREEMAINTENANCE,"UF - POLOVTSEV, SERA",111 S 70TH ST,"5, ZONE",494Z,77011,CLOSED
183175,Tree Removal,2021-09-20 12:30 PM,Tree Removal Inspection,TREEMAINTENANCE,"PATINO, ARNULFO",6200 CHIMNEY ROCK RD,"7, ZONE",531B,77081,CLOSED
183176,Tree Code Violation,2021-09-20 12:36 PM,Tree Code Violation Inspection,TREEPROTECTION,"UF - POLOVTSEV, SERA",2720 TUAM ST,"6, ZONE",493Y,77004,CLOSED
183178,Tree Removal,2021-09-20 01:01 PM,Tree Removal Inspection,TREEMAINTENANCE,"UF - POLOVTSEV, SERA",12704 CELIA DR,"5, ZONE",496M,77015,CLOSED
183180,Tree Trim,2021-09-20 01:15 PM,Tree Trim Inspection,TREEMAINTENANCE,"BLANCHETTE, PETER",400 W SAM HOUSTON PKWY S,"2, ZONE",489M,77042,CLOSED
183181,Tree Trim,2021-09-20 01:34 PM,Tree Trim Inspection,TREEMAINTENANCE,"BLANCHETTE, PETER",819 ELTON ST,"5, ZONE",576E,77034,CLOSED
183182,Tree Removal,2021-09-20 01:34 PM,Tree Removal Inspection,TREEMAINTENANCE,"BLANCHETTE, PETER",6103 MCKINSTRY BLVD,"7, ZONE",571P,77085,CLOSED
183185,Tree Removal,2021-09-20 02:07 PM,Tree Removal Inspection,TREEMAINTENANCE,"UF - JONES, CODY",5914 LEON ST,"4, ZONE",453Q,77009,CLOSED
183187,Tree Removal,2021-09-20 02:25 PM,Tree Removal Inspection,TREEMAINTENANCE,"UF - JONES, CODY",8916 IVY SPRING LN,"3, ZONE",412L,77088,CLOSED
183188,Tree Trim,2021-09-20 02:28 PM,Tree Trim Inspection,TREEMAINTENANCE,"PATINO, ARNULFO",923 HAHLO ST,"5, ZONE",494H,77020,CLOSED
183189,Tree Removal,2021-09-20 02:34 PM,Tree Removal Inspection,TREEMAINTENANCE,"UF - JONES, CODY",4219 ROSE ST,"2, ZONE",492H,77007,CLOSED
183190,Tree Planting,2021-09-20 02:35 PM,Tree Planting Inspection,TREEPROTECTION,"BLANCHETTE, PETER",W EL DORADO BLVD & BEAMER RD,"6, ZONE",617U,77546,CLOSED
183191,Tree Removal,2021-09-20 03:02 PM,Tree Removal Inspection,TREEMAINTENANCE,"UF - JONES, CODY",851 THREADNEEDLE ST,"2, ZONE",488D,77079,CLOSED
183192,Tree Removal,2021-09-20 03:16 PM,Tree Removal Inspection,TREEMAINTENANCE,"UF - POLOVTSEV, SERA",1306 EASTEX FWY,"4, ZONE",494E,77020,CLOSED
183194,Tree Removal,2021-09-20 03:41 PM,Tree Removal Inspection,TREEMAINTENANCE,"UF - POLOVTSEV, SERA",9415 LEADER ST,"2, ZONE",529H,77036,CLOSED
183195,Tree Removal,2021-09-20 03:47 PM,Tree Removal Inspection,TREEMAINTENANCE,"UF - POLOVTSEV, SERA",14023 KINGSRIDE LN,"2, ZONE",489A,77079,CLOSED
183196,Tree Removal,2021-09-20 03:52 PM,Tree Removal Inspection,TREEMAINTENANCE,"UF - JONES, CODY",8248 BELLAIRE BLVD,"2, ZONE",530F,77036,CLOSED
183197,Tree Trim,2021-09-20 04:09 PM,Tree Trim Inspection,TREEMAINTENANCE,"UF - JONES, CODY",2918 VIRGINIA ST,"2, ZONE",492U,77098,CLOSED
183198,Tree Removal,2021-09-20 04:59 PM,Tree Removal Inspection,TREEMAINTENANCE,"UF - POLOVTSEV, SERA",12230 GAINSBOROUGH DR,"7, ZONE",569D,77031,CLOSED
183199,Tree Removal,2021-09-20 05:11 PM,Tree Removal Inspection,TREEMAINTENANCE,"PATINO, ARNULFO",8202 BURMAN ST,"5, ZONE",495K,77029,CLOSED
183201,Tree Trim,2021-09-20 06:01 PM,Tree Trim Inspection,TREEMAINTENANCE,"EJIM, ONYEKACHI",BAY AREA BLVD & SPACE CENTER BLVD,"5, ZONE",618L,77058,CLOSED
183202,Tree Trim,2021-09-20 06:06 PM,Tree Trim Inspection,TREEMAINTENANCE,"BLANCHETTE, PETER",1140 CLEAR LAKE CITY BLVD,"5, ZONE",617H,77062,CLOSED
183203,Tree Removal,2021-09-20 09:23 PM,Tree Removal Inspection,TREEMAINTENANCE,"UF - POLOVTSEV, SERA",12942 GREENS BAYOU ST,"4, ZONE",496H,77015,CLOSED
183204,Tree Removal,2021-09-20 10:34 PM,Tree Removal Inspection,TREEMAINTENANCE,"PATINO, ARNULFO",16600 BLUE RIDGE RD,"7, ZONE",611A,77489,CLOSED
183205,Tree Removal,2021-09-20 10:36 PM,Tree Removal Inspection,TREEMAINTENANCE,"BLANCHETTE, PETER",GALVESTON RD & MILLET ST,"5, ZONE",535F,77012,CLOSED
183209,Tree Trim,2021-09-21 08:14 AM,Tree Trim Inspection,TREEMAINTENANCE,"PATINO, ARNULFO",4827 BRAESVALLEY DR,"7, ZONE",531Q,77096,CLOSED
183210,Tree Removal,2021-09-21 08:15 AM,Tree Removal Inspection,TREEMAINTENANCE,"PATINO, ARNULFO",5010 BRAESVALLEY DR,"7, ZONE",531Q,77096,CLOSED
183211,Tree Removal,2021-09-21 08:24 AM,Tree Removal Inspection,TREEMAINTENANCE,"BLANCHETTE, PETER",2512 WOODHEAD ST,"2, ZONE",492V,77019,CLOSED
183213,Tree Removal,2021-09-21 08:41 AM,Tree Removal Inspection,TREEMAINTENANCE,"UF - JONES, CODY",1121 CONFEDERATE RD,"3, ZONE",450X,77055,CLOSED
183214,Tree Stump Grinding,2021-09-21 08:48 AM,Tree Stump Inspection,TREEMAINTENANCE,"UF - POLOVTSEV, SERA",11830 PEACH GROVE DR,"2, ZONE",529W,77099,CLOSED
183215,Tree Trim,2021-09-21 08:57 AM,Tree Trim Inspection,TREEMAINTENANCE,"BLANCHETTE, PETER",5505 BELROSE DR,"7, ZONE",571B,77035,CLOSED
183216,Tree Trim,2021-09-21 08:57 AM,Tree Trim Inspection,TREEMAINTENANCE,"PATINO, ARNULFO",3702 GLEN HAVEN BLVD,"7, ZONE",532J,77025,CLOSED
183217,Tree Removal,2021-09-21 09:21 AM,Tree Removal Inspection,TREEMAINTENANCE,"PATINO, ARNULFO",5240 LINDSAY ST,"5, ZONE",494X,77023,CLOSED
183219,Tree Trim,2021-09-21 10:02 AM,Tree Trim Inspection,TREEMAINTENANCE,"PATINO, ARNULFO",6000 FANNIN ST,"7, ZONE",533A,77030,CLOSED
183220,Tree Trim,2021-09-21 10:28 AM,Tree Trim Inspection,TREEMAINTENANCE,"UF - JONES, CODY",3303 LYONS AVE,"4, ZONE",494E,77020,CLOSED
183221,Tree Removal,2021-09-21 10:35 AM,Tree Removal Inspection,TREEMAINTENANCE,"BLANCHETTE, PETER",13900 BATHURST DR,"7, ZONE",572J,77045,CLOSED
183222,Tree Removal,2021-09-21 10:46 AM,Tree Removal Inspection,TREEMAINTENANCE,"BLANCHETTE, PETER","4704 MOUNT VERNON ST,HOUSTON,77006","7, ZONE",493W,5356c,CLOSED
183223,Tree Removal,2021-09-21 11:09 AM,Tree Removal Inspection,TREEMAINTENANCE,"UF - JONES, CODY",3316 DE SOTO ST,"3, ZONE",451D,77091,CLOSED
183224,Tree Removal,2021-09-21 11:09 AM,Tree Removal Inspection,TREEMAINTENANCE,"UF - JONES, CODY",2800 W LITTLE YORK RD,"3, ZONE",411Z,77088,CLOSED
183225,Tree Removal,2021-09-21 11:10 AM,Tree Removal Inspection,TREEMAINTENANCE,"UF - JONES, CODY",1404 WITTE RD,"3, ZONE",450W,77080,CLOSED
183226,Tree Removal,2021-09-21 11:12 AM,Tree Removal Inspection,TREEMAINTENANCE,"PATINO, ARNULFO",300 WILCREST DR,"2, ZONE",489K,77042,CLOSED
183227,Tree Removal,2021-09-21 11:26 AM,Tree Removal Inspection,TREEMAINTENANCE,"BLANCHETTE, PETER",5731 HEATHERBROOK DR,"7, ZONE",571Q,77085,CLOSED
183228,Tree Removal,2021-09-21 11:28 AM,Tree Removal Inspection,TREEMAINTENANCE,"UF - JONES, CODY",401 JULIA ST,"4, ZONE",453G,77022,CLOSED
183229,Tree Trim,2021-09-21 11:38 AM,Tree Trim Inspection,TREEMAINTENANCE,"BLANCHETTE, PETER",6002 WASHINGTON AVE,"2, ZONE",492G,77007,CLOSED
183230,Tree Removal,2021-09-21 11:52 AM,Tree Removal Inspection,TREEMAINTENANCE,"UF - JONES, CODY",4900 WERNER ST,"3, ZONE",453E,77022,CLOSED
183231,Tree Removal,2021-09-21 11:52 AM,Tree Removal Inspection,TREEMAINTENANCE,"UF - JONES, CODY",540 W 34TH ST,"3, ZONE",452R,77018,CLOSED
183232,Tree Removal,2021-09-21 11:53 AM,Tree Removal Inspection,TREEMAINTENANCE,"BLANCHETTE, PETER",6900 NEW YORK ST,"6, ZONE",533R,77021,CLOSED
183233,Tree Trim,2021-09-21 12:05 PM,Tree Trim Inspection,TREEMAINTENANCE,"BLANCHETTE, PETER",918 COHN ST,"2, ZONE",492G,77007,CLOSED
183234,Tree Trim,2021-09-21 12:25 PM,Tree Trim Inspection,TREEMAINTENANCE,"BLANCHETTE, PETER",7746 BUENA VISTA ST,"6, ZONE",535N,77087,CLOSED
183235,Tree Trim,2021-09-21 12:31 PM,Tree Trim Inspection,TREEMAINTENANCE,"UF - JONES, CODY",3105 ALTOONA ST,"4, ZONE",494B,77026,CLOSED
183236,Tree Removal,2021-09-21 12:32 PM,Tree Removal Inspection,TREEMAINTENANCE,"UF - JONES, CODY",2014 MARNEL RD,"3, ZONE",451S,77055,CLOSED
183237,Tree Removal,2021-09-21 12:37 PM,Tree Removal Inspection,TREEMAINTENANCE,"PATINO, ARNULFO",6500 ALMEDA RD,"7, ZONE",533F,77021,CLOSED
183238,Tree Trim,2021-09-21 12:38 PM,Tree Trim Inspection,TREEMAINTENANCE,"PATINO, ARNULFO",7806 CANAL ST,"5, ZONE",495W,77012,CLOSED
183242,Tree Stump Grinding,2021-09-21 01:08 PM,Tree Stump Inspection,TREEMAINTENANCE,"UF - JONES, CODY",8815 LAVENDER ST,"4, ZONE",454G,77016,CLOSED
183244,Tree Removal,2021-09-21 01:23 PM,Tree Removal Inspection,TREEMAINTENANCE,"UF - JONES, CODY",BUNKER HILL RD & WESTVIEW DR,"3, ZONE",450X,77055,CLOSED
183245,Tree Removal,2021-09-21 01:36 PM,Tree Removal Inspection,TREEMAINTENANCE,"UF - JONES, CODY",3700 CLEMENTINE ST,"4, ZONE",454Y,77026,CLOSED
183246,Tree Removal,2021-09-21 02:03 PM,Tree Removal Inspection,TREEMAINTENANCE,"BLANCHETTE, PETER",7302 KELLER ST,"5, ZONE",535E,77012,CLOSED
183247,Tree Trim,2021-09-21 02:14 PM,Tree Trim Inspection,TREEMAINTENANCE,"UF - JONES, CODY",CAMAY DR & FIRNAT ST,"4, ZONE",454H,77016,CLOSED
183248,Tree Trim,2021-09-21 02:33 PM,Tree Trim Inspection,TREEMAINTENANCE,"BLANCHETTE, PETER",6720 S HAYWOOD DR (GARDEN VILLAS  PARK),"6, ZONE",535W,77061,CLOSED
183249,Tree Removal,2021-09-21 02:48 PM,Tree Removal Inspection,TREEMAINTENANCE,"BLANCHETTE, PETER",5909 SOUTHLEA ST,"6, ZONE",534P,77033,CLOSED
183250,Tree Trim,2021-09-21 02:49 PM,Tree Trim Inspection,TREEMAINTENANCE,"UF - JONES, CODY",1128 W CLAY ST,"2, ZONE",493N,77019,CLOSED
183251,Tree Removal,2021-09-21 02:54 PM,Tree Removal Inspection,TREEMAINTENANCE,"PATINO, ARNULFO",8905 BRANDON ST,"6, ZONE",533Y,77051,CLOSED
183252,Tree Removal,2021-09-21 02:57 PM,Tree Removal Inspection,TREEMAINTENANCE,"UF - JONES, CODY",3818 BLACK LOCUST DR,"3, ZONE",411V,77088,CLOSED
183253,Tree Trim,2021-09-21 03:52 PM,Tree Trim Inspection,TREEMAINTENANCE,"PATINO, ARNULFO",ADELIA ST & STAPLES ST,"4, ZONE",494B,77026,CLOSED
183254,Tree Trim,2021-09-21 04:08 PM,Tree Trim Inspection,TREEMAINTENANCE,"UF - JONES, CODY",2511 CORNELL ST,"3, ZONE",453S,77009,CLOSED
183255,Tree Trim,2021-09-21 04:10 PM,Tree Trim Inspection,TREEMAINTENANCE,"PATINO, ARNULFO",13302 HAVERSHIRE LN,"2, ZONE",489B,77079,CLOSED
183256,Tree Trim,2021-09-21 05:02 PM,Tree Trim Inspection,TREEMAINTENANCE,"PATINO, ARNULFO",400 MERCURY DR,"4, ZONE",496A,77013,CLOSED
183257,Tree Trim,2021-09-21 05:05 PM,Tree Trim Inspection,TREEMAINTENANCE,"BLANCHETTE, PETER",7711 HEREFORD ST,"6, ZONE",535S,77087,CLOSED
183258,Tree Removal,2021-09-22 06:25 AM,Tree Removal Inspection,TREEMAINTENANCE,"PATINO, ARNULFO",3438 EBBTIDE DR,"7, ZONE",572K ,77045,CLOSED
183260,Tree Removal,2021-09-22 07:36 AM,Tree Removal Inspection,TREEMAINTENANCE,"BLANCHETTE, PETER",5613 S ACRES DR,"6, ZONE",574E,77048,CLOSED
183261,Tree Removal,2021-09-22 07:36 AM,Tree Removal Inspection,TREEMAINTENANCE,"PATINO, ARNULFO",2301 SOUTHMORE BLVD,"6, ZONE",533B,77004,CLOSED
183262,Tree Trim,2021-09-22 08:15 AM,Tree Trim Inspection,TREEMAINTENANCE,"UF - JONES, CODY",12803 WESTBRANCH CT,"2, ZONE",528H,77072,CLOSED
183264,Tree Trim,2021-09-22 08:36 AM,Tree Trim Inspection,TREEMAINTENANCE,"PATINO, ARNULFO",4046 LEESHIRE DR,"7, ZONE",532N,77025,CLOSED
183265,Tree Removal,2021-09-22 08:37 AM,Tree Removal Inspection,TREEMAINTENANCE,"UF - JONES, CODY",8007 NEFF ST,"2, ZONE",530F,77036,CLOSED
183266,Tree Removal,2021-09-22 09:01 AM,Tree Removal Inspection,TREEMAINTENANCE,"PATINO, ARNULFO",1225 OMAR ST,"3, ZONE",493A,77008,CLOSED
183268,Tree Trim,2021-09-22 09:10 AM,Tree Trim Inspection,TREEMAINTENANCE,"BLANCHETTE, PETER",9404 GRANNIS ST,"6, ZONE",575H,77075,CLOSED
183270,Tree Trim,2021-09-22 09:11 AM,Tree Trim Inspection,TREEMAINTENANCE,"BLANCHETTE, PETER",7101 1/2 W FUQUA ST.,"7, ZONE",571W,77489,CLOSED
183271,Tree Trim,2021-09-22 09:16 AM,Tree Trim Inspection,TREEMAINTENANCE,"BLANCHETTE, PETER",9406 GRANNIS ST,"6, ZONE",575H,77075,CLOSED
183272,Tree Trim,2021-09-22 09:43 AM,Tree Trim Inspection,TREEMAINTENANCE,"BLANCHETTE, PETER",1600 BISSONNET ST,"7, ZONE",492Z,77006,CLOSED
183274,Tree Trim,2021-09-22 09:48 AM,Tree Trim Inspection,TREEMAINTENANCE,"UF - JONES, CODY",808 LOVETT BLVD,"2, ZONE",493S,77006,CLOSED
183275,Tree Trim,2021-09-22 10:07 AM,Tree Trim Inspection,TREEMAINTENANCE,"BLANCHETTE, PETER",8215 BRONSON ST,"5, ZONE",576F,77034,CLOSED
183277,Tree Trim,2021-09-22 10:23 AM,Tree Trim Inspection,TREEMAINTENANCE,"UF - JONES, CODY",804 GRACELAND ST,"4, ZONE",453U,77009,CLOSED
183278,Tree Trim,2021-09-22 10:23 AM,Tree Trim Inspection,TREEMAINTENANCE,"UF - JONES, CODY",4723 DUNSMERE ST,"3, ZONE",452G,77018,CLOSED
183279,Tree Trim,2021-09-22 10:24 AM,Tree Trim Inspection,TREEMAINTENANCE,"UF - JONES, CODY",1102 W MELWOOD ST,"3, ZONE",453W,77009,CLOSED
183281,Tree Trim,2021-09-22 10:41 AM,Tree Trim Inspection,TREEMAINTENANCE,"PATINO, ARNULFO",4918 RIDGEWEST DR,"7, ZONE",611D,77053,CLOSED
183282,Tree Trim,2021-09-22 10:48 AM,Tree Trim Inspection,TREEMAINTENANCE,"UF - JONES, CODY",8419 BELLAIRE BLVD,"2, ZONE",530F,77036,CLOSED
183283,Tree Trim,2021-09-22 11:02 AM,Tree Trim Inspection,TREEMAINTENANCE,"PATINO, ARNULFO",2900 ROSEWOOD ST,"6, ZONE",533C,77004,CLOSED
183284,Tree Trim,2021-09-22 11:05 AM,Tree Trim Inspection,TREEMAINTENANCE,"BLANCHETTE, PETER",2319 WATTS ST,"7, ZONE",532G,77030,CLOSED
183285,Tree Removal,2021-09-22 11:23 AM,Tree Removal Inspection,TREEMAINTENANCE,"PATINO, ARNULFO",402 BYRNE ST,"3, ZONE",493B,77009,CLOSED
183286,Tree Trim,2021-09-22 11:26 AM,Tree Trim Inspection,TREEMAINTENANCE,"UF - JONES, CODY",13100 BELLAIRE BLVD,"2, ZONE",528G,77072,CLOSED
183287,Tree Removal,2021-09-22 11:32 AM,Tree Removal Inspection,TREEMAINTENANCE,"UF - JONES, CODY",3314 THEYSEN CIR,"3, ZONE",450L,77080,CLOSED
183289,Tree Removal,2021-09-22 12:09 PM,Tree Removal Inspection,TREEMAINTENANCE,"UF - POLOVTSEV, SERA",709 N VELASCO ST,"5, ZONE",494N,77003,CLOSED
183290,Tree Trim,2021-09-22 12:12 PM,Tree Trim Inspection,TREEMAINTENANCE,"UF - POLOVTSEV, SERA",9623 HADDICK ST,"4, ZONE",455C,77078,CLOSED
183291,Tree Trim,2021-09-22 12:42 PM,Tree Trim Inspection,TREEMAINTENANCE,"BLANCHETTE, PETER",7023 ROCKERGATE DR,"7, ZONE",571W,77489,CLOSED
183292,Tree Removal,2021-09-22 12:51 PM,Tree Removal Inspection,TREEMAINTENANCE,"BLANCHETTE, PETER",918 COHN ST,"2, ZONE",492G,77007,CLOSED
183293,Tree Removal,2021-09-22 01:03 PM,Tree Removal Inspection,TREEMAINTENANCE,"UF - JONES, CODY",2026 WELCH ST,"2, ZONE",492R,77019,CLOSED
183294,Tree Trim,2021-09-22 01:12 PM,Tree Trim Inspection,TREEMAINTENANCE,"UF - JONES, CODY",5330 NETT ST,"2, ZONE",492G,77007,CLOSED
183295,Tree Removal,2021-09-22 01:43 PM,Tree Removal Inspection,TREEMAINTENANCE,"UF - JONES, CODY",2506 PRINCETON ST,"3, ZONE",453S,77009,CLOSED
183297,Tree Trim,2021-09-22 02:34 PM,Tree Trim Inspection,TREEMAINTENANCE,"UF - JONES, CODY",4001 HARDY ST,"4, ZONE",453Z,77009,CLOSED
183298,Tree Planting,2021-09-22 02:43 PM,Tree Planting Inspection,TREEPROTECTION,"UF - POLOVTSEV, SERA",4009 NORHILL BLVD,"3, ZONE",453W,77009,CLOSED
183299,Tree Stump Grinding,2021-09-22 02:44 PM,Tree Stump Inspection,TREEMAINTENANCE,"UF - JONES, CODY",4009 NORHILL BLVD,"3, ZONE",453W,77009,CLOSED
183300,Tree Removal,2021-09-22 02:52 PM,Tree Removal Inspection,TREEMAINTENANCE,"UF - POLOVTSEV, SERA",7047 AVENUE P,"5, ZONE",494V,77011,CLOSED
183301,Tree Removal,2021-09-22 03:00 PM,Tree Removal Inspection,TREEMAINTENANCE,"PATINO, ARNULFO",542 ARLINGTON ST,"3, ZONE",493A,77007,CLOSED
183302,Tree Trim,2021-09-22 03:01 PM,Tree Trim Inspection,TREEMAINTENANCE,"UF - JONES, CODY",3998 MOORE ST,"4, ZONE",453Z,77009,CLOSED
183303,Tree Removal,2021-09-22 03:19 PM,Tree Removal Inspection,TREEMAINTENANCE,"UF - JONES, CODY",9117 EVERGLADE DR,"4, ZONE",415Z,77078,CLOSED
183304,Tree Trim,2021-09-22 03:32 PM,Tree Trim Inspection,TREEMAINTENANCE,"PATINO, ARNULFO",10739 SHAWNBROOK DR,"7, ZONE",530Y,77071,CLOSED
183305,Tree Removal,2021-09-22 03:46 PM,Tree Removal Inspection,TREEMAINTENANCE,"BLANCHETTE, PETER",11911 RHEMA LN,"6, ZONE",574K,77048,CLOSED
183306,Tree Trim,2021-09-22 03:49 PM,Tree Trim Inspection,TREEMAINTENANCE,"UF - JONES, CODY",900 PINEMONT DR,"3, ZONE",452G,77091,CLOSED
183307,Tree Trim,2021-09-22 03:53 PM,Tree Trim Inspection,TREEMAINTENANCE,"BLANCHETTE, PETER",6154 ANDWOOD ST,"6, ZONE",534V,77087,CLOSED
183308,Tree Removal,2021-09-22 04:07 PM,Tree Removal Inspection,TREEMAINTENANCE,"PATINO, ARNULFO",9822 KERR ST,"5, ZONE",495R,77029,CLOSED
183309,Tree Trim,2021-09-22 04:10 PM,Tree Trim Inspection,TREEMAINTENANCE,"PATINO, ARNULFO",14503 BROADGREEN DR,"2, ZONE",488H,77079,CLOSED
183310,Tree Trim,2021-09-22 04:11 PM,Tree Trim Inspection,TREEMAINTENANCE,"UF - BHATTARAI, NIMESH",7902 ROWAN LN,"2, ZONE",530F,77036,CLOSED
183311,Tree Trim,2021-09-22 04:13 PM,Tree Trim Inspection,TREEMAINTENANCE,"UF - JONES, CODY",7810 APPLETON ST,"4, ZONE",453L,77022,CLOSED
183312,Tree Trim,2021-09-22 04:15 PM,Tree Trim Inspection,TREEMAINTENANCE,"BLANCHETTE, PETER","9314 E AVENUE P,HOUSTON,77012","5, ZONE",535C,5656d,CLOSED
183313,Tree Trim,2021-09-22 04:38 PM,Tree Trim Inspection,TREEMAINTENANCE,"UF - POLOVTSEV, SERA",11671 WALLISVILLE RD,"4, ZONE",456X,77013,CLOSED
183314,Tree Trim,2021-09-22 04:44 PM,Tree Trim Inspection,TREEMAINTENANCE,"BLANCHETTE, PETER",4055 TARTAN LN,"7, ZONE",532J,77025,CLOSED
183315,Tree Removal,2021-09-22 04:50 PM,Tree Removal Inspection,TREEMAINTENANCE,"EJIM, ONYEKACHI",1022 WAVERLY ST,"3, ZONE",492D,77008,CLOSED
183316,Tree Trim,2021-09-22 04:53 PM,Tree Trim Inspection,TREEMAINTENANCE,"BLANCHETTE, PETER",1612 FENNELL ST,"5, ZONE",535F,77012,CLOSED
183317,Tree Removal,2021-09-22 04:59 PM,Tree Removal Inspection,TREEMAINTENANCE,"UF - POLOVTSEV, SERA",2223 LAMONTE LN,"3, ZONE",451M,77018,CLOSED
183318,Tree Trim,2021-09-22 04:59 PM,Tree Trim Inspection,TREEMAINTENANCE,"EJIM, ONYEKACHI",2411 ARLINGTON ST,"3, ZONE",453S,77008,CLOSED
183319,Tree Trim,2021-09-22 05:02 PM,Tree Trim Inspection,TREEMAINTENANCE,"EJIM, ONYEKACHI",1807 ANTOINE DR,"3, ZONE",451T,77055,CLOSED
183320,Tree Trim,2021-09-22 05:24 PM,Tree Trim Inspection,TREEMAINTENANCE,"UF - JONES, CODY",3347 COURTLAND MANOR LN,"4, ZONE",297X,77339,CLOSED
183321,Tree Removal,2021-09-22 06:44 PM,Tree Removal Inspection,TREEMAINTENANCE,"UF - JONES, CODY",3900 T C JESTER BLVD,"3, ZONE",451M,77018,CLOSED
183322,Tree Trim,2021-09-22 09:36 PM,Tree Trim Inspection,TREEMAINTENANCE,"BLANCHETTE, PETER",5251 KILKENNY DR,"6, ZONE",574N,77048,CLOSED
183324,Tree Trim,2021-09-23 07:31 AM,Tree Trim Inspection,TREEMAINTENANCE,"PATINO, ARNULFO",6400 S GESSNER RD,"2, ZONE",530E,77036,CLOSED
183325,Tree Trim,2021-09-23 07:37 AM,Tree Trim Inspection,TREEMAINTENANCE,"PATINO, ARNULFO",2100 TIDWELL RD,"4, ZONE",453D,77093,CLOSED
183326,Tree Removal,2021-09-23 08:13 AM,Tree Removal Inspection,TREEMAINTENANCE,"UF - JONES, CODY",8201 JOHN RALSTON RD,"4, ZONE",456F,77044,CLOSED
183327,Tree Trim,2021-09-23 08:25 AM,Tree Trim Inspection,TREEMAINTENANCE,"BLANCHETTE, PETER",926 RUELL ST,"5, ZONE",535M,77017,CLOSED
183328,Tree Trim,2021-09-23 09:17 AM,Tree Trim Inspection,TREEMAINTENANCE,"UF - JONES, CODY",1049 MARJORIE ST,"3, ZONE",412T,77088,CLOSED
183329,Tree Removal,2021-09-23 09:20 AM,Tree Removal Inspection,TREEMAINTENANCE,"BLANCHETTE, PETER",9200 MESA DR,"4, ZONE",455G,77078,CLOSED
183330,Tree Trim,2021-09-23 09:23 AM,Tree Trim Inspection,TREEMAINTENANCE,"BLANCHETTE, PETER",9302 LAMBRIGHT RD,"6, ZONE",575R,77075,CLOSED
183331,Tree Trim,2021-09-23 09:38 AM,Tree Trim Inspection,TREEMAINTENANCE,"PATINO, ARNULFO",7631 DEL REY LN,"7, ZONE",530U,77071,CLOSED
183332,Tree Protection Rev,2021-09-23 09:53 AM,Tree Protection Review Inspection,TREEPROTECTION,"UF - JONES, CODY",4252 CHILDRESS ST,"7, ZONE",492W,77005,CLOSED
183333,Tree Trim,2021-09-23 10:17 AM,Tree Trim Inspection,TREEMAINTENANCE,"UF - JONES, CODY",1100 BRYCE ST,"3, ZONE",452Y,77008,CLOSED
183334,Tree Trim,2021-09-23 10:47 AM,Tree Trim Inspection,TREEMAINTENANCE,"BLANCHETTE, PETER",2913 W OREM DR,"7, ZONE",572L,77045,CLOSED
183335,Tree Trim,2021-09-23 10:56 AM,Tree Trim Inspection,TREEMAINTENANCE,"EJIM, ONYEKACHI",1038 WALLING ST,"3, ZONE",453X,77009,CLOSED
183336,Tree Removal,2021-09-23 11:02 AM,Tree Removal Inspection,TREEMAINTENANCE,"BLANCHETTE, PETER",5900 COLLINGSWORTH ST,"4, ZONE",454Y,77026,CLOSED
183337,Tree Trim,2021-09-23 11:05 AM,Tree Trim Inspection,TREEMAINTENANCE,"BLANCHETTE, PETER",2718 WINBERN ST,"6, ZONE",493Y,77004,CLOSED
183338,Tree Removal,2021-09-23 11:27 AM,Tree Removal Inspection,TREEMAINTENANCE,"PATINO, ARNULFO",10703 HAZEN ST,"2, ZONE",529L,77072,CLOSED
183339,Tree Trim,2021-09-23 11:36 AM,Tree Trim Inspection,TREEMAINTENANCE,"UF - JONES, CODY",333 W 18TH ST,"3, ZONE",452V,77008,CLOSED
183340,Tree Removal,2021-09-23 01:41 PM,Tree Removal Inspection,TREEMAINTENANCE,"PATINO, ARNULFO",328 TENNESSEE ST,"5, ZONE",495V,77029,CLOSED
183341,Tree Removal,2021-09-23 02:17 PM,Tree Removal Inspection,TREEMAINTENANCE,"UF - POLOVTSEV, SERA",7917 COUNT ST,"4, ZONE",455B,77028,CLOSED
183342,Tree Trim,2021-09-23 02:29 PM,Tree Trim Inspection,TREEMAINTENANCE,"BLANCHETTE, PETER",11018 JUTLAND RD,"6, ZONE",573H,77048,CLOSED
183343,Tree Trim,2021-09-23 02:56 PM,Tree Trim Inspection,TREEMAINTENANCE,"BLANCHETTE, PETER",1426 DIAMOND BROOK DR,"5, ZONE",617D,77062,CLOSED
183344,Tree Trim,2021-09-23 03:27 PM,Tree Trim Inspection,TREEMAINTENANCE,"PATINO, ARNULFO",7710 PORTAL DR,"7, ZONE",530Y,77071,CLOSED
183345,Tree Trim,2021-09-23 03:57 PM,Tree Trim Inspection,TREEMAINTENANCE,"BLANCHETTE, PETER",8805 EDGAR ST,"6, ZONE",533Y,77051,CLOSED
183346,Tree Removal,2021-09-23 04:03 PM,Tree Removal Inspection,TREEMAINTENANCE,"UF - JONES, CODY",10630 BEECHNUT ST,"2, ZONE",529Q,77072,CLOSED
183347,Tree Trim,2021-09-23 04:10 PM,Tree Trim Inspection,TREEMAINTENANCE,"PATINO, ARNULFO",6206 FOSTER ST,"6, ZONE",533M,77021,CLOSED
183348,Tree Trim,2021-09-23 05:31 PM,Tree Trim Inspection,TREEMAINTENANCE,"UF - POLOVTSEV, SERA",8803 LYNDONNILLE FALLS LN,"4, ZONE",455C,77078,CLOSED
183349,Tree Removal,2021-09-23 05:40 PM,Tree Removal Inspection,TREEMAINTENANCE,"UF - JONES, CODY",3130 MANGUM RD,"3, ZONE",451R,77092,CLOSED
183350,Tree Removal,2021-09-23 07:29 PM,Tree Removal Inspection,TREEMAINTENANCE,"UF - JONES, CODY",902 COHN ST,"2, ZONE",492G,77007,CLOSED
183351,Tree Removal,2021-09-23 07:44 PM,Tree Removal Inspection,TREEMAINTENANCE,"BLANCHETTE, PETER",7821 HALL RD,"6, ZONE",575X,77075,CLOSED
183352,Tree Trim,2021-09-23 07:56 PM,Tree Trim Inspection,TREEMAINTENANCE,"UF - JONES, CODY",2600 CITADEL PLAZA DR,"3, ZONE",452T,77008,CLOSED
183356,Tree Removal,2021-09-24 09:48 AM,Tree Removal Inspection,TREEMAINTENANCE,"BLANCHETTE, PETER",7154 MOLINE ST,"6, ZONE",534R,77087,CLOSED
183357,Tree Removal,2021-09-24 10:03 AM,Tree Removal Inspection,TREEMAINTENANCE,"PATINO, ARNULFO",6402 STILLWELL ST,"6, ZONE",534G,77023,CLOSED
183359,Tree Trim,2021-09-24 10:15 AM,Tree Trim Inspection,TREEMAINTENANCE,"PATINO, ARNULFO",6303 SHERWOOD DR,"6, ZONE",533M,77021,CLOSED
183360,Tree Removal,2021-09-24 10:37 AM,Tree Removal Inspection,TREEMAINTENANCE,"UF - POLOVTSEV, SERA",11618 BORDERWOOD DR,"4, ZONE",496B,77013,CLOSED
183361,Tree Trim,2021-09-24 10:45 AM,Tree Trim Inspection,TREEMAINTENANCE,"UF - JONES, CODY",1200 MAGNOLIA LN,"4, ZONE",336E,77339,CLOSED
183362,Tree Removal,2021-09-24 11:03 AM,Tree Removal Inspection,TREEMAINTENANCE,"PATINO, ARNULFO",6303 SCOTT ST,"6, ZONE",533L,77021,CLOSED
183363,Tree Trim,2021-09-24 11:04 AM,Tree Trim Inspection,TREEMAINTENANCE,"PATINO, ARNULFO",6303 SCOTT ST,"6, ZONE",533L,77021,CLOSED
183364,Tree Trim,2021-09-24 11:22 AM,Tree Trim Inspection,TREEMAINTENANCE,"PATINO, ARNULFO",11418 RIVERVIEW DR,"2, ZONE",489K,77077,CLOSED
183365,Tree Trim,2021-09-24 11:28 AM,Tree Trim Inspection,TREEMAINTENANCE,"UF - JONES, CODY",1304 PINCKNEY ST,"4, ZONE",493H,77009,CLOSED
183366,Tree Removal,2021-09-24 12:31 PM,Tree Removal Inspection,TREEMAINTENANCE,"PATINO, ARNULFO",10700 BRAESRIDGE DR,"7, ZONE",530Y,77071,CLOSED
183367,Tree Removal,2021-09-24 12:37 PM,Tree Removal Inspection,TREEMAINTENANCE,"PATINO, ARNULFO",11802 PLUMPOINT DR,"2, ZONE",529S,77099,CLOSED
183368,Tree Removal,2021-09-24 12:41 PM,Tree Removal Inspection,TREEMAINTENANCE,"PATINO, ARNULFO",7188 BENJAMIN ST,"5, ZONE",494Z,77011,CLOSED
183369,Tree Removal,2021-09-24 12:53 PM,Tree Removal Inspection,TREEMAINTENANCE,"BLANCHETTE, PETER",5115 CREEKBEND DR,"7, ZONE",531Y,77035,CLOSED
183370,Tree Trim,2021-09-24 12:56 PM,Tree Trim Inspection,TREEMAINTENANCE,"UF - JONES, CODY",6326 HAVENDALE DR,"2, ZONE",529C,77072,CLOSED
183371,Tree Trim,2021-09-24 01:26 PM,Tree Trim Inspection,TREEMAINTENANCE,"PATINO, ARNULFO",108 BEDFORD DR,"5, ZONE",495W,77012,CLOSED
183372,Tree Removal,2021-09-24 01:38 PM,Tree Removal Inspection,TREEMAINTENANCE,"UF - JONES, CODY",3319 TROUT ST,"4, ZONE",454A,77093,CLOSED
183373,Tree Removal,2021-09-24 01:41 PM,Tree Removal Inspection,TREEMAINTENANCE,"UF - JONES, CODY",2436 GESSNER RD (HILLENDAHL NEIGHBORHOOD LIBRARY),"3, ZONE",450N,77080,CLOSED
183374,Tree Removal,2021-09-24 01:47 PM,Tree Removal Inspection,TREEMAINTENANCE,"EJIM, ONYEKACHI",580 T C JESTER BLVD,"3, ZONE",492C,77007,CLOSED
183375,Tree Trim,2021-09-24 01:50 PM,Tree Trim Inspection,TREEMAINTENANCE,"UF - JONES, CODY",7003 WESTBRANCH DR,"2, ZONE",528H,77072,CLOSED
183377,Tree Trim,2021-09-24 02:33 PM,Tree Trim Inspection,TREEMAINTENANCE,"EJIM, ONYEKACHI","1712 NINA LEE LN,HOUSTON,77018","3, ZONE",452J,5260a,CLOSED
183378,Tree Trim,2021-09-24 03:07 PM,Tree Trim Inspection,TREEMAINTENANCE,"UF - BHATTARAI, NIMESH",2053 CORTLANDT ST,"3, ZONE",453S,77008,CLOSED
183379,Tree Trim,2021-09-24 03:28 PM,Tree Trim Inspection,TREEMAINTENANCE,"PATINO, ARNULFO",14102 SWISS HILL DR,"2, ZONE",488F,77077,CLOSED
183380,Tree Trim,2021-09-24 03:45 PM,Tree Trim Inspection,TREEMAINTENANCE,"UF - JONES, CODY","10302 ENVOY ST,HOUSTON,77016","4, ZONE",414Z,5561a,CLOSED
183381,Tree Removal,2021-09-24 04:52 PM,Tree Removal Inspection,TREEMAINTENANCE,"PATINO, ARNULFO",3317 MONTROSE BLVD,"2, ZONE",493S,77006,CLOSED
183382,Tree Trim,2021-09-24 05:53 PM,Tree Trim Inspection,TREEMAINTENANCE,"BLANCHETTE, PETER","7018 SIDNEY ST,HOUSTON,77021","6, ZONE",533R      ,5454a,CLOSED
183383,Tree Trim,2021-09-24 06:02 PM,Tree Trim Inspection,TREEMAINTENANCE,"UF - JONES, CODY","651 BERING DR,HOUSTON,77057 (TANGLEWOOD PARK)","2, ZONE",491K,5157a,CLOSED
183384,Tree Trim,2021-09-24 06:20 PM,Tree Trim Inspection,TREEMAINTENANCE,"BLANCHETTE, PETER",9408 SAVANNAH HOLLY DR (BLACKHAWK PARK),"6, ZONE",575R,77075,CLOSED
183385,Tree Trim,2021-09-25 01:45 AM,Tree Trim Inspection,TREEMAINTENANCE,"EJIM, ONYEKACHI","3721 WATSON ST,HOUSTON,77009","3, ZONE",453X,5358b,CLOSED
183386,Tree Removal,2021-09-25 08:43 AM,Tree Removal Inspection,TREEMAINTENANCE,"BLANCHETTE, PETER","14100 BRIARSAGE CT,HOUSTON,77077","2, ZONE",488N,4756a,CLOSED
183387,Tree Trim,2021-09-25 01:14 PM,Tree Trim Inspection,TREEMAINTENANCE,"UF - JONES, CODY","1517 W 22ND ST,HOUSTON,77008","3, ZONE",452T,5259d,CLOSED
183388,Tree Trim,2021-09-25 07:21 PM,Tree Trim Inspection,TREEMAINTENANCE,"UF - JONES, CODY","4302 KOEHLER ST,HOUSTON,77007","2, ZONE",492H,5358c,CLOSED
183389,Tree Stump Grinding,2021-09-25 10:23 PM,Tree Stump Inspection,TREEMAINTENANCE,"UF - BURKES, JEREMY","1826 RICHMOND AVE,HOUSTON,77098","2, ZONE",492Z,5356c,CLOSED
183390,Tree Trim,2021-09-26 09:17 AM,Tree Trim Inspection,TREEMAINTENANCE,"UF - JONES, CODY","1703 DROXFORD DR,HOUSTON,77008","3, ZONE",452X,5259c,CLOSED
183391,Tree Removal,2021-09-26 11:21 AM,Tree Removal Inspection,TREEMAINTENANCE,"BLANCHETTE, PETER","6300 N HAYWOOD DR,HOUSTON,77061","6, ZONE",535W,5553b,CLOSED
183392,Tree Trim,2021-09-26 03:21 PM,Tree Trim Inspection,TREEMAINTENANCE,"BLANCHETTE, PETER","5842 SOUTHMINSTER DR,HOUSTON,77035","7, ZONE",571E,5152c,CLOSED
183393,Tree Removal,2021-09-27 08:35 AM,Tree Removal Inspection,TREEMAINTENANCE,"UF - JONES, CODY","301 PARKER ST,HOUSTON,77007","2, ZONE",492M,5357a,CLOSED
183394,Tree Trim,2021-09-27 09:12 AM,Tree Trim Inspection,TREEMAINTENANCE,"BLANCHETTE, PETER","2435 METZ ST,HOUSTON,77034","5, ZONE",576G,5752b,CLOSED
183395,Tree Removal,2021-09-27 09:37 AM,Tree Removal Inspection,TREEMAINTENANCE,"EJIM, ONYEKACHI","638 E 11TH 1/2 ST,HOUSTON,77008","3, ZONE",453W      ,5358a,CLOSED
183396,Tree Removal,2021-09-27 09:42 AM,Tree Removal Inspection,TREEMAINTENANCE,"UF - JONES, CODY","7715 LA ROCHE LN,HOUSTON,77036","2, ZONE",530J,4954b,CLOSED
183397,Tree Removal,2021-09-27 09:50 AM,Tree Removal Inspection,TREEMAINTENANCE,"EJIM, ONYEKACHI",1406 WAVERLY ST,"3, ZONE",452Z,77008,CLOSED
183398,Tree Removal,2021-09-27 10:14 AM,Tree Removal Inspection,TREEMAINTENANCE,"UF - JONES, CODY",4311 SOUTHWEST FWY,"7, ZONE",491Z,77027,CLOSED
183399,Tree Trim,2021-09-27 11:12 AM,Tree Trim Inspection,TREEMAINTENANCE,"BLANCHETTE, PETER",4411 WOODVALLEY DR,"7, ZONE",531R,77096,CLOSED
183401,Tree Removal,2021-09-27 11:57 AM,Tree Removal Inspection,TREEMAINTENANCE,"PATINO, ARNULFO",3598 CLEBURNE ST,"6, ZONE",533D,77004,CLOSED
183402,Tree Removal,2021-09-27 12:12 PM,Tree Removal Inspection,TREEMAINTENANCE,"UF - JONES, CODY",7227 DROWSY PINE DR,"3, ZONE",411W,77092,CLOSED
183403,Tree Removal,2021-09-27 12:30 PM,Tree Removal Inspection,TREEMAINTENANCE,"PATINO, ARNULFO",226 ALTIC ST,"5, ZONE",494U,77011,CLOSED
183404,Tree Trim,2021-09-27 12:55 PM,Tree Trim Inspection,TREEMAINTENANCE,"PATINO, ARNULFO",707 SCHWARTZ ST,"5, ZONE",494J,77020,CLOSED
183405,Tree Removal,2021-09-27 01:24 PM,Tree Removal Inspection,TREEMAINTENANCE,"BLANCHETTE, PETER",3433 TANGERINE ST,"6, ZONE",573B,77051,CLOSED
183407,Tree Trim,2021-09-27 02:44 PM,Tree Trim Inspection,TREEMAINTENANCE,"UF - JONES, CODY",4412 HAZARD ST,"2, ZONE",492Z,77098,CLOSED
183408,Tree Trim,2021-09-27 03:14 PM,Tree Trim Inspection,TREEMAINTENANCE,"PATINO, ARNULFO",6602 WILDWOOD WAY,"5, ZONE",534C,77023,CLOSED
183409,Tree Removal,2021-09-27 03:14 PM,Tree Removal Inspection,TREEMAINTENANCE,"UF - JONES, CODY",11626 DOWNEY ST,"4, ZONE",413T,77076,CLOSED
183410,Tree Removal,2021-09-27 03:14 PM,Tree Removal Inspection,TREEMAINTENANCE,"UF - JONES, CODY",505 BLUE BELL RD,"4, ZONE",412H,77037,CLOSED
183411,Tree Removal,2021-09-27 03:32 PM,Tree Removal Inspection,TREEMAINTENANCE,"BLANCHETTE, PETER",7363 BRACE ST,"6, ZONE",534Z,77061,CLOSED
183412,Tree Trim,2021-09-27 04:09 PM,Tree Trim Inspection,TREEMAINTENANCE,"PATINO, ARNULFO",7010 EL PASO ST,"5, ZONE",494H,77020,CLOSED
183413,Tree Removal,2021-09-27 04:33 PM,Tree Removal Inspection,TREEMAINTENANCE,"BLANCHETTE, PETER",6200 CHIMNEY ROCK RD,"7, ZONE",531B,77081,CLOSED
183414,Tree Trim,2021-09-27 05:01 PM,Tree Trim Inspection,TREEMAINTENANCE,"PATINO, ARNULFO",1963 BOBBY LEE LN,"5, ZONE",534H,77087,CLOSED
183415,Tree Trim,2021-09-27 09:12 PM,Tree Trim Inspection,TREEMAINTENANCE,"BLANCHETTE, PETER",9507 BEVERLY HILL ST,"2, ZONE",490X,77063,CLOSED
183416,Tree Removal,2021-09-27 10:12 PM,Tree Removal Inspection,TREEMAINTENANCE,"UF - JONES, CODY",310 PACIFIC ST,"2, ZONE",493N,77006,CLOSED
183417,Tree Removal,2021-09-28 01:11 AM,Tree Removal Inspection,TREEMAINTENANCE,"UF - JONES, CODY",7100 WOODLAND TRAILS DR,"3, ZONE",411S,77040,CLOSED
183418,Tree Removal,2021-09-28 02:24 AM,Tree Removal Inspection,TREEMAINTENANCE,"PATINO, ARNULFO",71 PATTI LYNN LN,"2, ZONE",490N,77024,CLOSED
183419,Tree Removal,2021-09-28 05:33 AM,Tree Removal Inspection,TREEMAINTENANCE,"UF - BURKES, JEREMY",5333 BERRY CREEK DR (MEADOWCREEK PARK),"5, ZONE",536S,77017,CLOSED
183427,Tree Removal,2021-09-28 08:18 AM,Tree Removal Inspection,TREEMAINTENANCE,"BLANCHETTE, PETER",10807 OASIS DR,"7, ZONE",531X,77096,CLOSED
183429,Tree Removal,2021-09-28 08:24 AM,Tree Removal Inspection,TREEMAINTENANCE,"UF - POLOVTSEV, SERA",6234 FAIRDALE LN,"2, ZONE",491W,77057,CLOSED
183430,Tree Removal,2021-09-28 08:27 AM,Tree Removal Inspection,TREEMAINTENANCE,"UF - POLOVTSEV, SERA",5755 BELARBOR ST,"6, ZONE",534W,77033,CLOSED
183431,Tree Trim,2021-09-28 08:31 AM,Tree Trim Inspection,TREEMAINTENANCE,"BLANCHETTE, PETER",2215 GOLDSMITH ST,"7, ZONE",532G,77030,CLOSED
183433,Tree Trim,2021-09-28 09:08 AM,Tree Trim Inspection,TREEMAINTENANCE,"BLANCHETTE, PETER",13103 BUXLEY ST,"7, ZONE",571H,77045,CLOSED
183434,Tree Removal,2021-09-28 09:19 AM,Tree Removal Inspection,TREEMAINTENANCE,"BLANCHETTE, PETER",9739 KIRKFALLS DR,"6, ZONE",576W,77089,CLOSED
183435,Tree Removal,2021-09-28 09:47 AM,Tree Removal Inspection,TREEMAINTENANCE,"UF - POLOVTSEV, SERA",5759 BELARBOR ST,"6, ZONE",534W,77033,CLOSED
183436,Tree Removal,2021-09-28 09:50 AM,Tree Removal Inspection,TREEMAINTENANCE,"UF - JONES, CODY",2502 FOREST GARDEN DR,"4, ZONE",337C,77345,CLOSED
183437,Tree Removal,2021-09-28 09:50 AM,Tree Removal Inspection,TREEMAINTENANCE,"BLANCHETTE, PETER",7302 KELLER ST,"5, ZONE",535E,77012,CLOSED
183438,Tree Removal,2021-09-28 09:53 AM,Tree Removal Inspection,TREEMAINTENANCE,"UF - POLOVTSEV, SERA",8200 PARK PLACE BLVD,"5, ZONE",535P,77017,CLOSED
183439,Tree Removal,2021-09-28 10:08 AM,Tree Removal Inspection,TREEMAINTENANCE,"EJIM, ONYEKACHI",5717 CORNISH ST,"3, ZONE",492F,77007,CLOSED
183440,Tree Removal,2021-09-28 10:27 AM,Tree Removal Inspection,TREEMAINTENANCE,"UF - JONES, CODY","539 BRENDA ST,HOUSTON,77076","4, ZONE",413W,5361a,CLOSED
183441,Tree Trim,2021-09-28 10:36 AM,Tree Trim Inspection,TREEMAINTENANCE,"BLANCHETTE, PETER",1620 BAY AREA BLVD,"5, ZONE",618L,77058,CLOSED
183443,Tree Stump Grinding,2021-09-28 10:48 AM,Tree Stump Inspection,TREEMAINTENANCE,"UF - JONES, CODY",4204 BLOSSOM ST,"2, ZONE",492M,77007,CLOSED
183445,Tree Code Violation,2021-09-28 11:40 AM,Tree Code Violation Inspection,TREEPROTECTION,"UF - POLOVTSEV, SERA",6726 BETHUNE DR,"3, ZONE",412W,77091,CLOSED
183446,Tree Trim,2021-09-28 12:06 PM,Tree Trim Inspection,TREEMAINTENANCE,"UF - BHATTARAI, NIMESH",7542 TEAL RUN DR,"7, ZONE",570C,77071,CLOSED
183447,Tree Trim,2021-09-28 12:28 PM,Tree Trim Inspection,TREEMAINTENANCE,"UF - JONES, CODY",5442 WINDING WAY DR,"3, ZONE",411Y,77091,CLOSED
183448,Tree Removal,2021-09-28 01:10 PM,Tree Removal Inspection,TREEMAINTENANCE,"BLANCHETTE, PETER",15603 LA CABANA DR,"5, ZONE",618J,77062,CLOSED
183449,Tree Removal,2021-09-28 01:29 PM,Tree Removal Inspection,TREEMAINTENANCE,"PATINO, ARNULFO",936 ZOE ST,"5, ZONE",494H,77020,CLOSED
183450,Tree Trim,2021-09-28 02:31 PM,Tree Trim Inspection,TREEMAINTENANCE,"PATINO, ARNULFO",6507 AVENUE K,"5, ZONE",494V,77011,CLOSED
183452,Tree Removal,2021-09-28 02:35 PM,Tree Removal Inspection,TREEMAINTENANCE,"PATINO, ARNULFO",5857 INWOOD DR,"2, ZONE",491P,77057,CLOSED
183454,Tree Removal,2021-09-28 03:16 PM,Tree Removal Inspection,TREEMAINTENANCE,"UF - POLOVTSEV, SERA",9400 COVENTRY SQUARE DR,"2, ZONE",529S,77099,CLOSED
183455,Tree Trim,2021-09-28 03:30 PM,Tree Trim Inspection,TREEMAINTENANCE,"EJIM, ONYEKACHI",629 W 21ST ST,"3, ZONE",452V,77008,CLOSED
183456,Tree Removal,2021-09-28 04:55 PM,Tree Removal Inspection,TREEMAINTENANCE,"BLANCHETTE, PETER",10911 SEGREST DR,"6, ZONE",573G,77047,CLOSED
183457,Tree Removal,2021-09-28 05:31 PM,Tree Removal Inspection,TREEMAINTENANCE,"PATINO, ARNULFO",526 HENKE ST,"4, ZONE",494H,77020,CLOSED
183458,Tree Removal,2021-09-28 05:46 PM,Tree Removal Inspection,TREEMAINTENANCE,"BLANCHETTE, PETER",9002 KINGSPOINT RD,"6, ZONE",575Z,77089,CLOSED
183459,Tree Removal,2021-09-28 06:04 PM,Tree Removal Inspection,TREEMAINTENANCE,"EJIM, ONYEKACHI","725 ASHLAND ST,HOUSTON,77007","3, ZONE",492D,5358a,CLOSED
183460,Tree Removal,2021-09-28 06:29 PM,Tree Removal Inspection,TREEMAINTENANCE,"EJIM, ONYEKACHI","729 ASHLAND ST,HOUSTON,77007","3, ZONE",492D,5358a,CLOSED
183461,Tree Removal,2021-09-28 09:25 PM,Tree Removal Inspection,TREEMAINTENANCE,"PATINO, ARNULFO",5101 ALMEDA RD,"7, ZONE",533B,77004,CLOSED
183462,Tree Removal,2021-09-29 04:23 AM,Tree Removal Inspection,TREEMAINTENANCE,"UF - POLOVTSEV, SERA",3600 WILLOWICK RD,"2, ZONE",492P,77019,CLOSED
183463,Tree Removal,2021-09-29 05:50 AM,Tree Removal Inspection,TREEMAINTENANCE,"BLANCHETTE, PETER",5014 HAZELTON ST,"7, ZONE",531Y,77035,CLOSED
183468,Tree Trim,2021-09-29 07:17 AM,Tree Trim Inspection,TREEMAINTENANCE,"UF - POLOVTSEV, SERA",1452 SCHARPE ST,"5, ZONE",494X,77023,CLOSED
183471,Tree Removal,2021-09-29 07:33 AM,Tree Removal Inspection,TREEMAINTENANCE,"UF - JONES, CODY",1653 NORFOLK ST,"2, ZONE",492Z,77006,CLOSED
183472,Tree Trim,2021-09-29 07:47 AM,Tree Trim Inspection,TREEMAINTENANCE,"UF - JONES, CODY",8006 BANEWAY DR,"2, ZONE",529K,77072,CLOSED
183473,Tree Trim,2021-09-29 08:01 AM,Tree Trim Inspection,TREEMAINTENANCE,"EJIM, ONYEKACHI",100 W 12TH ST,"3, ZONE",453W,77008,CLOSED
183474,Tree Removal,2021-09-29 08:14 AM,Tree Removal Inspection,TREEMAINTENANCE,"BLANCHETTE, PETER",3404 BAY AREA BLVD,"5, ZONE",618D,77058,CLOSED
183475,Tree Trim,2021-09-29 08:17 AM,Tree Trim Inspection,TREEMAINTENANCE,"EJIM, ONYEKACHI","1538 DIAN ST,HOUSTON,77008","3, ZONE",452Y,5259d,CLOSED
183476,Tree Trim,2021-09-29 08:22 AM,Tree Trim Inspection,TREEMAINTENANCE,"PATINO, ARNULFO",4802 OATES RD,"4, ZONE",456S,77013,CLOSED
183477,Tree Removal,2021-09-29 08:38 AM,Tree Removal Inspection,TREEMAINTENANCE,"UF - POLOVTSEV, SERA",3127 TRULLEY ST,"6, ZONE",493V,77004,CLOSED
183478,Tree Removal,2021-09-29 08:40 AM,Tree Removal Inspection,TREEMAINTENANCE,"PATINO, ARNULFO",1005 SAGE RD,"2, ZONE",491L,77056,CLOSED
183479,Tree Removal,2021-09-29 08:54 AM,Tree Removal Inspection,TREEMAINTENANCE,"UF - POLOVTSEV, SERA",2602 SHAVER ST,"5, ZONE",536V,77502,CLOSED
183480,Tree Removal,2021-09-29 09:01 AM,Tree Removal Inspection,TREEMAINTENANCE,"UF - JONES, CODY",1544 DIAN ST,"3, ZONE",452Y,77008,CLOSED
183481,Tree Removal,2021-09-29 09:17 AM,Tree Removal Inspection,TREEMAINTENANCE,"EJIM, ONYEKACHI",509 AURORA ST,"3, ZONE",453S,77008,CLOSED
183482,Tree Removal,2021-09-29 09:22 AM,Tree Removal Inspection,TREEMAINTENANCE,"UF - JONES, CODY","2800 W LITTLE YORK RD,HOUSTON,77091","3, ZONE",411V,5162d,CLOSED
183483,Tree Removal,2021-09-29 09:24 AM,Tree Removal Inspection,TREEMAINTENANCE,"UF - POLOVTSEV, SERA",3109 TRULLEY ST,"6, ZONE",493V,77004,CLOSED
183484,Tree Trim,2021-09-29 09:35 AM,Tree Trim Inspection,TREEMAINTENANCE,"UF - JONES, CODY",520 FRISCO ST,"4, ZONE",453Q,77022,CLOSED
183485,Tree Removal,2021-09-29 09:36 AM,Tree Removal Inspection,TREEMAINTENANCE,"UF - POLOVTSEV, SERA",4110 WUTHERING HEIGHTS DR,"7, ZONE",572J,77045,CLOSED
183486,Tree Trim,2021-09-29 09:42 AM,Tree Trim Inspection,TREEMAINTENANCE,"UF - JONES, CODY",6900 NORTH FWY,"4, ZONE",412Z,77076,CLOSED
183487,Tree Trim,2021-09-29 09:43 AM,Tree Trim Inspection,TREEMAINTENANCE,"UF - JONES, CODY",7519 BURT ST,"3, ZONE",412T,77088,CLOSED
183488,Tree Code Violation,2021-09-29 09:44 AM,Tree Code Violation Inspection,TREEPROTECTION,"UF - POLOVTSEV, SERA",903 E 27TH ST,"3, ZONE",453S,77009,CLOSED
183489,Tree Trim,2021-09-29 09:46 AM,Tree Trim Inspection,TREEMAINTENANCE,"UF - POLOVTSEV, SERA",5030 ANDREA ST,"6, ZONE",534N,77021,CLOSED
183491,Tree Removal,2021-09-29 10:04 AM,Tree Removal Inspection,TREEMAINTENANCE,"PATINO, ARNULFO",2605 KELLEY ST,"4, ZONE",454N,77026,CLOSED
183492,Tree Removal,2021-09-29 10:20 AM,Tree Removal Inspection,TREEMAINTENANCE,"UF - POLOVTSEV, SERA",7881 PECAN VILLAS DR,"6, ZONE",535T,77061,CLOSED
183493,Tree Removal,2021-09-29 10:23 AM,Tree Removal Inspection,TREEMAINTENANCE,"UF - JONES, CODY",1234 MANVILLE RD,"3, ZONE",452X,77008,CLOSED
183494,Tree Removal,2021-09-29 10:32 AM,Tree Removal Inspection,TREEMAINTENANCE,"UF - JONES, CODY",7415 AQUA LN,"2, ZONE",529J,77072,CLOSED
183495,Tree Removal,2021-09-29 10:35 AM,Tree Removal Inspection,TREEMAINTENANCE,"UF - JONES, CODY",300 W LITTLE YORK RD,"4, ZONE",412V,77037,CLOSED
183497,Tree Trim,2021-09-29 10:50 AM,Tree Trim Inspection,TREEMAINTENANCE,"PATINO, ARNULFO",6402 MARKET ST,"5, ZONE",494H,77020,CLOSED
183498,Tree Trim,2021-09-29 10:59 AM,Tree Trim Inspection,TREEMAINTENANCE,"UF - JONES, CODY",2700 ELMSIDE DR,"2, ZONE",490S,77042,CLOSED
183499,Tree Removal,2021-09-29 11:00 AM,Tree Removal Inspection,TREEMAINTENANCE,"UF - POLOVTSEV, SERA",1660 CASTLE CT,"2, ZONE",492Z,77006,CLOSED
183500,Tree Removal,2021-09-29 11:06 AM,Tree Removal Inspection,TREEMAINTENANCE,"UF - POLOVTSEV, SERA",2909 WIPPRECHT ST,"4, ZONE",494C,77026,CLOSED
183501,Tree Trim,2021-09-29 11:30 AM,Tree Trim Inspection,TREEMAINTENANCE,"PATINO, ARNULFO",4904 ENNIS ST,"6, ZONE",533C,77004,CLOSED
183502,Tree Removal,2021-09-29 11:30 AM,Tree Removal Inspection,TREEMAINTENANCE,"UF - POLOVTSEV, SERA",5542 ASPEN ST,"7, ZONE",531K,77081,CLOSED
183503,Tree Trim,2021-09-29 11:31 AM,Tree Trim Inspection,TREEMAINTENANCE,"PATINO, ARNULFO",3722 ANITA ST,"6, ZONE",493Z,77004,CLOSED
183504,Tree Removal,2021-09-29 11:39 AM,Tree Removal Inspection,TREEMAINTENANCE,"UF - POLOVTSEV, SERA",1200 LOCKWOOD DR,"5, ZONE",494G,77020,CLOSED
183505,Tree Trim,2021-09-29 11:45 AM,Tree Trim Inspection,TREEMAINTENANCE,"BLANCHETTE, PETER",5333 GULFTON ST,"7, ZONE",531B,77081,CLOSED
183506,Tree Trim,2021-09-29 11:48 AM,Tree Trim Inspection,TREEMAINTENANCE,"UF - JONES, CODY",7306 ROSWELL ST,"4, ZONE",453L,77022,CLOSED
183507,Tree Removal,2021-09-29 11:51 AM,Tree Removal Inspection,TREEMAINTENANCE,"BLANCHETTE, PETER",3815 DRAKE ST,"7, ZONE",492W,77005,CLOSED
183508,Tree Removal,2021-09-29 11:54 AM,Tree Removal Inspection,TREEMAINTENANCE,"UF - POLOVTSEV, SERA","6720 S HAYWOOD DR,HOUSTON,77061","6, ZONE",535W,5553b,CLOSED
183509,Tree Removal,2021-09-29 12:12 PM,Tree Removal Inspection,TREEMAINTENANCE,"UF - POLOVTSEV, SERA",11306 PANDORA DR,"4, ZONE",456T,77013,CLOSED
183510,Tree Removal,2021-09-29 12:15 PM,Tree Removal Inspection,TREEMAINTENANCE,"PATINO, ARNULFO",5010 PERRY ST,"6, ZONE",534J,77021,CLOSED
183512,Tree Removal,2021-09-29 12:25 PM,Tree Removal Inspection,TREEMAINTENANCE,"UF - POLOVTSEV, SERA",5010 PERRY ST,"6, ZONE",534J,77021,CLOSED
183513,Tree Removal,2021-09-29 12:27 PM,Tree Removal Inspection,TREEMAINTENANCE,"UF - POLOVTSEV, SERA",6634 SYLVAN RD,"5, ZONE",534C,77023,CLOSED
183516,Tree Removal,2021-09-29 01:03 PM,Tree Removal Inspection,TREEMAINTENANCE,"BLANCHETTE, PETER",5954 KENILWOOD DR,"6, ZONE",534X,77033,CLOSED
183517,Tree Removal,2021-09-29 01:09 PM,Tree Removal Inspection,TREEMAINTENANCE,"UF - POLOVTSEV, SERA",4405 LA BRANCH ST,"7, ZONE",493X,77004,CLOSED
183518,Tree Removal,2021-09-29 01:25 PM,Tree Removal Inspection,TREEMAINTENANCE,"UF - POLOVTSEV, SERA",918 T C JESTER BLVD,"3, ZONE",452Y,77008,CLOSED
183519,Tree Removal,2021-09-29 01:34 PM,Tree Removal Inspection,TREEMAINTENANCE,"UF - POLOVTSEV, SERA",5734 MEADOW CREEK LN,"5, ZONE",536T,77017,CLOSED
183520,Tree Trim,2021-09-29 01:46 PM,Tree Trim Inspection,TREEMAINTENANCE,"BLANCHETTE, PETER",3312 ST EMANUEL ST,"6, ZONE",493Y,77004,CLOSED
183521,Tree Removal,2021-09-29 01:59 PM,Tree Removal Inspection,TREEMAINTENANCE,"PATINO, ARNULFO",851 THREADNEEDLE ST,"2, ZONE",488D,77079,CLOSED
183522,Tree Removal,2021-09-29 02:01 PM,Tree Removal Inspection,TREEMAINTENANCE,"BLANCHETTE, PETER",5151 BEECHNUT ST,"7, ZONE",531Q,77096,CLOSED
183523,Tree Trim,2021-09-29 02:13 PM,Tree Trim Inspection,TREEMAINTENANCE,"UF - POLOVTSEV, SERA",9934 EMNORA LN,"3, ZONE",450N,77080,CLOSED
183524,Tree Trim,2021-09-29 02:18 PM,Tree Trim Inspection,TREEMAINTENANCE,"PATINO, ARNULFO",5419 HUISACHE ST,"7, ZONE",531K,77081,CLOSED
183526,Tree Removal,2021-09-29 02:27 PM,Tree Removal Inspection,TREEMAINTENANCE,"UF - JONES, CODY",8413 OBSERVATORY ST,"3, ZONE",412S,77088,CLOSED
183527,Tree Trim,2021-09-29 02:30 PM,Tree Trim Inspection,TREEMAINTENANCE,"UF - POLOVTSEV, SERA",BINZ ST & SAN JACINTO ST,"7, ZONE",493W,77004,CLOSED
183528,Tree Removal,2021-09-29 02:35 PM,Tree Removal Inspection,TREEMAINTENANCE,"PATINO, ARNULFO",9631 WINDSWEPT LN (TANGLEWOOD PARK),"2, ZONE",490W,77063,CLOSED
183529,Tree Trim,2021-09-29 03:17 PM,Tree Trim Inspection,TREEMAINTENANCE,"PATINO, ARNULFO",5103 PERRY ST,"6, ZONE",534J,77021,CLOSED
183530,Tree Removal,2021-09-29 03:23 PM,Tree Removal Inspection,TREEMAINTENANCE,"PATINO, ARNULFO",5814 CHERRY ST,"4, ZONE",454S,77026,CLOSED
183531,Tree Trim,2021-09-29 03:26 PM,Tree Trim Inspection,TREEMAINTENANCE,"UF - JONES, CODY",1629 HAROLD ST,"2, ZONE",492V,77006,CLOSED
183532,Tree Removal,2021-09-29 05:19 PM,Tree Removal Inspection,TREEMAINTENANCE,"BLANCHETTE, PETER",11703 FOSSIL ROCK LN,"5, ZONE",576L,77034,CLOSED
183533,Tree Removal,2021-09-29 05:47 PM,Tree Removal Inspection,TREEMAINTENANCE,"BLANCHETTE, PETER",2015 WROXTON RD,"7, ZONE",492Z,77005,CLOSED
183534,Tree Removal,2021-09-29 05:50 PM,Tree Removal Inspection,TREEMAINTENANCE,"BLANCHETTE, PETER",5718 BANKSIDE DR,"7, ZONE",531W,77096,CLOSED
183535,Tree Removal,2021-09-29 06:35 PM,Tree Removal Inspection,TREEMAINTENANCE,"BLANCHETTE, PETER",1709 VASSAR ST,"7, ZONE",492Z,77098,CLOSED
183536,Tree Trim,2021-09-29 07:05 PM,Tree Trim Inspection,TREEMAINTENANCE,"UF - JONES, CODY",3614 ROSELAND ST,"2, ZONE",493S,77006,CLOSED
183537,Tree Trim,2021-09-29 09:21 PM,Tree Trim Inspection,TREEMAINTENANCE,"BLANCHETTE, PETER",15107 MANORHILL DR,"5, ZONE",618J,77062,CLOSED
183538,Tree Trim,2021-09-30 04:54 AM,Tree Trim Inspection,TREEMAINTENANCE,"EJIM, ONYEKACHI",1526 W 26TH ST,"3, ZONE",452T,77008,CLOSED
183539,Tree Trim,2021-09-30 05:25 AM,Tree Trim Inspection,TREEMAINTENANCE,"PATINO, ARNULFO",5506 HARRISBURG BLVD,"5, ZONE",494U,77011,CLOSED
183541,Tree Trim,2021-09-30 08:41 AM,Tree Trim Inspection,TREEMAINTENANCE,"BLANCHETTE, PETER",7563 EL RANCHO ST,"6, ZONE",535S,77087,CLOSED
183542,Tree Removal,2021-09-30 09:43 AM,Tree Removal Inspection,TREEMAINTENANCE,"UF - POLOVTSEV, SERA",3033 BRINGHURST ST,"4, ZONE",494B,77026,CLOSED
183543,Tree Removal,2021-09-30 09:48 AM,Tree Removal Inspection,TREEMAINTENANCE,"EJIM, ONYEKACHI",1001 BAYLAND AVE,"3, ZONE",493B,77009,CLOSED
183544,Tree Removal,2021-09-30 10:00 AM,Tree Removal Inspection,TREEMAINTENANCE,"UF - JONES, CODY",5336 CARROLTON ST,"6, ZONE",534F,77023,CLOSED
183545,Tree Removal,2021-09-30 10:22 AM,Tree Removal Inspection,TREEMAINTENANCE,"BLANCHETTE, PETER",8162 BONNER DR,"5, ZONE",535U,77017,CLOSED
183546,Tree Removal,2021-09-30 10:23 AM,Tree Removal Inspection,TREEMAINTENANCE,"BLANCHETTE, PETER",4414 HOWCHER ST,"6, ZONE",573L,77047,CLOSED
183547,Tree Stump Grinding,2021-09-30 10:28 AM,Tree Stump Inspection,TREEMAINTENANCE,"UF - JONES, CODY",9415 LEADER ST,"2, ZONE",529H,77036,CLOSED
183548,Tree Removal,2021-09-30 10:56 AM,Tree Removal Inspection,TREEMAINTENANCE,"PATINO, ARNULFO",4818 WYNNEWOOD DR,"4, ZONE",456T,77013,CLOSED
183550,Tree Trim,2021-09-30 11:33 AM,Tree Trim Inspection,TREEMAINTENANCE,"BLANCHETTE, PETER",12202 PALMFREE ST,"5, ZONE",576Q,77034,CLOSED
183551,Tree Removal,2021-09-30 12:24 PM,Tree Removal Inspection,TREEMAINTENANCE,"UF - JONES, CODY",2519 SHERWOOD HOLLOW LN,"4, ZONE",296V,77339,CLOSED
183552,Tree Removal,2021-09-30 01:06 PM,Tree Removal Inspection,TREEMAINTENANCE,"UF - JONES, CODY",4400 RICHMOND AVE,"2, ZONE",491Z,77027,CLOSED
183553,Tree Trim,2021-09-30 01:09 PM,Tree Trim Inspection,TREEMAINTENANCE,"PATINO, ARNULFO",3838 SEABROOK ST,"6, ZONE",533Q,77021,CLOSED
183554,Tree Removal,2021-09-30 01:24 PM,Tree Removal Inspection,TREEMAINTENANCE,"BLANCHETTE, PETER",8200 PARK PLACE BLVD,"5, ZONE",535P,77017,CLOSED
183555,Tree Removal,2021-09-30 01:30 PM,Tree Removal Inspection,TREEMAINTENANCE,"BLANCHETTE, PETER",3602 CORK DR,"6, ZONE",573Q,77047,CLOSED
183557,Tree Trim,2021-09-30 02:27 PM,Tree Trim Inspection,TREEMAINTENANCE,"BLANCHETTE, PETER",10722 GLENFIELD CT,"7, ZONE",531W,77096,CLOSED
183558,Tree Removal,2021-09-30 02:52 PM,Tree Removal Inspection,TREEMAINTENANCE,"BLANCHETTE, PETER",2207 WROXTON RD,"7, ZONE",492Y,77005,CLOSED
183559,Tree Protection Rev,2021-09-30 03:19 PM,Tree Protection Review Inspection,TREEPROTECTION,"UF - POLOVTSEV, SERA",1902 COMMONWEALTH ST,"2, ZONE",492R,77006,CLOSED
183560,Tree Trim,2021-09-30 03:29 PM,Tree Trim Inspection,TREEMAINTENANCE,"EJIM, ONYEKACHI",795 RESERVE ST,"3, ZONE",493A,77007,CLOSED
183561,Tree Trim,2021-09-30 03:58 PM,Tree Trim Inspection,TREEMAINTENANCE,"UF - JONES, CODY",8300 OBSERVATORY ST,"3, ZONE",412S,77088,CLOSED
183562,Tree Stump Grinding,2021-09-30 05:02 PM,Tree Stump Inspection,TREEMAINTENANCE,"UF - JONES, CODY",2221 LYNNFIELD ST,"4, ZONE",453R,77093,CLOSED
183563,Tree Trim,2021-09-30 05:03 PM,Tree Trim Inspection,TREEMAINTENANCE,"UF - BHATTARAI, NIMESH",7818 POITIERS DR,"7, ZONE",570G,77071,CLOSED
183564,Tree Trim,2021-09-30 05:14 PM,Tree Trim Inspection,TREEMAINTENANCE,"BLANCHETTE, PETER",5822 FIRENZA DR,"7, ZONE",571E,77035,CLOSED
183565,Tree Removal,2021-09-30 06:30 PM,Tree Removal Inspection,TREEMAINTENANCE,"UF - POLOVTSEV, SERA",651 BERING DR,"2, ZONE",491K,77057,CLOSED
183566,Tree Removal,2021-09-30 07:03 PM,Tree Removal Inspection,TREEMAINTENANCE,"UF - JONES, CODY",10814 STABLER LN,"4, ZONE",413X,77076,CLOSED
183567,Tree Trim,2021-09-30 10:20 PM,Tree Trim Inspection,TREEMAINTENANCE,"UF - JONES, CODY",743 CHERRY VALLEY DR,"4, ZONE",338M,77336,CLOSED
183568,Tree Trim,2021-09-30 11:32 PM,Tree Trim Inspection,TREEMAINTENANCE,"UF - BHATTARAI, NIMESH",7300 BELLERIVE DR,"2, ZONE",530C,77036,CLOSED
183569,Tree Trim,2021-09-30 11:47 PM,Tree Trim Inspection,TREEMAINTENANCE,"UF - JONES, CODY",24423 WHITESAIL DR,"4, ZONE",338L,77336,CLOSED
183570,Tree Trim,2021-10-01 12:57 AM,Tree Trim Inspection,TREEMAINTENANCE,"BLANCHETTE, PETER",6102 SHERINGHAM ST,"7, ZONE",571P,77085,CLOSED
183571,Tree Trim,2021-10-01 02:55 AM,Tree Trim Inspection,TREEMAINTENANCE,"PATINO, ARNULFO",8523 WATEKA DR,"7, ZONE",530P,77074,CLOSED
183573,Tree Planting,2021-10-01 07:18 AM,Tree Planting Inspection,TREEPROTECTION,"UF - POLOVTSEV, SERA",7703 MOONMIST DR,"2, ZONE",530G,77036,CLOSED
183574,Tree Trim,2021-10-01 08:15 AM,Tree Trim Inspection,TREEMAINTENANCE,"EJIM, ONYEKACHI",2103 BEVIS ST,"3, ZONE",452U,77008,CLOSED
183575,Tree Trim,2021-10-01 08:19 AM,Tree Trim Inspection,TREEMAINTENANCE,"EJIM, ONYEKACHI",1138 YALE ST,"3, ZONE",452Z,77008,CLOSED
183576,Tree Trim,2021-10-01 08:34 AM,Tree Trim Inspection,TREEMAINTENANCE,"UF - JONES, CODY",718 E BURRESS ST,"4, ZONE",453E,77022,CLOSED
183577,Tree Trim,2021-10-01 08:52 AM,Tree Trim Inspection,TREEMAINTENANCE,"UF - BHATTARAI, NIMESH",8015 ELBERT ST,"4, ZONE",455J,77028,CLOSED
183578,Tree Trim,2021-10-01 09:04 AM,Tree Trim Inspection,TREEMAINTENANCE,"UF - POLOVTSEV, SERA",12302 RINCON DR,"2, ZONE",488R,77077,CLOSED
183579,Tree Removal,2021-10-01 09:07 AM,Tree Removal Inspection,TREEMAINTENANCE,"BLANCHETTE, PETER",6001 FANNIN ST,"7, ZONE",533A,77030,CLOSED
183580,Tree Trim,2021-10-01 09:14 AM,Tree Trim Inspection,TREEMAINTENANCE,"UF - JONES, CODY",416 FRISCO ST,"4, ZONE",453Q,77022,CLOSED
183581,Tree Trim,2021-10-01 09:41 AM,Tree Trim Inspection,TREEMAINTENANCE,"PATINO, ARNULFO",1130 LATHROP ST,"5, ZONE",494M,77020,CLOSED
183582,Tree Trim,2021-10-01 09:47 AM,Tree Trim Inspection,TREEMAINTENANCE,"BLANCHETTE, PETER",2504 RUSK ST,"5, ZONE",493R,77003,CLOSED
183584,Tree Removal,2021-10-01 10:17 AM,Tree Removal Inspection,TREEMAINTENANCE,"UF - JONES, CODY",2411 1ST ST,"4, ZONE",336N,77338,CLOSED
183585,Tree Trim,2021-10-01 10:17 AM,Tree Trim Inspection,TREEMAINTENANCE,"UF - BHATTARAI, NIMESH",2601 GRAMERCY ST,"7, ZONE",532G,77025,CLOSED
183586,Tree Removal,2021-10-01 10:18 AM,Tree Removal Inspection,TREEMAINTENANCE,"UF - JONES, CODY",800 COLQUITT ST,"2, ZONE",493S,77006,CLOSED
183588,Tree Trim,2021-10-01 10:24 AM,Tree Trim Inspection,TREEMAINTENANCE,"EJIM, ONYEKACHI",2330 W 18TH ST,"3, ZONE",452S,77008,CLOSED
183589,Tree Removal,2021-10-01 11:07 AM,Tree Removal Inspection,TREEMAINTENANCE,"UF - POLOVTSEV, SERA",1025 S POST OAK LN,"2, ZONE",491L,77056,CLOSED
183590,Tree Removal,2021-10-01 11:12 AM,Tree Removal Inspection,TREEMAINTENANCE,"UF - JONES, CODY",619 BOMAR ST,"2, ZONE",493N,77006,CLOSED
183591,Tree Removal,2021-10-01 12:24 PM,Tree Removal Inspection,TREEMAINTENANCE,"BLANCHETTE, PETER",3737 LYDIA ST,"6, ZONE",533Q,77021,CLOSED
183593,Tree Trim,2021-10-01 01:06 PM,Tree Trim Inspection,TREEMAINTENANCE,"UF - JONES, CODY",3500 SAGE RD,"2, ZONE",491Y,77056,CLOSED
183594,Tree Trim,2021-10-01 01:50 PM,Tree Trim Inspection,TREEMAINTENANCE,"BLANCHETTE, PETER",7151 HEMLOCK ST,"5, ZONE",535E,77087,CLOSED
183595,Tree Removal,2021-10-01 03:17 PM,Tree Removal Inspection,TREEMAINTENANCE,"EJIM, ONYEKACHI",2600 W 11TH ST (WEST 11TH STREET PARK),"3, ZONE",492B,77008,CLOSED
183596,Tree Removal,2021-10-01 03:18 PM,Tree Removal Inspection,TREEMAINTENANCE,"UF - POLOVTSEV, SERA",2218 NINA LEE LN,"3, ZONE",451M,77018,CLOSED
183597,Tree Removal,2021-10-01 04:50 PM,Tree Removal Inspection,TREEMAINTENANCE,"UF - JONES, CODY",2701 KINGWOOD DR,"4, ZONE",336D,77339,CLOSED
183598,Tree Trim,2021-10-01 05:50 PM,Tree Trim Inspection,TREEMAINTENANCE,"UF - JONES, CODY",2511 COMMONWEALTH ST,"2, ZONE",493N,77006,CLOSED
183599,Tree Trim,2021-10-01 06:36 PM,Tree Trim Inspection,TREEMAINTENANCE,"UF - JONES, CODY",1734 W ALABAMA ST,"2, ZONE",492V,77098,CLOSED
183600,Tree Trim,2021-10-01 11:22 PM,Tree Trim Inspection,TREEMAINTENANCE,"UF - JONES, CODY",5400 SAN FELIPE ST,"2, ZONE",491Q,77056,CLOSED
183601,Tree Trim,2021-10-02 12:53 AM,Tree Trim Inspection,TREEMAINTENANCE,"UF - JONES, CODY",13400 BELLAIRE BLVD,"2, ZONE",528G,77083,CLOSED
183602,Tree Removal,2021-10-02 01:02 AM,Tree Removal Inspection,TREEMAINTENANCE,"PATINO, ARNULFO",2008 ERASTUS ST,"4, ZONE",494G,77020,CLOSED
183603,Tree Trim,2021-10-02 08:27 AM,Tree Trim Inspection,TREEMAINTENANCE,"BLANCHETTE, PETER",2015 WROXTON RD,"7, ZONE",492Z,77005,CLOSED
183604,Tree Trim,2021-10-02 09:42 AM,Tree Trim Inspection,TREEMAINTENANCE,"BLANCHETTE, PETER",6611 CRESTHILL ST,"6, ZONE",534P,77033,CLOSED
183605,Tree Removal,2021-10-02 12:27 PM,Tree Removal Inspection,TREEMAINTENANCE,"BLANCHETTE, PETER",3511 CORDER ST,"6, ZONE",533P,77021,CLOSED
183606,Tree Removal,2021-10-02 01:02 PM,Tree Removal Inspection,TREEMAINTENANCE,"UF - POLOVTSEV, SERA",5225 CALHOUN RD (MACGREGOR PARK),"6, ZONE",534E,77021,CLOSED
183607,Tree Trim,2021-10-02 01:17 PM,Tree Trim Inspection,TREEMAINTENANCE,"BLANCHETTE, PETER",3682 CORK DR,"6, ZONE",573Q,77047,CLOSED
183608,Tree Trim,2021-10-02 07:44 PM,Tree Trim Inspection,TREEMAINTENANCE,"BLANCHETTE, PETER",3107 SHERMAN ST,"5, ZONE",494N,77003,CLOSED
183609,Tree Trim,2021-10-02 07:51 PM,Tree Trim Inspection,TREEMAINTENANCE,"BLANCHETTE, PETER",3105 SHERMAN ST,"5, ZONE",494N,77003,CLOSED
183612,Tree Trim,2021-10-03 05:19 AM,Tree Trim Inspection,TREEMAINTENANCE,"UF - POLOVTSEV, SERA",1508 STATE ST,"2, ZONE",493K,77007,CLOSED
183613,Tree Trim,2021-10-03 12:48 PM,Tree Trim Inspection,TREEMAINTENANCE,"BLANCHETTE, PETER",13411 CANDLESHADE LN,"7, ZONE",571M,77045,CLOSED
183614,Tree Trim,2021-10-03 01:03 PM,Tree Trim Inspection,TREEMAINTENANCE,"BLANCHETTE, PETER",5842 SOUTHMUND ST,"6, ZONE",534P,77033,CLOSED
183615,Tree Removal,2021-10-03 02:58 PM,Tree Removal Inspection,TREEMAINTENANCE,"PATINO, ARNULFO",4105 CAVALCADE ST,"4, ZONE",454X,77026,CLOSED
183616,Tree Removal,2021-10-03 03:07 PM,Tree Removal Inspection,TREEMAINTENANCE,"PATINO, ARNULFO",8005 AVENUE E,"5, ZONE",495X,77012,CLOSED
183617,Tree Removal,2021-10-03 03:52 PM,Tree Removal Inspection,TREEMAINTENANCE,"UF - POLOVTSEV, SERA",1500 STATE ST,"2, ZONE",493K,77007,CLOSED
183618,Tree Removal,2021-10-03 06:16 PM,Tree Removal Inspection,TREEMAINTENANCE,"UF - POLOVTSEV, SERA",4826 BROOM ST,"3, ZONE",451H,77091,CLOSED
183619,Tree Trim,2021-10-04 08:21 AM,Tree Trim Inspection,TREEMAINTENANCE,"UF - JONES, CODY",9797 LEAWOOD BLVD,"2, ZONE",529T,77099,CLOSED
183620,Tree Removal,2021-10-04 08:26 AM,Tree Removal Inspection,TREEMAINTENANCE,"EJIM, ONYEKACHI",5634 KIAM ST,"3, ZONE",492C,77007,CLOSED
183621,Tree Removal,2021-10-04 08:48 AM,Tree Removal Inspection,TREEMAINTENANCE,"BLANCHETTE, PETER",7102 MOLINE ST,"6, ZONE",534R,77087,CLOSED
183622,Tree Removal,2021-10-04 09:03 AM,Tree Removal Inspection,TREEMAINTENANCE,"UF - JONES, CODY",804 PATTERSON ST,"2, ZONE",492H,77007,CLOSED
183623,Tree Trim,2021-10-04 09:22 AM,Tree Trim Inspection,TREEMAINTENANCE,"UF - POLOVTSEV, SERA",2410 ROSEWOOD ST,"6, ZONE",493Y,77004,CLOSED
183624,Tree Removal,2021-10-04 09:22 AM,Tree Removal Inspection,TREEMAINTENANCE,"PATINO, ARNULFO",12042 RIVERVIEW DR,"2, ZONE",489N,77077,CLOSED
183625,Tree Removal,2021-10-04 09:33 AM,Tree Removal Inspection,TREEMAINTENANCE,"UF - BHATTARAI, NIMESH",3033 BRINGHURST ST,"4, ZONE",494B,77026,CLOSED
183626,Tree Trim,2021-10-04 09:36 AM,Tree Trim Inspection,TREEMAINTENANCE,"PATINO, ARNULFO",1200 S LOCKWOOD DR,"5, ZONE",494T,77023,CLOSED
183627,Tree Trim,2021-10-04 09:37 AM,Tree Trim Inspection,TREEMAINTENANCE,"UF - JONES, CODY",10411 BARNHAM ST,"4, ZONE",414Y,77016,CLOSED
183628,Tree Trim,2021-10-04 10:31 AM,Tree Trim Inspection,TREEMAINTENANCE,"UF - BHATTARAI, NIMESH",7303 CAREW ST,"7, ZONE",530Q,77074,CLOSED
183629,Tree Removal,2021-10-04 10:31 AM,Tree Removal Inspection,TREEMAINTENANCE,"EJIM, ONYEKACHI",1333 YALE ST,"3, ZONE",452Z,77008,CLOSED
183630,Tree Trim,2021-10-04 11:08 AM,Tree Trim Inspection,TREEMAINTENANCE,"UF - JONES, CODY",2615 MILLS BRANCH DR,"4, ZONE",297U,77345,CLOSED
183631,Tree Removal,2021-10-04 11:17 AM,Tree Removal Inspection,TREEMAINTENANCE,"EJIM, ONYEKACHI",2001 BAUER DR,"3, ZONE",450U,77080,CLOSED
183632,Tree Trim,2021-10-04 11:27 AM,Tree Trim Inspection,TREEMAINTENANCE,"UF - JONES, CODY",2703 COCHRAN ST,"4, ZONE",493D,77009,CLOSED
183633,Tree Trim,2021-10-04 12:26 PM,Tree Trim Inspection,TREEMAINTENANCE,"BLANCHETTE, PETER",402 GILPIN ST,"5, ZONE",576F,77034,CLOSED
183634,Tree Trim,2021-10-04 12:42 PM,Tree Trim Inspection,TREEMAINTENANCE,"BLANCHETTE, PETER",4315 DALMATIAN DR,"7, ZONE",572N,77045,CLOSED
183635,Tree Removal,2021-10-04 12:45 PM,Tree Removal Inspection,TREEMAINTENANCE,"PATINO, ARNULFO",1931 BANKS ST,"7, ZONE",492Z,77098,CLOSED
183636,Tree Trim,2021-10-04 12:45 PM,Tree Trim Inspection,TREEMAINTENANCE,"EJIM, ONYEKACHI",3329 PINEMONT DR,"3, ZONE",452F,77018,CLOSED
183637,Tree Removal,2021-10-04 12:48 PM,Tree Removal Inspection,TREEMAINTENANCE,"UF - POLOVTSEV, SERA",7539 ELM ST,"5, ZONE",535A,77023,CLOSED
183639,Tree Trim,2021-10-04 01:10 PM,Tree Trim Inspection,TREEMAINTENANCE,"PATINO, ARNULFO",4805 EMANCIPATION AVE,"6, ZONE",533B,77004,CLOSED
183641,Tree Trim,2021-10-04 01:18 PM,Tree Trim Inspection,TREEMAINTENANCE,"BLANCHETTE, PETER",10822 MOONLIGHT DR,"7, ZONE",531X,77096,CLOSED
183642,Tree Removal,2021-10-04 01:35 PM,Tree Removal Inspection,TREEMAINTENANCE,"UF - POLOVTSEV, SERA",13322 RAIN LILY LN,"2, ZONE",528C,77083,CLOSED
183644,Tree Removal,2021-10-04 01:47 PM,Tree Removal Inspection,TREEMAINTENANCE,"UF - JONES, CODY",2022 CHAPMAN ST,"4, ZONE",493D,77009,CLOSED
183647,Tree Removal,2021-10-04 02:28 PM,Tree Removal Inspection,TREEMAINTENANCE,"PATINO, ARNULFO",300 SHEPHERD DR,"2, ZONE",492M,77007,CLOSED
183648,Tree Removal,2021-10-04 02:34 PM,Tree Removal Inspection,TREEMAINTENANCE,"BLANCHETTE, PETER",7244 EVANS ST,"6, ZONE",574D,77061,CLOSED
183649,Tree Removal,2021-10-04 02:40 PM,Tree Removal Inspection,TREEMAINTENANCE,"UF - POLOVTSEV, SERA",2537 PRINCETON ST,"3, ZONE",453S,77009,CLOSED
183650,Tree Removal,2021-10-04 02:52 PM,Tree Removal Inspection,TREEMAINTENANCE,"UF - POLOVTSEV, SERA",2310 BERRY RD,"4, ZONE",453H,77093,CLOSED
183651,Tree Trim,2021-10-04 02:52 PM,Tree Trim Inspection,TREEMAINTENANCE,"PATINO, ARNULFO",8514 WATEKA DR,"7, ZONE",530P,77074,CLOSED
183653,Tree Removal,2021-10-04 03:17 PM,Tree Removal Inspection,TREEMAINTENANCE,"BLANCHETTE, PETER",1409 HUSSION ST,"5, ZONE",494S,77003,CLOSED
183654,Tree Stump Grinding,2021-10-04 03:23 PM,Tree Stump Inspection,TREEMAINTENANCE,"UF - POLOVTSEV, SERA",4922 WYNNEWOOD DR,"4, ZONE",456T,77013,CLOSED
183655,Tree Removal,2021-10-04 03:24 PM,Tree Removal Inspection,TREEMAINTENANCE,"PATINO, ARNULFO",12103 WOODFOREST BLVD,"4, ZONE",496B,77013,CLOSED
183656,Tree Trim,2021-10-04 03:47 PM,Tree Trim Inspection,TREEMAINTENANCE,"UF - JONES, CODY",7531 DYER ST,"3, ZONE",412S,77088,CLOSED
183657,Tree Removal,2021-10-04 04:29 PM,Tree Removal Inspection,TREEMAINTENANCE,"PATINO, ARNULFO",543 COOLWOOD DR,"4, ZONE",496B,77013,CLOSED
183658,Tree Removal,2021-10-04 05:12 PM,Tree Removal Inspection,TREEMAINTENANCE,"PATINO, ARNULFO",4806 MAGGIE ST,"6, ZONE",533Z,77033,CLOSED
183659,Tree Trim,2021-10-04 08:01 PM,Tree Trim Inspection,TREEMAINTENANCE,"UF - JONES, CODY",BRETON RIDGE ST & WILLOW CHASE BLVD,"3, ZONE",370E,77070,CLOSED
183660,Tree Trim,2021-10-04 08:04 PM,Tree Trim Inspection,TREEMAINTENANCE,"UF - POLOVTSEV, SERA",6130 IRISH HILL DR,"7, ZONE",571X,77053,CLOSED
183661,Tree Trim,2021-10-05 05:24 AM,Tree Trim Inspection,TREEMAINTENANCE,"BLANCHETTE, PETER",5214 E OREM DR,"6, ZONE",573R,77048,CLOSED
183663,Tree Trim,2021-10-05 08:05 AM,Tree Trim Inspection,TREEMAINTENANCE,"BLANCHETTE, PETER",5871 SCHEVERS ST,"6, ZONE",574B,77033,CLOSED
183664,Tree Trim,2021-10-05 08:26 AM,Tree Trim Inspection,TREEMAINTENANCE,"UF - JONES, CODY",810 E ROGERS ST,"4, ZONE",453E,77022,CLOSED
183665,Tree Trim,2021-10-05 08:29 AM,Tree Trim Inspection,TREEMAINTENANCE,"EJIM, ONYEKACHI",1303 CORTLANDT ST,"3, ZONE",453W,77008,CLOSED
183666,Tree Trim,2021-10-05 08:32 AM,Tree Trim Inspection,TREEMAINTENANCE,"EJIM, ONYEKACHI",1541 ASHLAND ST,"3, ZONE",452Z,77008,CLOSED
183667,Tree Trim,2021-10-05 08:51 AM,Tree Trim Inspection,TREEMAINTENANCE,"UF - POLOVTSEV, SERA",15039 BEATTY DR,"4, ZONE",375S,77396,CLOSED
183670,Tree Removal,2021-10-05 10:27 AM,Tree Removal Inspection,TREEMAINTENANCE,"BLANCHETTE, PETER",6123 ANDWOOD ST,"6, ZONE",534V,77087,CLOSED
183673,Tree Removal,2021-10-05 11:43 AM,Tree Removal Inspection,TREEMAINTENANCE,"UF - JONES, CODY",7629 DEL MONTE DR,"2, ZONE",490R,77063,CLOSED
183674,Tree Trim,2021-10-05 11:49 AM,Tree Trim Inspection,TREEMAINTENANCE,"EJIM, ONYEKACHI",1902 W 14TH ST,"3, ZONE",452Y,77008,CLOSED
183675,Tree Trim,2021-10-05 11:49 AM,Tree Trim Inspection,TREEMAINTENANCE,"EJIM, ONYEKACHI",601 W 10TH ST,"3, ZONE",492D,77008,CLOSED
183676,Tree Trim,2021-10-05 11:52 AM,Tree Trim Inspection,TREEMAINTENANCE,"EJIM, ONYEKACHI",1803 W 14TH ST,"3, ZONE",452Y,77008,CLOSED
183677,Tree Removal,2021-10-05 12:37 PM,Tree Removal Inspection,TREEMAINTENANCE,"PATINO, ARNULFO",8746 TILGHAM ST,"5, ZONE",495L,77029,CLOSED
183681,Tree Trim,2021-10-05 12:55 PM,Tree Trim Inspection,TREEMAINTENANCE,"BLANCHETTE, PETER",8435 PEEKSKILL LN,"6, ZONE",575Q,77075,CLOSED
183683,Tree Trim,2021-10-05 02:47 PM,Tree Trim Inspection,TREEMAINTENANCE,"UF - POLOVTSEV, SERA",12942 KNOTTY GLEN LN,"2, ZONE",528L,77072,CLOSED
183685,Tree Trim,2021-10-05 05:46 PM,Tree Trim Inspection,TREEMAINTENANCE,"BLANCHETTE, PETER",14249 ALMEDA SCHOOL RD,"7, ZONE",572Y,77047,CLOSED
183686,Tree Trim,2021-10-05 05:55 PM,Tree Trim Inspection,TREEMAINTENANCE,"PATINO, ARNULFO",6210 FOSTER ST,"6, ZONE",533M,77021,CLOSED
183687,Tree Protection Rev,2021-10-05 05:58 PM,Tree Protection Review Inspection,TREEPROTECTION,"UF - POLOVTSEV, SERA",1805 W ALABAMA ST,"2, ZONE",492V,77098,CLOSED
183688,Tree Protection Rev,2021-10-05 06:17 PM,Tree Protection Review Inspection,TREEPROTECTION,"UF - POLOVTSEV, SERA",2552 CHEW ST,"4, ZONE",494C,77020,CLOSED
183689,Tree Trim,2021-10-05 06:56 PM,Tree Trim Inspection,TREEMAINTENANCE,"BLANCHETTE, PETER",6548 MAIN ST,"7, ZONE",532H,77030,CLOSED
183690,Tree Trim,2021-10-05 06:56 PM,Tree Trim Inspection,TREEMAINTENANCE,"UF - BURKES, JEREMY",17904 W LITTLE YORK RD,,407T,77084,CLOSED
183693,Tree Trim,2021-10-06 08:21 AM,Tree Trim Inspection,TREEMAINTENANCE,"PATINO, ARNULFO",902 N WILCREST DR,"2, ZONE",489B,77079,CLOSED
183694,Tree Trim,2021-10-06 09:13 AM,Tree Trim Inspection,TREEMAINTENANCE,"BLANCHETTE, PETER",9300 REDFORD ST,"6, ZONE",575H,77075,CLOSED
183695,Tree Trim,2021-10-06 09:25 AM,Tree Trim Inspection,TREEMAINTENANCE,"BLANCHETTE, PETER",8522 EASTHAVEN BLVD,"6, ZONE",575H,77034,CLOSED
183697,Tree Removal,2021-10-06 10:04 AM,Tree Removal Inspection,TREEMAINTENANCE,"PATINO, ARNULFO",1885 EWING ST,"7, ZONE",533B,77004,CLOSED
183698,Tree Trim,2021-10-06 10:26 AM,Tree Trim Inspection,TREEMAINTENANCE,"PATINO, ARNULFO",6000 MAIN ST,"7, ZONE",533A,77005,CLOSED
183700,Tree Trim,2021-10-06 10:48 AM,Tree Trim Inspection,TREEMAINTENANCE,"BLANCHETTE, PETER",8522 EASTHAVEN BLVD,"6, ZONE",575H,77034,CLOSED
183702,Tree Trim,2021-10-06 11:20 AM,Tree Trim Inspection,TREEMAINTENANCE,"EJIM, ONYEKACHI",1302 HEIGHTS BLVD,"3, ZONE",453W,77008,CLOSED
183703,Tree Removal,2021-10-06 11:56 AM,Tree Removal Inspection,TREEMAINTENANCE,"UF - JONES, CODY",319 E JOHN ALBER RD,"4, ZONE",413S,77037,CLOSED
183705,Tree Removal,2021-10-06 12:57 PM,Tree Removal Inspection,TREEMAINTENANCE,"UF - POLOVTSEV, SERA",548 WESTSHIRE DR,"4, ZONE",496E,77013,CLOSED
183707,Tree Code Violation,2021-10-06 01:06 PM,Tree Code Violation Inspection,TREEPROTECTION,"PATINO, ARNULFO",2208 HULDY ST,"2, ZONE",492R,77019,CLOSED
183708,Tree Trim,2021-10-06 01:06 PM,Tree Trim Inspection,TREEMAINTENANCE,"BLANCHETTE, PETER",3325 HOLMAN ST,"6, ZONE",493Z,77004,CLOSED
183709,Tree Trim,2021-10-06 02:27 PM,Tree Trim Inspection,TREEMAINTENANCE,"BLANCHETTE, PETER",5911 BRIDLINGTON ST,"7, ZONE",571P,77085,CLOSED
183710,Tree Removal,2021-10-06 02:31 PM,Tree Removal Inspection,TREEMAINTENANCE,"UF - JONES, CODY",203 E 30TH ST,"3, ZONE",453N,77018,CLOSED
183711,Tree Trim,2021-10-06 02:50 PM,Tree Trim Inspection,TREEMAINTENANCE,"EJIM, ONYEKACHI",537 FRASIER ST,"3, ZONE",493A,77007,CLOSED
183712,Tree Removal,2021-10-06 04:08 PM,Tree Removal Inspection,TREEMAINTENANCE,"BLANCHETTE, PETER",1500 HERMANN DR,"7, ZONE",533A,77030,CLOSED
183713,Tree Removal,2021-10-06 04:33 PM,Tree Removal Inspection,TREEMAINTENANCE,"PATINO, ARNULFO",5911 ETTRICK DR,"7, ZONE",571E,77035,CLOSED
183714,Tree Trim,2021-10-06 04:33 PM,Tree Trim Inspection,TREEMAINTENANCE,"BLANCHETTE, PETER",15819 HAVENHURST DR,"5, ZONE",618C,77059,CLOSED
183715,Tree Removal,2021-10-06 05:08 PM,Tree Removal Inspection,TREEMAINTENANCE,"PATINO, ARNULFO",4899 KINGWOOD DR,"4, ZONE",337C,77345,CLOSED
183716,Tree Removal,2021-10-06 05:17 PM,Tree Removal Inspection,TREEMAINTENANCE,"BLANCHETTE, PETER",5739 ETTRICK DR,"7, ZONE",571E,77035,CLOSED
183717,Tree Trim,2021-10-06 05:57 PM,Tree Trim Inspection,TREEMAINTENANCE,"PATINO, ARNULFO",1500 BINZ ST,"7, ZONE",533A,77004,CLOSED
183718,Tree Trim,2021-10-06 06:48 PM,Tree Trim Inspection,TREEMAINTENANCE,"UF - JONES, CODY",BYWOOD ST & SHREVEPORT BLVD,"4, ZONE",454H,77028,CLOSED
183719,Tree Trim,2021-10-06 09:50 PM,Tree Trim Inspection,TREEMAINTENANCE,"UF - POLOVTSEV, SERA",2300 BISSONNET ST,"7, ZONE",492Y,77005,CLOSED
183720,Tree Trim,2021-10-07 02:09 AM,Tree Trim Inspection,TREEMAINTENANCE,"PATINO, ARNULFO",13302 ST MARYS LN,"2, ZONE",489B,77079,CLOSED
183721,Tree Removal,2021-10-07 03:54 AM,Tree Removal Inspection,TREEMAINTENANCE,"PATINO, ARNULFO",14100 BRIARSAGE CT,"2, ZONE",488N,77077,CLOSED
183722,Tree Removal,2021-10-07 04:34 AM,Tree Removal Inspection,TREEMAINTENANCE,"UF - JONES, CODY",1812 ELMEN ST,"2, ZONE",492R,77019,CLOSED
183725,Tree Trim,2021-10-07 09:37 AM,Tree Trim Inspection,TREEMAINTENANCE,"PATINO, ARNULFO",12401 KATY FWY,"2, ZONE",488D,77079,CLOSED
183726,Tree Removal,2021-10-07 09:42 AM,Tree Removal Inspection,TREEMAINTENANCE,"UF - BHATTARAI, NIMESH",3500 ADELIA ST,"4, ZONE",494B,77026,CLOSED
183728,Tree Stump Grinding,2021-10-07 11:18 AM,Tree Stump Inspection,TREEMAINTENANCE,"BLANCHETTE, PETER",7505 MORNINGSIDE DR,"7, ZONE",532L,77030,CLOSED
183729,Tree Removal,2021-10-07 11:59 AM,Tree Removal Inspection,TREEMAINTENANCE,"EJIM, ONYEKACHI",5407 BOLIVIA BLVD,"3, ZONE",451C,77091,CLOSED
183730,Tree Removal,2021-10-07 12:00 PM,Tree Removal Inspection,TREEMAINTENANCE,"EJIM, ONYEKACHI",5427 BOLIVIA BLVD,"3, ZONE",451C,77091,CLOSED
183731,Tree Trim,2021-10-07 12:06 PM,Tree Trim Inspection,TREEMAINTENANCE,"EJIM, ONYEKACHI",2111 MCKEAN DR,"3, ZONE",450Q,77080,CLOSED
183732,Tree Trim,2021-10-07 12:54 PM,Tree Trim Inspection,TREEMAINTENANCE,"BLANCHETTE, PETER",2405 BARBEE ST,"6, ZONE",493Y,77004,CLOSED
183736,Tree Trim,2021-10-07 03:58 PM,Tree Trim Inspection,TREEMAINTENANCE,"BLANCHETTE, PETER",2100 MCKINNEY ST,"5, ZONE",493R,77003,CLOSED
183737,Tree Trim,2021-10-07 03:59 PM,Tree Trim Inspection,TREEMAINTENANCE,"BLANCHETTE, PETER",5254 INDIGO ST,"7, ZONE",531P,77096,CLOSED
183738,Tree Removal,2021-10-07 04:01 PM,Tree Removal Inspection,TREEMAINTENANCE,"BLANCHETTE, PETER",6650 MILART ST,"6, ZONE",534N,77021,CLOSED
183739,Tree Removal,2021-10-07 04:02 PM,Tree Removal Inspection,TREEMAINTENANCE,"UF - JONES, CODY",9710 CLARK RD (CLARK PARK),"4, ZONE",453B,77076,CLOSED
183740,Tree Trim,2021-10-07 04:02 PM,Tree Trim Inspection,TREEMAINTENANCE,"PATINO, ARNULFO",2020 HERMANN DR,"7, ZONE",533B,77030,CLOSED
183741,Tree Trim,2021-10-07 04:05 PM,Tree Trim Inspection,TREEMAINTENANCE,"UF - JONES, CODY",7002 PELLA DR,"2, ZONE",530E,77036,CLOSED
183742,Tree Trim,2021-10-07 04:42 PM,Tree Trim Inspection,TREEMAINTENANCE,"BLANCHETTE, PETER",6002 SHERMAN ST,"5, ZONE",494U,77011,CLOSED
183743,Tree Trim,2021-10-07 04:47 PM,Tree Trim Inspection,TREEMAINTENANCE,"BLANCHETTE, PETER",14114 BOULDER FALLS CT,"5, ZONE",617D,77062,CLOSED
183744,Tree Trim,2021-10-07 04:57 PM,Tree Trim Inspection,TREEMAINTENANCE,"UF - POLOVTSEV, SERA",2239 NORTH BLVD,"7, ZONE",492Y,77098,CLOSED
183745,Tree Trim,2021-10-07 05:11 PM,Tree Trim Inspection,TREEMAINTENANCE,"EJIM, ONYEKACHI",500 E 23RD ST,"3, ZONE",453S,77008,CLOSED
183746,Tree Removal,2021-10-07 05:44 PM,Tree Removal Inspection,TREEMAINTENANCE,"UF - POLOVTSEV, SERA",10630 BEECHNUT ST,"2, ZONE",529Q,77072,CLOSED
183747,Tree Trim,2021-10-07 07:21 PM,Tree Trim Inspection,TREEMAINTENANCE,"BLANCHETTE, PETER",6404 BELDART ST,"6, ZONE",534Y,77087,CLOSED
183748,Tree Stump Grinding,2021-10-07 08:40 PM,Tree Stump Inspection,TREEMAINTENANCE,"BLANCHETTE, PETER",3831 PRUDENCE DR,"7, ZONE",572N,77045,CLOSED
183749,Tree Removal,2021-10-08 12:36 AM,Tree Removal Inspection,TREEMAINTENANCE,"EJIM, ONYEKACHI",1508 WIRT RD,"3, ZONE",451X,77055,CLOSED
183750,Tree Trim,2021-10-08 03:10 AM,Tree Trim Inspection,TREEMAINTENANCE,"PATINO, ARNULFO",24250 RED DEER DR,"4, ZONE",338Q,77336,CLOSED
183751,Tree Trim,2021-10-08 03:11 AM,Tree Trim Inspection,TREEMAINTENANCE,"PATINO, ARNULFO",24221 RED DEER DR,"4, ZONE",338Q,77336,CLOSED
183752,Tree Trim,2021-10-08 03:13 AM,Tree Trim Inspection,TREEMAINTENANCE,"PATINO, ARNULFO",24230 SUNNY GLEN DR,"4, ZONE",338Q,77336,CLOSED
183753,Tree Trim,2021-10-08 03:14 AM,Tree Trim Inspection,TREEMAINTENANCE,"PATINO, ARNULFO",319 LOON RIVER DR,"4, ZONE",338L,77336,CLOSED
183754,Tree Trim,2021-10-08 03:16 AM,Tree Trim Inspection,TREEMAINTENANCE,"PATINO, ARNULFO",850 BENS LN,"4, ZONE",338M,77336,CLOSED
183755,Tree Code Violation,2021-10-08 03:59 AM,Tree Code Violation Inspection,TREEPROTECTION,"UF - BHATTARAI, NIMESH",6005 BURNING TREE DR,"2, ZONE",530A,77036,CLOSED
183756,Tree Trim,2021-10-08 07:35 AM,Tree Trim Inspection,TREEMAINTENANCE,"EJIM, ONYEKACHI",7255 BROOK STONE DR,"3, ZONE",411S,77040,CLOSED
183757,Tree Removal,2021-10-08 08:06 AM,Tree Removal Inspection,TREEMAINTENANCE,"UF - POLOVTSEV, SERA",7700 SALINA ST,"4, ZONE",455W,77020,CLOSED
183758,Tree Trim,2021-10-08 08:12 AM,Tree Trim Inspection,TREEMAINTENANCE,"BLANCHETTE, PETER",4931 CROKER RIDGE RD,"7, ZONE",571Z,77053,CLOSED
183761,Tree Stump Grinding,2021-10-08 08:48 AM,Tree Stump Inspection,TREEMAINTENANCE,"UF - JONES, CODY",2222 LYNNFIELD ST,"4, ZONE",453R,77093,CLOSED
183762,Tree Removal,2021-10-08 09:28 AM,Tree Removal Inspection,TREEMAINTENANCE,"BLANCHETTE, PETER",4930 GAMMAGE ST,"6, ZONE",534J,77021,CLOSED
183763,Tree Removal,2021-10-08 10:01 AM,Tree Removal Inspection,TREEMAINTENANCE,"PATINO, ARNULFO",7404 MCKINNEY ST,"5, ZONE",495W,77011,CLOSED
183764,Tree Trim,2021-10-08 10:07 AM,Tree Trim Inspection,TREEMAINTENANCE,"PATINO, ARNULFO",15702 SAMOA WAY,"7, ZONE",571X,77053,CLOSED
183765,Tree Removal,2021-10-08 10:19 AM,Tree Removal Inspection,TREEMAINTENANCE,"UF - JONES, CODY",5901 FAIRDALE LN,"2, ZONE",491X,77057,CLOSED
183766,Tree Trim,2021-10-08 11:50 AM,Tree Trim Inspection,TREEMAINTENANCE,"UF - JONES, CODY",16302 PEBBLE CREST CT,"2, ZONE",527P,77083,CLOSED
183767,Tree Removal,2021-10-08 12:24 PM,Tree Removal Inspection,TREEMAINTENANCE,"UF - POLOVTSEV, SERA",2144 HAROLD ST,"2, ZONE",492U,77098,CLOSED
183769,Tree Trim,2021-10-08 12:35 PM,Tree Trim Inspection,TREEMAINTENANCE,"UF - BHATTARAI, NIMESH",5920 BELLAIRE BLVD,"7, ZONE",531E,77081,CLOSED
183770,Tree Removal,2021-10-08 01:18 PM,Tree Removal Inspection,TREEMAINTENANCE,"UF - POLOVTSEV, SERA",12315 HUNTINGTON FIELD DR,"2, ZONE",528Z,77099,CLOSED
183771,Tree Trim,2021-10-08 01:33 PM,Tree Trim Inspection,TREEMAINTENANCE,"UF - BHATTARAI, NIMESH",7202 FORCE ST,"4, ZONE",494D,77020,CLOSED
183772,Tree Trim,2021-10-08 02:34 PM,Tree Trim Inspection,TREEMAINTENANCE,"EJIM, ONYEKACHI",1031 STUDE ST,"3, ZONE",493A,77007,CLOSED
183773,Tree Trim,2021-10-08 03:22 PM,Tree Trim Inspection,TREEMAINTENANCE,"BLANCHETTE, PETER",7330 DALLAS ST,"5, ZONE",494Z,77011,CLOSED
183774,Tree Removal,2021-10-08 03:27 PM,Tree Removal Inspection,TREEMAINTENANCE,"UF - BHATTARAI, NIMESH",6698 HARWIN DR,"2, ZONE",530D,77036,CLOSED
183775,Tree Removal,2021-10-08 03:27 PM,Tree Removal Inspection,TREEMAINTENANCE,"UF - POLOVTSEV, SERA",9 BRIARWOOD CT,"2, ZONE",492T,77019,CLOSED
183776,Tree Removal,2021-10-08 03:33 PM,Tree Removal Inspection,TREEMAINTENANCE,"UF - JONES, CODY",10010 LOST TRAIL ST,"3, ZONE",411P,77088,CLOSED
183777,Tree Removal,2021-10-08 03:38 PM,Tree Removal Inspection,TREEMAINTENANCE,"UF - BHATTARAI, NIMESH",8300 SUNBURY ST,"4, ZONE",455P,77028,CLOSED
183778,Tree Removal,2021-10-08 03:56 PM,Tree Removal Inspection,TREEMAINTENANCE,"BLANCHETTE, PETER",305 EVERTON ST,"5, ZONE",494N,77003,CLOSED
183779,Tree Removal,2021-10-08 04:23 PM,Tree Removal Inspection,TREEMAINTENANCE,"UF - BURKES, JEREMY",2206 WILDE ROCK WAY,"3, ZONE",452N,77018,CLOSED
183780,Tree Removal,2021-10-08 04:41 PM,Tree Removal Inspection,TREEMAINTENANCE,"UF - JONES, CODY",1319 HARVARD ST,"3, ZONE",453W,77008,CLOSED
183781,Tree Trim,2021-10-08 04:44 PM,Tree Trim Inspection,TREEMAINTENANCE,"BLANCHETTE, PETER",5502 HARRISBURG  BLVD ,"5, ZONE",494U,77011,CLOSED
183782,Tree Trim,2021-10-08 05:06 PM,Tree Trim Inspection,TREEMAINTENANCE,"BLANCHETTE, PETER",5400 HARRISBURG BLVD,"5, ZONE",494U,77011,CLOSED
183783,Tree Trim,2021-10-08 05:24 PM,Tree Trim Inspection,TREEMAINTENANCE,"UF - JONES, CODY",7538 INWOOD DR,"2, ZONE",490R,77063,CLOSED
183784,Tree Trim,2021-10-08 08:11 PM,Tree Trim Inspection,TREEMAINTENANCE,"UF - BHATTARAI, NIMESH",2401 BRINGHURST ST,"4, ZONE",494B,77026,CLOSED
183785,Tree Trim,2021-10-08 10:20 PM,Tree Trim Inspection,TREEMAINTENANCE,"PATINO, ARNULFO",24502 FIR RIDGE CT,"4, ZONE",338L,77336,CLOSED
183786,Tree Removal,2021-10-09 04:15 AM,Tree Removal Inspection,TREEMAINTENANCE,"UF - JONES, CODY",1756 KIPLING ST,"2, ZONE",492V,77098,CLOSED
183787,Tree Trim,2021-10-09 10:31 AM,Tree Trim Inspection,TREEMAINTENANCE,"UF - JONES, CODY",3622 MAIN ST,"2, ZONE",493T,77002,CLOSED
183788,Tree Removal,2021-10-09 02:00 PM,Tree Removal Inspection,TREEMAINTENANCE,"BLANCHETTE, PETER",4045 LEMAC DR (WESTWOOD PARK),"7, ZONE",532S,77025,CLOSED
183789,Tree Trim,2021-10-10 12:49 PM,Tree Trim Inspection,TREEMAINTENANCE,"BLANCHETTE, PETER",10334 SAGEPLUM DR,"6, ZONE",616F,77089,CLOSED
183790,Tree Code Violation,2021-10-10 04:18 PM,Tree Code Violation Inspection,TREEPROTECTION,"UF - BURKES, JEREMY",85 E CROSSTIMBERS ST,"4, ZONE",453K,77022,CLOSED
183791,Tree Trim,2021-10-11 01:26 AM,Tree Trim Inspection,TREEMAINTENANCE,"BLANCHETTE, PETER",3401 SOUTHMORE BLVD,"6, ZONE",533C,77004,CLOSED
183792,Tree Trim,2021-10-11 01:29 AM,Tree Trim Inspection,TREEMAINTENANCE,"BLANCHETTE, PETER",3208 SOUTHMORE BLVD,"6, ZONE",533C,77004,CLOSED
183793,Tree Trim,2021-10-11 01:32 AM,Tree Trim Inspection,TREEMAINTENANCE,"BLANCHETTE, PETER",3110 SOUTHMORE BLVD,"6, ZONE",533C,77004,CLOSED
183794,Tree Trim,2021-10-11 01:35 AM,Tree Trim Inspection,TREEMAINTENANCE,"BLANCHETTE, PETER",811 ST EMANUEL ST,"5, ZONE",493R,77003,CLOSED
183796,Tree Trim,2021-10-11 07:58 AM,Tree Trim Inspection,TREEMAINTENANCE,"EJIM, ONYEKACHI",2311 BRON HOLLY DR,"3, ZONE",452N,77018,CLOSED
183797,Tree Trim,2021-10-11 08:15 AM,Tree Trim Inspection,TREEMAINTENANCE,"BLANCHETTE, PETER",10831 MOONLIGHT DR,"7, ZONE",531X,77096,CLOSED
183798,Tree Trim,2021-10-11 08:42 AM,Tree Trim Inspection,TREEMAINTENANCE,"BLANCHETTE, PETER",2301 UNIVERSITY BLVD,"7, ZONE",532C,77030,CLOSED
183799,Tree Trim,2021-10-11 09:40 AM,Tree Trim Inspection,TREEMAINTENANCE,"EJIM, ONYEKACHI",6001 KIAM ST,"3, ZONE",492B,77007,CLOSED
183800,Tree Trim,2021-10-11 09:56 AM,Tree Trim Inspection,TREEMAINTENANCE,"EJIM, ONYEKACHI",815 SLEDGE ST,"3, ZONE",493B,77009,CLOSED
183801,Tree Removal,2021-10-11 10:33 AM,Tree Removal Inspection,TREEMAINTENANCE,"BLANCHETTE, PETER",7505 MORNINGSIDE DR,"7, ZONE",532L,77030,CLOSED
183802,Tree Trim,2021-10-11 10:35 AM,Tree Trim Inspection,TREEMAINTENANCE,"PATINO, ARNULFO",12531 PIPING ROCK DR,"2, ZONE",488V,77077,CLOSED
183803,Tree Trim,2021-10-11 10:36 AM,Tree Trim Inspection,TREEMAINTENANCE,"PATINO, ARNULFO",2306 ASHFORD HOLLOW LN,"2, ZONE",488V,77077,CLOSED
183804,Tree Removal,2021-10-11 10:45 AM,Tree Removal Inspection,TREEMAINTENANCE,"PATINO, ARNULFO",9631 WINDSWEPT LN,"2, ZONE",490W,77063,CLOSED
183805,Tree Removal,2021-10-11 10:53 AM,Tree Removal Inspection,TREEMAINTENANCE,"UF - JONES, CODY",720 E CROSSTIMBERS ST,"4, ZONE",453L,77022,CLOSED
183807,Tree Trim,2021-10-11 12:12 PM,Tree Trim Inspection,TREEMAINTENANCE,"UF - JONES, CODY",1010 WAUGH DR,"2, ZONE",492M,77019,CLOSED
183808,Tree Trim,2021-10-11 12:18 PM,Tree Trim Inspection,TREEMAINTENANCE,"UF - JONES, CODY",3110 W DALLAS ST,"2, ZONE",492M,77019,CLOSED
183810,Tree Removal,2021-10-11 01:06 PM,Tree Removal Inspection,TREEMAINTENANCE,"EJIM, ONYEKACHI",10810 W LITTLE YORK RD,"3, ZONE",409U,77041,CLOSED
183812,Tree Trim,2021-10-11 01:49 PM,Tree Trim Inspection,TREEMAINTENANCE,"UF - BHATTARAI, NIMESH",7950 W FUQUA ST,"7, ZONE",570Z,77489,CLOSED
183813,Tree Trim,2021-10-11 01:55 PM,Tree Trim Inspection,TREEMAINTENANCE,"PATINO, ARNULFO",6100 FUQUA ST,"6, ZONE",574U,77048,CLOSED
183814,Tree Trim,2021-10-11 02:15 PM,Tree Trim Inspection,TREEMAINTENANCE,"PATINO, ARNULFO",7000 SANTA FE DR,"6, ZONE",574D,77061,CLOSED
183815,Tree Trim,2021-10-11 02:16 PM,Tree Trim Inspection,TREEMAINTENANCE,"BLANCHETTE, PETER",3100 BROADWAY ST,"5, ZONE",535K,77017,CLOSED
183816,Tree Trim,2021-10-11 02:36 PM,Tree Trim Inspection,TREEMAINTENANCE,"UF - JONES, CODY",17230 ARTWOOD LN,"7, ZONE",610F,77489,CLOSED
183817,Tree Trim,2021-10-11 03:45 PM,Tree Trim Inspection,TREEMAINTENANCE,"EJIM, ONYEKACHI",4950 BRINKMAN ST,"3, ZONE",452G,77018,CLOSED
183818,Tree Trim,2021-10-11 03:58 PM,Tree Trim Inspection,TREEMAINTENANCE,"PATINO, ARNULFO",4115 JULIET ST,"6, ZONE",534L,77087,CLOSED
183819,Tree Trim,2021-10-11 04:15 PM,Tree Trim Inspection,TREEMAINTENANCE,"BLANCHETTE, PETER",118 S CESAR CHAVEZ BLVD,"5, ZONE",494V,77011,CLOSED
183820,Tree Trim,2021-10-11 04:42 PM,Tree Trim Inspection,TREEMAINTENANCE,"BLANCHETTE, PETER",5147 DARNELL ST,"7, ZONE",531Q,77096,CLOSED
183821,Tree Trim,2021-10-11 04:42 PM,Tree Trim Inspection,TREEMAINTENANCE,"UF - JONES, CODY",217 NEYLAND ST,"4, ZONE",453L,77022,CLOSED
183822,Tree Trim,2021-10-11 07:41 PM,Tree Trim Inspection,TREEMAINTENANCE,"UF - JONES, CODY",CAPITOL ST & SAN JACINTO ST,"1, ZONE",493L,77002,CLOSED
183823,Tree Trim,2021-10-11 07:50 PM,Tree Trim Inspection,TREEMAINTENANCE,"BLANCHETTE, PETER",611 ROPER ST,"5, ZONE",576F,77034,CLOSED
183824,Tree Trim,2021-10-11 08:05 PM,Tree Trim Inspection,TREEMAINTENANCE,"UF - JONES, CODY",703 DE BOLL ST,"4, ZONE",453G,77022,CLOSED
183825,Tree Trim,2021-10-11 08:17 PM,Tree Trim Inspection,TREEMAINTENANCE,"BLANCHETTE, PETER",2000 BAY AREA BLVD,"5, ZONE",618L,77058,CLOSED
183826,Tree Trim,2021-10-11 08:21 PM,Tree Trim Inspection,TREEMAINTENANCE,"UF - JONES, CODY",5026 RIDGEHAVEN DR,"7, ZONE",611C,77053,CLOSED
183827,Tree Removal,2021-10-11 10:00 PM,Tree Removal Inspection,TREEMAINTENANCE,"UF - JONES, CODY",12119 BRIAR FOREST DR,"2, ZONE",489N,77077,CLOSED
183828,Tree Trim,2021-10-12 12:20 AM,Tree Trim Inspection,TREEMAINTENANCE,"PATINO, ARNULFO",11414 RICHMOND AVE,"2, ZONE",489X,77082,CLOSED
183832,Tree Removal,2021-10-12 08:15 AM,Tree Removal Inspection,TREEMAINTENANCE,"UF - JONES, CODY",3403 MANSFIELD ST,"3, ZONE",451D,77091,CLOSED
183834,Tree Trim,2021-10-12 09:27 AM,Tree Trim Inspection,TREEMAINTENANCE,"EJIM, ONYEKACHI",1717 W 13TH ST,"3, ZONE",452Y,77008,CLOSED
183835,Tree Removal,2021-10-12 10:12 AM,Tree Removal Inspection,TREEMAINTENANCE,"UF - JONES, CODY",1300 SEAGLER RD (MARY ANN FRANCKLOW PARK),"2, ZONE",489R,77042,CLOSED
183836,Tree Removal,2021-10-12 10:36 AM,Tree Removal Inspection,TREEMAINTENANCE,"PATINO, ARNULFO",2101 ALBANS RD,"7, ZONE",532D,77005,CLOSED
183837,Tree Trim,2021-10-12 12:06 PM,Tree Trim Inspection,TREEMAINTENANCE,"BLANCHETTE, PETER",5242 CLAREMONT ST,"5, ZONE",494X,77023,CLOSED
183838,Tree Trim,2021-10-12 01:00 PM,Tree Trim Inspection,TREEMAINTENANCE,"UF - BHATTARAI, NIMESH",6521 BIRDWOOD RD,"7, ZONE",530R,77074,CLOSED
183839,Tree Trim,2021-10-12 01:41 PM,Tree Trim Inspection,TREEMAINTENANCE,"UF - BHATTARAI, NIMESH",526 HENKE ST,"4, ZONE",494H,77020,CLOSED
183840,Tree Trim,2021-10-12 01:45 PM,Tree Trim Inspection,TREEMAINTENANCE,"UF - BHATTARAI, NIMESH",4600 WIPPRECHT ST,"4, ZONE",454U,77026,CLOSED
183845,Tree Trim,2021-10-12 02:37 PM,Tree Trim Inspection,TREEMAINTENANCE,"UF - JONES, CODY",9016 PEACHTREE ST,"4, ZONE",454G,77016,CLOSED
183846,Tree Trim,2021-10-12 02:38 PM,Tree Trim Inspection,TREEMAINTENANCE,"BLANCHETTE, PETER",7831 WILLIFORD ST,"5, ZONE",535F,77012,CLOSED
183849,Tree Trim,2021-10-12 03:54 PM,Tree Trim Inspection,TREEMAINTENANCE,"EJIM, ONYEKACHI",4703 APOLLO ST,"3, ZONE",452F,77018,CLOSED
183850,Tree Trim,2021-10-12 04:12 PM,Tree Trim Inspection,TREEMAINTENANCE,"BLANCHETTE, PETER",11000 SCOTT ST,"6, ZONE",573G,77047,CLOSED
183851,Tree Trim,2021-10-12 05:00 PM,Tree Trim Inspection,TREEMAINTENANCE,"PATINO, ARNULFO",3014 S RICE AVE,"2, ZONE",491U,77056,CLOSED
183852,Tree Removal,2021-10-12 05:12 PM,Tree Removal Inspection,TREEMAINTENANCE,"UF - JONES, CODY",3318 HARDY ST,"4, ZONE",453Z,77009,CLOSED
183853,Tree Removal,2021-10-12 06:28 PM,Tree Removal Inspection,TREEMAINTENANCE,"PATINO, ARNULFO",8833 MEMORIAL DR,"2, ZONE",491G,77024,CLOSED
183854,Tree Trim,2021-10-12 06:37 PM,Tree Trim Inspection,TREEMAINTENANCE,"BLANCHETTE, PETER",3300 ALABAMA ST,"6, ZONE",493Z,77004,CLOSED
183855,Tree Removal,2021-10-13 12:49 AM,Tree Removal Inspection,TREEMAINTENANCE,"PATINO, ARNULFO",8901 MEMORIAL DR,"2, ZONE",491G,77024,CLOSED
183857,Tree Trim,2021-10-13 07:32 AM,Tree Trim Inspection,TREEMAINTENANCE,"UF - JONES, CODY",10134 PEACH ST,"4, ZONE",454C,77093,CLOSED
183858,Tree Trim,2021-10-13 07:33 AM,Tree Trim Inspection,TREEMAINTENANCE,"BLANCHETTE, PETER",201 EASTWOOD,"5, ZONE",494P,77003,CLOSED
183859,Tree Removal,2021-10-13 07:35 AM,Tree Removal Inspection,TREEMAINTENANCE,"UF - JONES, CODY",4400 KELLEY ST,"4, ZONE",454P,77026,CLOSED
183860,Tree Trim,2021-10-13 08:14 AM,Tree Trim Inspection,TREEMAINTENANCE,"EJIM, ONYEKACHI",5950 KIAM ST,"3, ZONE",492B,77007,CLOSED
183861,Tree Removal,2021-10-13 08:35 AM,Tree Removal Inspection,TREEMAINTENANCE,"UF - BHATTARAI, NIMESH",8015 BIRMINGHAM ST,"4, ZONE",455K,77028,CLOSED
183862,Tree Removal,2021-10-13 09:11 AM,Tree Removal Inspection,TREEMAINTENANCE,"UF - POLOVTSEV, SERA",600 GELLHORN DR,"4, ZONE",495C,77029,CLOSED
183863,Tree Removal,2021-10-13 10:14 AM,Tree Removal Inspection,TREEMAINTENANCE,"UF - JONES, CODY",1750 SUL ROSS ST,"2, ZONE",492V,77098,CLOSED
183865,Tree Trim,2021-10-13 10:27 AM,Tree Trim Inspection,TREEMAINTENANCE,"UF - JONES, CODY",N WILCREST DR & ST MARYS LN,"2, ZONE",489B,77079,CLOSED
183866,Tree Trim,2021-10-13 11:03 AM,Tree Trim Inspection,TREEMAINTENANCE,"BLANCHETTE, PETER",12201 PALMCREST ST,"5, ZONE",576L,77034,CLOSED
183867,Tree Trim,2021-10-13 11:57 AM,Tree Trim Inspection,TREEMAINTENANCE,"EJIM, ONYEKACHI",5336 PETTY ST,"3, ZONE",492C,77007,CLOSED
183868,Tree Removal,2021-10-13 12:09 PM,Tree Removal Inspection,TREEMAINTENANCE,"PATINO, ARNULFO",7317 AVENUE I,"5, ZONE",495S,77011,CLOSED
183872,Tree Removal,2021-10-13 01:40 PM,Tree Removal Inspection,TREEMAINTENANCE,"UF - POLOVTSEV, SERA",333 JENSEN DR,"5, ZONE",494J,77020,CLOSED
183873,Tree Removal,2021-10-13 01:59 PM,Tree Removal Inspection,TREEMAINTENANCE,"PATINO, ARNULFO",6714 KELLER ST,"5, ZONE",534H,77087,CLOSED
183874,Tree Removal,2021-10-13 02:23 PM,Tree Removal Inspection,TREEMAINTENANCE,"UF - BHATTARAI, NIMESH",616 MAJESTIC ST,"4, ZONE",494H,77020,CLOSED
183875,Tree Trim,2021-10-13 02:37 PM,Tree Trim Inspection,TREEMAINTENANCE,"PATINO, ARNULFO",2423 W 11TH ST,"3, ZONE",492B,77008,CLOSED
183876,Tree Removal,2021-10-13 03:23 PM,Tree Removal Inspection,TREEMAINTENANCE,"UF - BHATTARAI, NIMESH",9900 BALMFORTH LN (GODWIN PARK),"7, ZONE",531U,77096,CLOSED
183877,Tree Removal,2021-10-13 03:39 PM,Tree Removal Inspection,TREEMAINTENANCE,"UF - POLOVTSEV, SERA","GREELEY ST & W MAIN ST,HOUSTON,77006","2, ZONE",493S,5356b,CLOSED
183878,Tree Removal,2021-10-13 09:08 PM,Tree Removal Inspection,TREEMAINTENANCE,"EJIM, ONYEKACHI",5218 SAXON DR (MAGNUM MANOR PARK),"3, ZONE",451L,77092,CLOSED
183879,Tree Trim,2021-10-13 09:45 PM,Tree Trim Inspection,TREEMAINTENANCE,"BLANCHETTE, PETER",9423 MEADOWBRIAR LN,"2, ZONE",490X,77063,CLOSED
183880,Tree Trim,2021-10-14 03:25 AM,Tree Trim Inspection,TREEMAINTENANCE,"UF - POLOVTSEV, SERA",9150 S DAIRY ASHFORD RD,"2, ZONE",528R,77099,CLOSED
183881,Tree Removal,2021-10-14 05:02 AM,Tree Removal Inspection,TREEMAINTENANCE,"UF - BHATTARAI, NIMESH",6102 LYMBAR DR,"7, ZONE",530Z,77096,CLOSED
183883,Tree Removal,2021-10-14 06:51 AM,Tree Removal Inspection,TREEMAINTENANCE,"UF - JONES, CODY",1010 LAMONTE LN,"3, ZONE",452K,77018,CLOSED
183884,Tree Trim,2021-10-14 08:16 AM,Tree Trim Inspection,TREEMAINTENANCE,"EJIM, ONYEKACHI",10115 OKANELLA ST,"3, ZONE",410W,77041,CLOSED
183885,Tree Trim,2021-10-14 08:55 AM,Tree Trim Inspection,TREEMAINTENANCE,"UF - JONES, CODY",15735 ISLAND GROVE CT,"2, ZONE",488B,77079,CLOSED
183886,Tree Trim,2021-10-14 09:05 AM,Tree Trim Inspection,TREEMAINTENANCE,"UF - JONES, CODY",17223 ARTWOOD LN,"7, ZONE",610G,77489,CLOSED
183888,Tree Trim,2021-10-14 09:59 AM,Tree Trim Inspection,TREEMAINTENANCE,"BLANCHETTE, PETER",4235 BELLAIRE BLVD,"7, ZONE",532E,77025,CLOSED
183889,Tree Trim,2021-10-14 10:15 AM,Tree Trim Inspection,TREEMAINTENANCE,"UF - BHATTARAI, NIMESH",8514 BURNING HILLS DR,"7, ZONE",530T,77071,CLOSED
183890,Tree Trim,2021-10-14 10:23 AM,Tree Trim Inspection,TREEMAINTENANCE,"PATINO, ARNULFO",4925 MANDELL ST,"7, ZONE",492Z,77006,CLOSED
183891,Tree Removal,2021-10-14 10:44 AM,Tree Removal Inspection,TREEMAINTENANCE,"UF - JONES, CODY",7660 CLAREWOOD DR (WALTER NEIGHBORHOOD LIBRARY),"2, ZONE",530G,77036,CLOSED
183892,Tree Removal,2021-10-14 11:00 AM,Tree Removal Inspection,TREEMAINTENANCE,"UF - POLOVTSEV, SERA",4800 MONTROSE BLVD (BELL PARK),"7, ZONE",493W,77006,CLOSED
183893,Tree Trim,2021-10-14 11:48 AM,Tree Trim Inspection,TREEMAINTENANCE,"BLANCHETTE, PETER",4200 CULLEN BLVD,"6, ZONE",533D,77004,CLOSED
183894,Tree Trim,2021-10-14 12:00 PM,Tree Trim Inspection,TREEMAINTENANCE,"EJIM, ONYEKACHI",10115 PRAIRIE MIST ST,"3, ZONE",411K,77088,CLOSED
183895,Tree Trim,2021-10-14 01:32 PM,Tree Trim Inspection,TREEMAINTENANCE,"PATINO, ARNULFO",6201 HERMANN PARK DR,"7, ZONE",533A,77030,CLOSED
183896,Tree Trim,2021-10-14 01:35 PM,Tree Trim Inspection,TREEMAINTENANCE,"BLANCHETTE, PETER",2999 S WAYSIDE DR (GRAGG PARK),"6, ZONE",534G,77023,CLOSED
183899,Tree Trim,2021-10-14 02:29 PM,Tree Trim Inspection,TREEMAINTENANCE,"UF - POLOVTSEV, SERA",12710 BRAEWOOD GLEN LN,"2, ZONE",528M,77072,CLOSED
183900,Tree Trim,2021-10-14 02:35 PM,Tree Trim Inspection,TREEMAINTENANCE,"BLANCHETTE, PETER",3411 ANGEL LN,"7, ZONE",572F,77045,CLOSED
183901,Tree Removal,2021-10-14 02:56 PM,Tree Removal Inspection,TREEMAINTENANCE,"UF - POLOVTSEV, SERA",1500 TRAVIS ST,"1, ZONE",493Q,77002,CLOSED
183902,Tree Trim,2021-10-14 03:21 PM,Tree Trim Inspection,TREEMAINTENANCE,"BLANCHETTE, PETER",CULLEN BLVD & SCHURMIER RD,"6, ZONE",573V,77048,CLOSED
183904,Tree Trim,2021-10-14 03:58 PM,Tree Trim Inspection,TREEMAINTENANCE,"PATINO, ARNULFO",13346 KNOLLCREST ST,"4, ZONE",497E,77015,CLOSED
183905,Tree Removal,2021-10-15 03:25 AM,Tree Removal Inspection,TREEMAINTENANCE,"UF - JONES, CODY",10000 MEMORIAL DR,"2, ZONE",491B,77024,CLOSED
183907,Tree Removal,2021-10-15 08:19 AM,Tree Removal Inspection,TREEMAINTENANCE,"UF - POLOVTSEV, SERA",125 EMILE ST,"5, ZONE",494K,77020,CLOSED
183908,Tree Trim,2021-10-15 08:22 AM,Tree Trim Inspection,TREEMAINTENANCE,"UF - BHATTARAI, NIMESH",4300 W BELLFORT AVE,"7, ZONE",531V,77096,CLOSED
183909,Tree Removal,2021-10-15 08:25 AM,Tree Removal Inspection,TREEMAINTENANCE,"PATINO, ARNULFO",6422 PICKENS ST,"2, ZONE",492F,77007,CLOSED
183910,Tree Removal,2021-10-15 09:18 AM,Tree Removal Inspection,TREEMAINTENANCE,"PATINO, ARNULFO",4217 ROSE ST,"2, ZONE",492H,77007,CLOSED
183911,Tree Trim,2021-10-15 09:32 AM,Tree Trim Inspection,TREEMAINTENANCE,"EJIM, ONYEKACHI",707 E 20TH ST,"3, ZONE",453S,77008,CLOSED
183912,Tree Trim,2021-10-15 09:59 AM,Tree Trim Inspection,TREEMAINTENANCE,"BLANCHETTE, PETER",4103 LANARK LN,"7, ZONE",532E,77025,CLOSED
183914,Tree Removal,2021-10-15 12:31 PM,Tree Removal Inspection,TREEMAINTENANCE,"PATINO, ARNULFO",6101 FANNIN ST,"7, ZONE",533A,77030,CLOSED
183916,Tree Trim,2021-10-15 12:49 PM,Tree Trim Inspection,TREEMAINTENANCE,"UF - POLOVTSEV, SERA",815 PIERCE ST,"1, ZONE",493P,77002,CLOSED
183918,Tree Removal,2021-10-15 01:25 PM,Tree Removal Inspection,TREEMAINTENANCE,"EJIM, ONYEKACHI",717 E 10TH 1/2 ST,"3, ZONE",493A,77008,CLOSED
183919,Tree Removal,2021-10-15 02:04 PM,Tree Removal Inspection,TREEMAINTENANCE,"BLANCHETTE, PETER",4421 JEFFERSON ST,"5, ZONE",494W,77023,CLOSED
183920,Tree Trim,2021-10-15 02:35 PM,Tree Trim Inspection,TREEMAINTENANCE,"UF - POLOVTSEV, SERA",11002 HIGH STAR DR,"2, ZONE",529B,77072,CLOSED
183921,Tree Removal,2021-10-15 02:47 PM,Tree Removal Inspection,TREEMAINTENANCE,"UF - POLOVTSEV, SERA",1613 CALIFORNIA ST,"2, ZONE",493S,77006,CLOSED
183922,Tree Trim,2021-10-15 03:20 PM,Tree Trim Inspection,TREEMAINTENANCE,"UF - JONES, CODY",13220 BRETON RIDGE ST,"3, ZONE",370E,77070,CLOSED
183923,Tree Removal,2021-10-15 05:00 PM,Tree Removal Inspection,TREEMAINTENANCE,"PATINO, ARNULFO",3029 BROADWAY ST,"5, ZONE",535K,77017,CLOSED
183924,Tree Trim,2021-10-15 06:16 PM,Tree Trim Inspection,TREEMAINTENANCE,"UF - BHATTARAI, NIMESH",3103 ALTOONA ST,"4, ZONE",494B,77026,CLOSED
183925,Tree Trim,2021-10-15 09:48 PM,Tree Trim Inspection,TREEMAINTENANCE,"UF - BHATTARAI, NIMESH",2608 MILWAUKEE ST,"4, ZONE",454S,77026,CLOSED
183926,Tree Trim,2021-10-16 04:40 AM,Tree Trim Inspection,TREEMAINTENANCE,"UF - JONES, CODY",111 N POST OAK LN,"2, ZONE",491H,77024,CLOSED
183927,Tree Trim,2021-10-16 11:04 AM,Tree Trim Inspection,TREEMAINTENANCE,"EJIM, ONYEKACHI",3621 GOLF DR (AMERICAN LEGION PARK),"3, ZONE",452P,77018,CLOSED
183928,Tree Trim,2021-10-16 11:54 AM,Tree Trim Inspection,TREEMAINTENANCE,"BLANCHETTE, PETER",10700 ALMEDA GENOA RD,"5, ZONE",576P,77034,CLOSED
183929,Tree Trim,2021-10-16 01:35 PM,Tree Trim Inspection,TREEMAINTENANCE,"UF - JONES, CODY",12546 WESTERLEY LN,"2, ZONE",488M,77077,CLOSED
183930,Tree Removal,2021-10-16 02:08 PM,Tree Removal Inspection,TREEMAINTENANCE,"UF - BHATTARAI, NIMESH",7002 HENDON LN,"7, ZONE",530M,77074,CLOSED
183931,Tree Trim,2021-10-16 02:54 PM,Tree Trim Inspection,TREEMAINTENANCE,"PATINO, ARNULFO",7902 RIPTIDE DR,"2, ZONE",529J,77072,CLOSED
183932,Tree Removal,2021-10-16 04:51 PM,Tree Removal Inspection,TREEMAINTENANCE,"BLANCHETTE, PETER",15915 S POST OAK RD,"7, ZONE",571Y,77053,CLOSED
183933,Tree Trim,2021-10-17 05:38 AM,Tree Trim Inspection,TREEMAINTENANCE,"UF - BURKES, JEREMY",5253 SAXON DR (MANGUM MANOR PARK),"3, ZONE",451L,77092,CLOSED
183934,Tree Trim,2021-10-17 11:59 AM,Tree Trim Inspection,TREEMAINTENANCE,"BLANCHETTE, PETER",5117 KELVIN DR.,"7, ZONE",532C,77005,CLOSED
183935,Tree Trim,2021-10-17 03:53 PM,Tree Trim Inspection,TREEMAINTENANCE,"EJIM, ONYEKACHI",8622 EMNORA LN,"3, ZONE",450R,77080,CLOSED
183936,Tree Removal,2021-10-17 04:14 PM,Tree Removal Inspection,TREEMAINTENANCE,"UF - POLOVTSEV, SERA",TUAM ST & BRAZOS ST,"2, ZONE",493T,77006,CLOSED
183937,Tree Trim,2021-10-17 06:37 PM,Tree Trim Inspection,TREEMAINTENANCE,"UF - BHATTARAI, NIMESH",6525 BIRDWOOD RD,"7, ZONE",530R,77074,CLOSED
183938,Tree Trim,2021-10-17 10:46 PM,Tree Trim Inspection,TREEMAINTENANCE,"UF - JONES, CODY",5807 CARTAGENA ST,"7, ZONE",571A,77035,CLOSED
183939,Tree Removal,2021-10-18 01:38 AM,Tree Removal Inspection,TREEMAINTENANCE,"EJIM, ONYEKACHI",1109 COLUMBIA ST,"3, ZONE",453W,77008,CLOSED
183940,Tree Trim,2021-10-18 07:37 AM,Tree Trim Inspection,TREEMAINTENANCE,"UF - POLOVTSEV, SERA",3210 LOUISIANA ST,"2, ZONE",493T,77006,CLOSED
183944,Tree Removal,2021-10-18 08:43 AM,Tree Removal Inspection,TREEMAINTENANCE,"PATINO, ARNULFO",7230 HEMLOCK ST,"5, ZONE",535E,77012,CLOSED
183945,Tree Removal,2021-10-18 08:46 AM,Tree Removal Inspection,TREEMAINTENANCE,"UF - JONES, CODY",10943 BRITOAK LN,"2, ZONE",489C,77079,CLOSED
183946,Tree Removal,2021-10-18 08:59 AM,Tree Removal Inspection,TREEMAINTENANCE,"UF - JONES, CODY",15735 ISLAND GROVE CT,"2, ZONE",488B,77079,CLOSED
183948,Tree Removal,2021-10-18 10:02 AM,Tree Removal Inspection,TREEMAINTENANCE,"UF - LEIJA, DANIEL","12931 Abide Dr,  Houston,  Texas,  77085","7, ZONE",571G,77085,CLOSED
183949,Tree Trim,2021-10-18 10:33 AM,Tree Trim Inspection,TREEMAINTENANCE,"BLANCHETTE, PETER",6339 MARTIN LUTHER KING BLVD,"6, ZONE",534N,77021,CLOSED
183950,Tree Removal,2021-10-18 11:10 AM,Tree Removal Inspection,TREEMAINTENANCE,"UF - POLOVTSEV, SERA",29 WEST OAK DR,"2, ZONE",491L,77056,CLOSED
183951,Tree Trim,2021-10-18 11:15 AM,Tree Trim Inspection,TREEMAINTENANCE,"PATINO, ARNULFO",7227 DAHLIA ST,"5, ZONE",535E,77012,CLOSED
183952,Tree Trim,2021-10-18 12:38 PM,Tree Trim Inspection,TREEMAINTENANCE,"UF - JONES, CODY",6118 MCKINSTRY BLVD,"7, ZONE",571P,77085,CLOSED
183958,Tree Trim,2021-10-18 02:44 PM,Tree Trim Inspection,TREEMAINTENANCE,"UF - POLOVTSEV, SERA",1919 WHITNEY ST,"2, ZONE",493N,77006,CLOSED
183959,Tree Trim,2021-10-18 03:24 PM,Tree Trim Inspection,TREEMAINTENANCE,"UF - JONES, CODY",8203 S KIRKWOOD RD,"2, ZONE",529N,77072,CLOSED
183960,Tree Removal,2021-10-18 03:39 PM,Tree Removal Inspection,TREEMAINTENANCE,"UF - JONES, CODY",7903 VIRGIL ST,"3, ZONE",412T,77088,CLOSED
183961,Tree Removal,2021-10-18 03:45 PM,Tree Removal Inspection,TREEMAINTENANCE,"PATINO, ARNULFO",6503 PINEHURST DR,"5, ZONE",494Y,77023,CLOSED
183962,Tree Trim,2021-10-18 04:15 PM,Tree Trim Inspection,TREEMAINTENANCE,"UF - POLOVTSEV, SERA",3321 STANFORD ST,"2, ZONE",493S,77006,CLOSED
183964,Tree Removal,2021-10-18 07:15 PM,Tree Removal Inspection,TREEMAINTENANCE,"PATINO, ARNULFO",5023 YELLOWSTONE BLVD,"6, ZONE",534N,77021,CLOSED
183965,Tree Trim,2021-10-19 12:37 AM,Tree Trim Inspection,TREEMAINTENANCE,"UF - BHATTARAI, NIMESH",7018 CAPTAIN DR,"2, ZONE",530E,77036,CLOSED
183966,Tree Trim,2021-10-19 12:37 AM,Tree Trim Inspection,TREEMAINTENANCE,"EJIM, ONYEKACHI",5837 KATY ST,"3, ZONE",492B,77007,CLOSED
183968,Tree Removal,2021-10-19 07:31 AM,Tree Removal Inspection,TREEMAINTENANCE,"BLANCHETTE, PETER",4608 WESTHEIMER RD,"2, ZONE",491V,77027,CLOSED
183971,Tree Trim,2021-10-19 07:56 AM,Tree Trim Inspection,TREEMAINTENANCE,"UF - BHATTARAI, NIMESH",9009 BERTWOOD ST,"4, ZONE",454H,77016,CLOSED
183972,Tree Removal,2021-10-19 08:08 AM,Tree Removal Inspection,TREEMAINTENANCE,"EJIM, ONYEKACHI",5430 CANYON FOREST DR,"3, ZONE",411L,77088,CLOSED
183974,Tree Removal,2021-10-19 08:48 AM,Tree Removal Inspection,TREEMAINTENANCE,"PATINO, ARNULFO",7922 GRAFTON ST,"5, ZONE",535P,77017,CLOSED
183975,Tree Trim,2021-10-19 09:01 AM,Tree Trim Inspection,TREEMAINTENANCE,"EJIM, ONYEKACHI",20TH ST,"3, ZONE",451V,77092,CLOSED
183976,Tree Trim,2021-10-19 10:15 AM,Tree Trim Inspection,TREEMAINTENANCE,"EJIM, ONYEKACHI",13155 CLAY RD,"3, ZONE",449E,77084,CLOSED
183977,Tree Trim,2021-10-19 10:21 AM,Tree Trim Inspection,TREEMAINTENANCE,"UF - POLOVTSEV, SERA",8510 ROOS RD,"2, ZONE",530J,77036,CLOSED
183978,Tree Trim,2021-10-19 10:39 AM,Tree Trim Inspection,TREEMAINTENANCE,"PATINO, ARNULFO",6900 BELLFORT ST,"6, ZONE",534Y,77087,CLOSED
183979,Tree Trim,2021-10-19 10:58 AM,Tree Trim Inspection,TREEMAINTENANCE,"PATINO, ARNULFO",2423 AUBURNDALE ST,"6, ZONE",534C,77023,CLOSED
183980,Tree Code Violation,2021-10-19 11:26 AM,Tree Code Violation Inspection,TREEPROTECTION,"BLANCHETTE, PETER",1233 W LOOP FWY S,"2, ZONE",491R,77027,CLOSED
183981,Tree Stump Grinding,2021-10-19 11:39 AM,Tree Stump Inspection,TREEMAINTENANCE,"UF - BHATTARAI, NIMESH",2302 DUNSTAN RD,"7, ZONE",532C,77005,CLOSED
183982,Tree Trim,2021-10-19 11:39 AM,Tree Trim Inspection,TREEMAINTENANCE,"EJIM, ONYEKACHI",9403 CARMALEE ST,"6, ZONE",575Z,77075,CLOSED
183983,Tree Trim,2021-10-19 11:42 AM,Tree Trim Inspection,TREEMAINTENANCE,"EJIM, ONYEKACHI",5030 MARY LOU DR,"3, ZONE",451F,77092,CLOSED
183984,Tree Trim,2021-10-19 11:54 AM,Tree Trim Inspection,TREEMAINTENANCE,"UF - JONES, CODY",1823 MARYLAND ST,"2, ZONE",492V,77006,CLOSED
183985,Tree Trim,2021-10-19 12:28 PM,Tree Trim Inspection,TREEMAINTENANCE,"UF - POLOVTSEV, SERA",803 JAMES ST,"4, ZONE",493G,77009,CLOSED
183986,Tree Removal,2021-10-19 01:49 PM,Tree Removal Inspection,TREEMAINTENANCE,"EJIM, ONYEKACHI",10645 HAMMERLY BLVD,"3, ZONE",449R,77043,CLOSED
183987,Tree Trim,2021-10-19 02:07 PM,Tree Trim Inspection,TREEMAINTENANCE,"BLANCHETTE, PETER",10012 CULLEN BLVD,"6, ZONE",573D,77051,CLOSED
183988,Tree Trim,2021-10-19 02:19 PM,Tree Trim Inspection,TREEMAINTENANCE,"UF - JONES, CODY",2139 BISSONNET ST,"7, ZONE",492Z,77005,CLOSED
183989,Tree Trim,2021-10-19 02:22 PM,Tree Trim Inspection,TREEMAINTENANCE,"PATINO, ARNULFO",11923 RHEMA LN,"6, ZONE",574K,77048,CLOSED
183990,Tree Trim,2021-10-19 02:45 PM,Tree Trim Inspection,TREEMAINTENANCE,"UF - JONES, CODY",5534 VIOLET PATH LN,"7, ZONE",571G,77085,CLOSED
183991,Tree Trim,2021-10-19 02:46 PM,Tree Trim Inspection,TREEMAINTENANCE,"UF - BHATTARAI, NIMESH",10023 REBEL RD,"4, ZONE",415W,77016,CLOSED
183992,Tree Removal,2021-10-19 03:01 PM,Tree Removal Inspection,TREEMAINTENANCE,"UF - JONES, CODY",6014 QUIET VILLAGE CT,"7, ZONE",611B,77053,CLOSED
183993,Tree Removal,2021-10-19 04:01 PM,Tree Removal Inspection,TREEMAINTENANCE,"UF - BHATTARAI, NIMESH",1741 ALBANS RD,"7, ZONE",532D,77005,CLOSED
183994,Tree Trim,2021-10-19 04:06 PM,Tree Trim Inspection,TREEMAINTENANCE,"BLANCHETTE, PETER",4703 BROWNSTONE LN,"7, ZONE",571V,77053,CLOSED
183995,Tree Removal,2021-10-19 04:27 PM,Tree Removal Inspection,TREEMAINTENANCE,"EJIM, ONYEKACHI",1420 HERKIMER ST,"3, ZONE",452Z,77008,CLOSED
183996,Tree Code Violation,2021-10-19 04:34 PM,Tree Code Violation Inspection,TREEPROTECTION,"PATINO, ARNULFO",2417 DELAFIELD ST,"6, ZONE",534B,77023,CLOSED
183997,Tree Trim,2021-10-19 05:03 PM,Tree Trim Inspection,TREEMAINTENANCE,"UF - POLOVTSEV, SERA",1801 NANTUCKET DR,"2, ZONE",491N,77057,CLOSED
183998,Tree Trim,2021-10-19 07:05 PM,Tree Trim Inspection,TREEMAINTENANCE,"EJIM, ONYEKACHI",4706 HOLLOW HOOK RD,"3, ZONE",450E,77041,CLOSED
183999,Tree Trim,2021-10-19 07:50 PM,Tree Trim Inspection,TREEMAINTENANCE,"BLANCHETTE, PETER",10926 KEESE DR,"6, ZONE",576S,77089,CLOSED
184000,Tree Trim,2021-10-20 01:10 AM,Tree Trim Inspection,TREEMAINTENANCE,"UF - BHATTARAI, NIMESH",4500 W BELLFORT AVE,"7, ZONE",531V,77096,CLOSED
184005,Tree Trim,2021-10-20 06:54 AM,Tree Trim Inspection,TREEMAINTENANCE,"BLANCHETTE, PETER",4040 AIRPORT BLVD,"6, ZONE",573G,77047,CLOSED
184010,Tree Trim,2021-10-20 07:29 AM,Tree Trim Inspection,TREEMAINTENANCE,"PATINO, ARNULFO",7040 AVENUE E,"5, ZONE",494V,77011,CLOSED
184011,Tree Removal,2021-10-20 08:07 AM,Tree Removal Inspection,TREEMAINTENANCE,"UF - JONES, CODY",2119 CONVERSE ST,"2, ZONE",493N,77006,CLOSED
184012,Tree Removal,2021-10-20 08:07 AM,Tree Removal Inspection,TREEMAINTENANCE,"UF - POLOVTSEV, SERA",502 WILLARD ST,"2, ZONE",493N,77006,CLOSED
184013,Tree Removal,2021-10-20 08:15 AM,Tree Removal Inspection,TREEMAINTENANCE,"PATINO, ARNULFO",300 OATES RD,"4, ZONE",495D,77013,CLOSED
184014,Tree Trim,2021-10-20 08:22 AM,Tree Trim Inspection,TREEMAINTENANCE,"BLANCHETTE, PETER",5106 GREN ST,"6, ZONE",534N,77021,CLOSED
184015,Tree Trim,2021-10-20 08:58 AM,Tree Trim Inspection,TREEMAINTENANCE,"UF - JONES, CODY",8710 AUTUMN LN,"4, ZONE",454G,77016,CLOSED
184017,Tree Trim,2021-10-20 09:31 AM,Tree Trim Inspection,TREEMAINTENANCE,"EJIM, ONYEKACHI",912 OXFORD ST,"3, ZONE",493A,77008,CLOSED
184018,Tree Removal,2021-10-20 09:35 AM,Tree Removal Inspection,TREEMAINTENANCE,"BLANCHETTE, PETER",3131 EL DORADO BLVD,"5, ZONE",618G,77062,CLOSED
184019,Tree Code Violation,2021-10-20 09:39 AM,Tree Code Violation Inspection,TREEPROTECTION,"BLANCHETTE, PETER",4015 DE LEON ST,"6, ZONE",535P,77087,CLOSED
184020,Tree Trim,2021-10-20 10:12 AM,Tree Trim Inspection,TREEMAINTENANCE,"UF - BHATTARAI, NIMESH",8029 FLINTRIDGE DR,"4, ZONE",455F,77028,CLOSED
184021,Tree Trim,2021-10-20 10:18 AM,Tree Trim Inspection,TREEMAINTENANCE,"EJIM, ONYEKACHI",8620 EMNORA LN,"3, ZONE",450R,77080,CLOSED
184022,Tree Trim,2021-10-20 10:39 AM,Tree Trim Inspection,TREEMAINTENANCE,"BLANCHETTE, PETER",5919 BERNICE ST,"6, ZONE",534V,77087,CLOSED
184023,Tree Removal,2021-10-20 11:52 AM,Tree Removal Inspection,TREEMAINTENANCE,"BLANCHETTE, PETER",6247 CHAFFIN ST,"6, ZONE",534V,77087,CLOSED
184024,Tree Trim,2021-10-20 11:53 AM,Tree Trim Inspection,TREEMAINTENANCE,"BLANCHETTE, PETER",5714 DOOLITTLE BLVD,"6, ZONE",534S,77033,CLOSED
184025,Tree Removal,2021-10-20 11:58 AM,Tree Removal Inspection,TREEMAINTENANCE,"BLANCHETTE, PETER","77001 RAILROAD,HOUSTON,77026","4, ZONE",454W      ,5458b,CLOSED
184026,Tree Trim,2021-10-20 01:03 PM,Tree Trim Inspection,TREEMAINTENANCE,"UF - JONES, CODY",18203 GROSCHKE RD (CULLEN PARK),"3, ZONE",447P,77084,CLOSED
184030,Tree Trim,2021-10-20 01:22 PM,Tree Trim Inspection,TREEMAINTENANCE,"UF - JONES, CODY",11714 SHARPVIEW DR,"2, ZONE",529K,77072,CLOSED
184033,Tree Removal,2021-10-20 02:42 PM,Tree Removal Inspection,TREEMAINTENANCE,"UF - JONES, CODY",11655 CHIMNEY ROCK RD (CHIMNEY ROCK PARK),"7, ZONE",571B,77035,CLOSED
184034,Tree Trim,2021-10-20 03:00 PM,Tree Trim Inspection,TREEMAINTENANCE,"UF - JONES, CODY",2243 BISSONNET ST,"7, ZONE",492Y,77005,CLOSED
184035,Tree Trim,2021-10-21 04:42 AM,Tree Trim Inspection,TREEMAINTENANCE,"PATINO, ARNULFO",5407 SANFORD RD,"7, ZONE",531X,77096,CLOSED
184039,Tree Trim,2021-10-21 07:47 AM,Tree Trim Inspection,TREEMAINTENANCE,"BLANCHETTE, PETER",3300 REAL ST (BROOKLINE PARK),"6, ZONE",534L,77087,CLOSED
184041,Tree Removal,2021-10-21 10:04 AM,Tree Removal Inspection,TREEMAINTENANCE,"UF - POLOVTSEV, SERA",5234 SAXON DR,"3, ZONE",451L,77092,CLOSED
184042,Tree Trim,2021-10-21 10:39 AM,Tree Trim Inspection,TREEMAINTENANCE,"BLANCHETTE, PETER",302 W EL DORADO BLVD,"6, ZONE",617U,77546,CLOSED
184043,Tree Removal,2021-10-21 11:22 AM,Tree Removal Inspection,TREEMAINTENANCE,"PATINO, ARNULFO",8171 RIVER DR,"5, ZONE",535Q,77017,CLOSED
184044,Tree Removal,2021-10-21 11:49 AM,Tree Removal Inspection,TREEMAINTENANCE,"UF - JONES, CODY",29 WELLFORD ST,"4, ZONE",453F,77022,CLOSED
184045,Tree Trim,2021-10-21 12:02 PM,Tree Trim Inspection,TREEMAINTENANCE,"UF - JONES, CODY",11510 COURTSHIRE RD,"4, ZONE",413U,77076,CLOSED
184046,Tree Trim,2021-10-21 12:10 PM,Tree Trim Inspection,TREEMAINTENANCE,"BLANCHETTE, PETER",5651 MCCORMICK ST,"5, ZONE",534C,77023,CLOSED
184047,Tree Removal,2021-10-21 12:17 PM,Tree Removal Inspection,TREEMAINTENANCE,"PATINO, ARNULFO",1457 LOMBARDY ST,"5, ZONE",494X,77023,CLOSED
184048,Tree Trim,2021-10-21 12:41 PM,Tree Trim Inspection,TREEMAINTENANCE,"BLANCHETTE, PETER",12111 FAIRBURY DR,"6, ZONE",617A,77089,CLOSED
184049,Tree Removal,2021-10-21 12:53 PM,Tree Removal Inspection,TREEMAINTENANCE,"UF - BHATTARAI, NIMESH",5702 SANFORD RD,"7, ZONE",531W,77096,CLOSED
184051,Tree Removal,2021-10-21 01:27 PM,Tree Removal Inspection,TREEMAINTENANCE,"BLANCHETTE, PETER",6417 KASSARINE PASS,"6, ZONE",534N,77033,CLOSED
184052,Tree Trim,2021-10-21 02:20 PM,Tree Trim Inspection,TREEMAINTENANCE,"EJIM, ONYEKACHI",1405 WALTON ST,"3, ZONE",453T,77009,CLOSED
184054,Tree Trim,2021-10-21 02:36 PM,Tree Trim Inspection,TREEMAINTENANCE,"UF - JONES, CODY",8405 WILCREST DR,"2, ZONE",529Q,77072,CLOSED
184055,Tree Trim,2021-10-21 02:51 PM,Tree Trim Inspection,TREEMAINTENANCE,"UF - POLOVTSEV, SERA",WATERLOO DR & W OREM DR,"7, ZONE",572K,77045,CLOSED
184058,Tree Trim,2021-10-21 03:37 PM,Tree Trim Inspection,TREEMAINTENANCE,"EJIM, ONYEKACHI",1229 CORTLANDT ST,"3, ZONE",453W,77008,CLOSED
184060,Tree Removal,2021-10-22 09:12 AM,Tree Removal Inspection,TREEMAINTENANCE,"BLANCHETTE, PETER",1900 BAY AREA BLVD,"5, ZONE",618L,77058,CLOSED
184061,Tree Trim,2021-10-22 09:31 AM,Tree Trim Inspection,TREEMAINTENANCE,"UF - POLOVTSEV, SERA",1402 NASHUA ST,"3, ZONE",452Y,77008,CLOSED
184062,Tree Removal,2021-10-22 09:37 AM,Tree Removal Inspection,TREEMAINTENANCE,"BLANCHETTE, PETER",10703 OASIS DR,"7, ZONE",531X,77096,CLOSED
184063,Tree Removal,2021-10-22 09:40 AM,Tree Removal Inspection,TREEMAINTENANCE,"UF - JONES, CODY",2025 NORTHPARK DR,"4, ZONE",296U,77339,CLOSED
184064,Tree Removal,2021-10-22 09:58 AM,Tree Removal Inspection,TREEMAINTENANCE,"UF - BHATTARAI, NIMESH",8003 HAZEN ST,"2, ZONE",530K,77036,CLOSED
184065,Tree Trim,2021-10-22 10:04 AM,Tree Trim Inspection,TREEMAINTENANCE,"PATINO, ARNULFO",1741 ALBANS RD,"7, ZONE",532D,77005,CLOSED
184067,Tree Removal,2021-10-22 01:20 PM,Tree Removal Inspection,TREEMAINTENANCE,"UF - POLOVTSEV, SERA",3725 FULTON ST (MOODY PARK),"4, ZONE",453Y,77009,CLOSED
184068,Tree Trim,2021-10-22 01:21 PM,Tree Trim Inspection,TREEMAINTENANCE,"EJIM, ONYEKACHI",6106 BERENDO ST,"3, ZONE",451K,77092,CLOSED
184069,Tree Removal,2021-10-22 01:38 PM,Tree Removal Inspection,TREEMAINTENANCE,"EJIM, ONYEKACHI",2110 YALE ST,"3, ZONE",452V,77008,CLOSED
184070,Tree Trim,2021-10-22 02:23 PM,Tree Trim Inspection,TREEMAINTENANCE,"EJIM, ONYEKACHI",1711 BELL ST,"3, ZONE",452U,77008,CLOSED
184071,Tree Trim,2021-10-22 02:23 PM,Tree Trim Inspection,TREEMAINTENANCE,"PATINO, ARNULFO",1900 FAIRVIEW AVE,"2, ZONE",492V,77006,CLOSED
184072,Tree Trim,2021-10-22 02:47 PM,Tree Trim Inspection,TREEMAINTENANCE,"UF - POLOVTSEV, SERA",2400 DALLAS ST,"5, ZONE",493R,77003,CLOSED
184073,Tree Removal,2021-10-22 02:53 PM,Tree Removal Inspection,TREEMAINTENANCE,"PATINO, ARNULFO",6120 MEMORIAL DR,"2, ZONE",492K,77007,CLOSED
184074,Tree Trim,2021-10-22 03:48 PM,Tree Trim Inspection,TREEMAINTENANCE,"BLANCHETTE, PETER",1708 MCDUFFIE ST,"2, ZONE",492R,77019,CLOSED
184075,Tree Trim,2021-10-22 04:14 PM,Tree Trim Inspection,TREEMAINTENANCE,"UF - JONES, CODY",2227 W MAIN ST,"2, ZONE",492U,77098,CLOSED
184076,Tree Removal,2021-10-22 05:10 PM,Tree Removal Inspection,TREEMAINTENANCE,"PATINO, ARNULFO",3100 W DALLAS ST,"2, ZONE",492M,77019,CLOSED
184077,Tree Removal,2021-10-22 08:35 PM,Tree Removal Inspection,TREEMAINTENANCE,"UF - JONES, CODY",703 CAPLIN ST,"4, ZONE",453Q,77022,CLOSED
184078,Tree Trim,2021-10-23 03:37 AM,Tree Trim Inspection,TREEMAINTENANCE,"EJIM, ONYEKACHI",6506 LOG HOLLOW DR,"3, ZONE",411K,77088,CLOSED
184079,Tree Trim,2021-10-23 10:35 AM,Tree Trim Inspection,TREEMAINTENANCE,"UF - POLOVTSEV, SERA",16300 KATY FWY,"3, ZONE",487C,77084,CLOSED
184080,Tree Trim,2021-10-23 03:13 PM,Tree Trim Inspection,TREEMAINTENANCE,"BLANCHETTE, PETER",WESLAYAN ST & SOUTHWEST FWY,"7, ZONE",492W,77027,CLOSED
184081,Tree Trim,2021-10-23 07:07 PM,Tree Trim Inspection,TREEMAINTENANCE,"BLANCHETTE, PETER",4910 WESLAYAN ST,"7, ZONE",492W,77027,CLOSED
184082,Tree Trim,2021-10-24 09:37 AM,Tree Trim Inspection,TREEMAINTENANCE,"UF - JONES, CODY",5634 W AIRPORT BLVD,"7, ZONE",571E,77035,CLOSED
184083,Tree Trim,2021-10-24 01:20 PM,Tree Trim Inspection,TREEMAINTENANCE,"BLANCHETTE, PETER",5711 BELVEDERE ST,"6, ZONE",534J,77021,CLOSED
184084,Tree Trim,2021-10-24 02:56 PM,Tree Trim Inspection,TREEMAINTENANCE,"UF - JONES, CODY",11126 BANDLON DR,"2, ZONE",529F,77072,CLOSED
184085,Tree Removal,2021-10-24 03:34 PM,Tree Removal Inspection,TREEMAINTENANCE,"UF - POLOVTSEV, SERA",2900 BRAZOS ST,"2, ZONE",493T,77006,CLOSED
184086,Tree Trim,2021-10-24 03:51 PM,Tree Trim Inspection,TREEMAINTENANCE,"BLANCHETTE, PETER",539 SHEALY ST,"5, ZONE",617M,77598,CLOSED
184087,Tree Trim,2021-10-24 08:23 PM,Tree Trim Inspection,TREEMAINTENANCE,"EJIM, ONYEKACHI",COULCREST DR,"3, ZONE",450V,77055,CLOSED
184088,Tree Trim,2021-10-24 08:45 PM,Tree Trim Inspection,TREEMAINTENANCE,"BLANCHETTE, PETER",960 S WAYSIDE DR,"5, ZONE",534C,77023,CLOSED
184089,Tree Removal,2021-10-25 08:44 AM,Tree Removal Inspection,TREEMAINTENANCE,"BLANCHETTE, PETER",2900 ALLEN PKWY,"2, ZONE",493J,77019,CLOSED
184090,Tree Trim,2021-10-25 09:41 AM,Tree Trim Inspection,TREEMAINTENANCE,"UF - BHATTARAI, NIMESH",N IH 45 & W RANKIN RD,"3, ZONE",372G,77060,CLOSED
184091,Tree Removal,2021-10-25 10:00 AM,Tree Removal Inspection,TREEMAINTENANCE,"PATINO, ARNULFO",9507 BEVERLY HILL ST,"2, ZONE",490X,77063,CLOSED
184092,Tree Trim,2021-10-25 10:24 AM,Tree Trim Inspection,TREEMAINTENANCE,"UF - BHATTARAI, NIMESH",600 SCHWARTZ ST,"5, ZONE",494J,77020,CLOSED
184093,Tree Removal,2021-10-25 10:43 AM,Tree Removal Inspection,TREEMAINTENANCE,"BLANCHETTE, PETER",14906 BEECHURST DR,"5, ZONE",618E,77062,CLOSED
184097,Tree Trim,2021-10-25 11:31 AM,Tree Trim Inspection,TREEMAINTENANCE,"BLANCHETTE, PETER",14303 ARBORCREST ST,"5, ZONE",618A,77062,CLOSED
184098,Tree Trim,2021-10-25 11:34 AM,Tree Trim Inspection,TREEMAINTENANCE,"EJIM, ONYEKACHI",3202 AREBA ST,"3, ZONE",411Z,77091,CLOSED
184099,Tree Code Violation,2021-10-25 11:40 AM,Tree Code Violation Inspection,TREEPROTECTION,"UF - JONES, CODY",4671 DUNNAM RD,"4, ZONE",297Q,77345,CLOSED
184100,Tree Removal,2021-10-25 11:43 AM,Tree Removal Inspection,TREEMAINTENANCE,"UF - BHATTARAI, NIMESH",4002 UNDERWOOD ST,"7, ZONE",532J,77025,CLOSED
184102,Tree Removal,2021-10-25 11:55 AM,Tree Removal Inspection,TREEMAINTENANCE,"UF - POLOVTSEV, SERA",11355 RICHMOND AVE,"2, ZONE",489X,77082,CLOSED
184103,Tree Removal,2021-10-25 11:58 AM,Tree Removal Inspection,TREEMAINTENANCE,"EJIM, ONYEKACHI",1341 WAVERLY ST,"3, ZONE",452Z,77008,CLOSED
184104,Tree Stump Grinding,2021-10-25 12:04 PM,Tree Stump Inspection,TREEMAINTENANCE,"UF - BHATTARAI, NIMESH",5306 SPELLMAN RD,"7, ZONE",531X,77096,CLOSED
184105,Tree Removal,2021-10-25 12:58 PM,Tree Removal Inspection,TREEMAINTENANCE,"BLANCHETTE, PETER",5538 MALMEDY RD,"6, ZONE",534N,77033,CLOSED
184106,Tree Removal,2021-10-25 01:35 PM,Tree Removal Inspection,TREEMAINTENANCE,"UF - BHATTARAI, NIMESH",5721 WIPPRECHT ST,"4, ZONE",454U,77026,CLOSED
184108,Tree Removal,2021-10-25 01:57 PM,Tree Removal Inspection,TREEMAINTENANCE,"UF - BHATTARAI, NIMESH",12323 SPLIT RAIL LN,"7, ZONE",570G,77071,CLOSED
184109,Tree Removal,2021-10-25 02:18 PM,Tree Removal Inspection,TREEMAINTENANCE,"UF - POLOVTSEV, SERA",9710 CLARK RD (CLARK PARK),"4, ZONE",453B,77076,CLOSED
184110,Tree Trim,2021-10-25 02:53 PM,Tree Trim Inspection,TREEMAINTENANCE,"UF - BHATTARAI, NIMESH",5638 JASON ST,"7, ZONE",531N,77096,CLOSED
184111,Tree Trim,2021-10-25 02:54 PM,Tree Trim Inspection,TREEMAINTENANCE,"UF - JONES, CODY",732 WILCREST DR,"2, ZONE",489K,77042,CLOSED
184112,Tree Trim,2021-10-25 03:07 PM,Tree Trim Inspection,TREEMAINTENANCE,"UF - JONES, CODY",10500 RICHMOND AVE,"2, ZONE",489Z,77042,CLOSED
184113,Tree Trim,2021-10-25 05:20 PM,Tree Trim Inspection,TREEMAINTENANCE,"UF - BHATTARAI, NIMESH",1002 ZOE ST,"5, ZONE",494H,77020,CLOSED
184114,Tree Trim,2021-10-26 07:28 AM,Tree Trim Inspection,TREEMAINTENANCE,"UF - POLOVTSEV, SERA",1006 CLEVELAND ST,"2, ZONE",493P,77019,CLOSED
184117,Tree Trim,2021-10-26 10:17 AM,Tree Trim Inspection,TREEMAINTENANCE,"UF - JONES, CODY",4007 HERMITAGE HOLLOW LN,"4, ZONE",296V,77339,CLOSED
184118,Tree Trim,2021-10-26 10:42 AM,Tree Trim Inspection,TREEMAINTENANCE,"UF - JONES, CODY",14718 PERTHSHIRE RD,"2, ZONE",488H,77079,CLOSED
184119,Tree Trim,2021-10-26 10:45 AM,Tree Trim Inspection,TREEMAINTENANCE,"UF - JONES, CODY",766 THORNBRANCH DR,"2, ZONE",488G,77079,CLOSED
184121,Tree Trim,2021-10-26 11:09 AM,Tree Trim Inspection,TREEMAINTENANCE,"UF - BHATTARAI, NIMESH",519 FOREST ST,"5, ZONE",494T,77011,CLOSED
184122,Tree Trim,2021-10-26 11:55 AM,Tree Trim Inspection,TREEMAINTENANCE,"UF - JONES, CODY",10441 CAXTON ST,"4, ZONE",414Y,77016,CLOSED
184123,Tree Trim,2021-10-26 12:37 PM,Tree Trim Inspection,TREEMAINTENANCE,"UF - JONES, CODY",6415 HIDDEN LAKES DR,"4, ZONE",297Z,77345,CLOSED
184125,Tree Trim,2021-10-26 01:11 PM,Tree Trim Inspection,TREEMAINTENANCE,"BLANCHETTE, PETER",304 OAK HARBOR DR,"5, ZONE",617M,77062,CLOSED
184127,Tree Trim,2021-10-26 01:29 PM,Tree Trim Inspection,TREEMAINTENANCE,"UF - JONES, CODY",11703 PECAN CREEK DR,"3, ZONE",449W,77043,CLOSED
184128,Tree Removal,2021-10-26 01:41 PM,Tree Removal Inspection,TREEMAINTENANCE,"UF - POLOVTSEV, SERA",2198 W 11TH ST,"3, ZONE",452Y,77008,CLOSED
184129,Tree Trim,2021-10-26 01:42 PM,Tree Trim Inspection,TREEMAINTENANCE,"EJIM, ONYEKACHI",1054 TIMBERGROVE YARDS LN,"3, ZONE",492B,77008,CLOSED
184130,Tree Removal,2021-10-26 01:44 PM,Tree Removal Inspection,TREEMAINTENANCE,"UF - BHATTARAI, NIMESH",9106 HILLCROFT AVE,"7, ZONE",531N,77096,CLOSED
184131,Tree Trim,2021-10-26 01:47 PM,Tree Trim Inspection,TREEMAINTENANCE,"PATINO, ARNULFO",908 WOODING ST,"5, ZONE",494V,77011,CLOSED
184132,Tree Trim,2021-10-26 01:47 PM,Tree Trim Inspection,TREEMAINTENANCE,"UF - JONES, CODY",7415 AQUA LN,"2, ZONE",529J,77072,CLOSED
184134,Tree Removal,2021-10-26 02:38 PM,Tree Removal Inspection,TREEMAINTENANCE,"PATINO, ARNULFO",10080 BELLAIRE BLVD,"2, ZONE",529H,77072,CLOSED
184135,Tree Trim,2021-10-26 02:41 PM,Tree Trim Inspection,TREEMAINTENANCE,"EJIM, ONYEKACHI",800 WAKEFIELD DR,"3, ZONE",452Q,77018,CLOSED
184136,Tree Trim,2021-10-26 03:18 PM,Tree Trim Inspection,TREEMAINTENANCE,"PATINO, ARNULFO",6300 REAMER ST,"7, ZONE",530R,77074,CLOSED
184137,Tree Removal,2021-10-26 03:28 PM,Tree Removal Inspection,TREEMAINTENANCE,"BLANCHETTE, PETER",3701 ELGIN ST,"6, ZONE",493Z,77004,CLOSED
184138,Tree Trim,2021-10-26 03:49 PM,Tree Trim Inspection,TREEMAINTENANCE,"EJIM, ONYEKACHI",3721 JULIAN ST,"3, ZONE",453X,77009,CLOSED
184139,Tree Trim,2021-10-26 04:19 PM,Tree Trim Inspection,TREEMAINTENANCE,"PATINO, ARNULFO",10200 BELLAIRE BLVD,"2, ZONE",529H,77072,CLOSED
184141,Tree Trim,2021-10-27 02:29 AM,Tree Trim Inspection,TREEMAINTENANCE,"EJIM, ONYEKACHI",4205 T C JESTER BLVD,"3, ZONE",451M,77018,CLOSED
184142,Tree Trim,2021-10-27 02:32 AM,Tree Trim Inspection,TREEMAINTENANCE,"EJIM, ONYEKACHI",603 E 35TH ST,"3, ZONE",453N,77022,CLOSED
184143,Tree Trim,2021-10-27 02:35 AM,Tree Trim Inspection,TREEMAINTENANCE,"UF - POLOVTSEV, SERA",3201 FULTON ST,"4, ZONE",493C,77009,CLOSED
184147,Tree Trim,2021-10-27 08:05 AM,Tree Trim Inspection,TREEMAINTENANCE,"UF - BHATTARAI, NIMESH",10002 CLIFFWOOD DR,"7, ZONE",531V,77096,CLOSED
184148,Tree Removal,2021-10-27 08:06 AM,Tree Removal Inspection,TREEMAINTENANCE,"UF - JONES, CODY",1840 HAYES RD,"2, ZONE",489P,77042,CLOSED
184149,Tree Trim,2021-10-27 08:14 AM,Tree Trim Inspection,TREEMAINTENANCE,"PATINO, ARNULFO",1914 STAFFORDSHIRE CRES,"7, ZONE",533E,77030,CLOSED
184150,Tree Removal,2021-10-27 08:15 AM,Tree Removal Inspection,TREEMAINTENANCE,"PATINO, ARNULFO",5255 PEASE ST,"5, ZONE",494X,77023,CLOSED
184151,Tree Trim,2021-10-27 08:36 AM,Tree Trim Inspection,TREEMAINTENANCE,"UF - JONES, CODY",11000 BANDLON DR,"2, ZONE",529F,77072,CLOSED
184152,Tree Trim,2021-10-27 08:55 AM,Tree Trim Inspection,TREEMAINTENANCE,"PATINO, ARNULFO",2010 WHITTINGTON CT S,"2, ZONE",488P,77077,CLOSED
184153,Tree Trim,2021-10-27 09:25 AM,Tree Trim Inspection,TREEMAINTENANCE,"UF - BHATTARAI, NIMESH",6500 CANAL ST,"5, ZONE",494U,77011,CLOSED
184154,Tree Trim,2021-10-27 10:13 AM,Tree Trim Inspection,TREEMAINTENANCE,"EJIM, ONYEKACHI",1102 CREEKMONT DR,"3, ZONE",452F,77091,CLOSED
184155,Tree Removal,2021-10-27 10:44 AM,Tree Removal Inspection,TREEMAINTENANCE,"UF - JONES, CODY",13511 WILEYWOOD DR,"4, ZONE",456R,77049,CLOSED
184156,Tree Trim,2021-10-27 10:57 AM,Tree Trim Inspection,TREEMAINTENANCE,"EJIM, ONYEKACHI",2100 YALE ST,"3, ZONE",452V,77008,CLOSED
184157,Tree Removal,2021-10-27 10:57 AM,Tree Removal Inspection,TREEMAINTENANCE,"UF - JONES, CODY",990 ELLINGTON ST,"3, ZONE",412P,77088,CLOSED
184158,Tree Removal,2021-10-27 10:58 AM,Tree Removal Inspection,TREEMAINTENANCE,"UF - JONES, CODY",5714 W GULF BANK RD,"3, ZONE",411Q,77088,CLOSED
184159,Tree Trim,2021-10-27 11:03 AM,Tree Trim Inspection,TREEMAINTENANCE,"UF - POLOVTSEV, SERA",1207 NEYLAND ST,"3, ZONE",453K,77022,CLOSED
184160,Tree Trim,2021-10-27 11:11 AM,Tree Trim Inspection,TREEMAINTENANCE,"BLANCHETTE, PETER",7106 THORNWILD RD,"7, ZONE",571W,77489,CLOSED
184161,Tree Trim,2021-10-27 11:17 AM,Tree Trim Inspection,TREEMAINTENANCE,"BLANCHETTE, PETER",2719 ST EMANUEL ST,"6, ZONE",493U,77004,CLOSED
184162,Tree Trim,2021-10-27 11:24 AM,Tree Trim Inspection,TREEMAINTENANCE,"BLANCHETTE, PETER",6733 BURKETT ST,"6, ZONE",533L,77021,CLOSED
184165,Tree Trim,2021-10-27 12:18 PM,Tree Trim Inspection,TREEMAINTENANCE,"UF - JONES, CODY",7218 HEDGEWOOD ST,"4, ZONE",415P,77016,CLOSED
184166,Tree Removal,2021-10-27 12:19 PM,Tree Removal Inspection,TREEMAINTENANCE,"UF - JONES, CODY",12300 ALDINE WESTFIELD RD (KEITH-WEISS PARK),"4, ZONE",413M,77093,CLOSED
184168,Tree Trim,2021-10-27 01:09 PM,Tree Trim Inspection,TREEMAINTENANCE,"UF - JONES, CODY",5211 BENNING DR,"7, ZONE",571B,77035,CLOSED
184169,Tree Removal,2021-10-27 01:31 PM,Tree Removal Inspection,TREEMAINTENANCE,"UF - BHATTARAI, NIMESH",4728 AMALIE ST,"4, ZONE",454C,77093,CLOSED
184170,Tree Removal,2021-10-27 01:37 PM,Tree Removal Inspection,TREEMAINTENANCE,"UF - BHATTARAI, NIMESH",1402 HUSSION ST,"5, ZONE",494S,77003,CLOSED
184171,Tree Trim,2021-10-27 01:46 PM,Tree Trim Inspection,TREEMAINTENANCE,"UF - JONES, CODY",13511 WILEYWOOD DR,"4, ZONE",456R,77049,CLOSED
184172,Tree Removal,2021-10-27 01:58 PM,Tree Removal Inspection,TREEMAINTENANCE,"UF - POLOVTSEV, SERA",4008 NORHILL BLVD,"3, ZONE",453W,77009,CLOSED
184174,Tree Removal,2021-10-27 02:07 PM,Tree Removal Inspection,TREEMAINTENANCE,"UF - JONES, CODY",5854 ETTRICK DR,"7, ZONE",571E,77035,CLOSED
184175,Tree Trim,2021-10-27 02:35 PM,Tree Trim Inspection,TREEMAINTENANCE,"UF - JONES, CODY",6722 COVINGTON DR,"3, ZONE",412W,77091,CLOSED
184176,Tree Trim,2021-10-27 02:48 PM,Tree Trim Inspection,TREEMAINTENANCE,"EJIM, ONYEKACHI",1417 GLOURIE DR,"3, ZONE",451W,77055,CLOSED
184177,Tree Trim,2021-10-27 03:33 PM,Tree Trim Inspection,TREEMAINTENANCE,"UF - JONES, CODY",11226 IVYRIDGE RD,"3, ZONE",449X,77043,CLOSED
184178,Tree Removal,2021-10-27 03:57 PM,Tree Removal Inspection,TREEMAINTENANCE,"EJIM, ONYEKACHI",1414 WIRT RD,"3, ZONE",451X,77055,CLOSED
184182,Tree Trim,2021-10-27 05:02 PM,Tree Trim Inspection,TREEMAINTENANCE,"EJIM, ONYEKACHI",2115 JUDIWAY ST,"3, ZONE",452N,77018,CLOSED
184185,Tree Removal,2021-10-27 07:22 PM,Tree Removal Inspection,TREEMAINTENANCE,"UF - JONES, CODY",12330 ATWELL DR,"7, ZONE",571F,77035,CLOSED
184187,Tree Trim,2021-10-28 09:24 AM,Tree Trim Inspection,TREEMAINTENANCE,"UF - POLOVTSEV, SERA",14227 SANDFIELD DR,"2, ZONE",488J,77077,CLOSED
184189,Tree Trim,2021-10-28 10:10 AM,Tree Trim Inspection,TREEMAINTENANCE,"PATINO, ARNULFO",1215 COUNTRY PLACE DR,"2, ZONE",488D,77079,CLOSED
184190,Tree Trim,2021-10-28 10:16 AM,Tree Trim Inspection,TREEMAINTENANCE,"EJIM, ONYEKACHI",4411 GREELEY ST,"2, ZONE",493W,77006,CLOSED
184191,Tree Removal,2021-10-28 11:20 AM,Tree Removal Inspection,TREEMAINTENANCE,"UF - JONES, CODY",2938 KINGS FOREST DR,"4, ZONE",336D,77339,CLOSED
184192,Tree Removal,2021-10-28 11:42 AM,Tree Removal Inspection,TREEMAINTENANCE,"UF - JONES, CODY",3207 VEGA ST,"3, ZONE",411R,77088,CLOSED
184193,Tree Removal,2021-10-28 11:45 AM,Tree Removal Inspection,TREEMAINTENANCE,"PATINO, ARNULFO",13010 EMPORIA ST,"4, ZONE",497E,77015,CLOSED
184194,Tree Removal,2021-10-28 11:57 AM,Tree Removal Inspection,TREEMAINTENANCE,"UF - JONES, CODY",5010 BIRCHMONT DR,"3, ZONE",451G,77091,CLOSED
184195,Tree Removal,2021-10-28 11:57 AM,Tree Removal Inspection,TREEMAINTENANCE,"UF - POLOVTSEV, SERA",1804 SUMMER ST,"2, ZONE",493F,77007,CLOSED
184196,Tree Trim,2021-10-28 12:06 PM,Tree Trim Inspection,TREEMAINTENANCE,"EJIM, ONYEKACHI",1314 NICHOLSON ST,"3, ZONE",452Z,77008,CLOSED
184197,Tree Trim,2021-10-28 12:15 PM,Tree Trim Inspection,TREEMAINTENANCE,"EJIM, ONYEKACHI",2407 CHENEVERT ST,"2, ZONE",493U,77004,CLOSED
184198,Tree Removal,2021-10-28 12:18 PM,Tree Removal Inspection,TREEMAINTENANCE,"EJIM, ONYEKACHI",1606 SABINE ST,"2, ZONE",493F,77007,CLOSED
184199,Tree Trim,2021-10-28 12:18 PM,Tree Trim Inspection,TREEMAINTENANCE,"BLANCHETTE, PETER",5710 ARBOLES DR,"7, ZONE",571A,77035,CLOSED
184200,Tree Trim,2021-10-28 01:04 PM,Tree Trim Inspection,TREEMAINTENANCE,"EJIM, ONYEKACHI",728 E 7TH 1/2 ST,"3, ZONE",493A,77007,CLOSED
184201,Tree Removal,2021-10-28 01:10 PM,Tree Removal Inspection,TREEMAINTENANCE,"UF - JONES, CODY",5334 SAXON DR,"3, ZONE",451L,77092,CLOSED
184202,Tree Removal,2021-10-28 01:13 PM,Tree Removal Inspection,TREEMAINTENANCE,"UF - JONES, CODY",5906 PAR FOUR DR,"3, ZONE",411T,77088,CLOSED
184203,Tree Trim,2021-10-28 01:17 PM,Tree Trim Inspection,TREEMAINTENANCE,"EJIM, ONYEKACHI",1635 WOODVINE DR,"3, ZONE",451X,77055,CLOSED
184204,Tree Trim,2021-10-28 01:20 PM,Tree Trim Inspection,TREEMAINTENANCE,"PATINO, ARNULFO",706 SIDNEY ST,"5, ZONE",494T,77023,CLOSED
184206,Tree Trim,2021-10-28 01:44 PM,Tree Trim Inspection,TREEMAINTENANCE,"UF - BHATTARAI, NIMESH",4731 CLAY ST,"5, ZONE",494T,77023,CLOSED
184207,Tree Trim,2021-10-28 01:49 PM,Tree Trim Inspection,TREEMAINTENANCE,"BLANCHETTE, PETER",5655 BELMARK ST,"6, ZONE",534W,77033,CLOSED
184208,Tree Removal,2021-10-28 02:15 PM,Tree Removal Inspection,TREEMAINTENANCE,"BLANCHETTE, PETER",7918 KELLER ST,"5, ZONE",535F,77012,CLOSED
184209,Tree Trim,2021-10-28 02:18 PM,Tree Trim Inspection,TREEMAINTENANCE,"UF - BHATTARAI, NIMESH",11931 MEMORIAL DR,"2, ZONE",490J,77024,CLOSED
184210,Tree Removal,2021-10-28 03:02 PM,Tree Removal Inspection,TREEMAINTENANCE,"UF - BHATTARAI, NIMESH",6836 AVENUE S,"5, ZONE",494R,77011,CLOSED
184211,Tree Removal,2021-10-28 03:10 PM,Tree Removal Inspection,TREEMAINTENANCE,"UF - BHATTARAI, NIMESH",5125 MULFORD ST,"5, ZONE",494X,77023,CLOSED
184212,Tree Removal,2021-10-28 03:18 PM,Tree Removal Inspection,TREEMAINTENANCE,"UF - POLOVTSEV, SERA",5635 MEADOW LAKE LN,"2, ZONE",491T,77056,CLOSED
184213,Tree Removal,2021-10-28 03:21 PM,Tree Removal Inspection,TREEMAINTENANCE,"EJIM, ONYEKACHI",4314 DE MILO DR,"3, ZONE",451H,77092,CLOSED
184214,Tree Trim,2021-10-28 03:22 PM,Tree Trim Inspection,TREEMAINTENANCE,"PATINO, ARNULFO",2132 BISSONNET ST,"7, ZONE",492Z,77098,CLOSED
184215,Tree Removal,2021-10-28 03:23 PM,Tree Removal Inspection,TREEMAINTENANCE,"UF - JONES, CODY",1851 COLUMBIA ST,"3, ZONE",453S,77008,CLOSED
184216,Tree Trim,2021-10-28 03:46 PM,Tree Trim Inspection,TREEMAINTENANCE,"EJIM, ONYEKACHI",8479 NORTH FWY,"3, ZONE",412Q,77037,CLOSED
184217,Tree Trim,2021-10-28 03:47 PM,Tree Trim Inspection,TREEMAINTENANCE,"PATINO, ARNULFO",4513 HAZARD ST,"2, ZONE",492Z,77098,CLOSED
184218,Tree Removal,2021-10-28 03:48 PM,Tree Removal Inspection,TREEMAINTENANCE,"UF - JONES, CODY",5700 COBALT ST,"4, ZONE",414R,77016,CLOSED
184219,Tree Removal,2021-10-28 03:48 PM,Tree Removal Inspection,TREEMAINTENANCE,"BLANCHETTE, PETER",3919 TRISTAN ST,"6, ZONE",533M,77021,CLOSED
184220,Tree Removal,2021-10-28 03:51 PM,Tree Removal Inspection,TREEMAINTENANCE,"BLANCHETTE, PETER",4510 GALESBURG ST,"6, ZONE",533Y,77051,CLOSED
184221,Tree Removal,2021-10-28 04:07 PM,Tree Removal Inspection,TREEMAINTENANCE,"BLANCHETTE, PETER",11101 S GESSNER RD (MARIAN PARK),"7, ZONE",530X,77071,CLOSED
184222,Tree Removal,2021-10-28 04:16 PM,Tree Removal Inspection,TREEMAINTENANCE,"UF - BHATTARAI, NIMESH",5235 CHEENA DR,"7, ZONE",531T,77096,CLOSED
184223,Tree Removal,2021-10-28 04:19 PM,Tree Removal Inspection,TREEMAINTENANCE,"UF - POLOVTSEV, SERA",5722 VENICE ST,"2, ZONE",492L,77007,CLOSED
184224,Tree Removal,2021-10-28 04:23 PM,Tree Removal Inspection,TREEMAINTENANCE,"UF - CASTILLO, ALEJANDRO","4910 Chenevert,  Houston,  Texas,  77004","7, ZONE",493X,77004,CLOSED
184225,Tree Trim,2021-10-28 04:30 PM,Tree Trim Inspection,TREEMAINTENANCE,"PATINO, ARNULFO",5235 CHEENA DR,"7, ZONE",531T,77096,CLOSED
184226,Tree Trim,2021-10-28 04:34 PM,Tree Trim Inspection,TREEMAINTENANCE,"BLANCHETTE, PETER",5702 HARRIET ST,"5, ZONE",534C,77023,CLOSED
184227,Tree Removal,2021-10-28 04:41 PM,Tree Removal Inspection,TREEMAINTENANCE,"PATINO, ARNULFO",3700 KINGWOOD DR,"4, ZONE",337E,77339,CLOSED
184228,Tree Removal,2021-10-28 04:42 PM,Tree Removal Inspection,TREEMAINTENANCE,"PATINO, ARNULFO",4602 LYONS AVE,"4, ZONE",494F,77020,CLOSED
184229,Tree Removal,2021-10-28 04:45 PM,Tree Removal Inspection,TREEMAINTENANCE,"BLANCHETTE, PETER",3618 MAINER ST,"6, ZONE",533P,77021,CLOSED
184230,Tree Removal,2021-10-28 04:46 PM,Tree Removal Inspection,TREEMAINTENANCE,"UF - JONES, CODY",4301 T C JESTER BLVD,"3, ZONE",451M,77018,CLOSED
184231,Tree Removal,2021-10-28 04:52 PM,Tree Removal Inspection,TREEMAINTENANCE,"UF - JONES, CODY",1600 PAUL QUINN ST,"3, ZONE",452B,77091,CLOSED
184232,Tree Removal,2021-10-28 04:56 PM,Tree Removal Inspection,TREEMAINTENANCE,"UF - JONES, CODY",325 E 25TH ST,"3, ZONE",453S,77008,CLOSED
184233,Tree Removal,2021-10-28 04:56 PM,Tree Removal Inspection,TREEMAINTENANCE,"UF - BURKES, JEREMY",1475 W GRAY ST,"2, ZONE",492R,77006,CLOSED
184234,Tree Removal,2021-10-28 05:04 PM,Tree Removal Inspection,TREEMAINTENANCE,"BLANCHETTE, PETER",6690 W AIRPORT BLVD,"7, ZONE",570H,77035,CLOSED
184235,Tree Removal,2021-10-28 05:05 PM,Tree Removal Inspection,TREEMAINTENANCE,"PATINO, ARNULFO",5134 COSBY ST,"6, ZONE",534J,77021,CLOSED
184236,Tree Removal,2021-10-28 05:06 PM,Tree Removal Inspection,TREEMAINTENANCE,"BLANCHETTE, PETER",4638 OAKSIDE DR,"7, ZONE",571V,77053,CLOSED
184237,Tree Removal,2021-10-28 05:22 PM,Tree Removal Inspection,TREEMAINTENANCE,"UF - JONES, CODY",5505 BELROSE DR,"7, ZONE",571B,77035,CLOSED
184238,Tree Trim,2021-10-28 05:33 PM,Tree Trim Inspection,TREEMAINTENANCE,"UF - BHATTARAI, NIMESH",5707 JASON ST,"7, ZONE",531N,77096,CLOSED
184239,Tree Removal,2021-10-28 05:35 PM,Tree Removal Inspection,TREEMAINTENANCE,"EJIM, ONYEKACHI",2025 OXFORD ST,"3, ZONE",453S,77008,CLOSED
184240,Tree Removal,2021-10-28 05:41 PM,Tree Removal Inspection,TREEMAINTENANCE,"BLANCHETTE, PETER",2425 MARONEAL ST,"7, ZONE",532G,77030,CLOSED
184241,Tree Trim,2021-10-28 05:41 PM,Tree Trim Inspection,TREEMAINTENANCE,"UF - BHATTARAI, NIMESH",3720 CAMPBELL ST,"4, ZONE",494B,77026,CLOSED
184242,Tree Removal,2021-10-28 05:56 PM,Tree Removal Inspection,TREEMAINTENANCE,"UF - JONES, CODY",1360 ALTHEA DR,"3, ZONE",452K,77018,CLOSED
184243,Tree Trim,2021-10-28 07:00 PM,Tree Trim Inspection,TREEMAINTENANCE,"UF - JONES, CODY",944 FISHER ST,"3, ZONE",452L,77018,CLOSED
184244,Tree Trim,2021-10-28 08:31 PM,Tree Trim Inspection,TREEMAINTENANCE,"UF - POLOVTSEV, SERA",1511 WELCH ST,"2, ZONE",492R,77006,CLOSED
184245,Tree Removal,2021-10-28 09:01 PM,Tree Removal Inspection,TREEMAINTENANCE,"UF - JONES, CODY",11303 STROUD DR,"2, ZONE",529K,77072,CLOSED
184246,Tree Removal,2021-10-28 09:40 PM,Tree Removal Inspection,TREEMAINTENANCE,"UF - POLOVTSEV, SERA",1771 MICHIGAN ST,"2, ZONE",492R,77006,CLOSED
184247,Tree Removal,2021-10-28 10:22 PM,Tree Removal Inspection,TREEMAINTENANCE,"BLANCHETTE, PETER",5730 JACKWOOD ST,"7, ZONE",531N,77096,CLOSED
184248,Tree Trim,2021-10-29 05:20 AM,Tree Trim Inspection,TREEMAINTENANCE,"BLANCHETTE, PETER",6105 KULDELL DR,"7, ZONE",530R,77074,CLOSED
184249,Tree Trim,2021-10-29 07:44 AM,Tree Trim Inspection,TREEMAINTENANCE,"UF - POLOVTSEV, SERA",1614 FANNIN ST,"1, ZONE",493Q,77002,CLOSED
184250,Tree Removal,2021-10-29 08:02 AM,Tree Removal Inspection,TREEMAINTENANCE,"UF - JONES, CODY",4201 T C JESTER BLVD,"3, ZONE",451M,77018,CLOSED
184251,Tree Trim,2021-10-29 08:08 AM,Tree Trim Inspection,TREEMAINTENANCE,"UF - JONES, CODY",2219 W 43RD ST,"3, ZONE",451M,77018,CLOSED
184252,Tree Removal,2021-10-29 08:17 AM,Tree Removal Inspection,TREEMAINTENANCE,"UF - BHATTARAI, NIMESH",2006 ALBANS RD,"7, ZONE",532D,77005,CLOSED
184253,Tree Removal,2021-10-29 08:38 AM,Tree Removal Inspection,TREEMAINTENANCE,"BLANCHETTE, PETER",1812 BLODGETT ST,"7, ZONE",493X,77004,CLOSED
184254,Tree Removal,2021-10-29 08:38 AM,Tree Removal Inspection,TREEMAINTENANCE,"UF - JONES, CODY",4312 T C JESTER BLVD,"3, ZONE",451H,77018,CLOSED
184255,Tree Removal,2021-10-29 08:51 AM,Tree Removal Inspection,TREEMAINTENANCE,"UF - BHATTARAI, NIMESH",8823 MANHATTAN DR,"7, ZONE",531P,77096,CLOSED
184256,Tree Code Violation,2021-10-29 08:51 AM,Tree Code Violation Inspection,TREEPROTECTION,"UF - POLOVTSEV, SERA",2200 SOUTHWEST FWY,"2, ZONE",492Y,77098,CLOSED
184257,Tree Removal,2021-10-29 08:52 AM,Tree Removal Inspection,TREEMAINTENANCE,"UF - POLOVTSEV, SERA",726 LAWRENCE ST,"3, ZONE",492D,77007,CLOSED
184258,Tree Trim,2021-10-29 09:18 AM,Tree Trim Inspection,TREEMAINTENANCE,"UF - BHATTARAI, NIMESH",1022 HENKE ST,"5, ZONE",494H,77020,CLOSED
184259,Tree Trim,2021-10-29 09:36 AM,Tree Trim Inspection,TREEMAINTENANCE,"UF - BHATTARAI, NIMESH",5002 RAND ST,"4, ZONE",454U,77026,CLOSED
184260,Tree Trim,2021-10-29 09:41 AM,Tree Trim Inspection,TREEMAINTENANCE,"UF - BHATTARAI, NIMESH",4802 LAVENDER ST,"4, ZONE",454U,77026,CLOSED
184261,Tree Trim,2021-10-29 10:14 AM,Tree Trim Inspection,TREEMAINTENANCE,"UF - JONES, CODY",1070 TEMPLE ST,"3, ZONE",453X,77009,CLOSED
184262,Tree Trim,2021-10-29 10:50 AM,Tree Trim Inspection,TREEMAINTENANCE,"UF - POLOVTSEV, SERA",1005 ST EMANUEL ST,"5, ZONE",493R,77003,CLOSED
184263,Tree Removal,2021-10-29 11:16 AM,Tree Removal Inspection,TREEMAINTENANCE,"UF - JONES, CODY",9911 EXETER ST,"4, ZONE",453D,77093,CLOSED
184264,Tree Removal,2021-10-29 11:54 AM,Tree Removal Inspection,TREEMAINTENANCE,"UF - JONES, CODY",110 E TWICKENHAM TRL,"4, ZONE",413W,77076,CLOSED
184265,Tree Removal,2021-10-29 12:47 PM,Tree Removal Inspection,TREEMAINTENANCE,"PATINO, ARNULFO",10426 ALTA LOMA WAY,"6, ZONE",576S,77075,CLOSED
184266,Tree Trim,2021-10-29 01:15 PM,Tree Trim Inspection,TREEMAINTENANCE,"UF - POLOVTSEV, SERA",13211 AGARITA LN,"2, ZONE",528G,77083,CLOSED
184267,Tree Removal,2021-10-29 01:30 PM,Tree Removal Inspection,TREEMAINTENANCE,"UF - JONES, CODY",5039 BRIARBEND DR,"7, ZONE",531Y,77035,CLOSED
184268,Tree Removal,2021-10-29 01:54 PM,Tree Removal Inspection,TREEMAINTENANCE,"UF - JONES, CODY",3500 RUPERT ST,"4, ZONE",494C,77026,CLOSED
184269,Tree Removal,2021-10-29 02:09 PM,Tree Removal Inspection,TREEMAINTENANCE,"UF - JONES, CODY",10803 ROYAL PINE DR,"4, ZONE",414S,77093,CLOSED
184270,Tree Removal,2021-10-29 02:10 PM,Tree Removal Inspection,TREEMAINTENANCE,"BLANCHETTE, PETER",4631 OAKSIDE DR,"7, ZONE",571V,77053,CLOSED
184271,Tree Trim,2021-10-29 02:21 PM,Tree Trim Inspection,TREEMAINTENANCE,"PATINO, ARNULFO",1930 AIRPORT BLVD,"7, ZONE",573E,77045,CLOSED
184272,Tree Removal,2021-10-29 02:37 PM,Tree Removal Inspection,TREEMAINTENANCE,"UF - POLOVTSEV, SERA",10522 HUNTINGTON DALE DR,"2, ZONE",528Z,77099,CLOSED
184273,Tree Trim,2021-10-29 02:40 PM,Tree Trim Inspection,TREEMAINTENANCE,"BLANCHETTE, PETER",3201 WINBERN ST,"6, ZONE",493Y,77004,CLOSED
184275,Tree Removal,2021-10-29 02:55 PM,Tree Removal Inspection,TREEMAINTENANCE,"BLANCHETTE, PETER",1500 HERMANN DR,"7, ZONE",533A,77030,CLOSED
184276,Tree Trim,2021-10-29 02:58 PM,Tree Trim Inspection,TREEMAINTENANCE,"UF - JONES, CODY",415 RED RIPPLE RD,"3, ZONE",452D,77091,CLOSED
184277,Tree Removal,2021-10-29 03:31 PM,Tree Removal Inspection,TREEMAINTENANCE,"UF - JONES, CODY",3200 JEWEL ST,"4, ZONE",494A,77026,CLOSED
184278,Tree Trim,2021-10-29 03:32 PM,Tree Trim Inspection,TREEMAINTENANCE,"PATINO, ARNULFO",5211 GRAPE ST,"7, ZONE",531P,77096,CLOSED
184279,Tree Trim,2021-10-29 03:40 PM,Tree Trim Inspection,TREEMAINTENANCE,"PATINO, ARNULFO",1051 TRAPPER HILL DR,"2, ZONE",488F,77077,CLOSED
184280,Tree Trim,2021-10-29 03:56 PM,Tree Trim Inspection,TREEMAINTENANCE,"PATINO, ARNULFO",1903 COMMONWEALTH ST,"2, ZONE",492R,77006,CLOSED
184281,Tree Removal,2021-10-29 04:11 PM,Tree Removal Inspection,TREEMAINTENANCE,"EJIM, ONYEKACHI",240 W 23RD ST,"3, ZONE",452V,77008,CLOSED
184282,Tree Trim,2021-10-29 04:35 PM,Tree Trim Inspection,TREEMAINTENANCE,"BLANCHETTE, PETER",12118 SAGEDOWNE LN,"6, ZONE",576Z,77089,CLOSED
184283,Tree Trim,2021-10-29 05:06 PM,Tree Trim Inspection,TREEMAINTENANCE,"PATINO, ARNULFO",200 MISSISSIPPI ST,"5, ZONE",495U,77029,CLOSED
184284,Tree Removal,2021-10-29 06:10 PM,Tree Removal Inspection,TREEMAINTENANCE,"PATINO, ARNULFO",5630 CRAIG ST,"5, ZONE",534C,77023,CLOSED
184285,Tree Removal,2021-10-29 07:22 PM,Tree Removal Inspection,TREEMAINTENANCE,"UF - BHATTARAI, NIMESH",5104 WHITLEY ST,"7, ZONE",532C,77005,CLOSED
184286,Tree Removal,2021-10-29 07:56 PM,Tree Removal Inspection,TREEMAINTENANCE,"PATINO, ARNULFO",3200 WIPPRECHT ST,"4, ZONE",494C,77026,CLOSED
184287,Tree Trim,2021-10-29 08:09 PM,Tree Trim Inspection,TREEMAINTENANCE,"UF - JONES, CODY",5010 WAYCROSS DR,"7, ZONE",531Y,77035,CLOSED
184288,Tree Trim,2021-10-30 05:03 AM,Tree Trim Inspection,TREEMAINTENANCE,"EJIM, ONYEKACHI",3310 LOUISIANA ST,"2, ZONE",493T,77006,CLOSED
184289,Tree Trim,2021-10-30 05:06 AM,Tree Trim Inspection,TREEMAINTENANCE,"EJIM, ONYEKACHI",3410 LOUISIANA ST,"2, ZONE",493T,77002,CLOSED
184290,Tree Removal,2021-10-30 10:28 AM,Tree Removal Inspection,TREEMAINTENANCE,"PATINO, ARNULFO",2425 MARONEAL ST,"7, ZONE",532G,77030,CLOSED
184292,Tree Trim,2021-10-30 01:45 PM,Tree Trim Inspection,TREEMAINTENANCE,"UF - BHATTARAI, NIMESH","835 FOREST BARK LN,HOUSTON,77067","3, ZONE",372K,5266c,CLOSED
184293,Tree Removal,2021-10-30 02:06 PM,Tree Removal Inspection,TREEMAINTENANCE,"EJIM, ONYEKACHI",1117 COLUMBIA ST,"3, ZONE",453W,77008,CLOSED
184294,Tree Trim,2021-10-30 02:12 PM,Tree Trim Inspection,TREEMAINTENANCE,"EJIM, ONYEKACHI",318 W 28TH ST,"3, ZONE",452R,77008,CLOSED
184295,Tree Removal,2021-10-30 02:21 PM,Tree Removal Inspection,TREEMAINTENANCE,"UF - JONES, CODY",521 W 13TH ST,"3, ZONE",452Z,77008,CLOSED
184296,Tree Trim,2021-10-30 02:31 PM,Tree Trim Inspection,TREEMAINTENANCE,"UF - JONES, CODY",1009 WOODARD ST,"4, ZONE",453V,77009,CLOSED
184297,Tree Removal,2021-10-30 03:19 PM,Tree Removal Inspection,TREEMAINTENANCE,"UF - JONES, CODY",2200 RIDGEMORE DR,"3, ZONE",451N,77055,CLOSED
184298,Tree Removal,2021-10-30 09:29 PM,Tree Removal Inspection,TREEMAINTENANCE,"BLANCHETTE, PETER",8405 GARLAND DR (RAY MARGUERITE PARK),"5, ZONE",535V,77017,CLOSED
184299,Tree Trim,2021-10-30 09:38 PM,Tree Trim Inspection,TREEMAINTENANCE,"BLANCHETTE, PETER",3826 LUCA ST,"6, ZONE",533L,77021,CLOSED
184300,Tree Trim,2021-10-31 11:55 AM,Tree Trim Inspection,TREEMAINTENANCE,"UF - BHATTARAI, NIMESH","2609 LORRAINE ST,HOUSTON,77026","4, ZONE",494E,5458d,CLOSED
184301,Tree Trim,2021-10-31 04:13 PM,Tree Trim Inspection,TREEMAINTENANCE,"PATINO, ARNULFO",6202 BROOK LEA ST,"6, ZONE",534Q,77087,CLOSED
184305,Tree Trim,2021-11-01 08:33 AM,Tree Trim Inspection,TREEMAINTENANCE,"EJIM, ONYEKACHI",1741 W 22ND ST,"3, ZONE",452T,77008,CLOSED
184306,Tree Trim,2021-11-01 08:58 AM,Tree Trim Inspection,TREEMAINTENANCE,"UF - JONES, CODY",2026 MANILA LN,"3, ZONE",449V,77043,CLOSED
184310,Tree Trim,2021-11-01 09:55 AM,Tree Trim Inspection,TREEMAINTENANCE,"EJIM, ONYEKACHI",11610 FORBES RD,"6, ZONE",575S,77075,CLOSED
184311,Tree Removal,2021-11-01 10:34 AM,Tree Removal Inspection,TREEMAINTENANCE,"UF - BHATTARAI, NIMESH",720 E CROSSTIMBERS ST,"4, ZONE",453L,77022,CLOSED
184312,Tree Removal,2021-11-01 10:41 AM,Tree Removal Inspection,TREEMAINTENANCE,"PATINO, ARNULFO",4135 TARTAN LN,"7, ZONE",532J,77025,CLOSED
184313,Tree Removal,2021-11-01 11:14 AM,Tree Removal Inspection,TREEMAINTENANCE,"UF - BHATTARAI, NIMESH",8006 HILLCROFT AVE,"7, ZONE",531J,77081,CLOSED
184315,Tree Trim,2021-11-01 12:14 PM,Tree Trim Inspection,TREEMAINTENANCE,"UF - JONES, CODY",4710 ARCRIDGE CIR,"7, ZONE",611D,77053,CLOSED
184316,Tree Trim,2021-11-01 12:17 PM,Tree Trim Inspection,TREEMAINTENANCE,"PATINO, ARNULFO",2409 RALPH ST,"2, ZONE",492V,77006,CLOSED
184317,Tree Removal,2021-11-01 12:29 PM,Tree Removal Inspection,TREEMAINTENANCE,"UF - JONES, CODY",5301 ALMEDA RD,"7, ZONE",533B,77004,CLOSED
184318,Tree Removal,2021-11-01 01:03 PM,Tree Removal Inspection,TREEMAINTENANCE,"UF - POLOVTSEV, SERA",1521 W GRAY ST,"2, ZONE",492R,77006,CLOSED
184319,Tree Trim,2021-11-01 01:06 PM,Tree Trim Inspection,TREEMAINTENANCE,"EJIM, ONYEKACHI",4001 CAROLINE ST,"2, ZONE",493X,77004,CLOSED
184320,Tree Trim,2021-11-01 01:18 PM,Tree Trim Inspection,TREEMAINTENANCE,"BLANCHETTE, PETER",11202 SAGEVILLE DR,"6, ZONE",576Y,77089,CLOSED
184321,Tree Trim,2021-11-01 02:13 PM,Tree Trim Inspection,TREEMAINTENANCE,"UF - BHATTARAI, NIMESH",2015 SHERIDAN ST,"7, ZONE",532H,77030,CLOSED
184322,Tree Trim,2021-11-01 02:18 PM,Tree Trim Inspection,TREEMAINTENANCE,"UF - JONES, CODY",4627 TAMARIND TRL,"4, ZONE",297P,77345,CLOSED
184323,Tree Stump Grinding,2021-11-01 02:25 PM,Tree Stump Inspection,TREEMAINTENANCE,"UF - JONES, CODY",5919 CLARIDGE DR,"7, ZONE",531W,77096,CLOSED
184324,Tree Removal,2021-11-01 02:40 PM,Tree Removal Inspection,TREEMAINTENANCE,"PATINO, ARNULFO",4436 PROVIDENCE ST,"5, ZONE",494F,77020,CLOSED
184325,Tree Removal,2021-11-01 03:10 PM,Tree Removal Inspection,TREEMAINTENANCE,"PATINO, ARNULFO",7725 SHERMAN ST,"5, ZONE",495W,77012,CLOSED
184326,Tree Removal,2021-11-01 03:13 PM,Tree Removal Inspection,TREEMAINTENANCE,"UF - JONES, CODY",8124 OAK KNOLL LN,"4, ZONE",455F,77028,CLOSED
184327,Tree Trim,2021-11-01 03:17 PM,Tree Trim Inspection,TREEMAINTENANCE,"UF - BHATTARAI, NIMESH",7122 WALKWAY ST,"2, ZONE",530F,77036,CLOSED
184328,Tree Removal,2021-11-01 03:41 PM,Tree Removal Inspection,TREEMAINTENANCE,"PATINO, ARNULFO",6717 KASSARINE PASS,"6, ZONE",534N,77033,CLOSED
184329,Tree Trim,2021-11-01 03:45 PM,Tree Trim Inspection,TREEMAINTENANCE,"UF - JONES, CODY",1303 FOREST COVE DR,"4, ZONE",336E,77339,CLOSED
184330,Tree Trim,2021-11-01 03:53 PM,Tree Trim Inspection,TREEMAINTENANCE,"UF - JONES, CODY","1310 BURNING TREE RD,HOUSTON,77339","4, ZONE",336E,5669d,CLOSED
184331,Tree Removal,2021-11-01 04:11 PM,Tree Removal Inspection,TREEMAINTENANCE,"EJIM, ONYEKACHI",1619 GINGERLEAF LN,"3, ZONE",451W,77055,CLOSED
184333,Tree Trim,2021-11-01 05:36 PM,Tree Trim Inspection,TREEMAINTENANCE,"UF - JONES, CODY",5506 TIDEWATER DR,"7, ZONE",571L,77085,CLOSED
184334,Tree Removal,2021-11-01 06:15 PM,Tree Removal Inspection,TREEMAINTENANCE,"UF - JONES, CODY",5906 NANCY ANN ST,"4, ZONE",453Q,77009,CLOSED
184336,Tree Removal,2021-11-02 07:33 AM,Tree Removal Inspection,TREEMAINTENANCE,"EJIM, ONYEKACHI",10915 BRADFORD WAY DR,"6, ZONE",575V,77075,CLOSED
184337,Tree Stump Grinding,2021-11-02 08:07 AM,Tree Stump Inspection,TREEMAINTENANCE,"UF - POLOVTSEV, SERA",5707 COBALT ST,"4, ZONE",414R,77016,CLOSED
184338,Tree Trim,2021-11-02 08:49 AM,Tree Trim Inspection,TREEMAINTENANCE,"EJIM, ONYEKACHI",1808 DECATUR ST,"2, ZONE",493K,77007,CLOSED
184339,Tree Trim,2021-11-02 09:35 AM,Tree Trim Inspection,TREEMAINTENANCE,"EJIM, ONYEKACHI",5409 PETTY ST,"3, ZONE",492C,77007,CLOSED
184340,House Move Route,2021-11-02 09:47 AM,House Move Route Inspection,TREEPROTECTION,"UF - BURKES, JEREMY",5927 BROCK ST,"6, ZONE",534G,77023,CLOSED
184341,Tree Trim,2021-11-02 10:56 AM,Tree Trim Inspection,TREEMAINTENANCE,"UF - BHATTARAI, NIMESH",4200 ELYSIAN ST (EARL HENDERSON PARK),"4, ZONE",453Z,77009,CLOSED
184342,Tree Trim,2021-11-02 11:08 AM,Tree Trim Inspection,TREEMAINTENANCE,"EJIM, ONYEKACHI",903 TAYLOR ST,"2, ZONE",493K,77007,CLOSED
184344,Tree Trim,2021-11-02 12:09 PM,Tree Trim Inspection,TREEMAINTENANCE,"UF - JONES, CODY",8103 SHARPCREST ST,"2, ZONE",530K,77036,CLOSED
184345,Tree Removal,2021-11-02 12:09 PM,Tree Removal Inspection,TREEMAINTENANCE,"PATINO, ARNULFO",1475 W GRAY ST,"2, ZONE",492R,77006,CLOSED
184346,Tree Trim,2021-11-02 12:12 PM,Tree Trim Inspection,TREEMAINTENANCE,"UF - JONES, CODY",7818 BARBERTON DR,"2, ZONE",530K,77036,CLOSED
184348,Tree Removal,2021-11-02 01:03 PM,Tree Removal Inspection,TREEMAINTENANCE,"UF - JONES, CODY",4722 WOODSEND LN,"4, ZONE",297U,77345,CLOSED
184349,Tree Trim,2021-11-02 01:15 PM,Tree Trim Inspection,TREEMAINTENANCE,"BLANCHETTE, PETER",10603 HUNKLER DR,"6, ZONE",573H,77047,CLOSED
184350,Tree Removal,2021-11-02 01:59 PM,Tree Removal Inspection,TREEMAINTENANCE,"BLANCHETTE, PETER",5040 MALLOW ST,"6, ZONE",533Z,77033,CLOSED
184351,Tree Removal,2021-11-02 02:40 PM,Tree Removal Inspection,TREEMAINTENANCE,"PATINO, ARNULFO",4811 WICKVIEW LN,"7, ZONE",571Z,77053,CLOSED
184352,Tree Trim,2021-11-02 02:40 PM,Tree Trim Inspection,TREEMAINTENANCE,"BLANCHETTE, PETER",3514 NALLE ST,"6, ZONE",493Z,77004,CLOSED
184353,Tree Removal,2021-11-02 02:52 PM,Tree Removal Inspection,TREEMAINTENANCE,"UF - POLOVTSEV, SERA",414 AVONDALE ST,"2, ZONE",493S,77006,CLOSED
184354,Tree Trim,2021-11-02 02:57 PM,Tree Trim Inspection,TREEMAINTENANCE,"UF - BHATTARAI, NIMESH",902 DOLLY WRIGHT ST,"3, ZONE",412U,77088,CLOSED
184355,Tree Trim,2021-11-02 03:00 PM,Tree Trim Inspection,TREEMAINTENANCE,"EJIM, ONYEKACHI",1921 BRUN ST,"2, ZONE",492R,77019,CLOSED
184356,Tree Trim,2021-11-02 03:22 PM,Tree Trim Inspection,TREEMAINTENANCE,"UF - POLOVTSEV, SERA",15850 EXPORT PLAZA DR,"4, ZONE",374Q,77032,CLOSED
184357,Tree Trim,2021-11-02 03:25 PM,Tree Trim Inspection,TREEMAINTENANCE,"UF - JONES, CODY",5618 WARM SPRINGS RD,"7, ZONE",571A,77035,CLOSED
184358,Tree Removal,2021-11-02 03:26 PM,Tree Removal Inspection,TREEMAINTENANCE,"UF - JONES, CODY",2200 SHADOWDALE DR,"3, ZONE",449R,77043,CLOSED
184360,Tree Removal,2021-11-02 03:34 PM,Tree Removal Inspection,TREEMAINTENANCE,"EJIM, ONYEKACHI",4406 ELLA BLVD,"3, ZONE",452K,77018,CLOSED
184361,Tree Trim,2021-11-02 03:49 PM,Tree Trim Inspection,TREEMAINTENANCE,"UF - JONES, CODY",9327 NEFF ST,"2, ZONE",529H,77036,CLOSED
184362,Tree Removal,2021-11-02 03:52 PM,Tree Removal Inspection,TREEMAINTENANCE,"UF - JONES, CODY",5527 VAL VERDE ST,"2, ZONE",491T,77056,CLOSED
184363,Tree Trim,2021-11-02 07:52 PM,Tree Trim Inspection,TREEMAINTENANCE,"EJIM, ONYEKACHI",4214 FALLEN OAKS DR,"3, ZONE",451D,77091,CLOSED
184365,Tree Removal,2021-11-03 07:20 AM,Tree Removal Inspection,TREEMAINTENANCE,"PATINO, ARNULFO",5103 PERRY ST,"6, ZONE",534J,77021,CLOSED
184366,Tree Removal,2021-11-03 08:33 AM,Tree Removal Inspection,TREEMAINTENANCE,"BLANCHETTE, PETER",4731 CLAY ST,"5, ZONE",494T,77023,CLOSED
184367,Tree Trim,2021-11-03 09:03 AM,Tree Trim Inspection,TREEMAINTENANCE,"UF - BHATTARAI, NIMESH",3400 DALLAS ST,"5, ZONE",494S,77003,CLOSED
184368,Tree Trim,2021-11-03 09:24 AM,Tree Trim Inspection,TREEMAINTENANCE,"BLANCHETTE, PETER",4019 FERNWOOD DR,"6, ZONE",533H,77021,CLOSED
184369,Tree Trim,2021-11-03 09:46 AM,Tree Trim Inspection,TREEMAINTENANCE,"BLANCHETTE, PETER",2351 MINNESOTA ST,"5, ZONE",576E,77034,CLOSED
184370,Tree Removal,2021-11-03 09:52 AM,Tree Removal Inspection,TREEMAINTENANCE,"UF - BHATTARAI, NIMESH",1903 WESLEY ST,"5, ZONE",494X,77023,CLOSED
184371,Tree Trim,2021-11-03 09:58 AM,Tree Trim Inspection,TREEMAINTENANCE,"PATINO, ARNULFO",7900 FLAXMAN ST,"5, ZONE",495J,77029,CLOSED
184375,Tree Removal,2021-11-03 11:30 AM,Tree Removal Inspection,TREEMAINTENANCE,"EJIM, ONYEKACHI",1532 PEDEN ST,"2, ZONE",492R,77006,CLOSED
184377,Tree Stump Grinding,2021-11-03 11:49 AM,Tree Stump Inspection,TREEMAINTENANCE,"UF - BHATTARAI, NIMESH",3934 BROWNSTONE LN,"7, ZONE",572S,77053,CLOSED
184378,Tree Removal,2021-11-03 12:50 PM,Tree Removal Inspection,TREEMAINTENANCE,"UF - BHATTARAI, NIMESH",14214 WHITE HEATHER DR,"7, ZONE",572N,77045,CLOSED
184379,Tree Trim,2021-11-03 12:56 PM,Tree Trim Inspection,TREEMAINTENANCE,"PATINO, ARNULFO",13300 ST MARYS LN,"2, ZONE",489B,77079,CLOSED
184381,Tree Trim,2021-11-03 01:29 PM,Tree Trim Inspection,TREEMAINTENANCE,"BLANCHETTE, PETER",3803 ZEPHYR ST,"6, ZONE",533L,77021,CLOSED
184382,Tree Trim,2021-11-03 01:36 PM,Tree Trim Inspection,TREEMAINTENANCE,"PATINO, ARNULFO",15400 FONDREN RD,"7, ZONE",570V,77489,CLOSED
184383,Tree Trim,2021-11-03 01:39 PM,Tree Trim Inspection,TREEMAINTENANCE,"PATINO, ARNULFO",6803 CHASEWOOD DR,"7, ZONE",571S,77489,CLOSED
184384,Tree Removal,2021-11-03 01:48 PM,Tree Removal Inspection,TREEMAINTENANCE,"UF - BHATTARAI, NIMESH",212 GREENWOOD ST,"5, ZONE",494U,77011,CLOSED
184385,Tree Removal,2021-11-03 02:09 PM,Tree Removal Inspection,TREEMAINTENANCE,"PATINO, ARNULFO",6107 IRISH HILL DR,"7, ZONE",571X,77053,CLOSED
184386,Tree Trim,2021-11-03 02:27 PM,Tree Trim Inspection,TREEMAINTENANCE,"PATINO, ARNULFO",6100 LESLIE ST,"5, ZONE",494M,77020,CLOSED
184387,Tree Trim,2021-11-03 02:47 PM,Tree Trim Inspection,TREEMAINTENANCE,"UF - JONES, CODY",9619 SANDSTONE ST,"2, ZONE",529M,77036,CLOSED
184388,Tree Trim,2021-11-03 03:10 PM,Tree Trim Inspection,TREEMAINTENANCE,"EJIM, ONYEKACHI",2100 BEVIS ST,"3, ZONE",452U,77008,CLOSED
184389,Tree Removal,2021-11-03 03:10 PM,Tree Removal Inspection,TREEMAINTENANCE,"UF - POLOVTSEV, SERA",3600 WESTHEIMER RD,"2, ZONE",492T,77027,CLOSED
184390,Tree Removal,2021-11-03 03:41 PM,Tree Removal Inspection,TREEMAINTENANCE,"BLANCHETTE, PETER",5039 REED RD,"6, ZONE",573D,77033,CLOSED
184391,Tree Trim,2021-11-03 03:49 PM,Tree Trim Inspection,TREEMAINTENANCE,"PATINO, ARNULFO",1535 AINSDALE DR,"2, ZONE",488R,77077,CLOSED
184392,Tree Trim,2021-11-03 06:13 PM,Tree Trim Inspection,TREEMAINTENANCE,"UF - BHATTARAI, NIMESH",10217 WALLISVILLE RD,"4, ZONE",455Z,77013,CLOSED
184393,Tree Trim,2021-11-03 07:32 PM,Tree Trim Inspection,TREEMAINTENANCE,"EJIM, ONYEKACHI",LAMBRIGHT RD,"6, ZONE",575R,77075,CLOSED
184398,Tree Trim,2021-11-04 08:23 AM,Tree Trim Inspection,TREEMAINTENANCE,"BLANCHETTE, PETER",14870 SPACE CENTER BLVD,"5, ZONE",618F,77062,CLOSED
184400,Tree Removal,2021-11-04 08:53 AM,Tree Removal Inspection,TREEMAINTENANCE,"EJIM, ONYEKACHI",1115 SADDLE ROCK DR,"3, ZONE",412L,77088,CLOSED
184402,Tree Removal,2021-11-04 09:30 AM,Tree Removal Inspection,TREEMAINTENANCE,"EJIM, ONYEKACHI",1015 HEIGHTS BLVD,"3, ZONE",493A,77008,CLOSED
184404,Tree Trim,2021-11-04 09:57 AM,Tree Trim Inspection,TREEMAINTENANCE,"UF - BHATTARAI, NIMESH",3417 MARKET ST,"4, ZONE",494E,77020,CLOSED
184406,Tree Trim,2021-11-04 10:21 AM,Tree Trim Inspection,TREEMAINTENANCE,"UF - BHATTARAI, NIMESH",1503 NOBLE ST,"4, ZONE",493D,77009,CLOSED
184410,Tree Trim,2021-11-04 12:08 PM,Tree Trim Inspection,TREEMAINTENANCE,"EJIM, ONYEKACHI",1001 E 40TH ST,"3, ZONE",453N,77022,CLOSED
184411,Tree Removal,2021-11-04 12:47 PM,Tree Removal Inspection,TREEMAINTENANCE,"BLANCHETTE, PETER",4743 E RIDGECREEK DR,"7, ZONE",611D,77053,CLOSED
184412,Tree Trim,2021-11-04 01:35 PM,Tree Trim Inspection,TREEMAINTENANCE,"PATINO, ARNULFO",9693 SPAULDING ST,"4, ZONE",454D,77016,CLOSED
184413,Tree Trim,2021-11-04 01:41 PM,Tree Trim Inspection,TREEMAINTENANCE,"UF - BHATTARAI, NIMESH",2108 BRACKENRIDGE ST,"4, ZONE",494A,77026,CLOSED
184414,Tree Removal,2021-11-04 01:45 PM,Tree Removal Inspection,TREEMAINTENANCE,"BLANCHETTE, PETER",8501 HOWARD DR,"5, ZONE",535R,77017,CLOSED
184415,Tree Trim,2021-11-04 02:25 PM,Tree Trim Inspection,TREEMAINTENANCE,"BLANCHETTE, PETER",11403 JUTLAND RD,"6, ZONE",573M,77048,CLOSED
184416,Tree Trim,2021-11-04 02:39 PM,Tree Trim Inspection,TREEMAINTENANCE,"EJIM, ONYEKACHI",1316 STORY ST,"3, ZONE",451Y,77055,CLOSED
184417,Tree Removal,2021-11-04 04:05 PM,Tree Removal Inspection,TREEMAINTENANCE,"UF - JONES, CODY",1030 STUDEWOOD ST (STUDE PARK),"3, ZONE",493A,77008,CLOSED
184418,Tree Removal,2021-11-04 04:55 PM,Tree Removal Inspection,TREEMAINTENANCE,"PATINO, ARNULFO",6830 AVENUE V,"5, ZONE",494R,77011,CLOSED
184419,Tree Removal,2021-11-04 05:23 PM,Tree Removal Inspection,TREEMAINTENANCE,"PATINO, ARNULFO",5212 BENNINGTON ST,"4, ZONE",454Q,77028,CLOSED
184420,Tree Trim,2021-11-04 05:26 PM,Tree Trim Inspection,TREEMAINTENANCE,"BLANCHETTE, PETER",7575 ASHBURN ST,"6, ZONE",535W,77061,CLOSED
184421,Tree Trim,2021-11-04 05:32 PM,Tree Trim Inspection,TREEMAINTENANCE,"BLANCHETTE, PETER",5158 KINGFISHER DR,"7, ZONE",531Y,77035,CLOSED
184422,Tree Trim,2021-11-04 05:44 PM,Tree Trim Inspection,TREEMAINTENANCE,"EJIM, ONYEKACHI",W 18TH ST & SEAMIST DR,"3, ZONE",452S,77008,CLOSED
184423,Tree Planting,2021-11-04 11:26 PM,Tree Planting Inspection,TREEPROTECTION,"UF - POLOVTSEV, SERA",804 MILAM ST,"1, ZONE",493L,77002,CLOSED
184425,Tree Removal,2021-11-05 07:37 AM,Tree Removal Inspection,TREEMAINTENANCE,"EJIM, ONYEKACHI",1831 W 23RD ST,"3, ZONE",452T,77008,CLOSED
184426,Tree Trim,2021-11-05 08:04 AM,Tree Trim Inspection,TREEMAINTENANCE,"UF - JONES, CODY",2425 SAGE RD,"2, ZONE",491U,77056,CLOSED
184427,Tree Trim,2021-11-05 08:17 AM,Tree Trim Inspection,TREEMAINTENANCE,"UF - JONES, CODY",5202 CHESAPEAKE WAY,"2, ZONE",491U,77056,CLOSED
184428,Tree Trim,2021-11-05 08:28 AM,Tree Trim Inspection,TREEMAINTENANCE,"PATINO, ARNULFO",5620 LA BRANCH ST,"7, ZONE",533A,77004,CLOSED
184429,Tree Removal,2021-11-05 08:34 AM,Tree Removal Inspection,TREEMAINTENANCE,"EJIM, ONYEKACHI",2117 HAZARD ST,"2, ZONE",492R,77019,CLOSED
184430,Tree Trim,2021-11-05 08:38 AM,Tree Trim Inspection,TREEMAINTENANCE,"PATINO, ARNULFO",6796 CALHOUN RD,"6, ZONE",533R,77021,CLOSED
184431,Tree Removal,2021-11-05 09:50 AM,Tree Removal Inspection,TREEMAINTENANCE,"UF - BHATTARAI, NIMESH",408 GOLDENROD ST,"4, ZONE",493C,77009,CLOSED
184432,Tree Trim,2021-11-05 10:30 AM,Tree Trim Inspection,TREEMAINTENANCE,"EJIM, ONYEKACHI",3500 MILAM ST,"2, ZONE",493T,77002,CLOSED
184433,Tree Trim,2021-11-05 11:03 AM,Tree Trim Inspection,TREEMAINTENANCE,"EJIM, ONYEKACHI",5100 MONTROSE BLVD,"7, ZONE",493W,77006,CLOSED
184434,Tree Removal,2021-11-05 12:37 PM,Tree Removal Inspection,TREEMAINTENANCE,"EJIM, ONYEKACHI",4542 PECAN PARK CIR,"3, ZONE",452M,77022,CLOSED
184436,Tree Removal,2021-11-05 01:29 PM,Tree Removal Inspection,TREEMAINTENANCE,"UF - POLOVTSEV, SERA",2014 TAFT ST,"2, ZONE",493N,77006,CLOSED
184437,Tree Stump Grinding,2021-11-05 01:40 PM,Tree Stump Inspection,TREEMAINTENANCE,"BLANCHETTE, PETER",11815 SEGREST DR,"6, ZONE",573L,77047,CLOSED
184439,Tree Trim,2021-11-05 01:59 PM,Tree Trim Inspection,TREEMAINTENANCE,"BLANCHETTE, PETER",7143 QUINCE ST,"5, ZONE",535E,77087,CLOSED
184440,Tree Trim,2021-11-05 03:11 PM,Tree Trim Inspection,TREEMAINTENANCE,"PATINO, ARNULFO",13300 ST MARYS LN,"2, ZONE",489B,77079,CLOSED
184441,Tree Trim,2021-11-05 03:26 PM,Tree Trim Inspection,TREEMAINTENANCE,"EJIM, ONYEKACHI",700 FRANCIS ST,"2, ZONE",493T,77002,CLOSED
184443,Tree Removal,2021-11-05 04:46 PM,Tree Removal Inspection,TREEMAINTENANCE,"BLANCHETTE, PETER",7510 HEREFORD ST,"6, ZONE",535S,77087,CLOSED
184444,Tree Trim,2021-11-06 03:49 AM,Tree Trim Inspection,TREEMAINTENANCE,"PATINO, ARNULFO",14201 BRIAR FOREST DR,"2, ZONE",488J,77077,CLOSED
184445,Tree Removal,2021-11-06 11:20 AM,Tree Removal Inspection,TREEMAINTENANCE,"UF - JONES, CODY",932 RIDGE ST,"3, ZONE",493B,77009,CLOSED
184446,Tree Trim,2021-11-06 12:21 PM,Tree Trim Inspection,TREEMAINTENANCE,"EJIM, ONYEKACHI",7610 JANAK DR,"3, ZONE",451X,77055,CLOSED
184447,Tree Trim,2021-11-06 01:12 PM,Tree Trim Inspection,TREEMAINTENANCE,"EJIM, ONYEKACHI",405 E 25TH ST,"3, ZONE",453S,77008,CLOSED
184448,Tree Trim,2021-11-06 01:30 PM,Tree Trim Inspection,TREEMAINTENANCE,"EJIM, ONYEKACHI",5503 SAXON DR,"3, ZONE",451L,77092,CLOSED
184449,Tree Removal,2021-11-06 02:16 PM,Tree Removal Inspection,TREEMAINTENANCE,"EJIM, ONYEKACHI",1502 ARLINGTON ST,"3, ZONE",453W,77008,CLOSED
184450,Tree Trim,2021-11-06 04:48 PM,Tree Trim Inspection,TREEMAINTENANCE,"UF - BHATTARAI, NIMESH",5406 FARMER ST,"4, ZONE",494G,77020,CLOSED
184452,Tree Trim,2021-11-07 03:45 AM,Tree Trim Inspection,TREEMAINTENANCE,"BLANCHETTE, PETER",541 S 75TH ST (MASON PARK),"5, ZONE",535A,77023,CLOSED
184453,Tree Trim,2021-11-08 02:07 AM,Tree Trim Inspection,TREEMAINTENANCE,"EJIM, ONYEKACHI",1200 SOUTHMORE BLVD,"7, ZONE",493W,77004,CLOSED
184455,Tree Removal,2021-11-08 08:43 AM,Tree Removal Inspection,TREEMAINTENANCE,"UF - JONES, CODY",3170 E LAKE CRESCENT DR,"4, ZONE",336H,77339,CLOSED
184456,Tree Trim,2021-11-08 08:55 AM,Tree Trim Inspection,TREEMAINTENANCE,"UF - BHATTARAI, NIMESH",3030 WAYNE ST,"4, ZONE",494B,77026,CLOSED
184457,Tree Trim,2021-11-08 08:55 AM,Tree Trim Inspection,TREEMAINTENANCE,"UF - POLOVTSEV, SERA",6703 ALDER DR,"7, ZONE",531F,77081,CLOSED
184458,Tree Removal,2021-11-08 09:22 AM,Tree Removal Inspection,TREEMAINTENANCE,"BLANCHETTE, PETER",3433 TANGERINE ST,"6, ZONE",573B,77051,CLOSED
184459,Tree Trim,2021-11-08 09:43 AM,Tree Trim Inspection,TREEMAINTENANCE,"EJIM, ONYEKACHI",2050 BRENTWOOD DR,"2, ZONE",492R,77019,CLOSED
184460,Tree Trim,2021-11-08 09:47 AM,Tree Trim Inspection,TREEMAINTENANCE,"BLANCHETTE, PETER",2202 ELGIN ST,"6, ZONE",493U,77004,CLOSED
184461,Tree Removal,2021-11-08 10:08 AM,Tree Removal Inspection,TREEMAINTENANCE,"UF - POLOVTSEV, SERA",4701 FEAGAN ST,"2, ZONE",492M,77007,CLOSED
184462,Tree Trim,2021-11-08 10:35 AM,Tree Trim Inspection,TREEMAINTENANCE,"EJIM, ONYEKACHI",924 LOUISE ST,"3, ZONE",453T,77009,CLOSED
184463,Tree Trim,2021-11-08 11:47 AM,Tree Trim Inspection,TREEMAINTENANCE,"EJIM, ONYEKACHI",5937 KATY ST,"3, ZONE",492B,77007,CLOSED
184464,Tree Trim,2021-11-08 11:57 AM,Tree Trim Inspection,TREEMAINTENANCE,"UF - POLOVTSEV, SERA",3704 GARROTT ST,"2, ZONE",493S,77006,CLOSED
184465,Tree Trim,2021-11-08 12:03 PM,Tree Trim Inspection,TREEMAINTENANCE,"UF - POLOVTSEV, SERA",3600 LOCKE LN (RIVER OAKS - PUMPKIN PARK),"2, ZONE",492T,77027,CLOSED
184466,Tree Removal,2021-11-08 12:27 PM,Tree Removal Inspection,TREEMAINTENANCE,"UF - BHATTARAI, NIMESH",13516 CANTERWELL RD,"7, ZONE",572U,77047,CLOSED
184467,Tree Trim,2021-11-08 12:39 PM,Tree Trim Inspection,TREEMAINTENANCE,"BLANCHETTE, PETER",9109 FONDREN RD,"7, ZONE",530R,77074,CLOSED
184468,Tree Trim,2021-11-08 12:42 PM,Tree Trim Inspection,TREEMAINTENANCE,"BLANCHETTE, PETER",14022 GRAND HEIGHTS CT,"5, ZONE",617D,77062,CLOSED
184469,Tree Trim,2021-11-08 12:45 PM,Tree Trim Inspection,TREEMAINTENANCE,"UF - POLOVTSEV, SERA",12843 COVEY LN,"2, ZONE",528U,77099,CLOSED
184470,Tree Trim,2021-11-08 01:01 PM,Tree Trim Inspection,TREEMAINTENANCE,"EJIM, ONYEKACHI",822 COHN ST,"2, ZONE",492G,77007,CLOSED
184474,Tree Code Violation,2021-11-08 02:10 PM,Tree Code Violation Inspection,TREEPROTECTION,"EJIM, ONYEKACHI",952 ASHLAND ST,"3, ZONE",492D,77008,CLOSED
184475,Tree Trim,2021-11-08 02:40 PM,Tree Trim Inspection,TREEMAINTENANCE,"EJIM, ONYEKACHI",7701 MONROE RD,"6, ZONE",575C,77061,CLOSED
184476,Tree Trim,2021-11-08 03:10 PM,Tree Trim Inspection,TREEMAINTENANCE,"EJIM, ONYEKACHI",5353 INSTITUTE LN,"7, ZONE",492Z,77005,CLOSED
184477,Tree Trim,2021-11-08 03:16 PM,Tree Trim Inspection,TREEMAINTENANCE,"EJIM, ONYEKACHI",6906 WAGONWHEEL LN,"3, ZONE",411T,77088,CLOSED
184478,Tree Removal,2021-11-08 03:22 PM,Tree Removal Inspection,TREEMAINTENANCE,"UF - BHATTARAI, NIMESH",314 MELBOURNE ST,"4, ZONE",453Q,77022,CLOSED
184479,Tree Code Violation,2021-11-08 04:21 PM,Tree Code Violation Inspection,TREEPROTECTION,"BLANCHETTE, PETER",9220 NATHANIEL ST,"6, ZONE",576J,77075,CLOSED
184480,Tree Removal,2021-11-08 07:47 PM,Tree Removal Inspection,TREEMAINTENANCE,"UF - JONES, CODY",4400 EIGEL ST,"2, ZONE",492H,77007,CLOSED
184485,Tree Removal,2021-11-09 09:22 AM,Tree Removal Inspection,TREEMAINTENANCE,"PATINO, ARNULFO",3304 HOLMAN ST,"6, ZONE",493Z,77004,CLOSED
184486,Tree Removal,2021-11-09 09:55 AM,Tree Removal Inspection,TREEMAINTENANCE,"PATINO, ARNULFO",6520 ALMEDA RD,"7, ZONE",533F,77021,CLOSED
184487,Tree Trim,2021-11-09 10:05 AM,Tree Trim Inspection,TREEMAINTENANCE,"EJIM, ONYEKACHI",2022 WELCH ST,"2, ZONE",492R,77019,CLOSED
184488,Tree Trim,2021-11-09 10:06 AM,Tree Trim Inspection,TREEMAINTENANCE,"EJIM, ONYEKACHI",900 HEIGHTS BLVD,"3, ZONE",493A,77008,CLOSED
184489,Tree Trim,2021-11-09 11:26 AM,Tree Trim Inspection,TREEMAINTENANCE,"UF - JONES, CODY",10611 ATWELL DR,"7, ZONE",531X,77096,CLOSED
184490,Tree Trim,2021-11-09 12:21 PM,Tree Trim Inspection,TREEMAINTENANCE,"BLANCHETTE, PETER",3200 ADAIR ST,"6, ZONE",493Z,77004,CLOSED
184491,Tree Removal,2021-11-09 01:00 PM,Tree Removal Inspection,TREEMAINTENANCE,"UF - JONES, CODY",5930 IMOGENE ST,"7, ZONE",531N,77074,CLOSED
184492,Tree Trim,2021-11-09 01:12 PM,Tree Trim Inspection,TREEMAINTENANCE,"UF - BHATTARAI, NIMESH",13022 WHITE HEATHER DR,"7, ZONE",572E,77045,CLOSED
184494,Tree Removal,2021-11-09 02:25 PM,Tree Removal Inspection,TREEMAINTENANCE,"BLANCHETTE, PETER",9100 BOB WHITE DR,"7, ZONE",530R,77074,CLOSED
184496,Tree Removal,2021-11-09 02:28 PM,Tree Removal Inspection,TREEMAINTENANCE,"UF - JONES, CODY",4106 EDISON ST,"4, ZONE",453Y,77009,CLOSED
184498,Tree Trim,2021-11-09 02:38 PM,Tree Trim Inspection,TREEMAINTENANCE,"UF - JONES, CODY",7614 ROMNEY RD,"2, ZONE",530L,77036,CLOSED
184499,Tree Trim,2021-11-09 02:50 PM,Tree Trim Inspection,TREEMAINTENANCE,"BLANCHETTE, PETER",5103 WILLOW GLEN DR,"6, ZONE",533V,77033,CLOSED
184500,Tree Trim,2021-11-09 02:58 PM,Tree Trim Inspection,TREEMAINTENANCE,"EJIM, ONYEKACHI",1034 PATTERSON ST,"2, ZONE",492H,77007,CLOSED
184501,Tree Removal,2021-11-09 03:26 PM,Tree Removal Inspection,TREEMAINTENANCE,"UF - CASTILLO, ALEJANDRO","4130 Antoinette St,  Houston,  Texas,  77087","6, ZONE",534M,77087,CLOSED
184502,Tree Removal,2021-11-09 05:31 PM,Tree Removal Inspection,TREEMAINTENANCE,"UF - BHATTARAI, NIMESH",6004 PATE RD,"4, ZONE",454C,77016,CLOSED
184503,Tree Trim,2021-11-09 07:01 PM,Tree Trim Inspection,TREEMAINTENANCE,"BLANCHETTE, PETER",7212 BLUE RIDGE DR,"6, ZONE",534V,77087,CLOSED
184506,Tree Removal,2021-11-10 08:31 AM,Tree Removal Inspection,TREEMAINTENANCE,"BLANCHETTE, PETER",2618 SOCKEYE DR,"7, ZONE",572L,77045,CLOSED
184507,Tree Trim,2021-11-10 08:46 AM,Tree Trim Inspection,TREEMAINTENANCE,"EJIM, ONYEKACHI",1300 SEAMIST DR (JAYCEE PARK),"3, ZONE",452W,77008,CLOSED
184513,Tree Removal,2021-11-10 10:02 AM,Tree Removal Inspection,TREEMAINTENANCE,"PATINO, ARNULFO",6000 FANNIN ST,"7, ZONE",533A,77030,CLOSED
184514,Tree Trim,2021-11-10 10:56 AM,Tree Trim Inspection,TREEMAINTENANCE,"EJIM, ONYEKACHI",1660 GESSNER RD,"3, ZONE",450S,77080,CLOSED
184515,Tree Trim,2021-11-10 11:02 AM,Tree Trim Inspection,TREEMAINTENANCE,"BLANCHETTE, PETER",7500 OFFICE CITY DR,"5, ZONE",535J,77012,CLOSED
184516,Tree Removal,2021-11-10 11:05 AM,Tree Removal Inspection,TREEMAINTENANCE,"UF - BHATTARAI, NIMESH",2538 SWIFT BLVD,"7, ZONE",532G,77030,CLOSED
184517,Tree Trim,2021-11-10 11:06 AM,Tree Trim Inspection,TREEMAINTENANCE,"PATINO, ARNULFO",303 N WILCREST DR,"2, ZONE",489F,77079,CLOSED
184518,Tree Removal,2021-11-10 11:30 AM,Tree Removal Inspection,TREEMAINTENANCE,"PATINO, ARNULFO",14511 WESTWAY LN,"2, ZONE",488J,77077,CLOSED
184519,Tree Removal,2021-11-10 11:42 AM,Tree Removal Inspection,TREEMAINTENANCE,"EJIM, ONYEKACHI",10206 LONDONDERRY DR,"3, ZONE",449V,77043,CLOSED
184521,Tree Trim,2021-11-10 01:01 PM,Tree Trim Inspection,TREEMAINTENANCE,"EJIM, ONYEKACHI",401 S HEIGHTS BLVD (SPOTTS PARK),"2, ZONE",493J,77007,CLOSED
184522,Tree Removal,2021-11-10 01:10 PM,Tree Removal Inspection,TREEMAINTENANCE,"UF - POLOVTSEV, SERA",1300 SEAMIST DR (JAYCEE PARK),"3, ZONE",452W,77008,CLOSED
184523,Tree Trim,2021-11-10 01:25 PM,Tree Trim Inspection,TREEMAINTENANCE,"UF - JONES, CODY",9900 HONEYWELL RD,"7, ZONE",530S,77074,CLOSED
184524,Tree Trim,2021-11-10 01:31 PM,Tree Trim Inspection,TREEMAINTENANCE,"EJIM, ONYEKACHI",3104 BAGBY ST,"2, ZONE",493T,77006,CLOSED
184525,Tree Trim,2021-11-10 01:32 PM,Tree Trim Inspection,TREEMAINTENANCE,"PATINO, ARNULFO",2900 WOODLAND PARK DR,"2, ZONE",489T,77082,CLOSED
184527,Tree Trim,2021-11-10 03:39 PM,Tree Trim Inspection,TREEMAINTENANCE,"UF - JONES, CODY",7715 BELLAIRE BLVD,"2, ZONE",530G,77036,CLOSED
184528,Tree Trim,2021-11-10 03:40 PM,Tree Trim Inspection,TREEMAINTENANCE,"UF - JONES, CODY",8600 BELLAIRE BLVD,"2, ZONE",530E,77036,CLOSED
184529,Tree Trim,2021-11-10 03:42 PM,Tree Trim Inspection,TREEMAINTENANCE,"UF - JONES, CODY",7815 BELLAIRE BLVD,"2, ZONE",530F,77036,CLOSED
184530,Tree Trim,2021-11-10 03:45 PM,Tree Trim Inspection,TREEMAINTENANCE,"UF - JONES, CODY",7803 BELLAIRE BLVD,"2, ZONE",530F,77036,CLOSED
184531,Tree Trim,2021-11-10 03:48 PM,Tree Trim Inspection,TREEMAINTENANCE,"UF - JONES, CODY",5800 RANCHESTER DR,"2, ZONE",529D,77036,CLOSED
184532,Tree Trim,2021-11-10 03:51 PM,Tree Trim Inspection,TREEMAINTENANCE,"UF - JONES, CODY",8800 BELLAIRE BLVD,"2, ZONE",530E,77036,CLOSED
184533,Tree Trim,2021-11-10 03:54 PM,Tree Trim Inspection,TREEMAINTENANCE,"UF - JONES, CODY",8700 BELLAIRE BLVD,"2, ZONE",530E,77036,CLOSED
184534,Tree Trim,2021-11-10 03:54 PM,Tree Trim Inspection,TREEMAINTENANCE,"UF - JONES, CODY",8400 BELLAIRE BLVD,"2, ZONE",530F,77036,CLOSED
184535,Tree Trim,2021-11-10 03:55 PM,Tree Trim Inspection,TREEMAINTENANCE,"UF - JONES, CODY",8500 BELLAIRE BLVD,"2, ZONE",530F,77036,CLOSED
184536,Tree Trim,2021-11-10 04:00 PM,Tree Trim Inspection,TREEMAINTENANCE,"UF - JONES, CODY",10333 HARWIN DR,"2, ZONE",530A,77036,CLOSED
184537,Tree Trim,2021-11-10 04:49 PM,Tree Trim Inspection,TREEMAINTENANCE,"EJIM, ONYEKACHI",3401 W 34TH ST,"3, ZONE",452N,77018,CLOSED
184538,Tree Removal,2021-11-10 06:44 PM,Tree Removal Inspection,TREEMAINTENANCE,"PATINO, ARNULFO",13801 HIRAM CLARKE RD,"7, ZONE",571M,77045,CLOSED
184539,Tree Trim,2021-11-10 11:21 PM,Tree Trim Inspection,TREEMAINTENANCE,"PATINO, ARNULFO",6230 CULLEN BLVD,"6, ZONE",533M,77021,CLOSED
184540,Tree Trim,2021-11-11 09:33 AM,Tree Trim Inspection,TREEMAINTENANCE,"EJIM, ONYEKACHI",8181 AIRPORT BLVD,"6, ZONE",575B,77061,CLOSED
184541,Tree Removal,2021-11-11 09:42 AM,Tree Removal Inspection,TREEMAINTENANCE,"UF - JONES, CODY",3221 BLUE LAKE DR,"4, ZONE",336U,77338,CLOSED
184542,Tree Removal,2021-11-11 09:58 AM,Tree Removal Inspection,TREEMAINTENANCE,"UF - BURKES, JEREMY","8313 PARNELL ST,HOUSTON,77051","6, ZONE",533T,5353b,CLOSED
184544,Tree Trim,2021-11-11 11:52 AM,Tree Trim Inspection,TREEMAINTENANCE,"UF - BHATTARAI, NIMESH",4000 SIMSBROOK DR,"7, ZONE",572N,77045,CLOSED
184545,Tree Removal,2021-11-11 01:38 PM,Tree Removal Inspection,TREEMAINTENANCE,"BLANCHETTE, PETER",11685 RICEVILLE SCHOOL RD,"7, ZONE",570A,77071,CLOSED
184546,Tree Trim,2021-11-11 01:50 PM,Tree Trim Inspection,TREEMAINTENANCE,"BLANCHETTE, PETER",4507 NENANA DR,"7, ZONE",531V,77035,CLOSED
184547,Tree Trim,2021-11-11 02:16 PM,Tree Trim Inspection,TREEMAINTENANCE,"UF - BHATTARAI, NIMESH",3700 COLVIN ST,"4, ZONE",456X,77013,CLOSED
184548,Tree Trim,2021-11-11 03:39 PM,Tree Trim Inspection,TREEMAINTENANCE,"BLANCHETTE, PETER",10207 KITTRELL ST,"5, ZONE",576E,77034,CLOSED
184549,Tree Trim,2021-11-11 05:16 PM,Tree Trim Inspection,TREEMAINTENANCE,"EJIM, ONYEKACHI",MONROE RD & SAYLYNN LN,"6, ZONE",575Q,77075,CLOSED
184550,Tree Removal,2021-11-11 05:17 PM,Tree Removal Inspection,TREEMAINTENANCE,"UF - JONES, CODY",BLUE LAKE DR & DEER RUN DR,"4, ZONE",336T,77338,CLOSED
184551,Tree Trim,2021-11-11 08:20 PM,Tree Trim Inspection,TREEMAINTENANCE,"UF - JONES, CODY",5143 LOCH LOMOND DR,"7, ZONE",531Q,77096,CLOSED
184552,Tree Removal,2021-11-12 06:30 AM,Tree Removal Inspection,TREEMAINTENANCE,"BLANCHETTE, PETER",10100 FREEHILL ST,"5, ZONE",576R,77034,CLOSED
184554,Tree Trim,2021-11-12 07:42 AM,Tree Trim Inspection,TREEMAINTENANCE,"EJIM, ONYEKACHI",840 W 23RD ST,"3, ZONE",452U,77008,CLOSED
184556,Tree Trim,2021-11-12 08:12 AM,Tree Trim Inspection,TREEMAINTENANCE,"EJIM, ONYEKACHI",1309 E 35TH ST,"3, ZONE",453P,77022,CLOSED
184557,Tree Trim,2021-11-12 08:25 AM,Tree Trim Inspection,TREEMAINTENANCE,"UF - POLOVTSEV, SERA",601 E 35TH ST (INDEPENDENCE HEIGHTS PARK),"3, ZONE",453N,77022,CLOSED
184558,Tree Removal,2021-11-12 09:02 AM,Tree Removal Inspection,TREEMAINTENANCE,"UF - POLOVTSEV, SERA",351 RED RIPPLE RD,"3, ZONE",452D,77091,CLOSED
184559,Tree Trim,2021-11-12 09:49 AM,Tree Trim Inspection,TREEMAINTENANCE,"UF - BHATTARAI, NIMESH",5241 LAWNDALE ST,"5, ZONE",494X,77023,CLOSED
184560,Tree Removal,2021-11-12 09:49 AM,Tree Removal Inspection,TREEMAINTENANCE,"PATINO, ARNULFO",502 KENWOOD LN,"4, ZONE",496B,77013,CLOSED
184561,Tree Trim,2021-11-12 10:02 AM,Tree Trim Inspection,TREEMAINTENANCE,"EJIM, ONYEKACHI",5003 MANDELL ST,"7, ZONE",492Z,77006,CLOSED
184562,Tree Trim,2021-11-12 11:41 AM,Tree Trim Inspection,TREEMAINTENANCE,"UF - BHATTARAI, NIMESH",1351 GREENS PKWY,"3, ZONE",372S,77038,CLOSED
184563,Tree Removal,2021-11-12 01:00 PM,Tree Removal Inspection,TREEMAINTENANCE,"BLANCHETTE, PETER",9402 KINGSVALLEY,"6, ZONE",576W,77075,CLOSED
184566,Tree Trim,2021-11-12 01:57 PM,Tree Trim Inspection,TREEMAINTENANCE,"UF - JONES, CODY",10711 SILKWOOD DR,"7, ZONE",530W,77031,CLOSED
184567,Tree Removal,2021-11-12 02:06 PM,Tree Removal Inspection,TREEMAINTENANCE,"UF - JONES, CODY",9402 LEADER ST,"2, ZONE",529H,77036,CLOSED
184571,Tree Removal,2021-11-12 02:55 PM,Tree Removal Inspection,TREEMAINTENANCE,"UF - POLOVTSEV, SERA",1400 SMITH ST (ANTIOCH PARK),"1, ZONE",493Q,77002,CLOSED
184572,Tree Trim,2021-11-12 03:03 PM,Tree Trim Inspection,TREEMAINTENANCE,"PATINO, ARNULFO",4609 DEWBERRY ST,"6, ZONE",533M,77021,CLOSED
184573,Tree Removal,2021-11-12 03:06 PM,Tree Removal Inspection,TREEMAINTENANCE,"PATINO, ARNULFO",1457 W GRAY ST,"2, ZONE",492R,77006,CLOSED
184574,Tree Trim,2021-11-12 03:33 PM,Tree Trim Inspection,TREEMAINTENANCE,"UF - POLOVTSEV, SERA",4620 N BRAESWOOD BLVD,"7, ZONE",531R,77096,CLOSED
184575,Tree Removal,2021-11-12 03:36 PM,Tree Removal Inspection,TREEMAINTENANCE,"BLANCHETTE, PETER",8012 HARTFORD ST,"5, ZONE",535P,77017,CLOSED
184576,Tree Removal,2021-11-12 03:51 PM,Tree Removal Inspection,TREEMAINTENANCE,"BLANCHETTE, PETER",5542 ASPEN ST,"7, ZONE",531K,77081,CLOSED
184577,Tree Trim,2021-11-12 04:34 PM,Tree Trim Inspection,TREEMAINTENANCE,"EJIM, ONYEKACHI",8710 KEMPWOOD DR,"3, ZONE",450R,77080,CLOSED
184578,Tree Trim,2021-11-12 04:38 PM,Tree Trim Inspection,TREEMAINTENANCE,"EJIM, ONYEKACHI",4034 CENTER ST,"2, ZONE",492H,77007,CLOSED
184579,Tree Trim,2021-11-12 05:37 PM,Tree Trim Inspection,TREEMAINTENANCE,"PATINO, ARNULFO",1116 E HEDRICK ST,"5, ZONE",495S,77011,CLOSED
184580,Tree Trim,2021-11-12 07:56 PM,Tree Trim Inspection,TREEMAINTENANCE,"UF - JONES, CODY",5002 BRIARBEND DR,"7, ZONE",531Y,77035,CLOSED
184581,Tree Trim,2021-11-13 12:41 PM,Tree Trim Inspection,TREEMAINTENANCE,"UF - BHATTARAI, NIMESH",7903 STERLINGSHIRE ST,"4, ZONE",455B,77078,CLOSED
184582,Tree Removal,2021-11-13 12:50 PM,Tree Removal Inspection,TREEMAINTENANCE,"BLANCHETTE, PETER",5230 BEECHNUT ST,"7, ZONE",531P,77401,CLOSED
184588,Tree Trim,2021-11-13 10:10 PM,Tree Trim Inspection,TREEMAINTENANCE,"UF - JONES, CODY",2910 HIGH VALLEY DR,"4, ZONE",297Z,77345,CLOSED
184589,Tree Trim,2021-11-14 08:44 AM,Tree Trim Inspection,TREEMAINTENANCE,"EJIM, ONYEKACHI",6721 UTAH ST,"3, ZONE",412X,77091,CLOSED
184590,Tree Trim,2021-11-15 05:19 AM,Tree Trim Inspection,TREEMAINTENANCE,"EJIM, ONYEKACHI",2406 ROSEWOOD ST,"6, ZONE",493Y,77004,CLOSED
184593,Tree Removal,2021-11-15 08:39 AM,Tree Removal Inspection,TREEMAINTENANCE,"UF - JONES, CODY",6126 RUTHERGLENN DR,"7, ZONE",530V,77096,CLOSED
184594,Tree Trim,2021-11-15 08:46 AM,Tree Trim Inspection,TREEMAINTENANCE,"UF - BHATTARAI, NIMESH",9007 DEER TRAIL DR,"3, ZONE",412L,77088,CLOSED
184595,Tree Removal,2021-11-15 09:27 AM,Tree Removal Inspection,TREEMAINTENANCE,"UF - BHATTARAI, NIMESH",6102 TIDWELL RD,"4, ZONE",454D,77016,CLOSED
184596,Tree Removal,2021-11-15 09:30 AM,Tree Removal Inspection,TREEMAINTENANCE,"UF - JONES, CODY",5222 PINE FOREST RD,"2, ZONE",491L,77056,CLOSED
184597,Tree Removal,2021-11-15 09:51 AM,Tree Removal Inspection,TREEMAINTENANCE,"BLANCHETTE, PETER",8405 GARLAND DR (MARQUERITTE RAY PARK),"5, ZONE",535V,77017,CLOSED
184598,Tree Removal,2021-11-15 11:46 AM,Tree Removal Inspection,TREEMAINTENANCE,"EJIM, ONYEKACHI",1206 CORTLANDT ST,"3, ZONE",453W,77008,CLOSED
184599,Tree Removal,2021-11-15 12:13 PM,Tree Removal Inspection,TREEMAINTENANCE,"UF - BHATTARAI, NIMESH",4727 WILEY RD,"4, ZONE",414Y,77093,CLOSED
184602,Tree Trim,2021-11-15 02:38 PM,Tree Trim Inspection,TREEMAINTENANCE,"BLANCHETTE, PETER",8202 HARTFORD ST,"5, ZONE",535P,77017,CLOSED
184603,Tree Removal,2021-11-15 03:53 PM,Tree Removal Inspection,TREEMAINTENANCE,"EJIM, ONYEKACHI",6125 TYNE ST,"2, ZONE",492F,77007,CLOSED
184604,Tree Removal,2021-11-15 03:59 PM,Tree Removal Inspection,TREEMAINTENANCE,"UF - JONES, CODY",11830 PEACH GROVE DR,"2, ZONE",529W,77099,CLOSED
184605,Tree Trim,2021-11-15 04:12 PM,Tree Trim Inspection,TREEMAINTENANCE,"PATINO, ARNULFO",7095 BRACE ST,"6, ZONE",574D,77061,CLOSED
184606,Tree Removal,2021-11-15 07:22 PM,Tree Removal Inspection,TREEMAINTENANCE,"EJIM, ONYEKACHI",2798 SMITH ST,"2, ZONE",493T,77006,CLOSED
184608,Tree Stump Grinding,2021-11-16 08:08 AM,Tree Stump Inspection,TREEMAINTENANCE,"EJIM, ONYEKACHI",1339 W DONOVAN ST,"3, ZONE",452F,77091,CLOSED
184609,Tree Removal,2021-11-16 08:58 AM,Tree Removal Inspection,TREEMAINTENANCE,"UF - POLOVTSEV, SERA",1031 STUDE ST (STUDE PARK),"3, ZONE",493A,77007,CLOSED
184610,Tree Trim,2021-11-16 09:10 AM,Tree Trim Inspection,TREEMAINTENANCE,"PATINO, ARNULFO",13239 WITHEE PATH LN,"6, ZONE",574P,77048,CLOSED
184611,Tree Removal,2021-11-16 09:29 AM,Tree Removal Inspection,TREEMAINTENANCE,"UF - POLOVTSEV, SERA",908 HIGHLAND ST,"3, ZONE",493B,77009,CLOSED
184613,Tree Trim,2021-11-16 10:11 AM,Tree Trim Inspection,TREEMAINTENANCE,"PATINO, ARNULFO",6900 KOPMAN DR,"6, ZONE",574D,77061,CLOSED
184615,Tree Trim,2021-11-16 11:24 AM,Tree Trim Inspection,TREEMAINTENANCE,"EJIM, ONYEKACHI",5900 KATY ST,"3, ZONE",492B,77007,CLOSED
184616,Tree Trim,2021-11-16 11:51 AM,Tree Trim Inspection,TREEMAINTENANCE,"PATINO, ARNULFO",5911 BRIDLINGTON ST,"7, ZONE",571P,77085,CLOSED
184617,Tree Trim,2021-11-16 12:39 PM,Tree Trim Inspection,TREEMAINTENANCE,"EJIM, ONYEKACHI",5930 KANSAS ST,"3, ZONE",492B,77007,CLOSED
184618,Tree Removal,2021-11-16 12:46 PM,Tree Removal Inspection,TREEMAINTENANCE,"UF - BHATTARAI, NIMESH",4118 BEGGS ST,"4, ZONE",453Y,77009,CLOSED
184619,Tree Trim,2021-11-16 01:01 PM,Tree Trim Inspection,TREEMAINTENANCE,"UF - BHATTARAI, NIMESH",5743 COLLINS RD,"4, ZONE",414R,77016,CLOSED
184620,Tree Trim,2021-11-16 01:01 PM,Tree Trim Inspection,TREEMAINTENANCE,"EJIM, ONYEKACHI",422 TRUMAN ST,"3, ZONE",452M,77018,CLOSED
184621,Tree Removal,2021-11-16 02:41 PM,Tree Removal Inspection,TREEMAINTENANCE,"EJIM, ONYEKACHI",1109 W 21ST ST,"3, ZONE",452U,77008,CLOSED
184622,Tree Trim,2021-11-16 02:50 PM,Tree Trim Inspection,TREEMAINTENANCE,"EJIM, ONYEKACHI",1500 ELLA BLVD,"3, ZONE",452X,77008,CLOSED
184623,Tree Trim,2021-11-16 02:59 PM,Tree Trim Inspection,TREEMAINTENANCE,"EJIM, ONYEKACHI",7220 SHADYVILLA LN,"3, ZONE",451Y,77055,CLOSED
184624,Tree Removal,2021-11-16 03:14 PM,Tree Removal Inspection,TREEMAINTENANCE,"BLANCHETTE, PETER",5214 WILMINGTON ST,"6, ZONE",574A,77033,CLOSED
184625,Tree Removal,2021-11-16 03:41 PM,Tree Removal Inspection,TREEMAINTENANCE,"UF - POLOVTSEV, SERA",2701 ALLEN PKWY,"2, ZONE",493J,77019,CLOSED
184626,Tree Trim,2021-11-16 04:42 PM,Tree Trim Inspection,TREEMAINTENANCE,"UF - BHATTARAI, NIMESH",7209 BYWOOD ST,"4, ZONE",454H,77028,CLOSED
184627,Tree Trim,2021-11-16 08:40 PM,Tree Trim Inspection,TREEMAINTENANCE,"EJIM, ONYEKACHI",4435 DAGG RD,"6, ZONE",613D,77048,CLOSED
184628,Tree Trim,2021-11-16 10:08 PM,Tree Trim Inspection,TREEMAINTENANCE,"PATINO, ARNULFO",5902 BRIDLINGTON ST,"7, ZONE",571P,77085,CLOSED
184629,Tree Trim,2021-11-17 01:22 AM,Tree Trim Inspection,TREEMAINTENANCE,"EJIM, ONYEKACHI",13718 HARVEST BROOK CT,"5, ZONE",577Z,77034,CLOSED
184630,Tree Trim,2021-11-17 04:17 AM,Tree Trim Inspection,TREEMAINTENANCE,"EJIM, ONYEKACHI",5631 WINDING WAY DR,"3, ZONE",411Y,77091,CLOSED
184631,Tree Trim,2021-11-17 04:20 AM,Tree Trim Inspection,TREEMAINTENANCE,"EJIM, ONYEKACHI",5422 WINDING WAY DR,"3, ZONE",411Y,77091,CLOSED
184636,Tree Removal,2021-11-17 09:01 AM,Tree Removal Inspection,TREEMAINTENANCE,"UF - JONES, CODY",2014 TAFT ST,"2, ZONE",493N,77006,CLOSED
184637,Tree Removal,2021-11-17 09:17 AM,Tree Removal Inspection,TREEMAINTENANCE,"BLANCHETTE, PETER",231 VICEROY DR,"5, ZONE",576G,77034,CLOSED
184638,Tree Removal,2021-11-17 09:34 AM,Tree Removal Inspection,TREEMAINTENANCE,"PATINO, ARNULFO",4623 OAKSIDE DR,"7, ZONE",571V,77053,CLOSED
184639,Tree Removal,2021-11-17 09:55 AM,Tree Removal Inspection,TREEMAINTENANCE,"EJIM, ONYEKACHI",10006 CEDARDALE DR,"3, ZONE",450W,77055,CLOSED
184640,Tree Trim,2021-11-17 09:58 AM,Tree Trim Inspection,TREEMAINTENANCE,"BLANCHETTE, PETER",16278 KRUEGER WAY,"5, ZONE",618H,77062,CLOSED
184641,Tree Removal,2021-11-17 10:12 AM,Tree Removal Inspection,TREEMAINTENANCE,"UF - BHATTARAI, NIMESH",200 E SUNNYSIDE ST,"4, ZONE",413X,77076,CLOSED
184642,Tree Removal,2021-11-17 10:14 AM,Tree Removal Inspection,TREEMAINTENANCE,"EJIM, ONYEKACHI",5627 GESSNER RD,"3, ZONE",450A,77041,CLOSED
184643,Tree Removal,2021-11-17 10:14 AM,Tree Removal Inspection,TREEMAINTENANCE,"UF - BHATTARAI, NIMESH",9400 N GREEN RIVER DR,"4, ZONE",455M,77078,CLOSED
184644,Tree Trim,2021-11-17 10:34 AM,Tree Trim Inspection,TREEMAINTENANCE,"PATINO, ARNULFO",5402 POST OAK MANOR DR,"7, ZONE",571L,77085,CLOSED
184645,Tree Removal,2021-11-17 10:45 AM,Tree Removal Inspection,TREEMAINTENANCE,"BLANCHETTE, PETER",698 CENTRAL ST,"5, ZONE",535C,77012,CLOSED
184646,Tree Removal,2021-11-17 10:51 AM,Tree Removal Inspection,TREEMAINTENANCE,"UF - POLOVTSEV, SERA",707 WENDEL ST,"3, ZONE",493B,77009,CLOSED
184647,Tree Removal,2021-11-17 11:07 AM,Tree Removal Inspection,TREEMAINTENANCE,"PATINO, ARNULFO",4505 GALESBURG ST,"6, ZONE",533Y,77051,CLOSED
184648,Tree Removal,2021-11-17 11:11 AM,Tree Removal Inspection,TREEMAINTENANCE,"BLANCHETTE, PETER",5042 PERSHING ST,"6, ZONE",533V,77033,CLOSED
184649,Tree Trim,2021-11-17 11:12 AM,Tree Trim Inspection,TREEMAINTENANCE,"UF - JONES, CODY",11415 GALLANT RIDGE LN,"2, ZONE",529B,77082,CLOSED
184650,Tree Trim,2021-11-17 11:38 AM,Tree Trim Inspection,TREEMAINTENANCE,"EJIM, ONYEKACHI",5435 WINDING WAY DR,"3, ZONE",411Y,77091,CLOSED
184651,Tree Removal,2021-11-17 01:09 PM,Tree Removal Inspection,TREEMAINTENANCE,"EJIM, ONYEKACHI",9970 NEUENS RD,"3, ZONE",450S,77080,CLOSED
184652,Tree Removal,2021-11-17 01:10 PM,Tree Removal Inspection,TREEMAINTENANCE,"UF - JONES, CODY",5770 GREENCRAIG DR,"7, ZONE",571E,77035,CLOSED
184653,Tree Removal,2021-11-17 01:16 PM,Tree Removal Inspection,TREEMAINTENANCE,"BLANCHETTE, PETER",6515 MOSSROSE ST,"5, ZONE",534H,77087,CLOSED
184654,Tree Removal,2021-11-17 01:21 PM,Tree Removal Inspection,TREEMAINTENANCE,"UF - JONES, CODY",200 JACKSON HILL ST (CLEVELAND PARK),"2, ZONE",492M,77007,CLOSED
184655,Tree Trim,2021-11-17 01:55 PM,Tree Trim Inspection,TREEMAINTENANCE,"EJIM, ONYEKACHI",1708 PARKER ST,"2, ZONE",492H,77007,CLOSED
184656,Tree Trim,2021-11-17 03:34 PM,Tree Trim Inspection,TREEMAINTENANCE,"UF - BHATTARAI, NIMESH",3802 MERRICK ST,"7, ZONE",532J,77025,CLOSED
184657,Tree Trim,2021-11-17 03:37 PM,Tree Trim Inspection,TREEMAINTENANCE,"EJIM, ONYEKACHI",2227 W MAIN ST,"2, ZONE",492U,77098,CLOSED
184658,Tree Removal,2021-11-17 03:38 PM,Tree Removal Inspection,TREEMAINTENANCE,"BLANCHETTE, PETER",541 S 75TH ST,"5, ZONE",535A,77023,CLOSED
184659,Tree Trim,2021-11-17 04:01 PM,Tree Trim Inspection,TREEMAINTENANCE,"BLANCHETTE, PETER",6406 IVYKNOLL DR,"7, ZONE",570D,77035,CLOSED
184660,Tree Trim,2021-11-17 04:16 PM,Tree Trim Inspection,TREEMAINTENANCE,"UF - JONES, CODY",5823 QUEENSLOCH DR,"7, ZONE",531S,77096,CLOSED
184661,Tree Trim,2021-11-17 04:47 PM,Tree Trim Inspection,TREEMAINTENANCE,"UF - BHATTARAI, NIMESH",3600 BALL ST,"5, ZONE",494P,77003,CLOSED
184662,Tree Trim,2021-11-17 07:00 PM,Tree Trim Inspection,TREEMAINTENANCE,"UF - BHATTARAI, NIMESH",6402 T C JESTER BLVD,"3, ZONE",411Z,77091,CLOSED
184663,Tree Trim,2021-11-17 09:07 PM,Tree Trim Inspection,TREEMAINTENANCE,"UF - JONES, CODY",100 WAUGH DR,"2, ZONE",492M,77007,CLOSED
184664,Tree Removal,2021-11-18 08:19 AM,Tree Removal Inspection,TREEMAINTENANCE,"BLANCHETTE, PETER",403 N STILES ST,"5, ZONE",494P,77011,CLOSED
184665,Tree Trim,2021-11-18 08:37 AM,Tree Trim Inspection,TREEMAINTENANCE,"BLANCHETTE, PETER",2408 PROSPECT ST,"6, ZONE",533B,77004,CLOSED
184666,Tree Removal,2021-11-18 08:40 AM,Tree Removal Inspection,TREEMAINTENANCE,"BLANCHETTE, PETER",2401 PROSPECT ST,"6, ZONE",533B,77004,CLOSED
184667,Tree Trim,2021-11-18 08:58 AM,Tree Trim Inspection,TREEMAINTENANCE,"BLANCHETTE, PETER",4038 GALESBURG ST,"6, ZONE",533Y,77051,CLOSED
184668,Tree Trim,2021-11-18 10:06 AM,Tree Trim Inspection,TREEMAINTENANCE,"UF - BHATTARAI, NIMESH",4001 LANARK LN,"7, ZONE",532E,77025,CLOSED
184670,Tree Removal,2021-11-18 11:30 AM,Tree Removal Inspection,TREEMAINTENANCE,"UF - BHATTARAI, NIMESH",6400 T C JESTER BLVD,"3, ZONE",411Z,77091,CLOSED
184673,Tree Removal,2021-11-18 02:07 PM,Tree Removal Inspection,TREEMAINTENANCE,"PATINO, ARNULFO",6201 HERMANN PARK DR,"7, ZONE",533A,77030,CLOSED
184674,Tree Trim,2021-11-18 03:56 PM,Tree Trim Inspection,TREEMAINTENANCE,"BLANCHETTE, PETER",10720 SOUTHVIEW  ST.,"6, ZONE",573G,77047,CLOSED
184675,Tree Removal,2021-11-18 05:06 PM,Tree Removal Inspection,TREEMAINTENANCE,"UF - JONES, CODY",5512 CRAWFORD ST,"7, ZONE",533B,77004,CLOSED
184676,Tree Removal,2021-11-18 05:29 PM,Tree Removal Inspection,TREEMAINTENANCE,"EJIM, ONYEKACHI",1331 SILBER RD,"3, ZONE",451Y,77055,CLOSED
184677,Tree Trim,2021-11-18 09:43 PM,Tree Trim Inspection,TREEMAINTENANCE,"EJIM, ONYEKACHI",6601 GRANITE ST,"3, ZONE",451J,77092,CLOSED
184679,Tree Trim,2021-11-19 09:18 AM,Tree Trim Inspection,TREEMAINTENANCE,"UF - BHATTARAI, NIMESH",2215 SOUTHGATE BLVD,"7, ZONE",532G,77030,CLOSED
184680,Tree Removal,2021-11-19 10:58 AM,Tree Removal Inspection,TREEMAINTENANCE,"EJIM, ONYEKACHI",2223 HULDY ST,"2, ZONE",492V,77019,CLOSED
184681,Tree Removal,2021-11-19 11:16 AM,Tree Removal Inspection,TREEMAINTENANCE,"EJIM, ONYEKACHI",1130 CASTLEDALE DR,"4, ZONE",413Q,77037,CLOSED
184682,Tree Trim,2021-11-19 01:48 PM,Tree Trim Inspection,TREEMAINTENANCE,"UF - POLOVTSEV, SERA",1327 HAWTHORNE ST,"2, ZONE",493S,77006,CLOSED
184683,Tree Trim,2021-11-19 02:27 PM,Tree Trim Inspection,TREEMAINTENANCE,"UF - BHATTARAI, NIMESH",3754 MERRICK ST,"7, ZONE",532J,77025,CLOSED
184684,Tree Trim,2021-11-19 02:57 PM,Tree Trim Inspection,TREEMAINTENANCE,"UF - POLOVTSEV, SERA",900 SMITH ST,"1, ZONE",493L,77002,CLOSED
184685,Tree Trim,2021-11-19 03:27 PM,Tree Trim Inspection,TREEMAINTENANCE,"PATINO, ARNULFO",8750 FLOSSIE MAE ST,"5, ZONE",495L,77029,CLOSED
184686,Tree Trim,2021-11-19 03:33 PM,Tree Trim Inspection,TREEMAINTENANCE,"EJIM, ONYEKACHI",1537 KIPLING ST,"2, ZONE",492V,77006,CLOSED
184687,Tree Trim,2021-11-19 03:34 PM,Tree Trim Inspection,TREEMAINTENANCE,"UF - JONES, CODY",5602 WESTHEIMER RD,"2, ZONE",491T,77056,CLOSED
184688,Tree Trim,2021-11-19 03:36 PM,Tree Trim Inspection,TREEMAINTENANCE,"EJIM, ONYEKACHI",1918 WHEELER ST,"7, ZONE",493X,77004,CLOSED
184689,Tree Trim,2021-11-19 03:42 PM,Tree Trim Inspection,TREEMAINTENANCE,"UF - POLOVTSEV, SERA",4826 LA BRANCH ST,"7, ZONE",493X,77004,CLOSED
184690,Tree Trim,2021-11-20 04:00 PM,Tree Trim Inspection,TREEMAINTENANCE,"BLANCHETTE, PETER",2421 LEELAND ST,"5, ZONE",493V,77003,CLOSED
184691,Tree Removal,2021-11-21 12:23 AM,Tree Removal Inspection,TREEMAINTENANCE,"BLANCHETTE, PETER",7614 CANDLEGREEN LN,"7, ZONE",570G,77071,CLOSED
184692,Tree Removal,2021-11-21 12:29 AM,Tree Removal Inspection,TREEMAINTENANCE,"BLANCHETTE, PETER",7627 CANDLEGREEN LN,"7, ZONE",570G,77071,CLOSED
184693,Tree Removal,2021-11-21 12:31 AM,Tree Removal Inspection,TREEMAINTENANCE,"BLANCHETTE, PETER",7626 CANDLEGREEN LN,"7, ZONE",570G,77071,CLOSED
184694,Tree Removal,2021-11-21 12:35 AM,Tree Removal Inspection,TREEMAINTENANCE,"BLANCHETTE, PETER",7635 CANDLEGREEN LN,"7, ZONE",570G,77071,CLOSED
184695,Tree Removal,2021-11-21 12:38 AM,Tree Removal Inspection,TREEMAINTENANCE,"BLANCHETTE, PETER",7643 CANDLEGREEN LN,"7, ZONE",570G,77071,CLOSED
184696,Tree Removal,2021-11-21 12:41 AM,Tree Removal Inspection,TREEMAINTENANCE,"BLANCHETTE, PETER",7706 CANDLEGREEN LN,"7, ZONE",570G,77071,CLOSED
184697,Tree Removal,2021-11-21 12:44 AM,Tree Removal Inspection,TREEMAINTENANCE,"BLANCHETTE, PETER",7711 CANDLEGREEN LN,"7, ZONE",570G,77071,CLOSED
184698,Tree Removal,2021-11-21 12:47 AM,Tree Removal Inspection,TREEMAINTENANCE,"BLANCHETTE, PETER",7607 CANDLEGREEN LN,"7, ZONE",570G,77071,CLOSED
184699,Tree Trim,2021-11-21 05:37 PM,Tree Trim Inspection,TREEMAINTENANCE,"PATINO, ARNULFO",4200 DU PONT ST,"6, ZONE",533M,77021,CLOSED
184700,Tree Trim,2021-11-21 06:07 PM,Tree Trim Inspection,TREEMAINTENANCE,"UF - JONES, CODY",6211 HUMMINGBIRD ST,"7, ZONE",530Z,77096,CLOSED
184709,Tree Trim,2021-11-22 08:38 AM,Tree Trim Inspection,TREEMAINTENANCE,"EJIM, ONYEKACHI",331 W 22ND ST,"3, ZONE",452V,77008,CLOSED
184711,Tree Stump Grinding,2021-11-22 10:11 AM,Tree Stump Inspection,TREEMAINTENANCE,"BLANCHETTE, PETER",8313 PARNELL ST,"6, ZONE",533T,77051,CLOSED
184712,Tree Trim,2021-11-22 10:18 AM,Tree Trim Inspection,TREEMAINTENANCE,"EJIM, ONYEKACHI",5000 BIRCHMONT DR,"3, ZONE",451G,77091,CLOSED
184713,Tree Trim,2021-11-22 10:41 AM,Tree Trim Inspection,TREEMAINTENANCE,"UF - BHATTARAI, NIMESH",3838 PRUDENCE DR,"7, ZONE",572N,77045,CLOSED
184715,Tree Removal,2021-11-22 10:57 AM,Tree Removal Inspection,TREEMAINTENANCE,"UF - BHATTARAI, NIMESH",6300 IRVINGTON BLVD,"4, ZONE",453Q,77022,CLOSED
184716,Tree Removal,2021-11-22 12:46 PM,Tree Removal Inspection,TREEMAINTENANCE,"PATINO, ARNULFO",12119 BRIAR FOREST DR,"2, ZONE",489N,77077,CLOSED
184717,Tree Removal,2021-11-22 01:04 PM,Tree Removal Inspection,TREEMAINTENANCE,"EJIM, ONYEKACHI",3818 BLACK LOCUST DR,"3, ZONE",411V,77088,CLOSED
184718,Tree Trim,2021-11-22 01:52 PM,Tree Trim Inspection,TREEMAINTENANCE,"UF - BHATTARAI, NIMESH",6330 ROOS RD,"7, ZONE",531J,77074,CLOSED
184719,Tree Trim,2021-11-22 02:25 PM,Tree Trim Inspection,TREEMAINTENANCE,"UF - BHATTARAI, NIMESH",9304 IRBY ST,"3, ZONE",412P,77088,CLOSED
184720,Tree Removal,2021-11-22 02:26 PM,Tree Removal Inspection,TREEMAINTENANCE,"UF - JONES, CODY",12118 PLUMBROOK DR,"2, ZONE",529S,77099,CLOSED
184721,Tree Trim,2021-11-22 02:37 PM,Tree Trim Inspection,TREEMAINTENANCE,"PATINO, ARNULFO",6221 MAIN ST,"7, ZONE",533A,77030,CLOSED
184722,Tree Trim,2021-11-22 02:47 PM,Tree Trim Inspection,TREEMAINTENANCE,"UF - POLOVTSEV, SERA",AIRPORT BLVD & HINMAN ST,"6, ZONE",575C,77061,CLOSED
184723,Tree Trim,2021-11-22 02:50 PM,Tree Trim Inspection,TREEMAINTENANCE,"PATINO, ARNULFO",10500 RICHMOND AVE,"2, ZONE",489Z,77042,CLOSED
184727,Tree Trim,2021-11-22 03:17 PM,Tree Trim Inspection,TREEMAINTENANCE,"UF - BHATTARAI, NIMESH",7602 ALPERTON DR,"3, ZONE",411V,77088,CLOSED
184729,Tree Trim,2021-11-22 03:53 PM,Tree Trim Inspection,TREEMAINTENANCE,"BLANCHETTE, PETER",5219 WOODHEAD ST,"7, ZONE",492Z,77098,CLOSED
184730,Tree Trim,2021-11-22 11:20 PM,Tree Trim Inspection,TREEMAINTENANCE,"UF - POLOVTSEV, SERA",1521 MISSOURI ST,"2, ZONE",493S,77006,CLOSED
184731,Tree Removal,2021-11-23 08:04 AM,Tree Removal Inspection,TREEMAINTENANCE,"EJIM, ONYEKACHI",2232 SINGLETON ST,"3, ZONE",453S,77008,CLOSED
184732,Tree Trim,2021-11-23 08:19 AM,Tree Trim Inspection,TREEMAINTENANCE,"EJIM, ONYEKACHI",4021 ALBA RD,"3, ZONE",452L,77018,CLOSED
184734,Tree Removal,2021-11-23 08:30 AM,Tree Removal Inspection,TREEMAINTENANCE,"UF - JONES, CODY",4810 DICKSON ST,"2, ZONE",492M,77007,CLOSED
184746,Tree Trim,2021-11-23 09:10 AM,Tree Trim Inspection,TREEMAINTENANCE,"UF - JONES, CODY",MILLS BRANCH DR & DOGWOOD LN,"4, ZONE",297P,77345,CLOSED
184747,Tree Stump Grinding,2021-11-23 09:58 AM,Tree Stump Inspection,TREEMAINTENANCE,"EJIM, ONYEKACHI",5402 ACORN ST,"3, ZONE",451G,77092,CLOSED
184748,Tree Removal,2021-11-23 10:26 AM,Tree Removal Inspection,TREEMAINTENANCE,"PATINO, ARNULFO",1300 SEAGLER RD,"2, ZONE",489R,77042,CLOSED
184749,Tree Trim,2021-11-23 10:59 AM,Tree Trim Inspection,TREEMAINTENANCE,"UF - JONES, CODY",4218 COCHRAN ST,"4, ZONE",453Z,77009,CLOSED
184750,Tree Removal,2021-11-23 11:11 AM,Tree Removal Inspection,TREEMAINTENANCE,"UF - JONES, CODY",9318 LEADER ST,"2, ZONE",530E,77036,CLOSED
184751,Tree Removal,2021-11-23 11:11 AM,Tree Removal Inspection,TREEMAINTENANCE,"UF - JONES, CODY",9322 LEADER ST,"2, ZONE",529H,77036,CLOSED
184752,Tree Trim,2021-11-23 11:44 AM,Tree Trim Inspection,TREEMAINTENANCE,"PATINO, ARNULFO",11418 RIVERVIEW DR,"2, ZONE",489K,77077,CLOSED
184753,Tree Trim,2021-11-23 11:54 AM,Tree Trim Inspection,TREEMAINTENANCE,"PATINO, ARNULFO",1747 PRAIRIE MARK LN,"2, ZONE",489P,77077,CLOSED
184754,Tree Trim,2021-11-23 12:36 PM,Tree Trim Inspection,TREEMAINTENANCE,"EJIM, ONYEKACHI",1409 SOUTHMORE BLVD,"7, ZONE",493X,77004,CLOSED
184755,Tree Trim,2021-11-23 12:36 PM,Tree Trim Inspection,TREEMAINTENANCE,"PATINO, ARNULFO",3711 OLD SPANISH TRL,"6, ZONE",533L,77021,CLOSED
184756,Tree Removal,2021-11-23 12:42 PM,Tree Removal Inspection,TREEMAINTENANCE,"UF - JONES, CODY",5238 BRAESVALLEY DR,"7, ZONE",531T,77096,CLOSED
184757,Tree Trim,2021-11-23 12:48 PM,Tree Trim Inspection,TREEMAINTENANCE,"UF - POLOVTSEV, SERA",1901 FANNIN ST,"1, ZONE",493Q,77002,CLOSED
184759,Tree Trim,2021-11-23 01:21 PM,Tree Trim Inspection,TREEMAINTENANCE,"EJIM, ONYEKACHI",3000 N DURHAM DR,"3, ZONE",452Q,77018,CLOSED
184761,Tree Trim,2021-11-23 01:43 PM,Tree Trim Inspection,TREEMAINTENANCE,"BLANCHETTE, PETER",12315 SPLIT RAIL LN,"7, ZONE",570G,77071,CLOSED
184763,Tree Trim,2021-11-23 02:33 PM,Tree Trim Inspection,TREEMAINTENANCE,"EJIM, ONYEKACHI",1921 EBONY LN,"3, ZONE",452N,77018,CLOSED
184764,Tree Removal,2021-11-23 03:16 PM,Tree Removal Inspection,TREEMAINTENANCE,"EJIM, ONYEKACHI",5410 SAMROSE DR,"3, ZONE",452C,77091,CLOSED
184765,Tree Trim,2021-11-23 04:20 PM,Tree Trim Inspection,TREEMAINTENANCE,"UF - BHATTARAI, NIMESH",3402 TIDFORD ST,"4, ZONE",454B,77093,CLOSED
184766,Tree Removal,2021-11-23 06:26 PM,Tree Removal Inspection,TREEMAINTENANCE,"PATINO, ARNULFO",2226 SILVER SAGE DR,"2, ZONE",489S,77077,CLOSED
184767,Tree Trim,2021-11-23 08:27 PM,Tree Trim Inspection,TREEMAINTENANCE,"BLANCHETTE, PETER",BELLFORT ST & CULLEN BLVD,"6, ZONE",533Z,77051,CLOSED
184768,Tree Trim,2021-11-23 08:36 PM,Tree Trim Inspection,TREEMAINTENANCE,"UF - JONES, CODY",4948 TILBURY DR,"2, ZONE",491L,77056,CLOSED
184769,Tree Trim,2021-11-24 07:47 AM,Tree Trim Inspection,TREEMAINTENANCE,"EJIM, ONYEKACHI",9621 LONG BRANCH LN,"3, ZONE",450X,77055,CLOSED
184772,Tree Trim,2021-11-24 08:31 AM,Tree Trim Inspection,TREEMAINTENANCE,"UF - BHATTARAI, NIMESH",4400 SHERMAN ST,"5, ZONE",494T,77011,CLOSED
184776,Tree Trim,2021-11-24 10:38 AM,Tree Trim Inspection,TREEMAINTENANCE,"UF - BHATTARAI, NIMESH",1107 S LOCKWOOD DR,"5, ZONE",494T,77023,CLOSED
184777,Tree Trim,2021-11-24 11:13 AM,Tree Trim Inspection,TREEMAINTENANCE,"UF - BHATTARAI, NIMESH",3014 BRINGHURST ST,"4, ZONE",494B,77026,CLOSED
184778,Tree Trim,2021-11-24 11:59 AM,Tree Trim Inspection,TREEMAINTENANCE,"BLANCHETTE, PETER",11711 CHESSINGTON DRIVE ,"7, ZONE",569D,77031,CLOSED
184779,Tree Removal,2021-11-24 12:23 PM,Tree Removal Inspection,TREEMAINTENANCE,"PATINO, ARNULFO",4111 EUROPA ST,"3, ZONE",453J,77022,CLOSED
184780,Tree Trim,2021-11-24 01:15 PM,Tree Trim Inspection,TREEMAINTENANCE,"EJIM, ONYEKACHI",1413 WHISPERING PINES DR,"3, ZONE",451X,77055,CLOSED
184781,Tree Trim,2021-11-24 01:45 PM,Tree Trim Inspection,TREEMAINTENANCE,"UF - BHATTARAI, NIMESH",4330 CLAY ST,"5, ZONE",494S,77023,CLOSED
184782,Tree Trim,2021-11-24 05:26 PM,Tree Trim Inspection,TREEMAINTENANCE,"UF - JONES, CODY",2600 MILLS BRANCH DR,"4, ZONE",297U,77345,CLOSED
184783,Tree Trim,2021-11-25 04:35 PM,Tree Trim Inspection,TREEMAINTENANCE,"PATINO, ARNULFO",4302 MCDERMED DR,"7, ZONE",531Z,77035,CLOSED
184784,Tree Stump Grinding,2021-11-26 12:33 AM,Tree Stump Inspection,TREEMAINTENANCE,"PATINO, ARNULFO",6119 MCKINSTRY BLVD,"7, ZONE",571P,77085,CLOSED
184785,Tree Removal,2021-11-26 11:29 AM,Tree Removal Inspection,TREEMAINTENANCE,"EJIM, ONYEKACHI",1233 WYCLIFFE DR,"3, ZONE",449X,77043,CLOSED
184786,Tree Trim,2021-11-26 02:18 PM,Tree Trim Inspection,TREEMAINTENANCE,"BLANCHETTE, PETER",5303 MYRTLEWOOD ST,"6, ZONE",534W,77033,CLOSED
184787,Tree Trim,2021-11-26 02:54 PM,Tree Trim Inspection,TREEMAINTENANCE,"UF - POLOVTSEV, SERA",1800 CRAWFORD ST,"1, ZONE",493Q,77002,CLOSED
184788,Tree Trim,2021-11-27 11:36 AM,Tree Trim Inspection,TREEMAINTENANCE,"UF - JONES, CODY",3717 WAYNE ST,"4, ZONE",454X,77026,CLOSED
184789,Tree Trim,2021-11-27 02:37 PM,Tree Trim Inspection,TREEMAINTENANCE,"UF - POLOVTSEV, SERA",2521 CHAPMAN ST,"4, ZONE",493D,77009,CLOSED
184790,Tree Removal,2021-11-28 03:19 AM,Tree Removal Inspection,TREEMAINTENANCE,"BLANCHETTE, PETER",6333 MARTIN LUTHER KING BLVD,"6, ZONE",534N,77021,CLOSED
184791,Tree Trim,2021-11-28 01:05 PM,Tree Trim Inspection,TREEMAINTENANCE,"UF - JONES, CODY",6812 ORVILLE ST,"4, ZONE",454M,77028,CLOSED
184792,Tree Trim,2021-11-28 06:25 PM,Tree Trim Inspection,TREEMAINTENANCE,"EJIM, ONYEKACHI",W 11TH ST & NASHUA ST,"3, ZONE",452Y,77008,CLOSED
184793,Tree Trim,2021-11-29 08:11 AM,Tree Trim Inspection,TREEMAINTENANCE,"PATINO, ARNULFO",4303 CASTOR ST,"3, ZONE",453J,77022,CLOSED
184794,Tree Planting,2021-11-29 08:47 AM,Tree Planting Inspection,TREEPROTECTION,"UF - BHATTARAI, NIMESH",602 BERESFORD ST (GREENWOOD PARK),"4, ZONE",497A,77015,CLOSED
184795,Tree Trim,2021-11-29 09:11 AM,Tree Trim Inspection,TREEMAINTENANCE,"PATINO, ARNULFO",505 73RD ST,"5, ZONE",495W,77011,CLOSED
184796,Tree Stump Grinding,2021-11-29 09:54 AM,Tree Stump Inspection,TREEMAINTENANCE,"UF - JONES, CODY",5306 SPELLMAN RD,"7, ZONE",531X,77096,CLOSED
184798,Tree Trim,2021-11-29 12:13 PM,Tree Trim Inspection,TREEMAINTENANCE,"UF - BHATTARAI, NIMESH",7139 LANGLEY RD,"4, ZONE",414Z,77016,CLOSED
184799,Tree Trim,2021-11-29 12:17 PM,Tree Trim Inspection,TREEMAINTENANCE,"BLANCHETTE, PETER",11011 SAGEWILLOW LN,"6, ZONE",616B,77089,CLOSED
184800,Tree Trim,2021-11-29 12:22 PM,Tree Trim Inspection,TREEMAINTENANCE,"UF - POLOVTSEV, SERA",3515 ATTUCKS ST,"6, ZONE",493Z,77004,CLOSED
184801,Tree Removal,2021-11-29 12:37 PM,Tree Removal Inspection,TREEMAINTENANCE,"UF - BHATTARAI, NIMESH",4430 NICHOLS ST,"4, ZONE",494B,77020,CLOSED
184802,Tree Removal,2021-11-29 12:50 PM,Tree Removal Inspection,TREEMAINTENANCE,"UF - POLOVTSEV, SERA",1500 WHITE OAK DR (FREED ART & NATURE PARK),"3, ZONE",493B,77009,CLOSED
184803,Tree Protection Rev,2021-11-29 01:59 PM,Tree Protection Review Inspection,TREEPROTECTION,"UF - POLOVTSEV, SERA",5806 FELICIA ST,"3, ZONE",452A,77091,CLOSED
184804,Tree Code Violation,2021-11-29 02:35 PM,Tree Code Violation Inspection,TREEPROTECTION,"UF - POLOVTSEV, SERA",1935 HADDON ST,"2, ZONE",492R,77019,CLOSED
184806,Tree Removal,2021-11-29 03:11 PM,Tree Removal Inspection,TREEMAINTENANCE,"UF - JONES, CODY",111 W COWAN DR,"2, ZONE",492K,77007,CLOSED
184807,Tree Trim,2021-11-29 03:33 PM,Tree Trim Inspection,TREEMAINTENANCE,"UF - JONES, CODY",9022 S DAIRY ASHFORD RD,"2, ZONE",528R,77099,CLOSED
184808,Tree Trim,2021-11-29 05:50 PM,Tree Trim Inspection,TREEMAINTENANCE,"UF - JONES, CODY",851 BENS LN,"4, ZONE",338M,77336,CLOSED
184809,Tree Removal,2021-11-29 05:50 PM,Tree Removal Inspection,TREEMAINTENANCE,"UF - POLOVTSEV, SERA",3511 HOUSTON AVE,"3, ZONE",493C,77009,CLOSED
184812,Tree Removal,2021-11-30 07:37 AM,Tree Removal Inspection,TREEMAINTENANCE,"BLANCHETTE, PETER",7611 CANDLEGREEN LN,"7, ZONE",570G,77071,CLOSED
184813,Tree Removal,2021-11-30 08:10 AM,Tree Removal Inspection,TREEMAINTENANCE,"UF - JONES, CODY",4422 COLLINGSWORTH ST,"4, ZONE",454X,77026,CLOSED
184814,Tree Removal,2021-11-30 08:43 AM,Tree Removal Inspection,TREEMAINTENANCE,"EJIM, ONYEKACHI",3233 MANGUM RD,"3, ZONE",451R,77092,CLOSED
184815,Tree Removal,2021-11-30 08:56 AM,Tree Removal Inspection,TREEMAINTENANCE,"PATINO, ARNULFO",16026 CORSAIR RD,"7, ZONE",571X,77053,CLOSED
184816,Tree Trim,2021-11-30 08:59 AM,Tree Trim Inspection,TREEMAINTENANCE,"UF - BHATTARAI, NIMESH",7610 N WAYSIDE DR,"4, ZONE",455K,77028,CLOSED
184817,Tree Removal,2021-11-30 11:00 AM,Tree Removal Inspection,TREEMAINTENANCE,"UF - JONES, CODY",5700 COLLINGSWORTH ST (CATHERINE DELCE PARK),"4, ZONE",454Y,77026,CLOSED
184818,Tree Trim,2021-11-30 12:36 PM,Tree Trim Inspection,TREEMAINTENANCE,"EJIM, ONYEKACHI",4300 MONTROSE BLVD,"2, ZONE",493W,77006,CLOSED
184819,Tree Trim,2021-11-30 01:19 PM,Tree Trim Inspection,TREEMAINTENANCE,"PATINO, ARNULFO",6000 FANNIN ST,"7, ZONE",533A,77030,CLOSED
184823,Tree Removal,2021-11-30 01:53 PM,Tree Removal Inspection,TREEMAINTENANCE,"BLANCHETTE, PETER",6122 ANDWOOD ST,"6, ZONE",534V,77087,CLOSED
184824,Tree Trim,2021-11-30 02:13 PM,Tree Trim Inspection,TREEMAINTENANCE,"UF - JONES, CODY",5311 ROSE ST,"2, ZONE",492G,77007,CLOSED
184825,Tree Removal,2021-11-30 02:40 PM,Tree Removal Inspection,TREEMAINTENANCE,"UF - POLOVTSEV, SERA",1729 LEXINGTON ST,"2, ZONE",492Z,77098,CLOSED
184827,Tree Trim,2021-11-30 02:56 PM,Tree Trim Inspection,TREEMAINTENANCE,"EJIM, ONYEKACHI",8346 WINTHROP LN,"6, ZONE",575K,77075,CLOSED
184828,Tree Removal,2021-11-30 03:08 PM,Tree Removal Inspection,TREEMAINTENANCE,"UF - BHATTARAI, NIMESH",3602 MERRICK ST,"7, ZONE",532K,77025,CLOSED
184829,Tree Removal,2021-11-30 03:26 PM,Tree Removal Inspection,TREEMAINTENANCE,"PATINO, ARNULFO",14600 RICHMOND AVE,"2, ZONE",488W,77082,CLOSED
184831,Tree Trim,2021-11-30 04:17 PM,Tree Trim Inspection,TREEMAINTENANCE,"UF - BHATTARAI, NIMESH",6918 PINETEX DR,"4, ZONE",375T,77396,CLOSED
184832,Tree Code Violation,2021-11-30 04:44 PM,Tree Code Violation Inspection,TREEPROTECTION,"UF - POLOVTSEV, SERA",10326 KINSDALE CROSSING LN,"6, ZONE",575U,77075,CLOSED
184833,Tree Trim,2021-11-30 07:09 PM,Tree Trim Inspection,TREEMAINTENANCE,"UF - POLOVTSEV, SERA",1008 CLEVELAND ST,"2, ZONE",493P,77019,CLOSED
184837,Tree Trim,2021-12-01 11:01 AM,Tree Trim Inspection,TREEMAINTENANCE,"BLANCHETTE, PETER",5502 SOUTHWIND ST,"6, ZONE",534S,77033,CLOSED
184838,Tree Removal,2021-12-01 11:35 AM,Tree Removal Inspection,TREEMAINTENANCE,"UF - BHATTARAI, NIMESH",1047 CONKLIN ST,"3, ZONE",412P,77088,CLOSED
184839,Tree Removal,2021-12-01 11:59 AM,Tree Removal Inspection,TREEMAINTENANCE,"UF - BHATTARAI, NIMESH",15000 RICHMOND AVE,"2, ZONE",487V,77082,CLOSED
184840,Tree Removal,2021-12-01 02:05 PM,Tree Removal Inspection,TREEMAINTENANCE,"UF - POLOVTSEV, SERA",1718 WHITE OAK DR,"3, ZONE",493B,77009,CLOSED
184841,Tree Removal,2021-12-01 02:08 PM,Tree Removal Inspection,TREEMAINTENANCE,"UF - POLOVTSEV, SERA",702 USENER ST,"3, ZONE",493B,77009,CLOSED
184842,Tree Trim,2021-12-01 02:17 PM,Tree Trim Inspection,TREEMAINTENANCE,"UF - BHATTARAI, NIMESH",5805 MORNINGSIDE DR,"7, ZONE",532C,77030,CLOSED
184843,Tree Code Violation,2021-12-01 02:35 PM,Tree Code Violation Inspection,TREEPROTECTION,"EJIM, ONYEKACHI",4703 APOLLO ST,"3, ZONE",452F,77018,CLOSED
184844,Tree Trim,2021-12-01 02:57 PM,Tree Trim Inspection,TREEMAINTENANCE,"UF - JONES, CODY",8610 WATEKA DR,"7, ZONE",530P,77074,CLOSED
184845,Tree Trim,2021-12-01 03:03 PM,Tree Trim Inspection,TREEMAINTENANCE,"UF - BHATTARAI, NIMESH",1401 MORRIS ST,"4, ZONE",493D,77009,CLOSED
184846,Tree Trim,2021-12-01 03:18 PM,Tree Trim Inspection,TREEMAINTENANCE,"UF - JONES, CODY",3300 CASCADE CREEK DR,"4, ZONE",297S,77339,CLOSED
184847,Tree Removal,2021-12-01 03:25 PM,Tree Removal Inspection,TREEMAINTENANCE,"UF - POLOVTSEV, SERA",3839 WESLAYAN ST,"2, ZONE",492W,77046,CLOSED
184848,Tree Trim,2021-12-01 03:25 PM,Tree Trim Inspection,TREEMAINTENANCE,"UF - BHATTARAI, NIMESH",4429 SUMPTER ST,"4, ZONE",494F,77020,CLOSED
184849,Tree Removal,2021-12-01 05:25 PM,Tree Removal Inspection,TREEMAINTENANCE,"BLANCHETTE, PETER",11550 CHIMNEY ROCK RD,"7, ZONE",571B,77035,CLOSED
184850,Tree Stump Grinding,2021-12-02 07:52 AM,Tree Stump Inspection,TREEMAINTENANCE,"PATINO, ARNULFO",15502 ROSE RIDGE CT,"7, ZONE",571X,77489,CLOSED
184854,Tree Trim,2021-12-02 09:38 AM,Tree Trim Inspection,TREEMAINTENANCE,"PATINO, ARNULFO",601 E 35TH ST (INDEPENDENCE HEIGHTS PARK),"3, ZONE",453N,77022,CLOSED
184855,Tree Trim,2021-12-02 09:57 AM,Tree Trim Inspection,TREEMAINTENANCE,"UF - BHATTARAI, NIMESH",7626 LAKEWOOD DR,"4, ZONE",415W,77016,CLOSED
184857,Tree Removal,2021-12-02 11:24 AM,Tree Removal Inspection,TREEMAINTENANCE,"PATINO, ARNULFO",10012 CULLEN BLVD,"6, ZONE",573D,77051,CLOSED
184860,Tree Trim,2021-12-02 11:51 AM,Tree Trim Inspection,TREEMAINTENANCE,"UF - JONES, CODY",2100 YUPON ST,"2, ZONE",492R,77006,CLOSED
184862,Tree Removal,2021-12-02 12:33 PM,Tree Removal Inspection,TREEMAINTENANCE,"EJIM, ONYEKACHI",1420 HERKIMER ST,"3, ZONE",452Z,77008,CLOSED
184863,Tree Trim,2021-12-02 12:48 PM,Tree Trim Inspection,TREEMAINTENANCE,"BLANCHETTE, PETER",14003 HAZEL RIDGE CT,"5, ZONE",618A,77062,CLOSED
184864,Tree Trim,2021-12-02 01:10 PM,Tree Trim Inspection,TREEMAINTENANCE,"UF - POLOVTSEV, SERA",700 HEIGHTS BLVD,"3, ZONE",493A,77007,CLOSED
184865,Tree Trim,2021-12-02 01:52 PM,Tree Trim Inspection,TREEMAINTENANCE,"BLANCHETTE, PETER",7815 WILLIFORD ST,"5, ZONE",535F,77012,CLOSED
184866,Tree Removal,2021-12-02 02:28 PM,Tree Removal Inspection,TREEMAINTENANCE,"PATINO, ARNULFO",530 SPELL ST,"3, ZONE",453E,77022,CLOSED
184867,Tree Trim,2021-12-02 03:38 PM,Tree Trim Inspection,TREEMAINTENANCE,"UF - POLOVTSEV, SERA",1614 FANNIN ST,"1, ZONE",493Q,77002,CLOSED
184868,Tree Trim,2021-12-02 04:02 PM,Tree Trim Inspection,TREEMAINTENANCE,"UF - JONES, CODY",12938 BELLAIRE BLVD,"2, ZONE",528G,77072,CLOSED
184869,Tree Trim,2021-12-02 04:08 PM,Tree Trim Inspection,TREEMAINTENANCE,"UF - JONES, CODY",13196 BELLAIRE BLVD,"2, ZONE",528G,77072,CLOSED
184870,Tree Trim,2021-12-02 04:17 PM,Tree Trim Inspection,TREEMAINTENANCE,"UF - POLOVTSEV, SERA",1031 STUDE ST (STUDE PARK),"3, ZONE",493A,77007,CLOSED
184871,Tree Trim,2021-12-02 04:26 PM,Tree Trim Inspection,TREEMAINTENANCE,"UF - JONES, CODY",PATTERSON ST & CENTER ST,"2, ZONE",492H,77007,CLOSED
184872,Tree Trim,2021-12-02 05:20 PM,Tree Trim Inspection,TREEMAINTENANCE,"EJIM, ONYEKACHI",4118 ELLA BLVD,"3, ZONE",452K,77018,CLOSED
184873,Tree Trim,2021-12-02 08:34 PM,Tree Trim Inspection,TREEMAINTENANCE,"UF - BHATTARAI, NIMESH",2521 CHAPMAN ST,"4, ZONE",493D,77009,CLOSED
184874,Tree Trim,2021-12-02 08:55 PM,Tree Trim Inspection,TREEMAINTENANCE,"BLANCHETTE, PETER",12014 KITTY BROOK DR,"7, ZONE",570C,77071,CLOSED
184882,Tree Removal,2021-12-03 09:25 AM,Tree Removal Inspection,TREEMAINTENANCE,"BLANCHETTE, PETER",1180 UPTOWN PARK BLVD,"2, ZONE",491R,77056,CLOSED
184883,Tree Trim,2021-12-03 10:58 AM,Tree Trim Inspection,TREEMAINTENANCE,"UF - POLOVTSEV, SERA",2511 WHITNEY ST,"2, ZONE",493N,77006,CLOSED
184884,Tree Removal,2021-12-03 11:07 AM,Tree Removal Inspection,TREEMAINTENANCE,"UF - POLOVTSEV, SERA",211 DENNIS ST,"2, ZONE",493P,77006,CLOSED
184885,Tree Trim,2021-12-03 12:11 PM,Tree Trim Inspection,TREEMAINTENANCE,"UF - BHATTARAI, NIMESH",4322 SIEGEL ST,"4, ZONE",453Y,77009,CLOSED
184888,Tree Trim,2021-12-03 01:39 PM,Tree Trim Inspection,TREEMAINTENANCE,"EJIM, ONYEKACHI",831 FOREST FIR,"3, ZONE",372K,77067,CLOSED
184889,Tree Trim,2021-12-03 01:42 PM,Tree Trim Inspection,TREEMAINTENANCE,"EJIM, ONYEKACHI",13543 FOREST PINES VILLAGE LN,"3, ZONE",372K,77067,CLOSED
184890,Tree Stump Grinding,2021-12-03 01:51 PM,Tree Stump Inspection,TREEMAINTENANCE,"PATINO, ARNULFO",1206 CORTLANDT ST,"3, ZONE",453W,77008,CLOSED
184892,Tree Trim,2021-12-03 02:06 PM,Tree Trim Inspection,TREEMAINTENANCE,"UF - POLOVTSEV, SERA",627 HAWTHORNE ST,"2, ZONE",493S,77006,CLOSED
184893,Tree Trim,2021-12-03 02:27 PM,Tree Trim Inspection,TREEMAINTENANCE,"UF - BHATTARAI, NIMESH",542 WAINWRIGHT ST,"4, ZONE",453L,77022,CLOSED
184894,Tree Removal,2021-12-03 03:09 PM,Tree Removal Inspection,TREEMAINTENANCE,"UF - POLOVTSEV, SERA",700 W MAIN ST,"2, ZONE",493S,77006,CLOSED
184895,Tree Trim,2021-12-03 04:09 PM,Tree Trim Inspection,TREEMAINTENANCE,"UF - BHATTARAI, NIMESH",1836 ALBANS RD,"7, ZONE",532D,77005,CLOSED
184896,Tree Trim,2021-12-03 04:16 PM,Tree Trim Inspection,TREEMAINTENANCE,"UF - POLOVTSEV, SERA",623 HAWTHORNE ST,"2, ZONE",493S,77006,CLOSED
184897,Tree Trim,2021-12-04 03:30 PM,Tree Trim Inspection,TREEMAINTENANCE,"UF - POLOVTSEV, SERA",2500 COMMONWEALTH ST,"2, ZONE",493N,77006,CLOSED
184898,Tree Stump Grinding,2021-12-05 10:05 AM,Tree Stump Inspection,TREEMAINTENANCE,"UF - BHATTARAI, NIMESH",1836 ALBANS RD,"7, ZONE",532D,77005,CLOSED
184899,Tree Removal,2021-12-05 02:29 PM,Tree Removal Inspection,TREEMAINTENANCE,"UF - JONES, CODY",12503 HUNTING BRIAR DR,"2, ZONE",528V,77099,CLOSED
184904,Tree Trim,2021-12-06 08:36 AM,Tree Trim Inspection,TREEMAINTENANCE,"BLANCHETTE, PETER",14 REMINGTON LN,"7, ZONE",533A,77005,CLOSED
184907,Tree Removal,2021-12-06 10:25 AM,Tree Removal Inspection,TREEMAINTENANCE,"PATINO, ARNULFO",1200 CAMBRIDGE ST,"7, ZONE",533A,77030,CLOSED
184908,Tree Removal,2021-12-06 11:04 AM,Tree Removal Inspection,TREEMAINTENANCE,"UF - BHATTARAI, NIMESH",11924 S DURRETTE DR,"2, ZONE",490K,77024,CLOSED
184909,Tree Removal,2021-12-06 11:49 AM,Tree Removal Inspection,TREEMAINTENANCE,"BLANCHETTE, PETER",6221 MAIN ST,"7, ZONE",533A,77030,CLOSED
184910,Tree Removal,2021-12-06 11:50 AM,Tree Removal Inspection,TREEMAINTENANCE,"UF - BURKES, JEREMY",6200 MAIN ST,"7, ZONE",533A,77030,CLOSED
184913,Tree Removal,2021-12-06 12:40 PM,Tree Removal Inspection,TREEMAINTENANCE,"UF - BHATTARAI, NIMESH",12503 MYLLA ST,"5, ZONE",496L,77015,CLOSED
184914,Tree Trim,2021-12-06 01:01 PM,Tree Trim Inspection,TREEMAINTENANCE,"UF - JONES, CODY",9710 BOB WHITE DR,"7, ZONE",530V,77096,CLOSED
184916,Tree Code Violation,2021-12-06 02:15 PM,Tree Code Violation Inspection,TREEPROTECTION,"PATINO, ARNULFO",710 NORTHWOOD ST,"3, ZONE",453X,77009,CLOSED
184917,Tree Trim,2021-12-06 02:18 PM,Tree Trim Inspection,TREEMAINTENANCE,"EJIM, ONYEKACHI",3316 DE SOTO ST,"3, ZONE",451D,77091,CLOSED
184918,Tree Stump Grinding,2021-12-06 02:20 PM,Tree Stump Inspection,TREEMAINTENANCE,"PATINO, ARNULFO",9111 WEYMOUTH DR,"7, ZONE",570A,77031,CLOSED
184919,Tree Trim,2021-12-06 02:28 PM,Tree Trim Inspection,TREEMAINTENANCE,"UF - BHATTARAI, NIMESH",14827 OAK BEND DR,"2, ZONE",488L,77079,CLOSED
184920,Tree Trim,2021-12-06 02:46 PM,Tree Trim Inspection,TREEMAINTENANCE,"UF - BHATTARAI, NIMESH",2317 GOLDSMITH ST,"7, ZONE",532G,77030,CLOSED
184921,Tree Removal,2021-12-06 02:47 PM,Tree Removal Inspection,TREEMAINTENANCE,"BLANCHETTE, PETER",2711 FOREST OAKS BLVD,"5, ZONE",536S,77017,CLOSED
184922,Tree Trim,2021-12-06 02:56 PM,Tree Trim Inspection,TREEMAINTENANCE,"EJIM, ONYEKACHI",4717 CRAWFORD ST,"7, ZONE",493X,77004,CLOSED
184923,Tree Code Violation,2021-12-06 02:59 PM,Tree Code Violation Inspection,TREEPROTECTION,"PATINO, ARNULFO",7706 CANDLEGREEN LN,"7, ZONE",570G,77071,CLOSED
184924,Tree Trim,2021-12-06 03:17 PM,Tree Trim Inspection,TREEMAINTENANCE,"UF - BHATTARAI, NIMESH",1315 HARVARD ST,"3, ZONE",453W,77008,CLOSED
184925,Tree Trim,2021-12-06 04:27 PM,Tree Trim Inspection,TREEMAINTENANCE,"UF - BHATTARAI, NIMESH",4522 OAKSHIRE DR,"2, ZONE",491V,77027,CLOSED
184927,Tree Removal,2021-12-06 05:30 PM,Tree Removal Inspection,TREEMAINTENANCE,"BLANCHETTE, PETER",8053 LENORE ST,"5, ZONE",535U,77017,CLOSED
184928,Tree Trim,2021-12-06 07:13 PM,Tree Trim Inspection,TREEMAINTENANCE,"EJIM, ONYEKACHI",8614 WHITECASTLE LN,"3, ZONE",412Q,77088,CLOSED
184929,Tree Removal,2021-12-06 07:46 PM,Tree Removal Inspection,TREEMAINTENANCE,"UF - BHATTARAI, NIMESH",209 N EVERTON ST,"5, ZONE",494N,77003,CLOSED
184932,Tree Trim,2021-12-07 09:19 AM,Tree Trim Inspection,TREEMAINTENANCE,"PATINO, ARNULFO",4000 OXFORD ST,"3, ZONE",453J,77022,CLOSED
184933,Tree Trim,2021-12-07 09:28 AM,Tree Trim Inspection,TREEMAINTENANCE,"BLANCHETTE, PETER",3400 SAN FELIPE ST,"2, ZONE",492P,77019,CLOSED
184934,Tree Trim,2021-12-07 09:40 AM,Tree Trim Inspection,TREEMAINTENANCE,"BLANCHETTE, PETER",7275 ASHBURN ST,"6, ZONE",534Z,77061,CLOSED
184935,Tree Trim,2021-12-07 10:36 AM,Tree Trim Inspection,TREEMAINTENANCE,"EJIM, ONYEKACHI",600 REDAN ST,"3, ZONE",493B,77009,CLOSED
184936,Tree Removal,2021-12-07 10:38 AM,Tree Removal Inspection,TREEMAINTENANCE,"BLANCHETTE, PETER",1700 HERMANN DR,"7, ZONE",533A,77030,CLOSED
184937,Tree Removal,2021-12-07 11:53 AM,Tree Removal Inspection,TREEMAINTENANCE,"EJIM, ONYEKACHI",5427 PETTY ST,"3, ZONE",492C,77007,CLOSED
184938,Tree Removal,2021-12-07 12:51 PM,Tree Removal Inspection,TREEMAINTENANCE,"UF - POLOVTSEV, SERA",1112 FAIRVIEW AVE,"2, ZONE",493N,77006,CLOSED
184939,Tree Removal,2021-12-07 01:12 PM,Tree Removal Inspection,TREEMAINTENANCE,"UF - BHATTARAI, NIMESH",1885 EWING ST,"7, ZONE",533B,77004,CLOSED
184941,Tree Removal,2021-12-07 01:36 PM,Tree Removal Inspection,TREEMAINTENANCE,"EJIM, ONYEKACHI",3316 DE SOTO ST (HIGHLAND PARK),"3, ZONE",451D,77091,CLOSED
184943,Tree Removal,2021-12-07 02:25 PM,Tree Removal Inspection,TREEMAINTENANCE,"UF - POLOVTSEV, SERA",1401 MORRIS ST,"4, ZONE",493D,77009,CLOSED
184944,Tree Trim,2021-12-07 02:52 PM,Tree Trim Inspection,TREEMAINTENANCE,"PATINO, ARNULFO",1302 HEIGHTS BLVD,"3, ZONE",453W,77008,CLOSED
184945,Tree Trim,2021-12-07 03:40 PM,Tree Trim Inspection,TREEMAINTENANCE,"EJIM, ONYEKACHI",1902 BAUER DR,"3, ZONE",450U,77080,CLOSED
184946,Tree Removal,2021-12-07 03:49 PM,Tree Removal Inspection,TREEMAINTENANCE,"UF - BHATTARAI, NIMESH",5202 YARWELL DR,"7, ZONE",531U,77096,CLOSED
184947,Tree Removal,2021-12-07 04:16 PM,Tree Removal Inspection,TREEMAINTENANCE,"BLANCHETTE, PETER",3591 BAY AREA BLVD,"5, ZONE",618D,77059,CLOSED
184948,Tree Trim,2021-12-07 05:46 PM,Tree Trim Inspection,TREEMAINTENANCE,"UF - POLOVTSEV, SERA",1712 W DALLAS ST,"2, ZONE",493K,77019,CLOSED
184949,Tree Removal,2021-12-07 09:01 PM,Tree Removal Inspection,TREEMAINTENANCE,"EJIM, ONYEKACHI",4118 ELLA BLVD,"3, ZONE",452K,77018,CLOSED
184950,Tree Removal,2021-12-08 09:28 AM,Tree Removal Inspection,TREEMAINTENANCE,"BLANCHETTE, PETER",3800 AUDLEY ST,"2, ZONE",492X,77098,CLOSED
184953,Tree Removal,2021-12-08 10:52 AM,Tree Removal Inspection,TREEMAINTENANCE,"PATINO, ARNULFO",5823 DRYAD DR,"7, ZONE",571A,77035,CLOSED
184955,Tree Trim,2021-12-08 12:33 PM,Tree Trim Inspection,TREEMAINTENANCE,"EJIM, ONYEKACHI",7102 WOODFERN DR,"3, ZONE",411S,77040,CLOSED
184956,Tree Trim,2021-12-08 01:00 PM,Tree Trim Inspection,TREEMAINTENANCE,"BLANCHETTE, PETER",16511 DIANA LN,"5, ZONE",618P,77062,CLOSED
184958,Tree Trim,2021-12-08 01:30 PM,Tree Trim Inspection,TREEMAINTENANCE,"EJIM, ONYEKACHI",8819 CREEPING VINE LN,"3, ZONE",412K,77088,CLOSED
184959,Tree Removal,2021-12-08 01:52 PM,Tree Removal Inspection,TREEMAINTENANCE,"PATINO, ARNULFO",6723 LONDON ST,"6, ZONE",533R,77021,CLOSED
184962,Tree Stump Grinding,2021-12-08 03:49 PM,Tree Stump Inspection,TREEMAINTENANCE,"UF - JONES, CODY",6500 SANDS POINT DR,"7, ZONE",531E,77074,CLOSED
184965,Tree Removal,2021-12-08 04:56 PM,Tree Removal Inspection,TREEMAINTENANCE,"PATINO, ARNULFO",5126 DUMORE DR,"6, ZONE",573H,77048,CLOSED
184966,Tree Trim,2021-12-08 05:05 PM,Tree Trim Inspection,TREEMAINTENANCE,"UF - BHATTARAI, NIMESH",4001 LANARK LN,"7, ZONE",532E,77025,CLOSED
184969,Tree Trim,2021-12-09 09:57 AM,Tree Trim Inspection,TREEMAINTENANCE,"EJIM, ONYEKACHI",2626 COUCH ST,"3, ZONE",452T,77008,CLOSED
184971,Tree Trim,2021-12-09 10:57 AM,Tree Trim Inspection,TREEMAINTENANCE,"EJIM, ONYEKACHI",2514 MICHAUX ST,"3, ZONE",493B,77009,CLOSED
184972,Tree Removal,2021-12-09 12:00 PM,Tree Removal Inspection,TREEMAINTENANCE,"UF - POLOVTSEV, SERA",1212 ST CHARLES ST,"5, ZONE",493R,77003,CLOSED
184973,Tree Stump Grinding,2021-12-09 12:03 PM,Tree Stump Inspection,TREEMAINTENANCE,"UF - BHATTARAI, NIMESH",3602 MERRICK ST,"7, ZONE",532K,77025,CLOSED
184977,Tree Removal,2021-12-09 12:39 PM,Tree Removal Inspection,TREEMAINTENANCE,"UF - JONES, CODY",12030 W BELLFORT AVE,"2, ZONE",529W,77477,CLOSED
184978,Tree Trim,2021-12-09 02:20 PM,Tree Trim Inspection,TREEMAINTENANCE,"EJIM, ONYEKACHI",4303 CASTOR ST,"3, ZONE",453J,77022,CLOSED
184979,Tree Removal,2021-12-09 02:48 PM,Tree Removal Inspection,TREEMAINTENANCE,"EJIM, ONYEKACHI",4101 SHERWOOD LN,"3, ZONE",451R,77092,CLOSED
184980,Tree Removal,2021-12-09 02:59 PM,Tree Removal Inspection,TREEMAINTENANCE,"BLANCHETTE, PETER",1300 SEAGLER RD (FRANCKLOW PARK),"2, ZONE",489R,77042,CLOSED
184981,Tree Trim,2021-12-09 03:46 PM,Tree Trim Inspection,TREEMAINTENANCE,"UF - POLOVTSEV, SERA",514 MELBOURNE ST,"4, ZONE",453Q,77022,CLOSED
184985,Tree Trim,2021-12-10 08:38 AM,Tree Trim Inspection,TREEMAINTENANCE,"UF - BHATTARAI, NIMESH",7001 N LOOP FWY E,"4, ZONE",454V,77026,CLOSED
184986,Tree Trim,2021-12-10 08:54 AM,Tree Trim Inspection,TREEMAINTENANCE,"BLANCHETTE, PETER",1901 HAWTHORNE ST,"2, ZONE",492V,77098,CLOSED
184987,Tree Trim,2021-12-10 09:03 AM,Tree Trim Inspection,TREEMAINTENANCE,"BLANCHETTE, PETER",7138 PALMETTO ST,"5, ZONE",535E,77087,CLOSED
184988,Tree Removal,2021-12-10 09:49 AM,Tree Removal Inspection,TREEMAINTENANCE,"BLANCHETTE, PETER",14215 FAIR KNOLL WAY,"5, ZONE",618A,77062,CLOSED
184989,Tree Trim,2021-12-10 10:06 AM,Tree Trim Inspection,TREEMAINTENANCE,"PATINO, ARNULFO",12331 MILLBANKS DR,"7, ZONE",569H,77031,CLOSED
184990,Tree Trim,2021-12-10 10:15 AM,Tree Trim Inspection,TREEMAINTENANCE,"EJIM, ONYEKACHI",2505 GARWOOD DR,"3, ZONE",412W,77091,CLOSED
184992,Tree Removal,2021-12-10 10:51 AM,Tree Removal Inspection,TREEMAINTENANCE,"EJIM, ONYEKACHI",1500 HADLEY ST,"2, ZONE",493U,77004,CLOSED
184993,Tree Removal,2021-12-10 11:04 AM,Tree Removal Inspection,TREEMAINTENANCE,"UF - BHATTARAI, NIMESH",4118 LAVENDER ST,"4, ZONE",454Y,77026,CLOSED
184994,Tree Removal,2021-12-10 11:37 AM,Tree Removal Inspection,TREEMAINTENANCE,"UF - JONES, CODY",22510 W SHOREWOOD LOOP,"4, ZONE",338Y,77336,CLOSED
184995,Tree Trim,2021-12-10 12:10 PM,Tree Trim Inspection,TREEMAINTENANCE,"UF - BHATTARAI, NIMESH",6716 SHERMAN ST,"5, ZONE",494V,77011,CLOSED
184996,Tree Trim,2021-12-10 12:13 PM,Tree Trim Inspection,TREEMAINTENANCE,"EJIM, ONYEKACHI",3419 AUDUBON PL,"2, ZONE",493S,77006,CLOSED
184997,Tree Trim,2021-12-10 12:16 PM,Tree Trim Inspection,TREEMAINTENANCE,"BLANCHETTE, PETER",1421 FOUNTAIN VIEW DR,"2, ZONE",491N,77057,CLOSED
184998,Tree Removal,2021-12-10 01:43 PM,Tree Removal Inspection,TREEMAINTENANCE,"BLANCHETTE, PETER",7715 TIPPS ST,"5, ZONE",535A,77023,CLOSED
184999,Tree Trim,2021-12-10 01:49 PM,Tree Trim Inspection,TREEMAINTENANCE,"BLANCHETTE, PETER",12002 BRIAR FOREST DR,"2, ZONE",489N,77077,CLOSED
185000,Tree Removal,2021-12-10 04:38 PM,Tree Removal Inspection,TREEMAINTENANCE,"UF - POLOVTSEV, SERA",4118 ELLA BLVD,"3, ZONE",452K,77018,CLOSED
185001,Tree Removal,2021-12-11 09:00 AM,Tree Removal Inspection,TREEMAINTENANCE,"UF - JONES, CODY",1832 MARYLAND ST,"2, ZONE",492V,77006,CLOSED
185002,Tree Trim,2021-12-11 10:55 AM,Tree Trim Inspection,TREEMAINTENANCE,"UF - BHATTARAI, NIMESH",3029 BRINGHURST ST,"4, ZONE",494B,77026,CLOSED
185003,Tree Trim,2021-12-11 01:16 PM,Tree Trim Inspection,TREEMAINTENANCE,"EJIM, ONYEKACHI",3313 STANFORD ST,"2, ZONE",493S,77006,CLOSED
185004,Tree Trim,2021-12-11 02:20 PM,Tree Trim Inspection,TREEMAINTENANCE,"PATINO, ARNULFO",3028 S MACGREGOR WAY,"6, ZONE",533F,77021,CLOSED
185005,Tree Removal,2021-12-11 03:32 PM,Tree Removal Inspection,TREEMAINTENANCE,"UF - POLOVTSEV, SERA",648 WEST CROSS DR,"3, ZONE",452M,77018,CLOSED
185006,Tree Trim,2021-12-12 10:06 AM,Tree Trim Inspection,TREEMAINTENANCE,"UF - JONES, CODY",12812 GRAND CROSS LN,"2, ZONE",528M,77072,CLOSED
185007,Tree Trim,2021-12-12 12:28 PM,Tree Trim Inspection,TREEMAINTENANCE,"BLANCHETTE, PETER",5235 BELLFORT ST,"6, ZONE",533Z,77033,CLOSED
185008,Tree Trim,2021-12-12 12:37 PM,Tree Trim Inspection,TREEMAINTENANCE,"PATINO, ARNULFO",15123 ALMEECE ST,"7, ZONE",572T,77053,CLOSED
185009,Tree Removal,2021-12-13 12:33 AM,Tree Removal Inspection,TREEMAINTENANCE,"BLANCHETTE, PETER",7042 PALMETTO ST,"5, ZONE",535E,77087,CLOSED
185010,Tree Trim,2021-12-13 07:24 AM,Tree Trim Inspection,TREEMAINTENANCE,"UF - JONES, CODY",2501 S BRAESWOOD BLVD,"7, ZONE",532L,77025,CLOSED
185012,Tree Removal,2021-12-13 10:43 AM,Tree Removal Inspection,TREEMAINTENANCE,"BLANCHETTE, PETER",5111 DICKENS RD,"6, ZONE",534F,77021,CLOSED
185013,Tree Removal,2021-12-13 11:13 AM,Tree Removal Inspection,TREEMAINTENANCE,"UF - BHATTARAI, NIMESH",3300 N WAYSIDE DR,"4, ZONE",455W,77020,CLOSED
185015,Tree Trim,2021-12-13 02:05 PM,Tree Trim Inspection,TREEMAINTENANCE,"UF - JONES, CODY",12703 CORONA LN,"2, ZONE",528M,77072,CLOSED
185016,Tree Trim,2021-12-13 02:12 PM,Tree Trim Inspection,TREEMAINTENANCE,"UF - JONES, CODY",2331 CITYWEST BLVD,"2, ZONE",489U,77042,CLOSED
185017,Tree Removal,2021-12-13 04:30 PM,Tree Removal Inspection,TREEMAINTENANCE,"UF - POLOVTSEV, SERA",1225 HEIGHTS BLVD,"3, ZONE",453W,77008,CLOSED
185018,Tree Trim,2021-12-14 02:10 AM,Tree Trim Inspection,TREEMAINTENANCE,"EJIM, ONYEKACHI",1202 PEASE ST,"1, ZONE",493Q,77002,CLOSED
185019,Tree Removal,2021-12-14 06:54 AM,Tree Removal Inspection,TREEMAINTENANCE,"UF - JONES, CODY",5600 COURT RD (BLUERIDGE PARK),"7, ZONE",611B,77053,CLOSED
185021,Tree Removal,2021-12-14 07:24 AM,Tree Removal Inspection,TREEMAINTENANCE,"BLANCHETTE, PETER",4758 ANGLETON ST,"6, ZONE",533Z,77033,CLOSED
185022,Tree Trim,2021-12-14 09:40 AM,Tree Trim Inspection,TREEMAINTENANCE,"UF - BHATTARAI, NIMESH",7301 BROWNWOOD ST,"4, ZONE",495E,77020,CLOSED
185023,Tree Removal,2021-12-14 10:12 AM,Tree Removal Inspection,TREEMAINTENANCE,"EJIM, ONYEKACHI",4036 NORHILL BLVD,"3, ZONE",453W,77009,CLOSED
185025,Tree Trim,2021-12-14 11:09 AM,Tree Trim Inspection,TREEMAINTENANCE,"PATINO, ARNULFO",2930 CHIMNEY ROCK RD,"2, ZONE",491T,77057,CLOSED
185027,Tree Stump Grinding,2021-12-14 12:57 PM,Tree Stump Inspection,TREEMAINTENANCE,"PATINO, ARNULFO",5211 BENNING DR,"7, ZONE",571B,77035,CLOSED
185028,Tree Removal,2021-12-14 01:24 PM,Tree Removal Inspection,TREEMAINTENANCE,"BLANCHETTE, PETER",803 REDWAY LN,"5, ZONE",618N,77062,CLOSED
185029,Tree Trim,2021-12-14 01:27 PM,Tree Trim Inspection,TREEMAINTENANCE,"EJIM, ONYEKACHI",925 HEIGHTS BLVD,"3, ZONE",493A,77008,CLOSED
185030,Tree Trim,2021-12-14 01:33 PM,Tree Trim Inspection,TREEMAINTENANCE,"EJIM, ONYEKACHI",1230 HEIGHTS BLVD,"3, ZONE",453W,77008,CLOSED
185031,Tree Removal,2021-12-14 02:24 PM,Tree Removal Inspection,TREEMAINTENANCE,"EJIM, ONYEKACHI",6001 N MAIN ST,"3, ZONE",453S,77008,CLOSED
185032,Tree Trim,2021-12-14 02:34 PM,Tree Trim Inspection,TREEMAINTENANCE,"UF - JONES, CODY",493 HAMBLEN RD,"4, ZONE",336J,77339,CLOSED
185033,Tree Removal,2021-12-14 02:39 PM,Tree Removal Inspection,TREEMAINTENANCE,"BLANCHETTE, PETER",353 EADO PARK CIR,"5, ZONE",494J,77020,CLOSED
185034,Tree Trim,2021-12-14 03:01 PM,Tree Trim Inspection,TREEMAINTENANCE,"BLANCHETTE, PETER",8202 BURMAN ST,"5, ZONE",495K,77029,CLOSED
185035,Tree Removal,2021-12-14 03:19 PM,Tree Removal Inspection,TREEMAINTENANCE,"UF - JONES, CODY",11626 DOWNEY ST,"4, ZONE",413T,77076,CLOSED
185036,Tree Removal,2021-12-14 03:25 PM,Tree Removal Inspection,TREEMAINTENANCE,"EJIM, ONYEKACHI",10526 MOORBERRY LN,"3, ZONE",449V,77043,CLOSED
185038,Tree Removal,2021-12-14 04:55 PM,Tree Removal Inspection,TREEMAINTENANCE,"EJIM, ONYEKACHI",1100 VICTOR ST,"2, ZONE",493P,77019,CLOSED
185039,Tree Removal,2021-12-14 05:10 PM,Tree Removal Inspection,TREEMAINTENANCE,"UF - BHATTARAI, NIMESH",2422 RICE BLVD,"7, ZONE",532C,77005,CLOSED
185040,Tree Removal,2021-12-15 08:50 AM,Tree Removal Inspection,TREEMAINTENANCE,"UF - JONES, CODY",11411 MAPLE LEAF ST,"4, ZONE",414R,77016,CLOSED
185041,Tree Removal,2021-12-15 09:47 AM,Tree Removal Inspection,TREEMAINTENANCE,"UF - BHATTARAI, NIMESH",7429 W KNOLL ST,"4, ZONE",455J,77028,CLOSED
185042,Tree Removal,2021-12-15 10:11 AM,Tree Removal Inspection,TREEMAINTENANCE,"PATINO, ARNULFO",12700 LEADER ST,"2, ZONE",528H,77072,CLOSED
185045,Tree Trim,2021-12-15 10:53 AM,Tree Trim Inspection,TREEMAINTENANCE,"BLANCHETTE, PETER",10210 ALTA LOMA WAY,"6, ZONE",576N,77075,CLOSED
185046,Tree Removal,2021-12-15 11:00 AM,Tree Removal Inspection,TREEMAINTENANCE,"PATINO, ARNULFO",6231 WOODS BRIDGE WAY,"2, ZONE",492K,77007,CLOSED
185047,Tree Removal,2021-12-15 11:05 AM,Tree Removal Inspection,TREEMAINTENANCE,"EJIM, ONYEKACHI",3460 MEADOW LAKE LN,"2, ZONE",492P,77027,CLOSED
185048,Tree Trim,2021-12-15 11:33 AM,Tree Trim Inspection,TREEMAINTENANCE,"PATINO, ARNULFO",1802 KIPLING ST,"2, ZONE",492V,77098,CLOSED
185049,Tree Removal,2021-12-15 11:38 AM,Tree Removal Inspection,TREEMAINTENANCE,"EJIM, ONYEKACHI",1204 CROCKETT ST,"2, ZONE",493G,77007,CLOSED
185050,Tree Stump Grinding,2021-12-15 11:38 AM,Tree Stump Inspection,TREEMAINTENANCE,"UF - JONES, CODY",5306 SPELLMAN RD,"7, ZONE",531X,77096,CLOSED
185054,Tree Removal,2021-12-15 03:34 PM,Tree Removal Inspection,TREEMAINTENANCE,"UF - BHATTARAI, NIMESH",3319 TROUT ST,"4, ZONE",454A,77093,CLOSED
185055,Tree Trim,2021-12-15 05:29 PM,Tree Trim Inspection,TREEMAINTENANCE,"EJIM, ONYEKACHI",10115 OKANELLA ST,"3, ZONE",410W,77041,CLOSED
185056,Tree Removal,2021-12-15 05:32 PM,Tree Removal Inspection,TREEMAINTENANCE,"BLANCHETTE, PETER",7914 KELLER ST,"5, ZONE",535F,77012,CLOSED
185057,Tree Trim,2021-12-15 05:44 PM,Tree Trim Inspection,TREEMAINTENANCE,"UF - JONES, CODY",5900 BISSONNET ST,"7, ZONE",531J,77081,CLOSED
185058,Tree Trim,2021-12-15 06:29 PM,Tree Trim Inspection,TREEMAINTENANCE,"PATINO, ARNULFO",1475 W GRAY ST,"2, ZONE",492R,77006,CLOSED
185059,Tree Trim,2021-12-15 07:45 PM,Tree Trim Inspection,TREEMAINTENANCE,"UF - BHATTARAI, NIMESH",13215 CRIM RD,"4, ZONE",456Q,77049,CLOSED
185061,Tree Trim,2021-12-16 08:38 AM,Tree Trim Inspection,TREEMAINTENANCE,"UF - JONES, CODY",1111 KILDARE DR,"7, ZONE",572R,77047,CLOSED
185063,Tree Trim,2021-12-16 10:12 AM,Tree Trim Inspection,TREEMAINTENANCE,"BLANCHETTE, PETER",7627 BUENA VISTA ST,"6, ZONE",535N,77087,CLOSED
185064,Tree Trim,2021-12-16 10:27 AM,Tree Trim Inspection,TREEMAINTENANCE,"UF - BHATTARAI, NIMESH",2402 WATTS ST,"7, ZONE",532G,77030,CLOSED
185067,Tree Trim,2021-12-16 02:59 PM,Tree Trim Inspection,TREEMAINTENANCE,"UF - BHATTARAI, NIMESH",16485 IMPERIAL VALLEY DR,"4, ZONE",373S,77060,CLOSED
185068,Tree Removal,2021-12-16 03:14 PM,Tree Removal Inspection,TREEMAINTENANCE,"EJIM, ONYEKACHI",919 DOROTHY ST,"3, ZONE",492D,77008,CLOSED
185069,Tree Trim,2021-12-16 05:12 PM,Tree Trim Inspection,TREEMAINTENANCE,"EJIM, ONYEKACHI",5025 GOLDEN FOREST DR,"3, ZONE",451G,77091,CLOSED
185070,Tree Trim,2021-12-17 04:19 AM,Tree Trim Inspection,TREEMAINTENANCE,"EJIM, ONYEKACHI",800 HOUSTON AVE,"2, ZONE",493L,77007,CLOSED
185072,Tree Trim,2021-12-17 09:16 AM,Tree Trim Inspection,TREEMAINTENANCE,"EJIM, ONYEKACHI",5602 WINDING WAY DR,"3, ZONE",411Y,77091,CLOSED
185073,Tree Removal,2021-12-17 11:47 AM,Tree Removal Inspection,TREEMAINTENANCE,"EJIM, ONYEKACHI",10315 SUN CITY CT,"2, ZONE",528V,77099,CLOSED
185074,Tree Removal,2021-12-17 01:41 PM,Tree Removal Inspection,TREEMAINTENANCE,"EJIM, ONYEKACHI",9402 LEADER ST,"2, ZONE",529H,77036,CLOSED
185075,Tree Removal,2021-12-17 03:03 PM,Tree Removal Inspection,TREEMAINTENANCE,"UF - JONES, CODY",6000 FANNIN ST (HERMANN PARK),"7, ZONE",533A,77030,CLOSED
185077,Tree Trim,2021-12-17 04:16 PM,Tree Trim Inspection,TREEMAINTENANCE,"UF - JONES, CODY",6630 GRAPE ST,"7, ZONE",530R,77074,CLOSED
185079,Tree Removal,2021-12-18 09:15 AM,Tree Removal Inspection,TREEMAINTENANCE,"UF - BHATTARAI, NIMESH","2938 KINGS FOREST DR,HOUSTON,77339","4, ZONE",336D,5769b,CLOSED
185080,Tree Trim,2021-12-18 12:58 PM,Tree Trim Inspection,TREEMAINTENANCE,"UF - BHATTARAI, NIMESH",3700 COLVIN ST,"4, ZONE",456X,77013,CLOSED
185081,Tree Removal,2021-12-18 02:28 PM,Tree Removal Inspection,TREEMAINTENANCE,"UF - BHATTARAI, NIMESH","2878 KINGWOOD DR,HOUSTON,77339","4, ZONE",336D,5769b,CLOSED
185082,Tree Removal,2021-12-18 02:59 PM,Tree Removal Inspection,TREEMAINTENANCE,"BLANCHETTE, PETER",10201 KINGSPOINT RD,"6, ZONE",576S,77089,CLOSED
185083,Tree Removal,2021-12-18 04:39 PM,Tree Removal Inspection,TREEMAINTENANCE,"EJIM, ONYEKACHI",11548 NORTHWEST FWY,"3, ZONE",451L,77092,CLOSED
185084,Tree Code Violation,2021-12-19 01:39 PM,Tree Code Violation Inspection,TREEPROTECTION,"EJIM, ONYEKACHI",824 W 14TH ST,"3, ZONE",452Z,77008,CLOSED
185085,Tree Removal,2021-12-19 05:31 PM,Tree Removal Inspection,TREEMAINTENANCE,"EJIM, ONYEKACHI",13802 WALNUT HOLLOW LN,"2, ZONE",488X,77082,CLOSED
185087,Tree Trim,2021-12-20 09:07 AM,Tree Trim Inspection,TREEMAINTENANCE,"EJIM, ONYEKACHI",1541 ASHLAND ST,"3, ZONE",452Z,77008,CLOSED
185088,Tree Removal,2021-12-20 09:28 AM,Tree Removal Inspection,TREEMAINTENANCE,"EJIM, ONYEKACHI",8550 MEMORIAL DR,"2, ZONE",491H,77024,CLOSED
185089,Tree Removal,2021-12-20 10:09 AM,Tree Removal Inspection,TREEMAINTENANCE,"UF - BHATTARAI, NIMESH",538 HOFFMAN ST,"4, ZONE",494G,77020,CLOSED
185090,Tree Trim,2021-12-20 10:34 AM,Tree Trim Inspection,TREEMAINTENANCE,"UF - BHATTARAI, NIMESH",6006 SPELLMAN RD,"7, ZONE",531W,77096,CLOSED
185091,Tree Trim,2021-12-20 11:34 AM,Tree Trim Inspection,TREEMAINTENANCE,"EJIM, ONYEKACHI",8415 N HOUSTON ROSSLYN RD,"3, ZONE",411S,77088,CLOSED
185092,Tree Removal,2021-12-20 12:47 PM,Tree Removal Inspection,TREEMAINTENANCE,"BLANCHETTE, PETER",3412 WENTWORTH ST,"6, ZONE",533C,77004,CLOSED
185094,Tree Removal,2021-12-20 01:42 PM,Tree Removal Inspection,TREEMAINTENANCE,"BLANCHETTE, PETER",8526 VENNARD RD,"5, ZONE",576K,77034,CLOSED
185095,Tree Removal,2021-12-20 04:28 PM,Tree Removal Inspection,TREEMAINTENANCE,"EJIM, ONYEKACHI",2450 CLIFFDALE ST,"3, ZONE",412W,77091,CLOSED
185096,Tree Removal,2021-12-20 05:01 PM,Tree Removal Inspection,TREEMAINTENANCE,"BLANCHETTE, PETER",7051 JAPONICA ST,"5, ZONE",535E,77087,CLOSED
185100,Tree Removal,2021-12-21 09:44 AM,Tree Removal Inspection,TREEMAINTENANCE,"UF - POLOVTSEV, SERA",1815 SHANNON VALLEY DR,"2, ZONE",488R,77077,CLOSED
185101,Tree Removal,2021-12-21 11:11 AM,Tree Removal Inspection,TREEMAINTENANCE,"BLANCHETTE, PETER",6300 GRIGGS RD,"6, ZONE",534G,77023,CLOSED
185102,Tree Removal,2021-12-21 11:33 AM,Tree Removal Inspection,TREEMAINTENANCE,"EJIM, ONYEKACHI",11603 NORTHWEST FWY,"3, ZONE",451K,77092,CLOSED
185103,Tree Trim,2021-12-21 11:45 AM,Tree Trim Inspection,TREEMAINTENANCE,"UF - POLOVTSEV, SERA",3110 W DALLAS ST,"2, ZONE",492M,77019,CLOSED
185104,Tree Stump Grinding,2021-12-21 11:51 AM,Tree Stump Inspection,TREEMAINTENANCE,"UF - JONES, CODY",4210 BELL ST,"5, ZONE",494S,77023,CLOSED
185105,Tree Code Violation,2021-12-21 12:00 PM,Tree Code Violation Inspection,TREEPROTECTION,"UF - POLOVTSEV, SERA",3720 WESTHEIMER RD,"2, ZONE",492S,77027,CLOSED
185111,Tree Removal,2021-12-21 04:14 PM,Tree Removal Inspection,TREEMAINTENANCE,"EJIM, ONYEKACHI",4726 SUMMIT ST,"3, ZONE",452G,77018,CLOSED
185112,Tree Trim,2021-12-21 06:14 PM,Tree Trim Inspection,TREEMAINTENANCE,"EJIM, ONYEKACHI",ANTOINE DR & NORTHWEST FWY,"3, ZONE",451L,77092,CLOSED
185113,Tree Trim,2021-12-21 06:29 PM,Tree Trim Inspection,TREEMAINTENANCE,"UF - JONES, CODY",7405 STELLA LINK RD (MCGOVERN-STELLA LINK LIBRARY),"7, ZONE",532J,77025,CLOSED
185115,Tree Removal,2021-12-22 09:02 AM,Tree Removal Inspection,TREEMAINTENANCE,"BLANCHETTE, PETER",5333 BERRY CREEK DR (MEADOWCREEK VILLAGE PARK),"5, ZONE",536S,77017,CLOSED
185116,Tree Trim,2021-12-22 09:51 AM,Tree Trim Inspection,TREEMAINTENANCE,"UF - JONES, CODY",2402 WATTS ST,"7, ZONE",532G,77030,CLOSED
185118,Tree Trim,2021-12-22 11:30 AM,Tree Trim Inspection,TREEMAINTENANCE,"EJIM, ONYEKACHI",1245 TULANE ST,"3, ZONE",452Z,77008,CLOSED
185119,Tree Trim,2021-12-22 01:58 PM,Tree Trim Inspection,TREEMAINTENANCE,"UF - BHATTARAI, NIMESH",1401 MORRIS ST,"4, ZONE",493D,77009,CLOSED
185120,Tree Trim,2021-12-22 02:50 PM,Tree Trim Inspection,TREEMAINTENANCE,"EJIM, ONYEKACHI",N ELDRIDGE PKWY & MEMORIAL DR,"2, ZONE",488C,77079,CLOSED
185121,Tree Trim,2021-12-22 02:57 PM,Tree Trim Inspection,TREEMAINTENANCE,"EJIM, ONYEKACHI",N ELDRIDGE PKWY & MEMORIAL DR,"2, ZONE",488C,77079,CLOSED
185122,Tree Removal,2021-12-22 06:27 PM,Tree Removal Inspection,TREEMAINTENANCE,"UF - JONES, CODY",8819 NEFF ST,"2, ZONE",530E,77036,CLOSED
185123,Tree Removal,2021-12-22 06:30 PM,Tree Removal Inspection,TREEMAINTENANCE,"EJIM, ONYEKACHI",4020 NORHILL BLVD,"3, ZONE",453W,77009,CLOSED
185124,Tree Trim,2021-12-22 10:56 PM,Tree Trim Inspection,TREEMAINTENANCE,"BLANCHETTE, PETER",3803 ZEPHYR ST,"6, ZONE",533L,77021,CLOSED
185125,Tree Removal,2021-12-22 11:54 PM,Tree Removal Inspection,TREEMAINTENANCE,"BLANCHETTE, PETER",3803 ZEPHYR ST,"6, ZONE",533L,77021,CLOSED
185128,Tree Trim,2021-12-23 11:16 AM,Tree Trim Inspection,TREEMAINTENANCE,"UF - JONES, CODY",5101 FEAGAN ST,"2, ZONE",492L,77007,CLOSED
185129,Tree Removal,2021-12-23 12:05 PM,Tree Removal Inspection,TREEMAINTENANCE,"UF - JONES, CODY",3909 AUSTIN ST,"2, ZONE",493X,77004,CLOSED
185130,Tree Trim,2021-12-23 12:38 PM,Tree Trim Inspection,TREEMAINTENANCE,"UF - JONES, CODY",2413 RALPH ST,"2, ZONE",492V,77006,CLOSED
185131,Tree Removal,2021-12-23 02:08 PM,Tree Removal Inspection,TREEMAINTENANCE,"UF - BHATTARAI, NIMESH",8622 CLARINGTON ST,"4, ZONE",454G,77016,CLOSED
185132,Tree Trim,2021-12-23 02:17 PM,Tree Trim Inspection,TREEMAINTENANCE,"BLANCHETTE, PETER",7915 GRAFTON ST,"5, ZONE",535P,77017,CLOSED
185134,Tree Removal,2021-12-24 01:08 PM,Tree Removal Inspection,TREEMAINTENANCE,"UF - JONES, CODY",6623 LAUGHLIN DR,"7, ZONE",571W,77489,CLOSED
185135,Tree Trim,2021-12-25 10:52 AM,Tree Trim Inspection,TREEMAINTENANCE,"EJIM, ONYEKACHI",1902 W 14TH ST,"3, ZONE",452Y,77008,CLOSED
185136,Tree Trim,2021-12-27 09:37 AM,Tree Trim Inspection,TREEMAINTENANCE,"UF - JONES, CODY",11419 HILLCROFT AVE,"7, ZONE",571A,77035,CLOSED
185137,Tree Removal,2021-12-27 01:12 PM,Tree Removal Inspection,TREEMAINTENANCE,"BLANCHETTE, PETER",5214 NASSAU RD,"6, ZONE",534K,77021,CLOSED
185138,Tree Removal,2021-12-27 01:15 PM,Tree Removal Inspection,TREEMAINTENANCE,"UF - JONES, CODY",6307 DEERWOOD RD,"2, ZONE",491J,77057,CLOSED
185144,Tree Removal,2021-12-28 07:49 AM,Tree Removal Inspection,TREEMAINTENANCE,"UF - JONES, CODY",826 GREENBELT DR,"2, ZONE",488C,77079,CLOSED
185145,Tree Removal,2021-12-28 10:47 AM,Tree Removal Inspection,TREEMAINTENANCE,"EJIM, ONYEKACHI",5910 MACKINSON AVE,"6, ZONE",534G,77023,CLOSED
185146,Tree Trim,2021-12-28 11:42 AM,Tree Trim Inspection,TREEMAINTENANCE,"UF - JONES, CODY",11411 HARWIN DR,"2, ZONE",529B,77072,CLOSED
185148,Tree Removal,2021-12-28 04:22 PM,Tree Removal Inspection,TREEMAINTENANCE,"UF - JONES, CODY","7058 SHARPCREST ST,HOUSTON,77074","7, ZONE",530M,5054b,CLOSED
185153,Tree Trim,2021-12-28 09:09 PM,Tree Trim Inspection,TREEMAINTENANCE,"UF - JONES, CODY","12466 MOOREDALE LN,HOUSTON,77024","2, ZONE",489D      ,4958d,CLOSED
185154,Tree Trim,2021-12-29 12:19 AM,Tree Trim Inspection,TREEMAINTENANCE,"EJIM, ONYEKACHI",2805 LA BRANCH ST,"2, ZONE",493U,77004,CLOSED
185156,Tree Trim,2021-12-29 07:50 AM,Tree Trim Inspection,TREEMAINTENANCE,"EJIM, ONYEKACHI",5605 WINSOME LN,"2, ZONE",491T,77057,CLOSED
185157,Tree Trim,2021-12-29 08:04 AM,Tree Trim Inspection,TREEMAINTENANCE,"UF - JONES, CODY",4000 S DAIRY ASHFORD RD,"2, ZONE",528D,77082,CLOSED
185160,Tree Planting,2021-12-29 10:23 AM,Tree Planting Inspection,TREEPROTECTION,"UF - JONES, CODY",2104 GLEN HAVEN BLVD,"7, ZONE",532H,77030,CLOSED
185161,Tree Removal,2021-12-29 11:30 AM,Tree Removal Inspection,TREEMAINTENANCE,"UF - JONES, CODY",6250 BISSONNET ST,"7, ZONE",531J,77081,CLOSED
185162,Tree Trim,2021-12-29 11:57 AM,Tree Trim Inspection,TREEMAINTENANCE,"BLANCHETTE, PETER",5244 ENYART ST,"6, ZONE",534N,77021,CLOSED
185163,Tree Code Violation,2021-12-29 12:21 PM,Tree Code Violation Inspection,TREEPROTECTION,"BLANCHETTE, PETER",2409 ROSEDALE ST,"6, ZONE",533B,77004,CLOSED
185164,Tree Removal,2021-12-29 12:30 PM,Tree Removal Inspection,TREEMAINTENANCE,"UF - BHATTARAI, NIMESH",12300 ALDINE WESTFIELD RD (KEITH-WIESS PARK),"4, ZONE",413M,77093,CLOSED
185165,Tree Trim,2021-12-29 02:19 PM,Tree Trim Inspection,TREEMAINTENANCE,"UF - BHATTARAI, NIMESH",121 E ECHO GLEN DR,"4, ZONE",413W,77076,CLOSED
185166,Tree Removal,2021-12-29 02:37 PM,Tree Removal Inspection,TREEMAINTENANCE,"EJIM, ONYEKACHI",1201 W SAM HOUSTON PKWY N,"3, ZONE",449Y,77043,CLOSED
185167,Tree Trim,2021-12-29 03:46 PM,Tree Trim Inspection,TREEMAINTENANCE,"UF - JONES, CODY",11431 SPRING GROVE DR,"2, ZONE",529T,77099,CLOSED
185168,Tree Trim,2021-12-29 03:56 PM,Tree Trim Inspection,TREEMAINTENANCE,"UF - JONES, CODY",11431 SPRING GROVE DR,"2, ZONE",529T,77099,CLOSED
185169,Tree Trim,2021-12-29 04:26 PM,Tree Trim Inspection,TREEMAINTENANCE,"EJIM, ONYEKACHI",3814 MULBERRY ST,"2, ZONE",492V,77006,CLOSED
185170,Tree Removal,2021-12-29 05:08 PM,Tree Removal Inspection,TREEMAINTENANCE,"EJIM, ONYEKACHI",3800 AUDLEY ST,"2, ZONE",492X,77098,CLOSED
185171,Tree Trim,2021-12-29 05:11 PM,Tree Trim Inspection,TREEMAINTENANCE,"EJIM, ONYEKACHI",9600 BRIAR FOREST DR,"2, ZONE",490N,77063,CLOSED
185172,Tree Trim,2021-12-29 05:47 PM,Tree Trim Inspection,TREEMAINTENANCE,"UF - JONES, CODY",8918 BRAE ACRES RD,"7, ZONE",530P,77074,CLOSED
185176,Tree Removal,2021-12-30 08:37 AM,Tree Removal Inspection,TREEMAINTENANCE,"EJIM, ONYEKACHI",1616 S VOSS RD,"2, ZONE",490R,77057,CLOSED
185177,Tree Removal,2021-12-30 10:48 AM,Tree Removal Inspection,TREEMAINTENANCE,"UF - BHATTARAI, NIMESH",310 HAHLO ST,"4, ZONE",494D,77020,CLOSED
185179,Tree Removal,2021-12-30 01:43 PM,Tree Removal Inspection,TREEMAINTENANCE,"EJIM, ONYEKACHI",4118 ELLA BLVD,"3, ZONE",452K,77018,CLOSED
185180,Tree Trim,2021-12-30 02:49 PM,Tree Trim Inspection,TREEMAINTENANCE,"BLANCHETTE, PETER",10806 LONG GATE DR,"6, ZONE",573G,77047,CLOSED
185182,Tree Trim,2021-12-30 04:32 PM,Tree Trim Inspection,TREEMAINTENANCE,"UF - JONES, CODY",15800 MEMORIAL DR,"2, ZONE",488E,77079,CLOSED
185183,Tree Trim,2021-12-30 04:47 PM,Tree Trim Inspection,TREEMAINTENANCE,"BLANCHETTE, PETER",3517 REED RD,"6, ZONE",573B,77051,CLOSED
185184,Tree Removal,2021-12-31 09:53 AM,Tree Removal Inspection,TREEMAINTENANCE,"UF - JONES, CODY",8507 SANDY GLEN LN,"7, ZONE",570F,77071,CLOSED
185185,Tree Trim,2021-12-31 10:54 AM,Tree Trim Inspection,TREEMAINTENANCE,"UF - JONES, CODY",5918 DELLFERN DR,"7, ZONE",571A,77035,CLOSED
185186,Tree Removal,2021-12-31 11:06 AM,Tree Removal Inspection,TREEMAINTENANCE,"UF - BHATTARAI, NIMESH",3100 FOREST OAKS BLVD,"5, ZONE",536W,77017,CLOSED
185187,Tree Removal,2021-12-31 11:36 AM,Tree Removal Inspection,TREEMAINTENANCE,"EJIM, ONYEKACHI",1141 ALEXANDER ST,"3, ZONE",452Z,77008,CLOSED
185188,Tree Removal,2021-12-31 11:40 AM,Tree Removal Inspection,TREEMAINTENANCE,"EJIM, ONYEKACHI",6523 D S BAILEY LN,"3, ZONE",412X,77091,CLOSED
185189,Tree Trim,2021-12-31 01:34 PM,Tree Trim Inspection,TREEMAINTENANCE,"UF - JONES, CODY",1718 HADDON ST,"2, ZONE",492R,77006,CLOSED
185190,Tree Code Violation,2021-12-31 01:40 PM,Tree Code Violation Inspection,TREEPROTECTION,"UF - BHATTARAI, NIMESH",8330 DOCKAL RD,"4, ZONE",455K,77028,CLOSED
