Case Number,Service Request Type,Department (Service Request Type) (Service Request Type),Street Address,Failure Time (Resolve SLA) (SLA KPI Instance),Status Reason,Status,Created On,SR_Num,Case_Num,Create_Date,Create_Time,Failure_Date,Failure_Time
101004466669,Tree Removal,Parks and Recreation,3400 BENFIELD DR&12934 WESTPARK DR,2/20/2021 19:57,Service Completed,Resolved,2020-12-31 19:56:00, ,101004466669,2020-12-31,19:56,2021-02-20,19:57
176970-101004466592,Tree Trim,Parks and Recreation,4540 W 34TH ST,3/16/2021 16:21,Service Completed,Resolved,2020-12-31 15:20:00,176970,101004466592,2020-12-31,15:20,2021-03-16,16:21
176969-101004466564,Tree Removal,Parks and Recreation,11830 KIRKHOLM DR,2/20/2021 14:08,Service Completed,Resolved,2020-12-31 14:07:00,176969,101004466564,2020-12-31,14:07,2021-02-20,14:08
176968-101004466553,Tree Removal,Parks and Recreation,9700 BECKLEY ST&1900 WAVELL ST,2/20/2021 13:43,Service Completed,Resolved,2020-12-31 13:42:00,176968,101004466553,2020-12-31,13:42,2021-02-20,13:43
176967-101004466360,Tree Trim,Parks and Recreation,12510 ASHLING DR,3/16/2021 10:31,Service Completed,Resolved,2020-12-31 09:30:00,176967,101004466360,2020-12-31,9:30,2021-03-16,10:31
176966-101004466347,Tree Trim,Parks and Recreation,6507 BANTA DR,3/16/2021 10:20,Service Completed,Resolved,2020-12-31 09:19:00,176966,101004466347,2020-12-31,9:19,2021-03-16,10:20
176965-101004466206,Tree Removal,Parks and Recreation,4613 BILLINGSLEY ST,2/20/2021 7:51,Service Completed,Resolved,2020-12-31 07:50:00,176965,101004466206,2020-12-31,7:50,2021-02-20,7:51
176964-101004466065,Tree Removal,Parks and Recreation,120 NORTH ST,2/20/2021 6:43,Service Completed,Resolved,2020-12-31 06:42:00,176964,101004466065,2020-12-31,6:42,2021-02-20,6:43
176963-101004466025,Tree Removal,Parks and Recreation,13501 MOBILE ST,2/20/2021 6:28,Service Completed,Resolved,2020-12-31 06:27:00,176963,101004466025,2020-12-31,6:27,2021-02-20,6:28
176960-101004465819,Tree Trim,Parks and Recreation,2000 HAMILTON ST&1900 PIERCE ST,3/16/2021 5:29,Service Completed,Resolved,2020-12-31 04:28:00,176960,101004465819,2020-12-31,4:28,2021-03-16,5:29
176961-101004465818,Tree Trim,Parks and Recreation,1015 LAMONTE LN,3/16/2021 5:28,Service Completed,Resolved,2020-12-31 04:27:00,176961,101004465818,2020-12-31,4:27,2021-03-16,5:28
176959-101004465786,Tree Removal,Parks and Recreation,8918 IVY SPRING LN,2/20/2021 4:13,Service Completed,Resolved,2020-12-31 04:12:00,176959,101004465786,2020-12-31,4:12,2021-02-20,4:13
176958-101004465746,Tree Removal,Parks and Recreation,1836 RICHMOND AVE,2/20/2021 3:53,Service Completed,Resolved,2020-12-31 03:52:00,176958,101004465746,2020-12-31,3:52,2021-02-20,3:53
176957-101004465734,Tree Removal,Parks and Recreation,4015 JULIET ST,2/20/2021 3:41,Service Completed,Resolved,2020-12-31 03:40:00,176957,101004465734,2020-12-31,3:40,2021-02-20,3:41
176956-101004465730,Tree Removal,Parks and Recreation,4015 JULIET ST,2/20/2021 3:38,Service Completed,Resolved,2020-12-31 03:37:00,176956,101004465730,2020-12-31,3:37,2021-02-20,3:38
101004465663,Tree Removal,Parks and Recreation,1827 RICHMOND AVE,2/20/2021 2:53,Service Completed,Resolved,2020-12-31 02:52:00, ,101004465663,2020-12-31,2:52,2021-02-20,2:53
176954-101004465614,Tree Removal,Parks and Recreation,6501 MEMORIAL DR,2/20/2021 1:56,Service Completed,Resolved,2020-12-31 01:55:00,176954,101004465614,2020-12-31,1:55,2021-02-20,1:56
176953-101004465484,Tree Trim,Parks and Recreation,944 ARLINGTON ST,3/15/2021 14:51,Service Completed,Resolved,2020-12-30 13:50:00,176953,101004465484,2020-12-30,13:50,2021-03-15,14:51
176948-101004465133,Tree Code Violation,Parks and Recreation,6751 BISSONNET ST,2/20/2021 8:13,Service Completed,Resolved,2020-12-30 08:12:00,176948,101004465133,2020-12-30,8:12,2021-02-20,8:13
176947-101004465090,Tree Trim,Parks and Recreation,4738 BRIARBEND DR,3/15/2021 8:47,Service Completed,Resolved,2020-12-30 07:46:00,176947,101004465090,2020-12-30,7:46,2021-03-15,8:47
176945-101004464589,Tree Removal,Parks and Recreation,5101 RUTHERGLENN DR,2/19/2021 4:07,Service Completed,Resolved,2020-12-30 04:06:00,176945,101004464589,2020-12-30,4:06,2021-02-19,4:07
176944-101004464581,Tree Removal,Parks and Recreation,833 ARLINGTON ST,2/19/2021 4:04,Service Completed,Resolved,2020-12-30 04:03:00,176944,101004464581,2020-12-30,4:03,2021-02-19,4:04
176943-101004464535,Tree Removal,Parks and Recreation,710 WOODHORN CT,2/19/2021 3:52,Service Completed,Resolved,2020-12-30 03:51:00,176943,101004464535,2020-12-30,3:51,2021-02-19,3:52
101004464516,Tree Trim,Parks and Recreation,11531 FM 1960 RD,3/15/2021 4:39,Service Completed,Resolved,2020-12-30 03:38:00, ,101004464516,2020-12-30,3:38,2021-03-15,4:39
176941-101004464317,Tree Trim,Parks and Recreation,6116 BEEKMAN RD,3/15/2021 3:05,Service Completed,Resolved,2020-12-30 02:04:00,176941,101004464317,2020-12-30,2:04,2021-03-15,3:05
101004463973,Tree Removal,Parks and Recreation,12211 PINE KNOLL DR,2/18/2021 11:31,Service Completed,Resolved,2020-12-29 11:30:00, ,101004463973,2020-12-29,11:30,2021-02-18,11:31
101004463753,Tree Trim,Parks and Recreation,10006 AVES ST,3/14/2021 10:33,Service Completed,Resolved,2020-12-29 09:32:00, ,101004463753,2020-12-29,9:32,2021-03-14,10:33
176930-101004463552,Tree Removal,Parks and Recreation,2004 W MCKINNEY ST,2/18/2021 8:05,Service Completed,Resolved,2020-12-29 08:04:00,176930,101004463552,2020-12-29,8:04,2021-02-18,8:05
176929-101004463522,Tree Removal,Parks and Recreation,1812 ELMEN ST,2/18/2021 7:54,Service Completed,Resolved,2020-12-29 07:53:00,176929,101004463522,2020-12-29,7:53,2021-02-18,7:54
176928-101004463492,Tree Removal,Parks and Recreation,1913 BANKS ST,2/18/2021 7:40,Service Completed,Resolved,2020-12-29 07:39:00,176928,101004463492,2020-12-29,7:39,2021-02-18,7:40
176927-101004463469,Tree Trim,Parks and Recreation,5300 DARLING ST&2300 DETERING ST,3/14/2021 8:30,Service Completed,Resolved,2020-12-29 07:29:00,176927,101004463469,2020-12-29,7:29,2021-03-14,8:30
176926-101004463450,Tree Trim,Parks and Recreation,5500 KANSAS ST&2600 RADCLIFFE ST,3/14/2021 8:23,Service Completed,Resolved,2020-12-29 07:22:00,176926,101004463450,2020-12-29,7:22,2021-03-14,8:23
101004463433,Tree Trim,Parks and Recreation,5500 KANSAS ST&2600 RADCLIFFE ST,3/14/2021 8:17,Service Completed,Resolved,2020-12-29 07:16:00, ,101004463433,2020-12-29,7:16,2021-03-14,8:17
176921-101004463181,Tree Removal,Parks and Recreation,10731 ROYAL PINE DR,2/18/2021 5:01,Service Completed,Resolved,2020-12-29 05:00:00,176921,101004463181,2020-12-29,5:00,2021-02-18,5:01
176920-101004463072,Tree Trim,Parks and Recreation,5822 SOUTHWIND ST,3/14/2021 5:27,Service Completed,Resolved,2020-12-29 04:26:00,176920,101004463072,2020-12-29,4:26,2021-03-14,5:27
176919-101004462859,Tree Code Violation,Parks and Recreation,1131 STONECREST DR,2/19/2021 3:05,Service Completed,Resolved,2020-12-29 03:04:00,176919,101004462859,2020-12-29,3:04,2021-02-19,3:05
176918-101004462845,Tree Trim,Parks and Recreation,7107 QUINCE ST,3/14/2021 4:01,Service Completed,Resolved,2020-12-29 03:00:00,176918,101004462845,2020-12-29,3:00,2021-03-14,4:01
176917-101004462803,Tree Trim,Parks and Recreation,8542 COWART ST,3/14/2021 3:41,Service Completed,Resolved,2020-12-29 02:40:00,176917,101004462803,2020-12-29,2:40,2021-03-14,3:41
101004462208,Tree Removal,Parks and Recreation,5200 SELINSKY RD,2/17/2021 9:18,Service Completed,Resolved,2020-12-28 09:17:00, ,101004462208,2020-12-28,9:17,2021-02-17,9:18
176911-101004462055,Tree Trim,Parks and Recreation,1109 W 21ST ST,3/13/2021 8:09,Service Completed,Resolved,2020-12-28 08:08:00,176911,101004462055,2020-12-28,8:08,2021-03-13,8:09
101004462034,Tree Removal,Parks and Recreation,15730 CORSAIR RD,2/17/2021 7:57,Service Completed,Resolved,2020-12-28 07:56:00, ,101004462034,2020-12-28,7:56,2021-02-17,7:57
176909-101004462001,Tree Trim,Parks and Recreation,2022 WAVELL ST,3/13/2021 7:38,Service Completed,Resolved,2020-12-28 07:37:00,176909,101004462001,2020-12-28,7:37,2021-03-13,7:38
176908-101004461991,Tree Removal,Parks and Recreation,3311 COLLINGSWORTH ST,2/17/2021 7:30,Service Completed,Resolved,2020-12-28 07:29:00,176908,101004461991,2020-12-28,7:29,2021-02-17,7:30
176907-101004461882,Tree Trim,Parks and Recreation,7431 DEEP FOREST DR,3/13/2021 6:35,Service Completed,Resolved,2020-12-28 06:34:00,176907,101004461882,2020-12-28,6:34,2021-03-13,6:35
176905-101004461786,Tree Trim,Parks and Recreation,8100 KENTON ST,3/13/2021 5:56,Service Completed,Resolved,2020-12-28 05:55:00,176905,101004461786,2020-12-28,5:55,2021-03-13,5:56
176903-101004461660,Tree Trim,Parks and Recreation,1330 CANDLELIGHT LN,3/13/2021 5:06,Service Completed,Resolved,2020-12-28 05:05:00,176903,101004461660,2020-12-28,5:05,2021-03-13,5:06
176902-101004461623,Tree Trim,Parks and Recreation,4701 BENNING DR,3/13/2021 4:50,Service Completed,Resolved,2020-12-28 04:49:00,176902,101004461623,2020-12-28,4:49,2021-03-13,4:50
101004461587,Tree Removal,Parks and Recreation,1015 LAMONTE LN,2/17/2021 4:36,Service Completed,Resolved,2020-12-28 04:35:00, ,101004461587,2020-12-28,4:35,2021-02-17,4:36
176900-101004461430,Tree Removal,Parks and Recreation,3010 AUSTIN ST,2/17/2021 3:24,Service Completed,Resolved,2020-12-28 03:23:00,176900,101004461430,2020-12-28,3:23,2021-02-17,3:24
176899-101004461349,Tree Trim,Parks and Recreation,301 LENOX ST,3/13/2021 2:55,Service Completed,Resolved,2020-12-28 02:54:00,176899,101004461349,2020-12-28,2:54,2021-03-13,2:55
101004461038,Tree Removal,Parks and Recreation,1927 ROXELLA ST,2/16/2021 7:51,Service Completed,Resolved,2020-12-27 07:50:00, ,101004461038,2020-12-27,7:50,2021-02-16,7:51
101004460869,Tree Removal,Parks and Recreation,10807 SELA LN,2/16/2021 4:45,Service Completed,Resolved,2020-12-27 04:44:00, ,101004460869,2020-12-27,4:44,2021-02-16,4:45
101004460828,Tree Trim,Parks and Recreation,8330 LOCKHEED AVE,3/12/2021 3:57,Service Completed,Resolved,2020-12-27 03:56:00, ,101004460828,2020-12-27,3:56,2021-03-12,3:57
101004460518,Tree Trim,Parks and Recreation,515 AVONDALE ST,3/11/2021 9:52,Service Completed,Resolved,2020-12-26 09:51:00, ,101004460518,2020-12-26,9:51,2021-03-11,9:52
101004460483,Tree Trim,Parks and Recreation,6748 MEADOWLAWN ST,3/11/2021 9:11,Service Completed,Resolved,2020-12-26 09:10:00, ,101004460483,2020-12-26,9:10,2021-03-11,9:11
176893-101004460462,Tree Trim,Parks and Recreation,3522 CHIMNEY ROCK RD,3/11/2021 8:33,Service Completed,Resolved,2020-12-26 08:32:00,176893,101004460462,2020-12-26,8:32,2021-03-11,8:33
101004460409,Tree Removal,Parks and Recreation,8542 COWART ST,2/15/2021 7:48,Service Completed,Resolved,2020-12-26 07:47:00, ,101004460409,2020-12-26,7:47,2021-02-15,7:48
101004460223,Tree Trim,Parks and Recreation,5212 KANSAS ST,3/11/2021 4:11,Service Completed,Resolved,2020-12-26 04:10:00, ,101004460223,2020-12-26,4:10,2021-03-11,4:11
176891-101004459779,Tree Trim,Parks and Recreation,2600 DAIRY ASHFORD RD&2450 S DAIRY ASHFORD RD&12600 WESTHEIMER RD,3/9/2021 9:52,Service Completed,Resolved,2020-12-24 09:51:00,176891,101004459779,2020-12-24,9:51,2021-03-09,9:52
176890-101004459600,Tree Removal,Parks and Recreation,5400 CAREY ST&7100 SHOTWELL ST,2/13/2021 7:02,Service Completed,Resolved,2020-12-24 07:01:00,176890,101004459600,2020-12-24,7:01,2021-02-13,7:02
101004459559,Tree Removal,Parks and Recreation,609 N ELDRIDGE PKWY,2/13/2021 6:34,Service Completed,Resolved,2020-12-24 06:33:00, ,101004459559,2020-12-24,6:33,2021-02-13,6:34
176888-101004459405,Tree Removal,Parks and Recreation,700 DAIRY ASHFORD RD&14600 MEMORIAL DR,2/13/2021 4:15,Service Completed,Resolved,2020-12-24 04:14:00,176888,101004459405,2020-12-24,4:14,2021-02-13,4:15
101004459306,Tree Trim,Parks and Recreation,3200 BISSONNET ST&5300 BUFFALO SPWY,3/9/2021 1:08,Service Completed,Resolved,2020-12-24 01:07:00, ,101004459306,2020-12-24,1:07,2021-03-09,1:08
176886-101004458769,Tree Removal,Parks and Recreation,700 DAIRY ASHFORD RD&14600 MEMORIAL DR,2/12/2021 6:51,Service Completed,Resolved,2020-12-23 06:50:00,176886,101004458769,2020-12-23,6:50,2021-02-12,6:51
176885-101004458693,Tree Removal,Parks and Recreation,6627 CORPUS CHRISTI ST,2/12/2021 6:19,Service Completed,Resolved,2020-12-23 06:18:00,176885,101004458693,2020-12-23,6:18,2021-02-12,6:19
176884-101004458564,Tree Removal,Parks and Recreation,1619 BEACHTON ST,2/12/2021 5:08,Service Completed,Resolved,2020-12-23 05:07:00,176884,101004458564,2020-12-23,5:07,2021-02-12,5:08
176883-101004458492,Tree Removal,Parks and Recreation,7923 BURGOYNE RD,2/12/2021 4:27,Service Completed,Resolved,2020-12-23 04:26:00,176883,101004458492,2020-12-23,4:26,2021-02-12,4:27
176882-101004458450,Tree Removal,Parks and Recreation,1519 HAWTHORNE ST,2/12/2021 4:03,Service Completed,Resolved,2020-12-23 04:02:00,176882,101004458450,2020-12-23,4:02,2021-02-12,4:03
176880-101004458237,Tree Trim,Parks and Recreation,5008 LOCKWOOD DR,3/8/2021 2:24,Service Completed,Resolved,2020-12-23 02:23:00,176880,101004458237,2020-12-23,2:23,2021-03-08,2:24
176879-101004458195,Tree Trim,Parks and Recreation,2600 DAIRY ASHFORD RD&2450 S DAIRY ASHFORD RD&12600 WESTHEIMER RD,3/8/2021 1:47,Service Completed,Resolved,2020-12-23 01:46:00,176879,101004458195,2020-12-23,1:46,2021-03-08,1:47
176878-101004458183,Tree Trim,Parks and Recreation,6033 HERMANN PARK DR,3/8/2021 1:37,Service Completed,Resolved,2020-12-23 01:36:00,176878,101004458183,2020-12-23,1:36,2021-03-08,1:37
176877-101004457799,Tree Removal,Parks and Recreation,5102 RIDGEHAVEN DR,2/11/2021 10:14,Service Completed,Resolved,2020-12-22 10:13:00,176877,101004457799,2020-12-22,10:13,2021-02-11,10:14
176875-101004457509,Tree Trim,Parks and Recreation,1229 CORTLANDT ST,3/7/2021 7:28,Service Completed,Resolved,2020-12-22 07:27:00,176875,101004457509,2020-12-22,7:27,2021-03-07,7:28
176874-101004457420,Tree Trim,Parks and Recreation,1600 AIRPORT BLVD&11900 ALMEDA RD,3/7/2021 6:34,Service Completed,Resolved,2020-12-22 06:33:00,176874,101004457420,2020-12-22,6:33,2021-03-07,6:34
176873-101004457396,Tree Removal,Parks and Recreation,1229 CORTLANDT ST,2/11/2021 6:25,Service Completed,Resolved,2020-12-22 06:24:00,176873,101004457396,2020-12-22,6:24,2021-02-11,6:25
176872-101004457241,Tree Removal,Parks and Recreation,8311 MELROSE ST,2/11/2021 5:14,Service Completed,Resolved,2020-12-22 05:13:00,176872,101004457241,2020-12-22,5:13,2021-02-11,5:14
101004457184,Tree Removal,Parks and Recreation,1522 PEARSON ST,2/11/2021 4:45,Service Completed,Resolved,2020-12-22 04:44:00, ,101004457184,2020-12-22,4:44,2021-02-11,4:45
176871-101004457030,Tree Trim,Parks and Recreation,30 E BROAD OAKS DR&2 W BROAD OAKS DR,3/7/2021 3:33,Service Completed,Resolved,2020-12-22 03:32:00,176871,101004457030,2020-12-22,3:32,2021-03-07,3:33
176868-101004456836,Tree Trim,Parks and Recreation,1718 ROY ST,3/6/2021 22:33,Service Completed,Resolved,2020-12-21 22:32:00,176868,101004456836,2020-12-21,22:32,2021-03-06,22:33
101004456828,Tree Removal,Parks and Recreation,8301 PARK PLACE BLVD,2/10/2021 21:07,Service Completed,Resolved,2020-12-21 21:06:00, ,101004456828,2020-12-21,21:06,2021-02-10,21:07
176865-101004456389,Tree Trim,Parks and Recreation,8506 QUAIL CREST DR,3/6/2021 8:54,Service Completed,Resolved,2020-12-21 08:53:00,176865,101004456389,2020-12-21,8:53,2021-03-06,8:54
176861-101004455968,Tree Trim,Parks and Recreation,8415 ROWAN LN,3/6/2021 4:42,Service Completed,Resolved,2020-12-21 04:41:00,176861,101004455968,2020-12-21,4:41,2021-03-06,4:42
176860-101004455948,Tree Removal,Parks and Recreation,1200 CLAY ST,2/10/2021 4:36,Service Completed,Resolved,2020-12-21 04:35:00,176860,101004455948,2020-12-21,4:35,2021-02-10,4:36
176857-101004455695,Tree Removal,Parks and Recreation,4548 BRICKER ST,2/10/2021 2:41,Service Completed,Resolved,2020-12-21 02:40:00,176857,101004455695,2020-12-21,2:40,2021-02-10,2:41
176856-101004455367,Tree Code Violation,Parks and Recreation,1712 BLODGETT ST,2/10/2021 9:52,Service Completed,Resolved,2020-12-20 09:51:00,176856,101004455367,2020-12-20,9:51,2021-02-10,9:52
176855-101004455297,Tree Removal,Parks and Recreation,12150 FONDREN RD,2/9/2021 7:34,Service Completed,Resolved,2020-12-20 07:33:00,176855,101004455297,2020-12-20,7:33,2021-02-09,7:34
101004455266,Tree Trim,Parks and Recreation,2005 BRENTWOOD DR,3/5/2021 6:49,Service Completed,Resolved,2020-12-20 06:48:00, ,101004455266,2020-12-20,6:48,2021-03-05,6:49
101004455036,Tree Removal,Parks and Recreation,1929 ALLEN PKWY,2/8/2021 15:11,Service Completed,Resolved,2020-12-19 15:10:00, ,101004455036,2020-12-19,15:10,2021-02-08,15:11
101004454428,Tree Removal,Parks and Recreation,0 ALLEN PKWY&500 TAFT ST,2/8/2021 1:18,Service Completed,Resolved,2020-12-19 01:17:00, ,101004454428,2020-12-19,1:17,2021-02-08,1:18
176851-101004454356,Tree Trim,Parks and Recreation,4102 LAKE HOUSTON PKWY,3/3/2021 16:32,Service Completed,Resolved,2020-12-18 16:31:00,176851,101004454356,2020-12-18,16:31,2021-03-03,16:32
176850-101004454353,Tree Removal,Parks and Recreation,5500 BONSRELL ST&1724 HACKNEY ST,2/7/2021 16:20,Service Completed,Resolved,2020-12-18 16:19:00,176850,101004454353,2020-12-18,16:19,2021-02-07,16:20
176849-101004454145,Tree Removal,Parks and Recreation,2118 GLEN HAVEN BLVD,2/7/2021 10:27,Service Completed,Resolved,2020-12-18 10:26:00,176849,101004454145,2020-12-18,10:26,2021-02-07,10:27
176848-101004454120,Tree Removal,Parks and Recreation,4814 COURT RD,2/7/2021 10:11,Service Completed,Resolved,2020-12-18 10:10:00,176848,101004454120,2020-12-18,10:10,2021-02-07,10:11
176842-101004453662,Tree Trim,Parks and Recreation,6126 MCKINSTRY BLVD,3/3/2021 5:48,Service Completed,Resolved,2020-12-18 05:47:00,176842,101004453662,2020-12-18,5:47,2021-03-03,5:48
176841-101004453659,Tree Trim,Parks and Recreation,6115 MCKINSTRY BLVD,3/3/2021 5:47,Service Completed,Resolved,2020-12-18 05:46:00,176841,101004453659,2020-12-18,5:46,2021-03-03,5:47
176840-101004453647,Tree Trim,Parks and Recreation,5843 EFFINGHAM DR,3/3/2021 5:37,Service Completed,Resolved,2020-12-18 05:36:00,176840,101004453647,2020-12-18,5:36,2021-03-03,5:37
176839-101004453430,Tree Removal,Parks and Recreation,7211 ILEX ST,2/7/2021 3:06,Service Completed,Resolved,2020-12-18 03:05:00,176839,101004453430,2020-12-18,3:05,2021-02-07,3:06
176835-101004453368,Tree Trim,Parks and Recreation,5700 BEECHNUT ST&8400 HILLCROFT AVE,3/3/2021 2:25,Service Completed,Resolved,2020-12-18 02:24:00,176835,101004453368,2020-12-18,2:24,2021-03-03,2:25
101004453291,Tree Removal,Parks and Recreation,565 BROWN SADDLE RD,2/6/2021 23:06,Service Completed,Resolved,2020-12-17 23:05:00, ,101004453291,2020-12-17,23:05,2021-02-06,23:06
176833-101004453158,Tree Trim,Parks and Recreation,2 E FM 1960 RD&17490 NORTH FWY,3/2/2021 13:21,Service Completed,Resolved,2020-12-17 13:20:00,176833,101004453158,2020-12-17,13:20,2021-03-02,13:21
101004453152,Tree Trim,Parks and Recreation,17510 NORTH FWY,3/2/2021 13:16,Service Completed,Resolved,2020-12-17 13:15:00, ,101004453152,2020-12-17,13:15,2021-03-02,13:16
176831-101004452999,Tree Removal,Parks and Recreation,7318 JAPONICA ST,2/6/2021 10:17,Service Completed,Resolved,2020-12-17 10:16:00,176831,101004452999,2020-12-17,10:16,2021-02-06,10:17
176830-101004452994,Tree Trim,Parks and Recreation,7318 JAPONICA ST,3/2/2021 10:15,Service Completed,Resolved,2020-12-17 10:14:00,176830,101004452994,2020-12-17,10:14,2021-03-02,10:15
101004452834,Tree Trim,Parks and Recreation,5727 NORTHRIDGE DR,3/2/2021 8:59,Service Completed,Resolved,2020-12-17 08:58:00, ,101004452834,2020-12-17,8:58,2021-03-02,8:59
176822-101004452687,Tree Removal,Parks and Recreation,7718 AVENUE H,2/6/2021 7:28,Service Completed,Resolved,2020-12-17 07:27:00,176822,101004452687,2020-12-17,7:27,2021-02-06,7:28
176821-101004452675,Tree Trim,Parks and Recreation,6540 HEFFERNAN ST,3/2/2021 7:20,Service Completed,Resolved,2020-12-17 07:19:00,176821,101004452675,2020-12-17,7:19,2021-03-02,7:20
101004452674,Tree Removal,Parks and Recreation,1513 WHITE OAK DR,2/6/2021 7:20,Service Completed,Resolved,2020-12-17 07:19:00, ,101004452674,2020-12-17,7:19,2021-02-06,7:20
176819-101004452546,Tree Planting,Parks and Recreation,2111 BANKS ST,1/11/2021 6:16,Service Completed,Resolved,2020-12-17 06:15:00,176819,101004452546,2020-12-17,6:15,2021-01-11,6:16
176818-101004452438,Tree Trim,Parks and Recreation,4600 EMANCIPATION AVE&2400 RUTH ST,3/2/2021 5:21,Service Completed,Resolved,2020-12-17 05:20:00,176818,101004452438,2020-12-17,5:20,2021-03-02,5:21
176817-101004452292,Tree Trim,Parks and Recreation,3350 MCCUE RD&5000 SOUTHWEST FWY,3/2/2021 4:04,Service Completed,Resolved,2020-12-17 04:03:00,176817,101004452292,2020-12-17,4:03,2021-03-02,4:04
176816-101004452180,Tree Trim,Parks and Recreation,3435 BRANARD ST,3/2/2021 2:52,Service Completed,Resolved,2020-12-17 02:51:00,176816,101004452180,2020-12-17,2:51,2021-03-02,2:52
101004452103,Tree Removal,Parks and Recreation,916 COHN ST,2/5/2021 23:02,Service Completed,Resolved,2020-12-16 23:01:00, ,101004452103,2020-12-16,23:01,2021-02-05,23:02
101004452091,Tree Trim,Parks and Recreation,2200 DEER SPRINGS DR&1600 WOODLAND HILLS DR,3/1/2021 21:13,Service Completed,Resolved,2020-12-16 21:12:00, ,101004452091,2020-12-16,21:12,2021-03-01,21:13
176804-101004451860,Tree Removal,Parks and Recreation,5510 COLLINGSWORTH ST,2/5/2021 10:22,Service Completed,Resolved,2020-12-16 10:21:00,176804,101004451860,2020-12-16,10:21,2021-02-05,10:22
176803-101004451787,Tree Trim,Parks and Recreation,104 GLENDALE ST,3/1/2021 9:34,Service Completed,Resolved,2020-12-16 09:33:00,176803,101004451787,2020-12-16,9:33,2021-03-01,9:34
101004451671,Tree Trim,Parks and Recreation,7900 OAK KNOLL LN&8500 N WAYSIDE DR,3/1/2021 8:17,Service Completed,Resolved,2020-12-16 08:16:00, ,101004451671,2020-12-16,8:16,2021-03-01,8:17
176801-101004451623,Tree Trim,Parks and Recreation,1475 W GRAY ST,3/1/2021 7:53,Service Completed,Resolved,2020-12-16 07:52:00,176801,101004451623,2020-12-16,7:52,2021-03-01,7:53
176798-101004451046,Tree Trim,Parks and Recreation,100 BURRESS ST&9000 FULTON ST ,3/1/2021 1:47,Service Completed,Resolved,2020-12-16 01:46:00,176798,101004451046,2020-12-16,1:46,2021-03-01,1:47
176797-101004450566,Tree Trim,Parks and Recreation,15610 BRIAR SPRING CT,2/28/2021 8:52,Service Completed,Resolved,2020-12-15 08:51:00,176797,101004450566,2020-12-15,8:51,2021-02-28,8:52
176796-101004450517,Tree Trim,Parks and Recreation,2122 FREEMAN ST,2/28/2021 8:18,Service Completed,Resolved,2020-12-15 08:17:00,176796,101004450517,2020-12-15,8:17,2021-02-28,8:18
176794-101004450450,Tree Removal,Parks and Recreation,7015 KRAUSE DR,2/4/2021 7:36,Service Completed,Resolved,2020-12-15 07:35:00,176794,101004450450,2020-12-15,7:35,2021-02-04,7:36
176791-101004450341,Tree Trim,Parks and Recreation,6303 WILSHIRE LKS,2/28/2021 6:28,Service Completed,Resolved,2020-12-15 06:27:00,176791,101004450341,2020-12-15,6:27,2021-02-28,6:28
176790-101004450323,Tree Removal,Parks and Recreation,7718 AVENUE H,2/4/2021 6:21,Service Completed,Resolved,2020-12-15 06:20:00,176790,101004450323,2020-12-15,6:20,2021-02-04,6:21
176788-101004450248,Tree Trim,Parks and Recreation,1001 BISSONNET ST,2/28/2021 5:31,Service Completed,Resolved,2020-12-15 05:30:00,176788,101004450248,2020-12-15,5:30,2021-02-28,5:31
176787-101004449956,Tree Removal,Parks and Recreation,810 PAUL QUINN ST,2/4/2021 3:21,Service Completed,Resolved,2020-12-15 03:20:00,176787,101004449956,2020-12-15,3:20,2021-02-04,3:21
176786-101004449788,Tree Removal,Parks and Recreation,202 GRACE ST,2/4/2021 1:28,Service Completed,Resolved,2020-12-15 01:27:00,176786,101004449788,2020-12-15,1:27,2021-02-04,1:28
176785-101004449728,Tree Trim,Parks and Recreation,8115 LUGARY DR,2/27/2021 19:19,Service Completed,Resolved,2020-12-14 19:18:00,176785,101004449728,2020-12-14,19:18,2021-02-27,19:19
176784-101004449617,Tree Removal,Parks and Recreation,7900 FLINTRIDGE DR&8100 N WAYSIDE DR,2/3/2021 13:06,Service Completed,Resolved,2020-12-14 13:05:00,176784,101004449617,2020-12-14,13:05,2021-02-03,13:06
176783-101004449605,Tree Planting,Parks and Recreation,2313 GREGG ST,1/8/2021 12:49,Service Completed,Resolved,2020-12-14 12:48:00,176783,101004449605,2020-12-14,12:48,2021-01-08,12:49
176782-101004449586,Tree Removal,Parks and Recreation,180 MERCURY DR,2/3/2021 12:21,Service Completed,Resolved,2020-12-14 12:20:00,176782,101004449586,2020-12-14,12:20,2021-02-03,12:21
176781-101004449511,Tree Removal,Parks and Recreation,5906 YARWELL DR,2/3/2021 10:54,Service Completed,Resolved,2020-12-14 10:53:00,176781,101004449511,2020-12-14,10:53,2021-02-03,10:54
176780-101004449389,Tree Trim,Parks and Recreation,2800 ANITA ST&3000 DELANO ST,2/27/2021 9:54,Service Completed,Resolved,2020-12-14 09:53:00,176780,101004449389,2020-12-14,9:53,2021-02-27,9:54
176779-101004449234,Tree Removal,Parks and Recreation,2049 BRANARD ST,2/3/2021 8:44,Service Completed,Resolved,2020-12-14 08:43:00,176779,101004449234,2020-12-14,8:43,2021-02-03,8:44
176774-101004449124,Tree Removal,Parks and Recreation,4818 WYNNEWOOD ST,2/3/2021 7:54,Service Completed,Resolved,2020-12-14 07:53:00,176774,101004449124,2020-12-14,7:53,2021-02-03,7:54
176772-101004448987,Tree Removal,Parks and Recreation,7058 COLE CREEK DR,2/3/2021 6:44,Service Completed,Resolved,2020-12-14 06:43:00,176772,101004448987,2020-12-14,6:43,2021-02-03,6:44
176771-101004448954,Tree Removal,Parks and Recreation,915 NORTHWOOD ST,2/3/2021 6:27,Service Completed,Resolved,2020-12-14 06:26:00,176771,101004448954,2020-12-14,6:26,2021-02-03,6:27
176770-101004448944,Tree Removal,Parks and Recreation,8811 FELAND ST,2/3/2021 6:22,Service Completed,Resolved,2020-12-14 06:21:00,176770,101004448944,2020-12-14,6:21,2021-02-03,6:22
176769-101004448910,Tree Trim,Parks and Recreation,7011 QUINCE ST,2/27/2021 6:02,Service Completed,Resolved,2020-12-14 06:01:00,176769,101004448910,2020-12-14,6:01,2021-02-27,6:02
176768-101004448837,Tree Removal,Parks and Recreation,2514 AREBA ST,2/3/2021 5:30,Service Completed,Resolved,2020-12-14 05:29:00,176768,101004448837,2020-12-14,5:29,2021-02-03,5:30
176766-101004448745,Tree Trim,Parks and Recreation,11200 HUGHES RD&11200 SAGECREEK DR ,2/27/2021 4:45,Service Completed,Resolved,2020-12-14 04:44:00,176766,101004448745,2020-12-14,4:44,2021-02-27,4:45
176765-101004448711,Tree Trim,Parks and Recreation,2120 ELMVIEW DR&9600 TRUSCON DR,2/27/2021 4:26,Service Completed,Resolved,2020-12-14 04:25:00,176765,101004448711,2020-12-14,4:25,2021-02-27,4:26
176764-101004448707,Tree Trim,Parks and Recreation,8618 FERRIS DR,2/27/2021 4:25,Service Completed,Resolved,2020-12-14 04:24:00,176764,101004448707,2020-12-14,4:24,2021-02-27,4:25
176762-101004448545,Tree Removal,Parks and Recreation,5010 COSBY ST,2/3/2021 3:12,Service Completed,Resolved,2020-12-14 03:11:00,176762,101004448545,2020-12-14,3:11,2021-02-03,3:12
101004448530,Tree Trim,Parks and Recreation,900 AURORA ST&2550 PRINCETON ST,2/27/2021 3:05,Service Completed,Resolved,2020-12-14 03:04:00, ,101004448530,2020-12-14,3:04,2021-02-27,3:05
176761-101004448475,Tree Trim,Parks and Recreation,4300 BERAN DR&13600 QUENTION DR,2/27/2021 2:31,Service Completed,Resolved,2020-12-14 02:30:00,176761,101004448475,2020-12-14,2:30,2021-02-27,2:31
176759-101004448420,Tree Trim,Parks and Recreation,4700 S BRAESWOOD BLVD&9300 W LOOP FWY S,2/27/2021 1:47,Service Completed,Resolved,2020-12-14 01:46:00,176759,101004448420,2020-12-14,1:46,2021-02-27,1:47
176758-101004448406,Tree Trim,Parks and Recreation,5090 S BRAESWOOD BLVD&0 S RICE AVE,2/27/2021 1:35,Service Completed,Resolved,2020-12-14 01:34:00,176758,101004448406,2020-12-14,1:34,2021-02-27,1:35
176755-101004448150,Tree Trim,Parks and Recreation,2314 BERKLEY ST,2/26/2021 10:54,Service Completed,Resolved,2020-12-13 10:53:00,176755,101004448150,2020-12-13,10:53,2021-02-26,10:54
176754-101004448134,Tree Removal,Parks and Recreation,6731 COUCH ST,2/2/2021 10:35,Service Completed,Resolved,2020-12-13 10:34:00,176754,101004448134,2020-12-13,10:34,2021-02-02,10:35
176753-101004448122,Tree Removal,Parks and Recreation,1010 W 42ND ST,2/2/2021 10:22,Service Completed,Resolved,2020-12-13 10:21:00,176753,101004448122,2020-12-13,10:21,2021-02-02,10:22
101004448117,Tree Trim,Parks and Recreation,1000 FOUNTAIN VIEW DR&6026 WOODWAY DR ,2/26/2021 10:12,Service Completed,Resolved,2020-12-13 10:11:00, ,101004448117,2020-12-13,10:11,2021-02-26,10:12
176751-101004448083,Tree Stump Grinding,Parks and Recreation,6215 HAIGHT ST,4/8/2021 10:31,Service Completed,Resolved,2020-12-13 09:30:00,176751,101004448083,2020-12-13,9:30,2021-04-08,10:31
101004448073,Tree Removal,Parks and Recreation,3800 BLODGETT ST&4700 SCOTT ST,2/2/2021 9:25,Service Completed,Resolved,2020-12-13 09:24:00, ,101004448073,2020-12-13,9:24,2021-02-02,9:25
101004447629,Tree Trim,Parks and Recreation,5900 GULFTON ST,2/25/2021 18:51,Service Completed,Resolved,2020-12-12 18:50:00, ,101004447629,2020-12-12,18:50,2021-02-25,18:51
176748-101004436760,Tree Trim,Parks and Recreation,348 MAGNOLIA DR,2/24/2021 11:37,Service Completed,Resolved,2020-12-11 11:36:00,176748,101004436760,2020-12-11,11:36,2021-02-24,11:37
176747-101004436758,Tree Trim,Parks and Recreation,348 MAGNOLIA POINT DR,2/24/2021 11:35,Service Completed,Resolved,2020-12-11 11:34:00,176747,101004436758,2020-12-11,11:34,2021-02-24,11:35
176746-101004436756,Tree Trim,Parks and Recreation,456 CHEATHAM RD,2/24/2021 11:33,Service Completed,Resolved,2020-12-11 11:32:00,176746,101004436756,2020-12-11,11:32,2021-02-24,11:33
176745-101004436525,Tree Removal,Parks and Recreation,8701 CLARINGTON ST,1/31/2021 9:05,Service Completed,Resolved,2020-12-11 09:04:00,176745,101004436525,2020-12-11,9:04,2021-01-31,9:05
176744-101004436511,Tree Removal,Parks and Recreation,2356 RICE BLVD,1/31/2021 8:59,Service Completed,Resolved,2020-12-11 08:58:00,176744,101004436511,2020-12-11,8:58,2021-01-31,8:59
176743-101004436502,Tree Removal,Parks and Recreation,6711 AVENUE Q,1/31/2021 8:56,Service Completed,Resolved,2020-12-11 08:55:00,176743,101004436502,2020-12-11,8:55,2021-01-31,8:56
176742-101004436348,Tree Removal,Parks and Recreation,3738 W BELLFORT AVE&10100 ICE PALACE DR,1/31/2021 7:35,Service Completed,Resolved,2020-12-11 07:34:00,176742,101004436348,2020-12-11,7:34,2021-01-31,7:35
176740-101004436090,Tree Removal,Parks and Recreation,3818 ARBOR ST,1/31/2021 5:08,Service Completed,Resolved,2020-12-11 05:07:00,176740,101004436090,2020-12-11,5:07,2021-01-31,5:08
176736-101004435353,Tree Removal,Parks and Recreation,7305 AVENUE I,1/30/2021 10:01,Service Completed,Resolved,2020-12-10 10:00:00,176736,101004435353,2020-12-10,10:00,2021-01-30,10:01
101004435299,Tree Trim,Parks and Recreation,3725 FULTON ST,2/23/2021 9:32,Service Completed,Resolved,2020-12-10 09:31:00, ,101004435299,2020-12-10,9:31,2021-02-23,9:32
176734-101004434914,Tree Trim,Parks and Recreation,541 S 75TH ST,2/23/2021 6:44,Service Completed,Resolved,2020-12-10 06:43:00,176734,101004434914,2020-12-10,6:43,2021-02-23,6:44
176733-101004434908,Tree Trim,Parks and Recreation,2241 BRONSON ST,2/23/2021 6:42,Service Completed,Resolved,2020-12-10 06:41:00,176733,101004434908,2020-12-10,6:41,2021-02-23,6:42
176732-101004434893,Tree Trim,Parks and Recreation,500 AHRENS ST,2/23/2021 6:38,Service Completed,Resolved,2020-12-10 06:37:00,176732,101004434893,2020-12-10,6:37,2021-02-23,6:38
176731-101004434889,Tree Trim,Parks and Recreation,1000 N 76TH ST&7600 AVENUE J ,2/23/2021 6:35,Service Completed,Resolved,2020-12-10 06:34:00,176731,101004434889,2020-12-10,6:34,2021-02-23,6:35
176729-101004434881,Tree Trim,Parks and Recreation,8200 PARK PLACE BLVD,2/23/2021 6:31,Service Completed,Resolved,2020-12-10 06:30:00,176729,101004434881,2020-12-10,6:30,2021-02-23,6:31
176730-101004434878,Tree Trim,Parks and Recreation,5802 ARDMORE ST,2/23/2021 6:30,Service Completed,Resolved,2020-12-10 06:29:00,176730,101004434878,2020-12-10,6:29,2021-02-23,6:30
176728-101004434873,Tree Trim,Parks and Recreation,7302 KELLER ST,2/23/2021 6:28,Service Completed,Resolved,2020-12-10 06:27:00,176728,101004434873,2020-12-10,6:27,2021-02-23,6:28
176727-101004434869,Tree Trim,Parks and Recreation,3201 SHENANDOAH ST,2/23/2021 6:27,Service Completed,Resolved,2020-12-10 06:26:00,176727,101004434869,2020-12-10,6:26,2021-02-23,6:27
176726-101004434866,Tree Trim,Parks and Recreation,5333 BERRY CREEK DR,2/23/2021 6:26,Service Completed,Resolved,2020-12-10 06:25:00,176726,101004434866,2020-12-10,6:25,2021-02-23,6:26
101004434857,Tree Trim,Parks and Recreation,100 GILPIN ST,2/23/2021 6:23,Service Completed,Resolved,2020-12-10 06:22:00, ,101004434857,2020-12-10,6:22,2021-02-23,6:23
176724-101004434608,Tree Trim,Parks and Recreation,1826 ANGELINE ST&500 SAMUEL ST,2/23/2021 4:17,Service Completed,Resolved,2020-12-10 04:16:00,176724,101004434608,2020-12-10,4:16,2021-02-23,4:17
176722-101004434539,Tree Removal,Parks and Recreation,301 E COWAN DR,1/30/2021 3:52,Service Completed,Resolved,2020-12-10 03:51:00,176722,101004434539,2020-12-10,3:51,2021-01-30,3:52
176721-101004434513,Tree Trim,Parks and Recreation,4022 LEMAC DR,2/23/2021 3:33,Service Completed,Resolved,2020-12-10 03:32:00,176721,101004434513,2020-12-10,3:32,2021-02-23,3:33
176720-101004434499,Tree Trim,Parks and Recreation,10402 CLIFFWOOD DR,2/23/2021 3:29,Service Completed,Resolved,2020-12-10 03:28:00,176720,101004434499,2020-12-10,3:28,2021-02-23,3:29
101004434322,Tree Removal,Parks and Recreation,8115 LUGARY DR,1/29/2021 21:47,Service Completed,Resolved,2020-12-09 21:46:00, ,101004434322,2020-12-09,21:46,2021-01-29,21:47
176712-101004433836,Tree Trim,Parks and Recreation,3802 KNOTTY OAKS TRL,2/22/2021 9:32,Service Completed,Resolved,2020-12-09 09:31:00,176712,101004433836,2020-12-09,9:31,2021-02-22,9:32
176707-101004433399,Tree Trim,Parks and Recreation,5353 PEASE ST,2/22/2021 5:29,Service Completed,Resolved,2020-12-09 05:28:00,176707,101004433399,2020-12-09,5:28,2021-02-22,5:29
176706-101004433362,Tree Removal,Parks and Recreation,500 W 18TH ST&1800 NICHOLSON ST,1/29/2021 5:05,Service Completed,Resolved,2020-12-09 05:04:00,176706,101004433362,2020-12-09,5:04,2021-01-29,5:05
176705-101004433277,Tree Removal,Parks and Recreation,8331 DETROIT ST,1/29/2021 4:16,Service Completed,Resolved,2020-12-09 04:15:00,176705,101004433277,2020-12-09,4:15,2021-01-29,4:16
176703-101004433088,Tree Trim,Parks and Recreation,12102 BOHEME DR,2/22/2021 3:01,Service Completed,Resolved,2020-12-09 03:00:00,176703,101004433088,2020-12-09,3:00,2021-02-22,3:01
101004432934,Tree Removal,Parks and Recreation,10523 ALCOTT DR,1/28/2021 19:28,Service Completed,Resolved,2020-12-08 19:27:00, ,101004432934,2020-12-08,19:27,2021-01-28,19:28
101004432610,Tree Stump Grinding,Parks and Recreation,6123 BRIAR ROSE DR,4/3/2021 10:55,Service Completed,Resolved,2020-12-08 09:54:00, ,101004432610,2020-12-08,9:54,2021-04-03,10:55
176699-101004432447,Tree Trim,Parks and Recreation,4221 CASTOR ST,2/21/2021 8:35,Service Completed,Resolved,2020-12-08 08:34:00,176699,101004432447,2020-12-08,8:34,2021-02-21,8:35
101004432125,Tree Trim,Parks and Recreation,6404 EAGLE PASS ST,2/21/2021 5:51,Service Completed,Resolved,2020-12-08 05:50:00, ,101004432125,2020-12-08,5:50,2021-02-21,5:51
176692-101004431946,Tree Removal,Parks and Recreation,2520 ELGIN ST,1/28/2021 4:30,Service Completed,Resolved,2020-12-08 04:29:00,176692,101004431946,2020-12-08,4:29,2021-01-28,4:30
101004431254,Tree Trim,Parks and Recreation,6900 TURTLEWOOD DR,2/20/2021 10:57,Service Completed,Resolved,2020-12-07 10:56:00, ,101004431254,2020-12-07,10:56,2021-02-20,10:57
176690-101004431179,Tree Trim,Parks and Recreation,313 ESTELLE ST,2/20/2021 10:20,Service Completed,Resolved,2020-12-07 10:19:00,176690,101004431179,2020-12-07,10:19,2021-02-20,10:20
176689-101004431093,Tree Removal,Parks and Recreation,7900 CAROLWOOD DR&8116 N WAYSIDE DR,1/27/2021 9:39,Service Completed,Resolved,2020-12-07 09:38:00,176689,101004431093,2020-12-07,9:38,2021-01-27,9:39
176687-101004431071,Tree Trim,Parks and Recreation,1000 ALTIC ST&5100 POLK ST ,2/20/2021 9:29,Service Completed,Resolved,2020-12-07 09:28:00,176687,101004431071,2020-12-07,9:28,2021-02-20,9:29
101004430773,Tree Trim,Parks and Recreation,1021 WAVERLY ST,2/20/2021 7:17,Service Completed,Resolved,2020-12-07 07:16:00, ,101004430773,2020-12-07,7:16,2021-02-20,7:17
176679-101004430507,Tree Trim,Parks and Recreation,1600 INDIANA ST&2100 YUPON ST,2/20/2021 5:19,Service Completed,Resolved,2020-12-07 05:18:00,176679,101004430507,2020-12-07,5:18,2021-02-20,5:19
101004430500,Tree Trim,Parks and Recreation,1529 INDIANA ST,2/20/2021 5:17,Service Completed,Resolved,2020-12-07 05:16:00, ,101004430500,2020-12-07,5:16,2021-02-20,5:17
176677-101004430262,Tree Trim,Parks and Recreation,6600 COPPAGE ST&6400 PICKENS ST,2/20/2021 3:13,Service Completed,Resolved,2020-12-07 03:12:00,176677,101004430262,2020-12-07,3:12,2021-02-20,3:13
101004430021,Tree Removal,Parks and Recreation,9310 WAYSIDE DR,1/26/2021 9:05,Service Completed,Resolved,2020-12-06 09:04:00, ,101004430021,2020-12-06,9:04,2021-01-26,9:05
101004429730,Tree Removal,Parks and Recreation,2326 THETA ST,1/25/2021 23:09,Service Completed,Resolved,2020-12-05 23:08:00, ,101004429730,2020-12-05,23:08,2021-01-25,23:09
101004429705,Tree Trim,Parks and Recreation,7607 WALLISVILLE RD,2/18/2021 20:51,Service Completed,Resolved,2020-12-05 20:50:00, ,101004429705,2020-12-05,20:50,2021-02-18,20:51
101004429501,Tree Trim,Parks and Recreation,7900 SNOWDEN ST&9200 N WAYSIDE DR,2/18/2021 9:50,Service Completed,Resolved,2020-12-05 09:49:00, ,101004429501,2020-12-05,9:49,2021-02-18,9:50
101004429433,Tree Trim,Parks and Recreation,2000 BLUE WILLOW DR&10600 INWOOD DR,2/18/2021 8:44,Service Completed,Resolved,2020-12-05 08:43:00, ,101004429433,2020-12-05,8:43,2021-02-18,8:44
101004429401,Tree Trim,Parks and Recreation,5627 OAKHAM ST,2/18/2021 8:11,Service Completed,Resolved,2020-12-05 08:10:00, ,101004429401,2020-12-05,8:10,2021-02-18,8:11
101004429379,Tree Trim,Parks and Recreation,2122 FREEMAN ST,2/18/2021 7:54,Service Completed,Resolved,2020-12-05 07:53:00, ,101004429379,2020-12-05,7:53,2021-02-18,7:54
101004429100,Tree Removal,Parks and Recreation,4100 S BRAESWOOD BLVD&4150 LINKWOOD DR,1/25/2021 1:39,Service Completed,Resolved,2020-12-05 01:38:00, ,101004429100,2020-12-05,1:38,2021-01-25,1:39
101004429063,Tree Removal,Parks and Recreation,2802 SILVER BOUGH CIR,1/24/2021 22:04,Service Completed,Resolved,2020-12-04 22:03:00, ,101004429063,2020-12-04,22:03,2021-01-24,22:04
101004429044,Tree Trim,Parks and Recreation,912 COHN ST,2/17/2021 20:34,Service Completed,Resolved,2020-12-04 20:33:00, ,101004429044,2020-12-04,20:33,2021-02-17,20:34
176670-101004428983,Tree Trim,Parks and Recreation,7915 PRESTWOOD DR,2/17/2021 16:51,Service Completed,Resolved,2020-12-04 16:50:00,176670,101004428983,2020-12-04,16:50,2021-02-17,16:51
176669-101004428972,Tree Trim,Parks and Recreation,3120 LAKE ST,2/17/2021 15:43,Service Completed,Resolved,2020-12-04 15:42:00,176669,101004428972,2020-12-04,15:42,2021-02-17,15:43
176668-101004428704,Tree Trim,Parks and Recreation,5234 SAN PABLO GARDENS DR,2/17/2021 9:54,Service Completed,Resolved,2020-12-04 09:53:00,176668,101004428704,2020-12-04,9:53,2021-02-17,9:54
176664-101004428599,Tree Trim,Parks and Recreation,1000 E 40TH 1/2 ST&4000 EUROPA ST ,2/17/2021 8:46,Service Completed,Resolved,2020-12-04 08:45:00,176664,101004428599,2020-12-04,8:45,2021-02-17,8:46
176663-101004428591,Tree Trim,Parks and Recreation,1112 E 16TH ST,2/17/2021 8:40,Service Completed,Resolved,2020-12-04 08:39:00,176663,101004428591,2020-12-04,8:39,2021-02-17,8:40
101004428535,Tree Trim,Parks and Recreation,13300 BRIAR FOREST DR&1700 ELDRIDGE PKWY,2/17/2021 8:11,Service Completed,Resolved,2020-12-04 08:10:00, ,101004428535,2020-12-04,8:10,2021-02-17,8:11
176662-101004428534,Tree Trim,Parks and Recreation,5106 WIPPRECHT ST,2/17/2021 8:10,Service Completed,Resolved,2020-12-04 08:09:00,176662,101004428534,2020-12-04,8:09,2021-02-17,8:10
176660-101004428476,Tree Trim,Parks and Recreation,809 MERRILL ST,2/17/2021 7:29,Service Completed,Resolved,2020-12-04 07:28:00,176660,101004428476,2020-12-04,7:28,2021-02-17,7:29
176659-101004428283,Tree Trim,Parks and Recreation,13403 FOREST PINES VILLAGE LN,2/17/2021 5:33,Service Completed,Resolved,2020-12-04 05:32:00,176659,101004428283,2020-12-04,5:32,2021-02-17,5:33
176657-101004428072,Tree Trim,Parks and Recreation,1908 RICHMOND AVE,2/17/2021 3:18,Service Completed,Resolved,2020-12-04 03:17:00,176657,101004428072,2020-12-04,3:17,2021-02-17,3:18
101004427914,Tree Removal,Parks and Recreation,3500 SYNOTT RD&13200 WESTPARK DR,1/23/2021 21:54,Service Completed,Resolved,2020-12-03 21:53:00, ,101004427914,2020-12-03,21:53,2021-01-23,21:54
176655-101004427899,Tree Trim,Parks and Recreation,348 MAGNOLIA DR,2/16/2021 21:02,Service Completed,Resolved,2020-12-03 21:01:00,176655,101004427899,2020-12-03,21:01,2021-02-16,21:02
101004427898,Tree Trim,Parks and Recreation,456 CHEATHAM RD,2/16/2021 21:00,Service Completed,Resolved,2020-12-03 20:59:00, ,101004427898,2020-12-03,20:59,2021-02-16,21:00
176653-101004427739,Tree Trim,Parks and Recreation,12450 CULLEN BLVD&4400 E OREM DR,2/16/2021 12:16,Service Completed,Resolved,2020-12-03 12:15:00,176653,101004427739,2020-12-03,12:15,2021-02-16,12:16
176648-101004427467,Tree Trim,Parks and Recreation,6706 LODGE ST,2/16/2021 9:48,Service Completed,Resolved,2020-12-03 09:47:00,176648,101004427467,2020-12-03,9:47,2021-02-16,9:48
176647-101004427379,Tree Removal,Parks and Recreation,2607 BEVIS ST,1/23/2021 9:08,Service Completed,Resolved,2020-12-03 09:07:00,176647,101004427379,2020-12-03,9:07,2021-01-23,9:08
176646-101004427373,Tree Removal,Parks and Recreation,14522 ZENITH ST,1/23/2021 9:05,Service Completed,Resolved,2020-12-03 09:04:00,176646,101004427373,2020-12-03,9:04,2021-01-23,9:05
176645-101004427257,Tree Trim,Parks and Recreation,3511 ASKEW ST,2/16/2021 8:06,Service Completed,Resolved,2020-12-03 08:05:00,176645,101004427257,2020-12-03,8:05,2021-02-16,8:06
176644-101004427232,Tree Trim,Parks and Recreation,10800 STELLA LINK RD&4000 WILLOWBEND BLVD ,2/16/2021 7:48,Service Completed,Resolved,2020-12-03 07:47:00,176644,101004427232,2020-12-03,7:47,2021-02-16,7:48
101004427199,Tree Trim,Parks and Recreation,5219 EIGEL ST,2/16/2021 7:30,Service Completed,Resolved,2020-12-03 07:29:00, ,101004427199,2020-12-03,7:29,2021-02-16,7:30
101004427112,Tree Trim,Parks and Recreation,9662 BEVERLY HILL ST,2/16/2021 6:39,Service Completed,Resolved,2020-12-03 06:38:00, ,101004427112,2020-12-03,6:38,2021-02-16,6:39
176641-101004426901,Tree Trim,Parks and Recreation,7301 AVENUE F,2/16/2021 4:41,Service Completed,Resolved,2020-12-03 04:40:00,176641,101004426901,2020-12-03,4:40,2021-02-16,4:41
176640-101004426883,Tree Removal,Parks and Recreation,7521 AVENUE F,1/23/2021 4:36,Service Completed,Resolved,2020-12-03 04:35:00,176640,101004426883,2020-12-03,4:35,2021-01-23,4:36
176639-101004426818,Tree Removal,Parks and Recreation,1516 STORY ST,1/23/2021 4:03,Service Completed,Resolved,2020-12-03 04:02:00,176639,101004426818,2020-12-03,4:02,2021-01-23,4:03
176638-101004426768,Tree Code Violation,Parks and Recreation,1222 COLUMBIA ST,1/24/2021 3:41,Service Completed,Resolved,2020-12-03 03:40:00,176638,101004426768,2020-12-03,3:40,2021-01-24,3:41
176635-101004426649,Tree Removal,Parks and Recreation,2307 TIERWESTER ST,1/23/2021 2:54,Service Completed,Resolved,2020-12-03 02:53:00,176635,101004426649,2020-12-03,2:53,2021-01-23,2:54
176630-101004426589,Tree Removal,Parks and Recreation,15827 IRONFORK DR,1/23/2021 2:11,Service Completed,Resolved,2020-12-03 02:10:00,176630,101004426589,2020-12-03,2:10,2021-01-23,2:11
101004426496,Tree Trim,Parks and Recreation,396 W LOOP FWY N&8596 MEMORIAL DR,2/15/2021 20:10,Service Completed,Resolved,2020-12-02 20:09:00, ,101004426496,2020-12-02,20:09,2021-02-15,20:10
101004426300,Tree Trim,Parks and Recreation,15534 WINTER BRIAR DR,2/15/2021 10:40,Service Completed,Resolved,2020-12-02 10:39:00, ,101004426300,2020-12-02,10:39,2021-02-15,10:40
101004426206,Tree Trim,Parks and Recreation,8618 FERRIS DR,2/15/2021 9:29,Service Completed,Resolved,2020-12-02 09:28:00, ,101004426206,2020-12-02,9:28,2021-02-15,9:29
176627-101004426139,Tree Trim,Parks and Recreation,3120 ARKANSAS ST&3300 ROLAND ST,2/15/2021 8:44,Service Completed,Resolved,2020-12-02 08:43:00,176627,101004426139,2020-12-02,8:43,2021-02-15,8:44
176626-101004426136,Tree Trim,Parks and Recreation,5603 PORTAL DR,2/15/2021 8:43,Service Completed,Resolved,2020-12-02 08:42:00,176626,101004426136,2020-12-02,8:42,2021-02-15,8:43
176625-101004426104,Tree Trim,Parks and Recreation,7203 FINCH ST,2/15/2021 8:23,Service Completed,Resolved,2020-12-02 08:22:00,176625,101004426104,2020-12-02,8:22,2021-02-15,8:23
176624-101004426082,Tree Trim,Parks and Recreation,4807 WEAVER RD,2/15/2021 8:09,Service Completed,Resolved,2020-12-02 08:08:00,176624,101004426082,2020-12-02,8:08,2021-02-15,8:09
176620-101004425870,Tree Trim,Parks and Recreation,3300 FRANCIS ST&3326 NETTLETON ST,2/15/2021 6:05,Service Completed,Resolved,2020-12-02 06:04:00,176620,101004425870,2020-12-02,6:04,2021-02-15,6:05
101004425860,Tree Stump Grinding,Parks and Recreation,3103 VIRGINIA ST,3/28/2021 6:59,Service Completed,Resolved,2020-12-02 05:58:00, ,101004425860,2020-12-02,5:58,2021-03-28,6:59
176618-101004425614,Tree Trim,Parks and Recreation,7400 ANTOINE DR&7400 DEEP FOREST DR&5700 MAPLE HILL DR,2/15/2021 4:10,Service Completed,Resolved,2020-12-02 04:09:00,176618,101004425614,2020-12-02,4:09,2021-02-15,4:10
176617-101004425602,Tree Removal,Parks and Recreation,13210 LAND RD,1/22/2021 4:03,Service Completed,Resolved,2020-12-02 04:02:00,176617,101004425602,2020-12-02,4:02,2021-01-22,4:03
176612-101004425084,Tree Removal,Parks and Recreation,2500 FOREST GARDEN DR&4800 KINGWOOD DR,1/21/2021 10:59,Service Completed,Resolved,2020-12-01 10:58:00,176612,101004425084,2020-12-01,10:58,2021-01-21,10:59
176611-101004425077,Tree Removal,Parks and Recreation,15534 WINTER BRIAR DR,1/21/2021 10:54,Service Completed,Resolved,2020-12-01 10:53:00,176611,101004425077,2020-12-01,10:53,2021-01-21,10:54
176610-101004425052,Tree Removal,Parks and Recreation,4216 AIRLINE DR,1/21/2021 10:33,Service Completed,Resolved,2020-12-01 10:32:00,176610,101004425052,2020-12-01,10:32,2021-01-21,10:33
101004424904,Tree Removal,Parks and Recreation,13800 WESTERLOCH DR,1/21/2021 9:04,Service Completed,Resolved,2020-12-01 09:03:00, ,101004424904,2020-12-01,9:03,2021-01-21,9:04
176606-101004424596,Tree Removal,Parks and Recreation,8218 AVERT CT,1/21/2021 6:21,Service Completed,Resolved,2020-12-01 06:20:00,176606,101004424596,2020-12-01,6:20,2021-01-21,6:21
176605-101004424582,Tree Removal,Parks and Recreation,2218 ANN ST,1/21/2021 6:13,Service Completed,Resolved,2020-12-01 06:12:00,176605,101004424582,2020-12-01,6:12,2021-01-21,6:13
101004424528,Tree Removal,Parks and Recreation,6603 MAYBANK DR,1/21/2021 5:46,Service Completed,Resolved,2020-12-01 05:45:00, ,101004424528,2020-12-01,5:45,2021-01-21,5:46
176603-101004424476,Tree Trim,Parks and Recreation,4036 CASTOR ST,2/14/2021 5:23,Service Completed,Resolved,2020-12-01 05:22:00,176603,101004424476,2020-12-01,5:22,2021-02-14,5:23
176602-101004424472,Tree Stump Grinding,Parks and Recreation,4036 CASTOR ST,3/27/2021 6:22,Service Completed,Resolved,2020-12-01 05:21:00,176602,101004424472,2020-12-01,5:21,2021-03-27,6:22
176601-101004424408,Tree Removal,Parks and Recreation,3801 KOEHLER ST,1/21/2021 4:56,Service Completed,Resolved,2020-12-01 04:55:00,176601,101004424408,2020-12-01,4:55,2021-01-21,4:56
176599-101004424267,Tree Removal,Parks and Recreation,3602 TRAILWOOD DR,1/21/2021 3:52,Service Completed,Resolved,2020-12-01 03:51:00,176599,101004424267,2020-12-01,3:51,2021-01-21,3:52
101004424231,Tree Trim,Parks and Recreation,13245 FONDREN RD,2/14/2021 3:34,Service Completed,Resolved,2020-12-01 03:33:00, ,101004424231,2020-12-01,3:33,2021-02-14,3:34
101004424026,Tree Trim,Parks and Recreation,8300 LANGDON LN&7900 MARY BATES BLVD,2/14/2021 1:13,Service Completed,Resolved,2020-12-01 01:12:00, ,101004424026,2020-12-01,1:12,2021-02-14,1:13
101004423632,Tree Trim,Parks and Recreation,3737 SYNOTT RD,2/13/2021 9:29,Service Completed,Resolved,2020-11-30 09:28:00, ,101004423632,2020-11-30,9:28,2021-02-13,9:29
176591-101004423521,Tree Trim,Parks and Recreation,4315 HAIN ST,2/13/2021 8:33,Service Completed,Resolved,2020-11-30 08:32:00,176591,101004423521,2020-11-30,8:32,2021-02-13,8:33
176590-101004423506,Tree Trim,Parks and Recreation,8560 GULF FWY,2/13/2021 8:26,Service Completed,Resolved,2020-11-30 08:25:00,176590,101004423506,2020-11-30,8:25,2021-02-13,8:26
101004423367,Tree Removal,Parks and Recreation,908 KIPLING ST,1/20/2021 7:18,Service Completed,Resolved,2020-11-30 07:17:00, ,101004423367,2020-11-30,7:17,2021-01-20,7:18
101004423323,Tree Removal,Parks and Recreation,4801 AVENUE H,1/20/2021 6:43,Service Completed,Resolved,2020-11-30 06:42:00, ,101004423323,2020-11-30,6:42,2021-01-20,6:43
101004423237,Tree Removal,Parks and Recreation,7006 SANTA MARIA ST,1/20/2021 5:59,Service Completed,Resolved,2020-11-30 05:58:00, ,101004423237,2020-11-30,5:58,2021-01-20,5:59
101004423232,Tree Removal,Parks and Recreation,,1/20/2021 5:55,Service Completed,Resolved,2020-11-30 05:54:00, ,101004423232,2020-11-30,5:54,2021-01-20,5:55
101004423222,Tree Removal,Parks and Recreation,7019 LACY HILL DR,1/20/2021 5:50,Service Completed,Resolved,2020-11-30 05:49:00, ,101004423222,2020-11-30,5:49,2021-01-20,5:50
176586-101004423154,Tree Removal,Parks and Recreation,4826 DE MILO DR,1/20/2021 5:11,Service Completed,Resolved,2020-11-30 05:10:00,176586,101004423154,2020-11-30,5:10,2021-01-20,5:11
176585-101004423111,Tree Removal,Parks and Recreation,4701 ANDERSON RD,1/20/2021 4:46,Service Completed,Resolved,2020-11-30 04:45:00,176585,101004423111,2020-11-30,4:45,2021-01-20,4:46
176583-101004422976,Tree Trim,Parks and Recreation,7302 RIDGE OAK DR,2/13/2021 3:36,Service Completed,Resolved,2020-11-30 03:35:00,176583,101004422976,2020-11-30,3:35,2021-02-13,3:36
101004422122,Tree Removal,Parks and Recreation,7002 ROSWELL ST,1/18/2021 12:16,Service Completed,Resolved,2020-11-28 12:15:00, ,101004422122,2020-11-28,12:15,2021-01-18,12:16
101004422103,Tree Removal,Parks and Recreation,12619 ASHFORD HILLS DR,1/18/2021 11:35,Service Completed,Resolved,2020-11-28 11:34:00, ,101004422103,2020-11-28,11:34,2021-01-18,11:35
101004421981,Tree Trim,Parks and Recreation,1800 EVERGREEN DR&7100 JAPONICA ST,2/11/2021 8:36,Service Completed,Resolved,2020-11-28 08:35:00, ,101004421981,2020-11-28,8:35,2021-02-11,8:36
101004421770,Tree Removal,Parks and Recreation,5845 SOUTHLEA ST,1/18/2021 4:46,Service Completed,Resolved,2020-11-28 04:45:00, ,101004421770,2020-11-28,4:45,2021-01-18,4:46
176576-101004421381,Tree Removal,Parks and Recreation,6602 MAYBANK DR,1/17/2021 10:04,Service Completed,Resolved,2020-11-27 10:03:00,176576,101004421381,2020-11-27,10:03,2021-01-17,10:04
176575-101004421303,Tree Trim,Parks and Recreation,2016 WELLINGTON ST,2/10/2021 9:08,Service Completed,Resolved,2020-11-27 09:07:00,176575,101004421303,2020-11-27,9:07,2021-02-10,9:08
101004421049,Tree Trim,Parks and Recreation,7323 KRUEGER RD,2/10/2021 5:40,Service Completed,Resolved,2020-11-27 05:39:00, ,101004421049,2020-11-27,5:39,2021-02-10,5:40
176573-101004420934,Tree Trim,Parks and Recreation,3118 SAN JACINTO ST,2/10/2021 4:18,Service Completed,Resolved,2020-11-27 04:17:00,176573,101004420934,2020-11-27,4:17,2021-02-10,4:18
101004420909,Tree Trim,Parks and Recreation,13434 TOWNWOOD DR,2/10/2021 3:55,Service Completed,Resolved,2020-11-27 03:54:00, ,101004420909,2020-11-27,3:54,2021-02-10,3:55
101004420797,Tree Trim,Parks and Recreation,396 W LOOP FWY N&8596 MEMORIAL DR,2/9/2021 18:45,Service Completed,Resolved,2020-11-26 18:44:00, ,101004420797,2020-11-26,18:44,2021-02-09,18:45
101004420725,Tree Trim,Parks and Recreation,4111 KEWANEE ST,2/9/2021 10:01,Service Completed,Resolved,2020-11-26 10:00:00, ,101004420725,2020-11-26,10:00,2021-02-09,10:01
101004420695,Tree Trim,Parks and Recreation,3507 COLLEEN WOODS CIR,2/9/2021 8:14,Service Completed,Resolved,2020-11-26 08:13:00, ,101004420695,2020-11-26,8:13,2021-02-09,8:14
176568-101004420221,Tree Trim,Parks and Recreation,4303 WILLOW BEACH DR,2/8/2021 9:00,Service Completed,Resolved,2020-11-25 08:59:00,176568,101004420221,2020-11-25,8:59,2021-02-08,9:00
176567-101004420051,Tree Removal,Parks and Recreation,11500 RICHMOND AVE&3100 WOODLAND PARK DR ,1/15/2021 6:59,Service Completed,Resolved,2020-11-25 06:58:00,176567,101004420051,2020-11-25,6:58,2021-01-15,6:59
176561-101004419770,Tree Trim,Parks and Recreation,424 CRESTWOOD DR,2/8/2021 3:50,Service Completed,Resolved,2020-11-25 03:49:00,176561,101004419770,2020-11-25,3:49,2021-02-08,3:50
176560-101004419731,Tree Trim,Parks and Recreation,9600 BEVERLY HILL ST&3276 S GESSNER RD,2/8/2021 3:23,Service Completed,Resolved,2020-11-25 03:22:00,176560,101004419731,2020-11-25,3:22,2021-02-08,3:23
101004419572,Tree Trim,Parks and Recreation,3100 NAVIGATION BLVD&220 N PALMER ST,2/8/2021 1:12,Service Completed,Resolved,2020-11-25 01:11:00, ,101004419572,2020-11-25,1:11,2021-02-08,1:12
176551-101004418890,Tree Trim,Parks and Recreation,900 S 7TH ST&800 W H ST,2/7/2021 7:27,Service Completed,Resolved,2020-11-24 07:26:00,176551,101004418890,2020-11-24,7:26,2021-02-07,7:27
176549-101004418860,Tree Removal,Parks and Recreation,11101 GESSNER RD,1/14/2021 7:13,Service Completed,Resolved,2020-11-24 07:12:00,176549,101004418860,2020-11-24,7:12,2021-01-14,7:13
176548-101004418699,Tree Trim,Parks and Recreation,3000 ALTUS DR&10940 BUFFUM ST,2/7/2021 5:48,Service Completed,Resolved,2020-11-24 05:47:00,176548,101004418699,2020-11-24,5:47,2021-02-07,5:48
101004418497,Tree Removal,Parks and Recreation,7634 ERATH ST,1/14/2021 4:01,Service Completed,Resolved,2020-11-24 04:00:00, ,101004418497,2020-11-24,4:00,2021-01-14,4:01
176546-101004418302,Tree Trim,Parks and Recreation,7220 AVENUE L,2/7/2021 2:17,Service Completed,Resolved,2020-11-24 02:16:00,176546,101004418302,2020-11-24,2:16,2021-02-07,2:17
176543-101004418228,Tree Trim,Parks and Recreation,1300 FRAWLEY ST&4600 GANO ST,2/7/2021 1:09,Service Completed,Resolved,2020-11-24 01:08:00,176543,101004418228,2020-11-24,1:08,2021-02-07,1:09
101004418225,Tree Trim,Parks and Recreation,1300 FRAWLEY ST&4600 GANO ST,2/7/2021 1:03,Service Completed,Resolved,2020-11-24 01:02:00, ,101004418225,2020-11-24,1:02,2021-02-07,1:03
101004418216,Tree Trim,Parks and Recreation,11019 HILLCROFT AVE,2/7/2021 0:04,Service Completed,Resolved,2020-11-24 00:03:00, ,101004418216,2020-11-24,0:03,2021-02-07,0:04
101004407880,Tree Trim,Parks and Recreation,1300 FRAWLEY ST&4600 GANO ST,2/6/2021 9:39,Service Completed,Resolved,2020-11-23 09:38:00, ,101004407880,2020-11-23,9:38,2021-02-06,9:39
101004407857,Tree Trim,Parks and Recreation,1300 FRAWLEY ST&4600 GANO ST,2/6/2021 9:29,Service Completed,Resolved,2020-11-23 09:28:00, ,101004407857,2020-11-23,9:28,2021-02-06,9:29
176537-101004407761,Tree Trim,Parks and Recreation,4823 COURT RD,2/6/2021 8:53,Service Completed,Resolved,2020-11-23 08:52:00,176537,101004407761,2020-11-23,8:52,2021-02-06,8:53
176536-101004407739,Tree Planting,Parks and Recreation,5711 DUMFRIES DR,12/18/2020 8:48,Service Completed,Resolved,2020-11-23 08:47:00,176536,101004407739,2020-11-23,8:47,2020-12-18,8:48
101004407707,Tree Trim,Parks and Recreation,221 E 30TH ST,2/6/2021 8:34,Service Completed,Resolved,2020-11-23 08:33:00, ,101004407707,2020-11-23,8:33,2021-02-06,8:34
176534-101004407411,Tree Trim,Parks and Recreation,1600 INDIANA ST&2100 YUPON ST,2/6/2021 6:07,Service Completed,Resolved,2020-11-23 06:06:00,176534,101004407411,2020-11-23,6:06,2021-02-06,6:07
101004407405,Tree Trim,Parks and Recreation,8305 PARK TER,2/6/2021 6:05,Service Completed,Resolved,2020-11-23 06:04:00, ,101004407405,2020-11-23,6:04,2021-02-06,6:05
101004407392,Tree Trim,Parks and Recreation,8305 PARK TER,2/6/2021 6:01,Service Completed,Resolved,2020-11-23 06:00:00, ,101004407392,2020-11-23,6:00,2021-02-06,6:01
101004407367,Tree Removal,Parks and Recreation,6908 APOLLO ST,1/13/2021 5:49,Service Completed,Resolved,2020-11-23 05:48:00, ,101004407367,2020-11-23,5:48,2021-01-13,5:49
101004407364,Tree Removal,Parks and Recreation,7905 WESTWOOD DR,1/13/2021 5:48,Service Completed,Resolved,2020-11-23 05:47:00, ,101004407364,2020-11-23,5:47,2021-01-13,5:48
176531-101004407240,Tree Removal,Parks and Recreation,4909 CRAWFORD ST,1/13/2021 4:45,Service Completed,Resolved,2020-11-23 04:44:00,176531,101004407240,2020-11-23,4:44,2021-01-13,4:45
101004407208,Tree Trim,Parks and Recreation,1300 FRAWLEY ST&4600 GANO ST,2/6/2021 4:29,Service Completed,Resolved,2020-11-23 04:28:00, ,101004407208,2020-11-23,4:28,2021-02-06,4:29
176528-101004407009,Tree Trim,Parks and Recreation,12703 CORONA LN,2/6/2021 2:48,Service Completed,Resolved,2020-11-23 02:47:00,176528,101004407009,2020-11-23,2:47,2021-02-06,2:48
101004406888,Tree Trim,Parks and Recreation,5223 BEECHNUT ST,2/5/2021 17:03,Service Completed,Resolved,2020-11-22 17:02:00, ,101004406888,2020-11-22,17:02,2021-02-05,17:03
101004406791,Tree Removal,Parks and Recreation,2301 SAN JACINTO ST,1/12/2021 12:00,Service Completed,Resolved,2020-11-22 11:59:00, ,101004406791,2020-11-22,11:59,2021-01-12,12:00
101004406675,Tree Trim,Parks and Recreation,3507 COLLEEN WOODS CIR,2/5/2021 7:49,Service Completed,Resolved,2020-11-22 07:48:00, ,101004406675,2020-11-22,7:48,2021-02-05,7:49
101004406640,Tree Trim,Parks and Recreation,2019 PATTERSON ST,2/5/2021 6:58,Service Completed,Resolved,2020-11-22 06:57:00, ,101004406640,2020-11-22,6:57,2021-02-05,6:58
101004406391,Tree Trim,Parks and Recreation,912 COHN ST,2/4/2021 17:27,Service Completed,Resolved,2020-11-21 17:26:00, ,101004406391,2020-11-21,17:26,2021-02-04,17:27
101004406272,Tree Removal,Parks and Recreation,3400 BELLFORT ST&8400 PARNELL ST,1/11/2021 9:53,Service Completed,Resolved,2020-11-21 09:52:00, ,101004406272,2020-11-21,9:52,2021-01-11,9:53
101004405908,Tree Removal,Parks and Recreation,2000 N MACGREGOR WAY,1/10/2021 23:56,Service Completed,Resolved,2020-11-20 23:55:00, ,101004405908,2020-11-20,23:55,2021-01-10,23:56
176522-101004405808,Tree Trim,Parks and Recreation,821 W 30TH ST,2/3/2021 16:21,Service Completed,Resolved,2020-11-20 16:20:00,176522,101004405808,2020-11-20,16:20,2021-02-03,16:21
101004405801,Tree Removal,Parks and Recreation,4100 HILLCROFT AVE&7700 WESTPARK DR,1/10/2021 15:44,Service Completed,Resolved,2020-11-20 15:43:00, ,101004405801,2020-11-20,15:43,2021-01-10,15:44
101004405209,Tree Removal,Parks and Recreation,2771 ESSEX TER,1/10/2021 6:22,Service Completed,Resolved,2020-11-20 06:21:00, ,101004405209,2020-11-20,6:21,2021-01-10,6:22
176517-101004405139,Tree Removal,Parks and Recreation,503 MARIE ST,1/10/2021 5:46,Service Completed,Resolved,2020-11-20 05:45:00,176517,101004405139,2020-11-20,5:45,2021-01-10,5:46
176516-101004405047,Tree Removal,Parks and Recreation,4934 BROOM ST,1/10/2021 5:05,Service Completed,Resolved,2020-11-20 05:04:00,176516,101004405047,2020-11-20,5:04,2021-01-10,5:05
176515-101004404940,Tree Removal,Parks and Recreation,100 E 11TH ST&100 W 11TH ST&1100 HEIGHTS BLVD ,1/10/2021 4:19,Service Completed,Resolved,2020-11-20 04:18:00,176515,101004404940,2020-11-20,4:18,2021-01-10,4:19
176513-101004404838,Tree Removal,Parks and Recreation,643 SHAWNEE ST,1/10/2021 3:20,Service Completed,Resolved,2020-11-20 03:19:00,176513,101004404838,2020-11-20,3:19,2021-01-10,3:20
176510-101004404705,Tree Trim,Parks and Recreation,13210 LAND RD,2/3/2021 1:40,Service Completed,Resolved,2020-11-20 01:39:00,176510,101004404705,2020-11-20,1:39,2021-02-03,1:40
176505-101004404456,Tree Trim,Parks and Recreation,3303 THEYSEN CIR,2/2/2021 11:04,Service Completed,Resolved,2020-11-19 11:03:00,176505,101004404456,2020-11-19,11:03,2021-02-02,11:04
176503-101004404350,Tree Removal,Parks and Recreation,7607 FIR ST,1/9/2021 9:51,Service Completed,Resolved,2020-11-19 09:50:00,176503,101004404350,2020-11-19,9:50,2021-01-09,9:51
101004404262,Tree Removal,Parks and Recreation,10006 CEDARDALE DR,1/9/2021 9:13,Service Completed,Resolved,2020-11-19 09:12:00, ,101004404262,2020-11-19,9:12,2021-01-09,9:13
101004403909,Tree Removal,Parks and Recreation,9001 KEMPWOOD DR,1/9/2021 5:53,Service Completed,Resolved,2020-11-19 05:52:00, ,101004403909,2020-11-19,5:52,2021-01-09,5:53
176499-101004403568,Tree Trim,Parks and Recreation,124 LITTLE YORK RD,2/2/2021 3:01,Service Completed,Resolved,2020-11-19 03:00:00,176499,101004403568,2020-11-19,3:00,2021-02-02,3:01
176498-101004403564,Tree Trim,Parks and Recreation,4400 EIGEL ST,2/2/2021 2:59,Service Completed,Resolved,2020-11-19 02:58:00,176498,101004403564,2020-11-19,2:58,2021-02-02,2:59
176494-101004403414,Tree Trim,Parks and Recreation,301 E COWAN DR,2/1/2021 23:01,Service Completed,Resolved,2020-11-18 23:00:00,176494,101004403414,2020-11-18,23:00,2021-02-01,23:01
101004403407,Tree Trim,Parks and Recreation,10719 CHEVY CHASE DR,2/1/2021 22:41,Service Completed,Resolved,2020-11-18 22:40:00, ,101004403407,2020-11-18,22:40,2021-02-01,22:41
176492-101004403260,Tree Trim,Parks and Recreation,3901 PINEMONT DR,2/1/2021 12:37,Service Completed,Resolved,2020-11-18 12:36:00,176492,101004403260,2020-11-18,12:36,2021-02-01,12:37
176491-101004403142,Tree Trim,Parks and Recreation,12222 BISSONNET ST,2/1/2021 10:51,Service Completed,Resolved,2020-11-18 10:50:00,176491,101004403142,2020-11-18,10:50,2021-02-01,10:51
176490-101004403035,Tree Trim,Parks and Recreation,1046 EASTLAKE ST,2/1/2021 9:19,Service Completed,Resolved,2020-11-18 09:18:00,176490,101004403035,2020-11-18,9:18,2021-02-01,9:19
176488-101004402976,Tree Removal,Parks and Recreation,3401 N SHEPHERD DR,1/8/2021 8:40,Service Completed,Resolved,2020-11-18 08:39:00,176488,101004402976,2020-11-18,8:39,2021-01-08,8:40
176484-101004402757,Tree Trim,Parks and Recreation,7902 SINFONIA DR,2/1/2021 6:33,Service Completed,Resolved,2020-11-18 06:32:00,176484,101004402757,2020-11-18,6:32,2021-02-01,6:33
176483-101004402679,Tree Trim,Parks and Recreation,410 HOFFMAN ST,2/1/2021 5:50,Service Completed,Resolved,2020-11-18 05:49:00,176483,101004402679,2020-11-18,5:49,2021-02-01,5:50
176482-101004402655,Tree Trim,Parks and Recreation,10126 KIRKDALE DR,2/1/2021 5:36,Service Completed,Resolved,2020-11-18 05:35:00,176482,101004402655,2020-11-18,5:35,2021-02-01,5:36
176481-101004402653,Tree Trim,Parks and Recreation,4411 NOBLE ST,2/1/2021 5:34,Service Completed,Resolved,2020-11-18 05:33:00,176481,101004402653,2020-11-18,5:33,2021-02-01,5:34
176480-101004402575,Tree Trim,Parks and Recreation,200 QUITMAN ST&2300 SOUTH ST,2/1/2021 4:49,Service Completed,Resolved,2020-11-18 04:48:00,176480,101004402575,2020-11-18,4:48,2021-02-01,4:49
176478-101004402492,Tree Trim,Parks and Recreation,10614 BENTLEY ST,2/1/2021 4:14,Service Completed,Resolved,2020-11-18 04:13:00,176478,101004402492,2020-11-18,4:13,2021-02-01,4:14
176476-101004402484,Tree Trim,Parks and Recreation,12600 ASHCLIFT DR&3100 ASHLOCK DR,2/1/2021 4:09,Service Completed,Resolved,2020-11-18 04:08:00,176476,101004402484,2020-11-18,4:08,2021-02-01,4:09
176475-101004402467,Tree Removal,Parks and Recreation,8025 CHATEAU ST,1/8/2021 4:00,Service Completed,Resolved,2020-11-18 03:59:00,176475,101004402467,2020-11-18,3:59,2021-01-08,4:00
101004402384,Tree Trim,Parks and Recreation,3822 OLD SPANISH TRL,2/1/2021 3:24,Service Completed,Resolved,2020-11-18 03:23:00, ,101004402384,2020-11-18,3:23,2021-02-01,3:24
176468-101004402040,Tree Trim,Parks and Recreation,7327 DARIEN ST,1/31/2021 12:02,Service Completed,Resolved,2020-11-17 12:01:00,176468,101004402040,2020-11-17,12:01,2021-01-31,12:02
176467-101004401598,Tree Removal,Parks and Recreation,2103 FLAGSTONE TER,1/7/2021 7:49,Service Completed,Resolved,2020-11-17 07:48:00,176467,101004401598,2020-11-17,7:48,2021-01-07,7:49
176462-101004401241,Tree Trim,Parks and Recreation,3211 ROCKYRIDGE DR,1/31/2021 4:50,Service Completed,Resolved,2020-11-17 04:49:00,176462,101004401241,2020-11-17,4:49,2021-01-31,4:50
176458-101004400952,Tree Trim,Parks and Recreation,4001 RANKIN RD,1/31/2021 2:08,Service Completed,Resolved,2020-11-17 02:07:00,176458,101004400952,2020-11-17,2:07,2021-01-31,2:08
176457-101004400943,Tree Trim,Parks and Recreation,5690 RANKIN RD,1/31/2021 2:03,Service Completed,Resolved,2020-11-17 02:02:00,176457,101004400943,2020-11-17,2:02,2021-01-31,2:03
176456-101004400929,Tree Trim,Parks and Recreation,10515 MAIN ST,1/31/2021 1:51,Service Completed,Resolved,2020-11-17 01:50:00,176456,101004400929,2020-11-17,1:50,2021-01-31,1:51
176455-101004400914,Tree Trim,Parks and Recreation,932 RAMADA DR&16600 SEA LARK RD,1/31/2021 1:25,Service Completed,Resolved,2020-11-17 01:24:00,176455,101004400914,2020-11-17,1:24,2021-01-31,1:25
176453-101004400776,Tree Trim,Parks and Recreation,2625 REED RD,1/30/2021 16:23,Service Completed,Resolved,2020-11-16 16:22:00,176453,101004400776,2020-11-16,16:22,2021-01-30,16:23
176447-101004400347,Tree Removal,Parks and Recreation,1117 COLUMBIA ST,1/6/2021 8:41,Service Completed,Resolved,2020-11-16 08:40:00,176447,101004400347,2020-11-16,8:40,2021-01-06,8:41
176445-101004400291,Tree Trim,Parks and Recreation,7514 DIXIE DR,1/30/2021 8:11,Service Completed,Resolved,2020-11-16 08:10:00,176445,101004400291,2020-11-16,8:10,2021-01-30,8:11
176443-101004400290,Tree Trim,Parks and Recreation,14800 BATHURST DR&3900 SMOOTH OAK LN,1/30/2021 8:10,Service Completed,Resolved,2020-11-16 08:09:00,176443,101004400290,2020-11-16,8:09,2021-01-30,8:10
176442-101004399965,Tree Trim,Parks and Recreation,4915 KELSO ST,1/30/2021 5:15,Service Completed,Resolved,2020-11-16 05:14:00,176442,101004399965,2020-11-16,5:14,2021-01-30,5:15
176441-101004399916,Tree Trim,Parks and Recreation,9640 S WILCREST DR,1/30/2021 4:56,Service Completed,Resolved,2020-11-16 04:55:00,176441,101004399916,2020-11-16,4:55,2021-01-30,4:56
176440-101004399836,Tree Removal,Parks and Recreation,7300 BROWNSVILLE ST&418 PORT ST,1/6/2021 4:16,Service Completed,Resolved,2020-11-16 04:15:00,176440,101004399836,2020-11-16,4:15,2021-01-06,4:16
176436-101004399344,Tree Trim,Parks and Recreation,1649 HAROLD ST,1/29/2021 5:16,Service Completed,Resolved,2020-11-15 05:15:00,176436,101004399344,2020-11-15,5:15,2021-01-29,5:16
101004399277,Tree Removal,Parks and Recreation,2319 TANGLEY ST,1/5/2021 3:18,Service Completed,Resolved,2020-11-15 03:17:00, ,101004399277,2020-11-15,3:17,2021-01-05,3:18
101004399264,Tree Trim,Parks and Recreation,11306 MURR WAY,1/29/2021 2:31,Service Completed,Resolved,2020-11-15 02:30:00, ,101004399264,2020-11-15,2:30,2021-01-29,2:31
101004399258,Tree Removal,Parks and Recreation,3410 ALMINGTON LN,1/5/2021 2:17,Service Completed,Resolved,2020-11-15 02:16:00, ,101004399258,2020-11-15,2:16,2021-01-05,2:17
101004399253,Tree Removal,Parks and Recreation,5000 GREENBRIAR DR&2300 ROBINHOOD ST,1/5/2021 1:19,Service Completed,Resolved,2020-11-15 01:18:00, ,101004399253,2020-11-15,1:18,2021-01-05,1:19
176431-101004399199,Tree Removal,Parks and Recreation,1117 COLUMBIA ST,1/4/2021 18:11,Service Completed,Resolved,2020-11-14 18:10:00,176431,101004399199,2020-11-14,18:10,2021-01-04,18:11
176430-101004398887,Tree Removal,Parks and Recreation,1816 BANKS ST,1/4/2021 6:42,Service Completed,Resolved,2020-11-14 06:41:00,176430,101004398887,2020-11-14,6:41,2021-01-04,6:42
176429-101004398865,Tree Removal,Parks and Recreation,3030 S GESSNER RD&9600 MEADOWBRIAR LN,1/4/2021 6:03,Service Completed,Resolved,2020-11-14 06:02:00,176429,101004398865,2020-11-14,6:02,2021-01-04,6:03
176428-101004398802,Tree Removal,Parks and Recreation,4922 PRAIRIE RIDGE RD,1/4/2021 4:50,Service Completed,Resolved,2020-11-14 04:49:00,176428,101004398802,2020-11-14,4:49,2021-01-04,4:50
176427-101004398657,Tree Code Violation,Parks and Recreation,300 W POLK ST&1200 STANFORD ST,1/4/2021 21:56,Service Completed,Resolved,2020-11-13 21:55:00,176427,101004398657,2020-11-13,21:55,2021-01-04,21:56
101004398656,Tree Removal,Parks and Recreation,300 W POLK ST&1200 STANFORD ST,1/3/2021 21:55,Service Completed,Resolved,2020-11-13 21:54:00, ,101004398656,2020-11-13,21:54,2021-01-03,21:55
176424-101004398469,Tree Trim,Parks and Recreation,8500 CHIMNEY ROCK RD&5300 DARNELL ST,1/27/2021 12:26,Service Completed,Resolved,2020-11-13 12:25:00,176424,101004398469,2020-11-13,12:25,2021-01-27,12:26
176423-101004398204,Tree Removal,Parks and Recreation,6509 EASTLAND ST,1/3/2021 9:03,Service Completed,Resolved,2020-11-13 09:02:00,176423,101004398204,2020-11-13,9:02,2021-01-03,9:03
176422-101004398110,Tree Trim,Parks and Recreation,1103 WALTON ST,1/27/2021 8:30,Service Completed,Resolved,2020-11-13 08:29:00,176422,101004398110,2020-11-13,8:29,2021-01-27,8:30
176421-101004398003,Tree Trim,Parks and Recreation,2827 HOHL ST,1/27/2021 7:31,Service Completed,Resolved,2020-11-13 07:30:00,176421,101004398003,2020-11-13,7:30,2021-01-27,7:31
176418-101004397911,Tree Removal,Parks and Recreation,7154 CURRY RD,1/3/2021 6:44,Service Completed,Resolved,2020-11-13 06:43:00,176418,101004397911,2020-11-13,6:43,2021-01-03,6:44
176417-101004397900,Tree Removal,Parks and Recreation,6318 HAMBLEN DR,1/3/2021 6:40,Service Completed,Resolved,2020-11-13 06:39:00,176417,101004397900,2020-11-13,6:39,2021-01-03,6:40
176416-101004397871,Tree Removal,Parks and Recreation,3210 ORANGE ST,1/3/2021 6:31,Service Completed,Resolved,2020-11-13 06:30:00,176416,101004397871,2020-11-13,6:30,2021-01-03,6:31
176415-101004397772,Tree Trim,Parks and Recreation,3374 BOYNTON DR,1/27/2021 5:53,Service Completed,Resolved,2020-11-13 05:52:00,176415,101004397772,2020-11-13,5:52,2021-01-27,5:53
176411-101004397518,Tree Trim,Parks and Recreation,6600 CORPORATE DR,1/27/2021 3:37,Service Completed,Resolved,2020-11-13 03:36:00,176411,101004397518,2020-11-13,3:36,2021-01-27,3:37
176410-101004397417,Tree Trim,Parks and Recreation,724 ALLSTON ST,1/27/2021 2:39,Service Completed,Resolved,2020-11-13 02:38:00,176410,101004397417,2020-11-13,2:38,2021-01-27,2:39
176409-101004397414,Tree Removal,Parks and Recreation,726 ALLSTON ST,1/3/2021 2:37,Service Completed,Resolved,2020-11-13 02:36:00,176409,101004397414,2020-11-13,2:36,2021-01-03,2:37
176408-101004397404,Tree Trim,Parks and Recreation,428 HAWTHORNE ST,1/27/2021 2:28,Service Completed,Resolved,2020-11-13 02:27:00,176408,101004397404,2020-11-13,2:27,2021-01-27,2:28
176405-101004397318,Tree Trim,Parks and Recreation,4301 WESTPARK DR,1/26/2021 23:26,Service Completed,Resolved,2020-11-12 23:25:00,176405,101004397318,2020-11-12,23:25,2021-01-26,23:26
176404-101004397289,Tree Trim,Parks and Recreation,11000 BRAESRIDGE DR&7700 PORTAL DR ,1/26/2021 20:42,Service Completed,Resolved,2020-11-12 20:41:00,176404,101004397289,2020-11-12,20:41,2021-01-26,20:42
176402-101004396709,Tree Trim,Parks and Recreation,2110 MANOR GREEN DR,1/26/2021 9:10,Service Completed,Resolved,2020-11-12 09:09:00,176402,101004396709,2020-11-12,9:09,2021-01-26,9:10
176401-101004396661,Tree Trim,Parks and Recreation,9519 BALSAM LN,1/26/2021 8:52,Service Completed,Resolved,2020-11-12 08:51:00,176401,101004396661,2020-11-12,8:51,2021-01-26,8:52
176400-101004396657,Tree Trim,Parks and Recreation,9300 FONDREN RD&7000 WANDA LN,1/26/2021 8:50,Service Completed,Resolved,2020-11-12 08:49:00,176400,101004396657,2020-11-12,8:49,2021-01-26,8:50
176399-101004396499,Tree Removal,Parks and Recreation,12739 CORNING DR,1/2/2021 7:36,Service Completed,Resolved,2020-11-12 07:35:00,176399,101004396499,2020-11-12,7:35,2021-01-02,7:36
176398-101004396445,Tree Trim,Parks and Recreation,1618 FULTON ST,1/26/2021 7:21,Service Completed,Resolved,2020-11-12 07:20:00,176398,101004396445,2020-11-12,7:20,2021-01-26,7:21
176396-101004396429,Tree Trim,Parks and Recreation,2112 GENTRY ST,1/26/2021 7:11,Service Completed,Resolved,2020-11-12 07:10:00,176396,101004396429,2020-11-12,7:10,2021-01-26,7:11
176395-101004396372,Tree Trim,Parks and Recreation,1500 CROMWELL ST,1/26/2021 6:40,Service Completed,Resolved,2020-11-12 06:39:00,176395,101004396372,2020-11-12,6:39,2021-01-26,6:40
176394-101004396257,Tree Trim,Parks and Recreation,4708 OATS ST,1/26/2021 5:43,Service Completed,Resolved,2020-11-12 05:42:00,176394,101004396257,2020-11-12,5:42,2021-01-26,5:43
176393-101004396256,Tree Trim,Parks and Recreation,5500 W OREM DR&13800 S POST OAK RD,1/26/2021 5:42,Service Completed,Resolved,2020-11-12 05:41:00,176393,101004396256,2020-11-12,5:41,2021-01-26,5:42
176391-101004396186,Tree Trim,Parks and Recreation,16226 LA AVENIDA DR,1/26/2021 5:05,Service Completed,Resolved,2020-11-12 05:04:00,176391,101004396186,2020-11-12,5:04,2021-01-26,5:05
176389-101004396128,Tree Stump Grinding,Parks and Recreation,6106 WESTOVER ST,3/8/2021 4:39,Service Completed,Resolved,2020-11-12 04:38:00,176389,101004396128,2020-11-12,4:38,2021-03-08,4:39
176388-101004396106,Tree Trim,Parks and Recreation,4400 CLAY ST&1400 FASHION ST,1/26/2021 4:28,Service Completed,Resolved,2020-11-12 04:27:00,176388,101004396106,2020-11-12,4:27,2021-01-26,4:28
176387-101004396086,Tree Trim,Parks and Recreation,11227 SAGEMEADOW LN,1/26/2021 4:17,Service Completed,Resolved,2020-11-12 04:16:00,176387,101004396086,2020-11-12,4:16,2021-01-26,4:17
176386-101004396061,Tree Removal,Parks and Recreation,3454 CLEARVIEW VILLA WAY,1/2/2021 4:01,Service Completed,Resolved,2020-11-12 04:00:00,176386,101004396061,2020-11-12,4:00,2021-01-02,4:01
176385-101004396035,Tree Trim,Parks and Recreation,7500 HEREFORD ST&5910 TELEPHONE RD,1/26/2021 3:47,Service Completed,Resolved,2020-11-12 03:46:00,176385,101004396035,2020-11-12,3:46,2021-01-26,3:47
176384-101004395901,Tree Trim,Parks and Recreation,4700 DE MILO DR&4500 MANGUM RD,1/26/2021 2:40,Service Completed,Resolved,2020-11-12 02:39:00,176384,101004395901,2020-11-12,2:39,2021-01-26,2:40
176382-101004395764,Tree Trim,Parks and Recreation,5900 CULLEN BLVD&4424 DU PONT ST,1/25/2021 20:24,Service Completed,Resolved,2020-11-11 20:23:00,176382,101004395764,2020-11-11,20:23,2021-01-25,20:24
101004395554,Tree Removal,Parks and Recreation,6414 GRANDVALE DR,1/1/2021 11:10,Service Completed,Resolved,2020-11-11 11:09:00, ,101004395554,2020-11-11,11:09,2021-01-01,11:10
176377-101004395494,Tree Trim,Parks and Recreation,1246 LORRAINE ST,1/25/2021 10:23,Service Completed,Resolved,2020-11-11 10:22:00,176377,101004395494,2020-11-11,10:22,2021-01-25,10:23
176376-101004395448,Tree Removal,Parks and Recreation,2311 RUNNELS ST,1/1/2021 9:58,Service Completed,Resolved,2020-11-11 09:57:00,176376,101004395448,2020-11-11,9:57,2021-01-01,9:58
176375-101004395397,Tree Trim,Parks and Recreation,5726 ARBOR VITAE DR,1/25/2021 9:16,Service Completed,Resolved,2020-11-11 09:15:00,176375,101004395397,2020-11-11,9:15,2021-01-25,9:16
176374-101004395338,Tree Removal,Parks and Recreation,11322 SAGEBURROW DR,1/1/2021 8:35,Service Completed,Resolved,2020-11-11 08:34:00,176374,101004395338,2020-11-11,8:34,2021-01-01,8:35
176373-101004395307,Tree Trim,Parks and Recreation,7125 DILLON ST,1/25/2021 8:16,Service Completed,Resolved,2020-11-11 08:15:00,176373,101004395307,2020-11-11,8:15,2021-01-25,8:16
176372-101004395043,Tree Trim,Parks and Recreation,1538 BEVIS ST,1/25/2021 4:37,Service Completed,Resolved,2020-11-11 04:36:00,176372,101004395043,2020-11-11,4:36,2021-01-25,4:37
176371-101004395029,Tree Trim,Parks and Recreation,10200 W BELLFORT AVE&11500 KEEGANS RIDGE RD ,1/25/2021 4:19,Service Completed,Resolved,2020-11-11 04:18:00,176371,101004395029,2020-11-11,4:18,2021-01-25,4:19
176370-101004394987,Tree Removal,Parks and Recreation,717 W 39TH ST,1/1/2021 3:44,Service Completed,Resolved,2020-11-11 03:43:00,176370,101004394987,2020-11-11,3:43,2021-01-01,3:44
176367-101004394542,Tree Trim,Parks and Recreation,8300 BRAES BLVD&3800 N BRAESWOOD BLVD&3800 GLEN ARBOR DR,1/24/2021 10:01,Service Completed,Resolved,2020-11-10 10:00:00,176367,101004394542,2020-11-10,10:00,2021-01-24,10:01
176366-101004394410,Tree Trim,Parks and Recreation,15814 RIDGEROE LN,1/24/2021 8:53,Service Completed,Resolved,2020-11-10 08:52:00,176366,101004394410,2020-11-10,8:52,2021-01-24,8:53
176365-101004394194,Tree Trim,Parks and Recreation,2317 DEUTSER ST,1/24/2021 7:01,Service Completed,Resolved,2020-11-10 07:00:00,176365,101004394194,2020-11-10,7:00,2021-01-24,7:01
176363-101004394119,Tree Trim,Parks and Recreation,8803 LYNDONNILLE FALLS LN,1/24/2021 6:29,Service Completed,Resolved,2020-11-10 06:28:00,176363,101004394119,2020-11-10,6:28,2021-01-24,6:29
176360-101004394086,Tree Trim,Parks and Recreation,7029 AVENUE E,1/24/2021 6:15,Service Completed,Resolved,2020-11-10 06:14:00,176360,101004394086,2020-11-10,6:14,2021-01-24,6:15
176358-101004394047,Tree Trim,Parks and Recreation,14839 TUTTLE POINT DR,1/24/2021 5:56,Service Completed,Resolved,2020-11-10 05:55:00,176358,101004394047,2020-11-10,5:55,2021-01-24,5:56
176357-101004393937,Tree Removal,Parks and Recreation,7138 KELLER ST,12/31/2020 4:50,Service Completed,Resolved,2020-11-10 04:49:00,176357,101004393937,2020-11-10,4:49,2020-12-31,4:50
176356-101004393875,Tree Trim,Parks and Recreation,600 COLUMBIA ST&3300 WHITE OAK DR,1/24/2021 4:31,Service Completed,Resolved,2020-11-10 04:30:00,176356,101004393875,2020-11-10,4:30,2021-01-24,4:31
176355-101004393844,Tree Trim,Parks and Recreation,4100 BROADWAY ST&8100 DIXIE DR,1/24/2021 4:10,Service Completed,Resolved,2020-11-10 04:09:00,176355,101004393844,2020-11-10,4:09,2021-01-24,4:10
176354-101004393756,Tree Removal,Parks and Recreation,701 ARLINGTON ST,12/31/2020 3:34,Service Completed,Resolved,2020-11-10 03:33:00,176354,101004393756,2020-11-10,3:33,2020-12-31,3:34
176353-101004393700,Tree Trim,Parks and Recreation,8221 OREBO ST,1/24/2021 3:02,Service Completed,Resolved,2020-11-10 03:01:00,176353,101004393700,2020-11-10,3:01,2021-01-24,3:02
176352-101004393552,Tree Removal,Parks and Recreation,7433 BISSONNET ST,12/31/2020 1:15,Service Completed,Resolved,2020-11-10 01:14:00,176352,101004393552,2020-11-10,1:14,2020-12-31,1:15
101004393547,Tree Removal,Parks and Recreation,,12/31/2020 1:13,Service Completed,Resolved,2020-11-10 01:12:00, ,101004393547,2020-11-10,1:12,2020-12-31,1:13
176349-101004393128,Tree Trim,Parks and Recreation,5202 STUYVESANT LN,1/23/2021 10:11,Service Completed,Resolved,2020-11-09 10:10:00,176349,101004393128,2020-11-09,10:10,2021-01-23,10:11
176348-101004393058,Tree Trim,Parks and Recreation,17406 SUNDROP LN,1/23/2021 9:43,Service Completed,Resolved,2020-11-09 09:42:00,176348,101004393058,2020-11-09,9:42,2021-01-23,9:43
176346-101004393036,Tree Trim,Parks and Recreation,2802 SOCKEYE DR,1/23/2021 9:33,Service Completed,Resolved,2020-11-09 09:32:00,176346,101004393036,2020-11-09,9:32,2021-01-23,9:33
176341-101004393014,Tree Trim,Parks and Recreation,7101 RENWICK DR,1/23/2021 9:22,Service Completed,Resolved,2020-11-09 09:21:00,176341,101004393014,2020-11-09,9:21,2021-01-23,9:22
176339-101004392846,Tree Trim,Parks and Recreation,9000 BOB WHITE DR&6300 REAMER ST,1/23/2021 8:12,Service Completed,Resolved,2020-11-09 08:11:00,176339,101004392846,2020-11-09,8:11,2021-01-23,8:12
176338-101004392716,Tree Code Violation,Parks and Recreation,4022 BADEN ST&100 IRENE ST,12/31/2020 7:09,Service Completed,Resolved,2020-11-09 07:08:00,176338,101004392716,2020-11-09,7:08,2020-12-31,7:09
176337-101004392552,Tree Trim,Parks and Recreation,10000 LONG POINT RD&1400 WITTE RD ,1/23/2021 5:58,Service Completed,Resolved,2020-11-09 05:57:00,176337,101004392552,2020-11-09,5:57,2021-01-23,5:58
176335-101004392388,Tree Removal,Parks and Recreation,5515 CRAWFORD ST,12/30/2020 4:35,Service Completed,Resolved,2020-11-09 04:34:00,176335,101004392388,2020-11-09,4:34,2020-12-30,4:35
176331-101004392171,Tree Trim,Parks and Recreation,12502 WHITTINGTON DR,1/23/2021 2:59,Service Completed,Resolved,2020-11-09 02:58:00,176331,101004392171,2020-11-09,2:58,2021-01-23,2:59
101004392157,Tree Trim,Parks and Recreation,104 JOHN ALBER RD&11900 MEADOWFAIR ST ,1/23/2021 2:44,Service Completed,Resolved,2020-11-09 02:43:00, ,101004392157,2020-11-09,2:43,2021-01-23,2:44
176330-101004391996,Tree Trim,Parks and Recreation,10600 RAMPART ST&5800 WILLOWBEND BLVD ,1/22/2021 12:01,Service Completed,Resolved,2020-11-08 12:00:00,176330,101004391996,2020-11-08,12:00,2021-01-22,12:01
176326-101004391763,Tree Removal,Parks and Recreation,7711 APACHE PLUME DR,12/29/2020 6:08,Service Completed,Resolved,2020-11-08 06:07:00,176326,101004391763,2020-11-08,6:07,2020-12-29,6:08
176325-101004391547,Tree Trim,Parks and Recreation,4848 PIN OAK PARK,1/21/2021 13:44,Service Completed,Resolved,2020-11-07 13:43:00,176325,101004391547,2020-11-07,13:43,2021-01-21,13:44
101004391147,Tree Trim,Parks and Recreation,9211 STROUD DR,1/21/2021 3:42,Service Completed,Resolved,2020-11-07 03:41:00, ,101004391147,2020-11-07,3:41,2021-01-21,3:42
176324-101004390733,Tree Removal,Parks and Recreation,12914 MANDRAKE CT,12/27/2020 9:49,Service Completed,Resolved,2020-11-06 09:48:00,176324,101004390733,2020-11-06,9:48,2020-12-27,9:49
176361-101004390700,Tree Stump Grinding,Parks and Recreation,9518 BEVERLY HILL ST,3/2/2021 9:27,Service Completed,Resolved,2020-11-06 09:26:00,176361,101004390700,2020-11-06,9:26,2021-03-02,9:27
176321-101004390581,Tree Code Violation,Parks and Recreation,6629 SHERMAN ST,12/28/2020 8:22,Service Completed,Resolved,2020-11-06 08:21:00,176321,101004390581,2020-11-06,8:21,2020-12-28,8:22
176320-101004390516,Tree Trim,Parks and Recreation,5010 BIRCHMONT DR,1/20/2021 7:51,Service Completed,Resolved,2020-11-06 07:50:00,176320,101004390516,2020-11-06,7:50,2021-01-20,7:51
176319-101004390430,Tree Removal,Parks and Recreation,11306 MURR WAY,12/27/2020 6:51,Service Completed,Resolved,2020-11-06 06:50:00,176319,101004390430,2020-11-06,6:50,2020-12-27,6:51
176318-101004390422,Tree Trim,Parks and Recreation,2110 MANOR GREEN DR,1/20/2021 6:43,Service Completed,Resolved,2020-11-06 06:42:00,176318,101004390422,2020-11-06,6:42,2021-01-20,6:43
176317-101004390383,Tree Trim,Parks and Recreation,8618 FERRIS DR,1/20/2021 6:22,Service Completed,Resolved,2020-11-06 06:21:00,176317,101004390383,2020-11-06,6:21,2021-01-20,6:22
176316-101004390371,Tree Trim,Parks and Recreation,7115 GARDEN ST,1/20/2021 6:16,Service Completed,Resolved,2020-11-06 06:15:00,176316,101004390371,2020-11-06,6:15,2021-01-20,6:16
176315-101004390315,Tree Trim,Parks and Recreation,5455 RICHMOND AVE,1/20/2021 5:41,Service Completed,Resolved,2020-11-06 05:40:00,176315,101004390315,2020-11-06,5:40,2021-01-20,5:41
176314-101004390245,Tree Trim,Parks and Recreation,5900 BLACK GUM DR&7000 COLE CREEK DR,1/20/2021 4:55,Service Completed,Resolved,2020-11-06 04:54:00,176314,101004390245,2020-11-06,4:54,2021-01-20,4:55
176313-101004390223,Tree Removal,Parks and Recreation,6908 APOLLO ST,12/27/2020 4:46,Service Completed,Resolved,2020-11-06 04:45:00,176313,101004390223,2020-11-06,4:45,2020-12-27,4:46
176312-101004390109,Tree Removal,Parks and Recreation,6602 GOLDSPIER ST,12/27/2020 3:54,Service Completed,Resolved,2020-11-06 03:53:00,176312,101004390109,2020-11-06,3:53,2020-12-27,3:54
176311-101004390105,Tree Trim,Parks and Recreation,2100 FLETCHER ST&400 PASCHALL ST,1/20/2021 3:53,Service Completed,Resolved,2020-11-06 03:52:00,176311,101004390105,2020-11-06,3:52,2021-01-20,3:53
176308-101004390001,Tree Trim,Parks and Recreation,2900 PAYSON ST&6926 VAN ETTEN ST,1/20/2021 2:58,Service Completed,Resolved,2020-11-06 02:57:00,176308,101004390001,2020-11-06,2:57,2021-01-20,2:58
176307-101004389883,Tree Trim,Parks and Recreation,10243 KNOBOAK DR,1/20/2021 0:59,Service Completed,Resolved,2020-11-06 00:58:00,176307,101004389883,2020-11-06,0:58,2021-01-20,0:59
176306-101004389815,Tree Trim,Parks and Recreation,2500 E OREM DR&12100 SKYVIEW MANOR DR,1/19/2021 17:14,Service Completed,Resolved,2020-11-05 17:13:00,176306,101004389815,2020-11-05,17:13,2021-01-19,17:14
176305-101004389802,Tree Trim,Parks and Recreation,5600 COURT RD,1/19/2021 17:03,Service Completed,Resolved,2020-11-05 17:02:00,176305,101004389802,2020-11-05,17:02,2021-01-19,17:03
176304-101004389765,Tree Trim,Parks and Recreation,700 N 78TH ST&7800 CANAL ST,1/19/2021 14:22,Service Completed,Resolved,2020-11-05 14:21:00,176304,101004389765,2020-11-05,14:21,2021-01-19,14:22
176303-101004389662,Tree Trim,Parks and Recreation,6338 WAYNE ST,1/19/2021 11:27,Service Completed,Resolved,2020-11-05 11:26:00,176303,101004389662,2020-11-05,11:26,2021-01-19,11:27
176301-101004389194,Tree Trim,Parks and Recreation,211 NORTHWOOD ST,1/19/2021 7:39,Service Completed,Resolved,2020-11-05 07:38:00,176301,101004389194,2020-11-05,7:38,2021-01-19,7:39
176299-101004389131,Tree Trim,Parks and Recreation,14300 BRIAR FOREST DR,1/19/2021 7:06,Service Completed,Resolved,2020-11-05 07:05:00,176299,101004389131,2020-11-05,7:05,2021-01-19,7:06
176297-101004389080,Tree Trim,Parks and Recreation,11700 BISSONNET ST&9450 KETCHWOOD DR ,1/19/2021 6:39,Service Completed,Resolved,2020-11-05 06:38:00,176297,101004389080,2020-11-05,6:38,2021-01-19,6:39
176296-101004388950,Tree Trim,Parks and Recreation,3100 S GESSNER RD&9700 MEADOWGLEN LN,1/19/2021 5:36,Service Completed,Resolved,2020-11-05 05:35:00,176296,101004388950,2020-11-05,5:35,2021-01-19,5:36
176295-101004388898,Tree Trim,Parks and Recreation,17406 SUNDROP LN,1/19/2021 5:13,Service Completed,Resolved,2020-11-05 05:12:00,176295,101004388898,2020-11-05,5:12,2021-01-19,5:13
176293-101004388826,Tree Removal,Parks and Recreation,3600 BLOOMFIELD ST&10100 SCOTT ST,12/26/2020 4:42,Service Completed,Resolved,2020-11-05 04:41:00,176293,101004388826,2020-11-05,4:41,2020-12-26,4:42
176292-101004388815,Tree Removal,Parks and Recreation,10300 SCOTT ST,12/26/2020 4:40,Service Completed,Resolved,2020-11-05 04:39:00,176292,101004388815,2020-11-05,4:39,2020-12-26,4:40
176289-101004388653,Tree Trim,Parks and Recreation,9776 BLACKHAWK BLVD&0 S SAM HOUSTON PKWY E,1/19/2021 3:09,Service Completed,Resolved,2020-11-05 03:08:00,176289,101004388653,2020-11-05,3:08,2021-01-19,3:09
176288-101004388542,Tree Removal,Parks and Recreation,4102 WYNONA ST,12/26/2020 2:09,Service Completed,Resolved,2020-11-05 02:08:00,176288,101004388542,2020-11-05,2:08,2020-12-26,2:09
176287-101004388196,Tree Trim,Parks and Recreation,6422 DARLINGHURST DR,1/18/2021 10:21,Service Completed,Resolved,2020-11-04 10:20:00,176287,101004388196,2020-11-04,10:20,2021-01-18,10:21
176283-101004388050,Tree Removal,Parks and Recreation,32 B LANA LN,12/25/2020 8:44,Service Completed,Resolved,2020-11-04 08:43:00,176283,101004388050,2020-11-04,8:43,2020-12-25,8:44
176282-101004387924,Tree Trim,Parks and Recreation,4922 KELSO ST,1/18/2021 7:43,Service Completed,Resolved,2020-11-04 07:42:00,176282,101004387924,2020-11-04,7:42,2021-01-18,7:43
176281-101004387914,Tree Removal,Parks and Recreation,5003 CHEENA DR,12/25/2020 7:39,Service Completed,Resolved,2020-11-04 07:38:00,176281,101004387914,2020-11-04,7:38,2020-12-25,7:39
176280-101004387823,Tree Trim,Parks and Recreation,7810 CHASECREEK DR,1/18/2021 6:46,Service Completed,Resolved,2020-11-04 06:45:00,176280,101004387823,2020-11-04,6:45,2021-01-18,6:46
176279-101004387810,Tree Trim,Parks and Recreation,5119 PORTER RIDGE DR,1/18/2021 6:42,Service Completed,Resolved,2020-11-04 06:41:00,176279,101004387810,2020-11-04,6:41,2021-01-18,6:42
176278-101004387795,Tree Trim,Parks and Recreation,15122 MCCONN ST,1/18/2021 6:32,Service Completed,Resolved,2020-11-04 06:31:00,176278,101004387795,2020-11-04,6:31,2021-01-18,6:32
176277-101004387777,Tree Trim,Parks and Recreation,6310 COSTA MESA DR,1/18/2021 6:21,Service Completed,Resolved,2020-11-04 06:20:00,176277,101004387777,2020-11-04,6:20,2021-01-18,6:21
176276-101004387755,Tree Trim,Parks and Recreation,915 ALEXANDER ST,1/18/2021 6:05,Service Completed,Resolved,2020-11-04 06:04:00,176276,101004387755,2020-11-04,6:04,2021-01-18,6:05
176275-101004387752,Tree Trim,Parks and Recreation,7031 EASTWOOD ST,1/18/2021 6:02,Service Completed,Resolved,2020-11-04 06:01:00,176275,101004387752,2020-11-04,6:01,2021-01-18,6:02
176274-101004387735,Tree Trim,Parks and Recreation,14681 W LAKE HOUSTON PKWY,1/18/2021 5:51,Service Completed,Resolved,2020-11-04 05:50:00,176274,101004387735,2020-11-04,5:50,2021-01-18,5:51
176273-101004387719,Tree Trim,Parks and Recreation,4741 WARM SPRINGS RD,1/18/2021 5:44,Service Completed,Resolved,2020-11-04 05:43:00,176273,101004387719,2020-11-04,5:43,2021-01-18,5:44
176272-101004387649,Tree Removal,Parks and Recreation,4922 PERRY ST,12/25/2020 5:14,Service Completed,Resolved,2020-11-04 05:13:00,176272,101004387649,2020-11-04,5:13,2020-12-25,5:14
176271-101004387642,Tree Removal,Parks and Recreation,12734 VILLAWOOD LN,12/25/2020 5:12,Service Completed,Resolved,2020-11-04 05:11:00,176271,101004387642,2020-11-04,5:11,2020-12-25,5:12
176270-101004387633,Tree Trim,Parks and Recreation,353 EADO PARK CIR,1/18/2021 5:05,Service Completed,Resolved,2020-11-04 05:04:00,176270,101004387633,2020-11-04,5:04,2021-01-18,5:05
176269-101004387568,Tree Removal,Parks and Recreation,6002 GREEN FALLS DR,12/25/2020 4:31,Service Completed,Resolved,2020-11-04 04:30:00,176269,101004387568,2020-11-04,4:30,2020-12-25,4:31
176267-101004387508,Tree Trim,Parks and Recreation,5770 BIRDWOOD RD&8900 HILLCROFT AVE,1/18/2021 4:01,Service Completed,Resolved,2020-11-04 04:00:00,176267,101004387508,2020-11-04,4:00,2021-01-18,4:01
176257-101004386981,Tree Trim,Parks and Recreation,6601 CONLEY ST,1/17/2021 11:18,Service Completed,Resolved,2020-11-03 11:17:00,176257,101004386981,2020-11-03,11:17,2021-01-17,11:18
176254-101004386715,Tree Removal,Parks and Recreation,3825 GRAMERCY ST,12/24/2020 8:55,Service Completed,Resolved,2020-11-03 08:54:00,176254,101004386715,2020-11-03,8:54,2020-12-24,8:55
176253-101004386703,Tree Trim,Parks and Recreation,3000 BERING DR&5800 DOLORES ST,1/17/2021 8:52,Service Completed,Resolved,2020-11-03 08:51:00,176253,101004386703,2020-11-03,8:51,2021-01-17,8:52
176252-101004386468,Tree Trim,Parks and Recreation,8300 AIRPORT BLVD&8800 RUTHBY ST,1/17/2021 6:20,Service Completed,Resolved,2020-11-03 06:19:00,176252,101004386468,2020-11-03,6:19,2021-01-17,6:20
176251-101004386466,Tree Trim,Parks and Recreation,8600 AIRPORT BLVD&7800 MONROE RD,1/17/2021 6:18,Service Completed,Resolved,2020-11-03 06:17:00,176251,101004386466,2020-11-03,6:17,2021-01-17,6:18
176250-101004386438,Tree Trim,Parks and Recreation,102 SUPER ST,1/17/2021 6:08,Service Completed,Resolved,2020-11-03 06:07:00,176250,101004386438,2020-11-03,6:07,2021-01-17,6:08
176249-101004386381,Tree Removal,Parks and Recreation,4058 MCDERMED DR,12/24/2020 5:38,Service Completed,Resolved,2020-11-03 05:37:00,176249,101004386381,2020-11-03,5:37,2020-12-24,5:38
176244-101004386109,Tree Trim,Parks and Recreation,300 W 20TH ST&2000 RUTLAND ST,1/17/2021 3:37,Service Completed,Resolved,2020-11-03 03:36:00,176244,101004386109,2020-11-03,3:36,2021-01-17,3:37
176243-101004386032,Tree Removal,Parks and Recreation,11215 DALEBROOK DR,12/24/2020 2:59,Service Completed,Resolved,2020-11-03 02:58:00,176243,101004386032,2020-11-03,2:58,2020-12-24,2:59
176240-101004385920,Tree Trim,Parks and Recreation,2918 WHEELER ST,1/17/2021 1:34,Service Completed,Resolved,2020-11-03 01:33:00,176240,101004385920,2020-11-03,1:33,2021-01-17,1:34
176239-101004385815,Tree Trim,Parks and Recreation,10911 SABO RD,1/16/2021 15:43,Service Completed,Resolved,2020-11-02 15:42:00,176239,101004385815,2020-11-02,15:42,2021-01-16,15:43
176238-101004385734,Tree Removal,Parks and Recreation,404 W 17TH ST,12/23/2020 12:45,Service Completed,Resolved,2020-11-02 12:44:00,176238,101004385734,2020-11-02,12:44,2020-12-23,12:45
176237-101004385554,Tree Removal,Parks and Recreation,1902 HUGE OAKS ST,12/23/2020 10:22,Service Completed,Resolved,2020-11-02 10:21:00,176237,101004385554,2020-11-02,10:21,2020-12-23,10:22
101004385482,Tree Trim,Parks and Recreation,1000 HUTCHINS ST&2200 MCKINNEY ST ,1/16/2021 9:50,Service Completed,Resolved,2020-11-02 09:49:00, ,101004385482,2020-11-02,9:49,2021-01-16,9:50
176235-101004385458,Tree Removal,Parks and Recreation,6035 W AIRPORT BLVD,12/23/2020 9:37,Service Completed,Resolved,2020-11-02 09:36:00,176235,101004385458,2020-11-02,9:36,2020-12-23,9:37
176234-101004385342,Tree Trim,Parks and Recreation,7603 LAURA KOPPE RD,1/16/2021 8:47,Service Completed,Resolved,2020-11-02 08:46:00,176234,101004385342,2020-11-02,8:46,2021-01-16,8:47
176233-101004385293,Tree Trim,Parks and Recreation,2950 OLD SPANISH TRL,1/16/2021 8:18,Service Completed,Resolved,2020-11-02 08:17:00,176233,101004385293,2020-11-02,8:17,2021-01-16,8:18
176232-101004385238,Tree Trim,Parks and Recreation,11115 SAGETRAIL DR,1/16/2021 7:53,Service Completed,Resolved,2020-11-02 07:52:00,176232,101004385238,2020-11-02,7:52,2021-01-16,7:53
176231-101004385230,Tree Trim,Parks and Recreation,11115 SAGETRAIL DR,1/16/2021 7:48,Service Completed,Resolved,2020-11-02 07:47:00,176231,101004385230,2020-11-02,7:47,2021-01-16,7:48
176230-101004385222,Tree Trim,Parks and Recreation,7827 GLOVER ST,1/16/2021 7:44,Service Completed,Resolved,2020-11-02 07:43:00,176230,101004385222,2020-11-02,7:43,2021-01-16,7:44
176229-101004385212,Tree Removal,Parks and Recreation,11119 SAGETRAIL DR,12/23/2020 7:41,Service Completed,Resolved,2020-11-02 07:40:00,176229,101004385212,2020-11-02,7:40,2020-12-23,7:41
176228-101004385170,Tree Trim,Parks and Recreation,9500 BLACKHAWK BLVD&9400 FUQUA ST,1/16/2021 7:26,Service Completed,Resolved,2020-11-02 07:25:00,176228,101004385170,2020-11-02,7:25,2021-01-16,7:26
176227-101004385097,Tree Trim,Parks and Recreation,7029 AVENUE E,1/16/2021 6:55,Service Completed,Resolved,2020-11-02 06:54:00,176227,101004385097,2020-11-02,6:54,2021-01-16,6:55
176226-101004384874,Tree Trim,Parks and Recreation,13547 AMBROSE ST,1/16/2021 5:14,Service Completed,Resolved,2020-11-02 05:13:00,176226,101004384874,2020-11-02,5:13,2021-01-16,5:14
176225-101004384838,Tree Removal,Parks and Recreation,1801 SCHWEIKHARDT ST,12/23/2020 4:59,Service Completed,Resolved,2020-11-02 04:58:00,176225,101004384838,2020-11-02,4:58,2020-12-23,4:59
176224-101004384715,Tree Trim,Parks and Recreation,10218 HUNTINGTON DALE DR,1/16/2021 4:01,Service Completed,Resolved,2020-11-02 04:00:00,176224,101004384715,2020-11-02,4:00,2021-01-16,4:01
176223-101004384675,Tree Trim,Parks and Recreation,14300 BRIAR FOREST DR,1/16/2021 3:40,Service Completed,Resolved,2020-11-02 03:39:00,176223,101004384675,2020-11-02,3:39,2021-01-16,3:40
176222-101004384666,Tree Trim,Parks and Recreation,6600 CORPORATE DR,1/16/2021 3:37,Service Completed,Resolved,2020-11-02 03:36:00,176222,101004384666,2020-11-02,3:36,2021-01-16,3:37
176220-101004384625,Tree Trim,Parks and Recreation,9043 BRANDON ST,1/16/2021 3:17,Service Completed,Resolved,2020-11-02 03:16:00,176220,101004384625,2020-11-02,3:16,2021-01-16,3:17
176219-101004384574,Tree Trim,Parks and Recreation,114 OWENS ST,1/16/2021 2:53,Service Completed,Resolved,2020-11-02 02:52:00,176219,101004384574,2020-11-02,2:52,2021-01-16,2:53
176216-101004384262,Tree Trim,Parks and Recreation,10800 BEAMER RD&10600 FUQUA ST&10778 SEAFORD DR ,1/15/2021 8:37,Service Completed,Resolved,2020-11-01 08:36:00,176216,101004384262,2020-11-01,8:36,2021-01-15,8:37
176215-101004384213,Tree Trim,Parks and Recreation,202 E 23RD ST,1/15/2021 7:24,Service Completed,Resolved,2020-11-01 07:23:00,176215,101004384213,2020-11-01,7:23,2021-01-15,7:24
176214-101004383962,Tree Trim,Parks and Recreation,8906 BOB WHITE DR,1/14/2021 19:14,Service Completed,Resolved,2020-10-31 20:13:00,176214,101004383962,2020-10-31,20:13,2021-01-14,19:14
176213-101004383932,Tree Planting,Parks and Recreation,6401 COPPAGE ST,11/25/2020 17:43,Service Completed,Resolved,2020-10-31 18:42:00,176213,101004383932,2020-10-31,18:42,2020-11-25,17:43
176212-101004383927,Tree Trim,Parks and Recreation,0 W LOOP FWY S&4500 POST OAK PKWY,1/14/2021 16:54,Service Completed,Resolved,2020-10-31 17:53:00,176212,101004383927,2020-10-31,17:53,2021-01-14,16:54
176211-101004383281,Tree Trim,Parks and Recreation,11122 ASHCOTT DR,1/13/2021 18:50,Service Completed,Resolved,2020-10-30 19:49:00,176211,101004383281,2020-10-30,19:49,2021-01-13,18:50
176207-101004382914,Tree Trim,Parks and Recreation,13223 AGARITA LN,1/13/2021 9:46,Service Completed,Resolved,2020-10-30 10:45:00,176207,101004382914,2020-10-30,10:45,2021-01-13,9:46
176206-101004382910,Tree Stump Grinding,Parks and Recreation,307 WELCH ST,2/23/2021 9:45,Service Completed,Resolved,2020-10-30 10:44:00,176206,101004382910,2020-10-30,10:44,2021-02-23,9:45
176205-101004382806,Tree Removal,Parks and Recreation,3605 ASCOT LN,12/20/2020 8:59,Service Completed,Resolved,2020-10-30 09:58:00,176205,101004382806,2020-10-30,9:58,2020-12-20,8:59
176204-101004382776,Tree Removal,Parks and Recreation,2600 CRAWFORD ST&1600 MCGOWEN ST,12/20/2020 8:46,Service Completed,Resolved,2020-10-30 09:45:00,176204,101004382776,2020-10-30,9:45,2020-12-20,8:46
176203-101004382759,Tree Trim,Parks and Recreation,3602 TRAILWOOD DR,1/13/2021 8:38,Service Completed,Resolved,2020-10-30 09:37:00,176203,101004382759,2020-10-30,9:37,2021-01-13,8:38
176202-101004382749,Tree Removal,Parks and Recreation,1500 MCGOWEN ST,12/20/2020 8:33,Service Completed,Resolved,2020-10-30 09:32:00,176202,101004382749,2020-10-30,9:32,2020-12-20,8:33
176201-101004382718,Tree Trim,Parks and Recreation,2400 WESTHEIMER RD,1/13/2021 8:17,Service Completed,Resolved,2020-10-30 09:16:00,176201,101004382718,2020-10-30,9:16,2021-01-13,8:17
176200-101004382605,Tree Trim,Parks and Recreation,16355 ANGEL ISLAND LN,1/13/2021 7:24,Service Completed,Resolved,2020-10-30 08:23:00,176200,101004382605,2020-10-30,8:23,2021-01-13,7:24
176199-101004382554,Tree Removal,Parks and Recreation,2500 E OREM DR&12100 SKYVIEW MANOR DR,12/20/2020 6:56,Service Completed,Resolved,2020-10-30 07:55:00,176199,101004382554,2020-10-30,7:55,2020-12-20,6:56
176197-101004382417,Tree Trim,Parks and Recreation,5830 KENILWOOD DR,1/13/2021 5:46,Service Completed,Resolved,2020-10-30 06:45:00,176197,101004382417,2020-10-30,6:45,2021-01-13,5:46
176196-101004382396,Tree Trim,Parks and Recreation,8222 AUTUMN LN,1/13/2021 5:31,Service Completed,Resolved,2020-10-30 06:30:00,176196,101004382396,2020-10-30,6:30,2021-01-13,5:31
176195-101004382364,Tree Trim,Parks and Recreation,10403 TIMBEROAK DR,1/13/2021 5:16,Service Completed,Resolved,2020-10-30 06:15:00,176195,101004382364,2020-10-30,6:15,2021-01-13,5:16
176193-101004382323,Tree Removal,Parks and Recreation,9838 BRIARWILD LN,12/20/2020 4:57,Service Completed,Resolved,2020-10-30 05:56:00,176193,101004382323,2020-10-30,5:56,2020-12-20,4:57
176192-101004382265,Tree Removal,Parks and Recreation,11402 STANCLIFF RD,12/20/2020 4:21,Service Completed,Resolved,2020-10-30 05:20:00,176192,101004382265,2020-10-30,5:20,2020-12-20,4:21
176191-101004382246,Tree Trim,Parks and Recreation,7327 AQUA LN,1/13/2021 4:06,Service Completed,Resolved,2020-10-30 05:05:00,176191,101004382246,2020-10-30,5:05,2021-01-13,4:06
176189-101004382216,Tree Trim,Parks and Recreation,11123 ASHCOTT DR,1/13/2021 3:48,Service Completed,Resolved,2020-10-30 04:47:00,176189,101004382216,2020-10-30,4:47,2021-01-13,3:48
176190-101004382213,Tree Trim,Parks and Recreation,5047 SPRING FOREST DR,1/13/2021 3:47,Service Completed,Resolved,2020-10-30 04:46:00,176190,101004382213,2020-10-30,4:46,2021-01-13,3:47
176187-101004382041,Tree Trim,Parks and Recreation,12989 MARTIN LUTHER KING BLVD,1/13/2021 1:25,Service Completed,Resolved,2020-10-30 02:24:00,176187,101004382041,2020-10-30,2:24,2021-01-13,1:25
176186-101004382027,Tree Trim,Parks and Recreation,1310 GREGG ST,1/12/2021 23:38,Service Completed,Resolved,2020-10-30 00:37:00,176186,101004382027,2020-10-30,0:37,2021-01-12,23:38
176185-101004382026,Tree Trim,Parks and Recreation,2020 HERMANN DR,1/12/2021 23:31,Service Completed,Resolved,2020-10-30 00:30:00,176185,101004382026,2020-10-30,0:30,2021-01-12,23:31
176184-101004381964,Tree Removal,Parks and Recreation,5200 KELSO ST&6300 MARTIN LUTHER KING BLVD,12/19/2020 16:44,Service Completed,Resolved,2020-10-29 17:43:00,176184,101004381964,2020-10-29,17:43,2020-12-19,16:44
176183-101004381897,Tree Removal,Parks and Recreation,7418 THUROW ST,12/19/2020 14:17,Service Completed,Resolved,2020-10-29 15:16:00,176183,101004381897,2020-10-29,15:16,2020-12-19,14:17
176182-101004381883,Tree Removal,Parks and Recreation,12123 SABO RD,12/19/2020 14:02,Service Completed,Resolved,2020-10-29 15:01:00,176182,101004381883,2020-10-29,15:01,2020-12-19,14:02
176181-101004381872,Tree Trim,Parks and Recreation,2148 SUL ROSS ST,1/12/2021 13:52,Service Completed,Resolved,2020-10-29 14:51:00,176181,101004381872,2020-10-29,14:51,2021-01-12,13:52
176180-101004381871,Tree Trim,Parks and Recreation,9302 PORTAL DR,1/12/2021 13:50,Service Completed,Resolved,2020-10-29 14:49:00,176180,101004381871,2020-10-29,14:49,2021-01-12,13:50
176179-101004381803,Tree Trim,Parks and Recreation,8245 JET PILOT ST,1/12/2021 12:34,Service Completed,Resolved,2020-10-29 13:33:00,176179,101004381803,2020-10-29,13:33,2021-01-12,12:34
176178-101004381788,Tree Trim,Parks and Recreation,1748 KIPLING ST,1/12/2021 12:18,Service Completed,Resolved,2020-10-29 13:17:00,176178,101004381788,2020-10-29,13:17,2021-01-12,12:18
176176-101004381747,Tree Removal,Parks and Recreation,5935 HIGH STAR DR,12/19/2020 11:36,Service Completed,Resolved,2020-10-29 12:35:00,176176,101004381747,2020-10-29,12:35,2020-12-19,11:36
176173-101004381534,Tree Removal,Parks and Recreation,1951 VERMONT ST,12/19/2020 9:34,Service Completed,Resolved,2020-10-29 10:33:00,176173,101004381534,2020-10-29,10:33,2020-12-19,9:34
176168-101004381353,Tree Trim,Parks and Recreation,13703 LOCKE LN,1/12/2021 8:06,Service Completed,Resolved,2020-10-29 09:05:00,176168,101004381353,2020-10-29,9:05,2021-01-12,8:06
176167-101004381286,Tree Trim,Parks and Recreation,100 W 6TH ST&600 HEIGHTS BLVD&3600 WHITE OAK DR ,1/12/2021 7:33,Service Completed,Resolved,2020-10-29 08:32:00,176167,101004381286,2020-10-29,8:32,2021-01-12,7:33
176166-101004380990,Tree Trim,Parks and Recreation,3819 YELLOWSTONE BLVD,1/12/2021 5:07,Service Completed,Resolved,2020-10-29 06:06:00,176166,101004380990,2020-10-29,6:06,2021-01-12,5:07
176164-101004380943,Tree Removal,Parks and Recreation,109 STRATFORD ST,12/19/2020 4:41,Service Completed,Resolved,2020-10-29 05:40:00,176164,101004380943,2020-10-29,5:40,2020-12-19,4:41
176162-101004380876,Tree Trim,Parks and Recreation,4225 BELLAIRE BLVD,1/12/2021 4:06,Service Completed,Resolved,2020-10-29 05:05:00,176162,101004380876,2020-10-29,5:05,2021-01-12,4:06
176163-101004380851,Tree Trim,Parks and Recreation,7100 REED RD&6800 WALTRIP ST,1/12/2021 3:52,Service Completed,Resolved,2020-10-29 04:51:00,176163,101004380851,2020-10-29,4:51,2021-01-12,3:52
176161-101004380791,Tree Trim,Parks and Recreation,2211 NAOMI ST,1/12/2021 3:14,Service Completed,Resolved,2020-10-29 04:13:00,176161,101004380791,2020-10-29,4:13,2021-01-12,3:14
176160-101004380787,Tree Trim,Parks and Recreation,1735 NORFOLK ST,1/12/2021 3:12,Service Completed,Resolved,2020-10-29 04:11:00,176160,101004380787,2020-10-29,4:11,2021-01-12,3:12
176158-101004380626,Tree Code Violation,Parks and Recreation,2390 KIRBY DR,12/20/2020 0:34,Service Completed,Resolved,2020-10-29 01:33:00,176158,101004380626,2020-10-29,1:33,2020-12-20,0:34
176157-101004380625,Tree Trim,Parks and Recreation,10947 DUNVEGAN WAY,1/12/2021 0:25,Service Completed,Resolved,2020-10-29 01:24:00,176157,101004380625,2020-10-29,1:24,2021-01-12,0:25
176156-101004370392,Tree Trim,Parks and Recreation,4422 CANAL ST&2 EASTWOOD ST&100 N EASTWOOD ST,1/11/2021 11:26,Service Completed,Resolved,2020-10-28 12:25:00,176156,101004370392,2020-10-28,12:25,2021-01-11,11:26
176155-101004370359,Tree Trim,Parks and Recreation,10200 GREEN RIVER DR&10190 LEY RD ,1/11/2021 10:52,Service Completed,Resolved,2020-10-28 11:51:00,176155,101004370359,2020-10-28,11:51,2021-01-11,10:52
176154-101004370289,Tree Trim,Parks and Recreation,625 COLUMBIA ST,1/11/2021 10:09,Service Completed,Resolved,2020-10-28 11:08:00,176154,101004370289,2020-10-28,11:08,2021-01-11,10:09
176150-101004370081,Tree Trim,Parks and Recreation,13434 TOWNWOOD DR,1/11/2021 8:13,Service Completed,Resolved,2020-10-28 09:12:00,176150,101004370081,2020-10-28,9:12,2021-01-11,8:13
176149-101004370046,Tree Trim,Parks and Recreation,7100 REED RD&6800 WALTRIP ST,1/11/2021 7:53,Service Completed,Resolved,2020-10-28 08:52:00,176149,101004370046,2020-10-28,8:52,2021-01-11,7:53
176148-101004369986,Tree Removal,Parks and Recreation,12218 CORONA LN,12/18/2020 7:17,Service Completed,Resolved,2020-10-28 08:16:00,176148,101004369986,2020-10-28,8:16,2020-12-18,7:17
176147-101004369930,Tree Trim,Parks and Recreation,9111 CULLEN BLVD,1/11/2021 6:41,Service Completed,Resolved,2020-10-28 07:40:00,176147,101004369930,2020-10-28,7:40,2021-01-11,6:41
176146-101004369894,Tree Trim,Parks and Recreation,3819 CETTI ST,1/11/2021 6:30,Service Completed,Resolved,2020-10-28 07:29:00,176146,101004369894,2020-10-28,7:29,2021-01-11,6:30
101004369888,Tree Trim,Parks and Recreation,1300 CAMBRIDGE ST&6400 FANNIN ST,1/11/2021 6:29,Service Completed,Resolved,2020-10-28 07:28:00, ,101004369888,2020-10-28,7:28,2021-01-11,6:29
176145-101004369875,Tree Removal,Parks and Recreation,4909 CRAWFORD ST,12/18/2020 6:20,Service Completed,Resolved,2020-10-28 07:19:00,176145,101004369875,2020-10-28,7:19,2020-12-18,6:20
101004369804,Tree Trim,Parks and Recreation,1102 W SAM HOUSTON S PKWY,1/11/2021 5:45,Service Completed,Resolved,2020-10-28 06:44:00, ,101004369804,2020-10-28,6:44,2021-01-11,5:45
176144-101004369790,Tree Removal,Parks and Recreation,2500 S SH 6&14600 WESTHEIMER RD,12/18/2020 5:32,Service Completed,Resolved,2020-10-28 06:31:00,176144,101004369790,2020-10-28,6:31,2020-12-18,5:32
176143-101004369780,Tree Trim,Parks and Recreation,800 ENGLISH ST&5300 IRVINGTON BLVD,1/11/2021 5:24,Service Completed,Resolved,2020-10-28 06:23:00,176143,101004369780,2020-10-28,6:23,2021-01-11,5:24
176142-101004369766,Tree Trim,Parks and Recreation,400 CHIMNEY ROCK RD&5700 INDIAN CIR,1/11/2021 5:12,Service Completed,Resolved,2020-10-28 06:11:00,176142,101004369766,2020-10-28,6:11,2021-01-11,5:12
176141-101004369751,Tree Trim,Parks and Recreation,2148 SUL ROSS ST,1/11/2021 5:03,Service Completed,Resolved,2020-10-28 06:02:00,176141,101004369751,2020-10-28,6:02,2021-01-11,5:03
176140-101004369601,Tree Trim,Parks and Recreation,5511 IRVINGTON BLVD,1/11/2021 3:40,Service Completed,Resolved,2020-10-28 04:39:00,176140,101004369601,2020-10-28,4:39,2021-01-11,3:40
176139-101004369529,Tree Trim,Parks and Recreation,14130 MEMORIAL DR&632 RANCHO BAUER DR,1/11/2021 3:09,Service Completed,Resolved,2020-10-28 04:08:00,176139,101004369529,2020-10-28,4:08,2021-01-11,3:09
176138-101004369518,Tree Trim,Parks and Recreation,10000 HAMMERLY BLVD&2300 ROSEFIELD DR,1/11/2021 3:06,Service Completed,Resolved,2020-10-28 04:05:00,176138,101004369518,2020-10-28,4:05,2021-01-11,3:06
176137-101004369511,Tree Removal,Parks and Recreation,3702 DUMBARTON ST,12/18/2020 3:03,Service Completed,Resolved,2020-10-28 04:02:00,176137,101004369511,2020-10-28,4:02,2020-12-18,3:03
176136-101004369500,Tree Trim,Parks and Recreation,10000 HAMMERLY BLVD&2300 ROSEFIELD DR,1/11/2021 2:57,Service Completed,Resolved,2020-10-28 03:56:00,176136,101004369500,2020-10-28,3:56,2021-01-11,2:57
176135-101004369480,Tree Trim,Parks and Recreation,4300 BERAN DR&13600 QUENTION DR,1/11/2021 2:43,Service Completed,Resolved,2020-10-28 03:42:00,176135,101004369480,2020-10-28,3:42,2021-01-11,2:43
176132-101004369438,Tree Trim,Parks and Recreation,500 BOMAR ST&1900 WHITNEY ST,1/11/2021 2:04,Service Completed,Resolved,2020-10-28 03:03:00,176132,101004369438,2020-10-28,3:03,2021-01-11,2:04
176131-101004369370,Tree Trim,Parks and Recreation,12619 HUNTING BROOK DR,1/10/2021 21:44,Service Completed,Resolved,2020-10-27 22:43:00,176131,101004369370,2020-10-27,22:43,2021-01-10,21:44
176130-101004369347,Tree Trim,Parks and Recreation,100 CAVALCADE ST&3000 NORTH FWY ,1/10/2021 20:02,Service Completed,Resolved,2020-10-27 21:01:00,176130,101004369347,2020-10-27,21:01,2021-01-10,20:02
176128-101004369215,Tree Trim,Parks and Recreation,500 TRESVANT DR&15400 ZABOLIO LN,1/10/2021 15:53,Service Completed,Resolved,2020-10-27 16:52:00,176128,101004369215,2020-10-27,16:52,2021-01-10,15:53
176127-101004369155,Tree Trim,Parks and Recreation,806 FAIRBANKS ST,1/10/2021 13:55,Service Completed,Resolved,2020-10-27 14:54:00,176127,101004369155,2020-10-27,14:54,2021-01-10,13:55
176126-101004369115,Tree Removal,Parks and Recreation,11415 SPRING GROVE DR,12/17/2020 12:22,Service Completed,Resolved,2020-10-27 13:21:00,176126,101004369115,2020-10-27,13:21,2020-12-17,12:22
176124-101004368861,Tree Trim,Parks and Recreation,7500 KELVING ST&2400 UNDERWOOD ST,1/10/2021 9:35,Service Completed,Resolved,2020-10-27 10:34:00,176124,101004368861,2020-10-27,10:34,2021-01-10,9:35
176123-101004368819,Tree Removal,Parks and Recreation,8122 CAROLWOOD DR,12/17/2020 9:16,Service Completed,Resolved,2020-10-27 10:15:00,176123,101004368819,2020-10-27,10:15,2020-12-17,9:16
176122-101004368759,Tree Trim,Parks and Recreation,14418 HIRAM CLARKE RD,1/10/2021 8:55,Service Completed,Resolved,2020-10-27 09:54:00,176122,101004368759,2020-10-27,9:54,2021-01-10,8:55
176119-101004368691,Tree Trim,Parks and Recreation,300 MERCURY DR,1/10/2021 8:30,Service Completed,Resolved,2020-10-27 09:29:00,176119,101004368691,2020-10-27,9:29,2021-01-10,8:30
176117-101004368672,Tree Trim,Parks and Recreation,2511 CARROLTON ST,1/10/2021 8:20,Service Completed,Resolved,2020-10-27 09:19:00,176117,101004368672,2020-10-27,9:19,2021-01-10,8:20
176115-101004368653,Tree Trim,Parks and Recreation,7400 BAHIA LN&15400 RUPPSTOCK RD,1/10/2021 8:09,Service Completed,Resolved,2020-10-27 09:08:00,176115,101004368653,2020-10-27,9:08,2021-01-10,8:09
176112-101004368521,Tree Removal,Parks and Recreation,2005 MASON ST,12/17/2020 7:22,Service Completed,Resolved,2020-10-27 08:21:00,176112,101004368521,2020-10-27,8:21,2020-12-17,7:22
176111-101004368506,Tree Removal,Parks and Recreation,720 MEMORIAL CITY,12/17/2020 7:14,Service Completed,Resolved,2020-10-27 08:13:00,176111,101004368506,2020-10-27,8:13,2020-12-17,7:14
176110-101004368504,Tree Removal,Parks and Recreation,4000 PEPPERMILL RD&9100 PITNER RD,12/17/2020 7:13,Service Completed,Resolved,2020-10-27 08:12:00,176110,101004368504,2020-10-27,8:12,2020-12-17,7:13
176109-101004368498,Tree Trim,Parks and Recreation,531 OXFORD ST,1/10/2021 7:09,Service Completed,Resolved,2020-10-27 08:08:00,176109,101004368498,2020-10-27,8:08,2021-01-10,7:09
176108-101004368496,Tree Trim,Parks and Recreation,970 DOLLY WRIGHT ST,1/10/2021 7:09,Service Completed,Resolved,2020-10-27 08:08:00,176108,101004368496,2020-10-27,8:08,2021-01-10,7:09
176106-101004368464,Tree Trim,Parks and Recreation,11102 SAGETRAIL DR,1/10/2021 6:56,Service Completed,Resolved,2020-10-27 07:55:00,176106,101004368464,2020-10-27,7:55,2021-01-10,6:56
176105-101004368443,Tree Trim,Parks and Recreation,5100 BLISS ST&8100 ELROD ST,1/10/2021 6:44,Service Completed,Resolved,2020-10-27 07:43:00,176105,101004368443,2020-10-27,7:43,2021-01-10,6:44
176104-101004368426,Tree Trim,Parks and Recreation,6700 INDIAN FALLS DR&15600 RIDGEROCK RD,1/10/2021 6:37,Service Completed,Resolved,2020-10-27 07:36:00,176104,101004368426,2020-10-27,7:36,2021-01-10,6:37
176103-101004368308,Tree Trim,Parks and Recreation,6230 GREAT OAKS DR,1/10/2021 6:00,Service Completed,Resolved,2020-10-27 06:59:00,176103,101004368308,2020-10-27,6:59,2021-01-10,6:00
176101-101004368146,Tree Trim,Parks and Recreation,400 W 16TH ST&1600 ASHLAND ST,1/10/2021 4:42,Service Completed,Resolved,2020-10-27 05:41:00,176101,101004368146,2020-10-27,5:41,2021-01-10,4:42
176100-101004368036,Tree Trim,Parks and Recreation,12327 CHESSINGTON DR,1/10/2021 3:46,Service Completed,Resolved,2020-10-27 04:45:00,176100,101004368036,2020-10-27,4:45,2021-01-10,3:46
176099-101004367973,Tree Trim,Parks and Recreation,4014 ROSELAND ST,1/10/2021 3:14,Service Completed,Resolved,2020-10-27 04:13:00,176099,101004367973,2020-10-27,4:13,2021-01-10,3:14
176098-101004367915,Tree Removal,Parks and Recreation,2212 TANGLEY ST,12/17/2020 2:45,Service Completed,Resolved,2020-10-27 03:44:00,176098,101004367915,2020-10-27,3:44,2020-12-17,2:45
176096-101004367846,Tree Removal,Parks and Recreation,1414 LUMPKIN RD,12/17/2020 1:36,Service Completed,Resolved,2020-10-27 02:35:00,176096,101004367846,2020-10-27,2:35,2020-12-17,1:36
176092-101004367825,Tree Trim,Parks and Recreation,4502 WOODSIDE ST,1/10/2021 0:40,Service Completed,Resolved,2020-10-27 01:39:00,176092,101004367825,2020-10-27,1:39,2021-01-10,0:40
101004367576,Tree Trim,Parks and Recreation,1115 NANTUCKET DR,1/9/2021 11:03,Service Completed,Resolved,2020-10-26 12:02:00, ,101004367576,2020-10-26,12:02,2021-01-09,11:03
176091-101004367492,Tree Trim,Parks and Recreation,1102 NANTUCKET DR,1/9/2021 10:29,Service Completed,Resolved,2020-10-26 11:28:00,176091,101004367492,2020-10-26,11:28,2021-01-09,10:29
101004367449,Tree Trim,Parks and Recreation,7411 ARNIM ST,,Service Completed,Resolved,2020-10-26 11:14:00, ,101004367449,2020-10-26,11:14,,
101004367373,Tree Removal,Parks and Recreation,2200 MONTROSE BLVD,12/16/2020 9:44,Service Completed,Resolved,2020-10-26 10:43:00, ,101004367373,2020-10-26,10:43,2020-12-16,9:44
101004367324,Tree Removal,Parks and Recreation,11415 SPRING GROVE DR,12/16/2020 9:21,Service Completed,Resolved,2020-10-26 10:20:00, ,101004367324,2020-10-26,10:20,2020-12-16,9:21
101004367216,Tree Trim,Parks and Recreation,10911 SABO RD,1/9/2021 8:25,Service Completed,Resolved,2020-10-26 09:24:00, ,101004367216,2020-10-26,9:24,2021-01-09,8:25
176090-101004367114,Tree Trim,Parks and Recreation,10500 CLIFFWOOD DR,1/9/2021 7:36,Service Completed,Resolved,2020-10-26 08:35:00,176090,101004367114,2020-10-26,8:35,2021-01-09,7:36
101004367086,Tree Trim,Parks and Recreation,202 E 23RD ST,1/9/2021 7:26,Service Completed,Resolved,2020-10-26 08:25:00, ,101004367086,2020-10-26,8:25,2021-01-09,7:26
176089-101004367068,Tree Trim,Parks and Recreation,5102 KELLEY ST,1/9/2021 7:16,Service Completed,Resolved,2020-10-26 08:15:00,176089,101004367068,2020-10-26,8:15,2021-01-09,7:16
176088-101004367045,Tree Trim,Parks and Recreation,13111 CARVEL LN,1/9/2021 7:05,Service Completed,Resolved,2020-10-26 08:04:00,176088,101004367045,2020-10-26,8:04,2021-01-09,7:05
101004367023,Tree Trim,Parks and Recreation,1200 PRAIRIE ST&500 SAN JACINTO ST,1/9/2021 6:55,Service Completed,Resolved,2020-10-26 07:54:00, ,101004367023,2020-10-26,7:54,2021-01-09,6:55
101004366967,Tree Trim,Parks and Recreation,7418 THUROW ST,1/9/2021 6:40,Service Completed,Resolved,2020-10-26 07:39:00, ,101004366967,2020-10-26,7:39,2021-01-09,6:40
101004366901,Tree Removal,Parks and Recreation,11214 ROTH DR,12/16/2020 6:19,Service Completed,Resolved,2020-10-26 07:18:00, ,101004366901,2020-10-26,7:18,2020-12-16,6:19
101004366761,Tree Trim,Parks and Recreation,8611 ST LO RD,1/9/2021 5:19,Service Completed,Resolved,2020-10-26 06:18:00, ,101004366761,2020-10-26,6:18,2021-01-09,5:19
101004366659,Tree Trim,Parks and Recreation,3104 AUSTIN ST,1/9/2021 4:41,Service Completed,Resolved,2020-10-26 05:40:00, ,101004366659,2020-10-26,5:40,2021-01-09,4:41
101004366627,Tree Trim,Parks and Recreation,4803 W FUQUA ST,1/9/2021 4:24,Service Completed,Resolved,2020-10-26 05:23:00, ,101004366627,2020-10-26,5:23,2021-01-09,4:24
101004366587,Tree Removal,Parks and Recreation,14807 DOGWOOD TREE ST,12/16/2020 4:02,Service Completed,Resolved,2020-10-26 05:01:00, ,101004366587,2020-10-26,5:01,2020-12-16,4:02
176086-101004366578,Tree Trim,Parks and Recreation,10700 SEAFORD DR&10418 SOUTHPORT DR ,1/9/2021 4:00,Service Completed,Resolved,2020-10-26 04:59:00,176086,101004366578,2020-10-26,4:59,2021-01-09,4:00
176085-101004366478,Tree Trim,Parks and Recreation,600 ARLINGTON ST&3400 WHITE OAK DR,1/9/2021 3:13,Service Completed,Resolved,2020-10-26 04:12:00,176085,101004366478,2020-10-26,4:12,2021-01-09,3:13
176084-101004366467,Tree Removal,Parks and Recreation,5334 DARLINGHURST DR,12/16/2020 3:06,Service Completed,Resolved,2020-10-26 04:05:00,176084,101004366467,2020-10-26,4:05,2020-12-16,3:06
101004366457,Tree Trim,Parks and Recreation,228 E 38TH ST,1/9/2021 3:00,Service Completed,Resolved,2020-10-26 03:59:00, ,101004366457,2020-10-26,3:59,2021-01-09,3:00
101004366373,Tree Trim,Parks and Recreation,8245 JET PILOT ST,1/9/2021 2:16,Service Completed,Resolved,2020-10-26 03:15:00, ,101004366373,2020-10-26,3:15,2021-01-09,2:16
101004366151,Tree Trim,Parks and Recreation,  ,1/8/2021 10:14,Service Completed,Resolved,2020-10-25 11:13:00, ,101004366151,2020-10-25,11:13,2021-01-08,10:14
101004366037,Tree Removal,Parks and Recreation,7217 KINNEY ST,12/15/2020 6:17,Service Completed,Resolved,2020-10-25 07:16:00, ,101004366037,2020-10-25,7:16,2020-12-15,6:17
101004365929,Tree Trim,Parks and Recreation,3819 CETTI ST,1/8/2021 4:29,Service Completed,Resolved,2020-10-25 05:28:00, ,101004365929,2020-10-25,5:28,2021-01-08,4:29
101004365870,Tree Trim,Parks and Recreation,8906 BOB WHITE DR,1/7/2021 23:40,Service Completed,Resolved,2020-10-25 00:39:00, ,101004365870,2020-10-25,0:39,2021-01-07,23:40
101004365854,Tree Removal,Parks and Recreation,2519 HOUSTON AVE,12/14/2020 21:49,Service Completed,Resolved,2020-10-24 22:48:00, ,101004365854,2020-10-24,22:48,2020-12-14,21:49
176076-101004365773,Tree Trim,Parks and Recreation,610 OXFORD ST,1/7/2021 15:06,Service Completed,Resolved,2020-10-24 16:05:00,176076,101004365773,2020-10-24,16:05,2021-01-07,15:06
176075-101004365579,Tree Removal,Parks and Recreation,400 W 16TH ST&1600 ASHLAND ST,12/14/2020 9:30,Service Completed,Resolved,2020-10-24 10:29:00,176075,101004365579,2020-10-24,10:29,2020-12-14,9:30
176074-101004365533,Tree Removal,Parks and Recreation,9206 SANDLE ST,12/14/2020 8:50,Service Completed,Resolved,2020-10-24 09:49:00,176074,101004365533,2020-10-24,9:49,2020-12-14,8:50
101004365514,Tree Trim,Parks and Recreation,5527 BLACKJACK LN,1/7/2021 8:28,Service Completed,Resolved,2020-10-24 09:27:00, ,101004365514,2020-10-24,9:27,2021-01-07,8:28
176073-101004365446,Tree Trim,Parks and Recreation,7102 EDNA ST,1/7/2021 7:19,Service Completed,Resolved,2020-10-24 08:18:00,176073,101004365446,2020-10-24,8:18,2021-01-07,7:19
176072-101004365275,Tree Trim,Parks and Recreation,7903 STROUD DR,1/7/2021 3:13,Service Completed,Resolved,2020-10-24 04:12:00,176072,101004365275,2020-10-24,4:12,2021-01-07,3:13
101004365268,Tree Trim,Parks and Recreation,7745 DIXIE DR,1/7/2021 2:58,Service Completed,Resolved,2020-10-24 03:57:00, ,101004365268,2020-10-24,3:57,2021-01-07,2:58
176071-101004365193,Tree Removal,Parks and Recreation,310 MAGNOLIA DR,12/13/2020 21:49,Service Completed,Resolved,2020-10-23 22:48:00,176071,101004365193,2020-10-23,22:48,2020-12-13,21:49
176070-101004365147,Tree Trim,Parks and Recreation,859 USENER ST,1/6/2021 18:19,Service Completed,Resolved,2020-10-23 19:18:00,176070,101004365147,2020-10-23,19:18,2021-01-06,18:19
176069-101004365080,Tree Trim,Parks and Recreation,729 USENER ST,1/6/2021 16:40,Service Completed,Resolved,2020-10-23 17:39:00,176069,101004365080,2020-10-23,17:39,2021-01-06,16:40
176068-101004364900,Tree Trim,Parks and Recreation,1538 BEVIS ST,1/6/2021 12:16,Service Completed,Resolved,2020-10-23 13:15:00,176068,101004364900,2020-10-23,13:15,2021-01-06,12:16
176067-101004364825,Tree Removal,Parks and Recreation,5815 CAVALCADE ST,12/13/2020 11:16,Service Completed,Resolved,2020-10-23 12:15:00,176067,101004364825,2020-10-23,12:15,2020-12-13,11:16
176066-101004364815,Tree Trim,Parks and Recreation,2706 EAGLE ST,1/6/2021 11:11,Service Completed,Resolved,2020-10-23 12:10:00,176066,101004364815,2020-10-23,12:10,2021-01-06,11:11
176064-101004364578,Tree Trim,Parks and Recreation,4000 LATMA DR&9100 STELLA LINK RD,1/6/2021 9:31,Service Completed,Resolved,2020-10-23 10:30:00,176064,101004364578,2020-10-23,10:30,2021-01-06,9:31
176063-101004364505,Tree Trim,Parks and Recreation,526 HENKE ST,1/6/2021 9:05,Service Completed,Resolved,2020-10-23 10:04:00,176063,101004364505,2020-10-23,10:04,2021-01-06,9:05
176062-101004364466,Tree Removal,Parks and Recreation,2301 DRYDEN RD,12/13/2020 8:51,Service Completed,Resolved,2020-10-23 09:50:00,176062,101004364466,2020-10-23,9:50,2020-12-13,8:51
176061-101004364314,Tree Trim,Parks and Recreation,5942 HERMANN PARK DR,1/6/2021 7:27,Service Completed,Resolved,2020-10-23 08:26:00,176061,101004364314,2020-10-23,8:26,2021-01-06,7:27
176060-101004364304,Tree Trim,Parks and Recreation,14800 BATHURST DR&3900 SMOOTH OAK LN,1/6/2021 7:24,Service Completed,Resolved,2020-10-23 08:23:00,176060,101004364304,2020-10-23,8:23,2021-01-06,7:24
176059-101004364262,Tree Trim,Parks and Recreation,6305 HERMANN PARK DR,1/6/2021 7:09,Service Completed,Resolved,2020-10-23 08:08:00,176059,101004364262,2020-10-23,8:08,2021-01-06,7:09
176058-101004364255,Tree Trim,Parks and Recreation,1600 SUMMER ST,1/6/2021 7:05,Service Completed,Resolved,2020-10-23 08:04:00,176058,101004364255,2020-10-23,8:04,2021-01-06,7:05
176057-101004344035,Tree Trim,Parks and Recreation,9709 BELLAIRE BLVD,1/6/2021 4:40,Service Completed,Resolved,2020-10-23 05:39:00,176057,101004344035,2020-10-23,5:39,2021-01-06,4:40
176056-101004343929,Tree Removal,Parks and Recreation,5303 CREEKBEND DR,12/13/2020 3:52,Service Completed,Resolved,2020-10-23 04:51:00,176056,101004343929,2020-10-23,4:51,2020-12-13,3:52
101004343795,Tree Stump Grinding,Parks and Recreation,9518 BEVERLY HILL ST,2/16/2021 2:44,Service Completed,Resolved,2020-10-23 03:43:00, ,101004343795,2020-10-23,3:43,2021-02-16,2:44
176055-101004343455,Tree Removal,Parks and Recreation,505 E 9TH ST,12/12/2020 13:56,Service Completed,Resolved,2020-10-22 14:55:00,176055,101004343455,2020-10-22,14:55,2020-12-12,13:56
176053-101004343257,Tree Removal,Parks and Recreation,6123 BRIAR ROSE DR,12/12/2020 10:26,Service Completed,Resolved,2020-10-22 11:25:00,176053,101004343257,2020-10-22,11:25,2020-12-12,10:26
176050-101004343070,Tree Trim,Parks and Recreation,6517 W MONTGOMERY RD,1/5/2021 8:39,Service Completed,Resolved,2020-10-22 09:38:00,176050,101004343070,2020-10-22,9:38,2021-01-05,8:39
176049-101004342986,Tree Removal,Parks and Recreation,3102 NITA ST,12/12/2020 7:53,Service Completed,Resolved,2020-10-22 08:52:00,176049,101004342986,2020-10-22,8:52,2020-12-12,7:53
176045-101004342881,Tree Stump Grinding,Parks and Recreation,4395 VARSITY LN,2/15/2021 7:05,Service Completed,Resolved,2020-10-22 08:04:00,176045,101004342881,2020-10-22,8:04,2021-02-15,7:05
176044-101004342812,Tree Trim,Parks and Recreation,7515 WOODRIDGE PL,1/5/2021 6:34,Service Completed,Resolved,2020-10-22 07:33:00,176044,101004342812,2020-10-22,7:33,2021-01-05,6:34
176043-101004342748,Tree Trim,Parks and Recreation,2448 CARMEL ST,1/5/2021 6:01,Service Completed,Resolved,2020-10-22 07:00:00,176043,101004342748,2020-10-22,7:00,2021-01-05,6:01
176042-101004342744,Tree Trim,Parks and Recreation,9210 HOMESTEAD RD,1/5/2021 5:59,Service Completed,Resolved,2020-10-22 06:58:00,176042,101004342744,2020-10-22,6:58,2021-01-05,5:59
176041-101004342560,Tree Removal,Parks and Recreation,8312 LA ROCHE LN,12/12/2020 4:37,Service Completed,Resolved,2020-10-22 05:36:00,176041,101004342560,2020-10-22,5:36,2020-12-12,4:37
176040-101004342529,Tree Planting,Parks and Recreation,1502 ASBURY ST,11/16/2020 4:26,Service Completed,Resolved,2020-10-22 05:25:00,176040,101004342529,2020-10-22,5:25,2020-11-16,4:26
176039-101004342503,Tree Trim,Parks and Recreation,717 PACIFIC ST,1/5/2021 4:12,Service Completed,Resolved,2020-10-22 05:11:00,176039,101004342503,2020-10-22,5:11,2021-01-05,4:12
101004342445,Tree Trim,Parks and Recreation,2030 MCDUFFIE ST,1/5/2021 3:49,Service Completed,Resolved,2020-10-22 04:48:00, ,101004342445,2020-10-22,4:48,2021-01-05,3:49
176038-101004342409,Tree Removal,Parks and Recreation,1917 ASHLAND ST,12/12/2020 3:37,Service Completed,Resolved,2020-10-22 04:36:00,176038,101004342409,2020-10-22,4:36,2020-12-12,3:37
101004342389,Tree Removal,Parks and Recreation,13430 TOWNWOOD DR&3500 TRAIL LAKE DR,12/12/2020 3:28,Service Completed,Resolved,2020-10-22 04:27:00, ,101004342389,2020-10-22,4:27,2020-12-12,3:28
358069-101004342198,Tree Trim,Parks and Recreation,736 USENER ST,1/4/2021 19:31,Service Completed,Resolved,2020-10-21 20:30:00,358069,101004342198,2020-10-21,20:30,2021-01-04,19:31
101004342117,Tree Trim,Parks and Recreation,4800 BELLFORT ST&8400 CULLEN BLVD,1/4/2021 16:38,Service Completed,Resolved,2020-10-21 17:37:00, ,101004342117,2020-10-21,17:37,2021-01-04,16:38
176031-101004342033,Tree Trim,Parks and Recreation,808 HIGHLAND ST,1/4/2021 12:17,Service Completed,Resolved,2020-10-21 13:16:00,176031,101004342033,2020-10-21,13:16,2021-01-04,12:17
176030-101004341959,Tree Trim,Parks and Recreation,5509 ASHBY ST,1/4/2021 11:04,Service Completed,Resolved,2020-10-21 12:03:00,176030,101004341959,2020-10-21,12:03,2021-01-04,11:04
101004341897,Tree Trim,Parks and Recreation,7900 KIRBY DR&7900 MAIN ST,1/4/2021 10:30,Service Completed,Resolved,2020-10-21 11:29:00, ,101004341897,2020-10-21,11:29,2021-01-04,10:30
101004341846,Tree Trim,Parks and Recreation,3600 BRINKMAN ST&800 SARA ROSE ST,1/4/2021 10:09,Service Completed,Resolved,2020-10-21 11:08:00, ,101004341846,2020-10-21,11:08,2021-01-04,10:09
101004341827,Tree Removal,Parks and Recreation,4902 HEATHERGLEN DR,12/11/2020 10:01,Service Completed,Resolved,2020-10-21 11:00:00, ,101004341827,2020-10-21,11:00,2020-12-11,10:01
176028-101004341767,Tree Trim,Parks and Recreation,1507 REDWAY LN,1/4/2021 9:31,Service Completed,Resolved,2020-10-21 10:30:00,176028,101004341767,2020-10-21,10:30,2021-01-04,9:31
176025-101004341706,Tree Removal,Parks and Recreation,11215 SHANNON HILLS DR,12/11/2020 8:59,Service Completed,Resolved,2020-10-21 09:58:00,176025,101004341706,2020-10-21,9:58,2020-12-11,8:59
101004341693,Tree Removal,Parks and Recreation,3702 DUMBARTON ST,12/11/2020 8:53,Service Completed,Resolved,2020-10-21 09:52:00, ,101004341693,2020-10-21,9:52,2020-12-11,8:53
176024-101004341549,Tree Removal,Parks and Recreation,700 NORTHWOOD ST,12/11/2020 7:35,Service Completed,Resolved,2020-10-21 08:34:00,176024,101004341549,2020-10-21,8:34,2020-12-11,7:35
176022-101004341396,Tree Removal,Parks and Recreation,4058 MCDERMED DR,12/11/2020 6:19,Service Completed,Resolved,2020-10-21 07:18:00,176022,101004341396,2020-10-21,7:18,2020-12-11,6:19
176021-101004341317,Tree Trim,Parks and Recreation,2300 KINGWOOD DR&2600 WOODLAND HILLS DR,1/4/2021 5:44,Service Completed,Resolved,2020-10-21 06:43:00,176021,101004341317,2020-10-21,6:43,2021-01-04,5:44
176019-101004341281,Tree Trim,Parks and Recreation,5205 SHREVEPORT BLVD,1/4/2021 5:23,Service Completed,Resolved,2020-10-21 06:22:00,176019,101004341281,2020-10-21,6:22,2021-01-04,5:23
176018-101004341041,Tree Trim,Parks and Recreation,9211 HADDICK ST,1/4/2021 3:41,Service Completed,Resolved,2020-10-21 04:40:00,176018,101004341041,2020-10-21,4:40,2021-01-04,3:41
176015-101004340874,Tree Removal,Parks and Recreation,5622 DRYAD DR,12/11/2020 1:56,Service Completed,Resolved,2020-10-21 02:55:00,176015,101004340874,2020-10-21,2:55,2020-12-11,1:56
176013-101004340796,Tree Trim,Parks and Recreation,1862 BRANARD ST,1/3/2021 17:20,Service Completed,Resolved,2020-10-20 18:19:00,176013,101004340796,2020-10-20,18:19,2021-01-03,17:20
176012-101004340778,Tree Trim,Parks and Recreation,10110 WESTVIEW DR,1/3/2021 15:04,Service Completed,Resolved,2020-10-20 16:03:00,176012,101004340778,2020-10-20,16:03,2021-01-03,15:04
176011-101004340712,Tree Trim,Parks and Recreation,8115 LUGARY DR,1/3/2021 12:32,Service Completed,Resolved,2020-10-20 13:31:00,176011,101004340712,2020-10-20,13:31,2021-01-03,12:32
176010-101004340665,Tree Removal,Parks and Recreation,6630 IMOGENE ST,12/10/2020 11:41,Service Completed,Resolved,2020-10-20 12:40:00,176010,101004340665,2020-10-20,12:40,2020-12-10,11:41
176009-101004340478,Tree Removal,Parks and Recreation,8102 SANDHURST DR,12/10/2020 9:58,Service Completed,Resolved,2020-10-20 10:57:00,176009,101004340478,2020-10-20,10:57,2020-12-10,9:58
176005-101004340241,Tree Trim,Parks and Recreation,2506 AIRLINE DR&800 SERVICE ST,1/3/2021 8:29,Service Completed,Resolved,2020-10-20 09:28:00,176005,101004340241,2020-10-20,9:28,2021-01-03,8:29
176006-101004340240,Tree Removal,Parks and Recreation,4946 ALASKA ST,12/10/2020 8:29,Service Completed,Resolved,2020-10-20 09:28:00,176006,101004340240,2020-10-20,9:28,2020-12-10,8:29
176003-101004340182,Tree Removal,Parks and Recreation,212 N BRYAN ST,12/10/2020 8:04,Service Completed,Resolved,2020-10-20 09:03:00,176003,101004340182,2020-10-20,9:03,2020-12-10,8:04
176002-101004340126,Tree Trim,Parks and Recreation,8910 KENTSHIRE DR,1/3/2021 7:42,Service Completed,Resolved,2020-10-20 08:41:00,176002,101004340126,2020-10-20,8:41,2021-01-03,7:42
176000-101004340088,Tree Code Violation,Parks and Recreation,5030 DARNELL ST,12/11/2020 7:27,Service Completed,Resolved,2020-10-20 08:26:00,176000,101004340088,2020-10-20,8:26,2020-12-11,7:27
175999-101004340024,Tree Trim,Parks and Recreation,7900 RAMPART ST&5600 VALERIE ST,1/3/2021 7:05,Service Completed,Resolved,2020-10-20 08:04:00,175999,101004340024,2020-10-20,8:04,2021-01-03,7:05
175998-101004340013,Tree Trim,Parks and Recreation,6202 QUIET VILLAGE CT,1/3/2021 7:00,Service Completed,Resolved,2020-10-20 07:59:00,175998,101004340013,2020-10-20,7:59,2021-01-03,7:00
101004339482,Tree Removal,Parks and Recreation,406 ENID ST,12/10/2020 3:07,Service Completed,Resolved,2020-10-20 04:06:00, ,101004339482,2020-10-20,4:06,2020-12-10,3:07
175994-101004339439,Tree Trim,Parks and Recreation,7004 SANTA FE DR,1/3/2021 2:48,Service Completed,Resolved,2020-10-20 03:47:00,175994,101004339439,2020-10-20,3:47,2021-01-03,2:48
175989-101004339028,Tree Trim,Parks and Recreation,16103 BANTAM RIDGE CT,1/2/2021 10:38,Service Completed,Resolved,2020-10-19 11:37:00,175989,101004339028,2020-10-19,11:37,2021-01-02,10:38
175988-101004338991,Tree Removal,Parks and Recreation,9001 BRIAR FOREST DR,12/9/2020 10:13,Service Completed,Resolved,2020-10-19 11:12:00,175988,101004338991,2020-10-19,11:12,2020-12-09,10:13
175987-101004338984,Tree Trim,Parks and Recreation,5443 WILLOWBEND BLVD,1/2/2021 10:08,Service Completed,Resolved,2020-10-19 11:07:00,175987,101004338984,2020-10-19,11:07,2021-01-02,10:08
175986-101004338980,Tree Removal,Parks and Recreation,9462 FUQUA ST,12/9/2020 10:04,Service Completed,Resolved,2020-10-19 11:03:00,175986,101004338980,2020-10-19,11:03,2020-12-09,10:04
175980-101004338743,Tree Removal,Parks and Recreation,5601 W 34TH ST,12/9/2020 8:12,Service Completed,Resolved,2020-10-19 09:11:00,175980,101004338743,2020-10-19,9:11,2020-12-09,8:12
101004338633,Tree Removal,Parks and Recreation,109 STRATFORD ST,12/9/2020 7:28,Service Completed,Resolved,2020-10-19 08:27:00, ,101004338633,2020-10-19,8:27,2020-12-09,7:28
175978-101004338462,Tree Removal,Parks and Recreation,8911 LEYCREST RD,12/9/2020 6:22,Service Completed,Resolved,2020-10-19 07:21:00,175978,101004338462,2020-10-19,7:21,2020-12-09,6:22
175977-101004338388,Tree Removal,Parks and Recreation,7643 HEREFORD ST,12/9/2020 5:54,Service Completed,Resolved,2020-10-19 06:53:00,175977,101004338388,2020-10-19,6:53,2020-12-09,5:54
175976-101004338383,Tree Trim,Parks and Recreation,2313 MORSE ST,1/2/2021 5:52,Service Completed,Resolved,2020-10-19 06:51:00,175976,101004338383,2020-10-19,6:51,2021-01-02,5:52
175975-101004338282,Tree Removal,Parks and Recreation,5610 DOROTHY ANN DR,12/9/2020 5:08,Service Completed,Resolved,2020-10-19 06:07:00,175975,101004338282,2020-10-19,6:07,2020-12-09,5:08
175974-101004338214,Tree Trim,Parks and Recreation,6717 SHERMAN ST,1/2/2021 4:39,Service Completed,Resolved,2020-10-19 05:38:00,175974,101004338214,2020-10-19,5:38,2021-01-02,4:39
101004338204,Tree Trim,Parks and Recreation,7717 SHERMAN ST,1/2/2021 4:35,Service Completed,Resolved,2020-10-19 05:34:00, ,101004338204,2020-10-19,5:34,2021-01-02,4:35
175973-101004338195,Tree Removal,Parks and Recreation,1240 HEIGHTS BLVD,12/9/2020 4:32,Service Completed,Resolved,2020-10-19 05:31:00,175973,101004338195,2020-10-19,5:31,2020-12-09,4:32
175972-101004338145,Tree Trim,Parks and Recreation,6610 TUSKEGEE ST,1/2/2021 4:07,Service Completed,Resolved,2020-10-19 05:06:00,175972,101004338145,2020-10-19,5:06,2021-01-02,4:07
175971-101004338021,Tree Removal,Parks and Recreation,5362 FAIRDALE LN,12/9/2020 3:20,Service Completed,Resolved,2020-10-19 04:19:00,175971,101004338021,2020-10-19,4:19,2020-12-09,3:20
101004338010,Tree Trim,Parks and Recreation,6326 HAVENDALE DR,1/2/2021 3:15,Service Completed,Resolved,2020-10-19 04:14:00, ,101004338010,2020-10-19,4:14,2021-01-02,3:15
175970-101004337864,Tree Trim,Parks and Recreation,3915 RUSTIC WOODS DR,1/2/2021 2:11,Service Completed,Resolved,2020-10-19 03:10:00,175970,101004337864,2020-10-19,3:10,2021-01-02,2:11
175969-101004337835,Tree Trim,Parks and Recreation,200 E 11TH ST&1100 HARVARD ST,1/2/2021 1:44,Service Completed,Resolved,2020-10-19 02:43:00,175969,101004337835,2020-10-19,2:43,2021-01-02,1:44
175965-101004337603,Tree Code Violation,Parks and Recreation,5800 BEECHNUT ST&8400 DUNLAP ST,12/9/2020 9:23,Service Completed,Resolved,2020-10-18 10:22:00,175965,101004337603,2020-10-18,10:22,2020-12-09,9:23
175964-101004337174,Tree Removal,Parks and Recreation,2430 AIRLINE DR,12/7/2020 12:31,Service Completed,Resolved,2020-10-17 13:30:00,175964,101004337174,2020-10-17,13:30,2020-12-07,12:31
175963-101004337115,Tree Removal,Parks and Recreation,4204 BLOSSOM ST,12/7/2020 10:26,Service Completed,Resolved,2020-10-17 11:25:00,175963,101004337115,2020-10-17,11:25,2020-12-07,10:26
175962-101004336989,Tree Trim,Parks and Recreation,7443 CULLEN BLVD,12/31/2020 6:05,Service Completed,Resolved,2020-10-17 07:04:00,175962,101004336989,2020-10-17,7:04,2020-12-31,6:05
175961-101004336552,Tree Trim,Parks and Recreation,8407 SHARPVIEW DR,12/30/2020 10:36,Service Completed,Resolved,2020-10-16 11:35:00,175961,101004336552,2020-10-16,11:35,2020-12-30,10:36
175960-101004336551,Tree Trim,Parks and Recreation,2511 VALLEYFIELD DR,12/30/2020 10:36,Service Completed,Resolved,2020-10-16 11:35:00,175960,101004336551,2020-10-16,11:35,2020-12-30,10:36
175954-101004336432,Tree Removal,Parks and Recreation,4130 HUEY ST,12/6/2020 9:22,Service Completed,Resolved,2020-10-16 10:21:00,175954,101004336432,2020-10-16,10:21,2020-12-06,9:22
175953-101004336398,Tree Trim,Parks and Recreation,3211 HIGHLAND LAURELS DR,12/30/2020 9:02,Service Completed,Resolved,2020-10-16 10:01:00,175953,101004336398,2020-10-16,10:01,2020-12-30,9:02
175952-101004336383,Tree Trim,Parks and Recreation,1733 HAWTHORNE ST,12/30/2020 8:50,Service Completed,Resolved,2020-10-16 09:49:00,175952,101004336383,2020-10-16,9:49,2020-12-30,8:50
175950-101004336365,Tree Trim,Parks and Recreation,2112 COLQUITT ST,12/30/2020 8:33,Service Completed,Resolved,2020-10-16 09:32:00,175950,101004336365,2020-10-16,9:32,2020-12-30,8:33
175949-101004336353,Tree Trim,Parks and Recreation,3039 SKYPARK DR,12/30/2020 8:29,Service Completed,Resolved,2020-10-16 09:28:00,175949,101004336353,2020-10-16,9:28,2020-12-30,8:29
175948-101004336328,Tree Trim,Parks and Recreation,4100 GREELEY ST&700 W MAIN ST,12/30/2020 8:09,Service Completed,Resolved,2020-10-16 09:08:00,175948,101004336328,2020-10-16,9:08,2020-12-30,8:09
175947-101004336296,Tree Trim,Parks and Recreation,9423 MEADOWCROFT DR,12/30/2020 7:37,Service Completed,Resolved,2020-10-16 08:36:00,175947,101004336296,2020-10-16,8:36,2020-12-30,7:37
175946-101004336274,Tree Trim,Parks and Recreation,2009 JOHNSON ST,12/30/2020 7:19,Service Completed,Resolved,2020-10-16 08:18:00,175946,101004336274,2020-10-16,8:18,2020-12-30,7:19
175945-101004336182,Tree Trim,Parks and Recreation,8110 CREEKBEND DR,12/30/2020 6:09,Service Completed,Resolved,2020-10-16 07:08:00,175945,101004336182,2020-10-16,7:08,2020-12-30,6:09
175944-101004336135,Tree Trim,Parks and Recreation,6720 S HAYWOOD DR,12/30/2020 5:40,Service Completed,Resolved,2020-10-16 06:39:00,175944,101004336135,2020-10-16,6:39,2020-12-30,5:40
175943-101004336104,Tree Trim,Parks and Recreation,5722 GROVETON ST,12/30/2020 5:11,Service Completed,Resolved,2020-10-16 06:10:00,175943,101004336104,2020-10-16,6:10,2020-12-30,5:11
175942-101004336012,Tree Removal,Parks and Recreation,1300 ROY ST&5100 SCHULER ST,12/6/2020 4:14,Service Completed,Resolved,2020-10-16 05:13:00,175942,101004336012,2020-10-16,5:13,2020-12-06,4:14
175941-101004335917,Tree Trim,Parks and Recreation,1606 ROSEDALE ST,12/30/2020 3:16,Service Completed,Resolved,2020-10-16 04:15:00,175941,101004335917,2020-10-16,4:15,2020-12-30,3:16
175940-101004335784,Tree Code Violation,Parks and Recreation,1220 CALUMET ST,12/6/2020 22:35,Service Completed,Resolved,2020-10-15 23:34:00,175940,101004335784,2020-10-15,23:34,2020-12-06,22:35
175939-101004335777,Tree Trim,Parks and Recreation,1120 MOY ST,12/29/2020 22:04,Service Completed,Resolved,2020-10-15 23:03:00,175939,101004335777,2020-10-15,23:03,2020-12-29,22:04
175938-101004335664,Tree Trim,Parks and Recreation,4900 ALMEDA RD&1800 ROSEDALE ST,12/29/2020 15:51,Service Completed,Resolved,2020-10-15 16:50:00,175938,101004335664,2020-10-15,16:50,2020-12-29,15:51
175937-101004325539,Tree Trim,Parks and Recreation,8428 JOHN ST,12/29/2020 11:58,Service Completed,Resolved,2020-10-15 12:57:00,175937,101004325539,2020-10-15,12:57,2020-12-29,11:58
175936-101004325511,Tree Trim,Parks and Recreation,7025 AVENUE O,12/29/2020 11:31,Service Completed,Resolved,2020-10-15 12:30:00,175936,101004325511,2020-10-15,12:30,2020-12-29,11:31
175934-101004325471,Tree Trim,Parks and Recreation,10700 CLEMATIS LN&5100 WILLOWBEND BLVD ,12/29/2020 10:53,Service Completed,Resolved,2020-10-15 11:52:00,175934,101004325471,2020-10-15,11:52,2020-12-29,10:53
101004325468,Tree Trim,Parks and Recreation,10700 CLEMATIS LN&5100 WILLOWBEND BLVD ,12/29/2020 10:52,Service Completed,Resolved,2020-10-15 11:51:00, ,101004325468,2020-10-15,11:51,2020-12-29,10:52
175930-101004325401,Tree Trim,Parks and Recreation,7607 HARPERS GLEN LN,12/29/2020 10:20,Service Completed,Resolved,2020-10-15 11:19:00,175930,101004325401,2020-10-15,11:19,2020-12-29,10:20
175928-101004325336,Tree Trim,Parks and Recreation,5103 WILLOWBEND BLVD,12/29/2020 9:47,Service Completed,Resolved,2020-10-15 10:46:00,175928,101004325336,2020-10-15,10:46,2020-12-29,9:47
175927-101004325272,Tree Trim,Parks and Recreation,9800 LUM LN&9080 STERLINGSHIRE ST,12/29/2020 9:17,Service Completed,Resolved,2020-10-15 10:16:00,175927,101004325272,2020-10-15,10:16,2020-12-29,9:17
175926-101004325253,Tree Trim,Parks and Recreation,8002 AIRLINE DR,12/29/2020 9:09,Service Completed,Resolved,2020-10-15 10:08:00,175926,101004325253,2020-10-15,10:08,2020-12-29,9:09
175925-101004325232,Tree Trim,Parks and Recreation,4102 RUSTIC WOODS DR,12/29/2020 8:56,Service Completed,Resolved,2020-10-15 09:55:00,175925,101004325232,2020-10-15,9:55,2020-12-29,8:56
175924-101004325129,Tree Removal,Parks and Recreation,1752 KIPLING ST,12/5/2020 8:15,Service Completed,Resolved,2020-10-15 09:14:00,175924,101004325129,2020-10-15,9:14,2020-12-05,8:15
175923-101004325059,Tree Trim,Parks and Recreation,919 ROPER ST,12/29/2020 7:48,Service Completed,Resolved,2020-10-15 08:47:00,175923,101004325059,2020-10-15,8:47,2020-12-29,7:48
175921-101004324841,Tree Trim,Parks and Recreation,1100 W 34TH ST,12/29/2020 6:00,Service Completed,Resolved,2020-10-15 06:59:00,175921,101004324841,2020-10-15,6:59,2020-12-29,6:00
175920-101004324794,Tree Removal,Parks and Recreation,1902 HUGE OAKS ST,12/5/2020 5:30,Service Completed,Resolved,2020-10-15 06:29:00,175920,101004324794,2020-10-15,6:29,2020-12-05,5:30
175919-101004324767,Tree Removal,Parks and Recreation,2247 ROBINHOOD ST,12/5/2020 5:13,Service Completed,Resolved,2020-10-15 06:12:00,175919,101004324767,2020-10-15,6:12,2020-12-05,5:13
175918-101004324689,Tree Trim,Parks and Recreation,11214 ASH CREEK DR,12/29/2020 4:32,Service Completed,Resolved,2020-10-15 05:31:00,175918,101004324689,2020-10-15,5:31,2020-12-29,4:32
175917-101004324678,Tree Trim,Parks and Recreation,2203 CAMPBELL RD,12/29/2020 4:27,Service Completed,Resolved,2020-10-15 05:26:00,175917,101004324678,2020-10-15,5:26,2020-12-29,4:27
175916-101004324643,Tree Removal,Parks and Recreation,11022 SAGEMEADOW LN,12/5/2020 4:09,Service Completed,Resolved,2020-10-15 05:08:00,175916,101004324643,2020-10-15,5:08,2020-12-05,4:09
175914-101004324599,Tree Trim,Parks and Recreation,8100 AMELIA RD&1900 SPENWICK DR,12/29/2020 3:49,Service Completed,Resolved,2020-10-15 04:48:00,175914,101004324599,2020-10-15,4:48,2020-12-29,3:49
175915-101004324595,Tree Trim,Parks and Recreation,8180 RAVENWOOD CIR&1952 SPENWICK DR,12/29/2020 3:48,Service Completed,Resolved,2020-10-15 04:47:00,175915,101004324595,2020-10-15,4:47,2020-12-29,3:48
175913-101004324590,Tree Trim,Parks and Recreation,1828 COUNTER POINT DR&7500 HIGHCREST DR,12/29/2020 3:45,Service Completed,Resolved,2020-10-15 04:44:00,175913,101004324590,2020-10-15,4:44,2020-12-29,3:45
175912-101004324581,Tree Trim,Parks and Recreation,7800 JANAK DR&1600 JOHANNA DR,12/29/2020 3:42,Service Completed,Resolved,2020-10-15 04:41:00,175912,101004324581,2020-10-15,4:41,2020-12-29,3:42
175911-101004324452,Tree Trim,Parks and Recreation,  ,12/29/2020 2:32,Service Completed,Resolved,2020-10-15 03:31:00,175911,101004324452,2020-10-15,3:31,2020-12-29,2:32
175910-101004324373,Tree Trim,Parks and Recreation,11111 LANDS WALK DR,12/28/2020 21:23,Service Completed,Resolved,2020-10-14 22:22:00,175910,101004324373,2020-10-14,22:22,2020-12-28,21:23
175909-101004324361,Tree Trim,Parks and Recreation,1800 NASA PKWY&17900 SATURN LN,12/28/2020 20:24,Service Completed,Resolved,2020-10-14 21:23:00,175909,101004324361,2020-10-14,21:23,2020-12-28,20:24
175908-101004324264,Tree Trim,Parks and Recreation,6319 SHERINGHAM ST,12/28/2020 15:35,Service Completed,Resolved,2020-10-14 16:34:00,175908,101004324264,2020-10-14,16:34,2020-12-28,15:35
175907-101004324251,Tree Trim,Parks and Recreation,904 DALLAS ST,12/28/2020 15:17,Service Completed,Resolved,2020-10-14 16:16:00,175907,101004324251,2020-10-14,16:16,2020-12-28,15:17
175906-101004324212,Tree Trim,Parks and Recreation,14110 SANDFIELD DR,12/28/2020 14:31,Service Completed,Resolved,2020-10-14 15:30:00,175906,101004324212,2020-10-14,15:30,2020-12-28,14:31
175905-101004324125,Tree Trim,Parks and Recreation,7002 CAROTHERS ST,12/28/2020 11:53,Service Completed,Resolved,2020-10-14 12:52:00,175905,101004324125,2020-10-14,12:52,2020-12-28,11:53
175904-101004324105,Tree Trim,Parks and Recreation,4430 LEELAND ST,12/28/2020 11:31,Service Completed,Resolved,2020-10-14 12:30:00,175904,101004324105,2020-10-14,12:30,2020-12-28,11:31
175903-101004324100,Tree Removal,Parks and Recreation,5212 KIAM ST,12/4/2020 11:22,Service Completed,Resolved,2020-10-14 12:21:00,175903,101004324100,2020-10-14,12:21,2020-12-04,11:22
175902-101004324082,Tree Trim,Parks and Recreation,10700 ROSEHAVEN DR,12/28/2020 11:07,Service Completed,Resolved,2020-10-14 12:06:00,175902,101004324082,2020-10-14,12:06,2020-12-28,11:07
175899-101004324055,Tree Trim,Parks and Recreation,600 OXFORD ST&3200 WHITE OAK DR,12/28/2020 10:47,Service Completed,Resolved,2020-10-14 11:46:00,175899,101004324055,2020-10-14,11:46,2020-12-28,10:47
175895-101004323913,Tree Trim,Parks and Recreation,8918 BRAE ACRES RD,12/28/2020 9:17,Service Completed,Resolved,2020-10-14 10:16:00,175895,101004323913,2020-10-14,10:16,2020-12-28,9:17
175894-101004323696,Tree Trim,Parks and Recreation,5402 S CROOKED CREEK DR,12/28/2020 7:15,Service Completed,Resolved,2020-10-14 08:14:00,175894,101004323696,2020-10-14,8:14,2020-12-28,7:15
175893-101004323501,Tree Removal,Parks and Recreation,4137 DOVER ST,12/4/2020 5:53,Service Completed,Resolved,2020-10-14 06:52:00,175893,101004323501,2020-10-14,6:52,2020-12-04,5:53
175892-101004323363,Tree Trim,Parks and Recreation,5847 LOMA LINDA ST,12/28/2020 4:43,Service Completed,Resolved,2020-10-14 05:42:00,175892,101004323363,2020-10-14,5:42,2020-12-28,4:43
175890-101004323287,Tree Trim,Parks and Recreation,6700 DILLON ST&7300 STATION DR,12/28/2020 4:03,Service Completed,Resolved,2020-10-14 05:02:00,175890,101004323287,2020-10-14,5:02,2020-12-28,4:03
175889-101004323187,Tree Trim,Parks and Recreation,9814 W JENNIFER WAY DR,12/28/2020 3:18,Service Completed,Resolved,2020-10-14 04:17:00,175889,101004323187,2020-10-14,4:17,2020-12-28,3:18
101004323015,Tree Trim,Parks and Recreation,5100 BLISS ST&8100 ELROD ST,12/28/2020 1:46,Service Completed,Resolved,2020-10-14 02:45:00, ,101004323015,2020-10-14,2:45,2020-12-28,1:46
175883-101004322998,Tree Trim,Parks and Recreation,100 CRESTWOOD DR&6300 MEMORIAL DR ,12/28/2020 1:24,Service Completed,Resolved,2020-10-14 02:23:00,175883,101004322998,2020-10-14,2:23,2020-12-28,1:24
175882-101004322993,Tree Trim,Parks and Recreation,2329 BLALOCK RD,12/28/2020 1:17,Service Completed,Resolved,2020-10-14 02:16:00,175882,101004322993,2020-10-14,2:16,2020-12-28,1:17
101004322592,Tree Trim,Parks and Recreation,6102 LYMBAR DR,12/27/2020 11:11,Service Completed,Resolved,2020-10-13 12:10:00, ,101004322592,2020-10-13,12:10,2020-12-27,11:11
175876-101004322483,Tree Removal,Parks and Recreation,2025 ALBANS RD,12/3/2020 10:12,Service Completed,Resolved,2020-10-13 11:11:00,175876,101004322483,2020-10-13,11:11,2020-12-03,10:12
175874-101004322390,Tree Trim,Parks and Recreation,2400 BLALOCK RD&9440 EMNORA LN,12/27/2020 9:14,Service Completed,Resolved,2020-10-13 10:13:00,175874,101004322390,2020-10-13,10:13,2020-12-27,9:14
175873-101004322226,Tree Trim,Parks and Recreation,7806 BARBERTON DR,12/27/2020 7:56,Service Completed,Resolved,2020-10-13 08:55:00,175873,101004322226,2020-10-13,8:55,2020-12-27,7:56
175872-101004322211,Tree Removal,Parks and Recreation,423 BYRNE ST,12/3/2020 7:50,Service Completed,Resolved,2020-10-13 08:49:00,175872,101004322211,2020-10-13,8:49,2020-12-03,7:50
175870-101004322169,Tree Stump Grinding,Parks and Recreation,8300 VETERANS MEMORIAL DR,2/6/2021 7:31,Service Completed,Resolved,2020-10-13 08:30:00,175870,101004322169,2020-10-13,8:30,2021-02-06,7:31
175869-101004322024,Tree Removal,Parks and Recreation,527 GLENBURNIE DR,12/3/2020 6:32,Service Completed,Resolved,2020-10-13 07:31:00,175869,101004322024,2020-10-13,7:31,2020-12-03,6:32
175868-101004322010,Tree Removal,Parks and Recreation,527 GLENBURNIE DR,12/3/2020 6:25,Service Completed,Resolved,2020-10-13 07:24:00,175868,101004322010,2020-10-13,7:24,2020-12-03,6:25
175867-101004321990,Tree Removal,Parks and Recreation,3730 S ACRES DR,12/3/2020 6:17,Service Completed,Resolved,2020-10-13 07:16:00,175867,101004321990,2020-10-13,7:16,2020-12-03,6:17
175866-101004321988,Tree Trim,Parks and Recreation,8734 BEVERLY HILL ST&3200 CROSSVIEW DR,12/27/2020 6:17,Service Completed,Resolved,2020-10-13 07:16:00,175866,101004321988,2020-10-13,7:16,2020-12-27,6:17
175865-101004321922,Tree Removal,Parks and Recreation,607 E 10TH ST,12/3/2020 5:46,Service Completed,Resolved,2020-10-13 06:45:00,175865,101004321922,2020-10-13,6:45,2020-12-03,5:46
175853-101004321502,Tree Removal,Parks and Recreation,5418 W BELLFORT AVE,12/3/2020 2:25,Service Completed,Resolved,2020-10-13 03:24:00,175853,101004321502,2020-10-13,3:24,2020-12-03,2:25
175850-101004321463,Tree Removal,Parks and Recreation,228 E 38TH ST,12/3/2020 1:51,Service Completed,Resolved,2020-10-13 02:50:00,175850,101004321463,2020-10-13,2:50,2020-12-03,1:51
101004320947,Tree Removal,Parks and Recreation,11120 CHEEVES DR&6500 HANLEY LN ,12/2/2020 9:34,Service Completed,Resolved,2020-10-12 10:33:00, ,101004320947,2020-10-12,10:33,2020-12-02,9:34
175844-101004320826,Tree Trim,Parks and Recreation,4822 SOUTHERLAND RD,12/26/2020 8:38,Service Completed,Resolved,2020-10-12 09:37:00,175844,101004320826,2020-10-12,9:37,2020-12-26,8:38
175843-101004320793,Tree Trim,Parks and Recreation,710 RUTLAND ST,12/26/2020 8:24,Service Completed,Resolved,2020-10-12 09:23:00,175843,101004320793,2020-10-12,9:23,2020-12-26,8:24
175842-101004320786,Tree Trim,Parks and Recreation,64 BURBANK ST,12/26/2020 8:19,Service Completed,Resolved,2020-10-12 09:18:00,175842,101004320786,2020-10-12,9:18,2020-12-26,8:19
175839-101004320704,Tree Trim,Parks and Recreation,4211 WILMER ST,12/26/2020 7:41,Service Completed,Resolved,2020-10-12 08:40:00,175839,101004320704,2020-10-12,8:40,2020-12-26,7:41
101004320660,Tree Removal,Parks and Recreation,5706 CHELTENHAM DR,12/2/2020 7:24,Service Completed,Resolved,2020-10-12 08:23:00, ,101004320660,2020-10-12,8:23,2020-12-02,7:24
175838-101004320649,Tree Trim,Parks and Recreation,5111 SCHULER ST,12/26/2020 7:20,Service Completed,Resolved,2020-10-12 08:19:00,175838,101004320649,2020-10-12,8:19,2020-12-26,7:20
175837-101004320641,Tree Trim,Parks and Recreation,2176 DRYDEN RD,12/26/2020 7:16,Service Completed,Resolved,2020-10-12 08:15:00,175837,101004320641,2020-10-12,8:15,2020-12-26,7:16
175836-101004320624,Tree Trim,Parks and Recreation,911 FRIO ST,12/26/2020 7:06,Service Completed,Resolved,2020-10-12 08:05:00,175836,101004320624,2020-10-12,8:05,2020-12-26,7:06
175834-101004320558,Tree Removal,Parks and Recreation,10930 SAGEMEADOW LN,12/2/2020 6:39,Service Completed,Resolved,2020-10-12 07:38:00,175834,101004320558,2020-10-12,7:38,2020-12-02,6:39
175822-101004320304,Tree Removal,Parks and Recreation,7643 HEREFORD ST,12/2/2020 4:53,Service Completed,Resolved,2020-10-12 05:52:00,175822,101004320304,2020-10-12,5:52,2020-12-02,4:53
175820-101004320274,Tree Removal,Parks and Recreation,5450 HUMMINGBIRD ST,12/2/2020 4:42,Service Completed,Resolved,2020-10-12 05:41:00,175820,101004320274,2020-10-12,5:41,2020-12-02,4:42
175817-101004320049,Tree Trim,Parks and Recreation,8600 CHIMNEY ROCK RD&5300 INDIGO ST,12/26/2020 3:09,Service Completed,Resolved,2020-10-12 04:08:00,175817,101004320049,2020-10-12,4:08,2020-12-26,3:09
175816-101004319971,Tree Trim,Parks and Recreation,1110 PRESTON ST,12/26/2020 2:20,Service Completed,Resolved,2020-10-12 03:19:00,175816,101004319971,2020-10-12,3:19,2020-12-26,2:20
175814-101004319893,Tree Trim,Parks and Recreation,4102 A LILLIAN ST,12/26/2020 0:44,Service Completed,Resolved,2020-10-12 01:43:00,175814,101004319893,2020-10-12,1:43,2020-12-26,0:44
175813-101004319845,Tree Trim,Parks and Recreation,146 N DEER LAKE RD,12/25/2020 20:29,Service Completed,Resolved,2020-10-11 21:28:00,175813,101004319845,2020-10-11,21:28,2020-12-25,20:29
175812-101004319720,Tree Removal,Parks and Recreation,900 KRESS ST&6300 MARKET ST,12/1/2020 13:23,Service Completed,Resolved,2020-10-11 14:22:00,175812,101004319720,2020-10-11,14:22,2020-12-01,13:23
175811-101004319630,Tree Removal,Parks and Recreation,2015 SCHWEIKHARDT ST,12/1/2020 10:03,Service Completed,Resolved,2020-10-11 11:02:00,175811,101004319630,2020-10-11,11:02,2020-12-01,10:03
175810-101004319361,Tree Trim,Parks and Recreation,3422 MAINER ST,12/25/2020 4:22,Service Completed,Resolved,2020-10-11 05:21:00,175810,101004319361,2020-10-11,5:21,2020-12-25,4:22
175809-101004319359,Tree Trim,Parks and Recreation,6000 BAYOU BRIDGE DR&9600 GLENFIELD CT,12/25/2020 4:21,Service Completed,Resolved,2020-10-11 05:20:00,175809,101004319359,2020-10-11,5:20,2020-12-25,4:21
175808-101004319334,Tree Removal,Parks and Recreation,942 THORNTON RD,12/1/2020 3:39,Service Completed,Resolved,2020-10-11 04:38:00,175808,101004319334,2020-10-11,4:38,2020-12-01,3:39
175807-101004319086,Tree Trim,Parks and Recreation,1148 DU BARRY LN,12/24/2020 11:02,Service Completed,Resolved,2020-10-10 12:01:00,175807,101004319086,2020-10-10,12:01,2020-12-24,11:02
175806-101004318992,Tree Removal,Parks and Recreation,1600 BASS ST&0 KATY FWY,11/30/2020 9:20,Service Completed,Resolved,2020-10-10 10:19:00,175806,101004318992,2020-10-10,10:19,2020-11-30,9:20
175805-101004318952,Tree Code Violation,Parks and Recreation,7658 OAK VISTA ST,12/1/2020 8:32,Service Completed,Resolved,2020-10-10 09:31:00,175805,101004318952,2020-10-10,9:31,2020-12-01,8:32
175804-101004318939,Tree Trim,Parks and Recreation,7400 GAINESVILLE ST&200 HARBOR ST,12/24/2020 8:13,Service Completed,Resolved,2020-10-10 09:12:00,175804,101004318939,2020-10-10,9:12,2020-12-24,8:13
175803-101004318825,Tree Removal,Parks and Recreation,1942 W MCKINNEY ST,11/30/2020 5:36,Service Completed,Resolved,2020-10-10 06:35:00,175803,101004318825,2020-10-10,6:35,2020-11-30,5:36
101004318745,Tree Trim,Parks and Recreation,100 CRESTWOOD DR&6300 MEMORIAL DR ,12/24/2020 3:50,Service Completed,Resolved,2020-10-10 04:49:00, ,101004318745,2020-10-10,4:49,2020-12-24,3:50
175801-101004318688,Tree Trim,Parks and Recreation,1112 E 16TH ST,12/24/2020 2:01,Service Completed,Resolved,2020-10-10 03:00:00,175801,101004318688,2020-10-10,3:00,2020-12-24,2:01
175800-101004318671,Tree Trim,Parks and Recreation,3737 SYNOTT RD,12/23/2020 23:37,Service Completed,Resolved,2020-10-10 00:36:00,175800,101004318671,2020-10-10,0:36,2020-12-23,23:37
175799-101004318667,Tree Removal,Parks and Recreation,4735 REDBUD ST,11/29/2020 23:24,Service Completed,Resolved,2020-10-10 00:23:00,175799,101004318667,2020-10-10,0:23,2020-11-29,23:24
101004318473,Tree Trim,Parks and Recreation,13900 CROQUET LN&6000 DARLINGHURST DR,12/23/2020 13:30,Service Completed,Resolved,2020-10-09 14:29:00, ,101004318473,2020-10-09,14:29,2020-12-23,13:30
175798-101004318471,Tree Trim,Parks and Recreation,6100 HEATHERBLOOM DR&6112 OAKHAM ST,12/23/2020 13:29,Service Completed,Resolved,2020-10-09 14:28:00,175798,101004318471,2020-10-09,14:28,2020-12-23,13:29
101004318330,Tree Trim,Parks and Recreation,3210 FIRNAT ST,12/23/2020 11:24,Service Completed,Resolved,2020-10-09 12:23:00, ,101004318330,2020-10-09,12:23,2020-12-23,11:24
175797-101004318227,Tree Trim,Parks and Recreation,6119 LYMBAR DR,12/23/2020 10:32,Service Completed,Resolved,2020-10-09 11:31:00,175797,101004318227,2020-10-09,11:31,2020-12-23,10:32
101004318204,Tree Trim,Parks and Recreation,910 C SNOVER ST,12/23/2020 10:21,Service Completed,Resolved,2020-10-09 11:20:00, ,101004318204,2020-10-09,11:20,2020-12-23,10:21
175796-101004318191,Tree Trim,Parks and Recreation,8614 WOODPATH LN,12/23/2020 10:15,Service Completed,Resolved,2020-10-09 11:14:00,175796,101004318191,2020-10-09,11:14,2020-12-23,10:15
175795-101004318186,Tree Trim,Parks and Recreation,2335 SWIFT BLVD,12/23/2020 10:13,Service Completed,Resolved,2020-10-09 11:12:00,175795,101004318186,2020-10-09,11:12,2020-12-23,10:13
175794-101004318115,Tree Trim,Parks and Recreation,4900 CAROLINE ST&1300 ROSEDALE ST,12/23/2020 9:45,Service Completed,Resolved,2020-10-09 10:44:00,175794,101004318115,2020-10-09,10:44,2020-12-23,9:45
101004318111,Tree Removal,Parks and Recreation,13803 WALNUT HOLLOW LN,11/29/2020 9:43,Service Completed,Resolved,2020-10-09 10:42:00, ,101004318111,2020-10-09,10:42,2020-11-29,9:43
101004318040,Tree Trim,Parks and Recreation,8006 SHARPCREST ST,12/23/2020 9:12,Service Completed,Resolved,2020-10-09 10:11:00, ,101004318040,2020-10-09,10:11,2020-12-23,9:12
101004318038,Tree Trim,Parks and Recreation,1711 WESTHEIMER RD,12/23/2020 9:12,Service Completed,Resolved,2020-10-09 10:11:00, ,101004318038,2020-10-09,10:11,2020-12-23,9:12
175789-101004317918,Tree Removal,Parks and Recreation,10930 SAGEMEADOW LN,11/29/2020 8:19,Service Completed,Resolved,2020-10-09 09:18:00,175789,101004317918,2020-10-09,9:18,2020-11-29,8:19
101004317904,Tree Trim,Parks and Recreation,16627 SEAWOLF DR,12/23/2020 8:13,Service Completed,Resolved,2020-10-09 09:12:00, ,101004317904,2020-10-09,9:12,2020-12-23,8:13
101004317860,Tree Trim,Parks and Recreation,1718 ROY ST,12/23/2020 7:53,Service Completed,Resolved,2020-10-09 08:52:00, ,101004317860,2020-10-09,8:52,2020-12-23,7:53
101004317614,Tree Code Violation,Parks and Recreation,6100 TYNE ST&1600 UTAH ST,11/30/2020 5:32,Service Completed,Resolved,2020-10-09 06:31:00, ,101004317614,2020-10-09,6:31,2020-11-30,5:32
175788-101004317566,Tree Trim,Parks and Recreation,4900 CAROLINE ST&1300 ROSEDALE ST,12/23/2020 5:08,Service Completed,Resolved,2020-10-09 06:07:00,175788,101004317566,2020-10-09,6:07,2020-12-23,5:08
101004317553,Tree Trim,Parks and Recreation,4900 CAROLINE ST&1300 ROSEDALE ST,12/23/2020 5:02,Service Completed,Resolved,2020-10-09 06:01:00, ,101004317553,2020-10-09,6:01,2020-12-23,5:02
101004317498,Tree Trim,Parks and Recreation,7311 HURTGEN FOREST RD,12/23/2020 4:26,Service Completed,Resolved,2020-10-09 05:25:00, ,101004317498,2020-10-09,5:25,2020-12-23,4:26
101004317468,Tree Trim,Parks and Recreation,3003 HOUSTON AVE,12/23/2020 4:11,Service Completed,Resolved,2020-10-09 05:10:00, ,101004317468,2020-10-09,5:10,2020-12-23,4:11
175787-101004317461,Tree Trim,Parks and Recreation,2400 JACKSON ST&1700 MCILHENNY ST,12/23/2020 4:08,Service Completed,Resolved,2020-10-09 05:07:00,175787,101004317461,2020-10-09,5:07,2020-12-23,4:08
175786-101004317378,Tree Trim,Parks and Recreation,1303 REGAL ST,12/23/2020 3:28,Service Completed,Resolved,2020-10-09 04:27:00,175786,101004317378,2020-10-09,4:27,2020-12-23,3:28
101004317368,Tree Trim,Parks and Recreation,2400 JACKSON ST&1700 MCILHENNY ST,12/23/2020 3:22,Service Completed,Resolved,2020-10-09 04:21:00, ,101004317368,2020-10-09,4:21,2020-12-23,3:22
175785-101004317362,Tree Removal,Parks and Recreation,7519 TIMBERWAY LN,11/29/2020 3:19,Service Completed,Resolved,2020-10-09 04:18:00,175785,101004317362,2020-10-09,4:18,2020-11-29,3:19
101004317332,Tree Trim,Parks and Recreation,8787 BRAE ACRES RD,12/23/2020 2:58,Service Completed,Resolved,2020-10-09 03:57:00, ,101004317332,2020-10-09,3:57,2020-12-23,2:58
175784-101004317194,Tree Trim,Parks and Recreation,1200 MCILHENNY ST&2406 SAN JACINTO ST,12/22/2020 23:29,Service Completed,Resolved,2020-10-09 00:28:00,175784,101004317194,2020-10-09,0:28,2020-12-22,23:29
175783-101004317186,Tree Removal,Parks and Recreation,5333 BERRY CREEK DR,11/28/2020 22:14,Service Completed,Resolved,2020-10-08 23:13:00,175783,101004317186,2020-10-08,23:13,2020-11-28,22:14
101004316934,Tree Removal,Parks and Recreation,14101 BLUEBIRD LN,11/28/2020 11:52,Service Completed,Resolved,2020-10-08 12:51:00, ,101004316934,2020-10-08,12:51,2020-11-28,11:52
101004316923,Tree Trim,Parks and Recreation,14311 QUENTION DR,12/22/2020 11:34,Service Completed,Resolved,2020-10-08 12:33:00, ,101004316923,2020-10-08,12:33,2020-12-22,11:34
101004316913,Tree Trim,Parks and Recreation,7600 HAMMERLY BLVD&2000 WOODVINE DR,12/22/2020 11:27,Service Completed,Resolved,2020-10-08 12:26:00, ,101004316913,2020-10-08,12:26,2020-12-22,11:27
175782-101004316731,Tree Trim,Parks and Recreation,900 POLK ST&1300 TRAVIS ST,12/22/2020 10:01,Service Completed,Resolved,2020-10-08 11:00:00,175782,101004316731,2020-10-08,11:00,2020-12-22,10:01
175777-101004316567,Tree Trim,Parks and Recreation,346 SPELL ST,12/22/2020 9:12,Service Completed,Resolved,2020-10-08 10:11:00,175777,101004316567,2020-10-08,10:11,2020-12-22,9:12
175776-101004316502,Tree Trim,Parks and Recreation,1819 COMMERCE ST,12/22/2020 8:45,Service Completed,Resolved,2020-10-08 09:44:00,175776,101004316502,2020-10-08,9:44,2020-12-22,8:45
101004316403,Tree Removal,Parks and Recreation,8101 BOB WHITE DR,11/28/2020 7:59,Service Completed,Resolved,2020-10-08 08:58:00, ,101004316403,2020-10-08,8:58,2020-11-28,7:59
175775-101004316278,Tree Removal,Parks and Recreation,12217 DUMAS ST,11/28/2020 6:59,Service Completed,Resolved,2020-10-08 07:58:00,175775,101004316278,2020-10-08,7:58,2020-11-28,6:59
175774-101004316166,Tree Removal,Parks and Recreation,3218 ANDERSON RD,11/28/2020 6:00,Service Completed,Resolved,2020-10-08 06:59:00,175774,101004316166,2020-10-08,6:59,2020-11-28,6:00
101004316140,Tree Trim,Parks and Recreation,1500 BLALOCK RD&9392 LONG POINT RD,12/22/2020 5:48,Service Completed,Resolved,2020-10-08 06:47:00, ,101004316140,2020-10-08,6:47,2020-12-22,5:48
101004316079,Tree Trim,Parks and Recreation,4400 KINGWOOD DR&3000 W LAKE HOUSTON PKWY,12/22/2020 5:24,Service Completed,Resolved,2020-10-08 06:23:00, ,101004316079,2020-10-08,6:23,2020-12-22,5:24
175772-101004316075,Tree Removal,Parks and Recreation,5715 BERRY CREEK DR,11/28/2020 5:22,Service Completed,Resolved,2020-10-08 06:21:00,175772,101004316075,2020-10-08,6:21,2020-11-28,5:22
175771-101004316049,Tree Removal,Parks and Recreation,1120 W DREW ST,11/28/2020 5:07,Service Completed,Resolved,2020-10-08 06:06:00,175771,101004316049,2020-10-08,6:06,2020-11-28,5:07
101004315870,Tree Trim,Parks and Recreation,2401 SAN JACINTO ST,12/22/2020 3:57,Service Completed,Resolved,2020-10-08 04:56:00, ,101004315870,2020-10-08,4:56,2020-12-22,3:57
101004315859,Tree Trim,Parks and Recreation,215 MILL STREAM LN,12/22/2020 3:51,Service Completed,Resolved,2020-10-08 04:50:00, ,101004315859,2020-10-08,4:50,2020-12-22,3:51
175768-101004315786,Tree Trim,Parks and Recreation,1620 NORTH BLVD,12/22/2020 3:11,Service Completed,Resolved,2020-10-08 04:10:00,175768,101004315786,2020-10-08,4:10,2020-12-22,3:11
175767-101004315749,Tree Trim,Parks and Recreation,7185 SANTA FE DR,12/22/2020 2:57,Service Completed,Resolved,2020-10-08 03:56:00,175767,101004315749,2020-10-08,3:56,2020-12-22,2:57
175760-101004315539,Tree Removal,Parks and Recreation,15010 RADWELL CT,11/27/2020 22:14,Service Completed,Resolved,2020-10-07 23:13:00,175760,101004315539,2020-10-07,23:13,2020-11-27,22:14
175758-101004315351,Tree Removal,Parks and Recreation,1520 RIDGEWOOD ST,11/27/2020 13:37,Service Completed,Resolved,2020-10-07 14:36:00,175758,101004315351,2020-10-07,14:36,2020-11-27,13:37
101004315311,Tree Trim,Parks and Recreation,6403 S LOOP E FWY,12/21/2020 12:41,Service Completed,Resolved,2020-10-07 13:40:00, ,101004315311,2020-10-07,13:40,2020-12-21,12:41
175757-101004315224,Tree Trim,Parks and Recreation,970 DOLLY WRIGHT ST,12/21/2020 11:17,Service Completed,Resolved,2020-10-07 12:16:00,175757,101004315224,2020-10-07,12:16,2020-12-21,11:17
175756-101004315215,Tree Removal,Parks and Recreation,600 BERING DR&5800 WOODWAY DR,11/27/2020 11:11,Service Completed,Resolved,2020-10-07 12:10:00,175756,101004315215,2020-10-07,12:10,2020-11-27,11:11
175755-101004315145,Tree Removal,Parks and Recreation,10826 BRADFORD WAY DR,11/27/2020 10:38,Service Completed,Resolved,2020-10-07 11:37:00,175755,101004315145,2020-10-07,11:37,2020-11-27,10:38
175754-101004315052,Tree Trim,Parks and Recreation,1100 KNOX ST&5900 WASHINGTON AVE ,12/21/2020 9:58,Service Completed,Resolved,2020-10-07 10:57:00,175754,101004315052,2020-10-07,10:57,2020-12-21,9:58
101004315042,Tree Trim,Parks and Recreation,118 GESSNER RD,12/21/2020 9:54,Service Completed,Resolved,2020-10-07 10:53:00, ,101004315042,2020-10-07,10:53,2020-12-21,9:54
175753-101004315035,Tree Removal,Parks and Recreation,718 FOWLER ST,11/27/2020 9:50,Service Completed,Resolved,2020-10-07 10:49:00,175753,101004315035,2020-10-07,10:49,2020-11-27,9:50
101004315032,Tree Removal,Parks and Recreation,2970 LAZY LANE BLVD,11/27/2020 9:49,Service Completed,Resolved,2020-10-07 10:48:00, ,101004315032,2020-10-07,10:48,2020-11-27,9:49
175752-101004314990,Tree Removal,Parks and Recreation,6720 COHN ST,11/27/2020 9:33,Service Completed,Resolved,2020-10-07 10:32:00,175752,101004314990,2020-10-07,10:32,2020-11-27,9:33
175751-101004314987,Tree Removal,Parks and Recreation,7900 MORLEY ST,11/27/2020 9:32,Service Completed,Resolved,2020-10-07 10:31:00,175751,101004314987,2020-10-07,10:31,2020-11-27,9:32
101004314931,Tree Trim,Parks and Recreation,6036 VASSER RD&8016 S WAYSIDE DR,12/21/2020 9:07,Service Completed,Resolved,2020-10-07 10:06:00, ,101004314931,2020-10-07,10:06,2020-12-21,9:07
101004314928,Tree Trim,Parks and Recreation,8101 BOB WHITE DR,12/21/2020 9:06,Service Completed,Resolved,2020-10-07 10:05:00, ,101004314928,2020-10-07,10:05,2020-12-21,9:06
175749-101004314917,Tree Trim,Parks and Recreation,15626 WINTER BRIAR DR,12/21/2020 9:03,Service Completed,Resolved,2020-10-07 10:02:00,175749,101004314917,2020-10-07,10:02,2020-12-21,9:03
175748-101004314834,Tree Trim,Parks and Recreation,8734 BEVERLY HILL ST&3200 CROSSVIEW DR,12/21/2020 8:30,Service Completed,Resolved,2020-10-07 09:29:00,175748,101004314834,2020-10-07,9:29,2020-12-21,8:30
175747-101004314782,Tree Trim,Parks and Recreation,10231 LANDS END DR,12/21/2020 8:04,Service Completed,Resolved,2020-10-07 09:03:00,175747,101004314782,2020-10-07,9:03,2020-12-21,8:04
175745-101004314742,Tree Removal,Parks and Recreation,5451 OAKHAVEN LN,11/27/2020 7:41,Service Completed,Resolved,2020-10-07 08:40:00,175745,101004314742,2020-10-07,8:40,2020-11-27,7:41
175746-101004314741,Tree Removal,Parks and Recreation,3105 SOUTHMORE BLVD,11/27/2020 7:40,Service Completed,Resolved,2020-10-07 08:39:00,175746,101004314741,2020-10-07,8:39,2020-11-27,7:40
101004314706,Tree Removal,Parks and Recreation,881 HOMER ST,11/27/2020 7:17,Service Completed,Resolved,2020-10-07 08:16:00, ,101004314706,2020-10-07,8:16,2020-11-27,7:17
175744-101004314675,Tree Trim,Parks and Recreation,4128 LINN ST,12/21/2020 7:06,Service Completed,Resolved,2020-10-07 08:05:00,175744,101004314675,2020-10-07,8:05,2020-12-21,7:06
101004314531,Tree Removal,Parks and Recreation,5500 W 43RD ST&4300 ANTOINE DR,11/27/2020 6:00,Service Completed,Resolved,2020-10-07 06:59:00, ,101004314531,2020-10-07,6:59,2020-11-27,6:00
101004314520,Tree Trim,Parks and Recreation,33 W RIVERCREST DR,12/21/2020 5:54,Service Completed,Resolved,2020-10-07 06:53:00, ,101004314520,2020-10-07,6:53,2020-12-21,5:54
175742-101004314436,Tree Removal,Parks and Recreation,1913 BANKS ST,11/27/2020 5:10,Service Completed,Resolved,2020-10-07 06:09:00,175742,101004314436,2020-10-07,6:09,2020-11-27,5:10
175740-101004314387,Tree Trim,Parks and Recreation,5731 ARIEL ST,12/21/2020 4:53,Service Completed,Resolved,2020-10-07 05:52:00,175740,101004314387,2020-10-07,5:52,2020-12-21,4:53
175739-101004314286,Tree Removal,Parks and Recreation,200 GRACE ST&4000 SHERMAN ST,11/27/2020 4:26,Service Completed,Resolved,2020-10-07 05:25:00,175739,101004314286,2020-10-07,5:25,2020-11-27,4:26
175738-101004314277,Tree Removal,Parks and Recreation,9019 SHASTA SPRINGS DR,11/27/2020 4:21,Service Completed,Resolved,2020-10-07 05:20:00,175738,101004314277,2020-10-07,5:20,2020-11-27,4:21
101004314276,Tree Trim,Parks and Recreation,12434 BEXLEY DR,12/21/2020 4:21,Service Completed,Resolved,2020-10-07 05:20:00, ,101004314276,2020-10-07,5:20,2020-12-21,4:21
175737-101004314274,Tree Trim,Parks and Recreation,7007 MCCULLUM RD,12/21/2020 4:20,Service Completed,Resolved,2020-10-07 05:19:00,175737,101004314274,2020-10-07,5:19,2020-12-21,4:20
175736-101004314223,Tree Removal,Parks and Recreation,12229 PALMFREE ST,11/27/2020 3:58,Service Completed,Resolved,2020-10-07 04:57:00,175736,101004314223,2020-10-07,4:57,2020-11-27,3:58
175735-101004314216,Tree Removal,Parks and Recreation,4520 INKER ST,11/27/2020 3:55,Service Completed,Resolved,2020-10-07 04:54:00,175735,101004314216,2020-10-07,4:54,2020-11-27,3:55
175734-101004314154,Tree Trim,Parks and Recreation,4300 KOEHLER ST&1500 THOMPSON ST,12/21/2020 3:14,Service Completed,Resolved,2020-10-07 04:13:00,175734,101004314154,2020-10-07,4:13,2020-12-21,3:14
101004314097,Tree Trim,Parks and Recreation,4300 KOEHLER ST&1500 THOMPSON ST,12/21/2020 2:52,Service Completed,Resolved,2020-10-07 03:51:00, ,101004314097,2020-10-07,3:51,2020-12-21,2:52
101004314053,Tree Removal,Parks and Recreation,8800 FONDREN RD,11/27/2020 2:29,Service Completed,Resolved,2020-10-07 03:28:00, ,101004314053,2020-10-07,3:28,2020-11-27,2:29
101004313903,Tree Trim,Parks and Recreation,6602 WESTOVER ST,12/20/2020 20:25,Service Completed,Resolved,2020-10-06 21:24:00, ,101004313903,2020-10-06,21:24,2020-12-20,20:25
175731-101004313466,Tree Trim,Parks and Recreation,15746 WALKWOOD DR,12/20/2020 9:36,Service Completed,Resolved,2020-10-06 10:35:00,175731,101004313466,2020-10-06,10:35,2020-12-20,9:36
175730-101004313464,Tree Trim,Parks and Recreation,608 E 12TH ST,12/20/2020 9:35,Service Completed,Resolved,2020-10-06 10:34:00,175730,101004313464,2020-10-06,10:34,2020-12-20,9:35
101004313391,Tree Trim,Parks and Recreation,4144 ANTOINE DR&5500 HEWITT DR,12/20/2020 9:09,Service Completed,Resolved,2020-10-06 10:08:00, ,101004313391,2020-10-06,10:08,2020-12-20,9:09
175727-101004313139,Tree Removal,Parks and Recreation,1004 LAWRENCE ST,11/26/2020 7:26,Service Completed,Resolved,2020-10-06 08:25:00,175727,101004313139,2020-10-06,8:25,2020-11-26,7:26
175726-101004313070,Tree Removal,Parks and Recreation,7026 STELLA LINK RD,11/26/2020 7:00,Service Completed,Resolved,2020-10-06 07:59:00,175726,101004313070,2020-10-06,7:59,2020-11-26,7:00
101004312985,Tree Trim,Parks and Recreation,8342 QUAIL SHOT DR,12/20/2020 6:24,Service Completed,Resolved,2020-10-06 07:23:00, ,101004312985,2020-10-06,7:23,2020-12-20,6:24
175724-101004312955,Tree Trim,Parks and Recreation,10960 MARTIN LUTHER KING BLVD,12/20/2020 6:12,Service Completed,Resolved,2020-10-06 07:11:00,175724,101004312955,2020-10-06,7:11,2020-12-20,6:12
175718-101004312765,Tree Removal,Parks and Recreation,8141 TAVENOR LN,11/26/2020 4:36,Service Completed,Resolved,2020-10-06 05:35:00,175718,101004312765,2020-10-06,5:35,2020-11-26,4:36
175715-101004312692,Tree Removal,Parks and Recreation,7118 GARDEN ST,11/26/2020 4:02,Service Completed,Resolved,2020-10-06 05:01:00,175715,101004312692,2020-10-06,5:01,2020-11-26,4:02
175714-101004312678,Tree Trim,Parks and Recreation,10000 LONG POINT RD&1400 WITTE RD ,12/20/2020 3:57,Service Completed,Resolved,2020-10-06 04:56:00,175714,101004312678,2020-10-06,4:56,2020-12-20,3:57
101004312248,Tree Trim,Parks and Recreation,5739 NORTHRIDGE DR,12/19/2020 15:53,Service Completed,Resolved,2020-10-05 16:52:00, ,101004312248,2020-10-05,16:52,2020-12-19,15:53
175701-101004312184,Tree Trim,Parks and Recreation,8021 CORINTH ST,12/19/2020 13:28,Service Completed,Resolved,2020-10-05 14:27:00,175701,101004312184,2020-10-05,14:27,2020-12-19,13:28
101004312159,Tree Removal,Parks and Recreation,1932 SOUTH BLVD,11/25/2020 13:01,Service Completed,Resolved,2020-10-05 14:00:00, ,101004312159,2020-10-05,14:00,2020-11-25,13:01
101004312040,Tree Removal,Parks and Recreation,7901 BRUTUS ST,11/25/2020 10:57,Service Completed,Resolved,2020-10-05 11:56:00, ,101004312040,2020-10-05,11:56,2020-11-25,10:57
101004312037,Tree Removal,Parks and Recreation,4950 BRINKMAN ST,11/25/2020 10:53,Service Completed,Resolved,2020-10-05 11:52:00, ,101004312037,2020-10-05,11:52,2020-11-25,10:53
101004312003,Tree Removal,Parks and Recreation,4950 BRINKMAN ST,11/25/2020 10:31,Service Completed,Resolved,2020-10-05 11:30:00, ,101004312003,2020-10-05,11:30,2020-11-25,10:31
101004311838,Tree Trim,Parks and Recreation,7164 AVENUE L,12/19/2020 9:20,Service Completed,Resolved,2020-10-05 10:19:00, ,101004311838,2020-10-05,10:19,2020-12-19,9:20
175692-101004311725,Tree Removal,Parks and Recreation,4902 KELSO ST,11/25/2020 8:22,Service Completed,Resolved,2020-10-05 09:21:00,175692,101004311725,2020-10-05,9:21,2020-11-25,8:22
101004311467,Tree Trim,Parks and Recreation,13802 CHERRY HOLLOW LN,12/19/2020 6:52,Service Completed,Resolved,2020-10-05 07:51:00, ,101004311467,2020-10-05,7:51,2020-12-19,6:52
101004311393,Tree Trim,Parks and Recreation,4002 CHARTRES ST,12/19/2020 6:23,Service Completed,Resolved,2020-10-05 07:22:00, ,101004311393,2020-10-05,7:22,2020-12-19,6:23
101004311383,Tree Trim,Parks and Recreation,10818 BAUMAN RD,12/19/2020 6:19,Service Completed,Resolved,2020-10-05 07:18:00, ,101004311383,2020-10-05,7:18,2020-12-19,6:19
101004311378,Tree Trim,Parks and Recreation,,12/19/2020 6:18,Service Completed,Resolved,2020-10-05 07:17:00, ,101004311378,2020-10-05,7:17,2020-12-19,6:18
175688-101004311351,Tree Removal,Parks and Recreation,5650 CHEVY CHASE DR,11/25/2020 6:06,Service Completed,Resolved,2020-10-05 07:05:00,175688,101004311351,2020-10-05,7:05,2020-11-25,6:06
101004311226,Tree Trim,Parks and Recreation,7443 CULLEN BLVD,12/19/2020 5:19,Service Completed,Resolved,2020-10-05 06:18:00, ,101004311226,2020-10-05,6:18,2020-12-19,5:19
175687-101004311211,Tree Trim,Parks and Recreation,3003 WAYNE ST,12/19/2020 5:13,Service Completed,Resolved,2020-10-05 06:12:00,175687,101004311211,2020-10-05,6:12,2020-12-19,5:13
175686-101004311180,Tree Trim,Parks and Recreation,3925 WILLOW SPRINGS LN,12/19/2020 5:03,Service Completed,Resolved,2020-10-05 06:02:00,175686,101004311180,2020-10-05,6:02,2020-12-19,5:03
175685-101004311153,Tree Trim,Parks and Recreation,12229 PALMFREE ST,12/19/2020 4:55,Service Completed,Resolved,2020-10-05 05:54:00,175685,101004311153,2020-10-05,5:54,2020-12-19,4:55
101004310927,Tree Trim,Parks and Recreation,1717 NORFOLK ST,12/19/2020 3:05,Service Completed,Resolved,2020-10-05 04:04:00, ,101004310927,2020-10-05,4:04,2020-12-19,3:05
101004310548,Tree Trim,Parks and Recreation,5523 SPELLMAN RD,12/18/2020 8:58,Service Completed,Resolved,2020-10-04 09:57:00, ,101004310548,2020-10-04,9:57,2020-12-18,8:58
175684-101004310346,Tree Trim,Parks and Recreation,100 W 6TH ST&600 HEIGHTS BLVD&3600 WHITE OAK DR ,12/18/2020 4:59,Service Completed,Resolved,2020-10-04 05:58:00,175684,101004310346,2020-10-04,5:58,2020-12-18,4:59
101004310160,Tree Removal,Parks and Recreation,5042 GRAPE ST,11/23/2020 15:00,Service Completed,Resolved,2020-10-03 15:59:00, ,101004310160,2020-10-03,15:59,2020-11-23,15:00
101004310129,Tree Trim,Parks and Recreation,4725 BRINKMAN ST,12/17/2020 13:05,Service Completed,Resolved,2020-10-03 14:04:00, ,101004310129,2020-10-03,14:04,2020-12-17,13:05
175683-101004309762,Tree Trim,Parks and Recreation,7707 ERATH ST,12/17/2020 4:55,Service Completed,Resolved,2020-10-03 05:54:00,175683,101004309762,2020-10-03,5:54,2020-12-17,4:55
101004309751,Tree Removal,Parks and Recreation,11219 PECAN CREEK DR,11/23/2020 4:37,Service Completed,Resolved,2020-10-03 05:36:00, ,101004309751,2020-10-03,5:36,2020-11-23,4:37
101004309633,Tree Trim,Parks and Recreation,9929 SHADY DR,12/16/2020 21:31,Service Completed,Resolved,2020-10-02 22:30:00, ,101004309633,2020-10-02,22:30,2020-12-16,21:31
101004309602,Tree Planting,Parks and Recreation,614 W 18TH ST,10/27/2020 19:06,Service Completed,Resolved,2020-10-02 19:05:00, ,101004309602,2020-10-02,19:05,2020-10-27,19:06
175682-101004309390,Tree Removal,Parks and Recreation,7703 SATSUMA ST,11/22/2020 12:09,Service Completed,Resolved,2020-10-02 13:08:00,175682,101004309390,2020-10-02,13:08,2020-11-22,12:09
175679-101004309262,Tree Trim,Parks and Recreation,5230 DUMFRIES DR,12/16/2020 10:09,Service Completed,Resolved,2020-10-02 11:08:00,175679,101004309262,2020-10-02,11:08,2020-12-16,10:09
175678-101004299233,Tree Trim,Parks and Recreation,3213 PROSPECT ST,12/16/2020 9:32,Service Completed,Resolved,2020-10-02 10:31:00,175678,101004299233,2020-10-02,10:31,2020-12-16,9:32
175677-101004299122,Tree Removal,Parks and Recreation,5023 YELLOWSTONE BLVD,11/22/2020 8:41,Service Completed,Resolved,2020-10-02 09:40:00,175677,101004299122,2020-10-02,9:40,2020-11-22,8:41
175676-101004299093,Tree Trim,Parks and Recreation,7703 SATSUMA ST,12/16/2020 8:27,Service Completed,Resolved,2020-10-02 09:26:00,175676,101004299093,2020-10-02,9:26,2020-12-16,8:27
175675-101004299085,Tree Trim,Parks and Recreation,1000 HUTCHINS ST&2200 MCKINNEY ST ,12/16/2020 8:23,Service Completed,Resolved,2020-10-02 09:22:00,175675,101004299085,2020-10-02,9:22,2020-12-16,8:23
175674-101004299071,Tree Trim,Parks and Recreation,5100 LARKIN ST&2200 ROY ST,12/16/2020 8:16,Service Completed,Resolved,2020-10-02 09:15:00,175674,101004299071,2020-10-02,9:15,2020-12-16,8:16
175673-101004299029,Tree Removal,Parks and Recreation,7115 GARDEN ST,11/22/2020 7:53,Service Completed,Resolved,2020-10-02 08:52:00,175673,101004299029,2020-10-02,8:52,2020-11-22,7:53
175672-101004298981,Tree Trim,Parks and Recreation,1412 SABINE ST,12/16/2020 7:35,Service Completed,Resolved,2020-10-02 08:34:00,175672,101004298981,2020-10-02,8:34,2020-12-16,7:35
175671-101004298884,Tree Trim,Parks and Recreation,7330 DILLON ST,12/16/2020 6:49,Service Completed,Resolved,2020-10-02 07:48:00,175671,101004298884,2020-10-02,7:48,2020-12-16,6:49
175670-101004298863,Tree Trim,Parks and Recreation,7309 CONLEY ST,12/16/2020 6:39,Service Completed,Resolved,2020-10-02 07:38:00,175670,101004298863,2020-10-02,7:38,2020-12-16,6:39
175669-101004298805,Tree Removal,Parks and Recreation,6720 S HAYWOOD DR,11/22/2020 6:02,Service Completed,Resolved,2020-10-02 07:01:00,175669,101004298805,2020-10-02,7:01,2020-11-22,6:02
175667-101004298663,Tree Trim,Parks and Recreation,6818 REDDING RD,12/16/2020 4:41,Service Completed,Resolved,2020-10-02 05:40:00,175667,101004298663,2020-10-02,5:40,2020-12-16,4:41
175666-101004298543,Tree Removal,Parks and Recreation,6920 WAXAHACHIE ST,11/22/2020 3:44,Service Completed,Resolved,2020-10-02 04:43:00,175666,101004298543,2020-10-02,4:43,2020-11-22,3:44
175664-101004298460,Tree Removal,Parks and Recreation,7280 SANTA FE DR,11/22/2020 2:50,Service Completed,Resolved,2020-10-02 03:49:00,175664,101004298460,2020-10-02,3:49,2020-11-22,2:50
101004298444,Tree Planting,Parks and Recreation,220 YALE ST,10/27/2020 3:32,Service Completed,Resolved,2020-10-02 03:31:00, ,101004298444,2020-10-02,3:31,2020-10-27,3:32
175663-101004298443,Tree Stump Grinding,Parks and Recreation,3607 GARAPAN ST,1/26/2021 2:32,Service Completed,Resolved,2020-10-02 03:31:00,175663,101004298443,2020-10-02,3:31,2021-01-26,2:32
175662-101004298411,Tree Trim,Parks and Recreation,5800 COLLINGSWORTH ST&3800 EASY ST,12/16/2020 2:19,Service Completed,Resolved,2020-10-02 03:18:00,175662,101004298411,2020-10-02,3:18,2020-12-16,2:19
175661-101004298339,Tree Trim,Parks and Recreation,12601 TERRANCE ST,12/16/2020 0:04,Service Completed,Resolved,2020-10-02 01:03:00,175661,101004298339,2020-10-02,1:03,2020-12-16,0:04
101004298272,Tree Removal,Parks and Recreation,2101 CENTRAL ST,11/21/2020 18:04,Service Completed,Resolved,2020-10-01 19:03:00, ,101004298272,2020-10-01,19:03,2020-11-21,18:04
175660-101004298245,Tree Trim,Parks and Recreation,16102 AIR CENTER BLVD,12/15/2020 15:51,Service Completed,Resolved,2020-10-01 16:50:00,175660,101004298245,2020-10-01,16:50,2020-12-15,15:51
175659-101004298165,Tree Trim,Parks and Recreation,512 B VINCENT ST,12/15/2020 13:58,Service Completed,Resolved,2020-10-01 14:57:00,175659,101004298165,2020-10-01,14:57,2020-12-15,13:58
175657-101004298151,Tree Removal,Parks and Recreation,415 BIRDSALL ST,11/21/2020 13:35,Service Completed,Resolved,2020-10-01 14:34:00,175657,101004298151,2020-10-01,14:34,2020-11-21,13:35
175658-101004298147,Tree Removal,Parks and Recreation,400 BIRDSALL ST&5800 FEAGAN ST,11/21/2020 13:28,Service Completed,Resolved,2020-10-01 14:27:00,175658,101004298147,2020-10-01,14:27,2020-11-21,13:28
175656-101004298144,Tree Trim,Parks and Recreation,2110 STACY KNOLL,12/15/2020 13:25,Service Completed,Resolved,2020-10-01 14:24:00,175656,101004298144,2020-10-01,14:24,2020-12-15,13:25
175654-101004298099,Tree Trim,Parks and Recreation,3833 ADE ST,12/15/2020 12:24,Service Completed,Resolved,2020-10-01 13:23:00,175654,101004298099,2020-10-01,13:23,2020-12-15,12:24
175648-101004297968,Tree Removal,Parks and Recreation,12723 WESTELLA DR,11/21/2020 11:04,Service Completed,Resolved,2020-10-01 12:03:00,175648,101004297968,2020-10-01,12:03,2020-11-21,11:04
175645-101004297904,Tree Trim,Parks and Recreation,100 E 8TH ST&100 W 8TH ST&800 HEIGHTS BLVD ,12/15/2020 10:24,Service Completed,Resolved,2020-10-01 11:23:00,175645,101004297904,2020-10-01,11:23,2020-12-15,10:24
175644-101004297894,Tree Trim,Parks and Recreation,8902 BRAE ACRES RD,12/15/2020 10:19,Service Completed,Resolved,2020-10-01 11:18:00,175644,101004297894,2020-10-01,11:18,2020-12-15,10:19
175643-101004297843,Tree Removal,Parks and Recreation,7321 GREENBRIAR DR,11/21/2020 10:00,Service Completed,Resolved,2020-10-01 10:59:00,175643,101004297843,2020-10-01,10:59,2020-11-21,10:00
175642-101004297735,Tree Trim,Parks and Recreation,510 E CROSSTIMBERS ST,12/15/2020 9:27,Service Completed,Resolved,2020-10-01 10:26:00,175642,101004297735,2020-10-01,10:26,2020-12-15,9:27
175640-101004297727,Tree Trim,Parks and Recreation,6501 MEMORIAL DR,12/15/2020 9:26,Service Completed,Resolved,2020-10-01 10:25:00,175640,101004297727,2020-10-01,10:25,2020-12-15,9:26
175639-101004297619,Tree Removal,Parks and Recreation,1131 STONECREST DR,11/21/2020 8:49,Service Completed,Resolved,2020-10-01 09:48:00,175639,101004297619,2020-10-01,9:48,2020-11-21,8:49
175638-101004297580,Tree Removal,Parks and Recreation,8142 TAVENOR LN,11/21/2020 8:21,Service Completed,Resolved,2020-10-01 09:20:00,175638,101004297580,2020-10-01,9:20,2020-11-21,8:21
175637-101004297546,Tree Removal,Parks and Recreation,230 WESTCOTT ST,11/21/2020 8:03,Service Completed,Resolved,2020-10-01 09:02:00,175637,101004297546,2020-10-01,9:02,2020-11-21,8:03
175636-101004297410,Tree Removal,Parks and Recreation,2256 MARLO ST,11/21/2020 7:09,Service Completed,Resolved,2020-10-01 08:08:00,175636,101004297410,2020-10-01,8:08,2020-11-21,7:09
175635-101004297385,Tree Trim,Parks and Recreation,8414 N MEADOW BIRD CIR,12/15/2020 6:59,Service Completed,Resolved,2020-10-01 07:58:00,175635,101004297385,2020-10-01,7:58,2020-12-15,6:59
175634-101004297374,Tree Trim,Parks and Recreation,8539 QUAIL BURG LN,12/15/2020 6:57,Service Completed,Resolved,2020-10-01 07:56:00,175634,101004297374,2020-10-01,7:56,2020-12-15,6:57
175633-101004297253,Tree Removal,Parks and Recreation,600 93RD ST&9300 E AVENUE P,11/21/2020 6:19,Service Completed,Resolved,2020-10-01 07:18:00,175633,101004297253,2020-10-01,7:18,2020-11-21,6:19
101004297141,Tree Trim,Parks and Recreation,11319 SAGEVALE LN,12/15/2020 5:27,Service Completed,Resolved,2020-10-01 06:26:00, ,101004297141,2020-10-01,6:26,2020-12-15,5:27
175631-101004297079,Tree Removal,Parks and Recreation,5729 POLK ST,11/21/2020 5:00,Service Completed,Resolved,2020-10-01 05:59:00,175631,101004297079,2020-10-01,5:59,2020-11-21,5:00
175630-101004297009,Tree Trim,Parks and Recreation,6200 BROOK LEA ST&5350 MAUDLIN ST,12/15/2020 4:31,Service Completed,Resolved,2020-10-01 05:30:00,175630,101004297009,2020-10-01,5:30,2020-12-15,4:31
101004296964,Tree Trim,Parks and Recreation,6200 BROOK LEA ST&5350 MAUDLIN ST,12/15/2020 4:14,Service Completed,Resolved,2020-10-01 05:13:00, ,101004296964,2020-10-01,5:13,2020-12-15,4:14
175628-101004296930,Tree Trim,Parks and Recreation,732 S 75TH ST&7500 MAGNOLIA ST,12/15/2020 4:02,Service Completed,Resolved,2020-10-01 05:01:00,175628,101004296930,2020-10-01,5:01,2020-12-15,4:02
175632-101004296843,Tree Planting,Parks and Recreation,5519 ALLEN ST,10/26/2020 4:28,Service Completed,Resolved,2020-10-01 04:27:00,175632,101004296843,2020-10-01,4:27,2020-10-26,4:28
175626-101004296797,Tree Removal,Parks and Recreation,1234 RUTLAND ST,11/21/2020 3:06,Service Completed,Resolved,2020-10-01 04:05:00,175626,101004296797,2020-10-01,4:05,2020-11-21,3:06
101004296773,Tree Trim,Parks and Recreation,4700 E CROSSTIMBERS ST&7812 LAVENDER ST,12/15/2020 2:56,Service Completed,Resolved,2020-10-01 03:55:00, ,101004296773,2020-10-01,3:55,2020-12-15,2:56
175625-101004296746,Tree Removal,Parks and Recreation,901 CRESLINE ST,11/21/2020 2:39,Service Completed,Resolved,2020-10-01 03:38:00,175625,101004296746,2020-10-01,3:38,2020-11-21,2:39
175624-101004296728,Tree Trim,Parks and Recreation,7067 REED RD,12/15/2020 2:31,Service Completed,Resolved,2020-10-01 03:30:00,175624,101004296728,2020-10-01,3:30,2020-12-15,2:31
175622-101004296674,Tree Removal,Parks and Recreation,2800 W LITTLE YORK RD,11/21/2020 1:40,Service Completed,Resolved,2020-10-01 02:39:00,175622,101004296674,2020-10-01,2:39,2020-11-21,1:40
175608-101004296610,Tree Trim,Parks and Recreation,963 W LITTLE YORK RD,12/14/2020 21:21,Service Completed,Resolved,2020-09-30 22:20:00,175608,101004296610,2020-09-30,22:20,2020-12-14,21:21
175607-101004296605,Tree Removal,Parks and Recreation,8403 GARLAND ST,11/20/2020 20:53,Service Completed,Resolved,2020-09-30 21:52:00,175607,101004296605,2020-09-30,21:52,2020-11-20,20:53
175605-101004296271,Tree Trim,Parks and Recreation,1100 W 18TH ST&1800 BEALL ST ,12/14/2020 10:49,Service Completed,Resolved,2020-09-30 11:48:00,175605,101004296271,2020-09-30,11:48,2020-12-14,10:49
175603-101004296169,Tree Trim,Parks and Recreation,525 E 40TH ST,12/14/2020 9:43,Service Completed,Resolved,2020-09-30 10:42:00,175603,101004296169,2020-09-30,10:42,2020-12-14,9:43
175602-101004296158,Tree Trim,Parks and Recreation,10817 STABLER LN,12/14/2020 9:35,Service Completed,Resolved,2020-09-30 10:34:00,175602,101004296158,2020-09-30,10:34,2020-12-14,9:35
175601-101004296096,Tree Trim,Parks and Recreation,6219 LONGVIEW ST,12/14/2020 9:11,Service Completed,Resolved,2020-09-30 10:10:00,175601,101004296096,2020-09-30,10:10,2020-12-14,9:11
175600-101004296093,Tree Removal,Parks and Recreation,1901 WELCH ST,11/20/2020 9:08,Service Completed,Resolved,2020-09-30 10:07:00,175600,101004296093,2020-09-30,10:07,2020-11-20,9:08
175599-101004296090,Tree Trim,Parks and Recreation,6706 DILLON ST,12/14/2020 9:07,Service Completed,Resolved,2020-09-30 10:06:00,175599,101004296090,2020-09-30,10:06,2020-12-14,9:07
175598-101004296030,Tree Trim,Parks and Recreation,7602 BELBAY ST,12/14/2020 8:38,Service Completed,Resolved,2020-09-30 09:37:00,175598,101004296030,2020-09-30,9:37,2020-12-14,8:38
175597-101004296022,Tree Trim,Parks and Recreation,2000 BAUER DR,12/14/2020 8:35,Service Completed,Resolved,2020-09-30 09:34:00,175597,101004296022,2020-09-30,9:34,2020-12-14,8:35
175596-101004295936,Tree Removal,Parks and Recreation,2620 RIVERSIDE DR,11/20/2020 7:45,Service Completed,Resolved,2020-09-30 08:44:00,175596,101004295936,2020-09-30,8:44,2020-11-20,7:45
175595-101004295863,Tree Removal,Parks and Recreation,7004 SANTA FE DR,11/20/2020 7:09,Service Completed,Resolved,2020-09-30 08:08:00,175595,101004295863,2020-09-30,8:08,2020-11-20,7:09
175594-101004295809,Tree Removal,Parks and Recreation,5400 W BELLFORT AVE,11/20/2020 6:31,Service Completed,Resolved,2020-09-30 07:30:00,175594,101004295809,2020-09-30,7:30,2020-11-20,6:31
175593-101004295725,Tree Trim,Parks and Recreation,11215 SHANNON HILLS DR,12/14/2020 5:56,Service Completed,Resolved,2020-09-30 06:55:00,175593,101004295725,2020-09-30,6:55,2020-12-14,5:56
175591-101004295638,Tree Trim,Parks and Recreation,8622 OLD LEDGE LN,12/14/2020 5:19,Service Completed,Resolved,2020-09-30 06:18:00,175591,101004295638,2020-09-30,6:18,2020-12-14,5:19
175590-101004295545,Tree Trim,Parks and Recreation,4244 GRIGGS RD&4100 OLD SPANISH TRL,12/14/2020 4:22,Service Completed,Resolved,2020-09-30 05:21:00,175590,101004295545,2020-09-30,5:21,2020-12-14,4:22
175589-101004295523,Tree Trim,Parks and Recreation,4244 GRIGGS RD&4100 OLD SPANISH TRL,12/14/2020 4:12,Service Completed,Resolved,2020-09-30 05:11:00,175589,101004295523,2020-09-30,5:11,2020-12-14,4:12
175588-101004295431,Tree Trim,Parks and Recreation,9800 BOONE RD&11098 SOUTH DR,12/14/2020 3:25,Service Completed,Resolved,2020-09-30 04:24:00,175588,101004295431,2020-09-30,4:24,2020-12-14,3:25
175587-101004295410,Tree Trim,Parks and Recreation,6036 FEAGAN ST,12/14/2020 3:17,Service Completed,Resolved,2020-09-30 04:16:00,175587,101004295410,2020-09-30,4:16,2020-12-14,3:17
175586-101004295396,Tree Trim,Parks and Recreation,2408 THOMAS ST,12/14/2020 3:13,Service Completed,Resolved,2020-09-30 04:12:00,175586,101004295396,2020-09-30,4:12,2020-12-14,3:13
175583-101004295066,Tree Trim,Parks and Recreation,7203 FINCH ST,12/13/2020 14:32,Service Completed,Resolved,2020-09-29 15:31:00,175583,101004295066,2020-09-29,15:31,2020-12-13,14:32
175581-101004294912,Tree Trim,Parks and Recreation,9006 IVY SPRING LN,12/13/2020 12:06,Service Completed,Resolved,2020-09-29 13:05:00,175581,101004294912,2020-09-29,13:05,2020-12-13,12:06
175579-101004294909,Tree Trim,Parks and Recreation,9019 IVY SPRING LN,12/13/2020 12:04,Service Completed,Resolved,2020-09-29 13:03:00,175579,101004294909,2020-09-29,13:03,2020-12-13,12:04
175570-101004294843,Tree Trim,Parks and Recreation,9715 HONEYWELL ST,12/13/2020 11:20,Service Completed,Resolved,2020-09-29 12:19:00,175570,101004294843,2020-09-29,12:19,2020-12-13,11:20
175569-101004294792,Tree Removal,Parks and Recreation,5509 ASHBY ST,11/19/2020 10:54,Service Completed,Resolved,2020-09-29 11:53:00,175569,101004294792,2020-09-29,11:53,2020-11-19,10:54
175568-101004294747,Tree Removal,Parks and Recreation,9415 LEADER ST,11/19/2020 10:30,Service Completed,Resolved,2020-09-29 11:29:00,175568,101004294747,2020-09-29,11:29,2020-11-19,10:30
175567-101004294680,Tree Trim,Parks and Recreation,4614 EAST FWY,12/13/2020 10:01,Service Completed,Resolved,2020-09-29 11:00:00,175567,101004294680,2020-09-29,11:00,2020-12-13,10:01
175566-101004294580,Tree Removal,Parks and Recreation,7423 THUROW ST,11/19/2020 9:25,Service Completed,Resolved,2020-09-29 10:24:00,175566,101004294580,2020-09-29,10:24,2020-11-19,9:25
175565-101004294567,Tree Removal,Parks and Recreation,1914 NORTHSHORE DR,11/19/2020 9:20,Service Completed,Resolved,2020-09-29 10:19:00,175565,101004294567,2020-09-29,10:19,2020-11-19,9:20
175564-101004294497,Tree Trim,Parks and Recreation,301 BRYAN ST,12/13/2020 8:52,Service Completed,Resolved,2020-09-29 09:51:00,175564,101004294497,2020-09-29,9:51,2020-12-13,8:52
175562-101004294465,Tree Removal,Parks and Recreation,912 COHN ST,11/19/2020 8:34,Service Completed,Resolved,2020-09-29 09:33:00,175562,101004294465,2020-09-29,9:33,2020-11-19,8:34
175561-101004294377,Tree Removal,Parks and Recreation,6900 W 43RD ST&4500 SOUTHERLAND RD,11/19/2020 8:03,Service Completed,Resolved,2020-09-29 09:02:00,175561,101004294377,2020-09-29,9:02,2020-11-19,8:03
175560-101004294343,Tree Removal,Parks and Recreation,9301 EVERGLADE DR,11/19/2020 7:51,Service Completed,Resolved,2020-09-29 08:50:00,175560,101004294343,2020-09-29,8:50,2020-11-19,7:51
175559-101004294214,Tree Stump Grinding,Parks and Recreation,11409 DUMAS ST,1/23/2021 7:02,Service Completed,Resolved,2020-09-29 08:01:00,175559,101004294214,2020-09-29,8:01,2021-01-23,7:02
175558-101004294188,Tree Removal,Parks and Recreation,1120 7TH 1/2 ST,11/19/2020 6:53,Service Completed,Resolved,2020-09-29 07:52:00,175558,101004294188,2020-09-29,7:52,2020-11-19,6:53
175557-101004294181,Tree Trim,Parks and Recreation,900 E 25TH ST&2500 PRINCETON ST,12/13/2020 6:50,Service Completed,Resolved,2020-09-29 07:49:00,175557,101004294181,2020-09-29,7:49,2020-12-13,6:50
175556-101004294158,Tree Trim,Parks and Recreation,5900 BISSONNET ST&7400 RENWICK DR,,Service Completed,Resolved,2020-09-29 07:41:00,175556,101004294158,2020-09-29,7:41,,
175555-101004294149,Tree Trim,Parks and Recreation,5600 BISSONNET ST&7000 CHETWOOD DR,,Service Completed,Resolved,2020-09-29 07:38:00,175555,101004294149,2020-09-29,7:38,,
175554-101004294058,Tree Trim,Parks and Recreation,10410 HAZELHURST DR,12/13/2020 6:03,Service Completed,Resolved,2020-09-29 07:02:00,175554,101004294058,2020-09-29,7:02,2020-12-13,6:03
175553-101004294056,Tree Removal,Parks and Recreation,1824 BOLSOVER ST,11/19/2020 6:03,Service Completed,Resolved,2020-09-29 07:02:00,175553,101004294056,2020-09-29,7:02,2020-11-19,6:03
175552-101004294000,Tree Trim,Parks and Recreation,9000 ALCORN ST&2314 FIRNAT ST,12/13/2020 5:38,Service Completed,Resolved,2020-09-29 06:37:00,175552,101004294000,2020-09-29,6:37,2020-12-13,5:38
175551-101004293964,Tree Removal,Parks and Recreation,1103 E 28TH ST,11/19/2020 5:26,Service Completed,Resolved,2020-09-29 06:25:00,175551,101004293964,2020-09-29,6:25,2020-11-19,5:26
175550-101004293946,Tree Removal,Parks and Recreation,4125 WOODLEIGH ST,11/19/2020 5:21,Service Completed,Resolved,2020-09-29 06:20:00,175550,101004293946,2020-09-29,6:20,2020-11-19,5:21
175545-101004293906,Tree Removal,Parks and Recreation,902 E HEDRICK ST,11/19/2020 5:08,Service Completed,Resolved,2020-09-29 06:07:00,175545,101004293906,2020-09-29,6:07,2020-11-19,5:08
175546-101004293898,Tree Trim,Parks and Recreation,7410 CULLEN BLVD,12/13/2020 5:06,Service Completed,Resolved,2020-09-29 06:05:00,175546,101004293898,2020-09-29,6:05,2020-12-13,5:06
175544-101004293860,Tree Trim,Parks and Recreation,9800 DODSON ST&3700 KINKAID ST,12/13/2020 4:53,Service Completed,Resolved,2020-09-29 05:52:00,175544,101004293860,2020-09-29,5:52,2020-12-13,4:53
175543-101004293723,Tree Trim,Parks and Recreation,201 WILCREST DR,12/13/2020 3:51,Service Completed,Resolved,2020-09-29 04:50:00,175543,101004293723,2020-09-29,4:50,2020-12-13,3:51
175541-101004293618,Tree Trim,Parks and Recreation,6144 ARIEL ST,12/13/2020 3:07,Service Completed,Resolved,2020-09-29 04:06:00,175541,101004293618,2020-09-29,4:06,2020-12-13,3:07
175539-101004293476,Tree Removal,Parks and Recreation,8201 JOHN RALSTON RD,11/19/2020 1:28,Service Completed,Resolved,2020-09-29 02:27:00,175539,101004293476,2020-09-29,2:27,2020-11-19,1:28
175538-101004293415,Tree Trim,Parks and Recreation,4797 BEECHAVEN DR,12/12/2020 20:40,Service Completed,Resolved,2020-09-28 21:39:00,175538,101004293415,2020-09-28,21:39,2020-12-12,20:40
175537-101004293320,Tree Trim,Parks and Recreation,5410 PIPING ROCK LN,12/12/2020 15:13,Service Completed,Resolved,2020-09-28 16:12:00,175537,101004293320,2020-09-28,16:12,2020-12-12,15:13
175536-101004293317,Tree Trim,Parks and Recreation,706 E 29TH ST,12/12/2020 15:03,Service Completed,Resolved,2020-09-28 16:02:00,175536,101004293317,2020-09-28,16:02,2020-12-12,15:03
175535-101004293181,Tree Trim,Parks and Recreation,423 EUCLID ST,12/12/2020 11:47,Service Completed,Resolved,2020-09-28 12:46:00,175535,101004293181,2020-09-28,12:46,2020-12-12,11:47
175534-101004293175,Tree Trim,Parks and Recreation,615 W PIERCE ST,12/12/2020 11:45,Service Completed,Resolved,2020-09-28 12:44:00,175534,101004293175,2020-09-28,12:44,2020-12-12,11:45
175533-101004293030,Tree Trim,Parks and Recreation,220 DIPPING LN,12/12/2020 10:22,Service Completed,Resolved,2020-09-28 11:21:00,175533,101004293030,2020-09-28,11:21,2020-12-12,10:22
175532-101004293023,Tree Removal,Parks and Recreation,8821 KOALA DR,11/18/2020 10:19,Service Completed,Resolved,2020-09-28 11:18:00,175532,101004293023,2020-09-28,11:18,2020-11-18,10:19
175531-101004292862,Tree Removal,Parks and Recreation,274 TALLANT ST,11/18/2020 9:22,Service Completed,Resolved,2020-09-28 10:21:00,175531,101004292862,2020-09-28,10:21,2020-11-18,9:22
175529-101004292706,Tree Trim,Parks and Recreation,7300 PALESTINE ST&1200 PORT ST,12/12/2020 8:20,Service Completed,Resolved,2020-09-28 09:19:00,175529,101004292706,2020-09-28,9:19,2020-12-12,8:20
101004292669,Tree Removal,Parks and Recreation,2520 OAKDALE ST,11/18/2020 8:03,Service Completed,Resolved,2020-09-28 09:02:00, ,101004292669,2020-09-28,9:02,2020-11-18,8:03
101004292609,Tree Trim,Parks and Recreation,7600 HAMMERLY BLVD&2000 WOODVINE DR,12/12/2020 7:22,Service Completed,Resolved,2020-09-28 08:21:00, ,101004292609,2020-09-28,8:21,2020-12-12,7:22
175527-101004292442,Tree Removal,Parks and Recreation,2708 D WEST LANE DR,11/18/2020 6:17,Service Completed,Resolved,2020-09-28 07:16:00,175527,101004292442,2020-09-28,7:16,2020-11-18,6:17
175526-101004292395,Tree Removal,Parks and Recreation,9807 DENNING DR,11/18/2020 6:04,Service Completed,Resolved,2020-09-28 07:03:00,175526,101004292395,2020-09-28,7:03,2020-11-18,6:04
175525-101004292347,Tree Removal,Parks and Recreation,1815 WROXTON RD,11/18/2020 5:51,Service Completed,Resolved,2020-09-28 06:50:00,175525,101004292347,2020-09-28,6:50,2020-11-18,5:51
175523-101004292232,Tree Trim,Parks and Recreation,3200 CHENEVERT ST&1800 ELGIN ST,12/12/2020 5:15,Service Completed,Resolved,2020-09-28 06:14:00,175523,101004292232,2020-09-28,6:14,2020-12-12,5:15
175522-101004292173,Tree Trim,Parks and Recreation,9111 MAGNOLIA VW,12/12/2020 4:55,Service Completed,Resolved,2020-09-28 05:54:00,175522,101004292173,2020-09-28,5:54,2020-12-12,4:55
175521-101004292152,Tree Trim,Parks and Recreation,2923 HITCHCOCK ST,12/12/2020 4:46,Service Completed,Resolved,2020-09-28 05:45:00,175521,101004292152,2020-09-28,5:45,2020-12-12,4:46
175520-101004292083,Tree Removal,Parks and Recreation,5102 KELLEY ST,11/18/2020 4:10,Service Completed,Resolved,2020-09-28 05:09:00,175520,101004292083,2020-09-28,5:09,2020-11-18,4:10
175519-101004292021,Tree Trim,Parks and Recreation,6017 RIVERVIEW WAY,12/12/2020 3:46,Service Completed,Resolved,2020-09-28 04:45:00,175519,101004292021,2020-09-28,4:45,2020-12-12,3:46
175517-101004291963,Tree Removal,Parks and Recreation,2507 WILSHIRE ST,11/18/2020 3:16,Service Completed,Resolved,2020-09-28 04:15:00,175517,101004291963,2020-09-28,4:15,2020-11-18,3:16
175516-101004291822,Tree Removal,Parks and Recreation,10645 HAMMERLY BLVD,11/18/2020 1:42,Service Completed,Resolved,2020-09-28 02:41:00,175516,101004291822,2020-09-28,2:41,2020-11-18,1:42
175515-101004291704,Tree Stump Grinding,Parks and Recreation,4725 BRINKMAN ST,1/21/2021 13:05,Service Completed,Resolved,2020-09-27 14:04:00,175515,101004291704,2020-09-27,14:04,2021-01-21,13:05
175514-101004291689,Tree Trim,Parks and Recreation,11431 CARLA ST,12/11/2020 12:23,Service Completed,Resolved,2020-09-27 13:22:00,175514,101004291689,2020-09-27,13:22,2020-12-11,12:23
175513-101004291687,Tree Trim,Parks and Recreation,9700 EASTEX FWY,12/11/2020 12:19,Service Completed,Resolved,2020-09-27 13:18:00,175513,101004291687,2020-09-27,13:18,2020-12-11,12:19
175512-101004291685,Tree Trim,Parks and Recreation,1132 WAVERLY ST,12/11/2020 12:09,Service Completed,Resolved,2020-09-27 13:08:00,175512,101004291685,2020-09-27,13:08,2020-12-11,12:09
175511-101004291542,Tree Trim,Parks and Recreation,0 GULF FWY&1926 SCOTT ST,12/11/2020 8:36,Service Completed,Resolved,2020-09-27 09:35:00,175511,101004291542,2020-09-27,9:35,2020-12-11,8:36
175510-101004291493,Tree Removal,Parks and Recreation,6056 DOULTON DR,11/17/2020 7:24,Service Completed,Resolved,2020-09-27 08:23:00,175510,101004291493,2020-09-27,8:23,2020-11-17,7:24
175509-101004291349,Tree Removal,Parks and Recreation,6206 SOUTHBROOK DR,11/17/2020 4:55,Service Completed,Resolved,2020-09-27 05:54:00,175509,101004291349,2020-09-27,5:54,2020-11-17,4:55
175508-101004291324,Tree Removal,Parks and Recreation,6931 PINE GROVE DR,11/17/2020 4:21,Service Completed,Resolved,2020-09-27 05:20:00,175508,101004291324,2020-09-27,5:20,2020-11-17,4:21
175507-101004291263,Tree Trim,Parks and Recreation,4810 LINN ST,12/11/2020 2:45,Service Completed,Resolved,2020-09-27 03:44:00,175507,101004291263,2020-09-27,3:44,2020-12-11,2:45
175506-101004291081,Tree Trim,Parks and Recreation,1313 EWING ST,12/10/2020 13:22,Service Completed,Resolved,2020-09-26 14:21:00,175506,101004291081,2020-09-26,14:21,2020-12-10,13:22
175505-101004291080,Tree Trim,Parks and Recreation,1313 BINZ ST,12/10/2020 13:18,Service Completed,Resolved,2020-09-26 14:17:00,175505,101004291080,2020-09-26,14:17,2020-12-10,13:18
175504-101004291066,Tree Removal,Parks and Recreation,6738 UNDERHILL ST,11/16/2020 12:41,Service Completed,Resolved,2020-09-26 13:40:00,175504,101004291066,2020-09-26,13:40,2020-11-16,12:41
175503-101004290823,Tree Trim,Parks and Recreation,8114 BRANDON ST,12/10/2020 6:55,Service Completed,Resolved,2020-09-26 07:54:00,175503,101004290823,2020-09-26,7:54,2020-12-10,6:55
175502-101004290669,Tree Removal,Parks and Recreation,1100 W TIDWELL RD&5600 WHEATLEY ST ,11/16/2020 3:37,Service Completed,Resolved,2020-09-26 04:36:00,175502,101004290669,2020-09-26,4:36,2020-11-16,3:37
175501-101004290574,Tree Removal,Parks and Recreation,7703 OAK VISTA ST,11/15/2020 23:54,Service Completed,Resolved,2020-09-26 00:53:00,175501,101004290574,2020-09-26,0:53,2020-11-15,23:54
175500-101004290563,Tree Removal,Parks and Recreation,8201 N BAYOU DR,11/15/2020 22:38,Service Completed,Resolved,2020-09-25 23:37:00,175500,101004290563,2020-09-25,23:37,2020-11-15,22:38
175499-101004290378,Tree Trim,Parks and Recreation,906 PLUM FALLS CT,12/9/2020 13:03,Service Completed,Resolved,2020-09-25 14:02:00,175499,101004290378,2020-09-25,14:02,2020-12-09,13:03
175498-101004290350,Tree Trim,Parks and Recreation,10306 COVEY CT,12/9/2020 12:34,Service Completed,Resolved,2020-09-25 13:33:00,175498,101004290350,2020-09-25,13:33,2020-12-09,12:34
175497-101004290324,Tree Removal,Parks and Recreation,1302 DANBURY RD,11/15/2020 12:08,Service Completed,Resolved,2020-09-25 13:07:00,175497,101004290324,2020-09-25,13:07,2020-11-15,12:08
175496-101004290213,Tree Trim,Parks and Recreation,8002 FARNSWORTH ST,12/9/2020 10:49,Service Completed,Resolved,2020-09-25 11:48:00,175496,101004290213,2020-09-25,11:48,2020-12-09,10:49
175495-101004290159,Tree Stump Grinding,Parks and Recreation,1205 MARCONI ST,1/19/2021 10:18,Service Completed,Resolved,2020-09-25 11:17:00,175495,101004290159,2020-09-25,11:17,2021-01-19,10:18
175494-101004290150,Tree Removal,Parks and Recreation,11114 BANDLON DR,11/15/2020 10:13,Service Completed,Resolved,2020-09-25 11:12:00,175494,101004290150,2020-09-25,11:12,2020-11-15,10:13
175493-101004290096,Tree Removal,Parks and Recreation,11203 HALL RIDGE CT,11/15/2020 9:41,Service Completed,Resolved,2020-09-25 10:40:00,175493,101004290096,2020-09-25,10:40,2020-11-15,9:41
175491-101004289956,Tree Trim,Parks and Recreation,1310 W 20TH ST,12/9/2020 8:25,Service Completed,Resolved,2020-09-25 09:24:00,175491,101004289956,2020-09-25,9:24,2020-12-09,8:25
175488-101004289942,Tree Trim,Parks and Recreation,2608 S CALUMET ST,12/9/2020 8:15,Service Completed,Resolved,2020-09-25 09:14:00,175488,101004289942,2020-09-25,9:14,2020-12-09,8:15
175485-101004289908,Tree Trim,Parks and Recreation,2803 OLD SPANISH TRL,12/9/2020 7:55,Service Completed,Resolved,2020-09-25 08:54:00,175485,101004289908,2020-09-25,8:54,2020-12-09,7:55
175484-101004289876,Tree Trim,Parks and Recreation,2100 PIERCE ST&2000 ST EMANUEL ST,12/9/2020 7:38,Service Completed,Resolved,2020-09-25 08:37:00,175484,101004289876,2020-09-25,8:37,2020-12-09,7:38
175483-101004289844,Tree Removal,Parks and Recreation,4422 TIFFANY DR,11/15/2020 7:19,Service Completed,Resolved,2020-09-25 08:18:00,175483,101004289844,2020-09-25,8:18,2020-11-15,7:19
175482-101004289833,Tree Trim,Parks and Recreation,13439 WOODRING DR,12/9/2020 7:12,Service Completed,Resolved,2020-09-25 08:11:00,175482,101004289833,2020-09-25,8:11,2020-12-09,7:12
175481-101004289779,Tree Removal,Parks and Recreation,10817 STABLER LN,11/15/2020 6:47,Service Completed,Resolved,2020-09-25 07:46:00,175481,101004289779,2020-09-25,7:46,2020-11-15,6:47
175480-101004289776,Tree Removal,Parks and Recreation,508 HENRY ST,11/15/2020 6:46,Service Completed,Resolved,2020-09-25 07:45:00,175480,101004289776,2020-09-25,7:45,2020-11-15,6:46
175479-101004289732,Tree Trim,Parks and Recreation,11915 HUNKLER DR,12/9/2020 6:21,Service Completed,Resolved,2020-09-25 07:20:00,175479,101004289732,2020-09-25,7:20,2020-12-09,6:21
175478-101004289684,Tree Removal,Parks and Recreation,1403 JOHNSON ST,11/15/2020 5:58,Service Completed,Resolved,2020-09-25 06:57:00,175478,101004289684,2020-09-25,6:57,2020-11-15,5:58
175477-101004289658,Tree Trim,Parks and Recreation,915 NORTHWOOD ST,12/9/2020 5:44,Service Completed,Resolved,2020-09-25 06:43:00,175477,101004289658,2020-09-25,6:43,2020-12-09,5:44
175476-101004289625,Tree Removal,Parks and Recreation,200 MISSISSIPPI ST,11/15/2020 5:24,Service Completed,Resolved,2020-09-25 06:23:00,175476,101004289625,2020-09-25,6:23,2020-11-15,5:24
175475-101004289538,Tree Trim,Parks and Recreation,3103 KENTUCKY ST,12/9/2020 4:35,Service Completed,Resolved,2020-09-25 05:34:00,175475,101004289538,2020-09-25,5:34,2020-12-09,4:35
175474-101004289536,Tree Trim,Parks and Recreation,4823 PRAIRIE RIDGE RD,12/9/2020 4:34,Service Completed,Resolved,2020-09-25 05:33:00,175474,101004289536,2020-09-25,5:33,2020-12-09,4:34
175473-101004289515,Tree Trim,Parks and Recreation,7135 SIMS DR,12/9/2020 4:26,Service Completed,Resolved,2020-09-25 05:25:00,175473,101004289515,2020-09-25,5:25,2020-12-09,4:26
175472-101004289433,Tree Removal,Parks and Recreation,8306 HOLIDAY LN,11/15/2020 3:51,Service Completed,Resolved,2020-09-25 04:50:00,175472,101004289433,2020-09-25,4:50,2020-11-15,3:51
175471-101004289304,Tree Code Violation,Parks and Recreation,3404 RICHMOND AVE,11/16/2020 2:51,Service Completed,Resolved,2020-09-25 03:50:00,175471,101004289304,2020-09-25,3:50,2020-11-16,2:51
175468-101004289282,Tree Trim,Parks and Recreation,10010 BALMFORTH LN,12/9/2020 2:41,Service Completed,Resolved,2020-09-25 03:40:00,175468,101004289282,2020-09-25,3:40,2020-12-09,2:41
101004289166,Tree Trim,Parks and Recreation,3975 BOLIN RD,12/8/2020 22:51,Service Completed,Resolved,2020-09-24 23:50:00, ,101004289166,2020-09-24,23:50,2020-12-08,22:51
175466-101004288993,Tree Trim,Parks and Recreation,5654 MEADOW CREEK LN,12/8/2020 13:55,Service Completed,Resolved,2020-09-24 14:54:00,175466,101004288993,2020-09-24,14:54,2020-12-08,13:55
175465-101004288965,Tree Removal,Parks and Recreation,7000 CAPITOL ST,11/14/2020 13:10,Service Completed,Resolved,2020-09-24 14:09:00,175465,101004288965,2020-09-24,14:09,2020-11-14,13:10
175464-101004288960,Tree Removal,Parks and Recreation,15522 FALL BRIAR DR,11/14/2020 12:58,Service Completed,Resolved,2020-09-24 13:57:00,175464,101004288960,2020-09-24,13:57,2020-11-14,12:58
175463-101004288946,Tree Removal,Parks and Recreation,7759 OAK VISTA ST,11/14/2020 12:37,Service Completed,Resolved,2020-09-24 13:36:00,175463,101004288946,2020-09-24,13:36,2020-11-14,12:37
175461-101004288940,Tree Removal,Parks and Recreation,7514 AVENUE F,11/14/2020 12:30,Service Completed,Resolved,2020-09-24 13:29:00,175461,101004288940,2020-09-24,13:29,2020-11-14,12:30
175459-101004288932,Tree Trim,Parks and Recreation,726 ALLSTON ST,12/8/2020 12:20,Service Completed,Resolved,2020-09-24 13:19:00,175459,101004288932,2020-09-24,13:19,2020-12-08,12:20
175452-101004288885,Tree Trim,Parks and Recreation,415 GRACELAND ST,12/8/2020 11:49,Service Completed,Resolved,2020-09-24 12:48:00,175452,101004288885,2020-09-24,12:48,2020-12-08,11:49
175451-101004288824,Tree Removal,Parks and Recreation,11110 FONDA ST,11/14/2020 10:57,Service Completed,Resolved,2020-09-24 11:56:00,175451,101004288824,2020-09-24,11:56,2020-11-14,10:57
175450-101004288751,Tree Trim,Parks and Recreation,7943 FLINTRIDGE DR,12/8/2020 10:29,Service Completed,Resolved,2020-09-24 11:28:00,175450,101004288751,2020-09-24,11:28,2020-12-08,10:29
175448-101004288694,Tree Trim,Parks and Recreation,861 E 25TH ST,12/8/2020 9:56,Service Completed,Resolved,2020-09-24 10:55:00,175448,101004288694,2020-09-24,10:55,2020-12-08,9:56
175447-101004288589,Tree Trim,Parks and Recreation,7321 LAKEHURST DR,12/8/2020 9:05,Service Completed,Resolved,2020-09-24 10:04:00,175447,101004288589,2020-09-24,10:04,2020-12-08,9:05
175446-101004288563,Tree Trim,Parks and Recreation,2112 GENTRY ST,12/8/2020 8:53,Service Completed,Resolved,2020-09-24 09:52:00,175446,101004288563,2020-09-24,9:52,2020-12-08,8:53
175445-101004288541,Tree Trim,Parks and Recreation,5351 FAIRDALE LN,12/8/2020 8:41,Service Completed,Resolved,2020-09-24 09:40:00,175445,101004288541,2020-09-24,9:40,2020-12-08,8:41
175444-101004288528,Tree Trim,Parks and Recreation,2960 LAZY LANE BLVD,12/8/2020 8:34,Service Completed,Resolved,2020-09-24 09:33:00,175444,101004288528,2020-09-24,9:33,2020-12-08,8:34
175443-101004288488,Tree Trim,Parks and Recreation,5225 CALHOUN RD,12/8/2020 8:13,Service Completed,Resolved,2020-09-24 09:12:00,175443,101004288488,2020-09-24,9:12,2020-12-08,8:13
175442-101004288458,Tree Trim,Parks and Recreation,8402 GLENSCOTT ST,12/8/2020 7:59,Service Completed,Resolved,2020-09-24 08:58:00,175442,101004288458,2020-09-24,8:58,2020-12-08,7:59
175441-101004288455,Tree Trim,Parks and Recreation,6292 WILCREST DR,12/8/2020 7:58,Service Completed,Resolved,2020-09-24 08:57:00,175441,101004288455,2020-09-24,8:57,2020-12-08,7:58
175440-101004288452,Tree Trim,Parks and Recreation,6445 WILCREST DR,12/8/2020 7:56,Service Completed,Resolved,2020-09-24 08:55:00,175440,101004288452,2020-09-24,8:55,2020-12-08,7:56
175439-101004288432,Tree Removal,Parks and Recreation,10310 OAKPOINT DR,11/14/2020 7:44,Service Completed,Resolved,2020-09-24 08:43:00,175439,101004288432,2020-09-24,8:43,2020-11-14,7:44
175438-101004288427,Tree Trim,Parks and Recreation,1700 HERMANN DR,12/8/2020 7:40,Service Completed,Resolved,2020-09-24 08:39:00,175438,101004288427,2020-09-24,8:39,2020-12-08,7:40
175437-101004288412,Tree Removal,Parks and Recreation,6924 DILLON ST,11/14/2020 7:35,Service Completed,Resolved,2020-09-24 08:34:00,175437,101004288412,2020-09-24,8:34,2020-11-14,7:35
175436-101004288364,Tree Trim,Parks and Recreation,12115 WESSEX DR,12/8/2020 7:09,Service Completed,Resolved,2020-09-24 08:08:00,175436,101004288364,2020-09-24,8:08,2020-12-08,7:09
175435-101004288352,Tree Trim,Parks and Recreation,607 KILROY ST,12/8/2020 7:04,Service Completed,Resolved,2020-09-24 08:03:00,175435,101004288352,2020-09-24,8:03,2020-12-08,7:04
175434-101004288324,Tree Removal,Parks and Recreation,6720 S HAYWOOD DR,11/14/2020 6:49,Service Completed,Resolved,2020-09-24 07:48:00,175434,101004288324,2020-09-24,7:48,2020-11-14,6:49
175433-101004288267,Tree Removal,Parks and Recreation,11219 PECAN CREEK DR,11/14/2020 6:19,Service Completed,Resolved,2020-09-24 07:18:00,175433,101004288267,2020-09-24,7:18,2020-11-14,6:19
175432-101004288189,Tree Removal,Parks and Recreation,2122 W LITTLE YORK RD,11/14/2020 5:46,Service Completed,Resolved,2020-09-24 06:45:00,175432,101004288189,2020-09-24,6:45,2020-11-14,5:46
175431-101004288127,Tree Trim,Parks and Recreation,4600 EMANCIPATION AVE&2400 RUTH ST,12/8/2020 5:15,Service Completed,Resolved,2020-09-24 06:14:00,175431,101004288127,2020-09-24,6:14,2020-12-08,5:15
175428-101004288014,Tree Trim,Parks and Recreation,12330 CHESSINGTON DR,12/8/2020 4:30,Service Completed,Resolved,2020-09-24 05:29:00,175428,101004288014,2020-09-24,5:29,2020-12-08,4:30
175429-101004288012,Tree Trim,Parks and Recreation,1600 BANKS ST&4900 MANDELL ST,12/8/2020 4:29,Service Completed,Resolved,2020-09-24 05:28:00,175429,101004288012,2020-09-24,5:28,2020-12-08,4:29
175427-101004288007,Tree Trim,Parks and Recreation,1800 FULTON ST&1100 PINCKNEY ST,12/8/2020 4:28,Service Completed,Resolved,2020-09-24 05:27:00,175427,101004288007,2020-09-24,5:27,2020-12-08,4:28
175426-101004287949,Tree Trim,Parks and Recreation,709 TEMPLE ST,12/8/2020 4:02,Service Completed,Resolved,2020-09-24 05:01:00,175426,101004287949,2020-09-24,5:01,2020-12-08,4:02
175425-101004287895,Tree Trim,Parks and Recreation,11300 BRIAR FOREST DR&1900 HAYES RD ,12/8/2020 3:44,Service Completed,Resolved,2020-09-24 04:43:00,175425,101004287895,2020-09-24,4:43,2020-12-08,3:44
175423-101004287892,Tree Removal,Parks and Recreation,1111 HERMANN DR,11/14/2020 3:44,Service Completed,Resolved,2020-09-24 04:43:00,175423,101004287892,2020-09-24,4:43,2020-11-14,3:44
175424-101004287888,Tree Removal,Parks and Recreation,1400 WICHMAN ST,11/14/2020 3:43,Service Completed,Resolved,2020-09-24 04:42:00,175424,101004287888,2020-09-24,4:42,2020-11-14,3:43
175422-101004287804,Tree Trim,Parks and Recreation,7303 FAUNA ST,12/8/2020 3:09,Service Completed,Resolved,2020-09-24 04:08:00,175422,101004287804,2020-09-24,4:08,2020-12-08,3:09
175421-101004287739,Tree Removal,Parks and Recreation,217 GREENWOOD ST,11/14/2020 2:32,Service Completed,Resolved,2020-09-24 03:31:00,175421,101004287739,2020-09-24,3:31,2020-11-14,2:32
175418-101004287592,Tree Trim,Parks and Recreation,2802 FRANCIS ST,12/7/2020 22:02,Service Completed,Resolved,2020-09-23 23:01:00,175418,101004287592,2020-09-23,23:01,2020-12-07,22:02
175417-101004287355,Tree Removal,Parks and Recreation,207 GREENWOOD ST,11/13/2020 12:21,Service Completed,Resolved,2020-09-23 13:20:00,175417,101004287355,2020-09-23,13:20,2020-11-13,12:21
175416-101004287324,Tree Trim,Parks and Recreation,10018 PINE MOSS DR,12/7/2020 11:41,Service Completed,Resolved,2020-09-23 12:40:00,175416,101004287324,2020-09-23,12:40,2020-12-07,11:41
175415-101004287317,Tree Trim,Parks and Recreation,7142 YELLOW PINE DR,12/7/2020 11:35,Service Completed,Resolved,2020-09-23 12:34:00,175415,101004287317,2020-09-23,12:34,2020-12-07,11:35
175414-101004287315,Tree Trim,Parks and Recreation,10118 PINE MOSS DR,12/7/2020 11:32,Service Completed,Resolved,2020-09-23 12:31:00,175414,101004287315,2020-09-23,12:31,2020-12-07,11:32
175413-101004287253,Tree Trim,Parks and Recreation,2124 COCHRAN ST,12/7/2020 10:52,Service Completed,Resolved,2020-09-23 11:51:00,175413,101004287253,2020-09-23,11:51,2020-12-07,10:52
175412-101004287208,Tree Trim,Parks and Recreation,800 ALMEDA GENOA RD&13400 DEL PAPA ST&13336 REGAL OAKS BEND LN,12/7/2020 10:29,Service Completed,Resolved,2020-09-23 11:28:00,175412,101004287208,2020-09-23,11:28,2020-12-07,10:29
175411-101004287207,Tree Removal,Parks and Recreation,787 MILLVILLE DR,11/13/2020 10:29,Service Completed,Resolved,2020-09-23 11:28:00,175411,101004287207,2020-09-23,11:28,2020-11-13,10:29
175410-101004287076,Tree Removal,Parks and Recreation,10903 NORMEADOW LN,11/13/2020 9:34,Service Completed,Resolved,2020-09-23 10:33:00,175410,101004287076,2020-09-23,10:33,2020-11-13,9:34
175408-101004287057,Tree Removal,Parks and Recreation,5101 RUTHERGLENN DR,11/13/2020 9:28,Service Completed,Resolved,2020-09-23 10:27:00,175408,101004287057,2020-09-23,10:27,2020-11-13,9:28
175407-101004287048,Tree Trim,Parks and Recreation,300 CYBERONICS BLVD,12/7/2020 9:25,Service Completed,Resolved,2020-09-23 10:24:00,175407,101004287048,2020-09-23,10:24,2020-12-07,9:25
175406-101004287040,Tree Trim,Parks and Recreation,6414 BEAU GESTE DR,12/7/2020 9:22,Service Completed,Resolved,2020-09-23 10:21:00,175406,101004287040,2020-09-23,10:21,2020-12-07,9:22
175405-101004287038,Tree Trim,Parks and Recreation,910 ERIN ST,12/7/2020 9:22,Service Completed,Resolved,2020-09-23 10:21:00,175405,101004287038,2020-09-23,10:21,2020-12-07,9:22
175403-101004286862,Tree Trim,Parks and Recreation,900 BAGBY ST&400 WALKER ST,12/7/2020 8:01,Service Completed,Resolved,2020-09-23 09:00:00,175403,101004286862,2020-09-23,9:00,2020-12-07,8:01
175402-101004286852,Tree Trim,Parks and Recreation,6523 RIDGEWAY DR,12/7/2020 7:56,Service Completed,Resolved,2020-09-23 08:55:00,175402,101004286852,2020-09-23,8:55,2020-12-07,7:56
175401-101004286830,Tree Trim,Parks and Recreation,7802 RIPTIDE DR,12/7/2020 7:50,Service Completed,Resolved,2020-09-23 08:49:00,175401,101004286830,2020-09-23,8:49,2020-12-07,7:50
175399-101004286661,Tree Removal,Parks and Recreation,300 CYBERONICS BLVD,11/13/2020 6:31,Service Completed,Resolved,2020-09-23 07:30:00,175399,101004286661,2020-09-23,7:30,2020-11-13,6:31
175398-101004286609,Tree Trim,Parks and Recreation,11902 MEADOWGREEN ST,12/7/2020 6:14,Service Completed,Resolved,2020-09-23 07:13:00,175398,101004286609,2020-09-23,7:13,2020-12-07,6:14
175397-101004286581,Tree Removal,Parks and Recreation,7015 HAVERTON DR,11/13/2020 6:03,Service Completed,Resolved,2020-09-23 07:02:00,175397,101004286581,2020-09-23,7:02,2020-11-13,6:03
175395-101004286539,Tree Removal,Parks and Recreation,3819 CETTI ST,11/13/2020 5:48,Service Completed,Resolved,2020-09-23 06:47:00,175395,101004286539,2020-09-23,6:47,2020-11-13,5:48
175393-101004286534,Tree Trim,Parks and Recreation,2500 MORSE ST&1822 WESTHEIMER RD,12/7/2020 5:46,Service Completed,Resolved,2020-09-23 06:45:00,175393,101004286534,2020-09-23,6:45,2020-12-07,5:46
175392-101004286506,Tree Removal,Parks and Recreation,10700 MARTIN LUTHER KING BLVD&5500 OSPREY DR ,11/13/2020 5:37,Service Completed,Resolved,2020-09-23 06:36:00,175392,101004286506,2020-09-23,6:36,2020-11-13,5:37
175389-101004286376,Tree Removal,Parks and Recreation,6714 LONG DR,11/13/2020 4:48,Service Completed,Resolved,2020-09-23 05:47:00,175389,101004286376,2020-09-23,5:47,2020-11-13,4:48
175388-101004286369,Tree Removal,Parks and Recreation,8811 FELAND ST,11/13/2020 4:45,Service Completed,Resolved,2020-09-23 05:44:00,175388,101004286369,2020-09-23,5:44,2020-11-13,4:45
175386-101004286286,Tree Trim,Parks and Recreation,5102 BEECHNUT ST,12/7/2020 4:08,Service Completed,Resolved,2020-09-23 05:07:00,175386,101004286286,2020-09-23,5:07,2020-12-07,4:08
175385-101004286268,Tree Trim,Parks and Recreation,2802 VEGA ST,12/7/2020 3:59,Service Completed,Resolved,2020-09-23 04:58:00,175385,101004286268,2020-09-23,4:58,2020-12-07,3:59
175384-101004286267,Tree Trim,Parks and Recreation,3535 LOUISIANA ST,12/7/2020 3:59,Service Completed,Resolved,2020-09-23 04:58:00,175384,101004286267,2020-09-23,4:58,2020-12-07,3:59
175383-101004286247,Tree Removal,Parks and Recreation,200 W GREENS RD,11/13/2020 3:50,Service Completed,Resolved,2020-09-23 04:49:00,175383,101004286247,2020-09-23,4:49,2020-11-13,3:50
175382-101004286244,Tree Trim,Parks and Recreation,200 W GREENS RD,12/7/2020 3:46,Service Completed,Resolved,2020-09-23 04:45:00,175382,101004286244,2020-09-23,4:45,2020-12-07,3:46
175381-101004286238,Tree Trim,Parks and Recreation,1200 JACKSON BLVD&2252 WAUGH DR,12/7/2020 3:43,Service Completed,Resolved,2020-09-23 04:42:00,175381,101004286238,2020-09-23,4:42,2020-12-07,3:43
175380-101004286145,Tree Trim,Parks and Recreation,15300 CRADLE ST&5720 DRAKESTONE BLVD,12/7/2020 2:48,Service Completed,Resolved,2020-09-23 03:47:00,175380,101004286145,2020-09-23,3:47,2020-12-07,2:48
175379-101004286135,Tree Removal,Parks and Recreation,10022 SUGAR HILL DR,11/13/2020 2:39,Service Completed,Resolved,2020-09-23 03:38:00,175379,101004286135,2020-09-23,3:38,2020-11-13,2:39
175378-101004286121,Tree Removal,Parks and Recreation,1836 RICHMOND AVE,11/13/2020 2:33,Service Completed,Resolved,2020-09-23 03:32:00,175378,101004286121,2020-09-23,3:32,2020-11-13,2:33
175376-101004286034,Tree Removal,Parks and Recreation,2100 W 18TH ST&1800 WATERCREST DR,11/13/2020 1:26,Service Completed,Resolved,2020-09-23 02:25:00,175376,101004286034,2020-09-23,2:25,2020-11-13,1:26
175375-101004286029,Tree Trim,Parks and Recreation,5030 HAZELTON ST,12/7/2020 1:19,Service Completed,Resolved,2020-09-23 02:18:00,175375,101004286029,2020-09-23,2:18,2020-12-07,1:19
175374-101004286003,Tree Removal,Parks and Recreation,2000 W 18TH ST&1600 SEASPRAY CT,11/13/2020 0:17,Service Completed,Resolved,2020-09-23 01:16:00,175374,101004286003,2020-09-23,1:16,2020-11-13,0:17
175373-101004286001,Tree Trim,Parks and Recreation,3300 GREENBRIAR DR&2200 W MAIN ST,12/7/2020 0:04,Service Completed,Resolved,2020-09-23 01:03:00,175373,101004286001,2020-09-23,1:03,2020-12-07,0:04
357710-101004285977,Tree Trim,Parks and Recreation,1112 EUCLID ST,12/6/2020 19:24,Service Completed,Resolved,2020-09-22 20:23:00,357710,101004285977,2020-09-22,20:23,2020-12-06,19:24
175369-101004285454,Tree Removal,Parks and Recreation,14101 BLUEBIRD LN,11/12/2020 10:51,Service Completed,Resolved,2020-09-22 11:50:00,175369,101004285454,2020-09-22,11:50,2020-11-12,10:51
101004285416,Tree Trim,Parks and Recreation,3900 BELLFORT ST&8500 SCOTT ST,12/6/2020 10:25,Service Completed,Resolved,2020-09-22 11:24:00, ,101004285416,2020-09-22,11:24,2020-12-06,10:25
101004285371,Tree Removal,Parks and Recreation,709 GARDEN OAKS BLVD,11/12/2020 9:55,Service Completed,Resolved,2020-09-22 10:54:00, ,101004285371,2020-09-22,10:54,2020-11-12,9:55
175366-101004285333,Tree Trim,Parks and Recreation,526 HENKE ST,12/6/2020 9:22,Service Completed,Resolved,2020-09-22 10:21:00,175366,101004285333,2020-09-22,10:21,2020-12-06,9:22
175365-101004285274,Tree Removal,Parks and Recreation,3010 FRIAR POINT RD,11/12/2020 8:54,Service Completed,Resolved,2020-09-22 09:53:00,175365,101004285274,2020-09-22,9:53,2020-11-12,8:54
175364-101004285145,Tree Trim,Parks and Recreation,9103 TANAGER ST,12/6/2020 7:43,Service Completed,Resolved,2020-09-22 08:42:00,175364,101004285145,2020-09-22,8:42,2020-12-06,7:43
101004285131,Tree Removal,Parks and Recreation,10410 SAGETREE DR,11/12/2020 7:38,Service Completed,Resolved,2020-09-22 08:37:00, ,101004285131,2020-09-22,8:37,2020-11-12,7:38
175363-101004284901,Tree Removal,Parks and Recreation,11215 DALEBROOK DR,11/12/2020 5:53,Service Completed,Resolved,2020-09-22 06:52:00,175363,101004284901,2020-09-22,6:52,2020-11-12,5:53
175362-101004284861,Tree Removal,Parks and Recreation,7606 TIPPS ST,11/12/2020 5:40,Service Completed,Resolved,2020-09-22 06:39:00,175362,101004284861,2020-09-22,6:39,2020-11-12,5:40
175359-101004284701,Tree Trim,Parks and Recreation,8330 DUNLAP ST,12/6/2020 4:34,Service Completed,Resolved,2020-09-22 05:33:00,175359,101004284701,2020-09-22,5:33,2020-12-06,4:34
175357-101004284606,Tree Removal,Parks and Recreation,0 W LOOP FWY N&4700 WOODWAY DR,11/12/2020 3:47,Service Completed,Resolved,2020-09-22 04:46:00,175357,101004284606,2020-09-22,4:46,2020-11-12,3:47
175356-101004284592,Tree Removal,Parks and Recreation,5700 CAROLINE ST&1300 EWING ST,11/12/2020 3:41,Service Completed,Resolved,2020-09-22 04:40:00,175356,101004284592,2020-09-22,4:40,2020-11-12,3:41
175355-101004284588,Tree Removal,Parks and Recreation,1130 SHELTERWOOD DR&1000 W T C JESTER BLVD ,11/12/2020 3:39,Service Completed,Resolved,2020-09-22 04:38:00,175355,101004284588,2020-09-22,4:38,2020-11-12,3:39
175354-101004284560,Tree Removal,Parks and Recreation,396 W LOOP FWY N&8596 MEMORIAL DR,11/12/2020 3:28,Service Completed,Resolved,2020-09-22 04:27:00,175354,101004284560,2020-09-22,4:27,2020-11-12,3:28
175353-101004284507,Tree Removal,Parks and Recreation,1612 RIDGEWOOD ST,11/12/2020 3:03,Service Completed,Resolved,2020-09-22 04:02:00,175353,101004284507,2020-09-22,4:02,2020-11-12,3:03
175352-101004284493,Tree Removal,Parks and Recreation,9002 KENTSHIRE DR,11/12/2020 2:57,Service Completed,Resolved,2020-09-22 03:56:00,175352,101004284493,2020-09-22,3:56,2020-11-12,2:57
175351-101004284449,Tree Removal,Parks and Recreation,1130 SHELTERWOOD DR&6000 WISTER CT&6100 WISTER LN ,11/12/2020 2:36,Service Completed,Resolved,2020-09-22 03:35:00,175351,101004284449,2020-09-22,3:35,2020-11-12,2:36
357707-101004284297,Tree Trim,Parks and Recreation,10450 BRIAR FOREST DR,12/5/2020 23:55,Service Completed,Resolved,2020-09-22 00:54:00,357707,101004284297,2020-09-22,0:54,2020-12-05,23:55
175347-101004284283,Tree Removal,Parks and Recreation,5934 GREENMONT DR,11/11/2020 22:47,Service Completed,Resolved,2020-09-21 23:46:00,175347,101004284283,2020-09-21,23:46,2020-11-11,22:47
175346-101004284146,Tree Trim,Parks and Recreation,4702 MOUNT VERNON ST,12/5/2020 15:20,Service Completed,Resolved,2020-09-21 16:19:00,175346,101004284146,2020-09-21,16:19,2020-12-05,15:20
175345-101004284076,Tree Removal,Parks and Recreation,501 MARIE ST,11/11/2020 13:14,Service Completed,Resolved,2020-09-21 14:13:00,175345,101004284076,2020-09-21,14:13,2020-11-11,13:14
101004284059,Tree Removal,Parks and Recreation,501 MARIE ST,11/11/2020 12:50,Service Completed,Resolved,2020-09-21 13:49:00, ,101004284059,2020-09-21,13:49,2020-11-11,12:50
175343-101004284016,Tree Trim,Parks and Recreation,801 SAWYER ST,12/5/2020 11:59,Service Completed,Resolved,2020-09-21 12:58:00,175343,101004284016,2020-09-21,12:58,2020-12-05,11:59
175340-101004283751,Tree Trim,Parks and Recreation,12822 REMY ST,12/5/2020 9:02,Service Completed,Resolved,2020-09-21 10:01:00,175340,101004283751,2020-09-21,10:01,2020-12-05,9:02
175339-101004283731,Tree Trim,Parks and Recreation,963 W LITTLE YORK RD,12/5/2020 8:43,Service Completed,Resolved,2020-09-21 09:42:00,175339,101004283731,2020-09-21,9:42,2020-12-05,8:43
175338-101004283683,Tree Removal,Parks and Recreation,7900 MORLEY ST,11/11/2020 8:18,Service Completed,Resolved,2020-09-21 09:17:00,175338,101004283683,2020-09-21,9:17,2020-11-11,8:18
175337-101004283627,Tree Trim,Parks and Recreation,7525 TIDWELL RD,12/5/2020 7:47,Service Completed,Resolved,2020-09-21 08:46:00,175337,101004283627,2020-09-21,8:46,2020-12-05,7:47
175336-101004283618,Tree Trim,Parks and Recreation,0 NORTHWEST FWY&4700 RAMUS ST,12/5/2020 7:42,Service Completed,Resolved,2020-09-21 08:41:00,175336,101004283618,2020-09-21,8:41,2020-12-05,7:42
175335-101004283594,Tree Trim,Parks and Recreation,2420 HURFUS DR&4722 RAMUS ST,12/5/2020 7:31,Service Completed,Resolved,2020-09-21 08:30:00,175335,101004283594,2020-09-21,8:30,2020-12-05,7:31
175334-101004283563,Tree Trim,Parks and Recreation,1500 BROADMOOR ST&1400 TELEPHONE RD,12/5/2020 7:13,Service Completed,Resolved,2020-09-21 08:12:00,175334,101004283563,2020-09-21,8:12,2020-12-05,7:13
175333-101004283529,Tree Removal,Parks and Recreation,8200 PARK PLACE BLVD,11/11/2020 6:53,Service Completed,Resolved,2020-09-21 07:52:00,175333,101004283529,2020-09-21,7:52,2020-11-11,6:53
175332-101004283528,Tree Removal,Parks and Recreation,2301 DRYDEN RD,11/11/2020 6:52,Service Completed,Resolved,2020-09-21 07:51:00,175332,101004283528,2020-09-21,7:51,2020-11-11,6:52
175331-101004283506,Tree Trim,Parks and Recreation,3600 LOCKWOOD DR&5400 SALINA ST,12/5/2020 6:38,Service Completed,Resolved,2020-09-21 07:37:00,175331,101004283506,2020-09-21,7:37,2020-12-05,6:38
175330-101004283476,Tree Removal,Parks and Recreation,839 MARLEEN ST,11/11/2020 6:24,Service Completed,Resolved,2020-09-21 07:23:00,175330,101004283476,2020-09-21,7:23,2020-11-11,6:24
175328-101004283413,Tree Trim,Parks and Recreation,4500 BRADY ST&100 SUPER ST,12/5/2020 6:01,Service Completed,Resolved,2020-09-21 07:00:00,175328,101004283413,2020-09-21,7:00,2020-12-05,6:01
175327-101004283369,Tree Removal,Parks and Recreation,1818 WOODCREST DR,11/11/2020 5:47,Service Completed,Resolved,2020-09-21 06:46:00,175327,101004283369,2020-09-21,6:46,2020-11-11,5:47
175325-101004283318,Tree Trim,Parks and Recreation,1302 BANKS ST,12/5/2020 5:19,Service Completed,Resolved,2020-09-21 06:18:00,175325,101004283318,2020-09-21,6:18,2020-12-05,5:19
175321-101004283091,Tree Removal,Parks and Recreation,9411 SPRING BRANCH DR,11/11/2020 3:50,Service Completed,Resolved,2020-09-21 04:49:00,175321,101004283091,2020-09-21,4:49,2020-11-11,3:50
175320-101004283064,Tree Removal,Parks and Recreation,708 ROUSE ST,11/11/2020 3:41,Service Completed,Resolved,2020-09-21 04:40:00,175320,101004283064,2020-09-21,4:40,2020-11-11,3:41
101004282945,Tree Trim,Parks and Recreation,2802 VEGA ST,12/5/2020 2:41,Service Completed,Resolved,2020-09-21 03:40:00, ,101004282945,2020-09-21,3:40,2020-12-05,2:41
175316-101004282848,Tree Trim,Parks and Recreation,2922 SHADOWDALE DR,12/5/2020 1:30,Service Completed,Resolved,2020-09-21 02:29:00,175316,101004282848,2020-09-21,2:29,2020-12-05,1:30
175315-101004282839,Tree Trim,Parks and Recreation,2120 OXFORD ST,12/5/2020 1:19,Service Completed,Resolved,2020-09-21 02:18:00,175315,101004282839,2020-09-21,2:18,2020-12-05,1:19
175314-101004282829,Tree Trim,Parks and Recreation,716 E 12TH ST,12/5/2020 0:53,Service Completed,Resolved,2020-09-21 01:52:00,175314,101004282829,2020-09-21,1:52,2020-12-05,0:53
175313-101004282632,Tree Trim,Parks and Recreation,1612 HEIGHTS BLVD,12/4/2020 10:53,Service Completed,Resolved,2020-09-20 11:52:00,175313,101004282632,2020-09-20,11:52,2020-12-04,10:53
175312-101004282614,Tree Removal,Parks and Recreation,4027 HEATHERBLOOM DR,11/10/2020 10:23,Service Completed,Resolved,2020-09-20 11:22:00,175312,101004282614,2020-09-20,11:22,2020-11-10,10:23
175311-101004282451,Tree Removal,Parks and Recreation,3907 GALWAY LN,11/10/2020 4:57,Service Completed,Resolved,2020-09-20 05:56:00,175311,101004282451,2020-09-20,5:56,2020-11-10,4:57
175310-101004282338,Tree Trim,Parks and Recreation,7402 TIERWESTER ST,12/3/2020 23:05,Service Completed,Resolved,2020-09-20 00:04:00,175310,101004282338,2020-09-20,0:04,2020-12-03,23:05
175309-101004282295,Tree Trim,Parks and Recreation,118 GESSNER RD,12/3/2020 19:56,Service Completed,Resolved,2020-09-19 20:55:00,175309,101004282295,2020-09-19,20:55,2020-12-03,19:56
175308-101004282173,Tree Trim,Parks and Recreation,1202 LOCKWOOD DR,12/3/2020 13:16,Service Completed,Resolved,2020-09-19 14:15:00,175308,101004282173,2020-09-19,14:15,2020-12-03,13:16
175307-101004282100,Tree Removal,Parks and Recreation,7004 SANTA FE DR,11/9/2020 10:46,Service Completed,Resolved,2020-09-19 11:45:00,175307,101004282100,2020-09-19,11:45,2020-11-09,10:46
175306-101004282093,Tree Removal,Parks and Recreation,9722 CHATFIELD DR,11/9/2020 10:37,Service Completed,Resolved,2020-09-19 11:36:00,175306,101004282093,2020-09-19,11:36,2020-11-09,10:37
175305-101004282043,Tree Removal,Parks and Recreation,8503 MCDADE ST,11/9/2020 8:50,Service Completed,Resolved,2020-09-19 09:49:00,175305,101004282043,2020-09-19,9:49,2020-11-09,8:50
175304-101004281981,Tree Trim,Parks and Recreation,10232 S POST OAK RD,12/3/2020 7:36,Service Completed,Resolved,2020-09-19 08:35:00,175304,101004281981,2020-09-19,8:35,2020-12-03,7:36
175303-101004281720,Tree Removal,Parks and Recreation,4815 MANDELL ST,11/9/2020 2:02,Service Completed,Resolved,2020-09-19 03:01:00,175303,101004281720,2020-09-19,3:01,2020-11-09,2:02
175302-101004281575,Tree Trim,Parks and Recreation,5030 PERRY ST,12/2/2020 16:51,Service Completed,Resolved,2020-09-18 17:50:00,175302,101004281575,2020-09-18,17:50,2020-12-02,16:51
175301-101004281573,Tree Trim,Parks and Recreation,3121 W OREM DR,12/2/2020 16:39,Service Completed,Resolved,2020-09-18 17:38:00,175301,101004281573,2020-09-18,17:38,2020-12-02,16:39
175300-101004281482,Tree Trim,Parks and Recreation,13020 TOWNWOOD DR&3400 WINDY ROYAL DR,12/2/2020 12:57,Service Completed,Resolved,2020-09-18 13:56:00,175300,101004281482,2020-09-18,13:56,2020-12-02,12:57
175299-101004281459,Tree Trim,Parks and Recreation,11200 RIDGELIGHT LN&11012 ROUND DALE LN ,12/2/2020 12:18,Service Completed,Resolved,2020-09-18 13:17:00,175299,101004281459,2020-09-18,13:17,2020-12-02,12:18
175298-101004281196,Tree Removal,Parks and Recreation,5100 DICKSON ST&300 ROY ST,11/8/2020 9:10,Service Completed,Resolved,2020-09-18 10:09:00,175298,101004281196,2020-09-18,10:09,2020-11-08,9:10
175297-101004281130,Tree Trim,Parks and Recreation,2000 CORAL ST&7300 LINDEN ST,12/2/2020 8:34,Service Completed,Resolved,2020-09-18 09:33:00,175297,101004281130,2020-09-18,9:33,2020-12-02,8:34
175296-101004281122,Tree Trim,Parks and Recreation,2300 AVALON PL&2100 WESTGATE DR,12/2/2020 8:30,Service Completed,Resolved,2020-09-18 09:29:00,175296,101004281122,2020-09-18,9:29,2020-12-02,8:30
175294-101004280997,Tree Removal,Parks and Recreation,12305 NOLA CT,11/8/2020 7:22,Service Completed,Resolved,2020-09-18 08:21:00,175294,101004280997,2020-09-18,8:21,2020-11-08,7:22
175293-101004280918,Tree Trim,Parks and Recreation,7812 LAVENDER LANTANA LN,12/2/2020 6:37,Service Completed,Resolved,2020-09-18 07:36:00,175293,101004280918,2020-09-18,7:36,2020-12-02,6:37
175292-101004280882,Tree Removal,Parks and Recreation,1512 CENTER ST,11/8/2020 6:19,Service Completed,Resolved,2020-09-18 07:18:00,175292,101004280882,2020-09-18,7:18,2020-11-08,6:19
175291-101004280850,Tree Trim,Parks and Recreation,7600 W TIDWELL RD,12/2/2020 6:01,Service Completed,Resolved,2020-09-18 07:00:00,175291,101004280850,2020-09-18,7:00,2020-12-02,6:01
175290-101004280800,Tree Removal,Parks and Recreation,610 DEL NORTE ST,11/8/2020 5:25,Service Completed,Resolved,2020-09-18 06:24:00,175290,101004280800,2020-09-18,6:24,2020-11-08,5:25
175289-101004280796,Tree Trim,Parks and Recreation,7909 LINDA VISTA RD,12/2/2020 5:22,Service Completed,Resolved,2020-09-18 06:21:00,175289,101004280796,2020-09-18,6:21,2020-12-02,5:22
175288-101004280791,Tree Trim,Parks and Recreation,1400 MARYLAND ST&2300 WAUGH DR,12/2/2020 5:13,Service Completed,Resolved,2020-09-18 06:12:00,175288,101004280791,2020-09-18,6:12,2020-12-02,5:13
175287-101004280780,Tree Stump Grinding,Parks and Recreation,2221 NORTH BLVD,1/12/2021 5:03,Service Completed,Resolved,2020-09-18 06:02:00,175287,101004280780,2020-09-18,6:02,2021-01-12,5:03
175286-101004280762,Tree Trim,Parks and Recreation,1400 FOREST OAKS DR,12/2/2020 4:53,Service Completed,Resolved,2020-09-18 05:52:00,175286,101004280762,2020-09-18,5:52,2020-12-02,4:53
175285-101004280739,Tree Trim,Parks and Recreation,423 AURORA ST,12/2/2020 4:40,Service Completed,Resolved,2020-09-18 05:39:00,175285,101004280739,2020-09-18,5:39,2020-12-02,4:40
175284-101004280680,Tree Trim,Parks and Recreation,8408 MCLEAN ST&4500 ROSEMONT ST,12/2/2020 4:04,Service Completed,Resolved,2020-09-18 05:03:00,175284,101004280680,2020-09-18,5:03,2020-12-02,4:04
175283-101004280501,Tree Trim,Parks and Recreation,2400 PORTSMOUTH,12/2/2020 2:35,Service Completed,Resolved,2020-09-18 03:34:00,175283,101004280501,2020-09-18,3:34,2020-12-02,2:35
175274-101004280246,Tree Removal,Parks and Recreation,4025 WOODHAVEN ST,11/7/2020 14:46,Service Completed,Resolved,2020-09-17 15:45:00,175274,101004280246,2020-09-17,15:45,2020-11-07,14:46
175273-101004280050,Tree Removal,Parks and Recreation,2227 BLUE WILLOW DR,11/7/2020 10:55,Service Completed,Resolved,2020-09-17 11:54:00,175273,101004280050,2020-09-17,11:54,2020-11-07,10:55
175272-101004280036,Tree Removal,Parks and Recreation,5000 EASTLAND ST&8000 PARDEE ST,11/7/2020 10:49,Service Completed,Resolved,2020-09-17 11:48:00,175272,101004280036,2020-09-17,11:48,2020-11-07,10:49
175270-101004279886,Tree Removal,Parks and Recreation,978 BUNKER HILL RD&9700 GAYLORD DR&9600 GAYLORD ST,11/7/2020 9:45,Service Completed,Resolved,2020-09-17 10:44:00,175270,101004279886,2020-09-17,10:44,2020-11-07,9:45
175269-101004279782,Tree Removal,Parks and Recreation,915 NORTHWOOD ST,11/7/2020 9:08,Service Completed,Resolved,2020-09-17 10:07:00,175269,101004279782,2020-09-17,10:07,2020-11-07,9:08
101004279751,Tree Trim,Parks and Recreation,7322 BOYCE ST,12/1/2020 8:57,Service Completed,Resolved,2020-09-17 09:56:00, ,101004279751,2020-09-17,9:56,2020-12-01,8:57
101004279737,Tree Removal,Parks and Recreation,3118 WHITE BLOSSOM LN,11/7/2020 8:49,Service Completed,Resolved,2020-09-17 09:48:00, ,101004279737,2020-09-17,9:48,2020-11-07,8:49
175268-101004279618,Tree Removal,Parks and Recreation,7827 GLOVER ST,11/7/2020 7:52,Service Completed,Resolved,2020-09-17 08:51:00,175268,101004279618,2020-09-17,8:51,2020-11-07,7:52
175267-101004279544,Tree Removal,Parks and Recreation,1748 RICHMOND AVE,11/7/2020 7:09,Service Completed,Resolved,2020-09-17 08:08:00,175267,101004279544,2020-09-17,8:08,2020-11-07,7:09
175266-101004279506,Tree Trim,Parks and Recreation,7739 GLENLEA ST,12/1/2020 6:49,Service Completed,Resolved,2020-09-17 07:48:00,175266,101004279506,2020-09-17,7:48,2020-12-01,6:49
175265-101004279415,Tree Removal,Parks and Recreation,1718 A NANTUCKET DR,11/7/2020 6:16,Service Completed,Resolved,2020-09-17 07:15:00,175265,101004279415,2020-09-17,7:15,2020-11-07,6:16
175264-101004279363,Tree Trim,Parks and Recreation,1801 BAIRD ST,12/1/2020 5:50,Service Completed,Resolved,2020-09-17 06:49:00,175264,101004279363,2020-09-17,6:49,2020-12-01,5:50
175263-101004279319,Tree Removal,Parks and Recreation,9314 BRIAR FOREST DR,11/7/2020 5:33,Service Completed,Resolved,2020-09-17 06:32:00,175263,101004279319,2020-09-17,6:32,2020-11-07,5:33
175262-101004279258,Tree Removal,Parks and Recreation,13111 CARVEL LN,11/7/2020 4:59,Service Completed,Resolved,2020-09-17 05:58:00,175262,101004279258,2020-09-17,5:58,2020-11-07,4:59
175253-101004279039,Tree Trim,Parks and Recreation,2604 ASHLAND ST,12/1/2020 3:12,Service Completed,Resolved,2020-09-17 04:11:00,175253,101004279039,2020-09-17,4:11,2020-12-01,3:12
175252-101004279008,Tree Removal,Parks and Recreation,10315 SUN CITY CT,11/7/2020 3:00,Service Completed,Resolved,2020-09-17 03:59:00,175252,101004279008,2020-09-17,3:59,2020-11-07,3:00
175249-101004278952,Tree Trim,Parks and Recreation,1300 DU BARRY LN&3544 GUESE RD&1300 WOODCREST DR,12/1/2020 2:20,Service Completed,Resolved,2020-09-17 03:19:00,175249,101004278952,2020-09-17,3:19,2020-12-01,2:20
101004278864,Tree Removal,Parks and Recreation,955 W 43RD ST,11/7/2020 0:09,Service Completed,Resolved,2020-09-17 01:08:00, ,101004278864,2020-09-17,1:08,2020-11-07,0:09
101004278816,Tree Trim,Parks and Recreation,3621 GOLF DR,11/30/2020 19:34,Service Completed,Resolved,2020-09-16 20:33:00, ,101004278816,2020-09-16,20:33,2020-11-30,19:34
175245-101004278623,Tree Trim,Parks and Recreation,6623 SOUTHBROOK DR,11/30/2020 13:08,Service Completed,Resolved,2020-09-16 14:07:00,175245,101004278623,2020-09-16,14:07,2020-11-30,13:08
175244-101004278610,Tree Trim,Parks and Recreation,15606 WINTER BRIAR DR,11/30/2020 12:53,Service Completed,Resolved,2020-09-16 13:52:00,175244,101004278610,2020-09-16,13:52,2020-11-30,12:53
175243-101004278583,Tree Trim,Parks and Recreation,3831 DRAKE ST,11/30/2020 12:27,Service Completed,Resolved,2020-09-16 13:26:00,175243,101004278583,2020-09-16,13:26,2020-11-30,12:27
175242-101004278570,Tree Removal,Parks and Recreation,32 A LANA LN,11/6/2020 12:06,Service Completed,Resolved,2020-09-16 13:05:00,175242,101004278570,2020-09-16,13:05,2020-11-06,12:06
175239-101004278551,Tree Trim,Parks and Recreation,3900 S SHEPHERD DR&2100 SOUTHWEST FWY,11/30/2020 11:39,Service Completed,Resolved,2020-09-16 12:38:00,175239,101004278551,2020-09-16,12:38,2020-11-30,11:39
175232-101004278459,Tree Trim,Parks and Recreation,3402 CENTER ST,11/30/2020 10:28,Service Completed,Resolved,2020-09-16 11:27:00,175232,101004278459,2020-09-16,11:27,2020-11-30,10:28
175229-101004278354,Tree Trim,Parks and Recreation,4315 HAIN ST,11/30/2020 9:27,Service Completed,Resolved,2020-09-16 10:26:00,175229,101004278354,2020-09-16,10:26,2020-11-30,9:27
175228-101004278344,Tree Trim,Parks and Recreation,1901 PAUL QUINN ST,11/30/2020 9:25,Service Completed,Resolved,2020-09-16 10:24:00,175228,101004278344,2020-09-16,10:24,2020-11-30,9:25
175227-101004278326,Tree Trim,Parks and Recreation,4850 OAK FOREST DR&1400 RICHELIEU LN,11/30/2020 9:18,Service Completed,Resolved,2020-09-16 10:17:00,175227,101004278326,2020-09-16,10:17,2020-11-30,9:18
175226-101004278317,Tree Removal,Parks and Recreation,10803 SAGEVALE LN,11/6/2020 9:13,Service Completed,Resolved,2020-09-16 10:12:00,175226,101004278317,2020-09-16,10:12,2020-11-06,9:13
175220-101004278123,Tree Trim,Parks and Recreation,2200 WELCH ST,11/30/2020 7:25,Service Completed,Resolved,2020-09-16 08:24:00,175220,101004278123,2020-09-16,8:24,2020-11-30,7:25
175219-101004278117,Tree Trim,Parks and Recreation,13 TIEL WAY,11/30/2020 7:23,Service Completed,Resolved,2020-09-16 08:22:00,175219,101004278117,2020-09-16,8:22,2020-11-30,7:23
101004277968,Tree Trim,Parks and Recreation,6924 LARKSTONE ST,11/30/2020 6:10,Service Completed,Resolved,2020-09-16 07:09:00, ,101004277968,2020-09-16,7:09,2020-11-30,6:10
101004277857,Tree Removal,Parks and Recreation,5600 HOLLY VIEW DR,11/6/2020 5:20,Service Completed,Resolved,2020-09-16 06:19:00, ,101004277857,2020-09-16,6:19,2020-11-06,5:20
101004277800,Tree Trim,Parks and Recreation,7115 GILLEN ST,11/30/2020 4:58,Service Completed,Resolved,2020-09-16 05:57:00, ,101004277800,2020-09-16,5:57,2020-11-30,4:58
101004277713,Tree Trim,Parks and Recreation,9831 MANGO ST,11/30/2020 4:19,Service Completed,Resolved,2020-09-16 05:18:00, ,101004277713,2020-09-16,5:18,2020-11-30,4:19
175217-101004277628,Tree Removal,Parks and Recreation,4027 HEATHERBLOOM DR,11/6/2020 3:38,Service Completed,Resolved,2020-09-16 04:37:00,175217,101004277628,2020-09-16,4:37,2020-11-06,3:38
175216-101004277575,Tree Removal,Parks and Recreation,10201 KINGSPOINT,11/6/2020 3:10,Service Completed,Resolved,2020-09-16 04:09:00,175216,101004277575,2020-09-16,4:09,2020-11-06,3:10
101004277568,Tree Removal,Parks and Recreation,8800 FREY RD,11/6/2020 3:05,Service Completed,Resolved,2020-09-16 04:04:00, ,101004277568,2020-09-16,4:04,2020-11-06,3:05
175215-101004277565,Tree Removal,Parks and Recreation,10825 WALLISVILLE RD,11/6/2020 3:04,Service Completed,Resolved,2020-09-16 04:03:00,175215,101004277565,2020-09-16,4:03,2020-11-06,3:04
175214-101004277474,Tree Trim,Parks and Recreation,2201 SOUTH BLVD,11/30/2020 2:17,Service Completed,Resolved,2020-09-16 03:16:00,175214,101004277474,2020-09-16,3:16,2020-11-30,2:17
175213-101004277469,Tree Removal,Parks and Recreation,2201 SOUTH BLVD,11/6/2020 2:15,Service Completed,Resolved,2020-09-16 03:14:00,175213,101004277469,2020-09-16,3:14,2020-11-06,2:15
101004277366,Tree Trim,Parks and Recreation,1039 W GARDNER ST,11/29/2020 21:57,Service Completed,Resolved,2020-09-15 22:56:00, ,101004277366,2020-09-15,22:56,2020-11-29,21:57
175212-101004277100,Tree Trim,Parks and Recreation,5400 GREENBRIAR DR&2350 RICE BLVD,11/29/2020 11:37,Service Completed,Resolved,2020-09-15 12:36:00,175212,101004277100,2020-09-15,12:36,2020-11-29,11:37
101004277028,Tree Removal,Parks and Recreation,1900 COMMONWEALTH ST&1500 VERMONT ST,11/5/2020 10:48,Service Completed,Resolved,2020-09-15 11:47:00, ,101004277028,2020-09-15,11:47,2020-11-05,10:48
175211-101004277015,Tree Trim,Parks and Recreation,8900 MARTIN LUTHER KING BLVD&5600 SOUTHBROOK DR,11/29/2020 10:41,Service Completed,Resolved,2020-09-15 11:40:00,175211,101004277015,2020-09-15,11:40,2020-11-29,10:41
175210-101004276997,Tree Planting,Parks and Recreation,614 W 18TH ST,10/10/2020 11:35,Service Completed,Resolved,2020-09-15 11:34:00,175210,101004276997,2020-09-15,11:34,2020-10-10,11:35
175209-101004276971,Tree Removal,Parks and Recreation,827 ROSINE ST,11/5/2020 10:22,Service Completed,Resolved,2020-09-15 11:21:00,175209,101004276971,2020-09-15,11:21,2020-11-05,10:22
175208-101004276935,Tree Trim,Parks and Recreation,2227 TANGLEY ST,11/29/2020 9:59,Service Completed,Resolved,2020-09-15 10:58:00,175208,101004276935,2020-09-15,10:58,2020-11-29,9:59
175207-101004276926,Tree Trim,Parks and Recreation,8283 KINGSBROOK RD,11/29/2020 9:56,Service Completed,Resolved,2020-09-15 10:55:00,175207,101004276926,2020-09-15,10:55,2020-11-29,9:56
175206-101004276806,Tree Trim,Parks and Recreation,4160 MEYERWOOD DR,11/29/2020 8:58,Service Completed,Resolved,2020-09-15 09:57:00,175206,101004276806,2020-09-15,9:57,2020-11-29,8:58
175205-101004276780,Tree Trim,Parks and Recreation,4000 LATMA DR&9100 STELLA LINK RD,11/29/2020 8:46,Service Completed,Resolved,2020-09-15 09:45:00,175205,101004276780,2020-09-15,9:45,2020-11-29,8:46
101004276633,Tree Trim,Parks and Recreation,11215 SHANNON HILLS DR,11/29/2020 7:28,Service Completed,Resolved,2020-09-15 08:27:00, ,101004276633,2020-09-15,8:27,2020-11-29,7:28
175199-101004276532,Tree Removal,Parks and Recreation,2101 GANO ST,11/5/2020 6:33,Service Completed,Resolved,2020-09-15 07:32:00,175199,101004276532,2020-09-15,7:32,2020-11-05,6:33
175197-101004276478,Tree Trim,Parks and Recreation,15414 LEE RD,11/29/2020 6:13,Service Completed,Resolved,2020-09-15 07:12:00,175197,101004276478,2020-09-15,7:12,2020-11-29,6:13
175196-101004276458,Tree Removal,Parks and Recreation,10218 CHEEVES DR,11/5/2020 6:04,Service Completed,Resolved,2020-09-15 07:03:00,175196,101004276458,2020-09-15,7:03,2020-11-05,6:04
175195-101004276367,Tree Trim,Parks and Recreation,402 ARLINGTON ST,11/29/2020 5:15,Service Completed,Resolved,2020-09-15 06:14:00,175195,101004276367,2020-09-15,6:14,2020-11-29,5:15
175194-101004276323,Tree Trim,Parks and Recreation,5900 AUTUMN DOGWOOD WAY&1800 MOUNTAIN ASPEN LN,11/29/2020 4:58,Service Completed,Resolved,2020-09-15 05:57:00,175194,101004276323,2020-09-15,5:57,2020-11-29,4:58
175193-101004276309,Tree Removal,Parks and Recreation,10 LAURENHURST CT,11/5/2020 4:54,Service Completed,Resolved,2020-09-15 05:53:00,175193,101004276309,2020-09-15,5:53,2020-11-05,4:54
175191-101004276284,Tree Trim,Parks and Recreation,11123 ASHCOTT DR,11/29/2020 4:45,Service Completed,Resolved,2020-09-15 05:44:00,175191,101004276284,2020-09-15,5:44,2020-11-29,4:45
175192-101004276279,Tree Trim,Parks and Recreation,9702 KEMPWOOD DR,11/29/2020 4:44,Service Completed,Resolved,2020-09-15 05:43:00,175192,101004276279,2020-09-15,5:43,2020-11-29,4:44
175190-101004276171,Tree Trim,Parks and Recreation,7523 HEREFORD ST,11/29/2020 3:55,Service Completed,Resolved,2020-09-15 04:54:00,175190,101004276171,2020-09-15,4:54,2020-11-29,3:55
175189-101004276079,Tree Trim,Parks and Recreation,10035 FULTON ST,11/29/2020 3:17,Service Completed,Resolved,2020-09-15 04:16:00,175189,101004276079,2020-09-15,4:16,2020-11-29,3:17
175188-101004276055,Tree Removal,Parks and Recreation,19221 LOUIE WELCH DR,11/5/2020 3:04,Service Completed,Resolved,2020-09-15 04:03:00,175188,101004276055,2020-09-15,4:03,2020-11-05,3:04
101004275907,Tree Trim,Parks and Recreation,14800 MEMORIAL DR,11/29/2020 0:16,Service Completed,Resolved,2020-09-15 01:15:00, ,101004275907,2020-09-15,1:15,2020-11-29,0:16
101004275870,Tree Trim,Parks and Recreation,5973 WOODWAY DR,11/28/2020 19:15,Service Completed,Resolved,2020-09-14 20:14:00, ,101004275870,2020-09-14,20:14,2020-11-28,19:15
175186-101004275756,Tree Trim,Parks and Recreation,8500 JOHN ST&1400 REESE ST,11/28/2020 13:35,Service Completed,Resolved,2020-09-14 14:34:00,175186,101004275756,2020-09-14,14:34,2020-11-28,13:35
175185-101004275632,Tree Trim,Parks and Recreation,12926 VILLAWOOD LN,11/28/2020 11:26,Service Completed,Resolved,2020-09-14 12:25:00,175185,101004275632,2020-09-14,12:25,2020-11-28,11:26
175184-101004275579,Tree Trim,Parks and Recreation,9900 CLARK RD&200 DIPPING LN,11/28/2020 11:00,Service Completed,Resolved,2020-09-14 11:59:00,175184,101004275579,2020-09-14,11:59,2020-11-28,11:00
101004275571,Tree Removal,Parks and Recreation,312 DORCHESTER ST,11/4/2020 10:57,Service Completed,Resolved,2020-09-14 11:56:00, ,101004275571,2020-09-14,11:56,2020-11-04,10:57
175183-101004275568,Tree Removal,Parks and Recreation,6 BARRACUDA CT,11/4/2020 10:54,Service Completed,Resolved,2020-09-14 11:53:00,175183,101004275568,2020-09-14,11:53,2020-11-04,10:54
175182-101004275567,Tree Trim,Parks and Recreation,6647 AVENUE Q,11/28/2020 10:54,Service Completed,Resolved,2020-09-14 11:53:00,175182,101004275567,2020-09-14,11:53,2020-11-28,10:54
175181-101004275356,Tree Trim,Parks and Recreation,5119 PORTER RIDGE DR,11/28/2020 9:13,Service Completed,Resolved,2020-09-14 10:12:00,175181,101004275356,2020-09-14,10:12,2020-11-28,9:13
175180-101004275348,Tree Trim,Parks and Recreation,19307 LOUIE WELCH DR,11/28/2020 9:10,Service Completed,Resolved,2020-09-14 10:09:00,175180,101004275348,2020-09-14,10:09,2020-11-28,9:10
101004275345,Tree Removal,Parks and Recreation,1515 SPRING ST,11/4/2020 9:08,Service Completed,Resolved,2020-09-14 10:07:00, ,101004275345,2020-09-14,10:07,2020-11-04,9:08
101004275337,Tree Removal,Parks and Recreation,1515 SPRING ST,11/4/2020 9:06,Service Completed,Resolved,2020-09-14 10:05:00, ,101004275337,2020-09-14,10:05,2020-11-04,9:06
101004275332,Tree Planting,Parks and Recreation,1515 SPRING ST,10/9/2020 10:06,Service Completed,Resolved,2020-09-14 10:05:00, ,101004275332,2020-09-14,10:05,2020-10-09,10:06
101004275306,Tree Removal,Parks and Recreation,1920 ANN ST,11/4/2020 8:54,Service Completed,Resolved,2020-09-14 09:53:00, ,101004275306,2020-09-14,9:53,2020-11-04,8:54
175179-101004275266,Tree Trim,Parks and Recreation,5442 WILLOW CREEK WAY,11/28/2020 8:36,Service Completed,Resolved,2020-09-14 09:35:00,175179,101004275266,2020-09-14,9:35,2020-11-28,8:36
175178-101004275249,Tree Trim,Parks and Recreation,7918 DUFFIELD LN,11/28/2020 8:31,Service Completed,Resolved,2020-09-14 09:30:00,175178,101004275249,2020-09-14,9:30,2020-11-28,8:31
175177-101004275238,Tree Trim,Parks and Recreation,15610 WINTER BRIAR DR,11/28/2020 8:24,Service Completed,Resolved,2020-09-14 09:23:00,175177,101004275238,2020-09-14,9:23,2020-11-28,8:24
175175-101004275195,Tree Removal,Parks and Recreation,10232 S POST OAK RD,11/4/2020 7:59,Service Completed,Resolved,2020-09-14 08:58:00,175175,101004275195,2020-09-14,8:58,2020-11-04,7:59
175174-101004275188,Tree Trim,Parks and Recreation,6932 NAVIGATION BLVD,11/28/2020 7:54,Service Completed,Resolved,2020-09-14 08:53:00,175174,101004275188,2020-09-14,8:53,2020-11-28,7:54
175171-101004275046,Tree Trim,Parks and Recreation,5700 GROVETON ST&9350 MARTIN LUTHER KING BLVD,11/28/2020 6:51,Service Completed,Resolved,2020-09-14 07:50:00,175171,101004275046,2020-09-14,7:50,2020-11-28,6:51
175168-101004274910,Tree Trim,Parks and Recreation,12019 ROSECROFT DR,11/28/2020 5:48,Service Completed,Resolved,2020-09-14 06:47:00,175168,101004274910,2020-09-14,6:47,2020-11-28,5:48
175167-101004274775,Tree Trim,Parks and Recreation,11900 BISSONNET ST&9500 S KIRKWOOD RD ,11/28/2020 4:41,Service Completed,Resolved,2020-09-14 05:40:00,175167,101004274775,2020-09-14,5:40,2020-11-28,4:41
175166-101004274760,Tree Trim,Parks and Recreation,12550 VINDON DR,11/28/2020 4:37,Service Completed,Resolved,2020-09-14 05:36:00,175166,101004274760,2020-09-14,5:36,2020-11-28,4:37
175165-101004274652,Tree Trim,Parks and Recreation,7800 SPARTA ST,11/28/2020 3:57,Service Completed,Resolved,2020-09-14 04:56:00,175165,101004274652,2020-09-14,4:56,2020-11-28,3:57
175164-101004274607,Tree Trim,Parks and Recreation,6300 COSTA MESA DR&16300 NAPA VINE DR,11/28/2020 3:33,Service Completed,Resolved,2020-09-14 04:32:00,175164,101004274607,2020-09-14,4:32,2020-11-28,3:33
175163-101004274595,Tree Trim,Parks and Recreation,4500 BRADY ST&100 SUPER ST,11/28/2020 3:32,Service Completed,Resolved,2020-09-14 04:31:00,175163,101004274595,2020-09-14,4:31,2020-11-28,3:32
101004274287,Tree Trim,Parks and Recreation,2215 GLEN HAVEN BLVD,11/27/2020 14:42,Service Completed,Resolved,2020-09-13 15:41:00, ,101004274287,2020-09-13,15:41,2020-11-27,14:42
101004274040,Tree Trim,Parks and Recreation,1000 COLQUITT ST&4200 MONTROSE BLVD ,11/27/2020 5:45,Service Completed,Resolved,2020-09-13 06:44:00, ,101004274040,2020-09-13,6:44,2020-11-27,5:45
101004274015,Tree Removal,Parks and Recreation,1245 JUDIWAY ST,11/3/2020 4:58,Service Completed,Resolved,2020-09-13 05:57:00, ,101004274015,2020-09-13,5:57,2020-11-03,4:58
101004274014,Tree Trim,Parks and Recreation,7818 BUFFALO SPWY,11/27/2020 4:58,Service Completed,Resolved,2020-09-13 05:57:00, ,101004274014,2020-09-13,5:57,2020-11-27,4:58
101004273911,Tree Trim,Parks and Recreation,201 VANDERPOOL LN,11/26/2020 18:45,Service Completed,Resolved,2020-09-12 19:44:00, ,101004273911,2020-09-12,19:44,2020-11-26,18:45
101004273856,Tree Removal,Parks and Recreation,14022 GRAND HEIGHTS CT,11/2/2020 16:29,Service Completed,Resolved,2020-09-12 17:28:00, ,101004273856,2020-09-12,17:28,2020-11-02,16:29
101004273786,Tree Trim,Parks and Recreation,615 W PIERCE ST,11/26/2020 13:06,Service Completed,Resolved,2020-09-12 14:05:00, ,101004273786,2020-09-12,14:05,2020-11-26,13:06
101004273666,Tree Trim,Parks and Recreation,5025 HAZELTON ST,11/26/2020 7:47,Service Completed,Resolved,2020-09-12 08:46:00, ,101004273666,2020-09-12,8:46,2020-11-26,7:47
101004273663,Tree Trim,Parks and Recreation,8300 CULLEN BLVD&4700 SUNFLOWER ST,11/26/2020 7:45,Service Completed,Resolved,2020-09-12 08:44:00, ,101004273663,2020-09-12,8:44,2020-11-26,7:45
101004273340,Tree Trim,Parks and Recreation,5800 GREENBRIAR DR&2300 SHAKESPEARE ST,11/25/2020 23:48,Service Completed,Resolved,2020-09-12 00:47:00, ,101004273340,2020-09-12,0:47,2020-11-25,23:48
357599-101004273190,Tree Trim,Parks and Recreation,600 JEWETT ST&800 VINCENT ST,11/25/2020 14:21,Service Completed,Resolved,2020-09-11 15:20:00,357599,101004273190,2020-09-11,15:20,2020-11-25,14:21
175159-101004273162,Tree Trim,Parks and Recreation,807 E 24TH ST,11/25/2020 13:28,Service Completed,Resolved,2020-09-11 14:27:00,175159,101004273162,2020-09-11,14:27,2020-11-25,13:28
175158-101004273144,Tree Trim,Parks and Recreation,3900 DAPHNE ST&6600 SCOTT ST,11/25/2020 12:57,Service Completed,Resolved,2020-09-11 13:56:00,175158,101004273144,2020-09-11,13:56,2020-11-25,12:57
175157-101004272925,Tree Trim,Parks and Recreation,8219 LANHAM LN,11/25/2020 10:12,Service Completed,Resolved,2020-09-11 11:11:00,175157,101004272925,2020-09-11,11:11,2020-11-25,10:12
175156-101004272846,Tree Removal,Parks and Recreation,2031 BANKS ST,11/1/2020 9:34,Service Completed,Resolved,2020-09-11 10:33:00,175156,101004272846,2020-09-11,10:33,2020-11-01,9:34
175155-101004272742,Tree Trim,Parks and Recreation,0 N LOOP FWY W&2800 N SHEPHERD DR,11/25/2020 8:36,Service Completed,Resolved,2020-09-11 09:35:00,175155,101004272742,2020-09-11,9:35,2020-11-25,8:36
175148-101004272521,Tree Trim,Parks and Recreation,10900 HIRSCH RD&5200 TAUTENHAHN RD ,11/25/2020 6:32,Service Completed,Resolved,2020-09-11 07:31:00,175148,101004272521,2020-09-11,7:31,2020-11-25,6:32
175147-101004272436,Tree Removal,Parks and Recreation,4110 EUROPA ST,11/1/2020 5:27,Service Completed,Resolved,2020-09-11 06:26:00,175147,101004272436,2020-09-11,6:26,2020-11-01,5:27
175146-101004272250,Tree Trim,Parks and Recreation,5700 GREENBRIAR DR&2300 UNIVERSITY BLVD,11/25/2020 4:03,Service Completed,Resolved,2020-09-11 05:02:00,175146,101004272250,2020-09-11,5:02,2020-11-25,4:03
175145-101004272233,Tree Removal,Parks and Recreation,5821 WOODVIEW DR,11/1/2020 3:49,Service Completed,Resolved,2020-09-11 04:48:00,175145,101004272233,2020-09-11,4:48,2020-11-01,3:49
175144-101004272195,Tree Removal,Parks and Recreation,2340 GOLDSMITH ST,11/1/2020 3:31,Service Completed,Resolved,2020-09-11 04:30:00,175144,101004272195,2020-09-11,4:30,2020-11-01,3:31
175143-101004272188,Tree Trim,Parks and Recreation,6919 PLUM CREEK TRAIL LN,11/25/2020 3:28,Service Completed,Resolved,2020-09-11 04:27:00,175143,101004272188,2020-09-11,4:27,2020-11-25,3:28
175142-101004272157,Tree Removal,Parks and Recreation,1819 HATWELL ST,11/1/2020 3:13,Service Completed,Resolved,2020-09-11 04:12:00,175142,101004272157,2020-09-11,4:12,2020-11-01,3:13
175141-101004272117,Tree Trim,Parks and Recreation,8042 BRANIFF AVE,11/25/2020 2:45,Service Completed,Resolved,2020-09-11 03:44:00,175141,101004272117,2020-09-11,3:44,2020-11-25,2:45
175140-101004272107,Tree Trim,Parks and Recreation,3700 BELLFORT ST&8400 COMAL ST,11/25/2020 2:37,Service Completed,Resolved,2020-09-11 03:36:00,175140,101004272107,2020-09-11,3:36,2020-11-25,2:37
175139-101004272104,Tree Trim,Parks and Recreation,10611 HAT ST,11/25/2020 2:36,Service Completed,Resolved,2020-09-11 03:35:00,175139,101004272104,2020-09-11,3:35,2020-11-25,2:36
175137-101004271866,Tree Trim,Parks and Recreation,7241 FINCH ST,11/24/2020 14:44,Service Completed,Resolved,2020-09-10 15:43:00,175137,101004271866,2020-09-10,15:43,2020-11-24,14:44
175136-101004271757,Tree Removal,Parks and Recreation,1700 HADDON ST&1700 RIDGEWOOD ST,10/31/2020 13:14,Service Completed,Resolved,2020-09-10 13:13:00,175136,101004271757,2020-09-10,13:13,2020-10-31,13:14
175128-101004271255,Tree Trim,Parks and Recreation,3839 DAPHNE ST,11/24/2020 7:17,Service Completed,Resolved,2020-09-10 08:16:00,175128,101004271255,2020-09-10,8:16,2020-11-24,7:17
175127-101004271226,Tree Trim,Parks and Recreation,7622 LADY ST,11/24/2020 7:02,Service Completed,Resolved,2020-09-10 08:01:00,175127,101004271226,2020-09-10,8:01,2020-11-24,7:02
175126-101004271164,Tree Trim,Parks and Recreation,13306 AGARITA LN,11/24/2020 6:24,Service Completed,Resolved,2020-09-10 07:23:00,175126,101004271164,2020-09-10,7:23,2020-11-24,6:24
175125-101004271092,Tree Removal,Parks and Recreation,931 BLANCHARD HILL LN,10/31/2020 6:48,Service Completed,Resolved,2020-09-10 06:47:00,175125,101004271092,2020-09-10,6:47,2020-10-31,6:48
175124-101004271069,Tree Removal,Parks and Recreation,7718 AVENUE H,10/31/2020 6:39,Service Completed,Resolved,2020-09-10 06:38:00,175124,101004271069,2020-09-10,6:38,2020-10-31,6:39
175123-101004271006,Tree Trim,Parks and Recreation,6310 COSTA MESA DR,11/24/2020 5:06,Service Completed,Resolved,2020-09-10 06:05:00,175123,101004271006,2020-09-10,6:05,2020-11-24,5:06
175122-101004270978,Tree Trim,Parks and Recreation,15626 FALL BRIAR DR,11/24/2020 4:56,Service Completed,Resolved,2020-09-10 05:55:00,175122,101004270978,2020-09-10,5:55,2020-11-24,4:56
175121-101004270973,Tree Removal,Parks and Recreation,2420 BAYLOR ST,10/31/2020 5:52,Service Completed,Resolved,2020-09-10 05:51:00,175121,101004270973,2020-09-10,5:51,2020-10-31,5:52
101004270942,Tree Removal,Parks and Recreation,7690 SAN FELIPE ST,10/31/2020 5:41,Service Completed,Resolved,2020-09-10 05:40:00, ,101004270942,2020-09-10,5:40,2020-10-31,5:41
175118-101004270816,Tree Trim,Parks and Recreation,1220 TIMBERGROVE LN&1000 WYNNWOOD LN,11/24/2020 3:37,Service Completed,Resolved,2020-09-10 04:36:00,175118,101004270816,2020-09-10,4:36,2020-11-24,3:37
175117-101004270785,Tree Trim,Parks and Recreation,710 MAROBY ST,11/24/2020 3:20,Service Completed,Resolved,2020-09-10 04:19:00,175117,101004270785,2020-09-10,4:19,2020-11-24,3:20
175114-101004270731,Tree Removal,Parks and Recreation,3200 RUSSELL ST,10/31/2020 3:53,Service Completed,Resolved,2020-09-10 03:52:00,175114,101004270731,2020-09-10,3:52,2020-10-31,3:53
175113-101004270719,Tree Removal,Parks and Recreation,6902 NORDLING RD,10/31/2020 3:45,Service Completed,Resolved,2020-09-10 03:44:00,175113,101004270719,2020-09-10,3:44,2020-10-31,3:45
101004270520,Tree Trim,Parks and Recreation,4003 TIDEWATER DR,11/23/2020 19:42,Service Completed,Resolved,2020-09-09 20:41:00, ,101004270520,2020-09-09,20:41,2020-11-23,19:42
175111-101004270425,Tree Code Violation,Parks and Recreation,3900 S SHEPHERD DR&2100 SOUTHWEST FWY,10/31/2020 17:50,Service Completed,Resolved,2020-09-09 17:49:00,175111,101004270425,2020-09-09,17:49,2020-10-31,17:50
175110-101004270421,Tree Trim,Parks and Recreation,8206 BASSETT ST,11/23/2020 15:37,Service Completed,Resolved,2020-09-09 16:36:00,175110,101004270421,2020-09-09,16:36,2020-11-23,15:37
175109-101004270388,Tree Trim,Parks and Recreation,10306 BOB WHITE DR,11/23/2020 14:31,Service Completed,Resolved,2020-09-09 15:30:00,175109,101004270388,2020-09-09,15:30,2020-11-23,14:31
175108-101004270385,Tree Trim,Parks and Recreation,5623 W 43RD ST,11/23/2020 14:24,Service Completed,Resolved,2020-09-09 15:23:00,175108,101004270385,2020-09-09,15:23,2020-11-23,14:24
175107-101004270383,Tree Trim,Parks and Recreation,6111 W 43RD ST,11/23/2020 14:23,Service Completed,Resolved,2020-09-09 15:22:00,175107,101004270383,2020-09-09,15:22,2020-11-23,14:23
175106-101004270357,Tree Removal,Parks and Recreation,11929 BARRYKNOLL LN,10/30/2020 14:21,Service Completed,Resolved,2020-09-09 14:20:00,175106,101004270357,2020-09-09,14:20,2020-10-30,14:21
175105-101004270249,Tree Removal,Parks and Recreation,6507 BANTA DR,10/30/2020 12:44,Service Completed,Resolved,2020-09-09 12:43:00,175105,101004270249,2020-09-09,12:43,2020-10-30,12:44
175104-101004270160,Tree Trim,Parks and Recreation,12802 GRAND CROSS LN,11/23/2020 10:59,Service Completed,Resolved,2020-09-09 11:58:00,175104,101004270160,2020-09-09,11:58,2020-11-23,10:59
175103-101004270044,Tree Removal,Parks and Recreation,945 BAYLAND AVE,10/30/2020 11:05,Service Completed,Resolved,2020-09-09 11:04:00,175103,101004270044,2020-09-09,11:04,2020-10-30,11:05
175100-101004269943,Tree Trim,Parks and Recreation,1001 YALE ST,11/23/2020 9:22,Service Completed,Resolved,2020-09-09 10:21:00,175100,101004269943,2020-09-09,10:21,2020-11-23,9:22
175099-101004269924,Tree Trim,Parks and Recreation,6915 PLUM CREEK TRAIL LN,11/23/2020 9:15,Service Completed,Resolved,2020-09-09 10:14:00,175099,101004269924,2020-09-09,10:14,2020-11-23,9:15
175098-101004269788,Tree Trim,Parks and Recreation,5754 BANKSIDE DR,11/23/2020 8:01,Service Completed,Resolved,2020-09-09 09:00:00,175098,101004269788,2020-09-09,9:00,2020-11-23,8:01
175097-101004269760,Tree Removal,Parks and Recreation,1400 BIG DEER DR&21500 TURKEY CIR,10/30/2020 8:45,Service Completed,Resolved,2020-09-09 08:44:00,175097,101004269760,2020-09-09,8:44,2020-10-30,8:45
175096-101004269699,Tree Trim,Parks and Recreation,7000 BELLFORT ST&6400 BULLFINCH ST,11/23/2020 7:02,Service Completed,Resolved,2020-09-09 08:01:00,175096,101004269699,2020-09-09,8:01,2020-11-23,7:02
175095-101004269616,Tree Removal,Parks and Recreation,3200 RUSSELL ST,10/30/2020 7:14,Service Completed,Resolved,2020-09-09 07:13:00,175095,101004269616,2020-09-09,7:13,2020-10-30,7:14
175094-101004269611,Tree Removal,Parks and Recreation,2413 WHITNEY ST,10/30/2020 7:12,Service Completed,Resolved,2020-09-09 07:11:00,175094,101004269611,2020-09-09,7:11,2020-10-30,7:12
175093-101004269582,Tree Trim,Parks and Recreation,16631 SEAWOLF DR,11/23/2020 5:53,Service Completed,Resolved,2020-09-09 06:52:00,175093,101004269582,2020-09-09,6:52,2020-11-23,5:53
175091-101004269544,Tree Trim,Parks and Recreation,16100 COOPER RIDGE LN&4800 RIDGETON DR,11/23/2020 5:30,Service Completed,Resolved,2020-09-09 06:29:00,175091,101004269544,2020-09-09,6:29,2020-11-23,5:30
175090-101004269484,Tree Trim,Parks and Recreation,2321 GENTRY ST,11/23/2020 4:58,Service Completed,Resolved,2020-09-09 05:57:00,175090,101004269484,2020-09-09,5:57,2020-11-23,4:58
175089-101004269416,Tree Trim,Parks and Recreation,14418 HIRAM CLARKE RD,11/23/2020 4:28,Service Completed,Resolved,2020-09-09 05:27:00,175089,101004269416,2020-09-09,5:27,2020-11-23,4:28
175088-101004269357,Tree Removal,Parks and Recreation,213 LUTHER ST,10/30/2020 5:03,Service Completed,Resolved,2020-09-09 05:02:00,175088,101004269357,2020-09-09,5:02,2020-10-30,5:03
175087-101004269342,Tree Removal,Parks and Recreation,1818 CAPRON ST,10/30/2020 4:55,Service Completed,Resolved,2020-09-09 04:54:00,175087,101004269342,2020-09-09,4:54,2020-10-30,4:55
175086-101004269240,Tree Removal,Parks and Recreation,11502 CAESAR DR,10/30/2020 4:11,Service Completed,Resolved,2020-09-09 04:10:00,175086,101004269240,2020-09-09,4:10,2020-10-30,4:11
175085-101004269195,Tree Removal,Parks and Recreation,2411 REINERMAN ST,10/30/2020 3:46,Service Completed,Resolved,2020-09-09 03:45:00,175085,101004269195,2020-09-09,3:45,2020-10-30,3:46
175084-101004269192,Tree Stump Grinding,Parks and Recreation,10831 SAGEBERRY DR,1/3/2021 2:44,Service Completed,Resolved,2020-09-09 03:43:00,175084,101004269192,2020-09-09,3:43,2021-01-03,2:44
175082-101004269082,Tree Trim,Parks and Recreation,4214 CASTOR ST,11/23/2020 0:56,Service Completed,Resolved,2020-09-09 01:55:00,175082,101004269082,2020-09-09,1:55,2020-11-23,0:56
357547-101004269051,Tree Removal,Parks and Recreation,5205 KARCHER ST,10/29/2020 21:15,Service Completed,Resolved,2020-09-08 21:14:00,357547,101004269051,2020-09-08,21:14,2020-10-29,21:15
175077-101004268946,Tree Trim,Parks and Recreation,2400 BLALOCK RD&9440 EMNORA LN,11/22/2020 12:41,Service Completed,Resolved,2020-09-08 13:40:00,175077,101004268946,2020-09-08,13:40,2020-11-22,12:41
175076-101004268872,Tree Code Violation,Parks and Recreation,7777 S DAIRY ASHFORD ST,10/30/2020 12:22,Service Completed,Resolved,2020-09-08 12:21:00,175076,101004268872,2020-09-08,12:21,2020-10-30,12:22
175075-101004268811,Tree Planting,Parks and Recreation,7777 S DAIRY ASHFORD ST,10/3/2020 11:45,Service Completed,Resolved,2020-09-08 11:44:00,175075,101004268811,2020-09-08,11:44,2020-10-03,11:45
175073-101004268620,Tree Trim,Parks and Recreation,12807 GLENWOLDE DR,11/22/2020 9:07,Service Completed,Resolved,2020-09-08 10:06:00,175073,101004268620,2020-09-08,10:06,2020-11-22,9:07
175072-101004268541,Tree Removal,Parks and Recreation,200 ARCHER ST,10/29/2020 9:36,Service Completed,Resolved,2020-09-08 09:35:00,175072,101004268541,2020-09-08,9:35,2020-10-29,9:36
101004268536,Tree Planting,Parks and Recreation,200 ARCHER ST,10/3/2020 9:34,Service Completed,Resolved,2020-09-08 09:33:00, ,101004268536,2020-09-08,9:33,2020-10-03,9:34
175067-101004268203,Tree Trim,Parks and Recreation,3200 KINGWOOD DR&1700 LAKE KINGWOOD TRL&2400 VALLEY MANOR DR,11/22/2020 6:06,Service Completed,Resolved,2020-09-08 07:05:00,175067,101004268203,2020-09-08,7:05,2020-11-22,6:06
175065-101004268144,Tree Trim,Parks and Recreation,6601 CATHCART DR,11/22/2020 5:27,Service Completed,Resolved,2020-09-08 06:26:00,175065,101004268144,2020-09-08,6:26,2020-11-22,5:27
175064-101004268066,Tree Removal,Parks and Recreation,2903 RIATA LN,10/29/2020 5:40,Service Completed,Resolved,2020-09-08 05:39:00,175064,101004268066,2020-09-08,5:39,2020-10-29,5:40
175062-101004268007,Tree Removal,Parks and Recreation,4603 NETT ST,10/29/2020 5:16,Service Completed,Resolved,2020-09-08 05:15:00,175062,101004268007,2020-09-08,5:15,2020-10-29,5:16
175061-101004267975,Tree Removal,Parks and Recreation,12063 CIRCLE E DR,10/29/2020 5:01,Service Completed,Resolved,2020-09-08 05:00:00,175061,101004267975,2020-09-08,5:00,2020-10-29,5:01
175060-101004267905,Tree Trim,Parks and Recreation,6820 SOUTHBANK ST&5900 SOUTHGOOD ST,11/22/2020 3:24,Service Completed,Resolved,2020-09-08 04:23:00,175060,101004267905,2020-09-08,4:23,2020-11-22,3:24
175059-101004267852,Tree Trim,Parks and Recreation,6602 HOMESTEAD RD,11/22/2020 2:55,Service Completed,Resolved,2020-09-08 03:54:00,175059,101004267852,2020-09-08,3:54,2020-11-22,2:55
175058-101004267815,Tree Trim,Parks and Recreation,4014 ROSELAND ST,11/22/2020 2:33,Service Completed,Resolved,2020-09-08 03:32:00,175058,101004267815,2020-09-08,3:32,2020-11-22,2:33
175057-101004267813,Tree Trim,Parks and Recreation,5514 CEDARBURG DR,11/22/2020 2:32,Service Completed,Resolved,2020-09-08 03:31:00,175057,101004267813,2020-09-08,3:31,2020-11-22,2:32
175056-101004267801,Tree Trim,Parks and Recreation,5219 EIGEL ST,11/22/2020 2:21,Service Completed,Resolved,2020-09-08 03:20:00,175056,101004267801,2020-09-08,3:20,2020-11-22,2:21
175055-101004267787,Tree Trim,Parks and Recreation,4810 CETTI ST,11/22/2020 2:12,Service Completed,Resolved,2020-09-08 03:11:00,175055,101004267787,2020-09-08,3:11,2020-11-22,2:12
101004267579,Tree Trim,Parks and Recreation,3902 TILSON LN,11/21/2020 11:23,Service Completed,Resolved,2020-09-07 12:22:00, ,101004267579,2020-09-07,12:22,2020-11-21,11:23
175051-101004267559,Tree Trim,Parks and Recreation,3711 AUDUBON PL,11/21/2020 10:44,Service Completed,Resolved,2020-09-07 11:43:00,175051,101004267559,2020-09-07,11:43,2020-11-21,10:44
175052-101004267558,Tree Trim,Parks and Recreation,4320 JULIAN ST,11/21/2020 10:43,Service Completed,Resolved,2020-09-07 11:42:00,175052,101004267558,2020-09-07,11:42,2020-11-21,10:43
175049-101004267531,Tree Trim,Parks and Recreation,2407 LUCAS ST,11/21/2020 10:21,Service Completed,Resolved,2020-09-07 11:20:00,175049,101004267531,2020-09-07,11:20,2020-11-21,10:21
175047-101004267478,Tree Trim,Parks and Recreation,4878 CLOVER ST,11/21/2020 9:17,Service Completed,Resolved,2020-09-07 10:16:00,175047,101004267478,2020-09-07,10:16,2020-11-21,9:17
175046-101004267299,Tree Trim,Parks and Recreation,5030 ANDREA ST,11/21/2020 4:54,Service Completed,Resolved,2020-09-07 05:53:00,175046,101004267299,2020-09-07,5:53,2020-11-21,4:54
175045-101004267233,Tree Code Violation,Parks and Recreation,3210 ST EMANUEL ST,10/29/2020 4:12,Service Completed,Resolved,2020-09-07 04:11:00,175045,101004267233,2020-09-07,4:11,2020-10-29,4:12
175044-101004267231,Tree Code Violation,Parks and Recreation,3212 ST EMANUEL ST,10/29/2020 4:10,Service Completed,Resolved,2020-09-07 04:09:00,175044,101004267231,2020-09-07,4:09,2020-10-29,4:10
175043-101004267213,Tree Trim,Parks and Recreation,18100 MCKAY DR&0 WILL CLAYTON PKWY,11/21/2020 2:33,Service Completed,Resolved,2020-09-07 03:32:00,175043,101004267213,2020-09-07,3:32,2020-11-21,2:33
175042-101004267164,Tree Trim,Parks and Recreation,5600 FLACK DR&7928 RAMPART ST,11/20/2020 19:59,Service Completed,Resolved,2020-09-06 20:58:00,175042,101004267164,2020-09-06,20:58,2020-11-20,19:59
357528-101004267105,Tree Trim,Parks and Recreation,3330 OLD SPANISH TRL,11/20/2020 15:49,Service Completed,Resolved,2020-09-06 16:48:00,357528,101004267105,2020-09-06,16:48,2020-11-20,15:49
357525-101004267079,Tree Trim,Parks and Recreation,9000 DAIRY ASHFORD RD&12700 SHANNON HILLS DR,11/20/2020 13:19,Service Completed,Resolved,2020-09-06 14:18:00,357525,101004267079,2020-09-06,14:18,2020-11-20,13:19
175035-101004266994,Tree Trim,Parks and Recreation,9142 WESTVIEW DR,11/20/2020 9:59,Service Completed,Resolved,2020-09-06 10:58:00,175035,101004266994,2020-09-06,10:58,2020-11-20,9:59
175034-101004266957,Tree Trim,Parks and Recreation,3000 AIRPORT BLVD&10634 BUFFUM ST,11/20/2020 8:37,Service Completed,Resolved,2020-09-06 09:36:00,175034,101004266957,2020-09-06,9:36,2020-11-20,8:37
175033-101004266777,Tree Trim,Parks and Recreation,9161 FRIENDLY RD,11/20/2020 3:00,Service Completed,Resolved,2020-09-06 03:59:00,175033,101004266777,2020-09-06,3:59,2020-11-20,3:00
101004266747,Tree Trim,Parks and Recreation,7319 NARCISSUS ST,11/20/2020 1:30,Service Completed,Resolved,2020-09-06 02:29:00, ,101004266747,2020-09-06,2:29,2020-11-20,1:30
175031-101004266703,Tree Trim,Parks and Recreation,3200 KINGWOOD DR&1700 LAKE KINGWOOD TRL&2400 VALLEY MANOR DR,11/19/2020 18:18,Service Completed,Resolved,2020-09-05 19:17:00,175031,101004266703,2020-09-05,19:17,2020-11-19,18:18
175030-101004266632,Tree Trim,Parks and Recreation,11655 CHIMNEY ROCK RD,11/19/2020 14:46,Service Completed,Resolved,2020-09-05 15:45:00,175030,101004266632,2020-09-05,15:45,2020-11-19,14:46
175029-101004266627,Tree Trim,Parks and Recreation,2155 N MACGREGOR WAY,11/19/2020 14:24,Service Completed,Resolved,2020-09-05 15:23:00,175029,101004266627,2020-09-05,15:23,2020-11-19,14:24
175028-101004266581,Tree Trim,Parks and Recreation,4910 MONTROSE BLVD,11/19/2020 12:37,Service Completed,Resolved,2020-09-05 13:36:00,175028,101004266581,2020-09-05,13:36,2020-11-19,12:37
175027-101004266565,Tree Trim,Parks and Recreation,9720 SPAULDING ST,11/19/2020 11:58,Service Completed,Resolved,2020-09-05 12:57:00,175027,101004266565,2020-09-05,12:57,2020-11-19,11:58
101004266533,Tree Removal,Parks and Recreation,7800 HIRSCH RD&4200 E TOLIVER ST,10/26/2020 12:11,Service Completed,Resolved,2020-09-05 12:10:00, ,101004266533,2020-09-05,12:10,2020-10-26,12:11
175025-101004266256,Tree Removal,Parks and Recreation,1524 W MAIN ST,10/26/2020 3:44,Service Completed,Resolved,2020-09-05 03:43:00,175025,101004266256,2020-09-05,3:43,2020-10-26,3:44
175024-101004265972,Tree Trim,Parks and Recreation,3148 LINN ST,11/18/2020 11:16,Service Completed,Resolved,2020-09-04 12:15:00,175024,101004265972,2020-09-04,12:15,2020-11-18,11:16
175023-101004265931,Tree Code Violation,Parks and Recreation,2303 FERN GROVE LN,10/26/2020 11:44,Service Completed,Resolved,2020-09-04 11:43:00,175023,101004265931,2020-09-04,11:43,2020-10-26,11:44
175022-101004265885,Tree Removal,Parks and Recreation,4818 WYNNEWOOD ST,10/25/2020 11:13,Service Completed,Resolved,2020-09-04 11:12:00,175022,101004265885,2020-09-04,11:12,2020-10-25,11:13
175021-101004265808,Tree Removal,Parks and Recreation,2707 CAMPBELL ST,10/25/2020 10:38,Service Completed,Resolved,2020-09-04 10:37:00,175021,101004265808,2020-09-04,10:37,2020-10-25,10:38
175018-101004265688,Tree Trim,Parks and Recreation,5600 HOLLY VIEW DR,11/18/2020 8:29,Service Completed,Resolved,2020-09-04 09:28:00,175018,101004265688,2020-09-04,9:28,2020-11-18,8:29
101004265660,Tree Removal,Parks and Recreation,2707 CAMPBELL ST,10/25/2020 9:17,Service Completed,Resolved,2020-09-04 09:16:00, ,101004265660,2020-09-04,9:16,2020-10-25,9:17
175017-101004265654,Tree Removal,Parks and Recreation,7300 BOYCE ST&1126 PORT ST,10/25/2020 9:13,Service Completed,Resolved,2020-09-04 09:12:00,175017,101004265654,2020-09-04,9:12,2020-10-25,9:13
175016-101004265641,Tree Removal,Parks and Recreation,32 B LANA LN,10/25/2020 9:03,Service Completed,Resolved,2020-09-04 09:02:00,175016,101004265641,2020-09-04,9:02,2020-10-25,9:03
175014-101004265525,Tree Trim,Parks and Recreation,2300 S DAIRY ASHFORD RD&12550 PIPING ROCK DR,11/18/2020 6:56,Service Completed,Resolved,2020-09-04 07:55:00,175014,101004265525,2020-09-04,7:55,2020-11-18,6:56
175013-101004265481,Tree Trim,Parks and Recreation,4122 BARNES ST,11/18/2020 6:21,Service Completed,Resolved,2020-09-04 07:20:00,175013,101004265481,2020-09-04,7:20,2020-11-18,6:21
175012-101004265473,Tree Trim,Parks and Recreation,4122 BARNES ST,11/18/2020 6:19,Service Completed,Resolved,2020-09-04 07:18:00,175012,101004265473,2020-09-04,7:18,2020-11-18,6:19
101004265376,Tree Trim,Parks and Recreation,307 CANADIAN ST,11/18/2020 5:28,Service Completed,Resolved,2020-09-04 06:27:00, ,101004265376,2020-09-04,6:27,2020-11-18,5:28
101004265197,Tree Trim,Parks and Recreation,603 N EMILE ST,11/18/2020 3:51,Service Completed,Resolved,2020-09-04 04:50:00, ,101004265197,2020-09-04,4:50,2020-11-18,3:51
175010-101004265134,Tree Trim,Parks and Recreation,1412 A CASTLE CT,11/18/2020 3:22,Service Completed,Resolved,2020-09-04 04:21:00,175010,101004265134,2020-09-04,4:21,2020-11-18,3:22
175009-101004265124,Tree Trim,Parks and Recreation,6700 BELLFORT ST&6600 LEDBETTER ST,11/18/2020 3:16,Service Completed,Resolved,2020-09-04 04:15:00,175009,101004265124,2020-09-04,4:15,2020-11-18,3:16
175008-101004265118,Tree Trim,Parks and Recreation,10900 ASHCROFT DR&5800 CLARIDGE DR ,11/18/2020 3:12,Service Completed,Resolved,2020-09-04 04:11:00,175008,101004265118,2020-09-04,4:11,2020-11-18,3:12
175007-101004265112,Tree Trim,Parks and Recreation,5505 W OREM DR,11/18/2020 3:09,Service Completed,Resolved,2020-09-04 04:08:00,175007,101004265112,2020-09-04,4:08,2020-11-18,3:09
175006-101004265107,Tree Trim,Parks and Recreation,723 REDWAY LN,11/18/2020 3:05,Service Completed,Resolved,2020-09-04 04:04:00,175006,101004265107,2020-09-04,4:04,2020-11-18,3:05
175005-101004265103,Tree Trim,Parks and Recreation,15435 APPLERIDGE DR,11/18/2020 3:05,Service Completed,Resolved,2020-09-04 04:04:00,175005,101004265103,2020-09-04,4:04,2020-11-18,3:05
175004-101004265056,Tree Trim,Parks and Recreation,925 A WAVERLY ST,11/18/2020 2:40,Service Completed,Resolved,2020-09-04 03:39:00,175004,101004265056,2020-09-04,3:39,2020-11-18,2:40
175003-101004264407,Tree Removal,Parks and Recreation,2413 WHITNEY ST,10/24/2020 14:18,Service Completed,Resolved,2020-09-03 14:17:00,175003,101004264407,2020-09-03,14:17,2020-10-24,14:18
174999-101004264297,Tree Trim,Parks and Recreation,1402 CARIBE LN,11/17/2020 11:25,Service Completed,Resolved,2020-09-03 12:24:00,174999,101004264297,2020-09-03,12:24,2020-11-17,11:25
174998-101004264292,Tree Trim,Parks and Recreation,925 B WAVERLY ST,11/17/2020 11:21,Service Completed,Resolved,2020-09-03 12:20:00,174998,101004264292,2020-09-03,12:20,2020-11-17,11:21
174997-101004264030,Tree Planting,Parks and Recreation,6712 COHN ST,9/28/2020 10:21,Service Completed,Resolved,2020-09-03 10:20:00,174997,101004264030,2020-09-03,10:20,2020-09-28,10:21
174995-101004263887,Tree Removal,Parks and Recreation,2300 LAKE HILLS DR&3000 WOODLAND HILLS DR,10/24/2020 9:12,Service Completed,Resolved,2020-09-03 09:11:00,174995,101004263887,2020-09-03,9:11,2020-10-24,9:12
174994-101004263881,Tree Removal,Parks and Recreation,11610 HERALD SQUARE DR,10/24/2020 9:10,Service Completed,Resolved,2020-09-03 09:09:00,174994,101004263881,2020-09-03,9:09,2020-10-24,9:10
174993-101004263821,Tree Removal,Parks and Recreation,5200 ENYART ST&6140 MARTIN LUTHER KING BLVD,10/24/2020 8:42,Service Completed,Resolved,2020-09-03 08:41:00,174993,101004263821,2020-09-03,8:41,2020-10-24,8:42
174992-101004263759,Tree Trim,Parks and Recreation,8618 FERRIS DR,11/17/2020 7:22,Service Completed,Resolved,2020-09-03 08:21:00,174992,101004263759,2020-09-03,8:21,2020-11-17,7:22
174991-101004263717,Tree Trim,Parks and Recreation,700 N KIRKWOOD RD&14000 MEMORIAL DR,11/17/2020 7:04,Service Completed,Resolved,2020-09-03 08:03:00,174991,101004263717,2020-09-03,8:03,2020-11-17,7:04
174990-101004263592,Tree Trim,Parks and Recreation,1001 CANINO RD,11/17/2020 6:12,Service Completed,Resolved,2020-09-03 07:11:00,174990,101004263592,2020-09-03,7:11,2020-11-17,6:12
174989-101004263546,Tree Removal,Parks and Recreation,502 E 12TH ST,10/24/2020 6:47,Service Completed,Resolved,2020-09-03 06:46:00,174989,101004263546,2020-09-03,6:46,2020-10-24,6:47
174988-101004263052,Tree Removal,Parks and Recreation,14000 RICHMOND AVE&2900 WESTHOLLOW DR,10/24/2020 5:34,Service Completed,Resolved,2020-09-03 05:33:00,174988,101004263052,2020-09-03,5:33,2020-10-24,5:34
174987-101004262985,Tree Removal,Parks and Recreation,6 BARRACUDA CT,10/24/2020 5:05,Service Completed,Resolved,2020-09-03 05:04:00,174987,101004262985,2020-09-03,5:04,2020-10-24,5:05
101004262883,Tree Removal,Parks and Recreation,5934 GREENMONT DR,10/24/2020 4:21,Service Completed,Resolved,2020-09-03 04:20:00, ,101004262883,2020-09-03,4:20,2020-10-24,4:21
174986-101004262762,Tree Trim,Parks and Recreation,10700 RAMBLING TRL&10600 SABO RD ,11/17/2020 2:14,Service Completed,Resolved,2020-09-03 03:13:00,174986,101004262762,2020-09-03,3:13,2020-11-17,2:14
174985-101004262759,Tree Trim,Parks and Recreation,10614 SOUTHPORT DR,11/17/2020 2:12,Service Completed,Resolved,2020-09-03 03:11:00,174985,101004262759,2020-09-03,3:11,2020-11-17,2:12
174984-101004262754,Tree Removal,Parks and Recreation,1115 HAMPTON VILLA LN,10/24/2020 3:10,Service Completed,Resolved,2020-09-03 03:09:00,174984,101004262754,2020-09-03,3:09,2020-10-24,3:10
174983-101004262740,Tree Removal,Parks and Recreation,11506 SAGEGROVE LN,10/24/2020 3:00,Service Completed,Resolved,2020-09-03 02:59:00,174983,101004262740,2020-09-03,2:59,2020-10-24,3:00
174981-101004252397,Tree Removal,Parks and Recreation,4218 DRAGONWICK DR,10/23/2020 11:55,Service Completed,Resolved,2020-09-02 11:54:00,174981,101004252397,2020-09-02,11:54,2020-10-23,11:55
174980-101004252348,Tree Code Violation,Parks and Recreation,9801 PINE LAKE DR,10/24/2020 11:19,Service Completed,Resolved,2020-09-02 11:18:00,174980,101004252348,2020-09-02,11:18,2020-10-24,11:19
174978-101004252305,Tree Trim,Parks and Recreation,11810 CARVEL LN,11/16/2020 9:40,Service Completed,Resolved,2020-09-02 10:39:00,174978,101004252305,2020-09-02,10:39,2020-11-16,9:40
174977-101004252218,Tree Trim,Parks and Recreation,3662 ABINGER LN,11/16/2020 8:57,Service Completed,Resolved,2020-09-02 09:56:00,174977,101004252218,2020-09-02,9:56,2020-11-16,8:57
174975-101004252059,Tree Removal,Parks and Recreation,10206 LONDONDERRY DR,10/23/2020 8:28,Service Completed,Resolved,2020-09-02 08:27:00,174975,101004252059,2020-09-02,8:27,2020-10-23,8:28
174974-101004252046,Tree Trim,Parks and Recreation,919 EASTLAKE ST,11/16/2020 7:23,Service Completed,Resolved,2020-09-02 08:22:00,174974,101004252046,2020-09-02,8:22,2020-11-16,7:23
174973-101004252026,Tree Code Violation,Parks and Recreation,11870 CHIMNEY ROCK RD&5600 GASMER DR ,10/24/2020 8:14,Service Completed,Resolved,2020-09-02 08:13:00,174973,101004252026,2020-09-02,8:13,2020-10-24,8:14
174970-101004251910,Tree Removal,Parks and Recreation,14526 BUXLEY ST,10/23/2020 7:13,Service Completed,Resolved,2020-09-02 07:12:00,174970,101004251910,2020-09-02,7:12,2020-10-23,7:13
101004251903,Tree Trim,Parks and Recreation,12315 SPLIT RAIL LN,11/16/2020 6:09,Service Completed,Resolved,2020-09-02 07:08:00, ,101004251903,2020-09-02,7:08,2020-11-16,6:09
174969-101004251839,Tree Trim,Parks and Recreation,13703 LOCKE LN,11/16/2020 5:35,Service Completed,Resolved,2020-09-02 06:34:00,174969,101004251839,2020-09-02,6:34,2020-11-16,5:35
174968-101004251797,Tree Trim,Parks and Recreation,1000 BINZ ST&800 BISSONNET ST&5600 MAIN ST ,11/16/2020 5:18,Service Completed,Resolved,2020-09-02 06:17:00,174968,101004251797,2020-09-02,6:17,2020-11-16,5:18
174966-101004251754,Tree Trim,Parks and Recreation,1627 WILDE ROCK WAY,11/16/2020 4:58,Service Completed,Resolved,2020-09-02 05:57:00,174966,101004251754,2020-09-02,5:57,2020-11-16,4:58
174965-101004251700,Tree Trim,Parks and Recreation,3601 CORDER ST,11/16/2020 4:29,Service Completed,Resolved,2020-09-02 05:28:00,174965,101004251700,2020-09-02,5:28,2020-11-16,4:29
174964-101004251670,Tree Trim,Parks and Recreation,5100 EMANCIPATION AVE&2400 WICHITA ST,11/16/2020 4:11,Service Completed,Resolved,2020-09-02 05:10:00,174964,101004251670,2020-09-02,5:10,2020-11-16,4:11
174963-101004251605,Tree Trim,Parks and Recreation,11619 HILLCROFT AVE,11/16/2020 3:47,Service Completed,Resolved,2020-09-02 04:46:00,174963,101004251605,2020-09-02,4:46,2020-11-16,3:47
174962-101004251599,Tree Trim,Parks and Recreation,3923 EDISON ST,11/16/2020 3:46,Service Completed,Resolved,2020-09-02 04:45:00,174962,101004251599,2020-09-02,4:45,2020-11-16,3:46
174961-101004251565,Tree Trim,Parks and Recreation,5509 CRUSE RD,11/16/2020 3:33,Service Completed,Resolved,2020-09-02 04:32:00,174961,101004251565,2020-09-02,4:32,2020-11-16,3:33
174960-101004251504,Tree Trim,Parks and Recreation,3117 LYONS AVE,11/16/2020 3:10,Service Completed,Resolved,2020-09-02 04:09:00,174960,101004251504,2020-09-02,4:09,2020-11-16,3:10
174958-101004251408,Tree Trim,Parks and Recreation,904 WESTCOTT ST,11/16/2020 2:26,Service Completed,Resolved,2020-09-02 03:25:00,174958,101004251408,2020-09-02,3:25,2020-11-16,2:26
174957-101004251387,Tree Removal,Parks and Recreation,5258 N BRAESWOOD BLVD,10/23/2020 3:16,Service Completed,Resolved,2020-09-02 03:15:00,174957,101004251387,2020-09-02,3:15,2020-10-23,3:16
174956-101004251364,Tree Trim,Parks and Recreation,700 KRESS ST&6300 LYONS AVE,11/16/2020 1:57,Service Completed,Resolved,2020-09-02 02:56:00,174956,101004251364,2020-09-02,2:56,2020-11-16,1:57
174955-101004251344,Tree Trim,Parks and Recreation,2200 COHN ST&5600 LARKIN ST,11/16/2020 1:34,Service Completed,Resolved,2020-09-02 02:33:00,174955,101004251344,2020-09-02,2:33,2020-11-16,1:34
174954-101004251339,Tree Trim,Parks and Recreation,11506 SAGEGROVE LN,11/16/2020 1:27,Service Completed,Resolved,2020-09-02 02:26:00,174954,101004251339,2020-09-02,2:26,2020-11-16,1:27
174953-101004251309,Tree Trim,Parks and Recreation,4615 JACKSON ST,11/16/2020 0:28,Service Completed,Resolved,2020-09-02 01:27:00,174953,101004251309,2020-09-02,1:27,2020-11-16,0:28
357483-101004251250,Tree Removal,Parks and Recreation,700 93RD ST&9300 E AVENUE O,10/22/2020 19:18,Service Completed,Resolved,2020-09-01 19:17:00,357483,101004251250,2020-09-01,19:17,2020-10-22,19:18
174949-101004251099,Tree Trim,Parks and Recreation,3200 MONTROSE BLVD&916 WESTHEIMER RD,11/15/2020 12:44,Service Completed,Resolved,2020-09-01 13:43:00,174949,101004251099,2020-09-01,13:43,2020-11-15,12:44
174948-101004251062,Tree Trim,Parks and Recreation,208 BURR ST,11/15/2020 12:07,Service Completed,Resolved,2020-09-01 13:06:00,174948,101004251062,2020-09-01,13:06,2020-11-15,12:07
174947-101004251052,Tree Trim,Parks and Recreation,300 BASSWOOD ST&7100 BAUMAN RD,11/15/2020 12:00,Service Completed,Resolved,2020-09-01 12:59:00,174947,101004251052,2020-09-01,12:59,2020-11-15,12:00
174946-101004251004,Tree Trim,Parks and Recreation,7834 HUMMINGBIRD ST,11/15/2020 11:25,Service Completed,Resolved,2020-09-01 12:24:00,174946,101004251004,2020-09-01,12:24,2020-11-15,11:25
174944-101004251000,Tree Trim,Parks and Recreation,402 E 25TH ST,11/15/2020 11:23,Service Completed,Resolved,2020-09-01 12:22:00,174944,101004251000,2020-09-01,12:22,2020-11-15,11:23
174945-101004250999,Tree Trim,Parks and Recreation,11500 BRAESRIDGE DR&7600 HOPEWELL LN,11/15/2020 11:23,Service Completed,Resolved,2020-09-01 12:22:00,174945,101004250999,2020-09-01,12:22,2020-11-15,11:23
174943-101004250895,Tree Trim,Parks and Recreation,2345 MARONEAL ST,11/15/2020 10:21,Service Completed,Resolved,2020-09-01 11:20:00,174943,101004250895,2020-09-01,11:20,2020-11-15,10:21
174941-101004250839,Tree Trim,Parks and Recreation,0 LOCKWOOD DR&5500 MARKET ST,11/15/2020 9:53,Service Completed,Resolved,2020-09-01 10:52:00,174941,101004250839,2020-09-01,10:52,2020-11-15,9:53
174942-101004250837,Tree Trim,Parks and Recreation,938 CREAGER ST,11/15/2020 9:53,Service Completed,Resolved,2020-09-01 10:52:00,174942,101004250837,2020-09-01,10:52,2020-11-15,9:53
174940-101004250816,Tree Removal,Parks and Recreation,410 E 25TH ST,10/22/2020 10:42,Service Completed,Resolved,2020-09-01 10:41:00,174940,101004250816,2020-09-01,10:41,2020-10-22,10:42
174939-101004250698,Tree Trim,Parks and Recreation,6500 LANIER DR&2000 UNIVERSITY BLVD,11/15/2020 8:56,Service Completed,Resolved,2020-09-01 09:55:00,174939,101004250698,2020-09-01,9:55,2020-11-15,8:56
174938-101004250643,Tree Trim,Parks and Recreation,2804 EASTMAN ST,11/15/2020 8:31,Service Completed,Resolved,2020-09-01 09:30:00,174938,101004250643,2020-09-01,9:30,2020-11-15,8:31
174937-101004250464,Tree Removal,Parks and Recreation,11929 BARRYKNOLL LN,10/22/2020 8:07,Service Completed,Resolved,2020-09-01 08:06:00,174937,101004250464,2020-09-01,8:06,2020-10-22,8:07
174936-101004250392,Tree Trim,Parks and Recreation,2800 VEGA ST&8750 VENUS ST,11/15/2020 6:30,Service Completed,Resolved,2020-09-01 07:29:00,174936,101004250392,2020-09-01,7:29,2020-11-15,6:30
174935-101004250193,Tree Removal,Parks and Recreation,4626 SMOOTH OAK LN,10/22/2020 6:08,Service Completed,Resolved,2020-09-01 06:06:00,174935,101004250193,2020-09-01,6:06,2020-10-22,6:08
174934-101004250154,Tree Removal,Parks and Recreation,1021 WAVERLY ST,10/22/2020 5:54,Service Completed,Resolved,2020-09-01 05:53:00,174934,101004250154,2020-09-01,5:53,2020-10-22,5:54
174933-101004250151,Tree Trim,Parks and Recreation,4100 GREELEY ST&700 W MAIN ST,11/15/2020 4:52,Service Completed,Resolved,2020-09-01 05:51:00,174933,101004250151,2020-09-01,5:51,2020-11-15,4:52
174932-101004250128,Tree Removal,Parks and Recreation,14515 CARADINE ST,10/22/2020 5:39,Service Completed,Resolved,2020-09-01 05:38:00,174932,101004250128,2020-09-01,5:38,2020-10-22,5:39
174930-101004250035,Tree Trim,Parks and Recreation,8060 ELROD ST,11/15/2020 4:05,Service Completed,Resolved,2020-09-01 05:04:00,174930,101004250035,2020-09-01,5:04,2020-11-15,4:05
174928-101004249910,Tree Trim,Parks and Recreation,1950 BRIAR RIDGE DR&6200 INWOOD DR,11/15/2020 3:11,Service Completed,Resolved,2020-09-01 04:10:00,174928,101004249910,2020-09-01,4:10,2020-11-15,3:11
174927-101004249828,Tree Removal,Parks and Recreation,11200 CARIBBEAN&11132 CARIBBEAN LN&9700 SOUTHPORT DR ,10/22/2020 3:22,Service Completed,Resolved,2020-09-01 03:21:00,174927,101004249828,2020-09-01,3:21,2020-10-22,3:22
174926-101004249794,Tree Trim,Parks and Recreation,4503 MONTROSE BLVD,11/15/2020 1:50,Service Completed,Resolved,2020-09-01 02:49:00,174926,101004249794,2020-09-01,2:49,2020-11-15,1:50
174925-101004249761,Tree Trim,Parks and Recreation,9407 CAMARGO CT,11/15/2020 1:09,Service Completed,Resolved,2020-09-01 02:08:00,174925,101004249761,2020-09-01,2:08,2020-11-15,1:09
174924-101004249603,Tree Trim,Parks and Recreation,2 ABERCROMBIE RD&15800 PATTERSON RD,11/14/2020 16:22,Service Completed,Resolved,2020-08-31 17:21:00,174924,101004249603,2020-08-31,17:21,2020-11-14,16:22
174923-101004249601,Tree Trim,Parks and Recreation,15800 PATTERSON RD&3000 N SH 6,11/14/2020 16:19,Service Completed,Resolved,2020-08-31 17:18:00,174923,101004249601,2020-08-31,17:18,2020-11-14,16:19
174922-101004249537,Tree Trim,Parks and Recreation,736 LAWRENCE ST,11/14/2020 13:40,Service Completed,Resolved,2020-08-31 14:39:00,174922,101004249537,2020-08-31,14:39,2020-11-14,13:40
174921-101004249448,Tree Removal,Parks and Recreation,1315 WEISS ST,10/21/2020 12:45,Service Completed,Resolved,2020-08-31 12:44:00,174921,101004249448,2020-08-31,12:44,2020-10-21,12:45
174920-101004249436,Tree Trim,Parks and Recreation,9606 SHARPCREST ST,11/14/2020 11:36,Service Completed,Resolved,2020-08-31 12:35:00,174920,101004249436,2020-08-31,12:35,2020-11-14,11:36
174919-101004249290,Tree Trim,Parks and Recreation,8042 BRANIFF AVE,11/14/2020 10:01,Service Completed,Resolved,2020-08-31 11:00:00,174919,101004249290,2020-08-31,11:00,2020-11-14,10:01
174918-101004249276,Tree Removal,Parks and Recreation,2905 ELGIN ST,10/21/2020 10:55,Service Completed,Resolved,2020-08-31 10:54:00,174918,101004249276,2020-08-31,10:54,2020-10-21,10:55
174917-101004249202,Tree Trim,Parks and Recreation,7807 BURNING HILLS DR,11/14/2020 9:20,Service Completed,Resolved,2020-08-31 10:19:00,174917,101004249202,2020-08-31,10:19,2020-11-14,9:20
174916-101004249181,Tree Trim,Parks and Recreation,710 MAROBY ST,11/14/2020 9:14,Service Completed,Resolved,2020-08-31 10:13:00,174916,101004249181,2020-08-31,10:13,2020-11-14,9:14
174912-101004248827,Tree Trim,Parks and Recreation,113 YORK ST,11/14/2020 6:13,Service Completed,Resolved,2020-08-31 07:12:00,174912,101004248827,2020-08-31,7:12,2020-11-14,6:13
174911-101004248703,Tree Trim,Parks and Recreation,505 W 10TH ST,11/14/2020 5:11,Service Completed,Resolved,2020-08-31 06:10:00,174911,101004248703,2020-08-31,6:10,2020-11-14,5:11
174910-101004248699,Tree Trim,Parks and Recreation,7523 DEARBORN ST,11/14/2020 5:09,Service Completed,Resolved,2020-08-31 06:08:00,174910,101004248699,2020-08-31,6:08,2020-11-14,5:09
174909-101004248601,Tree Removal,Parks and Recreation,1500 HOTCHKISS ST&8600 WOODRUFF ST,10/21/2020 5:28,Service Completed,Resolved,2020-08-31 05:27:00,174909,101004248601,2020-08-31,5:27,2020-10-21,5:28
174908-101004248582,Tree Removal,Parks and Recreation,1748 KIPLING ST,10/21/2020 5:19,Service Completed,Resolved,2020-08-31 05:18:00,174908,101004248582,2020-08-31,5:18,2020-10-21,5:19
174907-101004248502,Tree Trim,Parks and Recreation,8715 W HARDY RD,11/14/2020 3:51,Service Completed,Resolved,2020-08-31 04:50:00,174907,101004248502,2020-08-31,4:50,2020-11-14,3:51
174906-101004248482,Tree Trim,Parks and Recreation,12510 ASHLING DR,11/14/2020 3:40,Service Completed,Resolved,2020-08-31 04:39:00,174906,101004248482,2020-08-31,4:39,2020-11-14,3:40
174904-101004248436,Tree Removal,Parks and Recreation,13803 ASPEN HOLLOW LN,10/21/2020 4:14,Service Completed,Resolved,2020-08-31 04:13:00,174904,101004248436,2020-08-31,4:13,2020-10-21,4:14
174902-101004248421,Tree Trim,Parks and Recreation,5100 BELLFORT ST&8100 JUTLAND RD,11/14/2020 3:07,Service Completed,Resolved,2020-08-31 04:06:00,174902,101004248421,2020-08-31,4:06,2020-11-14,3:07
174901-101004248401,Tree Trim,Parks and Recreation,12414 LIMA DR,11/14/2020 2:57,Service Completed,Resolved,2020-08-31 03:56:00,174901,101004248401,2020-08-31,3:56,2020-11-14,2:57
174891-101004248298,Tree Removal,Parks and Recreation,8064 ELROD ST,10/20/2020 8:18,Service Completed,Resolved,2020-08-30 08:17:00,174891,101004248298,2020-08-30,8:17,2020-10-20,8:18
174890-101004248259,Tree Removal,Parks and Recreation,1133 E 6TH 1/2 ST,10/20/2020 7:18,Service Completed,Resolved,2020-08-30 07:17:00,174890,101004248259,2020-08-30,7:17,2020-10-20,7:18
174889-101004248258,Tree Removal,Parks and Recreation,4725 BRINKMAN ST,10/20/2020 7:17,Service Completed,Resolved,2020-08-30 07:16:00,174889,101004248258,2020-08-30,7:16,2020-10-20,7:17
174888-101004248200,Tree Trim,Parks and Recreation,2239 NORTH BLVD,11/13/2020 5:14,Service Completed,Resolved,2020-08-30 06:13:00,174888,101004248200,2020-08-30,6:13,2020-11-13,5:14
174887-101004248067,Tree Trim,Parks and Recreation,3207 BREEZY PINES CT,11/12/2020 18:18,Service Completed,Resolved,2020-08-29 19:17:00,174887,101004248067,2020-08-29,19:17,2020-11-12,18:18
174886-101004247912,Tree Trim,Parks and Recreation,7523 DEARBORN ST,11/12/2020 11:26,Service Completed,Resolved,2020-08-29 12:25:00,174886,101004247912,2020-08-29,12:25,2020-11-12,11:26
174885-101004247821,Tree Trim,Parks and Recreation,2804 EASTMAN ST,11/12/2020 9:28,Service Completed,Resolved,2020-08-29 10:27:00,174885,101004247821,2020-08-29,10:27,2020-11-12,9:28
174884-101004247780,Tree Trim,Parks and Recreation,118 GLENDORA ST,11/12/2020 8:17,Service Completed,Resolved,2020-08-29 09:16:00,174884,101004247780,2020-08-29,9:16,2020-11-12,8:17
174883-101004247779,Tree Trim,Parks and Recreation,700 FAIRVIEW AVE&2400 STANFORD ST,11/12/2020 8:17,Service Completed,Resolved,2020-08-29 09:16:00,174883,101004247779,2020-08-29,9:16,2020-11-12,8:17
101004247669,Tree Removal,Parks and Recreation,3401 BAY AREA BLVD,10/19/2020 7:26,Service Completed,Resolved,2020-08-29 07:25:00, ,101004247669,2020-08-29,7:25,2020-10-19,7:26
101004247642,Tree Trim,Parks and Recreation,1070 ELLINGTON ST&8800 PRAIRIE VIEW DR ,11/12/2020 5:57,Service Completed,Resolved,2020-08-29 06:56:00, ,101004247642,2020-08-29,6:56,2020-11-12,5:57
174882-101004247632,Tree Removal,Parks and Recreation,2915 CLEBURNE ST,10/19/2020 6:44,Service Completed,Resolved,2020-08-29 06:43:00,174882,101004247632,2020-08-29,6:43,2020-10-19,6:44
174881-101004247568,Tree Removal,Parks and Recreation,7450 TALL PINES DR,10/19/2020 5:32,Service Completed,Resolved,2020-08-29 05:31:00,174881,101004247568,2020-08-29,5:31,2020-10-19,5:32
101004247420,Tree Trim,Parks and Recreation,7700 COOK RD&12300 CORONA LN,11/12/2020 1:25,Service Completed,Resolved,2020-08-29 02:24:00, ,101004247420,2020-08-29,2:24,2020-11-12,1:25
101004247413,Tree Removal,Parks and Recreation,6100 HERMANN PARK DR,10/19/2020 0:26,Service Completed,Resolved,2020-08-29 00:25:00, ,101004247413,2020-08-29,0:25,2020-10-19,0:26
174880-101004247389,Tree Removal,Parks and Recreation,1836 MATAMORAS ST,10/18/2020 19:58,Service Completed,Resolved,2020-08-28 19:57:00,174880,101004247389,2020-08-28,19:57,2020-10-18,19:58
174878-101004247182,Tree Removal,Parks and Recreation,531 OXFORD ST,10/18/2020 12:50,Service Completed,Resolved,2020-08-28 12:49:00,174878,101004247182,2020-08-28,12:49,2020-10-18,12:50
174877-101004247032,Tree Trim,Parks and Recreation,10413 FULTON ST,11/11/2020 10:08,Service Completed,Resolved,2020-08-28 11:07:00,174877,101004247032,2020-08-28,11:07,2020-11-11,10:08
174876-101004246997,Tree Trim,Parks and Recreation,15700 CHIMNEY ROCK RD&6600 W FUQUA ST,11/11/2020 9:49,Service Completed,Resolved,2020-08-28 10:48:00,174876,101004246997,2020-08-28,10:48,2020-11-11,9:49
174875-101004246992,Tree Removal,Parks and Recreation,2103 FLAGSTONE TER,10/18/2020 10:47,Service Completed,Resolved,2020-08-28 10:46:00,174875,101004246992,2020-08-28,10:46,2020-10-18,10:47
174873-101004246933,Tree Trim,Parks and Recreation,6701 MOBUD DR,11/11/2020 9:19,Service Completed,Resolved,2020-08-28 10:18:00,174873,101004246933,2020-08-28,10:18,2020-11-11,9:19
174872-101004246921,Tree Stump Grinding,Parks and Recreation,308 CORDELL ST,12/22/2020 9:14,Service Completed,Resolved,2020-08-28 10:13:00,174872,101004246921,2020-08-28,10:13,2020-12-22,9:14
174871-101004246785,Tree Removal,Parks and Recreation,2818 TILSON LN,10/18/2020 8:56,Service Completed,Resolved,2020-08-28 08:55:00,174871,101004246785,2020-08-28,8:55,2020-10-18,8:56
174870-101004246704,Tree Trim,Parks and Recreation,9400 CRESTVIEW DR&9150 LAURA KOPPE RD,11/11/2020 7:20,Service Completed,Resolved,2020-08-28 08:19:00,174870,101004246704,2020-08-28,8:19,2020-11-11,7:20
174869-101004246680,Tree Removal,Parks and Recreation,7458 TALL PINES DR,10/18/2020 8:07,Service Completed,Resolved,2020-08-28 08:06:00,174869,101004246680,2020-08-28,8:06,2020-10-18,8:07
174868-101004246645,Tree Removal,Parks and Recreation,420 SHOTWELL ST,10/18/2020 7:45,Service Completed,Resolved,2020-08-28 07:44:00,174868,101004246645,2020-08-28,7:44,2020-10-18,7:45
174867-101004246567,Tree Trim,Parks and Recreation,10900 HIRSCH RD&5200 TAUTENHAHN RD ,11/11/2020 6:11,Service Completed,Resolved,2020-08-28 07:10:00,174867,101004246567,2020-08-28,7:10,2020-11-11,6:11
174866-101004246550,Tree Removal,Parks and Recreation,607 E 10TH ST,10/18/2020 7:02,Service Completed,Resolved,2020-08-28 07:01:00,174866,101004246550,2020-08-28,7:01,2020-10-18,7:02
174865-101004246404,Tree Removal,Parks and Recreation,2505 GARWOOD DR,10/18/2020 5:40,Service Completed,Resolved,2020-08-28 05:39:00,174865,101004246404,2020-08-28,5:39,2020-10-18,5:40
174864-101004246357,Tree Trim,Parks and Recreation,12514 MOOREDALE LN,11/11/2020 4:19,Service Completed,Resolved,2020-08-28 05:18:00,174864,101004246357,2020-08-28,5:18,2020-11-11,4:19
174863-101004246321,Tree Code Violation,Parks and Recreation,5634 WINDING CREEK WAY,10/19/2020 5:00,Service Completed,Resolved,2020-08-28 04:59:00,174863,101004246321,2020-08-28,4:59,2020-10-19,5:00
174862-101004246224,Tree Trim,Parks and Recreation,12815 EMPORIA ST,11/11/2020 3:05,Service Completed,Resolved,2020-08-28 04:04:00,174862,101004246224,2020-08-28,4:04,2020-11-11,3:05
174861-101004246008,Tree Removal,Parks and Recreation,0 ALLEN PKWY&600 MONTROSE BLVD,10/17/2020 20:03,Service Completed,Resolved,2020-08-27 20:02:00,174861,101004246008,2020-08-27,20:02,2020-10-17,20:03
174860-101004245985,Tree Trim,Parks and Recreation,10800 MAPLE LEAF ST,11/10/2020 17:11,Service Completed,Resolved,2020-08-27 18:10:00,174860,101004245985,2020-08-27,18:10,2020-11-10,17:11
174857-101004245640,Tree Removal,Parks and Recreation,1009 ROXELLA ST,10/17/2020 11:13,Service Completed,Resolved,2020-08-27 11:12:00,174857,101004245640,2020-08-27,11:12,2020-10-17,11:13
101004245636,Tree Removal,Parks and Recreation,7801 BRANDON ST,,Service Completed,Resolved,2020-08-27 11:10:00, ,101004245636,2020-08-27,11:10,,
174855-101004245459,Tree Removal,Parks and Recreation,5546 PRIMROSE ST,10/17/2020 9:43,Service Completed,Resolved,2020-08-27 09:42:00,174855,101004245459,2020-08-27,9:42,2020-10-17,9:43
101004245421,Tree Trim,Parks and Recreation,3707 TILSON LN,11/10/2020 8:28,Service Completed,Resolved,2020-08-27 09:27:00, ,101004245421,2020-08-27,9:27,2020-11-10,8:28
174853-101004245330,Tree Trim,Parks and Recreation,8500 BEECHNUT ST&8000 S GESSNER RD,11/10/2020 7:51,Service Completed,Resolved,2020-08-27 08:50:00,174853,101004245330,2020-08-27,8:50,2020-11-10,7:51
174848-101004244951,Tree Removal,Parks and Recreation,3219 OZARK ST,10/17/2020 6:23,Service Completed,Resolved,2020-08-27 06:22:00,174848,101004244951,2020-08-27,6:22,2020-10-17,6:23
174845-101004244852,Tree Trim,Parks and Recreation,4326 KINGFISHER DR,11/10/2020 4:52,Service Completed,Resolved,2020-08-27 05:51:00,174845,101004244852,2020-08-27,5:51,2020-11-10,4:52
174846-101004244851,Tree Removal,Parks and Recreation,5715 TURTLE CREEK RD,10/17/2020 5:52,Service Completed,Resolved,2020-08-27 05:51:00,174846,101004244851,2020-08-27,5:51,2020-10-17,5:52
174844-101004244844,Tree Trim,Parks and Recreation,5502 SOUTHWIND ST,11/10/2020 4:49,Service Completed,Resolved,2020-08-27 05:48:00,174844,101004244844,2020-08-27,5:48,2020-11-10,4:49
174843-101004244772,Tree Trim,Parks and Recreation,2000 INDIANA ST&2100 MCDUFFIE ST,11/10/2020 4:19,Service Completed,Resolved,2020-08-27 05:18:00,174843,101004244772,2020-08-27,5:18,2020-11-10,4:19
174842-101004244686,Tree Trim,Parks and Recreation,3412 MEADOW LAKE LN,11/10/2020 3:55,Service Completed,Resolved,2020-08-27 04:54:00,174842,101004244686,2020-08-27,4:54,2020-11-10,3:55
174840-101004244655,Tree Trim,Parks and Recreation,623 NAGLE ST,11/10/2020 3:47,Service Completed,Resolved,2020-08-27 04:46:00,174840,101004244655,2020-08-27,4:46,2020-11-10,3:47
174841-101004244653,Tree Removal,Parks and Recreation,541 S 75TH ST,10/17/2020 4:47,Service Completed,Resolved,2020-08-27 04:46:00,174841,101004244653,2020-08-27,4:46,2020-10-17,4:47
174839-101004244517,Tree Trim,Parks and Recreation,5100 BURMA RD&7228 JUTLAND RD,11/10/2020 2:55,Service Completed,Resolved,2020-08-27 03:54:00,174839,101004244517,2020-08-27,3:54,2020-11-10,2:55
174837-101004244481,Tree Removal,Parks and Recreation,4003 PORTSMOUTH ST,10/17/2020 3:31,Service Completed,Resolved,2020-08-27 03:30:00,174837,101004244481,2020-08-27,3:30,2020-10-17,3:31
174838-101004244477,Tree Removal,Parks and Recreation,701 REINERMAN ST,10/17/2020 3:30,Service Completed,Resolved,2020-08-27 03:29:00,174838,101004244477,2020-08-27,3:29,2020-10-17,3:30
174836-101004244460,Tree Trim,Parks and Recreation,7303 LINDEN ST,11/10/2020 2:16,Service Completed,Resolved,2020-08-27 03:15:00,174836,101004244460,2020-08-27,3:15,2020-11-10,2:16
101004244459,Tree Trim,Parks and Recreation,12403 MILLBANKS DR,11/10/2020 2:16,Service Completed,Resolved,2020-08-27 03:15:00, ,101004244459,2020-08-27,3:15,2020-11-10,2:16
174833-101004244278,Tree Trim,Parks and Recreation,8302 MOONBEAM ST,11/9/2020 11:44,Service Completed,Resolved,2020-08-26 12:43:00,174833,101004244278,2020-08-26,12:43,2020-11-09,11:44
174832-101004244256,Tree Trim,Parks and Recreation,6442 BRIAR TERRACE DR,11/9/2020 11:10,Service Completed,Resolved,2020-08-26 12:09:00,174832,101004244256,2020-08-26,12:09,2020-11-09,11:10
174831-101004244251,Tree Removal,Parks and Recreation,12702 BARRYKNOLL LN,10/16/2020 12:06,Service Completed,Resolved,2020-08-26 12:05:00,174831,101004244251,2020-08-26,12:05,2020-10-16,12:06
174830-101004244197,Tree Trim,Parks and Recreation,7320 CULLEN BLVD&0 S LOOP FWY E,11/9/2020 10:08,Service Completed,Resolved,2020-08-26 11:07:00,174830,101004244197,2020-08-26,11:07,2020-11-09,10:08
174829-101004244180,Tree Removal,Parks and Recreation,3318 COCHRAN ST,10/16/2020 10:45,Service Completed,Resolved,2020-08-26 10:44:00,174829,101004244180,2020-08-26,10:44,2020-10-16,10:45
174826-101004244171,Tree Removal,Parks and Recreation,5331 WILLOMINE WAY,10/16/2020 10:35,Service Completed,Resolved,2020-08-26 10:34:00,174826,101004244171,2020-08-26,10:34,2020-10-16,10:35
174824-101004244136,Tree Removal,Parks and Recreation,4716 COKE ST,10/16/2020 10:00,Service Completed,Resolved,2020-08-26 09:59:00,174824,101004244136,2020-08-26,9:59,2020-10-16,10:00
174823-101004244108,Tree Removal,Parks and Recreation,5700 COLLINGSWORTH ST,10/16/2020 9:34,Service Completed,Resolved,2020-08-26 09:33:00,174823,101004244108,2020-08-26,9:33,2020-10-16,9:34
174822-101004244107,Tree Trim,Parks and Recreation,5549 RICHMOND AVE,11/9/2020 8:30,Service Completed,Resolved,2020-08-26 09:29:00,174822,101004244107,2020-08-26,9:29,2020-11-09,8:30
174821-101004244033,Tree Trim,Parks and Recreation,1120 CONFEDERATE RD&9700 LONG BRANCH LN ,11/9/2020 7:20,Service Completed,Resolved,2020-08-26 08:19:00,174821,101004244033,2020-08-26,8:19,2020-11-09,7:20
174820-101004243998,Tree Trim,Parks and Recreation,2200 CHESHIRE LN&4230 GLEBE RD,11/9/2020 7:03,Service Completed,Resolved,2020-08-26 08:02:00,174820,101004243998,2020-08-26,8:02,2020-11-09,7:03
174819-101004243947,Tree Trim,Parks and Recreation,13803 WALNUT HOLLOW LN,11/9/2020 6:26,Service Completed,Resolved,2020-08-26 07:25:00,174819,101004243947,2020-08-26,7:25,2020-11-09,6:26
174818-101004243892,Tree Removal,Parks and Recreation,6119 WALTRIP ST,10/16/2020 6:51,Service Completed,Resolved,2020-08-26 06:50:00,174818,101004243892,2020-08-26,6:50,2020-10-16,6:51
174817-101004243881,Tree Trim,Parks and Recreation,512 B VINCENT ST,11/9/2020 5:42,Service Completed,Resolved,2020-08-26 06:41:00,174817,101004243881,2020-08-26,6:41,2020-11-09,5:42
101004243791,Tree Removal,Parks and Recreation,4213 JUNE ST,10/16/2020 5:54,Service Completed,Resolved,2020-08-26 05:53:00, ,101004243791,2020-08-26,5:53,2020-10-16,5:54
174815-101004243751,Tree Trim,Parks and Recreation,4110 CAVALCADE ST,11/9/2020 4:27,Service Completed,Resolved,2020-08-26 05:26:00,174815,101004243751,2020-08-26,5:26,2020-11-09,4:27
174814-101004243737,Tree Removal,Parks and Recreation,11610 HERALD SQUARE DR,10/16/2020 5:19,Service Completed,Resolved,2020-08-26 05:18:00,174814,101004243737,2020-08-26,5:18,2020-10-16,5:19
174813-101004243657,Tree Removal,Parks and Recreation,9519 BEVERLY HILL ST,10/16/2020 4:39,Service Completed,Resolved,2020-08-26 04:38:00,174813,101004243657,2020-08-26,4:38,2020-10-16,4:39
174812-101004243640,Tree Trim,Parks and Recreation,6334 IRON ROCK ST,11/9/2020 3:31,Service Completed,Resolved,2020-08-26 04:30:00,174812,101004243640,2020-08-26,4:30,2020-11-09,3:31
174811-101004243568,Tree Trim,Parks and Recreation,17 STILES ST,11/9/2020 2:51,Service Completed,Resolved,2020-08-26 03:50:00,174811,101004243568,2020-08-26,3:50,2020-11-09,2:51
174810-101004243542,Tree Removal,Parks and Recreation,6720 COHN ST,10/16/2020 3:30,Service Completed,Resolved,2020-08-26 03:29:00,174810,101004243542,2020-08-26,3:29,2020-10-16,3:30
174809-101004243488,Tree Removal,Parks and Recreation,8257 LENORE ST,10/16/2020 2:53,Service Completed,Resolved,2020-08-26 02:52:00,174809,101004243488,2020-08-26,2:52,2020-10-16,2:53
357375-101004243443,Tree Removal,Parks and Recreation,2012 BALDWIN ST,10/15/2020 21:20,Service Completed,Resolved,2020-08-25 21:19:00,357375,101004243443,2020-08-25,21:19,2020-10-15,21:20
357372-101004243378,Tree Removal,Parks and Recreation,9510 BEVERLY HILL ST,10/15/2020 18:42,Service Completed,Resolved,2020-08-25 18:41:00,357372,101004243378,2020-08-25,18:41,2020-10-15,18:42
174801-101004243289,Tree Trim,Parks and Recreation,1300 ROY ST&5100 SCHULER ST,11/8/2020 13:17,Service Completed,Resolved,2020-08-25 14:16:00,174801,101004243289,2020-08-25,14:16,2020-11-08,13:17
174800-101004243274,Tree Trim,Parks and Recreation,5401 RAMPART ST,11/8/2020 12:59,Service Completed,Resolved,2020-08-25 13:58:00,174800,101004243274,2020-08-25,13:58,2020-11-08,12:59
174799-101004243248,Tree Removal,Parks and Recreation,2418 SABINE ST,10/15/2020 13:32,Service Completed,Resolved,2020-08-25 13:31:00,174799,101004243248,2020-08-25,13:31,2020-10-15,13:32
174798-101004243167,Tree Trim,Parks and Recreation,3202 MORRISON ST,11/8/2020 11:07,Service Completed,Resolved,2020-08-25 12:06:00,174798,101004243167,2020-08-25,12:06,2020-11-08,11:07
174797-101004243163,Tree Trim,Parks and Recreation,6601 NEW YORK ST,11/8/2020 11:02,Service Completed,Resolved,2020-08-25 12:01:00,174797,101004243163,2020-08-25,12:01,2020-11-08,11:02
174795-101004243063,Tree Removal,Parks and Recreation,1512 B WEBER ST,10/15/2020 10:59,Service Completed,Resolved,2020-08-25 10:58:00,174795,101004243063,2020-08-25,10:58,2020-10-15,10:59
174794-101004243043,Tree Trim,Parks and Recreation,209 N JENKINS ST,11/8/2020 9:48,Service Completed,Resolved,2020-08-25 10:47:00,174794,101004243043,2020-08-25,10:47,2020-11-08,9:48
174793-101004243002,Tree Removal,Parks and Recreation,5202 LYONS AVE,10/15/2020 10:27,Service Completed,Resolved,2020-08-25 10:26:00,174793,101004243002,2020-08-25,10:26,2020-10-15,10:27
174792-101004242970,Tree Removal,Parks and Recreation,5803 HIGH STAR DR,10/15/2020 10:15,Service Completed,Resolved,2020-08-25 10:14:00,174792,101004242970,2020-08-25,10:14,2020-10-15,10:15
174791-101004242882,Tree Trim,Parks and Recreation,3131 BRIARWOOD POINT PL,11/8/2020 8:35,Service Completed,Resolved,2020-08-25 09:34:00,174791,101004242882,2020-08-25,9:34,2020-11-08,8:35
174789-101004242710,Tree Removal,Parks and Recreation,2715 DE SOTO ST,10/15/2020 8:03,Service Completed,Resolved,2020-08-25 08:02:00,174789,101004242710,2020-08-25,8:02,2020-10-15,8:03
174788-101004242637,Tree Trim,Parks and Recreation,10200 TIDWELL RD&8700 VALLEY FLAG DR ,11/8/2020 6:20,Service Completed,Resolved,2020-08-25 07:19:00,174788,101004242637,2020-08-25,7:19,2020-11-08,6:20
174787-101004242623,Tree Removal,Parks and Recreation,7827 BECKLEY ST,10/15/2020 7:15,Service Completed,Resolved,2020-08-25 07:14:00,174787,101004242623,2020-08-25,7:14,2020-10-15,7:15
174786-101004242617,Tree Removal,Parks and Recreation,100 E 15TH ST&100 W 15TH ST&1500 HEIGHTS BLVD ,10/15/2020 7:12,Service Completed,Resolved,2020-08-25 07:11:00,174786,101004242617,2020-08-25,7:11,2020-10-15,7:12
174784-101004242554,Tree Trim,Parks and Recreation,10690 HAMMERLY BLVD&2300 W SAM HOUSTON PKWY N ,11/8/2020 5:45,Service Completed,Resolved,2020-08-25 06:44:00,174784,101004242554,2020-08-25,6:44,2020-11-08,5:45
174781-101004242439,Tree Trim,Parks and Recreation,2200 BRACKENRIDGE ST&2900 LEE ST,11/8/2020 4:52,Service Completed,Resolved,2020-08-25 05:51:00,174781,101004242439,2020-08-25,5:51,2020-11-08,4:52
174780-101004242382,Tree Removal,Parks and Recreation,8800 GULF FWY,10/15/2020 5:22,Service Completed,Resolved,2020-08-25 05:21:00,174780,101004242382,2020-08-25,5:21,2020-10-15,5:22
174779-101004242349,Tree Removal,Parks and Recreation,4930 BATAAN RD,10/15/2020 5:06,Service Completed,Resolved,2020-08-25 05:05:00,174779,101004242349,2020-08-25,5:05,2020-10-15,5:06
174777-101004242346,Tree Removal,Parks and Recreation,5109 C LARKIN ST,10/15/2020 5:04,Service Completed,Resolved,2020-08-25 05:03:00,174777,101004242346,2020-08-25,5:03,2020-10-15,5:04
174778-101004242344,Tree Trim,Parks and Recreation,9400 CRESTVIEW DR&9150 LAURA KOPPE RD,11/8/2020 4:04,Service Completed,Resolved,2020-08-25 05:03:00,174778,101004242344,2020-08-25,5:03,2020-11-08,4:04
101004242317,Tree Trim,Parks and Recreation,12414 LIMA DR,11/8/2020 3:52,Service Completed,Resolved,2020-08-25 04:51:00, ,101004242317,2020-08-25,4:51,2020-11-08,3:52
174776-101004242252,Tree Removal,Parks and Recreation,9602 CLIFFWOOD DR,10/15/2020 4:27,Service Completed,Resolved,2020-08-25 04:26:00,174776,101004242252,2020-08-25,4:26,2020-10-15,4:27
174775-101004242250,Tree Removal,Parks and Recreation,7942 ROCKHILL ST,10/15/2020 4:25,Service Completed,Resolved,2020-08-25 04:24:00,174775,101004242250,2020-08-25,4:24,2020-10-15,4:25
174774-101004242224,Tree Removal,Parks and Recreation,7 BURR ST,10/15/2020 4:13,Service Completed,Resolved,2020-08-25 04:12:00,174774,101004242224,2020-08-25,4:12,2020-10-15,4:13
174771-101004242120,Tree Trim,Parks and Recreation,1005 33RD ST,11/8/2020 2:10,Service Completed,Resolved,2020-08-25 03:09:00,174771,101004242120,2020-08-25,3:09,2020-11-08,2:10
174770-101004241855,Tree Removal,Parks and Recreation,7113 KELLER ST,10/14/2020 14:02,Service Completed,Resolved,2020-08-24 14:01:00,174770,101004241855,2020-08-24,14:01,2020-10-14,14:02
174769-101004241800,Tree Trim,Parks and Recreation,319 25TH ST,11/7/2020 12:14,Service Completed,Resolved,2020-08-24 13:13:00,174769,101004241800,2020-08-24,13:13,2020-11-07,12:14
174768-101004241695,Tree Trim,Parks and Recreation,1500 BROADMOOR ST&1400 TELEPHONE RD,11/7/2020 10:50,Service Completed,Resolved,2020-08-24 11:49:00,174768,101004241695,2020-08-24,11:49,2020-11-07,10:50
174767-101004241692,Tree Removal,Parks and Recreation,4403 SANFORD RD,10/14/2020 11:48,Service Completed,Resolved,2020-08-24 11:47:00,174767,101004241692,2020-08-24,11:47,2020-10-14,11:48
174766-101004241650,Tree Removal,Parks and Recreation,12225 PALMFREE ST,10/14/2020 11:27,Service Completed,Resolved,2020-08-24 11:26:00,174766,101004241650,2020-08-24,11:26,2020-10-14,11:27
174761-101004241587,Tree Trim,Parks and Recreation,7343 AVENUE K,11/7/2020 9:53,Service Completed,Resolved,2020-08-24 10:52:00,174761,101004241587,2020-08-24,10:52,2020-11-07,9:53
174754-101004241519,Tree Trim,Parks and Recreation,4410 BELLFORT ST,11/7/2020 9:22,Service Completed,Resolved,2020-08-24 10:21:00,174754,101004241519,2020-08-24,10:21,2020-11-07,9:22
174751-101004241475,Tree Removal,Parks and Recreation,2800 W LITTLE YORK RD,10/14/2020 10:03,Service Completed,Resolved,2020-08-24 10:02:00,174751,101004241475,2020-08-24,10:02,2020-10-14,10:03
174741-101004241195,Tree Trim,Parks and Recreation,5700 ROBERTSON ST&1100 WOODARD ST,11/7/2020 6:48,Service Completed,Resolved,2020-08-24 07:47:00,174741,101004241195,2020-08-24,7:47,2020-11-07,6:48
174740-101004241172,Tree Removal,Parks and Recreation,5011 PEASE ST,10/14/2020 7:34,Service Completed,Resolved,2020-08-24 07:33:00,174740,101004241172,2020-08-24,7:33,2020-10-14,7:34
174739-101004241138,Tree Removal,Parks and Recreation,1900 MORSE ST&1950 VERMONT ST,10/14/2020 7:22,Service Completed,Resolved,2020-08-24 07:21:00,174739,101004241138,2020-08-24,7:21,2020-10-14,7:22
174737-101004241114,Tree Removal,Parks and Recreation,1030 MARTIN ST,10/14/2020 7:12,Service Completed,Resolved,2020-08-24 07:11:00,174737,101004241114,2020-08-24,7:11,2020-10-14,7:12
174736-101004241083,Tree Trim,Parks and Recreation,5100 HAZARD ST&2000 NORTH BLVD,11/7/2020 6:02,Service Completed,Resolved,2020-08-24 07:01:00,174736,101004241083,2020-08-24,7:01,2020-11-07,6:02
174735-101004241036,Tree Removal,Parks and Recreation,10315 KITTRELL ST,10/14/2020 6:34,Service Completed,Resolved,2020-08-24 06:33:00,174735,101004241036,2020-08-24,6:33,2020-10-14,6:34
174733-101004240973,Tree Trim,Parks and Recreation,1102 NASHUA ST,11/7/2020 5:07,Service Completed,Resolved,2020-08-24 06:06:00,174733,101004240973,2020-08-24,6:06,2020-11-07,5:07
174734-101004240966,Tree Trim,Parks and Recreation,7411 AVENUE I,11/7/2020 5:05,Service Completed,Resolved,2020-08-24 06:04:00,174734,101004240966,2020-08-24,6:04,2020-11-07,5:05
174732-101004240882,Tree Trim,Parks and Recreation,9718 CLARK RD,11/7/2020 4:33,Service Completed,Resolved,2020-08-24 05:32:00,174732,101004240882,2020-08-24,5:32,2020-11-07,4:33
174731-101004240825,Tree Stump Grinding,Parks and Recreation,9519 MONROE RD,12/18/2020 4:15,Service Completed,Resolved,2020-08-24 05:14:00,174731,101004240825,2020-08-24,5:14,2020-12-18,4:15
174730-101004240807,Tree Trim,Parks and Recreation,1445 HARVARD ST,11/7/2020 4:07,Service Completed,Resolved,2020-08-24 05:06:00,174730,101004240807,2020-08-24,5:06,2020-11-07,4:07
174729-101004240799,Tree Trim,Parks and Recreation,11655 CHIMNEY ROCK RD,11/7/2020 4:05,Service Completed,Resolved,2020-08-24 05:04:00,174729,101004240799,2020-08-24,5:04,2020-11-07,4:05
174728-101004240768,Tree Trim,Parks and Recreation,3019 BANDELL DR,11/7/2020 3:56,Service Completed,Resolved,2020-08-24 04:55:00,174728,101004240768,2020-08-24,4:55,2020-11-07,3:56
174727-101004240763,Tree Removal,Parks and Recreation,2919 SILVER FALLS DR,10/14/2020 4:54,Service Completed,Resolved,2020-08-24 04:53:00,174727,101004240763,2020-08-24,4:53,2020-10-14,4:54
174726-101004240724,Tree Trim,Parks and Recreation,4711 POLK ST,11/7/2020 3:39,Service Completed,Resolved,2020-08-24 04:38:00,174726,101004240724,2020-08-24,4:38,2020-11-07,3:39
174725-101004240675,Tree Trim,Parks and Recreation,301 E 15TH ST,11/7/2020 3:17,Service Completed,Resolved,2020-08-24 04:16:00,174725,101004240675,2020-08-24,4:16,2020-11-07,3:17
174724-101004240617,Tree Trim,Parks and Recreation,319 E 27TH ST,11/7/2020 2:54,Service Completed,Resolved,2020-08-24 03:53:00,174724,101004240617,2020-08-24,3:53,2020-11-07,2:54
174723-101004240613,Tree Removal,Parks and Recreation,10918 CEDARHURST DR,10/14/2020 3:52,Service Completed,Resolved,2020-08-24 03:51:00,174723,101004240613,2020-08-24,3:51,2020-10-14,3:52
174722-101004240541,Tree Trim,Parks and Recreation,9518 BEVERLY HILL ST,11/7/2020 2:16,Service Completed,Resolved,2020-08-24 03:15:00,174722,101004240541,2020-08-24,3:15,2020-11-07,2:16
174718-101004240498,Tree Trim,Parks and Recreation,1741 ALBANS RD,11/7/2020 1:29,Service Completed,Resolved,2020-08-24 02:28:00,174718,101004240498,2020-08-24,2:28,2020-11-07,1:29
101004240204,Tree Removal,Parks and Recreation,8427 WINTHROP LN,10/13/2020 10:59,Service Completed,Resolved,2020-08-23 10:58:00, ,101004240204,2020-08-23,10:58,2020-10-13,10:59
357312-101004240188,Tree Removal,Parks and Recreation,1400 W LOOP FWY S&700 POST OAK BLVD,10/13/2020 10:23,Service Completed,Resolved,2020-08-23 10:22:00,357312,101004240188,2020-08-23,10:22,2020-10-13,10:23
101004240051,Tree Trim,Parks and Recreation,8618 WYNLEA ST,11/6/2020 4:21,Service Completed,Resolved,2020-08-23 05:20:00, ,101004240051,2020-08-23,5:20,2020-11-06,4:21
101004240049,Tree Trim,Parks and Recreation,8618 WYNLEA ST,11/6/2020 4:19,Service Completed,Resolved,2020-08-23 05:18:00, ,101004240049,2020-08-23,5:18,2020-11-06,4:19
101004240047,Tree Trim,Parks and Recreation,8618 WYNLEA ST,11/6/2020 4:19,Service Completed,Resolved,2020-08-23 05:18:00, ,101004240047,2020-08-23,5:18,2020-11-06,4:19
101004240046,Tree Trim,Parks and Recreation,8618 WYNLEA ST,11/6/2020 4:18,Service Completed,Resolved,2020-08-23 05:17:00, ,101004240046,2020-08-23,5:17,2020-11-06,4:18
101004240044,Tree Trim,Parks and Recreation,8618 WYNLEA ST,11/6/2020 4:18,Service Completed,Resolved,2020-08-23 05:17:00, ,101004240044,2020-08-23,5:17,2020-11-06,4:18
101004239964,Tree Removal,Parks and Recreation,5305 IRVINGTON BLVD,10/12/2020 23:22,Service Completed,Resolved,2020-08-22 23:21:00, ,101004239964,2020-08-22,23:21,2020-10-12,23:22
101004239951,Tree Removal,Parks and Recreation,3300 S GESSNER RD&9700 RICHMOND AVE,10/12/2020 20:44,Service Completed,Resolved,2020-08-22 20:43:00, ,101004239951,2020-08-22,20:43,2020-10-12,20:44
174711-101004239794,Tree Trim,Parks and Recreation,11930 TROULON DR,11/5/2020 11:20,Service Completed,Resolved,2020-08-22 12:19:00,174711,101004239794,2020-08-22,12:19,2020-11-05,11:20
101004229788,Tree Trim,Parks and Recreation,327 RICHVALE LN,11/5/2020 10:42,Service Completed,Resolved,2020-08-22 11:41:00, ,101004229788,2020-08-22,11:41,2020-11-05,10:42
101004229627,Tree Removal,Parks and Recreation,1907 W 15TH ST,10/12/2020 8:01,Service Completed,Resolved,2020-08-22 08:00:00, ,101004229627,2020-08-22,8:00,2020-10-12,8:01
101004229536,Tree Trim,Parks and Recreation,8147 MARCY DR,11/5/2020 5:20,Service Completed,Resolved,2020-08-22 06:19:00, ,101004229536,2020-08-22,6:19,2020-11-05,5:20
101004229495,Tree Trim,Parks and Recreation,5254 INDIGO ST,11/5/2020 4:22,Service Completed,Resolved,2020-08-22 05:21:00, ,101004229495,2020-08-22,5:21,2020-11-05,4:22
101004229493,Tree Trim,Parks and Recreation,5247 INDIGO ST,11/5/2020 4:20,Service Completed,Resolved,2020-08-22 05:19:00, ,101004229493,2020-08-22,5:19,2020-11-05,4:20
101004229455,Tree Trim,Parks and Recreation,5819 PHILLIPS ST,11/5/2020 3:50,Service Completed,Resolved,2020-08-22 04:49:00, ,101004229455,2020-08-22,4:49,2020-11-05,3:50
101004229391,Tree Trim,Parks and Recreation,12907 MEMORIAL DR,11/5/2020 2:34,Service Completed,Resolved,2020-08-22 03:33:00, ,101004229391,2020-08-22,3:33,2020-11-05,2:34
174710-101004229324,Tree Trim,Parks and Recreation,16900 NORTHCHASE DR,11/4/2020 22:23,Service Completed,Resolved,2020-08-21 23:22:00,174710,101004229324,2020-08-21,23:22,2020-11-04,22:23
101004229301,Tree Trim,Parks and Recreation,6415 MINOLA ST,11/4/2020 19:28,Service Completed,Resolved,2020-08-21 20:27:00, ,101004229301,2020-08-21,20:27,2020-11-04,19:28
174708-101004229238,Tree Removal,Parks and Recreation,5016 INDIGO ST&0 S RICE AVE,10/11/2020 18:06,Service Completed,Resolved,2020-08-21 18:05:00,174708,101004229238,2020-08-21,18:05,2020-10-11,18:06
174703-101004229092,Tree Trim,Parks and Recreation,11631 BOWHEAD DR,11/4/2020 12:48,Service Completed,Resolved,2020-08-21 13:47:00,174703,101004229092,2020-08-21,13:47,2020-11-04,12:48
174702-101004229087,Tree Removal,Parks and Recreation,541 S 75TH ST,10/11/2020 13:43,Service Completed,Resolved,2020-08-21 13:42:00,174702,101004229087,2020-08-21,13:42,2020-10-11,13:43
101004228958,Tree Trim,Parks and Recreation,5302 JEFFERSON ST,11/4/2020 11:07,Service Completed,Resolved,2020-08-21 12:06:00, ,101004228958,2020-08-21,12:06,2020-11-04,11:07
101004228954,Tree Removal,Parks and Recreation,1448 HEIGHTS BLVD,10/11/2020 12:05,Service Completed,Resolved,2020-08-21 12:04:00, ,101004228954,2020-08-21,12:04,2020-10-11,12:05
101004228793,Tree Trim,Parks and Recreation,2950 PLUM CREEK LN&4500 TELEPHONE RD,11/4/2020 9:39,Service Completed,Resolved,2020-08-21 10:38:00, ,101004228793,2020-08-21,10:38,2020-11-04,9:39
101004228677,Tree Removal,Parks and Recreation,600 WESTBURY SQ,10/11/2020 9:53,Service Completed,Resolved,2020-08-21 09:52:00, ,101004228677,2020-08-21,9:52,2020-10-11,9:53
101004228676,Tree Trim,Parks and Recreation,600 WESTBURY SQ,11/4/2020 8:53,Service Completed,Resolved,2020-08-21 09:52:00, ,101004228676,2020-08-21,9:52,2020-11-04,8:53
101004228606,Tree Removal,Parks and Recreation,9838 BRIARWILD LN,10/11/2020 9:16,Service Completed,Resolved,2020-08-21 09:15:00, ,101004228606,2020-08-21,9:15,2020-10-11,9:16
101004228571,Tree Trim,Parks and Recreation,5003 BRIARBEND DR,11/4/2020 8:00,Service Completed,Resolved,2020-08-21 08:59:00, ,101004228571,2020-08-21,8:59,2020-11-04,8:00
101004228393,Tree Trim,Parks and Recreation,6100 HERMANN PARK DR,11/4/2020 6:37,Service Completed,Resolved,2020-08-21 07:36:00, ,101004228393,2020-08-21,7:36,2020-11-04,6:37
101004228362,Tree Removal,Parks and Recreation,3300 SAGE RD,10/11/2020 7:22,Service Completed,Resolved,2020-08-21 07:21:00, ,101004228362,2020-08-21,7:21,2020-10-11,7:22
101004228262,Tree Removal,Parks and Recreation,11610 MOONMIST DR,10/11/2020 6:31,Service Completed,Resolved,2020-08-21 06:30:00, ,101004228262,2020-08-21,6:30,2020-10-11,6:31
101004228232,Tree Trim,Parks and Recreation,6119 W RIDGECREEK DR,11/4/2020 5:17,Service Completed,Resolved,2020-08-21 06:16:00, ,101004228232,2020-08-21,6:16,2020-11-04,5:17
101004228163,Tree Trim,Parks and Recreation,4618 MCEWEN ST,11/4/2020 4:54,Service Completed,Resolved,2020-08-21 05:53:00, ,101004228163,2020-08-21,5:53,2020-11-04,4:54
174701-101004227993,Tree Removal,Parks and Recreation,5258 N BRAESWOOD BLVD,10/11/2020 4:53,Service Completed,Resolved,2020-08-21 04:52:00,174701,101004227993,2020-08-21,4:52,2020-10-11,4:53
101004227976,Tree Trim,Parks and Recreation,1405 WAGNER ST,11/4/2020 3:46,Service Completed,Resolved,2020-08-21 04:45:00, ,101004227976,2020-08-21,4:45,2020-11-04,3:46
174700-101004227938,Tree Trim,Parks and Recreation,2247 NORTH BLVD,11/4/2020 3:31,Service Completed,Resolved,2020-08-21 04:30:00,174700,101004227938,2020-08-21,4:30,2020-11-04,3:31
174699-101004227921,Tree Trim,Parks and Recreation,1931 FAIRVIEW AVE,11/4/2020 3:24,Service Completed,Resolved,2020-08-21 04:23:00,174699,101004227921,2020-08-21,4:23,2020-11-04,3:24
174698-101004227900,Tree Removal,Parks and Recreation,11402 STANCLIFF RD,10/11/2020 4:15,Service Completed,Resolved,2020-08-21 04:14:00,174698,101004227900,2020-08-21,4:14,2020-10-11,4:15
174697-101004227875,Tree Removal,Parks and Recreation,622 HAHLO ST,10/11/2020 4:02,Service Completed,Resolved,2020-08-21 04:01:00,174697,101004227875,2020-08-21,4:01,2020-10-11,4:02
174695-101004227832,Tree Trim,Parks and Recreation,6116 A MAXIE ST,11/4/2020 2:42,Service Completed,Resolved,2020-08-21 03:41:00,174695,101004227832,2020-08-21,3:41,2020-11-04,2:42
174694-101004227819,Tree Trim,Parks and Recreation,4354 ELMWOOD ST,11/4/2020 2:39,Service Completed,Resolved,2020-08-21 03:38:00,174694,101004227819,2020-08-21,3:38,2020-11-04,2:39
174693-101004227811,Tree Removal,Parks and Recreation,4354 ELMWOOD ST,10/11/2020 3:35,Service Completed,Resolved,2020-08-21 03:34:00,174693,101004227811,2020-08-21,3:34,2020-10-11,3:35
174691-101004227766,Tree Trim,Parks and Recreation,8600 W BELLFORT AVE&11300 S GESSNER RD,11/4/2020 2:02,Service Completed,Resolved,2020-08-21 03:01:00,174691,101004227766,2020-08-21,3:01,2020-11-04,2:02
174689-101004227592,Tree Removal,Parks and Recreation,900 KRESS ST&6300 MARKET ST,10/10/2020 15:19,Service Completed,Resolved,2020-08-20 15:18:00,174689,101004227592,2020-08-20,15:18,2020-10-10,15:19
174688-101004227369,Tree Removal,Parks and Recreation,3632 BOSTIC ST,10/10/2020 11:47,Service Completed,Resolved,2020-08-20 11:46:00,174688,101004227369,2020-08-20,11:46,2020-10-10,11:47
174687-101004227338,Tree Trim,Parks and Recreation,5600 CRANE ST&4000 HOFFMAN ST,11/3/2020 10:30,Service Completed,Resolved,2020-08-20 11:29:00,174687,101004227338,2020-08-20,11:29,2020-11-03,10:30
174684-101004227308,Tree Removal,Parks and Recreation,6102 PRESIDIO DR,10/10/2020 11:16,Service Completed,Resolved,2020-08-20 11:15:00,174684,101004227308,2020-08-20,11:15,2020-10-10,11:16
174683-101004227306,Tree Trim,Parks and Recreation,6200 RODRIGO ST&6206 TAGGART ST,11/3/2020 10:15,Service Completed,Resolved,2020-08-20 11:14:00,174683,101004227306,2020-08-20,11:14,2020-11-03,10:15
174682-101004227119,Tree Trim,Parks and Recreation,6100 PARKER RD,11/3/2020 9:07,Service Completed,Resolved,2020-08-20 10:06:00,174682,101004227119,2020-08-20,10:06,2020-11-03,9:07
174681-101004227045,Tree Removal,Parks and Recreation,7226 GLEASON RD,10/10/2020 9:31,Service Completed,Resolved,2020-08-20 09:30:00,174681,101004227045,2020-08-20,9:30,2020-10-10,9:31
174680-101004227030,Tree Trim,Parks and Recreation,6100 HERMANN PARK DR,11/3/2020 8:21,Service Completed,Resolved,2020-08-20 09:20:00,174680,101004227030,2020-08-20,9:20,2020-11-03,8:21
174679-101004227009,Tree Trim,Parks and Recreation,8006 BAUMAN RD,11/3/2020 8:11,Service Completed,Resolved,2020-08-20 09:10:00,174679,101004227009,2020-08-20,9:10,2020-11-03,8:11
174678-101004226997,Tree Trim,Parks and Recreation,4102 LAKE HOUSTON PKWY,11/3/2020 8:06,Service Completed,Resolved,2020-08-20 09:05:00,174678,101004226997,2020-08-20,9:05,2020-11-03,8:06
174677-101004226941,Tree Trim,Parks and Recreation,7100 PARKER RD,11/3/2020 7:40,Service Completed,Resolved,2020-08-20 08:39:00,174677,101004226941,2020-08-20,8:39,2020-11-03,7:40
174676-101004226889,Tree Trim,Parks and Recreation,1102 E 7TH ST,11/3/2020 7:23,Service Completed,Resolved,2020-08-20 08:22:00,174676,101004226889,2020-08-20,8:22,2020-11-03,7:23
174671-101004226787,Tree Removal,Parks and Recreation,5510 LYMBAR DR,10/10/2020 7:24,Service Completed,Resolved,2020-08-20 07:23:00,174671,101004226787,2020-08-20,7:23,2020-10-10,7:24
174670-101004226769,Tree Removal,Parks and Recreation,6421 OLD CHATHAM LN,10/10/2020 7:17,Service Completed,Resolved,2020-08-20 07:16:00,174670,101004226769,2020-08-20,7:16,2020-10-10,7:17
174669-101004226761,Tree Removal,Parks and Recreation,5400 BELLFORT ST&8100 SANDHURST DR,10/10/2020 7:12,Service Completed,Resolved,2020-08-20 07:11:00,174669,101004226761,2020-08-20,7:11,2020-10-10,7:12
174667-101004226736,Tree Trim,Parks and Recreation,8300 CARVER RD&2200 REDROCK ST,11/3/2020 6:03,Service Completed,Resolved,2020-08-20 07:02:00,174667,101004226736,2020-08-20,7:02,2020-11-03,6:03
174668-101004226735,Tree Removal,Parks and Recreation,8815 WOODWICK ST,10/10/2020 7:03,Service Completed,Resolved,2020-08-20 07:02:00,174668,101004226735,2020-08-20,7:02,2020-10-10,7:03
174666-101004226628,Tree Trim,Parks and Recreation,9434 FUQUA ST,11/3/2020 5:24,Service Completed,Resolved,2020-08-20 06:23:00,174666,101004226628,2020-08-20,6:23,2020-11-03,5:24
174665-101004226601,Tree Trim,Parks and Recreation,6507 BANTA DR,11/3/2020 5:07,Service Completed,Resolved,2020-08-20 06:06:00,174665,101004226601,2020-08-20,6:06,2020-11-03,5:07
174664-101004226591,Tree Removal,Parks and Recreation,3605 ASCOT LN,10/10/2020 6:05,Service Completed,Resolved,2020-08-20 06:04:00,174664,101004226591,2020-08-20,6:04,2020-10-10,6:05
174663-101004226586,Tree Trim,Parks and Recreation,600 W 10TH ST&1000 ASHLAND ST,11/3/2020 5:03,Service Completed,Resolved,2020-08-20 06:02:00,174663,101004226586,2020-08-20,6:02,2020-11-03,5:03
174662-101004226527,Tree Trim,Parks and Recreation,8800 JUTLAND RD&5000 LARKSPUR ST,11/3/2020 4:35,Service Completed,Resolved,2020-08-20 05:34:00,174662,101004226527,2020-08-20,5:34,2020-11-03,4:35
174661-101004226461,Tree Removal,Parks and Recreation,7903 ROOS RD,10/10/2020 5:00,Service Completed,Resolved,2020-08-20 04:59:00,174661,101004226461,2020-08-20,4:59,2020-10-10,5:00
174660-101004226455,Tree Trim,Parks and Recreation,8219 LANHAM LN,11/3/2020 3:57,Service Completed,Resolved,2020-08-20 04:56:00,174660,101004226455,2020-08-20,4:56,2020-11-03,3:57
174659-101004226446,Tree Trim,Parks and Recreation,4900 CAROLINE ST&1300 ROSEDALE ST,11/3/2020 3:50,Service Completed,Resolved,2020-08-20 04:49:00,174659,101004226446,2020-08-20,4:49,2020-11-03,3:50
174657-101004226415,Tree Trim,Parks and Recreation,4809 MAIN ST,11/3/2020 3:37,Service Completed,Resolved,2020-08-20 04:36:00,174657,101004226415,2020-08-20,4:36,2020-11-03,3:37
174656-101004226372,Tree Trim,Parks and Recreation,6030 DUMFRIES DR,11/3/2020 3:16,Service Completed,Resolved,2020-08-20 04:15:00,174656,101004226372,2020-08-20,4:15,2020-11-03,3:16
174653-101004226313,Tree Trim,Parks and Recreation,3006 NORTHWOOD ST,11/3/2020 2:52,Service Completed,Resolved,2020-08-20 03:51:00,174653,101004226313,2020-08-20,3:51,2020-11-03,2:52
174650-101004226291,Tree Trim,Parks and Recreation,6311 REED RD,11/3/2020 2:41,Service Completed,Resolved,2020-08-20 03:40:00,174650,101004226291,2020-08-20,3:40,2020-11-03,2:41
174648-101004226283,Tree Removal,Parks and Recreation,5407 BELLFORT ST,10/10/2020 3:38,Service Completed,Resolved,2020-08-20 03:37:00,174648,101004226283,2020-08-20,3:37,2020-10-10,3:38
174647-101004226275,Tree Removal,Parks and Recreation,7701 BRADFORD ST,10/10/2020 3:36,Service Completed,Resolved,2020-08-20 03:35:00,174647,101004226275,2020-08-20,3:35,2020-10-10,3:36
174644-101004226217,Tree Trim,Parks and Recreation,702 SUL ROSS ST,11/3/2020 2:04,Service Completed,Resolved,2020-08-20 03:03:00,174644,101004226217,2020-08-20,3:03,2020-11-03,2:04
357274-101004226206,Tree Trim,Parks and Recreation,1610 TANNEHILL DR,11/3/2020 1:53,Service Completed,Resolved,2020-08-20 02:52:00,357274,101004226206,2020-08-20,2:52,2020-11-03,1:53
174638-101004226147,Tree Removal,Parks and Recreation,8115 LUGARY DR,10/9/2020 23:50,Service Completed,Resolved,2020-08-19 23:49:00,174638,101004226147,2020-08-19,23:49,2020-10-09,23:50
174637-101004226132,Tree Trim,Parks and Recreation,3018 HAZY PARK DR,11/2/2020 20:36,Service Completed,Resolved,2020-08-19 21:35:00,174637,101004226132,2020-08-19,21:35,2020-11-02,20:36
174636-101004226065,Tree Trim,Parks and Recreation,3419 GANNETT ST,11/2/2020 15:52,Service Completed,Resolved,2020-08-19 16:51:00,174636,101004226065,2020-08-19,16:51,2020-11-02,15:52
174635-101004226057,Tree Removal,Parks and Recreation,7500 SUNDOWN DR&8900 WOODWICK ST,10/9/2020 16:29,Service Completed,Resolved,2020-08-19 16:28:00,174635,101004226057,2020-08-19,16:28,2020-10-09,16:29
174633-101004225950,Tree Removal,Parks and Recreation,5200 BALKIN ST&6200 MARTIN LUTHER KING BLVD,10/9/2020 13:00,Service Completed,Resolved,2020-08-19 12:59:00,174633,101004225950,2020-08-19,12:59,2020-10-09,13:00
174632-101004225913,Tree Removal,Parks and Recreation,300 ENID ST&900 TEMPLE ST,10/9/2020 12:25,Service Completed,Resolved,2020-08-19 12:24:00,174632,101004225913,2020-08-19,12:24,2020-10-09,12:25
174631-101004225897,Tree Trim,Parks and Recreation,1816 BANKS ST,11/2/2020 11:08,Service Completed,Resolved,2020-08-19 12:07:00,174631,101004225897,2020-08-19,12:07,2020-11-02,11:08
174630-101004225844,Tree Trim,Parks and Recreation,5800 KAISER ST&14000 PACKARD ST,11/2/2020 10:36,Service Completed,Resolved,2020-08-19 11:35:00,174630,101004225844,2020-08-19,11:35,2020-11-02,10:36
174629-101004225715,Tree Removal,Parks and Recreation,5302 ANZIO RD,10/9/2020 10:24,Service Completed,Resolved,2020-08-19 10:23:00,174629,101004225715,2020-08-19,10:23,2020-10-09,10:24
174628-101004225700,Tree Trim,Parks and Recreation,7134 DE PRIEST ST&800 MILLVILLE DR,11/2/2020 9:16,Service Completed,Resolved,2020-08-19 10:15:00,174628,101004225700,2020-08-19,10:15,2020-11-02,9:16
174627-101004225605,Tree Trim,Parks and Recreation,8803 CONCHO ST,11/2/2020 8:42,Service Completed,Resolved,2020-08-19 09:41:00,174627,101004225605,2020-08-19,9:41,2020-11-02,8:42
174624-101004225448,Tree Removal,Parks and Recreation,8107 MISTY RIDGE LN,10/9/2020 8:36,Service Completed,Resolved,2020-08-19 08:35:00,174624,101004225448,2020-08-19,8:35,2020-10-09,8:36
174623-101004225441,Tree Trim,Parks and Recreation,8530 PARKETTE DR,11/2/2020 7:30,Service Completed,Resolved,2020-08-19 08:29:00,174623,101004225441,2020-08-19,8:29,2020-11-02,7:30
174622-101004225427,Tree Removal,Parks and Recreation,1400 WAGNER ST,10/9/2020 8:23,Service Completed,Resolved,2020-08-19 08:22:00,174622,101004225427,2020-08-19,8:22,2020-10-09,8:23
174621-101004225417,Tree Trim,Parks and Recreation,7929 FORD ST,11/2/2020 7:15,Service Completed,Resolved,2020-08-19 08:14:00,174621,101004225417,2020-08-19,8:14,2020-11-02,7:15
174618-101004225393,Tree Trim,Parks and Recreation,5627 JACKWOOD ST,11/2/2020 7:01,Service Completed,Resolved,2020-08-19 08:00:00,174618,101004225393,2020-08-19,8:00,2020-11-02,7:01
174616-101004225383,Tree Trim,Parks and Recreation,2902 ANN ARBOR DR,11/2/2020 6:56,Service Completed,Resolved,2020-08-19 07:55:00,174616,101004225383,2020-08-19,7:55,2020-11-02,6:56
174614-101004225375,Tree Trim,Parks and Recreation,10509 CHESTERFIELD DR,11/2/2020 6:52,Service Completed,Resolved,2020-08-19 07:51:00,174614,101004225375,2020-08-19,7:51,2020-11-02,6:52
174612-101004225365,Tree Trim,Parks and Recreation,14200 BRIAR FOREST DR&1700 BRIAR HOME DR,11/2/2020 6:45,Service Completed,Resolved,2020-08-19 07:44:00,174612,101004225365,2020-08-19,7:44,2020-11-02,6:45
174610-101004225340,Tree Trim,Parks and Recreation,201 VANDERPOOL LN,11/2/2020 6:29,Service Completed,Resolved,2020-08-19 07:28:00,174610,101004225340,2020-08-19,7:28,2020-11-02,6:29
174609-101004225285,Tree Trim,Parks and Recreation,7301 TOUCHSTONE ST,11/2/2020 6:02,Service Completed,Resolved,2020-08-19 07:01:00,174609,101004225285,2020-08-19,7:01,2020-11-02,6:02
174608-101004225279,Tree Removal,Parks and Recreation,5301 ALMEDA RD,10/9/2020 7:00,Service Completed,Resolved,2020-08-19 06:59:00,174608,101004225279,2020-08-19,6:59,2020-10-09,7:00
174607-101004225268,Tree Removal,Parks and Recreation,7847 CREEKBEND DR,10/9/2020 6:53,Service Completed,Resolved,2020-08-19 06:52:00,174607,101004225268,2020-08-19,6:52,2020-10-09,6:53
174606-101004225246,Tree Removal,Parks and Recreation,14127 HAZEL RIDGE CT,10/9/2020 6:42,Service Completed,Resolved,2020-08-19 06:41:00,174606,101004225246,2020-08-19,6:41,2020-10-09,6:42
174605-101004225237,Tree Trim,Parks and Recreation,12631 WESTELLA DR,11/2/2020 5:37,Service Completed,Resolved,2020-08-19 06:36:00,174605,101004225237,2020-08-19,6:36,2020-11-02,5:37
174604-101004225229,Tree Trim,Parks and Recreation,4216 RIVER DR,11/2/2020 5:34,Service Completed,Resolved,2020-08-19 06:33:00,174604,101004225229,2020-08-19,6:33,2020-11-02,5:34
174603-101004225097,Tree Trim,Parks and Recreation,1723 ELYSIAN ST,11/2/2020 4:34,Service Completed,Resolved,2020-08-19 05:33:00,174603,101004225097,2020-08-19,5:33,2020-11-02,4:34
174602-101004225034,Tree Trim,Parks and Recreation,301 TABOR ST,11/2/2020 4:05,Service Completed,Resolved,2020-08-19 05:04:00,174602,101004225034,2020-08-19,5:04,2020-11-02,4:05
174601-101004224879,Tree Removal,Parks and Recreation,520 COLUMBIA ST,10/9/2020 3:59,Service Completed,Resolved,2020-08-19 03:58:00,174601,101004224879,2020-08-19,3:58,2020-10-09,3:59
174600-101004224875,Tree Trim,Parks and Recreation,400 E 26TH ST&2606 ARLINGTON ST,11/2/2020 2:57,Service Completed,Resolved,2020-08-19 03:56:00,174600,101004224875,2020-08-19,3:56,2020-11-02,2:57
174599-101004224794,Tree Trim,Parks and Recreation,8301 BARKLEY ST,11/2/2020 2:17,Service Completed,Resolved,2020-08-19 03:16:00,174599,101004224794,2020-08-19,3:16,2020-11-02,2:17
174598-101004224778,Tree Trim,Parks and Recreation,6039 W AIRPORT BLVD,11/2/2020 2:09,Service Completed,Resolved,2020-08-19 03:08:00,174598,101004224778,2020-08-19,3:08,2020-11-02,2:09
174593-101004224659,Tree Trim,Parks and Recreation,12430 KATHRYN ST,11/1/2020 21:48,Service Completed,Resolved,2020-08-18 22:47:00,174593,101004224659,2020-08-18,22:47,2020-11-01,21:48
357240-101004224643,Tree Trim,Parks and Recreation,9845 TELEPHONE RD,11/1/2020 20:56,Service Completed,Resolved,2020-08-18 21:55:00,357240,101004224643,2020-08-18,21:55,2020-11-01,20:56
357237-101004224621,Tree Removal,Parks and Recreation,2925 BRIARPARK DR,10/8/2020 20:29,Service Completed,Resolved,2020-08-18 20:28:00,357237,101004224621,2020-08-18,20:28,2020-10-08,20:29
174586-101004224450,Tree Trim,Parks and Recreation,3700 DUNLAVY ST&1700 MARSHALL ST,11/1/2020 13:42,Service Completed,Resolved,2020-08-18 14:41:00,174586,101004224450,2020-08-18,14:41,2020-11-01,13:42
174585-101004224398,Tree Trim,Parks and Recreation,3302 ANITA ST,11/1/2020 12:24,Service Completed,Resolved,2020-08-18 13:23:00,174585,101004224398,2020-08-18,13:23,2020-11-01,12:24
174584-101004224194,Tree Trim,Parks and Recreation,100 W 4TH ST&400 YALE ST ,11/1/2020 10:14,Service Completed,Resolved,2020-08-18 11:13:00,174584,101004224194,2020-08-18,11:13,2020-11-01,10:14
174583-101004224173,Tree Trim,Parks and Recreation,2155 N MACGREGOR WAY,11/1/2020 10:05,Service Completed,Resolved,2020-08-18 11:04:00,174583,101004224173,2020-08-18,11:04,2020-11-01,10:05
174582-101004224169,Tree Trim,Parks and Recreation,10750 OFFER DR&10800 WESTBRAE PKWY ,11/1/2020 10:03,Service Completed,Resolved,2020-08-18 11:02:00,174582,101004224169,2020-08-18,11:02,2020-11-01,10:03
174581-101004224168,Tree Trim,Parks and Recreation,8655 PITNER RD,11/1/2020 10:02,Service Completed,Resolved,2020-08-18 11:01:00,174581,101004224168,2020-08-18,11:01,2020-11-01,10:02
174580-101004224167,Tree Trim,Parks and Recreation,400 CAVALCADE ST&4800 SIEGEL ST,11/1/2020 10:02,Service Completed,Resolved,2020-08-18 11:01:00,174580,101004224167,2020-08-18,11:01,2020-11-01,10:02
101004224143,Tree Trim,Parks and Recreation,6410 ALMEDA RD,11/1/2020 9:53,Service Completed,Resolved,2020-08-18 10:52:00, ,101004224143,2020-08-18,10:52,2020-11-01,9:53
174579-101004223964,Tree Trim,Parks and Recreation,3600 COSBY ST&6640 TIERWESTER ST,11/1/2020 8:47,Service Completed,Resolved,2020-08-18 09:46:00,174579,101004223964,2020-08-18,9:46,2020-11-01,8:47
174577-101004223847,Tree Trim,Parks and Recreation,3226 DURHILL ST,11/1/2020 7:55,Service Completed,Resolved,2020-08-18 08:54:00,174577,101004223847,2020-08-18,8:54,2020-11-01,7:55
174578-101004223845,Tree Trim,Parks and Recreation,11645 ALMEDA RD,11/1/2020 7:54,Service Completed,Resolved,2020-08-18 08:53:00,174578,101004223845,2020-08-18,8:53,2020-11-01,7:54
174571-101004223794,Tree Trim,Parks and Recreation,833 ARLINGTON ST,11/1/2020 7:32,Service Completed,Resolved,2020-08-18 08:31:00,174571,101004223794,2020-08-18,8:31,2020-11-01,7:32
174569-101004223757,Tree Removal,Parks and Recreation,850 N ELDRIDGE PKWY,10/8/2020 8:15,Service Completed,Resolved,2020-08-18 08:14:00,174569,101004223757,2020-08-18,8:14,2020-10-08,8:15
174568-101004223731,Tree Trim,Parks and Recreation,800 MCGOWEN ST&2600 MILAM ST,11/1/2020 7:02,Service Completed,Resolved,2020-08-18 08:01:00,174568,101004223731,2020-08-18,8:01,2020-11-01,7:02
174567-101004223718,Tree Trim,Parks and Recreation,700 DREW ST&2800 MILAM ST,11/1/2020 6:55,Service Completed,Resolved,2020-08-18 07:54:00,174567,101004223718,2020-08-18,7:54,2020-11-01,6:55
174566-101004223694,Tree Trim,Parks and Recreation,2503 AUBURNDALE ST,11/1/2020 6:45,Service Completed,Resolved,2020-08-18 07:44:00,174566,101004223694,2020-08-18,7:44,2020-11-01,6:45
174565-101004223691,Tree Trim,Parks and Recreation,4918 ROSEDALE CIR,11/1/2020 6:44,Service Completed,Resolved,2020-08-18 07:43:00,174565,101004223691,2020-08-18,7:43,2020-11-01,6:44
174564-101004223677,Tree Trim,Parks and Recreation,4300 GANO ST&1300 MALVERN ST,11/1/2020 6:37,Service Completed,Resolved,2020-08-18 07:36:00,174564,101004223677,2020-08-18,7:36,2020-11-01,6:37
174563-101004223674,Tree Trim,Parks and Recreation,1709 BINGHAM ST,11/1/2020 6:36,Service Completed,Resolved,2020-08-18 07:35:00,174563,101004223674,2020-08-18,7:35,2020-11-01,6:36
101004223666,Tree Removal,Parks and Recreation,1030 MARTIN ST,10/8/2020 7:30,Service Completed,Resolved,2020-08-18 07:29:00, ,101004223666,2020-08-18,7:29,2020-10-08,7:30
174562-101004223662,Tree Trim,Parks and Recreation,1520 CANDLELIGHT LN,11/1/2020 6:28,Service Completed,Resolved,2020-08-18 07:27:00,174562,101004223662,2020-08-18,7:27,2020-11-01,6:28
101004223648,Tree Trim,Parks and Recreation,7400 CAMBRIDGE ST&2000 OLD SPANISH TRL,11/1/2020 6:21,Service Completed,Resolved,2020-08-18 07:20:00, ,101004223648,2020-08-18,7:20,2020-11-01,6:21
174561-101004223631,Tree Trim,Parks and Recreation,2109 FLETCHER ST,11/1/2020 6:12,Service Completed,Resolved,2020-08-18 07:11:00,174561,101004223631,2020-08-18,7:11,2020-11-01,6:12
101004223579,Tree Trim,Parks and Recreation,1220 HERMANN DR,11/1/2020 5:47,Service Completed,Resolved,2020-08-18 06:46:00, ,101004223579,2020-08-18,6:46,2020-11-01,5:47
174560-101004223467,Tree Trim,Parks and Recreation,1831 STACY CREST,11/1/2020 5:01,Service Completed,Resolved,2020-08-18 06:00:00,174560,101004223467,2020-08-18,6:00,2020-11-01,5:01
174559-101004223423,Tree Trim,Parks and Recreation,2400 CARMEL ST&6700 CARVER RD,11/1/2020 4:42,Service Completed,Resolved,2020-08-18 05:41:00,174559,101004223423,2020-08-18,5:41,2020-11-01,4:42
174558-101004223345,Tree Removal,Parks and Recreation,505 ARLINGTON ST,10/8/2020 5:11,Service Completed,Resolved,2020-08-18 05:10:00,174558,101004223345,2020-08-18,5:10,2020-10-08,5:11
174557-101004223290,Tree Trim,Parks and Recreation,7918 FORD ST,11/1/2020 3:44,Service Completed,Resolved,2020-08-18 04:43:00,174557,101004223290,2020-08-18,4:43,2020-11-01,3:44
174556-101004223229,Tree Trim,Parks and Recreation,5702 PETTY ST,11/1/2020 3:18,Service Completed,Resolved,2020-08-18 04:17:00,174556,101004223229,2020-08-18,4:17,2020-11-01,3:18
174555-101004223214,Tree Trim,Parks and Recreation,7500 BYWOOD ST&8300 ELBERT ST,11/1/2020 3:12,Service Completed,Resolved,2020-08-18 04:11:00,174555,101004223214,2020-08-18,4:11,2020-11-01,3:12
174553-101004223189,Tree Trim,Parks and Recreation,2400 W DALLAS ST&1000 MONTROSE BLVD,11/1/2020 2:59,Service Completed,Resolved,2020-08-18 03:58:00,174553,101004223189,2020-08-18,3:58,2020-11-01,2:59
174552-101004223161,Tree Removal,Parks and Recreation,11507 ELMCROFT DR,10/8/2020 3:46,Service Completed,Resolved,2020-08-18 03:45:00,174552,101004223161,2020-08-18,3:45,2020-10-08,3:46
174551-101004223151,Tree Trim,Parks and Recreation,10700 ROSEHAVEN DR,11/1/2020 2:41,Service Completed,Resolved,2020-08-18 03:40:00,174551,101004223151,2020-08-18,3:40,2020-11-01,2:41
174550-101004223135,Tree Removal,Parks and Recreation,6426 HANLEY LN,10/8/2020 3:33,Service Completed,Resolved,2020-08-18 03:32:00,174550,101004223135,2020-08-18,3:32,2020-10-08,3:33
174549-101004223093,Tree Trim,Parks and Recreation,11839 BRIAR FOREST DR,11/1/2020 2:06,Service Completed,Resolved,2020-08-18 03:05:00,174549,101004223093,2020-08-18,3:05,2020-11-01,2:06
174548-101004223055,Tree Trim,Parks and Recreation,5238 KEYSTONE ST,11/1/2020 1:33,Service Completed,Resolved,2020-08-18 02:32:00,174548,101004223055,2020-08-18,2:32,2020-11-01,1:33
101004223004,Tree Trim,Parks and Recreation,13800 AMBROSE ST&3200 W OREM DR,10/31/2020 23:53,Service Completed,Resolved,2020-08-17 23:52:00, ,101004223004,2020-08-17,23:52,2020-10-31,23:53
357217-101004222912,Tree Removal,Parks and Recreation,6650 TIERWESTER ST,10/7/2020 19:00,Service Completed,Resolved,2020-08-17 18:59:00,357217,101004222912,2020-08-17,18:59,2020-10-07,19:00
101004222847,Tree Removal,Parks and Recreation,9700 ALDINE WESTFIELD RD&2300 TURNER DR,10/7/2020 14:39,Service Completed,Resolved,2020-08-17 14:38:00, ,101004222847,2020-08-17,14:38,2020-10-07,14:39
174541-101004222766,Tree Trim,Parks and Recreation,12403 MILLBANKS DR,10/31/2020 13:14,Service Completed,Resolved,2020-08-17 13:13:00,174541,101004222766,2020-08-17,13:13,2020-10-31,13:14
174540-101004222749,Tree Trim,Parks and Recreation,13535 FOREST PINES VLG,10/31/2020 13:00,Service Completed,Resolved,2020-08-17 12:59:00,174540,101004222749,2020-08-17,12:59,2020-10-31,13:00
174539-101004222531,Tree Trim,Parks and Recreation,5200 SELINSKY RD,10/31/2020 11:00,Service Completed,Resolved,2020-08-17 10:59:00,174539,101004222531,2020-08-17,10:59,2020-10-31,11:00
174538-101004222451,Tree Trim,Parks and Recreation,8000 COASTWAY LN,10/31/2020 10:22,Service Completed,Resolved,2020-08-17 10:21:00,174538,101004222451,2020-08-17,10:21,2020-10-31,10:22
174536-101004222414,Tree Trim,Parks and Recreation,10201 KINGSPOINT,10/31/2020 10:09,Service Completed,Resolved,2020-08-17 10:08:00,174536,101004222414,2020-08-17,10:08,2020-10-31,10:09
174535-101004222392,Tree Trim,Parks and Recreation,8229 GRAFTON ST,10/31/2020 10:00,Service Completed,Resolved,2020-08-17 09:59:00,174535,101004222392,2020-08-17,9:59,2020-10-31,10:00
174534-101004222345,Tree Removal,Parks and Recreation,10627 DUANE ST,10/7/2020 9:41,Service Completed,Resolved,2020-08-17 09:40:00,174534,101004222345,2020-08-17,9:40,2020-10-07,9:41
174532-101004222296,Tree Trim,Parks and Recreation,6518 LAVENDER ST,10/31/2020 9:25,Service Completed,Resolved,2020-08-17 09:24:00,174532,101004222296,2020-08-17,9:24,2020-10-31,9:25
174531-101004222260,Tree Removal,Parks and Recreation,2617 HARDWOOD LN,10/7/2020 9:09,Service Completed,Resolved,2020-08-17 09:08:00,174531,101004222260,2020-08-17,9:08,2020-10-07,9:09
174530-101004222256,Tree Trim,Parks and Recreation,4302 YUPON RIDGE DR,10/31/2020 9:07,Service Completed,Resolved,2020-08-17 09:06:00,174530,101004222256,2020-08-17,9:06,2020-10-31,9:07
174528-101004222152,Tree Trim,Parks and Recreation,3200 APPALACHIAN TRL&5300 W LAKE HOUSTON PKWY,10/31/2020 8:29,Service Completed,Resolved,2020-08-17 08:28:00,174528,101004222152,2020-08-17,8:28,2020-10-31,8:29
174527-101004222146,Tree Removal,Parks and Recreation,5443 KINGLET ST,10/7/2020 8:25,Service Completed,Resolved,2020-08-17 08:24:00,174527,101004222146,2020-08-17,8:24,2020-10-07,8:25
174526-101004222074,Tree Trim,Parks and Recreation,4910 MONTROSE BLVD,10/31/2020 7:52,Service Completed,Resolved,2020-08-17 07:51:00,174526,101004222074,2020-08-17,7:51,2020-10-31,7:52
174525-101004221988,Tree Trim,Parks and Recreation,9419 NYSSA AVE,10/31/2020 7:18,Service Completed,Resolved,2020-08-17 07:17:00,174525,101004221988,2020-08-17,7:17,2020-10-31,7:18
174524-101004221981,Tree Trim,Parks and Recreation,9922 CARMALEE ST,10/31/2020 7:17,Service Completed,Resolved,2020-08-17 07:16:00,174524,101004221981,2020-08-17,7:16,2020-10-31,7:17
174523-101004221958,Tree Removal,Parks and Recreation,12815 REGAL OAKS BEND LN,10/7/2020 7:07,Service Completed,Resolved,2020-08-17 07:06:00,174523,101004221958,2020-08-17,7:06,2020-10-07,7:07
174522-101004221790,Tree Trim,Parks and Recreation,4722 BRINKMAN ST,10/31/2020 6:00,Service Completed,Resolved,2020-08-17 05:59:00,174522,101004221790,2020-08-17,5:59,2020-10-31,6:00
174521-101004221767,Tree Trim,Parks and Recreation,2999 S WAYSIDE DR,10/31/2020 5:52,Service Completed,Resolved,2020-08-17 05:51:00,174521,101004221767,2020-08-17,5:51,2020-10-31,5:52
174520-101004221732,Tree Trim,Parks and Recreation,11531 FM 1960 RD,10/31/2020 5:40,Service Completed,Resolved,2020-08-17 05:39:00,174520,101004221732,2020-08-17,5:39,2020-10-31,5:40
174519-101004221635,Tree Trim,Parks and Recreation,710 MAROBY ST,10/31/2020 5:00,Service Completed,Resolved,2020-08-17 04:59:00,174519,101004221635,2020-08-17,4:59,2020-10-31,5:00
174518-101004221622,Tree Removal,Parks and Recreation,2100 CENTRAL ST&9350 LA PORTE FWY,10/7/2020 4:55,Service Completed,Resolved,2020-08-17 04:54:00,174518,101004221622,2020-08-17,4:54,2020-10-07,4:55
174517-101004221556,Tree Removal,Parks and Recreation,2308 DUNLAVY ST,10/7/2020 4:34,Service Completed,Resolved,2020-08-17 04:33:00,174517,101004221556,2020-08-17,4:33,2020-10-07,4:34
174516-101004221537,Tree Trim,Parks and Recreation,6026 LISA LN,10/31/2020 4:24,Service Completed,Resolved,2020-08-17 04:23:00,174516,101004221537,2020-08-17,4:23,2020-10-31,4:24
174515-101004221432,Tree Trim,Parks and Recreation,1100 HAWTHORNE ST&3400 YOAKUM BLVD,10/31/2020 3:30,Service Completed,Resolved,2020-08-17 03:29:00,174515,101004221432,2020-08-17,3:29,2020-10-31,3:30
174513-101004221422,Tree Trim,Parks and Recreation,500 W 23RD ST&2300 NICHOLSON ST,10/31/2020 3:27,Service Completed,Resolved,2020-08-17 03:26:00,174513,101004221422,2020-08-17,3:26,2020-10-31,3:27
174512-101004221343,Tree Removal,Parks and Recreation,4814 COURT RD,10/7/2020 2:00,Service Completed,Resolved,2020-08-17 01:59:00,174512,101004221343,2020-08-17,1:59,2020-10-07,2:00
101004221261,Tree Trim,Parks and Recreation,2424 E T C JESTER BLVD,10/30/2020 20:11,Service Completed,Resolved,2020-08-16 20:10:00, ,101004221261,2020-08-16,20:10,2020-10-30,20:11
174508-101004221093,Tree Trim,Parks and Recreation,8519 ROOS RD,10/30/2020 11:12,Service Completed,Resolved,2020-08-16 11:11:00,174508,101004221093,2020-08-16,11:11,2020-10-30,11:12
174507-101004221031,Tree Removal,Parks and Recreation,722 E 29TH ST,10/6/2020 9:03,Service Completed,Resolved,2020-08-16 09:02:00,174507,101004221031,2020-08-16,9:02,2020-10-06,9:03
174506-101004221024,Tree Trim,Parks and Recreation,1103 W GRAY ST,10/30/2020 8:49,Service Completed,Resolved,2020-08-16 08:48:00,174506,101004221024,2020-08-16,8:48,2020-10-30,8:49
174505-101004221017,Tree Removal,Parks and Recreation,5719 MCKNIGHT ST,10/6/2020 8:36,Service Completed,Resolved,2020-08-16 08:35:00,174505,101004221017,2020-08-16,8:35,2020-10-06,8:36
174504-101004220990,Tree Trim,Parks and Recreation,14135 IVY BLUFF CT,10/30/2020 7:37,Service Completed,Resolved,2020-08-16 07:36:00,174504,101004220990,2020-08-16,7:36,2020-10-30,7:37
174503-101004220976,Tree Removal,Parks and Recreation,1625 KIRBY DR,10/6/2020 6:45,Service Completed,Resolved,2020-08-16 06:44:00,174503,101004220976,2020-08-16,6:44,2020-10-06,6:45
174502-101004220975,Tree Removal,Parks and Recreation,1746 SUL ROSS ST,10/6/2020 6:45,Service Completed,Resolved,2020-08-16 06:44:00,174502,101004220975,2020-08-16,6:44,2020-10-06,6:45
174501-101004220971,Tree Removal,Parks and Recreation,1625 KIRBY DR,10/6/2020 6:42,Service Completed,Resolved,2020-08-16 06:41:00,174501,101004220971,2020-08-16,6:41,2020-10-06,6:42
174500-101004220966,Tree Trim,Parks and Recreation,6131 GLENHURST DR,10/30/2020 6:34,Service Completed,Resolved,2020-08-16 06:33:00,174500,101004220966,2020-08-16,6:33,2020-10-30,6:34
174499-101004220930,Tree Trim,Parks and Recreation,11000 BRIAR FOREST DR&1900 LAKESIDE ESTATES DR ,10/30/2020 5:08,Service Completed,Resolved,2020-08-16 05:07:00,174499,101004220930,2020-08-16,5:07,2020-10-30,5:08
174498-101004220726,Tree Trim,Parks and Recreation,927 STUDEWOOD ST,10/29/2020 12:07,Service Completed,Resolved,2020-08-15 12:06:00,174498,101004220726,2020-08-15,12:06,2020-10-29,12:07
174497-101004220603,Tree Removal,Parks and Recreation,3811 LAW ST,10/5/2020 9:21,Service Completed,Resolved,2020-08-15 09:20:00,174497,101004220603,2020-08-15,9:20,2020-10-05,9:21
174496-101004220592,Tree Removal,Parks and Recreation,4101 W BELLFORT AVE,10/5/2020 9:08,Service Completed,Resolved,2020-08-15 09:07:00,174496,101004220592,2020-08-15,9:07,2020-10-05,9:08
174495-101004220384,Tree Trim,Parks and Recreation,818 KNOX ST,10/29/2020 4:55,Service Completed,Resolved,2020-08-15 04:54:00,174495,101004220384,2020-08-15,4:54,2020-10-29,4:55
174494-101004220360,Tree Trim,Parks and Recreation,302 KRESS ST,10/29/2020 4:25,Service Completed,Resolved,2020-08-15 04:24:00,174494,101004220360,2020-08-15,4:24,2020-10-29,4:25
174493-101004220294,Tree Trim,Parks and Recreation,8302 CORINTH ST,10/29/2020 2:09,Service Completed,Resolved,2020-08-15 02:08:00,174493,101004220294,2020-08-15,2:08,2020-10-29,2:09
101004220091,Tree Removal,Parks and Recreation,2200 BISSONNET ST,10/4/2020 15:02,Service Completed,Resolved,2020-08-14 15:01:00, ,101004220091,2020-08-14,15:01,2020-10-04,15:02
174491-101004220053,Tree Trim,Parks and Recreation,400 HYDE PARK BLVD&2500 MORGAN ST,10/28/2020 13:58,Service Completed,Resolved,2020-08-14 13:57:00,174491,101004220053,2020-08-14,13:57,2020-10-28,13:58
101004220008,Tree Trim,Parks and Recreation,900 KRESS ST&6300 MARKET ST,10/28/2020 13:02,Service Completed,Resolved,2020-08-14 13:01:00, ,101004220008,2020-08-14,13:01,2020-10-28,13:02
174489-101004219976,Tree Trim,Parks and Recreation,5523 SWEETBAY LN,10/28/2020 12:30,Service Completed,Resolved,2020-08-14 12:29:00,174489,101004219976,2020-08-14,12:29,2020-10-28,12:30
174488-101004219933,Tree Trim,Parks and Recreation,6300 SHARPVIEW DR,10/28/2020 12:00,Service Completed,Resolved,2020-08-14 11:59:00,174488,101004219933,2020-08-14,11:59,2020-10-28,12:00
174486-101004219733,Tree Trim,Parks and Recreation,5703 WEAVER RD,10/28/2020 10:32,Service Completed,Resolved,2020-08-14 10:31:00,174486,101004219733,2020-08-14,10:31,2020-10-28,10:32
174485-101004219709,Tree Removal,Parks and Recreation,920 BARKDULL ST&5000 MONTROSE BLVD,10/4/2020 10:18,Service Completed,Resolved,2020-08-14 10:17:00,174485,101004219709,2020-08-14,10:17,2020-10-04,10:18
174484-101004219619,Tree Trim,Parks and Recreation,7703 ERATH ST,10/28/2020 9:36,Service Completed,Resolved,2020-08-14 09:35:00,174484,101004219619,2020-08-14,9:35,2020-10-28,9:36
174483-101004219600,Tree Removal,Parks and Recreation,15323 BRATTEN LN,10/4/2020 9:27,Service Completed,Resolved,2020-08-14 09:26:00,174483,101004219600,2020-08-14,9:26,2020-10-04,9:27
174481-101004219439,Tree Trim,Parks and Recreation,10502 RAMBLING TRL,10/28/2020 7:57,Service Completed,Resolved,2020-08-14 07:56:00,174481,101004219439,2020-08-14,7:56,2020-10-28,7:57
174480-101004219426,Tree Trim,Parks and Recreation,2507 AUBURNDALE ST,10/28/2020 7:49,Service Completed,Resolved,2020-08-14 07:48:00,174480,101004219426,2020-08-14,7:48,2020-10-28,7:49
174478-101004219314,Tree Trim,Parks and Recreation,917 KING ST,10/28/2020 6:49,Service Completed,Resolved,2020-08-14 06:48:00,174478,101004219314,2020-08-14,6:48,2020-10-28,6:49
174477-101004219246,Tree Removal,Parks and Recreation,2436 PROSPECT ST,10/4/2020 6:17,Service Completed,Resolved,2020-08-14 06:16:00,174477,101004219246,2020-08-14,6:16,2020-10-04,6:17
174476-101004219241,Tree Removal,Parks and Recreation,15730 CORSAIR RD,10/4/2020 6:13,Service Completed,Resolved,2020-08-14 06:12:00,174476,101004219241,2020-08-14,6:12,2020-10-04,6:13
174475-101004219218,Tree Trim,Parks and Recreation,5306 SPELLMAN RD,10/28/2020 6:01,Service Completed,Resolved,2020-08-14 06:00:00,174475,101004219218,2020-08-14,6:00,2020-10-28,6:01
174474-101004219143,Tree Trim,Parks and Recreation,6507 BANTA DR,10/28/2020 5:30,Service Completed,Resolved,2020-08-14 05:29:00,174474,101004219143,2020-08-14,5:29,2020-10-28,5:30
174473-101004219139,Tree Trim,Parks and Recreation,6507 BANTA DR,10/28/2020 5:29,Service Completed,Resolved,2020-08-14 05:28:00,174473,101004219139,2020-08-14,5:28,2020-10-28,5:29
174472-101004219046,Tree Removal,Parks and Recreation,103 HANOVER ST,10/4/2020 4:44,Service Completed,Resolved,2020-08-14 04:43:00,174472,101004219046,2020-08-14,4:43,2020-10-04,4:44
174468-101004218984,Tree Removal,Parks and Recreation,11022 SAGEMEADOW LN,10/4/2020 4:19,Service Completed,Resolved,2020-08-14 04:18:00,174468,101004218984,2020-08-14,4:18,2020-10-04,4:19
174467-101004218824,Tree Trim,Parks and Recreation,7501 TOUCHSTONE ST,10/28/2020 3:02,Service Completed,Resolved,2020-08-14 03:01:00,174467,101004218824,2020-08-14,3:01,2020-10-28,3:02
174465-101004208687,Tree Trim,Parks and Recreation,2260 SWIFT BLVD,10/27/2020 15:30,Service Completed,Resolved,2020-08-13 15:29:00,174465,101004208687,2020-08-13,15:29,2020-10-27,15:30
174464-101004208586,Tree Trim,Parks and Recreation,0 KATY FWY&200 YALE ST,10/27/2020 13:53,Service Completed,Resolved,2020-08-13 13:52:00,174464,101004208586,2020-08-13,13:52,2020-10-27,13:53
101004208511,Tree Removal,Parks and Recreation,7311 HURTGEN FOREST RD,10/3/2020 12:38,Service Completed,Resolved,2020-08-13 12:37:00, ,101004208511,2020-08-13,12:37,2020-10-03,12:38
174462-101004208448,Tree Trim,Parks and Recreation,5917 BEECHNUT ST,10/27/2020 11:56,Service Completed,Resolved,2020-08-13 11:55:00,174462,101004208448,2020-08-13,11:55,2020-10-27,11:56
174463-101004208447,Tree Trim,Parks and Recreation,4937 VAN FLEET ST,10/27/2020 11:56,Service Completed,Resolved,2020-08-13 11:55:00,174463,101004208447,2020-08-13,11:55,2020-10-27,11:56
174461-101004208442,Tree Trim,Parks and Recreation,6 GLENFIELD CT,10/27/2020 11:54,Service Completed,Resolved,2020-08-13 11:53:00,174461,101004208442,2020-08-13,11:53,2020-10-27,11:54
101004208439,Tree Trim,Parks and Recreation,4937 VAN FLEET ST,10/27/2020 11:54,Service Completed,Resolved,2020-08-13 11:53:00, ,101004208439,2020-08-13,11:53,2020-10-27,11:54
174460-101004208430,Tree Trim,Parks and Recreation,8166 LAURA KOPPE RD,10/27/2020 11:46,Service Completed,Resolved,2020-08-13 11:45:00,174460,101004208430,2020-08-13,11:45,2020-10-27,11:46
174459-101004208424,Tree Code Violation,Parks and Recreation,5207 WIGTON DR,10/4/2020 11:44,Service Completed,Resolved,2020-08-13 11:43:00,174459,101004208424,2020-08-13,11:43,2020-10-04,11:44
174457-101004208325,Tree Trim,Parks and Recreation,2333 WATTS ST,10/27/2020 11:00,Service Completed,Resolved,2020-08-13 10:59:00,174457,101004208325,2020-08-13,10:59,2020-10-27,11:00
174453-101004208240,Tree Trim,Parks and Recreation,1405 DUFF LN,10/27/2020 10:30,Service Completed,Resolved,2020-08-13 10:29:00,174453,101004208240,2020-08-13,10:29,2020-10-27,10:30
174452-101004208141,Tree Trim,Parks and Recreation,10750 OFFER DR&10800 WESTBRAE PKWY ,10/27/2020 9:52,Service Completed,Resolved,2020-08-13 09:51:00,174452,101004208141,2020-08-13,9:51,2020-10-27,9:52
174450-101004208109,Tree Trim,Parks and Recreation,5255 PEASE ST,10/27/2020 9:42,Service Completed,Resolved,2020-08-13 09:41:00,174450,101004208109,2020-08-13,9:41,2020-10-27,9:42
174449-101004208050,Tree Trim,Parks and Recreation,9400 NYSSA AVE&10100 THORN ST,10/27/2020 9:14,Service Completed,Resolved,2020-08-13 09:13:00,174449,101004208050,2020-08-13,9:13,2020-10-27,9:14
101004208024,Tree Trim,Parks and Recreation,301 PARKER ST,10/27/2020 8:59,Service Completed,Resolved,2020-08-13 08:58:00, ,101004208024,2020-08-13,8:58,2020-10-27,8:59
174448-101004208021,Tree Removal,Parks and Recreation,13803 WALNUT HOLLOW LN,10/3/2020 8:56,Service Completed,Resolved,2020-08-13 08:55:00,174448,101004208021,2020-08-13,8:55,2020-10-03,8:56
174447-101004208020,Tree Removal,Parks and Recreation,8815 FELAND ST,10/3/2020 8:55,Service Completed,Resolved,2020-08-13 08:54:00,174447,101004208020,2020-08-13,8:54,2020-10-03,8:55
174444-101004207980,Tree Trim,Parks and Recreation,4700 ANDERSON RD&15250 BUXLEY ST,10/27/2020 8:35,Service Completed,Resolved,2020-08-13 08:34:00,174444,101004207980,2020-08-13,8:34,2020-10-27,8:35
174443-101004207978,Tree Trim,Parks and Recreation,832 W 21ST ST,10/27/2020 8:34,Service Completed,Resolved,2020-08-13 08:33:00,174443,101004207978,2020-08-13,8:33,2020-10-27,8:34
174442-101004207871,Tree Trim,Parks and Recreation,354 WEDGEROCK DR,10/27/2020 7:53,Service Completed,Resolved,2020-08-13 07:52:00,174442,101004207871,2020-08-13,7:52,2020-10-27,7:53
174441-101004207841,Tree Trim,Parks and Recreation,15818 RIDGEROE LN,10/27/2020 7:39,Service Completed,Resolved,2020-08-13 07:38:00,174441,101004207841,2020-08-13,7:38,2020-10-27,7:39
174440-101004207594,Tree Trim,Parks and Recreation,7029 AVENUE E,10/27/2020 6:10,Service Completed,Resolved,2020-08-13 06:09:00,174440,101004207594,2020-08-13,6:09,2020-10-27,6:10
174439-101004207567,Tree Removal,Parks and Recreation,4402 STANFORD ST,10/3/2020 6:04,Service Completed,Resolved,2020-08-13 06:03:00,174439,101004207567,2020-08-13,6:03,2020-10-03,6:04
174438-101004207514,Tree Trim,Parks and Recreation,1523 BUTLERCREST ST,10/27/2020 5:51,Service Completed,Resolved,2020-08-13 05:50:00,174438,101004207514,2020-08-13,5:50,2020-10-27,5:51
174436-101004207386,Tree Trim,Parks and Recreation,9720 SPAULDING ST,10/26/2020 22:49,Service Completed,Resolved,2020-08-12 22:48:00,174436,101004207386,2020-08-12,22:48,2020-10-26,22:49
174435-101004207369,Tree Removal,Parks and Recreation,7595 SAN FELIPE ST,10/2/2020 22:02,Service Completed,Resolved,2020-08-12 22:01:00,174435,101004207369,2020-08-12,22:01,2020-10-02,22:02
174434-101004207193,Tree Stump Grinding,Parks and Recreation,1714 WOODLAND SPRINGS ST,12/6/2020 13:17,Service Completed,Resolved,2020-08-12 14:16:00,174434,101004207193,2020-08-12,14:16,2020-12-06,13:17
174433-101004207190,Tree Trim,Parks and Recreation,1520 W GULF BANK RD&1500 WINTER BAY LN,10/26/2020 14:10,Service Completed,Resolved,2020-08-12 14:09:00,174433,101004207190,2020-08-12,14:09,2020-10-26,14:10
174432-101004207058,Tree Trim,Parks and Recreation,5403 BELLFORT ST,10/26/2020 11:34,Service Completed,Resolved,2020-08-12 11:33:00,174432,101004207058,2020-08-12,11:33,2020-10-26,11:34
174431-101004207042,Tree Trim,Parks and Recreation,16627 SEAWOLF DR,10/26/2020 11:21,Service Completed,Resolved,2020-08-12 11:20:00,174431,101004207042,2020-08-12,11:20,2020-10-26,11:21
174430-101004206993,Tree Trim,Parks and Recreation,1801 SCHWEIKHARDT ST,10/26/2020 10:52,Service Completed,Resolved,2020-08-12 10:51:00,174430,101004206993,2020-08-12,10:51,2020-10-26,10:52
174422-101004206818,Tree Trim,Parks and Recreation,8523 GLENCREST ST,10/26/2020 9:11,Service Completed,Resolved,2020-08-12 09:10:00,174422,101004206818,2020-08-12,9:10,2020-10-26,9:11
174421-101004206810,Tree Trim,Parks and Recreation,16119 LA AVENIDA DR,10/26/2020 9:06,Service Completed,Resolved,2020-08-12 09:05:00,174421,101004206810,2020-08-12,9:05,2020-10-26,9:06
174420-101004206808,Tree Trim,Parks and Recreation,16110 LA AVENIDA DR,10/26/2020 9:05,Service Completed,Resolved,2020-08-12 09:04:00,174420,101004206808,2020-08-12,9:04,2020-10-26,9:05
174419-101004206807,Tree Trim,Parks and Recreation,16102 LA AVENIDA DR,10/26/2020 9:03,Service Completed,Resolved,2020-08-12 09:02:00,174419,101004206807,2020-08-12,9:02,2020-10-26,9:03
174418-101004206804,Tree Trim,Parks and Recreation,16103 LA AVENIDA DR,10/26/2020 9:01,Service Completed,Resolved,2020-08-12 09:00:00,174418,101004206804,2020-08-12,9:00,2020-10-26,9:01
174417-101004206800,Tree Trim,Parks and Recreation,15906 LA AVENIDA DR,10/26/2020 9:00,Service Completed,Resolved,2020-08-12 08:59:00,174417,101004206800,2020-08-12,8:59,2020-10-26,9:00
174416-101004206799,Tree Trim,Parks and Recreation,810 EL TORO LN,10/26/2020 8:59,Service Completed,Resolved,2020-08-12 08:58:00,174416,101004206799,2020-08-12,8:58,2020-10-26,8:59
174415-101004206794,Tree Trim,Parks and Recreation,714 EL TORO LN,10/26/2020 8:57,Service Completed,Resolved,2020-08-12 08:56:00,174415,101004206794,2020-08-12,8:56,2020-10-26,8:57
174414-101004206790,Tree Trim,Parks and Recreation,710 EL TORO LN,10/26/2020 8:55,Service Completed,Resolved,2020-08-12 08:54:00,174414,101004206790,2020-08-12,8:54,2020-10-26,8:55
174413-101004206781,Tree Trim,Parks and Recreation,16230 LA AVENIDA DR,10/26/2020 8:54,Service Completed,Resolved,2020-08-12 08:53:00,174413,101004206781,2020-08-12,8:53,2020-10-26,8:54
174412-101004206776,Tree Trim,Parks and Recreation,16226 LA AVENIDA DR,10/26/2020 8:51,Service Completed,Resolved,2020-08-12 08:50:00,174412,101004206776,2020-08-12,8:50,2020-10-26,8:51
174411-101004206772,Tree Trim,Parks and Recreation,710 BEACHCOMBER LN,10/26/2020 8:49,Service Completed,Resolved,2020-08-12 08:48:00,174411,101004206772,2020-08-12,8:48,2020-10-26,8:49
174410-101004206699,Tree Trim,Parks and Recreation,2342 RICE BLVD,10/26/2020 8:02,Service Completed,Resolved,2020-08-12 08:01:00,174410,101004206699,2020-08-12,8:01,2020-10-26,8:02
174409-101004206679,Tree Trim,Parks and Recreation,12802 CORONA LN,10/26/2020 7:51,Service Completed,Resolved,2020-08-12 07:50:00,174409,101004206679,2020-08-12,7:50,2020-10-26,7:51
174408-101004206665,Tree Trim,Parks and Recreation,8500 GREEN RIVER DR&7800 E HOUSTON RD,10/26/2020 7:44,Service Completed,Resolved,2020-08-12 07:43:00,174408,101004206665,2020-08-12,7:43,2020-10-26,7:44
174407-101004206622,Tree Trim,Parks and Recreation,900 N 74TH ST&7400 AVENUE I,10/26/2020 7:22,Service Completed,Resolved,2020-08-12 07:21:00,174407,101004206622,2020-08-12,7:21,2020-10-26,7:22
101004206619,Tree Trim,Parks and Recreation,1709 BINGHAM ST,10/26/2020 7:21,Service Completed,Resolved,2020-08-12 07:20:00, ,101004206619,2020-08-12,7:20,2020-10-26,7:21
174406-101004206607,Tree Trim,Parks and Recreation,15731 CORSAIR RD,10/26/2020 7:12,Service Completed,Resolved,2020-08-12 07:11:00,174406,101004206607,2020-08-12,7:11,2020-10-26,7:12
174405-101004206593,Tree Trim,Parks and Recreation,11726 KIRKHOLLOW DR,10/26/2020 7:07,Service Completed,Resolved,2020-08-12 07:06:00,174405,101004206593,2020-08-12,7:06,2020-10-26,7:07
174404-101004206576,Tree Trim,Parks and Recreation,800 N 74TH ST&7400 AVENUE H,10/26/2020 7:00,Service Completed,Resolved,2020-08-12 06:59:00,174404,101004206576,2020-08-12,6:59,2020-10-26,7:00
101004206569,Tree Trim,Parks and Recreation,  ,10/26/2020 6:55,Service Completed,Resolved,2020-08-12 06:54:00, ,101004206569,2020-08-12,6:54,2020-10-26,6:55
174403-101004206530,Tree Trim,Parks and Recreation,900 75TH ST&7400 AVENUE I,10/26/2020 6:39,Service Completed,Resolved,2020-08-12 06:38:00,174403,101004206530,2020-08-12,6:38,2020-10-26,6:39
174402-101004206398,Tree Removal,Parks and Recreation,520 BIRDSALL ST,10/2/2020 5:36,Service Completed,Resolved,2020-08-12 05:35:00,174402,101004206398,2020-08-12,5:35,2020-10-02,5:36
174401-101004206379,Tree Trim,Parks and Recreation,10607 ATWELL DR,10/26/2020 5:26,Service Completed,Resolved,2020-08-12 05:25:00,174401,101004206379,2020-08-12,5:25,2020-10-26,5:26
174400-101004206371,Tree Trim,Parks and Recreation,10503 SAGEFOREST DR,10/26/2020 5:24,Service Completed,Resolved,2020-08-12 05:23:00,174400,101004206371,2020-08-12,5:23,2020-10-26,5:24
174399-101004206341,Tree Removal,Parks and Recreation,10210 KINSDALE CROSSING LN,10/2/2020 5:09,Service Completed,Resolved,2020-08-12 05:08:00,174399,101004206341,2020-08-12,5:08,2020-10-02,5:09
174398-101004206305,Tree Trim,Parks and Recreation,1400 EL DORADO BLVD&15600 TORRY PINES RD,10/26/2020 4:51,Service Completed,Resolved,2020-08-12 04:50:00,174398,101004206305,2020-08-12,4:50,2020-10-26,4:51
174397-101004206282,Tree Trim,Parks and Recreation,8413 JET PILOT ST,10/26/2020 4:40,Service Completed,Resolved,2020-08-12 04:39:00,174397,101004206282,2020-08-12,4:39,2020-10-26,4:40
174396-101004206220,Tree Trim,Parks and Recreation,5300 CAREW ST&8400 CHIMNEY ROCK RD,10/26/2020 4:09,Service Completed,Resolved,2020-08-12 04:08:00,174396,101004206220,2020-08-12,4:08,2020-10-26,4:09
174395-101004206199,Tree Trim,Parks and Recreation,2500 BARTLETT ST&5000 MELLON ST,10/26/2020 4:00,Service Completed,Resolved,2020-08-12 03:59:00,174395,101004206199,2020-08-12,3:59,2020-10-26,4:00
101004206177,Tree Trim,Parks and Recreation,9500 BLACKHAWK BLVD&9400 FUQUA ST,10/26/2020 3:50,Service Completed,Resolved,2020-08-12 03:49:00, ,101004206177,2020-08-12,3:49,2020-10-26,3:50
174394-101004206125,Tree Trim,Parks and Recreation,3300 FULTON ST&3300 IRVINGTON BLVD,10/26/2020 3:30,Service Completed,Resolved,2020-08-12 03:29:00,174394,101004206125,2020-08-12,3:29,2020-10-26,3:30
174392-101004206058,Tree Trim,Parks and Recreation,11502 KIRKVALLEY DR,10/26/2020 2:37,Service Completed,Resolved,2020-08-12 02:36:00,174392,101004206058,2020-08-12,2:36,2020-10-26,2:37
357103-101004205976,Tree Trim,Parks and Recreation,902 HARDY ST,10/25/2020 21:49,Service Completed,Resolved,2020-08-11 21:48:00,357103,101004205976,2020-08-11,21:48,2020-10-25,21:49
174384-101004205661,Tree Trim,Parks and Recreation,6105 W OREM DR,10/25/2020 12:11,Service Completed,Resolved,2020-08-11 12:10:00,174384,101004205661,2020-08-11,12:10,2020-10-25,12:11
174382-101004205448,Tree Trim,Parks and Recreation,5020 HARDWAY ST,10/25/2020 10:29,Service Completed,Resolved,2020-08-11 10:28:00,174382,101004205448,2020-08-11,10:28,2020-10-25,10:29
174381-101004205268,Tree Removal,Parks and Recreation,13323 SOUTHPOINT LN,10/1/2020 9:03,Service Completed,Resolved,2020-08-11 09:02:00,174381,101004205268,2020-08-11,9:02,2020-10-01,9:03
174380-101004205235,Tree Trim,Parks and Recreation,11700 BISSONNET ST&9450 KETCHWOOD DR ,10/25/2020 8:49,Service Completed,Resolved,2020-08-11 08:48:00,174380,101004205235,2020-08-11,8:48,2020-10-25,8:49
174379-101004205122,Tree Trim,Parks and Recreation,1728 W MAIN ST,10/25/2020 7:59,Service Completed,Resolved,2020-08-11 07:58:00,174379,101004205122,2020-08-11,7:58,2020-10-25,7:59
174378-101004205083,Tree Removal,Parks and Recreation,3414 LA BRANCH ST,10/1/2020 7:44,Service Completed,Resolved,2020-08-11 07:43:00,174378,101004205083,2020-08-11,7:43,2020-10-01,7:44
174377-101004205063,Tree Trim,Parks and Recreation,6710 DILLON ST,10/25/2020 7:31,Service Completed,Resolved,2020-08-11 07:30:00,174377,101004205063,2020-08-11,7:30,2020-10-25,7:31
174376-101004205060,Tree Trim,Parks and Recreation,14518 STONE PARK RD,10/25/2020 7:27,Service Completed,Resolved,2020-08-11 07:26:00,174376,101004205060,2020-08-11,7:26,2020-10-25,7:27
174375-101004205016,Tree Planting,Parks and Recreation,5020 HARRISBURG BLVD,9/5/2020 7:07,Service Completed,Resolved,2020-08-11 07:06:00,174375,101004205016,2020-08-11,7:06,2020-09-05,7:07
174372-101004204978,Tree Trim,Parks and Recreation,6602 PARIS ST,10/25/2020 6:47,Service Completed,Resolved,2020-08-11 06:46:00,174372,101004204978,2020-08-11,6:46,2020-10-25,6:47
174371-101004204969,Tree Removal,Parks and Recreation,11619 SAGEHURST LN,10/1/2020 6:44,Service Completed,Resolved,2020-08-11 06:43:00,174371,101004204969,2020-08-11,6:43,2020-10-01,6:44
174370-101004204886,Tree Trim,Parks and Recreation,3806 HEATHERBROOK DR,10/25/2020 6:07,Service Completed,Resolved,2020-08-11 06:06:00,174370,101004204886,2020-08-11,6:06,2020-10-25,6:07
174369-101004204844,Tree Trim,Parks and Recreation,8602 SHADY VISTA LN,10/25/2020 5:50,Service Completed,Resolved,2020-08-11 05:49:00,174369,101004204844,2020-08-11,5:49,2020-10-25,5:50
174368-101004204828,Tree Trim,Parks and Recreation,2300 KINGWOOD DR&2600 WOODLAND HILLS DR,10/25/2020 5:43,Service Completed,Resolved,2020-08-11 05:42:00,174368,101004204828,2020-08-11,5:42,2020-10-25,5:43
174367-101004204810,Tree Trim,Parks and Recreation,8523 GLENCREST ST,10/25/2020 5:33,Service Completed,Resolved,2020-08-11 05:32:00,174367,101004204810,2020-08-11,5:32,2020-10-25,5:33
174366-101004204648,Tree Trim,Parks and Recreation,4900 INGOMAR WAY&15440 WICKGATE DR,10/25/2020 4:26,Service Completed,Resolved,2020-08-11 04:25:00,174366,101004204648,2020-08-11,4:25,2020-10-25,4:26
174364-101004204527,Tree Removal,Parks and Recreation,2301 DRYDEN RD,10/1/2020 3:24,Service Completed,Resolved,2020-08-11 03:23:00,174364,101004204527,2020-08-11,3:23,2020-10-01,3:24
174363-101004204485,Tree Trim,Parks and Recreation,3802 DRAKE ST,10/25/2020 3:03,Service Completed,Resolved,2020-08-11 03:02:00,174363,101004204485,2020-08-11,3:02,2020-10-25,3:03
174362-101004204454,Tree Trim,Parks and Recreation,2110 STANFORD ST,10/25/2020 2:26,Service Completed,Resolved,2020-08-11 02:25:00,174362,101004204454,2020-08-11,2:25,2020-10-25,2:26
174360-101004204266,Tree Trim,Parks and Recreation,620 BAYLAND AVE,10/24/2020 16:49,Service Completed,Resolved,2020-08-10 16:48:00,174360,101004204266,2020-08-10,16:48,2020-10-24,16:49
174359-101004204265,Tree Trim,Parks and Recreation,615 BAYLAND AVE,10/24/2020 16:46,Service Completed,Resolved,2020-08-10 16:45:00,174359,101004204265,2020-08-10,16:45,2020-10-24,16:46
174358-101004204263,Tree Trim,Parks and Recreation,3115 HOUSTON AVE,10/24/2020 16:40,Service Completed,Resolved,2020-08-10 16:39:00,174358,101004204263,2020-08-10,16:39,2020-10-24,16:40
174357-101004204222,Tree Removal,Parks and Recreation,14700 CARADINE ST&6300 WHITTON DR,9/30/2020 14:44,Service Completed,Resolved,2020-08-10 14:43:00,174357,101004204222,2020-08-10,14:43,2020-09-30,14:44
174356-101004204092,Tree Trim,Parks and Recreation,2601 SADLER ST,10/24/2020 12:11,Service Completed,Resolved,2020-08-10 12:10:00,174356,101004204092,2020-08-10,12:10,2020-10-24,12:11
174355-101004203971,Tree Trim,Parks and Recreation,6710 DILLON ST,10/24/2020 10:54,Service Completed,Resolved,2020-08-10 10:53:00,174355,101004203971,2020-08-10,10:53,2020-10-24,10:54
174354-101004203941,Tree Removal,Parks and Recreation,5719 BLOSSOM ST,9/30/2020 10:37,Service Completed,Resolved,2020-08-10 10:36:00,174354,101004203941,2020-08-10,10:36,2020-09-30,10:37
174353-101004203822,Tree Removal,Parks and Recreation,3000 N DURHAM DR,9/30/2020 9:41,Service Completed,Resolved,2020-08-10 09:40:00,174353,101004203822,2020-08-10,9:40,2020-09-30,9:41
174351-101004203756,Tree Removal,Parks and Recreation,610 COLUMBIA ST,9/30/2020 9:06,Service Completed,Resolved,2020-08-10 09:05:00,174351,101004203756,2020-08-10,9:05,2020-09-30,9:06
174350-101004203738,Tree Removal,Parks and Recreation,10750 OFFER DR&0 WESTBRAE PKWY ,9/30/2020 9:01,Service Completed,Resolved,2020-08-10 09:00:00,174350,101004203738,2020-08-10,9:00,2020-09-30,9:01
174349-101004203715,Tree Trim,Parks and Recreation,13607 BROKEN BRIDGE DR,10/24/2020 8:49,Service Completed,Resolved,2020-08-10 08:48:00,174349,101004203715,2020-08-10,8:48,2020-10-24,8:49
174348-101004203702,Tree Removal,Parks and Recreation,7715 CHASECREEK DR,9/30/2020 8:42,Service Completed,Resolved,2020-08-10 08:41:00,174348,101004203702,2020-08-10,8:41,2020-09-30,8:42
174347-101004203676,Tree Removal,Parks and Recreation,3902 ZEPHYR ST,9/30/2020 8:30,Service Completed,Resolved,2020-08-10 08:29:00,174347,101004203676,2020-08-10,8:29,2020-09-30,8:30
101004203657,Tree Removal,Parks and Recreation,,9/30/2020 8:23,Service Completed,Resolved,2020-08-10 08:22:00, ,101004203657,2020-08-10,8:22,2020-09-30,8:23
174346-101004203548,Tree Trim,Parks and Recreation,1600 ENID ST&500 LOUISE ST,10/24/2020 7:39,Service Completed,Resolved,2020-08-10 07:38:00,174346,101004203548,2020-08-10,7:38,2020-10-24,7:39
174345-101004203492,Tree Trim,Parks and Recreation,9322 LEADER ST,10/24/2020 7:16,Service Completed,Resolved,2020-08-10 07:15:00,174345,101004203492,2020-08-10,7:15,2020-10-24,7:16
174344-101004203446,Tree Trim,Parks and Recreation,3515 HARDIE ST,10/24/2020 7:03,Service Completed,Resolved,2020-08-10 07:02:00,174344,101004203446,2020-08-10,7:02,2020-10-24,7:03
174343-101004203417,Tree Trim,Parks and Recreation,5702 PETTY ST,10/24/2020 6:52,Service Completed,Resolved,2020-08-10 06:51:00,174343,101004203417,2020-08-10,6:51,2020-10-24,6:52
174340-101004203324,Tree Removal,Parks and Recreation,2023 BOLSOVER ST,9/30/2020 6:21,Service Completed,Resolved,2020-08-10 06:20:00,174340,101004203324,2020-08-10,6:20,2020-09-30,6:21
174339-101004203303,Tree Trim,Parks and Recreation,1002 E CROSSTIMBERS ST,10/24/2020 6:11,Service Completed,Resolved,2020-08-10 06:10:00,174339,101004203303,2020-08-10,6:10,2020-10-24,6:11
174338-101004203301,Tree Trim,Parks and Recreation,918 E CROSSTIMBERS ST,10/24/2020 6:09,Service Completed,Resolved,2020-08-10 06:08:00,174338,101004203301,2020-08-10,6:08,2020-10-24,6:09
174337-101004203160,Tree Removal,Parks and Recreation,8200 KERR ST,9/30/2020 5:20,Service Completed,Resolved,2020-08-10 05:19:00,174337,101004203160,2020-08-10,5:19,2020-09-30,5:20
174336-101004203130,Tree Removal,Parks and Recreation,3408 D LA BRANCH ST,9/30/2020 5:02,Service Completed,Resolved,2020-08-10 05:01:00,174336,101004203130,2020-08-10,5:01,2020-09-30,5:02
101004203084,Tree Trim,Parks and Recreation,15934 FLEETWOOD OAKS DR,10/24/2020 4:45,Service Completed,Resolved,2020-08-10 04:44:00, ,101004203084,2020-08-10,4:44,2020-10-24,4:45
174333-101004203068,Tree Trim,Parks and Recreation,1301 ISABELLA ST,10/24/2020 4:41,Service Completed,Resolved,2020-08-10 04:40:00,174333,101004203068,2020-08-10,4:40,2020-10-24,4:41
174330-101004202992,Tree Removal,Parks and Recreation,10718 BRAEWICK DR,9/30/2020 4:04,Service Completed,Resolved,2020-08-10 04:03:00,174330,101004202992,2020-08-10,4:03,2020-09-30,4:04
174329-101004202940,Tree Trim,Parks and Recreation,13800 AMBROSE ST&3200 W OREM DR,10/24/2020 3:38,Service Completed,Resolved,2020-08-10 03:37:00,174329,101004202940,2020-08-10,3:37,2020-10-24,3:38
174328-101004202889,Tree Trim,Parks and Recreation,8410 CONSTELLATION LN,10/24/2020 3:07,Service Completed,Resolved,2020-08-10 03:06:00,174328,101004202889,2020-08-10,3:06,2020-10-24,3:07
174327-101004202855,Tree Trim,Parks and Recreation,819 JACKSON HILL ST,10/24/2020 2:37,Service Completed,Resolved,2020-08-10 02:36:00,174327,101004202855,2020-08-10,2:36,2020-10-24,2:37
174325-101004202851,Tree Trim,Parks and Recreation,1317 CHAMBOARD LN,10/24/2020 2:26,Service Completed,Resolved,2020-08-10 02:25:00,174325,101004202851,2020-08-10,2:25,2020-10-24,2:26
174324-101004202805,Tree Removal,Parks and Recreation,541 S 75TH ST,9/29/2020 23:44,Service Completed,Resolved,2020-08-09 23:43:00,174324,101004202805,2020-08-09,23:43,2020-09-29,23:44
174323-101004202735,Tree Removal,Parks and Recreation,14114 TALLOW POINT CT,9/29/2020 19:47,Service Completed,Resolved,2020-08-09 19:46:00,174323,101004202735,2020-08-09,19:46,2020-09-29,19:47
174319-101004202569,Tree Trim,Parks and Recreation,2012 WHITE OAK DR,10/23/2020 12:26,Service Completed,Resolved,2020-08-09 12:25:00,174319,101004202569,2020-08-09,12:25,2020-10-23,12:26
174318-101004202567,Tree Trim,Parks and Recreation,703 BAYLAND AVE,10/23/2020 12:20,Service Completed,Resolved,2020-08-09 12:19:00,174318,101004202567,2020-08-09,12:19,2020-10-23,12:20
174317-101004202565,Tree Trim,Parks and Recreation,813 BAYLAND AVE,10/23/2020 12:17,Service Completed,Resolved,2020-08-09 12:16:00,174317,101004202565,2020-08-09,12:16,2020-10-23,12:17
174316-101004202563,Tree Trim,Parks and Recreation,819 BAYLAND AVE,10/23/2020 12:14,Service Completed,Resolved,2020-08-09 12:13:00,174316,101004202563,2020-08-09,12:13,2020-10-23,12:14
174315-101004202562,Tree Trim,Parks and Recreation,825 BAYLAND AVE,10/23/2020 12:12,Service Completed,Resolved,2020-08-09 12:11:00,174315,101004202562,2020-08-09,12:11,2020-10-23,12:12
174314-101004202559,Tree Trim,Parks and Recreation,937 BAYLAND AVE,10/23/2020 12:05,Service Completed,Resolved,2020-08-09 12:04:00,174314,101004202559,2020-08-09,12:04,2020-10-23,12:05
174313-101004202557,Tree Trim,Parks and Recreation,939 BAYLAND AVE,10/23/2020 12:03,Service Completed,Resolved,2020-08-09 12:02:00,174313,101004202557,2020-08-09,12:02,2020-10-23,12:03
174312-101004202556,Tree Trim,Parks and Recreation,945 BAYLAND AVE,10/23/2020 11:59,Service Completed,Resolved,2020-08-09 11:58:00,174312,101004202556,2020-08-09,11:58,2020-10-23,11:59
174311-101004202554,Tree Trim,Parks and Recreation,947 BAYLAND AVE,10/23/2020 11:56,Service Completed,Resolved,2020-08-09 11:55:00,174311,101004202554,2020-08-09,11:55,2020-10-23,11:56
357064-101004202477,Tree Removal,Parks and Recreation,6107 PORTAL DR,9/29/2020 9:14,Service Completed,Resolved,2020-08-09 09:13:00,357064,101004202477,2020-08-09,9:13,2020-09-29,9:14
174307-101004202456,Tree Trim,Parks and Recreation,109 KEMPTON ST,10/23/2020 8:27,Service Completed,Resolved,2020-08-09 08:26:00,174307,101004202456,2020-08-09,8:26,2020-10-23,8:27
174306-101004202342,Tree Trim,Parks and Recreation,6222 IRON ROCK ST,10/23/2020 4:54,Service Completed,Resolved,2020-08-09 04:53:00,174306,101004202342,2020-08-09,4:53,2020-10-23,4:54
174305-101004202207,Tree Removal,Parks and Recreation,3902 BLALOCK RD,9/28/2020 15:40,Service Completed,Resolved,2020-08-08 15:39:00,174305,101004202207,2020-08-08,15:39,2020-09-28,15:40
174304-101004201930,Tree Trim,Parks and Recreation,3707 AMOS ST,10/22/2020 6:38,Service Completed,Resolved,2020-08-08 06:37:00,174304,101004201930,2020-08-08,6:37,2020-10-22,6:38
174303-101004201835,Tree Code Violation,Parks and Recreation,5730 TURTLE CREEK RD,9/29/2020 5:17,Service Completed,Resolved,2020-08-08 05:16:00,174303,101004201835,2020-08-08,5:16,2020-09-29,5:17
174302-101004201812,Tree Removal,Parks and Recreation,844 D W 25TH ST,9/28/2020 4:52,Service Completed,Resolved,2020-08-08 04:51:00,174302,101004201812,2020-08-08,4:51,2020-09-28,4:52
174301-101004201760,Tree Trim,Parks and Recreation,9210 CARRICK ST,10/22/2020 3:42,Service Completed,Resolved,2020-08-08 03:41:00,174301,101004201760,2020-08-08,3:41,2020-10-22,3:42
174300-101004201750,Tree Removal,Parks and Recreation,6730 SANTA FE DR,9/28/2020 3:20,Service Completed,Resolved,2020-08-08 03:19:00,174300,101004201750,2020-08-08,3:19,2020-09-28,3:20
174299-101004201620,Tree Trim,Parks and Recreation,1615 W 13TH ST,10/21/2020 17:45,Service Completed,Resolved,2020-08-07 17:44:00,174299,101004201620,2020-08-07,17:44,2020-10-21,17:45
174298-101004201424,Tree Trim,Parks and Recreation,625 BAYLAND AVE,10/21/2020 12:21,Service Completed,Resolved,2020-08-07 12:20:00,174298,101004201424,2020-08-07,12:20,2020-10-21,12:21
174296-101004201416,Tree Trim,Parks and Recreation,510 BAYLAND AVE,10/21/2020 12:16,Service Completed,Resolved,2020-08-07 12:15:00,174296,101004201416,2020-08-07,12:15,2020-10-21,12:16
174297-101004201415,Tree Trim,Parks and Recreation,9103 TANAGER ST,10/21/2020 12:16,Service Completed,Resolved,2020-08-07 12:15:00,174297,101004201415,2020-08-07,12:15,2020-10-21,12:16
174295-101004201404,Tree Trim,Parks and Recreation,510 BAYLAND AVE,10/21/2020 12:10,Service Completed,Resolved,2020-08-07 12:09:00,174295,101004201404,2020-08-07,12:09,2020-10-21,12:10
174294-101004201400,Tree Trim,Parks and Recreation,303 BAYLAND AVE,10/21/2020 12:07,Service Completed,Resolved,2020-08-07 12:06:00,174294,101004201400,2020-08-07,12:06,2020-10-21,12:07
174293-101004201394,Tree Trim,Parks and Recreation,309 BAYLAND AVE,10/21/2020 12:04,Service Completed,Resolved,2020-08-07 12:03:00,174293,101004201394,2020-08-07,12:03,2020-10-21,12:04
174292-101004201387,Tree Trim,Parks and Recreation,405 BAYLAND AVE,10/21/2020 12:02,Service Completed,Resolved,2020-08-07 12:01:00,174292,101004201387,2020-08-07,12:01,2020-10-21,12:02
174288-101004201386,Tree Trim,Parks and Recreation,411 BAYLAND AVE,10/21/2020 11:59,Service Completed,Resolved,2020-08-07 11:58:00,174288,101004201386,2020-08-07,11:58,2020-10-21,11:59
357060-101004201383,Tree Trim,Parks and Recreation,9602 SPRINGVIEW LN,10/21/2020 11:56,Service Completed,Resolved,2020-08-07 11:55:00,357060,101004201383,2020-08-07,11:55,2020-10-21,11:56
174287-101004201379,Tree Trim,Parks and Recreation,415 BAYLAND AVE,10/21/2020 11:52,Service Completed,Resolved,2020-08-07 11:51:00,174287,101004201379,2020-08-07,11:51,2020-10-21,11:52
174286-101004201369,Tree Trim,Parks and Recreation,423 BAYLAND AVE,10/21/2020 11:45,Service Completed,Resolved,2020-08-07 11:44:00,174286,101004201369,2020-08-07,11:44,2020-10-21,11:45
174285-101004201289,Tree Trim,Parks and Recreation,6000 MICHAUX ST&1000 NADINE ST,10/21/2020 11:01,Service Completed,Resolved,2020-08-07 11:00:00,174285,101004201289,2020-08-07,11:00,2020-10-21,11:01
174283-101004201243,Tree Trim,Parks and Recreation,1100 NADINE ST&6000 NORHILL BLVD,10/21/2020 10:36,Service Completed,Resolved,2020-08-07 10:35:00,174283,101004201243,2020-08-07,10:35,2020-10-21,10:36
174284-101004201242,Tree Removal,Parks and Recreation,301 E COWAN DR,9/27/2020 10:35,Service Completed,Resolved,2020-08-07 10:34:00,174284,101004201242,2020-08-07,10:34,2020-09-27,10:35
174281-101004201147,Tree Removal,Parks and Recreation,8106 BOB WHITE DR,9/27/2020 9:46,Service Completed,Resolved,2020-08-07 09:45:00,174281,101004201147,2020-08-07,9:45,2020-09-27,9:46
174278-101004201017,Tree Trim,Parks and Recreation,2247 NORTH BLVD,10/21/2020 8:32,Service Completed,Resolved,2020-08-07 08:31:00,174278,101004201017,2020-08-07,8:31,2020-10-21,8:32
174277-101004200886,Tree Trim,Parks and Recreation,5700 GREENBRIAR DR&2300 UNIVERSITY BLVD,10/21/2020 7:20,Service Completed,Resolved,2020-08-07 07:19:00,174277,101004200886,2020-08-07,7:19,2020-10-21,7:20
174276-101004200857,Tree Trim,Parks and Recreation,8523 GLENCREST ST,10/21/2020 7:06,Service Completed,Resolved,2020-08-07 07:05:00,174276,101004200857,2020-08-07,7:05,2020-10-21,7:06
174275-101004200804,Tree Trim,Parks and Recreation,10200 BAMBOO RD&5600 TRIWAY LN ,10/21/2020 6:35,Service Completed,Resolved,2020-08-07 06:34:00,174275,101004200804,2020-08-07,6:34,2020-10-21,6:35
174273-101004200723,Tree Trim,Parks and Recreation,11631 BOWHEAD DR,10/21/2020 5:53,Service Completed,Resolved,2020-08-07 05:52:00,174273,101004200723,2020-08-07,5:52,2020-10-21,5:53
174271-101004200685,Tree Code Violation,Parks and Recreation,608 WILLARD ST,9/28/2020 5:35,Service Completed,Resolved,2020-08-07 05:34:00,174271,101004200685,2020-08-07,5:34,2020-09-28,5:35
174270-101004200612,Tree Trim,Parks and Recreation,7825 HARRISBURG BLVD,10/21/2020 5:03,Service Completed,Resolved,2020-08-07 05:02:00,174270,101004200612,2020-08-07,5:02,2020-10-21,5:03
174269-101004200564,Tree Trim,Parks and Recreation,5800 KAISER ST&14000 PACKARD ST,10/21/2020 4:44,Service Completed,Resolved,2020-08-07 04:43:00,174269,101004200564,2020-08-07,4:43,2020-10-21,4:44
174268-101004200489,Tree Trim,Parks and Recreation,4533 SANFORD RD,10/21/2020 4:11,Service Completed,Resolved,2020-08-07 04:10:00,174268,101004200489,2020-08-07,4:10,2020-10-21,4:11
174267-101004200426,Tree Trim,Parks and Recreation,11400 BEAMER RD&11600 KIRKVALLEY DR ,10/21/2020 3:36,Service Completed,Resolved,2020-08-07 03:35:00,174267,101004200426,2020-08-07,3:35,2020-10-21,3:36
174266-101004200421,Tree Trim,Parks and Recreation,900 RICHVALE LN&15950 THUNDERBAY DR,10/21/2020 3:32,Service Completed,Resolved,2020-08-07 03:31:00,174266,101004200421,2020-08-07,3:31,2020-10-21,3:32
174265-101004200371,Tree Trim,Parks and Recreation,8900 CHIMNEY ROCK RD&5300 IMOGENE ST,10/21/2020 3:05,Service Completed,Resolved,2020-08-07 03:04:00,174265,101004200371,2020-08-07,3:04,2020-10-21,3:05
174260-101004200070,Tree Removal,Parks and Recreation,7338 ARNIM ST,9/26/2020 12:44,Service Completed,Resolved,2020-08-06 12:43:00,174260,101004200070,2020-08-06,12:43,2020-09-26,12:44
174259-101004199936,Tree Trim,Parks and Recreation,4104 KOLB ST,10/20/2020 11:14,Service Completed,Resolved,2020-08-06 11:13:00,174259,101004199936,2020-08-06,11:13,2020-10-20,11:14
174257-101004199913,Tree Trim,Parks and Recreation,8331 FUQUA GARDENS DR,10/20/2020 11:04,Service Completed,Resolved,2020-08-06 11:03:00,174257,101004199913,2020-08-06,11:03,2020-10-20,11:04
174256-101004199908,Tree Trim,Parks and Recreation,216 GREENWOOD ST,10/20/2020 11:03,Service Completed,Resolved,2020-08-06 11:02:00,174256,101004199908,2020-08-06,11:02,2020-10-20,11:03
174255-101004199871,Tree Removal,Parks and Recreation,1118 CALIFORNIA ST,9/26/2020 10:47,Service Completed,Resolved,2020-08-06 10:46:00,174255,101004199871,2020-08-06,10:46,2020-09-26,10:47
174254-101004199859,Tree Removal,Parks and Recreation,7807 SANDS POINT DR,9/26/2020 10:41,Service Completed,Resolved,2020-08-06 10:40:00,174254,101004199859,2020-08-06,10:40,2020-09-26,10:41
174253-101004199795,Tree Trim,Parks and Recreation,3603 PEPPERMILL RD,10/20/2020 10:19,Service Completed,Resolved,2020-08-06 10:18:00,174253,101004199795,2020-08-06,10:18,2020-10-20,10:19
174252-101004199772,Tree Trim,Parks and Recreation,5731 ARIEL ST,10/20/2020 10:07,Service Completed,Resolved,2020-08-06 10:06:00,174252,101004199772,2020-08-06,10:06,2020-10-20,10:07
174249-101004199688,Tree Removal,Parks and Recreation,6146 ANDWOOD ST,9/26/2020 9:35,Service Completed,Resolved,2020-08-06 09:34:00,174249,101004199688,2020-08-06,9:34,2020-09-26,9:35
174248-101004199682,Tree Trim,Parks and Recreation,5915 SOUTHURST ST,10/20/2020 9:33,Service Completed,Resolved,2020-08-06 09:32:00,174248,101004199682,2020-08-06,9:32,2020-10-20,9:33
174247-101004199650,Tree Removal,Parks and Recreation,11219 PECAN CREEK DR,9/26/2020 9:18,Service Completed,Resolved,2020-08-06 09:17:00,174247,101004199650,2020-08-06,9:17,2020-09-26,9:18
174246-101004199586,Tree Removal,Parks and Recreation,4126 EBBTIDE DR,9/26/2020 8:51,Service Completed,Resolved,2020-08-06 08:50:00,174246,101004199586,2020-08-06,8:50,2020-09-26,8:51
174243-101004199541,Tree Trim,Parks and Recreation,3307 ROCKYRIDGE DR,10/20/2020 8:27,Service Completed,Resolved,2020-08-06 08:26:00,174243,101004199541,2020-08-06,8:26,2020-10-20,8:27
174230-101004199470,Tree Trim,Parks and Recreation,13203 GRANTMOOR LN,10/20/2020 7:57,Service Completed,Resolved,2020-08-06 07:56:00,174230,101004199470,2020-08-06,7:56,2020-10-20,7:57
174226-101004199385,Tree Trim,Parks and Recreation,7355 THUROW ST,10/20/2020 7:22,Service Completed,Resolved,2020-08-06 07:21:00,174226,101004199385,2020-08-06,7:21,2020-10-20,7:22
174227-101004199383,Tree Removal,Parks and Recreation,11450 ALMEDA RD,9/26/2020 7:21,Service Completed,Resolved,2020-08-06 07:20:00,174227,101004199383,2020-08-06,7:20,2020-09-26,7:21
174225-101004199327,Tree Removal,Parks and Recreation,11603 CEDAR CREEK DR,9/26/2020 7:01,Service Completed,Resolved,2020-08-06 07:00:00,174225,101004199327,2020-08-06,7:00,2020-09-26,7:01
174220-101004199128,Tree Trim,Parks and Recreation,10000 LONG POINT RD&1400 WITTE RD ,10/20/2020 5:36,Service Completed,Resolved,2020-08-06 05:35:00,174220,101004199128,2020-08-06,5:35,2020-10-20,5:36
174218-101004199053,Tree Trim,Parks and Recreation,5803 S BRAESWOOD BLVD,10/20/2020 5:07,Service Completed,Resolved,2020-08-06 05:06:00,174218,101004199053,2020-08-06,5:06,2020-10-20,5:07
174219-101004199051,Tree Trim,Parks and Recreation,950 CAVALCADE ST&4800 CETTI ST,10/20/2020 5:06,Service Completed,Resolved,2020-08-06 05:05:00,174219,101004199051,2020-08-06,5:05,2020-10-20,5:06
174217-101004198960,Tree Removal,Parks and Recreation,13010 APPLE GLEN LN,9/26/2020 4:30,Service Completed,Resolved,2020-08-06 04:29:00,174217,101004198960,2020-08-06,4:29,2020-09-26,4:30
174216-101004198906,Tree Trim,Parks and Recreation,1202 DANUBE ST,10/20/2020 4:10,Service Completed,Resolved,2020-08-06 04:09:00,174216,101004198906,2020-08-06,4:09,2020-10-20,4:10
174215-101004198494,Tree Trim,Parks and Recreation,106 ALTIC ST,10/19/2020 12:30,Service Completed,Resolved,2020-08-05 12:29:00,174215,101004198494,2020-08-05,12:29,2020-10-19,12:30
174214-101004198364,Tree Trim,Parks and Recreation,2617 EASTEX FWY,10/19/2020 11:10,Service Completed,Resolved,2020-08-05 11:09:00,174214,101004198364,2020-08-05,11:09,2020-10-19,11:10
174213-101004198348,Tree Trim,Parks and Recreation,6702 WILDWOOD WAY,10/19/2020 11:03,Service Completed,Resolved,2020-08-05 11:02:00,174213,101004198348,2020-08-05,11:02,2020-10-19,11:03
174210-101004198166,Tree Trim,Parks and Recreation,8200 PARK PLACE BLVD,10/19/2020 9:41,Service Completed,Resolved,2020-08-05 09:40:00,174210,101004198166,2020-08-05,9:40,2020-10-19,9:41
174208-101004198119,Tree Trim,Parks and Recreation,910 ASHFORD PKWY&12550 HONEYWOOD TRL,10/19/2020 9:14,Service Completed,Resolved,2020-08-05 09:13:00,174208,101004198119,2020-08-05,9:13,2020-10-19,9:14
101004198091,Tree Trim,Parks and Recreation,8214 LANHAM LN,10/19/2020 8:57,Service Completed,Resolved,2020-08-05 08:56:00, ,101004198091,2020-08-05,8:56,2020-10-19,8:57
174205-101004198065,Tree Trim,Parks and Recreation,7114 NAVIGATION BLVD,10/19/2020 8:38,Service Completed,Resolved,2020-08-05 08:37:00,174205,101004198065,2020-08-05,8:37,2020-10-19,8:38
174203-101004197968,Tree Trim,Parks and Recreation,16134 LA AVENIDA DR,10/19/2020 7:39,Service Completed,Resolved,2020-08-05 07:38:00,174203,101004197968,2020-08-05,7:38,2020-10-19,7:39
174202-101004197920,Tree Trim,Parks and Recreation,6602 TEXARKANA ST,10/19/2020 7:15,Service Completed,Resolved,2020-08-05 07:14:00,174202,101004197920,2020-08-05,7:14,2020-10-19,7:15
174201-101004197845,Tree Trim,Parks and Recreation,8900 CHIMNEY ROCK RD&5300 IMOGENE ST,10/19/2020 6:40,Service Completed,Resolved,2020-08-05 06:39:00,174201,101004197845,2020-08-05,6:39,2020-10-19,6:40
174200-101004197766,Tree Removal,Parks and Recreation,5821 WOODVIEW DR,9/25/2020 6:05,Service Completed,Resolved,2020-08-05 06:04:00,174200,101004197766,2020-08-05,6:04,2020-09-25,6:05
174199-101004197758,Tree Trim,Parks and Recreation,12219 CAPE HYANNIS DR,10/19/2020 5:58,Service Completed,Resolved,2020-08-05 05:57:00,174199,101004197758,2020-08-05,5:57,2020-10-19,5:58
174198-101004197738,Tree Trim,Parks and Recreation,6810 AVENUE C,10/19/2020 5:46,Service Completed,Resolved,2020-08-05 05:45:00,174198,101004197738,2020-08-05,5:45,2020-10-19,5:46
174195-101004197700,Tree Trim,Parks and Recreation,611 KILROY ST,10/19/2020 5:27,Service Completed,Resolved,2020-08-05 05:26:00,174195,101004197700,2020-08-05,5:26,2020-10-19,5:27
174194-101004197665,Tree Trim,Parks and Recreation,4411 EBBTIDE DR,10/19/2020 5:07,Service Completed,Resolved,2020-08-05 05:06:00,174194,101004197665,2020-08-05,5:06,2020-10-19,5:07
174192-101004197613,Tree Removal,Parks and Recreation,6402 BAZEL BROOK DR,9/25/2020 4:48,Service Completed,Resolved,2020-08-05 04:47:00,174192,101004197613,2020-08-05,4:47,2020-09-25,4:48
174191-101004197598,Tree Trim,Parks and Recreation,7550 CHASEWOOD DR&15000 HILLCROFT AVE,10/19/2020 4:44,Service Completed,Resolved,2020-08-05 04:43:00,174191,101004197598,2020-08-05,4:43,2020-10-19,4:44
174189-101004197522,Tree Removal,Parks and Recreation,12200 EDWINA BLVD&3000 MOWERY RD,9/25/2020 4:11,Service Completed,Resolved,2020-08-05 04:10:00,174189,101004197522,2020-08-05,4:10,2020-09-25,4:11
174188-101004197506,Tree Trim,Parks and Recreation,428 CHEATHAM RD,10/19/2020 4:02,Service Completed,Resolved,2020-08-05 04:01:00,174188,101004197506,2020-08-05,4:01,2020-10-19,4:02
174187-101004197343,Tree Trim,Parks and Recreation,0 EAST FWY&700 KRESS ST,10/19/2020 2:43,Service Completed,Resolved,2020-08-05 02:42:00,174187,101004197343,2020-08-05,2:42,2020-10-19,2:43
174186-101004197291,Tree Trim,Parks and Recreation,1100 ARBOR PL&4814 FANNIN ST ,10/19/2020 1:07,Service Completed,Resolved,2020-08-05 01:06:00,174186,101004197291,2020-08-05,1:06,2020-10-19,1:07
356995-101004197169,Tree Trim,Parks and Recreation,1500 OAK STREAM DR&11232 TIMBERLINE RD,10/18/2020 17:51,Service Completed,Resolved,2020-08-04 17:50:00,356995,101004197169,2020-08-04,17:50,2020-10-18,17:51
174182-101004197068,Tree Trim,Parks and Recreation,3915 ALICE ST,10/18/2020 14:29,Service Completed,Resolved,2020-08-04 14:28:00,174182,101004197068,2020-08-04,14:28,2020-10-18,14:29
174181-101004197029,Tree Removal,Parks and Recreation,8121 ATTWATER ST,9/24/2020 13:40,Service Completed,Resolved,2020-08-04 13:39:00,174181,101004197029,2020-08-04,13:39,2020-09-24,13:40
101004196857,Tree Trim,Parks and Recreation,13800 CROQUET LN&5800 W OREM DR,10/18/2020 11:35,Service Completed,Resolved,2020-08-04 11:34:00, ,101004196857,2020-08-04,11:34,2020-10-18,11:35
101004196764,Tree Code Violation,Parks and Recreation,2918 CORDON ST,9/25/2020 11:00,Service Completed,Resolved,2020-08-04 10:59:00, ,101004196764,2020-08-04,10:59,2020-09-25,11:00
174177-101004196636,Tree Trim,Parks and Recreation,400 MERCURY DR,10/18/2020 10:10,Service Completed,Resolved,2020-08-04 10:09:00,174177,101004196636,2020-08-04,10:09,2020-10-18,10:10
174176-101004196542,Tree Trim,Parks and Recreation,1511 NORTH FWY,10/18/2020 9:37,Service Completed,Resolved,2020-08-04 09:36:00,174176,101004196542,2020-08-04,9:36,2020-10-18,9:37
174175-101004196456,Tree Removal,Parks and Recreation,7000 BROMPTON ST&2820 GRAMERCY ST,9/24/2020 9:06,Service Completed,Resolved,2020-08-04 09:05:00,174175,101004196456,2020-08-04,9:05,2020-09-24,9:06
174173-101004196398,Tree Trim,Parks and Recreation,2300 S PINEY POINT RD,10/18/2020 8:37,Service Completed,Resolved,2020-08-04 08:36:00,174173,101004196398,2020-08-04,8:36,2020-10-18,8:37
174174-101004196396,Tree Trim,Parks and Recreation,2827 SHADY PARK DR,10/18/2020 8:37,Service Completed,Resolved,2020-08-04 08:36:00,174174,101004196396,2020-08-04,8:36,2020-10-18,8:37
174172-101004196287,Tree Trim,Parks and Recreation,930 WESTFORD ST,10/18/2020 7:37,Service Completed,Resolved,2020-08-04 07:36:00,174172,101004196287,2020-08-04,7:36,2020-10-18,7:37
174170-101004196279,Tree Trim,Parks and Recreation,5300 COCHRAN ST&1200 ENGLISH ST,10/18/2020 7:34,Service Completed,Resolved,2020-08-04 07:33:00,174170,101004196279,2020-08-04,7:33,2020-10-18,7:34
174169-101004196267,Tree Removal,Parks and Recreation,4014 ROSELAND ST,9/24/2020 7:29,Service Completed,Resolved,2020-08-04 07:28:00,174169,101004196267,2020-08-04,7:28,2020-09-24,7:29
174168-101004196247,Tree Trim,Parks and Recreation,1335 SEASPRAY CT,10/18/2020 7:21,Service Completed,Resolved,2020-08-04 07:20:00,174168,101004196247,2020-08-04,7:20,2020-10-18,7:21
174167-101004196071,Tree Trim,Parks and Recreation,607 KILROY ST,10/18/2020 6:22,Service Completed,Resolved,2020-08-04 06:21:00,174167,101004196071,2020-08-04,6:21,2020-10-18,6:22
174166-101004196019,Tree Trim,Parks and Recreation,6750 S HAYWOOD DR,10/18/2020 6:04,Service Completed,Resolved,2020-08-04 06:03:00,174166,101004196019,2020-08-04,6:03,2020-10-18,6:04
174164-101004195936,Tree Trim,Parks and Recreation,900 HUTCHINS ST&2200 WALKER ST,10/18/2020 5:33,Service Completed,Resolved,2020-08-04 05:32:00,174164,101004195936,2020-08-04,5:32,2020-10-18,5:33
174163-101004195852,Tree Trim,Parks and Recreation,11900 BRIAR FOREST DR&1900 MOSSY STONE DR ,10/18/2020 5:04,Service Completed,Resolved,2020-08-04 05:03:00,174163,101004195852,2020-08-04,5:03,2020-10-18,5:04
174162-101004195786,Tree Trim,Parks and Recreation,5515 EFFINGHAM DR,10/18/2020 4:41,Service Completed,Resolved,2020-08-04 04:40:00,174162,101004195786,2020-08-04,4:40,2020-10-18,4:41
174161-101004195763,Tree Trim,Parks and Recreation,1100 HAMBLEN ST&5200 ROBERTSON ST,10/18/2020 4:30,Service Completed,Resolved,2020-08-04 04:29:00,174161,101004195763,2020-08-04,4:29,2020-10-18,4:30
174160-101004195693,Tree Removal,Parks and Recreation,2307 TIERWESTER ST,9/24/2020 3:59,Service Completed,Resolved,2020-08-04 03:58:00,174160,101004195693,2020-08-04,3:58,2020-09-24,3:59
174159-101004195667,Tree Trim,Parks and Recreation,990 N KIRKWOOD RD,10/18/2020 3:44,Service Completed,Resolved,2020-08-04 03:43:00,174159,101004195667,2020-08-04,3:43,2020-10-18,3:44
174158-101004195653,Tree Trim,Parks and Recreation,4500 FEDERAL PLAZA DR&6400 PINEMONT DR,10/18/2020 3:37,Service Completed,Resolved,2020-08-04 03:36:00,174158,101004195653,2020-08-04,3:36,2020-10-18,3:37
101004195386,Tree Trim,Parks and Recreation,7643 ATHLONE DR,10/17/2020 17:58,Service Completed,Resolved,2020-08-03 17:57:00, ,101004195386,2020-08-03,17:57,2020-10-17,17:58
174152-101004195338,Tree Stump Grinding,Parks and Recreation,4406 GRASS VALLEY ST,11/27/2020 14:28,Service Completed,Resolved,2020-08-03 15:27:00,174152,101004195338,2020-08-03,15:27,2020-11-27,14:28
174151-101004195316,Tree Removal,Parks and Recreation,3900 LYONS AVE&1600 WORMS ST,9/23/2020 15:00,Service Completed,Resolved,2020-08-03 14:59:00,174151,101004195316,2020-08-03,14:59,2020-09-23,15:00
174150-101004195165,Tree Removal,Parks and Recreation,2600 WOODHEAD ST,9/23/2020 12:26,Service Completed,Resolved,2020-08-03 12:25:00,174150,101004195165,2020-08-03,12:25,2020-09-23,12:26
174149-101004195070,Tree Removal,Parks and Recreation,11607 MANOR PARK DR,9/23/2020 11:22,Service Completed,Resolved,2020-08-03 11:21:00,174149,101004195070,2020-08-03,11:21,2020-09-23,11:22
174148-101004195053,Tree Trim,Parks and Recreation,13800 CROQUET LN&5800 W OREM DR,10/17/2020 11:14,Service Completed,Resolved,2020-08-03 11:13:00,174148,101004195053,2020-08-03,11:13,2020-10-17,11:14
174147-101004195028,Tree Removal,Parks and Recreation,2317 MARGARET ST,9/23/2020 11:03,Service Completed,Resolved,2020-08-03 11:02:00,174147,101004195028,2020-08-03,11:02,2020-09-23,11:03
174145-101004194984,Tree Trim,Parks and Recreation,11502 KIRKVALLEY DR,10/17/2020 10:45,Service Completed,Resolved,2020-08-03 10:44:00,174145,101004194984,2020-08-03,10:44,2020-10-17,10:45
174142-101004194815,Tree Removal,Parks and Recreation,10645 HAMMERLY BLVD,9/23/2020 9:44,Service Completed,Resolved,2020-08-03 09:43:00,174142,101004194815,2020-08-03,9:43,2020-09-23,9:44
174140-101004194748,Tree Trim,Parks and Recreation,9920 PORTO RICO RD,10/17/2020 9:20,Service Completed,Resolved,2020-08-03 09:19:00,174140,101004194748,2020-08-03,9:19,2020-10-17,9:20
174139-101004194732,Tree Removal,Parks and Recreation,9920 PORTO RICO RD,9/23/2020 9:12,Service Completed,Resolved,2020-08-03 09:11:00,174139,101004194732,2020-08-03,9:11,2020-09-23,9:12
174138-101004194719,Tree Trim,Parks and Recreation,5910 SCOTT ST,10/17/2020 9:03,Service Completed,Resolved,2020-08-03 09:02:00,174138,101004194719,2020-08-03,9:02,2020-10-17,9:03
174133-101004194410,Tree Trim,Parks and Recreation,2207 BANCROFT ST,10/17/2020 6:41,Service Completed,Resolved,2020-08-03 06:40:00,174133,101004194410,2020-08-03,6:40,2020-10-17,6:41
174132-101004194381,Tree Trim,Parks and Recreation,4903 CANDLEGLOW DR,10/17/2020 6:30,Service Completed,Resolved,2020-08-03 06:29:00,174132,101004194381,2020-08-03,6:29,2020-10-17,6:30
174131-101004194344,Tree Trim,Parks and Recreation,4222 F STREET,10/17/2020 6:21,Service Completed,Resolved,2020-08-03 06:20:00,174131,101004194344,2020-08-03,6:20,2020-10-17,6:21
174130-101004194253,Tree Removal,Parks and Recreation,7818 SARITA ST,9/23/2020 5:45,Service Completed,Resolved,2020-08-03 05:44:00,174130,101004194253,2020-08-03,5:44,2020-09-23,5:45
174129-101004194138,Tree Removal,Parks and Recreation,11315 ELMCROFT DR,9/23/2020 5:00,Service Completed,Resolved,2020-08-03 04:59:00,174129,101004194138,2020-08-03,4:59,2020-09-23,5:00
174128-101004194105,Tree Removal,Parks and Recreation,6206 OAKHAM ST,9/23/2020 4:51,Service Completed,Resolved,2020-08-03 04:50:00,174128,101004194105,2020-08-03,4:50,2020-09-23,4:51
174127-101004194056,Tree Trim,Parks and Recreation,3135 CHRISTIE ST,10/17/2020 4:40,Service Completed,Resolved,2020-08-03 04:39:00,174127,101004194056,2020-08-03,4:39,2020-10-17,4:40
174126-101004194044,Tree Trim,Parks and Recreation,6650 TIERWESTER ST,10/17/2020 4:31,Service Completed,Resolved,2020-08-03 04:30:00,174126,101004194044,2020-08-03,4:30,2020-10-17,4:31
174125-101004193991,Tree Trim,Parks and Recreation,32 A LANA LN,10/17/2020 4:11,Service Completed,Resolved,2020-08-03 04:10:00,174125,101004193991,2020-08-03,4:10,2020-10-17,4:11
101004193843,Tree Trim,Parks and Recreation,222 W CROSSTIMBERS ST,10/17/2020 2:41,Service Completed,Resolved,2020-08-03 02:40:00, ,101004193843,2020-08-03,2:40,2020-10-17,2:41
101004193640,Tree Trim,Parks and Recreation,2600 JACKSON ST&1700 MCGOWEN ST,10/16/2020 11:51,Service Completed,Resolved,2020-08-02 11:50:00, ,101004193640,2020-08-02,11:50,2020-10-16,11:51
174119-101004193616,Tree Removal,Parks and Recreation,7302 THUROW ST,9/22/2020 11:17,Service Completed,Resolved,2020-08-02 11:16:00,174119,101004193616,2020-08-02,11:16,2020-09-22,11:17
174118-101004193601,Tree Removal,Parks and Recreation,7350 THUROW ST,9/22/2020 11:00,Service Completed,Resolved,2020-08-02 10:59:00,174118,101004193601,2020-08-02,10:59,2020-09-22,11:00
174117-101004193231,Tree Removal,Parks and Recreation,12642 COHO LN,9/21/2020 13:56,Service Completed,Resolved,2020-08-01 13:55:00,174117,101004193231,2020-08-01,13:55,2020-09-21,13:56
174116-101004193124,Tree Removal,Parks and Recreation,6100 COLFAX ST&300 HAHLO ST,9/21/2020 9:43,Service Completed,Resolved,2020-08-01 09:42:00,174116,101004193124,2020-08-01,9:42,2020-09-21,9:43
174115-101004193118,Tree Trim,Parks and Recreation,5900 BANKSIDE DR&10800 HILLCROFT AVE,10/15/2020 9:31,Service Completed,Resolved,2020-08-01 09:30:00,174115,101004193118,2020-08-01,9:30,2020-10-15,9:31
174114-101004193096,Tree Trim,Parks and Recreation,8934 COMPTON ST,10/15/2020 9:18,Service Completed,Resolved,2020-08-01 09:17:00,174114,101004193096,2020-08-01,9:17,2020-10-15,9:18
174113-101004192997,Tree Trim,Parks and Recreation,11115 SAGEWIND DR,10/15/2020 7:21,Service Completed,Resolved,2020-08-01 07:20:00,174113,101004192997,2020-08-01,7:20,2020-10-15,7:21
174112-101004192927,Tree Trim,Parks and Recreation,6600 CLEMSON ST&4132 LANG RD,10/15/2020 5:36,Service Completed,Resolved,2020-08-01 05:35:00,174112,101004192927,2020-08-01,5:35,2020-10-15,5:36
174111-101004192886,Tree Removal,Parks and Recreation,6210 WISHING WELL LN,9/21/2020 4:30,Service Completed,Resolved,2020-08-01 04:29:00,174111,101004192886,2020-08-01,4:29,2020-09-21,4:30
174110-101004192874,Tree Code Violation,Parks and Recreation,6022 LYMBAR DR,9/22/2020 4:12,Service Completed,Resolved,2020-08-01 04:11:00,174110,101004192874,2020-08-01,4:11,2020-09-22,4:12
174109-101004192862,Tree Trim,Parks and Recreation,1809 MASON ST,10/15/2020 3:49,Service Completed,Resolved,2020-08-01 03:48:00,174109,101004192862,2020-08-01,3:48,2020-10-15,3:49
174108-101004192856,Tree Removal,Parks and Recreation,247 HAHLO ST,9/21/2020 3:37,Service Completed,Resolved,2020-08-01 03:36:00,174108,101004192856,2020-08-01,3:36,2020-09-21,3:37
101004192751,Tree Trim,Parks and Recreation,5433 TUPPER LAKE DR,10/14/2020 19:35,Service Completed,Resolved,2020-07-31 19:34:00, ,101004192751,2020-07-31,19:34,2020-10-14,19:35
174106-101004192505,Tree Removal,Parks and Recreation,3215 KINGS MOUNTAIN DR,9/20/2020 12:25,Service Completed,Resolved,2020-07-31 12:24:00,174106,101004192505,2020-07-31,12:24,2020-09-20,12:25
174105-101004192504,Tree Trim,Parks and Recreation,6207 QUIET VILLAGE CT,10/14/2020 12:24,Service Completed,Resolved,2020-07-31 12:23:00,174105,101004192504,2020-07-31,12:23,2020-10-14,12:24
174104-101004192465,Tree Trim,Parks and Recreation,8127 BEECH COVE LN,10/14/2020 11:58,Service Completed,Resolved,2020-07-31 11:57:00,174104,101004192465,2020-07-31,11:57,2020-10-14,11:58
174103-101004192447,Tree Removal,Parks and Recreation,803 KNIGHT ST,9/20/2020 11:45,Service Completed,Resolved,2020-07-31 11:44:00,174103,101004192447,2020-07-31,11:44,2020-09-20,11:45
174102-101004192427,Tree Removal,Parks and Recreation,3818 ALBERTA ST,9/20/2020 11:35,Service Completed,Resolved,2020-07-31 11:34:00,174102,101004192427,2020-07-31,11:34,2020-09-20,11:35
174101-101004191976,Tree Trim,Parks and Recreation,11931 N HANWORTH DR,10/14/2020 7:56,Service Completed,Resolved,2020-07-31 07:55:00,174101,101004191976,2020-07-31,7:55,2020-10-14,7:56
174100-101004191969,Tree Removal,Parks and Recreation,11931 N HANWORTH DR,9/20/2020 7:54,Service Completed,Resolved,2020-07-31 07:53:00,174100,101004191969,2020-07-31,7:53,2020-09-20,7:54
174099-101004191827,Tree Trim,Parks and Recreation,9155 WINGTIP DR,10/14/2020 6:40,Service Completed,Resolved,2020-07-31 06:39:00,174099,101004191827,2020-07-31,6:39,2020-10-14,6:40
174098-101004191753,Tree Removal,Parks and Recreation,3602 TRAILWOOD DR,9/20/2020 6:06,Service Completed,Resolved,2020-07-31 06:05:00,174098,101004191753,2020-07-31,6:05,2020-09-20,6:06
174096-101004191710,Tree Trim,Parks and Recreation,2247 NORTH BLVD,10/14/2020 5:46,Service Completed,Resolved,2020-07-31 05:45:00,174096,101004191710,2020-07-31,5:45,2020-10-14,5:46
174095-101004191513,Tree Trim,Parks and Recreation,1858 LEXINGTON ST,10/14/2020 4:11,Service Completed,Resolved,2020-07-31 04:10:00,174095,101004191513,2020-07-31,4:10,2020-10-14,4:11
174094-101004191505,Tree Trim,Parks and Recreation,1858 LEXINGTON ST,10/14/2020 4:07,Service Completed,Resolved,2020-07-31 04:06:00,174094,101004191505,2020-07-31,4:06,2020-10-14,4:07
174092-101004191410,Tree Trim,Parks and Recreation,8434 BLOSSOM BELL LN,10/14/2020 2:47,Service Completed,Resolved,2020-07-31 02:46:00,174092,101004191410,2020-07-31,2:46,2020-10-14,2:47
174090-101004191383,Tree Trim,Parks and Recreation,5801 WOODWAY DR,10/14/2020 2:13,Service Completed,Resolved,2020-07-31 02:12:00,174090,101004191383,2020-07-31,2:12,2020-10-14,2:13
174088-101004191365,Tree Removal,Parks and Recreation,8354 BARKLEY ST,9/20/2020 0:54,Service Completed,Resolved,2020-07-31 00:53:00,174088,101004191365,2020-07-31,0:53,2020-09-20,0:54
174087-101004191321,Tree Removal,Parks and Recreation,541 S 75TH ST,9/19/2020 19:37,Service Completed,Resolved,2020-07-30 19:36:00,174087,101004191321,2020-07-30,19:36,2020-09-19,19:37
174086-101004191264,Tree Removal,Parks and Recreation,4737 WILLOWBEND BLVD,9/19/2020 17:05,Service Completed,Resolved,2020-07-30 17:04:00,174086,101004191264,2020-07-30,17:04,2020-09-19,17:05
174085-101004191260,Tree Removal,Parks and Recreation,4802 BRIARBEND DR,9/19/2020 16:54,Service Completed,Resolved,2020-07-30 16:53:00,174085,101004191260,2020-07-30,16:53,2020-09-19,16:54
174084-101004191237,Tree Stump Grinding,Parks and Recreation,1418 MURRAYHILL DR,11/23/2020 14:52,Service Completed,Resolved,2020-07-30 15:51:00,174084,101004191237,2020-07-30,15:51,2020-11-23,14:52
101004191120,Tree Removal,Parks and Recreation,2027 BOLSOVER ST,9/19/2020 13:25,Service Completed,Resolved,2020-07-30 13:24:00, ,101004191120,2020-07-30,13:24,2020-09-19,13:25
174083-101004191045,Tree Trim,Parks and Recreation,3919 CLOVERBROOK DR,10/13/2020 12:11,Service Completed,Resolved,2020-07-30 12:10:00,174083,101004191045,2020-07-30,12:10,2020-10-13,12:11
174082-101004190912,Tree Removal,Parks and Recreation,4900 BELLFORT ST&8500 COFFEE ST,9/19/2020 10:48,Service Completed,Resolved,2020-07-30 10:47:00,174082,101004190912,2020-07-30,10:47,2020-09-19,10:48
174081-101004190873,Tree Trim,Parks and Recreation,7800 DANDY ST&5620 WEAVER RD,10/13/2020 10:35,Service Completed,Resolved,2020-07-30 10:34:00,174081,101004190873,2020-07-30,10:34,2020-10-13,10:35
101004190871,Tree Trim,Parks and Recreation,7822 DANDY ST,10/13/2020 10:33,Service Completed,Resolved,2020-07-30 10:32:00, ,101004190871,2020-07-30,10:32,2020-10-13,10:33
174080-101004190814,Tree Removal,Parks and Recreation,14000 CLAY RD&4400 N ELDRIDGE PKWY,9/19/2020 10:07,Service Completed,Resolved,2020-07-30 10:06:00,174080,101004190814,2020-07-30,10:06,2020-09-19,10:07
174079-101004190796,Tree Trim,Parks and Recreation,3150 ELMSIDE DR,10/13/2020 10:00,Service Completed,Resolved,2020-07-30 09:59:00,174079,101004190796,2020-07-30,9:59,2020-10-13,10:00
174078-101004190639,Tree Removal,Parks and Recreation,1411 WINROCK BLVD,9/19/2020 8:41,Service Completed,Resolved,2020-07-30 08:40:00,174078,101004190639,2020-07-30,8:40,2020-09-19,8:41
174077-101004190636,Tree Removal,Parks and Recreation,4204 BLOSSOM ST,9/19/2020 8:40,Service Completed,Resolved,2020-07-30 08:39:00,174077,101004190636,2020-07-30,8:39,2020-09-19,8:40
174076-101004190608,Tree Trim,Parks and Recreation,7917 NASHVILLE ST,10/13/2020 8:24,Service Completed,Resolved,2020-07-30 08:23:00,174076,101004190608,2020-07-30,8:23,2020-10-13,8:24
174075-101004190596,Tree Removal,Parks and Recreation,5738 CLARIDGE DR,9/19/2020 8:19,Service Completed,Resolved,2020-07-30 08:18:00,174075,101004190596,2020-07-30,8:18,2020-09-19,8:19
174073-101004190526,Tree Trim,Parks and Recreation,17022 ARTWOOD LN,10/13/2020 7:35,Service Completed,Resolved,2020-07-30 07:34:00,174073,101004190526,2020-07-30,7:34,2020-10-13,7:35
174072-101004190507,Tree Trim,Parks and Recreation,7706 ERATH ST,10/13/2020 7:27,Service Completed,Resolved,2020-07-30 07:26:00,174072,101004190507,2020-07-30,7:26,2020-10-13,7:27
174071-101004190415,Tree Trim,Parks and Recreation,449 W 22ND ST,10/13/2020 6:42,Service Completed,Resolved,2020-07-30 06:41:00,174071,101004190415,2020-07-30,6:41,2020-10-13,6:42
174069-101004190248,Tree Trim,Parks and Recreation,7200 BELLFORT ST&7100 WESTOVER ST,10/13/2020 5:13,Service Completed,Resolved,2020-07-30 05:12:00,174069,101004190248,2020-07-30,5:12,2020-10-13,5:13
174068-101004190236,Tree Removal,Parks and Recreation,13803 WALNUT HOLLOW LN,9/19/2020 5:05,Service Completed,Resolved,2020-07-30 05:04:00,174068,101004190236,2020-07-30,5:04,2020-09-19,5:05
356907-101004190083,Tree Trim,Parks and Recreation,9302 CAPLIN ST,10/13/2020 4:02,Service Completed,Resolved,2020-07-30 04:01:00,356907,101004190083,2020-07-30,4:01,2020-10-13,4:02
174062-101004190054,Tree Trim,Parks and Recreation,5547 VALERIE ST,10/13/2020 3:51,Service Completed,Resolved,2020-07-30 03:50:00,174062,101004190054,2020-07-30,3:50,2020-10-13,3:51
174057-101004189879,Tree Removal,Parks and Recreation,6005 BRADY ST,9/18/2020 16:17,Service Completed,Resolved,2020-07-29 16:16:00,174057,101004189879,2020-07-29,16:16,2020-09-18,16:17
174056-101004189738,Tree Trim,Parks and Recreation,102 EDGEWOOD ST,10/12/2020 12:10,Service Completed,Resolved,2020-07-29 12:09:00,174056,101004189738,2020-07-29,12:09,2020-10-12,12:10
174055-101004189707,Tree Removal,Parks and Recreation,2603 SKYVIEW DOWNS DR,9/18/2020 11:47,Service Completed,Resolved,2020-07-29 11:46:00,174055,101004189707,2020-07-29,11:46,2020-09-18,11:47
174054-101004189694,Tree Trim,Parks and Recreation,11606 TIERRA RIDGE CT,10/12/2020 11:40,Service Completed,Resolved,2020-07-29 11:39:00,174054,101004189694,2020-07-29,11:39,2020-10-12,11:40
101004189681,Tree Removal,Parks and Recreation,6534 GUHN RD,9/18/2020 11:28,Service Completed,Resolved,2020-07-29 11:27:00, ,101004189681,2020-07-29,11:27,2020-09-18,11:28
174051-101004189583,Tree Removal,Parks and Recreation,8010 RHOBELL ST,9/18/2020 10:24,Service Completed,Resolved,2020-07-29 10:23:00,174051,101004189583,2020-07-29,10:23,2020-09-18,10:24
174050-101004189544,Tree Trim,Parks and Recreation,4311 REGENCY DR,10/12/2020 10:11,Service Completed,Resolved,2020-07-29 10:10:00,174050,101004189544,2020-07-29,10:10,2020-10-12,10:11
174049-101004189508,Tree Trim,Parks and Recreation,10200 CENTREPARK DR&4000 GESSNER RD ,10/12/2020 9:49,Service Completed,Resolved,2020-07-29 09:48:00,174049,101004189508,2020-07-29,9:48,2020-10-12,9:49
174048-101004189507,Tree Removal,Parks and Recreation,5305 IRVINGTON BLVD,9/18/2020 9:48,Service Completed,Resolved,2020-07-29 09:47:00,174048,101004189507,2020-07-29,9:47,2020-09-18,9:48
174047-101004189494,Tree Trim,Parks and Recreation,9318 LEADER ST,10/12/2020 9:42,Service Completed,Resolved,2020-07-29 09:41:00,174047,101004189494,2020-07-29,9:41,2020-10-12,9:42
174046-101004189446,Tree Trim,Parks and Recreation,9313 PEMBROOK ST,10/12/2020 9:19,Service Completed,Resolved,2020-07-29 09:18:00,174046,101004189446,2020-07-29,9:18,2020-10-12,9:19
174045-101004189397,Tree Trim,Parks and Recreation,4827 DALMATIAN DR,10/12/2020 8:55,Service Completed,Resolved,2020-07-29 08:54:00,174045,101004189397,2020-07-29,8:54,2020-10-12,8:55
174044-101004189385,Tree Removal,Parks and Recreation,1302 CAYWOOD LN,9/18/2020 8:46,Service Completed,Resolved,2020-07-29 08:45:00,174044,101004189385,2020-07-29,8:45,2020-09-18,8:46
174043-101004189381,Tree Trim,Parks and Recreation,414 HOFFMAN ST,10/12/2020 8:43,Service Completed,Resolved,2020-07-29 08:42:00,174043,101004189381,2020-07-29,8:42,2020-10-12,8:43
174042-101004189304,Tree Removal,Parks and Recreation,1614 W 43RD ST&1564 CHESHIRE LN,9/18/2020 7:55,Service Completed,Resolved,2020-07-29 07:54:00,174042,101004189304,2020-07-29,7:54,2020-09-18,7:55
174040-101004189279,Tree Removal,Parks and Recreation,7802 RIPTIDE DR,9/18/2020 7:39,Service Completed,Resolved,2020-07-29 07:38:00,174040,101004189279,2020-07-29,7:38,2020-09-18,7:39
174039-101004189268,Tree Removal,Parks and Recreation,9898 CLUB CREEK DR,9/18/2020 7:35,Service Completed,Resolved,2020-07-29 07:34:00,174039,101004189268,2020-07-29,7:34,2020-09-18,7:35
174038-101004189159,Tree Removal,Parks and Recreation,7726 DAWNRIDGE DR,9/18/2020 6:39,Service Completed,Resolved,2020-07-29 06:38:00,174038,101004189159,2020-07-29,6:38,2020-09-18,6:39
174036-101004188943,Tree Trim,Parks and Recreation,5818 BLACK GUM DR,10/12/2020 4:43,Service Completed,Resolved,2020-07-29 04:42:00,174036,101004188943,2020-07-29,4:42,2020-10-12,4:43
174035-101004188941,Tree Removal,Parks and Recreation,5814 BLACK GUM DR,9/18/2020 4:43,Service Completed,Resolved,2020-07-29 04:42:00,174035,101004188941,2020-07-29,4:42,2020-09-18,4:43
174034-101004188899,Tree Trim,Parks and Recreation,2402 HAZARD ST,10/12/2020 4:21,Service Completed,Resolved,2020-07-29 04:20:00,174034,101004188899,2020-07-29,4:20,2020-10-12,4:21
101004188876,Tree Trim,Parks and Recreation,7122 SCHLEY ST,10/12/2020 4:05,Service Completed,Resolved,2020-07-29 04:04:00, ,101004188876,2020-07-29,4:04,2020-10-12,4:05
174033-101004188856,Tree Removal,Parks and Recreation,11427 OAK SPRING DR,9/18/2020 3:58,Service Completed,Resolved,2020-07-29 03:57:00,174033,101004188856,2020-07-29,3:57,2020-09-18,3:58
174032-101004188848,Tree Trim,Parks and Recreation,4354 ELMWOOD ST,10/12/2020 3:55,Service Completed,Resolved,2020-07-29 03:54:00,174032,101004188848,2020-07-29,3:54,2020-10-12,3:55
174031-101004188814,Tree Trim,Parks and Recreation,4900 CURTIN ST&1000 DUMBLE ST,10/12/2020 3:37,Service Completed,Resolved,2020-07-29 03:36:00,174031,101004188814,2020-07-29,3:36,2020-10-12,3:37
174030-101004188712,Tree Trim,Parks and Recreation,4650 PINEMONT DR&4900 T C JESTER BLVD,10/12/2020 2:05,Service Completed,Resolved,2020-07-29 02:04:00,174030,101004188712,2020-07-29,2:04,2020-10-12,2:05
174029-101004188705,Tree Trim,Parks and Recreation,387 WALKER ST,10/12/2020 1:48,Service Completed,Resolved,2020-07-29 01:47:00,174029,101004188705,2020-07-29,1:47,2020-10-12,1:48
174028-101004188442,Tree Trim,Parks and Recreation,3506 SOUTHMORE BLVD,10/11/2020 13:34,Service Completed,Resolved,2020-07-28 13:33:00,174028,101004188442,2020-07-28,13:33,2020-10-11,13:34
174027-101004188392,Tree Trim,Parks and Recreation,15112 MEMORIAL DR&15100 TURKEY CREEK DR,10/11/2020 12:53,Service Completed,Resolved,2020-07-28 12:52:00,174027,101004188392,2020-07-28,12:52,2020-10-11,12:53
174026-101004188382,Tree Trim,Parks and Recreation,320 KELLEY ST,10/11/2020 12:46,Service Completed,Resolved,2020-07-28 12:45:00,174026,101004188382,2020-07-28,12:45,2020-10-11,12:46
174025-101004188356,Tree Trim,Parks and Recreation,4414 DALLAS ST,10/11/2020 12:18,Service Completed,Resolved,2020-07-28 12:17:00,174025,101004188356,2020-07-28,12:17,2020-10-11,12:18
174018-101004188224,Tree Removal,Parks and Recreation,7225 PARKER RD,9/17/2020 11:13,Service Completed,Resolved,2020-07-28 11:12:00,174018,101004188224,2020-07-28,11:12,2020-09-17,11:13
174016-101004188161,Tree Trim,Parks and Recreation,403 E 9TH ST,10/11/2020 10:50,Service Completed,Resolved,2020-07-28 10:49:00,174016,101004188161,2020-07-28,10:49,2020-10-11,10:50
174014-101004188010,Tree Trim,Parks and Recreation,2600 BARBARA LN&6412 KIRBY DR&2400 SWIFT BLVD,10/11/2020 9:54,Service Completed,Resolved,2020-07-28 09:53:00,174014,101004188010,2020-07-28,9:53,2020-10-11,9:54
174015-101004188007,Tree Removal,Parks and Recreation,2102 ELMGATE DR,9/17/2020 9:53,Service Completed,Resolved,2020-07-28 09:52:00,174015,101004188007,2020-07-28,9:52,2020-09-17,9:53
174012-101004187880,Tree Removal,Parks and Recreation,517 BIRDSALL ST,9/17/2020 9:00,Service Completed,Resolved,2020-07-28 08:59:00,174012,101004187880,2020-07-28,8:59,2020-09-17,9:00
174011-101004187830,Tree Trim,Parks and Recreation,4500 ALLEN ST&1300 PATTERSON ST,10/11/2020 8:35,Service Completed,Resolved,2020-07-28 08:34:00,174011,101004187830,2020-07-28,8:34,2020-10-11,8:35
174010-101004187809,Tree Trim,Parks and Recreation,1301 PATTERSON ST,10/11/2020 8:28,Service Completed,Resolved,2020-07-28 08:27:00,174010,101004187809,2020-07-28,8:27,2020-10-11,8:28
174009-101004187707,Tree Trim,Parks and Recreation,3214 KNOLL WEST DR,10/11/2020 7:33,Service Completed,Resolved,2020-07-28 07:32:00,174009,101004187707,2020-07-28,7:32,2020-10-11,7:33
174007-101004187645,Tree Trim,Parks and Recreation,7114 TOWERVIEW LN,10/11/2020 7:08,Service Completed,Resolved,2020-07-28 07:07:00,174007,101004187645,2020-07-28,7:07,2020-10-11,7:08
174006-101004187638,Tree Trim,Parks and Recreation,11631 BOWHEAD DR,10/11/2020 7:05,Service Completed,Resolved,2020-07-28 07:04:00,174006,101004187638,2020-07-28,7:04,2020-10-11,7:05
174004-101004187564,Tree Trim,Parks and Recreation,4000 LUCILLE ST&3200 RUSSELL ST,10/11/2020 6:39,Service Completed,Resolved,2020-07-28 06:38:00,174004,101004187564,2020-07-28,6:38,2020-10-11,6:39
174003-101004187543,Tree Removal,Parks and Recreation,6650 BRIARGATE DR,9/17/2020 6:30,Service Completed,Resolved,2020-07-28 06:29:00,174003,101004187543,2020-07-28,6:29,2020-09-17,6:30
174002-101004187542,Tree Trim,Parks and Recreation,5731 ARIEL ST,10/11/2020 6:30,Service Completed,Resolved,2020-07-28 06:29:00,174002,101004187542,2020-07-28,6:29,2020-10-11,6:30
174001-101004187526,Tree Removal,Parks and Recreation,6603 KERNEL ST,9/17/2020 6:23,Service Completed,Resolved,2020-07-28 06:22:00,174001,101004187526,2020-07-28,6:22,2020-09-17,6:23
174000-101004187478,Tree Removal,Parks and Recreation,1741 W MAIN ST,9/17/2020 6:05,Service Completed,Resolved,2020-07-28 06:04:00,174000,101004187478,2020-07-28,6:04,2020-09-17,6:05
173997-101004187393,Tree Removal,Parks and Recreation,2910 HIGH VALLEY DR,9/17/2020 5:28,Service Completed,Resolved,2020-07-28 05:27:00,173997,101004187393,2020-07-28,5:27,2020-09-17,5:28
173998-101004187366,Tree Trim,Parks and Recreation,6211 DIXIE DR,10/11/2020 5:18,Service Completed,Resolved,2020-07-28 05:17:00,173998,101004187366,2020-07-28,5:17,2020-10-11,5:18
173996-101004187355,Tree Trim,Parks and Recreation,6523 RIDGEWAY DR,10/11/2020 5:14,Service Completed,Resolved,2020-07-28 05:13:00,173996,101004187355,2020-07-28,5:13,2020-10-11,5:14
173995-101004187349,Tree Trim,Parks and Recreation,12400 MILLBANKS DR&12400 WEMBLEY DR,10/11/2020 5:12,Service Completed,Resolved,2020-07-28 05:11:00,173995,101004187349,2020-07-28,5:11,2020-10-11,5:12
173993-101004187271,Tree Trim,Parks and Recreation,3811 DRISCOLL ST,10/11/2020 4:42,Service Completed,Resolved,2020-07-28 04:41:00,173993,101004187271,2020-07-28,4:41,2020-10-11,4:42
173992-101004187199,Tree Trim,Parks and Recreation,1300 W 22ND ST&2200 BEVIS ST,10/11/2020 4:20,Service Completed,Resolved,2020-07-28 04:19:00,173992,101004187199,2020-07-28,4:19,2020-10-11,4:20
173991-101004187189,Tree Removal,Parks and Recreation,1901 BOLSOVER ST,9/17/2020 4:17,Service Completed,Resolved,2020-07-28 04:16:00,173991,101004187189,2020-07-28,4:16,2020-09-17,4:17
173990-101004187153,Tree Trim,Parks and Recreation,5718 EDWARD DR,10/11/2020 4:05,Service Completed,Resolved,2020-07-28 04:04:00,173990,101004187153,2020-07-28,4:04,2020-10-11,4:05
173987-101004187060,Tree Removal,Parks and Recreation,14657 CARADINE DR,9/17/2020 3:24,Service Completed,Resolved,2020-07-28 03:23:00,173987,101004187060,2020-07-28,3:23,2020-09-17,3:24
356845-101004186931,Tree Trim,Parks and Recreation,4100 FEAGAN ST&600 JACKSON HILL ST,10/10/2020 20:12,Service Completed,Resolved,2020-07-27 20:11:00,356845,101004186931,2020-07-27,20:11,2020-10-10,20:12
173983-101004186807,Tree Trim,Parks and Recreation,4711 JASON ST,10/10/2020 15:39,Service Completed,Resolved,2020-07-27 15:38:00,173983,101004186807,2020-07-27,15:38,2020-10-10,15:39
173982-101004186801,Tree Trim,Parks and Recreation,2631 CARMEL ST,10/10/2020 15:31,Service Completed,Resolved,2020-07-27 15:30:00,173982,101004186801,2020-07-27,15:30,2020-10-10,15:31
173981-101004186635,Tree Trim,Parks and Recreation,8047 BONNER DR,10/10/2020 12:00,Service Completed,Resolved,2020-07-27 11:59:00,173981,101004186635,2020-07-27,11:59,2020-10-10,12:00
173977-101004186435,Tree Trim,Parks and Recreation,10221 CHEEVES DR,10/10/2020 10:28,Service Completed,Resolved,2020-07-27 10:27:00,173977,101004186435,2020-07-27,10:27,2020-10-10,10:28
101004186432,Tree Trim,Parks and Recreation,  ,10/10/2020 10:27,Service Completed,Resolved,2020-07-27 10:26:00, ,101004186432,2020-07-27,10:26,2020-10-10,10:27
173971-101004185933,Tree Removal,Parks and Recreation,1727 MICHIGAN ST,9/16/2020 6:32,Service Completed,Resolved,2020-07-27 06:31:00,173971,101004185933,2020-07-27,6:31,2020-09-16,6:32
173969-101004185871,Tree Trim,Parks and Recreation,1100 MALONE ST&5700 WASHINGTON AVE ,10/10/2020 6:11,Service Completed,Resolved,2020-07-27 06:10:00,173969,101004185871,2020-07-27,6:10,2020-10-10,6:11
173968-101004185837,Tree Removal,Parks and Recreation,3906 PURDUE ST,9/16/2020 5:53,Service Completed,Resolved,2020-07-27 05:52:00,173968,101004185837,2020-07-27,5:52,2020-09-16,5:53
101004185806,Tree Trim,Parks and Recreation,15700 CHIMNEY ROCK RD&6600 W FUQUA ST,10/10/2020 5:43,Service Completed,Resolved,2020-07-27 05:42:00, ,101004185806,2020-07-27,5:42,2020-10-10,5:43
173966-101004185797,Tree Removal,Parks and Recreation,723 ARLINGTON ST,9/16/2020 5:39,Service Completed,Resolved,2020-07-27 05:38:00,173966,101004185797,2020-07-27,5:38,2020-09-16,5:39
173963-101004185733,Tree Trim,Parks and Recreation,13018 GLENWYCK ST,10/10/2020 5:10,Service Completed,Resolved,2020-07-27 05:09:00,173963,101004185733,2020-07-27,5:09,2020-10-10,5:10
173962-101004185707,Tree Trim,Parks and Recreation,2000 HAILEY ST&3300 SUMPTER ST,10/10/2020 5:00,Service Completed,Resolved,2020-07-27 04:59:00,173962,101004185707,2020-07-27,4:59,2020-10-10,5:00
173961-101004185665,Tree Trim,Parks and Recreation,3119 SKYPARK DR,10/10/2020 4:46,Service Completed,Resolved,2020-07-27 04:45:00,173961,101004185665,2020-07-27,4:45,2020-10-10,4:46
173960-101004185662,Tree Removal,Parks and Recreation,5606 LUDINGTON DR,9/16/2020 4:45,Service Completed,Resolved,2020-07-27 04:44:00,173960,101004185662,2020-07-27,4:44,2020-09-16,4:45
173959-101004185604,Tree Removal,Parks and Recreation,5734 HUMMINGBIRD ST,9/16/2020 4:24,Service Completed,Resolved,2020-07-27 04:23:00,173959,101004185604,2020-07-27,4:23,2020-09-16,4:24
173958-101004185586,Tree Trim,Parks and Recreation,11602 POMPANO LN,10/10/2020 4:16,Service Completed,Resolved,2020-07-27 04:15:00,173958,101004185586,2020-07-27,4:15,2020-10-10,4:16
173957-101004185563,Tree Trim,Parks and Recreation,8102 BONNER DR,10/10/2020 4:05,Service Completed,Resolved,2020-07-27 04:04:00,173957,101004185563,2020-07-27,4:04,2020-10-10,4:05
173956-101004185541,Tree Removal,Parks and Recreation,7321 GREENBRIAR DR,9/16/2020 3:58,Service Completed,Resolved,2020-07-27 03:57:00,173956,101004185541,2020-07-27,3:57,2020-09-16,3:58
173955-101004185491,Tree Trim,Parks and Recreation,5700 COLLINGSWORTH ST,10/10/2020 3:31,Service Completed,Resolved,2020-07-27 03:30:00,173955,101004185491,2020-07-27,3:30,2020-10-10,3:31
173954-101004185480,Tree Trim,Parks and Recreation,1100 EUCLID ST&3000 NORHILL BLVD ,10/10/2020 3:23,Service Completed,Resolved,2020-07-27 03:22:00,173954,101004185480,2020-07-27,3:22,2020-10-10,3:23
173953-101004185447,Tree Trim,Parks and Recreation,141 FIDELITY ST,10/10/2020 2:53,Service Completed,Resolved,2020-07-27 02:52:00,173953,101004185447,2020-07-27,2:52,2020-10-10,2:53
173950-101004185376,Tree Trim,Parks and Recreation,1506 MICHIGAN ST,10/9/2020 21:16,Service Completed,Resolved,2020-07-26 21:15:00,173950,101004185376,2020-07-26,21:15,2020-10-09,21:16
101004185244,Tree Trim,Parks and Recreation,5102 WILEY RD,10/9/2020 12:53,Service Completed,Resolved,2020-07-26 12:52:00, ,101004185244,2020-07-26,12:52,2020-10-09,12:53
173948-101004185222,Tree Removal,Parks and Recreation,13300 PERTHSHIRE RD&618 N WILCREST DR,9/15/2020 12:04,Service Completed,Resolved,2020-07-26 12:03:00,173948,101004185222,2020-07-26,12:03,2020-09-15,12:04
173947-101004185207,Tree Trim,Parks and Recreation,2121 CENTRAL ST,10/9/2020 11:35,Service Completed,Resolved,2020-07-26 11:34:00,173947,101004185207,2020-07-26,11:34,2020-10-09,11:35
173946-101004185198,Tree Trim,Parks and Recreation,9411 HADDICK ST,10/9/2020 11:09,Service Completed,Resolved,2020-07-26 11:08:00,173946,101004185198,2020-07-26,11:08,2020-10-09,11:09
101004185175,Tree Removal,Parks and Recreation,5001 MONTROSE BLVD,9/15/2020 10:22,Service Completed,Resolved,2020-07-26 10:21:00, ,101004185175,2020-07-26,10:21,2020-09-15,10:22
173944-101004185073,Tree Trim,Parks and Recreation,2342 BASTROP ST,10/9/2020 6:26,Service Completed,Resolved,2020-07-26 06:25:00,173944,101004185073,2020-07-26,6:25,2020-10-09,6:26
101004185050,Tree Trim,Parks and Recreation,1706 HOLMAN ST&3500 MOSLEY CT,10/9/2020 5:27,Service Completed,Resolved,2020-07-26 05:26:00, ,101004185050,2020-07-26,5:26,2020-10-09,5:27
173941-101004185010,Tree Removal,Parks and Recreation,10507 HADDINGTON DR,9/15/2020 3:30,Service Completed,Resolved,2020-07-26 03:29:00,173941,101004185010,2020-07-26,3:29,2020-09-15,3:30
173940-101004184942,Tree Code Violation,Parks and Recreation,1320 VASSAR ST,9/15/2020 20:11,Service Completed,Resolved,2020-07-25 20:10:00,173940,101004184942,2020-07-25,20:10,2020-09-15,20:11
356810-101004184902,Tree Trim,Parks and Recreation,903 GILPIN ST,10/8/2020 16:20,Service Completed,Resolved,2020-07-25 16:19:00,356810,101004184902,2020-07-25,16:19,2020-10-08,16:20
173936-101004184885,Tree Removal,Parks and Recreation,3576 SAN FELIPE ST,9/14/2020 15:07,Service Completed,Resolved,2020-07-25 15:06:00,173936,101004184885,2020-07-25,15:06,2020-09-14,15:07
173935-101004184862,Tree Removal,Parks and Recreation,1709 BINGHAM ST,9/14/2020 14:19,Service Completed,Resolved,2020-07-25 14:18:00,173935,101004184862,2020-07-25,14:18,2020-09-14,14:19
173934-101004184816,Tree Removal,Parks and Recreation,8602 SHADY VISTA LN,9/14/2020 12:32,Service Completed,Resolved,2020-07-25 12:31:00,173934,101004184816,2020-07-25,12:31,2020-09-14,12:32
173933-101004184788,Tree Removal,Parks and Recreation,9700 BRIAR FOREST DR&1800 S GESSNER RD,9/14/2020 11:38,Service Completed,Resolved,2020-07-25 11:37:00,173933,101004184788,2020-07-25,11:37,2020-09-14,11:38
356807-101004184774,Tree Removal,Parks and Recreation,5802 HIGH STAR DR,9/14/2020 11:21,Service Completed,Resolved,2020-07-25 11:20:00,356807,101004184774,2020-07-25,11:20,2020-09-14,11:21
173929-101004184755,Tree Removal,Parks and Recreation,4422 TIFFANY DR,9/14/2020 11:03,Service Completed,Resolved,2020-07-25 11:02:00,173929,101004184755,2020-07-25,11:02,2020-09-14,11:03
356804-101004184717,Tree Removal,Parks and Recreation,3300 S GESSNER RD&9700 RICHMOND AVE,9/14/2020 10:20,Service Completed,Resolved,2020-07-25 10:19:00,356804,101004184717,2020-07-25,10:19,2020-09-14,10:20
173925-101004184635,Tree Removal,Parks and Recreation,7423 MAGNOLIA ST,9/14/2020 8:35,Service Completed,Resolved,2020-07-25 08:34:00,173925,101004184635,2020-07-25,8:34,2020-09-14,8:35
101004184617,Tree Trim,Parks and Recreation,10716 HIRSCH RD&5100 LITTLE YORK RD ,10/8/2020 8:10,Service Completed,Resolved,2020-07-25 08:09:00, ,101004184617,2020-07-25,8:09,2020-10-08,8:10
101004184558,Tree Removal,Parks and Recreation,300 BRIAR HILL DR&10200 SHADY RIVER RD,9/14/2020 7:00,Service Completed,Resolved,2020-07-25 06:59:00, ,101004184558,2020-07-25,6:59,2020-09-14,7:00
101004184501,Tree Removal,Parks and Recreation,435 BOLDEN ST,9/14/2020 5:53,Service Completed,Resolved,2020-07-25 05:52:00, ,101004184501,2020-07-25,5:52,2020-09-14,5:53
101004184311,Tree Removal,Parks and Recreation,1901 BOLSOVER ST,9/13/2020 21:21,Service Completed,Resolved,2020-07-24 21:20:00, ,101004184311,2020-07-24,21:20,2020-09-13,21:21
173920-101004184133,Tree Trim,Parks and Recreation,211 PALMYRA ST,10/7/2020 13:49,Service Completed,Resolved,2020-07-24 13:48:00,173920,101004184133,2020-07-24,13:48,2020-10-07,13:49
173919-101004184105,Tree Trim,Parks and Recreation,3700 HILLCROFT AVE,10/7/2020 13:00,Service Completed,Resolved,2020-07-24 12:59:00,173919,101004184105,2020-07-24,12:59,2020-10-07,13:00
173918-101004184049,Tree Trim,Parks and Recreation,5450 BOLIVIA BLVD&5100 SPRING FOREST DR,10/7/2020 12:01,Service Completed,Resolved,2020-07-24 12:00:00,173918,101004184049,2020-07-24,12:00,2020-10-07,12:01
173917-101004184013,Tree Removal,Parks and Recreation,2811 A FERNDALE ST,9/13/2020 11:34,Service Completed,Resolved,2020-07-24 11:33:00,173917,101004184013,2020-07-24,11:33,2020-09-13,11:34
173916-101004183918,Tree Removal,Parks and Recreation,4015 LILLIAN ST,9/13/2020 10:37,Service Completed,Resolved,2020-07-24 10:36:00,173916,101004183918,2020-07-24,10:36,2020-09-13,10:37
101004183863,Tree Trim,Parks and Recreation,612 GESSNER RD&12200 OVERCUP DR,10/7/2020 10:11,Service Completed,Resolved,2020-07-24 10:10:00, ,101004183863,2020-07-24,10:10,2020-10-07,10:11
173914-101004183739,Tree Removal,Parks and Recreation,805 HAMBLEN RD,9/13/2020 9:09,Service Completed,Resolved,2020-07-24 09:08:00,173914,101004183739,2020-07-24,9:08,2020-09-13,9:09
173913-101004183611,Tree Removal,Parks and Recreation,6818 SHADYVILLA LN,9/13/2020 7:57,Service Completed,Resolved,2020-07-24 07:56:00,173913,101004183611,2020-07-24,7:56,2020-09-13,7:57
173912-101004183511,Tree Removal,Parks and Recreation,8101 BONNER DR,9/13/2020 7:09,Service Completed,Resolved,2020-07-24 07:08:00,173912,101004183511,2020-07-24,7:08,2020-09-13,7:09
173911-101004183464,Tree Trim,Parks and Recreation,3535 A LOUISIANA ST,10/7/2020 6:48,Service Completed,Resolved,2020-07-24 06:47:00,173911,101004183464,2020-07-24,6:47,2020-10-07,6:48
173910-101004183411,Tree Trim,Parks and Recreation,11839 BRIAR FOREST DR,10/7/2020 6:22,Service Completed,Resolved,2020-07-24 06:21:00,173910,101004183411,2020-07-24,6:21,2020-10-07,6:22
173909-101004183390,Tree Trim,Parks and Recreation,693 W CROSSTIMBERS ST,10/7/2020 6:13,Service Completed,Resolved,2020-07-24 06:12:00,173909,101004183390,2020-07-24,6:12,2020-10-07,6:13
173908-101004183321,Tree Trim,Parks and Recreation,8850 CHIMNEY ROCK RD,10/7/2020 5:44,Service Completed,Resolved,2020-07-24 05:43:00,173908,101004183321,2020-07-24,5:43,2020-10-07,5:44
173907-101004183270,Tree Trim,Parks and Recreation,7400 FAUNA ST&7052 PRENTISS DR,10/7/2020 5:27,Service Completed,Resolved,2020-07-24 05:26:00,173907,101004183270,2020-07-24,5:26,2020-10-07,5:27
173906-101004183262,Tree Removal,Parks and Recreation,9221 KENILWORTH ST,9/13/2020 5:24,Service Completed,Resolved,2020-07-24 05:23:00,173906,101004183262,2020-07-24,5:23,2020-09-13,5:24
173905-101004183231,Tree Trim,Parks and Recreation,5600 ARLINGTON ST&300 E HAMILTON ST,10/7/2020 5:08,Service Completed,Resolved,2020-07-24 05:07:00,173905,101004183231,2020-07-24,5:07,2020-10-07,5:08
173903-101004183105,Tree Trim,Parks and Recreation,5524 HUISACHE ST,10/7/2020 4:41,Service Completed,Resolved,2020-07-24 04:40:00,173903,101004183105,2020-07-24,4:40,2020-10-07,4:41
173902-101004183016,Tree Trim,Parks and Recreation,6847 HOPPER RD,10/7/2020 3:56,Service Completed,Resolved,2020-07-24 03:55:00,173902,101004183016,2020-07-24,3:55,2020-10-07,3:56
173901-101004182992,Tree Trim,Parks and Recreation,0 S LOOP FWY W&9600 STELLA LINK RD,10/7/2020 3:41,Service Completed,Resolved,2020-07-24 03:40:00,173901,101004182992,2020-07-24,3:40,2020-10-07,3:41
173900-101004182864,Tree Removal,Parks and Recreation,8200 PARK PLACE BLVD,9/12/2020 19:39,Service Completed,Resolved,2020-07-23 19:38:00,173900,101004182864,2020-07-23,19:38,2020-09-12,19:39
173899-101004182845,Tree Removal,Parks and Recreation,5919 BANKSIDE DR,9/12/2020 18:37,Service Completed,Resolved,2020-07-23 18:36:00,173899,101004182845,2020-07-23,18:36,2020-09-12,18:37
173898-101004182836,Tree Trim,Parks and Recreation,9603 WEYBRIDGE DR,10/6/2020 18:21,Service Completed,Resolved,2020-07-23 18:20:00,173898,101004182836,2020-07-23,18:20,2020-10-06,18:21
173897-101004182621,Tree Trim,Parks and Recreation,3200 BAGBY ST&400 ELGIN ST&100 WESTHEIMER RD,10/6/2020 12:20,Service Completed,Resolved,2020-07-23 12:19:00,173897,101004182621,2020-07-23,12:19,2020-10-06,12:20
173896-101004182473,Tree Stump Grinding,Parks and Recreation,6103 WIGTON DR,11/16/2020 10:04,Service Completed,Resolved,2020-07-23 11:03:00,173896,101004182473,2020-07-23,11:03,2020-11-16,10:04
173895-101004182228,Tree Trim,Parks and Recreation,912 OXFORD ST,10/6/2020 9:28,Service Completed,Resolved,2020-07-23 09:27:00,173895,101004182228,2020-07-23,9:27,2020-10-06,9:28
173893-101004182155,Tree Code Violation,Parks and Recreation,950 EUCLID ST,9/13/2020 9:00,Service Completed,Resolved,2020-07-23 08:59:00,173893,101004182155,2020-07-23,8:59,2020-09-13,9:00
173892-101004182131,Tree Removal,Parks and Recreation,2016 PEARL ST,9/12/2020 8:50,Service Completed,Resolved,2020-07-23 08:49:00,173892,101004182131,2020-07-23,8:49,2020-09-12,8:50
173891-101004182122,Tree Trim,Parks and Recreation,13803 WALNUT HOLLOW LN,10/6/2020 8:47,Service Completed,Resolved,2020-07-23 08:46:00,173891,101004182122,2020-07-23,8:46,2020-10-06,8:47
173888-101004182029,Tree Trim,Parks and Recreation,1301 STUDEWOOD ST,10/6/2020 8:09,Service Completed,Resolved,2020-07-23 08:08:00,173888,101004182029,2020-07-23,8:08,2020-10-06,8:09
173887-101004181815,Tree Trim,Parks and Recreation,13702 LOCKE LN,10/6/2020 6:33,Service Completed,Resolved,2020-07-23 06:32:00,173887,101004181815,2020-07-23,6:32,2020-10-06,6:33
173885-101004181785,Tree Trim,Parks and Recreation,9700 LEAWOOD BLVD,10/6/2020 6:27,Service Completed,Resolved,2020-07-23 06:26:00,173885,101004181785,2020-07-23,6:26,2020-10-06,6:27
173886-101004181783,Tree Trim,Parks and Recreation,410 HOFFMAN ST,10/6/2020 6:27,Service Completed,Resolved,2020-07-23 06:26:00,173886,101004181783,2020-07-23,6:26,2020-10-06,6:27
173884-101004181761,Tree Removal,Parks and Recreation,5010 CAPLIN ST,9/12/2020 6:18,Service Completed,Resolved,2020-07-23 06:17:00,173884,101004181761,2020-07-23,6:17,2020-09-12,6:18
173883-101004181733,Tree Trim,Parks and Recreation,1972 HADDON ST&1700 HAZARD ST,10/6/2020 6:03,Service Completed,Resolved,2020-07-23 06:02:00,173883,101004181733,2020-07-23,6:02,2020-10-06,6:03
173882-101004181706,Tree Trim,Parks and Recreation,6652 KIRBY DR&2400 WORDSWORTH ST,10/6/2020 5:51,Service Completed,Resolved,2020-07-23 05:50:00,173882,101004181706,2020-07-23,5:50,2020-10-06,5:51
173881-101004181606,Tree Stump Grinding,Parks and Recreation,900 BONNIE GLEN&1600 HAMBLEN RD,11/16/2020 4:18,Service Completed,Resolved,2020-07-23 05:17:00,173881,101004181606,2020-07-23,5:17,2020-11-16,4:18
173880-101004181557,Tree Trim,Parks and Recreation,1211 VERA LOU ST,10/6/2020 5:01,Service Completed,Resolved,2020-07-23 05:00:00,173880,101004181557,2020-07-23,5:00,2020-10-06,5:01
173879-101004181550,Tree Trim,Parks and Recreation,7810 CHASECREEK DR,10/6/2020 5:00,Service Completed,Resolved,2020-07-23 04:59:00,173879,101004181550,2020-07-23,4:59,2020-10-06,5:00
173878-101004181448,Tree Trim,Parks and Recreation,1700 RICHMOND AVE,10/6/2020 4:26,Service Completed,Resolved,2020-07-23 04:25:00,173878,101004181448,2020-07-23,4:25,2020-10-06,4:26
173875-101004181276,Tree Trim,Parks and Recreation,3019 BANDELL DR,10/6/2020 2:05,Service Completed,Resolved,2020-07-23 02:04:00,173875,101004181276,2020-07-23,2:04,2020-10-06,2:05
173872-101004181030,Tree Removal,Parks and Recreation,5906 YARWELL DR,9/11/2020 11:30,Service Completed,Resolved,2020-07-22 11:29:00,173872,101004181030,2020-07-22,11:29,2020-09-11,11:30
173871-101004181027,Tree Removal,Parks and Recreation,10918 SAGEBURROW DR,9/11/2020 11:29,Service Completed,Resolved,2020-07-22 11:28:00,173871,101004181027,2020-07-22,11:28,2020-09-11,11:29
173870-101004181010,Tree Trim,Parks and Recreation,6100 KINGWOOD DR&1800 MILLS BRANCH DR,10/5/2020 11:20,Service Completed,Resolved,2020-07-22 11:19:00,173870,101004181010,2020-07-22,11:19,2020-10-05,11:20
173869-101004180999,Tree Removal,Parks and Recreation,3221 DURHILL ST,9/11/2020 11:08,Service Completed,Resolved,2020-07-22 11:07:00,173869,101004180999,2020-07-22,11:07,2020-09-11,11:08
173868-101004180973,Tree Trim,Parks and Recreation,3002 SUFFOLK DR,10/5/2020 11:00,Service Completed,Resolved,2020-07-22 10:59:00,173868,101004180973,2020-07-22,10:59,2020-10-05,11:00
173866-101004180853,Tree Trim,Parks and Recreation,1417 VASSAR ST,10/5/2020 9:59,Service Completed,Resolved,2020-07-22 09:58:00,173866,101004180853,2020-07-22,9:58,2020-10-05,9:59
173865-101004180839,Tree Removal,Parks and Recreation,8600 SANDRA ST,9/11/2020 9:49,Service Completed,Resolved,2020-07-22 09:48:00,173865,101004180839,2020-07-22,9:48,2020-09-11,9:49
173864-101004180825,Tree Trim,Parks and Recreation,10603 UMBER CT,10/5/2020 9:42,Service Completed,Resolved,2020-07-22 09:41:00,173864,101004180825,2020-07-22,9:41,2020-10-05,9:42
173863-101004180712,Tree Trim,Parks and Recreation,10923 TIMBEROAK DR,10/5/2020 8:24,Service Completed,Resolved,2020-07-22 08:23:00,173863,101004180712,2020-07-22,8:23,2020-10-05,8:24
173862-101004180697,Tree Removal,Parks and Recreation,6908 HEMLOCK ST,9/11/2020 8:16,Service Completed,Resolved,2020-07-22 08:15:00,173862,101004180697,2020-07-22,8:15,2020-09-11,8:16
173861-101004180546,Tree Planting,Parks and Recreation,1700 FOUNTAIN VIEW DR&5900 SAN FELIPE ST,8/16/2020 7:17,Service Completed,Resolved,2020-07-22 07:16:00,173861,101004180546,2020-07-22,7:16,2020-08-16,7:17
173860-101004180485,Tree Trim,Parks and Recreation,12807 GLENWOLDE DR,10/5/2020 6:54,Service Completed,Resolved,2020-07-22 06:53:00,173860,101004180485,2020-07-22,6:53,2020-10-05,6:54
173859-101004180478,Tree Trim,Parks and Recreation,2000 BLUE WILLOW DR&10600 INWOOD DR,10/5/2020 6:50,Service Completed,Resolved,2020-07-22 06:49:00,173859,101004180478,2020-07-22,6:49,2020-10-05,6:50
173858-101004180448,Tree Trim,Parks and Recreation,7203 FINCH ST,10/5/2020 6:38,Service Completed,Resolved,2020-07-22 06:37:00,173858,101004180448,2020-07-22,6:37,2020-10-05,6:38
173850-101004180321,Tree Removal,Parks and Recreation,1303 AFTON ST,9/11/2020 5:38,Service Completed,Resolved,2020-07-22 05:37:00,173850,101004180321,2020-07-22,5:37,2020-09-11,5:38
173849-101004180130,Tree Trim,Parks and Recreation,9530 JENSEN DR,10/5/2020 4:22,Service Completed,Resolved,2020-07-22 04:21:00,173849,101004180130,2020-07-22,4:21,2020-10-05,4:22
173848-101004180098,Tree Trim,Parks and Recreation,8760 HOWARD DR&5100 MICHAEL DR,10/5/2020 4:04,Service Completed,Resolved,2020-07-22 04:03:00,173848,101004180098,2020-07-22,4:03,2020-10-05,4:04
173846-101004179945,Tree Trim,Parks and Recreation,6905 BRACE ST,10/5/2020 2:10,Service Completed,Resolved,2020-07-22 02:09:00,173846,101004179945,2020-07-22,2:09,2020-10-05,2:10
173843-101004179897,Tree Removal,Parks and Recreation,8102 HAMLET ST,9/10/2020 23:24,Service Completed,Resolved,2020-07-21 23:23:00,173843,101004179897,2020-07-21,23:23,2020-09-10,23:24
101004179886,Tree Removal,Parks and Recreation,7310 UNIVERSAL DR,9/10/2020 22:47,Service Completed,Resolved,2020-07-21 22:46:00, ,101004179886,2020-07-21,22:46,2020-09-10,22:47
356752-101004179809,Tree Trim,Parks and Recreation,5010 CAPLIN ST,10/4/2020 17:59,Service Completed,Resolved,2020-07-21 17:58:00,356752,101004179809,2020-07-21,17:58,2020-10-04,17:59
173838-101004179808,Tree Trim,Parks and Recreation,6301 KASHMERE ST,10/4/2020 17:32,Service Completed,Resolved,2020-07-21 17:31:00,173838,101004179808,2020-07-21,17:31,2020-10-04,17:32
173837-101004179519,Tree Trim,Parks and Recreation,2058 BRANARD ST,10/4/2020 11:42,Service Completed,Resolved,2020-07-21 11:41:00,173837,101004179519,2020-07-21,11:41,2020-10-04,11:42
173836-101004179434,Tree Removal,Parks and Recreation,300 MILL STREAM LN&15900 OLD CREEK RD,9/10/2020 10:59,Service Completed,Resolved,2020-07-21 10:58:00,173836,101004179434,2020-07-21,10:58,2020-09-10,10:59
173835-101004179429,Tree Trim,Parks and Recreation,749 BOENEMAN DR,10/4/2020 10:59,Service Completed,Resolved,2020-07-21 10:58:00,173835,101004179429,2020-07-21,10:58,2020-10-04,10:59
101004179370,Tree Removal,Parks and Recreation,9411 BRAEWICK DR,9/10/2020 10:24,Service Completed,Resolved,2020-07-21 10:23:00, ,101004179370,2020-07-21,10:23,2020-09-10,10:24
173834-101004179319,Tree Trim,Parks and Recreation,1900 PANNELL ST&3800 RAWLEY ST,10/4/2020 10:03,Service Completed,Resolved,2020-07-21 10:02:00,173834,101004179319,2020-07-21,10:02,2020-10-04,10:03
173831-101004179169,Tree Removal,Parks and Recreation,9407 BRAEWICK DR,9/10/2020 8:43,Service Completed,Resolved,2020-07-21 08:42:00,173831,101004179169,2020-07-21,8:42,2020-09-10,8:43
173829-101004179079,Tree Removal,Parks and Recreation,15902 DANTE DR,9/10/2020 7:55,Service Completed,Resolved,2020-07-21 07:54:00,173829,101004179079,2020-07-21,7:54,2020-09-10,7:55
173828-101004179045,Tree Trim,Parks and Recreation,5300 E OREM DR&12100 SANDROCK DR,10/4/2020 7:38,Service Completed,Resolved,2020-07-21 07:37:00,173828,101004179045,2020-07-21,7:37,2020-10-04,7:38
173826-101004178983,Tree Removal,Parks and Recreation,5212 KIAM ST,9/10/2020 7:05,Service Completed,Resolved,2020-07-21 07:04:00,173826,101004178983,2020-07-21,7:04,2020-09-10,7:05
173825-101004178944,Tree Removal,Parks and Recreation,6146 CHAFFIN ST,9/10/2020 6:49,Service Completed,Resolved,2020-07-21 06:48:00,173825,101004178944,2020-07-21,6:48,2020-09-10,6:49
173824-101004178916,Tree Trim,Parks and Recreation,300 BASSWOOD ST&7100 BAUMAN RD,10/4/2020 6:39,Service Completed,Resolved,2020-07-21 06:38:00,173824,101004178916,2020-07-21,6:38,2020-10-04,6:39
173823-101004178903,Tree Removal,Parks and Recreation,9300 HEATHERSIDE ST&5300 TIDWELL RD,9/10/2020 6:36,Service Completed,Resolved,2020-07-21 06:35:00,173823,101004178903,2020-07-21,6:35,2020-09-10,6:36
173822-101004178866,Tree Trim,Parks and Recreation,101 HARKNESS ST,10/4/2020 6:23,Service Completed,Resolved,2020-07-21 06:22:00,173822,101004178866,2020-07-21,6:22,2020-10-04,6:23
173821-101004178863,Tree Removal,Parks and Recreation,4420 BINGLE RD,9/10/2020 6:22,Service Completed,Resolved,2020-07-21 06:21:00,173821,101004178863,2020-07-21,6:21,2020-09-10,6:22
173810-101004178790,Tree Trim,Parks and Recreation,309 LATHROP ST,10/4/2020 5:42,Service Completed,Resolved,2020-07-21 05:41:00,173810,101004178790,2020-07-21,5:41,2020-10-04,5:42
173805-101004178725,Tree Trim,Parks and Recreation,1300 W 18TH ST&1800 BEVIS ST,10/4/2020 5:07,Service Completed,Resolved,2020-07-21 05:06:00,173805,101004178725,2020-07-21,5:06,2020-10-04,5:07
173804-101004178533,Tree Removal,Parks and Recreation,3911 LOCKWOOD DR,9/10/2020 3:10,Service Completed,Resolved,2020-07-21 03:09:00,173804,101004178533,2020-07-21,3:09,2020-09-10,3:10
173803-101004178478,Tree Removal,Parks and Recreation,7310 UNIVERSAL DR,9/10/2020 0:44,Service Completed,Resolved,2020-07-21 00:43:00,173803,101004178478,2020-07-21,0:43,2020-09-10,0:44
173802-101004178471,Tree Trim,Parks and Recreation,6026 MILART ST,10/4/2020 0:19,Service Completed,Resolved,2020-07-21 00:18:00,173802,101004178471,2020-07-21,0:18,2020-10-04,0:19
173801-101004178462,Tree Code Violation,Parks and Recreation,1988 WILCREST DR,9/10/2020 23:15,Service Completed,Resolved,2020-07-20 23:14:00,173801,101004178462,2020-07-20,23:14,2020-09-10,23:15
173800-101004178268,Tree Trim,Parks and Recreation,2342 RICE BLVD,10/3/2020 13:17,Service Completed,Resolved,2020-07-20 13:16:00,173800,101004178268,2020-07-20,13:16,2020-10-03,13:17
101004178035,Tree Trim,Parks and Recreation,1327 TARBERRY RD,10/3/2020 10:54,Service Completed,Resolved,2020-07-20 10:53:00, ,101004178035,2020-07-20,10:53,2020-10-03,10:54
173798-101004178006,Tree Trim,Parks and Recreation,3500 DE SOTO ST&6200 T C JESTER BLVD,10/3/2020 10:44,Service Completed,Resolved,2020-07-20 10:43:00,173798,101004178006,2020-07-20,10:43,2020-10-03,10:44
173797-101004177979,Tree Trim,Parks and Recreation,3502 BELLFORT ST,10/3/2020 10:33,Service Completed,Resolved,2020-07-20 10:32:00,173797,101004177979,2020-07-20,10:32,2020-10-03,10:33
173796-101004177873,Tree Trim,Parks and Recreation,2107 MARGARET ST,10/3/2020 9:48,Service Completed,Resolved,2020-07-20 09:47:00,173796,101004177873,2020-07-20,9:47,2020-10-03,9:48
173795-101004177856,Tree Trim,Parks and Recreation,212 PARKVIEW ST,10/3/2020 9:40,Service Completed,Resolved,2020-07-20 09:39:00,173795,101004177856,2020-07-20,9:39,2020-10-03,9:40
173794-101004177801,Tree Trim,Parks and Recreation,5239 KINGFISHER DR,10/3/2020 9:10,Service Completed,Resolved,2020-07-20 09:09:00,173794,101004177801,2020-07-20,9:09,2020-10-03,9:10
173793-101004177775,Tree Removal,Parks and Recreation,5600 APGAR ST&15830 MUSKEGON ST,9/9/2020 8:54,Service Completed,Resolved,2020-07-20 08:53:00,173793,101004177775,2020-07-20,8:53,2020-09-09,8:54
173790-101004177611,Tree Removal,Parks and Recreation,5106 RIDGEHAVEN DR,9/9/2020 7:32,Service Completed,Resolved,2020-07-20 07:31:00,173790,101004177611,2020-07-20,7:31,2020-09-09,7:32
101004177504,Tree Trim,Parks and Recreation,10039 LARSTON ST,10/3/2020 6:51,Service Completed,Resolved,2020-07-20 06:50:00, ,101004177504,2020-07-20,6:50,2020-10-03,6:51
173789-101004177490,Tree Trim,Parks and Recreation,654 EDGEBROOK DR,10/3/2020 6:46,Service Completed,Resolved,2020-07-20 06:45:00,173789,101004177490,2020-07-20,6:45,2020-10-03,6:46
173788-101004177470,Tree Trim,Parks and Recreation,6614 KASSARINE PASS,10/3/2020 6:39,Service Completed,Resolved,2020-07-20 06:38:00,173788,101004177470,2020-07-20,6:38,2020-10-03,6:39
173787-101004177436,Tree Removal,Parks and Recreation,401 LOUISIANA ST,9/9/2020 6:29,Service Completed,Resolved,2020-07-20 06:28:00,173787,101004177436,2020-07-20,6:28,2020-09-09,6:29
173786-101004177420,Tree Removal,Parks and Recreation,2800 NORTHPARK DR&4316 WOODBRIDGE DR,9/9/2020 6:21,Service Completed,Resolved,2020-07-20 06:20:00,173786,101004177420,2020-07-20,6:20,2020-09-09,6:21
173785-101004177416,Tree Trim,Parks and Recreation,5100 CORNISH ST&2100 ROY ST,10/3/2020 6:18,Service Completed,Resolved,2020-07-20 06:17:00,173785,101004177416,2020-07-20,6:17,2020-10-03,6:18
173784-101004177403,Tree Code Violation,Parks and Recreation,3014 WESTERLAND DR,9/10/2020 6:12,Service Completed,Resolved,2020-07-20 06:11:00,173784,101004177403,2020-07-20,6:11,2020-09-10,6:12
173783-101004177376,Tree Trim,Parks and Recreation,41 PENWAY ST,10/3/2020 5:59,Service Completed,Resolved,2020-07-20 05:58:00,173783,101004177376,2020-07-20,5:58,2020-10-03,5:59
173782-101004177311,Tree Trim,Parks and Recreation,1201 DANUBE ST,10/3/2020 5:34,Service Completed,Resolved,2020-07-20 05:33:00,173782,101004177311,2020-07-20,5:33,2020-10-03,5:34
173781-101004177305,Tree Trim,Parks and Recreation,15200 SPACE CENTER BLVD,10/3/2020 5:33,Service Completed,Resolved,2020-07-20 05:32:00,173781,101004177305,2020-07-20,5:32,2020-10-03,5:33
173779-101004177296,Tree Trim,Parks and Recreation,3735 W ALABAMA ST,10/3/2020 5:30,Service Completed,Resolved,2020-07-20 05:29:00,173779,101004177296,2020-07-20,5:29,2020-10-03,5:30
173778-101004177288,Tree Trim,Parks and Recreation,6600 CORPORATE DR,10/3/2020 5:28,Service Completed,Resolved,2020-07-20 05:27:00,173778,101004177288,2020-07-20,5:27,2020-10-03,5:28
173777-101004177272,Tree Trim,Parks and Recreation,1118 CALIFORNIA ST,10/3/2020 5:21,Service Completed,Resolved,2020-07-20 05:20:00,173777,101004177272,2020-07-20,5:20,2020-10-03,5:21
173776-101004177242,Tree Trim,Parks and Recreation,5340 E OREM DR&12100 ROCKFORD DR,10/3/2020 5:10,Service Completed,Resolved,2020-07-20 05:09:00,173776,101004177242,2020-07-20,5:09,2020-10-03,5:10
173775-101004177237,Tree Trim,Parks and Recreation,12100 FAWNWAY DR&5320 E OREM DR,10/3/2020 5:08,Service Completed,Resolved,2020-07-20 05:07:00,173775,101004177237,2020-07-20,5:07,2020-10-03,5:08
173774-101004177231,Tree Trim,Parks and Recreation,12130 SANDROCK DR,10/3/2020 5:05,Service Completed,Resolved,2020-07-20 05:04:00,173774,101004177231,2020-07-20,5:04,2020-10-03,5:05
173772-101004177160,Tree Trim,Parks and Recreation,1700 RICHMOND AVE,10/3/2020 4:43,Service Completed,Resolved,2020-07-20 04:42:00,173772,101004177160,2020-07-20,4:42,2020-10-03,4:43
173771-101004177155,Tree Trim,Parks and Recreation,1212 GESSNER DR,10/3/2020 4:40,Service Completed,Resolved,2020-07-20 04:39:00,173771,101004177155,2020-07-20,4:39,2020-10-03,4:40
173770-101004177105,Tree Trim,Parks and Recreation,2400 MILLS ST&1800 WEST ST,10/3/2020 4:25,Service Completed,Resolved,2020-07-20 04:24:00,173770,101004177105,2020-07-20,4:24,2020-10-03,4:25
173768-101004177095,Tree Trim,Parks and Recreation,4200 NORTHPARK DR&4500 ROCK SPRINGS DR,10/3/2020 4:21,Service Completed,Resolved,2020-07-20 04:20:00,173768,101004177095,2020-07-20,4:20,2020-10-03,4:21
173767-101004177016,Tree Trim,Parks and Recreation,12428 DUMAS ST&9400 GALVESTON RD,10/3/2020 3:58,Service Completed,Resolved,2020-07-20 03:57:00,173767,101004177016,2020-07-20,3:57,2020-10-03,3:58
173762-101004176892,Tree Trim,Parks and Recreation,1102 BINGHAM ST,10/3/2020 0:44,Service Completed,Resolved,2020-07-20 00:43:00,173762,101004176892,2020-07-20,0:43,2020-10-03,0:44
173761-101004176884,Tree Trim,Parks and Recreation,4700 ANDERSON RD&15250 BUXLEY ST,10/2/2020 23:59,Service Completed,Resolved,2020-07-19 23:58:00,173761,101004176884,2020-07-19,23:58,2020-10-02,23:59
173760-101004176705,Tree Trim,Parks and Recreation,1308 VASSAR ST,10/2/2020 12:57,Service Completed,Resolved,2020-07-19 12:56:00,173760,101004176705,2020-07-19,12:56,2020-10-02,12:57
173759-101004176690,Tree Trim,Parks and Recreation,5240 E OREM DR&12200 SANDHURST DR,10/2/2020 12:22,Service Completed,Resolved,2020-07-19 12:21:00,173759,101004176690,2020-07-19,12:21,2020-10-02,12:22
173758-101004176634,Tree Trim,Parks and Recreation,10800 S GESSNER RD&10600 WESTBRAE PKWY ,10/2/2020 10:15,Service Completed,Resolved,2020-07-19 10:14:00,173758,101004176634,2020-07-19,10:14,2020-10-02,10:15
173757-101004176552,Tree Trim,Parks and Recreation,331 HARBOR ST,10/2/2020 6:50,Service Completed,Resolved,2020-07-19 06:49:00,173757,101004176552,2020-07-19,6:49,2020-10-02,6:50
101004176548,Tree Trim,Parks and Recreation,5031 LYMBAR DR,10/2/2020 6:47,Service Completed,Resolved,2020-07-19 06:46:00, ,101004176548,2020-07-19,6:46,2020-10-02,6:47
173755-101004176495,Tree Removal,Parks and Recreation,3131 TUAM ST,9/8/2020 4:49,Service Completed,Resolved,2020-07-19 04:48:00,173755,101004176495,2020-07-19,4:48,2020-09-08,4:49
173754-101004176211,Tree Trim,Parks and Recreation,6617 KASSARINE PASS,10/1/2020 11:46,Service Completed,Resolved,2020-07-18 11:45:00,173754,101004176211,2020-07-18,11:45,2020-10-01,11:46
173753-101004175906,Tree Trim,Parks and Recreation,2814 BARBEE ST,10/1/2020 4:42,Service Completed,Resolved,2020-07-18 04:41:00,173753,101004175906,2020-07-18,4:41,2020-10-01,4:42
173752-101004175867,Tree Trim,Parks and Recreation,725 LAWRENCE ST,10/1/2020 4:00,Service Completed,Resolved,2020-07-18 03:59:00,173752,101004175867,2020-07-18,3:59,2020-10-01,4:00
173751-101004175716,Tree Trim,Parks and Recreation,5030 PERRY ST,9/30/2020 18:31,Service Completed,Resolved,2020-07-17 18:30:00,173751,101004175716,2020-07-17,18:30,2020-09-30,18:31
101004175711,Tree Removal,Parks and Recreation,14930 MEMORIAL DR&15000 TURKEY TRAIL CT,9/6/2020 17:54,Service Completed,Resolved,2020-07-17 17:53:00, ,101004175711,2020-07-17,17:53,2020-09-06,17:54
101004175610,Tree Removal,Parks and Recreation,11929 BARRYKNOLL LN,9/6/2020 14:58,Service Completed,Resolved,2020-07-17 14:57:00, ,101004175610,2020-07-17,14:57,2020-09-06,14:58
173748-101004175464,Tree Trim,Parks and Recreation,2134 LOVING ST,9/30/2020 12:10,Service Completed,Resolved,2020-07-17 12:09:00,173748,101004175464,2020-07-17,12:09,2020-09-30,12:10
173747-101004175387,Tree Trim,Parks and Recreation,800 N ELDRIDGE PKWY&15100 MEMORIAL DR,9/30/2020 11:35,Service Completed,Resolved,2020-07-17 11:34:00,173747,101004175387,2020-07-17,11:34,2020-09-30,11:35
173746-101004175202,Tree Trim,Parks and Recreation,3806 PALM ST,9/30/2020 10:12,Service Completed,Resolved,2020-07-17 10:11:00,173746,101004175202,2020-07-17,10:11,2020-09-30,10:12
173745-101004175192,Tree Trim,Parks and Recreation,3300 DAIRY ASHFORD RD&12500 SKYMEADOW DR,9/30/2020 10:09,Service Completed,Resolved,2020-07-17 10:08:00,173745,101004175192,2020-07-17,10:08,2020-09-30,10:09
173744-101004175181,Tree Trim,Parks and Recreation,3200 DAIRY ASHFORD RD&12600 RICHMOND AVE,9/30/2020 10:06,Service Completed,Resolved,2020-07-17 10:05:00,173744,101004175181,2020-07-17,10:05,2020-09-30,10:06
173743-101004175175,Tree Trim,Parks and Recreation,3806 ROSEDALE ST,9/30/2020 10:04,Service Completed,Resolved,2020-07-17 10:03:00,173743,101004175175,2020-07-17,10:03,2020-09-30,10:04
173742-101004175161,Tree Trim,Parks and Recreation,11102 ROANDALE DR,9/30/2020 9:57,Service Completed,Resolved,2020-07-17 09:56:00,173742,101004175161,2020-07-17,9:56,2020-09-30,9:57
173741-101004175018,Tree Trim,Parks and Recreation,510 E CROSSTIMBERS ST,9/30/2020 9:02,Service Completed,Resolved,2020-07-17 09:01:00,173741,101004175018,2020-07-17,9:01,2020-09-30,9:02
173740-101004174937,Tree Trim,Parks and Recreation,2114 ARROW ST&1300 MARLEEN ST,9/30/2020 8:29,Service Completed,Resolved,2020-07-17 08:28:00,173740,101004174937,2020-07-17,8:28,2020-09-30,8:29
173738-101004174896,Tree Trim,Parks and Recreation,8103 MORLEY ST,9/30/2020 8:09,Service Completed,Resolved,2020-07-17 08:08:00,173738,101004174896,2020-07-17,8:08,2020-09-30,8:09
173736-101004174656,Tree Trim,Parks and Recreation,16553 PARK ROW DR,9/30/2020 6:10,Service Completed,Resolved,2020-07-17 06:09:00,173736,101004174656,2020-07-17,6:09,2020-09-30,6:10
173733-101004174225,Tree Trim,Parks and Recreation,12922 WESTPARK DR,9/30/2020 3:21,Service Completed,Resolved,2020-07-17 03:20:00,173733,101004174225,2020-07-17,3:20,2020-09-30,3:21
101004174080,Tree Removal,Parks and Recreation,11022 BELLERIVE DR,9/5/2020 18:04,Service Completed,Resolved,2020-07-16 18:03:00, ,101004174080,2020-07-16,18:03,2020-09-05,18:04
173729-101004173689,Tree Trim,Parks and Recreation,504 VINCENT ST,9/29/2020 10:51,Service Completed,Resolved,2020-07-16 10:50:00,173729,101004173689,2020-07-16,10:50,2020-09-29,10:51
173728-101004173670,Tree Removal,Parks and Recreation,2930 TIDEWATER DR,9/5/2020 10:44,Service Completed,Resolved,2020-07-16 10:43:00,173728,101004173670,2020-07-16,10:43,2020-09-05,10:44
173727-101004173529,Tree Trim,Parks and Recreation,6501 MEMORIAL DR,9/29/2020 9:31,Service Completed,Resolved,2020-07-16 09:30:00,173727,101004173529,2020-07-16,9:30,2020-09-29,9:31
173726-101004173497,Tree Trim,Parks and Recreation,5800 MACKINAW RD&15650 SAMOA WAY,9/29/2020 9:18,Service Completed,Resolved,2020-07-16 09:17:00,173726,101004173497,2020-07-16,9:17,2020-09-29,9:18
173725-101004173475,Tree Trim,Parks and Recreation,3901 OMEARA DR,9/29/2020 9:08,Service Completed,Resolved,2020-07-16 09:07:00,173725,101004173475,2020-07-16,9:07,2020-09-29,9:08
173719-101004173259,Tree Stump Grinding,Parks and Recreation,12413 PALMBEACH ST,11/9/2020 6:27,Service Completed,Resolved,2020-07-16 07:26:00,173719,101004173259,2020-07-16,7:26,2020-11-09,6:27
173718-101004173199,Tree Trim,Parks and Recreation,12115 PANAY DR,9/29/2020 7:00,Service Completed,Resolved,2020-07-16 06:59:00,173718,101004173199,2020-07-16,6:59,2020-09-29,7:00
173717-101004173101,Tree Trim,Parks and Recreation,1300 STUDER ST,9/29/2020 6:16,Service Completed,Resolved,2020-07-16 06:15:00,173717,101004173101,2020-07-16,6:15,2020-09-29,6:16
173716-101004173087,Tree Trim,Parks and Recreation,2706 EAGLE ST,9/29/2020 6:11,Service Completed,Resolved,2020-07-16 06:10:00,173716,101004173087,2020-07-16,6:10,2020-09-29,6:11
173715-101004173068,Tree Trim,Parks and Recreation,470 CHIMNEY ROCK RD&5700 INDIAN TRL,9/29/2020 5:58,Service Completed,Resolved,2020-07-16 05:57:00,173715,101004173068,2020-07-16,5:57,2020-09-29,5:58
173714-101004173007,Tree Trim,Parks and Recreation,3500 LINK VALLEY DR&9800 TIMBERSIDE DR,9/29/2020 5:35,Service Completed,Resolved,2020-07-16 05:34:00,173714,101004173007,2020-07-16,5:34,2020-09-29,5:35
173713-101004172984,Tree Trim,Parks and Recreation,401 LOUISIANA ST,9/29/2020 5:27,Service Completed,Resolved,2020-07-16 05:26:00,173713,101004172984,2020-07-16,5:26,2020-09-29,5:27
173712-101004172968,Tree Trim,Parks and Recreation,7515 WOODRIDGE PL,9/29/2020 5:21,Service Completed,Resolved,2020-07-16 05:20:00,173712,101004172968,2020-07-16,5:20,2020-09-29,5:21
173710-101004172846,Tree Trim,Parks and Recreation,414 E 15TH ST,9/29/2020 4:38,Service Completed,Resolved,2020-07-16 04:37:00,173710,101004172846,2020-07-16,4:37,2020-09-29,4:38
173708-101004172785,Tree Removal,Parks and Recreation,3107 VIRGINIA ST,9/5/2020 4:11,Service Completed,Resolved,2020-07-16 04:10:00,173708,101004172785,2020-07-16,4:10,2020-09-05,4:11
173705-101004172689,Tree Trim,Parks and Recreation,6403 BRIAR GLADE DR,9/29/2020 3:05,Service Completed,Resolved,2020-07-16 03:04:00,173705,101004172689,2020-07-16,3:04,2020-09-29,3:05
173704-101004162344,Tree Removal,Parks and Recreation,6519 FAIRWAY DR,9/4/2020 12:03,Service Completed,Resolved,2020-07-15 12:02:00,173704,101004162344,2020-07-15,12:02,2020-09-04,12:03
173703-101004162335,Tree Stump Grinding,Parks and Recreation,7135 SIMS DR,11/8/2020 10:59,Service Completed,Resolved,2020-07-15 11:58:00,173703,101004162335,2020-07-15,11:58,2020-11-08,10:59
173702-101004162246,Tree Trim,Parks and Recreation,834 FAIR ST,9/28/2020 11:17,Service Completed,Resolved,2020-07-15 11:16:00,173702,101004162246,2020-07-15,11:16,2020-09-28,11:17
173701-101004162224,Tree Removal,Parks and Recreation,6521 JACKWOOD ST,9/4/2020 11:06,Service Completed,Resolved,2020-07-15 11:05:00,173701,101004162224,2020-07-15,11:05,2020-09-04,11:06
173698-101004162106,Tree Trim,Parks and Recreation,4700 AFTONSHIRE DR&3100 VOSSDALE RD,9/28/2020 10:13,Service Completed,Resolved,2020-07-15 10:12:00,173698,101004162106,2020-07-15,10:12,2020-09-28,10:13
173697-101004162078,Tree Trim,Parks and Recreation,5722 TURTLE CREEK RD,9/28/2020 10:00,Service Completed,Resolved,2020-07-15 09:59:00,173697,101004162078,2020-07-15,9:59,2020-09-28,10:00
173693-101004161776,Tree Trim,Parks and Recreation,7319 GREENBRIAR DR,9/28/2020 7:37,Service Completed,Resolved,2020-07-15 07:36:00,173693,101004161776,2020-07-15,7:36,2020-09-28,7:37
173692-101004161753,Tree Removal,Parks and Recreation,17 STILES ST,9/4/2020 7:29,Service Completed,Resolved,2020-07-15 07:28:00,173692,101004161753,2020-07-15,7:28,2020-09-04,7:29
173691-101004161696,Tree Trim,Parks and Recreation,8931 VALLEY HOLLOW DR,9/28/2020 7:05,Service Completed,Resolved,2020-07-15 07:04:00,173691,101004161696,2020-07-15,7:04,2020-09-28,7:05
173690-101004161597,Tree Trim,Parks and Recreation,2058 BRANARD ST,9/28/2020 6:19,Service Completed,Resolved,2020-07-15 06:18:00,173690,101004161597,2020-07-15,6:18,2020-09-28,6:19
173689-101004161585,Tree Trim,Parks and Recreation,1324 DENNIS ST,9/28/2020 6:12,Service Completed,Resolved,2020-07-15 06:11:00,173689,101004161585,2020-07-15,6:11,2020-09-28,6:12
173688-101004151328,Tree Trim,Parks and Recreation,300 W ALABAMA ST&3800 BRANDT ST,9/28/2020 4:25,Service Completed,Resolved,2020-07-15 04:24:00,173688,101004151328,2020-07-15,4:24,2020-09-28,4:25
173687-101004151294,Tree Trim,Parks and Recreation,6717 SHERMAN ST,9/28/2020 4:12,Service Completed,Resolved,2020-07-15 04:11:00,173687,101004151294,2020-07-15,4:11,2020-09-28,4:12
173685-101004151097,Tree Trim,Parks and Recreation,7915 MORLEY ST,9/28/2020 2:23,Service Completed,Resolved,2020-07-15 02:22:00,173685,101004151097,2020-07-15,2:22,2020-09-28,2:23
173684-101004151057,Tree Trim,Parks and Recreation,220 E 26TH ST,9/28/2020 1:40,Service Completed,Resolved,2020-07-15 01:39:00,173684,101004151057,2020-07-15,1:39,2020-09-28,1:40
173682-101004150868,Tree Trim,Parks and Recreation,3000 MILLS BRANCH DR&4400 NORTHPARK DR&4500 WOODSTREAM VILLAGE DR,9/27/2020 18:31,Service Completed,Resolved,2020-07-14 18:30:00,173682,101004150868,2020-07-14,18:30,2020-09-27,18:31
173681-101004150720,Tree Trim,Parks and Recreation,12303 LONGBROOK DR,9/27/2020 14:02,Service Completed,Resolved,2020-07-14 14:01:00,173681,101004150720,2020-07-14,14:01,2020-09-27,14:02
173680-101004150664,Tree Trim,Parks and Recreation,2918 WHEELER ST,9/27/2020 13:12,Service Completed,Resolved,2020-07-14 13:11:00,173680,101004150664,2020-07-14,13:11,2020-09-27,13:12
173679-101004150609,Tree Trim,Parks and Recreation,2902 ELLA LEE LN,9/27/2020 12:35,Service Completed,Resolved,2020-07-14 12:34:00,173679,101004150609,2020-07-14,12:34,2020-09-27,12:35
173678-101004150603,Tree Stump Grinding,Parks and Recreation,2909 WHEELER ST,11/7/2020 11:33,Service Completed,Resolved,2020-07-14 12:32:00,173678,101004150603,2020-07-14,12:32,2020-11-07,11:33
173677-101004150593,Tree Trim,Parks and Recreation,6100 S BRAESWOOD BLVD&9400 BRAEWICK DR,9/27/2020 12:25,Service Completed,Resolved,2020-07-14 12:24:00,173677,101004150593,2020-07-14,12:24,2020-09-27,12:25
173676-101004150548,Tree Trim,Parks and Recreation,6720 S HAYWOOD DR,9/27/2020 11:54,Service Completed,Resolved,2020-07-14 11:53:00,173676,101004150548,2020-07-14,11:53,2020-09-27,11:54
173668-101004150348,Tree Trim,Parks and Recreation,4354 ELMWOOD ST,9/27/2020 10:24,Service Completed,Resolved,2020-07-14 10:23:00,173668,101004150348,2020-07-14,10:23,2020-09-27,10:24
173667-101004150271,Tree Trim,Parks and Recreation,3400 W 34TH ST&3400 W T C JESTER BLVD,9/27/2020 9:59,Service Completed,Resolved,2020-07-14 09:58:00,173667,101004150271,2020-07-14,9:58,2020-09-27,9:59
173666-101004150095,Tree Trim,Parks and Recreation,6316 PICKENS ST,9/27/2020 8:52,Service Completed,Resolved,2020-07-14 08:51:00,173666,101004150095,2020-07-14,8:51,2020-09-27,8:52
173665-101004149982,Tree Trim,Parks and Recreation,4601 HARDY ST,9/27/2020 8:16,Service Completed,Resolved,2020-07-14 08:15:00,173665,101004149982,2020-07-14,8:15,2020-09-27,8:16
173664-101004149952,Tree Removal,Parks and Recreation,2212 TANGLEY ST,9/3/2020 8:02,Service Completed,Resolved,2020-07-14 08:01:00,173664,101004149952,2020-07-14,8:01,2020-09-03,8:02
173662-101004149738,Tree Removal,Parks and Recreation,15139 JORDAN OAKS ST,9/3/2020 6:35,Service Completed,Resolved,2020-07-14 06:34:00,173662,101004149738,2020-07-14,6:34,2020-09-03,6:35
173663-101004149736,Tree Removal,Parks and Recreation,7401 LOS ANGELES ST,9/3/2020 6:34,Service Completed,Resolved,2020-07-14 06:33:00,173663,101004149736,2020-07-14,6:33,2020-09-03,6:34
173661-101004149701,Tree Trim,Parks and Recreation,7435 ARNIM ST,9/27/2020 6:19,Service Completed,Resolved,2020-07-14 06:18:00,173661,101004149701,2020-07-14,6:18,2020-09-27,6:19
173660-101004149679,Tree Trim,Parks and Recreation,18203 GROSCHKE RD,9/27/2020 6:11,Service Completed,Resolved,2020-07-14 06:10:00,173660,101004149679,2020-07-14,6:10,2020-09-27,6:11
173659-101004149630,Tree Trim,Parks and Recreation,1200 S LOCKWOOD DR&4600 WOODSIDE ST,9/27/2020 5:49,Service Completed,Resolved,2020-07-14 05:48:00,173659,101004149630,2020-07-14,5:48,2020-09-27,5:49
173658-101004149594,Tree Trim,Parks and Recreation,5055 BELLFORT ST,9/27/2020 5:36,Service Completed,Resolved,2020-07-14 05:35:00,173658,101004149594,2020-07-14,5:35,2020-09-27,5:36
173657-101004149468,Tree Trim,Parks and Recreation,7807 BURNING HILLS DR,9/27/2020 4:46,Service Completed,Resolved,2020-07-14 04:45:00,173657,101004149468,2020-07-14,4:45,2020-09-27,4:46
173656-101004149432,Tree Trim,Parks and Recreation,401 LOUISIANA ST,9/27/2020 4:22,Service Completed,Resolved,2020-07-14 04:21:00,173656,101004149432,2020-07-14,4:21,2020-09-27,4:22
173655-101004149348,Tree Trim,Parks and Recreation,225 COCKEREL ST,9/27/2020 3:47,Service Completed,Resolved,2020-07-14 03:46:00,173655,101004149348,2020-07-14,3:46,2020-09-27,3:47
173652-101004149203,Tree Trim,Parks and Recreation,1001 COLUMBIA ST,9/27/2020 1:50,Service Completed,Resolved,2020-07-14 01:49:00,173652,101004149203,2020-07-14,1:49,2020-09-27,1:50
101004149133,Tree Trim,Parks and Recreation,4003 ANTOINE DR,9/26/2020 20:53,Service Completed,Resolved,2020-07-13 20:52:00, ,101004149133,2020-07-13,20:52,2020-09-26,20:53
173650-101004149042,Tree Removal,Parks and Recreation,14615 FLAIR DR,9/2/2020 18:36,Service Completed,Resolved,2020-07-13 18:35:00,173650,101004149042,2020-07-13,18:35,2020-09-02,18:36
173649-101004148743,Tree Trim,Parks and Recreation,542 ARLINGTON ST,9/26/2020 11:43,Service Completed,Resolved,2020-07-13 11:42:00,173649,101004148743,2020-07-13,11:42,2020-09-26,11:43
173648-101004148716,Tree Trim,Parks and Recreation,7200 COWART ST&1400 PORT ST,9/26/2020 11:25,Service Completed,Resolved,2020-07-13 11:24:00,173648,101004148716,2020-07-13,11:24,2020-09-26,11:25
173645-101004148548,Tree Trim,Parks and Recreation,7918 BURMAN ST,9/26/2020 10:17,Service Completed,Resolved,2020-07-13 10:16:00,173645,101004148548,2020-07-13,10:16,2020-09-26,10:17
173643-101004148412,Tree Removal,Parks and Recreation,609 N ELDRIDGE PKWY,9/2/2020 9:11,Service Completed,Resolved,2020-07-13 09:10:00,173643,101004148412,2020-07-13,9:10,2020-09-02,9:11
173642-101004148312,Tree Removal,Parks and Recreation,602 W 12TH ST,9/2/2020 8:48,Service Completed,Resolved,2020-07-13 08:47:00,173642,101004148312,2020-07-13,8:47,2020-09-02,8:48
173641-101004148300,Tree Removal,Parks and Recreation,619 W 12TH ST,9/2/2020 8:42,Service Completed,Resolved,2020-07-13 08:41:00,173641,101004148300,2020-07-13,8:41,2020-09-02,8:42
173640-101004148283,Tree Trim,Parks and Recreation,9211 STROUD DR,9/26/2020 8:32,Service Completed,Resolved,2020-07-13 08:31:00,173640,101004148283,2020-07-13,8:31,2020-09-26,8:32
173639-101004148262,Tree Trim,Parks and Recreation,2900 ADA ST&232 NORTH ST,9/26/2020 8:17,Service Completed,Resolved,2020-07-13 08:16:00,173639,101004148262,2020-07-13,8:16,2020-09-26,8:17
173638-101004148215,Tree Removal,Parks and Recreation,3405 SEABROOK ST,9/2/2020 7:51,Service Completed,Resolved,2020-07-13 07:50:00,173638,101004148215,2020-07-13,7:50,2020-09-02,7:51
173636-101004148207,Tree Removal,Parks and Recreation,7739 ANTOINE DR,9/2/2020 7:46,Service Completed,Resolved,2020-07-13 07:45:00,173636,101004148207,2020-07-13,7:45,2020-09-02,7:46
173634-101004148155,Tree Trim,Parks and Recreation,5102 LINDSAY ST,9/26/2020 7:21,Service Completed,Resolved,2020-07-13 07:20:00,173634,101004148155,2020-07-13,7:20,2020-09-26,7:21
173633-101004148149,Tree Trim,Parks and Recreation,4200 NORTHPARK DR&4500 ROCK SPRINGS DR,9/26/2020 7:18,Service Completed,Resolved,2020-07-13 07:17:00,173633,101004148149,2020-07-13,7:17,2020-09-26,7:18
173632-101004147972,Tree Removal,Parks and Recreation,11500 SAGEDOWNE LN&11350 SAGEGLEN DR ,9/2/2020 6:24,Service Completed,Resolved,2020-07-13 06:23:00,173632,101004147972,2020-07-13,6:23,2020-09-02,6:24
173631-101004147931,Tree Trim,Parks and Recreation,7204 BOYCE ST,9/26/2020 6:11,Service Completed,Resolved,2020-07-13 06:10:00,173631,101004147931,2020-07-13,6:10,2020-09-26,6:11
173630-101004147836,Tree Removal,Parks and Recreation,6700 KIRBY DR&2500 MCCLENDON ST,9/2/2020 5:41,Service Completed,Resolved,2020-07-13 05:40:00,173630,101004147836,2020-07-13,5:40,2020-09-02,5:41
173629-101004147807,Tree Trim,Parks and Recreation,1615 COLQUITT ST,9/26/2020 5:32,Service Completed,Resolved,2020-07-13 05:31:00,173629,101004147807,2020-07-13,5:31,2020-09-26,5:32
173628-101004147706,Tree Removal,Parks and Recreation,6307 ROSEMARY LN,9/2/2020 4:53,Service Completed,Resolved,2020-07-13 04:52:00,173628,101004147706,2020-07-13,4:52,2020-09-02,4:53
173626-101004147654,Tree Planting,Parks and Recreation,410 W 16TH ST,8/7/2020 4:35,Service Completed,Resolved,2020-07-13 04:34:00,173626,101004147654,2020-07-13,4:34,2020-08-07,4:35
173624-101004147506,Tree Trim,Parks and Recreation,1323 WOODCREST DR,9/26/2020 3:27,Service Completed,Resolved,2020-07-13 03:26:00,173624,101004147506,2020-07-13,3:26,2020-09-26,3:27
173623-101004147464,Tree Trim,Parks and Recreation,4419 WOODSIDE ST,9/26/2020 2:53,Service Completed,Resolved,2020-07-13 02:52:00,173623,101004147464,2020-07-13,2:52,2020-09-26,2:53
173622-101004147156,Tree Trim,Parks and Recreation,2610 ALMEDA PLAZA DR,9/25/2020 9:43,Service Completed,Resolved,2020-07-12 09:42:00,173622,101004147156,2020-07-12,9:42,2020-09-25,9:43
173621-101004147109,Tree Removal,Parks and Recreation,12306 FOXRIDGE DR,9/1/2020 7:27,Service Completed,Resolved,2020-07-12 07:26:00,173621,101004147109,2020-07-12,7:26,2020-09-01,7:27
173620-101004147034,Tree Removal,Parks and Recreation,6631 PHILLIPS ST,9/1/2020 5:08,Service Completed,Resolved,2020-07-12 05:07:00,173620,101004147034,2020-07-12,5:07,2020-09-01,5:08
173619-101004147029,Tree Removal,Parks and Recreation,7810 BELBAY ST,9/1/2020 4:51,Service Completed,Resolved,2020-07-12 04:50:00,173619,101004147029,2020-07-12,4:50,2020-09-01,4:51
101004146996,Tree Trim,Parks and Recreation,2003 WILDE ROCK WAY,9/25/2020 3:04,Service Completed,Resolved,2020-07-12 03:03:00, ,101004146996,2020-07-12,3:03,2020-09-25,3:04
173618-101004146903,Tree Removal,Parks and Recreation,7301 PARSONS ST,8/31/2020 15:33,Service Completed,Resolved,2020-07-11 15:32:00,173618,101004146903,2020-07-11,15:32,2020-08-31,15:33
173617-101004146555,Tree Trim,Parks and Recreation,2310 FREEMAN ST,9/24/2020 5:27,Service Completed,Resolved,2020-07-11 05:26:00,173617,101004146555,2020-07-11,5:26,2020-09-24,5:27
173616-101004146396,Tree Trim,Parks and Recreation,217 HEIGHTS BLVD,9/23/2020 21:28,Service Completed,Resolved,2020-07-10 21:27:00,173616,101004146396,2020-07-10,21:27,2020-09-23,21:28
173615-101004145947,Tree Trim,Parks and Recreation,6400 CALDER ST&6300 DELL ST,9/23/2020 10:42,Service Completed,Resolved,2020-07-10 10:41:00,173615,101004145947,2020-07-10,10:41,2020-09-23,10:42
173614-101004145943,Tree Trim,Parks and Recreation,6101 BELLFORT ST,9/23/2020 10:40,Service Completed,Resolved,2020-07-10 10:39:00,173614,101004145943,2020-07-10,10:39,2020-09-23,10:40
173610-101004145818,Tree Removal,Parks and Recreation,341 DORCHESTER ST,8/30/2020 9:52,Service Completed,Resolved,2020-07-10 09:51:00,173610,101004145818,2020-07-10,9:51,2020-08-30,9:52
173609-101004145809,Tree Trim,Parks and Recreation,9440 BELLAIRE BLVD,9/23/2020 9:49,Service Completed,Resolved,2020-07-10 09:48:00,173609,101004145809,2020-07-10,9:48,2020-09-23,9:49
173605-101004145452,Tree Trim,Parks and Recreation,1122 BAYLAND AVE,9/23/2020 6:54,Service Completed,Resolved,2020-07-10 06:53:00,173605,101004145452,2020-07-10,6:53,2020-09-23,6:54
173604-101004145423,Tree Trim,Parks and Recreation,316 BURR ST,9/23/2020 6:38,Service Completed,Resolved,2020-07-10 06:37:00,173604,101004145423,2020-07-10,6:37,2020-09-23,6:38
173603-101004145307,Tree Removal,Parks and Recreation,6318 N SOUTHWOOD CT,8/30/2020 5:49,Service Completed,Resolved,2020-07-10 05:48:00,173603,101004145307,2020-07-10,5:48,2020-08-30,5:49
173602-101004145246,Tree Trim,Parks and Recreation,8630 RANNIE RD,9/23/2020 5:20,Service Completed,Resolved,2020-07-10 05:19:00,173602,101004145246,2020-07-10,5:19,2020-09-23,5:20
173601-101004145244,Tree Trim,Parks and Recreation,104 JOHN ALBER RD&11900 MEADOWFAIR ST,9/23/2020 5:19,Service Completed,Resolved,2020-07-10 05:18:00,173601,101004145244,2020-07-10,5:18,2020-09-23,5:19
173600-101004145154,Tree Removal,Parks and Recreation,6733 MYRTLE ST,8/30/2020 4:52,Service Completed,Resolved,2020-07-10 04:51:00,173600,101004145154,2020-07-10,4:51,2020-08-30,4:52
173599-101004145031,Tree Trim,Parks and Recreation,5502 MELANITE AVE,9/23/2020 4:01,Service Completed,Resolved,2020-07-10 04:00:00,173599,101004145031,2020-07-10,4:00,2020-09-23,4:01
173598-101004145022,Tree Removal,Parks and Recreation,5502 MELANITE AVE,8/30/2020 3:56,Service Completed,Resolved,2020-07-10 03:55:00,173598,101004145022,2020-07-10,3:55,2020-08-30,3:56
173597-101004144959,Tree Removal,Parks and Recreation,321 BOLDEN ST,8/30/2020 3:31,Service Completed,Resolved,2020-07-10 03:30:00,173597,101004144959,2020-07-10,3:30,2020-08-30,3:31
173596-101004144885,Tree Trim,Parks and Recreation,3601 CORDER ST,9/23/2020 2:20,Service Completed,Resolved,2020-07-10 02:19:00,173596,101004144885,2020-07-10,2:19,2020-09-23,2:20
173595-101004144862,Tree Trim,Parks and Recreation,3614 SARATOGA DR,9/23/2020 0:44,Service Completed,Resolved,2020-07-10 00:43:00,173595,101004144862,2020-07-10,0:43,2020-09-23,0:44
173594-101004144760,Tree Removal,Parks and Recreation,3815 LEMON TREE LN,8/29/2020 17:47,Service Completed,Resolved,2020-07-09 17:46:00,173594,101004144760,2020-07-09,17:46,2020-08-29,17:47
101004144740,Tree Trim,Parks and Recreation,6410 KASSARINE PASS,9/22/2020 16:47,Service Completed,Resolved,2020-07-09 16:46:00, ,101004144740,2020-07-09,16:46,2020-09-22,16:47
173592-101004144627,Tree Trim,Parks and Recreation,7500 CAROTHERS ST&7900 ELBERT ST,9/22/2020 13:15,Service Completed,Resolved,2020-07-09 13:14:00,173592,101004144627,2020-07-09,13:14,2020-09-22,13:15
173591-101004144616,Tree Trim,Parks and Recreation,2323 WORDSWORTH ST,9/22/2020 13:01,Service Completed,Resolved,2020-07-09 13:00:00,173591,101004144616,2020-07-09,13:00,2020-09-22,13:01
356626-101004144546,Tree Trim,Parks and Recreation,2717 MCDUFFIE ST,9/22/2020 12:10,Service Completed,Resolved,2020-07-09 12:09:00,356626,101004144546,2020-07-09,12:09,2020-09-22,12:10
101004144540,Tree Trim,Parks and Recreation,2309 FREEMAN ST,9/22/2020 12:05,Service Completed,Resolved,2020-07-09 12:04:00, ,101004144540,2020-07-09,12:04,2020-09-22,12:05
173587-101004144465,Tree Removal,Parks and Recreation,3614 SARATOGA DR,8/29/2020 11:31,Service Completed,Resolved,2020-07-09 11:30:00,173587,101004144465,2020-07-09,11:30,2020-08-29,11:31
173586-101004144387,Tree Trim,Parks and Recreation,4102 LAMAR ST,9/22/2020 11:03,Service Completed,Resolved,2020-07-09 11:02:00,173586,101004144387,2020-07-09,11:02,2020-09-22,11:03
173584-101004144327,Tree Trim,Parks and Recreation,2025 ELMEN ST,9/22/2020 10:35,Service Completed,Resolved,2020-07-09 10:34:00,173584,101004144327,2020-07-09,10:34,2020-09-22,10:35
173583-101004144324,Tree Trim,Parks and Recreation,717 PINEHAVEN DR,9/22/2020 10:34,Service Completed,Resolved,2020-07-09 10:33:00,173583,101004144324,2020-07-09,10:33,2020-09-22,10:34
356623-101004144293,Tree Trim,Parks and Recreation,2121 OAKDALE ST,9/22/2020 10:23,Service Completed,Resolved,2020-07-09 10:22:00,356623,101004144293,2020-07-09,10:22,2020-09-22,10:23
173582-101004144290,Tree Trim,Parks and Recreation,13600 CORINTHIAN POINTE DR&5800 W OREM DR,9/22/2020 10:22,Service Completed,Resolved,2020-07-09 10:21:00,173582,101004144290,2020-07-09,10:21,2020-09-22,10:22
173578-101004144288,Tree Trim,Parks and Recreation,9022 S DAIRY ASHFORD ST,9/22/2020 10:21,Service Completed,Resolved,2020-07-09 10:20:00,173578,101004144288,2020-07-09,10:20,2020-09-22,10:21
173577-101004144257,Tree Trim,Parks and Recreation,9436 COFFEE ST,9/22/2020 10:06,Service Completed,Resolved,2020-07-09 10:05:00,173577,101004144257,2020-07-09,10:05,2020-09-22,10:06
173576-101004144249,Tree Trim,Parks and Recreation,470 PINEWOLD DR&500 S POST OAK LN,9/22/2020 10:03,Service Completed,Resolved,2020-07-09 10:02:00,173576,101004144249,2020-07-09,10:02,2020-09-22,10:03
173575-101004144227,Tree Trim,Parks and Recreation,1300 FAIRBANKS ST&5600 GANO ST,9/22/2020 9:49,Service Completed,Resolved,2020-07-09 09:48:00,173575,101004144227,2020-07-09,9:48,2020-09-22,9:49
173574-101004144120,Tree Trim,Parks and Recreation,13722 WOODSPIRE DR,9/22/2020 9:05,Service Completed,Resolved,2020-07-09 09:04:00,173574,101004144120,2020-07-09,9:04,2020-09-22,9:05
173571-101004144083,Tree Removal,Parks and Recreation,906 HIGHLAND ST,8/29/2020 8:41,Service Completed,Resolved,2020-07-09 08:40:00,173571,101004144083,2020-07-09,8:40,2020-08-29,8:41
173569-101004144004,Tree Trim,Parks and Recreation,5242 CANTERWAY DR,9/22/2020 8:07,Service Completed,Resolved,2020-07-09 08:06:00,173569,101004144004,2020-07-09,8:06,2020-09-22,8:07
173568-101004143886,Tree Trim,Parks and Recreation,4018 GARDENDALE DR,9/22/2020 7:14,Service Completed,Resolved,2020-07-09 07:13:00,173568,101004143886,2020-07-09,7:13,2020-09-22,7:14
173567-101004143879,Tree Trim,Parks and Recreation,7000 LACY HILL DR&9100 LEADER ST,9/22/2020 7:12,Service Completed,Resolved,2020-07-09 07:11:00,173567,101004143879,2020-07-09,7:11,2020-09-22,7:12
173566-101004143683,Tree Trim,Parks and Recreation,906 MARLEEN ST,9/22/2020 6:11,Service Completed,Resolved,2020-07-09 06:10:00,173566,101004143683,2020-07-09,6:10,2020-09-22,6:11
173565-101004143638,Tree Trim,Parks and Recreation,220 E COWAN DR,9/22/2020 5:53,Service Completed,Resolved,2020-07-09 05:52:00,173565,101004143638,2020-07-09,5:52,2020-09-22,5:53
173563-101004143515,Tree Trim,Parks and Recreation,10314 COOK RD&12300 LONGBROOK DR ,9/22/2020 5:14,Service Completed,Resolved,2020-07-09 05:13:00,173563,101004143515,2020-07-09,5:13,2020-09-22,5:14
173562-101004143409,Tree Trim,Parks and Recreation,1620 DUMBLE ST&4700 PEASE ST,9/22/2020 4:26,Service Completed,Resolved,2020-07-09 04:25:00,173562,101004143409,2020-07-09,4:25,2020-09-22,4:26
173561-101004143387,Tree Trim,Parks and Recreation,4202 EIGEL ST,9/22/2020 4:15,Service Completed,Resolved,2020-07-09 04:14:00,173561,101004143387,2020-07-09,4:14,2020-09-22,4:15
173560-101004143356,Tree Removal,Parks and Recreation,13834 BURGOYNE RD,8/29/2020 4:01,Service Completed,Resolved,2020-07-09 04:00:00,173560,101004143356,2020-07-09,4:00,2020-08-29,4:01
173559-101004143258,Tree Removal,Parks and Recreation,5353 WESTHEIMER RD,8/29/2020 3:14,Service Completed,Resolved,2020-07-09 03:13:00,173559,101004143258,2020-07-09,3:13,2020-08-29,3:14
173558-101004143194,Tree Trim,Parks and Recreation,3700 COLVIN ST&11700 WALLISVILLE RD,9/22/2020 1:13,Service Completed,Resolved,2020-07-09 01:12:00,173558,101004143194,2020-07-09,1:12,2020-09-22,1:13
173557-101004143023,Tree Trim,Parks and Recreation,10910 VILLA LEA LN,9/21/2020 14:15,Service Completed,Resolved,2020-07-08 14:14:00,173557,101004143023,2020-07-08,14:14,2020-09-21,14:15
173556-101004142957,Tree Removal,Parks and Recreation,8222 BROCKTON ST,8/28/2020 12:37,Service Completed,Resolved,2020-07-08 12:36:00,173556,101004142957,2020-07-08,12:36,2020-08-28,12:37
173554-101004142630,Tree Stump Grinding,Parks and Recreation,2103 RESTRIDGE DR,11/1/2020 8:19,Service Completed,Resolved,2020-07-08 09:18:00,173554,101004142630,2020-07-08,9:18,2020-11-01,8:19
173553-101004142559,Tree Removal,Parks and Recreation,4058 GRENNOCH LN,8/28/2020 8:43,Service Completed,Resolved,2020-07-08 08:42:00,173553,101004142559,2020-07-08,8:42,2020-08-28,8:43
173550-101004142447,Tree Trim,Parks and Recreation,5500 W OREM DR&13800 S POST OAK RD,9/21/2020 7:52,Service Completed,Resolved,2020-07-08 07:51:00,173550,101004142447,2020-07-08,7:51,2020-09-21,7:52
173549-101004142441,Tree Trim,Parks and Recreation,535 E 40TH ST,9/21/2020 7:51,Service Completed,Resolved,2020-07-08 07:50:00,173549,101004142441,2020-07-08,7:50,2020-09-21,7:51
173548-101004142378,Tree Trim,Parks and Recreation,3000 MAINFORD ST&300 NORTH ST,9/21/2020 7:22,Service Completed,Resolved,2020-07-08 07:21:00,173548,101004142378,2020-07-08,7:21,2020-09-21,7:22
173544-101004142238,Tree Trim,Parks and Recreation,11318 HILLCROFT AVE,9/21/2020 6:33,Service Completed,Resolved,2020-07-08 06:32:00,173544,101004142238,2020-07-08,6:32,2020-09-21,6:33
173543-101004142231,Tree Trim,Parks and Recreation,6720 S HAYWOOD DR,9/21/2020 6:28,Service Completed,Resolved,2020-07-08 06:27:00,173543,101004142231,2020-07-08,6:27,2020-09-21,6:28
101004141958,Tree Removal,Parks and Recreation,5305 IRVINGTON BLVD,8/28/2020 4:55,Service Completed,Resolved,2020-07-08 04:54:00, ,101004141958,2020-07-08,4:54,2020-08-28,4:55
173542-101004141925,Tree Removal,Parks and Recreation,12023 BISSONNET ST,8/28/2020 4:44,Service Completed,Resolved,2020-07-08 04:43:00,173542,101004141925,2020-07-08,4:43,2020-08-28,4:44
173541-101004141892,Tree Trim,Parks and Recreation,7203 FINCH ST,9/21/2020 4:33,Service Completed,Resolved,2020-07-08 04:32:00,173541,101004141892,2020-07-08,4:32,2020-09-21,4:33
173540-101004141877,Tree Trim,Parks and Recreation,5354 FAIRDALE LN,9/21/2020 4:29,Service Completed,Resolved,2020-07-08 04:28:00,173540,101004141877,2020-07-08,4:28,2020-09-21,4:29
173539-101004141786,Tree Trim,Parks and Recreation,3202 MORRISON ST,9/21/2020 3:58,Service Completed,Resolved,2020-07-08 03:57:00,173539,101004141786,2020-07-08,3:57,2020-09-21,3:58
173538-101004141769,Tree Trim,Parks and Recreation,1903 SHADOW BEND DR,9/21/2020 3:52,Service Completed,Resolved,2020-07-08 03:51:00,173538,101004141769,2020-07-08,3:51,2020-09-21,3:52
173537-101004141735,Tree Removal,Parks and Recreation,7502 PELLA DR,8/28/2020 3:34,Service Completed,Resolved,2020-07-08 03:33:00,173537,101004141735,2020-07-08,3:33,2020-08-28,3:34
173534-101004141394,Tree Trim,Parks and Recreation,8818 BELLE GLEN DR,9/20/2020 13:59,Service Completed,Resolved,2020-07-07 13:58:00,173534,101004141394,2020-07-07,13:58,2020-09-20,13:59
173533-101004141312,Tree Removal,Parks and Recreation,12600 GREENS BAYOU ST,8/27/2020 12:36,Service Completed,Resolved,2020-07-07 12:35:00,173533,101004141312,2020-07-07,12:35,2020-08-27,12:36
101004141309,Tree Trim,Parks and Recreation,12600 GREENS BAYOU ST,9/20/2020 12:34,Service Completed,Resolved,2020-07-07 12:33:00, ,101004141309,2020-07-07,12:33,2020-09-20,12:34
173531-101004141204,Tree Trim,Parks and Recreation,13722 WOODSPIRE DR,9/20/2020 11:40,Service Completed,Resolved,2020-07-07 11:39:00,173531,101004141204,2020-07-07,11:39,2020-09-20,11:40
173530-101004141106,Tree Trim,Parks and Recreation,5735 SPELLMAN RD,9/20/2020 10:54,Service Completed,Resolved,2020-07-07 10:53:00,173530,101004141106,2020-07-07,10:53,2020-09-20,10:54
173529-101004141060,Tree Removal,Parks and Recreation,5906 YARWELL DR,8/27/2020 10:35,Service Completed,Resolved,2020-07-07 10:34:00,173529,101004141060,2020-07-07,10:34,2020-08-27,10:35
173528-101004141006,Tree Trim,Parks and Recreation,12429 KATHRYN ST,9/20/2020 10:18,Service Completed,Resolved,2020-07-07 10:17:00,173528,101004141006,2020-07-07,10:17,2020-09-20,10:18
173527-101004140973,Tree Trim,Parks and Recreation,3757 DRUMMOND ST,9/20/2020 10:07,Service Completed,Resolved,2020-07-07 10:06:00,173527,101004140973,2020-07-07,10:06,2020-09-20,10:07
173526-101004140960,Tree Trim,Parks and Recreation,12115 PANAY DR,9/20/2020 10:03,Service Completed,Resolved,2020-07-07 10:02:00,173526,101004140960,2020-07-07,10:02,2020-09-20,10:03
173525-101004140944,Tree Trim,Parks and Recreation,3512 ST CHARLES ST,9/20/2020 9:59,Service Completed,Resolved,2020-07-07 09:58:00,173525,101004140944,2020-07-07,9:58,2020-09-20,9:59
173524-101004140934,Tree Trim,Parks and Recreation,8738 E RYLANDER CIR,9/20/2020 9:55,Service Completed,Resolved,2020-07-07 09:54:00,173524,101004140934,2020-07-07,9:54,2020-09-20,9:55
173523-101004140767,Tree Trim,Parks and Recreation,2414 FULTON ST,9/20/2020 8:53,Service Completed,Resolved,2020-07-07 08:52:00,173523,101004140767,2020-07-07,8:52,2020-09-20,8:53
173522-101004140749,Tree Trim,Parks and Recreation,16338 BERETTA CT,9/20/2020 8:45,Service Completed,Resolved,2020-07-07 08:44:00,173522,101004140749,2020-07-07,8:44,2020-09-20,8:45
173521-101004140720,Tree Trim,Parks and Recreation,11206 W BELLFORT AVE,9/20/2020 8:29,Service Completed,Resolved,2020-07-07 08:28:00,173521,101004140720,2020-07-07,8:28,2020-09-20,8:29
173520-101004140635,Tree Trim,Parks and Recreation,300 W POLK ST&1200 STANFORD ST,9/20/2020 7:43,Service Completed,Resolved,2020-07-07 07:42:00,173520,101004140635,2020-07-07,7:42,2020-09-20,7:43
173519-101004140609,Tree Trim,Parks and Recreation,5620 SHREVEPORT BLVD,9/20/2020 7:34,Service Completed,Resolved,2020-07-07 07:33:00,173519,101004140609,2020-07-07,7:33,2020-09-20,7:34
173518-101004140605,Tree Removal,Parks and Recreation,8121 GRANDVIEW ST,8/27/2020 7:32,Service Completed,Resolved,2020-07-07 07:31:00,173518,101004140605,2020-07-07,7:31,2020-08-27,7:32
173517-101004140314,Tree Trim,Parks and Recreation,1122 BAYLAND AVE,9/20/2020 5:36,Service Completed,Resolved,2020-07-07 05:35:00,173517,101004140314,2020-07-07,5:35,2020-09-20,5:36
173516-101004140268,Tree Removal,Parks and Recreation,11101 GESSNER RD,8/27/2020 5:19,Service Completed,Resolved,2020-07-07 05:18:00,173516,101004140268,2020-07-07,5:18,2020-08-27,5:19
173515-101004140248,Tree Trim,Parks and Recreation,1901 PAUL QUINN ST,9/20/2020 5:11,Service Completed,Resolved,2020-07-07 05:10:00,173515,101004140248,2020-07-07,5:10,2020-09-20,5:11
101004140038,Tree Removal,Parks and Recreation,9406 LEADER ST,8/27/2020 3:59,Service Completed,Resolved,2020-07-07 03:58:00, ,101004140038,2020-07-07,3:58,2020-08-27,3:59
173511-101004139965,Tree Trim,Parks and Recreation,1700 HERMANN DR,9/20/2020 3:23,Service Completed,Resolved,2020-07-07 03:22:00,173511,101004139965,2020-07-07,3:22,2020-09-20,3:23
173510-101004139907,Tree Trim,Parks and Recreation,4606 WAYNESBORO DR,9/20/2020 2:40,Service Completed,Resolved,2020-07-07 02:39:00,173510,101004139907,2020-07-07,2:39,2020-09-20,2:40
101004139901,Tree Trim,Parks and Recreation,8322 NORTHERN ST,9/20/2020 2:35,Service Completed,Resolved,2020-07-07 02:34:00, ,101004139901,2020-07-07,2:34,2020-09-20,2:35
173508-101004139871,Tree Trim,Parks and Recreation,5800 FANNIN ST&1100 HERMANN DR,9/20/2020 1:30,Service Completed,Resolved,2020-07-07 01:29:00,173508,101004139871,2020-07-07,1:29,2020-09-20,1:30
173507-101004139855,Tree Trim,Parks and Recreation,6654 PARK LN,9/19/2020 22:55,Service Completed,Resolved,2020-07-06 22:54:00,173507,101004139855,2020-07-06,22:54,2020-09-19,22:55
173506-101004139839,Tree Trim,Parks and Recreation,1300 MILAM ST&800 POLK ST,9/19/2020 21:40,Service Completed,Resolved,2020-07-06 21:39:00,173506,101004139839,2020-07-06,21:39,2020-09-19,21:40
101004139837,Tree Trim,Parks and Recreation,1300 MILAM ST&800 POLK ST,9/19/2020 21:38,Service Completed,Resolved,2020-07-06 21:37:00, ,101004139837,2020-07-06,21:37,2020-09-19,21:38
173505-101004139815,Tree Trim,Parks and Recreation,9315 BELLAIRE BLVD,9/19/2020 20:06,Service Completed,Resolved,2020-07-06 20:05:00,173505,101004139815,2020-07-06,20:05,2020-09-19,20:06
173504-101004139814,Tree Trim,Parks and Recreation,9219 BELLAIRE BLVD,9/19/2020 20:04,Service Completed,Resolved,2020-07-06 20:03:00,173504,101004139814,2020-07-06,20:03,2020-09-19,20:04
173503-101004139812,Tree Trim,Parks and Recreation,9107 BELLAIRE BLVD,9/19/2020 20:01,Service Completed,Resolved,2020-07-06 20:00:00,173503,101004139812,2020-07-06,20:00,2020-09-19,20:01
173502-101004139811,Tree Trim,Parks and Recreation,5600 HOLLY ST&8000 RAMPART DR,9/19/2020 19:59,Service Completed,Resolved,2020-07-06 19:58:00,173502,101004139811,2020-07-06,19:58,2020-09-19,19:59
173501-101004139809,Tree Trim,Parks and Recreation,5601 FLACK DR,9/19/2020 19:56,Service Completed,Resolved,2020-07-06 19:55:00,173501,101004139809,2020-07-06,19:55,2020-09-19,19:56
173500-101004139805,Tree Trim,Parks and Recreation,10800 MAPLE LEAF ST,9/19/2020 19:39,Service Completed,Resolved,2020-07-06 19:38:00,173500,101004139805,2020-07-06,19:38,2020-09-19,19:39
173499-101004139570,Tree Trim,Parks and Recreation,1112 E 16TH ST,9/19/2020 13:03,Service Completed,Resolved,2020-07-06 13:02:00,173499,101004139570,2020-07-06,13:02,2020-09-19,13:03
173495-101004139287,Tree Trim,Parks and Recreation,3514 AREBA ST,9/19/2020 10:20,Service Completed,Resolved,2020-07-06 10:19:00,173495,101004139287,2020-07-06,10:19,2020-09-19,10:20
173494-101004139240,Tree Removal,Parks and Recreation,5215 KNIGHTWOOD ST,8/26/2020 10:01,Service Completed,Resolved,2020-07-06 10:00:00,173494,101004139240,2020-07-06,10:00,2020-08-26,10:01
173493-101004139228,Tree Removal,Parks and Recreation,4721 WARD ST,8/26/2020 9:53,Service Completed,Resolved,2020-07-06 09:52:00,173493,101004139228,2020-07-06,9:52,2020-08-26,9:53
173492-101004139190,Tree Trim,Parks and Recreation,1132 BAYLAND AVE,9/19/2020 9:32,Service Completed,Resolved,2020-07-06 09:31:00,173492,101004139190,2020-07-06,9:31,2020-09-19,9:32
173491-101004139185,Tree Trim,Parks and Recreation,1200 S LOCKWOOD DR&4600 WOODSIDE ST,9/19/2020 9:29,Service Completed,Resolved,2020-07-06 09:28:00,173491,101004139185,2020-07-06,9:28,2020-09-19,9:29
173489-101004139162,Tree Removal,Parks and Recreation,3103 VIRGINIA ST,8/26/2020 9:16,Service Completed,Resolved,2020-07-06 09:15:00,173489,101004139162,2020-07-06,9:15,2020-08-26,9:16
173486-101004138842,Tree Removal,Parks and Recreation,10101 SHADY LN,8/26/2020 6:50,Service Completed,Resolved,2020-07-06 06:49:00,173486,101004138842,2020-07-06,6:49,2020-08-26,6:50
173484-101004138660,Tree Removal,Parks and Recreation,307 WELCH ST,8/26/2020 5:22,Service Completed,Resolved,2020-07-06 05:21:00,173484,101004138660,2020-07-06,5:21,2020-08-26,5:22
173485-101004138659,Tree Removal,Parks and Recreation,923 ROPER ST,8/26/2020 5:22,Service Completed,Resolved,2020-07-06 05:21:00,173485,101004138659,2020-07-06,5:21,2020-08-26,5:22
173483-101004138625,Tree Removal,Parks and Recreation,5313 W 43RD ST,8/26/2020 5:06,Service Completed,Resolved,2020-07-06 05:05:00,173483,101004138625,2020-07-06,5:05,2020-08-26,5:06
173482-101004138582,Tree Trim,Parks and Recreation,1200 TRAVIS ST,9/19/2020 4:51,Service Completed,Resolved,2020-07-06 04:50:00,173482,101004138582,2020-07-06,4:50,2020-09-19,4:51
173481-101004138535,Tree Removal,Parks and Recreation,400 E 5TH ST&500 ARLINGTON ST,8/26/2020 4:32,Service Completed,Resolved,2020-07-06 04:31:00,173481,101004138535,2020-07-06,4:31,2020-08-26,4:32
173480-101004138534,Tree Removal,Parks and Recreation,505 ARLINGTON ST,8/26/2020 4:29,Service Completed,Resolved,2020-07-06 04:28:00,173480,101004138534,2020-07-06,4:28,2020-08-26,4:29
173479-101004138226,Tree Removal,Parks and Recreation,705 TELEPHONE RD,8/25/2020 20:57,Service Completed,Resolved,2020-07-05 20:56:00,173479,101004138226,2020-07-05,20:56,2020-08-25,20:57
173478-101004138208,Tree Trim,Parks and Recreation,470 PINEWOLD DR&500 S POST OAK LN,9/18/2020 19:49,Service Completed,Resolved,2020-07-05 19:48:00,173478,101004138208,2020-07-05,19:48,2020-09-18,19:49
173477-101004138013,Tree Trim,Parks and Recreation,510 LEICESTER LN,9/18/2020 11:04,Service Completed,Resolved,2020-07-05 11:03:00,173477,101004138013,2020-07-05,11:03,2020-09-18,11:04
173476-101004138002,Tree Removal,Parks and Recreation,4903 HEATHERGLEN DR,8/25/2020 10:30,Service Completed,Resolved,2020-07-05 10:29:00,173476,101004138002,2020-07-05,10:29,2020-08-25,10:30
173475-101004137883,Tree Trim,Parks and Recreation,1001 COLUMBIA ST,9/18/2020 4:57,Service Completed,Resolved,2020-07-05 04:56:00,173475,101004137883,2020-07-05,4:56,2020-09-18,4:57
173474-101004137866,Tree Removal,Parks and Recreation,200 BYRNE ST&2900 MORRISON ST,8/25/2020 4:21,Service Completed,Resolved,2020-07-05 04:20:00,173474,101004137866,2020-07-05,4:20,2020-08-25,4:21
173473-101004137360,Tree Removal,Parks and Recreation,8801 TEWANTIN DR,8/23/2020 15:06,Service Completed,Resolved,2020-07-03 15:05:00,173473,101004137360,2020-07-03,15:05,2020-08-23,15:06
173472-101004137315,Tree Trim,Parks and Recreation,2730 E GLEN HAVEN BLVD,9/16/2020 13:50,Service Completed,Resolved,2020-07-03 13:49:00,173472,101004137315,2020-07-03,13:49,2020-09-16,13:50
173471-101004137245,Tree Removal,Parks and Recreation,13411 BRIAR FOREST DR,8/23/2020 12:21,Service Completed,Resolved,2020-07-03 12:20:00,173471,101004137245,2020-07-03,12:20,2020-08-23,12:21
173470-101004137152,Tree Removal,Parks and Recreation,5607 CARTAGENA ST,8/23/2020 10:56,Service Completed,Resolved,2020-07-03 10:55:00,173470,101004137152,2020-07-03,10:55,2020-08-23,10:56
173469-101004137119,Tree Removal,Parks and Recreation,9538 BEVERLY HILL ST,8/23/2020 10:36,Service Completed,Resolved,2020-07-03 10:35:00,173469,101004137119,2020-07-03,10:35,2020-08-23,10:36
173468-101004137078,Tree Removal,Parks and Recreation,9534 BEVERLY HILL ST,8/23/2020 10:05,Service Completed,Resolved,2020-07-03 10:04:00,173468,101004137078,2020-07-03,10:04,2020-08-23,10:05
173467-101004136999,Tree Trim,Parks and Recreation,4910 YARWELL DR,9/16/2020 8:54,Service Completed,Resolved,2020-07-03 08:53:00,173467,101004136999,2020-07-03,8:53,2020-09-16,8:54
173466-101004136935,Tree Trim,Parks and Recreation,11915 MANORGATE DR,9/16/2020 8:16,Service Completed,Resolved,2020-07-03 08:15:00,173466,101004136935,2020-07-03,8:15,2020-09-16,8:16
173465-101004136742,Tree Trim,Parks and Recreation,4106 BRISBANE ST,9/16/2020 5:59,Service Completed,Resolved,2020-07-03 05:58:00,173465,101004136742,2020-07-03,5:58,2020-09-16,5:59
173464-101004136702,Tree Trim,Parks and Recreation,1112 E 16TH ST,9/16/2020 5:35,Service Completed,Resolved,2020-07-03 05:34:00,173464,101004136702,2020-07-03,5:34,2020-09-16,5:35
173463-101004136668,Tree Trim,Parks and Recreation,4113 MALLOW ST,9/16/2020 5:08,Service Completed,Resolved,2020-07-03 05:07:00,173463,101004136668,2020-07-03,5:07,2020-09-16,5:08
173462-101004136568,Tree Removal,Parks and Recreation,2800 GOLDEN LEAF DR&2800 SILVER FALLS DR,8/23/2020 3:55,Service Completed,Resolved,2020-07-03 03:54:00,173462,101004136568,2020-07-03,3:54,2020-08-23,3:55
173461-101004136301,Tree Removal,Parks and Recreation,5366 FAIRDALE LN,8/22/2020 13:00,Service Completed,Resolved,2020-07-02 12:59:00,173461,101004136301,2020-07-02,12:59,2020-08-22,13:00
173459-101004136153,Tree Trim,Parks and Recreation,5414 S ACRES DR,9/15/2020 11:17,Service Completed,Resolved,2020-07-02 11:16:00,173459,101004136153,2020-07-02,11:16,2020-09-15,11:17
173458-101004136118,Tree Trim,Parks and Recreation,3120 ISABELLA ST,9/15/2020 11:01,Service Completed,Resolved,2020-07-02 11:00:00,173458,101004136118,2020-07-02,11:00,2020-09-15,11:01
173457-101004136112,Tree Trim,Parks and Recreation,15626 FALL BRIAR DR,9/15/2020 10:59,Service Completed,Resolved,2020-07-02 10:58:00,173457,101004136112,2020-07-02,10:58,2020-09-15,10:59
173456-101004136022,Tree Trim,Parks and Recreation,7115 YELLOW PINE DR,9/15/2020 10:29,Service Completed,Resolved,2020-07-02 10:28:00,173456,101004136022,2020-07-02,10:28,2020-09-15,10:29
173455-101004135961,Tree Removal,Parks and Recreation,4934 BROOM ST,8/22/2020 10:03,Service Completed,Resolved,2020-07-02 10:02:00,173455,101004135961,2020-07-02,10:02,2020-08-22,10:03
173454-101004135941,Tree Removal,Parks and Recreation,9211 BONHOMME RD,8/22/2020 9:53,Service Completed,Resolved,2020-07-02 09:52:00,173454,101004135941,2020-07-02,9:52,2020-08-22,9:53
173453-101004135910,Tree Removal,Parks and Recreation,7979 WESTHEIMER RD,8/22/2020 9:42,Service Completed,Resolved,2020-07-02 09:41:00,173453,101004135910,2020-07-02,9:41,2020-08-22,9:42
173451-101004135895,Tree Trim,Parks and Recreation,11419 ATWELL DR,9/15/2020 9:37,Service Completed,Resolved,2020-07-02 09:36:00,173451,101004135895,2020-07-02,9:36,2020-09-15,9:37
173450-101004135888,Tree Trim,Parks and Recreation,14523 QUENTION DR,9/15/2020 9:33,Service Completed,Resolved,2020-07-02 09:32:00,173450,101004135888,2020-07-02,9:32,2020-09-15,9:33
173449-101004135832,Tree Trim,Parks and Recreation,8437 GUINEVERE ST,9/15/2020 9:11,Service Completed,Resolved,2020-07-02 09:10:00,173449,101004135832,2020-07-02,9:10,2020-09-15,9:11
101004135801,Tree Removal,Parks and Recreation,1106 TUAM ST,8/22/2020 9:01,Service Completed,Resolved,2020-07-02 09:00:00, ,101004135801,2020-07-02,9:00,2020-08-22,9:01
173441-101004135645,Tree Trim,Parks and Recreation,12703 SANDROCK DR,9/15/2020 7:49,Service Completed,Resolved,2020-07-02 07:48:00,173441,101004135645,2020-07-02,7:48,2020-09-15,7:49
173440-101004135617,Tree Trim,Parks and Recreation,9410 RAILTON ST,9/15/2020 7:37,Service Completed,Resolved,2020-07-02 07:36:00,173440,101004135617,2020-07-02,7:36,2020-09-15,7:37
173439-101004135589,Tree Trim,Parks and Recreation,6600 COPPAGE ST&6400 PICKENS ST,9/15/2020 7:26,Service Completed,Resolved,2020-07-02 07:25:00,173439,101004135589,2020-07-02,7:25,2020-09-15,7:26
173438-101004135568,Tree Trim,Parks and Recreation,7300 GAINESVILLE ST&200 PORT ST,9/15/2020 7:19,Service Completed,Resolved,2020-07-02 07:18:00,173438,101004135568,2020-07-02,7:18,2020-09-15,7:19
173437-101004135525,Tree Trim,Parks and Recreation,7200 FAUNA ST&7150 VILLA DR,9/15/2020 6:59,Service Completed,Resolved,2020-07-02 06:58:00,173437,101004135525,2020-07-02,6:58,2020-09-15,6:59
173436-101004135436,Tree Trim,Parks and Recreation,3737 SYNOTT RD,9/15/2020 6:19,Service Completed,Resolved,2020-07-02 06:18:00,173436,101004135436,2020-07-02,6:18,2020-09-15,6:19
173435-101004135378,Tree Trim,Parks and Recreation,6100 S BRAESWOOD BLVD&9400 BRAEWICK DR,9/15/2020 6:01,Service Completed,Resolved,2020-07-02 06:00:00,173435,101004135378,2020-07-02,6:00,2020-09-15,6:01
173434-101004135279,Tree Trim,Parks and Recreation,10603 HILLCROFT AVE,9/15/2020 5:23,Service Completed,Resolved,2020-07-02 05:22:00,173434,101004135279,2020-07-02,5:22,2020-09-15,5:23
173433-101004135124,Tree Trim,Parks and Recreation,7029 AVENUE E,9/15/2020 4:28,Service Completed,Resolved,2020-07-02 04:27:00,173433,101004135124,2020-07-02,4:27,2020-09-15,4:28
173432-101004135063,Tree Trim,Parks and Recreation,9779 WESTVIEW DR,9/15/2020 4:08,Service Completed,Resolved,2020-07-02 04:07:00,173432,101004135063,2020-07-02,4:07,2020-09-15,4:08
173431-101004135027,Tree Removal,Parks and Recreation,1900 COLLIER ST&5300 LAWNDALE ST,8/22/2020 3:51,Service Completed,Resolved,2020-07-02 03:50:00,173431,101004135027,2020-07-02,3:50,2020-08-22,3:51
173430-101004135026,Tree Removal,Parks and Recreation,3103 VIRGINIA ST,8/22/2020 3:51,Service Completed,Resolved,2020-07-02 03:50:00,173430,101004135026,2020-07-02,3:50,2020-08-22,3:51
173425-101004134875,Tree Trim,Parks and Recreation,12117 ALMEDA GENOA RD,9/15/2020 1:27,Service Completed,Resolved,2020-07-02 01:26:00,173425,101004134875,2020-07-02,1:26,2020-09-15,1:27
173421-101004134859,Tree Trim,Parks and Recreation,8180 RAVENWOOD CIR&1952 SPENWICK DR,9/14/2020 22:33,Service Completed,Resolved,2020-07-01 22:32:00,173421,101004134859,2020-07-01,22:32,2020-09-14,22:33
173420-101004134734,Tree Trim,Parks and Recreation,942 FESTIVAL DR,9/14/2020 16:34,Service Completed,Resolved,2020-07-01 16:33:00,173420,101004134734,2020-07-01,16:33,2020-09-14,16:34
173419-101004134701,Tree Trim,Parks and Recreation,1318 PAUL QUINN ST,9/14/2020 15:07,Service Completed,Resolved,2020-07-01 15:06:00,173419,101004134701,2020-07-01,15:06,2020-09-14,15:07
173418-101004134666,Tree Trim,Parks and Recreation,3700 COLVIN ST&11700 WALLISVILLE RD,9/14/2020 14:19,Service Completed,Resolved,2020-07-01 14:18:00,173418,101004134666,2020-07-01,14:18,2020-09-14,14:19
173417-101004134599,Tree Removal,Parks and Recreation,2929 BUFFALO SPWY,8/21/2020 12:58,Service Completed,Resolved,2020-07-01 12:57:00,173417,101004134599,2020-07-01,12:57,2020-08-21,12:58
173415-101004134502,Tree Removal,Parks and Recreation,0 NORTH FWY&1200 WRIGHTWOOD ST,8/21/2020 11:57,Service Completed,Resolved,2020-07-01 11:56:00,173415,101004134502,2020-07-01,11:56,2020-08-21,11:57
173413-101004134444,Tree Trim,Parks and Recreation,12414 HUNTINGTON VENTURE DR,9/14/2020 11:31,Service Completed,Resolved,2020-07-01 11:30:00,173413,101004134444,2020-07-01,11:30,2020-09-14,11:31
173412-101004134388,Tree Removal,Parks and Recreation,1900 COLLIER ST&5300 LAWNDALE ST,8/21/2020 11:01,Service Completed,Resolved,2020-07-01 11:00:00,173412,101004134388,2020-07-01,11:00,2020-08-21,11:01
173411-101004134340,Tree Trim,Parks and Recreation,2902 ELLA LEE LN,9/14/2020 10:36,Service Completed,Resolved,2020-07-01 10:35:00,173411,101004134340,2020-07-01,10:35,2020-09-14,10:36
173410-101004134304,Tree Removal,Parks and Recreation,11915 AGGIE LN,8/21/2020 10:27,Service Completed,Resolved,2020-07-01 10:26:00,173410,101004134304,2020-07-01,10:26,2020-08-21,10:27
173409-101004134184,Tree Trim,Parks and Recreation,10500 BUCKNELL RD&5700 LANGLEY RD ,9/14/2020 9:36,Service Completed,Resolved,2020-07-01 09:35:00,173409,101004134184,2020-07-01,9:35,2020-09-14,9:36
173408-101004134176,Tree Removal,Parks and Recreation,8610 WATEKA DR,8/21/2020 9:33,Service Completed,Resolved,2020-07-01 09:32:00,173408,101004134176,2020-07-01,9:32,2020-08-21,9:33
173407-101004134141,Tree Trim,Parks and Recreation,811 LOVETT BLVD,9/14/2020 9:17,Service Completed,Resolved,2020-07-01 09:16:00,173407,101004134141,2020-07-01,9:16,2020-09-14,9:17
173406-101004134103,Tree Trim,Parks and Recreation,12510 ASHLING DR,9/14/2020 8:51,Service Completed,Resolved,2020-07-01 08:50:00,173406,101004134103,2020-07-01,8:50,2020-09-14,8:51
173405-101004134015,Tree Removal,Parks and Recreation,11921 6TH ST,8/21/2020 8:18,Service Completed,Resolved,2020-07-01 08:17:00,173405,101004134015,2020-07-01,8:17,2020-08-21,8:18
173404-101004133938,Tree Removal,Parks and Recreation,8610 HEATHERVIEW DR,8/21/2020 7:48,Service Completed,Resolved,2020-07-01 07:47:00,173404,101004133938,2020-07-01,7:47,2020-08-21,7:48
173403-101004133925,Tree Trim,Parks and Recreation,13229 ROCKGLEN ST,9/14/2020 7:44,Service Completed,Resolved,2020-07-01 07:43:00,173403,101004133925,2020-07-01,7:43,2020-09-14,7:44
173402-101004133910,Tree Trim,Parks and Recreation,600 POST OAK BLVD&1400 POST OAK PARK DR,9/14/2020 7:35,Service Completed,Resolved,2020-07-01 07:34:00,173402,101004133910,2020-07-01,7:34,2020-09-14,7:35
173400-101004133900,Tree Trim,Parks and Recreation,304 BURR ST,9/14/2020 7:32,Service Completed,Resolved,2020-07-01 07:31:00,173400,101004133900,2020-07-01,7:31,2020-09-14,7:32
173401-101004133899,Tree Removal,Parks and Recreation,11409 DUMAS ST,8/21/2020 7:32,Service Completed,Resolved,2020-07-01 07:31:00,173401,101004133899,2020-07-01,7:31,2020-08-21,7:32
173399-101004133860,Tree Removal,Parks and Recreation,11510 MURR WAY,8/21/2020 7:18,Service Completed,Resolved,2020-07-01 07:17:00,173399,101004133860,2020-07-01,7:17,2020-08-21,7:18
173398-101004133844,Tree Trim,Parks and Recreation,8111 MEADVILLE ST,9/14/2020 7:13,Service Completed,Resolved,2020-07-01 07:12:00,173398,101004133844,2020-07-01,7:12,2020-09-14,7:13
173396-101004133699,Tree Trim,Parks and Recreation,6900 ASHBURN ST&6956 SANTA FE DR,9/14/2020 6:18,Service Completed,Resolved,2020-07-01 06:17:00,173396,101004133699,2020-07-01,6:17,2020-09-14,6:18
173395-101004133631,Tree Removal,Parks and Recreation,2026 SHADOW BEND DR,8/21/2020 5:55,Service Completed,Resolved,2020-07-01 05:54:00,173395,101004133631,2020-07-01,5:54,2020-08-21,5:55
173394-101004133613,Tree Trim,Parks and Recreation,7000 DILLON ST&7200 KOPMAN DR,9/14/2020 5:48,Service Completed,Resolved,2020-07-01 05:47:00,173394,101004133613,2020-07-01,5:47,2020-09-14,5:48
173393-101004133592,Tree Trim,Parks and Recreation,10214 TORRINGTON LN,9/14/2020 5:43,Service Completed,Resolved,2020-07-01 05:42:00,173393,101004133592,2020-07-01,5:42,2020-09-14,5:43
173392-101004133574,Tree Trim,Parks and Recreation,4626 ALEDO ST&8500 AMADWE ST,9/14/2020 5:37,Service Completed,Resolved,2020-07-01 05:36:00,173392,101004133574,2020-07-01,5:36,2020-09-14,5:37
173391-101004133544,Tree Removal,Parks and Recreation,4626 ALEDO ST&8500 AMADWE ST,8/21/2020 5:26,Service Completed,Resolved,2020-07-01 05:25:00,173391,101004133544,2020-07-01,5:25,2020-08-21,5:26
173390-101004133531,Tree Trim,Parks and Recreation,6700 DILLON ST&7300 STATION DR,9/14/2020 5:23,Service Completed,Resolved,2020-07-01 05:22:00,173390,101004133531,2020-07-01,5:22,2020-09-14,5:23
173389-101004133513,Tree Trim,Parks and Recreation,2925 SADLER ST,9/14/2020 5:19,Service Completed,Resolved,2020-07-01 05:18:00,173389,101004133513,2020-07-01,5:18,2020-09-14,5:19
173388-101004133498,Tree Trim,Parks and Recreation,8502 RIPTIDE DR,9/14/2020 5:13,Service Completed,Resolved,2020-07-01 05:12:00,173388,101004133498,2020-07-01,5:12,2020-09-14,5:13
173385-101004133381,Tree Trim,Parks and Recreation,1900 COLLIER ST&5300 LAWNDALE ST,9/14/2020 4:27,Service Completed,Resolved,2020-07-01 04:26:00,173385,101004133381,2020-07-01,4:26,2020-09-14,4:27
173383-101004133121,Tree Removal,Parks and Recreation,5600 COURT RD,8/21/2020 0:27,Service Completed,Resolved,2020-07-01 00:26:00,173383,101004133121,2020-07-01,0:26,2020-08-21,0:27
173382-101004132981,Tree Trim,Parks and Recreation,1900 COLLIER ST&5300 LAWNDALE ST,9/13/2020 16:32,Service Completed,Resolved,2020-06-30 16:31:00,173382,101004132981,2020-06-30,16:31,2020-09-13,16:32
173381-101004132956,Tree Removal,Parks and Recreation,5734 MEADOW CREEK LN,8/20/2020 15:38,Service Completed,Resolved,2020-06-30 15:37:00,173381,101004132956,2020-06-30,15:37,2020-08-20,15:38
173380-101004132872,Tree Trim,Parks and Recreation,7203 FINCH ST,9/13/2020 14:00,Service Completed,Resolved,2020-06-30 13:59:00,173380,101004132872,2020-06-30,13:59,2020-09-13,14:00
173379-101004132811,Tree Trim,Parks and Recreation,1900 COLLIER ST&5300 LAWNDALE ST,9/13/2020 13:04,Service Completed,Resolved,2020-06-30 13:03:00,173379,101004132811,2020-06-30,13:03,2020-09-13,13:04
173378-101004132746,Tree Trim,Parks and Recreation,3100 BAER ST&700 SYDNOR ST,9/13/2020 12:21,Service Completed,Resolved,2020-06-30 12:20:00,173378,101004132746,2020-06-30,12:20,2020-09-13,12:21
173377-101004132601,Tree Trim,Parks and Recreation,11209 SAGINAW DR,9/13/2020 11:12,Service Completed,Resolved,2020-06-30 11:11:00,173377,101004132601,2020-06-30,11:11,2020-09-13,11:12
173376-101004132548,Tree Removal,Parks and Recreation,7218 LOG VIEW DR,8/20/2020 10:45,Service Completed,Resolved,2020-06-30 10:44:00,173376,101004132548,2020-06-30,10:44,2020-08-20,10:45
173375-101004132525,Tree Trim,Parks and Recreation,11618 PINE KNOLL DR,9/13/2020 10:38,Service Completed,Resolved,2020-06-30 10:37:00,173375,101004132525,2020-06-30,10:37,2020-09-13,10:38
173374-101004132521,Tree Trim,Parks and Recreation,12200 BEAUREGARD DR&432 PLANTATION RD,9/13/2020 10:35,Service Completed,Resolved,2020-06-30 10:34:00,173374,101004132521,2020-06-30,10:34,2020-09-13,10:35
173373-101004132446,Tree Trim,Parks and Recreation,5510 CARINO DR,9/13/2020 10:09,Service Completed,Resolved,2020-06-30 10:08:00,173373,101004132446,2020-06-30,10:08,2020-09-13,10:09
173372-101004132425,Tree Trim,Parks and Recreation,1619 HAROLD ST,9/13/2020 10:01,Service Completed,Resolved,2020-06-30 10:00:00,173372,101004132425,2020-06-30,10:00,2020-09-13,10:01
173371-101004132230,Tree Trim,Parks and Recreation,1814 ELLA BLVD&1900 W T C JESTER BLVD,9/13/2020 8:39,Service Completed,Resolved,2020-06-30 08:38:00,173371,101004132230,2020-06-30,8:38,2020-09-13,8:39
173370-101004132207,Tree Removal,Parks and Recreation,4417 W 43RD ST,8/20/2020 8:30,Service Completed,Resolved,2020-06-30 08:29:00,173370,101004132207,2020-06-30,8:29,2020-08-20,8:30
173369-101004132198,Tree Removal,Parks and Recreation,1723 REDWING BLUFF DR,8/20/2020 8:25,Service Completed,Resolved,2020-06-30 08:24:00,173369,101004132198,2020-06-30,8:24,2020-08-20,8:25
173368-101004132115,Tree Removal,Parks and Recreation,2803 BUFFALO SPWY,8/20/2020 7:48,Service Completed,Resolved,2020-06-30 07:47:00,173368,101004132115,2020-06-30,7:47,2020-08-20,7:48
173367-101004132064,Tree Trim,Parks and Recreation,13607 BROKEN BRIDGE DR,9/13/2020 7:23,Service Completed,Resolved,2020-06-30 07:22:00,173367,101004132064,2020-06-30,7:22,2020-09-13,7:23
173366-101004132004,Tree Trim,Parks and Recreation,3505 REID ST,9/13/2020 7:05,Service Completed,Resolved,2020-06-30 07:04:00,173366,101004132004,2020-06-30,7:04,2020-09-13,7:05
173365-101004131964,Tree Trim,Parks and Recreation,5211 KNIGHTWOOD ST,9/13/2020 6:53,Service Completed,Resolved,2020-06-30 06:52:00,173365,101004131964,2020-06-30,6:52,2020-09-13,6:53
173364-101004131857,Tree Trim,Parks and Recreation,1617 JOHNSON ST,9/13/2020 6:14,Service Completed,Resolved,2020-06-30 06:13:00,173364,101004131857,2020-06-30,6:13,2020-09-13,6:14
173363-101004131824,Tree Removal,Parks and Recreation,9402 KERRWOOD LN,8/20/2020 6:01,Service Completed,Resolved,2020-06-30 06:00:00,173363,101004131824,2020-06-30,6:00,2020-08-20,6:01
173362-101004131746,Tree Removal,Parks and Recreation,8934 COMPTON ST,8/20/2020 5:37,Service Completed,Resolved,2020-06-30 05:36:00,173362,101004131746,2020-06-30,5:36,2020-08-20,5:37
173361-101004131655,Tree Removal,Parks and Recreation,12014 FAIRMEADOW DR,8/20/2020 5:11,Service Completed,Resolved,2020-06-30 05:10:00,173361,101004131655,2020-06-30,5:10,2020-08-20,5:11
173360-101004131641,Tree Trim,Parks and Recreation,2417 TURNER DR,9/13/2020 5:05,Service Completed,Resolved,2020-06-30 05:04:00,173360,101004131641,2020-06-30,5:04,2020-09-13,5:05
173359-101004131631,Tree Trim,Parks and Recreation,911 PEACH SPRING DR,9/13/2020 4:59,Service Completed,Resolved,2020-06-30 04:58:00,173359,101004131631,2020-06-30,4:58,2020-09-13,4:59
173358-101004131620,Tree Trim,Parks and Recreation,1145 HARVARD ST,9/13/2020 4:55,Service Completed,Resolved,2020-06-30 04:54:00,173358,101004131620,2020-06-30,4:54,2020-09-13,4:55
173357-101004131576,Tree Trim,Parks and Recreation,9510 S GESSNER RD,9/13/2020 4:36,Service Completed,Resolved,2020-06-30 04:35:00,173357,101004131576,2020-06-30,4:35,2020-09-13,4:36
173356-101004131574,Tree Trim,Parks and Recreation,6800 LA SALETTE ST&3600 WARD ST,9/13/2020 4:36,Service Completed,Resolved,2020-06-30 04:35:00,173356,101004131574,2020-06-30,4:35,2020-09-13,4:36
173354-101004131438,Tree Removal,Parks and Recreation,4315 CHILDRESS ST,8/20/2020 3:52,Service Completed,Resolved,2020-06-30 03:51:00,173354,101004131438,2020-06-30,3:51,2020-08-20,3:52
173352-101004131384,Tree Removal,Parks and Recreation,11700 CHAPELLE CT&1316 KIRKWOOD RD ,8/20/2020 3:28,Service Completed,Resolved,2020-06-30 03:27:00,173352,101004131384,2020-06-30,3:27,2020-08-20,3:28
173350-101004131342,Tree Trim,Parks and Recreation,4809 MAIN ST,9/13/2020 3:06,Service Completed,Resolved,2020-06-30 03:05:00,173350,101004131342,2020-06-30,3:05,2020-09-13,3:06
173347-101004131303,Tree Trim,Parks and Recreation,2111 NELL ST,9/13/2020 2:32,Service Completed,Resolved,2020-06-30 02:31:00,173347,101004131303,2020-06-30,2:31,2020-09-13,2:32
173345-101004131021,Tree Trim,Parks and Recreation,3722 BROOKFIELD DR,9/12/2020 13:39,Service Completed,Resolved,2020-06-29 13:38:00,173345,101004131021,2020-06-29,13:38,2020-09-12,13:39
173344-101004130956,Tree Trim,Parks and Recreation,9632 HILLIS ST&8500 LOCKSLEY RD,9/12/2020 12:31,Service Completed,Resolved,2020-06-29 12:30:00,173344,101004130956,2020-06-29,12:30,2020-09-12,12:31
173343-101004130798,Tree Removal,Parks and Recreation,308 LAKE HARBOR LN,8/19/2020 11:07,Service Completed,Resolved,2020-06-29 11:06:00,173343,101004130798,2020-06-29,11:06,2020-08-19,11:07
173342-101004130792,Tree Trim,Parks and Recreation,6116 BEEKMAN RD,9/12/2020 11:04,Service Completed,Resolved,2020-06-29 11:03:00,173342,101004130792,2020-06-29,11:03,2020-09-12,11:04
173341-101004130439,Tree Removal,Parks and Recreation,310 FENN ST,8/19/2020 8:58,Service Completed,Resolved,2020-06-29 08:57:00,173341,101004130439,2020-06-29,8:57,2020-08-19,8:58
173340-101004130392,Tree Removal,Parks and Recreation,6123 BRIAR ROSE DR,8/19/2020 8:40,Service Completed,Resolved,2020-06-29 08:39:00,173340,101004130392,2020-06-29,8:39,2020-08-19,8:40
173339-101004130325,Tree Removal,Parks and Recreation,9434 FUQUA ST,8/19/2020 8:10,Service Completed,Resolved,2020-06-29 08:09:00,173339,101004130325,2020-06-29,8:09,2020-08-19,8:10
173337-101004130299,Tree Trim,Parks and Recreation,2913 FONTINOT ST,9/12/2020 8:01,Service Completed,Resolved,2020-06-29 08:00:00,173337,101004130299,2020-06-29,8:00,2020-09-12,8:01
173338-101004130294,Tree Trim,Parks and Recreation,1701 YORKTOWN ST,9/12/2020 8:00,Service Completed,Resolved,2020-06-29 07:59:00,173338,101004130294,2020-06-29,7:59,2020-09-12,8:00
173336-101004130290,Tree Trim,Parks and Recreation,2011 JOHNSON ST,9/12/2020 7:59,Service Completed,Resolved,2020-06-29 07:58:00,173336,101004130290,2020-06-29,7:58,2020-09-12,7:59
173335-101004130246,Tree Trim,Parks and Recreation,3208 TAMPA ST,9/12/2020 7:41,Service Completed,Resolved,2020-06-29 07:40:00,173335,101004130246,2020-06-29,7:40,2020-09-12,7:41
173334-101004130206,Tree Removal,Parks and Recreation,5001 MONTROSE BLVD,8/19/2020 7:21,Service Completed,Resolved,2020-06-29 07:20:00,173334,101004130206,2020-06-29,7:20,2020-08-19,7:21
173333-101004130154,Tree Trim,Parks and Recreation,5067 E RIDGE CREEK DR,9/12/2020 7:05,Service Completed,Resolved,2020-06-29 07:04:00,173333,101004130154,2020-06-29,7:04,2020-09-12,7:05
173332-101004130133,Tree Trim,Parks and Recreation,911 PEACH SPRING DR,9/12/2020 6:57,Service Completed,Resolved,2020-06-29 06:56:00,173332,101004130133,2020-06-29,6:56,2020-09-12,6:57
173330-101004129972,Tree Trim,Parks and Recreation,6105 W OREM DR,9/12/2020 5:48,Service Completed,Resolved,2020-06-29 05:47:00,173330,101004129972,2020-06-29,5:47,2020-09-12,5:48
173329-101004129873,Tree Removal,Parks and Recreation,935 OAK ST,8/19/2020 5:11,Service Completed,Resolved,2020-06-29 05:10:00,173329,101004129873,2020-06-29,5:10,2020-08-19,5:11
173328-101004129833,Tree Trim,Parks and Recreation,4800 ELLA BLVD&1200 MARTIN ST,9/12/2020 5:00,Service Completed,Resolved,2020-06-29 04:59:00,173328,101004129833,2020-06-29,4:59,2020-09-12,5:00
101004129744,Tree Removal,Parks and Recreation,6802 APPLETON ST,8/19/2020 4:23,Service Completed,Resolved,2020-06-29 04:22:00, ,101004129744,2020-06-29,4:22,2020-08-19,4:23
173321-101004129389,Tree Trim,Parks and Recreation,1234 RUTLAND ST,9/11/2020 15:53,Service Completed,Resolved,2020-06-28 15:52:00,173321,101004129389,2020-06-28,15:52,2020-09-11,15:53
356505-101004129345,Tree Trim,Parks and Recreation,1522 FOXWOOD RD,9/11/2020 13:54,Service Completed,Resolved,2020-06-28 13:53:00,356505,101004129345,2020-06-28,13:53,2020-09-11,13:54
173317-101004129321,Tree Removal,Parks and Recreation,910 MCLEARY ST,8/18/2020 12:28,Service Completed,Resolved,2020-06-28 12:27:00,173317,101004129321,2020-06-28,12:27,2020-08-18,12:28
173316-101004129055,Tree Trim,Parks and Recreation,8721 BOB WHITE DR,9/11/2020 3:17,Service Completed,Resolved,2020-06-28 03:16:00,173316,101004129055,2020-06-28,3:16,2020-09-11,3:17
173315-101004129028,Tree Stump Grinding,Parks and Recreation,11915 AGGIE LN,10/22/2020 0:21,Service Completed,Resolved,2020-06-28 00:20:00,173315,101004129028,2020-06-28,0:20,2020-10-22,0:21
356502-101004128796,Tree Trim,Parks and Recreation,13410 WESTPORT LN,9/10/2020 11:24,Service Completed,Resolved,2020-06-27 11:23:00,356502,101004128796,2020-06-27,11:23,2020-09-10,11:24
101004128614,Tree Trim,Parks and Recreation,13300 S POST OAK RD&5400 TIDEWATER DR,9/10/2020 7:00,Service Completed,Resolved,2020-06-27 06:59:00, ,101004128614,2020-06-27,6:59,2020-09-10,7:00
101004128494,Tree Trim,Parks and Recreation,12723 BLUE CROMIS LN,9/10/2020 4:22,Service Completed,Resolved,2020-06-27 04:21:00, ,101004128494,2020-06-27,4:21,2020-09-10,4:22
101004128387,Tree Removal,Parks and Recreation,5514 GRIGGS RD,8/16/2020 21:39,Service Completed,Resolved,2020-06-26 21:38:00, ,101004128387,2020-06-26,21:38,2020-08-16,21:39
173308-101004128232,Tree Trim,Parks and Recreation,12601 TERRANCE ST,9/9/2020 13:33,Service Completed,Resolved,2020-06-26 13:32:00,173308,101004128232,2020-06-26,13:32,2020-09-09,13:33
173307-101004128172,Tree Trim,Parks and Recreation,5706 W BELLFORT AVE,9/9/2020 12:45,Service Completed,Resolved,2020-06-26 12:44:00,173307,101004128172,2020-06-26,12:44,2020-09-09,12:45
101004128071,Tree Removal,Parks and Recreation,8100 AMELIA RD&1900 SPENWICK DR,8/16/2020 11:45,Service Completed,Resolved,2020-06-26 11:44:00, ,101004128071,2020-06-26,11:44,2020-08-16,11:45
173306-101004127951,Tree Trim,Parks and Recreation,6526 BANTA DR,9/9/2020 11:00,Service Completed,Resolved,2020-06-26 10:59:00,173306,101004127951,2020-06-26,10:59,2020-09-09,11:00
173305-101004127949,Tree Trim,Parks and Recreation,5851 SAN FELIPE ST,9/9/2020 10:58,Service Completed,Resolved,2020-06-26 10:57:00,173305,101004127949,2020-06-26,10:57,2020-09-09,10:58
173304-101004127944,Tree Removal,Parks and Recreation,7400 ALBACORE DR&6630 SHARPVIEW DR,8/16/2020 10:56,Service Completed,Resolved,2020-06-26 10:55:00,173304,101004127944,2020-06-26,10:55,2020-08-16,10:56
173303-101004127933,Tree Trim,Parks and Recreation,6306 COSTA MESA DR,9/9/2020 10:52,Service Completed,Resolved,2020-06-26 10:51:00,173303,101004127933,2020-06-26,10:51,2020-09-09,10:52
173302-101004127719,Tree Removal,Parks and Recreation,1363 STUDER ST,8/16/2020 9:33,Service Completed,Resolved,2020-06-26 09:32:00,173302,101004127719,2020-06-26,9:32,2020-08-16,9:33
173301-101004127717,Tree Trim,Parks and Recreation,6310 COSTA MESA DR,9/9/2020 9:33,Service Completed,Resolved,2020-06-26 09:32:00,173301,101004127717,2020-06-26,9:32,2020-09-09,9:33
173300-101004127658,Tree Trim,Parks and Recreation,10552 CASTLETON ST&5800 LANGLEY RD,9/9/2020 9:14,Service Completed,Resolved,2020-06-26 09:13:00,173300,101004127658,2020-06-26,9:13,2020-09-09,9:14
173298-101004127513,Tree Removal,Parks and Recreation,2335 MCCLENDON ST,8/16/2020 8:22,Service Completed,Resolved,2020-06-26 08:21:00,173298,101004127513,2020-06-26,8:21,2020-08-16,8:22
173297-101004127473,Tree Trim,Parks and Recreation,7445 AWTY SCHOOL LN,9/9/2020 8:05,Service Completed,Resolved,2020-06-26 08:04:00,173297,101004127473,2020-06-26,8:04,2020-09-09,8:05
173296-101004127438,Tree Removal,Parks and Recreation,4922 KELSO ST,8/16/2020 7:54,Service Completed,Resolved,2020-06-26 07:53:00,173296,101004127438,2020-06-26,7:53,2020-08-16,7:54
173295-101004127328,Tree Removal,Parks and Recreation,1950 SPENWICK DR,8/16/2020 7:15,Service Completed,Resolved,2020-06-26 07:14:00,173295,101004127328,2020-06-26,7:14,2020-08-16,7:15
173294-101004127311,Tree Removal,Parks and Recreation,7711 CHASEWAY DR,8/16/2020 7:10,Service Completed,Resolved,2020-06-26 07:09:00,173294,101004127311,2020-06-26,7:09,2020-08-16,7:10
173291-101004127141,Tree Removal,Parks and Recreation,3621 GOLF DR,8/16/2020 5:54,Service Completed,Resolved,2020-06-26 05:53:00,173291,101004127141,2020-06-26,5:53,2020-08-16,5:54
173289-101004127059,Tree Removal,Parks and Recreation,5500 ASHBY ST&1800 BOLSOVER ST,8/16/2020 5:21,Service Completed,Resolved,2020-06-26 05:20:00,173289,101004127059,2020-06-26,5:20,2020-08-16,5:21
173288-101004127055,Tree Trim,Parks and Recreation,500 E 34TH ST&3400 COLUMBIA ST,9/9/2020 5:18,Service Completed,Resolved,2020-06-26 05:17:00,173288,101004127055,2020-06-26,5:17,2020-09-09,5:18
173287-101004127039,Tree Code Violation,Parks and Recreation,2410 POLK ST,8/17/2020 5:12,Service Completed,Resolved,2020-06-26 05:11:00,173287,101004127039,2020-06-26,5:11,2020-08-17,5:12
173286-101004126961,Tree Removal,Parks and Recreation,19008 SAUMS RD,8/16/2020 4:38,Service Completed,Resolved,2020-06-26 04:37:00,173286,101004126961,2020-06-26,4:37,2020-08-16,4:38
173285-101004126722,Tree Trim,Parks and Recreation,12300 ALDINE WESTFIELD RD,9/9/2020 2:21,Service Completed,Resolved,2020-06-26 02:20:00,173285,101004126722,2020-06-26,2:20,2020-09-09,2:21
173284-101004126649,Tree Trim,Parks and Recreation,8353 BONNER DR,9/8/2020 19:30,Service Completed,Resolved,2020-06-25 19:29:00,173284,101004126649,2020-06-25,19:29,2020-09-08,19:30
173283-101004126575,Tree Trim,Parks and Recreation,12106 PALMDATE ST,9/8/2020 16:09,Service Completed,Resolved,2020-06-25 16:08:00,173283,101004126575,2020-06-25,16:08,2020-09-08,16:09
173282-101004126571,Tree Trim,Parks and Recreation,2121 CENTRAL ST,9/8/2020 16:00,Service Completed,Resolved,2020-06-25 15:59:00,173282,101004126571,2020-06-25,15:59,2020-09-08,16:00
173278-101004126189,Tree Trim,Parks and Recreation,6802 GOLFWAY ST,9/8/2020 11:15,Service Completed,Resolved,2020-06-25 11:14:00,173278,101004126189,2020-06-25,11:14,2020-09-08,11:15
173277-101004125951,Tree Removal,Parks and Recreation,5327 STILLBROOKE DR,8/15/2020 9:25,Service Completed,Resolved,2020-06-25 09:24:00,173277,101004125951,2020-06-25,9:24,2020-08-15,9:25
173276-101004125868,Tree Trim,Parks and Recreation,2009 JOHNSON ST,9/8/2020 8:50,Service Completed,Resolved,2020-06-25 08:49:00,173276,101004125868,2020-06-25,8:49,2020-09-08,8:50
173275-101004125849,Tree Trim,Parks and Recreation,2009 JOHNSON ST,9/8/2020 8:41,Service Completed,Resolved,2020-06-25 08:40:00,173275,101004125849,2020-06-25,8:40,2020-09-08,8:41
173273-101004125707,Tree Removal,Parks and Recreation,5366 FAIRDALE LN,8/15/2020 7:33,Service Completed,Resolved,2020-06-25 07:32:00,173273,101004125707,2020-06-25,7:32,2020-08-15,7:33
173272-101004125631,Tree Removal,Parks and Recreation,9305 INTERVALE ST,8/15/2020 7:01,Service Completed,Resolved,2020-06-25 07:00:00,173272,101004125631,2020-06-25,7:00,2020-08-15,7:01
173271-101004125611,Tree Trim,Parks and Recreation,4202 EIGEL ST,9/8/2020 6:52,Service Completed,Resolved,2020-06-25 06:51:00,173271,101004125611,2020-06-25,6:51,2020-09-08,6:52
173270-101004125518,Tree Trim,Parks and Recreation,2219 BRON HOLLY DR,9/8/2020 6:17,Service Completed,Resolved,2020-06-25 06:16:00,173270,101004125518,2020-06-25,6:16,2020-09-08,6:17
173269-101004125399,Tree Planting,Parks and Recreation,6301 RODRIGO ST,7/20/2020 5:29,Service Completed,Resolved,2020-06-25 05:28:00,173269,101004125399,2020-06-25,5:28,2020-07-20,5:29
173268-101004125345,Tree Trim,Parks and Recreation,323 W 32ND ST,9/8/2020 5:10,Service Completed,Resolved,2020-06-25 05:09:00,173268,101004125345,2020-06-25,5:09,2020-09-08,5:10
173267-101004125329,Tree Trim,Parks and Recreation,3510 MCKINLEY LN,9/8/2020 5:05,Service Completed,Resolved,2020-06-25 05:04:00,173267,101004125329,2020-06-25,5:04,2020-09-08,5:05
173266-101004125313,Tree Removal,Parks and Recreation,723 ARLINGTON ST,8/15/2020 4:57,Service Completed,Resolved,2020-06-25 04:56:00,173266,101004125313,2020-06-25,4:56,2020-08-15,4:57
173265-101004125252,Tree Removal,Parks and Recreation,3007 ALTOONA ST,8/15/2020 4:31,Service Completed,Resolved,2020-06-25 04:30:00,173265,101004125252,2020-06-25,4:30,2020-08-15,4:31
173264-101004125243,Tree Trim,Parks and Recreation,1915 OXFORD ST,9/8/2020 4:28,Service Completed,Resolved,2020-06-25 04:27:00,173264,101004125243,2020-06-25,4:27,2020-09-08,4:28
173263-101004125215,Tree Removal,Parks and Recreation,3132 TILFER ST,8/15/2020 4:12,Service Completed,Resolved,2020-06-25 04:11:00,173263,101004125215,2020-06-25,4:11,2020-08-15,4:12
173262-101004125147,Tree Trim,Parks and Recreation,8300 CULLEN BLVD&4700 SUNFLOWER ST,9/8/2020 3:22,Service Completed,Resolved,2020-06-25 03:21:00,173262,101004125147,2020-06-25,3:21,2020-09-08,3:22
173261-101004125084,Tree Removal,Parks and Recreation,6430 SHARPVIEW DR,8/15/2020 2:11,Service Completed,Resolved,2020-06-25 02:10:00,173261,101004125084,2020-06-25,2:10,2020-08-15,2:11
173260-101004125062,Tree Trim,Parks and Recreation,220 E COWAN DR,9/8/2020 0:30,Service Completed,Resolved,2020-06-25 00:29:00,173260,101004125062,2020-06-25,0:29,2020-09-08,0:30
173259-101004124929,Tree Trim,Parks and Recreation,500 E 34TH ST&3400 COLUMBIA ST,9/7/2020 14:58,Service Completed,Resolved,2020-06-24 14:57:00,173259,101004124929,2020-06-24,14:57,2020-09-07,14:58
173258-101004124896,Tree Removal,Parks and Recreation,1013 VAN BUREN ST,8/14/2020 14:18,Service Completed,Resolved,2020-06-24 14:17:00,173258,101004124896,2020-06-24,14:17,2020-08-14,14:18
173257-101004124673,Tree Removal,Parks and Recreation,2026 SHADOW BEND DR,8/14/2020 11:30,Service Completed,Resolved,2020-06-24 11:29:00,173257,101004124673,2020-06-24,11:29,2020-08-14,11:30
173256-101004124672,Tree Removal,Parks and Recreation,919 ROPER ST,8/14/2020 11:29,Service Completed,Resolved,2020-06-24 11:28:00,173256,101004124672,2020-06-24,11:28,2020-08-14,11:29
173255-101004124571,Tree Removal,Parks and Recreation,6335 SHERWOOD DR,8/14/2020 10:54,Service Completed,Resolved,2020-06-24 10:53:00,173255,101004124571,2020-06-24,10:53,2020-08-14,10:54
173254-101004124462,Tree Removal,Parks and Recreation,4303 B ROSE ST,8/14/2020 10:09,Service Completed,Resolved,2020-06-24 10:08:00,173254,101004124462,2020-06-24,10:08,2020-08-14,10:09
173253-101004124457,Tree Trim,Parks and Recreation,8907 LYNDONNILLE FALLS LN,9/7/2020 10:08,Service Completed,Resolved,2020-06-24 10:07:00,173253,101004124457,2020-06-24,10:07,2020-09-07,10:08
173252-101004124421,Tree Removal,Parks and Recreation,1303 AFTON ST,8/14/2020 9:55,Service Completed,Resolved,2020-06-24 09:54:00,173252,101004124421,2020-06-24,9:54,2020-08-14,9:55
173251-101004124314,Tree Trim,Parks and Recreation,2720 REAGAN ST,9/7/2020 8:58,Service Completed,Resolved,2020-06-24 08:57:00,173251,101004124314,2020-06-24,8:57,2020-09-07,8:58
173250-101004124305,Tree Trim,Parks and Recreation,2619 THELMA DR,9/7/2020 8:52,Service Completed,Resolved,2020-06-24 08:51:00,173250,101004124305,2020-06-24,8:51,2020-09-07,8:52
173249-101004124293,Tree Trim,Parks and Recreation,8800 BRIAR FOREST DR&11650 MEMORIAL DR,9/7/2020 8:47,Service Completed,Resolved,2020-06-24 08:46:00,173249,101004124293,2020-06-24,8:46,2020-09-07,8:47
173248-101004124292,Tree Trim,Parks and Recreation,730 BAYLAND AVE,9/7/2020 8:46,Service Completed,Resolved,2020-06-24 08:45:00,173248,101004124292,2020-06-24,8:45,2020-09-07,8:46
173247-101004124284,Tree Trim,Parks and Recreation,627 HIGHLAND ST,9/7/2020 8:42,Service Completed,Resolved,2020-06-24 08:41:00,173247,101004124284,2020-06-24,8:41,2020-09-07,8:42
173246-101004124279,Tree Trim,Parks and Recreation,701 HIGHLAND ST,9/7/2020 8:37,Service Completed,Resolved,2020-06-24 08:36:00,173246,101004124279,2020-06-24,8:36,2020-09-07,8:37
173245-101004124229,Tree Trim,Parks and Recreation,214 WEATHERLY WAY,9/7/2020 8:15,Service Completed,Resolved,2020-06-24 08:14:00,173245,101004124229,2020-06-24,8:14,2020-09-07,8:15
173244-101004124175,Tree Trim,Parks and Recreation,11102 ROANDALE DR,9/7/2020 7:44,Service Completed,Resolved,2020-06-24 07:43:00,173244,101004124175,2020-06-24,7:43,2020-09-07,7:44
173243-101004124158,Tree Removal,Parks and Recreation,8000 BRETSHIRE DR,8/14/2020 7:34,Service Completed,Resolved,2020-06-24 07:33:00,173243,101004124158,2020-06-24,7:33,2020-08-14,7:34
173242-101004124134,Tree Trim,Parks and Recreation,1306 MOORHEAD DR,9/7/2020 7:23,Service Completed,Resolved,2020-06-24 07:22:00,173242,101004124134,2020-06-24,7:22,2020-09-07,7:23
173240-101004124104,Tree Trim,Parks and Recreation,7645 EDNA ST,9/7/2020 7:10,Service Completed,Resolved,2020-06-24 07:09:00,173240,101004124104,2020-06-24,7:09,2020-09-07,7:10
173239-101004124085,Tree Trim,Parks and Recreation,6518 PINEHURST ST,9/7/2020 7:03,Service Completed,Resolved,2020-06-24 07:02:00,173239,101004124085,2020-06-24,7:02,2020-09-07,7:03
173238-101004124052,Tree Stump Grinding,Parks and Recreation,410 W 16TH ST,10/18/2020 6:55,Service Completed,Resolved,2020-06-24 06:54:00,173238,101004124052,2020-06-24,6:54,2020-10-18,6:55
173236-101004123992,Tree Trim,Parks and Recreation,2100 ELMVIEW DR&9600 HAMMERLY BLVD,9/7/2020 6:31,Service Completed,Resolved,2020-06-24 06:30:00,173236,101004123992,2020-06-24,6:30,2020-09-07,6:31
173237-101004123975,Tree Planting,Parks and Recreation,2002 BANKS ST,7/19/2020 6:24,Service Completed,Resolved,2020-06-24 06:23:00,173237,101004123975,2020-06-24,6:23,2020-07-19,6:24
173235-101004123940,Tree Trim,Parks and Recreation,8000 BRETSHIRE DR,9/7/2020 6:04,Service Completed,Resolved,2020-06-24 06:03:00,173235,101004123940,2020-06-24,6:03,2020-09-07,6:04
173234-101004123886,Tree Code Violation,Parks and Recreation,0 CHIMNEY ROCK RD&5600 GASMER DR,8/15/2020 5:42,Service Completed,Resolved,2020-06-24 05:41:00,173234,101004123886,2020-06-24,5:41,2020-08-15,5:42
173233-101004123791,Tree Removal,Parks and Recreation,2816 NEWMAN ST,8/14/2020 5:03,Service Completed,Resolved,2020-06-24 05:02:00,173233,101004123791,2020-06-24,5:02,2020-08-14,5:03
173232-101004123778,Tree Removal,Parks and Recreation,1611 PANNELL ST,8/14/2020 5:00,Service Completed,Resolved,2020-06-24 04:59:00,173232,101004123778,2020-06-24,4:59,2020-08-14,5:00
356415-101004123731,Tree Removal,Parks and Recreation,  ,8/14/2020 4:38,Service Completed,Resolved,2020-06-24 04:37:00,356415,101004123731,2020-06-24,4:37,2020-08-14,4:38
173228-101004123727,Tree Removal,Parks and Recreation,1520 CANDLELIGHT LN,8/14/2020 4:38,Service Completed,Resolved,2020-06-24 04:37:00,173228,101004123727,2020-06-24,4:37,2020-08-14,4:38
101004123585,Tree Removal,Parks and Recreation,6717 SHERMAN ST,8/14/2020 3:05,Service Completed,Resolved,2020-06-24 03:04:00, ,101004123585,2020-06-24,3:04,2020-08-14,3:05
173225-101004123305,Tree Trim,Parks and Recreation,4630 SUNFLOWER ST,9/6/2020 14:22,Service Completed,Resolved,2020-06-23 14:21:00,173225,101004123305,2020-06-23,14:21,2020-09-06,14:22
173224-101004123286,Tree Trim,Parks and Recreation,6318 COSTA MESA DR,9/6/2020 13:59,Service Completed,Resolved,2020-06-23 13:58:00,173224,101004123286,2020-06-23,13:58,2020-09-06,13:59
173223-101004123280,Tree Trim,Parks and Recreation,4630 SUNFLOWER ST,9/6/2020 13:53,Service Completed,Resolved,2020-06-23 13:52:00,173223,101004123280,2020-06-23,13:52,2020-09-06,13:53
173222-101004123210,Tree Removal,Parks and Recreation,1906 PRIEST DR,8/13/2020 12:47,Service Completed,Resolved,2020-06-23 12:46:00,173222,101004123210,2020-06-23,12:46,2020-08-13,12:47
173220-101004122925,Tree Removal,Parks and Recreation,5115 YARWELL DR,8/13/2020 10:14,Service Completed,Resolved,2020-06-23 10:13:00,173220,101004122925,2020-06-23,10:13,2020-08-13,10:14
173219-101004122898,Tree Removal,Parks and Recreation,5618 COLLINS,8/13/2020 10:02,Service Completed,Resolved,2020-06-23 10:01:00,173219,101004122898,2020-06-23,10:01,2020-08-13,10:02
173218-101004122777,Tree Removal,Parks and Recreation,1426 MARLEEN ST,8/13/2020 9:18,Service Completed,Resolved,2020-06-23 09:17:00,173218,101004122777,2020-06-23,9:17,2020-08-13,9:18
173217-101004122768,Tree Removal,Parks and Recreation,1605 HARRINGTON ST,8/13/2020 9:13,Service Completed,Resolved,2020-06-23 09:12:00,173217,101004122768,2020-06-23,9:12,2020-08-13,9:13
173215-101004122620,Tree Removal,Parks and Recreation,720 YORKSHIRE ST,8/13/2020 8:29,Service Completed,Resolved,2020-06-23 08:28:00,173215,101004122620,2020-06-23,8:28,2020-08-13,8:29
173214-101004122494,Tree Removal,Parks and Recreation,12210 DONEGAL WAY,8/13/2020 7:48,Service Completed,Resolved,2020-06-23 07:47:00,173214,101004122494,2020-06-23,7:47,2020-08-13,7:48
173213-101004122470,Tree Removal,Parks and Recreation,10328 SHADOW OAKS DR,8/13/2020 7:34,Service Completed,Resolved,2020-06-23 07:33:00,173213,101004122470,2020-06-23,7:33,2020-08-13,7:34
173212-101004122293,Tree Removal,Parks and Recreation,2936 BARKSDALE DR,8/13/2020 6:29,Service Completed,Resolved,2020-06-23 06:28:00,173212,101004122293,2020-06-23,6:28,2020-08-13,6:29
173211-101004122270,Tree Trim,Parks and Recreation,1036 NADINE ST,9/6/2020 6:20,Service Completed,Resolved,2020-06-23 06:19:00,173211,101004122270,2020-06-23,6:19,2020-09-06,6:20
173210-101004122266,Tree Removal,Parks and Recreation,8001 DANDY ST,8/13/2020 6:18,Service Completed,Resolved,2020-06-23 06:17:00,173210,101004122266,2020-06-23,6:17,2020-08-13,6:18
173209-101004122248,Tree Removal,Parks and Recreation,242 WOOLWORTH ST,8/13/2020 6:13,Service Completed,Resolved,2020-06-23 06:12:00,173209,101004122248,2020-06-23,6:12,2020-08-13,6:13
173208-101004122181,Tree Trim,Parks and Recreation,900 BONNIE GLEN&1600 HAMBLEN RD,9/6/2020 5:49,Service Completed,Resolved,2020-06-23 05:48:00,173208,101004122181,2020-06-23,5:48,2020-09-06,5:49
173206-101004122067,Tree Removal,Parks and Recreation,8105 ATTWATER ST,8/13/2020 5:06,Service Completed,Resolved,2020-06-23 05:05:00,173206,101004122067,2020-06-23,5:05,2020-08-13,5:06
101004122057,Tree Removal,Parks and Recreation,7883 HAMLET ST,8/13/2020 5:04,Service Completed,Resolved,2020-06-23 05:03:00, ,101004122057,2020-06-23,5:03,2020-08-13,5:04
173205-101004121967,Tree Trim,Parks and Recreation,5942 HERMANN PARK DR,9/6/2020 4:32,Service Completed,Resolved,2020-06-23 04:31:00,173205,101004121967,2020-06-23,4:31,2020-09-06,4:32
173202-101004121874,Tree Removal,Parks and Recreation,840 W 23RD ST,8/13/2020 3:57,Service Completed,Resolved,2020-06-23 03:56:00,173202,101004121874,2020-06-23,3:56,2020-08-13,3:57
173200-101004121827,Tree Trim,Parks and Recreation,1520 CANDLELIGHT LN,9/6/2020 3:33,Service Completed,Resolved,2020-06-23 03:32:00,173200,101004121827,2020-06-23,3:32,2020-09-06,3:33
173199-101004121823,Tree Removal,Parks and Recreation,1520 CANDLELIGHT LN,8/13/2020 3:32,Service Completed,Resolved,2020-06-23 03:31:00,173199,101004121823,2020-06-23,3:31,2020-08-13,3:32
173198-101004121777,Tree Removal,Parks and Recreation,2536 DRYDEN RD,8/13/2020 3:11,Service Completed,Resolved,2020-06-23 03:10:00,173198,101004121777,2020-06-23,3:10,2020-08-13,3:11
173197-101004121598,Tree Code Violation,Parks and Recreation,1516 VASSAR ST,8/13/2020 19:32,Service Completed,Resolved,2020-06-22 19:31:00,173197,101004121598,2020-06-22,19:31,2020-08-13,19:32
101004121431,Tree Trim,Parks and Recreation,10803 EDDYROCK ST,9/5/2020 14:14,Service Completed,Resolved,2020-06-22 14:13:00, ,101004121431,2020-06-22,14:13,2020-09-05,14:14
173195-101004121388,Tree Removal,Parks and Recreation,8303 ROCKFORD DR,8/12/2020 13:37,Service Completed,Resolved,2020-06-22 13:36:00,173195,101004121388,2020-06-22,13:36,2020-08-12,13:37
173194-101004121318,Tree Trim,Parks and Recreation,12118 PALMBEACH ST,9/5/2020 12:55,Service Completed,Resolved,2020-06-22 12:54:00,173194,101004121318,2020-06-22,12:54,2020-09-05,12:55
173193-101004121232,Tree Trim,Parks and Recreation,12811 CORONA LN,9/5/2020 12:01,Service Completed,Resolved,2020-06-22 12:00:00,173193,101004121232,2020-06-22,12:00,2020-09-05,12:01
173192-101004121090,Tree Removal,Parks and Recreation,242 WOOLWORTH ST,8/12/2020 10:52,Service Completed,Resolved,2020-06-22 10:51:00,173192,101004121090,2020-06-22,10:51,2020-08-12,10:52
173191-101004121086,Tree Trim,Parks and Recreation,15315 APPLERIDGE DR,9/5/2020 10:50,Service Completed,Resolved,2020-06-22 10:49:00,173191,101004121086,2020-06-22,10:49,2020-09-05,10:50
173189-101004121082,Tree Trim,Parks and Recreation,1932 W GRAY ST&1450 WOODHEAD ST,9/5/2020 10:49,Service Completed,Resolved,2020-06-22 10:48:00,173189,101004121082,2020-06-22,10:48,2020-09-05,10:49
173190-101004121081,Tree Removal,Parks and Recreation,6505 WESTVIEW DR,8/12/2020 10:49,Service Completed,Resolved,2020-06-22 10:48:00,173190,101004121081,2020-06-22,10:48,2020-08-12,10:49
173188-101004120992,Tree Removal,Parks and Recreation,5442 RICHMOND AVE,8/12/2020 10:15,Service Completed,Resolved,2020-06-22 10:14:00,173188,101004120992,2020-06-22,10:14,2020-08-12,10:15
173187-101004120808,Tree Trim,Parks and Recreation,3923 KNOTTYNOLD LN,9/5/2020 8:54,Service Completed,Resolved,2020-06-22 08:53:00,173187,101004120808,2020-06-22,8:53,2020-09-05,8:54
173186-101004120634,Tree Trim,Parks and Recreation,102 SUPER ST,9/5/2020 7:34,Service Completed,Resolved,2020-06-22 07:33:00,173186,101004120634,2020-06-22,7:33,2020-09-05,7:34
173185-101004120545,Tree Removal,Parks and Recreation,5212 KIAM ST,8/12/2020 7:06,Service Completed,Resolved,2020-06-22 07:05:00,173185,101004120545,2020-06-22,7:05,2020-08-12,7:06
173183-101004120320,Tree Removal,Parks and Recreation,5513 TOMMYE ST,8/12/2020 5:42,Service Completed,Resolved,2020-06-22 05:41:00,173183,101004120320,2020-06-22,5:41,2020-08-12,5:42
173181-101004120136,Tree Removal,Parks and Recreation,3219 BAMMEL LN,8/12/2020 4:42,Service Completed,Resolved,2020-06-22 04:41:00,173181,101004120136,2020-06-22,4:41,2020-08-12,4:42
173180-101004120108,Tree Trim,Parks and Recreation,523 HIGHLAND ST,9/5/2020 4:32,Service Completed,Resolved,2020-06-22 04:31:00,173180,101004120108,2020-06-22,4:31,2020-09-05,4:32
173179-101004120104,Tree Removal,Parks and Recreation,6211 CHAFFIN ST,8/12/2020 4:30,Service Completed,Resolved,2020-06-22 04:29:00,173179,101004120104,2020-06-22,4:29,2020-08-12,4:30
173177-101004120102,Tree Trim,Parks and Recreation,5200 EARLINE ST&8900 PEACHTREE ST,9/5/2020 4:29,Service Completed,Resolved,2020-06-22 04:28:00,173177,101004120102,2020-06-22,4:28,2020-09-05,4:29
173176-101004120093,Tree Trim,Parks and Recreation,608 WALTON ST,9/5/2020 4:24,Service Completed,Resolved,2020-06-22 04:23:00,173176,101004120093,2020-06-22,4:23,2020-09-05,4:24
173175-101004120089,Tree Removal,Parks and Recreation,6000 ETTRICK DR&12200 KIRKSIDE DR,8/12/2020 4:21,Service Completed,Resolved,2020-06-22 04:20:00,173175,101004120089,2020-06-22,4:20,2020-08-12,4:21
173173-101004120027,Tree Trim,Parks and Recreation,6146 ANDWOOD ST,9/5/2020 3:48,Service Completed,Resolved,2020-06-22 03:47:00,173173,101004120027,2020-06-22,3:47,2020-09-05,3:48
173172-101004120010,Tree Trim,Parks and Recreation,4802 ALMEDA RD,9/5/2020 3:39,Service Completed,Resolved,2020-06-22 03:38:00,173172,101004120010,2020-06-22,3:38,2020-09-05,3:39
173171-101004119971,Tree Stump Grinding,Parks and Recreation,600 GRAY ST&2100 SMITH ST,10/16/2020 3:14,Service Completed,Resolved,2020-06-22 03:13:00,173171,101004119971,2020-06-22,3:13,2020-10-16,3:14
173170-101004119944,Tree Removal,Parks and Recreation,4303 B ROSE ST,8/12/2020 2:52,Service Completed,Resolved,2020-06-22 02:51:00,173170,101004119944,2020-06-22,2:51,2020-08-12,2:52
173169-101004119922,Tree Trim,Parks and Recreation,1122 BAYLAND AVE,9/5/2020 2:19,Service Completed,Resolved,2020-06-22 02:18:00,173169,101004119922,2020-06-22,2:18,2020-09-05,2:19
101004119918,Tree Removal,Parks and Recreation,3221 DURHILL ST,8/12/2020 2:13,Service Completed,Resolved,2020-06-22 02:12:00, ,101004119918,2020-06-22,2:12,2020-08-12,2:13
173166-101004119900,Tree Trim,Parks and Recreation,938 WYNNWOOD LN,9/5/2020 0:03,Service Completed,Resolved,2020-06-22 00:02:00,173166,101004119900,2020-06-22,0:02,2020-09-05,0:03
173165-101004119725,Tree Trim,Parks and Recreation,300 E KOWIS ST&7700 WERNER ST,9/4/2020 9:20,Service Completed,Resolved,2020-06-21 09:19:00,173165,101004119725,2020-06-21,9:19,2020-09-04,9:20
173164-101004119633,Tree Trim,Parks and Recreation,1503 QUAIL ST,9/4/2020 6:18,Service Completed,Resolved,2020-06-21 06:17:00,173164,101004119633,2020-06-21,6:17,2020-09-04,6:18
173163-101004119621,Tree Removal,Parks and Recreation,309 W 23RD ST,8/11/2020 5:55,Service Completed,Resolved,2020-06-21 05:54:00,173163,101004119621,2020-06-21,5:54,2020-08-11,5:55
173162-101004119399,Tree Trim,Parks and Recreation,13796 LYNDEN DR&4200 W OREM DR,9/3/2020 15:33,Service Completed,Resolved,2020-06-20 15:32:00,173162,101004119399,2020-06-20,15:32,2020-09-03,15:33
173161-101004119303,Tree Removal,Parks and Recreation,1036 UVALDE RD&13400 VICKSBURG ST ,8/10/2020 12:14,Service Completed,Resolved,2020-06-20 12:13:00,173161,101004119303,2020-06-20,12:13,2020-08-10,12:14
173160-101004119257,Tree Trim,Parks and Recreation,3038 S HEIGHTS HOLLOW LN,9/3/2020 10:41,Service Completed,Resolved,2020-06-20 10:40:00,173160,101004119257,2020-06-20,10:40,2020-09-03,10:41
356362-101004119229,Tree Removal,Parks and Recreation,13700 ASTON ST&5600 FAIRBANKS N HOUSTON RD,8/10/2020 10:03,Service Completed,Resolved,2020-06-20 10:02:00,356362,101004119229,2020-06-20,10:02,2020-08-10,10:03
173156-101004119190,Tree Trim,Parks and Recreation,6000 BIRDWOOD RD&8912 BRAEWICK DR,9/3/2020 9:23,Service Completed,Resolved,2020-06-20 09:22:00,173156,101004119190,2020-06-20,9:22,2020-09-03,9:23
173155-101004119180,Tree Trim,Parks and Recreation,11800 ALIEF CLODINE RD&4100 ALIEF VILLAGE DR ,9/3/2020 9:13,Service Completed,Resolved,2020-06-20 09:12:00,173155,101004119180,2020-06-20,9:12,2020-09-03,9:13
101004119072,Tree Removal,Parks and Recreation,2700 BARON ST&400 JENSEN DR,8/10/2020 6:46,Service Completed,Resolved,2020-06-20 06:45:00, ,101004119072,2020-06-20,6:45,2020-08-10,6:46
173153-101004119039,Tree Removal,Parks and Recreation,9822 JAYWOOD DR,8/10/2020 6:10,Service Completed,Resolved,2020-06-20 06:09:00,173153,101004119039,2020-06-20,6:09,2020-08-10,6:10
173152-101004118953,Tree Removal,Parks and Recreation,13 PINE BRIAR CIR,8/10/2020 4:33,Service Completed,Resolved,2020-06-20 04:32:00,173152,101004118953,2020-06-20,4:32,2020-08-10,4:33
173151-101004118863,Tree Trim,Parks and Recreation,7645 EDNA ST,9/2/2020 19:55,Service Completed,Resolved,2020-06-19 19:54:00,173151,101004118863,2020-06-19,19:54,2020-09-02,19:55
173150-101004118775,Tree Trim,Parks and Recreation,15903 DARTON ST,9/2/2020 15:35,Service Completed,Resolved,2020-06-19 15:34:00,173150,101004118775,2020-06-19,15:34,2020-09-02,15:35
173149-101004118551,Tree Removal,Parks and Recreation,8818 EDGEMOOR DR,8/9/2020 11:40,Service Completed,Resolved,2020-06-19 11:39:00,173149,101004118551,2020-06-19,11:39,2020-08-09,11:40
173148-101004118539,Tree Removal,Parks and Recreation,11500 RICHMOND AVE&3100 WOODLAND PARK DR ,8/9/2020 11:31,Service Completed,Resolved,2020-06-19 11:30:00,173148,101004118539,2020-06-19,11:30,2020-08-09,11:31
173147-101004118537,Tree Trim,Parks and Recreation,1315 ZORA ST,9/2/2020 11:31,Service Completed,Resolved,2020-06-19 11:30:00,173147,101004118537,2020-06-19,11:30,2020-09-02,11:31
173146-101004118534,Tree Removal,Parks and Recreation,1711 TARGET CT,8/9/2020 11:29,Service Completed,Resolved,2020-06-19 11:28:00,173146,101004118534,2020-06-19,11:28,2020-08-09,11:29
173144-101004118344,Tree Trim,Parks and Recreation,4722 CURLY OAKS DR,9/2/2020 10:06,Service Completed,Resolved,2020-06-19 10:05:00,173144,101004118344,2020-06-19,10:05,2020-09-02,10:06
173143-101004118340,Tree Trim,Parks and Recreation,5327 TRAIL LAKE DR,9/2/2020 10:04,Service Completed,Resolved,2020-06-19 10:03:00,173143,101004118340,2020-06-19,10:03,2020-09-02,10:04
173142-101004118300,Tree Removal,Parks and Recreation,5703 FLAMINGO DR,8/9/2020 9:44,Service Completed,Resolved,2020-06-19 09:43:00,173142,101004118300,2020-06-19,9:43,2020-08-09,9:44
173140-101004118197,Tree Trim,Parks and Recreation,3327 WICHITA ST,9/2/2020 8:46,Service Completed,Resolved,2020-06-19 08:45:00,173140,101004118197,2020-06-19,8:45,2020-09-02,8:46
173139-101004118066,Tree Trim,Parks and Recreation,11726 KIRKHOLLOW DR,9/2/2020 7:31,Service Completed,Resolved,2020-06-19 07:30:00,173139,101004118066,2020-06-19,7:30,2020-09-02,7:31
173138-101004118055,Tree Trim,Parks and Recreation,1700 RICHMOND AVE,9/2/2020 7:26,Service Completed,Resolved,2020-06-19 07:25:00,173138,101004118055,2020-06-19,7:25,2020-09-02,7:26
173137-101004117966,Tree Code Violation,Parks and Recreation,1300 EMANCIPATION AVE&2400 POLK ST,8/10/2020 6:44,Service Completed,Resolved,2020-06-19 06:43:00,173137,101004117966,2020-06-19,6:43,2020-08-10,6:44
173136-101004117942,Tree Removal,Parks and Recreation,1723 COLQUITT ST,8/9/2020 6:36,Service Completed,Resolved,2020-06-19 06:35:00,173136,101004117942,2020-06-19,6:35,2020-08-09,6:36
173134-101004117765,Tree Removal,Parks and Recreation,2201 CENTRAL ST,8/9/2020 5:18,Service Completed,Resolved,2020-06-19 05:17:00,173134,101004117765,2020-06-19,5:17,2020-08-09,5:18
173133-101004117700,Tree Removal,Parks and Recreation,2212 SAUER ST&3000 TRULLEY ST,8/9/2020 4:51,Service Completed,Resolved,2020-06-19 04:50:00,173133,101004117700,2020-06-19,4:50,2020-08-09,4:51
173132-101004117665,Tree Trim,Parks and Recreation,10000 LONG POINT RD&1400 WITTE RD ,9/2/2020 4:39,Service Completed,Resolved,2020-06-19 04:38:00,173132,101004117665,2020-06-19,4:38,2020-09-02,4:39
101004117612,Tree Removal,Parks and Recreation,814 SPEAR POINT CV,8/9/2020 4:16,Service Completed,Resolved,2020-06-19 04:15:00, ,101004117612,2020-06-19,4:15,2020-08-09,4:16
173127-101004117413,Tree Removal,Parks and Recreation,6520 ALMEDA RD,8/8/2020 23:29,Service Completed,Resolved,2020-06-18 23:28:00,173127,101004117413,2020-06-18,23:28,2020-08-08,23:29
173126-101004117240,Tree Removal,Parks and Recreation,2837 YORKTOWN ST,8/8/2020 13:08,Service Completed,Resolved,2020-06-18 13:07:00,173126,101004117240,2020-06-18,13:07,2020-08-08,13:08
173125-101004117219,Tree Removal,Parks and Recreation,8900 FONDREN RD,8/8/2020 12:38,Service Completed,Resolved,2020-06-18 12:37:00,173125,101004117219,2020-06-18,12:37,2020-08-08,12:38
173124-101004117050,Tree Trim,Parks and Recreation,567 N POST OAK LN,9/1/2020 11:00,Service Completed,Resolved,2020-06-18 10:59:00,173124,101004117050,2020-06-18,10:59,2020-09-01,11:00
173123-101004117045,Tree Trim,Parks and Recreation,471 N POST OAK LN,9/1/2020 10:59,Service Completed,Resolved,2020-06-18 10:58:00,173123,101004117045,2020-06-18,10:58,2020-09-01,10:59
173122-101004117041,Tree Trim,Parks and Recreation,469 N POST OAK LN,9/1/2020 10:58,Service Completed,Resolved,2020-06-18 10:57:00,173122,101004117041,2020-06-18,10:57,2020-09-01,10:58
173121-101004117037,Tree Trim,Parks and Recreation,393 N POST OAK LN,9/1/2020 10:58,Service Completed,Resolved,2020-06-18 10:57:00,173121,101004117037,2020-06-18,10:57,2020-09-01,10:58
173120-101004117035,Tree Trim,Parks and Recreation,391 N POST OAK LN,9/1/2020 10:56,Service Completed,Resolved,2020-06-18 10:55:00,173120,101004117035,2020-06-18,10:55,2020-09-01,10:56
173118-101004116983,Tree Removal,Parks and Recreation,7102 GONZALES ST,8/8/2020 10:39,Service Completed,Resolved,2020-06-18 10:38:00,173118,101004116983,2020-06-18,10:38,2020-08-08,10:39
173117-101004116943,Tree Trim,Parks and Recreation,6526 BANTA DR,9/1/2020 10:20,Service Completed,Resolved,2020-06-18 10:19:00,173117,101004116943,2020-06-18,10:19,2020-09-01,10:20
173116-101004116922,Tree Trim,Parks and Recreation,1620 CAMBRIDGE ST,9/1/2020 10:13,Service Completed,Resolved,2020-06-18 10:12:00,173116,101004116922,2020-06-18,10:12,2020-09-01,10:13
173112-101004116832,Tree Trim,Parks and Recreation,4507 BEGGS ST,9/1/2020 9:36,Service Completed,Resolved,2020-06-18 09:35:00,173112,101004116832,2020-06-18,9:35,2020-09-01,9:36
173111-101004116821,Tree Trim,Parks and Recreation,1800 BRAZOS ST&500 JEFFERSON ST,9/1/2020 9:33,Service Completed,Resolved,2020-06-18 09:32:00,173111,101004116821,2020-06-18,9:32,2020-09-01,9:33
173109-101004116738,Tree Trim,Parks and Recreation,8914 PONTIAC DR,9/1/2020 9:01,Service Completed,Resolved,2020-06-18 09:00:00,173109,101004116738,2020-06-18,9:00,2020-09-01,9:01
101004116665,Tree Removal,Parks and Recreation,12907 MEMORIAL DR,8/8/2020 8:39,Service Completed,Resolved,2020-06-18 08:38:00, ,101004116665,2020-06-18,8:38,2020-08-08,8:39
173108-101004116479,Tree Trim,Parks and Recreation,6700 EAGLE PASS ST&310 LATHROP ST,9/1/2020 7:20,Service Completed,Resolved,2020-06-18 07:19:00,173108,101004116479,2020-06-18,7:19,2020-09-01,7:20
173107-101004116426,Tree Removal,Parks and Recreation,0 NORTH FWY&1200 WRIGHTWOOD ST,8/8/2020 6:59,Service Completed,Resolved,2020-06-18 06:58:00,173107,101004116426,2020-06-18,6:58,2020-08-08,6:59
173106-101004116303,Tree Trim,Parks and Recreation,14300 BRIAR FOREST DR,9/1/2020 6:15,Service Completed,Resolved,2020-06-18 06:14:00,173106,101004116303,2020-06-18,6:14,2020-09-01,6:15
173105-101004116286,Tree Trim,Parks and Recreation,4500 SHERMAN ST&200 SUPER ST,9/1/2020 6:07,Service Completed,Resolved,2020-06-18 06:06:00,173105,101004116286,2020-06-18,6:06,2020-09-01,6:07
173104-101004116215,Tree Trim,Parks and Recreation,6439 PIRTLEWOOD CIR,9/1/2020 5:36,Service Completed,Resolved,2020-06-18 05:35:00,173104,101004116215,2020-06-18,5:35,2020-09-01,5:36
173103-101004116032,Tree Trim,Parks and Recreation,5119 CREEKBEND DR,9/1/2020 4:21,Service Completed,Resolved,2020-06-18 04:20:00,173103,101004116032,2020-06-18,4:20,2020-09-01,4:21
101004115942,Tree Trim,Parks and Recreation,8803 IMOGENE ST,9/1/2020 3:35,Service Completed,Resolved,2020-06-18 03:34:00, ,101004115942,2020-06-18,3:34,2020-09-01,3:35
173102-101004115917,Tree Trim,Parks and Recreation,9322 STERLINGSHIRE ST,9/1/2020 3:22,Service Completed,Resolved,2020-06-18 03:21:00,173102,101004115917,2020-06-18,3:21,2020-09-01,3:22
173101-101004115892,Tree Trim,Parks and Recreation,4038 BROWNING ST,9/1/2020 3:11,Service Completed,Resolved,2020-06-18 03:10:00,173101,101004115892,2020-06-18,3:10,2020-09-01,3:11
173100-101004115888,Tree Trim,Parks and Recreation,4750 N CAPITOL ST&500 FOREST ST,9/1/2020 3:08,Service Completed,Resolved,2020-06-18 03:07:00,173100,101004115888,2020-06-18,3:07,2020-09-01,3:08
173097-101004115806,Tree Code Violation,Parks and Recreation,1423 RICHMOND AVE,8/8/2020 23:18,Service Completed,Resolved,2020-06-17 23:17:00,173097,101004115806,2020-06-17,23:17,2020-08-08,23:18
173096-101004115700,Tree Trim,Parks and Recreation,5900 W AIRPORT BLVD&12300 HILLCROFT AVE,8/31/2020 16:03,Service Completed,Resolved,2020-06-17 16:02:00,173096,101004115700,2020-06-17,16:02,2020-08-31,16:03
173095-101004115560,Tree Trim,Parks and Recreation,536 MERRILL ST,8/31/2020 13:01,Service Completed,Resolved,2020-06-17 13:00:00,173095,101004115560,2020-06-17,13:00,2020-08-31,13:01
173094-101004115549,Tree Removal,Parks and Recreation,813 W 31ST ST,8/7/2020 12:47,Service Completed,Resolved,2020-06-17 12:46:00,173094,101004115549,2020-06-17,12:46,2020-08-07,12:47
173093-101004115501,Tree Trim,Parks and Recreation,602 HEIGHTS BLVD,8/31/2020 12:01,Service Completed,Resolved,2020-06-17 12:00:00,173093,101004115501,2020-06-17,12:00,2020-08-31,12:01
101004115380,Tree Trim,Parks and Recreation,363 N POST OAK LN,8/31/2020 10:57,Service Completed,Resolved,2020-06-17 10:56:00, ,101004115380,2020-06-17,10:56,2020-08-31,10:57
173092-101004115368,Tree Removal,Parks and Recreation,915 NORTHWOOD ST,8/7/2020 10:54,Service Completed,Resolved,2020-06-17 10:53:00,173092,101004115368,2020-06-17,10:53,2020-08-07,10:54
173091-101004115352,Tree Removal,Parks and Recreation,5905 SOVEREIGN DR,8/7/2020 10:48,Service Completed,Resolved,2020-06-17 10:47:00,173091,101004115352,2020-06-17,10:47,2020-08-07,10:48
173090-101004115323,Tree Removal,Parks and Recreation,5306 BEECHNUT ST,8/7/2020 10:40,Service Completed,Resolved,2020-06-17 10:39:00,173090,101004115323,2020-06-17,10:39,2020-08-07,10:40
173087-101004115014,Tree Trim,Parks and Recreation,8115 AUTUMN LN,8/31/2020 8:31,Service Completed,Resolved,2020-06-17 08:30:00,173087,101004115014,2020-06-17,8:30,2020-08-31,8:31
173085-101004114999,Tree Removal,Parks and Recreation,2281 DES JARDINES ST,8/7/2020 8:25,Service Completed,Resolved,2020-06-17 08:24:00,173085,101004114999,2020-06-17,8:24,2020-08-07,8:25
173084-101004114993,Tree Removal,Parks and Recreation,9834 EDGEWORTH ST,8/7/2020 8:23,Service Completed,Resolved,2020-06-17 08:22:00,173084,101004114993,2020-06-17,8:22,2020-08-07,8:23
173083-101004114978,Tree Removal,Parks and Recreation,5618 COLLINS,8/7/2020 8:17,Service Completed,Resolved,2020-06-17 08:16:00,173083,101004114978,2020-06-17,8:16,2020-08-07,8:17
173082-101004114973,Tree Removal,Parks and Recreation,6426 HANLEY LN,8/7/2020 8:14,Service Completed,Resolved,2020-06-17 08:13:00,173082,101004114973,2020-06-17,8:13,2020-08-07,8:14
173081-101004114901,Tree Trim,Parks and Recreation,6714 BARBADOS DR,8/31/2020 7:42,Service Completed,Resolved,2020-06-17 07:41:00,173081,101004114901,2020-06-17,7:41,2020-08-31,7:42
173079-101004114843,Tree Trim,Parks and Recreation,716 PECORE ST&3600 WATSON ST,8/31/2020 7:13,Service Completed,Resolved,2020-06-17 07:12:00,173079,101004114843,2020-06-17,7:12,2020-08-31,7:13
173078-101004114818,Tree Removal,Parks and Recreation,5500 ASHBY ST&1800 BOLSOVER ST,8/7/2020 7:05,Service Completed,Resolved,2020-06-17 07:04:00,173078,101004114818,2020-06-17,7:04,2020-08-07,7:05
173077-101004114791,Tree Removal,Parks and Recreation,3100 MICHAUX ST&1000 WOODLAND ST,8/7/2020 6:56,Service Completed,Resolved,2020-06-17 06:55:00,173077,101004114791,2020-06-17,6:55,2020-08-07,6:56
173076-101004114729,Tree Trim,Parks and Recreation,2412 DELANO ST,8/31/2020 6:32,Service Completed,Resolved,2020-06-17 06:31:00,173076,101004114729,2020-06-17,6:31,2020-08-31,6:32
173075-101004114703,Tree Removal,Parks and Recreation,2303 SIEBER DR,8/7/2020 6:23,Service Completed,Resolved,2020-06-17 06:22:00,173075,101004114703,2020-06-17,6:22,2020-08-07,6:23
173073-101004114694,Tree Trim,Parks and Recreation,3221 DURHILL ST,8/31/2020 6:17,Service Completed,Resolved,2020-06-17 06:16:00,173073,101004114694,2020-06-17,6:16,2020-08-31,6:17
173072-101004114692,Tree Removal,Parks and Recreation,3802 COSBY ST,8/7/2020 6:17,Service Completed,Resolved,2020-06-17 06:16:00,173072,101004114692,2020-06-17,6:16,2020-08-07,6:17
173074-101004114691,Tree Trim,Parks and Recreation,5714 SOUTHMINSTER DR,8/31/2020 6:17,Service Completed,Resolved,2020-06-17 06:16:00,173074,101004114691,2020-06-17,6:16,2020-08-31,6:17
173071-101004114682,Tree Trim,Parks and Recreation,107 W 13TH ST,8/31/2020 6:12,Service Completed,Resolved,2020-06-17 06:11:00,173071,101004114682,2020-06-17,6:11,2020-08-31,6:12
173070-101004114636,Tree Removal,Parks and Recreation,3530 NATHANIEL BROWN ST,8/7/2020 5:52,Service Completed,Resolved,2020-06-17 05:51:00,173070,101004114636,2020-06-17,5:51,2020-08-07,5:52
356295-101004114537,Tree Removal,Parks and Recreation,  ,8/7/2020 5:15,Service Completed,Resolved,2020-06-17 05:14:00,356295,101004114537,2020-06-17,5:14,2020-08-07,5:15
173063-101004114531,Tree Trim,Parks and Recreation,6682 AVERY ST&6300 NUNN ST,8/31/2020 5:14,Service Completed,Resolved,2020-06-17 05:13:00,173063,101004114531,2020-06-17,5:13,2020-08-31,5:14
173062-101004114515,Tree Trim,Parks and Recreation,1231 ARLINGTON ST,8/31/2020 5:08,Service Completed,Resolved,2020-06-17 05:07:00,173062,101004114515,2020-06-17,5:07,2020-08-31,5:08
173061-101004114505,Tree Removal,Parks and Recreation,11923 6TH ST,8/7/2020 5:04,Service Completed,Resolved,2020-06-17 05:03:00,173061,101004114505,2020-06-17,5:03,2020-08-07,5:04
173060-101004114450,Tree Trim,Parks and Recreation,6900 STAFFORDSHIRE BLVD&1900 WOODBURY ST,8/31/2020 4:42,Service Completed,Resolved,2020-06-17 04:41:00,173060,101004114450,2020-06-17,4:41,2020-08-31,4:42
173059-101004114425,Tree Removal,Parks and Recreation,4709 COCHRAN ST,8/7/2020 4:32,Service Completed,Resolved,2020-06-17 04:31:00,173059,101004114425,2020-06-17,4:31,2020-08-07,4:32
173058-101004114360,Tree Trim,Parks and Recreation,910 IMPERIAL LN,8/31/2020 4:02,Service Completed,Resolved,2020-06-17 04:01:00,173058,101004114360,2020-06-17,4:01,2020-08-31,4:02
173057-101004114326,Tree Trim,Parks and Recreation,1323 E 36TH ST,8/31/2020 3:39,Service Completed,Resolved,2020-06-17 03:38:00,173057,101004114326,2020-06-17,3:38,2020-08-31,3:39
173054-101004114290,Tree Trim,Parks and Recreation,6500 WOODWAY DR,8/31/2020 3:18,Service Completed,Resolved,2020-06-17 03:17:00,173054,101004114290,2020-06-17,3:17,2020-08-31,3:18
101004114219,Tree Trim,Parks and Recreation,4300 KOEHLER ST,8/31/2020 2:28,Service Completed,Resolved,2020-06-17 02:27:00, ,101004114219,2020-06-17,2:27,2020-08-31,2:28
101004114193,Tree Trim,Parks and Recreation,8803 EDGEMOOR DR,8/31/2020 1:58,Service Completed,Resolved,2020-06-17 01:57:00, ,101004114193,2020-06-17,1:57,2020-08-31,1:58
101004114189,Tree Trim,Parks and Recreation,4600 W BELLFORT AVE&10000 WILLOWGROVE DR,8/31/2020 1:34,Service Completed,Resolved,2020-06-17 01:33:00, ,101004114189,2020-06-17,1:33,2020-08-31,1:34
101004114166,Tree Trim,Parks and Recreation,2305 WENTWORTH ST,8/30/2020 23:53,Service Completed,Resolved,2020-06-16 23:52:00, ,101004114166,2020-06-16,23:52,2020-08-30,23:53
101004114163,Tree Trim,Parks and Recreation,6600 BRIARGATE DR&15500 CHIMNEY ROCK RD,8/30/2020 23:20,Service Completed,Resolved,2020-06-16 23:19:00, ,101004114163,2020-06-16,23:19,2020-08-30,23:20
101004114124,Tree Trim,Parks and Recreation,1416 BONNIE BRAE ST,8/30/2020 20:50,Service Completed,Resolved,2020-06-16 20:49:00, ,101004114124,2020-06-16,20:49,2020-08-30,20:50
101004114118,Tree Trim,Parks and Recreation,912 W TEMPLE ST,8/30/2020 20:36,Service Completed,Resolved,2020-06-16 20:35:00, ,101004114118,2020-06-16,20:35,2020-08-30,20:36
173046-101004113764,Tree Trim,Parks and Recreation,9267 KINGSFLOWER CIR,8/30/2020 12:27,Service Completed,Resolved,2020-06-16 12:26:00,173046,101004113764,2020-06-16,12:26,2020-08-30,12:27
173045-101004113749,Tree Removal,Parks and Recreation,4206 HAIN ST,8/6/2020 12:20,Service Completed,Resolved,2020-06-16 12:19:00,173045,101004113749,2020-06-16,12:19,2020-08-06,12:20
173044-101004113703,Tree Trim,Parks and Recreation,15730 CORSAIR RD,8/30/2020 11:55,Service Completed,Resolved,2020-06-16 11:54:00,173044,101004113703,2020-06-16,11:54,2020-08-30,11:55
173043-101004113685,Tree Removal,Parks and Recreation,1710 STONECREST DR,8/6/2020 11:47,Service Completed,Resolved,2020-06-16 11:46:00,173043,101004113685,2020-06-16,11:46,2020-08-06,11:47
173042-101004113674,Tree Removal,Parks and Recreation,5823 QUEENSLOCH DR,8/6/2020 11:42,Service Completed,Resolved,2020-06-16 11:41:00,173042,101004113674,2020-06-16,11:41,2020-08-06,11:42
173039-101004113545,Tree Trim,Parks and Recreation,1217 HOGAN ST,8/30/2020 11:00,Service Completed,Resolved,2020-06-16 10:59:00,173039,101004113545,2020-06-16,10:59,2020-08-30,11:00
173038-101004113385,Tree Trim,Parks and Recreation,5227 KNOTTY OAKS TRL,8/30/2020 10:07,Service Completed,Resolved,2020-06-16 10:06:00,173038,101004113385,2020-06-16,10:06,2020-08-30,10:07
173037-101004113314,Tree Trim,Parks and Recreation,4918 GIBSON ST,8/30/2020 9:40,Service Completed,Resolved,2020-06-16 09:39:00,173037,101004113314,2020-06-16,9:39,2020-08-30,9:40
173035-101004113272,Tree Trim,Parks and Recreation,4100 DE GEORGE ST&4500 N MAIN ST,8/30/2020 9:23,Service Completed,Resolved,2020-06-16 09:22:00,173035,101004113272,2020-06-16,9:22,2020-08-30,9:23
101004113246,Tree Trim,Parks and Recreation,4100 DE GEORGE ST&4500 N MAIN ST,8/30/2020 9:12,Service Completed,Resolved,2020-06-16 09:11:00, ,101004113246,2020-06-16,9:11,2020-08-30,9:12
173033-101004113143,Tree Removal,Parks and Recreation,2203 HOSKINS DR,8/6/2020 8:31,Service Completed,Resolved,2020-06-16 08:30:00,173033,101004113143,2020-06-16,8:30,2020-08-06,8:31
173032-101004113117,Tree Removal,Parks and Recreation,10328 SHADOW OAKS DR,8/6/2020 8:19,Service Completed,Resolved,2020-06-16 08:18:00,173032,101004113117,2020-06-16,8:18,2020-08-06,8:19
173029-101004112976,Tree Trim,Parks and Recreation,7486 LAKEHURST DR,8/30/2020 7:12,Service Completed,Resolved,2020-06-16 07:11:00,173029,101004112976,2020-06-16,7:11,2020-08-30,7:12
173028-101004112922,Tree Trim,Parks and Recreation,21127 HIDDEN BRIDLE CT,8/30/2020 6:51,Service Completed,Resolved,2020-06-16 06:50:00,173028,101004112922,2020-06-16,6:50,2020-08-30,6:51
173027-101004112906,Tree Trim,Parks and Recreation,2281 TRIWAY LN,8/30/2020 6:44,Service Completed,Resolved,2020-06-16 06:43:00,173027,101004112906,2020-06-16,6:43,2020-08-30,6:44
173026-101004112888,Tree Removal,Parks and Recreation,427 AZALEADELL DR,8/6/2020 6:33,Service Completed,Resolved,2020-06-16 06:32:00,173026,101004112888,2020-06-16,6:32,2020-08-06,6:33
173025-101004112815,Tree Trim,Parks and Recreation,1000 W GARDNER ST&4300 MICHAUX ST,8/30/2020 6:03,Service Completed,Resolved,2020-06-16 06:02:00,173025,101004112815,2020-06-16,6:02,2020-08-30,6:03
173023-101004112782,Tree Trim,Parks and Recreation,5909 ARNCLIFFE DR,8/30/2020 5:52,Service Completed,Resolved,2020-06-16 05:51:00,173023,101004112782,2020-06-16,5:51,2020-08-30,5:52
173024-101004112780,Tree Trim,Parks and Recreation,6700 CHIMNEY ROCK RD,8/30/2020 5:52,Service Completed,Resolved,2020-06-16 05:51:00,173024,101004112780,2020-06-16,5:51,2020-08-30,5:52
173022-101004112753,Tree Trim,Parks and Recreation,15600 EASTCAPE DR&500 EL DORADO BLVD,8/30/2020 5:40,Service Completed,Resolved,2020-06-16 05:39:00,173022,101004112753,2020-06-16,5:39,2020-08-30,5:40
173021-101004112700,Tree Trim,Parks and Recreation,5427 LOTUS ST,8/30/2020 5:22,Service Completed,Resolved,2020-06-16 05:21:00,173021,101004112700,2020-06-16,5:21,2020-08-30,5:22
173020-101004112698,Tree Stump Grinding,Parks and Recreation,5427 LOTUS ST,10/10/2020 5:22,Service Completed,Resolved,2020-06-16 05:21:00,173020,101004112698,2020-06-16,5:21,2020-10-10,5:22
173019-101004112661,Tree Trim,Parks and Recreation,7331 LAURA KOPPE RD,8/30/2020 5:06,Service Completed,Resolved,2020-06-16 05:05:00,173019,101004112661,2020-06-16,5:05,2020-08-30,5:06
173018-101004112634,Tree Trim,Parks and Recreation,2929 SUNBEAM ST,8/30/2020 4:56,Service Completed,Resolved,2020-06-16 04:55:00,173018,101004112634,2020-06-16,4:55,2020-08-30,4:56
173017-101004112606,Tree Trim,Parks and Recreation,6682 AVERY ST&6200 LUCE ST,8/30/2020 4:46,Service Completed,Resolved,2020-06-16 04:45:00,173017,101004112606,2020-06-16,4:45,2020-08-30,4:46
173016-101004112589,Tree Trim,Parks and Recreation,909 W 15TH ST,8/30/2020 4:41,Service Completed,Resolved,2020-06-16 04:40:00,173016,101004112589,2020-06-16,4:40,2020-08-30,4:41
173015-101004112539,Tree Removal,Parks and Recreation,3219 KINGS MOUNTAIN DR,8/6/2020 4:22,Service Completed,Resolved,2020-06-16 04:21:00,173015,101004112539,2020-06-16,4:21,2020-08-06,4:22
173013-101004112495,Tree Trim,Parks and Recreation,6916 SAN ANGELO ST,8/30/2020 4:05,Service Completed,Resolved,2020-06-16 04:04:00,173013,101004112495,2020-06-16,4:04,2020-08-30,4:05
173014-101004112486,Tree Removal,Parks and Recreation,12907 MEMORIAL DR,8/6/2020 4:03,Service Completed,Resolved,2020-06-16 04:02:00,173014,101004112486,2020-06-16,4:02,2020-08-06,4:03
173011-101004112431,Tree Trim,Parks and Recreation,5100 CREEKBEND DR&10800 ENDICOTT LN,8/30/2020 3:38,Service Completed,Resolved,2020-06-16 03:37:00,173011,101004112431,2020-06-16,3:37,2020-08-30,3:38
173010-101004112410,Tree Trim,Parks and Recreation,10916 BRAEWICK DR&5900 CLARIDGE DR,8/30/2020 3:30,Service Completed,Resolved,2020-06-16 03:29:00,173010,101004112410,2020-06-16,3:29,2020-08-30,3:30
173009-101004112375,Tree Trim,Parks and Recreation,6413 LOCKWOOD DR,8/30/2020 3:12,Service Completed,Resolved,2020-06-16 03:11:00,173009,101004112375,2020-06-16,3:11,2020-08-30,3:12
173007-101004112315,Tree Trim,Parks and Recreation,8500 MAIN ST,8/30/2020 0:54,Service Completed,Resolved,2020-06-16 00:53:00,173007,101004112315,2020-06-16,0:53,2020-08-30,0:54
173006-101004112007,Tree Trim,Parks and Recreation,201 CONNIE ST,8/29/2020 13:06,Service Completed,Resolved,2020-06-15 13:05:00,173006,101004112007,2020-06-15,13:05,2020-08-29,13:06
173001-101004111833,Tree Trim,Parks and Recreation,7900 COMAL ST&3700 GLENROSE ST,8/29/2020 11:09,Service Completed,Resolved,2020-06-15 11:08:00,173001,101004111833,2020-06-15,11:08,2020-08-29,11:09
173000-101004111829,Tree Removal,Parks and Recreation,1007 7TH 1/2 ST,8/5/2020 11:08,Service Completed,Resolved,2020-06-15 11:07:00,173000,101004111829,2020-06-15,11:07,2020-08-05,11:08
172999-101004111804,Tree Trim,Parks and Recreation,13915 TAYLORCREST RD,8/29/2020 10:56,Service Completed,Resolved,2020-06-15 10:55:00,172999,101004111804,2020-06-15,10:55,2020-08-29,10:56
172998-101004111734,Tree Removal,Parks and Recreation,8201 JOHN RALSTON RD,8/5/2020 10:16,Service Completed,Resolved,2020-06-15 10:15:00,172998,101004111734,2020-06-15,10:15,2020-08-05,10:16
172997-101004111730,Tree Removal,Parks and Recreation,8609 DUNLAP ST,8/5/2020 10:14,Service Completed,Resolved,2020-06-15 10:13:00,172997,101004111730,2020-06-15,10:13,2020-08-05,10:14
172996-101004111632,Tree Trim,Parks and Recreation,6403 CRIM CT,8/29/2020 9:32,Service Completed,Resolved,2020-06-15 09:31:00,172996,101004111632,2020-06-15,9:31,2020-08-29,9:32
172995-101004111590,Tree Removal,Parks and Recreation,3300 SMITH ST,8/5/2020 9:13,Service Completed,Resolved,2020-06-15 09:12:00,172995,101004111590,2020-06-15,9:12,2020-08-05,9:13
101004111500,Tree Removal,Parks and Recreation,9831 MANGO ST,8/5/2020 8:22,Service Completed,Resolved,2020-06-15 08:21:00, ,101004111500,2020-06-15,8:21,2020-08-05,8:22
101004111336,Tree Code Violation,Parks and Recreation,7989 TIDWELL RD,8/6/2020 7:06,Service Completed,Resolved,2020-06-15 07:05:00, ,101004111336,2020-06-15,7:05,2020-08-06,7:06
101004111300,Tree Removal,Parks and Recreation,910 CHAPMAN ST,8/5/2020 6:48,Service Completed,Resolved,2020-06-15 06:47:00, ,101004111300,2020-06-15,6:47,2020-08-05,6:48
101004111162,Tree Stump Grinding,Parks and Recreation,3226 ROCHDALE ST,10/9/2020 5:59,Service Completed,Resolved,2020-06-15 05:58:00, ,101004111162,2020-06-15,5:58,2020-10-09,5:59
101004110949,Tree Removal,Parks and Recreation,7740 W LITTLE YORK RD,8/5/2020 4:32,Service Completed,Resolved,2020-06-15 04:31:00, ,101004110949,2020-06-15,4:31,2020-08-05,4:32
101004110869,Tree Trim,Parks and Recreation,15700 CHIMNEY ROCK RD&6600 W FUQUA ST,8/29/2020 4:05,Service Completed,Resolved,2020-06-15 04:04:00, ,101004110869,2020-06-15,4:04,2020-08-29,4:05
101004100740,Tree Trim,Parks and Recreation,2999 S WAYSIDE DR,8/29/2020 1:13,Service Completed,Resolved,2020-06-15 01:12:00, ,101004100740,2020-06-15,1:12,2020-08-29,1:13
101004100644,Tree Code Violation,Parks and Recreation,1300 EMANCIPATION AVE&2400 POLK ST,8/5/2020 16:07,Service Completed,Resolved,2020-06-14 16:06:00, ,101004100644,2020-06-14,16:06,2020-08-05,16:07
101004100580,Tree Removal,Parks and Recreation,8609 DUNLAP ST,8/4/2020 14:42,Service Completed,Resolved,2020-06-14 14:41:00, ,101004100580,2020-06-14,14:41,2020-08-04,14:42
356232-101004100543,Tree Removal,Parks and Recreation,1701 HARVARD ST,8/4/2020 13:52,Service Completed,Resolved,2020-06-14 13:51:00,356232,101004100543,2020-06-14,13:51,2020-08-04,13:52
101004100530,Tree Removal,Parks and Recreation,6517 KASSARINE PASS,8/4/2020 13:05,Service Completed,Resolved,2020-06-14 13:04:00, ,101004100530,2020-06-14,13:04,2020-08-04,13:05
172971-101004100496,Tree Trim,Parks and Recreation,1303 AFTON ST,8/28/2020 10:45,Service Completed,Resolved,2020-06-14 10:44:00,172971,101004100496,2020-06-14,10:44,2020-08-28,10:45
172970-101004100250,Tree Trim,Parks and Recreation,13800 ASPEN HOLLOW LN&3122 JEWEL ANN DR,8/27/2020 23:25,Service Completed,Resolved,2020-06-13 23:24:00,172970,101004100250,2020-06-13,23:24,2020-08-27,23:25
172969-101004100224,Tree Trim,Parks and Recreation,3200 KIRBY DR&2600 W MAIN ST,8/27/2020 20:46,Service Completed,Resolved,2020-06-13 20:45:00,172969,101004100224,2020-06-13,20:45,2020-08-27,20:46
172968-101004099904,Tree Code Violation,Parks and Recreation,1300 MCKINNEY ST,8/4/2020 9:11,Service Completed,Resolved,2020-06-13 09:10:00,172968,101004099904,2020-06-13,9:10,2020-08-04,9:11
172967-101004099850,Tree Trim,Parks and Recreation,6705 LONGVIEW ST,8/27/2020 7:41,Service Completed,Resolved,2020-06-13 07:40:00,172967,101004099850,2020-06-13,7:40,2020-08-27,7:41
101004099756,Tree Trim,Parks and Recreation,5011 PEASE ST,8/27/2020 5:58,Service Completed,Resolved,2020-06-13 05:57:00, ,101004099756,2020-06-13,5:57,2020-08-27,5:58
101004099615,Tree Trim,Parks and Recreation,1556 LOMBARDY ST,8/27/2020 2:04,Service Completed,Resolved,2020-06-13 02:03:00, ,101004099615,2020-06-13,2:03,2020-08-27,2:04
101004099611,Tree Trim,Parks and Recreation,6000 HERMANN PARK DR,8/27/2020 1:50,Service Completed,Resolved,2020-06-13 01:49:00, ,101004099611,2020-06-13,1:49,2020-08-27,1:50
172966-101004099608,Tree Trim,Parks and Recreation,1615 HERMANN DR,8/27/2020 1:43,Service Completed,Resolved,2020-06-13 01:42:00,172966,101004099608,2020-06-13,1:42,2020-08-27,1:43
172965-101004099607,Tree Trim,Parks and Recreation,6001 FANNIN ST,8/27/2020 1:39,Service Completed,Resolved,2020-06-13 01:38:00,172965,101004099607,2020-06-13,1:38,2020-08-27,1:39
172964-101004099594,Tree Trim,Parks and Recreation,6606 KIRBY DR&2400 SOUTHGATE BLVD,8/27/2020 0:34,Service Completed,Resolved,2020-06-13 00:33:00,172964,101004099594,2020-06-13,0:33,2020-08-27,0:34
172963-101004099400,Tree Trim,Parks and Recreation,10910 VANDERFORD DR,8/26/2020 14:10,Service Completed,Resolved,2020-06-12 14:09:00,172963,101004099400,2020-06-12,14:09,2020-08-26,14:10
172962-101004099267,Tree Code Violation,Parks and Recreation,1508 KIPLING ST,8/3/2020 12:11,Service Completed,Resolved,2020-06-12 12:10:00,172962,101004099267,2020-06-12,12:10,2020-08-03,12:11
172961-101004099234,Tree Removal,Parks and Recreation,6819 CONLEY ST,8/2/2020 11:48,Service Completed,Resolved,2020-06-12 11:47:00,172961,101004099234,2020-06-12,11:47,2020-08-02,11:48
172960-101004099091,Tree Removal,Parks and Recreation,15700 IRONSIDE HILL DR&6000 W RIDGECREEK DR,8/2/2020 10:29,Service Completed,Resolved,2020-06-12 10:28:00,172960,101004099091,2020-06-12,10:28,2020-08-02,10:29
172957-101004098898,Tree Removal,Parks and Recreation,937 EVANSTON ST,8/2/2020 9:07,Service Completed,Resolved,2020-06-12 09:06:00,172957,101004098898,2020-06-12,9:06,2020-08-02,9:07
172956-101004098834,Tree Stump Grinding,Parks and Recreation,1910 WOODLAND PARK DR,10/6/2020 8:37,Service Completed,Resolved,2020-06-12 08:36:00,172956,101004098834,2020-06-12,8:36,2020-10-06,8:37
172955-101004098786,Tree Removal,Parks and Recreation,4100 CAROLINE ST&1300 CLEBURNE ST,8/2/2020 8:09,Service Completed,Resolved,2020-06-12 08:08:00,172955,101004098786,2020-06-12,8:08,2020-08-02,8:09
172954-101004098587,Tree Removal,Parks and Recreation,0 EAST FWY&1300 WACO ST,8/2/2020 6:41,Service Completed,Resolved,2020-06-12 06:40:00,172954,101004098587,2020-06-12,6:40,2020-08-02,6:41
172952-101004098463,Tree Removal,Parks and Recreation,6700 ARIEL ST&8828 FONDREN RD,8/2/2020 5:48,Service Completed,Resolved,2020-06-12 05:47:00,172952,101004098463,2020-06-12,5:47,2020-08-02,5:48
101004098344,Tree Trim,Parks and Recreation,4934 PINEMONT DR,8/26/2020 5:02,Service Completed,Resolved,2020-06-12 05:01:00, ,101004098344,2020-06-12,5:01,2020-08-26,5:02
172950-101004098314,Tree Trim,Parks and Recreation,5700 ACADEMY ST&4100 BISSONNET ST&4030 BROWNING ST&4100 JUDSON ST,8/26/2020 4:52,Service Completed,Resolved,2020-06-12 04:51:00,172950,101004098314,2020-06-12,4:51,2020-08-26,4:52
172949-101004098287,Tree Removal,Parks and Recreation,12002 CRYSTALWOOD DR,8/2/2020 4:46,Service Completed,Resolved,2020-06-12 04:45:00,172949,101004098287,2020-06-12,4:45,2020-08-02,4:46
172948-101004098219,Tree Removal,Parks and Recreation,2569 WESTRIDGE ST,8/2/2020 4:21,Service Completed,Resolved,2020-06-12 04:20:00,172948,101004098219,2020-06-12,4:20,2020-08-02,4:21
172946-101004098122,Tree Trim,Parks and Recreation,4020 RUSTIC WOODS DR,8/26/2020 3:36,Service Completed,Resolved,2020-06-12 03:35:00,172946,101004098122,2020-06-12,3:35,2020-08-26,3:36
172945-101004098111,Tree Trim,Parks and Recreation,827 TEETSHORN ST,8/26/2020 3:27,Service Completed,Resolved,2020-06-12 03:26:00,172945,101004098111,2020-06-12,3:26,2020-08-26,3:27
172944-101004098083,Tree Trim,Parks and Recreation,0 MARTIN LUTHER KING BLVD&5100 OLD SPANISH TRL,8/26/2020 3:11,Service Completed,Resolved,2020-06-12 03:10:00,172944,101004098083,2020-06-12,3:10,2020-08-26,3:11
172943-101004098050,Tree Removal,Parks and Recreation,15811 DARTON ST,8/2/2020 2:39,Service Completed,Resolved,2020-06-12 02:38:00,172943,101004098050,2020-06-12,2:38,2020-08-02,2:39
172942-101004098040,Tree Trim,Parks and Recreation,6015 W RIDGECREEK DR,8/26/2020 2:22,Service Completed,Resolved,2020-06-12 02:21:00,172942,101004098040,2020-06-12,2:21,2020-08-26,2:22
172941-101004097643,Tree Trim,Parks and Recreation,6714 BARBADOS DR,8/25/2020 13:51,Service Completed,Resolved,2020-06-11 13:50:00,172941,101004097643,2020-06-11,13:50,2020-08-25,13:51
172940-101004097525,Tree Trim,Parks and Recreation,5122 CASTLECREEK LN,8/25/2020 12:07,Service Completed,Resolved,2020-06-11 12:06:00,172940,101004097525,2020-06-11,12:06,2020-08-25,12:07
172939-101004097480,Tree Trim,Parks and Recreation,4023 MICHAUX ST,8/25/2020 11:43,Service Completed,Resolved,2020-06-11 11:42:00,172939,101004097480,2020-06-11,11:42,2020-08-25,11:43
172938-101004097443,Tree Trim,Parks and Recreation,4225 BELLAIRE BLVD,8/25/2020 11:22,Service Completed,Resolved,2020-06-11 11:21:00,172938,101004097443,2020-06-11,11:21,2020-08-25,11:22
172937-101004097429,Tree Trim,Parks and Recreation,9719 BURDINE ST,8/25/2020 11:18,Service Completed,Resolved,2020-06-11 11:17:00,172937,101004097429,2020-06-11,11:17,2020-08-25,11:18
172936-101004097161,Tree Removal,Parks and Recreation,4220 ENGELKE ST,8/1/2020 9:40,Service Completed,Resolved,2020-06-11 09:39:00,172936,101004097161,2020-06-11,9:39,2020-08-01,9:40
172935-101004097057,Tree Code Violation,Parks and Recreation,1508 KIPLING ST,8/2/2020 9:05,Service Completed,Resolved,2020-06-11 09:04:00,172935,101004097057,2020-06-11,9:04,2020-08-02,9:05
172934-101004097002,Tree Planting,Parks and Recreation,606 MARSHALL ST,7/6/2020 8:44,Service Completed,Resolved,2020-06-11 08:43:00,172934,101004097002,2020-06-11,8:43,2020-07-06,8:44
172933-101004096915,Tree Trim,Parks and Recreation,4220 ENGELKE ST,8/25/2020 8:07,Service Completed,Resolved,2020-06-11 08:06:00,172933,101004096915,2020-06-11,8:06,2020-08-25,8:07
172930-101004086879,Tree Trim,Parks and Recreation,7801 VENIDA ST,8/25/2020 7:34,Service Completed,Resolved,2020-06-11 07:33:00,172930,101004086879,2020-06-11,7:33,2020-08-25,7:34
172929-101004086829,Tree Trim,Parks and Recreation,6002 SHERMAN ST,8/25/2020 7:13,Service Completed,Resolved,2020-06-11 07:12:00,172929,101004086829,2020-06-11,7:12,2020-08-25,7:13
172928-101004086708,Tree Trim,Parks and Recreation,2200 AUSTIN ST&1400 WEBSTER ST,8/25/2020 6:17,Service Completed,Resolved,2020-06-11 06:16:00,172928,101004086708,2020-06-11,6:16,2020-08-25,6:17
172925-101004086546,Tree Removal,Parks and Recreation,16207 ROSENRIDGE DR,8/1/2020 5:16,Service Completed,Resolved,2020-06-11 05:15:00,172925,101004086546,2020-06-11,5:15,2020-08-01,5:16
172924-101004086525,Tree Trim,Parks and Recreation,7218 PELLA DR,8/25/2020 5:07,Service Completed,Resolved,2020-06-11 05:06:00,172924,101004086525,2020-06-11,5:06,2020-08-25,5:07
172923-101004086520,Tree Trim,Parks and Recreation,7002 PELLA DR,8/25/2020 5:04,Service Completed,Resolved,2020-06-11 05:03:00,172923,101004086520,2020-06-11,5:03,2020-08-25,5:04
172922-101004086490,Tree Removal,Parks and Recreation,740 MILLVILLE DR,8/1/2020 4:52,Service Completed,Resolved,2020-06-11 04:51:00,172922,101004086490,2020-06-11,4:51,2020-08-01,4:52
172920-101004086445,Tree Removal,Parks and Recreation,5303 GRAPE ST,8/1/2020 4:31,Service Completed,Resolved,2020-06-11 04:30:00,172920,101004086445,2020-06-11,4:30,2020-08-01,4:31
172919-101004086441,Tree Trim,Parks and Recreation,4430 SMOOTH OAK LN,8/25/2020 4:29,Service Completed,Resolved,2020-06-11 04:28:00,172919,101004086441,2020-06-11,4:28,2020-08-25,4:29
172918-101004086392,Tree Removal,Parks and Recreation,3714 DEERBROOK DR,8/1/2020 4:08,Service Completed,Resolved,2020-06-11 04:07:00,172918,101004086392,2020-06-11,4:07,2020-08-01,4:08
172916-101004086324,Tree Trim,Parks and Recreation,4100 MALLOW ST&9114 SCOTT ST,8/25/2020 3:28,Service Completed,Resolved,2020-06-11 03:27:00,172916,101004086324,2020-06-11,3:27,2020-08-25,3:28
172914-101004086271,Tree Trim,Parks and Recreation,5220 LA BRANCH ST,8/25/2020 2:57,Service Completed,Resolved,2020-06-11 02:56:00,172914,101004086271,2020-06-11,2:56,2020-08-25,2:57
172913-101004086257,Tree Removal,Parks and Recreation,1122 BAYLAND AVE,8/1/2020 2:39,Service Completed,Resolved,2020-06-11 02:38:00,172913,101004086257,2020-06-11,2:38,2020-08-01,2:39
172912-101004086256,Tree Trim,Parks and Recreation,702 WESTSHIRE DR,8/25/2020 2:38,Service Completed,Resolved,2020-06-11 02:37:00,172912,101004086256,2020-06-11,2:37,2020-08-25,2:38
172911-101004086083,Tree Trim,Parks and Recreation,450 W 21ST ST,8/24/2020 14:52,Service Completed,Resolved,2020-06-10 14:51:00,172911,101004086083,2020-06-10,14:51,2020-08-24,14:52
172910-101004085921,Tree Removal,Parks and Recreation,1224 GENOVA ST,7/31/2020 11:43,Service Completed,Resolved,2020-06-10 11:42:00,172910,101004085921,2020-06-10,11:42,2020-07-31,11:43
172909-101004085888,Tree Trim,Parks and Recreation,8414 SUNNYHILL ST,8/24/2020 11:24,Service Completed,Resolved,2020-06-10 11:23:00,172909,101004085888,2020-06-10,11:23,2020-08-24,11:24
172908-101004085848,Tree Trim,Parks and Recreation,5423 MAPLE SQUARE DR,8/24/2020 11:04,Service Completed,Resolved,2020-06-10 11:03:00,172908,101004085848,2020-06-10,11:03,2020-08-24,11:04
172906-101004085751,Tree Trim,Parks and Recreation,6311 HEATHERBLOOM DR,8/24/2020 10:25,Service Completed,Resolved,2020-06-10 10:24:00,172906,101004085751,2020-06-10,10:24,2020-08-24,10:25
172907-101004085749,Tree Trim,Parks and Recreation,6682 AVERY ST&6200 LUCE ST,8/24/2020 10:25,Service Completed,Resolved,2020-06-10 10:24:00,172907,101004085749,2020-06-10,10:24,2020-08-24,10:25
172905-101004085710,Tree Removal,Parks and Recreation,6902 SHOTWELL ST,7/31/2020 10:14,Service Completed,Resolved,2020-06-10 10:13:00,172905,101004085710,2020-06-10,10:13,2020-07-31,10:14
172904-101004085688,Tree Trim,Parks and Recreation,7500 KIRBY DR&2526 UNDERWOOD ST,8/24/2020 10:03,Service Completed,Resolved,2020-06-10 10:02:00,172904,101004085688,2020-06-10,10:02,2020-08-24,10:03
172903-101004085663,Tree Removal,Parks and Recreation,7015 PELLA DR,7/31/2020 9:51,Service Completed,Resolved,2020-06-10 09:50:00,172903,101004085663,2020-06-10,9:50,2020-07-31,9:51
172902-101004085584,Tree Trim,Parks and Recreation,9335 STELLA LINK RD,8/24/2020 9:10,Service Completed,Resolved,2020-06-10 09:09:00,172902,101004085584,2020-06-10,9:09,2020-08-24,9:10
172900-101004085577,Tree Code Violation,Parks and Recreation,500 LOVETT BLVD&3300 WHITNEY ST,8/1/2020 9:07,Service Completed,Resolved,2020-06-10 09:06:00,172900,101004085577,2020-06-10,9:06,2020-08-01,9:07
172901-101004085571,Tree Trim,Parks and Recreation,7443 CULLEN BLVD,8/24/2020 9:05,Service Completed,Resolved,2020-06-10 09:04:00,172901,101004085571,2020-06-10,9:04,2020-08-24,9:05
172899-101004085515,Tree Removal,Parks and Recreation,1328 WHISPERING PINES DR,7/31/2020 8:37,Service Completed,Resolved,2020-06-10 08:36:00,172899,101004085515,2020-06-10,8:36,2020-07-31,8:37
172898-101004085510,Tree Trim,Parks and Recreation,5510 LYMBAR DR,8/24/2020 8:34,Service Completed,Resolved,2020-06-10 08:33:00,172898,101004085510,2020-06-10,8:33,2020-08-24,8:34
172897-101004085448,Tree Removal,Parks and Recreation,11806 ZARROLL DR,7/31/2020 7:57,Service Completed,Resolved,2020-06-10 07:56:00,172897,101004085448,2020-06-10,7:56,2020-07-31,7:57
172896-101004085359,Tree Trim,Parks and Recreation,7049 KERNEL ST,8/24/2020 7:23,Service Completed,Resolved,2020-06-10 07:22:00,172896,101004085359,2020-06-10,7:22,2020-08-24,7:23
172895-101004085331,Tree Removal,Parks and Recreation,1803 CHIMNEY VINE LN,7/31/2020 7:10,Service Completed,Resolved,2020-06-10 07:09:00,172895,101004085331,2020-06-10,7:09,2020-07-31,7:10
172894-101004085277,Tree Removal,Parks and Recreation,7607 SECRETARIAT LN,7/31/2020 6:52,Service Completed,Resolved,2020-06-10 06:51:00,172894,101004085277,2020-06-10,6:51,2020-07-31,6:52
172891-101004085077,Tree Removal,Parks and Recreation,414 HOFFMAN ST,7/31/2020 5:36,Service Completed,Resolved,2020-06-10 05:35:00,172891,101004085077,2020-06-10,5:35,2020-07-31,5:36
172890-101004085036,Tree Trim,Parks and Recreation,8601 ALMEDA GENOA RD,8/24/2020 5:20,Service Completed,Resolved,2020-06-10 05:19:00,172890,101004085036,2020-06-10,5:19,2020-08-24,5:20
172889-101004084995,Tree Trim,Parks and Recreation,8362 N BAYOU DR&4300 NEAL ST,8/24/2020 5:03,Service Completed,Resolved,2020-06-10 05:02:00,172889,101004084995,2020-06-10,5:02,2020-08-24,5:03
172888-101004084868,Tree Removal,Parks and Recreation,5523 JUMADA CIR,7/31/2020 4:13,Service Completed,Resolved,2020-06-10 04:12:00,172888,101004084868,2020-06-10,4:12,2020-07-31,4:13
172887-101004084814,Tree Removal,Parks and Recreation,14142 TALLOW POINT CT,7/31/2020 3:49,Service Completed,Resolved,2020-06-10 03:48:00,172887,101004084814,2020-06-10,3:48,2020-07-31,3:49
172886-101004084706,Tree Removal,Parks and Recreation,6218 ROCKY NOOK DR,7/31/2020 2:54,Service Completed,Resolved,2020-06-10 02:53:00,172886,101004084706,2020-06-10,2:53,2020-07-31,2:54
172885-101004084668,Tree Trim,Parks and Recreation,12123 ALMEDA GENOA RD,8/24/2020 2:01,Service Completed,Resolved,2020-06-10 02:00:00,172885,101004084668,2020-06-10,2:00,2020-08-24,2:01
172884-101004084537,Tree Trim,Parks and Recreation,7004 SANTA FE DR,,Service Completed,Resolved,2020-06-09 16:48:00,172884,101004084537,2020-06-09,16:48,,
172883-101004084396,Tree Removal,Parks and Recreation,622 W 25TH ST,7/30/2020 13:56,Service Completed,Resolved,2020-06-09 13:55:00,172883,101004084396,2020-06-09,13:55,2020-07-30,13:56
172882-101004084371,Tree Removal,Parks and Recreation,7560 HAYWOOD DR&7528 SANTA FE DR,7/30/2020 13:33,Service Completed,Resolved,2020-06-09 13:32:00,172882,101004084371,2020-06-09,13:32,2020-07-30,13:33
172881-101004084265,Tree Trim,Parks and Recreation,0 MEMORIAL DR&200 WAUGH DR,8/23/2020 12:22,Service Completed,Resolved,2020-06-09 12:21:00,172881,101004084265,2020-06-09,12:21,2020-08-23,12:22
172880-101004084256,Tree Trim,Parks and Recreation,3402 CENTER ST,8/23/2020 12:12,Service Completed,Resolved,2020-06-09 12:11:00,172880,101004084256,2020-06-09,12:11,2020-08-23,12:12
172879-101004084236,Tree Trim,Parks and Recreation,3303 THEYSEN CIR,8/23/2020 11:59,Service Completed,Resolved,2020-06-09 11:58:00,172879,101004084236,2020-06-09,11:58,2020-08-23,11:59
172878-101004084208,Tree Trim,Parks and Recreation,5025 WINNETKA ST,8/23/2020 11:46,Service Completed,Resolved,2020-06-09 11:45:00,172878,101004084208,2020-06-09,11:45,2020-08-23,11:46
172877-101004084174,Tree Trim,Parks and Recreation,4366 GRADUATE CIR,8/23/2020 11:31,Service Completed,Resolved,2020-06-09 11:30:00,172877,101004084174,2020-06-09,11:30,2020-08-23,11:31
101004084165,Tree Trim,Parks and Recreation,12700 KIMBERLEY LN,8/23/2020 11:27,Service Completed,Resolved,2020-06-09 11:26:00, ,101004084165,2020-06-09,11:26,2020-08-23,11:27
172876-101004084079,Tree Removal,Parks and Recreation,9611 TOWER ST,7/30/2020 10:53,Service Completed,Resolved,2020-06-09 10:52:00,172876,101004084079,2020-06-09,10:52,2020-07-30,10:53
172875-101004084073,Tree Trim,Parks and Recreation,3902 WICHITA ST,8/23/2020 10:51,Service Completed,Resolved,2020-06-09 10:50:00,172875,101004084073,2020-06-09,10:50,2020-08-23,10:51
172873-101004083710,Tree Trim,Parks and Recreation,1700 HERMANN DR,8/23/2020 8:20,Service Completed,Resolved,2020-06-09 08:19:00,172873,101004083710,2020-06-09,8:19,2020-08-23,8:20
172872-101004083703,Tree Trim,Parks and Recreation,5807 CARTAGENA ST,8/23/2020 8:18,Service Completed,Resolved,2020-06-09 08:17:00,172872,101004083703,2020-06-09,8:17,2020-08-23,8:18
172871-101004083632,Tree Trim,Parks and Recreation,10402 CLIFFWOOD DR,8/23/2020 7:39,Service Completed,Resolved,2020-06-09 07:38:00,172871,101004083632,2020-06-09,7:38,2020-08-23,7:39
172870-101004083620,Tree Trim,Parks and Recreation,6022 BELNEATH ST,8/23/2020 7:35,Service Completed,Resolved,2020-06-09 07:34:00,172870,101004083620,2020-06-09,7:34,2020-08-23,7:35
172869-101004083567,Tree Trim,Parks and Recreation,9519 FAIRDALE LN,8/23/2020 7:08,Service Completed,Resolved,2020-06-09 07:07:00,172869,101004083567,2020-06-09,7:07,2020-08-23,7:08
172868-101004083541,Tree Trim,Parks and Recreation,6702 NORWICH ST,8/23/2020 6:59,Service Completed,Resolved,2020-06-09 06:58:00,172868,101004083541,2020-06-09,6:58,2020-08-23,6:59
172866-101004083331,Tree Trim,Parks and Recreation,11231 TRIOLA LN,8/23/2020 5:45,Service Completed,Resolved,2020-06-09 05:44:00,172866,101004083331,2020-06-09,5:44,2020-08-23,5:45
172865-101004083311,Tree Trim,Parks and Recreation,4500 BENNING DR&11120 HUGGINS DR,8/23/2020 5:37,Service Completed,Resolved,2020-06-09 05:36:00,172865,101004083311,2020-06-09,5:36,2020-08-23,5:37
172864-101004083305,Tree Trim,Parks and Recreation,11100 GREENWILLOW DR&4300 SANFORD RD ,8/23/2020 5:34,Service Completed,Resolved,2020-06-09 05:33:00,172864,101004083305,2020-06-09,5:33,2020-08-23,5:34
172863-101004083296,Tree Trim,Parks and Recreation,5814 BLACK GUM DR,8/23/2020 5:30,Service Completed,Resolved,2020-06-09 05:29:00,172863,101004083296,2020-06-09,5:29,2020-08-23,5:30
172861-101004083204,Tree Removal,Parks and Recreation,4011 KNOTTY OAKS TRL,7/30/2020 4:51,Service Completed,Resolved,2020-06-09 04:50:00,172861,101004083204,2020-06-09,4:50,2020-07-30,4:51
172860-101004083187,Tree Trim,Parks and Recreation,7011 GAMMAGE ST,8/23/2020 4:45,Service Completed,Resolved,2020-06-09 04:44:00,172860,101004083187,2020-06-09,4:44,2020-08-23,4:45
172859-101004083147,Tree Trim,Parks and Recreation,306 AVENUE OF OAKS ST,8/23/2020 4:30,Service Completed,Resolved,2020-06-09 04:29:00,172859,101004083147,2020-06-09,4:29,2020-08-23,4:30
172858-101004083121,Tree Removal,Parks and Recreation,5904 MAPLE ST,7/30/2020 4:18,Service Completed,Resolved,2020-06-09 04:17:00,172858,101004083121,2020-06-09,4:17,2020-07-30,4:18
172857-101004083046,Tree Removal,Parks and Recreation,5831 FLAMINGO DR,7/30/2020 3:41,Service Completed,Resolved,2020-06-09 03:40:00,172857,101004083046,2020-06-09,3:40,2020-07-30,3:41
172856-101004082971,Tree Trim,Parks and Recreation,300 BASSWOOD ST&7100 BAUMAN RD,8/23/2020 3:00,Service Completed,Resolved,2020-06-09 02:59:00,172856,101004082971,2020-06-09,2:59,2020-08-23,3:00
172854-101004082941,Tree Trim,Parks and Recreation,7122 SCHLEY ST,8/23/2020 2:34,Service Completed,Resolved,2020-06-09 02:33:00,172854,101004082941,2020-06-09,2:33,2020-08-23,2:34
172852-101004082926,Tree Trim,Parks and Recreation,11215 WINDMARK PL,8/23/2020 2:20,Service Completed,Resolved,2020-06-09 02:19:00,172852,101004082926,2020-06-09,2:19,2020-08-23,2:20
172851-101004082881,Tree Trim,Parks and Recreation,4000 W BELLFORT AVE&10100 STELLA LINK RD,8/23/2020 0:27,Service Completed,Resolved,2020-06-09 00:26:00,172851,101004082881,2020-06-09,0:26,2020-08-23,0:27
172850-101004082857,Tree Trim,Parks and Recreation,201 VANDERPOOL LN,8/22/2020 21:28,Service Completed,Resolved,2020-06-08 21:27:00,172850,101004082857,2020-06-08,21:27,2020-08-22,21:28
172849-101004082846,Tree Removal,Parks and Recreation,5302 WILLOWBEND BLVD,7/29/2020 20:45,Service Completed,Resolved,2020-06-08 20:44:00,172849,101004082846,2020-06-08,20:44,2020-07-29,20:45
172848-101004082679,Tree Trim,Parks and Recreation,1923 TAYLOR ST,8/22/2020 14:08,Service Completed,Resolved,2020-06-08 14:07:00,172848,101004082679,2020-06-08,14:07,2020-08-22,14:08
172847-101004082660,Tree Trim,Parks and Recreation,5711 MEADOW CREEK LN,8/22/2020 13:33,Service Completed,Resolved,2020-06-08 13:32:00,172847,101004082660,2020-06-08,13:32,2020-08-22,13:33
172846-101004082632,Tree Removal,Parks and Recreation,12477 STRICK LN,7/29/2020 12:57,Service Completed,Resolved,2020-06-08 12:56:00,172846,101004082632,2020-06-08,12:56,2020-07-29,12:57
172845-101004082457,Tree Trim,Parks and Recreation,9667 WINDSWEPT LN,8/22/2020 11:06,Service Completed,Resolved,2020-06-08 11:05:00,172845,101004082457,2020-06-08,11:05,2020-08-22,11:06
101004082433,Tree Trim,Parks and Recreation,3303 THEYSEN CIR,8/22/2020 10:58,Service Completed,Resolved,2020-06-08 10:57:00, ,101004082433,2020-06-08,10:57,2020-08-22,10:58
172843-101004082263,Tree Trim,Parks and Recreation,5806 PHILLIPS ST,8/22/2020 9:42,Service Completed,Resolved,2020-06-08 09:41:00,172843,101004082263,2020-06-08,9:41,2020-08-22,9:42
172842-101004082227,Tree Trim,Parks and Recreation,4207 REED RD,8/22/2020 9:27,Service Completed,Resolved,2020-06-08 09:26:00,172842,101004082227,2020-06-08,9:26,2020-08-22,9:27
172841-101004082203,Tree Trim,Parks and Recreation,7410 SAINT LOUIS ST,8/22/2020 9:16,Service Completed,Resolved,2020-06-08 09:15:00,172841,101004082203,2020-06-08,9:15,2020-08-22,9:16
172840-101004082199,Tree Trim,Parks and Recreation,4300 BRITTMOORE RD&11800 CLAY RD,8/22/2020 9:15,Service Completed,Resolved,2020-06-08 09:14:00,172840,101004082199,2020-06-08,9:14,2020-08-22,9:15
172839-101004082193,Tree Removal,Parks and Recreation,6231 BIRDWOOD RD,7/29/2020 9:13,Service Completed,Resolved,2020-06-08 09:12:00,172839,101004082193,2020-06-08,9:12,2020-07-29,9:13
172838-101004082179,Tree Trim,Parks and Recreation,5419 KANSAS ST,8/22/2020 9:07,Service Completed,Resolved,2020-06-08 09:06:00,172838,101004082179,2020-06-08,9:06,2020-08-22,9:07
172837-101004082101,Tree Removal,Parks and Recreation,5474 DARNELL ST,7/29/2020 8:35,Service Completed,Resolved,2020-06-08 08:34:00,172837,101004082101,2020-06-08,8:34,2020-07-29,8:35
172836-101004081969,Tree Trim,Parks and Recreation,400 W 22ND ST&2200 ASHLAND ST,8/22/2020 7:38,Service Completed,Resolved,2020-06-08 07:37:00,172836,101004081969,2020-06-08,7:37,2020-08-22,7:38
172834-101004081908,Tree Trim,Parks and Recreation,5800 WERNER ST&400 E WITCHER LN,8/22/2020 7:15,Service Completed,Resolved,2020-06-08 07:14:00,172834,101004081908,2020-06-08,7:14,2020-08-22,7:15
172832-101004081868,Tree Removal,Parks and Recreation,978 BUNKER HILL RD&9700 GAYLORD DR&9600 GAYLORD ST,7/29/2020 6:58,Service Completed,Resolved,2020-06-08 06:57:00,172832,101004081868,2020-06-08,6:57,2020-07-29,6:58
172831-101004081850,Tree Trim,Parks and Recreation,7606 NARCISSUS ST,8/22/2020 6:49,Service Completed,Resolved,2020-06-08 06:48:00,172831,101004081850,2020-06-08,6:48,2020-08-22,6:49
172830-101004081753,Tree Trim,Parks and Recreation,6900 STAFFORDSHIRE BLVD&1900 WOODBURY ST,8/22/2020 6:02,Service Completed,Resolved,2020-06-08 06:01:00,172830,101004081753,2020-06-08,6:01,2020-08-22,6:02
172829-101004081620,Tree Trim,Parks and Recreation,5418 WINDSWEPT LN,8/22/2020 5:00,Service Completed,Resolved,2020-06-08 04:59:00,172829,101004081620,2020-06-08,4:59,2020-08-22,5:00
172828-101004081600,Tree Trim,Parks and Recreation,4128 DE GEORGE ST,8/22/2020 4:54,Service Completed,Resolved,2020-06-08 04:53:00,172828,101004081600,2020-06-08,4:53,2020-08-22,4:54
172827-101004081512,Tree Trim,Parks and Recreation,4838 DANFIELD DR,8/22/2020 4:21,Service Completed,Resolved,2020-06-08 04:20:00,172827,101004081512,2020-06-08,4:20,2020-08-22,4:21
172823-101004081437,Tree Code Violation,Parks and Recreation,3636 W DALLAS ST,7/30/2020 3:47,Service Completed,Resolved,2020-06-08 03:46:00,172823,101004081437,2020-06-08,3:46,2020-07-30,3:47
172822-101004081422,Tree Removal,Parks and Recreation,4604 KINGS CROSSING DR&4600 KINGWOOD DR,7/29/2020 3:41,Service Completed,Resolved,2020-06-08 03:40:00,172822,101004081422,2020-06-08,3:40,2020-07-29,3:41
101004081404,Tree Trim,Parks and Recreation,148 N HUTCHESON ST,8/22/2020 3:32,Service Completed,Resolved,2020-06-08 03:31:00, ,101004081404,2020-06-08,3:31,2020-08-22,3:32
172821-101004081379,Tree Trim,Parks and Recreation,5718 EDWARD DR,8/22/2020 3:23,Service Completed,Resolved,2020-06-08 03:22:00,172821,101004081379,2020-06-08,3:22,2020-08-22,3:23
172817-101004081300,Tree Stump Grinding,Parks and Recreation,13426 ELLA RIDGE LN,10/2/2020 1:50,Service Completed,Resolved,2020-06-08 01:49:00,172817,101004081300,2020-06-08,1:49,2020-10-02,1:50
172816-101004081292,Tree Trim,Parks and Recreation,6767 LONG DR,8/22/2020 1:31,Service Completed,Resolved,2020-06-08 01:30:00,172816,101004081292,2020-06-08,1:30,2020-08-22,1:31
172815-101004081101,Tree Trim,Parks and Recreation,4400 W LITTLE YORK RD&7000 SILVER LEAF LN,8/21/2020 12:44,Service Completed,Resolved,2020-06-07 12:43:00,172815,101004081101,2020-06-07,12:43,2020-08-21,12:44
101004081029,Tree Removal,Parks and Recreation,4722 BRINKMAN ST,7/28/2020 10:14,Service Completed,Resolved,2020-06-07 10:13:00, ,101004081029,2020-06-07,10:13,2020-07-28,10:14
172813-101004080900,Tree Removal,Parks and Recreation,1401 REGALIA CT,7/28/2020 5:59,Service Completed,Resolved,2020-06-07 05:58:00,172813,101004080900,2020-06-07,5:58,2020-07-28,5:59
172812-101004080893,Tree Trim,Parks and Recreation,6234 SHADOW CREST ST,8/21/2020 5:52,Service Completed,Resolved,2020-06-07 05:51:00,172812,101004080893,2020-06-07,5:51,2020-08-21,5:52
172811-101004080665,Tree Trim,Parks and Recreation,4038 TIDFORD ST,8/20/2020 15:15,Service Completed,Resolved,2020-06-06 15:14:00,172811,101004080665,2020-06-06,15:14,2020-08-20,15:15
172810-101004080644,Tree Trim,Parks and Recreation,14619 WATERLOO DR,8/20/2020 14:05,Service Completed,Resolved,2020-06-06 14:04:00,172810,101004080644,2020-06-06,14:04,2020-08-20,14:05
172809-101004080544,Tree Removal,Parks and Recreation,7300 BROWNWOOD ST&618 PORT ST,7/27/2020 10:45,Service Completed,Resolved,2020-06-06 10:44:00,172809,101004080544,2020-06-06,10:44,2020-07-27,10:45
172808-101004080468,Tree Removal,Parks and Recreation,16006 LAURELFIELD DR,7/27/2020 9:11,Service Completed,Resolved,2020-06-06 09:10:00,172808,101004080468,2020-06-06,9:10,2020-07-27,9:11
101004070205,Tree Trim,Parks and Recreation,7900 MORLEY ST,8/20/2020 5:00,Service Completed,Resolved,2020-06-06 04:59:00, ,101004070205,2020-06-06,4:59,2020-08-20,5:00
172806-101004069713,Tree Removal,Parks and Recreation,7307 LINDEN ST,7/26/2020 11:43,Service Completed,Resolved,2020-06-05 11:42:00,172806,101004069713,2020-06-05,11:42,2020-07-26,11:43
172805-101004069669,Tree Removal,Parks and Recreation,1340 HERKIMER ST,7/26/2020 11:27,Service Completed,Resolved,2020-06-05 11:26:00,172805,101004069669,2020-06-05,11:26,2020-07-26,11:27
172804-101004069664,Tree Trim,Parks and Recreation,1100 HAYS ST&3200 ROBERTSON ST ,8/19/2020 11:26,Service Completed,Resolved,2020-06-05 11:25:00,172804,101004069664,2020-06-05,11:25,2020-08-19,11:26
172803-101004069609,Tree Trim,Parks and Recreation,7111 ILEX ST,8/19/2020 11:05,Service Completed,Resolved,2020-06-05 11:04:00,172803,101004069609,2020-06-05,11:04,2020-08-19,11:05
172802-101004069579,Tree Trim,Parks and Recreation,226 SHOTWELL ST,8/19/2020 10:49,Service Completed,Resolved,2020-06-05 10:48:00,172802,101004069579,2020-06-05,10:48,2020-08-19,10:49
172799-101004069399,Tree Removal,Parks and Recreation,12108 TAMBOURINE DR,7/26/2020 9:29,Service Completed,Resolved,2020-06-05 09:28:00,172799,101004069399,2020-06-05,9:28,2020-07-26,9:29
172797-101004069392,Tree Trim,Parks and Recreation,5351 BROWNCROFT ST,8/19/2020 9:26,Service Completed,Resolved,2020-06-05 09:25:00,172797,101004069392,2020-06-05,9:25,2020-08-19,9:26
172796-101004069340,Tree Trim,Parks and Recreation,401 W 21ST ST,8/19/2020 9:12,Service Completed,Resolved,2020-06-05 09:11:00,172796,101004069340,2020-06-05,9:11,2020-08-19,9:12
172794-101004069263,Tree Trim,Parks and Recreation,2 LAURENHURST CT&1420 SHADOWDALE DR,8/19/2020 8:48,Service Completed,Resolved,2020-06-05 08:47:00,172794,101004069263,2020-06-05,8:47,2020-08-19,8:48
172789-101004069057,Tree Trim,Parks and Recreation,8434 PONTIAC DR,8/19/2020 7:22,Service Completed,Resolved,2020-06-05 07:21:00,172789,101004069057,2020-06-05,7:21,2020-08-19,7:22
172785-101004068964,Tree Removal,Parks and Recreation,7001 BARNEY RD,7/26/2020 6:45,Service Completed,Resolved,2020-06-05 06:44:00,172785,101004068964,2020-06-05,6:44,2020-07-26,6:45
172784-101004068957,Tree Trim,Parks and Recreation,10807 OLYMPIA DR,8/19/2020 6:44,Service Completed,Resolved,2020-06-05 06:43:00,172784,101004068957,2020-06-05,6:43,2020-08-19,6:44
172783-101004068928,Tree Removal,Parks and Recreation,12502 ASHFORD MEADOW DR,7/26/2020 6:25,Service Completed,Resolved,2020-06-05 06:24:00,172783,101004068928,2020-06-05,6:24,2020-07-26,6:25
172782-101004068840,Tree Removal,Parks and Recreation,3611 ENNIS ST,7/26/2020 5:48,Service Completed,Resolved,2020-06-05 05:47:00,172782,101004068840,2020-06-05,5:47,2020-07-26,5:48
172781-101004068780,Tree Removal,Parks and Recreation,1122 BAYLAND AVE,7/26/2020 5:32,Service Completed,Resolved,2020-06-05 05:31:00,172781,101004068780,2020-06-05,5:31,2020-07-26,5:32
172780-101004068666,Tree Trim,Parks and Recreation,2100 FLAGSTONE TER&5600 LAUREL CREEK WAY,8/19/2020 5:02,Service Completed,Resolved,2020-06-05 05:01:00,172780,101004068666,2020-06-05,5:01,2020-08-19,5:02
172779-101004068587,Tree Trim,Parks and Recreation,7026 W 43RD ST,8/19/2020 4:29,Service Completed,Resolved,2020-06-05 04:28:00,172779,101004068587,2020-06-05,4:28,2020-08-19,4:29
172778-101004068581,Tree Trim,Parks and Recreation,15607 SEASIDE LN,8/19/2020 4:27,Service Completed,Resolved,2020-06-05 04:26:00,172778,101004068581,2020-06-05,4:26,2020-08-19,4:27
172777-101004068521,Tree Trim,Parks and Recreation,135 MAXEY RD,8/19/2020 3:53,Service Completed,Resolved,2020-06-05 03:52:00,172777,101004068521,2020-06-05,3:52,2020-08-19,3:53
172776-101004068448,Tree Removal,Parks and Recreation,2800 W LITTLE YORK RD,7/26/2020 3:11,Service Completed,Resolved,2020-06-05 03:10:00,172776,101004068448,2020-06-05,3:10,2020-07-26,3:11
172771-101004068176,Tree Removal,Parks and Recreation,5706 COLLINS RD,7/25/2020 13:44,Service Completed,Resolved,2020-06-04 13:43:00,172771,101004068176,2020-06-04,13:43,2020-07-25,13:44
172770-101004068091,Tree Removal,Parks and Recreation,6302 SLOAN ST,7/25/2020 12:04,Service Completed,Resolved,2020-06-04 12:03:00,172770,101004068091,2020-06-04,12:03,2020-07-25,12:04
172769-101004068042,Tree Removal,Parks and Recreation,7300 LINDENCREST ST&6910 TELEPHONE RD,7/25/2020 11:35,Service Completed,Resolved,2020-06-04 11:34:00,172769,101004068042,2020-06-04,11:34,2020-07-25,11:35
172768-101004068012,Tree Trim,Parks and Recreation,9 MARSDEN ST,8/18/2020 11:20,Service Completed,Resolved,2020-06-04 11:19:00,172768,101004068012,2020-06-04,11:19,2020-08-18,11:20
172767-101004068000,Tree Trim,Parks and Recreation,4326 KINGFISHER DR,8/18/2020 11:15,Service Completed,Resolved,2020-06-04 11:14:00,172767,101004068000,2020-06-04,11:14,2020-08-18,11:15
172766-101004067992,Tree Planting,Parks and Recreation,9902 HINDS ST,6/29/2020 11:12,Service Completed,Resolved,2020-06-04 11:11:00,172766,101004067992,2020-06-04,11:11,2020-06-29,11:12
172765-101004067960,Tree Trim,Parks and Recreation,1009 DEFENDER ST,8/18/2020 10:58,Service Completed,Resolved,2020-06-04 10:57:00,172765,101004067960,2020-06-04,10:57,2020-08-18,10:58
356125-101004067850,Tree Removal,Parks and Recreation,  ,7/25/2020 10:15,Service Completed,Resolved,2020-06-04 10:14:00,356125,101004067850,2020-06-04,10:14,2020-07-25,10:15
172758-101004067779,Tree Trim,Parks and Recreation,12814 REGAL OAKS BEND LN,8/18/2020 9:40,Service Completed,Resolved,2020-06-04 09:39:00,172758,101004067779,2020-06-04,9:39,2020-08-18,9:40
172759-101004067768,Tree Trim,Parks and Recreation,1205 DART ST,8/18/2020 9:38,Service Completed,Resolved,2020-06-04 09:37:00,172759,101004067768,2020-06-04,9:37,2020-08-18,9:38
172757-101004067705,Tree Removal,Parks and Recreation,100 E 12TH ST&100 W 12TH ST&1200 HEIGHTS BLVD,7/25/2020 9:19,Service Completed,Resolved,2020-06-04 09:18:00,172757,101004067705,2020-06-04,9:18,2020-07-25,9:19
101004067685,Tree Removal,Parks and Recreation,,7/25/2020 9:14,Service Completed,Resolved,2020-06-04 09:13:00, ,101004067685,2020-06-04,9:13,2020-07-25,9:14
172756-101004067615,Tree Removal,Parks and Recreation,312 E 27TH ST,7/25/2020 8:43,Service Completed,Resolved,2020-06-04 08:42:00,172756,101004067615,2020-06-04,8:42,2020-07-25,8:43
101004067606,Tree Removal,Parks and Recreation,  ,7/25/2020 8:39,Service Completed,Resolved,2020-06-04 08:38:00, ,101004067606,2020-06-04,8:38,2020-07-25,8:39
172755-101004067552,Tree Removal,Parks and Recreation,6406 ANNUNCIATION ST,7/25/2020 8:03,Service Completed,Resolved,2020-06-04 08:02:00,172755,101004067552,2020-06-04,8:02,2020-07-25,8:03
172754-101004067540,Tree Removal,Parks and Recreation,7602 HOPEWELL LN,7/25/2020 7:57,Service Completed,Resolved,2020-06-04 07:56:00,172754,101004067540,2020-06-04,7:56,2020-07-25,7:57
172753-101004067517,Tree Trim,Parks and Recreation,10106 BRIAR FOREST DR,8/18/2020 7:48,Service Completed,Resolved,2020-06-04 07:47:00,172753,101004067517,2020-06-04,7:47,2020-08-18,7:48
172751-101004067427,Tree Removal,Parks and Recreation,12814 REGAL OAKS BEND LN,7/25/2020 7:08,Service Completed,Resolved,2020-06-04 07:07:00,172751,101004067427,2020-06-04,7:07,2020-07-25,7:08
101004067389,Tree Planting,Parks and Recreation,1100 SMITH ST,6/29/2020 6:56,Service Completed,Resolved,2020-06-04 06:55:00, ,101004067389,2020-06-04,6:55,2020-06-29,6:56
172749-101004067241,Tree Trim,Parks and Recreation,10400 KIRKHILL DR&11700 KIRKHOLM DR ,8/18/2020 5:54,Service Completed,Resolved,2020-06-04 05:53:00,172749,101004067241,2020-06-04,5:53,2020-08-18,5:54
172748-101004067226,Tree Removal,Parks and Recreation,3607 SARDIS LN,7/25/2020 5:48,Service Completed,Resolved,2020-06-04 05:47:00,172748,101004067226,2020-06-04,5:47,2020-07-25,5:48
172746-101004067140,Tree Trim,Parks and Recreation,2300 BRIAR RIDGE DR&6148 ELLA LEE LN,8/18/2020 5:16,Service Completed,Resolved,2020-06-04 05:15:00,172746,101004067140,2020-06-04,5:15,2020-08-18,5:16
172742-101004067079,Tree Removal,Parks and Recreation,11103 ENSBROOK DR,7/25/2020 4:46,Service Completed,Resolved,2020-06-04 04:45:00,172742,101004067079,2020-06-04,4:45,2020-07-25,4:46
172741-101004067065,Tree Trim,Parks and Recreation,12600 ASHLING DR&10600 KEEGAN RD,8/18/2020 4:42,Service Completed,Resolved,2020-06-04 04:41:00,172741,101004067065,2020-06-04,4:41,2020-08-18,4:42
172740-101004067028,Tree Removal,Parks and Recreation,1022 WIRT RD,7/25/2020 4:25,Service Completed,Resolved,2020-06-04 04:24:00,172740,101004067028,2020-06-04,4:24,2020-07-25,4:25
101004066966,Tree Removal,Parks and Recreation,9002 KINGSPOINT AVE,7/25/2020 4:02,Service Completed,Resolved,2020-06-04 04:01:00, ,101004066966,2020-06-04,4:01,2020-07-25,4:02
172739-101004066955,Tree Removal,Parks and Recreation,6913 S HALL ST,7/25/2020 3:58,Service Completed,Resolved,2020-06-04 03:57:00,172739,101004066955,2020-06-04,3:57,2020-07-25,3:58
172738-101004066875,Tree Trim,Parks and Recreation,9402 RHODE ISLAND ST,8/18/2020 3:22,Service Completed,Resolved,2020-06-04 03:21:00,172738,101004066875,2020-06-04,3:21,2020-08-18,3:22
172737-101004066796,Tree Trim,Parks and Recreation,5903 DE MOSS DR,8/18/2020 2:34,Service Completed,Resolved,2020-06-04 02:33:00,172737,101004066796,2020-06-04,2:33,2020-08-18,2:34
172736-101004066794,Tree Trim,Parks and Recreation,6702 RENWICK DR,8/18/2020 2:32,Service Completed,Resolved,2020-06-04 02:31:00,172736,101004066794,2020-06-04,2:31,2020-08-18,2:32
101004066760,Tree Trim,Parks and Recreation,5301 KENILWOOD DR,8/18/2020 2:10,Service Completed,Resolved,2020-06-04 02:09:00, ,101004066760,2020-06-04,2:09,2020-08-18,2:10
172734-101004066743,Tree Trim,Parks and Recreation,1900 W 18TH ST,8/18/2020 0:32,Service Completed,Resolved,2020-06-04 00:31:00,172734,101004066743,2020-06-04,0:31,2020-08-18,0:32
172733-101004066741,Tree Removal,Parks and Recreation,2345 MARONEAL ST,7/25/2020 0:24,Service Completed,Resolved,2020-06-04 00:23:00,172733,101004066741,2020-06-04,0:23,2020-07-25,0:24
172731-101004066602,Tree Trim,Parks and Recreation,210 W HAMILTON ST&5600 PATRICK ST,8/17/2020 16:28,Service Completed,Resolved,2020-06-03 16:27:00,172731,101004066602,2020-06-03,16:27,2020-08-17,16:28
172730-101004066571,Tree Trim,Parks and Recreation,7146 VANDEMAN ST,8/17/2020 15:15,Service Completed,Resolved,2020-06-03 15:14:00,172730,101004066571,2020-06-03,15:14,2020-08-17,15:15
172729-101004066518,Tree Trim,Parks and Recreation,1333 YALE ST,8/17/2020 13:56,Service Completed,Resolved,2020-06-03 13:55:00,172729,101004066518,2020-06-03,13:55,2020-08-17,13:56
172728-101004066514,Tree Trim,Parks and Recreation,1333 YALE ST,8/17/2020 13:52,Service Completed,Resolved,2020-06-03 13:51:00,172728,101004066514,2020-06-03,13:51,2020-08-17,13:52
101004066505,Tree Trim,Parks and Recreation,4015 DALLAS ST,8/17/2020 13:34,Service Completed,Resolved,2020-06-03 13:33:00, ,101004066505,2020-06-03,13:33,2020-08-17,13:34
172726-101004066400,Tree Removal,Parks and Recreation,5700 COLLINS RD&11520 URBAN PL,7/24/2020 11:44,Service Completed,Resolved,2020-06-03 11:43:00,172726,101004066400,2020-06-03,11:43,2020-07-24,11:44
172725-101004066377,Tree Removal,Parks and Recreation,8009 PHILLIPS ST,7/24/2020 11:30,Service Completed,Resolved,2020-06-03 11:29:00,172725,101004066377,2020-06-03,11:29,2020-07-24,11:30
172724-101004066337,Tree Trim,Parks and Recreation,12635 WESTELLA DR,8/17/2020 11:10,Service Completed,Resolved,2020-06-03 11:09:00,172724,101004066337,2020-06-03,11:09,2020-08-17,11:10
172723-101004066300,Tree Removal,Parks and Recreation,11235 MULHOLLAND DR,7/24/2020 10:44,Service Completed,Resolved,2020-06-03 10:43:00,172723,101004066300,2020-06-03,10:43,2020-07-24,10:44
172722-101004066229,Tree Trim,Parks and Recreation,827 TEETSHORN ST,8/17/2020 10:12,Service Completed,Resolved,2020-06-03 10:11:00,172722,101004066229,2020-06-03,10:11,2020-08-17,10:12
172721-101004066188,Tree Trim,Parks and Recreation,6711 AVENUE I,8/17/2020 9:56,Service Completed,Resolved,2020-06-03 09:55:00,172721,101004066188,2020-06-03,9:55,2020-08-17,9:56
172719-101004066144,Tree Trim,Parks and Recreation,7011 JAPONICA ST,8/17/2020 9:38,Service Completed,Resolved,2020-06-03 09:37:00,172719,101004066144,2020-06-03,9:37,2020-08-17,9:38
172718-101004066107,Tree Trim,Parks and Recreation,8100 DE PRIEST ST&8300 WILLIAMSDELL ST,8/17/2020 9:22,Service Completed,Resolved,2020-06-03 09:21:00,172718,101004066107,2020-06-03,9:21,2020-08-17,9:22
172716-101004066106,Tree Removal,Parks and Recreation,4700 N MAIN ST,7/24/2020 9:22,Service Completed,Resolved,2020-06-03 09:21:00,172716,101004066106,2020-06-03,9:21,2020-07-24,9:22
172717-101004066103,Tree Removal,Parks and Recreation,7113 KELLER ST,7/24/2020 9:21,Service Completed,Resolved,2020-06-03 09:20:00,172717,101004066103,2020-06-03,9:20,2020-07-24,9:21
172715-101004066071,Tree Removal,Parks and Recreation,8118 BRANDON ST,7/24/2020 9:05,Service Completed,Resolved,2020-06-03 09:04:00,172715,101004066071,2020-06-03,9:04,2020-07-24,9:05
172713-101004066014,Tree Trim,Parks and Recreation,13534 BANDERA ST,8/17/2020 8:37,Service Completed,Resolved,2020-06-03 08:36:00,172713,101004066014,2020-06-03,8:36,2020-08-17,8:37
172712-101004065881,Tree Trim,Parks and Recreation,8335 FURLONG LN,8/17/2020 7:21,Service Completed,Resolved,2020-06-03 07:20:00,172712,101004065881,2020-06-03,7:20,2020-08-17,7:21
172711-101004065878,Tree Trim,Parks and Recreation,801 LESTER ST,8/17/2020 7:19,Service Completed,Resolved,2020-06-03 07:18:00,172711,101004065878,2020-06-03,7:18,2020-08-17,7:19
172710-101004065857,Tree Removal,Parks and Recreation,220 W 10TH ST,7/24/2020 7:09,Service Completed,Resolved,2020-06-03 07:08:00,172710,101004065857,2020-06-03,7:08,2020-07-24,7:09
172707-101004065813,Tree Stump Grinding,Parks and Recreation,10110 KINNEY RD,9/27/2020 6:54,Service Completed,Resolved,2020-06-03 06:53:00,172707,101004065813,2020-06-03,6:53,2020-09-27,6:54
172705-101004065779,Tree Removal,Parks and Recreation,3715 JEANETTA ST,7/24/2020 6:37,Service Completed,Resolved,2020-06-03 06:36:00,172705,101004065779,2020-06-03,6:36,2020-07-24,6:37
172704-101004065678,Tree Trim,Parks and Recreation,2130 DEWALT ST,8/17/2020 5:52,Service Completed,Resolved,2020-06-03 05:51:00,172704,101004065678,2020-06-03,5:51,2020-08-17,5:52
172703-101004065582,Tree Removal,Parks and Recreation,5500 IRVINGTON BLVD&800 MILWAUKEE ST,7/24/2020 5:15,Service Completed,Resolved,2020-06-03 05:14:00,172703,101004065582,2020-06-03,5:14,2020-07-24,5:15
172702-101004065575,Tree Trim,Parks and Recreation,10935 PIPING ROCK LN,8/17/2020 5:09,Service Completed,Resolved,2020-06-03 05:08:00,172702,101004065575,2020-06-03,5:08,2020-08-17,5:09
172701-101004065507,Tree Removal,Parks and Recreation,3600 JEANETTA ST,7/24/2020 4:33,Service Completed,Resolved,2020-06-03 04:32:00,172701,101004065507,2020-06-03,4:32,2020-07-24,4:33
172700-101004065458,Tree Trim,Parks and Recreation,2608 DELANO ST,8/17/2020 4:12,Service Completed,Resolved,2020-06-03 04:11:00,172700,101004065458,2020-06-03,4:11,2020-08-17,4:12
172698-101004065419,Tree Trim,Parks and Recreation,3054 NOBLE ST,8/17/2020 3:52,Service Completed,Resolved,2020-06-03 03:51:00,172698,101004065419,2020-06-03,3:51,2020-08-17,3:52
172697-101004065343,Tree Removal,Parks and Recreation,7250 BELLFORT ST,7/24/2020 3:04,Service Completed,Resolved,2020-06-03 03:03:00,172697,101004065343,2020-06-03,3:03,2020-07-24,3:04
172693-101004065297,Tree Trim,Parks and Recreation,839 BEACHCOMBER LN,8/17/2020 1:50,Service Completed,Resolved,2020-06-03 01:49:00,172693,101004065297,2020-06-03,1:49,2020-08-17,1:50
172692-101004065295,Tree Trim,Parks and Recreation,830 BEACHCOMBER LN,8/17/2020 1:41,Service Completed,Resolved,2020-06-03 01:40:00,172692,101004065295,2020-06-03,1:40,2020-08-17,1:41
172690-101004065183,Tree Removal,Parks and Recreation,3502 ALMINGTON LN,7/23/2020 15:20,Service Completed,Resolved,2020-06-02 15:19:00,172690,101004065183,2020-06-02,15:19,2020-07-23,15:20
101004065115,Tree Trim,Parks and Recreation,7326 CAREW ST,8/16/2020 14:00,Service Completed,Resolved,2020-06-02 13:59:00, ,101004065115,2020-06-02,13:59,2020-08-16,14:00
172689-101004065024,Tree Trim,Parks and Recreation,7302 BASTOGNE RD,8/16/2020 12:19,Service Completed,Resolved,2020-06-02 12:18:00,172689,101004065024,2020-06-02,12:18,2020-08-16,12:19
172688-101004064830,Tree Trim,Parks and Recreation,13111 POPLAR GLEN LN,8/16/2020 10:30,Service Completed,Resolved,2020-06-02 10:29:00,172688,101004064830,2020-06-02,10:29,2020-08-16,10:30
172686-101004064774,Tree Trim,Parks and Recreation,3410 AUSTIN ST,8/16/2020 10:07,Service Completed,Resolved,2020-06-02 10:06:00,172686,101004064774,2020-06-02,10:06,2020-08-16,10:07
172685-101004064747,Tree Removal,Parks and Recreation,10406 BOB WHITE DR,7/23/2020 9:57,Service Completed,Resolved,2020-06-02 09:56:00,172685,101004064747,2020-06-02,9:56,2020-07-23,9:57
172683-101004064712,Tree Trim,Parks and Recreation,5007 PRAIRIE RIDGE RD,8/16/2020 9:47,Service Completed,Resolved,2020-06-02 09:46:00,172683,101004064712,2020-06-02,9:46,2020-08-16,9:47
172682-101004064709,Tree Trim,Parks and Recreation,4502 KEYSTONE ST,8/16/2020 9:47,Service Completed,Resolved,2020-06-02 09:46:00,172682,101004064709,2020-06-02,9:46,2020-08-16,9:47
172680-101004064645,Tree Removal,Parks and Recreation,5030 CREEKBEND DR,7/23/2020 9:22,Service Completed,Resolved,2020-06-02 09:21:00,172680,101004064645,2020-06-02,9:21,2020-07-23,9:22
172675-101004064524,Tree Trim,Parks and Recreation,8700 MAIN ST,8/16/2020 8:23,Service Completed,Resolved,2020-06-02 08:22:00,172675,101004064524,2020-06-02,8:22,2020-08-16,8:23
172674-101004064521,Tree Trim,Parks and Recreation,2 LAURENHURST CT,8/16/2020 8:20,Service Completed,Resolved,2020-06-02 08:19:00,172674,101004064521,2020-06-02,8:19,2020-08-16,8:20
172673-101004064484,Tree Trim,Parks and Recreation,416 CROSSTIMBERS ST&4300 HERRIDGE ST,8/16/2020 8:01,Service Completed,Resolved,2020-06-02 08:00:00,172673,101004064484,2020-06-02,8:00,2020-08-16,8:01
172672-101004064352,Tree Removal,Parks and Recreation,7211 HEDGEWOOD ST,7/23/2020 7:03,Service Completed,Resolved,2020-06-02 07:02:00,172672,101004064352,2020-06-02,7:02,2020-07-23,7:03
172671-101004064156,Tree Removal,Parks and Recreation,7614 BELBAY ST,7/23/2020 5:59,Service Completed,Resolved,2020-06-02 05:58:00,172671,101004064156,2020-06-02,5:58,2020-07-23,5:59
172670-101004064068,Tree Removal,Parks and Recreation,19008 SAUMS RD,7/23/2020 5:34,Service Completed,Resolved,2020-06-02 05:33:00,172670,101004064068,2020-06-02,5:33,2020-07-23,5:34
172667-101004063994,Tree Removal,Parks and Recreation,11926 6TH ST,7/23/2020 5:14,Service Completed,Resolved,2020-06-02 05:13:00,172667,101004063994,2020-06-02,5:13,2020-07-23,5:14
172665-101004063979,Tree Trim,Parks and Recreation,7804 HELMERS ST,8/16/2020 5:05,Service Completed,Resolved,2020-06-02 05:04:00,172665,101004063979,2020-06-02,5:04,2020-08-16,5:05
172664-101004063943,Tree Removal,Parks and Recreation,2200 W PARK VIEW DR&18800 SAUMS RD,7/23/2020 4:51,Service Completed,Resolved,2020-06-02 04:50:00,172664,101004063943,2020-06-02,4:50,2020-07-23,4:51
172663-101004063846,Tree Removal,Parks and Recreation,1701 YORKTOWN ST,7/23/2020 4:13,Service Completed,Resolved,2020-06-02 04:12:00,172663,101004063846,2020-06-02,4:12,2020-07-23,4:13
172662-101004063787,Tree Trim,Parks and Recreation,4711 MARIETTA LN,8/16/2020 3:46,Service Completed,Resolved,2020-06-02 03:45:00,172662,101004063787,2020-06-02,3:45,2020-08-16,3:46
172660-101004063751,Tree Removal,Parks and Recreation,1224 GENOVA ST,7/23/2020 3:26,Service Completed,Resolved,2020-06-02 03:25:00,172660,101004063751,2020-06-02,3:25,2020-07-23,3:26
172657-101004063716,Tree Trim,Parks and Recreation,5400 W LAKE HOUSTON PKWY&4900 SHADY MAPLE DR,8/16/2020 3:06,Service Completed,Resolved,2020-06-02 03:05:00,172657,101004063716,2020-06-02,3:05,2020-08-16,3:06
172656-101004063695,Tree Trim,Parks and Recreation,5722 OVERDALE ST,8/16/2020 2:57,Service Completed,Resolved,2020-06-02 02:56:00,172656,101004063695,2020-06-02,2:56,2020-08-16,2:57
356082-101004063567,Tree Trim,Parks and Recreation,943 WESTCOTT ST,8/15/2020 20:04,Service Completed,Resolved,2020-06-01 20:03:00,356082,101004063567,2020-06-01,20:03,2020-08-15,20:04
172652-101004063562,Tree Trim,Parks and Recreation,5026 RUSK ST,8/15/2020 19:43,Service Completed,Resolved,2020-06-01 19:42:00,172652,101004063562,2020-06-01,19:42,2020-08-15,19:43
172651-101004063453,Tree Trim,Parks and Recreation,9238 CANADY PARK LN,8/15/2020 15:00,Service Completed,Resolved,2020-06-01 14:59:00,172651,101004063453,2020-06-01,14:59,2020-08-15,15:00
172650-101004063266,Tree Trim,Parks and Recreation,2502 DRISCOLL ST,8/15/2020 11:54,Service Completed,Resolved,2020-06-01 11:53:00,172650,101004063266,2020-06-01,11:53,2020-08-15,11:54
172649-101004063142,Tree Removal,Parks and Recreation,7312 LAVENDER ST,7/22/2020 10:57,Service Completed,Resolved,2020-06-01 10:56:00,172649,101004063142,2020-06-01,10:56,2020-07-22,10:57
172648-101004063130,Tree Trim,Parks and Recreation,204 W 31ST ST,8/15/2020 10:51,Service Completed,Resolved,2020-06-01 10:50:00,172648,101004063130,2020-06-01,10:50,2020-08-15,10:51
172647-101004063124,Tree Trim,Parks and Recreation,204 W 33RD ST,8/15/2020 10:49,Service Completed,Resolved,2020-06-01 10:48:00,172647,101004063124,2020-06-01,10:48,2020-08-15,10:49
172646-101004063121,Tree Trim,Parks and Recreation,9707 TRUMPET ST,8/15/2020 10:48,Service Completed,Resolved,2020-06-01 10:47:00,172646,101004063121,2020-06-01,10:47,2020-08-15,10:48
172645-101004063080,Tree Trim,Parks and Recreation,1111 KILDARE DR,8/15/2020 10:30,Service Completed,Resolved,2020-06-01 10:29:00,172645,101004063080,2020-06-01,10:29,2020-08-15,10:30
172644-101004063042,Tree Trim,Parks and Recreation,5901 BEECHNUT ST,8/15/2020 10:18,Service Completed,Resolved,2020-06-01 10:17:00,172644,101004063042,2020-06-01,10:17,2020-08-15,10:18
172643-101004062872,Tree Removal,Parks and Recreation,10618 BENTLEY ST,7/22/2020 9:13,Service Completed,Resolved,2020-06-01 09:12:00,172643,101004062872,2020-06-01,9:12,2020-07-22,9:13
172642-101004062866,Tree Removal,Parks and Recreation,402 COSMOS ST,7/22/2020 9:12,Service Completed,Resolved,2020-06-01 09:11:00,172642,101004062866,2020-06-01,9:11,2020-07-22,9:12
172641-101004062828,Tree Trim,Parks and Recreation,11322 SAGE OAK DR,8/15/2020 9:02,Service Completed,Resolved,2020-06-01 09:01:00,172641,101004062828,2020-06-01,9:01,2020-08-15,9:02
172640-101004062753,Tree Trim,Parks and Recreation,12115 PANAY DR,8/15/2020 8:38,Service Completed,Resolved,2020-06-01 08:37:00,172640,101004062753,2020-06-01,8:37,2020-08-15,8:38
172639-101004062740,Tree Trim,Parks and Recreation,6501 ALMEDA RD,8/15/2020 8:34,Service Completed,Resolved,2020-06-01 08:33:00,172639,101004062740,2020-06-01,8:33,2020-08-15,8:34
172638-101004062714,Tree Removal,Parks and Recreation,501 E 9TH ST,7/22/2020 8:21,Service Completed,Resolved,2020-06-01 08:20:00,172638,101004062714,2020-06-01,8:20,2020-07-22,8:21
172637-101004062661,Tree Trim,Parks and Recreation,1516 RIDGEWOOD ST,8/15/2020 7:54,Service Completed,Resolved,2020-06-01 07:53:00,172637,101004062661,2020-06-01,7:53,2020-08-15,7:54
172636-101004062658,Tree Removal,Parks and Recreation,500 ANITA ST&3000 BRAZOS ST,7/22/2020 7:51,Service Completed,Resolved,2020-06-01 07:50:00,172636,101004062658,2020-06-01,7:50,2020-07-22,7:51
172635-101004062654,Tree Removal,Parks and Recreation,2900 BAGBY ST&400 TUAM ST,7/22/2020 7:49,Service Completed,Resolved,2020-06-01 07:48:00,172635,101004062654,2020-06-01,7:48,2020-07-22,7:49
172634-101004062598,Tree Trim,Parks and Recreation,4828 OLD SPANISH TRL,8/15/2020 7:25,Service Completed,Resolved,2020-06-01 07:24:00,172634,101004062598,2020-06-01,7:24,2020-08-15,7:25
172633-101004062596,Tree Removal,Parks and Recreation,5018 AIRPORT BLVD,7/22/2020 7:25,Service Completed,Resolved,2020-06-01 07:24:00,172633,101004062596,2020-06-01,7:24,2020-07-22,7:25
172632-101004062588,Tree Trim,Parks and Recreation,4303 HOLLOWAY DR,8/15/2020 7:21,Service Completed,Resolved,2020-06-01 07:20:00,172632,101004062588,2020-06-01,7:20,2020-08-15,7:21
172631-101004062564,Tree Trim,Parks and Recreation,5433 DARLING ST,8/15/2020 7:13,Service Completed,Resolved,2020-06-01 07:12:00,172631,101004062564,2020-06-01,7:12,2020-08-15,7:13
101004062558,Tree Removal,Parks and Recreation,10406 MOORBERRY LN,7/22/2020 7:11,Service Completed,Resolved,2020-06-01 07:10:00, ,101004062558,2020-06-01,7:10,2020-07-22,7:11
101004062552,Tree Trim,Parks and Recreation,12115 PANAY DR,8/15/2020 7:10,Service Completed,Resolved,2020-06-01 07:09:00, ,101004062552,2020-06-01,7:09,2020-08-15,7:10
101004062502,Tree Trim,Parks and Recreation,6337 BUFORD ST,8/15/2020 6:47,Service Completed,Resolved,2020-06-01 06:46:00, ,101004062502,2020-06-01,6:46,2020-08-15,6:47
101004062464,Tree Trim,Parks and Recreation,9554 MEADOWCROFT DR,8/15/2020 6:36,Service Completed,Resolved,2020-06-01 06:35:00, ,101004062464,2020-06-01,6:35,2020-08-15,6:36
101004062351,Tree Removal,Parks and Recreation,8539 BUCROFT ST,7/22/2020 5:50,Service Completed,Resolved,2020-06-01 05:49:00, ,101004062351,2020-06-01,5:49,2020-07-22,5:50
101004062318,Tree Removal,Parks and Recreation,7627 MCHENRY ST,7/22/2020 5:36,Service Completed,Resolved,2020-06-01 05:35:00, ,101004062318,2020-06-01,5:35,2020-07-22,5:36
101004062266,Tree Removal,Parks and Recreation,5225 CALHOUN RD,7/22/2020 5:22,Service Completed,Resolved,2020-06-01 05:21:00, ,101004062266,2020-06-01,5:21,2020-07-22,5:22
101004062254,Tree Trim,Parks and Recreation,1316 STORY ST,8/15/2020 5:18,Service Completed,Resolved,2020-06-01 05:17:00, ,101004062254,2020-06-01,5:17,2020-08-15,5:18
172621-101004062145,Tree Removal,Parks and Recreation,11126 SAGEBURROW DR,7/22/2020 4:32,Service Completed,Resolved,2020-06-01 04:31:00,172621,101004062145,2020-06-01,4:31,2020-07-22,4:32
172620-101004062113,Tree Removal,Parks and Recreation,1475 W GRAY ST,7/22/2020 4:18,Service Completed,Resolved,2020-06-01 04:17:00,172620,101004062113,2020-06-01,4:17,2020-07-22,4:18
172619-101004062098,Tree Trim,Parks and Recreation,11911 CHIMNEY ROCK DR,8/15/2020 4:07,Service Completed,Resolved,2020-06-01 04:06:00,172619,101004062098,2020-06-01,4:06,2020-08-15,4:07
172618-101004062047,Tree Trim,Parks and Recreation,10822 SASHAY DR,8/15/2020 3:47,Service Completed,Resolved,2020-06-01 03:46:00,172618,101004062047,2020-06-01,3:46,2020-08-15,3:47
172614-101004061924,Tree Trim,Parks and Recreation,7703 RICHMOND AVE,8/15/2020 0:44,Service Completed,Resolved,2020-06-01 00:43:00,172614,101004061924,2020-06-01,0:43,2020-08-15,0:44
172613-101004061891,Tree Stump Grinding,Parks and Recreation,4384 FIESTA LN,9/24/2020 22:22,Service Completed,Resolved,2020-05-31 22:21:00,172613,101004061891,2020-05-31,22:21,2020-09-24,22:22
172612-101004061672,Tree Trim,Parks and Recreation,6400 MORNINGSIDE DR&2400 SOUTHGATE BLVD,8/14/2020 12:15,Service Completed,Resolved,2020-05-31 12:14:00,172612,101004061672,2020-05-31,12:14,2020-08-14,12:15
172611-101004061644,Tree Trim,Parks and Recreation,4906 INGOMAR WAY,8/14/2020 11:06,Service Completed,Resolved,2020-05-31 11:05:00,172611,101004061644,2020-05-31,11:05,2020-08-14,11:06
172610-101004061640,Tree Trim,Parks and Recreation,3600 CHIMNEY ROCK RD&5600 SOUTHWEST FWY,8/14/2020 11:02,Service Completed,Resolved,2020-05-31 11:01:00,172610,101004061640,2020-05-31,11:01,2020-08-14,11:02
172609-101004061639,Tree Trim,Parks and Recreation,12106 PALMDALE ST,8/14/2020 11:02,Service Completed,Resolved,2020-05-31 11:01:00,172609,101004061639,2020-05-31,11:01,2020-08-14,11:02
101004061631,Tree Trim,Parks and Recreation,4822 GLENRIDGE LN,8/14/2020 10:50,Service Completed,Resolved,2020-05-31 10:49:00, ,101004061631,2020-05-31,10:49,2020-08-14,10:50
172608-101004061607,Tree Trim,Parks and Recreation,6603 SHERWOOD DR,8/14/2020 9:44,Service Completed,Resolved,2020-05-31 09:43:00,172608,101004061607,2020-05-31,9:43,2020-08-14,9:44
172607-101004061597,Tree Removal,Parks and Recreation,7 BURR ST,7/21/2020 9:14,Service Completed,Resolved,2020-05-31 09:13:00,172607,101004061597,2020-05-31,9:13,2020-07-21,9:14
172606-101004061589,Tree Removal,Parks and Recreation,622 W 25TH ST,7/21/2020 9:05,Service Completed,Resolved,2020-05-31 09:04:00,172606,101004061589,2020-05-31,9:04,2020-07-21,9:05
172605-101004061397,Tree Removal,Parks and Recreation,1504 RIDGEWOOD ST,7/20/2020 23:56,Service Completed,Resolved,2020-05-30 23:55:00,172605,101004061397,2020-05-30,23:55,2020-07-20,23:56
172604-101004061379,Tree Removal,Parks and Recreation,200 JACKSON HILL ST,7/20/2020 22:09,Service Completed,Resolved,2020-05-30 22:08:00,172604,101004061379,2020-05-30,22:08,2020-07-20,22:09
172603-101004061377,Tree Trim,Parks and Recreation,8802 IMOGENE ST,8/13/2020 21:58,Service Completed,Resolved,2020-05-30 21:57:00,172603,101004061377,2020-05-30,21:57,2020-08-13,21:58
172602-101004061354,Tree Trim,Parks and Recreation,2012 INDIANA ST,8/13/2020 19:29,Service Completed,Resolved,2020-05-30 19:28:00,172602,101004061354,2020-05-30,19:28,2020-08-13,19:29
172601-101004061314,Tree Trim,Parks and Recreation,312 W 9TH ST,8/13/2020 16:33,Service Completed,Resolved,2020-05-30 16:32:00,172601,101004061314,2020-05-30,16:32,2020-08-13,16:33
172600-101004061203,Tree Trim,Parks and Recreation,7702 BURNING HILLS DR,8/13/2020 12:15,Service Completed,Resolved,2020-05-30 12:14:00,172600,101004061203,2020-05-30,12:14,2020-08-13,12:15
172599-101004061083,Tree Removal,Parks and Recreation,7026 SLOAN ST,7/20/2020 9:12,Service Completed,Resolved,2020-05-30 09:11:00,172599,101004061083,2020-05-30,9:11,2020-07-20,9:12
172598-101004061079,Tree Trim,Parks and Recreation,3123 LINKWOOD DR,8/13/2020 9:08,Service Completed,Resolved,2020-05-30 09:07:00,172598,101004061079,2020-05-30,9:07,2020-08-13,9:08
172597-101004060973,Tree Trim,Parks and Recreation,6206 ROLLINGBROOK DR,8/13/2020 6:37,Service Completed,Resolved,2020-05-30 06:36:00,172597,101004060973,2020-05-30,6:36,2020-08-13,6:37
172596-101004060947,Tree Removal,Parks and Recreation,3720 ERIE ST,7/20/2020 6:17,Service Completed,Resolved,2020-05-30 06:16:00,172596,101004060947,2020-05-30,6:16,2020-07-20,6:17
172595-101004060938,Tree Trim,Parks and Recreation,6720 S HAYWOOD DR,8/13/2020 6:13,Service Completed,Resolved,2020-05-30 06:12:00,172595,101004060938,2020-05-30,6:12,2020-08-13,6:13
172594-101004060846,Tree Removal,Parks and Recreation,3011 BREWSTER ST&3200 JEWEL ST,7/20/2020 4:13,Service Completed,Resolved,2020-05-30 04:12:00,172594,101004060846,2020-05-30,4:12,2020-07-20,4:13
172593-101004060843,Tree Code Violation,Parks and Recreation,9800 BUFFALO SPWY&3000 S LOOP FWY W,7/21/2020 4:10,Service Completed,Resolved,2020-05-30 04:09:00,172593,101004060843,2020-05-30,4:09,2020-07-21,4:10
172592-101004060809,Tree Trim,Parks and Recreation,2622 FAIRBANKS ST,8/13/2020 3:26,Service Completed,Resolved,2020-05-30 03:25:00,172592,101004060809,2020-05-30,3:25,2020-08-13,3:26
172591-101004060746,Tree Trim,Parks and Recreation,2920 POLK ST,8/13/2020 0:12,Service Completed,Resolved,2020-05-30 00:11:00,172591,101004060746,2020-05-30,0:11,2020-08-13,0:12
172590-101004060729,Tree Removal,Parks and Recreation,1512 RIDGEWOOD ST,7/19/2020 22:28,Service Completed,Resolved,2020-05-29 22:27:00,172590,101004060729,2020-05-29,22:27,2020-07-19,22:28
172589-101004060719,Tree Trim,Parks and Recreation,4003 ANTOINE DR,8/12/2020 21:31,Service Completed,Resolved,2020-05-29 21:30:00,172589,101004060719,2020-05-29,21:30,2020-08-12,21:31
172588-101004060616,Tree Trim,Parks and Recreation,1800 W 14TH ST&1800 W 14TH 1/2 ST,8/12/2020 17:45,Service Completed,Resolved,2020-05-29 17:44:00,172588,101004060616,2020-05-29,17:44,2020-08-12,17:45
172587-101004060478,Tree Trim,Parks and Recreation,11115 SAGETRAIL DR,8/12/2020 13:33,Service Completed,Resolved,2020-05-29 13:32:00,172587,101004060478,2020-05-29,13:32,2020-08-12,13:33
172586-101004060347,Tree Trim,Parks and Recreation,5454 WASHINGTON AVE,8/12/2020 11:49,Service Completed,Resolved,2020-05-29 11:48:00,172586,101004060347,2020-05-29,11:48,2020-08-12,11:49
172585-101004060339,Tree Removal,Parks and Recreation,10819 RIDERWOOD DR,7/19/2020 11:44,Service Completed,Resolved,2020-05-29 11:43:00,172585,101004060339,2020-05-29,11:43,2020-07-19,11:44
172584-101004060322,Tree Removal,Parks and Recreation,2100 YUPON ST,7/19/2020 11:32,Service Completed,Resolved,2020-05-29 11:31:00,172584,101004060322,2020-05-29,11:31,2020-07-19,11:32
172583-101004060263,Tree Removal,Parks and Recreation,9843 N GREEN RIVER DR,7/19/2020 11:06,Service Completed,Resolved,2020-05-29 11:05:00,172583,101004060263,2020-05-29,11:05,2020-07-19,11:06
172582-101004060256,Tree Trim,Parks and Recreation,7215 BELLFORT ST,8/12/2020 11:02,Service Completed,Resolved,2020-05-29 11:01:00,172582,101004060256,2020-05-29,11:01,2020-08-12,11:02
172581-101004060243,Tree Trim,Parks and Recreation,1417 VASSAR ST,8/12/2020 10:52,Service Completed,Resolved,2020-05-29 10:51:00,172581,101004060243,2020-05-29,10:51,2020-08-12,10:52
172580-101004060178,Tree Trim,Parks and Recreation,1231 WELCH ST,8/12/2020 10:29,Service Completed,Resolved,2020-05-29 10:28:00,172580,101004060178,2020-05-29,10:28,2020-08-12,10:29
172579-101004060151,Tree Removal,Parks and Recreation,1105 BAYLAND AVE,7/19/2020 10:15,Service Completed,Resolved,2020-05-29 10:14:00,172579,101004060151,2020-05-29,10:14,2020-07-19,10:15
172575-101004060099,Tree Trim,Parks and Recreation,802 LUCKY ST,8/12/2020 9:53,Service Completed,Resolved,2020-05-29 09:52:00,172575,101004060099,2020-05-29,9:52,2020-08-12,9:53
172576-101004060097,Tree Removal,Parks and Recreation,5402 YORKWOOD ST,7/19/2020 9:53,Service Completed,Resolved,2020-05-29 09:52:00,172576,101004060097,2020-05-29,9:52,2020-07-19,9:53
101004060063,Tree Removal,Parks and Recreation,12300 ALDINE WESTFIELD RD,7/19/2020 9:40,Service Completed,Resolved,2020-05-29 09:39:00, ,101004060063,2020-05-29,9:39,2020-07-19,9:40
172573-101004060057,Tree Trim,Parks and Recreation,14106 BOULDER FALLS CT,8/12/2020 9:39,Service Completed,Resolved,2020-05-29 09:38:00,172573,101004060057,2020-05-29,9:38,2020-08-12,9:39
172572-101004059987,Tree Trim,Parks and Recreation,903 MULBERRY RIDGE WAY,8/12/2020 9:12,Service Completed,Resolved,2020-05-29 09:11:00,172572,101004059987,2020-05-29,9:11,2020-08-12,9:12
172571-101004059970,Tree Removal,Parks and Recreation,3424 CHAFFIN ST&7000 WINFREE DR,7/19/2020 9:05,Service Completed,Resolved,2020-05-29 09:04:00,172571,101004059970,2020-05-29,9:04,2020-07-19,9:05
172569-101004059946,Tree Removal,Parks and Recreation,11815 BANDLON DR,7/19/2020 8:54,Service Completed,Resolved,2020-05-29 08:53:00,172569,101004059946,2020-05-29,8:53,2020-07-19,8:54
172568-101004059919,Tree Removal,Parks and Recreation,1139 HEIGHTS BLVD,7/19/2020 8:45,Service Completed,Resolved,2020-05-29 08:44:00,172568,101004059919,2020-05-29,8:44,2020-07-19,8:45
172567-101004059856,Tree Trim,Parks and Recreation,1335 FOXWOOD RD,8/12/2020 8:10,Service Completed,Resolved,2020-05-29 08:09:00,172567,101004059856,2020-05-29,8:09,2020-08-12,8:10
172566-101004059851,Tree Trim,Parks and Recreation,8818 BELLE GLEN DR,8/12/2020 8:08,Service Completed,Resolved,2020-05-29 08:07:00,172566,101004059851,2020-05-29,8:07,2020-08-12,8:08
172565-101004059759,Tree Removal,Parks and Recreation,6644 LAWNDALE ST,7/19/2020 7:13,Service Completed,Resolved,2020-05-29 07:12:00,172565,101004059759,2020-05-29,7:12,2020-07-19,7:13
172563-101004059660,Tree Removal,Parks and Recreation,4206 HAIN ST,7/19/2020 6:22,Service Completed,Resolved,2020-05-29 06:21:00,172563,101004059660,2020-05-29,6:21,2020-07-19,6:22
172562-101004059659,Tree Removal,Parks and Recreation,8205 HAMLET ST,7/19/2020 6:22,Service Completed,Resolved,2020-05-29 06:21:00,172562,101004059659,2020-05-29,6:21,2020-07-19,6:22
172561-101004059655,Tree Removal,Parks and Recreation,5306 STILLBROOKE DR,7/19/2020 6:19,Service Completed,Resolved,2020-05-29 06:18:00,172561,101004059655,2020-05-29,6:18,2020-07-19,6:19
172560-101004059614,Tree Removal,Parks and Recreation,12722 VILLAWOOD LN,7/19/2020 6:02,Service Completed,Resolved,2020-05-29 06:01:00,172560,101004059614,2020-05-29,6:01,2020-07-19,6:02
172559-101004059554,Tree Removal,Parks and Recreation,3927 KNOTTYNOLD LN,7/19/2020 5:42,Service Completed,Resolved,2020-05-29 05:41:00,172559,101004059554,2020-05-29,5:41,2020-07-19,5:42
172557-101004059464,Tree Trim,Parks and Recreation,5807 W 43RD ST,8/12/2020 5:06,Service Completed,Resolved,2020-05-29 05:05:00,172557,101004059464,2020-05-29,5:05,2020-08-12,5:06
172558-101004059458,Tree Trim,Parks and Recreation,3026 HAZY PARK DR,8/12/2020 5:03,Service Completed,Resolved,2020-05-29 05:02:00,172558,101004059458,2020-05-29,5:02,2020-08-12,5:03
172556-101004059453,Tree Removal,Parks and Recreation,2606 BEATTY ST,7/19/2020 5:02,Service Completed,Resolved,2020-05-29 05:01:00,172556,101004059453,2020-05-29,5:01,2020-07-19,5:02
172555-101004059431,Tree Removal,Parks and Recreation,5444 DEL MONTE DR,7/19/2020 4:55,Service Completed,Resolved,2020-05-29 04:54:00,172555,101004059431,2020-05-29,4:54,2020-07-19,4:55
172554-101004059427,Tree Trim,Parks and Recreation,13209 CHISWICK RD,8/12/2020 4:53,Service Completed,Resolved,2020-05-29 04:52:00,172554,101004059427,2020-05-29,4:52,2020-08-12,4:53
172553-101004059420,Tree Trim,Parks and Recreation,220 E COWAN DR,8/12/2020 4:51,Service Completed,Resolved,2020-05-29 04:50:00,172553,101004059420,2020-05-29,4:50,2020-08-12,4:51
172552-101004059416,Tree Removal,Parks and Recreation,4700 REVEILLE ST&7600 VISTA VERDE ST,7/19/2020 4:50,Service Completed,Resolved,2020-05-29 04:49:00,172552,101004059416,2020-05-29,4:49,2020-07-19,4:50
172551-101004059401,Tree Removal,Parks and Recreation,7025 VILLA DR,7/19/2020 4:46,Service Completed,Resolved,2020-05-29 04:45:00,172551,101004059401,2020-05-29,4:45,2020-07-19,4:46
172550-101004059323,Tree Trim,Parks and Recreation,10407 SAGETREE DR,8/12/2020 4:23,Service Completed,Resolved,2020-05-29 04:22:00,172550,101004059323,2020-05-29,4:22,2020-08-12,4:23
172549-101004059276,Tree Removal,Parks and Recreation,10910 PLAINFIELD ST,7/19/2020 3:49,Service Completed,Resolved,2020-05-29 03:48:00,172549,101004059276,2020-05-29,3:48,2020-07-19,3:49
172548-101004059230,Tree Stump Grinding,Parks and Recreation,8723 VALLEY POND CT,9/22/2020 3:27,Service Completed,Resolved,2020-05-29 03:26:00,172548,101004059230,2020-05-29,3:26,2020-09-22,3:27
172547-101004059224,Tree Trim,Parks and Recreation,200 MALONE ST&5700 VENICE ST,8/12/2020 3:21,Service Completed,Resolved,2020-05-29 03:20:00,172547,101004059224,2020-05-29,3:20,2020-08-12,3:21
172545-101004059179,Tree Removal,Parks and Recreation,18203 GROSCHKE RD,7/19/2020 2:30,Service Completed,Resolved,2020-05-29 02:29:00,172545,101004059179,2020-05-29,2:29,2020-07-19,2:30
172541-101004059118,Tree Removal,Parks and Recreation,7703 OAK VISTA ST,7/18/2020 22:25,Service Completed,Resolved,2020-05-28 22:24:00,172541,101004059118,2020-05-28,22:24,2020-07-18,22:25
172540-101004059091,Tree Removal,Parks and Recreation,2200 CENTRAL PKWY,7/18/2020 20:08,Service Completed,Resolved,2020-05-28 20:07:00,172540,101004059091,2020-05-28,20:07,2020-07-18,20:08
172539-101004058670,Tree Removal,Parks and Recreation,7950 GLENBRAE ST,7/18/2020 12:19,Service Completed,Resolved,2020-05-28 12:18:00,172539,101004058670,2020-05-28,12:18,2020-07-18,12:19
172537-101004058642,Tree Trim,Parks and Recreation,266 HARDWICKE RD,8/11/2020 12:04,Service Completed,Resolved,2020-05-28 12:03:00,172537,101004058642,2020-05-28,12:03,2020-08-11,12:04
172536-101004058575,Tree Removal,Parks and Recreation,2618 ALBANY ST,7/18/2020 11:31,Service Completed,Resolved,2020-05-28 11:30:00,172536,101004058575,2020-05-28,11:30,2020-07-18,11:31
172535-101004058570,Tree Removal,Parks and Recreation,2206 LAUREL HILL DR,7/18/2020 11:29,Service Completed,Resolved,2020-05-28 11:28:00,172535,101004058570,2020-05-28,11:28,2020-07-18,11:29
172534-101004058559,Tree Removal,Parks and Recreation,7100 COLTON ST&10300 HOMESTEAD RD,7/18/2020 11:25,Service Completed,Resolved,2020-05-28 11:24:00,172534,101004058559,2020-05-28,11:24,2020-07-18,11:25
172533-101004058554,Tree Trim,Parks and Recreation,10602 KIRKGLEN DR,8/11/2020 11:23,Service Completed,Resolved,2020-05-28 11:22:00,172533,101004058554,2020-05-28,11:22,2020-08-11,11:23
172532-101004058403,Tree Removal,Parks and Recreation,13400 EMPORIA ST&13500 MOBILE ST,7/18/2020 10:20,Service Completed,Resolved,2020-05-28 10:19:00,172532,101004058403,2020-05-28,10:19,2020-07-18,10:20
172531-101004058339,Tree Removal,Parks and Recreation,5426 DENMARK ST&7100 SHOTWELL ST,7/18/2020 10:03,Service Completed,Resolved,2020-05-28 10:02:00,172531,101004058339,2020-05-28,10:02,2020-07-18,10:03
172530-101004058189,Tree Trim,Parks and Recreation,6704 FOSTER ST,8/11/2020 9:21,Service Completed,Resolved,2020-05-28 09:20:00,172530,101004058189,2020-05-28,9:20,2020-08-11,9:21
172529-101004058170,Tree Removal,Parks and Recreation,11710 WOOD SHADOWS DR,7/18/2020 9:16,Service Completed,Resolved,2020-05-28 09:15:00,172529,101004058170,2020-05-28,9:15,2020-07-18,9:16
172528-101004058157,Tree Trim,Parks and Recreation,6614 KASSARINE PASS,8/11/2020 9:12,Service Completed,Resolved,2020-05-28 09:11:00,172528,101004058157,2020-05-28,9:11,2020-08-11,9:12
172527-101004058150,Tree Trim,Parks and Recreation,118 GLENDORA ST,8/11/2020 9:09,Service Completed,Resolved,2020-05-28 09:08:00,172527,101004058150,2020-05-28,9:08,2020-08-11,9:09
172525-101004058116,Tree Removal,Parks and Recreation,5710 SOUTHSEAS ST,7/18/2020 8:56,Service Completed,Resolved,2020-05-28 08:55:00,172525,101004058116,2020-05-28,8:55,2020-07-18,8:56
172526-101004058115,Tree Trim,Parks and Recreation,24500 KINGWOOD PLACE DR&22050 NORTHPARK DR,8/11/2020 8:56,Service Completed,Resolved,2020-05-28 08:55:00,172526,101004058115,2020-05-28,8:55,2020-08-11,8:56
172524-101004058108,Tree Trim,Parks and Recreation,12202 PALMBEACH ST,8/11/2020 8:54,Service Completed,Resolved,2020-05-28 08:53:00,172524,101004058108,2020-05-28,8:53,2020-08-11,8:54
172523-101004058079,Tree Trim,Parks and Recreation,12522 BEAR VALLEY DR,8/11/2020 8:44,Service Completed,Resolved,2020-05-28 08:43:00,172523,101004058079,2020-05-28,8:43,2020-08-11,8:44
172521-101004057986,Tree Removal,Parks and Recreation,2999 S WAYSIDE DR,7/18/2020 8:02,Service Completed,Resolved,2020-05-28 08:01:00,172521,101004057986,2020-05-28,8:01,2020-07-18,8:02
172522-101004057971,Tree Removal,Parks and Recreation,9300 GLENCROFT ST&8900 PARKETTE DR,7/18/2020 7:55,Service Completed,Resolved,2020-05-28 07:54:00,172522,101004057971,2020-05-28,7:54,2020-07-18,7:55
172520-101004057940,Tree Trim,Parks and Recreation,1319 SHEARN ST,8/11/2020 7:40,Service Completed,Resolved,2020-05-28 07:39:00,172520,101004057940,2020-05-28,7:39,2020-08-11,7:40
172519-101004057937,Tree Trim,Parks and Recreation,6415 MINOLA ST,8/11/2020 7:38,Service Completed,Resolved,2020-05-28 07:37:00,172519,101004057937,2020-05-28,7:37,2020-08-11,7:38
172517-101004057930,Tree Removal,Parks and Recreation,1113 THERESA ST,7/18/2020 7:34,Service Completed,Resolved,2020-05-28 07:33:00,172517,101004057930,2020-05-28,7:33,2020-07-18,7:34
172518-101004057928,Tree Trim,Parks and Recreation,9014 PEACHTREE ST,8/11/2020 7:34,Service Completed,Resolved,2020-05-28 07:33:00,172518,101004057928,2020-05-28,7:33,2020-08-11,7:34
172516-101004057908,Tree Trim,Parks and Recreation,3318 PECAN ST,8/11/2020 7:26,Service Completed,Resolved,2020-05-28 07:25:00,172516,101004057908,2020-05-28,7:25,2020-08-11,7:26
172515-101004057899,Tree Trim,Parks and Recreation,8222 COUNT ST,8/11/2020 7:22,Service Completed,Resolved,2020-05-28 07:21:00,172515,101004057899,2020-05-28,7:21,2020-08-11,7:22
172514-101004057897,Tree Trim,Parks and Recreation,1000 S BRAESWOOD BLVD&1740 CAMBRIDGE ST&1750 N CAMBRIDGE ST&1200 N MACGREGOR DR ,8/11/2020 7:22,Service Completed,Resolved,2020-05-28 07:21:00,172514,101004057897,2020-05-28,7:21,2020-08-11,7:22
172513-101004057894,Tree Removal,Parks and Recreation,12421 ALMEDA GENOA RD,7/18/2020 7:22,Service Completed,Resolved,2020-05-28 07:21:00,172513,101004057894,2020-05-28,7:21,2020-07-18,7:22
172512-101004057885,Tree Removal,Parks and Recreation,8717 WILEYVALE RD,7/18/2020 7:18,Service Completed,Resolved,2020-05-28 07:17:00,172512,101004057885,2020-05-28,7:17,2020-07-18,7:18
172511-101004057863,Tree Removal,Parks and Recreation,2217 HARVARD ST,7/18/2020 7:10,Service Completed,Resolved,2020-05-28 07:09:00,172511,101004057863,2020-05-28,7:09,2020-07-18,7:10
172510-101004057828,Tree Removal,Parks and Recreation,3915 FAULKNER ST,7/18/2020 6:58,Service Completed,Resolved,2020-05-28 06:57:00,172510,101004057828,2020-05-28,6:57,2020-07-18,6:58
172509-101004057825,Tree Trim,Parks and Recreation,3138 KAY ST,8/11/2020 6:58,Service Completed,Resolved,2020-05-28 06:57:00,172509,101004057825,2020-05-28,6:57,2020-08-11,6:58
172508-101004057808,Tree Trim,Parks and Recreation,9006 BROOKWULF DR,8/11/2020 6:51,Service Completed,Resolved,2020-05-28 06:50:00,172508,101004057808,2020-05-28,6:50,2020-08-11,6:51
172507-101004057786,Tree Removal,Parks and Recreation,322 KRESS ST,7/18/2020 6:43,Service Completed,Resolved,2020-05-28 06:42:00,172507,101004057786,2020-05-28,6:42,2020-07-18,6:43
172506-101004057784,Tree Removal,Parks and Recreation,402 W 22ND ST,7/18/2020 6:42,Service Completed,Resolved,2020-05-28 06:41:00,172506,101004057784,2020-05-28,6:41,2020-07-18,6:42
172505-101004057766,Tree Removal,Parks and Recreation,536 BERESFORD DR&600 BERESFORD ST&13100 HALIFAX ST,7/18/2020 6:36,Service Completed,Resolved,2020-05-28 06:35:00,172505,101004057766,2020-05-28,6:35,2020-07-18,6:36
172504-101004057733,Tree Trim,Parks and Recreation,1100 BURNETT ST&1500 FULTON ST ,8/11/2020 6:24,Service Completed,Resolved,2020-05-28 06:23:00,172504,101004057733,2020-05-28,6:23,2020-08-11,6:24
172503-101004057727,Tree Trim,Parks and Recreation,1906 ELMVIEW DR,8/11/2020 6:20,Service Completed,Resolved,2020-05-28 06:19:00,172503,101004057727,2020-05-28,6:19,2020-08-11,6:20
172502-101004057708,Tree Trim,Parks and Recreation,7515 OAK VISTA ST,8/11/2020 6:15,Service Completed,Resolved,2020-05-28 06:14:00,172502,101004057708,2020-05-28,6:14,2020-08-11,6:15
172501-101004057686,Tree Removal,Parks and Recreation,5802 ELBERTA ST,7/18/2020 6:08,Service Completed,Resolved,2020-05-28 06:07:00,172501,101004057686,2020-05-28,6:07,2020-07-18,6:08
172500-101004057664,Tree Trim,Parks and Recreation,2258 WOODLAND SPRINGS ST,8/11/2020 6:00,Service Completed,Resolved,2020-05-28 05:59:00,172500,101004057664,2020-05-28,5:59,2020-08-11,6:00
172498-101004057639,Tree Trim,Parks and Recreation,2811 FERNDALE ST,8/11/2020 5:52,Service Completed,Resolved,2020-05-28 05:51:00,172498,101004057639,2020-05-28,5:51,2020-08-11,5:52
172497-101004057597,Tree Removal,Parks and Recreation,2202 NAOMI ST,7/18/2020 5:35,Service Completed,Resolved,2020-05-28 05:34:00,172497,101004057597,2020-05-28,5:34,2020-07-18,5:35
172496-101004057507,Tree Trim,Parks and Recreation,4115 LINN ST,8/11/2020 5:04,Service Completed,Resolved,2020-05-28 05:03:00,172496,101004057507,2020-05-28,5:03,2020-08-11,5:04
172495-101004057504,Tree Removal,Parks and Recreation,3818 FLORINDA ST,7/18/2020 5:02,Service Completed,Resolved,2020-05-28 05:01:00,172495,101004057504,2020-05-28,5:01,2020-07-18,5:02
172494-101004057494,Tree Removal,Parks and Recreation,5818 BELMARK ST,7/18/2020 4:58,Service Completed,Resolved,2020-05-28 04:57:00,172494,101004057494,2020-05-28,4:57,2020-07-18,4:58
172492-101004057474,Tree Trim,Parks and Recreation,1600 EVERGREEN DR&7200 HEMLOCK ST,8/11/2020 4:53,Service Completed,Resolved,2020-05-28 04:52:00,172492,101004057474,2020-05-28,4:52,2020-08-11,4:53
172491-101004057446,Tree Removal,Parks and Recreation,6218 ROCKY NOOK DR,7/18/2020 4:44,Service Completed,Resolved,2020-05-28 04:43:00,172491,101004057446,2020-05-28,4:43,2020-07-18,4:44
172490-101004057445,Tree Removal,Parks and Recreation,7500 FAWNRIDGE DR&8800 WOODWICK ST,7/18/2020 4:43,Service Completed,Resolved,2020-05-28 04:42:00,172490,101004057445,2020-05-28,4:42,2020-07-18,4:43
172489-101004057402,Tree Trim,Parks and Recreation,800 LAMONTE LN&1108 SUE BARNETT DR,8/11/2020 4:27,Service Completed,Resolved,2020-05-28 04:26:00,172489,101004057402,2020-05-28,4:26,2020-08-11,4:27
101004057389,Tree Removal,Parks and Recreation,3700 BISSONNET ST&5100 EDLOE ST,7/18/2020 4:25,Service Completed,Resolved,2020-05-28 04:24:00, ,101004057389,2020-05-28,4:24,2020-07-18,4:25
172488-101004057386,Tree Removal,Parks and Recreation,2003 ELMVIEW DR,7/18/2020 4:24,Service Completed,Resolved,2020-05-28 04:23:00,172488,101004057386,2020-05-28,4:23,2020-07-18,4:24
172487-101004057378,Tree Removal,Parks and Recreation,3700 W ALABAMA ST&3000 TIMMONS LN,7/18/2020 4:21,Service Completed,Resolved,2020-05-28 04:20:00,172487,101004057378,2020-05-28,4:20,2020-07-18,4:21
172486-101004057334,Tree Trim,Parks and Recreation,6610 CHERRYDALE DR,8/11/2020 4:07,Service Completed,Resolved,2020-05-28 04:06:00,172486,101004057334,2020-05-28,4:06,2020-08-11,4:07
172485-101004057227,Tree Trim,Parks and Recreation,1475 W GRAY ST,8/11/2020 3:29,Service Completed,Resolved,2020-05-28 03:28:00,172485,101004057227,2020-05-28,3:28,2020-08-11,3:29
172484-101004057218,Tree Removal,Parks and Recreation,3811 DAPHNE ST,7/18/2020 3:24,Service Completed,Resolved,2020-05-28 03:23:00,172484,101004057218,2020-05-28,3:23,2020-07-18,3:24
172483-101004057203,Tree Removal,Parks and Recreation,13125 HALIFAX ST,7/18/2020 3:18,Service Completed,Resolved,2020-05-28 03:17:00,172483,101004057203,2020-05-28,3:17,2020-07-18,3:18
172481-101004057189,Tree Removal,Parks and Recreation,4600 LINN ST&3300 MEMEL ST,7/18/2020 3:11,Service Completed,Resolved,2020-05-28 03:10:00,172481,101004057189,2020-05-28,3:10,2020-07-18,3:11
101004057183,Tree Removal,Parks and Recreation,2202 NAOMI ST,7/18/2020 3:07,Service Completed,Resolved,2020-05-28 03:06:00, ,101004057183,2020-05-28,3:06,2020-07-18,3:07
172480-101004057182,Tree Removal,Parks and Recreation,2333 HOLLIS ST,7/18/2020 3:07,Service Completed,Resolved,2020-05-28 03:06:00,172480,101004057182,2020-05-28,3:06,2020-07-18,3:07
172475-101004057141,Tree Removal,Parks and Recreation,7362 BRACE ST,7/18/2020 2:29,Service Completed,Resolved,2020-05-28 02:28:00,172475,101004057141,2020-05-28,2:28,2020-07-18,2:29
172473-101004057093,Tree Removal,Parks and Recreation,818 SUL ROSS ST,7/18/2020 0:30,Service Completed,Resolved,2020-05-28 00:29:00,172473,101004057093,2020-05-28,0:29,2020-07-18,0:30
172472-101004056889,Tree Removal,Parks and Recreation,7431 MOLINE ST,7/17/2020 17:13,Service Completed,Resolved,2020-05-27 17:12:00,172472,101004056889,2020-05-27,17:12,2020-07-17,17:13
172471-101004056808,Tree Removal,Parks and Recreation,5305 AIRPORT BLVD,7/17/2020 15:50,Service Completed,Resolved,2020-05-27 15:49:00,172471,101004056808,2020-05-27,15:49,2020-07-17,15:50
172470-101004056760,Tree Removal,Parks and Recreation,10514 MEMBERS DR,7/17/2020 15:15,Service Completed,Resolved,2020-05-27 15:14:00,172470,101004056760,2020-05-27,15:14,2020-07-17,15:15
172469-101004056740,Tree Removal,Parks and Recreation,3602 WESLOW ST,7/17/2020 15:02,Service Completed,Resolved,2020-05-27 15:01:00,172469,101004056740,2020-05-27,15:01,2020-07-17,15:02
172468-101004056728,Tree Removal,Parks and Recreation,8506 WYNMEADOW DR,7/17/2020 14:54,Service Completed,Resolved,2020-05-27 14:53:00,172468,101004056728,2020-05-27,14:53,2020-07-17,14:54
172467-101004056697,Tree Removal,Parks and Recreation,13125 HALIFAX ST,7/17/2020 14:31,Service Completed,Resolved,2020-05-27 14:30:00,172467,101004056697,2020-05-27,14:30,2020-07-17,14:31
172466-101004056679,Tree Removal,Parks and Recreation,12106 PALMDATE ST,7/17/2020 14:14,Service Completed,Resolved,2020-05-27 14:13:00,172466,101004056679,2020-05-27,14:13,2020-07-17,14:14
172465-101004056651,Tree Removal,Parks and Recreation,5934 PERSHING ST,7/17/2020 13:54,Service Completed,Resolved,2020-05-27 13:53:00,172465,101004056651,2020-05-27,13:53,2020-07-17,13:54
172463-101004056628,Tree Trim,Parks and Recreation,7213 OAK HILL DR,8/10/2020 13:30,Service Completed,Resolved,2020-05-27 13:29:00,172463,101004056628,2020-05-27,13:29,2020-08-10,13:30
172464-101004056627,Tree Removal,Parks and Recreation,1630 ALTHEA DR,7/17/2020 13:30,Service Completed,Resolved,2020-05-27 13:29:00,172464,101004056627,2020-05-27,13:29,2020-07-17,13:30
172462-101004056618,Tree Removal,Parks and Recreation,5118 PLUM DR,7/17/2020 13:25,Service Completed,Resolved,2020-05-27 13:24:00,172462,101004056618,2020-05-27,13:24,2020-07-17,13:25
172461-101004056611,Tree Trim,Parks and Recreation,7215 DROWSY PINE DR,8/10/2020 13:17,Service Completed,Resolved,2020-05-27 13:16:00,172461,101004056611,2020-05-27,13:16,2020-08-10,13:17
172460-101004056542,Tree Removal,Parks and Recreation,4300 APOLLO ST&1500 SUE BARNETT DR,7/17/2020 12:44,Service Completed,Resolved,2020-05-27 12:43:00,172460,101004056542,2020-05-27,12:43,2020-07-17,12:44
172459-101004056453,Tree Trim,Parks and Recreation,1423 COLORADO ST,8/10/2020 12:12,Service Completed,Resolved,2020-05-27 12:11:00,172459,101004056453,2020-05-27,12:11,2020-08-10,12:12
172458-101004056447,Tree Removal,Parks and Recreation,5900 BISSONNET ST&7400 RENWICK DR,7/17/2020 12:11,Service Completed,Resolved,2020-05-27 12:10:00,172458,101004056447,2020-05-27,12:10,2020-07-17,12:11
172457-101004056436,Tree Trim,Parks and Recreation,7234 ENGLAND ST,8/10/2020 12:08,Service Completed,Resolved,2020-05-27 12:07:00,172457,101004056436,2020-05-27,12:07,2020-08-10,12:08
172456-101004056431,Tree Removal,Parks and Recreation,902 KRESS ST,7/17/2020 12:06,Service Completed,Resolved,2020-05-27 12:05:00,172456,101004056431,2020-05-27,12:05,2020-07-17,12:06
172455-101004056418,Tree Trim,Parks and Recreation,506 CAVALCADE ST,8/10/2020 12:03,Service Completed,Resolved,2020-05-27 12:02:00,172455,101004056418,2020-05-27,12:02,2020-08-10,12:03
172454-101004056410,Tree Trim,Parks and Recreation,3618 VALLEY HAVEN DR,8/10/2020 12:01,Service Completed,Resolved,2020-05-27 12:00:00,172454,101004056410,2020-05-27,12:00,2020-08-10,12:01
172453-101004056408,Tree Removal,Parks and Recreation,539 KING ST,7/17/2020 12:00,Service Completed,Resolved,2020-05-27 11:59:00,172453,101004056408,2020-05-27,11:59,2020-07-17,12:00
172452-101004056402,Tree Removal,Parks and Recreation,2921 WIMBERLY ST,7/17/2020 11:58,Service Completed,Resolved,2020-05-27 11:57:00,172452,101004056402,2020-05-27,11:57,2020-07-17,11:58
172451-101004056391,Tree Removal,Parks and Recreation,3215 DES CHAUMES ST,7/17/2020 11:54,Service Completed,Resolved,2020-05-27 11:53:00,172451,101004056391,2020-05-27,11:53,2020-07-17,11:54
172450-101004056374,Tree Removal,Parks and Recreation,5025 NINA LEE LN,7/17/2020 11:50,Service Completed,Resolved,2020-05-27 11:49:00,172450,101004056374,2020-05-27,11:49,2020-07-17,11:50
172449-101004056333,Tree Removal,Parks and Recreation,5400 FATIMA LN&430 MARCELLA ST,7/17/2020 11:39,Service Completed,Resolved,2020-05-27 11:38:00,172449,101004056333,2020-05-27,11:38,2020-07-17,11:39
172448-101004056313,Tree Removal,Parks and Recreation,8841 LARSTON ST,7/17/2020 11:28,Service Completed,Resolved,2020-05-27 11:27:00,172448,101004056313,2020-05-27,11:27,2020-07-17,11:28
172447-101004056299,Tree Removal,Parks and Recreation,5500 AUDEN ST&3800 BISSONNET ST,7/17/2020 11:20,Service Completed,Resolved,2020-05-27 11:19:00,172447,101004056299,2020-05-27,11:19,2020-07-17,11:20
172446-101004056267,Tree Removal,Parks and Recreation,10631 CHAPEL HILL DR,7/17/2020 11:05,Service Completed,Resolved,2020-05-27 11:04:00,172446,101004056267,2020-05-27,11:04,2020-07-17,11:05
172445-101004056239,Tree Trim,Parks and Recreation,6400 W BELLFORT AVE,8/10/2020 10:56,Service Completed,Resolved,2020-05-27 10:55:00,172445,101004056239,2020-05-27,10:55,2020-08-10,10:56
172444-101004056185,Tree Trim,Parks and Recreation,6551 HEFFERNAN ST,8/10/2020 10:35,Service Completed,Resolved,2020-05-27 10:34:00,172444,101004056185,2020-05-27,10:34,2020-08-10,10:35
172443-101004056139,Tree Removal,Parks and Recreation,20420 MIRABEAU DR&3600 SOUTHSHORE DR,7/17/2020 10:17,Service Completed,Resolved,2020-05-27 10:16:00,172443,101004056139,2020-05-27,10:16,2020-07-17,10:17
172442-101004056111,Tree Removal,Parks and Recreation,3609 KASHMERE ST,7/17/2020 10:08,Service Completed,Resolved,2020-05-27 10:07:00,172442,101004056111,2020-05-27,10:07,2020-07-17,10:08
172441-101004056027,Tree Trim,Parks and Recreation,0 MAIN ST&12200 SETTEMONT RD,8/10/2020 9:29,Service Completed,Resolved,2020-05-27 09:28:00,172441,101004056027,2020-05-27,9:28,2020-08-10,9:29
172440-101004056002,Tree Trim,Parks and Recreation,1501 TULANE ST,8/10/2020 9:18,Service Completed,Resolved,2020-05-27 09:17:00,172440,101004056002,2020-05-27,9:17,2020-08-10,9:18
101004055899,Tree Trim,Parks and Recreation,16131 BANTAM RIDGE CT,8/10/2020 8:47,Service Completed,Resolved,2020-05-27 08:46:00, ,101004055899,2020-05-27,8:46,2020-08-10,8:47
172439-101004055870,Tree Removal,Parks and Recreation,4220 ENGELKE ST,7/17/2020 8:29,Service Completed,Resolved,2020-05-27 08:28:00,172439,101004055870,2020-05-27,8:28,2020-07-17,8:29
172438-101004055841,Tree Removal,Parks and Recreation,5522 JUMADA CIR,7/17/2020 8:04,Service Completed,Resolved,2020-05-27 08:03:00,172438,101004055841,2020-05-27,8:03,2020-07-17,8:04
172437-101004055783,Tree Removal,Parks and Recreation,1113 E 6TH 1/2 ST,7/17/2020 7:42,Service Completed,Resolved,2020-05-27 07:41:00,172437,101004055783,2020-05-27,7:41,2020-07-17,7:42
172435-101004055693,Tree Trim,Parks and Recreation,4500 CLAY ST&1400 ERNESTINE ST&420 TELEPHONE RD,8/10/2020 7:02,Service Completed,Resolved,2020-05-27 07:01:00,172435,101004055693,2020-05-27,7:01,2020-08-10,7:02
172433-101004055643,Tree Trim,Parks and Recreation,1867 S MACGREGOR WAY,8/10/2020 6:37,Service Completed,Resolved,2020-05-27 06:36:00,172433,101004055643,2020-05-27,6:36,2020-08-10,6:37
172432-101004055632,Tree Trim,Parks and Recreation,1562 SCHARPE ST,8/10/2020 6:31,Service Completed,Resolved,2020-05-27 06:30:00,172432,101004055632,2020-05-27,6:30,2020-08-10,6:31
172431-101004055627,Tree Trim,Parks and Recreation,1730 CAMBRIDGE ST,8/10/2020 6:29,Service Completed,Resolved,2020-05-27 06:28:00,172431,101004055627,2020-05-27,6:28,2020-08-10,6:29
172430-101004055594,Tree Removal,Parks and Recreation,12300 ALDINE WESTFIELD RD,7/17/2020 6:11,Service Completed,Resolved,2020-05-27 06:10:00,172430,101004055594,2020-05-27,6:10,2020-07-17,6:11
172429-101004055570,Tree Removal,Parks and Recreation,2028 BISSONNET ST,7/17/2020 6:06,Service Completed,Resolved,2020-05-27 06:05:00,172429,101004055570,2020-05-27,6:05,2020-07-17,6:06
172428-101004055563,Tree Trim,Parks and Recreation,2000 N MACGREGOR WAY,8/10/2020 6:04,Service Completed,Resolved,2020-05-27 06:03:00,172428,101004055563,2020-05-27,6:03,2020-08-10,6:04
172427-101004055485,Tree Trim,Parks and Recreation,1402 A DENNIS ST,8/10/2020 5:30,Service Completed,Resolved,2020-05-27 05:29:00,172427,101004055485,2020-05-27,5:29,2020-08-10,5:30
172426-101004055375,Tree Removal,Parks and Recreation,6226 FOXHUNTER RD,7/17/2020 4:56,Service Completed,Resolved,2020-05-27 04:55:00,172426,101004055375,2020-05-27,4:55,2020-07-17,4:56
172425-101004055353,Tree Removal,Parks and Recreation,19524 CARVER AVE,7/17/2020 4:47,Service Completed,Resolved,2020-05-27 04:46:00,172425,101004055353,2020-05-27,4:46,2020-07-17,4:47
172424-101004055350,Tree Trim,Parks and Recreation,5920 BROCK ST&2922 INEZ ST,8/10/2020 4:47,Service Completed,Resolved,2020-05-27 04:46:00,172424,101004055350,2020-05-27,4:46,2020-08-10,4:47
172423-101004055301,Tree Trim,Parks and Recreation,1741 ALBANS RD,8/10/2020 4:28,Service Completed,Resolved,2020-05-27 04:27:00,172423,101004055301,2020-05-27,4:27,2020-08-10,4:28
356009-101004055015,Tree Removal,Parks and Recreation,6401 SKYLINE DR,7/16/2020 23:40,Service Completed,Resolved,2020-05-26 23:39:00,356009,101004055015,2020-05-26,23:39,2020-07-16,23:40
172412-101004054996,Tree Trim,Parks and Recreation,2930 ELLA LEE LN,8/9/2020 22:43,Service Completed,Resolved,2020-05-26 22:42:00,172412,101004054996,2020-05-26,22:42,2020-08-09,22:43
172411-101004054748,Tree Trim,Parks and Recreation,6638 N MAIN ST,8/9/2020 13:43,Service Completed,Resolved,2020-05-26 13:42:00,172411,101004054748,2020-05-26,13:42,2020-08-09,13:43
172410-101004054723,Tree Trim,Parks and Recreation,4815 PAULA ST,8/9/2020 13:11,Service Completed,Resolved,2020-05-26 13:10:00,172410,101004054723,2020-05-26,13:10,2020-08-09,13:11
172409-101004054454,Tree Removal,Parks and Recreation,5751 YARWELL DR,7/16/2020 10:34,Service Completed,Resolved,2020-05-26 10:33:00,172409,101004054454,2020-05-26,10:33,2020-07-16,10:34
172408-101004054427,Tree Trim,Parks and Recreation,4826 VAN FLEET ST,8/9/2020 10:23,Service Completed,Resolved,2020-05-26 10:22:00,172408,101004054427,2020-05-26,10:22,2020-08-09,10:23
172407-101004054336,Tree Trim,Parks and Recreation,3402 CENTER ST,8/9/2020 9:53,Service Completed,Resolved,2020-05-26 09:52:00,172407,101004054336,2020-05-26,9:52,2020-08-09,9:53
172406-101004054299,Tree Trim,Parks and Recreation,1800 DEVONSHIRE CRES,8/9/2020 9:44,Service Completed,Resolved,2020-05-26 09:43:00,172406,101004054299,2020-05-26,9:43,2020-08-09,9:44
172405-101004054211,Tree Trim,Parks and Recreation,5201 MEMORIAL DR,8/9/2020 9:12,Service Completed,Resolved,2020-05-26 09:11:00,172405,101004054211,2020-05-26,9:11,2020-08-09,9:12
172404-101004054203,Tree Trim,Parks and Recreation,2615 TIDEWATER DR,8/9/2020 9:09,Service Completed,Resolved,2020-05-26 09:08:00,172404,101004054203,2020-05-26,9:08,2020-08-09,9:09
172403-101004054175,Tree Removal,Parks and Recreation,9306 WILLOWVIEW LN,7/16/2020 9:01,Service Completed,Resolved,2020-05-26 09:00:00,172403,101004054175,2020-05-26,9:00,2020-07-16,9:01
172402-101004054135,Tree Removal,Parks and Recreation,10107 AVES ST,7/16/2020 8:36,Service Completed,Resolved,2020-05-26 08:35:00,172402,101004054135,2020-05-26,8:35,2020-07-16,8:36
172401-101004054128,Tree Trim,Parks and Recreation,5246 WIGTON DR,8/9/2020 8:31,Service Completed,Resolved,2020-05-26 08:30:00,172401,101004054128,2020-05-26,8:30,2020-08-09,8:31
172398-101004054022,Tree Stump Grinding,Parks and Recreation,7330 EVANS ST,9/19/2020 7:34,Service Completed,Resolved,2020-05-26 07:33:00,172398,101004054022,2020-05-26,7:33,2020-09-19,7:34
172397-101004053988,Tree Trim,Parks and Recreation,8534 SCENIC GREEN DR,8/9/2020 7:23,Service Completed,Resolved,2020-05-26 07:22:00,172397,101004053988,2020-05-26,7:22,2020-08-09,7:23
172396-101004053986,Tree Trim,Parks and Recreation,14300 BRIAR FOREST DR,8/9/2020 7:23,Service Completed,Resolved,2020-05-26 07:22:00,172396,101004053986,2020-05-26,7:22,2020-08-09,7:23
172395-101004053862,Tree Trim,Parks and Recreation,2242 HICKORY LAWN DR,8/9/2020 6:37,Service Completed,Resolved,2020-05-26 06:36:00,172395,101004053862,2020-05-26,6:36,2020-08-09,6:37
172394-101004053841,Tree Trim,Parks and Recreation,2258 WOODLAND SPRINGS ST,8/9/2020 6:32,Service Completed,Resolved,2020-05-26 06:31:00,172394,101004053841,2020-05-26,6:31,2020-08-09,6:32
172393-101004053767,Tree Trim,Parks and Recreation,19008 SAUMS RD,8/9/2020 6:00,Service Completed,Resolved,2020-05-26 05:59:00,172393,101004053767,2020-05-26,5:59,2020-08-09,6:00
172391-101004053566,Tree Trim,Parks and Recreation,2300 BISSONNET ST&4500 GREENBRIAR DR,8/9/2020 4:50,Service Completed,Resolved,2020-05-26 04:49:00,172391,101004053566,2020-05-26,4:49,2020-08-09,4:50
172390-101004053564,Tree Removal,Parks and Recreation,4902 PERRY ST,7/16/2020 4:49,Service Completed,Resolved,2020-05-26 04:48:00,172390,101004053564,2020-05-26,4:48,2020-07-16,4:49
172389-101004053562,Tree Trim,Parks and Recreation,2605 GREENBRIAR DR,8/9/2020 4:48,Service Completed,Resolved,2020-05-26 04:47:00,172389,101004053562,2020-05-26,4:47,2020-08-09,4:48
172388-101004053552,Tree Trim,Parks and Recreation,928 YALE ST,8/9/2020 4:44,Service Completed,Resolved,2020-05-26 04:43:00,172388,101004053552,2020-05-26,4:43,2020-08-09,4:44
172387-101004053308,Tree Trim,Parks and Recreation,5030 PERRY ST,8/9/2020 2:32,Service Completed,Resolved,2020-05-26 02:31:00,172387,101004053308,2020-05-26,2:31,2020-08-09,2:32
172386-101004053293,Tree Trim,Parks and Recreation,2615 FANNIN ST,8/9/2020 2:08,Service Completed,Resolved,2020-05-26 02:07:00,172386,101004053293,2020-05-26,2:07,2020-08-09,2:08
172385-101004053041,Tree Planting,Parks and Recreation,4443 GRAPEVINE ST,6/19/2020 11:42,Service Completed,Resolved,2020-05-25 11:41:00,172385,101004053041,2020-05-25,11:41,2020-06-19,11:42
172384-101004052978,Tree Trim,Parks and Recreation,16818 HIGHMORE DR,8/8/2020 10:48,Service Completed,Resolved,2020-05-25 10:47:00,172384,101004052978,2020-05-25,10:47,2020-08-08,10:48
101004052975,Tree Trim,Parks and Recreation,5706 FIRENZA DR,8/8/2020 10:46,Service Completed,Resolved,2020-05-25 10:45:00, ,101004052975,2020-05-25,10:45,2020-08-08,10:46
172382-101004052913,Tree Stump Grinding,Parks and Recreation,12102 PLUMBROOK DR,9/18/2020 8:58,Service Completed,Resolved,2020-05-25 08:57:00,172382,101004052913,2020-05-25,8:57,2020-09-18,8:58
172381-101004052848,Tree Removal,Parks and Recreation,12722 VILLAWOOD LN,7/15/2020 7:26,Service Completed,Resolved,2020-05-25 07:25:00,172381,101004052848,2020-05-25,7:25,2020-07-15,7:26
101004052798,Tree Trim,Parks and Recreation,3119 GANNETT ST,8/8/2020 6:29,Service Completed,Resolved,2020-05-25 06:28:00, ,101004052798,2020-05-25,6:28,2020-08-08,6:29
172379-101004052758,Tree Trim,Parks and Recreation,1409 SAINT EMANUEL ST,8/8/2020 5:22,Service Completed,Resolved,2020-05-25 05:21:00,172379,101004052758,2020-05-25,5:21,2020-08-08,5:22
172378-101004052736,Tree Removal,Parks and Recreation,263 GOODSON DR,7/15/2020 4:45,Service Completed,Resolved,2020-05-25 04:44:00,172378,101004052736,2020-05-25,4:44,2020-07-15,4:45
172377-101004052722,Tree Removal,Parks and Recreation,8037 LENORE ST,7/15/2020 4:28,Service Completed,Resolved,2020-05-25 04:27:00,172377,101004052722,2020-05-25,4:27,2020-07-15,4:28
172376-101004052706,Tree Trim,Parks and Recreation,7747 CAYTON ST,8/8/2020 4:15,Service Completed,Resolved,2020-05-25 04:14:00,172376,101004052706,2020-05-25,4:14,2020-08-08,4:15
172375-101004052645,Tree Trim,Parks and Recreation,3831 DRAKE ST,8/8/2020 0:45,Service Completed,Resolved,2020-05-25 00:44:00,172375,101004052645,2020-05-25,0:44,2020-08-08,0:45
101004052642,Tree Trim,Parks and Recreation,12726 BARRYKNOLL LN,8/8/2020 0:29,Service Completed,Resolved,2020-05-25 00:28:00, ,101004052642,2020-05-25,0:28,2020-08-08,0:29
172373-101004052438,Tree Trim,Parks and Recreation,4330 BELLFORT ST,8/7/2020 11:15,Service Completed,Resolved,2020-05-24 11:14:00,172373,101004052438,2020-05-24,11:14,2020-08-07,11:15
172372-101004052106,Tree Removal,Parks and Recreation,13054 MEMORIAL DR,7/13/2020 23:47,Service Completed,Resolved,2020-05-23 23:46:00,172372,101004052106,2020-05-23,23:46,2020-07-13,23:47
172371-101004052094,Tree Trim,Parks and Recreation,2210 DEWALT ST,8/6/2020 22:09,Service Completed,Resolved,2020-05-23 22:08:00,172371,101004052094,2020-05-23,22:08,2020-08-06,22:09
172370-101004051884,Tree Trim,Parks and Recreation,4300 W LAKE HOUSTON PKWY&3400 NORTHPARK DR,8/6/2020 10:00,Service Completed,Resolved,2020-05-23 09:59:00,172370,101004051884,2020-05-23,9:59,2020-08-06,10:00
172369-101004051761,Tree Removal,Parks and Recreation,1305 ASHLAND ST,7/13/2020 6:58,Service Completed,Resolved,2020-05-23 06:57:00,172369,101004051761,2020-05-23,6:57,2020-07-13,6:58
172368-101004051657,Tree Removal,Parks and Recreation,9614 ASHVILLE DR,7/13/2020 5:07,Service Completed,Resolved,2020-05-23 05:06:00,172368,101004051657,2020-05-23,5:06,2020-07-13,5:07
172367-101004051547,Tree Trim,Parks and Recreation,5802 W RIDGECREEK DR,8/6/2020 2:50,Service Completed,Resolved,2020-05-23 02:49:00,172367,101004051547,2020-05-23,2:49,2020-08-06,2:50
172366-101004051516,Tree Removal,Parks and Recreation,341 DORCHESTER ST,7/12/2020 23:54,Service Completed,Resolved,2020-05-22 23:53:00,172366,101004051516,2020-05-22,23:53,2020-07-12,23:54
172365-101004051068,Tree Trim,Parks and Recreation,503 EL DORADO BLVD,8/5/2020 10:56,Service Completed,Resolved,2020-05-22 10:55:00,172365,101004051068,2020-05-22,10:55,2020-08-05,10:56
172364-101004051022,Tree Trim,Parks and Recreation,3346 DULCREST ST,8/5/2020 10:24,Service Completed,Resolved,2020-05-22 10:23:00,172364,101004051022,2020-05-22,10:23,2020-08-05,10:24
172363-101004051000,Tree Trim,Parks and Recreation,4626 SMOOTH OAK LN,8/5/2020 10:11,Service Completed,Resolved,2020-05-22 10:10:00,172363,101004051000,2020-05-22,10:10,2020-08-05,10:11
172362-101004050979,Tree Trim,Parks and Recreation,15522 FALL BRIAR DR,8/5/2020 10:03,Service Completed,Resolved,2020-05-22 10:02:00,172362,101004050979,2020-05-22,10:02,2020-08-05,10:03
172360-101004050901,Tree Trim,Parks and Recreation,2903 JENSEN DR,8/5/2020 9:30,Service Completed,Resolved,2020-05-22 09:29:00,172360,101004050901,2020-05-22,9:29,2020-08-05,9:30
172359-101004050854,Tree Removal,Parks and Recreation,7401 BROMPTON ST,7/12/2020 9:07,Service Completed,Resolved,2020-05-22 09:06:00,172359,101004050854,2020-05-22,9:06,2020-07-12,9:07
172358-101004050821,Tree Removal,Parks and Recreation,8600 ELBERT ST&7500 LAURA KOPPE RD,7/12/2020 8:54,Service Completed,Resolved,2020-05-22 08:53:00,172358,101004050821,2020-05-22,8:53,2020-07-12,8:54
172357-101004050723,Tree Trim,Parks and Recreation,15435 APPLERIDGE DR,8/5/2020 7:55,Service Completed,Resolved,2020-05-22 07:54:00,172357,101004050723,2020-05-22,7:54,2020-08-05,7:55
172354-101004050494,Tree Removal,Parks and Recreation,13054 MEMORIAL DR,7/12/2020 6:08,Service Completed,Resolved,2020-05-22 06:07:00,172354,101004050494,2020-05-22,6:07,2020-07-12,6:08
172353-101004050290,Tree Removal,Parks and Recreation,312 CARNARVON DR,7/12/2020 4:55,Service Completed,Resolved,2020-05-22 04:54:00,172353,101004050290,2020-05-22,4:54,2020-07-12,4:55
172352-101004050247,Tree Trim,Parks and Recreation,1943 A NORFOLK ST,8/5/2020 4:39,Service Completed,Resolved,2020-05-22 04:38:00,172352,101004050247,2020-05-22,4:38,2020-08-05,4:39
172351-101004050157,Tree Removal,Parks and Recreation,1009 MISSOURI ST,7/12/2020 4:06,Service Completed,Resolved,2020-05-22 04:05:00,172351,101004050157,2020-05-22,4:05,2020-07-12,4:06
172350-101004050150,Tree Trim,Parks and Recreation,7830 HUMMINGBIRD ST,8/5/2020 4:02,Service Completed,Resolved,2020-05-22 04:01:00,172350,101004050150,2020-05-22,4:01,2020-08-05,4:02
172349-101004050131,Tree Trim,Parks and Recreation,3400 JULIAN ST&900 OMAR ST,8/5/2020 3:53,Service Completed,Resolved,2020-05-22 03:52:00,172349,101004050131,2020-05-22,3:52,2020-08-05,3:53
172345-101004039914,Tree Removal,Parks and Recreation,11507 PLUMBROOK DR,7/11/2020 15:59,Service Completed,Resolved,2020-05-21 15:58:00,172345,101004039914,2020-05-21,15:58,2020-07-11,15:59
172344-101004039893,Tree Trim,Parks and Recreation,7331 LINDENCREST ST,8/4/2020 14:54,Service Completed,Resolved,2020-05-21 14:53:00,172344,101004039893,2020-05-21,14:53,2020-08-04,14:54
172343-101004039886,Tree Code Violation,Parks and Recreation,1015 E 27TH ST,7/12/2020 14:41,Service Completed,Resolved,2020-05-21 14:40:00,172343,101004039886,2020-05-21,14:40,2020-07-12,14:41
172342-101004039788,Tree Removal,Parks and Recreation,4806 WYNNEWOOD ST,7/11/2020 12:11,Service Completed,Resolved,2020-05-21 12:10:00,172342,101004039788,2020-05-21,12:10,2020-07-11,12:11
172341-101004039772,Tree Removal,Parks and Recreation,1613 FAIRVIEW AVE,7/11/2020 11:55,Service Completed,Resolved,2020-05-21 11:54:00,172341,101004039772,2020-05-21,11:54,2020-07-11,11:55
172340-101004039742,Tree Trim,Parks and Recreation,3431 MILBRAD ST,8/4/2020 11:33,Service Completed,Resolved,2020-05-21 11:32:00,172340,101004039742,2020-05-21,11:32,2020-08-04,11:33
172339-101004039694,Tree Trim,Parks and Recreation,8302 BIGWOOD ST,8/4/2020 11:14,Service Completed,Resolved,2020-05-21 11:13:00,172339,101004039694,2020-05-21,11:13,2020-08-04,11:14
172338-101004039571,Tree Removal,Parks and Recreation,1038 LAWRENCE ST,7/11/2020 10:23,Service Completed,Resolved,2020-05-21 10:22:00,172338,101004039571,2020-05-21,10:22,2020-07-11,10:23
172337-101004039521,Tree Removal,Parks and Recreation,8306 BIGWOOD ST,7/11/2020 10:07,Service Completed,Resolved,2020-05-21 10:06:00,172337,101004039521,2020-05-21,10:06,2020-07-11,10:07
172336-101004039427,Tree Trim,Parks and Recreation,12627 WESTELLA DR,8/4/2020 9:27,Service Completed,Resolved,2020-05-21 09:26:00,172336,101004039427,2020-05-21,9:26,2020-08-04,9:27
172334-101004039373,Tree Removal,Parks and Recreation,5106 RIDGEHAVEN DR,7/11/2020 8:59,Service Completed,Resolved,2020-05-21 08:58:00,172334,101004039373,2020-05-21,8:58,2020-07-11,8:59
172333-101004039098,Tree Trim,Parks and Recreation,2811 WESTGROVE LN,8/4/2020 7:04,Service Completed,Resolved,2020-05-21 07:03:00,172333,101004039098,2020-05-21,7:03,2020-08-04,7:04
172332-101004039034,Tree Planting,Parks and Recreation,6302 ROWAN LN,6/15/2020 6:34,Service Completed,Resolved,2020-05-21 06:33:00,172332,101004039034,2020-05-21,6:33,2020-06-15,6:34
172331-101004039028,Tree Trim,Parks and Recreation,5102 PEASE ST,8/4/2020 6:30,Service Completed,Resolved,2020-05-21 06:29:00,172331,101004039028,2020-05-21,6:29,2020-08-04,6:30
172330-101004038992,Tree Trim,Parks and Recreation,5230 HAZARD ST,8/4/2020 6:15,Service Completed,Resolved,2020-05-21 06:14:00,172330,101004038992,2020-05-21,6:14,2020-08-04,6:15
172329-101004038987,Tree Trim,Parks and Recreation,2246 BISSONNET ST,8/4/2020 6:12,Service Completed,Resolved,2020-05-21 06:11:00,172329,101004038987,2020-05-21,6:11,2020-08-04,6:12
172328-101004038981,Tree Trim,Parks and Recreation,2132 BISSONNET ST,8/4/2020 6:10,Service Completed,Resolved,2020-05-21 06:09:00,172328,101004038981,2020-05-21,6:09,2020-08-04,6:10
172327-101004038965,Tree Trim,Parks and Recreation,208 BAYLAND AVE,8/4/2020 6:05,Service Completed,Resolved,2020-05-21 06:04:00,172327,101004038965,2020-05-21,6:04,2020-08-04,6:05
172326-101004038764,Tree Trim,Parks and Recreation,3900 S ACRES DR&10800 SOUTHVIEW ST,8/4/2020 4:44,Service Completed,Resolved,2020-05-21 04:43:00,172326,101004038764,2020-05-21,4:43,2020-08-04,4:44
172325-101004038734,Tree Removal,Parks and Recreation,12813 ARP ST,7/11/2020 4:30,Service Completed,Resolved,2020-05-21 04:29:00,172325,101004038734,2020-05-21,4:29,2020-07-11,4:30
172324-101004038724,Tree Trim,Parks and Recreation,12561 GREENS BAYOU ST,8/4/2020 4:28,Service Completed,Resolved,2020-05-21 04:27:00,172324,101004038724,2020-05-21,4:27,2020-08-04,4:28
172323-101004038720,Tree Trim,Parks and Recreation,5201 MEMORIAL DR,8/4/2020 4:25,Service Completed,Resolved,2020-05-21 04:24:00,172323,101004038720,2020-05-21,4:24,2020-08-04,4:25
172322-101004038698,Tree Removal,Parks and Recreation,12217 PALMFREE ST,7/11/2020 4:13,Service Completed,Resolved,2020-05-21 04:12:00,172322,101004038698,2020-05-21,4:12,2020-07-11,4:13
172321-101004038611,Tree Trim,Parks and Recreation,1013 7TH 1/2 ST,8/4/2020 3:27,Service Completed,Resolved,2020-05-21 03:26:00,172321,101004038611,2020-05-21,3:26,2020-08-04,3:27
172320-101004038580,Tree Trim,Parks and Recreation,5900 DEL RIO ST&3300 PARKWOOD DR&3400 S PARKWOOD DR,8/4/2020 3:04,Service Completed,Resolved,2020-05-21 03:03:00,172320,101004038580,2020-05-21,3:03,2020-08-04,3:04
172319-101004038542,Tree Trim,Parks and Recreation,9436 COFFEE ST,8/4/2020 2:05,Service Completed,Resolved,2020-05-21 02:04:00,172319,101004038542,2020-05-21,2:04,2020-08-04,2:05
101004038388,Tree Removal,Parks and Recreation,8014 MAGNA ST,7/10/2020 15:18,Service Completed,Resolved,2020-05-20 15:17:00, ,101004038388,2020-05-20,15:17,2020-07-10,15:18
172316-101004038376,Tree Removal,Parks and Recreation,215 W 10TH ST,7/10/2020 14:43,Service Completed,Resolved,2020-05-20 14:42:00,172316,101004038376,2020-05-20,14:42,2020-07-10,14:43
172315-101004038300,Tree Trim,Parks and Recreation,2310 GANO ST,8/3/2020 12:51,Service Completed,Resolved,2020-05-20 12:50:00,172315,101004038300,2020-05-20,12:50,2020-08-03,12:51
172313-101004038258,Tree Removal,Parks and Recreation,8803 NEFF ST,7/10/2020 12:08,Service Completed,Resolved,2020-05-20 12:07:00,172313,101004038258,2020-05-20,12:07,2020-07-10,12:08
172312-101004038221,Tree Trim,Parks and Recreation,1401 S GESSNER RD,8/3/2020 11:35,Service Completed,Resolved,2020-05-20 11:34:00,172312,101004038221,2020-05-20,11:34,2020-08-03,11:35
172311-101004038220,Tree Removal,Parks and Recreation,206 E JOHN ALBER RD,7/10/2020 11:34,Service Completed,Resolved,2020-05-20 11:33:00,172311,101004038220,2020-05-20,11:33,2020-07-10,11:34
172310-101004038213,Tree Trim,Parks and Recreation,7523 TROULON DR,8/3/2020 11:29,Service Completed,Resolved,2020-05-20 11:28:00,172310,101004038213,2020-05-20,11:28,2020-08-03,11:29
172299-101004037928,Tree Removal,Parks and Recreation,2414 FULTON ST,7/10/2020 9:02,Service Completed,Resolved,2020-05-20 09:01:00,172299,101004037928,2020-05-20,9:01,2020-07-10,9:02
172298-101004037818,Tree Removal,Parks and Recreation,10206 LONDONDERRY DR,7/10/2020 8:00,Service Completed,Resolved,2020-05-20 07:59:00,172298,101004037818,2020-05-20,7:59,2020-07-10,8:00
172297-101004037763,Tree Trim,Parks and Recreation,3326 OVERCROSS DR,8/3/2020 7:26,Service Completed,Resolved,2020-05-20 07:25:00,172297,101004037763,2020-05-20,7:25,2020-08-03,7:26
172296-101004037703,Tree Removal,Parks and Recreation,8113 WAY ST,7/10/2020 7:06,Service Completed,Resolved,2020-05-20 07:05:00,172296,101004037703,2020-05-20,7:05,2020-07-10,7:06
172295-101004037607,Tree Removal,Parks and Recreation,11019 LANDS WALK DR,7/10/2020 6:22,Service Completed,Resolved,2020-05-20 06:21:00,172295,101004037607,2020-05-20,6:21,2020-07-10,6:22
172294-101004037605,Tree Trim,Parks and Recreation,4301 TOPPING ST,8/3/2020 6:21,Service Completed,Resolved,2020-05-20 06:20:00,172294,101004037605,2020-05-20,6:20,2020-08-03,6:21
172293-101004037593,Tree Trim,Parks and Recreation,600 EL DORADO BLVD&15600 GALVESTON RD,8/3/2020 6:17,Service Completed,Resolved,2020-05-20 06:16:00,172293,101004037593,2020-05-20,6:16,2020-08-03,6:17
172292-101004037573,Tree Removal,Parks and Recreation,5202 ENYART ST,7/10/2020 6:09,Service Completed,Resolved,2020-05-20 06:08:00,172292,101004037573,2020-05-20,6:08,2020-07-10,6:09
172291-101004037557,Tree Trim,Parks and Recreation,12522 BEAR VALLEY DR,8/3/2020 6:04,Service Completed,Resolved,2020-05-20 06:03:00,172291,101004037557,2020-05-20,6:03,2020-08-03,6:04
172290-101004037539,Tree Trim,Parks and Recreation,600 EL DORADO BLVD&15600 GALVESTON RD,8/3/2020 5:59,Service Completed,Resolved,2020-05-20 05:58:00,172290,101004037539,2020-05-20,5:58,2020-08-03,5:59
172289-101004037504,Tree Trim,Parks and Recreation,15600 EL CAMINO REAL&1000 EL DORADO BLVD,8/3/2020 5:47,Service Completed,Resolved,2020-05-20 05:46:00,172289,101004037504,2020-05-20,5:46,2020-08-03,5:47
172288-101004037501,Tree Removal,Parks and Recreation,6910 ALDERSON ST,7/10/2020 5:46,Service Completed,Resolved,2020-05-20 05:45:00,172288,101004037501,2020-05-20,5:45,2020-07-10,5:46
172287-101004037460,Tree Trim,Parks and Recreation,11685 ALIEF CLODINE RD,8/3/2020 5:29,Service Completed,Resolved,2020-05-20 05:28:00,172287,101004037460,2020-05-20,5:28,2020-08-03,5:29
172286-101004037397,Tree Trim,Parks and Recreation,15571 PENSGATE ST,8/3/2020 4:53,Service Completed,Resolved,2020-05-20 04:52:00,172286,101004037397,2020-05-20,4:52,2020-08-03,4:53
172285-101004037271,Tree Trim,Parks and Recreation,1139 JEROME ST,8/3/2020 4:09,Service Completed,Resolved,2020-05-20 04:08:00,172285,101004037271,2020-05-20,4:08,2020-08-03,4:09
172284-101004037254,Tree Trim,Parks and Recreation,7903 BRAESVIEW LN,8/3/2020 4:00,Service Completed,Resolved,2020-05-20 03:59:00,172284,101004037254,2020-05-20,3:59,2020-08-03,4:00
172283-101004037241,Tree Removal,Parks and Recreation,7300 BIGWOOD ST&7300 BRETSHIRE DR,7/10/2020 3:57,Service Completed,Resolved,2020-05-20 03:56:00,172283,101004037241,2020-05-20,3:56,2020-07-10,3:57
172282-101004037164,Tree Trim,Parks and Recreation,14500 HIRAM CLARKE RD&4500 TIFFANY DR,8/3/2020 3:17,Service Completed,Resolved,2020-05-20 03:16:00,172282,101004037164,2020-05-20,3:16,2020-08-03,3:17
172281-101004037143,Tree Trim,Parks and Recreation,8300 TAVENOR LN&9500 WINGTIP DR,8/3/2020 3:04,Service Completed,Resolved,2020-05-20 03:03:00,172281,101004037143,2020-05-20,3:03,2020-08-03,3:04
172279-101004037037,Tree Removal,Parks and Recreation,5820 W FUQUA ST,7/10/2020 0:04,Service Completed,Resolved,2020-05-20 00:03:00,172279,101004037037,2020-05-20,0:03,2020-07-10,0:04
172278-101004037032,Tree Trim,Parks and Recreation,5638 PORTAL DR,8/2/2020 23:53,Service Completed,Resolved,2020-05-19 23:52:00,172278,101004037032,2020-05-19,23:52,2020-08-02,23:53
172277-101004037031,Tree Trim,Parks and Recreation,10919 MULLINS DR,8/2/2020 23:51,Service Completed,Resolved,2020-05-19 23:50:00,172277,101004037031,2020-05-19,23:50,2020-08-02,23:51
172276-101004037024,Tree Removal,Parks and Recreation,1746 WROXTON CT,7/9/2020 23:17,Service Completed,Resolved,2020-05-19 23:16:00,172276,101004037024,2020-05-19,23:16,2020-07-09,23:17
172275-101004036988,Tree Trim,Parks and Recreation,1750 WROXTON CT,8/2/2020 20:32,Service Completed,Resolved,2020-05-19 20:31:00,172275,101004036988,2020-05-19,20:31,2020-08-02,20:32
172274-101004036886,Tree Trim,Parks and Recreation,12402 SEA BISCUIT LN,8/2/2020 15:49,Service Completed,Resolved,2020-05-19 15:48:00,172274,101004036886,2020-05-19,15:48,2020-08-02,15:49
172273-101004036800,Tree Removal,Parks and Recreation,10700 ROSEHAVEN DR,7/9/2020 13:31,Service Completed,Resolved,2020-05-19 13:30:00,172273,101004036800,2020-05-19,13:30,2020-07-09,13:31
172272-101004036566,Tree Removal,Parks and Recreation,12813 ARP ST,7/9/2020 11:02,Service Completed,Resolved,2020-05-19 11:01:00,172272,101004036566,2020-05-19,11:01,2020-07-09,11:02
172271-101004036431,Tree Removal,Parks and Recreation,7340 SIMS DR,7/9/2020 10:12,Service Completed,Resolved,2020-05-19 10:11:00,172271,101004036431,2020-05-19,10:11,2020-07-09,10:12
172270-101004036385,Tree Trim,Parks and Recreation,1700 FAIRVIEW AVE&2400 WINDSOR ST,8/2/2020 9:54,Service Completed,Resolved,2020-05-19 09:53:00,172270,101004036385,2020-05-19,9:53,2020-08-02,9:54
172269-101004036293,Tree Removal,Parks and Recreation,9318 LONGSTAFF DR,7/9/2020 9:17,Service Completed,Resolved,2020-05-19 09:16:00,172269,101004036293,2020-05-19,9:16,2020-07-09,9:17
172268-101004036260,Tree Trim,Parks and Recreation,4300 W LAKE HOUSTON PKWY&3400 NORTHPARK DR,8/2/2020 9:02,Service Completed,Resolved,2020-05-19 09:01:00,172268,101004036260,2020-05-19,9:01,2020-08-02,9:02
172267-101004036254,Tree Trim,Parks and Recreation,24231 LIGHTWOODS DR,8/2/2020 9:00,Service Completed,Resolved,2020-05-19 08:59:00,172267,101004036254,2020-05-19,8:59,2020-08-02,9:00
172263-101004035846,Tree Trim,Parks and Recreation,14403 WHITE HEATHER DR,8/2/2020 5:59,Service Completed,Resolved,2020-05-19 05:58:00,172263,101004035846,2020-05-19,5:58,2020-08-02,5:59
172261-101004035698,Tree Removal,Parks and Recreation,6430 BAZEL BROOK DR,7/9/2020 5:22,Service Completed,Resolved,2020-05-19 05:21:00,172261,101004035698,2020-05-19,5:21,2020-07-09,5:22
172260-101004035679,Tree Removal,Parks and Recreation,2214 WIPPRECHT ST,7/9/2020 5:17,Service Completed,Resolved,2020-05-19 05:16:00,172260,101004035679,2020-05-19,5:16,2020-07-09,5:17
172259-101004035624,Tree Removal,Parks and Recreation,448 S 75TH ST&7350 SANTIAGO ST,7/9/2020 5:04,Service Completed,Resolved,2020-05-19 05:03:00,172259,101004035624,2020-05-19,5:03,2020-07-09,5:04
172258-101004035614,Tree Trim,Parks and Recreation,8510 CARVEL LN,8/2/2020 4:59,Service Completed,Resolved,2020-05-19 04:58:00,172258,101004035614,2020-05-19,4:58,2020-08-02,4:59
172257-101004035606,Tree Removal,Parks and Recreation,8032 GLADSTONE ST,7/9/2020 4:56,Service Completed,Resolved,2020-05-19 04:55:00,172257,101004035606,2020-05-19,4:55,2020-07-09,4:56
172256-101004035603,Tree Trim,Parks and Recreation,6300 TAGGART ST,8/2/2020 4:55,Service Completed,Resolved,2020-05-19 04:54:00,172256,101004035603,2020-05-19,4:54,2020-08-02,4:55
172254-101004035391,Tree Trim,Parks and Recreation,1850 CORTLANDT ST,8/2/2020 3:41,Service Completed,Resolved,2020-05-19 03:40:00,172254,101004035391,2020-05-19,3:40,2020-08-02,3:41
172253-101004035275,Tree Trim,Parks and Recreation,3820 YELLOWSTONE BLVD,8/2/2020 2:39,Service Completed,Resolved,2020-05-19 02:38:00,172253,101004035275,2020-05-19,2:38,2020-08-02,2:39
172252-101004035258,Tree Trim,Parks and Recreation,1605 ALLEN PKWY,8/2/2020 2:17,Service Completed,Resolved,2020-05-19 02:16:00,172252,101004035258,2020-05-19,2:16,2020-08-02,2:17
172251-101004035255,Tree Removal,Parks and Recreation,7441 CALHOUN RD,7/9/2020 2:12,Service Completed,Resolved,2020-05-19 02:11:00,172251,101004035255,2020-05-19,2:11,2020-07-09,2:12
172250-101004035249,Tree Trim,Parks and Recreation,7200 RAY ST&2200 VANCE ST,8/2/2020 2:03,Service Completed,Resolved,2020-05-19 02:02:00,172250,101004035249,2020-05-19,2:02,2020-08-02,2:03
172249-101004035240,Tree Trim,Parks and Recreation,7710 CLAIBORNE ST,8/2/2020 1:39,Service Completed,Resolved,2020-05-19 01:38:00,172249,101004035240,2020-05-19,1:38,2020-08-02,1:39
172248-101004035234,Tree Removal,Parks and Recreation,4800 BROOKFIELD DR&14600 CAMPDEN HILL RD,7/9/2020 0:46,Service Completed,Resolved,2020-05-19 00:45:00,172248,101004035234,2020-05-19,0:45,2020-07-09,0:46
172247-101004035218,Tree Removal,Parks and Recreation,6010 MILART ST,7/8/2020 22:53,Service Completed,Resolved,2020-05-18 22:52:00,172247,101004035218,2020-05-18,22:52,2020-07-08,22:53
172246-101004035036,Tree Trim,Parks and Recreation,2711 FOREST OAKS BLVD,8/1/2020 14:02,Service Completed,Resolved,2020-05-18 14:01:00,172246,101004035036,2020-05-18,14:01,2020-08-01,14:02
172245-101004034907,Tree Trim,Parks and Recreation,7000 KENDALIA DR&9300 LEADER ST,8/1/2020 12:08,Service Completed,Resolved,2020-05-18 12:07:00,172245,101004034907,2020-05-18,12:07,2020-08-01,12:08
172244-101004034655,Tree Trim,Parks and Recreation,5801 WOODWAY DR,8/1/2020 10:22,Service Completed,Resolved,2020-05-18 10:21:00,172244,101004034655,2020-05-18,10:21,2020-08-01,10:22
172243-101004034610,Tree Removal,Parks and Recreation,3720 WESTHEIMER RD,7/8/2020 10:10,Service Completed,Resolved,2020-05-18 10:09:00,172243,101004034610,2020-05-18,10:09,2020-07-08,10:10
172242-101004034593,Tree Removal,Parks and Recreation,16500 PARK MANOR DR&5000 SHADOWRIDGE DR,7/8/2020 10:06,Service Completed,Resolved,2020-05-18 10:05:00,172242,101004034593,2020-05-18,10:05,2020-07-08,10:06
172241-101004034435,Tree Removal,Parks and Recreation,11502 SAGEGROVE LN,7/8/2020 9:07,Service Completed,Resolved,2020-05-18 09:06:00,172241,101004034435,2020-05-18,9:06,2020-07-08,9:07
172240-101004034412,Tree Trim,Parks and Recreation,8021 BRUMBLAY ST,8/1/2020 8:58,Service Completed,Resolved,2020-05-18 08:57:00,172240,101004034412,2020-05-18,8:57,2020-08-01,8:58
172239-101004034333,Tree Trim,Parks and Recreation,1909 PRESLEY ST,8/1/2020 8:22,Service Completed,Resolved,2020-05-18 08:21:00,172239,101004034333,2020-05-18,8:21,2020-08-01,8:22
172238-101004034273,Tree Removal,Parks and Recreation,2930 TIDEWATER DR,7/8/2020 7:53,Service Completed,Resolved,2020-05-18 07:52:00,172238,101004034273,2020-05-18,7:52,2020-07-08,7:53
172237-101004034243,Tree Trim,Parks and Recreation,7709 CABOT ST,8/1/2020 7:39,Service Completed,Resolved,2020-05-18 07:38:00,172237,101004034243,2020-05-18,7:38,2020-08-01,7:39
172236-101004034213,Tree Removal,Parks and Recreation,15623 BRIAR SPRING CT,7/8/2020 7:25,Service Completed,Resolved,2020-05-18 07:24:00,172236,101004034213,2020-05-18,7:24,2020-07-08,7:25
172235-101004034036,Tree Removal,Parks and Recreation,1029 EBERHARD ST,7/8/2020 6:20,Service Completed,Resolved,2020-05-18 06:19:00,172235,101004034036,2020-05-18,6:19,2020-07-08,6:20
172234-101004034016,Tree Removal,Parks and Recreation,1311 RUELL ST,7/8/2020 6:12,Service Completed,Resolved,2020-05-18 06:11:00,172234,101004034016,2020-05-18,6:11,2020-07-08,6:12
172232-101004033939,Tree Removal,Parks and Recreation,120 LATHROP ST,7/8/2020 5:44,Service Completed,Resolved,2020-05-18 05:43:00,172232,101004033939,2020-05-18,5:43,2020-07-08,5:44
172231-101004033921,Tree Removal,Parks and Recreation,446 OXFORD ST,7/8/2020 5:39,Service Completed,Resolved,2020-05-18 05:38:00,172231,101004033921,2020-05-18,5:38,2020-07-08,5:39
172230-101004033896,Tree Trim,Parks and Recreation,9210 HOMESTEAD RD,8/1/2020 5:31,Service Completed,Resolved,2020-05-18 05:30:00,172230,101004033896,2020-05-18,5:30,2020-08-01,5:31
172229-101004033882,Tree Removal,Parks and Recreation,627 8TH 1/2 ST,7/8/2020 5:24,Service Completed,Resolved,2020-05-18 05:23:00,172229,101004033882,2020-05-18,5:23,2020-07-08,5:24
172227-101004033838,Tree Removal,Parks and Recreation,4602 TETON ST,7/8/2020 5:07,Service Completed,Resolved,2020-05-18 05:06:00,172227,101004033838,2020-05-18,5:06,2020-07-08,5:07
172226-101004033800,Tree Removal,Parks and Recreation,6103 WIGTON DR,7/8/2020 4:52,Service Completed,Resolved,2020-05-18 04:51:00,172226,101004033800,2020-05-18,4:51,2020-07-08,4:52
172223-101004033609,Tree Trim,Parks and Recreation,6026 MILART ST,8/1/2020 3:47,Service Completed,Resolved,2020-05-18 03:46:00,172223,101004033609,2020-05-18,3:46,2020-08-01,3:47
172222-101004033608,Tree Trim,Parks and Recreation,4900 LYONS AVE&1600 SOLO ST,8/1/2020 3:46,Service Completed,Resolved,2020-05-18 03:45:00,172222,101004033608,2020-05-18,3:45,2020-08-01,3:46
172221-101004033600,Tree Removal,Parks and Recreation,13054 MEMORIAL DR,7/8/2020 3:40,Service Completed,Resolved,2020-05-18 03:39:00,172221,101004033600,2020-05-18,3:39,2020-07-08,3:40
172220-101004033551,Tree Removal,Parks and Recreation,713 E 14TH ST,7/8/2020 3:11,Service Completed,Resolved,2020-05-18 03:10:00,172220,101004033551,2020-05-18,3:10,2020-07-08,3:11
172219-101004033542,Tree Trim,Parks and Recreation,6700 ALPINE DR&6730 BRACE ST,8/1/2020 3:00,Service Completed,Resolved,2020-05-18 02:59:00,172219,101004033542,2020-05-18,2:59,2020-08-01,3:00
172218-101004033532,Tree Trim,Parks and Recreation,400 65TH ST&6500 SHERMAN ST,8/1/2020 2:52,Service Completed,Resolved,2020-05-18 02:51:00,172218,101004033532,2020-05-18,2:51,2020-08-01,2:52
101004033527,Tree Trim,Parks and Recreation,400 65TH ST&6500 SHERMAN ST,8/1/2020 2:49,Service Completed,Resolved,2020-05-18 02:48:00, ,101004033527,2020-05-18,2:48,2020-08-01,2:49
172215-101004033482,Tree Trim,Parks and Recreation,2211 W T C JESTER BLVD,8/1/2020 1:13,Service Completed,Resolved,2020-05-18 01:12:00,172215,101004033482,2020-05-18,1:12,2020-08-01,1:13
101004033222,Tree Removal,Parks and Recreation,1216 SANDMAN ST,7/7/2020 11:43,Service Completed,Resolved,2020-05-17 11:42:00, ,101004033222,2020-05-17,11:42,2020-07-07,11:43
172214-101004033209,Tree Trim,Parks and Recreation,9603 MANGO ST,7/31/2020 10:52,Service Completed,Resolved,2020-05-17 10:51:00,172214,101004033209,2020-05-17,10:51,2020-07-31,10:52
101004033178,Tree Removal,Parks and Recreation,4600 WAYSIDE DR,7/7/2020 10:20,Service Completed,Resolved,2020-05-17 10:19:00, ,101004033178,2020-05-17,10:19,2020-07-07,10:20
101004033104,Tree Removal,Parks and Recreation,11923 NEWBROOK DR,7/7/2020 8:16,Service Completed,Resolved,2020-05-17 08:15:00, ,101004033104,2020-05-17,8:15,2020-07-07,8:16
172211-101004033069,Tree Trim,Parks and Recreation,2100 ERNESTINE ST&1000 MUNGER ST,7/31/2020 7:36,Service Completed,Resolved,2020-05-17 07:35:00,172211,101004033069,2020-05-17,7:35,2020-07-31,7:36
172210-101004033065,Tree Trim,Parks and Recreation,7207 DROWSY PINE DR,7/31/2020 7:31,Service Completed,Resolved,2020-05-17 07:30:00,172210,101004033065,2020-05-17,7:30,2020-07-31,7:31
172209-101004033054,Tree Trim,Parks and Recreation,8302 BRANDON ST,7/31/2020 7:15,Service Completed,Resolved,2020-05-17 07:14:00,172209,101004033054,2020-05-17,7:14,2020-07-31,7:15
172208-101004032944,Tree Removal,Parks and Recreation,4000 FLOYD ST&700 LEVERKUHN ST,7/7/2020 4:02,Service Completed,Resolved,2020-05-17 04:01:00,172208,101004032944,2020-05-17,4:01,2020-07-07,4:02
172207-101004032942,Tree Removal,Parks and Recreation,1800 WESTHEIMER RD,7/7/2020 3:59,Service Completed,Resolved,2020-05-17 03:58:00,172207,101004032942,2020-05-17,3:58,2020-07-07,3:59
172206-101004032926,Tree Removal,Parks and Recreation,4110 CAVALCADE ST,7/7/2020 3:08,Service Completed,Resolved,2020-05-17 03:07:00,172206,101004032926,2020-05-17,3:07,2020-07-07,3:08
172205-101004032920,Tree Removal,Parks and Recreation,8120 WOODWARD ST,7/7/2020 2:49,Service Completed,Resolved,2020-05-17 02:48:00,172205,101004032920,2020-05-17,2:48,2020-07-07,2:49
172204-101004032890,Tree Trim,Parks and Recreation,200 MALONE ST&5700 VENICE ST,7/30/2020 23:30,Service Completed,Resolved,2020-05-16 23:29:00,172204,101004032890,2020-05-16,23:29,2020-07-30,23:30
172203-101004032861,Tree Removal,Parks and Recreation,401 S HEIGHTS BLVD,7/6/2020 18:27,Service Completed,Resolved,2020-05-16 18:26:00,172203,101004032861,2020-05-16,18:26,2020-07-06,18:27
172202-101004032749,Tree Trim,Parks and Recreation,2 N POST OAK LN&4750 WOODWAY DR,7/30/2020 12:22,Service Completed,Resolved,2020-05-16 12:21:00,172202,101004032749,2020-05-16,12:21,2020-07-30,12:22
172201-101004032650,Tree Removal,Parks and Recreation,5900 CHESWOOD ST&6216 DIXIE DR,7/6/2020 10:32,Service Completed,Resolved,2020-05-16 10:31:00,172201,101004032650,2020-05-16,10:31,2020-07-06,10:32
172200-101004032647,Tree Removal,Parks and Recreation,6102 CARSON RD,7/6/2020 10:28,Service Completed,Resolved,2020-05-16 10:27:00,172200,101004032647,2020-05-16,10:27,2020-07-06,10:28
172199-101004032595,Tree Removal,Parks and Recreation,4709 DOOLITTLE BLVD,7/6/2020 9:29,Service Completed,Resolved,2020-05-16 09:28:00,172199,101004032595,2020-05-16,9:28,2020-07-06,9:29
172198-101004032567,Tree Removal,Parks and Recreation,9807 GILLMAN ST,7/6/2020 9:07,Service Completed,Resolved,2020-05-16 09:06:00,172198,101004032567,2020-05-16,9:06,2020-07-06,9:07
172197-101004032545,Tree Trim,Parks and Recreation,10811 BURDINE ST,7/30/2020 8:31,Service Completed,Resolved,2020-05-16 08:30:00,172197,101004032545,2020-05-16,8:30,2020-07-30,8:31
172196-101004032541,Tree Removal,Parks and Recreation,100 E 11TH ST&100 W 11TH ST&1100 HEIGHTS BLVD ,7/6/2020 8:26,Service Completed,Resolved,2020-05-16 08:25:00,172196,101004032541,2020-05-16,8:25,2020-07-06,8:26
101004032506,Tree Removal,Parks and Recreation,5802 W RIDGECREEK DR,7/6/2020 7:45,Service Completed,Resolved,2020-05-16 07:44:00, ,101004032506,2020-05-16,7:44,2020-07-06,7:45
172194-101004032441,Tree Removal,Parks and Recreation,401 HEIGHTS BLVD,7/6/2020 6:39,Service Completed,Resolved,2020-05-16 06:38:00,172194,101004032441,2020-05-16,6:38,2020-07-06,6:39
172193-101004032434,Tree Trim,Parks and Recreation,10521 KELBURN DR,7/30/2020 6:29,Service Completed,Resolved,2020-05-16 06:28:00,172193,101004032434,2020-05-16,6:28,2020-07-30,6:29
172192-101004032407,Tree Removal,Parks and Recreation,2 N CAROLINA ST&9200 CLINTON DR,7/6/2020 6:04,Service Completed,Resolved,2020-05-16 06:03:00,172192,101004032407,2020-05-16,6:03,2020-07-06,6:04
172191-101004032374,Tree Removal,Parks and Recreation,12896 MCNAIR ST,7/6/2020 5:24,Service Completed,Resolved,2020-05-16 05:23:00,172191,101004032374,2020-05-16,5:23,2020-07-06,5:24
172190-101004032369,Tree Removal,Parks and Recreation,8012 JUNIUS ST,7/6/2020 5:20,Service Completed,Resolved,2020-05-16 05:19:00,172190,101004032369,2020-05-16,5:19,2020-07-06,5:20
172189-101004032365,Tree Removal,Parks and Recreation,6836 AVENUE S,7/6/2020 5:17,Service Completed,Resolved,2020-05-16 05:16:00,172189,101004032365,2020-05-16,5:16,2020-07-06,5:17
172188-101004032253,Tree Removal,Parks and Recreation,0 NORTH FWY&1200 WHITE OAK DR,7/6/2020 3:38,Service Completed,Resolved,2020-05-16 03:37:00,172188,101004032253,2020-05-16,3:37,2020-07-06,3:38
172187-101004032251,Tree Trim,Parks and Recreation,6320 ELLA LEE LN&2500 WINROCK BLVD,7/30/2020 3:37,Service Completed,Resolved,2020-05-16 03:36:00,172187,101004032251,2020-05-16,3:36,2020-07-30,3:37
172186-101004032225,Tree Removal,Parks and Recreation,4909 HIGGINS ST,7/6/2020 3:17,Service Completed,Resolved,2020-05-16 03:16:00,172186,101004032225,2020-05-16,3:16,2020-07-06,3:17
172185-101004032210,Tree Removal,Parks and Recreation,3500 NITA ST&10500 SCOTT ST,7/6/2020 3:04,Service Completed,Resolved,2020-05-16 03:03:00,172185,101004032210,2020-05-16,3:03,2020-07-06,3:04
172184-101004032180,Tree Removal,Parks and Recreation,8800 GULF FWY,7/6/2020 2:35,Service Completed,Resolved,2020-05-16 02:34:00,172184,101004032180,2020-05-16,2:34,2020-07-06,2:35
172183-101004032174,Tree Removal,Parks and Recreation,11300 GREENWILLOW DR&4300 WARM SPRINGS RD ,7/6/2020 2:28,Service Completed,Resolved,2020-05-16 02:27:00,172183,101004032174,2020-05-16,2:27,2020-07-06,2:28
172182-101004032146,Tree Code Violation,Parks and Recreation,14900 MEMORIAL DR,7/7/2020 0:27,Service Completed,Resolved,2020-05-16 00:26:00,172182,101004032146,2020-05-16,0:26,2020-07-07,0:27
172181-101004032105,Tree Stump Grinding,Parks and Recreation,705 E 23RD ST,9/8/2020 21:40,Service Completed,Resolved,2020-05-15 21:39:00,172181,101004032105,2020-05-15,21:39,2020-09-08,21:40
172180-101004031856,Tree Removal,Parks and Recreation,3200 RUSSELL ST,7/5/2020 12:55,Service Completed,Resolved,2020-05-15 12:54:00,172180,101004031856,2020-05-15,12:54,2020-07-05,12:55
172179-101004031853,Tree Removal,Parks and Recreation,9410 CLIFFWOOD DR,7/5/2020 12:53,Service Completed,Resolved,2020-05-15 12:52:00,172179,101004031853,2020-05-15,12:52,2020-07-05,12:53
172178-101004031727,Tree Trim,Parks and Recreation,8622 TARTAN WALK LN,7/29/2020 11:13,Service Completed,Resolved,2020-05-15 11:12:00,172178,101004031727,2020-05-15,11:12,2020-07-29,11:13
172177-101004031484,Tree Removal,Parks and Recreation,7606 POINTER ST,7/5/2020 8:59,Service Completed,Resolved,2020-05-15 08:58:00,172177,101004031484,2020-05-15,8:58,2020-07-05,8:59
172172-101004031313,Tree Trim,Parks and Recreation,6610 FLAMINGO DR,7/29/2020 7:30,Service Completed,Resolved,2020-05-15 07:29:00,172172,101004031313,2020-05-15,7:29,2020-07-29,7:30
172171-101004031256,Tree Removal,Parks and Recreation,6146 CHAFFIN ST,7/5/2020 7:05,Service Completed,Resolved,2020-05-15 07:04:00,172171,101004031256,2020-05-15,7:04,2020-07-05,7:05
172168-101004031213,Tree Trim,Parks and Recreation,4828 LA BRANCH ST,7/29/2020 6:43,Service Completed,Resolved,2020-05-15 06:42:00,172168,101004031213,2020-05-15,6:42,2020-07-29,6:43
172169-101004031208,Tree Removal,Parks and Recreation,515 AVONDALE ST,7/5/2020 6:41,Service Completed,Resolved,2020-05-15 06:40:00,172169,101004031208,2020-05-15,6:40,2020-07-05,6:41
172167-101004031182,Tree Trim,Parks and Recreation,6210 BUNDICK DR,7/29/2020 6:25,Service Completed,Resolved,2020-05-15 06:24:00,172167,101004031182,2020-05-15,6:24,2020-07-29,6:25
172166-101004031177,Tree Trim,Parks and Recreation,11110 FONDA ST,7/29/2020 6:23,Service Completed,Resolved,2020-05-15 06:22:00,172166,101004031177,2020-05-15,6:22,2020-07-29,6:23
101004031173,Tree Trim,Parks and Recreation,6031 VALKEITH DR,7/29/2020 6:22,Service Completed,Resolved,2020-05-15 06:21:00, ,101004031173,2020-05-15,6:21,2020-07-29,6:22
172165-101004031169,Tree Trim,Parks and Recreation,6030 VALKEITH DR,7/29/2020 6:20,Service Completed,Resolved,2020-05-15 06:19:00,172165,101004031169,2020-05-15,6:19,2020-07-29,6:20
172164-101004031166,Tree Trim,Parks and Recreation,6011 VALKEITH DR,7/29/2020 6:19,Service Completed,Resolved,2020-05-15 06:18:00,172164,101004031166,2020-05-15,6:18,2020-07-29,6:19
172163-101004031161,Tree Trim,Parks and Recreation,6010 VALKEITH DR,7/29/2020 6:17,Service Completed,Resolved,2020-05-15 06:16:00,172163,101004031161,2020-05-15,6:16,2020-07-29,6:17
172162-101004030983,Tree Trim,Parks and Recreation,7727 BISSONNET ST,7/29/2020 4:59,Service Completed,Resolved,2020-05-15 04:58:00,172162,101004030983,2020-05-15,4:58,2020-07-29,4:59
101004030856,Tree Trim,Parks and Recreation,910 ASHFORD PKWY,7/29/2020 4:11,Service Completed,Resolved,2020-05-15 04:10:00, ,101004030856,2020-05-15,4:10,2020-07-29,4:11
172158-101004030672,Tree Trim,Parks and Recreation,9310 HEATHERSIDE ST,7/29/2020 2:06,Service Completed,Resolved,2020-05-15 02:05:00,172158,101004030672,2020-05-15,2:05,2020-07-29,2:06
172157-101004030661,Tree Trim,Parks and Recreation,1418 PATTERSON ST,7/28/2020 23:59,Service Completed,Resolved,2020-05-14 23:58:00,172157,101004030661,2020-05-14,23:58,2020-07-28,23:59
172156-101004030649,Tree Trim,Parks and Recreation,8202 WATEKA,7/28/2020 22:37,Service Completed,Resolved,2020-05-14 22:36:00,172156,101004030649,2020-05-14,22:36,2020-07-28,22:37
172155-101004030426,Tree Removal,Parks and Recreation,711 E 37TH ST,7/4/2020 13:45,Service Completed,Resolved,2020-05-14 13:44:00,172155,101004030426,2020-05-14,13:44,2020-07-04,13:45
172153-101004030255,Tree Removal,Parks and Recreation,12600 GREENS BAYOU ST,7/4/2020 11:41,Service Completed,Resolved,2020-05-14 11:40:00,172153,101004030255,2020-05-14,11:40,2020-07-04,11:41
172152-101004030198,Tree Removal,Parks and Recreation,6402 BAZEL BROOK DR,7/4/2020 11:02,Service Completed,Resolved,2020-05-14 11:01:00,172152,101004030198,2020-05-14,11:01,2020-07-04,11:02
172151-101004030183,Tree Removal,Parks and Recreation,5722 ARIEL ST,7/4/2020 10:49,Service Completed,Resolved,2020-05-14 10:48:00,172151,101004030183,2020-05-14,10:48,2020-07-04,10:49
172149-101004029860,Tree Trim,Parks and Recreation,15626 FALL BRIAR DR,7/28/2020 8:27,Service Completed,Resolved,2020-05-14 08:26:00,172149,101004029860,2020-05-14,8:26,2020-07-28,8:27
172148-101004029766,Tree Trim,Parks and Recreation,6142 WESTOVER ST,7/28/2020 7:42,Service Completed,Resolved,2020-05-14 07:41:00,172148,101004029766,2020-05-14,7:41,2020-07-28,7:42
172147-101004029605,Tree Trim,Parks and Recreation,2506 A MORSE ST,7/28/2020 6:47,Service Completed,Resolved,2020-05-14 06:46:00,172147,101004029605,2020-05-14,6:46,2020-07-28,6:47
172146-101004029562,Tree Trim,Parks and Recreation,5618 JACKWOOD ST,7/28/2020 6:30,Service Completed,Resolved,2020-05-14 06:29:00,172146,101004029562,2020-05-14,6:29,2020-07-28,6:30
172145-101004029476,Tree Trim,Parks and Recreation,1450 ASHFORD PKWY&12500 BRIAR FOREST DR,7/28/2020 6:00,Service Completed,Resolved,2020-05-14 05:59:00,172145,101004029476,2020-05-14,5:59,2020-07-28,6:00
172144-101004029436,Tree Trim,Parks and Recreation,7001 WINFREE DR,7/28/2020 5:45,Service Completed,Resolved,2020-05-14 05:44:00,172144,101004029436,2020-05-14,5:44,2020-07-28,5:45
101004029427,Tree Trim,Parks and Recreation,7001 WINFREE DR,7/28/2020 5:43,Service Completed,Resolved,2020-05-14 05:42:00, ,101004029427,2020-05-14,5:42,2020-07-28,5:43
172141-101004029338,Tree Removal,Parks and Recreation,5119 BRIARBEND DR,7/4/2020 5:13,Service Completed,Resolved,2020-05-14 05:12:00,172141,101004029338,2020-05-14,5:12,2020-07-04,5:13
172140-101004029312,Tree Trim,Parks and Recreation,1013 7TH 1/2 ST,7/28/2020 5:06,Service Completed,Resolved,2020-05-14 05:05:00,172140,101004029312,2020-05-14,5:05,2020-07-28,5:06
172138-101004029296,Tree Removal,Parks and Recreation,5939 DARKWOOD DR,7/4/2020 5:00,Service Completed,Resolved,2020-05-14 04:59:00,172138,101004029296,2020-05-14,4:59,2020-07-04,5:00
172137-101004029290,Tree Trim,Parks and Recreation,6400 W BELLFORT AVE&11300 SANDPIPER DR,7/28/2020 4:58,Service Completed,Resolved,2020-05-14 04:57:00,172137,101004029290,2020-05-14,4:57,2020-07-28,4:58
172135-101004029285,Tree Stump Grinding,Parks and Recreation,3103 VIRGINIA ST,9/7/2020 4:57,Service Completed,Resolved,2020-05-14 04:56:00,172135,101004029285,2020-05-14,4:56,2020-09-07,4:57
172136-101004029282,Tree Removal,Parks and Recreation,501 KRESS ST,7/4/2020 4:55,Service Completed,Resolved,2020-05-14 04:54:00,172136,101004029282,2020-05-14,4:54,2020-07-04,4:55
172134-101004029277,Tree Removal,Parks and Recreation,10406 MOORBERRY LN,7/4/2020 4:54,Service Completed,Resolved,2020-05-14 04:53:00,172134,101004029277,2020-05-14,4:53,2020-07-04,4:54
172132-101004029220,Tree Removal,Parks and Recreation,5318 RANDON RD,7/4/2020 4:34,Service Completed,Resolved,2020-05-14 04:33:00,172132,101004029220,2020-05-14,4:33,2020-07-04,4:34
172129-101004029153,Tree Removal,Parks and Recreation,4501 A EIGEL ST,7/4/2020 4:05,Service Completed,Resolved,2020-05-14 04:04:00,172129,101004029153,2020-05-14,4:04,2020-07-04,4:05
172128-101004029080,Tree Trim,Parks and Recreation,15802 IRONFORK DR,7/28/2020 3:23,Service Completed,Resolved,2020-05-14 03:22:00,172128,101004029080,2020-05-14,3:22,2020-07-28,3:23
172127-101004029055,Tree Trim,Parks and Recreation,8300 BONNER DR&4600 RADCLIFFE,7/28/2020 3:07,Service Completed,Resolved,2020-05-14 03:06:00,172127,101004029055,2020-05-14,3:06,2020-07-28,3:07
172126-101004028969,Tree Removal,Parks and Recreation,8200 PARK PLACE BLVD,7/3/2020 23:46,Service Completed,Resolved,2020-05-13 23:45:00,172126,101004028969,2020-05-13,23:45,2020-07-03,23:46
172125-101004028936,Tree Trim,Parks and Recreation,14900 MEMORIAL DR,7/27/2020 19:43,Service Completed,Resolved,2020-05-13 19:42:00,172125,101004028936,2020-05-13,19:42,2020-07-27,19:43
172124-101004028935,Tree Trim,Parks and Recreation,15006 TURKEY TRAIL CT,7/27/2020 19:42,Service Completed,Resolved,2020-05-13 19:41:00,172124,101004028935,2020-05-13,19:41,2020-07-27,19:42
172123-101004028927,Tree Trim,Parks and Recreation,2901 FULTON ST,7/27/2020 19:22,Service Completed,Resolved,2020-05-13 19:21:00,172123,101004028927,2020-05-13,19:21,2020-07-27,19:22
172121-101004028742,Tree Trim,Parks and Recreation,12906 FENLAND FIELD LN,7/27/2020 12:20,Service Completed,Resolved,2020-05-13 12:19:00,172121,101004028742,2020-05-13,12:19,2020-07-27,12:20
172120-101004028679,Tree Trim,Parks and Recreation,1220 FOUNTAIN VIEW,7/27/2020 11:35,Service Completed,Resolved,2020-05-13 11:34:00,172120,101004028679,2020-05-13,11:34,2020-07-27,11:35
172119-101004028622,Tree Removal,Parks and Recreation,7903 GLADSTONE ST,7/3/2020 11:05,Service Completed,Resolved,2020-05-13 11:04:00,172119,101004028622,2020-05-13,11:04,2020-07-03,11:05
172118-101004028580,Tree Removal,Parks and Recreation,5118 HUMMINGBIRD ST,7/3/2020 10:40,Service Completed,Resolved,2020-05-13 10:39:00,172118,101004028580,2020-05-13,10:39,2020-07-03,10:40
172116-101004028521,Tree Trim,Parks and Recreation,3118 GREEN ST,7/27/2020 10:10,Service Completed,Resolved,2020-05-13 10:09:00,172116,101004028521,2020-05-13,10:09,2020-07-27,10:10
172115-101004028511,Tree Trim,Parks and Recreation,2212 TANGLEY ST,7/27/2020 10:06,Service Completed,Resolved,2020-05-13 10:05:00,172115,101004028511,2020-05-13,10:05,2020-07-27,10:06
172114-101004028487,Tree Trim,Parks and Recreation,4603 CHAPMAN ST,7/27/2020 9:50,Service Completed,Resolved,2020-05-13 09:49:00,172114,101004028487,2020-05-13,9:49,2020-07-27,9:50
172113-101004028451,Tree Removal,Parks and Recreation,6676 LONG DR,7/3/2020 9:35,Service Completed,Resolved,2020-05-13 09:34:00,172113,101004028451,2020-05-13,9:34,2020-07-03,9:35
172112-101004028359,Tree Trim,Parks and Recreation,6103 BELDART ST,7/27/2020 8:52,Service Completed,Resolved,2020-05-13 08:51:00,172112,101004028359,2020-05-13,8:51,2020-07-27,8:52
172109-101004028286,Tree Trim,Parks and Recreation,6611 FLAMINGO DR,7/27/2020 8:13,Service Completed,Resolved,2020-05-13 08:12:00,172109,101004028286,2020-05-13,8:12,2020-07-27,8:13
172110-101004028284,Tree Removal,Parks and Recreation,213 BAYLAND AVE,7/3/2020 8:12,Service Completed,Resolved,2020-05-13 08:11:00,172110,101004028284,2020-05-13,8:11,2020-07-03,8:12
172108-101004028277,Tree Trim,Parks and Recreation,414 E 27TH ST,7/27/2020 8:04,Service Completed,Resolved,2020-05-13 08:03:00,172108,101004028277,2020-05-13,8:03,2020-07-27,8:04
172106-101004028208,Tree Trim,Parks and Recreation,6400 W BELLFORT AVE&11300 SANDPIPER DR,7/27/2020 7:27,Service Completed,Resolved,2020-05-13 07:26:00,172106,101004028208,2020-05-13,7:26,2020-07-27,7:27
172105-101004028194,Tree Trim,Parks and Recreation,1950 BRITTMOORE RD&10900 FULLERTON DR,7/27/2020 7:19,Service Completed,Resolved,2020-05-13 07:18:00,172105,101004028194,2020-05-13,7:18,2020-07-27,7:19
172104-101004028135,Tree Removal,Parks and Recreation,102 ADAMS ST,7/3/2020 6:50,Service Completed,Resolved,2020-05-13 06:49:00,172104,101004028135,2020-05-13,6:49,2020-07-03,6:50
172103-101004028126,Tree Trim,Parks and Recreation,11902 ASHCROFT DR,7/27/2020 6:45,Service Completed,Resolved,2020-05-13 06:44:00,172103,101004028126,2020-05-13,6:44,2020-07-27,6:45
172102-101004028121,Tree Trim,Parks and Recreation,6818 GREENHURST ST,7/27/2020 6:43,Service Completed,Resolved,2020-05-13 06:42:00,172102,101004028121,2020-05-13,6:42,2020-07-27,6:43
172101-101004028092,Tree Trim,Parks and Recreation,6514 BANTA DR,7/27/2020 6:23,Service Completed,Resolved,2020-05-13 06:22:00,172101,101004028092,2020-05-13,6:22,2020-07-27,6:23
172100-101004028084,Tree Trim,Parks and Recreation,9714 PLUMMER ST,7/27/2020 6:18,Service Completed,Resolved,2020-05-13 06:17:00,172100,101004028084,2020-05-13,6:17,2020-07-27,6:18
172099-101004028017,Tree Trim,Parks and Recreation,643 COLUMBIA ST,7/27/2020 5:41,Service Completed,Resolved,2020-05-13 05:40:00,172099,101004028017,2020-05-13,5:40,2020-07-27,5:41
172098-101004027936,Tree Removal,Parks and Recreation,6654 WINTON ST,7/3/2020 4:57,Service Completed,Resolved,2020-05-13 04:56:00,172098,101004027936,2020-05-13,4:56,2020-07-03,4:57
172097-101004027934,Tree Trim,Parks and Recreation,8335 BONNER DR,7/27/2020 4:55,Service Completed,Resolved,2020-05-13 04:54:00,172097,101004027934,2020-05-13,4:54,2020-07-27,4:55
172096-101004027930,Tree Trim,Parks and Recreation,6700 BEECHNUT ST&6800 BISSONNET ST,7/27/2020 4:53,Service Completed,Resolved,2020-05-13 04:52:00,172096,101004027930,2020-05-13,4:52,2020-07-27,4:53
172095-101004027921,Tree Trim,Parks and Recreation,500 AVONDALE ST&2700 WHITNEY ST,7/27/2020 4:48,Service Completed,Resolved,2020-05-13 04:47:00,172095,101004027921,2020-05-13,4:47,2020-07-27,4:48
172094-101004027916,Tree Removal,Parks and Recreation,616 W 18TH ST,7/3/2020 4:48,Service Completed,Resolved,2020-05-13 04:47:00,172094,101004027916,2020-05-13,4:47,2020-07-03,4:48
172093-101004027815,Tree Trim,Parks and Recreation,7323 AQUA LN,7/27/2020 4:01,Service Completed,Resolved,2020-05-13 04:00:00,172093,101004027815,2020-05-13,4:00,2020-07-27,4:01
172092-101004027743,Tree Trim,Parks and Recreation,701 ARLINGTON ST,7/27/2020 3:18,Service Completed,Resolved,2020-05-13 03:17:00,172092,101004027743,2020-05-13,3:17,2020-07-27,3:18
101004027732,Tree Trim,Parks and Recreation,701 ARLINGTON ST,7/27/2020 3:14,Service Completed,Resolved,2020-05-13 03:13:00, ,101004027732,2020-05-13,3:13,2020-07-27,3:14
172089-101004027687,Tree Trim,Parks and Recreation,1400 EDDINGTON ST&700 TELEPHONE RD,7/27/2020 2:36,Service Completed,Resolved,2020-05-13 02:35:00,172089,101004027687,2020-05-13,2:35,2020-07-27,2:36
355833-101004027590,Tree Trim,Parks and Recreation,7931 GREEN LAWN DR,7/26/2020 19:24,Service Completed,Resolved,2020-05-12 19:23:00,355833,101004027590,2020-05-12,19:23,2020-07-26,19:24
355830-101004027588,Tree Trim,Parks and Recreation,1904 BENSON ST,7/26/2020 19:17,Service Completed,Resolved,2020-05-12 19:16:00,355830,101004027588,2020-05-12,19:16,2020-07-26,19:17
172079-101004027274,Tree Trim,Parks and Recreation,7000 HARWIN DR&5800 SAVOY DR,7/26/2020 11:54,Service Completed,Resolved,2020-05-12 11:53:00,172079,101004027274,2020-05-12,11:53,2020-07-26,11:54
172078-101004027228,Tree Removal,Parks and Recreation,3300 SAN JACINTO ST&1200 STUART ST,7/2/2020 11:34,Service Completed,Resolved,2020-05-12 11:33:00,172078,101004027228,2020-05-12,11:33,2020-07-02,11:34
101004027202,Tree Removal,Parks and Recreation,5939 DARKWOOD DR,7/2/2020 11:25,Service Completed,Resolved,2020-05-12 11:24:00, ,101004027202,2020-05-12,11:24,2020-07-02,11:25
172077-101004027190,Tree Removal,Parks and Recreation,213 BAYLAND AVE,7/2/2020 11:22,Service Completed,Resolved,2020-05-12 11:21:00,172077,101004027190,2020-05-12,11:21,2020-07-02,11:22
172076-101004027186,Tree Trim,Parks and Recreation,213 BAYLAND AVE,7/26/2020 11:21,Service Completed,Resolved,2020-05-12 11:20:00,172076,101004027186,2020-05-12,11:20,2020-07-26,11:21
172075-101004027038,Tree Trim,Parks and Recreation,7135 OFFICE CITY DR,7/26/2020 10:18,Service Completed,Resolved,2020-05-12 10:17:00,172075,101004027038,2020-05-12,10:17,2020-07-26,10:18
172074-101004027004,Tree Removal,Parks and Recreation,1004 W 14TH ST,7/2/2020 10:05,Service Completed,Resolved,2020-05-12 10:04:00,172074,101004027004,2020-05-12,10:04,2020-07-02,10:05
172073-101004026938,Tree Trim,Parks and Recreation,7100 COOK RD&12300 SHARPVIEW DR,7/26/2020 9:38,Service Completed,Resolved,2020-05-12 09:37:00,172073,101004026938,2020-05-12,9:37,2020-07-26,9:38
172072-101004026921,Tree Removal,Parks and Recreation,2301 DRYDEN RD,7/2/2020 9:32,Service Completed,Resolved,2020-05-12 09:31:00,172072,101004026921,2020-05-12,9:31,2020-07-02,9:32
172069-101004026819,Tree Removal,Parks and Recreation,19524 CARVER AVE,7/2/2020 8:53,Service Completed,Resolved,2020-05-12 08:52:00,172069,101004026819,2020-05-12,8:52,2020-07-02,8:53
101004026760,Tree Trim,Parks and Recreation,8009 PHILLIPS ST,7/26/2020 8:28,Service Completed,Resolved,2020-05-12 08:27:00, ,101004026760,2020-05-12,8:27,2020-07-26,8:28
172066-101004026664,Tree Planting,Parks and Recreation,12111 SANDROCK DR,6/6/2020 7:35,Service Completed,Resolved,2020-05-12 07:34:00,172066,101004026664,2020-05-12,7:34,2020-06-06,7:35
172065-101004026443,Tree Removal,Parks and Recreation,6900 BISSONNET ST&8300 MCAVOY DR,7/2/2020 6:00,Service Completed,Resolved,2020-05-12 05:59:00,172065,101004026443,2020-05-12,5:59,2020-07-02,6:00
172064-101004026403,Tree Removal,Parks and Recreation,7614 BELBAY ST,7/2/2020 5:49,Service Completed,Resolved,2020-05-12 05:48:00,172064,101004026403,2020-05-12,5:48,2020-07-02,5:49
172063-101004026304,Tree Trim,Parks and Recreation,726 ALLSTON ST,7/26/2020 5:13,Service Completed,Resolved,2020-05-12 05:12:00,172063,101004026304,2020-05-12,5:12,2020-07-26,5:13
172062-101004026288,Tree Trim,Parks and Recreation,7900 FAWN TERRACE DR&12120 VALLEY HILLS DR,7/26/2020 5:08,Service Completed,Resolved,2020-05-12 05:07:00,172062,101004026288,2020-05-12,5:07,2020-07-26,5:08
172061-101004026176,Tree Trim,Parks and Recreation,1422 EL DORADO BLVD,7/26/2020 4:25,Service Completed,Resolved,2020-05-12 04:24:00,172061,101004026176,2020-05-12,4:24,2020-07-26,4:25
101004026162,Tree Removal,Parks and Recreation,15623 FALL BRIAR DR,7/2/2020 4:20,Service Completed,Resolved,2020-05-12 04:19:00, ,101004026162,2020-05-12,4:19,2020-07-02,4:20
172060-101004026125,Tree Removal,Parks and Recreation,5500 KENT ST&1900 RICE BLVD,7/2/2020 4:06,Service Completed,Resolved,2020-05-12 04:05:00,172060,101004026125,2020-05-12,4:05,2020-07-02,4:06
172059-101004026124,Tree Removal,Parks and Recreation,9661 S GESSNER RD,7/2/2020 4:04,Service Completed,Resolved,2020-05-12 04:03:00,172059,101004026124,2020-05-12,4:03,2020-07-02,4:04
172057-101004026103,Tree Trim,Parks and Recreation,9410 RENTUR DR,7/26/2020 3:55,Service Completed,Resolved,2020-05-12 03:54:00,172057,101004026103,2020-05-12,3:54,2020-07-26,3:55
172056-101004026069,Tree Removal,Parks and Recreation,5202 REDSTART ST,7/2/2020 3:45,Service Completed,Resolved,2020-05-12 03:44:00,172056,101004026069,2020-05-12,3:44,2020-07-02,3:45
172055-101004025994,Tree Trim,Parks and Recreation,400 MERCURY DR,7/26/2020 3:04,Service Completed,Resolved,2020-05-12 03:03:00,172055,101004025994,2020-05-12,3:03,2020-07-26,3:04
172054-101004025611,Tree Trim,Parks and Recreation,2402 TRUXILLO ST,7/25/2020 12:45,Service Completed,Resolved,2020-05-11 12:44:00,172054,101004025611,2020-05-11,12:44,2020-07-25,12:45
172052-101004025281,Tree Removal,Parks and Recreation,631 E 14TH ST,7/1/2020 9:46,Service Completed,Resolved,2020-05-11 09:45:00,172052,101004025281,2020-05-11,9:45,2020-07-01,9:46
172048-101004025132,Tree Removal,Parks and Recreation,2010 POTOMAC DR,7/1/2020 8:34,Service Completed,Resolved,2020-05-11 08:33:00,172048,101004025132,2020-05-11,8:33,2020-07-01,8:34
172047-101004025113,Tree Trim,Parks and Recreation,14138 TALLOW POINT CT,7/25/2020 8:25,Service Completed,Resolved,2020-05-11 08:24:00,172047,101004025113,2020-05-11,8:24,2020-07-25,8:25
172046-101004025080,Tree Removal,Parks and Recreation,4521 IVANHOE ST,7/1/2020 8:03,Service Completed,Resolved,2020-05-11 08:02:00,172046,101004025080,2020-05-11,8:02,2020-07-01,8:03
172045-101004024992,Tree Removal,Parks and Recreation,401 HEIGHTS BLVD,7/1/2020 7:16,Service Completed,Resolved,2020-05-11 07:15:00,172045,101004024992,2020-05-11,7:15,2020-07-01,7:16
172044-101004024968,Tree Removal,Parks and Recreation,802 WOODLAND ST,7/1/2020 7:04,Service Completed,Resolved,2020-05-11 07:03:00,172044,101004024968,2020-05-11,7:03,2020-07-01,7:04
172043-101004024960,Tree Trim,Parks and Recreation,1906 OAKDALE ST,7/25/2020 7:00,Service Completed,Resolved,2020-05-11 06:59:00,172043,101004024960,2020-05-11,6:59,2020-07-25,7:00
101004024936,Tree Trim,Parks and Recreation,1605 W CLAY ST,7/25/2020 6:47,Service Completed,Resolved,2020-05-11 06:46:00, ,101004024936,2020-05-11,6:46,2020-07-25,6:47
172041-101004024886,Tree Removal,Parks and Recreation,6921 ROOK BLVD,7/1/2020 6:25,Service Completed,Resolved,2020-05-11 06:24:00,172041,101004024886,2020-05-11,6:24,2020-07-01,6:25
172039-101004024776,Tree Trim,Parks and Recreation,7815 DARLINGTON DR,7/25/2020 5:46,Service Completed,Resolved,2020-05-11 05:45:00,172039,101004024776,2020-05-11,5:45,2020-07-25,5:46
172038-101004024656,Tree Trim,Parks and Recreation,7962 DAWNRIDGE DR,7/25/2020 5:03,Service Completed,Resolved,2020-05-11 05:02:00,172038,101004024656,2020-05-11,5:02,2020-07-25,5:03
172036-101004024575,Tree Trim,Parks and Recreation,5500 W 43RD ST&4300 ANTOINE DR,7/25/2020 4:31,Service Completed,Resolved,2020-05-11 04:30:00,172036,101004024575,2020-05-11,4:30,2020-07-25,4:31
172035-101004024539,Tree Trim,Parks and Recreation,3700 BEAUCHAMP ST&300 PECORE ST,7/25/2020 4:12,Service Completed,Resolved,2020-05-11 04:11:00,172035,101004024539,2020-05-11,4:11,2020-07-25,4:12
172034-101004024406,Tree Removal,Parks and Recreation,3731 ALSACE ST,7/1/2020 3:11,Service Completed,Resolved,2020-05-11 03:10:00,172034,101004024406,2020-05-11,3:10,2020-07-01,3:11
172032-101004024390,Tree Removal,Parks and Recreation,11214 SAGEVALE LN,7/1/2020 2:53,Service Completed,Resolved,2020-05-11 02:52:00,172032,101004024390,2020-05-11,2:52,2020-07-01,2:53
172031-101004024317,Tree Removal,Parks and Recreation,2935 JACKSON ST,6/30/2020 20:12,Service Completed,Resolved,2020-05-10 20:11:00,172031,101004024317,2020-05-10,20:11,2020-06-30,20:12
355806-101004024137,Tree Removal,Parks and Recreation,6300 ARNOT ST&6200 TAGGART ST,6/30/2020 9:37,Service Completed,Resolved,2020-05-10 09:36:00,355806,101004024137,2020-05-10,9:36,2020-06-30,9:37
172027-101004024119,Tree Trim,Parks and Recreation,6100 ARNOT ST&900 WESTCOTT ST,7/24/2020 8:26,Service Completed,Resolved,2020-05-10 08:25:00,172027,101004024119,2020-05-10,8:25,2020-07-24,8:26
101004024106,Tree Removal,Parks and Recreation,510 A VINCENT ST,6/30/2020 8:03,Service Completed,Resolved,2020-05-10 08:02:00, ,101004024106,2020-05-10,8:02,2020-06-30,8:03
172026-101004024068,Tree Trim,Parks and Recreation,9400 HALL RD&9200 S SAM HOUSTON PKWY E,7/24/2020 6:34,Service Completed,Resolved,2020-05-10 06:33:00,172026,101004024068,2020-05-10,6:33,2020-07-24,6:34
172025-101004023998,Tree Trim,Parks and Recreation,2101 CENTRAL ST,7/24/2020 0:45,Service Completed,Resolved,2020-05-10 00:44:00,172025,101004023998,2020-05-10,0:44,2020-07-24,0:45
172024-101004023997,Tree Trim,Parks and Recreation,7703 OAK VISTA ST,7/24/2020 0:43,Service Completed,Resolved,2020-05-10 00:42:00,172024,101004023997,2020-05-10,0:42,2020-07-24,0:43
172023-101004023964,Tree Removal,Parks and Recreation,8805 PRICHETT DR,6/29/2020 20:23,Service Completed,Resolved,2020-05-09 20:22:00,172023,101004023964,2020-05-09,20:22,2020-06-29,20:23
172022-101004023813,Tree Trim,Parks and Recreation,2909 WHEELER ST,7/23/2020 11:54,Service Completed,Resolved,2020-05-09 11:53:00,172022,101004023813,2020-05-09,11:53,2020-07-23,11:54
172021-101004023763,Tree Trim,Parks and Recreation,2023 SOUTH BLVD,7/23/2020 10:00,Service Completed,Resolved,2020-05-09 09:59:00,172021,101004023763,2020-05-09,9:59,2020-07-23,10:00
172020-101004023602,Tree Trim,Parks and Recreation,7503 TIMBERWAY LN,7/23/2020 6:18,Service Completed,Resolved,2020-05-09 06:17:00,172020,101004023602,2020-05-09,6:17,2020-07-23,6:18
172019-101004023377,Tree Trim,Parks and Recreation,5131 PRAIRIE RIDGE RD,7/23/2020 2:58,Service Completed,Resolved,2020-05-09 02:57:00,172019,101004023377,2020-05-09,2:57,2020-07-23,2:58
172018-101004023355,Tree Trim,Parks and Recreation,1800 HUTCHINS ST&2200 JEFFERSON ST,7/23/2020 0:44,Service Completed,Resolved,2020-05-09 00:43:00,172018,101004023355,2020-05-09,0:43,2020-07-23,0:44
172017-101004023339,Tree Removal,Parks and Recreation,541 S 75TH ST,6/28/2020 22:59,Service Completed,Resolved,2020-05-08 22:58:00,172017,101004023339,2020-05-08,22:58,2020-06-28,22:59
172016-101004023330,Tree Trim,Parks and Recreation,5750 N BRAESWOOD BLVD&9400 HILLCROFT AVE,7/22/2020 22:10,Service Completed,Resolved,2020-05-08 22:09:00,172016,101004023330,2020-05-08,22:09,2020-07-22,22:10
172015-101004023141,Tree Trim,Parks and Recreation,1004 W 14TH ST,7/22/2020 13:25,Service Completed,Resolved,2020-05-08 13:24:00,172015,101004023141,2020-05-08,13:24,2020-07-22,13:25
172014-101004023121,Tree Trim,Parks and Recreation,1400 ANNE DR&9200 RANGELY DR,7/22/2020 13:05,Service Completed,Resolved,2020-05-08 13:04:00,172014,101004023121,2020-05-08,13:04,2020-07-22,13:05
172013-101004023103,Tree Trim,Parks and Recreation,1319 RICHMOND AVE,7/22/2020 12:43,Service Completed,Resolved,2020-05-08 12:42:00,172013,101004023103,2020-05-08,12:42,2020-07-22,12:43
172012-101004022926,Tree Removal,Parks and Recreation,6602 GOLDSPIER ST,6/28/2020 11:14,Service Completed,Resolved,2020-05-08 11:13:00,172012,101004022926,2020-05-08,11:13,2020-06-28,11:14
172011-101004022922,Tree Removal,Parks and Recreation,4211 ROCK SPRINGS DR,6/28/2020 11:10,Service Completed,Resolved,2020-05-08 11:09:00,172011,101004022922,2020-05-08,11:09,2020-06-28,11:10
172010-101004022773,Tree Removal,Parks and Recreation,7610 HOPEWELL LN,6/28/2020 10:09,Service Completed,Resolved,2020-05-08 10:08:00,172010,101004022773,2020-05-08,10:08,2020-06-28,10:09
172009-101004022772,Tree Trim,Parks and Recreation,4414 BRISBANE ST,7/22/2020 10:08,Service Completed,Resolved,2020-05-08 10:07:00,172009,101004022772,2020-05-08,10:07,2020-07-22,10:08
172008-101004022734,Tree Removal,Parks and Recreation,449 W 24TH ST,6/28/2020 9:54,Service Completed,Resolved,2020-05-08 09:53:00,172008,101004022734,2020-05-08,9:53,2020-06-28,9:54
172007-101004022723,Tree Removal,Parks and Recreation,7302 KELLER ST,6/28/2020 9:50,Service Completed,Resolved,2020-05-08 09:49:00,172007,101004022723,2020-05-08,9:49,2020-06-28,9:50
172006-101004022722,Tree Trim,Parks and Recreation,4818 MCKINNEY ST,7/22/2020 9:49,Service Completed,Resolved,2020-05-08 09:48:00,172006,101004022722,2020-05-08,9:48,2020-07-22,9:49
172005-101004022678,Tree Trim,Parks and Recreation,4926 OLD BRICKHOUSE DR,7/22/2020 9:32,Service Completed,Resolved,2020-05-08 09:31:00,172005,101004022678,2020-05-08,9:31,2020-07-22,9:32
172004-101004022664,Tree Removal,Parks and Recreation,2507 WICHITA ST,6/28/2020 9:25,Service Completed,Resolved,2020-05-08 09:24:00,172004,101004022664,2020-05-08,9:24,2020-06-28,9:25
172001-101004022427,Tree Removal,Parks and Recreation,819 REDAN ST,6/28/2020 7:33,Service Completed,Resolved,2020-05-08 07:32:00,172001,101004022427,2020-05-08,7:32,2020-06-28,7:33
172000-101004022395,Tree Trim,Parks and Recreation,6600 SANDS POINT DR,7/22/2020 7:19,Service Completed,Resolved,2020-05-08 07:18:00,172000,101004022395,2020-05-08,7:18,2020-07-22,7:19
171997-101004022307,Tree Removal,Parks and Recreation,8910 PECAN PLACE DR,6/28/2020 6:45,Service Completed,Resolved,2020-05-08 06:44:00,171997,101004022307,2020-05-08,6:44,2020-06-28,6:45
171996-101004022114,Tree Trim,Parks and Recreation,6203 CHEENA DR,7/22/2020 5:36,Service Completed,Resolved,2020-05-08 05:35:00,171996,101004022114,2020-05-08,5:35,2020-07-22,5:36
171995-101004022064,Tree Trim,Parks and Recreation,4200 AIRLINE DR,7/22/2020 5:17,Service Completed,Resolved,2020-05-08 05:16:00,171995,101004022064,2020-05-08,5:16,2020-07-22,5:17
171994-101004022009,Tree Trim,Parks and Recreation,1300 FAIRBANKS ST&5600 GANO ST,7/22/2020 4:56,Service Completed,Resolved,2020-05-08 04:55:00,171994,101004022009,2020-05-08,4:55,2020-07-22,4:56
171993-101004021979,Tree Trim,Parks and Recreation,2710 MORNINGVIEW DR,7/22/2020 4:45,Service Completed,Resolved,2020-05-08 04:44:00,171993,101004021979,2020-05-08,4:44,2020-07-22,4:45
171992-101004021957,Tree Trim,Parks and Recreation,1300 FAIRBANKS ST&5600 GANO ST,7/22/2020 4:38,Service Completed,Resolved,2020-05-08 04:37:00,171992,101004021957,2020-05-08,4:37,2020-07-22,4:38
171991-101004021942,Tree Trim,Parks and Recreation,7431 AVENUE E,7/22/2020 4:31,Service Completed,Resolved,2020-05-08 04:30:00,171991,101004021942,2020-05-08,4:30,2020-07-22,4:31
171990-101004021917,Tree Trim,Parks and Recreation,8300 BONNER DR&4600 RADCLIFFE,7/22/2020 4:17,Service Completed,Resolved,2020-05-08 04:16:00,171990,101004021917,2020-05-08,4:16,2020-07-22,4:17
171989-101004021873,Tree Trim,Parks and Recreation,4342 OAK SHADOWS DR,7/22/2020 3:56,Service Completed,Resolved,2020-05-08 03:55:00,171989,101004021873,2020-05-08,3:55,2020-07-22,3:56
171983-101004021674,Tree Removal,Parks and Recreation,4610 BRINKMAN ST,6/27/2020 21:31,Service Completed,Resolved,2020-05-07 21:30:00,171983,101004021674,2020-05-07,21:30,2020-06-27,21:31
171982-101004021545,Tree Trim,Parks and Recreation,2600 KETTERING DR&4600 WESTHEIMER RD,7/21/2020 14:32,Service Completed,Resolved,2020-05-07 14:31:00,171982,101004021545,2020-05-07,14:31,2020-07-21,14:32
101004021266,Tree Trim,Parks and Recreation,1704 A STUART ST,7/21/2020 11:04,Service Completed,Resolved,2020-05-07 11:03:00, ,101004021266,2020-05-07,11:03,2020-07-21,11:04
171981-101004021232,Tree Trim,Parks and Recreation,5666 BELCREST ST,7/21/2020 10:51,Service Completed,Resolved,2020-05-07 10:50:00,171981,101004021232,2020-05-07,10:50,2020-07-21,10:51
171980-101004021175,Tree Removal,Parks and Recreation,1006 E 26TH ST,6/27/2020 10:26,Service Completed,Resolved,2020-05-07 10:25:00,171980,101004021175,2020-05-07,10:25,2020-06-27,10:26
171978-101004021115,Tree Trim,Parks and Recreation,600 E 7TH 1/2 ST&750 OXFORD ST,7/21/2020 9:57,Service Completed,Resolved,2020-05-07 09:56:00,171978,101004021115,2020-05-07,9:56,2020-07-21,9:57
171976-101004020990,Tree Removal,Parks and Recreation,3105 GARROW ST,6/27/2020 9:02,Service Completed,Resolved,2020-05-07 09:01:00,171976,101004020990,2020-05-07,9:01,2020-06-27,9:02
171975-101004020881,Tree Removal,Parks and Recreation,726 EASTLAKE ST,6/27/2020 8:12,Service Completed,Resolved,2020-05-07 08:11:00,171975,101004020881,2020-05-07,8:11,2020-06-27,8:12
171974-101004020773,Tree Removal,Parks and Recreation,1019 ELTON ST,6/27/2020 7:24,Service Completed,Resolved,2020-05-07 07:23:00,171974,101004020773,2020-05-07,7:23,2020-06-27,7:24
171972-101004020755,Tree Trim,Parks and Recreation,10815 LANGDON LN,7/21/2020 7:15,Service Completed,Resolved,2020-05-07 07:14:00,171972,101004020755,2020-05-07,7:14,2020-07-21,7:15
171973-101004020753,Tree Trim,Parks and Recreation,8600 BISSONNET ST&9600 S GESSNER RD,7/21/2020 7:15,Service Completed,Resolved,2020-05-07 07:14:00,171973,101004020753,2020-05-07,7:14,2020-07-21,7:15
171971-101004020601,Tree Trim,Parks and Recreation,4046 LEMAC DR,7/21/2020 6:21,Service Completed,Resolved,2020-05-07 06:20:00,171971,101004020601,2020-05-07,6:20,2020-07-21,6:21
101004020328,Tree Removal,Parks and Recreation,1316 STORY ST,6/27/2020 4:32,Service Completed,Resolved,2020-05-07 04:31:00, ,101004020328,2020-05-07,4:31,2020-06-27,4:32
171969-101004020309,Tree Trim,Parks and Recreation,3431 MILBRAD ST,7/21/2020 4:19,Service Completed,Resolved,2020-05-07 04:18:00,171969,101004020309,2020-05-07,4:18,2020-07-21,4:19
171968-101004020285,Tree Removal,Parks and Recreation,9422 HIGHMEADOW DR,6/27/2020 4:08,Service Completed,Resolved,2020-05-07 04:07:00,171968,101004020285,2020-05-07,4:07,2020-06-27,4:08
171967-101004020228,Tree Trim,Parks and Recreation,11900 ASHCROFT DR&5840 LUDINGTON DR,7/21/2020 3:37,Service Completed,Resolved,2020-05-07 03:36:00,171967,101004020228,2020-05-07,3:36,2020-07-21,3:37
171966-101004020207,Tree Trim,Parks and Recreation,6900 JAPONICA ST&1800 REDWOOD ST,7/21/2020 3:23,Service Completed,Resolved,2020-05-07 03:22:00,171966,101004020207,2020-05-07,3:22,2020-07-21,3:23
171965-101004020201,Tree Removal,Parks and Recreation,818 YORKSHIRE ST,6/27/2020 3:18,Service Completed,Resolved,2020-05-07 03:17:00,171965,101004020201,2020-05-07,3:17,2020-06-27,3:18
171959-101004020137,Tree Removal,Parks and Recreation,16202 BOWRIDGE LN,6/27/2020 2:08,Service Completed,Resolved,2020-05-07 02:07:00,171959,101004020137,2020-05-07,2:07,2020-06-27,2:08
171958-101004020062,Tree Trim,Parks and Recreation,600 BERING DR&5800 WOODWAY DR,7/20/2020 20:38,Service Completed,Resolved,2020-05-06 20:37:00,171958,101004020062,2020-05-06,20:37,2020-07-20,20:38
171957-101004019888,Tree Trim,Parks and Recreation,16202 BOWRIDGE LN,7/20/2020 13:32,Service Completed,Resolved,2020-05-06 13:31:00,171957,101004019888,2020-05-06,13:31,2020-07-20,13:32
171956-101004019762,Tree Trim,Parks and Recreation,7020 AMARILLO ST,7/20/2020 11:39,Service Completed,Resolved,2020-05-06 11:38:00,171956,101004019762,2020-05-06,11:38,2020-07-20,11:39
171955-101004019751,Tree Trim,Parks and Recreation,903 EASTLAKE ST,7/20/2020 11:32,Service Completed,Resolved,2020-05-06 11:31:00,171955,101004019751,2020-05-06,11:31,2020-07-20,11:32
171954-101004019721,Tree Trim,Parks and Recreation,301 ALTIC ST,7/20/2020 11:17,Service Completed,Resolved,2020-05-06 11:16:00,171954,101004019721,2020-05-06,11:16,2020-07-20,11:17
171953-101004019612,Tree Removal,Parks and Recreation,510 VINCENT ST,6/26/2020 10:16,Service Completed,Resolved,2020-05-06 10:15:00,171953,101004019612,2020-05-06,10:15,2020-06-26,10:16
171952-101004019610,Tree Trim,Parks and Recreation,5800 TEAGUE RD,7/20/2020 10:15,Service Completed,Resolved,2020-05-06 10:14:00,171952,101004019610,2020-05-06,10:14,2020-07-20,10:15
171951-101004019428,Tree Trim,Parks and Recreation,11022 ROANDALE DR,7/20/2020 8:31,Service Completed,Resolved,2020-05-06 08:30:00,171951,101004019428,2020-05-06,8:30,2020-07-20,8:31
171950-101004019378,Tree Trim,Parks and Recreation,411 EUCLID ST,7/20/2020 8:05,Service Completed,Resolved,2020-05-06 08:04:00,171950,101004019378,2020-05-06,8:04,2020-07-20,8:05
171949-101004019368,Tree Removal,Parks and Recreation,6146 ANDWOOD ST,6/26/2020 8:00,Service Completed,Resolved,2020-05-06 07:59:00,171949,101004019368,2020-05-06,7:59,2020-06-26,8:00
171948-101004019346,Tree Trim,Parks and Recreation,8202 WATEKA,7/20/2020 7:39,Service Completed,Resolved,2020-05-06 07:38:00,171948,101004019346,2020-05-06,7:38,2020-07-20,7:39
171947-101004019291,Tree Removal,Parks and Recreation,1423 RICHMOND AVE,6/26/2020 6:58,Service Completed,Resolved,2020-05-06 06:57:00,171947,101004019291,2020-05-06,6:57,2020-06-26,6:58
171945-101004019198,Tree Trim,Parks and Recreation,8868 CHATSWORTH DR,7/20/2020 6:11,Service Completed,Resolved,2020-05-06 06:10:00,171945,101004019198,2020-05-06,6:10,2020-07-20,6:11
171944-101004019156,Tree Trim,Parks and Recreation,4200 GALVESTON RD&100 ROCKLEIGH PL&4040 WYNE,7/20/2020 5:50,Service Completed,Resolved,2020-05-06 05:49:00,171944,101004019156,2020-05-06,5:49,2020-07-20,5:50
171943-101004018975,Tree Removal,Parks and Recreation,4241 KINGWOOD DR,6/26/2020 4:35,Service Completed,Resolved,2020-05-06 04:34:00,171943,101004018975,2020-05-06,4:34,2020-06-26,4:35
171941-101004018973,Tree Planting,Parks and Recreation,307 TIMBER TERRACE RD,5/31/2020 4:35,Service Completed,Resolved,2020-05-06 04:34:00,171941,101004018973,2020-05-06,4:34,2020-05-31,4:35
171939-101004018962,Tree Trim,Parks and Recreation,519 COMILE ST,7/20/2020 4:31,Service Completed,Resolved,2020-05-06 04:30:00,171939,101004018962,2020-05-06,4:30,2020-07-20,4:31
171940-101004018960,Tree Trim,Parks and Recreation,4102 LAMAR ST,7/20/2020 4:31,Service Completed,Resolved,2020-05-06 04:30:00,171940,101004018960,2020-05-06,4:30,2020-07-20,4:31
171937-101004018888,Tree Trim,Parks and Recreation,4113 MALLOW ST,7/20/2020 3:54,Service Completed,Resolved,2020-05-06 03:53:00,171937,101004018888,2020-05-06,3:53,2020-07-20,3:54
171936-101004018869,Tree Trim,Parks and Recreation,8110 ARROWHEAD LN,7/20/2020 3:38,Service Completed,Resolved,2020-05-06 03:37:00,171936,101004018869,2020-05-06,3:37,2020-07-20,3:38
171935-101004018831,Tree Removal,Parks and Recreation,10310 PINE MOSS DR,6/26/2020 3:15,Service Completed,Resolved,2020-05-06 03:14:00,171935,101004018831,2020-05-06,3:14,2020-06-26,3:15
171934-101004018800,Tree Removal,Parks and Recreation,5500 SHADOW CREST ST,6/26/2020 2:42,Service Completed,Resolved,2020-05-06 02:41:00,171934,101004018800,2020-05-06,2:41,2020-06-26,2:42
171930-101004018751,Tree Trim,Parks and Recreation,9720 SPAULDING ST,7/20/2020 1:25,Service Completed,Resolved,2020-05-06 01:24:00,171930,101004018751,2020-05-06,1:24,2020-07-20,1:25
355752-101004018692,Tree Removal,Parks and Recreation,1000 W 14TH ST&1400 LAWRENCE ST ,6/25/2020 20:25,Service Completed,Resolved,2020-05-05 20:24:00,355752,101004018692,2020-05-05,20:24,2020-06-25,20:25
171924-101004018299,Tree Trim,Parks and Recreation,10400 KIRKGLEN DR&11800 KIRKHOLM DR ,7/19/2020 11:18,Service Completed,Resolved,2020-05-05 11:17:00,171924,101004018299,2020-05-05,11:17,2020-07-19,11:18
171923-101004018288,Tree Trim,Parks and Recreation,7107 PALMETTO ST,7/19/2020 11:15,Service Completed,Resolved,2020-05-05 11:14:00,171923,101004018288,2020-05-05,11:14,2020-07-19,11:15
171922-101004018275,Tree Trim,Parks and Recreation,1903 W 14TH 1/2 ST,7/19/2020 11:10,Service Completed,Resolved,2020-05-05 11:09:00,171922,101004018275,2020-05-05,11:09,2020-07-19,11:10
171921-101004018270,Tree Trim,Parks and Recreation,1015 WYNNWOOD LN,7/19/2020 11:06,Service Completed,Resolved,2020-05-05 11:05:00,171921,101004018270,2020-05-05,11:05,2020-07-19,11:06
171919-101004018240,Tree Trim,Parks and Recreation,1000 GROVEWOOD LN&1220 TIMBERGROVE LN ,7/19/2020 10:56,Service Completed,Resolved,2020-05-05 10:55:00,171919,101004018240,2020-05-05,10:55,2020-07-19,10:56
171918-101004018232,Tree Trim,Parks and Recreation,1000 T C JESTER BLVD&1100 TIMBERGROVE LN ,7/19/2020 10:50,Service Completed,Resolved,2020-05-05 10:49:00,171918,101004018232,2020-05-05,10:49,2020-07-19,10:50
171917-101004018225,Tree Trim,Parks and Recreation,193 WOODVALE ST,7/19/2020 10:44,Service Completed,Resolved,2020-05-05 10:43:00,171917,101004018225,2020-05-05,10:43,2020-07-19,10:44
171915-101004018184,Tree Trim,Parks and Recreation,1803 STONEY BROOK DR,7/19/2020 10:30,Service Completed,Resolved,2020-05-05 10:29:00,171915,101004018184,2020-05-05,10:29,2020-07-19,10:30
171913-101004018018,Tree Removal,Parks and Recreation,6737 AVENUE E,6/25/2020 9:21,Service Completed,Resolved,2020-05-05 09:20:00,171913,101004018018,2020-05-05,9:20,2020-06-25,9:21
171912-101004017996,Tree Trim,Parks and Recreation,7800 DENTON ST&8200 GREEN RIVER DR,7/19/2020 9:15,Service Completed,Resolved,2020-05-05 09:14:00,171912,101004017996,2020-05-05,9:14,2020-07-19,9:15
101004017969,Tree Trim,Parks and Recreation,5025 PARK DR,7/19/2020 9:03,Service Completed,Resolved,2020-05-05 09:02:00, ,101004017969,2020-05-05,9:02,2020-07-19,9:03
171910-101004017931,Tree Trim,Parks and Recreation,1053 LUCKY ST,7/19/2020 8:48,Service Completed,Resolved,2020-05-05 08:47:00,171910,101004017931,2020-05-05,8:47,2020-07-19,8:48
171909-101004017919,Tree Removal,Parks and Recreation,818 SUL ROSS ST,6/25/2020 8:42,Service Completed,Resolved,2020-05-05 08:41:00,171909,101004017919,2020-05-05,8:41,2020-06-25,8:42
171908-101004017891,Tree Trim,Parks and Recreation,3350 BREEZEWOOD DR,7/19/2020 8:24,Service Completed,Resolved,2020-05-05 08:23:00,171908,101004017891,2020-05-05,8:23,2020-07-19,8:24
171907-101004017839,Tree Trim,Parks and Recreation,9701 LARSTON ST,7/19/2020 7:49,Service Completed,Resolved,2020-05-05 07:48:00,171907,101004017839,2020-05-05,7:48,2020-07-19,7:49
171906-101004017777,Tree Trim,Parks and Recreation,8122 WETHERBY LN,7/19/2020 7:27,Service Completed,Resolved,2020-05-05 07:26:00,171906,101004017777,2020-05-05,7:26,2020-07-19,7:27
171904-101004017749,Tree Removal,Parks and Recreation,7605 POINTER ST,6/25/2020 7:16,Service Completed,Resolved,2020-05-05 07:15:00,171904,101004017749,2020-05-05,7:15,2020-06-25,7:16
171901-101004017522,Tree Trim,Parks and Recreation,8200 WATEKA CIR&8922 WATEKA DR,7/19/2020 5:46,Service Completed,Resolved,2020-05-05 05:45:00,171901,101004017522,2020-05-05,5:45,2020-07-19,5:46
171900-101004017517,Tree Removal,Parks and Recreation,11226 SAGEVILLE DR,6/25/2020 5:45,Service Completed,Resolved,2020-05-05 05:44:00,171900,101004017517,2020-05-05,5:44,2020-06-25,5:45
171899-101004017506,Tree Trim,Parks and Recreation,5823 PHILLIPS ST,7/19/2020 5:40,Service Completed,Resolved,2020-05-05 05:39:00,171899,101004017506,2020-05-05,5:39,2020-07-19,5:40
171898-101004017505,Tree Trim,Parks and Recreation,8200 WATEKA CIR&8922 WATEKA DR,7/19/2020 5:40,Service Completed,Resolved,2020-05-05 05:39:00,171898,101004017505,2020-05-05,5:39,2020-07-19,5:40
171896-101004017500,Tree Trim,Parks and Recreation,11002 JUTLAND RD,7/19/2020 5:38,Service Completed,Resolved,2020-05-05 05:37:00,171896,101004017500,2020-05-05,5:37,2020-07-19,5:38
171895-101004017364,Tree Trim,Parks and Recreation,1616 W LITTLE YORK RD,7/19/2020 4:42,Service Completed,Resolved,2020-05-05 04:41:00,171895,101004017364,2020-05-05,4:41,2020-07-19,4:42
171894-101004017285,Tree Trim,Parks and Recreation,8839 COMAL ST,7/19/2020 4:15,Service Completed,Resolved,2020-05-05 04:14:00,171894,101004017285,2020-05-05,4:14,2020-07-19,4:15
171893-101004017262,Tree Removal,Parks and Recreation,9903 VALLEY SUN DR,6/25/2020 4:06,Service Completed,Resolved,2020-05-05 04:05:00,171893,101004017262,2020-05-05,4:05,2020-06-25,4:06
171892-101004017217,Tree Trim,Parks and Recreation,10965 GESSNER DR,7/19/2020 3:46,Service Completed,Resolved,2020-05-05 03:45:00,171892,101004017217,2020-05-05,3:45,2020-07-19,3:46
171891-101004017186,Tree Trim,Parks and Recreation,11531 FM 1960 RD,7/19/2020 3:33,Service Completed,Resolved,2020-05-05 03:32:00,171891,101004017186,2020-05-05,3:32,2020-07-19,3:33
171888-101004016888,Tree Trim,Parks and Recreation,11500 ENDICOTT LN&5270 MCKNIGHT ST ,7/18/2020 15:21,Service Completed,Resolved,2020-05-04 15:20:00,171888,101004016888,2020-05-04,15:20,2020-07-18,15:21
171887-101004016815,Tree Trim,Parks and Recreation,6647 AVENUE K,7/18/2020 14:17,Service Completed,Resolved,2020-05-04 14:16:00,171887,101004016815,2020-05-04,14:16,2020-07-18,14:17
171886-101004016756,Tree Trim,Parks and Recreation,3400 GOLDEN TRAILS DR&4200 VILLA HILL DR,7/18/2020 13:17,Service Completed,Resolved,2020-05-04 13:16:00,171886,101004016756,2020-05-04,13:16,2020-07-18,13:17
171885-101004016732,Tree Trim,Parks and Recreation,3809 LIBERTY RD,7/18/2020 12:56,Service Completed,Resolved,2020-05-04 12:55:00,171885,101004016732,2020-05-04,12:55,2020-07-18,12:56
101004016708,Tree Trim,Parks and Recreation,510 FRAWLEY ST,7/18/2020 12:35,Service Completed,Resolved,2020-05-04 12:34:00, ,101004016708,2020-05-04,12:34,2020-07-18,12:35
171883-101004016627,Tree Trim,Parks and Recreation,902 GRAND OAKS DR,7/18/2020 11:44,Service Completed,Resolved,2020-05-04 11:43:00,171883,101004016627,2020-05-04,11:43,2020-07-18,11:44
171882-101004016623,Tree Trim,Parks and Recreation,12815 EMPORIA ST,7/18/2020 11:43,Service Completed,Resolved,2020-05-04 11:42:00,171882,101004016623,2020-05-04,11:42,2020-07-18,11:43
171881-101004016582,Tree Trim,Parks and Recreation,16626 SEAWOLF DR,7/18/2020 11:21,Service Completed,Resolved,2020-05-04 11:20:00,171881,101004016582,2020-05-04,11:20,2020-07-18,11:21
171880-101004016551,Tree Removal,Parks and Recreation,7138 CANAL ST,6/24/2020 11:08,Service Completed,Resolved,2020-05-04 11:07:00,171880,101004016551,2020-05-04,11:07,2020-06-24,11:08
171879-101004016408,Tree Removal,Parks and Recreation,7135 SIMS DR,6/24/2020 10:16,Service Completed,Resolved,2020-05-04 10:15:00,171879,101004016408,2020-05-04,10:15,2020-06-24,10:16
171878-101004016262,Tree Removal,Parks and Recreation,1202 DIEZ ST,6/24/2020 9:12,Service Completed,Resolved,2020-05-04 09:11:00,171878,101004016262,2020-05-04,9:11,2020-06-24,9:12
101004016251,Tree Trim,Parks and Recreation,10400 CLIFFWOOD DR&4606 WAYNESBORO DR,7/18/2020 9:03,Service Completed,Resolved,2020-05-04 09:02:00, ,101004016251,2020-05-04,9:02,2020-07-18,9:03
171876-101004016246,Tree Trim,Parks and Recreation,5346 BEECHNUT ST,7/18/2020 9:02,Service Completed,Resolved,2020-05-04 09:01:00,171876,101004016246,2020-05-04,9:01,2020-07-18,9:02
171875-101004016241,Tree Trim,Parks and Recreation,5943 RUTHERGLENN DR,7/18/2020 8:59,Service Completed,Resolved,2020-05-04 08:58:00,171875,101004016241,2020-05-04,8:58,2020-07-18,8:59
171874-101004016211,Tree Trim,Parks and Recreation,7344 WALKER ST,7/18/2020 8:47,Service Completed,Resolved,2020-05-04 08:46:00,171874,101004016211,2020-05-04,8:46,2020-07-18,8:47
171873-101004016117,Tree Trim,Parks and Recreation,5939 DARKWOOD DR,7/18/2020 8:03,Service Completed,Resolved,2020-05-04 08:02:00,171873,101004016117,2020-05-04,8:02,2020-07-18,8:03
171872-101004016110,Tree Trim,Parks and Recreation,550 MCKINNEY ST,7/18/2020 8:00,Service Completed,Resolved,2020-05-04 07:59:00,171872,101004016110,2020-05-04,7:59,2020-07-18,8:00
171871-101004016028,Tree Trim,Parks and Recreation,2320 EMANCIPATION AVE,7/18/2020 7:29,Service Completed,Resolved,2020-05-04 07:28:00,171871,101004016028,2020-05-04,7:28,2020-07-18,7:29
171870-101004015938,Tree Removal,Parks and Recreation,1910 WOODLAND PARK DR,6/24/2020 6:57,Service Completed,Resolved,2020-05-04 06:56:00,171870,101004015938,2020-05-04,6:56,2020-06-24,6:57
171869-101004015912,Tree Removal,Parks and Recreation,1638 CORTLANDT ST,6/24/2020 6:45,Service Completed,Resolved,2020-05-04 06:44:00,171869,101004015912,2020-05-04,6:44,2020-06-24,6:45
171868-101004015851,Tree Removal,Parks and Recreation,626 KENWOOD LN,6/24/2020 6:18,Service Completed,Resolved,2020-05-04 06:17:00,171868,101004015851,2020-05-04,6:17,2020-06-24,6:18
101004015795,Tree Removal,Parks and Recreation,3229 ROCHDALE ST,6/24/2020 5:57,Service Completed,Resolved,2020-05-04 05:56:00, ,101004015795,2020-05-04,5:56,2020-06-24,5:57
171867-101004015792,Tree Removal,Parks and Recreation,1321 WILBURFORCE ST,6/24/2020 5:56,Service Completed,Resolved,2020-05-04 05:55:00,171867,101004015792,2020-05-04,5:55,2020-06-24,5:56
171866-101004015705,Tree Removal,Parks and Recreation,3715 S WAYSIDE DR,6/24/2020 5:25,Service Completed,Resolved,2020-05-04 05:24:00,171866,101004015705,2020-05-04,5:24,2020-06-24,5:25
171859-101004015362,Tree Trim,Parks and Recreation,11226 SAGEVILLE DR,7/18/2020 1:26,Service Completed,Resolved,2020-05-04 01:25:00,171859,101004015362,2020-05-04,1:25,2020-07-18,1:26
355712-101004015185,Tree Trim,Parks and Recreation,5722 OVERDALE ST,7/17/2020 13:57,Service Completed,Resolved,2020-05-03 13:56:00,355712,101004015185,2020-05-03,13:56,2020-07-17,13:57
171854-101004015067,Tree Trim,Parks and Recreation,8500 KIRBY DR&2300 S LOOP FWY W,7/17/2020 9:30,Service Completed,Resolved,2020-05-03 09:29:00,171854,101004015067,2020-05-03,9:29,2020-07-17,9:30
171853-101004015001,Tree Removal,Parks and Recreation,5739 HIRONDEL ST,6/23/2020 7:39,Service Completed,Resolved,2020-05-03 07:38:00,171853,101004015001,2020-05-03,7:38,2020-06-23,7:39
171852-101004014756,Tree Trim,Parks and Recreation,12302 RINCON DR,7/16/2020 15:23,Service Completed,Resolved,2020-05-02 15:22:00,171852,101004014756,2020-05-02,15:22,2020-07-16,15:23
171851-101004014701,Tree Removal,Parks and Recreation,1211 MARCONI ST,6/22/2020 12:39,Service Completed,Resolved,2020-05-02 12:38:00,171851,101004014701,2020-05-02,12:38,2020-06-22,12:39
171850-101004014698,Tree Trim,Parks and Recreation,4510 VERDOME LN,7/16/2020 12:37,Service Completed,Resolved,2020-05-02 12:36:00,171850,101004014698,2020-05-02,12:36,2020-07-16,12:37
171849-101004014269,Tree Trim,Parks and Recreation,1800 MATAMORAS ST&7406 TIPPS ST,7/15/2020 22:37,Service Completed,Resolved,2020-05-01 22:36:00,171849,101004014269,2020-05-01,22:36,2020-07-15,22:37
171848-101004014262,Tree Trim,Parks and Recreation,6520 ALMEDA RD,7/15/2020 22:04,Service Completed,Resolved,2020-05-01 22:03:00,171848,101004014262,2020-05-01,22:03,2020-07-15,22:04
171846-101004014154,Tree Removal,Parks and Recreation,8602 SHADY VISTA LN,6/21/2020 14:47,Service Completed,Resolved,2020-05-01 14:46:00,171846,101004014154,2020-05-01,14:46,2020-06-21,14:47
171845-101004014151,Tree Trim,Parks and Recreation,1900 COMMONWEALTH ST&1500 VERMONT ST,7/15/2020 14:37,Service Completed,Resolved,2020-05-01 14:36:00,171845,101004014151,2020-05-01,14:36,2020-07-15,14:37
171844-101004014101,Tree Removal,Parks and Recreation,3601 CRANE ST,6/21/2020 13:14,Service Completed,Resolved,2020-05-01 13:13:00,171844,101004014101,2020-05-01,13:13,2020-06-21,13:14
171843-101004014073,Tree Trim,Parks and Recreation,4900 CRAWFORD ST&1600 ROSEDALE ST,7/15/2020 12:51,Service Completed,Resolved,2020-05-01 12:50:00,171843,101004014073,2020-05-01,12:50,2020-07-15,12:51
171842-101004013992,Tree Removal,Parks and Recreation,159 LUTHER ST,6/21/2020 11:57,Service Completed,Resolved,2020-05-01 11:56:00,171842,101004013992,2020-05-01,11:56,2020-06-21,11:57
171841-101004013925,Tree Trim,Parks and Recreation,8750 E RYLANDER CIR,7/15/2020 11:17,Service Completed,Resolved,2020-05-01 11:16:00,171841,101004013925,2020-05-01,11:16,2020-07-15,11:17
171840-101004013690,Tree Trim,Parks and Recreation,540 34TH ST,7/15/2020 9:15,Service Completed,Resolved,2020-05-01 09:14:00,171840,101004013690,2020-05-01,9:14,2020-07-15,9:15
171839-101004013655,Tree Trim,Parks and Recreation,7802 GROVE RIDGE DR,7/15/2020 8:55,Service Completed,Resolved,2020-05-01 08:54:00,171839,101004013655,2020-05-01,8:54,2020-07-15,8:55
171837-101004013530,Tree Removal,Parks and Recreation,5722 JACKWOOD ST,6/21/2020 7:51,Service Completed,Resolved,2020-05-01 07:50:00,171837,101004013530,2020-05-01,7:50,2020-06-21,7:51
171836-101004013460,Tree Trim,Parks and Recreation,5775 GREENCRAIG DR,7/15/2020 7:23,Service Completed,Resolved,2020-05-01 07:22:00,171836,101004013460,2020-05-01,7:22,2020-07-15,7:23
171829-101004012978,Tree Removal,Parks and Recreation,600 HESLEP ST&700 VINCENT ST,6/21/2020 4:13,Service Completed,Resolved,2020-05-01 04:12:00,171829,101004012978,2020-05-01,4:12,2020-06-21,4:13
171828-101004012950,Tree Trim,Parks and Recreation,12715 VILLAWOOD LN,7/15/2020 4:03,Service Completed,Resolved,2020-05-01 04:02:00,171828,101004012950,2020-05-01,4:02,2020-07-15,4:03
171825-101004012829,Tree Removal,Parks and Recreation,4934 BROOM ST,6/21/2020 3:00,Service Completed,Resolved,2020-05-01 02:59:00,171825,101004012829,2020-05-01,2:59,2020-06-21,3:00
171824-101004012758,Tree Trim,Parks and Recreation,2014 CROCKER ST,7/14/2020 21:55,Service Completed,Resolved,2020-04-30 21:54:00,171824,101004012758,2020-04-30,21:54,2020-07-14,21:55
171823-101004012591,Tree Removal,Parks and Recreation,9834 EDGEWORTH ST,6/20/2020 13:36,Service Completed,Resolved,2020-04-30 13:35:00,171823,101004012591,2020-04-30,13:35,2020-06-20,13:36
171822-101004012584,Tree Trim,Parks and Recreation,2520 CUMBERLAND ST,7/14/2020 13:28,Service Completed,Resolved,2020-04-30 13:27:00,171822,101004012584,2020-04-30,13:27,2020-07-14,13:28
171821-101004012573,Tree Trim,Parks and Recreation,400 65TH ST&6500 SHERMAN ST,7/14/2020 13:11,Service Completed,Resolved,2020-04-30 13:10:00,171821,101004012573,2020-04-30,13:10,2020-07-14,13:11
171820-101004012554,Tree Trim,Parks and Recreation,4100 CRANE ST&4000 FALLS ST,7/14/2020 12:51,Service Completed,Resolved,2020-04-30 12:50:00,171820,101004012554,2020-04-30,12:50,2020-07-14,12:51
171819-101004012471,Tree Trim,Parks and Recreation,5200 W BELLFORT AVE&5242 BRIARBEND DR,7/14/2020 11:48,Service Completed,Resolved,2020-04-30 11:47:00,171819,101004012471,2020-04-30,11:47,2020-07-14,11:48
171817-101004012420,Tree Trim,Parks and Recreation,12058 GREEN GLADE DR,7/14/2020 11:26,Service Completed,Resolved,2020-04-30 11:25:00,171817,101004012420,2020-04-30,11:25,2020-07-14,11:26
171818-101004012418,Tree Trim,Parks and Recreation,5014 REDBUD ST,7/14/2020 11:25,Service Completed,Resolved,2020-04-30 11:24:00,171818,101004012418,2020-04-30,11:24,2020-07-14,11:25
171816-101004012403,Tree Removal,Parks and Recreation,3710 GALWAY LN,6/20/2020 11:15,Service Completed,Resolved,2020-04-30 11:14:00,171816,101004012403,2020-04-30,11:14,2020-06-20,11:15
171815-101004012311,Tree Removal,Parks and Recreation,8302 TATE ST,6/20/2020 10:37,Service Completed,Resolved,2020-04-30 10:36:00,171815,101004012311,2020-04-30,10:36,2020-06-20,10:37
171814-101004012289,Tree Trim,Parks and Recreation,4003 CRANE ST,7/14/2020 10:31,Service Completed,Resolved,2020-04-30 10:30:00,171814,101004012289,2020-04-30,10:30,2020-07-14,10:31
171812-101004012198,Tree Trim,Parks and Recreation,7517 N FINCH CIR,7/14/2020 9:55,Service Completed,Resolved,2020-04-30 09:54:00,171812,101004012198,2020-04-30,9:54,2020-07-14,9:55
171811-101004012176,Tree Trim,Parks and Recreation,402 E 18TH ST,7/14/2020 9:49,Service Completed,Resolved,2020-04-30 09:48:00,171811,101004012176,2020-04-30,9:48,2020-07-14,9:49
171809-101004012143,Tree Trim,Parks and Recreation,7520 COOK RD,7/14/2020 9:31,Service Completed,Resolved,2020-04-30 09:30:00,171809,101004012143,2020-04-30,9:30,2020-07-14,9:31
171806-101004012100,Tree Removal,Parks and Recreation,7509 S FINCH CIR,6/20/2020 9:09,Service Completed,Resolved,2020-04-30 09:08:00,171806,101004012100,2020-04-30,9:08,2020-06-20,9:09
171805-101004012089,Tree Trim,Parks and Recreation,6529 UTAH ST,7/14/2020 9:03,Service Completed,Resolved,2020-04-30 09:02:00,171805,101004012089,2020-04-30,9:02,2020-07-14,9:03
171803-101004012080,Tree Trim,Parks and Recreation,4103 HERMITAGE HOLLOW LN,7/14/2020 8:56,Service Completed,Resolved,2020-04-30 08:55:00,171803,101004012080,2020-04-30,8:55,2020-07-14,8:56
171802-101004012018,Tree Removal,Parks and Recreation,1000 CLEBURNE ST&4100 MAIN ST ,6/20/2020 8:26,Service Completed,Resolved,2020-04-30 08:25:00,171802,101004012018,2020-04-30,8:25,2020-06-20,8:26
171801-101004012015,Tree Removal,Parks and Recreation,7355 THUROW ST,6/20/2020 8:24,Service Completed,Resolved,2020-04-30 08:23:00,171801,101004012015,2020-04-30,8:23,2020-06-20,8:24
171800-101004012004,Tree Removal,Parks and Recreation,5002 AUTUMN FOREST DR,6/20/2020 8:13,Service Completed,Resolved,2020-04-30 08:12:00,171800,101004012004,2020-04-30,8:12,2020-06-20,8:13
171799-101004012001,Tree Trim,Parks and Recreation,10000 NEUENS RD&1820 WITTE RD ,7/14/2020 8:11,Service Completed,Resolved,2020-04-30 08:10:00,171799,101004012001,2020-04-30,8:10,2020-07-14,8:11
171798-101004011990,Tree Removal,Parks and Recreation,15139 JORDAN OAKS ST,6/20/2020 8:03,Service Completed,Resolved,2020-04-30 08:02:00,171798,101004011990,2020-04-30,8:02,2020-06-20,8:03
171797-101004011883,Tree Trim,Parks and Recreation,4416 STEFFANI LN,7/14/2020 7:10,Service Completed,Resolved,2020-04-30 07:09:00,171797,101004011883,2020-04-30,7:09,2020-07-14,7:10
171796-101004011848,Tree Trim,Parks and Recreation,945 DOROTHY ST,7/14/2020 6:55,Service Completed,Resolved,2020-04-30 06:54:00,171796,101004011848,2020-04-30,6:54,2020-07-14,6:55
171795-101004011839,Tree Removal,Parks and Recreation,5500 SHADOW CREST ST,6/20/2020 6:48,Service Completed,Resolved,2020-04-30 06:47:00,171795,101004011839,2020-04-30,6:47,2020-06-20,6:48
101004011831,Tree Trim,Parks and Recreation,4355 N MACGREGOR WAY,7/14/2020 6:45,Service Completed,Resolved,2020-04-30 06:44:00, ,101004011831,2020-04-30,6:44,2020-07-14,6:45
171794-101004011769,Tree Removal,Parks and Recreation,500 S 75TH ST&7500 TIPPS ST,6/20/2020 6:08,Service Completed,Resolved,2020-04-30 06:07:00,171794,101004011769,2020-04-30,6:07,2020-06-20,6:08
171792-101004011738,Tree Trim,Parks and Recreation,10306 CLIFFWOOD DR,7/14/2020 5:54,Service Completed,Resolved,2020-04-30 05:53:00,171792,101004011738,2020-04-30,5:53,2020-07-14,5:54
171793-101004011736,Tree Trim,Parks and Recreation,14300 PROVIDENCE PINE TRL&14300 WINDSOR OAKS LN,7/14/2020 5:54,Service Completed,Resolved,2020-04-30 05:53:00,171793,101004011736,2020-04-30,5:53,2020-07-14,5:54
171791-101004011677,Tree Trim,Parks and Recreation,1120 SILBER RD,7/14/2020 5:32,Service Completed,Resolved,2020-04-30 05:31:00,171791,101004011677,2020-04-30,5:31,2020-07-14,5:32
171790-101004011634,Tree Trim,Parks and Recreation,2600 CLAY ST&1400 LIVE OAK ST,7/14/2020 5:13,Service Completed,Resolved,2020-04-30 05:12:00,171790,101004011634,2020-04-30,5:12,2020-07-14,5:13
171789-101004011575,Tree Removal,Parks and Recreation,7711 CHASEWAY DR,6/20/2020 4:44,Service Completed,Resolved,2020-04-30 04:43:00,171789,101004011575,2020-04-30,4:43,2020-06-20,4:44
171788-101004011550,Tree Removal,Parks and Recreation,6400 SCHULER ST&6300 TAGGART ST,6/20/2020 4:35,Service Completed,Resolved,2020-04-30 04:34:00,171788,101004011550,2020-04-30,4:34,2020-06-20,4:35
171787-101004011536,Tree Trim,Parks and Recreation,12563 ASHFORD RIVER,7/14/2020 4:30,Service Completed,Resolved,2020-04-30 04:29:00,171787,101004011536,2020-04-30,4:29,2020-07-14,4:30
171786-101004011522,Tree Removal,Parks and Recreation,8430 COASTWAY LN,6/20/2020 4:24,Service Completed,Resolved,2020-04-30 04:23:00,171786,101004011522,2020-04-30,4:23,2020-06-20,4:24
171785-101004011490,Tree Trim,Parks and Recreation,3600 BURLINGTON ST&400 WESTMORELAND ST,7/14/2020 4:11,Service Completed,Resolved,2020-04-30 04:10:00,171785,101004011490,2020-04-30,4:10,2020-07-14,4:11
171784-101004011473,Tree Removal,Parks and Recreation,1139 WYNNWOOD LN,6/20/2020 4:06,Service Completed,Resolved,2020-04-30 04:05:00,171784,101004011473,2020-04-30,4:05,2020-06-20,4:06
171783-101004011461,Tree Removal,Parks and Recreation,3511 DREW ST,6/20/2020 4:01,Service Completed,Resolved,2020-04-30 04:00:00,171783,101004011461,2020-04-30,4:00,2020-06-20,4:01
171782-101004011441,Tree Trim,Parks and Recreation,5306 SPELLMAN RD,7/14/2020 3:48,Service Completed,Resolved,2020-04-30 03:47:00,171782,101004011441,2020-04-30,3:47,2020-07-14,3:48
171781-101004011435,Tree Trim,Parks and Recreation,10600 KINNEY RD&10900 SOUTH DR ,7/14/2020 3:44,Service Completed,Resolved,2020-04-30 03:43:00,171781,101004011435,2020-04-30,3:43,2020-07-14,3:44
171780-101004011425,Tree Trim,Parks and Recreation,8000 HILLCROFT AVE&5700 HOLLY ST,7/14/2020 3:39,Service Completed,Resolved,2020-04-30 03:38:00,171780,101004011425,2020-04-30,3:38,2020-07-14,3:39
171776-101004011346,Tree Removal,Parks and Recreation,9850 PAGEWOOD LN,6/20/2020 2:26,Service Completed,Resolved,2020-04-30 02:25:00,171776,101004011346,2020-04-30,2:25,2020-06-20,2:26
171774-101004011339,Tree Removal,Parks and Recreation,9850 PAGEWOOD LN,6/20/2020 2:23,Service Completed,Resolved,2020-04-30 02:22:00,171774,101004011339,2020-04-30,2:22,2020-06-20,2:23
171771-101004011290,Tree Removal,Parks and Recreation,100 W 19TH ST&1900 HEIGHTS BLVD ,6/19/2020 22:45,Service Completed,Resolved,2020-04-29 22:44:00,171771,101004011290,2020-04-29,22:44,2020-06-19,22:45
171770-101004011288,Tree Removal,Parks and Recreation,4514 SHERMAN ST,6/19/2020 22:44,Service Completed,Resolved,2020-04-29 22:43:00,171770,101004011288,2020-04-29,22:43,2020-06-19,22:44
171769-101004011285,Tree Removal,Parks and Recreation,5402 STURBRIDGE DR,6/19/2020 22:37,Service Completed,Resolved,2020-04-29 22:36:00,171769,101004011285,2020-04-29,22:36,2020-06-19,22:37
171768-101004011284,Tree Removal,Parks and Recreation,15711 MUNSON LN,6/19/2020 22:32,Service Completed,Resolved,2020-04-29 22:31:00,171768,101004011284,2020-04-29,22:31,2020-06-19,22:32
171767-101004011131,Tree Trim,Parks and Recreation,6403 RAMBLERIDGE DR,7/13/2020 14:03,Service Completed,Resolved,2020-04-29 14:02:00,171767,101004011131,2020-04-29,14:02,2020-07-13,14:03
171766-101004011121,Tree Removal,Parks and Recreation,407 E 25TH ST,6/19/2020 13:30,Service Completed,Resolved,2020-04-29 13:29:00,171766,101004011121,2020-04-29,13:29,2020-06-19,13:30
171765-101004011013,Tree Trim,Parks and Recreation,9721 CHATFIELD DR,7/13/2020 11:45,Service Completed,Resolved,2020-04-29 11:44:00,171765,101004011013,2020-04-29,11:44,2020-07-13,11:45
171764-101004010916,Tree Removal,Parks and Recreation,6451 BROOKSIDE DR,6/19/2020 10:58,Service Completed,Resolved,2020-04-29 10:57:00,171764,101004010916,2020-04-29,10:57,2020-06-19,10:58
101004010825,Tree Removal,Parks and Recreation,2700 HIGH VALLEY DR&6000 REDWOOD BRIDGE TRL,6/19/2020 10:16,Service Completed,Resolved,2020-04-29 10:15:00, ,101004010825,2020-04-29,10:15,2020-06-19,10:16
171763-101004010779,Tree Trim,Parks and Recreation,7100 APACHE ST&7000 HOMESTEAD RD,7/13/2020 9:52,Service Completed,Resolved,2020-04-29 09:51:00,171763,101004010779,2020-04-29,9:51,2020-07-13,9:52
171762-101004010745,Tree Removal,Parks and Recreation,5214 ENGLEFORD ST,6/19/2020 9:40,Service Completed,Resolved,2020-04-29 09:39:00,171762,101004010745,2020-04-29,9:39,2020-06-19,9:40
171761-101004010730,Tree Removal,Parks and Recreation,6605 TEXARKANA ST,6/19/2020 9:37,Service Completed,Resolved,2020-04-29 09:36:00,171761,101004010730,2020-04-29,9:36,2020-06-19,9:37
171760-101004010728,Tree Removal,Parks and Recreation,3100 DELANO ST&2800 ROSALIE ST,6/19/2020 9:36,Service Completed,Resolved,2020-04-29 09:35:00,171760,101004010728,2020-04-29,9:35,2020-06-19,9:36
171759-101004010715,Tree Trim,Parks and Recreation,1103 MCDUFFIE ST,7/13/2020 9:30,Service Completed,Resolved,2020-04-29 09:29:00,171759,101004010715,2020-04-29,9:29,2020-07-13,9:30
171758-101004010707,Tree Removal,Parks and Recreation,5235 KEYSTONE ST,6/19/2020 9:27,Service Completed,Resolved,2020-04-29 09:26:00,171758,101004010707,2020-04-29,9:26,2020-06-19,9:27
171757-101004010703,Tree Removal,Parks and Recreation,8642 CANDY ST,6/19/2020 9:24,Service Completed,Resolved,2020-04-29 09:23:00,171757,101004010703,2020-04-29,9:23,2020-06-19,9:24
171755-101004010646,Tree Trim,Parks and Recreation,3218 AREBA ST,7/13/2020 8:57,Service Completed,Resolved,2020-04-29 08:56:00,171755,101004010646,2020-04-29,8:56,2020-07-13,8:57
171754-101004010608,Tree Planting,Parks and Recreation,1612 WAUGH DR,5/24/2020 8:37,Service Completed,Resolved,2020-04-29 08:36:00,171754,101004010608,2020-04-29,8:36,2020-05-24,8:37
171752-101004010606,Tree Removal,Parks and Recreation,3607 PENWOOD WAY,6/19/2020 8:35,Service Completed,Resolved,2020-04-29 08:34:00,171752,101004010606,2020-04-29,8:34,2020-06-19,8:35
171753-101004010604,Tree Removal,Parks and Recreation,12909 VILLAGE GATE DR,6/19/2020 8:35,Service Completed,Resolved,2020-04-29 08:34:00,171753,101004010604,2020-04-29,8:34,2020-06-19,8:35
171751-101004010575,Tree Removal,Parks and Recreation,541 S 75TH ST,6/19/2020 8:22,Service Completed,Resolved,2020-04-29 08:21:00,171751,101004010575,2020-04-29,8:21,2020-06-19,8:22
171749-101004010531,Tree Removal,Parks and Recreation,11718 BRAEWICK DR,6/19/2020 7:53,Service Completed,Resolved,2020-04-29 07:52:00,171749,101004010531,2020-04-29,7:52,2020-06-19,7:53
171748-101004010520,Tree Removal,Parks and Recreation,7519 KELLER ST,6/19/2020 7:47,Service Completed,Resolved,2020-04-29 07:46:00,171748,101004010520,2020-04-29,7:46,2020-06-19,7:47
171745-101004010427,Tree Removal,Parks and Recreation,6814 DONLEN ST,6/19/2020 7:07,Service Completed,Resolved,2020-04-29 07:06:00,171745,101004010427,2020-04-29,7:06,2020-06-19,7:07
171746-101004010426,Tree Removal,Parks and Recreation,8926 PECAN PLACE DR,6/19/2020 7:07,Service Completed,Resolved,2020-04-29 07:06:00,171746,101004010426,2020-04-29,7:06,2020-06-19,7:07
171743-101004010405,Tree Trim,Parks and Recreation,1309 B NASHUA ST,7/13/2020 6:59,Service Completed,Resolved,2020-04-29 06:58:00,171743,101004010405,2020-04-29,6:58,2020-07-13,6:59
171742-101004010381,Tree Removal,Parks and Recreation,6026 S ACRES DR,6/19/2020 6:45,Service Completed,Resolved,2020-04-29 06:44:00,171742,101004010381,2020-04-29,6:44,2020-06-19,6:45
171740-101004010353,Tree Removal,Parks and Recreation,7838 CANDLE LN,6/19/2020 6:31,Service Completed,Resolved,2020-04-29 06:30:00,171740,101004010353,2020-04-29,6:30,2020-06-19,6:31
171739-101004010350,Tree Trim,Parks and Recreation,5805 CENTRALCREST ST,7/13/2020 6:28,Service Completed,Resolved,2020-04-29 06:27:00,171739,101004010350,2020-04-29,6:27,2020-07-13,6:28
171738-101004010311,Tree Removal,Parks and Recreation,7300 LINDENCREST ST&6910 TELEPHONE RD,6/19/2020 6:14,Service Completed,Resolved,2020-04-29 06:13:00,171738,101004010311,2020-04-29,6:13,2020-06-19,6:14
171736-101004010306,Tree Removal,Parks and Recreation,516 SUL ROSS ST,6/19/2020 6:12,Service Completed,Resolved,2020-04-29 06:11:00,171736,101004010306,2020-04-29,6:11,2020-06-19,6:12
101004010305,Tree Removal,Parks and Recreation,5002 AUTUMN FOREST DR,6/19/2020 6:11,Service Completed,Resolved,2020-04-29 06:10:00, ,101004010305,2020-04-29,6:10,2020-06-19,6:11
171734-101004010280,Tree Removal,Parks and Recreation,5501 MALMEDY RD,6/19/2020 5:56,Service Completed,Resolved,2020-04-29 05:55:00,171734,101004010280,2020-04-29,5:55,2020-06-19,5:56
171733-101004010271,Tree Trim,Parks and Recreation,8602 SHADY VISTA LN,7/13/2020 5:52,Service Completed,Resolved,2020-04-29 05:51:00,171733,101004010271,2020-04-29,5:51,2020-07-13,5:52
171732-101004010244,Tree Trim,Parks and Recreation,1000 COUNTRY PLACE DR,7/13/2020 5:40,Service Completed,Resolved,2020-04-29 05:39:00,171732,101004010244,2020-04-29,5:39,2020-07-13,5:40
171731-101004010216,Tree Removal,Parks and Recreation,3500 WESLAYAN ST&4000 WHITMAN ST,6/19/2020 5:30,Service Completed,Resolved,2020-04-29 05:29:00,171731,101004010216,2020-04-29,5:29,2020-06-19,5:30
171730-101004010205,Tree Removal,Parks and Recreation,10522 CHESTERFIELD DR,6/19/2020 5:27,Service Completed,Resolved,2020-04-29 05:26:00,171730,101004010205,2020-04-29,5:26,2020-06-19,5:27
171729-101004010191,Tree Trim,Parks and Recreation,5000 ENNIS ST&3000 ROSEDALE ST,7/13/2020 5:19,Service Completed,Resolved,2020-04-29 05:18:00,171729,101004010191,2020-04-29,5:18,2020-07-13,5:19
171728-101004010190,Tree Trim,Parks and Recreation,10502 CHESTERFIELD DR,7/13/2020 5:18,Service Completed,Resolved,2020-04-29 05:17:00,171728,101004010190,2020-04-29,5:17,2020-07-13,5:18
171727-101004010182,Tree Removal,Parks and Recreation,205 HAGERMAN ST,6/19/2020 5:15,Service Completed,Resolved,2020-04-29 05:14:00,171727,101004010182,2020-04-29,5:14,2020-06-19,5:15
171725-101004010174,Tree Removal,Parks and Recreation,4000 RICHMOND AVE&3700 WESLAYAN ST,6/19/2020 5:12,Service Completed,Resolved,2020-04-29 05:11:00,171725,101004010174,2020-04-29,5:11,2020-06-19,5:12
171723-101004010152,Tree Removal,Parks and Recreation,6700 BEECHNUT ST&6800 BISSONNET ST,6/19/2020 5:03,Service Completed,Resolved,2020-04-29 05:02:00,171723,101004010152,2020-04-29,5:02,2020-06-19,5:03
171722-101004010150,Tree Removal,Parks and Recreation,6836 AVENUE S,6/19/2020 5:02,Service Completed,Resolved,2020-04-29 05:01:00,171722,101004010150,2020-04-29,5:01,2020-06-19,5:02
171721-101004010132,Tree Trim,Parks and Recreation,11500 BRAESRIDGE DR&7600 HOPEWELL LN ,7/13/2020 4:58,Service Completed,Resolved,2020-04-29 04:57:00,171721,101004010132,2020-04-29,4:57,2020-07-13,4:58
171720-101004010122,Tree Removal,Parks and Recreation,4323 PEASE ST,6/19/2020 4:53,Service Completed,Resolved,2020-04-29 04:52:00,171720,101004010122,2020-04-29,4:52,2020-06-19,4:53
171719-101004010090,Tree Removal,Parks and Recreation,9920 PORTO RICO RD,6/19/2020 4:37,Service Completed,Resolved,2020-04-29 04:36:00,171719,101004010090,2020-04-29,4:36,2020-06-19,4:37
171717-101004010058,Tree Removal,Parks and Recreation,4509 COKE ST,6/19/2020 4:23,Service Completed,Resolved,2020-04-29 04:22:00,171717,101004010058,2020-04-29,4:22,2020-06-19,4:23
171716-101004010023,Tree Removal,Parks and Recreation,10600 CHIMNEY ROCK RD&5402 WILLOWBEND BLVD ,6/19/2020 4:05,Service Completed,Resolved,2020-04-29 04:04:00,171716,101004010023,2020-04-29,4:04,2020-06-19,4:05
171715-101004010013,Tree Removal,Parks and Recreation,300 GREGG ST&3400 MELVA ST,6/19/2020 4:00,Service Completed,Resolved,2020-04-29 03:59:00,171715,101004010013,2020-04-29,3:59,2020-06-19,4:00
171712-101004009911,Tree Removal,Parks and Recreation,4000 CRANE ST&4000 SAYERS ST,6/19/2020 3:04,Service Completed,Resolved,2020-04-29 03:03:00,171712,101004009911,2020-04-29,3:03,2020-06-19,3:04
171711-101004009875,Tree Removal,Parks and Recreation,945 PATTERSON ST,6/19/2020 2:42,Service Completed,Resolved,2020-04-29 02:41:00,171711,101004009875,2020-04-29,2:41,2020-06-19,2:42
171709-101004009831,Tree Removal,Parks and Recreation,5730 JASON ST,6/19/2020 2:01,Service Completed,Resolved,2020-04-29 02:00:00,171709,101004009831,2020-04-29,2:00,2020-06-19,2:01
171708-101004009830,Tree Removal,Parks and Recreation,1500 ALAMO ST&2200 HOUSTON AVE,6/19/2020 1:58,Service Completed,Resolved,2020-04-29 01:57:00,171708,101004009830,2020-04-29,1:57,2020-06-19,1:58
171707-101004009821,Tree Trim,Parks and Recreation,3710 REAGAN ST,7/13/2020 1:53,Service Completed,Resolved,2020-04-29 01:52:00,171707,101004009821,2020-04-29,1:52,2020-07-13,1:53
171706-101004009786,Tree Removal,Parks and Recreation,8040 HOWTON ST,6/19/2020 0:45,Service Completed,Resolved,2020-04-29 00:44:00,171706,101004009786,2020-04-29,0:44,2020-06-19,0:45
101004009765,Tree Planting,Parks and Recreation,1300 PEDEN ST&1700 WAUGH DR,5/23/2020 23:16,Service Completed,Resolved,2020-04-28 23:15:00, ,101004009765,2020-04-28,23:15,2020-05-23,23:16
171705-101004009668,Tree Trim,Parks and Recreation,224 COCKEREL ST,7/12/2020 16:11,Service Completed,Resolved,2020-04-28 16:10:00,171705,101004009668,2020-04-28,16:10,2020-07-12,16:11
101004009650,Tree Trim,Parks and Recreation,5638 WOODGREEN ST,7/12/2020 15:12,Service Completed,Resolved,2020-04-28 15:11:00, ,101004009650,2020-04-28,15:11,2020-07-12,15:12
171704-101004009495,Tree Trim,Parks and Recreation,11310 MURR WAY,7/12/2020 11:58,Service Completed,Resolved,2020-04-28 11:57:00,171704,101004009495,2020-04-28,11:57,2020-07-12,11:58
171702-101004009226,Tree Trim,Parks and Recreation,5900 DEL RIO ST&3300 PARKWOOD DR&3400 S PARKWOOD DR,7/12/2020 9:51,Service Completed,Resolved,2020-04-28 09:50:00,171702,101004009226,2020-04-28,9:50,2020-07-12,9:51
171701-101004009189,Tree Trim,Parks and Recreation,3700 PARKWOOD DR&5700 SWANK ST,7/12/2020 9:35,Service Completed,Resolved,2020-04-28 09:34:00,171701,101004009189,2020-04-28,9:34,2020-07-12,9:35
171699-101004008841,Tree Trim,Parks and Recreation,800 S 75TH ST&7100 LAWNDALE ST,7/12/2020 6:53,Service Completed,Resolved,2020-04-28 06:52:00,171699,101004008841,2020-04-28,6:52,2020-07-12,6:53
171698-101004008827,Tree Removal,Parks and Recreation,143 DE BOLL ST,6/18/2020 6:49,Service Completed,Resolved,2020-04-28 06:48:00,171698,101004008827,2020-04-28,6:48,2020-06-18,6:49
101004008818,Tree Trim,Parks and Recreation,9329 CATHEDRAL DR,7/12/2020 6:46,Service Completed,Resolved,2020-04-28 06:45:00, ,101004008818,2020-04-28,6:45,2020-07-12,6:46
171696-101004008558,Tree Trim,Parks and Recreation,12631 WESTELLA DR,7/12/2020 5:06,Service Completed,Resolved,2020-04-28 05:05:00,171696,101004008558,2020-04-28,5:05,2020-07-12,5:06
171695-101004008448,Tree Trim,Parks and Recreation,795 W LITTLE YORK RD,7/12/2020 4:29,Service Completed,Resolved,2020-04-28 04:28:00,171695,101004008448,2020-04-28,4:28,2020-07-12,4:29
171694-101004008417,Tree Trim,Parks and Recreation,5200 W BELLFORT AVE&5242 BRIARBEND DR,7/12/2020 4:12,Service Completed,Resolved,2020-04-28 04:11:00,171694,101004008417,2020-04-28,4:11,2020-07-12,4:12
171691-101003998249,Tree Removal,Parks and Recreation,6000 MILART ST,6/17/2020 23:55,Service Completed,Resolved,2020-04-27 23:54:00,171691,101003998249,2020-04-27,23:54,2020-06-17,23:55
171690-101003998158,Tree Code Violation,Parks and Recreation,1910 VERMONT ST,6/18/2020 16:04,Service Completed,Resolved,2020-04-27 16:03:00,171690,101003998158,2020-04-27,16:03,2020-06-18,16:04
101003998152,Tree Trim,Parks and Recreation,7814 BALTIMORE ST,7/11/2020 15:37,Service Completed,Resolved,2020-04-27 15:36:00, ,101003998152,2020-04-27,15:36,2020-07-11,15:37
171688-101003998107,Tree Removal,Parks and Recreation,436 WESTMORELAND ST ST,6/17/2020 14:08,Service Completed,Resolved,2020-04-27 14:07:00,171688,101003998107,2020-04-27,14:07,2020-06-17,14:08
171687-101003998030,Tree Trim,Parks and Recreation,11627 KIRKVALLEY DR,7/11/2020 12:13,Service Completed,Resolved,2020-04-27 12:12:00,171687,101003998030,2020-04-27,12:12,2020-07-11,12:13
171685-101003997871,Tree Removal,Parks and Recreation,409 BYRNE ST,6/17/2020 10:52,Service Completed,Resolved,2020-04-27 10:51:00,171685,101003997871,2020-04-27,10:51,2020-06-17,10:52
101003997868,Tree Removal,Parks and Recreation,409 BYRNE ST,6/17/2020 10:51,Service Completed,Resolved,2020-04-27 10:50:00, ,101003997868,2020-04-27,10:50,2020-06-17,10:51
171680-101003997646,Tree Trim,Parks and Recreation,6414 BEAU GESTE DR,7/11/2020 9:08,Service Completed,Resolved,2020-04-27 09:07:00,171680,101003997646,2020-04-27,9:07,2020-07-11,9:08
171678-101003997617,Tree Trim,Parks and Recreation,721 ST CHARLES ST,7/11/2020 8:55,Service Completed,Resolved,2020-04-27 08:54:00,171678,101003997617,2020-04-27,8:54,2020-07-11,8:55
171677-101003997545,Tree Trim,Parks and Recreation,5811 HEATHERBROOK DR,7/11/2020 8:22,Service Completed,Resolved,2020-04-27 08:21:00,171677,101003997545,2020-04-27,8:21,2020-07-11,8:22
171676-101003997514,Tree Trim,Parks and Recreation,3200 HILLCROFT AVE&7500 RICHMOND AVE,7/11/2020 8:02,Service Completed,Resolved,2020-04-27 08:01:00,171676,101003997514,2020-04-27,8:01,2020-07-11,8:02
171675-101003997511,Tree Trim,Parks and Recreation,1435 HERKIMER ST,7/11/2020 8:00,Service Completed,Resolved,2020-04-27 07:59:00,171675,101003997511,2020-04-27,7:59,2020-07-11,8:00
171673-101003997359,Tree Removal,Parks and Recreation,428 OXFORD ST,6/17/2020 7:01,Service Completed,Resolved,2020-04-27 07:00:00,171673,101003997359,2020-04-27,7:00,2020-06-17,7:01
171672-101003997337,Tree Stump Grinding,Parks and Recreation,428 OXFORD ST,8/21/2020 6:50,Service Completed,Resolved,2020-04-27 06:49:00,171672,101003997337,2020-04-27,6:49,2020-08-21,6:50
171671-101003997334,Tree Trim,Parks and Recreation,1806 DECATUR ST,7/11/2020 6:49,Service Completed,Resolved,2020-04-27 06:48:00,171671,101003997334,2020-04-27,6:48,2020-07-11,6:49
101003997302,Tree Removal,Parks and Recreation,9137 BRIAR FOREST DR,6/17/2020 6:38,Service Completed,Resolved,2020-04-27 06:37:00, ,101003997302,2020-04-27,6:37,2020-06-17,6:38
171669-101003997271,Tree Trim,Parks and Recreation,5014 REDBUD ST,7/11/2020 6:22,Service Completed,Resolved,2020-04-27 06:21:00,171669,101003997271,2020-04-27,6:21,2020-07-11,6:22
171668-101003997157,Tree Trim,Parks and Recreation,1000 FERGUSON WAY&1000 NORTH LN ,7/11/2020 5:30,Service Completed,Resolved,2020-04-27 05:29:00,171668,101003997157,2020-04-27,5:29,2020-07-11,5:30
171659-101003996802,Tree Trim,Parks and Recreation,932 W 20TH ST,7/11/2020 1:55,Service Completed,Resolved,2020-04-27 01:54:00,171659,101003996802,2020-04-27,1:54,2020-07-11,1:55
171658-101003996793,Tree Trim,Parks and Recreation,1001 STUDEWOOD ST,7/11/2020 1:29,Service Completed,Resolved,2020-04-27 01:28:00,171658,101003996793,2020-04-27,1:28,2020-07-11,1:29
171657-101003996352,Tree Trim,Parks and Recreation,1000 T C JESTER BLVD&1100 TIMBERGROVE LN ,7/9/2020 16:46,Service Completed,Resolved,2020-04-25 16:45:00,171657,101003996352,2020-04-25,16:45,2020-07-09,16:46
171656-101003996275,Tree Trim,Parks and Recreation,7901 BURMAN ST,7/9/2020 12:21,Service Completed,Resolved,2020-04-25 12:20:00,171656,101003996275,2020-04-25,12:20,2020-07-09,12:21
171655-101003996012,Tree Trim,Parks and Recreation,7320 CULLEN BLVD&0 S LOOP FWY E,7/9/2020 3:43,Service Completed,Resolved,2020-04-25 03:42:00,171655,101003996012,2020-04-25,3:42,2020-07-09,3:43
171654-101003995992,Tree Removal,Parks and Recreation,7265 CAYTON ST,6/15/2020 2:46,Service Completed,Resolved,2020-04-25 02:45:00,171654,101003995992,2020-04-25,2:45,2020-06-15,2:46
171653-101003985746,Tree Trim,Parks and Recreation,5419 DUNSMERE ST,7/8/2020 11:42,Service Completed,Resolved,2020-04-24 11:41:00,171653,101003985746,2020-04-24,11:41,2020-07-08,11:42
171652-101003985572,Tree Trim,Parks and Recreation,327 PARLIAMENT DR,7/8/2020 10:11,Service Completed,Resolved,2020-04-24 10:10:00,171652,101003985572,2020-04-24,10:10,2020-07-08,10:11
171650-101003985531,Tree Removal,Parks and Recreation,1114 WOOLWORTH ST,6/14/2020 9:46,Service Completed,Resolved,2020-04-24 09:45:00,171650,101003985531,2020-04-24,9:45,2020-06-14,9:46
171648-101003985484,Tree Trim,Parks and Recreation,2802 VEGA ST,7/8/2020 9:28,Service Completed,Resolved,2020-04-24 09:27:00,171648,101003985484,2020-04-24,9:27,2020-07-08,9:28
171647-101003985362,Tree Removal,Parks and Recreation,208 S 79TH ST,6/14/2020 8:19,Service Completed,Resolved,2020-04-24 08:18:00,171647,101003985362,2020-04-24,8:18,2020-06-14,8:19
171646-101003985321,Tree Trim,Parks and Recreation,6445 SOUTHWEST FWY,7/8/2020 8:03,Service Completed,Resolved,2020-04-24 08:02:00,171646,101003985321,2020-04-24,8:02,2020-07-08,8:03
171645-101003985267,Tree Trim,Parks and Recreation,4533 SANFORD RD,7/8/2020 7:34,Service Completed,Resolved,2020-04-24 07:33:00,171645,101003985267,2020-04-24,7:33,2020-07-08,7:34
171644-101003985228,Tree Trim,Parks and Recreation,215 HOFFMAN ST,7/8/2020 7:12,Service Completed,Resolved,2020-04-24 07:11:00,171644,101003985228,2020-04-24,7:11,2020-07-08,7:12
171643-101003985110,Tree Trim,Parks and Recreation,2400 HOLLY HALL ST,7/8/2020 6:06,Service Completed,Resolved,2020-04-24 06:05:00,171643,101003985110,2020-04-24,6:05,2020-07-08,6:06
171642-101003985057,Tree Trim,Parks and Recreation,2400 HOLLY HALL ST,7/8/2020 5:43,Service Completed,Resolved,2020-04-24 05:42:00,171642,101003985057,2020-04-24,5:42,2020-07-08,5:43
171638-101003984870,Tree Trim,Parks and Recreation,904 W DREW ST,7/8/2020 4:18,Service Completed,Resolved,2020-04-24 04:17:00,171638,101003984870,2020-04-24,4:17,2020-07-08,4:18
171637-101003984823,Tree Removal,Parks and Recreation,3702 GULF ST,6/14/2020 3:48,Service Completed,Resolved,2020-04-24 03:47:00,171637,101003984823,2020-04-24,3:47,2020-06-14,3:48
171636-101003984816,Tree Removal,Parks and Recreation,3000 N DURHAM DR&3200 N SHEPHERD DR,6/14/2020 3:43,Service Completed,Resolved,2020-04-24 03:42:00,171636,101003984816,2020-04-24,3:42,2020-06-14,3:43
171633-101003984712,Tree Removal,Parks and Recreation,4001 C C LANARK LN,6/13/2020 23:43,Service Completed,Resolved,2020-04-23 23:42:00,171633,101003984712,2020-04-23,23:42,2020-06-13,23:43
171632-101003984547,Tree Trim,Parks and Recreation,4902 LYONS AVE,7/7/2020 13:09,Service Completed,Resolved,2020-04-23 13:08:00,171632,101003984547,2020-04-23,13:08,2020-07-07,13:09
171631-101003984540,Tree Removal,Parks and Recreation,9422 HIGHMEADOW DR,6/13/2020 12:57,Service Completed,Resolved,2020-04-23 12:56:00,171631,101003984540,2020-04-23,12:56,2020-06-13,12:57
171627-101003984324,Tree Trim,Parks and Recreation,1411 WINROCK BLVD,7/7/2020 10:42,Service Completed,Resolved,2020-04-23 10:41:00,171627,101003984324,2020-04-23,10:41,2020-07-07,10:42
171626-101003984220,Tree Trim,Parks and Recreation,4500 OXFORD ST&600 E WHITNEY ST,7/7/2020 10:03,Service Completed,Resolved,2020-04-23 10:02:00,171626,101003984220,2020-04-23,10:02,2020-07-07,10:03
171625-101003984203,Tree Trim,Parks and Recreation,1900 BENSON ST&4100 RAWLEY ST,7/7/2020 9:57,Service Completed,Resolved,2020-04-23 09:56:00,171625,101003984203,2020-04-23,9:56,2020-07-07,9:57
171623-101003984038,Tree Trim,Parks and Recreation,2100 ALABAMA ST&3700 ST EMANUEL ST,7/7/2020 8:37,Service Completed,Resolved,2020-04-23 08:36:00,171623,101003984038,2020-04-23,8:36,2020-07-07,8:37
171621-101003984016,Tree Removal,Parks and Recreation,3602 REAGAN ST,6/13/2020 8:20,Service Completed,Resolved,2020-04-23 08:19:00,171621,101003984016,2020-04-23,8:19,2020-06-13,8:20
171619-101003983886,Tree Trim,Parks and Recreation,3400 MORNINGSIDE DR,7/7/2020 7:07,Service Completed,Resolved,2020-04-23 07:06:00,171619,101003983886,2020-04-23,7:06,2020-07-07,7:07
171618-101003983868,Tree Removal,Parks and Recreation,10910 VANDERFORD DR,6/13/2020 6:58,Service Completed,Resolved,2020-04-23 06:57:00,171618,101003983868,2020-04-23,6:57,2020-06-13,6:58
171617-101003983827,Tree Trim,Parks and Recreation,3414 RUSSELL ST,7/7/2020 6:40,Service Completed,Resolved,2020-04-23 06:39:00,171617,101003983827,2020-04-23,6:39,2020-07-07,6:40
171616-101003983739,Tree Removal,Parks and Recreation,7032 ANTOINE DR,6/13/2020 5:55,Service Completed,Resolved,2020-04-23 05:54:00,171616,101003983739,2020-04-23,5:54,2020-06-13,5:55
171615-101003983712,Tree Trim,Parks and Recreation,542 OXFORD ST,7/7/2020 5:46,Service Completed,Resolved,2020-04-23 05:45:00,171615,101003983712,2020-04-23,5:45,2020-07-07,5:46
171613-101003983620,Tree Code Violation,Parks and Recreation,1711 TURNING BASIN DR,6/14/2020 4:56,Service Completed,Resolved,2020-04-23 04:55:00,171613,101003983620,2020-04-23,4:55,2020-06-14,4:56
171612-101003983566,Tree Removal,Parks and Recreation,4918 RIDGEWEST DR,6/13/2020 4:25,Service Completed,Resolved,2020-04-23 04:24:00,171612,101003983566,2020-04-23,4:24,2020-06-13,4:25
171611-101003983560,Tree Removal,Parks and Recreation,908 FIRNAT ST,6/13/2020 4:23,Service Completed,Resolved,2020-04-23 04:22:00,171611,101003983560,2020-04-23,4:22,2020-06-13,4:23
171609-101003983523,Tree Removal,Parks and Recreation,7350 THUROW ST,6/13/2020 4:08,Service Completed,Resolved,2020-04-23 04:07:00,171609,101003983523,2020-04-23,4:07,2020-06-13,4:08
101003983457,Tree Removal,Parks and Recreation,11000 CLAY RD&4400 W SAM HOUSTON PKWY N ,6/13/2020 3:30,Service Completed,Resolved,2020-04-23 03:29:00, ,101003983457,2020-04-23,3:29,2020-06-13,3:30
171606-101003983425,Tree Trim,Parks and Recreation,1300 FAIRBANKS ST&5600 GANO ST,7/7/2020 2:56,Service Completed,Resolved,2020-04-23 02:55:00,171606,101003983425,2020-04-23,2:55,2020-07-07,2:56
171604-101003983265,Tree Trim,Parks and Recreation,2118 HARLAND DR,7/6/2020 14:25,Service Completed,Resolved,2020-04-22 14:24:00,171604,101003983265,2020-04-22,14:24,2020-07-06,14:25
171603-101003983157,Tree Trim,Parks and Recreation,607 JEWETT ST,7/6/2020 11:43,Service Completed,Resolved,2020-04-22 11:42:00,171603,101003983157,2020-04-22,11:42,2020-07-06,11:43
171602-101003983152,Tree Trim,Parks and Recreation,1119 MANSFIELD ST,7/6/2020 11:41,Service Completed,Resolved,2020-04-22 11:40:00,171602,101003983152,2020-04-22,11:40,2020-07-06,11:41
171601-101003983141,Tree Trim,Parks and Recreation,718 SAINT CHARLES ST,7/6/2020 11:31,Service Completed,Resolved,2020-04-22 11:30:00,171601,101003983141,2020-04-22,11:30,2020-07-06,11:31
171600-101003983081,Tree Trim,Parks and Recreation,9510 S GESSNER RD,7/6/2020 10:52,Service Completed,Resolved,2020-04-22 10:51:00,171600,101003983081,2020-04-22,10:51,2020-07-06,10:52
171599-101003983039,Tree Trim,Parks and Recreation,1521 ROSEWOOD ST,7/6/2020 10:27,Service Completed,Resolved,2020-04-22 10:26:00,171599,101003983039,2020-04-22,10:26,2020-07-06,10:27
171598-101003982996,Tree Removal,Parks and Recreation,2800 VEGA ST&8750 VENUS ST,6/12/2020 10:03,Service Completed,Resolved,2020-04-22 10:02:00,171598,101003982996,2020-04-22,10:02,2020-06-12,10:03
171596-101003982836,Tree Trim,Parks and Recreation,9640 S WILCREST DR,7/6/2020 8:34,Service Completed,Resolved,2020-04-22 08:33:00,171596,101003982836,2020-04-22,8:33,2020-07-06,8:34
171595-101003982803,Tree Removal,Parks and Recreation,2119 ST EMANUEL ST,6/12/2020 8:07,Service Completed,Resolved,2020-04-22 08:06:00,171595,101003982803,2020-04-22,8:06,2020-06-12,8:07
171594-101003982790,Tree Trim,Parks and Recreation,5700 COLLINGSWORTH ST,7/6/2020 7:58,Service Completed,Resolved,2020-04-22 07:57:00,171594,101003982790,2020-04-22,7:57,2020-07-06,7:58
171592-101003982639,Tree Code Violation,Parks and Recreation,610 NORTHWOOD ST,6/13/2020 6:48,Service Completed,Resolved,2020-04-22 06:47:00,171592,101003982639,2020-04-22,6:47,2020-06-13,6:48
171590-101003982578,Tree Removal,Parks and Recreation,6600 HARBOR TOWN DR,6/12/2020 6:12,Service Completed,Resolved,2020-04-22 06:11:00,171590,101003982578,2020-04-22,6:11,2020-06-12,6:12
171589-101003982571,Tree Trim,Parks and Recreation,8843 SHARPVIEW DR,7/6/2020 6:06,Service Completed,Resolved,2020-04-22 06:05:00,171589,101003982571,2020-04-22,6:05,2020-07-06,6:06
171587-101003982525,Tree Removal,Parks and Recreation,4450 TAMPICO ST,6/12/2020 5:41,Service Completed,Resolved,2020-04-22 05:40:00,171587,101003982525,2020-04-22,5:40,2020-06-12,5:41
171586-101003982414,Tree Trim,Parks and Recreation,730 TRADEMARK PL,7/6/2020 4:49,Service Completed,Resolved,2020-04-22 04:48:00,171586,101003982414,2020-04-22,4:48,2020-07-06,4:49
171585-101003982374,Tree Removal,Parks and Recreation,10139 TORRINGTON LN,6/12/2020 4:28,Service Completed,Resolved,2020-04-22 04:27:00,171585,101003982374,2020-04-22,4:27,2020-06-12,4:28
171584-101003982368,Tree Trim,Parks and Recreation,4815 HOFFMAN ST,7/6/2020 4:24,Service Completed,Resolved,2020-04-22 04:23:00,171584,101003982368,2020-04-22,4:23,2020-07-06,4:24
171583-101003982238,Tree Trim,Parks and Recreation,6900 EASTER ST&2400 W LITTLE YORK RD,7/6/2020 3:00,Service Completed,Resolved,2020-04-22 02:59:00,171583,101003982238,2020-04-22,2:59,2020-07-06,3:00
355570-101003982154,Tree Removal,Parks and Recreation,3302 BROADWAY ST,6/11/2020 22:20,Service Completed,Resolved,2020-04-21 22:19:00,355570,101003982154,2020-04-21,22:19,2020-06-11,22:20
171575-101003981991,Tree Trim,Parks and Recreation,5310 BOLIVIA BLVD&5100 GOLDEN FOREST DR,7/5/2020 14:02,Service Completed,Resolved,2020-04-21 14:01:00,171575,101003981991,2020-04-21,14:01,2020-07-05,14:02
171574-101003981928,Tree Trim,Parks and Recreation,100 E 13TH ST&100 W 13TH ST&1300 HEIGHTS BLVD ,7/5/2020 12:28,Service Completed,Resolved,2020-04-21 12:27:00,171574,101003981928,2020-04-21,12:27,2020-07-05,12:28
171573-101003981651,Tree Trim,Parks and Recreation,4025 DOVER ST,7/5/2020 10:08,Service Completed,Resolved,2020-04-21 10:07:00,171573,101003981651,2020-04-21,10:07,2020-07-05,10:08
171572-101003981524,Tree Removal,Parks and Recreation,9318 NEFF ST,6/11/2020 9:05,Service Completed,Resolved,2020-04-21 09:04:00,171572,101003981524,2020-04-21,9:04,2020-06-11,9:05
171569-101003981440,Tree Trim,Parks and Recreation,4445 WALKER ST,7/5/2020 8:23,Service Completed,Resolved,2020-04-21 08:22:00,171569,101003981440,2020-04-21,8:22,2020-07-05,8:23
171568-101003981431,Tree Trim,Parks and Recreation,1709 BINGHAM ST,7/5/2020 8:20,Service Completed,Resolved,2020-04-21 08:19:00,171568,101003981431,2020-04-21,8:19,2020-07-05,8:20
171567-101003981277,Tree Trim,Parks and Recreation,3636 SAN JACINTO ST,7/5/2020 7:04,Service Completed,Resolved,2020-04-21 07:03:00,171567,101003981277,2020-04-21,7:03,2020-07-05,7:04
171566-101003981266,Tree Trim,Parks and Recreation,13300 INDIAN CREEK RD&300 N WILCREST DR,7/5/2020 6:59,Service Completed,Resolved,2020-04-21 06:58:00,171566,101003981266,2020-04-21,6:58,2020-07-05,6:59
171565-101003981212,Tree Trim,Parks and Recreation,11126 SOMERFORD DR,7/5/2020 6:39,Service Completed,Resolved,2020-04-21 06:38:00,171565,101003981212,2020-04-21,6:38,2020-07-05,6:39
171563-101003981091,Tree Trim,Parks and Recreation,5000 GRAPE ST&0 S RICE AVE,7/5/2020 5:58,Service Completed,Resolved,2020-04-21 05:57:00,171563,101003981091,2020-04-21,5:57,2020-07-05,5:58
171562-101003980906,Tree Removal,Parks and Recreation,5635 CARTAGENA ST,6/11/2020 4:59,Service Completed,Resolved,2020-04-21 04:58:00,171562,101003980906,2020-04-21,4:58,2020-06-11,4:59
171561-101003980783,Tree Trim,Parks and Recreation,2000 N MACGREGOR WAY,7/5/2020 4:14,Service Completed,Resolved,2020-04-21 04:13:00,171561,101003980783,2020-04-21,4:13,2020-07-05,4:14
171558-101003980624,Tree Removal,Parks and Recreation,4600 CAMPBELL RD&9600 CASA LOMA DR,6/10/2020 23:43,Service Completed,Resolved,2020-04-20 23:42:00,171558,101003980624,2020-04-20,23:42,2020-06-10,23:43
171557-101003980623,Tree Removal,Parks and Recreation,9920 PORTO RICO RD,6/10/2020 23:40,Service Completed,Resolved,2020-04-20 23:39:00,171557,101003980623,2020-04-20,23:39,2020-06-10,23:40
171556-101003980612,Tree Trim,Parks and Recreation,3775 CHILDRESS ST,7/4/2020 21:33,Service Completed,Resolved,2020-04-20 21:32:00,171556,101003980612,2020-04-20,21:32,2020-07-04,21:33
171555-101003980392,Tree Trim,Parks and Recreation,10119 PEBBLE PARK LN,7/4/2020 13:35,Service Completed,Resolved,2020-04-20 13:34:00,171555,101003980392,2020-04-20,13:34,2020-07-04,13:35
171554-101003980317,Tree Trim,Parks and Recreation,12330 CHESSINGTON DR,7/4/2020 12:23,Service Completed,Resolved,2020-04-20 12:22:00,171554,101003980317,2020-04-20,12:22,2020-07-04,12:23
171553-101003980262,Tree Trim,Parks and Recreation,4726 WOODSIDE ST,7/4/2020 11:45,Service Completed,Resolved,2020-04-20 11:44:00,171553,101003980262,2020-04-20,11:44,2020-07-04,11:45
171552-101003980202,Tree Removal,Parks and Recreation,6339 BRIAR TERRACE DR,6/10/2020 11:18,Service Completed,Resolved,2020-04-20 11:17:00,171552,101003980202,2020-04-20,11:17,2020-06-10,11:18
171551-101003980176,Tree Removal,Parks and Recreation,2823 DEER HOLLOW DR,6/10/2020 11:06,Service Completed,Resolved,2020-04-20 11:05:00,171551,101003980176,2020-04-20,11:05,2020-06-10,11:06
171550-101003979950,Tree Removal,Parks and Recreation,306 S 78TH ST,6/10/2020 9:37,Service Completed,Resolved,2020-04-20 09:36:00,171550,101003979950,2020-04-20,9:36,2020-06-10,9:37
171549-101003979923,Tree Trim,Parks and Recreation,5002 WILEY RD,7/4/2020 9:23,Service Completed,Resolved,2020-04-20 09:22:00,171549,101003979923,2020-04-20,9:22,2020-07-04,9:23
171548-101003979794,Tree Removal,Parks and Recreation,1624 SUL ROSS ST,6/10/2020 8:22,Service Completed,Resolved,2020-04-20 08:21:00,171548,101003979794,2020-04-20,8:21,2020-06-10,8:22
171546-101003979704,Tree Trim,Parks and Recreation,7325 AVENUE L,7/4/2020 7:24,Service Completed,Resolved,2020-04-20 07:23:00,171546,101003979704,2020-04-20,7:23,2020-07-04,7:24
171544-101003979673,Tree Trim,Parks and Recreation,234 HAHLO ST,7/4/2020 7:06,Service Completed,Resolved,2020-04-20 07:05:00,171544,101003979673,2020-04-20,7:05,2020-07-04,7:06
171543-101003979620,Tree Removal,Parks and Recreation,11915 AGGIE LN,6/10/2020 6:47,Service Completed,Resolved,2020-04-20 06:46:00,171543,101003979620,2020-04-20,6:46,2020-06-10,6:47
171537-101003979311,Tree Trim,Parks and Recreation,1129 W GRAY ST,7/4/2020 4:35,Service Completed,Resolved,2020-04-20 04:34:00,171537,101003979311,2020-04-20,4:34,2020-07-04,4:35
171536-101003979296,Tree Trim,Parks and Recreation,5476 W BELLFORT AVE&11300 BURDINE ST,7/4/2020 4:26,Service Completed,Resolved,2020-04-20 04:25:00,171536,101003979296,2020-04-20,4:25,2020-07-04,4:26
171535-101003979292,Tree Trim,Parks and Recreation,6652 KIRBY DR&2400 WORDSWORTH ST,7/4/2020 4:23,Service Completed,Resolved,2020-04-20 04:22:00,171535,101003979292,2020-04-20,4:22,2020-07-04,4:23
171534-101003979193,Tree Trim,Parks and Recreation,4100 CAROLINE ST&1300 CLEBURNE ST,7/4/2020 3:24,Service Completed,Resolved,2020-04-20 03:23:00,171534,101003979193,2020-04-20,3:23,2020-07-04,3:24
171533-101003979177,Tree Trim,Parks and Recreation,4500 CAROLINE ST&1300 ROSEWOOD ST,7/4/2020 3:10,Service Completed,Resolved,2020-04-20 03:09:00,171533,101003979177,2020-04-20,3:09,2020-07-04,3:10
171531-101003978929,Tree Removal,Parks and Recreation,11219 PECAN CREEK DR,6/9/2020 9:09,Service Completed,Resolved,2020-04-19 09:08:00,171531,101003978929,2020-04-19,9:08,2020-06-09,9:09
171530-101003978921,Tree Removal,Parks and Recreation,6302 LAUTREC DR,6/9/2020 9:01,Service Completed,Resolved,2020-04-19 09:00:00,171530,101003978921,2020-04-19,9:00,2020-06-09,9:01
171529-101003978910,Tree Trim,Parks and Recreation,788 DEWALT ST&8340 VETERANS MEMORIAL DR,7/3/2020 8:20,Service Completed,Resolved,2020-04-19 08:19:00,171529,101003978910,2020-04-19,8:19,2020-07-03,8:20
171528-101003978872,Tree Trim,Parks and Recreation,7302 VINSON ST,7/3/2020 6:44,Service Completed,Resolved,2020-04-19 06:43:00,171528,101003978872,2020-04-19,6:43,2020-07-03,6:44
171527-101003978820,Tree Trim,Parks and Recreation,2823 HOHL ST,7/3/2020 3:50,Service Completed,Resolved,2020-04-19 03:49:00,171527,101003978820,2020-04-19,3:49,2020-07-03,3:50
171526-101003978748,Tree Trim,Parks and Recreation,4000 HUTCHINS ST&2200 ISABELLA ST,7/2/2020 19:10,Service Completed,Resolved,2020-04-18 19:09:00,171526,101003978748,2020-04-18,19:09,2020-07-02,19:10
171525-101003978626,Tree Removal,Parks and Recreation,3503 KILKENNY DR,6/8/2020 11:04,Service Completed,Resolved,2020-04-18 11:03:00,171525,101003978626,2020-04-18,11:03,2020-06-08,11:04
171524-101003978383,Tree Trim,Parks and Recreation,5422 S SHADY CREEK DR,7/2/2020 5:12,Service Completed,Resolved,2020-04-18 05:11:00,171524,101003978383,2020-04-18,5:11,2020-07-02,5:12
171523-101003977959,Tree Trim,Parks and Recreation,1902 GANYARD DR,7/1/2020 12:02,Service Completed,Resolved,2020-04-17 12:01:00,171523,101003977959,2020-04-17,12:01,2020-07-01,12:02
171521-101003977607,Tree Trim,Parks and Recreation,3436 BLODGETT ST,7/1/2020 8:56,Service Completed,Resolved,2020-04-17 08:55:00,171521,101003977607,2020-04-17,8:55,2020-07-01,8:56
171520-101003977553,Tree Trim,Parks and Recreation,3151 PLEASANT COVE CT,7/1/2020 8:33,Service Completed,Resolved,2020-04-17 08:32:00,171520,101003977553,2020-04-17,8:32,2020-07-01,8:33
171519-101003977500,Tree Trim,Parks and Recreation,11918 ALIEF PLACE DR,7/1/2020 8:05,Service Completed,Resolved,2020-04-17 08:04:00,171519,101003977500,2020-04-17,8:04,2020-07-01,8:05
171518-101003977367,Tree Trim,Parks and Recreation,2005 BRENTWOOD DR,7/1/2020 6:59,Service Completed,Resolved,2020-04-17 06:58:00,171518,101003977367,2020-04-17,6:58,2020-07-01,6:59
171515-101003977295,Tree Removal,Parks and Recreation,3200 RUSSELL ST,6/7/2020 6:29,Service Completed,Resolved,2020-04-17 06:28:00,171515,101003977295,2020-04-17,6:28,2020-06-07,6:29
171513-101003977186,Tree Trim,Parks and Recreation,5731 ARIEL ST,7/1/2020 5:47,Service Completed,Resolved,2020-04-17 05:46:00,171513,101003977186,2020-04-17,5:46,2020-07-01,5:47
171512-101003977076,Tree Trim,Parks and Recreation,306 MASSACHUSETTS ST,7/1/2020 4:48,Service Completed,Resolved,2020-04-17 04:47:00,171512,101003977076,2020-04-17,4:47,2020-07-01,4:48
171511-101003977071,Tree Trim,Parks and Recreation,6218 MCKINSTRY BLVD,7/1/2020 4:46,Service Completed,Resolved,2020-04-17 04:45:00,171511,101003977071,2020-04-17,4:45,2020-07-01,4:46
171510-101003977067,Tree Trim,Parks and Recreation,140 FIDELITY ST&400 MASSACHUSETTS ST,7/1/2020 4:45,Service Completed,Resolved,2020-04-17 04:44:00,171510,101003977067,2020-04-17,4:44,2020-07-01,4:45
171509-101003976993,Tree Trim,Parks and Recreation,729 ASHLAND ST,7/1/2020 4:09,Service Completed,Resolved,2020-04-17 04:08:00,171509,101003976993,2020-04-17,4:08,2020-07-01,4:09
171506-101003976812,Tree Trim,Parks and Recreation,341 W 21ST ST,6/30/2020 23:55,Service Completed,Resolved,2020-04-16 23:54:00,171506,101003976812,2020-04-16,23:54,2020-06-30,23:55
101003976429,Tree Trim,Parks and Recreation,10719 CRADDOCK DR,6/30/2020 10:49,Service Completed,Resolved,2020-04-16 10:48:00, ,101003976429,2020-04-16,10:48,2020-06-30,10:49
355508-101003976274,Tree Removal,Parks and Recreation,  ,6/6/2020 9:39,Service Completed,Resolved,2020-04-16 09:38:00,355508,101003976274,2020-04-16,9:38,2020-06-06,9:39
171500-101003976223,Tree Removal,Parks and Recreation,9500 MARTIN LUTHER KING BLVD,6/6/2020 9:20,Service Completed,Resolved,2020-04-16 09:19:00,171500,101003976223,2020-04-16,9:19,2020-06-06,9:20
171499-101003976189,Tree Trim,Parks and Recreation,4021 MILLS BRANCH DR,6/30/2020 9:06,Service Completed,Resolved,2020-04-16 09:05:00,171499,101003976189,2020-04-16,9:05,2020-06-30,9:06
171498-101003976173,Tree Trim,Parks and Recreation,3240 CAROTHERS ST&7200 CULMORE DR&7000 SLOAN ST,6/30/2020 8:56,Service Completed,Resolved,2020-04-16 08:55:00,171498,101003976173,2020-04-16,8:55,2020-06-30,8:56
171496-101003976105,Tree Trim,Parks and Recreation,14903 DOGWOOD TREE ST,6/30/2020 8:19,Service Completed,Resolved,2020-04-16 08:18:00,171496,101003976105,2020-04-16,8:18,2020-06-30,8:19
171495-101003976072,Tree Trim,Parks and Recreation,1508 MARYLAND ST,6/30/2020 8:01,Service Completed,Resolved,2020-04-16 08:00:00,171495,101003976072,2020-04-16,8:00,2020-06-30,8:01
171494-101003975929,Tree Trim,Parks and Recreation,3500 CHAFFIN ST&7000 EPPES ST,6/30/2020 6:42,Service Completed,Resolved,2020-04-16 06:41:00,171494,101003975929,2020-04-16,6:41,2020-06-30,6:42
171493-101003975911,Tree Removal,Parks and Recreation,5818 BENNING DR,6/6/2020 6:36,Service Completed,Resolved,2020-04-16 06:35:00,171493,101003975911,2020-04-16,6:35,2020-06-06,6:36
171492-101003975863,Tree Stump Grinding,Parks and Recreation,14831 MCLEOD DR,8/10/2020 6:16,Service Completed,Resolved,2020-04-16 06:15:00,171492,101003975863,2020-04-16,6:15,2020-08-10,6:16
171491-101003975783,Tree Trim,Parks and Recreation,2208 COMMONWEALTH ST,6/30/2020 5:36,Service Completed,Resolved,2020-04-16 05:35:00,171491,101003975783,2020-04-16,5:35,2020-06-30,5:36
171490-101003975768,Tree Trim,Parks and Recreation,10838 REGAL MANOR LN,6/30/2020 5:31,Service Completed,Resolved,2020-04-16 05:30:00,171490,101003975768,2020-04-16,5:30,2020-06-30,5:31
171489-101003975760,Tree Trim,Parks and Recreation,10842 REGAL MANOR LN,6/30/2020 5:26,Service Completed,Resolved,2020-04-16 05:25:00,171489,101003975760,2020-04-16,5:25,2020-06-30,5:26
171488-101003975756,Tree Trim,Parks and Recreation,1200 ISABELLA ST&4000 SAN JACINTO ST,6/30/2020 5:26,Service Completed,Resolved,2020-04-16 05:25:00,171488,101003975756,2020-04-16,5:25,2020-06-30,5:26
171484-101003975657,Tree Trim,Parks and Recreation,4900 CHENEVERT ST&1800 ROSEDALE ST,6/30/2020 4:30,Service Completed,Resolved,2020-04-16 04:29:00,171484,101003975657,2020-04-16,4:29,2020-06-30,4:30
171481-101003975589,Tree Trim,Parks and Recreation,5400 CHENEVERT ST&1800 PROSPECT ST,6/30/2020 3:51,Service Completed,Resolved,2020-04-16 03:50:00,171481,101003975589,2020-04-16,3:50,2020-06-30,3:51
171479-101003975549,Tree Trim,Parks and Recreation,5200 AUSTIN ST&1400 SOUTHMORE BLVD,6/30/2020 3:28,Service Completed,Resolved,2020-04-16 03:27:00,171479,101003975549,2020-04-16,3:27,2020-06-30,3:28
171477-101003975513,Tree Trim,Parks and Recreation,1500 CLEBURNE ST&4100 LA BRANCH ST,6/30/2020 3:04,Service Completed,Resolved,2020-04-16 03:03:00,171477,101003975513,2020-04-16,3:03,2020-06-30,3:04
171476-101003975500,Tree Trim,Parks and Recreation,1500 CALUMET ST&5500 LA BRANCH ST,6/30/2020 2:45,Service Completed,Resolved,2020-04-16 02:44:00,171476,101003975500,2020-04-16,2:44,2020-06-30,2:45
171474-101003975440,Tree Removal,Parks and Recreation,7302 KELLER ST,6/5/2020 21:59,Service Completed,Resolved,2020-04-15 21:58:00,171474,101003975440,2020-04-15,21:58,2020-06-05,21:59
171473-101003975189,Tree Removal,Parks and Recreation,1009 BAYLAND AVE,6/5/2020 11:43,Service Completed,Resolved,2020-04-15 11:42:00,171473,101003975189,2020-04-15,11:42,2020-06-05,11:43
171470-101003974991,Tree Trim,Parks and Recreation,3720 ALBA RD,6/29/2020 9:49,Service Completed,Resolved,2020-04-15 09:48:00,171470,101003974991,2020-04-15,9:48,2020-06-29,9:49
171469-101003974979,Tree Trim,Parks and Recreation,5455 GRAPE ST,6/29/2020 9:38,Service Completed,Resolved,2020-04-15 09:37:00,171469,101003974979,2020-04-15,9:37,2020-06-29,9:38
171467-101003974894,Tree Trim,Parks and Recreation,1429 KIRBY DR,6/29/2020 8:52,Service Completed,Resolved,2020-04-15 08:51:00,171467,101003974894,2020-04-15,8:51,2020-06-29,8:52
171466-101003974854,Tree Trim,Parks and Recreation,8342 BONNER DR,6/29/2020 8:24,Service Completed,Resolved,2020-04-15 08:23:00,171466,101003974854,2020-04-15,8:23,2020-06-29,8:24
171465-101003974789,Tree Trim,Parks and Recreation,1836 ALBANS RD,6/29/2020 7:41,Service Completed,Resolved,2020-04-15 07:40:00,171465,101003974789,2020-04-15,7:40,2020-06-29,7:41
171464-101003974745,Tree Trim,Parks and Recreation,3919 GARDENDALE DR,6/29/2020 7:16,Service Completed,Resolved,2020-04-15 07:15:00,171464,101003974745,2020-04-15,7:15,2020-06-29,7:16
171461-101003974569,Tree Trim,Parks and Recreation,7722 GARSEE DR,6/29/2020 5:41,Service Completed,Resolved,2020-04-15 05:40:00,171461,101003974569,2020-04-15,5:40,2020-06-29,5:41
171460-101003974562,Tree Trim,Parks and Recreation,2600 WATSON ST&800 WENDEL ST,6/29/2020 5:40,Service Completed,Resolved,2020-04-15 05:39:00,171460,101003974562,2020-04-15,5:39,2020-06-29,5:40
171457-101003974531,Tree Removal,Parks and Recreation,2108 SOUTHGATE BLVD,6/5/2020 5:25,Service Completed,Resolved,2020-04-15 05:24:00,171457,101003974531,2020-04-15,5:24,2020-06-05,5:25
171454-101003974321,Tree Trim,Parks and Recreation,3835 N MACGREGOR WAY,6/29/2020 3:11,Service Completed,Resolved,2020-04-15 03:10:00,171454,101003974321,2020-04-15,3:10,2020-06-29,3:11
171452-101003974296,Tree Code Violation,Parks and Recreation,1622 VERMONT ST&1900 WINDSOR ST,6/6/2020 2:48,Service Completed,Resolved,2020-04-15 02:47:00,171452,101003974296,2020-04-15,2:47,2020-06-06,2:48
171447-101003974227,Tree Removal,Parks and Recreation,8919 NOEL ST,6/4/2020 22:27,Service Completed,Resolved,2020-04-14 22:26:00,171447,101003974227,2020-04-14,22:26,2020-06-04,22:27
171446-101003974222,Tree Removal,Parks and Recreation,12700 KIMBERLEY LN,6/4/2020 22:09,Service Completed,Resolved,2020-04-14 22:08:00,171446,101003974222,2020-04-14,22:08,2020-06-04,22:09
171445-101003973918,Tree Trim,Parks and Recreation,3022 PINE GULLY BLVD,6/28/2020 11:18,Service Completed,Resolved,2020-04-14 11:17:00,171445,101003973918,2020-04-14,11:17,2020-06-28,11:18
171444-101003973897,Tree Trim,Parks and Recreation,1324 ASHLAND ST,6/28/2020 11:09,Service Completed,Resolved,2020-04-14 11:08:00,171444,101003973897,2020-04-14,11:08,2020-06-28,11:09
171443-101003973850,Tree Trim,Parks and Recreation,11700 BISSONNET ST,6/28/2020 10:40,Service Completed,Resolved,2020-04-14 10:39:00,171443,101003973850,2020-04-14,10:39,2020-06-28,10:40
171442-101003973752,Tree Trim,Parks and Recreation,1600 CALUMET ST&5500 CRAWFORD ST,6/28/2020 9:49,Service Completed,Resolved,2020-04-14 09:48:00,171442,101003973752,2020-04-14,9:48,2020-06-28,9:49
171438-101003973535,Tree Trim,Parks and Recreation,9319 CARVEL LN,6/28/2020 7:37,Service Completed,Resolved,2020-04-14 07:36:00,171438,101003973535,2020-04-14,7:36,2020-06-28,7:37
171437-101003973499,Tree Trim,Parks and Recreation,5900 BEECHNUT ST&2 GLENFIELD CT,6/28/2020 7:14,Service Completed,Resolved,2020-04-14 07:13:00,171437,101003973499,2020-04-14,7:13,2020-06-28,7:14
101003973490,Tree Trim,Parks and Recreation,5900 BEECHNUT ST&2 GLENFIELD CT,6/28/2020 7:10,Service Completed,Resolved,2020-04-14 07:09:00, ,101003973490,2020-04-14,7:09,2020-06-28,7:10
171436-101003973470,Tree Removal,Parks and Recreation,9230 KLONDIKE ST,6/4/2020 7:00,Service Completed,Resolved,2020-04-14 06:59:00,171436,101003973470,2020-04-14,6:59,2020-06-04,7:00
171435-101003973459,Tree Trim,Parks and Recreation,10619 LONGMONT DR,6/28/2020 6:55,Service Completed,Resolved,2020-04-14 06:54:00,171435,101003973459,2020-04-14,6:54,2020-06-28,6:55
171433-101003973389,Tree Removal,Parks and Recreation,8606 SHADY DR,6/4/2020 6:23,Service Completed,Resolved,2020-04-14 06:22:00,171433,101003973389,2020-04-14,6:22,2020-06-04,6:23
171432-101003973294,Tree Removal,Parks and Recreation,320 E 41ST ST&8200 N MAIN ST,6/4/2020 5:37,Service Completed,Resolved,2020-04-14 05:36:00,171432,101003973294,2020-04-14,5:36,2020-06-04,5:37
171431-101003973286,Tree Removal,Parks and Recreation,5226 KIAM ST,6/4/2020 5:34,Service Completed,Resolved,2020-04-14 05:33:00,171431,101003973286,2020-04-14,5:33,2020-06-04,5:34
171430-101003973245,Tree Trim,Parks and Recreation,4402 A SPENCER ST,6/28/2020 5:14,Service Completed,Resolved,2020-04-14 05:13:00,171430,101003973245,2020-04-14,5:13,2020-06-28,5:14
171429-101003973213,Tree Removal,Parks and Recreation,7631 MCHENRY ST,6/4/2020 4:58,Service Completed,Resolved,2020-04-14 04:57:00,171429,101003973213,2020-04-14,4:57,2020-06-04,4:58
171427-101003973134,Tree Removal,Parks and Recreation,8202 GLENSCOTT ST,6/4/2020 4:28,Service Completed,Resolved,2020-04-14 04:27:00,171427,101003973134,2020-04-14,4:27,2020-06-04,4:28
171426-101003973104,Tree Trim,Parks and Recreation,3730 KINGWOOD DR,6/28/2020 4:17,Service Completed,Resolved,2020-04-14 04:16:00,171426,101003973104,2020-04-14,4:16,2020-06-28,4:17
171425-101003973028,Tree Trim,Parks and Recreation,891 DILLARD ST,6/28/2020 3:41,Service Completed,Resolved,2020-04-14 03:40:00,171425,101003973028,2020-04-14,3:40,2020-06-28,3:41
171424-101003973023,Tree Removal,Parks and Recreation,899 DILLARD ST,6/4/2020 3:40,Service Completed,Resolved,2020-04-14 03:39:00,171424,101003973023,2020-04-14,3:39,2020-06-04,3:40
171423-101003973015,Tree Trim,Parks and Recreation,12750 BROOKGLADE CIR,6/28/2020 3:35,Service Completed,Resolved,2020-04-14 03:34:00,171423,101003973015,2020-04-14,3:34,2020-06-28,3:35
171422-101003972972,Tree Trim,Parks and Recreation,1800 BINZ ST&5600 CHENEVERT ST,6/28/2020 3:16,Service Completed,Resolved,2020-04-14 03:15:00,171422,101003972972,2020-04-14,3:15,2020-06-28,3:16
171421-101003972950,Tree Trim,Parks and Recreation,7631 BURNING HILLS DR,6/28/2020 2:48,Service Completed,Resolved,2020-04-14 02:47:00,171421,101003972950,2020-04-14,2:47,2020-06-28,2:48
171420-101003972947,Tree Trim,Parks and Recreation,10200 BRAESRIDGE DR&7700 BURNING HILLS DR ,6/28/2020 2:46,Service Completed,Resolved,2020-04-14 02:45:00,171420,101003972947,2020-04-14,2:45,2020-06-28,2:46
171419-101003972944,Tree Removal,Parks and Recreation,12600 GREENS BAYOU ST,6/4/2020 2:44,Service Completed,Resolved,2020-04-14 02:43:00,171419,101003972944,2020-04-14,2:43,2020-06-04,2:44
171418-101003972778,Tree Removal,Parks and Recreation,1700 FAIRVIEW AVE&2400 WINDSOR ST,6/3/2020 15:15,Service Completed,Resolved,2020-04-13 15:14:00,171418,101003972778,2020-04-13,15:14,2020-06-03,15:15
171417-101003972749,Tree Trim,Parks and Recreation,12110 PANAY DR,6/27/2020 14:32,Service Completed,Resolved,2020-04-13 14:31:00,171417,101003972749,2020-04-13,14:31,2020-06-27,14:32
171416-101003972748,Tree Trim,Parks and Recreation,12115 PANAY DR,6/27/2020 14:30,Service Completed,Resolved,2020-04-13 14:29:00,171416,101003972748,2020-04-13,14:29,2020-06-27,14:30
171415-101003972623,Tree Removal,Parks and Recreation,616 W BELL ST,6/3/2020 11:41,Service Completed,Resolved,2020-04-13 11:40:00,171415,101003972623,2020-04-13,11:40,2020-06-03,11:41
171414-101003972613,Tree Trim,Parks and Recreation,720 BUFFALO RUN&13000 SETTEMONT RD,6/27/2020 11:34,Service Completed,Resolved,2020-04-13 11:33:00,171414,101003972613,2020-04-13,11:33,2020-06-27,11:34
171413-101003972590,Tree Trim,Parks and Recreation,7645 EDNA ST,6/27/2020 11:22,Service Completed,Resolved,2020-04-13 11:21:00,171413,101003972590,2020-04-13,11:21,2020-06-27,11:22
171411-101003972465,Tree Removal,Parks and Recreation,2303 SIEBER DR,6/3/2020 10:16,Service Completed,Resolved,2020-04-13 10:15:00,171411,101003972465,2020-04-13,10:15,2020-06-03,10:16
171410-101003972401,Tree Trim,Parks and Recreation,15710 CHIMNEY ROCK RD,6/27/2020 9:45,Service Completed,Resolved,2020-04-13 09:44:00,171410,101003972401,2020-04-13,9:44,2020-06-27,9:45
101003972388,Tree Removal,Parks and Recreation,146 GLENDALE ST,6/3/2020 9:39,Service Completed,Resolved,2020-04-13 09:38:00, ,101003972388,2020-04-13,9:38,2020-06-03,9:39
171409-101003972362,Tree Trim,Parks and Recreation,503 W 21ST ST,6/27/2020 9:25,Service Completed,Resolved,2020-04-13 09:24:00,171409,101003972362,2020-04-13,9:24,2020-06-27,9:25
171408-101003972328,Tree Removal,Parks and Recreation,10819 SILKWOOD DR,6/3/2020 9:08,Service Completed,Resolved,2020-04-13 09:07:00,171408,101003972328,2020-04-13,9:07,2020-06-03,9:08
171405-101003972220,Tree Trim,Parks and Recreation,12802 EMPORIA ST,6/27/2020 8:02,Service Completed,Resolved,2020-04-13 08:01:00,171405,101003972220,2020-04-13,8:01,2020-06-27,8:02
171404-101003972180,Tree Removal,Parks and Recreation,4918 PORTER RIDGE DR,6/3/2020 7:34,Service Completed,Resolved,2020-04-13 07:33:00,171404,101003972180,2020-04-13,7:33,2020-06-03,7:34
171403-101003972129,Tree Trim,Parks and Recreation,10411 HUNTINGTON ESTATES DR,6/27/2020 7:05,Service Completed,Resolved,2020-04-13 07:04:00,171403,101003972129,2020-04-13,7:04,2020-06-27,7:05
171402-101003972111,Tree Trim,Parks and Recreation,7806 RIPTIDE DR,6/27/2020 6:55,Service Completed,Resolved,2020-04-13 06:54:00,171402,101003972111,2020-04-13,6:54,2020-06-27,6:55
171401-101003972095,Tree Trim,Parks and Recreation,5000 SAN JACINTO ST&1200 WICHITA ST,6/27/2020 6:48,Service Completed,Resolved,2020-04-13 06:47:00,171401,101003972095,2020-04-13,6:47,2020-06-27,6:48
171400-101003971905,Tree Removal,Parks and Recreation,631 E 14TH ST,6/3/2020 5:08,Service Completed,Resolved,2020-04-13 05:07:00,171400,101003971905,2020-04-13,5:07,2020-06-03,5:08
101003971885,Tree Trim,Parks and Recreation,2400 DETERING ST&5300 PETTY ST,6/27/2020 4:55,Service Completed,Resolved,2020-04-13 04:54:00, ,101003971885,2020-04-13,4:54,2020-06-27,4:55
171399-101003971822,Tree Removal,Parks and Recreation,3815 CETTI ST,6/3/2020 4:19,Service Completed,Resolved,2020-04-13 04:18:00,171399,101003971822,2020-04-13,4:18,2020-06-03,4:19
171398-101003971790,Tree Trim,Parks and Recreation,6818 CASTLEVIEW LN,6/27/2020 4:03,Service Completed,Resolved,2020-04-13 04:02:00,171398,101003971790,2020-04-13,4:02,2020-06-27,4:03
171395-101003971495,Tree Trim,Parks and Recreation,2714 MORNINGVIEW DR,6/26/2020 13:43,Service Completed,Resolved,2020-04-12 13:42:00,171395,101003971495,2020-04-12,13:42,2020-06-26,13:43
171394-101003971441,Tree Removal,Parks and Recreation,2211 NORFOLK ST,6/2/2020 12:01,Service Completed,Resolved,2020-04-12 12:00:00,171394,101003971441,2020-04-12,12:00,2020-06-02,12:01
171393-101003971321,Tree Removal,Parks and Recreation,7211 AVENUE N,6/2/2020 6:44,Service Completed,Resolved,2020-04-12 06:43:00,171393,101003971321,2020-04-12,6:43,2020-06-02,6:44
171392-101003971303,Tree Removal,Parks and Recreation,8200 PARK PLACE BLVD,6/2/2020 6:20,Service Completed,Resolved,2020-04-12 06:19:00,171392,101003971303,2020-04-12,6:19,2020-06-02,6:20
355457-101003971102,Tree Removal,Parks and Recreation,631 E 14TH ST,6/1/2020 13:37,Service Completed,Resolved,2020-04-11 13:36:00,355457,101003971102,2020-04-11,13:36,2020-06-01,13:37
171388-101003970990,Tree Trim,Parks and Recreation,2034 W MAIN ST,6/25/2020 9:53,Service Completed,Resolved,2020-04-11 09:52:00,171388,101003970990,2020-04-11,9:52,2020-06-25,9:53
171387-101003970578,Tree Trim,Parks and Recreation,1054 CHAMBOARD LN,6/24/2020 14:08,Service Completed,Resolved,2020-04-10 14:07:00,171387,101003970578,2020-04-10,14:07,2020-06-24,14:08
355454-101003970488,Tree Trim,Parks and Recreation,1719 FRANCIS ST,6/24/2020 12:28,Service Completed,Resolved,2020-04-10 12:27:00,355454,101003970488,2020-04-10,12:27,2020-06-24,12:28
171382-101003970376,Tree Trim,Parks and Recreation,5123 RIDGE MANOR DR,6/24/2020 11:04,Service Completed,Resolved,2020-04-10 11:03:00,171382,101003970376,2020-04-10,11:03,2020-06-24,11:04
171381-101003970372,Tree Removal,Parks and Recreation,1900 WINDSOR ST,5/31/2020 11:03,Service Completed,Resolved,2020-04-10 11:02:00,171381,101003970372,2020-04-10,11:02,2020-05-31,11:03
171380-101003970191,Tree Removal,Parks and Recreation,15034 CHIPMAN LN,5/31/2020 9:29,Service Completed,Resolved,2020-04-10 09:28:00,171380,101003970191,2020-04-10,9:28,2020-05-31,9:29
171379-101003970187,Tree Removal,Parks and Recreation,4111 BERING ST,5/31/2020 9:29,Service Completed,Resolved,2020-04-10 09:28:00,171379,101003970187,2020-04-10,9:28,2020-05-31,9:29
171378-101003970164,Tree Removal,Parks and Recreation,3700 MANGUM RD&4800 MILWEE ST,5/31/2020 9:14,Service Completed,Resolved,2020-04-10 09:13:00,171378,101003970164,2020-04-10,9:13,2020-05-31,9:14
171377-101003970035,Tree Trim,Parks and Recreation,3220 BREMOND ST&2500 NETTLETON ST,6/24/2020 8:05,Service Completed,Resolved,2020-04-10 08:04:00,171377,101003970035,2020-04-10,8:04,2020-06-24,8:05
171376-101003970034,Tree Removal,Parks and Recreation,9529 HOLLOCK ST,5/31/2020 8:04,Service Completed,Resolved,2020-04-10 08:03:00,171376,101003970034,2020-04-10,8:03,2020-05-31,8:04
171375-101003969932,Tree Trim,Parks and Recreation,2400 JACKSON ST&1700 MCILHENNY ST,6/24/2020 7:02,Service Completed,Resolved,2020-04-10 07:01:00,171375,101003969932,2020-04-10,7:01,2020-06-24,7:02
171374-101003969875,Tree Removal,Parks and Recreation,2018 COUNTER POINT DR&7600 INCH RD,5/31/2020 6:32,Service Completed,Resolved,2020-04-10 06:31:00,171374,101003969875,2020-04-10,6:31,2020-05-31,6:32
171373-101003969863,Tree Removal,Parks and Recreation,13531 RURAL OAK ST,5/31/2020 6:28,Service Completed,Resolved,2020-04-10 06:27:00,171373,101003969863,2020-04-10,6:27,2020-05-31,6:28
171372-101003969745,Tree Trim,Parks and Recreation,13 COOPER RD,6/24/2020 5:32,Service Completed,Resolved,2020-04-10 05:31:00,171372,101003969745,2020-04-10,5:31,2020-06-24,5:32
171371-101003969730,Tree Removal,Parks and Recreation,3226 ASHFIELD DR,5/31/2020 5:26,Service Completed,Resolved,2020-04-10 05:25:00,171371,101003969730,2020-04-10,5:25,2020-05-31,5:26
171369-101003969674,Tree Removal,Parks and Recreation,9920 PORTO RICO RD,5/31/2020 5:08,Service Completed,Resolved,2020-04-10 05:07:00,171369,101003969674,2020-04-10,5:07,2020-05-31,5:08
171368-101003969628,Tree Trim,Parks and Recreation,3450 HADLEY ST&2300 NAPOLEON ST,6/24/2020 4:50,Service Completed,Resolved,2020-04-10 04:49:00,171368,101003969628,2020-04-10,4:49,2020-06-24,4:50
171367-101003969559,Tree Trim,Parks and Recreation,10545 HAMMERLY BLVD,6/24/2020 4:16,Service Completed,Resolved,2020-04-10 04:15:00,171367,101003969559,2020-04-10,4:15,2020-06-24,4:16
171366-101003969553,Tree Trim,Parks and Recreation,2403 GRAY ST,6/24/2020 4:12,Service Completed,Resolved,2020-04-10 04:11:00,171366,101003969553,2020-04-10,4:11,2020-06-24,4:12
171365-101003969524,Tree Trim,Parks and Recreation,5800 POINT WEST DR&8800 TOWN PARK DR,6/24/2020 3:53,Service Completed,Resolved,2020-04-10 03:52:00,171365,101003969524,2020-04-10,3:52,2020-06-24,3:53
171357-101003969260,Tree Removal,Parks and Recreation,1760 CAMPBELL RD,5/30/2020 14:36,Service Completed,Resolved,2020-04-09 14:35:00,171357,101003969260,2020-04-09,14:35,2020-05-30,14:36
171356-101003969219,Tree Removal,Parks and Recreation,8008 WOODWAY DR,5/30/2020 13:45,Service Completed,Resolved,2020-04-09 13:44:00,171356,101003969219,2020-04-09,13:44,2020-05-30,13:45
171355-101003969212,Tree Trim,Parks and Recreation,2226 LIBBEY DR,6/23/2020 13:31,Service Completed,Resolved,2020-04-09 13:30:00,171355,101003969212,2020-04-09,13:30,2020-06-23,13:31
171354-101003969052,Tree Trim,Parks and Recreation,2600 WATSON ST&800 WENDEL ST,6/23/2020 11:14,Service Completed,Resolved,2020-04-09 11:13:00,171354,101003969052,2020-04-09,11:13,2020-06-23,11:14
171351-101003968958,Tree Trim,Parks and Recreation,1300 CAPITOL ST&700 CAROLINE ST,6/23/2020 10:20,Service Completed,Resolved,2020-04-09 10:19:00,171351,101003968958,2020-04-09,10:19,2020-06-23,10:20
171350-101003968925,Tree Trim,Parks and Recreation,3738 CORDER ST&7200 LA SALETTE ST,6/23/2020 10:01,Service Completed,Resolved,2020-04-09 10:00:00,171350,101003968925,2020-04-09,10:00,2020-06-23,10:01
171347-101003968772,Tree Removal,Parks and Recreation,2300 BERKLEY ST&7700 KELLER ST,5/30/2020 8:45,Service Completed,Resolved,2020-04-09 08:44:00,171347,101003968772,2020-04-09,8:44,2020-05-30,8:45
171346-101003968735,Tree Trim,Parks and Recreation,7145 SAINT LOUIS ST,6/23/2020 8:23,Service Completed,Resolved,2020-04-09 08:22:00,171346,101003968735,2020-04-09,8:22,2020-06-23,8:23
171343-101003968104,Tree Trim,Parks and Recreation,3700 COLVIN ST&11700 WALLISVILLE RD,6/23/2020 3:11,Service Completed,Resolved,2020-04-09 03:10:00,171343,101003968104,2020-04-09,3:10,2020-06-23,3:11
171339-101003957957,Tree Removal,Parks and Recreation,606 21ST ST,5/29/2020 17:53,Service Completed,Resolved,2020-04-08 17:52:00,171339,101003957957,2020-04-08,17:52,2020-05-29,17:53
171338-101003957724,Tree Trim,Parks and Recreation,1436 HARVARD ST,6/22/2020 11:30,Service Completed,Resolved,2020-04-08 11:29:00,171338,101003957724,2020-04-08,11:29,2020-06-22,11:30
171337-101003957690,Tree Removal,Parks and Recreation,4700 CROKER RIDGE RD&15800 RIDGECROFT RD,5/29/2020 11:05,Service Completed,Resolved,2020-04-08 11:04:00,171337,101003957690,2020-04-08,11:04,2020-05-29,11:05
171333-101003957505,Tree Trim,Parks and Recreation,3350 HONDO ST&8100 LAWLER ST,6/22/2020 9:17,Service Completed,Resolved,2020-04-08 09:16:00,171333,101003957505,2020-04-08,9:16,2020-06-22,9:17
171332-101003957479,Tree Trim,Parks and Recreation,8200 LIVINGSTON ST&3600 STASSEN ST,6/22/2020 9:03,Service Completed,Resolved,2020-04-08 09:02:00,171332,101003957479,2020-04-08,9:02,2020-06-22,9:03
171329-101003957297,Tree Removal,Parks and Recreation,12614 ARP ST,5/29/2020 7:17,Service Completed,Resolved,2020-04-08 07:16:00,171329,101003957297,2020-04-08,7:16,2020-05-29,7:17
171328-101003957280,Tree Trim,Parks and Recreation,1927 WENDY HILL WAY,6/22/2020 7:08,Service Completed,Resolved,2020-04-08 07:07:00,171328,101003957280,2020-04-08,7:07,2020-06-22,7:08
171327-101003957120,Tree Removal,Parks and Recreation,9230 KLONDIKE ST,5/29/2020 5:33,Service Completed,Resolved,2020-04-08 05:32:00,171327,101003957120,2020-04-08,5:32,2020-05-29,5:33
171326-101003957106,Tree Removal,Parks and Recreation,541 S 75TH ST,5/29/2020 5:25,Service Completed,Resolved,2020-04-08 05:24:00,171326,101003957106,2020-04-08,5:24,2020-05-29,5:25
171323-101003957020,Tree Trim,Parks and Recreation,2302 BLEKER ST,6/22/2020 4:36,Service Completed,Resolved,2020-04-08 04:35:00,171323,101003957020,2020-04-08,4:35,2020-06-22,4:36
171322-101003956987,Tree Trim,Parks and Recreation,5600 LANGLEY RD,6/22/2020 4:11,Service Completed,Resolved,2020-04-08 04:10:00,171322,101003956987,2020-04-08,4:10,2020-06-22,4:11
171315-101003956380,Tree Trim,Parks and Recreation,11339 LOCKGATE LN,6/21/2020 10:15,Service Completed,Resolved,2020-04-07 10:14:00,171315,101003956380,2020-04-07,10:14,2020-06-21,10:15
171313-101003956315,Tree Removal,Parks and Recreation,939 ELTON ST,5/28/2020 9:34,Service Completed,Resolved,2020-04-07 09:33:00,171313,101003956315,2020-04-07,9:33,2020-05-28,9:34
171312-101003956273,Tree Removal,Parks and Recreation,7330 EVANS ST,5/28/2020 9:14,Service Completed,Resolved,2020-04-07 09:13:00,171312,101003956273,2020-04-07,9:13,2020-05-28,9:14
171310-101003956054,Tree Removal,Parks and Recreation,1914 BRANARD ST,5/28/2020 7:11,Service Completed,Resolved,2020-04-07 07:10:00,171310,101003956054,2020-04-07,7:10,2020-05-28,7:11
171309-101003956039,Tree Trim,Parks and Recreation,5715 KNIGHTWOOD ST,6/21/2020 7:01,Service Completed,Resolved,2020-04-07 07:00:00,171309,101003956039,2020-04-07,7:00,2020-06-21,7:01
171308-101003955939,Tree Trim,Parks and Recreation,12008 NAUGHTON ST,6/21/2020 6:14,Service Completed,Resolved,2020-04-07 06:13:00,171308,101003955939,2020-04-07,6:13,2020-06-21,6:14
171307-101003955931,Tree Trim,Parks and Recreation,219 32ND ST,6/21/2020 6:07,Service Completed,Resolved,2020-04-07 06:06:00,171307,101003955931,2020-04-07,6:06,2020-06-21,6:07
171306-101003955867,Tree Removal,Parks and Recreation,6417 KASSARINE PASS,5/28/2020 5:41,Service Completed,Resolved,2020-04-07 05:40:00,171306,101003955867,2020-04-07,5:40,2020-05-28,5:41
171305-101003955858,Tree Trim,Parks and Recreation,5700 COLLINGSWORTH ST,6/21/2020 5:37,Service Completed,Resolved,2020-04-07 05:36:00,171305,101003955858,2020-04-07,5:36,2020-06-21,5:37
171304-101003955823,Tree Trim,Parks and Recreation,10900 KEESE DR&10000 SANTA MONICA BLVD,6/21/2020 5:23,Service Completed,Resolved,2020-04-07 05:22:00,171304,101003955823,2020-04-07,5:22,2020-06-21,5:23
171303-101003955761,Tree Trim,Parks and Recreation,15600 EL CAMINO REAL&1000 EL DORADO BLVD,6/21/2020 5:01,Service Completed,Resolved,2020-04-07 05:00:00,171303,101003955761,2020-04-07,5:00,2020-06-21,5:01
171301-101003955663,Tree Trim,Parks and Recreation,500 FARGO ST&2300 WHITNEY ST,6/21/2020 4:05,Service Completed,Resolved,2020-04-07 04:04:00,171301,101003955663,2020-04-07,4:04,2020-06-21,4:05
171300-101003955647,Tree Trim,Parks and Recreation,1710 MCKEE ST,6/21/2020 3:52,Service Completed,Resolved,2020-04-07 03:51:00,171300,101003955647,2020-04-07,3:51,2020-06-21,3:52
171299-101003955646,Tree Trim,Parks and Recreation,300 FARGO ST&2300 TAFT ST,6/21/2020 3:52,Service Completed,Resolved,2020-04-07 03:51:00,171299,101003955646,2020-04-07,3:51,2020-06-21,3:52
171298-101003955620,Tree Trim,Parks and Recreation,2800 BOSTON ST&88 DREW ST,6/21/2020 3:38,Service Completed,Resolved,2020-04-07 03:37:00,171298,101003955620,2020-04-07,3:37,2020-06-21,3:38
171297-101003955579,Tree Trim,Parks and Recreation,300 BOMAR ST&1908 TAFT ST,6/21/2020 3:15,Service Completed,Resolved,2020-04-07 03:14:00,171297,101003955579,2020-04-07,3:14,2020-06-21,3:15
171294-101003955183,Tree Removal,Parks and Recreation,2517 JULIAN ST,5/27/2020 11:22,Service Completed,Resolved,2020-04-06 11:21:00,171294,101003955183,2020-04-06,11:21,2020-05-27,11:22
171293-101003955180,Tree Removal,Parks and Recreation,8314 GLENBRAE ST,5/27/2020 11:21,Service Completed,Resolved,2020-04-06 11:20:00,171293,101003955180,2020-04-06,11:20,2020-05-27,11:21
171292-101003954965,Tree Trim,Parks and Recreation,11814 ZARROLL DR,6/20/2020 9:43,Service Completed,Resolved,2020-04-06 09:42:00,171292,101003954965,2020-04-06,9:42,2020-06-20,9:43
101003954899,Tree Trim,Parks and Recreation,8000 FURRAY RD&7500 TREMONT ST,6/20/2020 9:15,Service Completed,Resolved,2020-04-06 09:14:00, ,101003954899,2020-04-06,9:14,2020-06-20,9:15
171288-101003954800,Tree Trim,Parks and Recreation,10900 BOONE LOOP RD&9300 WILCREST DR ,6/20/2020 8:31,Service Completed,Resolved,2020-04-06 08:30:00,171288,101003954800,2020-04-06,8:30,2020-06-20,8:31
171287-101003954799,Tree Trim,Parks and Recreation,15600 EL CAMINO REAL&1000 EL DORADO BLVD,6/20/2020 8:30,Service Completed,Resolved,2020-04-06 08:29:00,171287,101003954799,2020-04-06,8:29,2020-06-20,8:30
171286-101003954790,Tree Trim,Parks and Recreation,1900 COLLIER ST&5300 LAWNDALE ST,6/20/2020 8:26,Service Completed,Resolved,2020-04-06 08:25:00,171286,101003954790,2020-04-06,8:25,2020-06-20,8:26
171284-101003954600,Tree Code Violation,Parks and Recreation,10914 LONGREN ST,5/28/2020 6:53,Service Completed,Resolved,2020-04-06 06:52:00,171284,101003954600,2020-04-06,6:52,2020-05-28,6:53
171283-101003954350,Tree Trim,Parks and Recreation,6410 KASSARINE PASS,6/20/2020 4:55,Service Completed,Resolved,2020-04-06 04:54:00,171283,101003954350,2020-04-06,4:54,2020-06-20,4:55
171281-101003953816,Tree Removal,Parks and Recreation,2103 RESTRIDGE DR,5/26/2020 8:59,Service Completed,Resolved,2020-04-05 08:58:00,171281,101003953816,2020-04-05,8:58,2020-05-26,8:59
171280-101003953759,Tree Trim,Parks and Recreation,7941 KERR ST,6/19/2020 7:16,Service Completed,Resolved,2020-04-05 07:15:00,171280,101003953759,2020-04-05,7:15,2020-06-19,7:16
171278-101003953618,Tree Trim,Parks and Recreation,8341 SANDS POINT DR,6/19/2020 0:13,Service Completed,Resolved,2020-04-05 00:12:00,171278,101003953618,2020-04-05,0:12,2020-06-19,0:13
171277-101003953514,Tree Removal,Parks and Recreation,2021 EUBANKS ST,5/25/2020 13:56,Service Completed,Resolved,2020-04-04 13:55:00,171277,101003953514,2020-04-04,13:55,2020-05-25,13:56
171276-101003953485,Tree Trim,Parks and Recreation,10926 KEESE DR,6/18/2020 12:34,Service Completed,Resolved,2020-04-04 12:33:00,171276,101003953485,2020-04-04,12:33,2020-06-18,12:34
171275-101003953055,Tree Removal,Parks and Recreation,701 HIGHLAND ST,5/24/2020 16:50,Service Completed,Resolved,2020-04-03 16:49:00,171275,101003953055,2020-04-03,16:49,2020-05-24,16:50
171274-101003952970,Tree Code Violation,Parks and Recreation,2315 RICHMOND AVE,5/25/2020 13:17,Service Completed,Resolved,2020-04-03 13:16:00,171274,101003952970,2020-04-03,13:16,2020-05-25,13:17
171273-101003952945,Tree Removal,Parks and Recreation,8702 RUTHERFORD LN,5/24/2020 12:32,Service Completed,Resolved,2020-04-03 12:31:00,171273,101003952945,2020-04-03,12:31,2020-05-24,12:32
171269-101003952830,Tree Trim,Parks and Recreation,8702 RUTHERFORD LN,6/17/2020 11:08,Service Completed,Resolved,2020-04-03 11:07:00,171269,101003952830,2020-04-03,11:07,2020-06-17,11:08
171266-101003952459,Tree Trim,Parks and Recreation,5880 WOODWAY DR,6/17/2020 8:15,Service Completed,Resolved,2020-04-03 08:14:00,171266,101003952459,2020-04-03,8:14,2020-06-17,8:15
171265-101003952456,Tree Removal,Parks and Recreation,9600 CULLEN BLVD&4700 WENDA ST,5/24/2020 8:14,Service Completed,Resolved,2020-04-03 08:13:00,171265,101003952456,2020-04-03,8:13,2020-05-24,8:14
171264-101003952406,Tree Removal,Parks and Recreation,1124 E 6TH 1/2 ST,5/24/2020 7:47,Service Completed,Resolved,2020-04-03 07:46:00,171264,101003952406,2020-04-03,7:46,2020-05-24,7:47
171262-101003952385,Tree Removal,Parks and Recreation,2605 HADLEY ST,5/24/2020 7:40,Service Completed,Resolved,2020-04-03 07:39:00,171262,101003952385,2020-04-03,7:39,2020-05-24,7:40
171261-101003952357,Tree Removal,Parks and Recreation,4701 LINN ST,5/24/2020 7:29,Service Completed,Resolved,2020-04-03 07:28:00,171261,101003952357,2020-04-03,7:28,2020-05-24,7:29
171259-101003952317,Tree Trim,Parks and Recreation,211 DEERFIELD ST,6/17/2020 7:03,Service Completed,Resolved,2020-04-03 07:02:00,171259,101003952317,2020-04-03,7:02,2020-06-17,7:03
171258-101003952245,Tree Removal,Parks and Recreation,2933 JACKSON ST,5/24/2020 6:30,Service Completed,Resolved,2020-04-03 06:29:00,171258,101003952245,2020-04-03,6:29,2020-05-24,6:30
171257-101003952168,Tree Trim,Parks and Recreation,11110 BANDLON DR,6/17/2020 5:44,Service Completed,Resolved,2020-04-03 05:43:00,171257,101003952168,2020-04-03,5:43,2020-06-17,5:44
171256-101003952163,Tree Trim,Parks and Recreation,2417 TACKABERRY ST,6/17/2020 5:42,Service Completed,Resolved,2020-04-03 05:41:00,171256,101003952163,2020-04-03,5:41,2020-06-17,5:42
101003951783,Tree Removal,Parks and Recreation,8914 N GREEN RIVER DR,5/23/2020 23:33,Service Completed,Resolved,2020-04-02 23:32:00, ,101003951783,2020-04-02,23:32,2020-05-23,23:33
171248-101003951606,Tree Removal,Parks and Recreation,10863 FAIRLAND DR,5/23/2020 12:44,Service Completed,Resolved,2020-04-02 12:43:00,171248,101003951606,2020-04-02,12:43,2020-05-23,12:44
171247-101003951519,Tree Trim,Parks and Recreation,12429 KATHRYN ST,6/16/2020 11:28,Service Completed,Resolved,2020-04-02 11:27:00,171247,101003951519,2020-04-02,11:27,2020-06-16,11:28
171246-101003951314,Tree Removal,Parks and Recreation,19214 SEARS DR,5/23/2020 9:58,Service Completed,Resolved,2020-04-02 09:57:00,171246,101003951314,2020-04-02,9:57,2020-05-23,9:58
171245-101003951296,Tree Removal,Parks and Recreation,701 ARLINGTON ST,5/23/2020 9:51,Service Completed,Resolved,2020-04-02 09:50:00,171245,101003951296,2020-04-02,9:50,2020-05-23,9:51
171244-101003951165,Tree Removal,Parks and Recreation,4507 BEGGS ST,5/23/2020 8:46,Service Completed,Resolved,2020-04-02 08:45:00,171244,101003951165,2020-04-02,8:45,2020-05-23,8:46
171243-101003951164,Tree Removal,Parks and Recreation,800 COMMERCE ST,5/23/2020 8:45,Service Completed,Resolved,2020-04-02 08:44:00,171243,101003951164,2020-04-02,8:44,2020-05-23,8:45
171242-101003951159,Tree Trim,Parks and Recreation,3826 MEMORIAL DR&200 WAUGH DR,6/16/2020 8:43,Service Completed,Resolved,2020-04-02 08:42:00,171242,101003951159,2020-04-02,8:42,2020-06-16,8:43
171241-101003951121,Tree Removal,Parks and Recreation,6509 MORROW ST,5/23/2020 8:22,Service Completed,Resolved,2020-04-02 08:21:00,171241,101003951121,2020-04-02,8:21,2020-05-23,8:22
101003951028,Tree Trim,Parks and Recreation,1616 MCKEE ST,6/16/2020 7:31,Service Completed,Resolved,2020-04-02 07:30:00, ,101003951028,2020-04-02,7:30,2020-06-16,7:31
171238-101003950918,Tree Removal,Parks and Recreation,117 GLENDORA ST,5/23/2020 6:40,Service Completed,Resolved,2020-04-02 06:39:00,171238,101003950918,2020-04-02,6:39,2020-05-23,6:40
171237-101003950578,Tree Trim,Parks and Recreation,3100 S GESSNER RD&9700 MEADOWGLEN LN,6/16/2020 3:56,Service Completed,Resolved,2020-04-02 03:55:00,171237,101003950578,2020-04-02,3:55,2020-06-16,3:56
171236-101003950483,Tree Removal,Parks and Recreation,28 N ENNIS ST,5/23/2020 2:43,Service Completed,Resolved,2020-04-02 02:42:00,171236,101003950483,2020-04-02,2:42,2020-05-23,2:43
171235-101003950475,Tree Removal,Parks and Recreation,4800 CLINTON DR&100 JAPHET ST,5/23/2020 2:24,Service Completed,Resolved,2020-04-02 02:23:00,171235,101003950475,2020-04-02,2:23,2020-05-23,2:24
171234-101003950405,Tree Removal,Parks and Recreation,2314 W MAIN ST,5/22/2020 17:00,Service Completed,Resolved,2020-04-01 16:59:00,171234,101003950405,2020-04-01,16:59,2020-05-22,17:00
171233-101003950251,Tree Trim,Parks and Recreation,2226 LIBBEY DR,6/15/2020 12:03,Service Completed,Resolved,2020-04-01 12:02:00,171233,101003950251,2020-04-01,12:02,2020-06-15,12:03
171230-101003949948,Tree Planting,Parks and Recreation,1516 ELGIN ST,4/26/2020 8:58,Service Completed,Resolved,2020-04-01 08:57:00,171230,101003949948,2020-04-01,8:57,2020-04-26,8:58
171228-101003939701,Tree Removal,Parks and Recreation,7000 MEMORIAL DR&7400 N PICNIC LN,5/22/2020 6:21,Service Completed,Resolved,2020-04-01 06:20:00,171228,101003939701,2020-04-01,6:20,2020-05-22,6:21
171227-101003939700,Tree Trim,Parks and Recreation,3001 ISABELLA ST,6/15/2020 6:20,Service Completed,Resolved,2020-04-01 06:19:00,171227,101003939700,2020-04-01,6:19,2020-06-15,6:20
171224-101003939556,Tree Trim,Parks and Recreation,8195 SANDS POINT DR,6/15/2020 4:58,Service Completed,Resolved,2020-04-01 04:57:00,171224,101003939556,2020-04-01,4:57,2020-06-15,4:58
171225-101003939555,Tree Trim,Parks and Recreation,1702 HEIGHTS BLVD,6/15/2020 4:58,Service Completed,Resolved,2020-04-01 04:57:00,171225,101003939555,2020-04-01,4:57,2020-06-15,4:58
171223-101003939530,Tree Trim,Parks and Recreation,3826 APPALACHIAN TRL,6/15/2020 4:43,Service Completed,Resolved,2020-04-01 04:42:00,171223,101003939530,2020-04-01,4:42,2020-06-15,4:43
171220-101003939341,Tree Trim,Parks and Recreation,2001 ESPERANZA ST,6/15/2020 2:45,Service Completed,Resolved,2020-04-01 02:44:00,171220,101003939341,2020-04-01,2:44,2020-06-15,2:45
101003939285,Tree Trim,Parks and Recreation,9900 CLUB CREEK DR&9200 WOODFAIR DR,6/15/2020 0:11,Service Completed,Resolved,2020-04-01 00:10:00, ,101003939285,2020-04-01,0:10,2020-06-15,0:11
171218-101003939138,Tree Trim,Parks and Recreation,1503 WILLOW ROCK RD,6/14/2020 14:13,Service Completed,Resolved,2020-03-31 14:12:00,171218,101003939138,2020-03-31,14:12,2020-06-14,14:13
171217-101003939133,Tree Trim,Parks and Recreation,8800 RUTHERFORD LN&1500 WILLOW ROCK RD,6/14/2020 14:08,Service Completed,Resolved,2020-03-31 14:07:00,171217,101003939133,2020-03-31,14:07,2020-06-14,14:08
171213-101003938439,Tree Trim,Parks and Recreation,10430 CASTLETON ST,6/14/2020 7:01,Service Completed,Resolved,2020-03-31 07:00:00,171213,101003938439,2020-03-31,7:00,2020-06-14,7:01
171212-101003938233,Tree Trim,Parks and Recreation,222 KRESS ST,6/14/2020 5:45,Service Completed,Resolved,2020-03-31 05:44:00,171212,101003938233,2020-03-31,5:44,2020-06-14,5:45
171211-101003938217,Tree Trim,Parks and Recreation,3900 SAN JACINTO ST&1200 TRUXILLO ST,6/14/2020 5:35,Service Completed,Resolved,2020-03-31 05:34:00,171211,101003938217,2020-03-31,5:34,2020-06-14,5:35
171209-101003938160,Tree Removal,Parks and Recreation,14600 CARDINAL CREEK CT&14650 CRESCENT LANDING DR,5/21/2020 5:14,Service Completed,Resolved,2020-03-31 05:13:00,171209,101003938160,2020-03-31,5:13,2020-05-21,5:14
171208-101003938114,Tree Removal,Parks and Recreation,3103 VIRGINIA ST,5/21/2020 4:57,Service Completed,Resolved,2020-03-31 04:56:00,171208,101003938114,2020-03-31,4:56,2020-05-21,4:57
171207-101003938096,Tree Trim,Parks and Recreation,1100 BAGBY ST,6/14/2020 4:51,Service Completed,Resolved,2020-03-31 04:50:00,171207,101003938096,2020-03-31,4:50,2020-06-14,4:51
101003938078,Tree Trim,Parks and Recreation,  ,6/14/2020 4:44,Service Completed,Resolved,2020-03-31 04:43:00, ,101003938078,2020-03-31,4:43,2020-06-14,4:44
171206-101003937987,Tree Trim,Parks and Recreation,2300 KINGWOOD DR&2600 WOODLAND HILLS DR,6/14/2020 4:05,Service Completed,Resolved,2020-03-31 04:04:00,171206,101003937987,2020-03-31,4:04,2020-06-14,4:05
171204-101003937859,Tree Removal,Parks and Recreation,516 COLUMBIA ST,5/21/2020 3:05,Service Completed,Resolved,2020-03-31 03:04:00,171204,101003937859,2020-03-31,3:04,2020-05-21,3:05
171199-101003937535,Tree Trim,Parks and Recreation,440 E FAIR HARBOR LN,6/13/2020 11:43,Service Completed,Resolved,2020-03-30 11:42:00,171199,101003937535,2020-03-30,11:42,2020-06-13,11:43
171198-101003937471,Tree Removal,Parks and Recreation,705 7TH 1/2 ST,5/20/2020 11:14,Service Completed,Resolved,2020-03-30 11:13:00,171198,101003937471,2020-03-30,11:13,2020-05-20,11:14
171197-101003937420,Tree Removal,Parks and Recreation,6619 MOSS ROSE ST,5/20/2020 10:59,Service Completed,Resolved,2020-03-30 10:58:00,171197,101003937420,2020-03-30,10:58,2020-05-20,10:59
171195-101003937377,Tree Removal,Parks and Recreation,1520 RIDGEWOOD ST,5/20/2020 10:35,Service Completed,Resolved,2020-03-30 10:34:00,171195,101003937377,2020-03-30,10:34,2020-05-20,10:35
171190-101003936955,Tree Trim,Parks and Recreation,1938 KNOLL ST,6/13/2020 6:31,Service Completed,Resolved,2020-03-30 06:30:00,171190,101003936955,2020-03-30,6:30,2020-06-13,6:31
171187-101003936908,Tree Stump Grinding,Parks and Recreation,5981 INWOOD DR,7/24/2020 6:09,Service Completed,Resolved,2020-03-30 06:08:00,171187,101003936908,2020-03-30,6:08,2020-07-24,6:09
171186-101003936800,Tree Trim,Parks and Recreation,11211 RESOURCE PKWY,6/13/2020 5:22,Service Completed,Resolved,2020-03-30 05:21:00,171186,101003936800,2020-03-30,5:21,2020-06-13,5:22
171185-101003936797,Tree Code Violation,Parks and Recreation,1914 N MEMORIAL WAY,5/21/2020 5:20,Service Completed,Resolved,2020-03-30 05:19:00,171185,101003936797,2020-03-30,5:19,2020-05-21,5:20
171179-101003936445,Tree Trim,Parks and Recreation,5005 LYONS AVE,6/12/2020 17:27,Service Completed,Resolved,2020-03-29 17:26:00,171179,101003936445,2020-03-29,17:26,2020-06-12,17:27
171178-101003936314,Tree Removal,Parks and Recreation,4055 LEESHIRE DR,5/19/2020 9:21,Service Completed,Resolved,2020-03-29 09:20:00,171178,101003936314,2020-03-29,9:20,2020-05-19,9:21
171177-101003936308,Tree Removal,Parks and Recreation,5707 JASON ST,5/19/2020 9:03,Service Completed,Resolved,2020-03-29 09:02:00,171177,101003936308,2020-03-29,9:02,2020-05-19,9:03
171176-101003936174,Tree Removal,Parks and Recreation,8914 PITNER RD,5/19/2020 6:05,Service Completed,Resolved,2020-03-29 06:04:00,171176,101003936174,2020-03-29,6:04,2020-05-19,6:05
171175-101003936169,Tree Trim,Parks and Recreation,2062 BRENTWOOD DR&1400 S SHEPHERD DR,6/12/2020 6:04,Service Completed,Resolved,2020-03-29 06:03:00,171175,101003936169,2020-03-29,6:03,2020-06-12,6:04
171174-101003936062,Tree Removal,Parks and Recreation,12438 HODGES ST,5/19/2020 1:06,Service Completed,Resolved,2020-03-29 01:05:00,171174,101003936062,2020-03-29,1:05,2020-05-19,1:06
171173-101003935939,Tree Trim,Parks and Recreation,518 ELLENA RD,6/11/2020 12:20,Service Completed,Resolved,2020-03-28 12:19:00,171173,101003935939,2020-03-28,12:19,2020-06-11,12:20
171172-101003935700,Tree Trim,Parks and Recreation,540 34TH ST,6/11/2020 5:45,Service Completed,Resolved,2020-03-28 05:44:00,171172,101003935700,2020-03-28,5:44,2020-06-11,5:45
171169-101003935126,Tree Removal,Parks and Recreation,5614 JACKWOOD ST,5/17/2020 9:48,Service Completed,Resolved,2020-03-27 09:47:00,171169,101003935126,2020-03-27,9:47,2020-05-17,9:48
171168-101003935109,Tree Trim,Parks and Recreation,7100 BRETSHIRE DR&9900 HOMESTEAD RD,6/10/2020 9:40,Service Completed,Resolved,2020-03-27 09:39:00,171168,101003935109,2020-03-27,9:39,2020-06-10,9:40
171166-101003935041,Tree Trim,Parks and Recreation,1001 FISHER ST,6/10/2020 9:06,Service Completed,Resolved,2020-03-27 09:05:00,171166,101003935041,2020-03-27,9:05,2020-06-10,9:06
171165-101003934829,Tree Trim,Parks and Recreation,1838 TIDWELL RD,6/10/2020 7:31,Service Completed,Resolved,2020-03-27 07:30:00,171165,101003934829,2020-03-27,7:30,2020-06-10,7:31
171164-101003934812,Tree Trim,Parks and Recreation,8400 MILLICENT ST,6/10/2020 7:22,Service Completed,Resolved,2020-03-27 07:21:00,171164,101003934812,2020-03-27,7:21,2020-06-10,7:22
171163-101003934802,Tree Trim,Parks and Recreation,6103 HERMANN PARK DR,6/10/2020 7:16,Service Completed,Resolved,2020-03-27 07:15:00,171163,101003934802,2020-03-27,7:15,2020-06-10,7:16
171162-101003934799,Tree Trim,Parks and Recreation,8600 BISSONNET ST&9600 S GESSNER RD,6/10/2020 7:13,Service Completed,Resolved,2020-03-27 07:12:00,171162,101003934799,2020-03-27,7:12,2020-06-10,7:13
171161-101003934733,Tree Trim,Parks and Recreation,2937 JACKSON ST,6/10/2020 6:43,Service Completed,Resolved,2020-03-27 06:42:00,171161,101003934733,2020-03-27,6:42,2020-06-10,6:43
171160-101003934643,Tree Removal,Parks and Recreation,702 HEATHERTON HILL LN,5/17/2020 5:10,Service Completed,Resolved,2020-03-27 05:09:00,171160,101003934643,2020-03-27,5:09,2020-05-17,5:10
171159-101003934633,Tree Removal,Parks and Recreation,10300 MANHATTAN DR&5300 YARWELL DR ,5/17/2020 5:05,Service Completed,Resolved,2020-03-27 05:04:00,171159,101003934633,2020-03-27,5:04,2020-05-17,5:05
101003934227,Tree Trim,Parks and Recreation,12922 WESTPARK DR,6/9/2020 15:27,Service Completed,Resolved,2020-03-26 15:26:00, ,101003934227,2020-03-26,15:26,2020-06-09,15:27
171152-101003933920,Tree Removal,Parks and Recreation,4826 RAVEN RIDGE DR,5/16/2020 10:21,Service Completed,Resolved,2020-03-26 10:20:00,171152,101003933920,2020-03-26,10:20,2020-05-16,10:21
171151-101003933903,Tree Trim,Parks and Recreation,200 W 33RD ST&100 E 34TH ST&3400 YALE ST,6/9/2020 10:12,Service Completed,Resolved,2020-03-26 10:11:00,171151,101003933903,2020-03-26,10:11,2020-06-09,10:12
101003933891,Tree Trim,Parks and Recreation,6636 ENGLAND ST,6/9/2020 10:09,Service Completed,Resolved,2020-03-26 10:08:00, ,101003933891,2020-03-26,10:08,2020-06-09,10:09
101003933803,Tree Removal,Parks and Recreation,3823 BEAVER DR,5/16/2020 9:20,Service Completed,Resolved,2020-03-26 09:19:00, ,101003933803,2020-03-26,9:19,2020-05-16,9:20
171146-101003933543,Tree Trim,Parks and Recreation,5206 LAMONTE LN,6/9/2020 7:12,Service Completed,Resolved,2020-03-26 07:11:00,171146,101003933543,2020-03-26,7:11,2020-06-09,7:12
171145-101003933520,Tree Removal,Parks and Recreation,6734 SYLMAR RD,5/16/2020 7:02,Service Completed,Resolved,2020-03-26 07:01:00,171145,101003933520,2020-03-26,7:01,2020-05-16,7:02
171143-101003933413,Tree Trim,Parks and Recreation,15502 ROSE RIDGE CT,6/9/2020 6:12,Service Completed,Resolved,2020-03-26 06:11:00,171143,101003933413,2020-03-26,6:11,2020-06-09,6:12
171136-101003932767,Tree Trim,Parks and Recreation,9400 ALMEDA GENOA RD&8400 BLACKHAWK BLVD&9700 CLEARWOOD ST,6/8/2020 11:26,Service Completed,Resolved,2020-03-25 11:25:00,171136,101003932767,2020-03-25,11:25,2020-06-08,11:26
171135-101003932464,Tree Removal,Parks and Recreation,1602 RIDGEWOOD ST,5/15/2020 7:34,Service Completed,Resolved,2020-03-25 07:33:00,171135,101003932464,2020-03-25,7:33,2020-05-15,7:34
171134-101003932441,Tree Trim,Parks and Recreation,8900 BRAEBURN GLEN BLVD&8800 JASON ST,6/8/2020 7:20,Service Completed,Resolved,2020-03-25 07:19:00,171134,101003932441,2020-03-25,7:19,2020-06-08,7:20
171133-101003932393,Tree Trim,Parks and Recreation,6600 HARBOR TOWN DR,6/8/2020 6:59,Service Completed,Resolved,2020-03-25 06:58:00,171133,101003932393,2020-03-25,6:58,2020-06-08,6:59
101003932378,Tree Stump Grinding,Parks and Recreation,9701 MARIPOSA ST,7/19/2020 6:51,Service Completed,Resolved,2020-03-25 06:50:00, ,101003932378,2020-03-25,6:50,2020-07-19,6:51
171131-101003932234,Tree Trim,Parks and Recreation,7210 EL PASO ST,6/8/2020 5:47,Service Completed,Resolved,2020-03-25 05:46:00,171131,101003932234,2020-03-25,5:46,2020-06-08,5:47
171130-101003932224,Tree Removal,Parks and Recreation,2719 REYNOLDS ST,5/15/2020 5:43,Service Completed,Resolved,2020-03-25 05:42:00,171130,101003932224,2020-03-25,5:42,2020-05-15,5:43
171127-101003931624,Tree Code Violation,Parks and Recreation,1602 RIDGEWOOD ST,5/15/2020 11:36,Service Completed,Resolved,2020-03-24 11:35:00,171127,101003931624,2020-03-24,11:35,2020-05-15,11:36
171126-101003931576,Tree Removal,Parks and Recreation,1475 W GRAY ST,5/14/2020 11:15,Service Completed,Resolved,2020-03-24 11:14:00,171126,101003931576,2020-03-24,11:14,2020-05-14,11:15
171125-101003931485,Tree Trim,Parks and Recreation,2202 SUL ROSS ST,6/7/2020 10:08,Service Completed,Resolved,2020-03-24 10:07:00,171125,101003931485,2020-03-24,10:07,2020-06-07,10:08
171124-101003931443,Tree Trim,Parks and Recreation,6202 N WAYSIDE DR,6/7/2020 9:36,Service Completed,Resolved,2020-03-24 09:35:00,171124,101003931443,2020-03-24,9:35,2020-06-07,9:36
171123-101003931437,Tree Trim,Parks and Recreation,114 E 22ND ST,6/7/2020 9:33,Service Completed,Resolved,2020-03-24 09:32:00,171123,101003931437,2020-03-24,9:32,2020-06-07,9:33
171122-101003931415,Tree Removal,Parks and Recreation,506 LINK RD&1600 TABOR ST,5/14/2020 9:16,Service Completed,Resolved,2020-03-24 09:15:00,171122,101003931415,2020-03-24,9:15,2020-05-14,9:16
171120-101003931196,Tree Trim,Parks and Recreation,7914 WILCREST DR,6/7/2020 6:39,Service Completed,Resolved,2020-03-24 06:38:00,171120,101003931196,2020-03-24,6:38,2020-06-07,6:39
171119-101003931035,Tree Removal,Parks and Recreation,14410 E GLEN WILLOW RD,5/14/2020 5:11,Service Completed,Resolved,2020-03-24 05:10:00,171119,101003931035,2020-03-24,5:10,2020-05-14,5:11
171118-101003930880,Tree Removal,Parks and Recreation,2935 JACKSON ST,5/14/2020 3:50,Service Completed,Resolved,2020-03-24 03:49:00,171118,101003930880,2020-03-24,3:49,2020-05-14,3:50
171117-101003930879,Tree Removal,Parks and Recreation,2927 JACKSON ST,5/14/2020 3:50,Service Completed,Resolved,2020-03-24 03:49:00,171117,101003930879,2020-03-24,3:49,2020-05-14,3:50
171112-101003930747,Tree Trim,Parks and Recreation,5935 SANFORD RD,6/6/2020 21:34,Service Completed,Resolved,2020-03-23 21:33:00,171112,101003930747,2020-03-23,21:33,2020-06-06,21:34
171111-101003930638,Tree Trim,Parks and Recreation,2901 SADLER ST,6/6/2020 13:48,Service Completed,Resolved,2020-03-23 13:47:00,171111,101003930638,2020-03-23,13:47,2020-06-06,13:48
171110-101003930503,Tree Removal,Parks and Recreation,3900 COLQUITT ST&3400 WESLAYAN ST,5/13/2020 11:31,Service Completed,Resolved,2020-03-23 11:30:00,171110,101003930503,2020-03-23,11:30,2020-05-13,11:31
101003930351,Tree Removal,Parks and Recreation,7600 CROFTON ST&9000 WOODWICK ST,5/13/2020 10:19,Service Completed,Resolved,2020-03-23 10:18:00, ,101003930351,2020-03-23,10:18,2020-05-13,10:19
171109-101003930244,Tree Trim,Parks and Recreation,5950 SOUTHRIDGE ST,6/6/2020 9:24,Service Completed,Resolved,2020-03-23 09:23:00,171109,101003930244,2020-03-23,9:23,2020-06-06,9:24
171107-101003930181,Tree Removal,Parks and Recreation,7306 OAK VILLAGE DR,5/13/2020 8:49,Service Completed,Resolved,2020-03-23 08:48:00,171107,101003930181,2020-03-23,8:48,2020-05-13,8:49
355354-101003930153,Tree Removal,Parks and Recreation,  ,5/13/2020 8:31,Service Completed,Resolved,2020-03-23 08:30:00,355354,101003930153,2020-03-23,8:30,2020-05-13,8:31
171102-101003929874,Tree Trim,Parks and Recreation,1200 JUDY CT&12430 KATHRYN ST,6/6/2020 5:55,Service Completed,Resolved,2020-03-23 05:54:00,171102,101003929874,2020-03-23,5:54,2020-06-06,5:55
171101-101003929840,Tree Trim,Parks and Recreation,9035 COLLEEN RD,6/6/2020 5:43,Service Completed,Resolved,2020-03-23 05:42:00,171101,101003929840,2020-03-23,5:42,2020-06-06,5:43
171100-101003929824,Tree Trim,Parks and Recreation,5200 SELINSKY RD,6/6/2020 5:38,Service Completed,Resolved,2020-03-23 05:37:00,171100,101003929824,2020-03-23,5:37,2020-06-06,5:38
171099-101003929808,Tree Trim,Parks and Recreation,7131 ENGLAND ST,6/6/2020 5:32,Service Completed,Resolved,2020-03-23 05:31:00,171099,101003929808,2020-03-23,5:31,2020-06-06,5:32
171096-101003929740,Tree Removal,Parks and Recreation,1000 BAY AREA BLVD,5/13/2020 4:57,Service Completed,Resolved,2020-03-23 04:56:00,171096,101003929740,2020-03-23,4:56,2020-05-13,4:57
171094-101003929595,Tree Trim,Parks and Recreation,7500 KIRBY DR,6/6/2020 3:26,Service Completed,Resolved,2020-03-23 03:25:00,171094,101003929595,2020-03-23,3:25,2020-06-06,3:26
171081-101003929399,Tree Code Violation,Parks and Recreation,14915 DOGWOOD TREE ST,5/13/2020 10:58,Service Completed,Resolved,2020-03-22 10:57:00,171081,101003929399,2020-03-22,10:57,2020-05-13,10:58
171080-101003929204,Tree Removal,Parks and Recreation,8805 PRICHETT DR,5/12/2020 1:12,Service Completed,Resolved,2020-03-22 01:11:00,171080,101003929204,2020-03-22,1:11,2020-05-12,1:12
171079-101003929191,Tree Trim,Parks and Recreation,1602 HAVERHILL DR,6/4/2020 23:59,Service Completed,Resolved,2020-03-21 23:58:00,171079,101003929191,2020-03-21,23:58,2020-06-04,23:59
171078-101003929106,Tree Removal,Parks and Recreation,7900 LITTLE ST&6200 N WAYSIDE DR,5/11/2020 14:36,Service Completed,Resolved,2020-03-21 14:35:00,171078,101003929106,2020-03-21,14:35,2020-05-11,14:36
171077-101003928944,Tree Trim,Parks and Recreation,7402 DIXIE DR,6/4/2020 6:06,Service Completed,Resolved,2020-03-21 06:05:00,171077,101003928944,2020-03-21,6:05,2020-06-04,6:06
171076-101003928922,Tree Trim,Parks and Recreation,150 E RITTENHOUSE ST,6/4/2020 5:19,Service Completed,Resolved,2020-03-21 05:18:00,171076,101003928922,2020-03-21,5:18,2020-06-04,5:19
171075-101003928821,Tree Removal,Parks and Recreation,5150 JASON ST,5/11/2020 1:03,Service Completed,Resolved,2020-03-21 01:02:00,171075,101003928821,2020-03-21,1:02,2020-05-11,1:03
171074-101003928508,Tree Removal,Parks and Recreation,3735 LINKVIEW DR,5/10/2020 11:32,Service Completed,Resolved,2020-03-20 11:31:00,171074,101003928508,2020-03-20,11:31,2020-05-10,11:32
171073-101003928329,Tree Trim,Parks and Recreation,5500 ARDMORE ST,6/3/2020 10:08,Service Completed,Resolved,2020-03-20 10:07:00,171073,101003928329,2020-03-20,10:07,2020-06-03,10:08
171071-101003927878,Tree Trim,Parks and Recreation,323 PLAZA DEL SOL PARK,6/3/2020 5:36,Service Completed,Resolved,2020-03-20 05:35:00,171071,101003927878,2020-03-20,5:35,2020-06-03,5:36
171070-101003927697,Tree Removal,Parks and Recreation,1513 WHITE OAK DR,5/10/2020 3:50,Service Completed,Resolved,2020-03-20 03:49:00,171070,101003927697,2020-03-20,3:49,2020-05-10,3:50
171069-101003927594,Tree Trim,Parks and Recreation,2138 TANGLEY ST,6/3/2020 2:24,Service Completed,Resolved,2020-03-20 02:23:00,171069,101003927594,2020-03-20,2:23,2020-06-03,2:24
171068-101003927571,Tree Removal,Parks and Recreation,800 N ELDRIDGE PKWY&15100 MEMORIAL DR,5/10/2020 1:14,Service Completed,Resolved,2020-03-20 01:13:00,171068,101003927571,2020-03-20,1:13,2020-05-10,1:14
171067-101003927509,Tree Removal,Parks and Recreation,400 MERCURY DR,5/9/2020 20:46,Service Completed,Resolved,2020-03-19 20:45:00,171067,101003927509,2020-03-19,20:45,2020-05-09,20:46
171066-101003927508,Tree Removal,Parks and Recreation,8250 BELLAIRE BLVD&6676 HARBOR TOWN DR,5/9/2020 20:42,Service Completed,Resolved,2020-03-19 20:41:00,171066,101003927508,2020-03-19,20:41,2020-05-09,20:42
171064-101003927275,Tree Trim,Parks and Recreation,3100 MAXROY ST&6612 TOLEDO ST,6/2/2020 11:30,Service Completed,Resolved,2020-03-19 11:29:00,171064,101003927275,2020-03-19,11:29,2020-06-02,11:30
101003927242,Tree Trim,Parks and Recreation,3902 COLQUITT ST,6/2/2020 11:13,Service Completed,Resolved,2020-03-19 11:12:00, ,101003927242,2020-03-19,11:12,2020-06-02,11:13
171063-101003927010,Tree Trim,Parks and Recreation,6600 HARBOR TOWN DR,6/2/2020 9:21,Service Completed,Resolved,2020-03-19 09:20:00,171063,101003927010,2020-03-19,9:20,2020-06-02,9:21
171061-101003926787,Tree Trim,Parks and Recreation,5207 LAMONTE LN,6/2/2020 7:22,Service Completed,Resolved,2020-03-19 07:21:00,171061,101003926787,2020-03-19,7:21,2020-06-02,7:22
171060-101003926771,Tree Removal,Parks and Recreation,7506 JAPONICA ST,5/9/2020 7:11,Service Completed,Resolved,2020-03-19 07:10:00,171060,101003926771,2020-03-19,7:10,2020-05-09,7:11
171059-101003926741,Tree Removal,Parks and Recreation,1131 STONECREST DR,5/9/2020 6:52,Service Completed,Resolved,2020-03-19 06:51:00,171059,101003926741,2020-03-19,6:51,2020-05-09,6:52
171057-101003926503,Tree Stump Grinding,Parks and Recreation,5734 NORTHRIDGE DR,7/13/2020 5:03,Service Completed,Resolved,2020-03-19 05:02:00,171057,101003926503,2020-03-19,5:02,2020-07-13,5:03
171056-101003926266,Tree Removal,Parks and Recreation,923 ALLSTON ST,5/9/2020 3:07,Service Completed,Resolved,2020-03-19 03:06:00,171056,101003926266,2020-03-19,3:06,2020-05-09,3:07
171053-101003925935,Tree Trim,Parks and Recreation,7400 GREENBRIAR DR&7400 MAIN ST,6/1/2020 10:58,Service Completed,Resolved,2020-03-18 10:57:00,171053,101003925935,2020-03-18,10:57,2020-06-01,10:58
171051-101003925827,Tree Removal,Parks and Recreation,2900 BRAZOS ST&500 TUAM ST,5/8/2020 10:00,Service Completed,Resolved,2020-03-18 09:59:00,171051,101003925827,2020-03-18,9:59,2020-05-08,10:00
171049-101003925561,Tree Trim,Parks and Recreation,5012 WINNETKA ST,6/1/2020 7:32,Service Completed,Resolved,2020-03-18 07:31:00,171049,101003925561,2020-03-18,7:31,2020-06-01,7:32
171047-101003925342,Tree Trim,Parks and Recreation,2604 CHAPMAN ST,6/1/2020 5:25,Service Completed,Resolved,2020-03-18 05:24:00,171047,101003925342,2020-03-18,5:24,2020-06-01,5:25
171046-101003925263,Tree Trim,Parks and Recreation,9322 LEADER ST,6/1/2020 4:39,Service Completed,Resolved,2020-03-18 04:38:00,171046,101003925263,2020-03-18,4:38,2020-06-01,4:39
171045-101003925256,Tree Trim,Parks and Recreation,9318 LEADER ST,6/1/2020 4:37,Service Completed,Resolved,2020-03-18 04:36:00,171045,101003925256,2020-03-18,4:36,2020-06-01,4:37
171036-101003925058,Tree Trim,Parks and Recreation,515 MAXEY RD,6/1/2020 1:17,Service Completed,Resolved,2020-03-18 01:16:00,171036,101003925058,2020-03-18,1:16,2020-06-01,1:17
171034-101003924522,Tree Removal,Parks and Recreation,239 HOHLDALE ST,5/7/2020 10:11,Service Completed,Resolved,2020-03-17 10:10:00,171034,101003924522,2020-03-17,10:10,2020-05-07,10:11
171033-101003924414,Tree Trim,Parks and Recreation,4322 MARLBOROUGH DR,5/31/2020 9:19,Service Completed,Resolved,2020-03-17 09:18:00,171033,101003924414,2020-03-17,9:18,2020-05-31,9:19
101003924197,Tree Trim,Parks and Recreation,2831 CETTI ST,5/31/2020 7:34,Service Completed,Resolved,2020-03-17 07:33:00, ,101003924197,2020-03-17,7:33,2020-05-31,7:34
171031-101003924067,Tree Removal,Parks and Recreation,11431 HILLCROFT AVE,5/7/2020 6:29,Service Completed,Resolved,2020-03-17 06:28:00,171031,101003924067,2020-03-17,6:28,2020-05-07,6:29
171030-101003924052,Tree Removal,Parks and Recreation,11030 CLARA RD,5/7/2020 6:22,Service Completed,Resolved,2020-03-17 06:21:00,171030,101003924052,2020-03-17,6:21,2020-05-07,6:22
171029-101003923986,Tree Removal,Parks and Recreation,6923 DUMBLE ST,5/7/2020 5:51,Service Completed,Resolved,2020-03-17 05:50:00,171029,101003923986,2020-03-17,5:50,2020-05-07,5:51
171028-101003923966,Tree Removal,Parks and Recreation,12327 SPLIT RAIL LN,5/7/2020 5:41,Service Completed,Resolved,2020-03-17 05:40:00,171028,101003923966,2020-03-17,5:40,2020-05-07,5:41
171026-101003923707,Tree Removal,Parks and Recreation,6809 NEFF ST,5/7/2020 3:56,Service Completed,Resolved,2020-03-17 03:55:00,171026,101003923707,2020-03-17,3:55,2020-05-07,3:56
171025-101003923666,Tree Trim,Parks and Recreation,4016 MCKINNEY ST,5/31/2020 3:38,Service Completed,Resolved,2020-03-17 03:37:00,171025,101003923666,2020-03-17,3:37,2020-05-31,3:38
171003-101003922866,Tree Trim,Parks and Recreation,15118 TREATY OAKS ST,5/30/2020 8:42,Service Completed,Resolved,2020-03-16 08:41:00,171003,101003922866,2020-03-16,8:41,2020-05-30,8:42
171002-101003922826,Tree Trim,Parks and Recreation,9035 COLLEEN RD,5/30/2020 8:27,Service Completed,Resolved,2020-03-16 08:26:00,171002,101003922826,2020-03-16,8:26,2020-05-30,8:27
171001-101003922675,Tree Trim,Parks and Recreation,8124 GLENBROOK DR,5/30/2020 7:06,Service Completed,Resolved,2020-03-16 07:05:00,171001,101003922675,2020-03-16,7:05,2020-05-30,7:06
171000-101003922661,Tree Trim,Parks and Recreation,4300 SPELLMAN RD&11216 WILLOWILDE DR,5/30/2020 7:01,Service Completed,Resolved,2020-03-16 07:00:00,171000,101003922661,2020-03-16,7:00,2020-05-30,7:01
170999-101003922637,Tree Removal,Parks and Recreation,6508 CORPUS CHRISTI ST,5/6/2020 6:52,Service Completed,Resolved,2020-03-16 06:51:00,170999,101003922637,2020-03-16,6:51,2020-05-06,6:52
170997-101003922223,Tree Trim,Parks and Recreation,1200 CAVALCADE ST&4800 COCHRAN ST,5/30/2020 3:57,Service Completed,Resolved,2020-03-16 03:56:00,170997,101003922223,2020-03-16,3:56,2020-05-30,3:57
170996-101003922166,Tree Removal,Parks and Recreation,12330 SPLIT RAIL LN,5/6/2020 3:18,Service Completed,Resolved,2020-03-16 03:17:00,170996,101003922166,2020-03-16,3:17,2020-05-06,3:18
170994-101003921882,Tree Trim,Parks and Recreation,7714 YOE ST,5/29/2020 9:01,Service Completed,Resolved,2020-03-15 09:00:00,170994,101003921882,2020-03-15,9:00,2020-05-29,9:01
170993-101003921625,Tree Trim,Parks and Recreation,9730 BUENA PARK DR,5/28/2020 14:41,Service Completed,Resolved,2020-03-14 14:40:00,170993,101003921625,2020-03-14,14:40,2020-05-28,14:41
101003921617,Tree Trim,Parks and Recreation,10926 KEESE DR,5/28/2020 14:34,Service Completed,Resolved,2020-03-14 14:33:00, ,101003921617,2020-03-14,14:33,2020-05-28,14:34
170991-101003921427,Tree Code Violation,Parks and Recreation,1900 WINDSOR ST,5/5/2020 8:47,Service Completed,Resolved,2020-03-14 08:46:00,170991,101003921427,2020-03-14,8:46,2020-05-05,8:47
170990-101003920790,Tree Code Violation,Parks and Recreation,1900 WINDSOR ST,5/4/2020 10:43,Service Completed,Resolved,2020-03-13 10:42:00,170990,101003920790,2020-03-13,10:42,2020-05-04,10:43
170989-101003920757,Tree Removal,Parks and Recreation,902 FAIRWAY FARMS LN,5/3/2020 10:28,Service Completed,Resolved,2020-03-13 10:27:00,170989,101003920757,2020-03-13,10:27,2020-05-03,10:28
170988-101003920601,Tree Stump Grinding,Parks and Recreation,7006 MCCULLUM RD,7/7/2020 8:56,Service Completed,Resolved,2020-03-13 08:55:00,170988,101003920601,2020-03-13,8:55,2020-07-07,8:56
170987-101003920588,Tree Removal,Parks and Recreation,7134 GILLEN ST,5/3/2020 8:47,Service Completed,Resolved,2020-03-13 08:46:00,170987,101003920588,2020-03-13,8:46,2020-05-03,8:47
170986-101003920516,Tree Trim,Parks and Recreation,405 JAMES ST,5/27/2020 7:53,Service Completed,Resolved,2020-03-13 07:52:00,170986,101003920516,2020-03-13,7:52,2020-05-27,7:53
170985-101003920477,Tree Trim,Parks and Recreation,14502 CAROLCREST DR,5/27/2020 7:34,Service Completed,Resolved,2020-03-13 07:33:00,170985,101003920477,2020-03-13,7:33,2020-05-27,7:34
170984-101003920278,Tree Removal,Parks and Recreation,2413 WHITNEY ST,5/3/2020 5:48,Service Completed,Resolved,2020-03-13 05:47:00,170984,101003920278,2020-03-13,5:47,2020-05-03,5:48
170979-101003919963,Tree Removal,Parks and Recreation,7703 OAK VISTA ST,5/3/2020 0:11,Service Completed,Resolved,2020-03-13 00:10:00,170979,101003919963,2020-03-13,0:10,2020-05-03,0:11
170976-101003919728,Tree Removal,Parks and Recreation,1 TIEL WAY,5/2/2020 13:40,Service Completed,Resolved,2020-03-12 13:39:00,170976,101003919728,2020-03-12,13:39,2020-05-02,13:40
170975-101003919468,Tree Trim,Parks and Recreation,4707 OAKSIDE DR,5/26/2020 10:37,Service Completed,Resolved,2020-03-12 10:36:00,170975,101003919468,2020-03-12,10:36,2020-05-26,10:37
170974-101003919447,Tree Trim,Parks and Recreation,912 OXFORD ST,5/26/2020 10:29,Service Completed,Resolved,2020-03-12 10:28:00,170974,101003919447,2020-03-12,10:28,2020-05-26,10:29
170970-101003908354,Tree Removal,Parks and Recreation,8140 BARKLEY ST,5/1/2020 11:52,Service Completed,Resolved,2020-03-11 11:51:00,170970,101003908354,2020-03-11,11:51,2020-05-01,11:52
170969-101003908338,Tree Trim,Parks and Recreation,12510 S GARDEN ST,5/25/2020 11:43,Service Completed,Resolved,2020-03-11 11:42:00,170969,101003908338,2020-03-11,11:42,2020-05-25,11:43
170968-101003907962,Tree Trim,Parks and Recreation,13903 KENSINGTON PL,5/25/2020 7:58,Service Completed,Resolved,2020-03-11 07:57:00,170968,101003907962,2020-03-11,7:57,2020-05-25,7:58
170967-101003907961,Tree Trim,Parks and Recreation,13907 KENSINGTON PL,5/25/2020 7:57,Service Completed,Resolved,2020-03-11 07:56:00,170967,101003907961,2020-03-11,7:56,2020-05-25,7:57
170966-101003907958,Tree Trim,Parks and Recreation,13911 KENSINGTON PL,5/25/2020 7:56,Service Completed,Resolved,2020-03-11 07:55:00,170966,101003907958,2020-03-11,7:55,2020-05-25,7:56
170960-101003907817,Tree Trim,Parks and Recreation,2001 HOLCOMBE BLVD,5/25/2020 6:22,Service Completed,Resolved,2020-03-11 06:21:00,170960,101003907817,2020-03-11,6:21,2020-05-25,6:22
170959-101003907795,Tree Trim,Parks and Recreation,8803 BRAE ACRES RD,5/25/2020 6:14,Service Completed,Resolved,2020-03-11 06:13:00,170959,101003907795,2020-03-11,6:13,2020-05-25,6:14
170956-101003907743,Tree Removal,Parks and Recreation,14023 IVY BLUFF CT,5/1/2020 5:48,Service Completed,Resolved,2020-03-11 05:47:00,170956,101003907743,2020-03-11,5:47,2020-05-01,5:48
170955-101003907730,Tree Trim,Parks and Recreation,401 W 9TH ST,5/25/2020 5:42,Service Completed,Resolved,2020-03-11 05:41:00,170955,101003907730,2020-03-11,5:41,2020-05-25,5:42
170954-101003907678,Tree Removal,Parks and Recreation,300 W 25TH ST&2500 RUTLAND ST,5/1/2020 5:22,Service Completed,Resolved,2020-03-11 05:21:00,170954,101003907678,2020-03-11,5:21,2020-05-01,5:22
101003907658,Tree Trim,Parks and Recreation,16130 LA AVENIDA DR,5/25/2020 5:14,Service Completed,Resolved,2020-03-11 05:13:00, ,101003907658,2020-03-11,5:13,2020-05-25,5:14
170953-101003907657,Tree Trim,Parks and Recreation,4215 DELHI ST,5/25/2020 5:13,Service Completed,Resolved,2020-03-11 05:12:00,170953,101003907657,2020-03-11,5:12,2020-05-25,5:13
170950-101003907110,Tree Trim,Parks and Recreation,8030 JUTLAND RD&5100 PENSDALE DR,5/24/2020 13:37,Service Completed,Resolved,2020-03-10 13:36:00,170950,101003907110,2020-03-10,13:36,2020-05-24,13:37
170949-101003906731,Tree Removal,Parks and Recreation,3900 JACK ST&600 SUL ROSS ST,4/30/2020 10:10,Service Completed,Resolved,2020-03-10 10:09:00,170949,101003906731,2020-03-10,10:09,2020-04-30,10:10
170948-101003906727,Tree Removal,Parks and Recreation,3900 JACK ST&600 SUL ROSS ST,4/30/2020 10:08,Service Completed,Resolved,2020-03-10 10:07:00,170948,101003906727,2020-03-10,10:07,2020-04-30,10:08
170947-101003906716,Tree Removal,Parks and Recreation,700 W ALABAMA ST&3800 GREELEY ST,4/30/2020 10:05,Service Completed,Resolved,2020-03-10 10:04:00,170947,101003906716,2020-03-10,10:04,2020-04-30,10:05
170946-101003906634,Tree Trim,Parks and Recreation,323 N ESTELLE ST,5/24/2020 9:31,Service Completed,Resolved,2020-03-10 09:30:00,170946,101003906634,2020-03-10,9:30,2020-05-24,9:31
170945-101003906456,Tree Removal,Parks and Recreation,10215 BUENA PARK DR,4/30/2020 8:06,Service Completed,Resolved,2020-03-10 08:05:00,170945,101003906456,2020-03-10,8:05,2020-04-30,8:06
170943-101003906192,Tree Trim,Parks and Recreation,1512 W ALABAMA ST,5/24/2020 6:07,Service Completed,Resolved,2020-03-10 06:06:00,170943,101003906192,2020-03-10,6:06,2020-05-24,6:07
170942-101003906189,Tree Trim,Parks and Recreation,8632 WILCREST DR,5/24/2020 6:05,Service Completed,Resolved,2020-03-10 06:04:00,170942,101003906189,2020-03-10,6:04,2020-05-24,6:05
170941-101003906121,Tree Removal,Parks and Recreation,9019 FRIENDLY RD,4/30/2020 5:34,Service Completed,Resolved,2020-03-10 05:33:00,170941,101003906121,2020-03-10,5:33,2020-04-30,5:34
170939-101003905922,Tree Removal,Parks and Recreation,1620 CHANTILLY LN&1600 SAXON DR,4/30/2020 4:17,Service Completed,Resolved,2020-03-10 04:16:00,170939,101003905922,2020-03-10,4:16,2020-04-30,4:17
101003905833,Tree Removal,Parks and Recreation,9901 MANGO ST,4/30/2020 3:43,Service Completed,Resolved,2020-03-10 03:42:00, ,101003905833,2020-03-10,3:42,2020-04-30,3:43
170932-101003905513,Tree Trim,Parks and Recreation,8419 TAVENOR LN,5/23/2020 15:22,Service Completed,Resolved,2020-03-09 15:21:00,170932,101003905513,2020-03-09,15:21,2020-05-23,15:22
170931-101003905268,Tree Trim,Parks and Recreation,13403 ASCOT GLEN LN,5/23/2020 11:05,Service Completed,Resolved,2020-03-09 11:04:00,170931,101003905268,2020-03-09,11:04,2020-05-23,11:05
170930-101003905170,Tree Trim,Parks and Recreation,6116 BEEKMAN RD,5/23/2020 10:33,Service Completed,Resolved,2020-03-09 10:32:00,170930,101003905170,2020-03-09,10:32,2020-05-23,10:33
170929-101003904919,Tree Trim,Parks and Recreation,415 W GRAY ST,5/23/2020 8:43,Service Completed,Resolved,2020-03-09 08:42:00,170929,101003904919,2020-03-09,8:42,2020-05-23,8:43
170926-101003904631,Tree Removal,Parks and Recreation,1000 GESSNER RD&10100 KATY FWY ,4/29/2020 6:11,Service Completed,Resolved,2020-03-09 06:10:00,170926,101003904631,2020-03-09,6:10,2020-04-29,6:11
170924-101003904446,Tree Removal,Parks and Recreation,114 BYRNE ST,4/29/2020 5:06,Service Completed,Resolved,2020-03-09 05:05:00,170924,101003904446,2020-03-09,5:05,2020-04-29,5:06
170923-101003904413,Tree Removal,Parks and Recreation,2100 SOUTHGATE BLVD&6708 STOCKTON DR,4/29/2020 4:50,Service Completed,Resolved,2020-03-09 04:49:00,170923,101003904413,2020-03-09,4:49,2020-04-29,4:50
170921-101003904243,Tree Trim,Parks and Recreation,8331 GLENVIEW DR,5/23/2020 3:51,Service Completed,Resolved,2020-03-09 03:50:00,170921,101003904243,2020-03-09,3:50,2020-05-23,3:51
170918-101003904017,Tree Removal,Parks and Recreation,5900 BURGOYNE RD&2400 FOUNTAIN VIEW DR,4/28/2020 16:24,Service Completed,Resolved,2020-03-08 16:23:00,170918,101003904017,2020-03-08,16:23,2020-04-28,16:24
170917-101003903929,Tree Trim,Parks and Recreation,5754 BANKSIDE DR,5/22/2020 10:47,Service Completed,Resolved,2020-03-08 10:46:00,170917,101003903929,2020-03-08,10:46,2020-05-22,10:47
101003893669,Tree Removal,Parks and Recreation,606 21ST ST,4/27/2020 11:55,Service Completed,Resolved,2020-03-07 10:54:00, ,101003893669,2020-03-07,10:54,2020-04-27,11:55
170915-101003893486,Tree Removal,Parks and Recreation,2776 W 18TH ST&0 N LOOP FWY W&1700 W LOOP FWY N,4/27/2020 6:43,Service Completed,Resolved,2020-03-07 05:42:00,170915,101003893486,2020-03-07,5:42,2020-04-27,6:43
170914-101003893436,Tree Trim,Parks and Recreation,4111 CHERRY OAK CIR,5/21/2020 5:34,Service Completed,Resolved,2020-03-07 04:33:00,170914,101003893436,2020-03-07,4:33,2020-05-21,5:34
170913-101003892686,Tree Removal,Parks and Recreation,2604 CHAPMAN ST,4/26/2020 9:05,Service Completed,Resolved,2020-03-06 08:04:00,170913,101003892686,2020-03-06,8:04,2020-04-26,9:05
170912-101003892609,Tree Trim,Parks and Recreation,619 LEICESTER LN,5/20/2020 8:35,Service Completed,Resolved,2020-03-06 07:34:00,170912,101003892609,2020-03-06,7:34,2020-05-20,8:35
170909-101003892563,Tree Trim,Parks and Recreation,15818 DARTON ST,5/20/2020 8:12,Service Completed,Resolved,2020-03-06 07:11:00,170909,101003892563,2020-03-06,7:11,2020-05-20,8:12
170908-101003892558,Tree Removal,Parks and Recreation,373 W 19TH ST,4/26/2020 8:05,Service Completed,Resolved,2020-03-06 07:04:00,170908,101003892558,2020-03-06,7:04,2020-04-26,8:05
170907-101003892502,Tree Removal,Parks and Recreation,3200 RUSSELL ST,4/26/2020 7:30,Service Completed,Resolved,2020-03-06 06:29:00,170907,101003892502,2020-03-06,6:29,2020-04-26,7:30
170906-101003892403,Tree Trim,Parks and Recreation,13245 FONDREN RD,5/20/2020 6:38,Service Completed,Resolved,2020-03-06 05:37:00,170906,101003892403,2020-03-06,5:37,2020-05-20,6:38
170905-101003892388,Tree Removal,Parks and Recreation,3717 CHARLESTON ST,4/26/2020 6:32,Service Completed,Resolved,2020-03-06 05:31:00,170905,101003892388,2020-03-06,5:31,2020-04-26,6:32
170904-101003892378,Tree Trim,Parks and Recreation,422 E CROSSTIMBERS ST,5/20/2020 6:28,Service Completed,Resolved,2020-03-06 05:27:00,170904,101003892378,2020-03-06,5:27,2020-05-20,6:28
170903-101003892213,Tree Trim,Parks and Recreation,12828 DAIRY BROOK DR,5/20/2020 4:58,Service Completed,Resolved,2020-03-06 03:57:00,170903,101003892213,2020-03-06,3:57,2020-05-20,4:58
170902-101003892205,Tree Trim,Parks and Recreation,4707 RIDGETON DR,5/20/2020 4:55,Service Completed,Resolved,2020-03-06 03:54:00,170902,101003892205,2020-03-06,3:54,2020-05-20,4:55
170896-101003891663,Tree Trim,Parks and Recreation,3018 DACCA DR,5/19/2020 12:11,Service Completed,Resolved,2020-03-05 11:10:00,170896,101003891663,2020-03-05,11:10,2020-05-19,12:11
170895-101003891598,Tree Code Violation,Parks and Recreation,5661 BIRCHMONT DR,4/26/2020 11:36,Service Completed,Resolved,2020-03-05 10:35:00,170895,101003891598,2020-03-05,10:35,2020-04-26,11:36
170894-101003891492,Tree Removal,Parks and Recreation,10138 VALLEY WIND DR,4/25/2020 10:55,Service Completed,Resolved,2020-03-05 09:54:00,170894,101003891492,2020-03-05,9:54,2020-04-25,10:55
170893-101003891391,Tree Removal,Parks and Recreation,7802 CHASECREEK DR,4/25/2020 10:17,Service Completed,Resolved,2020-03-05 09:16:00,170893,101003891391,2020-03-05,9:16,2020-04-25,10:17
170892-101003891331,Tree Trim,Parks and Recreation,6700 ENGLAND ST&4208 YELLOWSTONE BLVD,5/19/2020 9:52,Service Completed,Resolved,2020-03-05 08:51:00,170892,101003891331,2020-03-05,8:51,2020-05-19,9:52
170891-101003891232,Tree Removal,Parks and Recreation,9551 N WAYSIDE DR,4/25/2020 9:11,Service Completed,Resolved,2020-03-05 08:10:00,170891,101003891232,2020-03-05,8:10,2020-04-25,9:11
170887-101003891140,Tree Removal,Parks and Recreation,10606 MEMBERS DR,4/25/2020 8:36,Service Completed,Resolved,2020-03-05 07:35:00,170887,101003891140,2020-03-05,7:35,2020-04-25,8:36
170885-101003891069,Tree Trim,Parks and Recreation,5139 BEECHNUT ST,5/19/2020 8:12,Service Completed,Resolved,2020-03-05 07:11:00,170885,101003891069,2020-03-05,7:11,2020-05-19,8:12
170884-101003890700,Tree Trim,Parks and Recreation,2401 ISABELLA ST,5/19/2020 5:22,Service Completed,Resolved,2020-03-05 04:21:00,170884,101003890700,2020-03-05,4:21,2020-05-19,5:22
101003890339,Tree Trim,Parks and Recreation,11122 SANDS POINT DR,5/19/2020 3:03,Service Completed,Resolved,2020-03-05 02:02:00, ,101003890339,2020-03-05,2:02,2020-05-19,3:03
170878-101003889894,Tree Removal,Parks and Recreation,2410 SMITH ST,4/24/2020 11:01,Service Completed,Resolved,2020-03-04 10:00:00,170878,101003889894,2020-03-04,10:00,2020-04-24,11:01
170877-101003889749,Tree Trim,Parks and Recreation,3642 CAPE FOREST DR,5/18/2020 9:33,Service Completed,Resolved,2020-03-04 08:32:00,170877,101003889749,2020-03-04,8:32,2020-05-18,9:33
170876-101003889710,Tree Trim,Parks and Recreation,2703 WESLAYAN ST,5/18/2020 9:16,Service Completed,Resolved,2020-03-04 08:15:00,170876,101003889710,2020-03-04,8:15,2020-05-18,9:16
170875-101003889698,Tree Removal,Parks and Recreation,6018 WARM SPRINGS RD,4/24/2020 9:09,Service Completed,Resolved,2020-03-04 08:08:00,170875,101003889698,2020-03-04,8:08,2020-04-24,9:09
170870-101003889549,Tree Trim,Parks and Recreation,9535 KINGSVALLEY ST,5/18/2020 7:55,Service Completed,Resolved,2020-03-04 06:54:00,170870,101003889549,2020-03-04,6:54,2020-05-18,7:55
170869-101003889520,Tree Removal,Parks and Recreation,704 WILLARD ST,4/24/2020 7:43,Service Completed,Resolved,2020-03-04 06:42:00,170869,101003889520,2020-03-04,6:42,2020-04-24,7:43
170868-101003889511,Tree Trim,Parks and Recreation,15523 BRIAR SPRING CT,5/18/2020 7:40,Service Completed,Resolved,2020-03-04 06:39:00,170868,101003889511,2020-03-04,6:39,2020-05-18,7:40
170867-101003889501,Tree Trim,Parks and Recreation,6414 BEAU GESTE DR,5/18/2020 7:34,Service Completed,Resolved,2020-03-04 06:33:00,170867,101003889501,2020-03-04,6:33,2020-05-18,7:34
170866-101003889461,Tree Trim,Parks and Recreation,11810 MURR WAY,5/18/2020 7:14,Service Completed,Resolved,2020-03-04 06:13:00,170866,101003889461,2020-03-04,6:13,2020-05-18,7:14
170865-101003889398,Tree Trim,Parks and Recreation,7554 EL RANCHO ST,5/18/2020 6:45,Service Completed,Resolved,2020-03-04 05:44:00,170865,101003889398,2020-03-04,5:44,2020-05-18,6:45
170864-101003889298,Tree Removal,Parks and Recreation,5600 HAZEN ST&8008 RAMPART DR,4/24/2020 5:58,Service Completed,Resolved,2020-03-04 04:57:00,170864,101003889298,2020-03-04,4:57,2020-04-24,5:58
170861-101003889170,Tree Removal,Parks and Recreation,422 E CROSSTIMBERS ST,4/24/2020 5:02,Service Completed,Resolved,2020-03-04 04:01:00,170861,101003889170,2020-03-04,4:01,2020-04-24,5:02
170860-101003889118,Tree Removal,Parks and Recreation,158 MISSISSIPPI ST,4/24/2020 4:42,Service Completed,Resolved,2020-03-04 03:41:00,170860,101003889118,2020-03-04,3:41,2020-04-24,4:42
170856-101003888621,Tree Removal,Parks and Recreation,5301 PAGEWOOD LN,4/23/2020 15:22,Service Completed,Resolved,2020-03-03 14:21:00,170856,101003888621,2020-03-03,14:21,2020-04-23,15:22
170855-101003888493,Tree Trim,Parks and Recreation,12 LEGEND LN,5/17/2020 13:00,Service Completed,Resolved,2020-03-03 11:59:00,170855,101003888493,2020-03-03,11:59,2020-05-17,13:00
170854-101003888194,Tree Trim,Parks and Recreation,11366 OAKCENTER DR,5/17/2020 10:26,Service Completed,Resolved,2020-03-03 09:25:00,170854,101003888194,2020-03-03,9:25,2020-05-17,10:26
170853-101003888132,Tree Removal,Parks and Recreation,1813 SOUTH BLVD,4/23/2020 10:01,Service Completed,Resolved,2020-03-03 09:00:00,170853,101003888132,2020-03-03,9:00,2020-04-23,10:01
101003887690,Tree Trim,Parks and Recreation,5251 BRAESVALLEY DR,5/17/2020 6:39,Service Completed,Resolved,2020-03-03 05:38:00, ,101003887690,2020-03-03,5:38,2020-05-17,6:39
170849-101003887517,Tree Removal,Parks and Recreation,2416 FULTON ST,4/23/2020 5:30,Service Completed,Resolved,2020-03-03 04:29:00,170849,101003887517,2020-03-03,4:29,2020-04-23,5:30
170848-101003887509,Tree Trim,Parks and Recreation,2416 FULTON ST,5/17/2020 5:28,Service Completed,Resolved,2020-03-03 04:27:00,170848,101003887509,2020-03-03,4:27,2020-05-17,5:28
170846-101003887361,Tree Trim,Parks and Recreation,1859 HEWITT DR,5/17/2020 4:40,Service Completed,Resolved,2020-03-03 03:39:00,170846,101003887361,2020-03-03,3:39,2020-05-17,4:40
170845-101003887350,Tree Removal,Parks and Recreation,1109 AURORA ST,4/23/2020 4:36,Service Completed,Resolved,2020-03-03 03:35:00,170845,101003887350,2020-03-03,3:35,2020-04-23,4:36
170843-101003887263,Tree Removal,Parks and Recreation,1226 W 26TH ST,4/23/2020 4:02,Service Completed,Resolved,2020-03-03 03:01:00,170843,101003887263,2020-03-03,3:01,2020-04-23,4:02
170842-101003887216,Tree Trim,Parks and Recreation,1616 COLUMBIA ST,5/17/2020 3:41,Service Completed,Resolved,2020-03-03 02:40:00,170842,101003887216,2020-03-03,2:40,2020-05-17,3:41
355250-101003887003,Tree Removal,Parks and Recreation,7915 MORLEY ST,4/22/2020 22:05,Service Completed,Resolved,2020-03-02 21:04:00,355250,101003887003,2020-03-02,21:04,2020-04-22,22:05
101003886834,Tree Removal,Parks and Recreation,114 BYRNE ST,4/22/2020 14:36,Service Completed,Resolved,2020-03-02 13:35:00, ,101003886834,2020-03-02,13:35,2020-04-22,14:36
170835-101003886693,Tree Trim,Parks and Recreation,2242 HICKORY LAWN DR,5/16/2020 11:40,Service Completed,Resolved,2020-03-02 10:39:00,170835,101003886693,2020-03-02,10:39,2020-05-16,11:40
170834-101003886452,Tree Removal,Parks and Recreation,6605 TEXARKANA ST,4/22/2020 10:14,Service Completed,Resolved,2020-03-02 09:13:00,170834,101003886452,2020-03-02,9:13,2020-04-22,10:14
170832-101003886427,Tree Trim,Parks and Recreation,2211 BERRY ST,5/16/2020 10:06,Service Completed,Resolved,2020-03-02 09:05:00,170832,101003886427,2020-03-02,9:05,2020-05-16,10:06
170831-101003886358,Tree Removal,Parks and Recreation,10103 FINCHWOOD LN,4/22/2020 9:45,Service Completed,Resolved,2020-03-02 08:44:00,170831,101003886358,2020-03-02,8:44,2020-04-22,9:45
170830-101003886344,Tree Trim,Parks and Recreation,4601 IRELAND ST,5/16/2020 9:41,Service Completed,Resolved,2020-03-02 08:40:00,170830,101003886344,2020-03-02,8:40,2020-05-16,9:41
170829-101003886332,Tree Trim,Parks and Recreation,13802 SHERI HOLLOW LN,5/16/2020 9:35,Service Completed,Resolved,2020-03-02 08:34:00,170829,101003886332,2020-03-02,8:34,2020-05-16,9:35
170828-101003886235,Tree Trim,Parks and Recreation,7811 GARDEN ST,5/16/2020 8:52,Service Completed,Resolved,2020-03-02 07:51:00,170828,101003886235,2020-03-02,7:51,2020-05-16,8:52
170827-101003886207,Tree Removal,Parks and Recreation,12217 PALMFREE ST,4/22/2020 8:38,Service Completed,Resolved,2020-03-02 07:37:00,170827,101003886207,2020-03-02,7:37,2020-04-22,8:38
170826-101003886087,Tree Trim,Parks and Recreation,4407 YOAKUM BLVD,5/16/2020 7:32,Service Completed,Resolved,2020-03-02 06:31:00,170826,101003886087,2020-03-02,6:31,2020-05-16,7:32
170825-101003886042,Tree Trim,Parks and Recreation,1100 RICHMOND AVE&4300 YOAKUM BLVD ,5/16/2020 7:08,Service Completed,Resolved,2020-03-02 06:07:00,170825,101003886042,2020-03-02,6:07,2020-05-16,7:08
170824-101003886031,Tree Trim,Parks and Recreation,14903 KENLEA LN,5/16/2020 7:05,Service Completed,Resolved,2020-03-02 06:04:00,170824,101003886031,2020-03-02,6:04,2020-05-16,7:05
170823-101003886023,Tree Removal,Parks and Recreation,11202 DALEBROOK DR,4/22/2020 7:01,Service Completed,Resolved,2020-03-02 06:00:00,170823,101003886023,2020-03-02,6:00,2020-04-22,7:01
170811-101003885583,Tree Removal,Parks and Recreation,14203 BRIARSAGE CT,4/22/2020 4:07,Service Completed,Resolved,2020-03-02 03:06:00,170811,101003885583,2020-03-02,3:06,2020-04-22,4:07
170808-101003885377,Tree Removal,Parks and Recreation,3819 EDDIE ST,4/22/2020 1:19,Service Completed,Resolved,2020-03-02 00:18:00,170808,101003885377,2020-03-02,0:18,2020-04-22,1:19
170807-101003885150,Tree Removal,Parks and Recreation,15623 FALL BRIAR DR,4/21/2020 11:43,Service Completed,Resolved,2020-03-01 10:42:00,170807,101003885150,2020-03-01,10:42,2020-04-21,11:43
170806-101003885113,Tree Removal,Parks and Recreation,7403 SHINER LN,4/21/2020 9:37,Service Completed,Resolved,2020-03-01 08:36:00,170806,101003885113,2020-03-01,8:36,2020-04-21,9:37
170805-101003885085,Tree Code Violation,Parks and Recreation,12827 SKYKNOLL LN,4/22/2020 8:57,Service Completed,Resolved,2020-03-01 07:56:00,170805,101003885085,2020-03-01,7:56,2020-04-22,8:57
170804-101003884958,Tree Trim,Parks and Recreation,5647 RUE ST,5/15/2020 5:20,Service Completed,Resolved,2020-03-01 04:19:00,170804,101003884958,2020-03-01,4:19,2020-05-15,5:20
170803-101003884938,Tree Removal,Parks and Recreation,1309 CASTLE CT,4/21/2020 4:41,Service Completed,Resolved,2020-03-01 03:40:00,170803,101003884938,2020-03-01,3:40,2020-04-21,4:41
170802-101003884612,Tree Trim,Parks and Recreation,7106 THORNWILD RD,5/14/2020 7:44,Service Completed,Resolved,2020-02-29 06:43:00,170802,101003884612,2020-02-29,6:43,2020-05-14,7:44
170801-101003883995,Tree Trim,Parks and Recreation,540 34TH ST,5/13/2020 10:24,Service Completed,Resolved,2020-02-28 09:23:00,170801,101003883995,2020-02-28,9:23,2020-05-13,10:24
170800-101003883799,Tree Stump Grinding,Parks and Recreation,11530 GAYMOOR DR,6/23/2020 8:45,Service Completed,Resolved,2020-02-28 07:44:00,170800,101003883799,2020-02-28,7:44,2020-06-23,8:45
170798-101003883435,Tree Trim,Parks and Recreation,4011 CAVALCADE ST,5/13/2020 5:14,Service Completed,Resolved,2020-02-28 04:13:00,170798,101003883435,2020-02-28,4:13,2020-05-13,5:14
170791-101003883176,Tree Trim,Parks and Recreation,10800 S POST OAK RD&4900 WILLOWBEND BLVD ,5/13/2020 2:41,Service Completed,Resolved,2020-02-28 01:40:00,170791,101003883176,2020-02-28,1:40,2020-05-13,2:41
170789-101003883102,Tree Code Violation,Parks and Recreation,7206 PELLA DR,4/19/2020 17:08,Service Completed,Resolved,2020-02-27 16:07:00,170789,101003883102,2020-02-27,16:07,2020-04-19,17:08
170787-101003882880,Tree Removal,Parks and Recreation,7702 PARKER RD,4/18/2020 11:03,Service Completed,Resolved,2020-02-27 10:02:00,170787,101003882880,2020-02-27,10:02,2020-04-18,11:03
170786-101003882869,Tree Trim,Parks and Recreation,7038 KELLER ST,5/12/2020 11:00,Service Completed,Resolved,2020-02-27 09:59:00,170786,101003882869,2020-02-27,9:59,2020-05-12,11:00
170785-101003882868,Tree Removal,Parks and Recreation,5303 YARWELL DR,4/18/2020 10:59,Service Completed,Resolved,2020-02-27 09:58:00,170785,101003882868,2020-02-27,9:58,2020-04-18,10:59
170784-101003882848,Tree Trim,Parks and Recreation,4400 KINGWOOD DR&3000 W LAKE HOUSTON PKWY,5/12/2020 10:51,Service Completed,Resolved,2020-02-27 09:50:00,170784,101003882848,2020-02-27,9:50,2020-05-12,10:51
170783-101003882815,Tree Removal,Parks and Recreation,8115 LUGARY DR,4/18/2020 10:36,Service Completed,Resolved,2020-02-27 09:35:00,170783,101003882815,2020-02-27,9:35,2020-04-18,10:36
170781-101003882269,Tree Removal,Parks and Recreation,2319 TANGLEY ST,4/18/2020 7:27,Service Completed,Resolved,2020-02-27 06:26:00,170781,101003882269,2020-02-27,6:26,2020-04-18,7:27
170779-101003881965,Tree Trim,Parks and Recreation,1816 RICE BLVD,5/12/2020 6:31,Service Completed,Resolved,2020-02-27 05:30:00,170779,101003881965,2020-02-27,5:30,2020-05-12,6:31
170778-101003881743,Tree Trim,Parks and Recreation,3514 LINKWOOD DR,5/12/2020 4:57,Service Completed,Resolved,2020-02-27 03:56:00,170778,101003881743,2020-02-27,3:56,2020-05-12,4:57
170776-101003881718,Tree Trim,Parks and Recreation,2200 BRAESWOOD PARK DR&7776 MAIN ST,5/12/2020 4:46,Service Completed,Resolved,2020-02-27 03:45:00,170776,101003881718,2020-02-27,3:45,2020-05-12,4:46
170777-101003881715,Tree Trim,Parks and Recreation,2255 BRAESWOOD PARK DR,5/12/2020 4:45,Service Completed,Resolved,2020-02-27 03:44:00,170777,101003881715,2020-02-27,3:44,2020-05-12,4:45
170775-101003881653,Tree Trim,Parks and Recreation,5490 BRIAR DR&100 BROAD OAKS CIR,5/12/2020 4:16,Service Completed,Resolved,2020-02-27 03:15:00,170775,101003881653,2020-02-27,3:15,2020-05-12,4:16
170774-101003881584,Tree Removal,Parks and Recreation,11110 BURDINE ST,4/18/2020 3:34,Service Completed,Resolved,2020-02-27 02:33:00,170774,101003881584,2020-02-27,2:33,2020-04-18,3:34
170769-101003881323,Tree Removal,Parks and Recreation,8506 MORLEY ST,4/17/2020 14:15,Service Completed,Resolved,2020-02-26 13:14:00,170769,101003881323,2020-02-26,13:14,2020-04-17,14:15
170768-101003881182,Tree Trim,Parks and Recreation,7074 EVANS ST,5/11/2020 11:43,Service Completed,Resolved,2020-02-26 10:42:00,170768,101003881182,2020-02-26,10:42,2020-05-11,11:43
101003881164,Tree Planting,Parks and Recreation,5020 HARRISBURG BLVD,3/22/2020 11:34,Service Completed,Resolved,2020-02-26 10:33:00, ,101003881164,2020-02-26,10:33,2020-03-22,11:34
170766-101003881078,Tree Removal,Parks and Recreation,16202 BOWRIDGE LN,4/17/2020 10:52,Service Completed,Resolved,2020-02-26 09:51:00,170766,101003881078,2020-02-26,9:51,2020-04-17,10:52
170765-101003880990,Tree Removal,Parks and Recreation,9010 ROOS RD,4/17/2020 10:03,Service Completed,Resolved,2020-02-26 09:02:00,170765,101003880990,2020-02-26,9:02,2020-04-17,10:03
170763-101003880887,Tree Trim,Parks and Recreation,215 HOFFMAN ST,5/11/2020 9:07,Service Completed,Resolved,2020-02-26 08:06:00,170763,101003880887,2020-02-26,8:06,2020-05-11,9:07
170762-101003880867,Tree Removal,Parks and Recreation,5730 JASON ST,4/17/2020 8:59,Service Completed,Resolved,2020-02-26 07:58:00,170762,101003880867,2020-02-26,7:58,2020-04-17,8:59
170760-101003880827,Tree Trim,Parks and Recreation,1200 TRAVIS ST,5/11/2020 8:30,Service Completed,Resolved,2020-02-26 07:29:00,170760,101003880827,2020-02-26,7:29,2020-05-11,8:30
170759-101003880634,Tree Removal,Parks and Recreation,4218 WEAVER RD,4/17/2020 6:48,Service Completed,Resolved,2020-02-26 05:47:00,170759,101003880634,2020-02-26,5:47,2020-04-17,6:48
170758-101003880614,Tree Trim,Parks and Recreation,18900 ASHLEY RD&2942 GREENHOUSE RD,5/11/2020 6:36,Service Completed,Resolved,2020-02-26 05:35:00,170758,101003880614,2020-02-26,5:35,2020-05-11,6:36
170757-101003880508,Tree Code Violation,Parks and Recreation,2723 YALE ST,4/18/2020 5:37,Service Completed,Resolved,2020-02-26 04:36:00,170757,101003880508,2020-02-26,4:36,2020-04-18,5:37
170756-101003880315,Tree Removal,Parks and Recreation,6525 COUNTRY CLUB DR,4/17/2020 3:46,Service Completed,Resolved,2020-02-26 02:45:00,170756,101003880315,2020-02-26,2:45,2020-04-17,3:46
170755-101003880302,Tree Trim,Parks and Recreation,2814 BELLEFONTAINE ST&7300 BROMPTON ST,5/11/2020 3:41,Service Completed,Resolved,2020-02-26 02:40:00,170755,101003880302,2020-02-26,2:40,2020-05-11,3:41
170754-101003880270,Tree Removal,Parks and Recreation,5906 LONGMEADOW ST,4/17/2020 3:24,Service Completed,Resolved,2020-02-26 02:23:00,170754,101003880270,2020-02-26,2:23,2020-04-17,3:24
170752-101003880166,Tree Trim,Parks and Recreation,530 LINDALE ST,5/11/2020 1:34,Service Completed,Resolved,2020-02-26 00:33:00,170752,101003880166,2020-02-26,0:33,2020-05-11,1:34
170751-101003879854,Tree Removal,Parks and Recreation,16211 BANTAM RIDGE CT,4/16/2020 12:14,Service Completed,Resolved,2020-02-25 11:13:00,170751,101003879854,2020-02-25,11:13,2020-04-16,12:14
170750-101003879813,Tree Removal,Parks and Recreation,7439 MOLINE ST,4/16/2020 11:49,Service Completed,Resolved,2020-02-25 10:48:00,170750,101003879813,2020-02-25,10:48,2020-04-16,11:49
170749-101003879577,Tree Removal,Parks and Recreation,417 JAMES ST,4/16/2020 10:05,Service Completed,Resolved,2020-02-25 09:04:00,170749,101003879577,2020-02-25,9:04,2020-04-16,10:05
170748-101003879285,Tree Trim,Parks and Recreation,2424 PARK ST,5/10/2020 8:08,Service Completed,Resolved,2020-02-25 07:07:00,170748,101003879285,2020-02-25,7:07,2020-05-10,8:08
170746-101003879200,Tree Removal,Parks and Recreation,10300 MANHATTAN DR&5300 YARWELL DR ,4/16/2020 7:26,Service Completed,Resolved,2020-02-25 06:25:00,170746,101003879200,2020-02-25,6:25,2020-04-16,7:26
170745-101003879179,Tree Removal,Parks and Recreation,5911 ETTRICK DR,4/16/2020 7:15,Service Completed,Resolved,2020-02-25 06:14:00,170745,101003879179,2020-02-25,6:14,2020-04-16,7:15
170743-101003878939,Tree Trim,Parks and Recreation,1316 PATTERSON ST,5/10/2020 5:47,Service Completed,Resolved,2020-02-25 04:46:00,170743,101003878939,2020-02-25,4:46,2020-05-10,5:47
170742-101003878895,Tree Removal,Parks and Recreation,10330 ROCKCREST DR&10400 ROCKCREST RD&4500 SHADOWDALE DR ,4/16/2020 5:31,Service Completed,Resolved,2020-02-25 04:30:00,170742,101003878895,2020-02-25,4:30,2020-04-16,5:31
170741-101003878881,Tree Removal,Parks and Recreation,4425 ELI ST,4/16/2020 5:25,Service Completed,Resolved,2020-02-25 04:24:00,170741,101003878881,2020-02-25,4:24,2020-04-16,5:25
170734-101003878729,Tree Removal,Parks and Recreation,3314 TANGLEWILDE ST,4/16/2020 4:31,Service Completed,Resolved,2020-02-25 03:30:00,170734,101003878729,2020-02-25,3:30,2020-04-16,4:31
170730-101003878417,Tree Removal,Parks and Recreation,5122 HIALEAH DR,4/15/2020 23:10,Service Completed,Resolved,2020-02-24 22:09:00,170730,101003878417,2020-02-24,22:09,2020-04-15,23:10
170729-101003878351,Tree Removal,Parks and Recreation,5514 GRIGGS RD,4/15/2020 19:47,Service Completed,Resolved,2020-02-24 18:46:00,170729,101003878351,2020-02-24,18:46,2020-04-15,19:47
170728-101003877906,Tree Removal,Parks and Recreation,3206 CHAFFIN ST,4/15/2020 11:04,Service Completed,Resolved,2020-02-24 10:03:00,170728,101003877906,2020-02-24,10:03,2020-04-15,11:04
101003877787,Tree Trim,Parks and Recreation,7115 SLOAN ST,5/9/2020 10:20,Service Completed,Resolved,2020-02-24 09:19:00, ,101003877787,2020-02-24,9:19,2020-05-09,10:20
170725-101003877620,Tree Trim,Parks and Recreation,8026 GARDEN PARKS DR,5/9/2020 9:17,Service Completed,Resolved,2020-02-24 08:16:00,170725,101003877620,2020-02-24,8:16,2020-05-09,9:17
170722-101003877307,Tree Removal,Parks and Recreation,200 CHIMNEY ROCK RD&10200 MEMORIAL DR,4/15/2020 7:12,Service Completed,Resolved,2020-02-24 06:11:00,170722,101003877307,2020-02-24,6:11,2020-04-15,7:12
170721-101003877259,Tree Trim,Parks and Recreation,1924 STONEY BROOK DR,5/9/2020 6:54,Service Completed,Resolved,2020-02-24 05:53:00,170721,101003877259,2020-02-24,5:53,2020-05-09,6:54
170719-101003877050,Tree Removal,Parks and Recreation,18911 SAUMS RD,4/15/2020 5:31,Service Completed,Resolved,2020-02-24 04:30:00,170719,101003877050,2020-02-24,4:30,2020-04-15,5:31
170717-101003877028,Tree Removal,Parks and Recreation,2100 FRANKLIN ST&2000 NAVIGATION BLVD&200 ST EMANUEL ST,4/15/2020 5:22,Service Completed,Resolved,2020-02-24 04:21:00,170717,101003877028,2020-02-24,4:21,2020-04-15,5:22
170715-101003876977,Tree Removal,Parks and Recreation,2300 BARKER CYPRESS RD&18000 SAUMS RD,4/15/2020 5:05,Service Completed,Resolved,2020-02-24 04:04:00,170715,101003876977,2020-02-24,4:04,2020-04-15,5:05
170712-101003876838,Tree Removal,Parks and Recreation,18203 GROSCHKE RD,4/15/2020 4:08,Service Completed,Resolved,2020-02-24 03:07:00,170712,101003876838,2020-02-24,3:07,2020-04-15,4:08
170710-101003876321,Tree Removal,Parks and Recreation,2000 ALLEN GENOA RD,4/14/2020 8:57,Service Completed,Resolved,2020-02-23 07:56:00,170710,101003876321,2020-02-23,7:56,2020-04-14,8:57
170709-101003876192,Tree Removal,Parks and Recreation,5002 WILMINGTON ST,4/14/2020 5:09,Service Completed,Resolved,2020-02-23 04:08:00,170709,101003876192,2020-02-23,4:08,2020-04-14,5:09
170708-101003876171,Tree Trim,Parks and Recreation,2601 ANITA ST,5/8/2020 4:19,Service Completed,Resolved,2020-02-23 03:18:00,170708,101003876171,2020-02-23,3:18,2020-05-08,4:19
170707-101003876151,Tree Removal,Parks and Recreation,7400 S 74TH ST,4/14/2020 3:35,Service Completed,Resolved,2020-02-23 02:34:00,170707,101003876151,2020-02-23,2:34,2020-04-14,3:35
170706-101003876109,Tree Removal,Parks and Recreation,1400 BAY AREA BLVD&16800 SATURN LN,4/13/2020 21:39,Service Completed,Resolved,2020-02-22 20:38:00,170706,101003876109,2020-02-22,20:38,2020-04-13,21:39
170705-101003875373,Tree Trim,Parks and Recreation,10600 CHAPEL HILL DR&12726 DAIRY ASHFORD RD ,5/6/2020 11:06,Service Completed,Resolved,2020-02-21 10:05:00,170705,101003875373,2020-02-21,10:05,2020-05-06,11:06
170703-101003875200,Tree Trim,Parks and Recreation,116 EVERTON ST,5/6/2020 9:44,Service Completed,Resolved,2020-02-21 08:43:00,170703,101003875200,2020-02-21,8:43,2020-05-06,9:44
170693-101003874794,Tree Trim,Parks and Recreation,15702 BARKERS LANDING RD,5/6/2020 6:03,Service Completed,Resolved,2020-02-21 05:02:00,170693,101003874794,2020-02-21,5:02,2020-05-06,6:03
170692-101003874770,Tree Trim,Parks and Recreation,3300 W LAKE HOUSTON PKWY & 4100 RUSTIC WOODS DR,5/6/2020 5:52,Service Completed,Resolved,2020-02-21 04:51:00,170692,101003874770,2020-02-21,4:51,2020-05-06,5:52
170691-101003874527,Tree Trim,Parks and Recreation,5600 PATRICK ST&5700 YALE ST,5/6/2020 4:08,Service Completed,Resolved,2020-02-21 03:07:00,170691,101003874527,2020-02-21,3:07,2020-05-06,4:08
170689-101003874070,Tree Trim,Parks and Recreation,3000 BROAD ST&4100 DUVAL ST,5/5/2020 12:01,Service Completed,Resolved,2020-02-20 11:00:00,170689,101003874070,2020-02-20,11:00,2020-05-05,12:01
170688-101003874014,Tree Trim,Parks and Recreation,8315 LORRIE DR,5/5/2020 11:31,Service Completed,Resolved,2020-02-20 10:30:00,170688,101003874014,2020-02-20,10:30,2020-05-05,11:31
170687-101003873934,Tree Trim,Parks and Recreation,200 E 12TH ST&1200 HARVARD ST,5/5/2020 10:51,Service Completed,Resolved,2020-02-20 09:50:00,170687,101003873934,2020-02-20,9:50,2020-05-05,10:51
170686-101003873782,Tree Trim,Parks and Recreation,15000 ALROVER ST&3400 ANDERSON RD,5/5/2020 9:28,Service Completed,Resolved,2020-02-20 08:27:00,170686,101003873782,2020-02-20,8:27,2020-05-05,9:28
170685-101003873746,Tree Trim,Parks and Recreation,5225 CALHOUN RD,5/5/2020 9:05,Service Completed,Resolved,2020-02-20 08:04:00,170685,101003873746,2020-02-20,8:04,2020-05-05,9:05
170684-101003873719,Tree Trim,Parks and Recreation,7011 WESTOVER RIDGE DR,5/5/2020 8:48,Service Completed,Resolved,2020-02-20 07:47:00,170684,101003873719,2020-02-20,7:47,2020-05-05,8:48
170683-101003873714,Tree Trim,Parks and Recreation,5225 CALHOUN RD,5/5/2020 8:45,Service Completed,Resolved,2020-02-20 07:44:00,170683,101003873714,2020-02-20,7:44,2020-05-05,8:45
170680-101003873556,Tree Removal,Parks and Recreation,1010 RUELL ST,4/11/2020 7:32,Service Completed,Resolved,2020-02-20 06:31:00,170680,101003873556,2020-02-20,6:31,2020-04-11,7:32
170679-101003873445,Tree Trim,Parks and Recreation,3800 KATY FWY&300 YALE ST,5/5/2020 6:29,Service Completed,Resolved,2020-02-20 05:28:00,170679,101003873445,2020-02-20,5:28,2020-05-05,6:29
101003873259,Tree Removal,Parks and Recreation,7915 MORLEY ST,4/11/2020 4:43,Service Completed,Resolved,2020-02-20 03:42:00, ,101003873259,2020-02-20,3:42,2020-04-11,4:43
170677-101003873175,Tree Trim,Parks and Recreation,4934 PINEMONT DR,5/5/2020 3:59,Service Completed,Resolved,2020-02-20 02:58:00,170677,101003873175,2020-02-20,2:58,2020-05-05,3:59
101003873007,Tree Trim,Parks and Recreation,540 34TH ST,5/4/2020 23:09,Service Completed,Resolved,2020-02-19 22:08:00, ,101003873007,2020-02-19,22:08,2020-05-04,23:09
170673-101003872755,Tree Trim,Parks and Recreation,5500 BISSONNET ST&7100 CHIMNEY ROCK RD,5/4/2020 12:18,Service Completed,Resolved,2020-02-19 11:17:00,170673,101003872755,2020-02-19,11:17,2020-05-04,12:18
170672-101003872690,Tree Removal,Parks and Recreation,7114 EICHLER DR,4/10/2020 11:18,Service Completed,Resolved,2020-02-19 10:17:00,170672,101003872690,2020-02-19,10:17,2020-04-10,11:18
170670-101003872227,Tree Stump Grinding,Parks and Recreation,705 E 23RD ST,6/14/2020 6:52,Service Completed,Resolved,2020-02-19 05:51:00,170670,101003872227,2020-02-19,5:51,2020-06-14,6:52
170669-101003872156,Tree Removal,Parks and Recreation,14203 MANDERLY DR,4/10/2020 6:14,Service Completed,Resolved,2020-02-19 05:13:00,170669,101003872156,2020-02-19,5:13,2020-04-10,6:14
170666-101003872043,Tree Trim,Parks and Recreation,6415 MINOLA ST,5/4/2020 5:10,Service Completed,Resolved,2020-02-19 04:09:00,170666,101003872043,2020-02-19,4:09,2020-05-04,5:10
170665-101003872004,Tree Trim,Parks and Recreation,4009 CAMPBELL ST,5/4/2020 4:46,Service Completed,Resolved,2020-02-19 03:45:00,170665,101003872004,2020-02-19,3:45,2020-05-04,4:46
170664-101003871954,Tree Trim,Parks and Recreation,7914 CANDLEGREEN LN,5/4/2020 4:24,Service Completed,Resolved,2020-02-19 03:23:00,170664,101003871954,2020-02-19,3:23,2020-05-04,4:24
170662-101003871936,Tree Trim,Parks and Recreation,661 BERING DR,5/4/2020 4:15,Service Completed,Resolved,2020-02-19 03:14:00,170662,101003871936,2020-02-19,3:14,2020-05-04,4:15
170660-101003871802,Tree Trim,Parks and Recreation,5500 BISSONNET ST&7100 CHIMNEY ROCK RD,5/4/2020 2:54,Service Completed,Resolved,2020-02-19 01:53:00,170660,101003871802,2020-02-19,1:53,2020-05-04,2:54
170661-101003871799,Tree Stump Grinding,Parks and Recreation,502 W 24TH ST,6/14/2020 2:52,Service Completed,Resolved,2020-02-19 01:51:00,170661,101003871799,2020-02-19,1:51,2020-06-14,2:52
170654-101003871335,Tree Trim,Parks and Recreation,5903 RIVERCHASE TRL,5/3/2020 11:09,Service Completed,Resolved,2020-02-18 10:08:00,170654,101003871335,2020-02-18,10:08,2020-05-03,11:09
170653-101003871247,Tree Trim,Parks and Recreation,912 OXFORD ST,5/3/2020 10:37,Service Completed,Resolved,2020-02-18 09:36:00,170653,101003871247,2020-02-18,9:36,2020-05-03,10:37
170650-101003870792,Tree Trim,Parks and Recreation,3162 GOLFCREST BLVD,5/3/2020 7:06,Service Completed,Resolved,2020-02-18 06:05:00,170650,101003870792,2020-02-18,6:05,2020-05-03,7:06
170649-101003870737,Tree Trim,Parks and Recreation,2420 HURFUS DR&4722 RAMUS ST,5/3/2020 6:42,Service Completed,Resolved,2020-02-18 05:41:00,170649,101003870737,2020-02-18,5:41,2020-05-03,6:42
170648-101003870713,Tree Removal,Parks and Recreation,6815 NEW YORK ST,4/9/2020 6:30,Service Completed,Resolved,2020-02-18 05:29:00,170648,101003870713,2020-02-18,5:29,2020-04-09,6:30
170647-101003870700,Tree Planting,Parks and Recreation,804 W MAIN ST,3/14/2020 6:26,Service Completed,Resolved,2020-02-18 05:25:00,170647,101003870700,2020-02-18,5:25,2020-03-14,6:26
170646-101003870567,Tree Trim,Parks and Recreation,10050 CHICKASAW LN,5/3/2020 5:33,Service Completed,Resolved,2020-02-18 04:32:00,170646,101003870567,2020-02-18,4:32,2020-05-03,5:33
170641-101003870492,Tree Trim,Parks and Recreation,200 EVERTON ST&3700 SHERMAN ST,5/3/2020 5:02,Service Completed,Resolved,2020-02-18 04:01:00,170641,101003870492,2020-02-18,4:01,2020-05-03,5:02
170640-101003870331,Tree Trim,Parks and Recreation,4126 BROOKSTON ST,5/3/2020 3:54,Service Completed,Resolved,2020-02-18 02:53:00,170640,101003870331,2020-02-18,2:53,2020-05-03,3:54
170635-101003870028,Tree Removal,Parks and Recreation,7200 EICHLER DR & 9300 ROWAN LN,4/8/2020 14:40,Service Completed,Resolved,2020-02-17 13:39:00,170635,101003870028,2020-02-17,13:39,2020-04-08,14:40
170634-101003869962,Tree Trim,Parks and Recreation,3900 MAPLE PARK WAY&4400 NORTHPARK DR,5/2/2020 12:55,Service Completed,Resolved,2020-02-17 11:54:00,170634,101003869962,2020-02-17,11:54,2020-05-02,12:55
170633-101003869698,Tree Trim,Parks and Recreation,1915 MARLBERRY LN,5/2/2020 10:31,Service Completed,Resolved,2020-02-17 09:30:00,170633,101003869698,2020-02-17,9:30,2020-05-02,10:31
170632-101003869693,Tree Removal,Parks and Recreation,519 COMILE ST,4/8/2020 10:30,Service Completed,Resolved,2020-02-17 09:29:00,170632,101003869693,2020-02-17,9:29,2020-04-08,10:30
170631-101003869637,Tree Trim,Parks and Recreation,3814 DRAKE ST,5/2/2020 10:12,Service Completed,Resolved,2020-02-17 09:11:00,170631,101003869637,2020-02-17,9:11,2020-05-02,10:12
170630-101003869577,Tree Trim,Parks and Recreation,5801 WOODWAY DR,5/2/2020 9:51,Service Completed,Resolved,2020-02-17 08:50:00,170630,101003869577,2020-02-17,8:50,2020-05-02,9:51
170629-101003869518,Tree Trim,Parks and Recreation,15415 WILLMORE LN,5/2/2020 9:27,Service Completed,Resolved,2020-02-17 08:26:00,170629,101003869518,2020-02-17,8:26,2020-05-02,9:27
170628-101003869448,Tree Removal,Parks and Recreation,6740 ASHBURN SPUR,4/8/2020 8:54,Service Completed,Resolved,2020-02-17 07:53:00,170628,101003869448,2020-02-17,7:53,2020-04-08,8:54
170626-101003869203,Tree Trim,Parks and Recreation,1216 77TH ST,5/2/2020 7:16,Service Completed,Resolved,2020-02-17 06:15:00,170626,101003869203,2020-02-17,6:15,2020-05-02,7:16
170627-101003869197,Tree Trim,Parks and Recreation,10700 ROSEHAVEN DR,5/2/2020 7:15,Service Completed,Resolved,2020-02-17 06:14:00,170627,101003869197,2020-02-17,6:14,2020-05-02,7:15
170623-101003868910,Tree Removal,Parks and Recreation,1822 C SOUTHMORE BLVD,4/8/2020 6:00,Service Completed,Resolved,2020-02-17 04:59:00,170623,101003868910,2020-02-17,4:59,2020-04-08,6:00
170622-101003868831,Tree Removal,Parks and Recreation,940 ADELE ST,4/8/2020 5:24,Service Completed,Resolved,2020-02-17 04:23:00,170622,101003868831,2020-02-17,4:23,2020-04-08,5:24
170621-101003868818,Tree Trim,Parks and Recreation,2448 CARMEL ST,5/2/2020 5:19,Service Completed,Resolved,2020-02-17 04:18:00,170621,101003868818,2020-02-17,4:18,2020-05-02,5:19
170620-101003868695,Tree Removal,Parks and Recreation,9920 PORTO RICO RD,4/8/2020 4:29,Service Completed,Resolved,2020-02-17 03:28:00,170620,101003868695,2020-02-17,3:28,2020-04-08,4:29
170617-101003868272,Tree Removal,Parks and Recreation,5447 CREEKBEND DR,4/7/2020 6:57,Service Completed,Resolved,2020-02-16 05:56:00,170617,101003868272,2020-02-16,5:56,2020-04-07,6:57
170616-101003868261,Tree Trim,Parks and Recreation,9700 BRIAR FOREST DR&1800 S GESSNER RD,5/1/2020 6:29,Service Completed,Resolved,2020-02-16 05:28:00,170616,101003868261,2020-02-16,5:28,2020-05-01,6:29
170615-101003868232,Tree Trim,Parks and Recreation,9700 BRIAR FOREST DR&1800 S GESSNER RD,5/1/2020 5:13,Service Completed,Resolved,2020-02-16 04:12:00,170615,101003868232,2020-02-16,4:12,2020-05-01,5:13
101003868129,Tree Trim,Parks and Recreation,10763 KATY FWY,4/30/2020 17:53,Service Completed,Resolved,2020-02-15 16:52:00, ,101003868129,2020-02-15,16:52,2020-04-30,17:53
170613-101003868073,Tree Removal,Parks and Recreation,12585 RICHMOND AVE,4/6/2020 12:46,Service Completed,Resolved,2020-02-15 11:45:00,170613,101003868073,2020-02-15,11:45,2020-04-06,12:46
101003868019,Tree Trim,Parks and Recreation,2435 WENTWORTH ST,4/30/2020 10:24,Service Completed,Resolved,2020-02-15 09:23:00, ,101003868019,2020-02-15,9:23,2020-04-30,10:24
170611-101003867776,Tree Trim,Parks and Recreation,5711 JASON ST,4/30/2020 4:42,Service Completed,Resolved,2020-02-15 03:41:00,170611,101003867776,2020-02-15,3:41,2020-04-30,4:42
170610-101003867775,Tree Trim,Parks and Recreation,6203 CHEENA DR,4/30/2020 4:39,Service Completed,Resolved,2020-02-15 03:38:00,170610,101003867775,2020-02-15,3:38,2020-04-30,4:39
170609-101003867598,Tree Trim,Parks and Recreation,5630 SOUTHBROOK DR,4/29/2020 13:56,Service Completed,Resolved,2020-02-14 12:55:00,170609,101003867598,2020-02-14,12:55,2020-04-29,13:56
170608-101003867338,Tree Removal,Parks and Recreation,2409 BRANARD ST,4/5/2020 10:35,Service Completed,Resolved,2020-02-14 09:34:00,170608,101003867338,2020-02-14,9:34,2020-04-05,10:35
170607-101003867166,Tree Removal,Parks and Recreation,7330 ASHBURN ST,4/5/2020 9:06,Service Completed,Resolved,2020-02-14 08:05:00,170607,101003867166,2020-02-14,8:05,2020-04-05,9:06
170606-101003867125,Tree Trim,Parks and Recreation,5303 GRAPE ST,4/29/2020 8:51,Service Completed,Resolved,2020-02-14 07:50:00,170606,101003867125,2020-02-14,7:50,2020-04-29,8:51
170605-101003866809,Tree Trim,Parks and Recreation,7922 CANDLEGREEN LN,4/29/2020 5:23,Service Completed,Resolved,2020-02-14 04:22:00,170605,101003866809,2020-02-14,4:22,2020-04-29,5:23
170604-101003866740,Tree Removal,Parks and Recreation,9300 CLARIDGE DR&10900 CONSUELA DR,4/5/2020 4:50,Service Completed,Resolved,2020-02-14 03:49:00,170604,101003866740,2020-02-14,3:49,2020-04-05,4:50
170595-101003866527,Tree Trim,Parks and Recreation,7800 CANDLEGREEN LN&12200 FAIRMEADOW DR,4/29/2020 2:38,Service Completed,Resolved,2020-02-14 01:37:00,170595,101003866527,2020-02-14,1:37,2020-04-29,2:38
170594-101003866404,Tree Trim,Parks and Recreation,9334 ROSSTOWN WAY,4/28/2020 17:13,Service Completed,Resolved,2020-02-13 16:12:00,170594,101003866404,2020-02-13,16:12,2020-04-28,17:13
170593-101003866358,Tree Trim,Parks and Recreation,4529 IRELAND ST,4/28/2020 14:17,Service Completed,Resolved,2020-02-13 13:16:00,170593,101003866358,2020-02-13,13:16,2020-04-28,14:17
170592-101003866353,Tree Trim,Parks and Recreation,4601 IRELAND ST,4/28/2020 14:12,Service Completed,Resolved,2020-02-13 13:11:00,170592,101003866353,2020-02-13,13:11,2020-04-28,14:12
170591-101003866333,Tree Trim,Parks and Recreation,819 OMAR ST,4/28/2020 13:36,Service Completed,Resolved,2020-02-13 12:35:00,170591,101003866333,2020-02-13,12:35,2020-04-28,13:36
170590-101003866331,Tree Trim,Parks and Recreation,5133 RICHMOND AVE,4/28/2020 13:31,Service Completed,Resolved,2020-02-13 12:30:00,170590,101003866331,2020-02-13,12:30,2020-04-28,13:31
170589-101003866180,Tree Trim,Parks and Recreation,15527 SUMMER BRIAR CT,4/28/2020 11:27,Service Completed,Resolved,2020-02-13 10:26:00,170589,101003866180,2020-02-13,10:26,2020-04-28,11:27
170588-101003866120,Tree Trim,Parks and Recreation,800 LA BRANCH ST&1500 RUSK ST,4/28/2020 11:05,Service Completed,Resolved,2020-02-13 10:04:00,170588,101003866120,2020-02-13,10:04,2020-04-28,11:05
170586-101003865357,Tree Trim,Parks and Recreation,9201 MEMORIAL DR,4/28/2020 4:54,Service Completed,Resolved,2020-02-13 03:53:00,170586,101003865357,2020-02-13,3:53,2020-04-28,4:54
170584-101003865210,Tree Trim,Parks and Recreation,3110 W LAKE HOUSTON PKWY,4/28/2020 3:57,Service Completed,Resolved,2020-02-13 02:56:00,170584,101003865210,2020-02-13,2:56,2020-04-28,3:57
170579-101003865087,Tree Trim,Parks and Recreation,12930 GLENWYCK ST & 4312 REGENCY DR,4/28/2020 2:35,Service Completed,Resolved,2020-02-13 01:34:00,170579,101003865087,2020-02-13,1:34,2020-04-28,2:35
170577-101003864557,Tree Removal,Parks and Recreation,212 PARKVIEW ST,4/3/2020 9:30,Service Completed,Resolved,2020-02-12 08:29:00,170577,101003864557,2020-02-12,8:29,2020-04-03,9:30
170574-101003864296,Tree Trim,Parks and Recreation,9829 WOODWIND DR,4/27/2020 7:07,Service Completed,Resolved,2020-02-12 06:06:00,170574,101003864296,2020-02-12,6:06,2020-04-27,7:07
170572-101003864083,Tree Removal,Parks and Recreation,6405 HAMBLEN DR,4/3/2020 5:21,Service Completed,Resolved,2020-02-12 04:20:00,170572,101003864083,2020-02-12,4:20,2020-04-03,5:21
170571-101003864010,Tree Trim,Parks and Recreation,801 ST EMANUEL ST,4/27/2020 4:56,Service Completed,Resolved,2020-02-12 03:55:00,170571,101003864010,2020-02-12,3:55,2020-04-27,4:56
170568-101003863878,Tree Trim,Parks and Recreation,9310 HEATHERSIDE ST,4/27/2020 3:41,Service Completed,Resolved,2020-02-12 02:40:00,170568,101003863878,2020-02-12,2:40,2020-04-27,3:41
355142-101003863703,Tree Trim,Parks and Recreation,1116 OXFORD ST,4/26/2020 21:25,Service Completed,Resolved,2020-02-11 20:24:00,355142,101003863703,2020-02-11,20:24,2020-04-26,21:25
170558-101003863698,Tree Trim,Parks and Recreation,4001 A LANARK LN,4/26/2020 20:55,Service Completed,Resolved,2020-02-11 19:54:00,170558,101003863698,2020-02-11,19:54,2020-04-26,20:55
170557-101003863190,Tree Removal,Parks and Recreation,711 FRISCO ST,4/2/2020 9:39,Service Completed,Resolved,2020-02-11 08:38:00,170557,101003863190,2020-02-11,8:38,2020-04-02,9:39
170556-101003863151,Tree Removal,Parks and Recreation,6300 BELLAIRE BLVD&6900 HILLCROFT AVE,4/2/2020 9:23,Service Completed,Resolved,2020-02-11 08:22:00,170556,101003863151,2020-02-11,8:22,2020-04-02,9:23
170555-101003863077,Tree Removal,Parks and Recreation,2630 WATER WLS,4/2/2020 8:48,Service Completed,Resolved,2020-02-11 07:47:00,170555,101003863077,2020-02-11,7:47,2020-04-02,8:48
170554-101003863076,Tree Removal,Parks and Recreation,3908 AUSTIN ST,4/2/2020 8:48,Service Completed,Resolved,2020-02-11 07:47:00,170554,101003863076,2020-02-11,7:47,2020-04-02,8:48
170552-101003862925,Tree Removal,Parks and Recreation,13803 WALNUT HOLLOW LN,4/2/2020 7:21,Service Completed,Resolved,2020-02-11 06:20:00,170552,101003862925,2020-02-11,6:20,2020-04-02,7:21
170551-101003862721,Tree Trim,Parks and Recreation,6900 LINDEN ST & 2000 REDWOOD ST,4/26/2020 5:41,Service Completed,Resolved,2020-02-11 04:40:00,170551,101003862721,2020-02-11,4:40,2020-04-26,5:41
170549-101003862609,Tree Removal,Parks and Recreation,9510 S GESSNER RD,4/2/2020 4:54,Service Completed,Resolved,2020-02-11 03:53:00,170549,101003862609,2020-02-11,3:53,2020-04-02,4:54
170546-101003862486,Tree Trim,Parks and Recreation,634 W GULF BANK RD&9000 NORTH FWY,4/26/2020 3:48,Service Completed,Resolved,2020-02-11 02:47:00,170546,101003862486,2020-02-11,2:47,2020-04-26,3:48
170545-101003862464,Tree Trim,Parks and Recreation,9403 NORTH FWY,4/26/2020 3:35,Service Completed,Resolved,2020-02-11 02:34:00,170545,101003862464,2020-02-11,2:34,2020-04-26,3:35
170542-101003862019,Tree Removal,Parks and Recreation,7301 AVENUE J,4/1/2020 12:01,Service Completed,Resolved,2020-02-10 11:00:00,170542,101003862019,2020-02-10,11:00,2020-04-01,12:01
170541-101003861959,Tree Removal,Parks and Recreation,5400 FAIRDALE LN&3400 YORKTOWN ST,4/1/2020 11:31,Service Completed,Resolved,2020-02-10 10:30:00,170541,101003861959,2020-02-10,10:30,2020-04-01,11:31
170540-101003861581,Tree Removal,Parks and Recreation,7900 MORLEY ST,4/1/2020 8:44,Service Completed,Resolved,2020-02-10 07:43:00,170540,101003861581,2020-02-10,7:43,2020-04-01,8:44
170538-101003861486,Tree Removal,Parks and Recreation,2107 SCHILDER DR,4/1/2020 8:01,Service Completed,Resolved,2020-02-10 07:00:00,170538,101003861486,2020-02-10,7:00,2020-04-01,8:01
170537-101003861384,Tree Trim,Parks and Recreation,6710 DILLON ST,4/25/2020 7:04,Service Completed,Resolved,2020-02-10 06:03:00,170537,101003861384,2020-02-10,6:03,2020-04-25,7:04
170536-101003861290,Tree Trim,Parks and Recreation,9712 LOCKWOOD DR,4/25/2020 6:22,Service Completed,Resolved,2020-02-10 05:21:00,170536,101003861290,2020-02-10,5:21,2020-04-25,6:22
170535-101003861276,Tree Trim,Parks and Recreation,4919 LA BRANCH ST,4/25/2020 6:17,Service Completed,Resolved,2020-02-10 05:16:00,170535,101003861276,2020-02-10,5:16,2020-04-25,6:17
170534-101003861210,Tree Trim,Parks and Recreation,1353 CANDLELIGHT LN,4/25/2020 5:57,Service Completed,Resolved,2020-02-10 04:56:00,170534,101003861210,2020-02-10,4:56,2020-04-25,5:57
170533-101003861191,Tree Trim,Parks and Recreation,2258 WOODLAND SPRINGS ST,4/25/2020 5:48,Service Completed,Resolved,2020-02-10 04:47:00,170533,101003861191,2020-02-10,4:47,2020-04-25,5:48
170532-101003861161,Tree Trim,Parks and Recreation,2822 STAPLES ST,4/25/2020 5:36,Service Completed,Resolved,2020-02-10 04:35:00,170532,101003861161,2020-02-10,4:35,2020-04-25,5:36
170531-101003861152,Tree Removal,Parks and Recreation,5211 PAISLEY ST,4/1/2020 5:34,Service Completed,Resolved,2020-02-10 04:33:00,170531,101003861152,2020-02-10,4:33,2020-04-01,5:34
170529-101003860991,Tree Trim,Parks and Recreation,502 PORT ST,4/25/2020 4:39,Service Completed,Resolved,2020-02-10 03:38:00,170529,101003860991,2020-02-10,3:38,2020-04-25,4:39
170528-101003860990,Tree Removal,Parks and Recreation,2522 GLEN HAVEN BLVD,4/1/2020 4:39,Service Completed,Resolved,2020-02-10 03:38:00,170528,101003860990,2020-02-10,3:38,2020-04-01,4:39
170527-101003860983,Tree Trim,Parks and Recreation,7439 BRIEFWAY ST,4/25/2020 4:35,Service Completed,Resolved,2020-02-10 03:34:00,170527,101003860983,2020-02-10,3:34,2020-04-25,4:35
170526-101003860948,Tree Removal,Parks and Recreation,9014 ROWAN LN,4/1/2020 4:16,Service Completed,Resolved,2020-02-10 03:15:00,170526,101003860948,2020-02-10,3:15,2020-04-01,4:16
170521-101003860861,Tree Trim,Parks and Recreation,4010 CAMPBELL RD,4/25/2020 3:35,Service Completed,Resolved,2020-02-10 02:34:00,170521,101003860861,2020-02-10,2:34,2020-04-25,3:35
170520-101003860853,Tree Trim,Parks and Recreation,6700 BEECHNUT ST&6800 BISSONNET ST,4/25/2020 3:32,Service Completed,Resolved,2020-02-10 02:31:00,170520,101003860853,2020-02-10,2:31,2020-04-25,3:32
170503-101003860714,Tree Trim,Parks and Recreation,5143 LOCH LOMOND DR,4/24/2020 22:36,Service Completed,Resolved,2020-02-09 21:35:00,170503,101003860714,2020-02-09,21:35,2020-04-24,22:36
170502-101003860522,Tree Trim,Parks and Recreation,3700 ALMEDA RD&3500 CRAWFORD ST&1600 WINBERN ST,4/24/2020 12:37,Service Completed,Resolved,2020-02-09 11:36:00,170502,101003860522,2020-02-09,11:36,2020-04-24,12:37
170501-101003860350,Tree Removal,Parks and Recreation,8160 WIER DR,3/31/2020 6:35,Service Completed,Resolved,2020-02-09 05:34:00,170501,101003860350,2020-02-09,5:34,2020-03-31,6:35
170500-101003860270,Tree Removal,Parks and Recreation,518 N DRENNAN ST & 3800 FOX ST,3/31/2020 4:06,Service Completed,Resolved,2020-02-09 03:05:00,170500,101003860270,2020-02-09,3:05,2020-03-31,4:06
170499-101003860263,Tree Trim,Parks and Recreation,7314 AVENUE L,4/24/2020 3:42,Service Completed,Resolved,2020-02-09 02:41:00,170499,101003860263,2020-02-09,2:41,2020-04-24,3:42
170498-101003860254,Tree Trim,Parks and Recreation,5046 WIGTON DR,4/24/2020 3:06,Service Completed,Resolved,2020-02-09 02:05:00,170498,101003860254,2020-02-09,2:05,2020-04-24,3:06
170496-101003860132,Tree Removal,Parks and Recreation,5050 WIGTON DR,3/30/2020 11:10,Service Completed,Resolved,2020-02-08 10:09:00,170496,101003860132,2020-02-08,10:09,2020-03-30,11:10
170495-101003859989,Tree Removal,Parks and Recreation,850 N WILCREST DR,3/30/2020 7:09,Service Completed,Resolved,2020-02-08 06:08:00,170495,101003859989,2020-02-08,6:08,2020-03-30,7:09
170494-101003859756,Tree Trim,Parks and Recreation,5001 ANTOINE DR,4/22/2020 18:54,Service Completed,Resolved,2020-02-07 17:53:00,170494,101003859756,2020-02-07,17:53,2020-04-22,18:54
170493-101003859633,Tree Stump Grinding,Parks and Recreation,307 WELCH ST,6/2/2020 13:00,Service Completed,Resolved,2020-02-07 11:59:00,170493,101003859633,2020-02-07,11:59,2020-06-02,13:00
170492-101003859607,Tree Trim,Parks and Recreation,7226 HERSHE ST,4/22/2020 12:29,Service Completed,Resolved,2020-02-07 11:28:00,170492,101003859607,2020-02-07,11:28,2020-04-22,12:29
170491-101003859605,Tree Trim,Parks and Recreation,6520 AVENUE C,4/22/2020 12:28,Service Completed,Resolved,2020-02-07 11:27:00,170491,101003859605,2020-02-07,11:27,2020-04-22,12:28
170490-101003859503,Tree Stump Grinding,Parks and Recreation,5910 MCKNIGHT ST,6/2/2020 11:15,Service Completed,Resolved,2020-02-07 10:14:00,170490,101003859503,2020-02-07,10:14,2020-06-02,11:15
170489-101003859481,Tree Trim,Parks and Recreation,323 N ESTELLE ST,4/22/2020 11:08,Service Completed,Resolved,2020-02-07 10:07:00,170489,101003859481,2020-02-07,10:07,2020-04-22,11:08
170488-101003859455,Tree Trim,Parks and Recreation,5823 DARLINGHURST DR,4/22/2020 10:58,Service Completed,Resolved,2020-02-07 09:57:00,170488,101003859455,2020-02-07,9:57,2020-04-22,10:58
170487-101003859448,Tree Removal,Parks and Recreation,7011 WESTOVER RIDGE DR,3/29/2020 10:53,Service Completed,Resolved,2020-02-07 09:52:00,170487,101003859448,2020-02-07,9:52,2020-03-29,10:53
170486-101003859413,Tree Removal,Parks and Recreation,2800 CALLIE ST&3800 DREW ST,3/29/2020 10:38,Service Completed,Resolved,2020-02-07 09:37:00,170486,101003859413,2020-02-07,9:37,2020-03-29,10:38
101003859153,Tree Trim,Parks and Recreation,7719 CHASEWIND DR,4/22/2020 8:32,Service Completed,Resolved,2020-02-07 07:31:00, ,101003859153,2020-02-07,7:31,2020-04-22,8:32
170484-101003858943,Tree Removal,Parks and Recreation,7002 LAWNDALE ST,3/29/2020 6:59,Service Completed,Resolved,2020-02-07 05:58:00,170484,101003858943,2020-02-07,5:58,2020-03-29,6:59
170483-101003858730,Tree Removal,Parks and Recreation,4525 GESSNER DR,3/29/2020 5:38,Service Completed,Resolved,2020-02-07 04:37:00,170483,101003858730,2020-02-07,4:37,2020-03-29,5:38
170476-101003858422,Tree Removal,Parks and Recreation,721 PEDDIE ST,3/29/2020 3:12,Service Completed,Resolved,2020-02-07 02:11:00,170476,101003858422,2020-02-07,2:11,2020-03-29,3:12
170472-101003858391,Tree Trim,Parks and Recreation,7014 RICHWOOD RD,4/22/2020 2:38,Service Completed,Resolved,2020-02-07 01:37:00,170472,101003858391,2020-02-07,1:37,2020-04-22,2:38
170470-101003858360,Tree Trim,Parks and Recreation,4736 REDBUD ST,4/22/2020 2:07,Service Completed,Resolved,2020-02-07 01:06:00,170470,101003858360,2020-02-07,1:06,2020-04-22,2:07
170469-101003858241,Tree Trim,Parks and Recreation,5959 PINEMONT DR,4/21/2020 18:14,Service Completed,Resolved,2020-02-06 17:13:00,170469,101003858241,2020-02-06,17:13,2020-04-21,18:14
170468-101003858019,Tree Trim,Parks and Recreation,11507 PLUMBROOK DR,4/21/2020 11:26,Service Completed,Resolved,2020-02-06 10:25:00,170468,101003858019,2020-02-06,10:25,2020-04-21,11:26
170467-101003857903,Tree Trim,Parks and Recreation,301 FANNIN ST,4/21/2020 10:48,Service Completed,Resolved,2020-02-06 09:47:00,170467,101003857903,2020-02-06,9:47,2020-04-21,10:48
170463-101003857589,Tree Removal,Parks and Recreation,5235 SAXON DR,3/28/2020 8:39,Service Completed,Resolved,2020-02-06 07:38:00,170463,101003857589,2020-02-06,7:38,2020-03-28,8:39
170461-101003857444,Tree Trim,Parks and Recreation,6806 THORNWILD RD,4/21/2020 7:39,Service Completed,Resolved,2020-02-06 06:38:00,170461,101003857444,2020-02-06,6:38,2020-04-21,7:39
170460-101003857424,Tree Trim,Parks and Recreation,7802 GROVE RIDGE DR,4/21/2020 7:25,Service Completed,Resolved,2020-02-06 06:24:00,170460,101003857424,2020-02-06,6:24,2020-04-21,7:25
170458-101003857390,Tree Trim,Parks and Recreation,12923 FAWNWAY DR,4/21/2020 7:09,Service Completed,Resolved,2020-02-06 06:08:00,170458,101003857390,2020-02-06,6:08,2020-04-21,7:09
170453-101003856913,Tree Stump Grinding,Parks and Recreation,6100 HERMANN PARK DR,6/1/2020 2:23,Service Completed,Resolved,2020-02-06 01:22:00,170453,101003856913,2020-02-06,1:22,2020-06-01,2:23
170450-101003856733,Tree Trim,Parks and Recreation,1300 LIVE OAK ST & 2600 POLK ST,4/20/2020 15:33,Service Completed,Resolved,2020-02-05 14:32:00,170450,101003856733,2020-02-05,14:32,2020-04-20,15:33
170449-101003856731,Tree Trim,Parks and Recreation,1300 DELANO ST & 2800 POLK ST,4/20/2020 15:30,Service Completed,Resolved,2020-02-05 14:29:00,170449,101003856731,2020-02-05,14:29,2020-04-20,15:30
170448-101003856553,Tree Trim,Parks and Recreation,5509 HILLMAN ST,4/20/2020 11:19,Service Completed,Resolved,2020-02-05 10:18:00,170448,101003856553,2020-02-05,10:18,2020-04-20,11:19
170446-101003856534,Tree Removal,Parks and Recreation,600 EDGEBROOK DR&2400 FREY RD,3/27/2020 11:08,Service Completed,Resolved,2020-02-05 10:07:00,170446,101003856534,2020-02-05,10:07,2020-03-27,11:08
170445-101003856456,Tree Removal,Parks and Recreation,3214 TANGLEWILDE ST,3/27/2020 10:25,Service Completed,Resolved,2020-02-05 09:24:00,170445,101003856456,2020-02-05,9:24,2020-03-27,10:25
170444-101003856332,Tree Trim,Parks and Recreation,6100 VAN ZANDT ST,4/20/2020 8:53,Service Completed,Resolved,2020-02-05 07:52:00,170444,101003856332,2020-02-05,7:52,2020-04-20,8:53
170441-101003856108,Tree Trim,Parks and Recreation,3900 HOLMES RD&7700 SCOTT ST,4/20/2020 6:24,Service Completed,Resolved,2020-02-05 05:23:00,170441,101003856108,2020-02-05,5:23,2020-04-20,6:24
170440-101003856101,Tree Trim,Parks and Recreation,3900 BELLFORT ST&8500 SCOTT ST,4/20/2020 6:21,Service Completed,Resolved,2020-02-05 05:20:00,170440,101003856101,2020-02-05,5:20,2020-04-20,6:21
170439-101003856039,Tree Removal,Parks and Recreation,500 COLQUITT ST & 4200 GARROTT ST,3/27/2020 5:52,Service Completed,Resolved,2020-02-05 04:51:00,170439,101003856039,2020-02-05,4:51,2020-03-27,5:52
170433-101003855775,Tree Trim,Parks and Recreation,10600 CLAY RD&4300 DURBAN DR ,4/20/2020 3:40,Service Completed,Resolved,2020-02-05 02:39:00,170433,101003855775,2020-02-05,2:39,2020-04-20,3:40
170432-101003855769,Tree Trim,Parks and Recreation,10600 CLAY RD&4300 DURBAN DR ,4/20/2020 3:37,Service Completed,Resolved,2020-02-05 02:36:00,170432,101003855769,2020-02-05,2:36,2020-04-20,3:37
101003855679,Tree Removal,Parks and Recreation,1107 NICHOLSON ST,3/27/2020 2:38,Service Completed,Resolved,2020-02-05 01:37:00, ,101003855679,2020-02-05,1:37,2020-03-27,2:38
170428-101003855670,Tree Trim,Parks and Recreation,2000 N MACGREGOR WAY,4/20/2020 2:34,Service Completed,Resolved,2020-02-05 01:33:00,170428,101003855670,2020-02-05,1:33,2020-04-20,2:34
170427-101003855658,Tree Trim,Parks and Recreation,12800 WESTLEIGH DR & 1734 WESTWICK DR,4/20/2020 2:24,Service Completed,Resolved,2020-02-05 01:23:00,170427,101003855658,2020-02-05,1:23,2020-04-20,2:24
355118-101003855595,Tree Trim,Parks and Recreation,2437 NORTH BLVD,4/19/2020 23:41,Service Completed,Resolved,2020-02-04 22:40:00,355118,101003855595,2020-02-04,22:40,2020-04-19,23:41
101003855208,Tree Trim,Parks and Recreation,227 HUNT ST,4/19/2020 17:23,Service Completed,Resolved,2020-02-04 16:22:00, ,101003855208,2020-02-04,16:22,2020-04-19,17:23
170421-101003855143,Tree Trim,Parks and Recreation,5715 JASON ST,4/19/2020 14:31,Service Completed,Resolved,2020-02-04 13:30:00,170421,101003855143,2020-02-04,13:30,2020-04-19,14:31
170420-101003855139,Tree Trim,Parks and Recreation,900 N ELDRIDGE PKWY,4/19/2020 14:18,Service Completed,Resolved,2020-02-04 13:17:00,170420,101003855139,2020-02-04,13:17,2020-04-19,14:18
170419-101003855129,Tree Removal,Parks and Recreation,2501 DIVISION ST,3/26/2020 13:29,Service Completed,Resolved,2020-02-04 12:28:00,170419,101003855129,2020-02-04,12:28,2020-03-26,13:29
101003854865,Tree Trim,Parks and Recreation,5512 W LAKE HOUSTON PKWY & 3100 VALLEY RIM DR,4/19/2020 11:06,Service Completed,Resolved,2020-02-04 10:05:00, ,101003854865,2020-02-04,10:05,2020-04-19,11:06
170417-101003854618,Tree Trim,Parks and Recreation,3151 SKYPARK DR,4/19/2020 9:32,Service Completed,Resolved,2020-02-04 08:31:00,170417,101003854618,2020-02-04,8:31,2020-04-19,9:32
170414-101003854244,Tree Removal,Parks and Recreation,644 E 12TH ST,3/26/2020 6:50,Service Completed,Resolved,2020-02-04 05:49:00,170414,101003854244,2020-02-04,5:49,2020-03-26,6:50
170410-101003854129,Tree Removal,Parks and Recreation,33 VEENSTRA ST,3/26/2020 5:53,Service Completed,Resolved,2020-02-04 04:52:00,170410,101003854129,2020-02-04,4:52,2020-03-26,5:53
170408-101003853894,Tree Removal,Parks and Recreation,2302 RUTLAND ST,3/26/2020 4:18,Service Completed,Resolved,2020-02-04 03:17:00,170408,101003853894,2020-02-04,3:17,2020-03-26,4:18
170407-101003853856,Tree Trim,Parks and Recreation,5010 PERRY ST,4/19/2020 4:02,Service Completed,Resolved,2020-02-04 03:01:00,170407,101003853856,2020-02-04,3:01,2020-04-19,4:02
170406-101003853825,Tree Trim,Parks and Recreation,617 PEDDIE ST,4/19/2020 3:46,Service Completed,Resolved,2020-02-04 02:45:00,170406,101003853825,2020-02-04,2:45,2020-04-19,3:46
170404-101003853785,Tree Trim,Parks and Recreation,1107A JACKSON BLVD,4/19/2020 3:27,Service Completed,Resolved,2020-02-04 02:26:00,170404,101003853785,2020-02-04,2:26,2020-04-19,3:27
170403-101003853761,Tree Removal,Parks and Recreation,10622 CARLOTA CT,3/26/2020 3:16,Service Completed,Resolved,2020-02-04 02:15:00,170403,101003853761,2020-02-04,2:15,2020-03-26,3:16
170402-101003853753,Tree Stump Grinding,Parks and Recreation,10627 DUNLAP ST,5/30/2020 3:12,Service Completed,Resolved,2020-02-04 02:11:00,170402,101003853753,2020-02-04,2:11,2020-05-30,3:12
170396-101003853659,Tree Removal,Parks and Recreation,5631 REAMER ST,3/26/2020 0:31,Service Completed,Resolved,2020-02-03 23:30:00,170396,101003853659,2020-02-03,23:30,2020-03-26,0:31
170395-101003853658,Tree Removal,Parks and Recreation,5626 CHELTENHAM DR,3/26/2020 0:29,Service Completed,Resolved,2020-02-03 23:28:00,170395,101003853658,2020-02-03,23:28,2020-03-26,0:29
170394-101003853656,Tree Trim,Parks and Recreation,3900 MAPLE PARK WAY&4400 NORTHPARK DR,4/19/2020 0:07,Service Completed,Resolved,2020-02-03 23:06:00,170394,101003853656,2020-02-03,23:06,2020-04-19,0:07
170393-101003853646,Tree Removal,Parks and Recreation,2201 JEFFERSON ST,3/25/2020 23:31,Service Completed,Resolved,2020-02-03 22:30:00,170393,101003853646,2020-02-03,22:30,2020-03-25,23:31
170392-101003853567,Tree Removal,Parks and Recreation,12310 SPLIT RAIL LN,3/25/2020 16:48,Service Completed,Resolved,2020-02-03 15:47:00,170392,101003853567,2020-02-03,15:47,2020-03-25,16:48
170391-101003853445,Tree Trim,Parks and Recreation,301 W SAULNIER ST,4/18/2020 12:28,Service Completed,Resolved,2020-02-03 11:27:00,170391,101003853445,2020-02-03,11:27,2020-04-18,12:28
170390-101003853376,Tree Removal,Parks and Recreation,9150 MARTIN HEIGHTS DR,3/25/2020 11:44,Service Completed,Resolved,2020-02-03 10:43:00,170390,101003853376,2020-02-03,10:43,2020-03-25,11:44
170388-101003853074,Tree Removal,Parks and Recreation,12 COOPER RD,3/25/2020 9:21,Service Completed,Resolved,2020-02-03 08:20:00,170388,101003853074,2020-02-03,8:20,2020-03-25,9:21
170387-101003853012,Tree Removal,Parks and Recreation,3058 KINGWOOD DR&3160 E LAKE CRESCENT DR,3/25/2020 8:50,Service Completed,Resolved,2020-02-03 07:49:00,170387,101003853012,2020-02-03,7:49,2020-03-25,8:50
170378-101003852744,Tree Trim,Parks and Recreation,6300 CHIMNEY ROCK RD&5400 ELM ST,4/18/2020 6:43,Service Completed,Resolved,2020-02-03 05:42:00,170378,101003852744,2020-02-03,5:42,2020-04-18,6:43
170375-101003852731,Tree Trim,Parks and Recreation,7126 DEBORAH ST,4/18/2020 6:39,Service Completed,Resolved,2020-02-03 05:38:00,170375,101003852731,2020-02-03,5:38,2020-04-18,6:39
170369-101003852645,Tree Removal,Parks and Recreation,4502 DUNLAVY ST,3/25/2020 5:57,Service Completed,Resolved,2020-02-03 04:56:00,170369,101003852645,2020-02-03,4:56,2020-03-25,5:57
170366-101003852530,Tree Trim,Parks and Recreation,15323 RIDINGWOOD DR,4/18/2020 5:13,Service Completed,Resolved,2020-02-03 04:12:00,170366,101003852530,2020-02-03,4:12,2020-04-18,5:13
170363-101003852338,Tree Trim,Parks and Recreation,1863 KINGWOOD DR,4/18/2020 4:00,Service Completed,Resolved,2020-02-03 02:59:00,170363,101003852338,2020-02-03,2:59,2020-04-18,4:00
170362-101003852156,Tree Trim,Parks and Recreation,200 BAGBY ST&400 FRANKLIN ST,4/17/2020 21:00,Service Completed,Resolved,2020-02-02 19:59:00,170362,101003852156,2020-02-02,19:59,2020-04-17,21:00
170361-101003852140,Tree Trim,Parks and Recreation,3007 NORHILL BLVD,4/17/2020 19:05,Service Completed,Resolved,2020-02-02 18:04:00,170361,101003852140,2020-02-02,18:04,2020-04-17,19:05
170360-101003851856,Tree Code Violation,Parks and Recreation,1424 W ALABAMA ST,3/24/2020 12:34,Service Completed,Resolved,2020-02-01 11:33:00,170360,101003851856,2020-02-01,11:33,2020-03-24,12:34
170359-101003851754,Tree Trim,Parks and Recreation,822 CAVE HILL CT,4/16/2020 9:03,Service Completed,Resolved,2020-02-01 08:02:00,170359,101003851754,2020-02-01,8:02,2020-04-16,9:03
170358-101003851735,Tree Removal,Parks and Recreation,1002 E 28TH ST,3/23/2020 8:39,Service Completed,Resolved,2020-02-01 07:38:00,170358,101003851735,2020-02-01,7:38,2020-03-23,8:39
170354-101003851288,Tree Removal,Parks and Recreation,5300 FANNIN ST&1100 OAKDALE ST,3/22/2020 12:55,Service Completed,Resolved,2020-01-31 11:54:00,170354,101003851288,2020-01-31,11:54,2020-03-22,12:55
101003851156,Tree Trim,Parks and Recreation,15847 RUPPSTOCK DR,4/15/2020 11:11,Service Completed,Resolved,2020-01-31 10:10:00, ,101003851156,2020-01-31,10:10,2020-04-15,11:11
170352-101003851082,Tree Removal,Parks and Recreation,1111 HERMANN DR,3/22/2020 10:37,Service Completed,Resolved,2020-01-31 09:36:00,170352,101003851082,2020-01-31,9:36,2020-03-22,10:37
170351-101003851014,Tree Trim,Parks and Recreation,3851 GRENNOCH LN,4/15/2020 10:05,Service Completed,Resolved,2020-01-31 09:04:00,170351,101003851014,2020-01-31,9:04,2020-04-15,10:05
170350-101003850920,Tree Removal,Parks and Recreation,8600 KEMPWOOD DR&2900 OJEMAN RD,3/22/2020 9:06,Service Completed,Resolved,2020-01-31 08:05:00,170350,101003850920,2020-01-31,8:05,2020-03-22,9:06
170349-101003850917,Tree Removal,Parks and Recreation,1710 MCKEE ST,3/22/2020 9:05,Service Completed,Resolved,2020-01-31 08:04:00,170349,101003850917,2020-01-31,8:04,2020-03-22,9:05
170348-101003850913,Tree Trim,Parks and Recreation,803 KNIGHT ST,4/15/2020 9:02,Service Completed,Resolved,2020-01-31 08:01:00,170348,101003850913,2020-01-31,8:01,2020-04-15,9:02
170347-101003850843,Tree Trim,Parks and Recreation,10203 AVES ST,4/15/2020 8:22,Service Completed,Resolved,2020-01-31 07:21:00,170347,101003850843,2020-01-31,7:21,2020-04-15,8:22
170346-101003850768,Tree Trim,Parks and Recreation,1310 HAROLD ST,4/15/2020 7:34,Service Completed,Resolved,2020-01-31 06:33:00,170346,101003850768,2020-01-31,6:33,2020-04-15,7:34
170345-101003850566,Tree Trim,Parks and Recreation,8921 PAGEWOOD LN,4/15/2020 5:41,Service Completed,Resolved,2020-01-31 04:40:00,170345,101003850566,2020-01-31,4:40,2020-04-15,5:41
170344-101003850417,Tree Trim,Parks and Recreation,2301 SHAKESPEARE ST,4/15/2020 4:23,Service Completed,Resolved,2020-01-31 03:22:00,170344,101003850417,2020-01-31,3:22,2020-04-15,4:23
170343-101003850340,Tree Trim,Parks and Recreation,3735 W ALABAMA ST,4/15/2020 3:41,Service Completed,Resolved,2020-01-31 02:40:00,170343,101003850340,2020-01-31,2:40,2020-04-15,3:41
170342-101003850009,Tree Trim,Parks and Recreation,200 BAGBY ST&400 FRANKLIN ST,4/14/2020 11:33,Service Completed,Resolved,2020-01-30 10:32:00,170342,101003850009,2020-01-30,10:32,2020-04-14,11:33
170341-101003849973,Tree Code Violation,Parks and Recreation,1800 GREENWOOD OAKS DR&14500 SPACE CENTER BLVD,3/22/2020 11:17,Service Completed,Resolved,2020-01-30 10:16:00,170341,101003849973,2020-01-30,10:16,2020-03-22,11:17
170340-101003849681,Tree Removal,Parks and Recreation,8012 FUQUA ST,3/21/2020 9:23,Service Completed,Resolved,2020-01-30 08:22:00,170340,101003849681,2020-01-30,8:22,2020-03-21,9:23
170339-101003849665,Tree Removal,Parks and Recreation,9402 CARMALEE ST,3/21/2020 9:18,Service Completed,Resolved,2020-01-30 08:17:00,170339,101003849665,2020-01-30,8:17,2020-03-21,9:18
170338-101003849608,Tree Trim,Parks and Recreation,3514 SARDIS LN,4/14/2020 8:54,Service Completed,Resolved,2020-01-30 07:53:00,170338,101003849608,2020-01-30,7:53,2020-04-14,8:54
170337-101003849565,Tree Removal,Parks and Recreation,4031 MARTINSHIRE DR,3/21/2020 8:26,Service Completed,Resolved,2020-01-30 07:25:00,170337,101003849565,2020-01-30,7:25,2020-03-21,8:26
170336-101003849360,Tree Code Violation,Parks and Recreation,1712 W DALLAS ST,3/22/2020 6:41,Service Completed,Resolved,2020-01-30 05:40:00,170336,101003849360,2020-01-30,5:40,2020-03-22,6:41
170335-101003849218,Tree Trim,Parks and Recreation,11855 BRIAR FOREST DR,4/14/2020 5:29,Service Completed,Resolved,2020-01-30 04:28:00,170335,101003849218,2020-01-30,4:28,2020-04-14,5:29
170334-101003849193,Tree Trim,Parks and Recreation,1510 ADKINS RD&9300 LONG POINT RD&1700 SPUR LN,4/14/2020 5:18,Service Completed,Resolved,2020-01-30 04:17:00,170334,101003849193,2020-01-30,4:17,2020-04-14,5:18
170333-101003849177,Tree Removal,Parks and Recreation,121 KOLB RD,3/21/2020 5:12,Service Completed,Resolved,2020-01-30 04:11:00,170333,101003849177,2020-01-30,4:11,2020-03-21,5:12
170332-101003849151,Tree Trim,Parks and Recreation,12827 ORLEANS ST,4/14/2020 5:02,Service Completed,Resolved,2020-01-30 04:01:00,170332,101003849151,2020-01-30,4:01,2020-04-14,5:02
101003849074,Tree Trim,Parks and Recreation,6001 FANNIN ST,4/14/2020 4:32,Service Completed,Resolved,2020-01-30 03:31:00, ,101003849074,2020-01-30,3:31,2020-04-14,4:32
101003848871,Tree Trim,Parks and Recreation,5926 FANNIN ST&5426 HERMANN PARK DR,4/14/2020 2:25,Service Completed,Resolved,2020-01-30 01:24:00, ,101003848871,2020-01-30,1:24,2020-04-14,2:25
170324-101003848131,Tree Removal,Parks and Recreation,13002 WHITE HEATHER DR,3/20/2020 8:15,Service Completed,Resolved,2020-01-29 07:14:00,170324,101003848131,2020-01-29,7:14,2020-03-20,8:15
170323-101003847837,Tree Removal,Parks and Recreation,9703 COURBEN LN,3/20/2020 5:42,Service Completed,Resolved,2020-01-29 04:41:00,170323,101003847837,2020-01-29,4:41,2020-03-20,5:42
170322-101003847802,Tree Trim,Parks and Recreation,1515 ROSEWOOD ST,4/13/2020 5:19,Service Completed,Resolved,2020-01-29 04:18:00,170322,101003847802,2020-01-29,4:18,2020-04-13,5:19
170321-101003847800,Tree Trim,Parks and Recreation,4420 CRAWFORD ST,4/13/2020 5:18,Service Completed,Resolved,2020-01-29 04:17:00,170321,101003847800,2020-01-29,4:17,2020-04-13,5:18
170320-101003847559,Tree Removal,Parks and Recreation,4151 BELLEFONTAINE ST,3/20/2020 3:15,Service Completed,Resolved,2020-01-29 02:14:00,170320,101003847559,2020-01-29,2:14,2020-03-20,3:15
170319-101003847523,Tree Trim,Parks and Recreation,4807 PIN OAK PARK,4/13/2020 2:51,Service Completed,Resolved,2020-01-29 01:50:00,170319,101003847523,2020-01-29,1:50,2020-04-13,2:51
170315-101003847504,Tree Removal,Parks and Recreation,4103 BREAKWOOD DR,3/20/2020 2:33,Service Completed,Resolved,2020-01-29 01:32:00,170315,101003847504,2020-01-29,1:32,2020-03-20,2:33
170313-101003847457,Tree Trim,Parks and Recreation,3015 CHENEVERT ST,4/13/2020 1:28,Service Completed,Resolved,2020-01-29 00:27:00,170313,101003847457,2020-01-29,0:27,2020-04-13,1:28
170312-101003847247,Tree Trim,Parks and Recreation,2100 W MAIN ST&3400 S SHEPHERD DR,4/12/2020 16:45,Service Completed,Resolved,2020-01-28 15:44:00,170312,101003847247,2020-01-28,15:44,2020-04-12,16:45
170311-101003846922,Tree Trim,Parks and Recreation,7043 QUINCE ST,4/12/2020 11:03,Service Completed,Resolved,2020-01-28 10:02:00,170311,101003846922,2020-01-28,10:02,2020-04-12,11:03
170310-101003846424,Tree Trim,Parks and Recreation,448 HARVARD ST,4/12/2020 7:30,Service Completed,Resolved,2020-01-28 06:29:00,170310,101003846424,2020-01-28,6:29,2020-04-12,7:30
170309-101003846370,Tree Trim,Parks and Recreation,2030 ARLINGTON ST,4/12/2020 7:11,Service Completed,Resolved,2020-01-28 06:10:00,170309,101003846370,2020-01-28,6:10,2020-04-12,7:11
170308-101003846333,Tree Code Violation,Parks and Recreation,6200 TAGGART ST,3/20/2020 6:58,Service Completed,Resolved,2020-01-28 05:57:00,170308,101003846333,2020-01-28,5:57,2020-03-20,6:58
170307-101003846223,Tree Code Violation,Parks and Recreation,1039 ALTHEA DR,3/20/2020 6:04,Service Completed,Resolved,2020-01-28 05:03:00,170307,101003846223,2020-01-28,5:03,2020-03-20,6:04
101003845831,Tree Trim,Parks and Recreation,3027 HARTSVILLE RD,4/12/2020 2:57,Service Completed,Resolved,2020-01-28 01:56:00, ,101003845831,2020-01-28,1:56,2020-04-12,2:57
170301-101003845427,Tree Removal,Parks and Recreation,10603 KIRKSIDE DR,3/18/2020 11:06,Service Completed,Resolved,2020-01-27 10:05:00,170301,101003845427,2020-01-27,10:05,2020-03-18,11:06
170300-101003845378,Tree Trim,Parks and Recreation,1300 WOODHEAD ST,4/11/2020 10:49,Service Completed,Resolved,2020-01-27 09:48:00,170300,101003845378,2020-01-27,9:48,2020-04-11,10:49
101003844776,Tree Removal,Parks and Recreation,6110 GOFORTH ST,3/18/2020 6:55,Service Completed,Resolved,2020-01-27 05:54:00, ,101003844776,2020-01-27,5:54,2020-03-18,6:55
170278-101003844323,Tree Removal,Parks and Recreation,482 MERCURY DR,3/18/2020 4:07,Service Completed,Resolved,2020-01-27 03:06:00,170278,101003844323,2020-01-27,3:06,2020-03-18,4:07
170277-101003844241,Tree Trim,Parks and Recreation,7707 MCHENRY ST,4/11/2020 3:24,Service Completed,Resolved,2020-01-27 02:23:00,170277,101003844241,2020-01-27,2:23,2020-04-11,3:24
170276-101003844189,Tree Removal,Parks and Recreation,9314 SHERBOURNE ST,3/18/2020 2:42,Service Completed,Resolved,2020-01-27 01:41:00,170276,101003844189,2020-01-27,1:41,2020-03-18,2:42
170274-101003844158,Tree Trim,Parks and Recreation,802 BRANARD ST,4/11/2020 1:50,Service Completed,Resolved,2020-01-27 00:49:00,170274,101003844158,2020-01-27,0:49,2020-04-11,1:50
170273-101003844150,Tree Trim,Parks and Recreation,484 RAINY MEADOW LN,4/11/2020 1:37,Service Completed,Resolved,2020-01-27 00:36:00,170273,101003844150,2020-01-27,0:36,2020-04-11,1:37
170272-101003843967,Tree Removal,Parks and Recreation,7330 DALLAS ST,3/17/2020 12:18,Service Completed,Resolved,2020-01-26 11:17:00,170272,101003843967,2020-01-26,11:17,2020-03-17,12:18
170271-101003843914,Tree Removal,Parks and Recreation,5502 PARDEE ST,3/17/2020 10:32,Service Completed,Resolved,2020-01-26 09:31:00,170271,101003843914,2020-01-26,9:31,2020-03-17,10:32
170270-101003843758,Tree Code Violation,Parks and Recreation,803 S HIGHWAY 6,3/18/2020 4:33,Service Completed,Resolved,2020-01-26 03:32:00,170270,101003843758,2020-01-26,3:32,2020-03-18,4:33
170269-101003843525,Tree Trim,Parks and Recreation,3918 SMOOTH OAK LN,4/9/2020 9:19,Service Completed,Resolved,2020-01-25 08:18:00,170269,101003843525,2020-01-25,8:18,2020-04-09,9:19
170268-101003843456,Tree Trim,Parks and Recreation,0 ALLEN PKWY&700 TIRRELL ST,4/9/2020 7:53,Service Completed,Resolved,2020-01-25 06:52:00,170268,101003843456,2020-01-25,6:52,2020-04-09,7:53
170267-101003843082,Tree Trim,Parks and Recreation,16438 SKEET CT,4/8/2020 12:57,Service Completed,Resolved,2020-01-24 11:56:00,170267,101003843082,2020-01-24,11:56,2020-04-08,12:57
170266-101003843062,Tree Trim,Parks and Recreation,5900 KATY FWY&7000 WASHINGTON AVE&6700 WESTCOTT ST,4/8/2020 12:36,Service Completed,Resolved,2020-01-24 11:35:00,170266,101003843062,2020-01-24,11:35,2020-04-08,12:36
170265-101003842480,Tree Trim,Parks and Recreation,929 FEDERAL RD,4/8/2020 8:04,Service Completed,Resolved,2020-01-24 07:03:00,170265,101003842480,2020-01-24,7:03,2020-04-08,8:04
170264-101003842391,Tree Removal,Parks and Recreation,7074 EVANS ST,3/15/2020 7:30,Service Completed,Resolved,2020-01-24 06:29:00,170264,101003842391,2020-01-24,6:29,2020-03-15,7:30
170263-101003842312,Tree Removal,Parks and Recreation,32 A LANA LN,3/15/2020 6:56,Service Completed,Resolved,2020-01-24 05:55:00,170263,101003842312,2020-01-24,5:55,2020-03-15,6:56
170262-101003842166,Tree Removal,Parks and Recreation,4114 REID ST,3/15/2020 5:48,Service Completed,Resolved,2020-01-24 04:47:00,170262,101003842166,2020-01-24,4:47,2020-03-15,5:48
170261-101003841991,Tree Removal,Parks and Recreation,7705 BUENA VISTA ST,3/15/2020 4:38,Service Completed,Resolved,2020-01-24 03:37:00,170261,101003841991,2020-01-24,3:37,2020-03-15,4:38
170258-101003841956,Tree Trim,Parks and Recreation,1500 HAZEL ST&1300 W PIERCE ST,4/8/2020 4:21,Service Completed,Resolved,2020-01-24 03:20:00,170258,101003841956,2020-01-24,3:20,2020-04-08,4:21
170257-101003841944,Tree Trim,Parks and Recreation,1600 DELANO ST&2800 LEELAND ST,4/8/2020 4:16,Service Completed,Resolved,2020-01-24 03:15:00,170257,101003841944,2020-01-24,3:15,2020-04-08,4:16
170255-101003841776,Tree Removal,Parks and Recreation,1117 VERA LOU ST,3/15/2020 2:08,Service Completed,Resolved,2020-01-24 01:07:00,170255,101003841776,2020-01-24,1:07,2020-03-15,2:08
170254-101003841528,Tree Trim,Parks and Recreation,213 E 8TH ST,4/7/2020 14:09,Service Completed,Resolved,2020-01-23 13:08:00,170254,101003841528,2020-01-23,13:08,2020-04-07,14:09
170253-101003841357,Tree Removal,Parks and Recreation,5803 BIRDSALL MARKET PL,3/14/2020 11:28,Service Completed,Resolved,2020-01-23 10:27:00,170253,101003841357,2020-01-23,10:27,2020-03-14,11:28
170252-101003841298,Tree Trim,Parks and Recreation,7415 LAKEHURST DR,4/7/2020 11:03,Service Completed,Resolved,2020-01-23 10:02:00,170252,101003841298,2020-01-23,10:02,2020-04-07,11:03
170251-101003841293,Tree Trim,Parks and Recreation,959 BENCHFIELD DR,4/7/2020 11:01,Service Completed,Resolved,2020-01-23 10:00:00,170251,101003841293,2020-01-23,10:00,2020-04-07,11:01
170250-101003841256,Tree Removal,Parks and Recreation,4982 VALKEITH DR,3/14/2020 10:47,Service Completed,Resolved,2020-01-23 09:46:00,170250,101003841256,2020-01-23,9:46,2020-03-14,10:47
170249-101003841065,Tree Trim,Parks and Recreation,7702 WESTVIEW DR,4/7/2020 9:21,Service Completed,Resolved,2020-01-23 08:20:00,170249,101003841065,2020-01-23,8:20,2020-04-07,9:21
170248-101003841050,Tree Trim,Parks and Recreation,200 E 8TH ST&800 HARVARD ST,4/7/2020 9:15,Service Completed,Resolved,2020-01-23 08:14:00,170248,101003841050,2020-01-23,8:14,2020-04-07,9:15
170247-101003840996,Tree Trim,Parks and Recreation,300 E 8TH ST&800 CORTLANDT ST,4/7/2020 9:00,Service Completed,Resolved,2020-01-23 07:59:00,170247,101003840996,2020-01-23,7:59,2020-04-07,9:00
170246-101003840899,Tree Trim,Parks and Recreation,2241 BRONSON ST,4/7/2020 8:17,Service Completed,Resolved,2020-01-23 07:16:00,170246,101003840899,2020-01-23,7:16,2020-04-07,8:17
170245-101003840775,Tree Removal,Parks and Recreation,18203 GROSCHKE RD,3/14/2020 7:15,Service Completed,Resolved,2020-01-23 06:14:00,170245,101003840775,2020-01-23,6:14,2020-03-14,7:15
170243-101003840333,Tree Removal,Parks and Recreation,2005 BANKS ST,3/14/2020 4:12,Service Completed,Resolved,2020-01-23 03:11:00,170243,101003840333,2020-01-23,3:11,2020-03-14,4:12
101003840329,Tree Removal,Parks and Recreation,2005 BANKS ST,3/14/2020 4:10,Service Completed,Resolved,2020-01-23 03:09:00, ,101003840329,2020-01-23,3:09,2020-03-14,4:10
170242-101003840241,Tree Trim,Parks and Recreation,8100 CLAIBORNE ST&9720 GREENWICH ST,4/7/2020 3:37,Service Completed,Resolved,2020-01-23 02:36:00,170242,101003840241,2020-01-23,2:36,2020-04-07,3:37
170241-101003840065,Tree Removal,Parks and Recreation,342 WYCLIFFE DR,3/13/2020 17:18,Service Completed,Resolved,2020-01-22 16:17:00,170241,101003840065,2020-01-22,16:17,2020-03-13,17:18
170240-101003840016,Tree Removal,Parks and Recreation,342 WYCLIFFE DR,3/13/2020 14:35,Service Completed,Resolved,2020-01-22 13:34:00,170240,101003840016,2020-01-22,13:34,2020-03-13,14:35
170239-101003839965,Tree Removal,Parks and Recreation,5600 BEVERLY HILL ST&3302 CHIMNEY ROCK RD,3/13/2020 12:49,Service Completed,Resolved,2020-01-22 11:48:00,170239,101003839965,2020-01-22,11:48,2020-03-13,12:49
170238-101003829868,Tree Removal,Parks and Recreation,7703 OAK VISTA ST,3/13/2020 11:42,Service Completed,Resolved,2020-01-22 10:41:00,170238,101003829868,2020-01-22,10:41,2020-03-13,11:42
170235-101003829765,Tree Removal,Parks and Recreation,16743 QUAIL BRIAR DR,3/13/2020 10:57,Service Completed,Resolved,2020-01-22 09:56:00,170235,101003829765,2020-01-22,9:56,2020-03-13,10:57
170225-101003829612,Tree Removal,Parks and Recreation,14206 HIGHCROFT DR,3/13/2020 9:48,Service Completed,Resolved,2020-01-22 08:47:00,170225,101003829612,2020-01-22,8:47,2020-03-13,9:48
170224-101003829561,Tree Trim,Parks and Recreation,2221 SOUTH BLVD,4/6/2020 9:19,Service Completed,Resolved,2020-01-22 08:18:00,170224,101003829561,2020-01-22,8:18,2020-04-06,9:19
170223-101003829415,Tree Trim,Parks and Recreation,5503 HOLLY ST,4/6/2020 7:59,Service Completed,Resolved,2020-01-22 06:58:00,170223,101003829415,2020-01-22,6:58,2020-04-06,7:59
170222-101003829413,Tree Trim,Parks and Recreation,5501 VALERIE ST,4/6/2020 7:58,Service Completed,Resolved,2020-01-22 06:57:00,170222,101003829413,2020-01-22,6:57,2020-04-06,7:58
170221-101003829399,Tree Trim,Parks and Recreation,3313 ROCHDALE ST,4/6/2020 7:51,Service Completed,Resolved,2020-01-22 06:50:00,170221,101003829399,2020-01-22,6:50,2020-04-06,7:51
170220-101003829370,Tree Trim,Parks and Recreation,8335 BARKLEY ST,4/6/2020 7:35,Service Completed,Resolved,2020-01-22 06:34:00,170220,101003829370,2020-01-22,6:34,2020-04-06,7:35
170219-101003829127,Tree Removal,Parks and Recreation,5106 TORCHLIGHT DR,3/13/2020 5:33,Service Completed,Resolved,2020-01-22 04:32:00,170219,101003829127,2020-01-22,4:32,2020-03-13,5:33
170218-101003829102,Tree Trim,Parks and Recreation,15731 CORSAIR RD,4/6/2020 5:23,Service Completed,Resolved,2020-01-22 04:22:00,170218,101003829102,2020-01-22,4:22,2020-04-06,5:23
170217-101003829080,Tree Trim,Parks and Recreation,5900 BISSONNET ST&7400 RENWICK DR,4/6/2020 5:16,Service Completed,Resolved,2020-01-22 04:15:00,170217,101003829080,2020-01-22,4:15,2020-04-06,5:16
101003829074,Tree Trim,Parks and Recreation,700 W LITTLE YORK RD&7500 N SHEPHERD DR,4/6/2020 5:15,Service Completed,Resolved,2020-01-22 04:14:00, ,101003829074,2020-01-22,4:14,2020-04-06,5:15
170216-101003829011,Tree Trim,Parks and Recreation,7513 MOLINE ST,4/6/2020 4:37,Service Completed,Resolved,2020-01-22 03:36:00,170216,101003829011,2020-01-22,3:36,2020-04-06,4:37
170215-101003828953,Tree Removal,Parks and Recreation,2002 ALBANS RD,3/13/2020 4:05,Service Completed,Resolved,2020-01-22 03:04:00,170215,101003828953,2020-01-22,3:04,2020-03-13,4:05
170214-101003828920,Tree Removal,Parks and Recreation,4100 ALVIN ST&8900 SCOTT ST,3/13/2020 3:48,Service Completed,Resolved,2020-01-22 02:47:00,170214,101003828920,2020-01-22,2:47,2020-03-13,3:48
170213-101003828285,Tree Trim,Parks and Recreation,11610 MOONMIST DR,4/5/2020 10:41,Service Completed,Resolved,2020-01-21 09:40:00,170213,101003828285,2020-01-21,9:40,2020-04-05,10:41
170212-101003828207,Tree Trim,Parks and Recreation,4100 WESLOW ST & 6516 WINFREE DR,4/5/2020 10:15,Service Completed,Resolved,2020-01-21 09:14:00,170212,101003828207,2020-01-21,9:14,2020-04-05,10:15
170211-101003828093,Tree Removal,Parks and Recreation,5714 DEEP CREEK LN&4900 W TIDWELL RD,3/12/2020 9:27,Service Completed,Resolved,2020-01-21 08:26:00,170211,101003828093,2020-01-21,8:26,2020-03-12,9:27
170210-101003827856,Tree Removal,Parks and Recreation,1723 DIAMOND BROOK DR,3/12/2020 8:00,Service Completed,Resolved,2020-01-21 06:59:00,170210,101003827856,2020-01-21,6:59,2020-03-12,8:00
170209-101003827663,Tree Trim,Parks and Recreation,4910 N MCCARTY ST,4/5/2020 6:30,Service Completed,Resolved,2020-01-21 05:29:00,170209,101003827663,2020-01-21,5:29,2020-04-05,6:30
170208-101003827454,Tree Trim,Parks and Recreation,2212 DECATUR ST,4/5/2020 5:17,Service Completed,Resolved,2020-01-21 04:16:00,170208,101003827454,2020-01-21,4:16,2020-04-05,5:17
170207-101003827410,Tree Trim,Parks and Recreation,1128 ASHLAND ST,4/5/2020 4:56,Service Completed,Resolved,2020-01-21 03:55:00,170207,101003827410,2020-01-21,3:55,2020-04-05,4:56
170206-101003827335,Tree Trim,Parks and Recreation,1507 FEATHERSTONE ST,4/5/2020 4:29,Service Completed,Resolved,2020-01-21 03:28:00,170206,101003827335,2020-01-21,3:28,2020-04-05,4:29
170205-101003827287,Tree Trim,Parks and Recreation,8814 BROOKWULF DR,4/5/2020 4:09,Service Completed,Resolved,2020-01-21 03:08:00,170205,101003827287,2020-01-21,3:08,2020-04-05,4:09
101003827009,Tree Code Violation,Parks and Recreation,2026 MACARTHUR ST,3/12/2020 17:34,Service Completed,Resolved,2020-01-20 16:33:00, ,101003827009,2020-01-20,16:33,2020-03-12,17:34
170202-101003826672,Tree Removal,Parks and Recreation,2031 SPILLERS LN,3/11/2020 7:00,Service Completed,Resolved,2020-01-20 05:59:00,170202,101003826672,2020-01-20,5:59,2020-03-11,7:00
170201-101003826651,Tree Removal,Parks and Recreation,15222 MERRITT LN,3/11/2020 6:43,Service Completed,Resolved,2020-01-20 05:42:00,170201,101003826651,2020-01-20,5:42,2020-03-11,6:43
170200-101003826584,Tree Removal,Parks and Recreation,2227 LAMONTE LN,3/11/2020 5:22,Service Completed,Resolved,2020-01-20 04:21:00,170200,101003826584,2020-01-20,4:21,2020-03-11,5:22
170199-101003826553,Tree Trim,Parks and Recreation,4203 WILDACRES DR,4/4/2020 4:41,Service Completed,Resolved,2020-01-20 03:40:00,170199,101003826553,2020-01-20,3:40,2020-04-04,4:41
170198-101003826471,Tree Removal,Parks and Recreation,5607 MILART ST,3/11/2020 2:52,Service Completed,Resolved,2020-01-20 01:51:00,170198,101003826471,2020-01-20,1:51,2020-03-11,2:52
170197-101003826178,Tree Removal,Parks and Recreation,540 34TH ST,3/10/2020 7:59,Service Completed,Resolved,2020-01-19 06:58:00,170197,101003826178,2020-01-19,6:58,2020-03-10,7:59
170196-101003825986,Tree Removal,Parks and Recreation,14215 MANDERLY DR,3/9/2020 18:44,Service Completed,Resolved,2020-01-18 17:43:00,170196,101003825986,2020-01-18,17:43,2020-03-09,18:44
170195-101003825929,Tree Trim,Parks and Recreation,8809 HARRELL ST,4/2/2020 11:50,Service Completed,Resolved,2020-01-18 10:49:00,170195,101003825929,2020-01-18,10:49,2020-04-02,11:50
170194-101003825405,Tree Trim,Parks and Recreation,2927 JACKSON ST,4/1/2020 11:50,Service Completed,Resolved,2020-01-17 10:49:00,170194,101003825405,2020-01-17,10:49,2020-04-01,11:50
170193-101003825402,Tree Removal,Parks and Recreation,7900 MORLEY ST,3/8/2020 11:49,Service Completed,Resolved,2020-01-17 10:48:00,170193,101003825402,2020-01-17,10:48,2020-03-08,11:49
170192-101003825331,Tree Removal,Parks and Recreation,616 W 20TH ST,3/8/2020 11:09,Service Completed,Resolved,2020-01-17 10:08:00,170192,101003825331,2020-01-17,10:08,2020-03-08,11:09
170191-101003825303,Tree Trim,Parks and Recreation,16018 CAVENDISH DR,4/1/2020 10:51,Service Completed,Resolved,2020-01-17 09:50:00,170191,101003825303,2020-01-17,9:50,2020-04-01,10:51
170190-101003825296,Tree Removal,Parks and Recreation,1021 E 25TH ST,3/8/2020 10:47,Service Completed,Resolved,2020-01-17 09:46:00,170190,101003825296,2020-01-17,9:46,2020-03-08,10:47
170189-101003824914,Tree Trim,Parks and Recreation,2200 LOUISIANA ST&700 WEBSTER ST,4/1/2020 8:13,Service Completed,Resolved,2020-01-17 07:12:00,170189,101003824914,2020-01-17,7:12,2020-04-01,8:13
170188-101003824656,Tree Removal,Parks and Recreation,700 BAY AREA BLVD&10 BAY AREA PR&16800 FEATHER CRAFT LN,3/8/2020 5:52,Service Completed,Resolved,2020-01-17 04:51:00,170188,101003824656,2020-01-17,4:51,2020-03-08,5:52
170186-101003824521,Tree Removal,Parks and Recreation,4318 TOPPING ST,3/8/2020 4:29,Service Completed,Resolved,2020-01-17 03:28:00,170186,101003824521,2020-01-17,3:28,2020-03-08,4:29
170181-101003824345,Tree Removal,Parks and Recreation,2202 BOLSOVER ST,3/7/2020 22:35,Service Completed,Resolved,2020-01-16 22:34:00,170181,101003824345,2020-01-16,22:34,2020-03-07,22:35
170180-101003823919,Tree Removal,Parks and Recreation,3302 LIVE OAK ST,3/7/2020 9:18,Service Completed,Resolved,2020-01-16 09:17:00,170180,101003823919,2020-01-16,9:17,2020-03-07,9:18
170179-101003823606,Tree Trim,Parks and Recreation,11618 PINE KNOLL DR,3/31/2020 7:37,Service Completed,Resolved,2020-01-16 06:36:00,170179,101003823606,2020-01-16,6:36,2020-03-31,7:37
170178-101003823537,Tree Removal,Parks and Recreation,7100 MARTIN LUTHER KING BLVD&5700 PERSHING ST,3/7/2020 6:07,Service Completed,Resolved,2020-01-16 06:06:00,170178,101003823537,2020-01-16,6:06,2020-03-07,6:07
170176-101003823520,Tree Trim,Parks and Recreation,7257 AIRPORT BLVD,3/31/2020 7:01,Service Completed,Resolved,2020-01-16 06:00:00,170176,101003823520,2020-01-16,6:00,2020-03-31,7:01
170173-101003823232,Tree Trim,Parks and Recreation,7138 CADDO LAKE LN,3/31/2020 4:49,Service Completed,Resolved,2020-01-16 03:48:00,170173,101003823232,2020-01-16,3:48,2020-03-31,4:49
170172-101003823106,Tree Removal,Parks and Recreation,4200 E OREM DR & 12500 SORSBY WAY,3/7/2020 2:58,Service Completed,Resolved,2020-01-16 02:57:00,170172,101003823106,2020-01-16,2:57,2020-03-07,2:58
170164-101003822979,Tree Trim,Parks and Recreation,1801 MEMORIAL DR,3/31/2020 2:51,Service Completed,Resolved,2020-01-16 01:50:00,170164,101003822979,2020-01-16,1:50,2020-03-31,2:51
170162-101003822876,Tree Stump Grinding,Parks and Recreation,9407 VAL VERDE ST,5/10/2020 20:28,Service Completed,Resolved,2020-01-15 19:27:00,170162,101003822876,2020-01-15,19:27,2020-05-10,20:28
170161-101003822844,Tree Removal,Parks and Recreation,7575 N PICNIC LN,3/6/2020 17:50,Service Completed,Resolved,2020-01-15 17:49:00,170161,101003822844,2020-01-15,17:49,2020-03-06,17:50
170160-101003822805,Tree Removal,Parks and Recreation,8006 TURQUOISE LN,3/6/2020 14:08,Service Completed,Resolved,2020-01-15 14:07:00,170160,101003822805,2020-01-15,14:07,2020-03-06,14:08
170159-101003822629,Tree Trim,Parks and Recreation,2102 WINBERN ST,3/30/2020 11:26,Service Completed,Resolved,2020-01-15 10:25:00,170159,101003822629,2020-01-15,10:25,2020-03-30,11:26
101003822537,Tree Removal,Parks and Recreation,7116 ARBOR OAK DR&4300 CYPRESS GROVE LN,3/6/2020 9:37,Service Completed,Resolved,2020-01-15 09:36:00, ,101003822537,2020-01-15,9:36,2020-03-06,9:37
170158-101003822518,Tree Trim,Parks and Recreation,7116 ARBOR OAK DR & 4300 CYPRESS GROVE LN,3/30/2020 10:28,Service Completed,Resolved,2020-01-15 09:27:00,170158,101003822518,2020-01-15,9:27,2020-03-30,10:28
170157-101003822496,Tree Code Violation,Parks and Recreation,2910 VIRGINIA ST,3/7/2020 9:12,Service Completed,Resolved,2020-01-15 09:11:00,170157,101003822496,2020-01-15,9:11,2020-03-07,9:12
101003822445,Tree Trim,Parks and Recreation,7315 HURTGEN FOREST RD,3/30/2020 9:38,Service Completed,Resolved,2020-01-15 08:37:00, ,101003822445,2020-01-15,8:37,2020-03-30,9:38
170156-101003822320,Tree Removal,Parks and Recreation,2500 STUART ST,3/6/2020 7:32,Service Completed,Resolved,2020-01-15 07:31:00,170156,101003822320,2020-01-15,7:31,2020-03-06,7:32
170155-101003822298,Tree Removal,Parks and Recreation,900 JEFFERSON ST&1800 TRAVIS ST,3/6/2020 7:18,Service Completed,Resolved,2020-01-15 07:17:00,170155,101003822298,2020-01-15,7:17,2020-03-06,7:18
170154-101003822241,Tree Trim,Parks and Recreation,701 COLQUITT ST,3/30/2020 7:47,Service Completed,Resolved,2020-01-15 06:46:00,170154,101003822241,2020-01-15,6:46,2020-03-30,7:47
170153-101003822097,Tree Trim,Parks and Recreation,905 CAPLIN ST,3/30/2020 6:21,Service Completed,Resolved,2020-01-15 05:20:00,170153,101003822097,2020-01-15,5:20,2020-03-30,6:21
170152-101003822084,Tree Removal,Parks and Recreation,2218 GOSTICK ST,3/6/2020 5:12,Service Completed,Resolved,2020-01-15 05:11:00,170152,101003822084,2020-01-15,5:11,2020-03-06,5:12
101003822034,Tree Trim,Parks and Recreation,  ,3/30/2020 5:47,Service Completed,Resolved,2020-01-15 04:46:00, ,101003822034,2020-01-15,4:46,2020-03-30,5:47
170150-101003822011,Tree Removal,Parks and Recreation,4643 RICHMOND AVE,3/6/2020 4:37,Service Completed,Resolved,2020-01-15 04:36:00,170150,101003822011,2020-01-15,4:36,2020-03-06,4:37
170149-101003821982,Tree Removal,Parks and Recreation,4026 NORHILL BLVD,3/6/2020 4:17,Service Completed,Resolved,2020-01-15 04:16:00,170149,101003821982,2020-01-15,4:16,2020-03-06,4:17
170148-101003821965,Tree Removal,Parks and Recreation,4300 JACK ST&600 RICHMOND AVE,3/6/2020 4:09,Service Completed,Resolved,2020-01-15 04:08:00,170148,101003821965,2020-01-15,4:08,2020-03-06,4:09
170147-101003821899,Tree Removal,Parks and Recreation,1111 HERMANN DR,3/6/2020 3:38,Service Completed,Resolved,2020-01-15 03:37:00,170147,101003821899,2020-01-15,3:37,2020-03-06,3:38
170146-101003821837,Tree Planting,Parks and Recreation,147 HAHLO ST,2/9/2020 3:02,Service Completed,Resolved,2020-01-15 03:01:00,170146,101003821837,2020-01-15,3:01,2020-02-09,3:02
170145-101003821833,Tree Trim,Parks and Recreation,1900 COMMERCE ST&100 HAMILTON ST&2 N HAMILTON ST,3/30/2020 4:00,Service Completed,Resolved,2020-01-15 02:59:00,170145,101003821833,2020-01-15,2:59,2020-03-30,4:00
170144-101003821823,Tree Removal,Parks and Recreation,6035 DARLINGHURST DR,3/6/2020 2:57,Service Completed,Resolved,2020-01-15 02:56:00,170144,101003821823,2020-01-15,2:56,2020-03-06,2:57
170143-101003821819,Tree Trim,Parks and Recreation,5854 FLAMINGO DR,3/30/2020 3:55,Service Completed,Resolved,2020-01-15 02:54:00,170143,101003821819,2020-01-15,2:54,2020-03-30,3:55
170131-101003821588,Tree Trim,Parks and Recreation,2180 N LOOP W FWY,3/29/2020 21:29,Service Completed,Resolved,2020-01-14 20:28:00,170131,101003821588,2020-01-14,20:28,2020-03-29,21:29
170130-101003821471,Tree Trim,Parks and Recreation,2403 PROSPECT ST,3/29/2020 14:20,Service Completed,Resolved,2020-01-14 13:19:00,170130,101003821471,2020-01-14,13:19,2020-03-29,14:20
170129-101003821221,Tree Trim,Parks and Recreation,1211 W 22ND ST,3/29/2020 11:06,Service Completed,Resolved,2020-01-14 10:05:00,170129,101003821221,2020-01-14,10:05,2020-03-29,11:06
170128-101003821172,Tree Trim,Parks and Recreation,947 USENER ST,3/29/2020 10:46,Service Completed,Resolved,2020-01-14 09:45:00,170128,101003821172,2020-01-14,9:45,2020-03-29,10:46
170127-101003821166,Tree Trim,Parks and Recreation,5626 DARLING ST,3/29/2020 10:43,Service Completed,Resolved,2020-01-14 09:42:00,170127,101003821166,2020-01-14,9:42,2020-03-29,10:43
170126-101003821127,Tree Removal,Parks and Recreation,121 ST EMANUEL ST,3/5/2020 9:21,Service Completed,Resolved,2020-01-14 09:20:00,170126,101003821127,2020-01-14,9:20,2020-03-05,9:21
170122-101003820669,Tree Trim,Parks and Recreation,415 SHOTWELL ST,3/29/2020 6:21,Service Completed,Resolved,2020-01-14 05:20:00,170122,101003820669,2020-01-14,5:20,2020-03-29,6:21
170118-101003820587,Tree Trim,Parks and Recreation,407 E 25TH ST,3/29/2020 5:48,Service Completed,Resolved,2020-01-14 04:47:00,170118,101003820587,2020-01-14,4:47,2020-03-29,5:48
170117-101003820571,Tree Removal,Parks and Recreation,5203 EMANCIPATION AVE,3/5/2020 4:41,Service Completed,Resolved,2020-01-14 04:40:00,170117,101003820571,2020-01-14,4:40,2020-03-05,4:41
170115-101003820509,Tree Trim,Parks and Recreation,1600 CASTLE CT&4600 DUNLAVY ST,3/29/2020 5:13,Service Completed,Resolved,2020-01-14 04:12:00,170115,101003820509,2020-01-14,4:12,2020-03-29,5:13
170114-101003820327,Tree Removal,Parks and Recreation,5211 PAISLEY ST,3/5/2020 2:49,Service Completed,Resolved,2020-01-14 02:48:00,170114,101003820327,2020-01-14,2:48,2020-03-05,2:49
170107-101003820053,Tree Trim,Parks and Recreation,4110 EUROPA ST,3/28/2020 14:12,Service Completed,Resolved,2020-01-13 13:11:00,170107,101003820053,2020-01-13,13:11,2020-03-28,14:12
170105-101003819553,Tree Trim,Parks and Recreation,2929 BRIARPARK DR,3/28/2020 9:23,Service Completed,Resolved,2020-01-13 08:22:00,170105,101003819553,2020-01-13,8:22,2020-03-28,9:23
170104-101003819537,Tree Removal,Parks and Recreation,1200 DEFENDER ST & 100 MISSISSIPPI ST,3/4/2020 8:15,Service Completed,Resolved,2020-01-13 08:14:00,170104,101003819537,2020-01-13,8:14,2020-03-04,8:15
170102-101003819522,Tree Removal,Parks and Recreation,1845 HAROLD ST,3/4/2020 8:09,Service Completed,Resolved,2020-01-13 08:08:00,170102,101003819522,2020-01-13,8:08,2020-03-04,8:09
170098-101003819496,Tree Trim,Parks and Recreation,3600 TRAVIS ST,3/28/2020 8:55,Service Completed,Resolved,2020-01-13 07:54:00,170098,101003819496,2020-01-13,7:54,2020-03-28,8:55
170096-101003819449,Tree Removal,Parks and Recreation,10700 RICHMOND AVE,3/4/2020 7:32,Service Completed,Resolved,2020-01-13 07:31:00,170096,101003819449,2020-01-13,7:31,2020-03-04,7:32
170095-101003819415,Tree Trim,Parks and Recreation,6515 LYONS AVE,3/28/2020 8:12,Service Completed,Resolved,2020-01-13 07:11:00,170095,101003819415,2020-01-13,7:11,2020-03-28,8:12
170093-101003819298,Tree Removal,Parks and Recreation,507 74TH ST,3/4/2020 6:19,Service Completed,Resolved,2020-01-13 06:18:00,170093,101003819298,2020-01-13,6:18,2020-03-04,6:19
170092-101003819169,Tree Planting,Parks and Recreation,11755 RIVERVIEW DR,2/7/2020 5:24,Service Completed,Resolved,2020-01-13 05:23:00,170092,101003819169,2020-01-13,5:23,2020-02-07,5:24
170091-101003819047,Tree Removal,Parks and Recreation,9533 EASTHAVEN BLVD,3/4/2020 4:38,Service Completed,Resolved,2020-01-13 04:37:00,170091,101003819047,2020-01-13,4:37,2020-03-04,4:38
170090-101003819037,Tree Removal,Parks and Recreation,1820 BISSONNET ST&5218 WOODHEAD ST,3/4/2020 4:33,Service Completed,Resolved,2020-01-13 04:32:00,170090,101003819037,2020-01-13,4:32,2020-03-04,4:33
170089-101003818931,Tree Trim,Parks and Recreation,2002 ALBANS RD,3/28/2020 4:56,Service Completed,Resolved,2020-01-13 03:55:00,170089,101003818931,2020-01-13,3:55,2020-03-28,4:56
170088-101003818849,Tree Trim,Parks and Recreation,9206 ROOS RD,3/28/2020 4:25,Service Completed,Resolved,2020-01-13 03:24:00,170088,101003818849,2020-01-13,3:24,2020-03-28,4:25
170087-101003818827,Tree Trim,Parks and Recreation,10602 KIRKGLEN DR,3/28/2020 4:11,Service Completed,Resolved,2020-01-13 03:10:00,170087,101003818827,2020-01-13,3:10,2020-03-28,4:11
170083-101003818641,Tree Removal,Parks and Recreation,2209 GRANT ST,3/3/2020 22:46,Service Completed,Resolved,2020-01-12 22:45:00,170083,101003818641,2020-01-12,22:45,2020-03-03,22:46
355020-101003818486,Tree Removal,Parks and Recreation,1110 BANKS ST,3/3/2020 9:14,Service Completed,Resolved,2020-01-12 09:13:00,355020,101003818486,2020-01-12,9:13,2020-03-03,9:14
170079-101003818478,Tree Removal,Parks and Recreation,5411 CAPLIN ST,3/3/2020 8:59,Service Completed,Resolved,2020-01-12 08:58:00,170079,101003818478,2020-01-12,8:58,2020-03-03,8:59
170078-101003818471,Tree Removal,Parks and Recreation,1000 BANKS ST&4800 MONTROSE BLVD ,3/3/2020 8:36,Service Completed,Resolved,2020-01-12 08:35:00,170078,101003818471,2020-01-12,8:35,2020-03-03,8:36
170077-101003818409,Tree Removal,Parks and Recreation,7500 W GULF BANK RD & 9500 JAYWOOD DR,3/3/2020 6:43,Service Completed,Resolved,2020-01-12 06:42:00,170077,101003818409,2020-01-12,6:42,2020-03-03,6:43
170076-101003818364,Tree Removal,Parks and Recreation,600 SAGE RD&5200 WOODWAY DR,3/3/2020 5:36,Service Completed,Resolved,2020-01-12 05:35:00,170076,101003818364,2020-01-12,5:35,2020-03-03,5:36
170075-101003818313,Tree Removal,Parks and Recreation,4000 LINDER ST & 6000 SAYERS ST,3/3/2020 3:50,Service Completed,Resolved,2020-01-12 03:49:00,170075,101003818313,2020-01-12,3:49,2020-03-03,3:50
170074-101003818035,Tree Code Violation,Parks and Recreation,704 24TH ST,3/3/2020 8:54,Service Completed,Resolved,2020-01-11 08:53:00,170074,101003818035,2020-01-11,8:53,2020-03-03,8:54
170073-101003817978,Tree Removal,Parks and Recreation,7702 APPLETON ST,3/2/2020 7:47,Service Completed,Resolved,2020-01-11 07:46:00,170073,101003817978,2020-01-11,7:46,2020-03-02,7:47
170072-101003817672,Tree Trim,Parks and Recreation,15706 BARKERS LANDING RD,3/26/2020 3:27,Service Completed,Resolved,2020-01-11 02:26:00,170072,101003817672,2020-01-11,2:26,2020-03-26,3:27
170071-101003817555,Tree Trim,Parks and Recreation,8644 EMNORA LN,3/25/2020 19:15,Service Completed,Resolved,2020-01-10 18:14:00,170071,101003817555,2020-01-10,18:14,2020-03-25,19:15
170070-101003817546,Tree Trim,Parks and Recreation,1625 MAIN ST,3/25/2020 18:09,Service Completed,Resolved,2020-01-10 17:08:00,170070,101003817546,2020-01-10,17:08,2020-03-25,18:09
355017-101003817518,Tree Trim,Parks and Recreation,5830 ALMEDA RD,3/25/2020 15:11,Service Completed,Resolved,2020-01-10 14:10:00,355017,101003817518,2020-01-10,14:10,2020-03-25,15:11
170066-101003817409,Tree Removal,Parks and Recreation,9006 HILDA ST,3/1/2020 11:18,Service Completed,Resolved,2020-01-10 11:17:00,170066,101003817409,2020-01-10,11:17,2020-03-01,11:18
170065-101003817212,Tree Removal,Parks and Recreation,1145 W 25TH ST,3/1/2020 9:48,Service Completed,Resolved,2020-01-10 09:47:00,170065,101003817212,2020-01-10,9:47,2020-03-01,9:48
170064-101003817017,Tree Removal,Parks and Recreation,9610 CHATFIELD DR,3/1/2020 8:24,Service Completed,Resolved,2020-01-10 08:23:00,170064,101003817017,2020-01-10,8:23,2020-03-01,8:24
170063-101003816971,Tree Trim,Parks and Recreation,2318 CRESLINE ST,3/25/2020 9:05,Service Completed,Resolved,2020-01-10 08:04:00,170063,101003816971,2020-01-10,8:04,2020-03-25,9:05
170062-101003816654,Tree Trim,Parks and Recreation,5726 PEACOCK ST,3/25/2020 6:35,Service Completed,Resolved,2020-01-10 05:34:00,170062,101003816654,2020-01-10,5:34,2020-03-25,6:35
170059-101003816370,Tree Trim,Parks and Recreation,5500 HOMESTEAD RD&0 N LOOP FWY E,3/25/2020 4:49,Service Completed,Resolved,2020-01-10 03:48:00,170059,101003816370,2020-01-10,3:48,2020-03-25,4:49
170058-101003816358,Tree Removal,Parks and Recreation,231 VICEROY DR,3/1/2020 3:45,Service Completed,Resolved,2020-01-10 03:44:00,170058,101003816358,2020-01-10,3:44,2020-03-01,3:45
170057-101003816233,Tree Trim,Parks and Recreation,13800 HIRAM CLARKE RD&0 W OREM DR,3/25/2020 3:50,Service Completed,Resolved,2020-01-10 02:49:00,170057,101003816233,2020-01-10,2:49,2020-03-25,3:50
170052-101003815953,Tree Trim,Parks and Recreation,1701 BREWSTER ST,3/24/2020 17:10,Service Completed,Resolved,2020-01-09 16:09:00,170052,101003815953,2020-01-09,16:09,2020-03-24,17:10
170051-101003815859,Tree Removal,Parks and Recreation,938 CREAGER ST,2/29/2020 11:52,Service Completed,Resolved,2020-01-09 11:51:00,170051,101003815859,2020-01-09,11:51,2020-02-29,11:52
170050-101003815803,Tree Removal,Parks and Recreation,7006 BENT BRANCH DR,2/29/2020 11:18,Service Completed,Resolved,2020-01-09 11:17:00,170050,101003815803,2020-01-09,11:17,2020-02-29,11:18
170049-101003815440,Tree Removal,Parks and Recreation,5115 BRIARBEND DR,2/29/2020 8:27,Service Completed,Resolved,2020-01-09 08:26:00,170049,101003815440,2020-01-09,8:26,2020-02-29,8:27
170048-101003815401,Tree Removal,Parks and Recreation,1718 HILL TOP LN,2/29/2020 8:05,Service Completed,Resolved,2020-01-09 08:04:00,170048,101003815401,2020-01-09,8:04,2020-02-29,8:05
170046-101003815261,Tree Removal,Parks and Recreation,11802 WOOD SHADOWS DR,2/29/2020 6:51,Service Completed,Resolved,2020-01-09 06:50:00,170046,101003815261,2020-01-09,6:50,2020-02-29,6:51
170045-101003815260,Tree Trim,Parks and Recreation,411 BARKERS LANDING CT,3/24/2020 7:51,Service Completed,Resolved,2020-01-09 06:50:00,170045,101003815260,2020-01-09,6:50,2020-03-24,7:51
170044-101003815253,Tree Removal,Parks and Recreation,17300 W LINKAGE RD & 16700 SPACE CENTER BLVD,2/29/2020 6:48,Service Completed,Resolved,2020-01-09 06:47:00,170044,101003815253,2020-01-09,6:47,2020-02-29,6:48
170043-101003815205,Tree Removal,Parks and Recreation,8210 VENNARD RD,2/29/2020 6:24,Service Completed,Resolved,2020-01-09 06:23:00,170043,101003815205,2020-01-09,6:23,2020-02-29,6:24
170038-101003814914,Tree Trim,Parks and Recreation,11011 SEGREST DR,3/24/2020 5:11,Service Completed,Resolved,2020-01-09 04:10:00,170038,101003814914,2020-01-09,4:10,2020-03-24,5:11
170037-101003814794,Tree Trim,Parks and Recreation,10032 FULTON ST&100 TURNER DR ,3/24/2020 4:25,Service Completed,Resolved,2020-01-09 03:24:00,170037,101003814794,2020-01-09,3:24,2020-03-24,4:25
170036-101003814585,Tree Trim,Parks and Recreation,904 S SHEPHERD DR,3/24/2020 1:35,Service Completed,Resolved,2020-01-09 00:34:00,170036,101003814585,2020-01-09,0:34,2020-03-24,1:35
170035-101003814554,Tree Trim,Parks and Recreation,1100 W GRAY ST&1600 MONTROSE BLVD ,3/23/2020 21:43,Service Completed,Resolved,2020-01-08 20:42:00,170035,101003814554,2020-01-08,20:42,2020-03-23,21:43
170034-101003814349,Tree Trim,Parks and Recreation,4200 HAIN ST&450 PATTON ST,3/23/2020 12:12,Service Completed,Resolved,2020-01-08 11:11:00,170034,101003814349,2020-01-08,11:11,2020-03-23,12:12
170033-101003814141,Tree Trim,Parks and Recreation,321 GENOA RED BLUFF RD,3/23/2020 10:28,Service Completed,Resolved,2020-01-08 09:27:00,170033,101003814141,2020-01-08,9:27,2020-03-23,10:28
170028-101003813893,Tree Trim,Parks and Recreation,3733 BLARNEY DR,3/23/2020 8:42,Service Completed,Resolved,2020-01-08 07:41:00,170028,101003813893,2020-01-08,7:41,2020-03-23,8:42
170027-101003813744,Tree Trim,Parks and Recreation,800 CAPLIN ST&6300 IRVINGTON BLVD,3/23/2020 7:28,Service Completed,Resolved,2020-01-08 06:27:00,170027,101003813744,2020-01-08,6:27,2020-03-23,7:28
170026-101003813729,Tree Trim,Parks and Recreation,7575 GULF FWY,3/23/2020 7:23,Service Completed,Resolved,2020-01-08 06:22:00,170026,101003813729,2020-01-08,6:22,2020-03-23,7:23
170025-101003813592,Tree Trim,Parks and Recreation,1816 BOLSOVER ST,3/23/2020 6:14,Service Completed,Resolved,2020-01-08 05:13:00,170025,101003813592,2020-01-08,5:13,2020-03-23,6:14
170024-101003813531,Tree Removal,Parks and Recreation,3815 LEMON TREE LN,2/28/2020 4:40,Service Completed,Resolved,2020-01-08 04:39:00,170024,101003813531,2020-01-08,4:39,2020-02-28,4:40
170022-101003813383,Tree Trim,Parks and Recreation,1511 COMMON ST,3/23/2020 4:30,Service Completed,Resolved,2020-01-08 03:29:00,170022,101003813383,2020-01-08,3:29,2020-03-23,4:30
170023-101003813382,Tree Planting,Parks and Recreation,3515 E PINE BROOK WAY,2/2/2020 3:30,Service Completed,Resolved,2020-01-08 03:29:00,170023,101003813382,2020-01-08,3:29,2020-02-02,3:30
170021-101003813379,Tree Removal,Parks and Recreation,3515 E PINE BROOK WAY,2/28/2020 3:29,Service Completed,Resolved,2020-01-08 03:28:00,170021,101003813379,2020-01-08,3:28,2020-02-28,3:29
170020-101003813344,Tree Trim,Parks and Recreation,3815 IRVINGTON BLVD,3/23/2020 4:12,Service Completed,Resolved,2020-01-08 03:11:00,170020,101003813344,2020-01-08,3:11,2020-03-23,4:12
170019-101003813183,Tree Planting,Parks and Recreation,6204 ARNOT ST,2/2/2020 1:43,Service Completed,Resolved,2020-01-08 01:42:00,170019,101003813183,2020-01-08,1:42,2020-02-02,1:43
170017-101003813155,Tree Trim,Parks and Recreation,438 HIGHWAY 6 S,3/23/2020 2:08,Service Completed,Resolved,2020-01-08 01:07:00,170017,101003813155,2020-01-08,1:07,2020-03-23,2:08
170009-101003812907,Tree Removal,Parks and Recreation,6621 BROWNSVILLE ST,2/27/2020 12:01,Service Completed,Resolved,2020-01-07 12:00:00,170009,101003812907,2020-01-07,12:00,2020-02-27,12:01
170008-101003812483,Tree Removal,Parks and Recreation,3409 SADLER ST,2/27/2020 9:21,Service Completed,Resolved,2020-01-07 09:20:00,170008,101003812483,2020-01-07,9:20,2020-02-27,9:21
170007-101003812419,Tree Trim,Parks and Recreation,5545 JUDALON LN,3/22/2020 9:52,Service Completed,Resolved,2020-01-07 08:51:00,170007,101003812419,2020-01-07,8:51,2020-03-22,9:52
170006-101003812372,Tree Trim,Parks and Recreation,8900 BRAEBURN GLEN BLVD&8800 JASON ST,3/22/2020 9:30,Service Completed,Resolved,2020-01-07 08:29:00,170006,101003812372,2020-01-07,8:29,2020-03-22,9:30
170004-101003812138,Tree Trim,Parks and Recreation,1700 MISSOURI ST,3/22/2020 7:48,Service Completed,Resolved,2020-01-07 06:47:00,170004,101003812138,2020-01-07,6:47,2020-03-22,7:48
169999-101003812040,Tree Stump Grinding,Parks and Recreation,10303 SCOFIELD LN,5/2/2020 7:08,Service Completed,Resolved,2020-01-07 06:07:00,169999,101003812040,2020-01-07,6:07,2020-05-02,7:08
169994-101003811947,Tree Code Violation,Parks and Recreation,2300 BARTLETT ST & 4300 GREENBRIAR DR,2/28/2020 5:28,Service Completed,Resolved,2020-01-07 05:27:00,169994,101003811947,2020-01-07,5:27,2020-02-28,5:28
169993-101003811923,Tree Stump Grinding,Parks and Recreation,3303 AUDLEY ST,5/2/2020 6:19,Service Completed,Resolved,2020-01-07 05:18:00,169993,101003811923,2020-01-07,5:18,2020-05-02,6:19
169992-101003791698,Tree Trim,Parks and Recreation,23230 FAIRLAKE LN,3/22/2020 4:18,Service Completed,Resolved,2020-01-07 03:17:00,169992,101003791698,2020-01-07,3:17,2020-03-22,4:18
169991-101003791647,Tree Trim,Parks and Recreation,1500 FRANKLIN ST&200 LA BRANCH ST,3/22/2020 3:54,Service Completed,Resolved,2020-01-07 02:53:00,169991,101003791647,2020-01-07,2:53,2020-03-22,3:54
169986-101003791140,Tree Trim,Parks and Recreation,12731 VILLAWOOD LN,3/21/2020 12:01,Service Completed,Resolved,2020-01-06 11:00:00,169986,101003791140,2020-01-06,11:00,2020-03-21,12:01
169985-101003790910,Tree Trim,Parks and Recreation,301 FANNIN ST,3/21/2020 10:39,Service Completed,Resolved,2020-01-06 09:38:00,169985,101003790910,2020-01-06,9:38,2020-03-21,10:39
169984-101003790860,Tree Trim,Parks and Recreation,547 HEIGHTS BLVD,3/21/2020 10:07,Service Completed,Resolved,2020-01-06 09:06:00,169984,101003790860,2020-01-06,9:06,2020-03-21,10:07
169983-101003790849,Tree Trim,Parks and Recreation,525 HEIGHTS BLVD,3/21/2020 10:03,Service Completed,Resolved,2020-01-06 09:02:00,169983,101003790849,2020-01-06,9:02,2020-03-21,10:03
169982-101003790786,Tree Trim,Parks and Recreation,6414 VERIDIAN GROVE DR,3/21/2020 9:44,Service Completed,Resolved,2020-01-06 08:43:00,169982,101003790786,2020-01-06,8:43,2020-03-21,9:44
169981-101003790695,Tree Removal,Parks and Recreation,11055 TIMBERLINE RD,2/26/2020 8:07,Service Completed,Resolved,2020-01-06 08:06:00,169981,101003790695,2020-01-06,8:06,2020-02-26,8:07
169980-101003790619,Tree Trim,Parks and Recreation,1932 BISSONNET ST,3/21/2020 8:39,Service Completed,Resolved,2020-01-06 07:38:00,169980,101003790619,2020-01-06,7:38,2020-03-21,8:39
169979-101003790580,Tree Trim,Parks and Recreation,9202 E AVENUE O,3/21/2020 8:23,Service Completed,Resolved,2020-01-06 07:22:00,169979,101003790580,2020-01-06,7:22,2020-03-21,8:23
169978-101003790532,Tree Trim,Parks and Recreation,619 LEICESTER LN,3/21/2020 8:06,Service Completed,Resolved,2020-01-06 07:05:00,169978,101003790532,2020-01-06,7:05,2020-03-21,8:06
169976-101003790398,Tree Trim,Parks and Recreation,6746 CROSSWELL ST,3/21/2020 7:06,Service Completed,Resolved,2020-01-06 06:05:00,169976,101003790398,2020-01-06,6:05,2020-03-21,7:06
169974-101003790081,Tree Trim,Parks and Recreation,3806 KASHMERE ST,3/21/2020 5:16,Service Completed,Resolved,2020-01-06 04:15:00,169974,101003790081,2020-01-06,4:15,2020-03-21,5:16
169973-101003790003,Tree Removal,Parks and Recreation,5602 HAZEN ST,2/26/2020 3:49,Service Completed,Resolved,2020-01-06 03:48:00,169973,101003790003,2020-01-06,3:48,2020-02-26,3:49
101003789999,Tree Removal,Parks and Recreation,,2/26/2020 3:47,Service Completed,Resolved,2020-01-06 03:46:00, ,101003789999,2020-01-06,3:46,2020-02-26,3:47
169972-101003789964,Tree Trim,Parks and Recreation,1550 DIPLOMAT WAY,3/21/2020 4:29,Service Completed,Resolved,2020-01-06 03:28:00,169972,101003789964,2020-01-06,3:28,2020-03-21,4:29
169971-101003789919,Tree Trim,Parks and Recreation,2100 DU BARRY LN & 2000 EBONY LN,3/21/2020 4:10,Service Completed,Resolved,2020-01-06 03:09:00,169971,101003789919,2020-01-06,3:09,2020-03-21,4:10
169970-101003789880,Tree Trim,Parks and Recreation,1300 CULLEN BLVD&4100 POLK ST,3/21/2020 3:49,Service Completed,Resolved,2020-01-06 02:48:00,169970,101003789880,2020-01-06,2:48,2020-03-21,3:49
169969-101003789789,Tree Trim,Parks and Recreation,6318 HAMBLEN DR,3/21/2020 2:26,Service Completed,Resolved,2020-01-06 01:25:00,169969,101003789789,2020-01-06,1:25,2020-03-21,2:26
169967-101003788810,Tree Removal,Parks and Recreation,8202 CONCORD ST,2/24/2020 9:19,Service Completed,Resolved,2020-01-04 09:18:00,169967,101003788810,2020-01-04,9:18,2020-02-24,9:19
169966-101003788767,Tree Removal,Parks and Recreation,4038 OSBY DR,2/24/2020 8:10,Service Completed,Resolved,2020-01-04 08:09:00,169966,101003788767,2020-01-04,8:09,2020-02-24,8:10
169965-101003788753,Tree Removal,Parks and Recreation,8317 BRANIFF AVE,2/24/2020 7:45,Service Completed,Resolved,2020-01-04 07:44:00,169965,101003788753,2020-01-04,7:44,2020-02-24,7:45
169964-101003788707,Tree Trim,Parks and Recreation,1135 W GRAY ST,3/19/2020 7:44,Service Completed,Resolved,2020-01-04 06:43:00,169964,101003788707,2020-01-04,6:43,2020-03-19,7:44
169963-101003788706,Tree Trim,Parks and Recreation,1355 W GRAY ST,3/19/2020 7:42,Service Completed,Resolved,2020-01-04 06:41:00,169963,101003788706,2020-01-04,6:41,2020-03-19,7:42
169962-101003788036,Tree Removal,Parks and Recreation,8507 ROCKMONT CT,2/23/2020 8:41,Service Completed,Resolved,2020-01-03 08:40:00,169962,101003788036,2020-01-03,8:40,2020-02-23,8:41
169961-101003787995,Tree Removal,Parks and Recreation,4823 CHANTILLY LN,2/23/2020 8:19,Service Completed,Resolved,2020-01-03 08:18:00,169961,101003787995,2020-01-03,8:18,2020-02-23,8:19
169960-101003787856,Tree Trim,Parks and Recreation,6531 AVENUE C,3/18/2020 7:50,Service Completed,Resolved,2020-01-03 06:49:00,169960,101003787856,2020-01-03,6:49,2020-03-18,7:50
169959-101003787734,Tree Removal,Parks and Recreation,3014 CHENEVERT ST,2/23/2020 5:34,Service Completed,Resolved,2020-01-03 05:33:00,169959,101003787734,2020-01-03,5:33,2020-02-23,5:34
169958-101003787725,Tree Removal,Parks and Recreation,11127 WINDMARK DR,2/23/2020 5:28,Service Completed,Resolved,2020-01-03 05:27:00,169958,101003787725,2020-01-03,5:27,2020-02-23,5:28
169956-101003787547,Tree Trim,Parks and Recreation,2500 DUNLAVY ST & 1900 MISSOURI ST,3/18/2020 4:51,Service Completed,Resolved,2020-01-03 03:50:00,169956,101003787547,2020-01-03,3:50,2020-03-18,4:51
169951-101003787347,Tree Trim,Parks and Recreation,12200 BRIAR FOREST DR&12100 RIVERVIEW DR,3/18/2020 2:52,Service Completed,Resolved,2020-01-03 01:51:00,169951,101003787347,2020-01-03,1:51,2020-03-18,2:52
169948-101003787118,Tree Stump Grinding,Parks and Recreation,804 W MAIN ST,4/27/2020 12:02,Service Completed,Resolved,2020-01-02 11:01:00,169948,101003787118,2020-01-02,11:01,2020-04-27,12:02
169947-101003786996,Tree Trim,Parks and Recreation,1301 WAVERLY ST,3/17/2020 10:57,Service Completed,Resolved,2020-01-02 09:56:00,169947,101003786996,2020-01-02,9:56,2020-03-17,10:57
169946-101003786832,Tree Trim,Parks and Recreation,2513 JUDIWAY ST,3/17/2020 9:44,Service Completed,Resolved,2020-01-02 08:43:00,169946,101003786832,2020-01-02,8:43,2020-03-17,9:44
169943-101003786368,Tree Trim,Parks and Recreation,10119 GLENMAWR DR,3/17/2020 6:02,Service Completed,Resolved,2020-01-02 05:01:00,169943,101003786368,2020-01-02,5:01,2020-03-17,6:02
169942-101003786335,Tree Removal,Parks and Recreation,425 HEIGHTS BLVD,2/22/2020 4:46,Service Completed,Resolved,2020-01-02 04:45:00,169942,101003786335,2020-01-02,4:45,2020-02-22,4:46
169940-101003786143,Tree Trim,Parks and Recreation,1709 MARSHALL ST,3/17/2020 3:51,Service Completed,Resolved,2020-01-02 02:50:00,169940,101003786143,2020-01-02,2:50,2020-03-17,3:51
169938-101003786039,Tree Removal,Parks and Recreation,5803 CHEENA DR,2/21/2020 18:10,Service Completed,Resolved,2020-01-01 18:09:00,169938,101003786039,2020-01-01,18:09,2020-02-21,18:10
169937-101003785879,Tree Trim,Parks and Recreation,700 W DREW ST & 2200 STANFORD ST,3/16/2020 7:30,Service Completed,Resolved,2020-01-01 06:29:00,169937,101003785879,2020-01-01,6:29,2020-03-16,7:30
