sr#,problem_code,date_initiated,description,category,dispatch_to,address,zone,keymap,zip_code,status,initiated_date,initiated_time
185191,Tree Removal,2022-01-01 08:59 AM,Tree Removal Inspection,TREEMAINTENANCE,"UF - JONES, CODY",5862 SOUTHMINSTER DR,"7, ZONE",571E,77035,CLOSED,2022-01-01,08:59 AM
185192,Tree Trim,2022-01-01 02:46 PM,Tree Trim Inspection,TREEMAINTENANCE,"UF - BHATTARAI, NIMESH",325 E CROSSTIMBERS ST,"4, ZONE",453L,77022,CLOSED,2022-01-01,02:46 PM
185193,Tree Trim,2022-01-02 11:57 AM,Tree Trim Inspection,TREEMAINTENANCE,"UF - BHATTARAI, NIMESH",2003 LEGEND GROVE CT,"5, ZONE",618A,77062,CLOSED,2022-01-02,11:57 AM
185194,Tree Removal,2022-01-03 08:58 AM,Tree Removal Inspection,TREEMAINTENANCE,"UF - JONES, CODY",5710 ARBOLES DR,"7, ZONE",571A,77035,CLOSED,2022-01-03,08:58 AM
185195,Tree Trim,2022-01-03 12:45 PM,Tree Trim Inspection,TREEMAINTENANCE,"UF - BHATTARAI, NIMESH",7008 SCHLEY ST,"5, ZONE",535E,77087,CLOSED,2022-01-03,12:45 PM
185196,Tree Removal,2022-01-03 02:32 PM,Tree Removal Inspection,TREEMAINTENANCE,"EJIM, ONYEKACHI",1237 CEDAR POST LN,"3, ZONE",450X,77055,CLOSED,2022-01-03,02:32 PM
185197,Tree Removal,2022-01-03 03:22 PM,Tree Removal Inspection,TREEMAINTENANCE,"UF - BHATTARAI, NIMESH",2035 SIEBER DR,"5, ZONE",536S,77017,CLOSED,2022-01-03,03:22 PM
185198,Tree Removal,2022-01-03 03:25 PM,Tree Removal Inspection,TREEMAINTENANCE,"UF - JONES, CODY",11011 OASIS DR,"7, ZONE",531X,77096,CLOSED,2022-01-03,03:25 PM
185199,Tree Removal,2022-01-03 03:34 PM,Tree Removal Inspection,TREEMAINTENANCE,"UF - JONES, CODY",3523 ELMRIDGE ST,"7, ZONE",532P,77025,CLOSED,2022-01-03,03:34 PM
185203,Tree Removal,2022-01-04 11:31 AM,Tree Removal Inspection,TREEMAINTENANCE,"EJIM, ONYEKACHI",10330 IVYRIDGE RD,"3, ZONE",449Z,77043,CLOSED,2022-01-04,11:31 AM
185205,Tree Removal,2022-01-04 01:26 PM,Tree Removal Inspection,TREEMAINTENANCE,"EJIM, ONYEKACHI",3815 BLACK LOCUST DR,"3, ZONE",411V,77088,CLOSED,2022-01-04,01:26 PM
185206,Tree Trim,2022-01-04 03:02 PM,Tree Trim Inspection,TREEMAINTENANCE,"UF - BHATTARAI, NIMESH",4925 1/2 BELVEDERE,"6, ZONE",534E,77021,CLOSED,2022-01-04,03:02 PM
185209,Tree Trim,2022-01-04 04:21 PM,Tree Trim Inspection,TREEMAINTENANCE,"EJIM, ONYEKACHI",803 FOREST HILLSIDE LN,"3, ZONE",372K,77067,CLOSED,2022-01-04,04:21 PM
185211,Tree Trim,2022-01-04 11:18 PM,Tree Trim Inspection,TREEMAINTENANCE,"UF - BHATTARAI, NIMESH",1794 WOODLAND HILLS DR,"4, ZONE",336G,77339,CLOSED,2022-01-04,11:18 PM
185212,Tree Removal,2022-01-05 09:16 AM,Tree Removal Inspection,TREEMAINTENANCE,"UF - JONES, CODY",6307 DEERWOOD RD,"2, ZONE",491J,77057,CLOSED,2022-01-05,09:16 AM
185215,Tree Removal,2022-01-05 11:14 AM,Tree Removal Inspection,TREEMAINTENANCE,"EJIM, ONYEKACHI",5130 W 43RD ST,"3, ZONE",451L,77092,CLOSED,2022-01-05,11:14 AM
185216,Tree Removal,2022-01-05 12:18 PM,Tree Removal Inspection,TREEMAINTENANCE,"EJIM, ONYEKACHI",5304 WUNDER LN,"3, ZONE",452H,77091,CLOSED,2022-01-05,12:18 PM
185217,Tree Removal,2022-01-05 01:33 PM,Tree Removal Inspection,TREEMAINTENANCE,"UF - JONES, CODY",2900 BRAZOS ST,"2, ZONE",493T,77006,CLOSED,2022-01-05,01:33 PM
185218,Tree Trim,2022-01-05 02:22 PM,Tree Trim Inspection,TREEMAINTENANCE,"UF - JONES, CODY",5342 PAGEWOOD LN,"2, ZONE",491Y,77056,CLOSED,2022-01-05,02:22 PM
185219,Tree Trim,2022-01-05 03:03 PM,Tree Trim Inspection,TREEMAINTENANCE,"EJIM, ONYEKACHI",2498 HARVARD ST,"3, ZONE",453S,77008,CLOSED,2022-01-05,03:03 PM
185220,Tree Trim,2022-01-05 03:13 PM,Tree Trim Inspection,TREEMAINTENANCE,"EJIM, ONYEKACHI",7814 MAPLE TREE DR,"3, ZONE",411Q,77088,CLOSED,2022-01-05,03:13 PM
185222,Tree Removal,2022-01-05 04:07 PM,Tree Removal Inspection,TREEMAINTENANCE,"EJIM, ONYEKACHI",1200 HEIGHTS BLVD,"3, ZONE",453W,77008,CLOSED,2022-01-05,04:07 PM
185225,Tree Trim,2022-01-06 10:06 AM,Tree Trim Inspection,TREEMAINTENANCE,"UF - JONES, CODY",6919 THORNWILD RD,"7, ZONE",571W,77489,CLOSED,2022-01-06,10:06 AM
185229,Tree Trim,2022-01-06 01:46 PM,Tree Trim Inspection,TREEMAINTENANCE,"BLANCHETTE, PETER",6006 POLLY ST,"4, ZONE",454C,77016,CLOSED,2022-01-06,01:46 PM
185230,Tree Removal,2022-01-06 02:37 PM,Tree Removal Inspection,TREEMAINTENANCE,"EJIM, ONYEKACHI",1510 ADKINS RD,"3, ZONE",450Y,77055,CLOSED,2022-01-06,02:37 PM
185231,Tree Trim,2022-01-06 02:49 PM,Tree Trim Inspection,TREEMAINTENANCE,"UF - BHATTARAI, NIMESH",3503 TREE LN,"4, ZONE",297W,77339,CLOSED,2022-01-06,02:49 PM
185234,Tree Trim,2022-01-06 04:26 PM,Tree Trim Inspection,TREEMAINTENANCE,"UF - BHATTARAI, NIMESH",5914 SOUTHLEA ST,"6, ZONE",534P,77033,CLOSED,2022-01-06,04:26 PM
185235,Tree Trim,2022-01-06 05:14 PM,Tree Trim Inspection,TREEMAINTENANCE,"BLANCHETTE, PETER",4108 LUCILLE ST,"4, ZONE",494B,77026,CLOSED,2022-01-06,05:14 PM
185236,Tree Trim,2022-01-06 05:17 PM,Tree Trim Inspection,TREEMAINTENANCE,"BLANCHETTE, PETER",4110 STAMP ST,"4, ZONE",494B,77026,CLOSED,2022-01-06,05:17 PM
185238,Tree Trim,2022-01-06 05:26 PM,Tree Trim Inspection,TREEMAINTENANCE,"EJIM, ONYEKACHI",3200 MANGUM RD,"3, ZONE",451R,77092,CLOSED,2022-01-06,05:26 PM
185239,Tree Trim,2022-01-06 06:09 PM,Tree Trim Inspection,TREEMAINTENANCE,"BLANCHETTE, PETER",4112 WYLIE ST,"4, ZONE",494B,77026,CLOSED,2022-01-06,06:09 PM
185240,Tree Trim,2022-01-07 07:20 AM,Tree Trim Inspection,TREEMAINTENANCE,"BLANCHETTE, PETER",5023 ARIZONA ST,"5, ZONE",535U,77017,CLOSED,2022-01-07,07:20 AM
185241,Tree Trim,2022-01-07 08:02 AM,Tree Trim Inspection,TREEMAINTENANCE,"EJIM, ONYEKACHI",1800 HOUSTON AVE,"2, ZONE",493G,77007,CLOSED,2022-01-07,08:02 AM
185242,Tree Removal,2022-01-07 08:54 AM,Tree Removal Inspection,TREEMAINTENANCE,"UF - JONES, CODY",3523 ELMRIDGE ST,"7, ZONE",532P,77025,CLOSED,2022-01-07,08:54 AM
185244,Tree Trim,2022-01-07 09:21 AM,Tree Trim Inspection,TREEMAINTENANCE,"UF - JONES, CODY",701 ROSEDALE ST,"7, ZONE",493W,77006,CLOSED,2022-01-07,09:21 AM
185245,Tree Trim,2022-01-07 10:09 AM,Tree Trim Inspection,TREEMAINTENANCE,"UF - JONES, CODY",5719 TIDEWATER DR,"7, ZONE",571L,77085,CLOSED,2022-01-07,10:09 AM
185247,Tree Trim,2022-01-07 12:01 PM,Tree Trim Inspection,TREEMAINTENANCE,"BLANCHETTE, PETER",5103 PERRY ST,"6, ZONE",534J,77021,CLOSED,2022-01-07,12:01 PM
185248,Tree Removal,2022-01-07 12:25 PM,Tree Removal Inspection,TREEMAINTENANCE,"EJIM, ONYEKACHI",530 COLUMBIA ST,"3, ZONE",493A,77007,CLOSED,2022-01-07,12:25 PM
185249,Tree Stump Grinding,2022-01-07 01:01 PM,Tree Stump Inspection,TREEMAINTENANCE,"BLANCHETTE, PETER",6455 PINEHURST DR,"5, ZONE",494Y,77023,CLOSED,2022-01-07,01:01 PM
185250,Tree Removal,2022-01-07 02:11 PM,Tree Removal Inspection,TREEMAINTENANCE,"UF - JONES, CODY",627 HAWTHORNE ST,"2, ZONE",493S,77006,CLOSED,2022-01-07,02:11 PM
185251,Tree Removal,2022-01-07 02:11 PM,Tree Removal Inspection,TREEMAINTENANCE,"UF - JONES, CODY",623 HAWTHORNE ST,"2, ZONE",493S,77006,CLOSED,2022-01-07,02:11 PM
185252,Tree Removal,2022-01-07 02:20 PM,Tree Removal Inspection,TREEMAINTENANCE,"BLANCHETTE, PETER",2603 SKYVIEW GROVE CT,"6, ZONE",573N,77047,CLOSED,2022-01-07,02:20 PM
185253,Tree Removal,2022-01-07 02:32 PM,Tree Removal Inspection,TREEMAINTENANCE,"UF - BHATTARAI, NIMESH",1310 SADLER ST,"4, ZONE",453H,77022,CLOSED,2022-01-07,02:32 PM
185254,Tree Removal,2022-01-07 02:45 PM,Tree Removal Inspection,TREEMAINTENANCE,"UF - JONES, CODY",11418 VINEDALE DR,"2, ZONE",529X,77099,CLOSED,2022-01-07,02:45 PM
185255,Tree Removal,2022-01-07 02:47 PM,Tree Removal Inspection,TREEMAINTENANCE,"UF - BHATTARAI, NIMESH",3005 ALTOONA ST,"4, ZONE",494B,77026,CLOSED,2022-01-07,02:47 PM
185256,Tree Trim,2022-01-07 03:21 PM,Tree Trim Inspection,TREEMAINTENANCE,"EJIM, ONYEKACHI",600 HEIGHTS BLVD,"3, ZONE",493A,77007,CLOSED,2022-01-07,03:21 PM
185257,Tree Removal,2022-01-07 03:41 PM,Tree Removal Inspection,TREEMAINTENANCE,"UF - GHIMIRE, GOPAL","7051 Japonica St,  Houston,  Texas,  77087","5, ZONE",535E,77087,CLOSED,2022-01-07,03:41 PM
185259,Tree Removal,2022-01-08 02:33 PM,Tree Removal Inspection,TREEMAINTENANCE,"BLANCHETTE, PETER",10911 SAGEWILLOW LN,"6, ZONE",616B,77089,CLOSED,2022-01-08,02:33 PM
185260,Tree Trim,2022-01-09 07:16 AM,Tree Trim Inspection,TREEMAINTENANCE,"UF - BURKES, JEREMY",2100 NORTHPARK DR,"4, ZONE",296U,77339,CLOSED,2022-01-09,07:16 AM
185261,Tree Trim,2022-01-09 07:57 AM,Tree Trim Inspection,TREEMAINTENANCE,"UF - BURKES, JEREMY",827 REDBUD LN,"4, ZONE",336K,77339,CLOSED,2022-01-09,07:57 AM
185262,Tree Trim,2022-01-09 09:07 AM,Tree Trim Inspection,TREEMAINTENANCE,"UF - BURKES, JEREMY",2200 NORTHPARK DR,"4, ZONE",296U,77339,CLOSED,2022-01-09,09:07 AM
185263,Tree Trim,2022-01-09 04:23 PM,Tree Trim Inspection,TREEMAINTENANCE,"UF - JONES, CODY",14523 BUXLEY ST,"7, ZONE",571R,77045,CLOSED,2022-01-09,04:23 PM
185265,Tree Removal,2022-01-10 07:46 AM,Tree Removal Inspection,TREEMAINTENANCE,"BLANCHETTE, PETER",114 OWENS ST,"5, ZONE",495U,77029,CLOSED,2022-01-10,07:46 AM
185266,Tree Trim,2022-01-10 09:01 AM,Tree Trim Inspection,TREEMAINTENANCE,"UF - BHATTARAI, NIMESH",8400 SHOTWELL ST,"4, ZONE",454G,77016,CLOSED,2022-01-10,09:01 AM
185267,Tree Stump Grinding,2022-01-10 09:02 AM,Tree Stump Inspection,TREEMAINTENANCE,"EJIM, ONYEKACHI",111 W COWAN DR,"2, ZONE",492K,77007,CLOSED,2022-01-10,09:02 AM
185268,Tree Removal,2022-01-10 09:35 AM,Tree Removal Inspection,TREEMAINTENANCE,"EJIM, ONYEKACHI",1519 SHADOW BEND DR,"3, ZONE",449Z,77043,CLOSED,2022-01-10,09:35 AM
185273,Tree Removal,2022-01-10 10:47 AM,Tree Removal Inspection,TREEMAINTENANCE,"UF - JONES, CODY",3523 ELMRIDGE ST,"7, ZONE",532P,77025,CLOSED,2022-01-10,10:47 AM
185274,Tree Removal,2022-01-10 11:47 AM,Tree Removal Inspection,TREEMAINTENANCE,"EJIM, ONYEKACHI",5426 PETTY ST,"3, ZONE",492C,77007,CLOSED,2022-01-10,11:47 AM
185277,Tree Trim,2022-01-10 02:43 PM,Tree Trim Inspection,TREEMAINTENANCE,"UF - JONES, CODY",5118 CASTLECREEK LN,"7, ZONE",571Y,77053,CLOSED,2022-01-10,02:43 PM
185278,Tree Removal,2022-01-10 02:51 PM,Tree Removal Inspection,TREEMAINTENANCE,"BLANCHETTE, PETER",2011 LEGEND GROVE CT,"5, ZONE",618A,77062,CLOSED,2022-01-10,02:51 PM
185279,Tree Trim,2022-01-10 03:01 PM,Tree Trim Inspection,TREEMAINTENANCE,"EJIM, ONYEKACHI",1414 STUDEWOOD ST,"3, ZONE",453W,77008,CLOSED,2022-01-10,03:01 PM
185280,Tree Trim,2022-01-10 04:53 PM,Tree Trim Inspection,TREEMAINTENANCE,"EJIM, ONYEKACHI",1216 WRIGHTWOOD ST,"3, ZONE",493C,77009,CLOSED,2022-01-10,04:53 PM
185281,Tree Removal,2022-01-10 05:47 PM,Tree Removal Inspection,TREEMAINTENANCE,"UF - JONES, CODY",2402 CHARLESTON ST,"7, ZONE",533F,77021,CLOSED,2022-01-10,05:47 PM
185282,Tree Trim,2022-01-11 07:26 AM,Tree Trim Inspection,TREEMAINTENANCE,"UF - BHATTARAI, NIMESH",2011 SINGLETON ST,"3, ZONE",453S,77008,CLOSED,2022-01-11,07:26 AM
185283,Tree Removal,2022-01-11 07:59 AM,Tree Removal Inspection,TREEMAINTENANCE,"UF - BHATTARAI, NIMESH",3498 MEMEL ST,"4, ZONE",454T,77026,CLOSED,2022-01-11,07:59 AM
185286,Tree Stump Grinding,2022-01-11 09:36 AM,Tree Stump Inspection,TREEMAINTENANCE,"UF - BHATTARAI, NIMESH",2002 RUNNING SPRINGS DR,"4, ZONE",336C,77339,CLOSED,2022-01-11,09:36 AM
185287,Tree Removal,2022-01-11 11:24 AM,Tree Removal Inspection,TREEMAINTENANCE,"UF - BHATTARAI, NIMESH",1978 INDIANA ST,"2, ZONE",492R,77019,CLOSED,2022-01-11,11:24 AM
185288,Tree Removal,2022-01-11 11:42 AM,Tree Removal Inspection,TREEMAINTENANCE,"UF - BHATTARAI, NIMESH",15600 VICKERY DR,"4, ZONE",374Q,77032,CLOSED,2022-01-11,11:42 AM
185289,Tree Trim,2022-01-11 11:49 AM,Tree Trim Inspection,TREEMAINTENANCE,"BLANCHETTE, PETER",7555 SCOTT ST,"6, ZONE",533Q,77021,CLOSED,2022-01-11,11:49 AM
185290,Tree Removal,2022-01-11 12:04 PM,Tree Removal Inspection,TREEMAINTENANCE,"EJIM, ONYEKACHI",2002 SEDGIE DR,"3, ZONE",450T,77080,CLOSED,2022-01-11,12:04 PM
185291,Tree Trim,2022-01-11 01:25 PM,Tree Trim Inspection,TREEMAINTENANCE,"UF - JONES, CODY",2115 HAROLD ST,"2, ZONE",492U,77098,CLOSED,2022-01-11,01:25 PM
185293,Tree Removal,2022-01-11 01:50 PM,Tree Removal Inspection,TREEMAINTENANCE,"BLANCHETTE, PETER",8506 GLENLEA ST,"6, ZONE",535Y,77061,CLOSED,2022-01-11,01:50 PM
185294,Tree Removal,2022-01-11 01:56 PM,Tree Removal Inspection,TREEMAINTENANCE,"BLANCHETTE, PETER",10910 SAGEWILLOW LN,"6, ZONE",616B,77089,CLOSED,2022-01-11,01:56 PM
185295,Tree Removal,2022-01-11 02:05 PM,Tree Removal Inspection,TREEMAINTENANCE,"UF - BHATTARAI, NIMESH",1624 HEIGHTS BLVD,"3, ZONE",453W,77008,CLOSED,2022-01-11,02:05 PM
185297,Tree Removal,2022-01-11 05:12 PM,Tree Removal Inspection,TREEMAINTENANCE,"BLANCHETTE, PETER",1519 MCCARTY ST,"5, ZONE",495K,77029,CLOSED,2022-01-11,05:12 PM
185300,Tree Removal,2022-01-12 09:10 AM,Tree Removal Inspection,TREEMAINTENANCE,"BLANCHETTE, PETER",2955 SHADY PARK DR,"5, ZONE",535L,77017,CLOSED,2022-01-12,09:10 AM
185301,Tree Trim,2022-01-12 09:12 AM,Tree Trim Inspection,TREEMAINTENANCE,"UF - JONES, CODY",8156 GOLF GREEN CIR,"2, ZONE",530F,77036,CLOSED,2022-01-12,09:12 AM
185302,Tree Trim,2022-01-12 09:21 AM,Tree Trim Inspection,TREEMAINTENANCE,"UF - BHATTARAI, NIMESH",2400 N BRAESWOOD BLVD,"7, ZONE",532L,77030,CLOSED,2022-01-12,09:21 AM
185303,Tree Removal,2022-01-12 11:07 AM,Tree Removal Inspection,TREEMAINTENANCE,"UF - BHATTARAI, NIMESH",2011 RIVERLAWN DR,"4, ZONE",336C,77339,CLOSED,2022-01-12,11:07 AM
185304,Tree Trim,2022-01-12 11:34 AM,Tree Trim Inspection,TREEMAINTENANCE,"EJIM, ONYEKACHI",1402 ALDRICH ST,"3, ZONE",451Y,77055,CLOSED,2022-01-12,11:34 AM
185306,Tree Removal,2022-01-12 11:50 AM,Tree Removal Inspection,TREEMAINTENANCE,"UF - BHATTARAI, NIMESH",2900 BRAZOS ST,"2, ZONE",493T,77006,CLOSED,2022-01-12,11:50 AM
185309,Tree Trim,2022-01-12 12:08 PM,Tree Trim Inspection,TREEMAINTENANCE,"EJIM, ONYEKACHI",1500 E MEMORIAL LOOP DR (MEMORIAL PARK),"2, ZONE",492F,77007,CLOSED,2022-01-12,12:08 PM
185310,Tree Trim,2022-01-12 01:53 PM,Tree Trim Inspection,TREEMAINTENANCE,"UF - BHATTARAI, NIMESH",12319 KITTY BROOK DR,"7, ZONE",570G,77071,CLOSED,2022-01-12,01:53 PM
185311,Tree Removal,2022-01-12 02:11 PM,Tree Removal Inspection,TREEMAINTENANCE,"BLANCHETTE, PETER",7351 RUSK ST,"5, ZONE",494Z,77011,CLOSED,2022-01-12,02:11 PM
185312,Tree Trim,2022-01-12 02:21 PM,Tree Trim Inspection,TREEMAINTENANCE,"UF - BHATTARAI, NIMESH",1000 HOUSTON AVE,"2, ZONE",493L,77007,CLOSED,2022-01-12,02:21 PM
185313,Tree Removal,2022-01-12 02:57 PM,Tree Removal Inspection,TREEMAINTENANCE,"BLANCHETTE, PETER",4210 POLK ST,"5, ZONE",494S,77023,CLOSED,2022-01-12,02:57 PM
185314,Tree Trim,2022-01-12 02:58 PM,Tree Trim Inspection,TREEMAINTENANCE,"EJIM, ONYEKACHI",9507 BEVERLY HILL ST,"2, ZONE",490X,77063,CLOSED,2022-01-12,02:58 PM
185315,Tree Trim,2022-01-12 03:18 PM,Tree Trim Inspection,TREEMAINTENANCE,"EJIM, ONYEKACHI",3622 MILLSPRING DR,"3, ZONE",450L,77080,CLOSED,2022-01-12,03:18 PM
185317,Tree Trim,2022-01-12 05:18 PM,Tree Trim Inspection,TREEMAINTENANCE,"EJIM, ONYEKACHI",2604 NANTUCKET DR,"2, ZONE",491S,77057,CLOSED,2022-01-12,05:18 PM
185318,Tree Trim,2022-01-12 06:22 PM,Tree Trim Inspection,TREEMAINTENANCE,"BLANCHETTE, PETER",12730 EASTBROOK DR,"4, ZONE",496C,77013,CLOSED,2022-01-12,06:22 PM
185319,Tree Removal,2022-01-13 08:16 AM,Tree Removal Inspection,TREEMAINTENANCE,"EJIM, ONYEKACHI",1402 GARDENIA DR,"3, ZONE",452K,77018,CLOSED,2022-01-13,08:16 AM
185320,Tree Removal,2022-01-13 08:34 AM,Tree Removal Inspection,TREEMAINTENANCE,"UF - BHATTARAI, NIMESH",9618 GALAXY ST,"4, ZONE",455B,77078,CLOSED,2022-01-13,08:34 AM
185321,Tree Removal,2022-01-13 08:39 AM,Tree Removal Inspection,TREEMAINTENANCE,"EJIM, ONYEKACHI",1402 ALDRICH ST,"3, ZONE",451Y,77055,CLOSED,2022-01-13,08:39 AM
185323,Tree Trim,2022-01-13 09:37 AM,Tree Trim Inspection,TREEMAINTENANCE,"BLANCHETTE, PETER",619 LEICESTER LN,"5, ZONE",617A,77034,CLOSED,2022-01-13,09:37 AM
185324,Tree Trim,2022-01-13 09:40 AM,Tree Trim Inspection,TREEMAINTENANCE,"EJIM, ONYEKACHI",10402 IVYRIDGE RD,"3, ZONE",449Z,77043,CLOSED,2022-01-13,09:40 AM
185328,Tree Trim,2022-01-13 11:59 AM,Tree Trim Inspection,TREEMAINTENANCE,"EJIM, ONYEKACHI",5806 KANSAS ST,"3, ZONE",492B,77007,CLOSED,2022-01-13,11:59 AM
185330,Tree Trim,2022-01-13 01:57 PM,Tree Trim Inspection,TREEMAINTENANCE,"UF - BHATTARAI, NIMESH",ORR ST & ELYSIAN ST,"4, ZONE",493D,77009,CLOSED,2022-01-13,01:57 PM
185331,Tree Trim,2022-01-13 02:43 PM,Tree Trim Inspection,TREEMAINTENANCE,"EJIM, ONYEKACHI",1317 W 23RD ST,"3, ZONE",452U,77008,CLOSED,2022-01-13,02:43 PM
185332,Tree Removal,2022-01-13 04:46 PM,Tree Removal Inspection,TREEMAINTENANCE,"EJIM, ONYEKACHI",2053 CORTLANDT ST,"3, ZONE",453S,77008,CLOSED,2022-01-13,04:46 PM
185333,Tree Trim,2022-01-14 03:33 AM,Tree Trim Inspection,TREEMAINTENANCE,"BLANCHETTE, PETER",6526 LINDEN ST,"5, ZONE",534H,77087,CLOSED,2022-01-14,03:33 AM
185334,Tree Trim,2022-01-14 07:55 AM,Tree Trim Inspection,TREEMAINTENANCE,"UF - JONES, CODY",8202 WATEKA DR,"7, ZONE",530P,77074,CLOSED,2022-01-14,07:55 AM
185336,Tree Stump Grinding,2022-01-14 09:25 AM,Tree Stump Inspection,TREEMAINTENANCE,"UF - JONES, CODY",11011 OASIS DR,"7, ZONE",531X,77096,CLOSED,2022-01-14,09:25 AM
185337,Tree Trim,2022-01-14 09:32 AM,Tree Trim Inspection,TREEMAINTENANCE,"BLANCHETTE, PETER",2631 KNOTTY OAKS TRL,"7, ZONE",572L,77045,CLOSED,2022-01-14,09:32 AM
185338,Tree Stump Grinding,2022-01-14 10:03 AM,Tree Stump Inspection,TREEMAINTENANCE,"UF - JONES, CODY",6023 W AIRPORT BLVD,"7, ZONE",570H,77035,CLOSED,2022-01-14,10:03 AM
185339,Tree Removal,2022-01-14 11:45 AM,Tree Removal Inspection,TREEMAINTENANCE,"UF - JONES, CODY",14122 EDINBURGH CT,"2, ZONE",488K,77077,CLOSED,2022-01-14,11:45 AM
185340,Tree Trim,2022-01-14 11:48 AM,Tree Trim Inspection,TREEMAINTENANCE,"EJIM, ONYEKACHI",3783 CHILDRESS ST,"7, ZONE",492W,77005,CLOSED,2022-01-14,11:48 AM
185341,Tree Removal,2022-01-14 01:28 PM,Tree Removal Inspection,TREEMAINTENANCE,"BLANCHETTE, PETER",15610 WINTER BRIAR DR,"7, ZONE",571X,77489,CLOSED,2022-01-14,01:28 PM
185342,Tree Trim,2022-01-14 02:02 PM,Tree Trim Inspection,TREEMAINTENANCE,"UF - JONES, CODY",2815 WHITNEY ST,"2, ZONE",493S,77006,CLOSED,2022-01-14,02:02 PM
185343,Tree Trim,2022-01-14 02:40 PM,Tree Trim Inspection,TREEMAINTENANCE,"UF - BHATTARAI, NIMESH",7534 BYWOOD ST,"4, ZONE",455E,77028,CLOSED,2022-01-14,02:40 PM
185344,Tree Trim,2022-01-14 03:01 PM,Tree Trim Inspection,TREEMAINTENANCE,"EJIM, ONYEKACHI",2049 SHERWOOD FOREST ST,"3, ZONE",449T,77043,CLOSED,2022-01-14,03:01 PM
185345,Tree Removal,2022-01-14 03:59 PM,Tree Removal Inspection,TREEMAINTENANCE,"BLANCHETTE, PETER",7600 SHERMAN ST,"5, ZONE",495W,77012,CLOSED,2022-01-14,03:59 PM
185346,Tree Trim,2022-01-14 06:47 PM,Tree Trim Inspection,TREEMAINTENANCE,"BLANCHETTE, PETER",10850 NELLSFIELD LN,"6, ZONE",575U,77075,CLOSED,2022-01-14,06:47 PM
185347,Tree Removal,2022-01-15 09:23 AM,Tree Removal Inspection,TREEMAINTENANCE,"UF - JONES, CODY",2225 LOUISIANA ST,"2, ZONE",493P,77002,CLOSED,2022-01-15,09:23 AM
185348,Tree Removal,2022-01-15 12:48 PM,Tree Removal Inspection,TREEMAINTENANCE,"UF - JONES, CODY",3824 LATMA DR,"7, ZONE",532N,77025,CLOSED,2022-01-15,12:48 PM
185349,Tree Removal,2022-01-15 02:43 PM,Tree Removal Inspection,TREEMAINTENANCE,"UF - JONES, CODY",8605 MEMORIAL DR,"2, ZONE",491H,77024,CLOSED,2022-01-15,02:43 PM
185350,Tree Removal,2022-01-15 02:49 PM,Tree Removal Inspection,TREEMAINTENANCE,"EJIM, ONYEKACHI",1655 WITTE RD,"3, ZONE",450S,77080,CLOSED,2022-01-15,02:49 PM
185351,Tree Trim,2022-01-15 03:55 PM,Tree Trim Inspection,TREEMAINTENANCE,"BLANCHETTE, PETER",5934 RIDGEWAY DR,"6, ZONE",534X,77033,CLOSED,2022-01-15,03:55 PM
185352,Tree Removal,2022-01-16 12:36 PM,Tree Removal Inspection,TREEMAINTENANCE,"UF - BHATTARAI, NIMESH",4406 KELLEY ST,"4, ZONE",454P,77026,CLOSED,2022-01-16,12:36 PM
185353,Tree Removal,2022-01-17 08:44 AM,Tree Removal Inspection,TREEMAINTENANCE,"UF - JONES, CODY",650 SAGE RD,"2, ZONE",491L,77056,CLOSED,2022-01-17,08:44 AM
185354,Tree Removal,2022-01-17 03:50 PM,Tree Removal Inspection,TREEMAINTENANCE,"UF - BHATTARAI, NIMESH",111 WOOLWORTH ST,"4, ZONE",494D,77020,CLOSED,2022-01-17,03:50 PM
185355,Tree Removal,2022-01-17 04:14 PM,Tree Removal Inspection,TREEMAINTENANCE,"BLANCHETTE, PETER",6123 IRISH HILL DR,"7, ZONE",571X,77053,CLOSED,2022-01-17,04:14 PM
185368,Tree Trim,2022-01-18 05:24 PM,Tree Trim Inspection,TREEMAINTENANCE,"EJIM, ONYEKACHI",5400 ALDER DR,"7, ZONE",491X,77081,CLOSED,2022-01-18,05:24 PM
185369,Tree Trim,2022-01-18 08:38 PM,Tree Trim Inspection,TREEMAINTENANCE,"EJIM, ONYEKACHI",5006 ACADEMY ST,"7, ZONE",492W,77005,CLOSED,2022-01-18,08:38 PM
185373,Tree Trim,2022-01-19 08:52 AM,Tree Trim Inspection,TREEMAINTENANCE,"EJIM, ONYEKACHI",900 KIPLING ST,"2, ZONE",493S,77006,CLOSED,2022-01-19,08:52 AM
185374,Tree Trim,2022-01-19 08:58 AM,Tree Trim Inspection,TREEMAINTENANCE,"UF - JONES, CODY",11102 BRIAR FOREST DR,"2, ZONE",489Q,77042,CLOSED,2022-01-19,08:58 AM
185376,Tree Removal,2022-01-19 09:10 AM,Tree Removal Inspection,TREEMAINTENANCE,"UF - BHATTARAI, NIMESH",600 VICTORIA DR,"3, ZONE",453J,77022,CLOSED,2022-01-19,09:10 AM
185377,Tree Protection Rev,2022-01-19 09:26 AM,Tree Protection Review Inspection,TREEPROTECTION,"UF - JONES, CODY",8503 SANDY GLEN LN,"7, ZONE",570F,77071,CLOSED,2022-01-19,09:26 AM
185378,Tree Trim,2022-01-19 09:43 AM,Tree Trim Inspection,TREEMAINTENANCE,"BLANCHETTE, PETER",7500 EDNA ST,"6, ZONE",535N,77087,CLOSED,2022-01-19,09:43 AM
185379,Tree Removal,2022-01-19 10:26 AM,Tree Removal Inspection,TREEMAINTENANCE,"UF - BHATTARAI, NIMESH",4522 AVERILL ST,"4, ZONE",453Y,77009,CLOSED,2022-01-19,10:26 AM
185380,Tree Removal,2022-01-19 11:20 AM,Tree Removal Inspection,TREEMAINTENANCE,"EJIM, ONYEKACHI",1802 MILFORD ST,"7, ZONE",492Z,77098,CLOSED,2022-01-19,11:20 AM
185382,Tree Trim,2022-01-19 12:11 PM,Tree Trim Inspection,TREEMAINTENANCE,"BLANCHETTE, PETER",6830 LAUGHLIN DR,"7, ZONE",571W,77489,CLOSED,2022-01-19,12:11 PM
185383,Tree Removal,2022-01-19 12:15 PM,Tree Removal Inspection,TREEMAINTENANCE,"BLANCHETTE, PETER",8201 LENORE ST,"5, ZONE",535U,77017,CLOSED,2022-01-19,12:15 PM
185384,Tree Removal,2022-01-19 12:20 PM,Tree Removal Inspection,TREEMAINTENANCE,"EJIM, ONYEKACHI",823 E 38TH ST,"3, ZONE",453N,77022,CLOSED,2022-01-19,12:20 PM
185385,Tree Removal,2022-01-19 12:39 PM,Tree Removal Inspection,TREEMAINTENANCE,"EJIM, ONYEKACHI",1803 CHESHIRE LN,"3, ZONE",452J,77018,CLOSED,2022-01-19,12:39 PM
185386,Tree Removal,2022-01-19 12:40 PM,Tree Removal Inspection,TREEMAINTENANCE,"EJIM, ONYEKACHI",1802 YALE ST,"3, ZONE",452V,77008,CLOSED,2022-01-19,12:40 PM
185387,Tree Trim,2022-01-19 03:00 PM,Tree Trim Inspection,TREEMAINTENANCE,"BLANCHETTE, PETER",7501 EDNA ST,"6, ZONE",535N,77087,CLOSED,2022-01-19,03:00 PM
185388,Tree Removal,2022-01-19 03:09 PM,Tree Removal Inspection,TREEMAINTENANCE,"EJIM, ONYEKACHI",3617 HAZARD ST,"2, ZONE",492V,77098,CLOSED,2022-01-19,03:09 PM
185389,Tree Trim,2022-01-19 03:19 PM,Tree Trim Inspection,TREEMAINTENANCE,"UF - JONES, CODY",14601 MEMORIAL DR,"2, ZONE",488H,77079,CLOSED,2022-01-19,03:19 PM
185390,Tree Trim,2022-01-19 03:35 PM,Tree Trim Inspection,TREEMAINTENANCE,"UF - BHATTARAI, NIMESH",3838 WOODLAND HILLS DR,"4, ZONE",296V,77339,CLOSED,2022-01-19,03:35 PM
185391,Tree Removal,2022-01-19 05:44 PM,Tree Removal Inspection,TREEMAINTENANCE,"BLANCHETTE, PETER",7434 MAGNOLIA ST,"5, ZONE",534D,77023,CLOSED,2022-01-19,05:44 PM
185392,Tree Code Violation,2022-01-19 05:44 PM,Tree Code Violation Inspection,TREEPROTECTION,"UF - JONES, CODY",14333 MEMORIAL DR,"2, ZONE",489E,77079,CLOSED,2022-01-19,05:44 PM
185395,Tree Trim,2022-01-20 07:06 AM,Tree Trim Inspection,TREEMAINTENANCE,"EJIM, ONYEKACHI",1500 PECH RD,"3, ZONE",451W,77055,CLOSED,2022-01-20,07:06 AM
185397,Tree Removal,2022-01-20 09:11 AM,Tree Removal Inspection,TREEMAINTENANCE,"UF - BHATTARAI, NIMESH",4522 AVERILL ST,"4, ZONE",453Y,77009,CLOSED,2022-01-20,09:11 AM
185398,Tree Removal,2022-01-20 10:08 AM,Tree Removal Inspection,TREEMAINTENANCE,"BLANCHETTE, PETER",6649 LINDEN ST,"5, ZONE",534H,77087,CLOSED,2022-01-20,10:08 AM
185399,Tree Removal,2022-01-20 10:41 AM,Tree Removal Inspection,TREEMAINTENANCE,"UF - BHATTARAI, NIMESH",2411 1ST ST,"4, ZONE",336N,77338,CLOSED,2022-01-20,10:41 AM
185400,Tree Trim,2022-01-20 11:13 AM,Tree Trim Inspection,TREEMAINTENANCE,"EJIM, ONYEKACHI",6315 WEST BY NORTHWEST BLVD,"3, ZONE",410X,77040,CLOSED,2022-01-20,11:13 AM
185401,Tree Trim,2022-01-20 11:54 AM,Tree Trim Inspection,TREEMAINTENANCE,"BLANCHETTE, PETER",3722 ANITA ST,"6, ZONE",493Z,77004,CLOSED,2022-01-20,11:54 AM
185403,Tree Trim,2022-01-20 02:00 PM,Tree Trim Inspection,TREEMAINTENANCE,"UF - LEIJA, DANIEL","9019 Sharpview Dr,  Houston,  Texas,  77036","2, ZONE",530J,77036,CLOSED,2022-01-20,02:00 PM
185405,Tree Trim,2022-01-20 03:17 PM,Tree Trim Inspection,TREEMAINTENANCE,"BLANCHETTE, PETER",7224 EDNA ST,"6, ZONE",534R,77087,CLOSED,2022-01-20,03:17 PM
185406,Tree Trim,2022-01-20 03:22 PM,Tree Trim Inspection,TREEMAINTENANCE,"UF - BHATTARAI, NIMESH",16485 IMPERIAL VALLEY DR,"4, ZONE",373S,77060,CLOSED,2022-01-20,03:22 PM
185407,Tree Trim,2022-01-20 03:40 PM,Tree Trim Inspection,TREEMAINTENANCE,"BLANCHETTE, PETER",1111 WOOLWORTH ST,"5, ZONE",494M,77020,CLOSED,2022-01-20,03:40 PM
185408,Tree Trim,2022-01-20 04:13 PM,Tree Trim Inspection,TREEMAINTENANCE,"BLANCHETTE, PETER",3347 KILGORE ST,"6, ZONE",533F,77021,CLOSED,2022-01-20,04:13 PM
185410,Tree Trim,2022-01-21 06:19 AM,Tree Trim Inspection,TREEMAINTENANCE,"UF - BHATTARAI, NIMESH",500 MCKINNEY ST,"1, ZONE",493L,77002,CLOSED,2022-01-21,06:19 AM
185412,Tree Trim,2022-01-21 09:20 AM,Tree Trim Inspection,TREEMAINTENANCE,"BLANCHETTE, PETER",16111 DIANA LN,"5, ZONE",618K,77062,CLOSED,2022-01-21,09:20 AM
185413,Tree Removal,2022-01-21 09:51 AM,Tree Removal Inspection,TREEMAINTENANCE,"UF - JONES, CODY",9449 BRIAR FOREST DR,"2, ZONE",490P,77063,CLOSED,2022-01-21,09:51 AM
185414,Tree Trim,2022-01-21 10:15 AM,Tree Trim Inspection,TREEMAINTENANCE,"UF - JONES, CODY",800 SUL ROSS ST,"2, ZONE",493S,77006,CLOSED,2022-01-21,10:15 AM
185415,Tree Removal,2022-01-21 10:18 AM,Tree Removal Inspection,TREEMAINTENANCE,"UF - JONES, CODY",5219 DUNLAVY ST,"7, ZONE",492Z,77006,CLOSED,2022-01-21,10:18 AM
185416,Tree Removal,2022-01-21 11:48 AM,Tree Removal Inspection,TREEMAINTENANCE,"UF - JONES, CODY",4411 LA BRANCH ST,"7, ZONE",493X,77004,CLOSED,2022-01-21,11:48 AM
185417,Tree Removal,2022-01-21 02:19 PM,Tree Removal Inspection,TREEMAINTENANCE,"UF - BHATTARAI, NIMESH",3005 ALTOONA ST,"4, ZONE",494B,77026,CLOSED,2022-01-21,02:19 PM
185418,Tree Removal,2022-01-21 02:43 PM,Tree Removal Inspection,TREEMAINTENANCE,"BLANCHETTE, PETER",5502 TIDEWATER DR,"7, ZONE",571L,77085,CLOSED,2022-01-21,02:43 PM
185420,Tree Trim,2022-01-21 03:28 PM,Tree Trim Inspection,TREEMAINTENANCE,"UF - JONES, CODY",5737 ARIEL ST,"7, ZONE",531N,77096,CLOSED,2022-01-21,03:28 PM
185422,Tree Removal,2022-01-22 05:10 AM,Tree Removal Inspection,TREEMAINTENANCE,"UF - BHATTARAI, NIMESH",1720 WILLOW TERRACE DR,"4, ZONE",337D,77345,CLOSED,2022-01-22,05:10 AM
185423,Tree Removal,2022-01-22 06:52 AM,Tree Removal Inspection,TREEMAINTENANCE,"EJIM, ONYEKACHI",9500 HAMMERLY BLVD,"3, ZONE",450T,77080,CLOSED,2022-01-22,06:52 AM
185424,Tree Trim,2022-01-22 01:10 PM,Tree Trim Inspection,TREEMAINTENANCE,"BLANCHETTE, PETER",7333 STANWICK DR,"6, ZONE",534V,77087,CLOSED,2022-01-22,01:10 PM
185425,Tree Trim,2022-01-22 04:02 PM,Tree Trim Inspection,TREEMAINTENANCE,"EJIM, ONYEKACHI",8710 KEMPWOOD DR,"3, ZONE",450R,77080,CLOSED,2022-01-22,04:02 PM
185426,Tree Trim,2022-01-22 06:33 PM,Tree Trim Inspection,TREEMAINTENANCE,"BLANCHETTE, PETER",5425 GRAPEVINE ST,"7, ZONE",571Q,77045,CLOSED,2022-01-22,06:33 PM
185427,Tree Trim,2022-01-22 11:01 PM,Tree Trim Inspection,TREEMAINTENANCE,"UF - JONES, CODY",5441 ALDER DR,"7, ZONE",491X,77081,CLOSED,2022-01-22,11:01 PM
185431,Tree Removal,2022-01-24 12:12 PM,Tree Removal Inspection,TREEMAINTENANCE,"BLANCHETTE, PETER",10410 SAGETREE DR,"6, ZONE",576X,77089,CLOSED,2022-01-24,12:12 PM
185432,Tree Removal,2022-01-24 12:22 PM,Tree Removal Inspection,TREEMAINTENANCE,"BLANCHETTE, PETER",7714 WAYFARER LN,"6, ZONE",575N,77075,CLOSED,2022-01-24,12:22 PM
185433,Tree Removal,2022-01-24 12:31 PM,Tree Removal Inspection,TREEMAINTENANCE,"BLANCHETTE, PETER",2328 CUMBERLAND ST,"6, ZONE",534C,77023,CLOSED,2022-01-24,12:31 PM
185434,Tree Removal,2022-01-24 12:37 PM,Tree Removal Inspection,TREEMAINTENANCE,"BLANCHETTE, PETER",14411 CROQUET LN,"7, ZONE",571P,77085,CLOSED,2022-01-24,12:37 PM
185435,Tree Trim,2022-01-24 01:05 PM,Tree Trim Inspection,TREEMAINTENANCE,"UF - JONES, CODY",5313 FAYETTE ST,"2, ZONE",491U,77056,CLOSED,2022-01-24,01:05 PM
185436,Tree Removal,2022-01-24 01:13 PM,Tree Removal Inspection,TREEMAINTENANCE,"UF - JONES, CODY",436 WESTMORELAND ST,"2, ZONE",493T,77006,CLOSED,2022-01-24,01:13 PM
185437,Tree Stump Grinding,2022-01-24 02:46 PM,Tree Stump Inspection,TREEMAINTENANCE,"BLANCHETTE, PETER",12307 SHELWICK DR,"7, ZONE",570A,77031,CLOSED,2022-01-24,02:46 PM
185438,Tree Removal,2022-01-24 03:16 PM,Tree Removal Inspection,TREEMAINTENANCE,"EJIM, ONYEKACHI",897 W RITTENHOUSE ST,"3, ZONE",412Y,77091,CLOSED,2022-01-24,03:16 PM
185439,Tree Trim,2022-01-24 05:11 PM,Tree Trim Inspection,TREEMAINTENANCE,"UF - JONES, CODY",1602 S GESSNER RD,"2, ZONE",490N,77063,CLOSED,2022-01-24,05:11 PM
185440,Tree Removal,2022-01-24 05:23 PM,Tree Removal Inspection,TREEMAINTENANCE,"UF - BHATTARAI, NIMESH",8705 LAWNRIDGE ST,"4, ZONE",454G,77016,CLOSED,2022-01-24,05:23 PM
185443,Tree Trim,2022-01-25 07:50 AM,Tree Trim Inspection,TREEMAINTENANCE,"EJIM, ONYEKACHI",2800 W T C JESTER BLVD,"3, ZONE",452N,77018,CLOSED,2022-01-25,07:50 AM
185449,Tree Trim,2022-01-25 01:19 PM,Tree Trim Inspection,TREEMAINTENANCE,"UF - BHATTARAI, NIMESH",1401 MORRIS ST,"4, ZONE",493D,77009,CLOSED,2022-01-25,01:19 PM
185450,Tree Trim,2022-01-25 02:11 PM,Tree Trim Inspection,TREEMAINTENANCE,"EJIM, ONYEKACHI",823 E 38TH ST,"3, ZONE",453N,77022,CLOSED,2022-01-25,02:11 PM
185452,Tree Trim,2022-01-25 03:26 PM,Tree Trim Inspection,TREEMAINTENANCE,"UF - BHATTARAI, NIMESH",903 E CROSSTIMBERS ST,"4, ZONE",453M,77022,CLOSED,2022-01-25,03:26 PM
185453,Tree Trim,2022-01-25 03:42 PM,Tree Trim Inspection,TREEMAINTENANCE,"UF - BHATTARAI, NIMESH",10406 EXETER ST,"4, ZONE",413Z,77093,CLOSED,2022-01-25,03:42 PM
185454,Tree Trim,2022-01-25 04:37 PM,Tree Trim Inspection,TREEMAINTENANCE,"UF - BHATTARAI, NIMESH",10903 NORMEADOW LN,"4, ZONE",413Y,77076,CLOSED,2022-01-25,04:37 PM
185455,Tree Removal,2022-01-25 05:01 PM,Tree Removal Inspection,TREEMAINTENANCE,"EJIM, ONYEKACHI",604 MERRILL ST,"3, ZONE",493B,77009,CLOSED,2022-01-25,05:01 PM
185456,Tree Trim,2022-01-25 05:39 PM,Tree Trim Inspection,TREEMAINTENANCE,"BLANCHETTE, PETER","5626 OAKHAM ST,HOUSTON,77085","7, ZONE",571Q,5151b,CLOSED,2022-01-25,05:39 PM
185468,Tree Removal,2022-01-26 10:43 AM,Tree Removal Inspection,TREEMAINTENANCE,"EJIM, ONYEKACHI",2117 NORTH BLVD,"7, ZONE",492Z,77098,CLOSED,2022-01-26,10:43 AM
185469,Tree Trim,2022-01-26 11:11 AM,Tree Trim Inspection,TREEMAINTENANCE,"EJIM, ONYEKACHI",1300 SEAGLER RD (FRANCKLOW PARK),"2, ZONE",489R,77042,CLOSED,2022-01-26,11:11 AM
185474,Tree Removal,2022-01-26 11:59 AM,Tree Removal Inspection,TREEMAINTENANCE,"EJIM, ONYEKACHI",121 W 10TH ST,"3, ZONE",493A,77008,CLOSED,2022-01-26,11:59 AM
185480,Tree Trim,2022-01-26 12:17 PM,Tree Trim Inspection,TREEMAINTENANCE,"EJIM, ONYEKACHI",5801 W SUNFOREST DR,"3, ZONE",451B,77092,CLOSED,2022-01-26,12:17 PM
185484,Tree Removal,2022-01-26 01:10 PM,Tree Removal Inspection,TREEMAINTENANCE,"UF - BHATTARAI, NIMESH",3501 VINTAGE ST,"4, ZONE",454T,77026,CLOSED,2022-01-26,01:10 PM
185486,Tree Removal,2022-01-26 01:23 PM,Tree Removal Inspection,TREEMAINTENANCE,"BLANCHETTE, PETER",5714 SOUTHMINSTER DR,"7, ZONE",571E,77035,CLOSED,2022-01-26,01:23 PM
185487,Tree Removal,2022-01-26 02:38 PM,Tree Removal Inspection,TREEMAINTENANCE,"BLANCHETTE, PETER",7919 DEER MEADOW DR,"7, ZONE",570G,77071,CLOSED,2022-01-26,02:38 PM
185488,Tree Removal,2022-01-26 03:57 PM,Tree Removal Inspection,TREEMAINTENANCE,"BLANCHETTE, PETER",8201 LENORE ST,"5, ZONE",535U,77017,CLOSED,2022-01-26,03:57 PM
185489,Tree Trim,2022-01-26 04:21 PM,Tree Trim Inspection,TREEMAINTENANCE,"UF - BHATTARAI, NIMESH",1401 MORRIS ST,"4, ZONE",493D,77009,CLOSED,2022-01-26,04:21 PM
185490,Tree Trim,2022-01-26 04:30 PM,Tree Trim Inspection,TREEMAINTENANCE,"BLANCHETTE, PETER",HENNINGER ST & MULFORD ST,"5, ZONE",494X,77023,CLOSED,2022-01-26,04:30 PM
185491,Tree Code Violation,2022-01-27 08:00 AM,Tree Code Violation Inspection,TREEPROTECTION,"EJIM, ONYEKACHI",645 E 8TH ST,"3, ZONE",493A,77007,CLOSED,2022-01-27,08:00 AM
185492,Tree Removal,2022-01-27 08:55 AM,Tree Removal Inspection,TREEMAINTENANCE,"EJIM, ONYEKACHI",600 VICTORIA DR,"3, ZONE",453J,77022,CLOSED,2022-01-27,08:55 AM
185493,Tree Code Violation,2022-01-27 09:04 AM,Tree Code Violation Inspection,TREEPROTECTION,"UF - BHATTARAI, NIMESH",5536 AIRLINE DR,"4, ZONE",453B,77076,CLOSED,2022-01-27,09:04 AM
185495,Tree Trim,2022-01-27 11:08 AM,Tree Trim Inspection,TREEMAINTENANCE,"UF - JONES, CODY",1515 MAIN ST,"1, ZONE",493Q,77002,CLOSED,2022-01-27,11:08 AM
185496,Tree Trim,2022-01-27 11:17 AM,Tree Trim Inspection,TREEMAINTENANCE,"UF - JONES, CODY",15435 CAMPDEN HILL RD,"7, ZONE",571Z,77053,CLOSED,2022-01-27,11:17 AM
185499,Tree Trim,2022-01-27 03:46 PM,Tree Trim Inspection,TREEMAINTENANCE,"BLANCHETTE, PETER",5114 BUNGALOW LN,"6, ZONE",573M,77048,CLOSED,2022-01-27,03:46 PM
185501,Tree Trim,2022-01-27 04:05 PM,Tree Trim Inspection,TREEMAINTENANCE,"EJIM, ONYEKACHI",6917 SEALEY ST,"3, ZONE",412X,77091,CLOSED,2022-01-27,04:05 PM
185502,Tree Trim,2022-01-27 05:08 PM,Tree Trim Inspection,TREEMAINTENANCE,"BLANCHETTE, PETER",2709 LEELAND ST,"5, ZONE",493V,77003,CLOSED,2022-01-27,05:08 PM
185503,Tree Trim,2022-01-27 08:45 PM,Tree Trim Inspection,TREEMAINTENANCE,"BLANCHETTE, PETER",7301 LA PASEO ST,"6, ZONE",534V,77087,CLOSED,2022-01-27,08:45 PM
185504,Tree Removal,2022-01-28 04:58 AM,Tree Removal Inspection,TREEMAINTENANCE,"BLANCHETTE, PETER",6600 JAPONICA ST,"5, ZONE",534H,77087,CLOSED,2022-01-28,04:58 AM
185505,Tree Removal,2022-01-28 09:11 AM,Tree Removal Inspection,TREEMAINTENANCE,"UF - JONES, CODY",4010 TURNBERRY CIR,"7, ZONE",532J,77025,CLOSED,2022-01-28,09:11 AM
185507,Tree Trim,2022-01-28 10:30 AM,Tree Trim Inspection,TREEMAINTENANCE,"UF - JONES, CODY",8500 CHIMNEY ROCK RD,"7, ZONE",531P,77096,CLOSED,2022-01-28,10:30 AM
185509,Tree Removal,2022-01-28 11:00 AM,Tree Removal Inspection,TREEMAINTENANCE,"UF - JONES, CODY",309 WESTMINSTER DR,"2, ZONE",491F,77024,CLOSED,2022-01-28,11:00 AM
185510,Tree Trim,2022-01-28 01:17 PM,Tree Trim Inspection,TREEMAINTENANCE,"EJIM, ONYEKACHI",7514 AWTY SCHOOL LN,"3, ZONE",491C,77055,CLOSED,2022-01-28,01:17 PM
185511,Tree Trim,2022-01-28 01:25 PM,Tree Trim Inspection,TREEMAINTENANCE,"EJIM, ONYEKACHI",W T C JESTER BLVD & MILLWOOD DR,"3, ZONE",452S,77008,CLOSED,2022-01-28,01:25 PM
185513,Tree Trim,2022-01-28 02:02 PM,Tree Trim Inspection,TREEMAINTENANCE,"UF - JONES, CODY",12723 CORONA LN,"2, ZONE",528M,77072,CLOSED,2022-01-28,02:02 PM
185514,Tree Removal,2022-01-28 02:26 PM,Tree Removal Inspection,TREEMAINTENANCE,"UF - BHATTARAI, NIMESH",6817 HOMESTEAD RD,"4, ZONE",454R,77028,CLOSED,2022-01-28,02:26 PM
185515,Tree Trim,2022-01-28 02:59 PM,Tree Trim Inspection,TREEMAINTENANCE,"UF - JONES, CODY",826 W FOREST DR,"2, ZONE",489B,77079,CLOSED,2022-01-28,02:59 PM
185517,Tree Removal,2022-01-29 05:04 PM,Tree Removal Inspection,TREEMAINTENANCE,"EJIM, ONYEKACHI",604 MERRILL ST,"3, ZONE",493B,77009,CLOSED,2022-01-29,05:04 PM
185518,Tree Trim,2022-01-30 12:51 PM,Tree Trim Inspection,TREEMAINTENANCE,"BLANCHETTE, PETER",10615 SAGEPINE LN,"6, ZONE",576Y,77089,CLOSED,2022-01-30,12:51 PM
185524,Tree Removal,2022-01-31 07:59 AM,Tree Removal Inspection,TREEMAINTENANCE,"UF - BURKES, JEREMY",4031 POSTWOOD DR,"3, ZONE",331B,77388,CLOSED,2022-01-31,07:59 AM
185527,Tree Removal,2022-01-31 09:24 AM,Tree Removal Inspection,TREEMAINTENANCE,"UF - JONES, CODY",3598 BURLINGTON ST,"2, ZONE",493T,77006,CLOSED,2022-01-31,09:24 AM
185529,Tree Trim,2022-01-31 01:07 PM,Tree Trim Inspection,TREEMAINTENANCE,"UF - JONES, CODY",8310 EDGEMOOR DR,"2, ZONE",530F,77036,CLOSED,2022-01-31,01:07 PM
185531,Tree Trim,2022-01-31 03:13 PM,Tree Trim Inspection,TREEMAINTENANCE,"UF - JONES, CODY",6521 BIRDWOOD RD,"7, ZONE",530R,77074,CLOSED,2022-01-31,03:13 PM
185532,Tree Trim,2022-01-31 03:42 PM,Tree Trim Inspection,TREEMAINTENANCE,"UF - JONES, CODY",1537 KIPLING ST,"2, ZONE",492V,77006,CLOSED,2022-01-31,03:42 PM
185533,Tree Removal,2022-01-31 03:45 PM,Tree Removal Inspection,TREEMAINTENANCE,"BLANCHETTE, PETER",6610 SCHURMIER RD,"6, ZONE",574V,77048,CLOSED,2022-01-31,03:45 PM
185534,Tree Removal,2022-01-31 09:50 PM,Tree Removal Inspection,TREEMAINTENANCE,"EJIM, ONYEKACHI",6398 W LITTLE YORK RD,"3, ZONE",411T,77088,CLOSED,2022-01-31,09:50 PM
185535,Tree Trim,2022-02-01 06:11 AM,Tree Trim Inspection,TREEMAINTENANCE,"UF - JONES, CODY",5500 SAN FELIPE ST,"2, ZONE",491Q,77056,CLOSED,2022-02-01,06:11 AM
185544,Tree Removal,2022-02-01 08:45 AM,Tree Removal Inspection,TREEMAINTENANCE,"BLANCHETTE, PETER",8222 COASTWAY LN,"6, ZONE",575T,77075,CLOSED,2022-02-01,08:45 AM
185546,Tree Removal,2022-02-01 09:43 AM,Tree Removal Inspection,TREEMAINTENANCE,"UF - BHATTARAI, NIMESH",14334 LOURDES DR,"4, ZONE",457S,77049,CLOSED,2022-02-01,09:43 AM
185547,Tree Trim,2022-02-01 09:43 AM,Tree Trim Inspection,TREEMAINTENANCE,"UF - JONES, CODY",900 LEELAND ST,"1, ZONE",493Q,77002,CLOSED,2022-02-01,09:43 AM
185548,Tree Trim,2022-02-01 10:16 AM,Tree Trim Inspection,TREEMAINTENANCE,"BLANCHETTE, PETER",7830 WILLIFORD ST,"5, ZONE",535F,77012,CLOSED,2022-02-01,10:16 AM
185549,Tree Stump Grinding,2022-02-01 10:34 AM,Tree Stump Inspection,TREEMAINTENANCE,"UF - JONES, CODY",12402 ATWELL DR,"7, ZONE",571F,77035,CLOSED,2022-02-01,10:34 AM
185550,Tree Removal,2022-02-01 10:37 AM,Tree Removal Inspection,TREEMAINTENANCE,"EJIM, ONYEKACHI",1677 WITTE RD,"3, ZONE",450S,77080,CLOSED,2022-02-01,10:37 AM
185551,Tree Trim,2022-02-01 10:58 AM,Tree Trim Inspection,TREEMAINTENANCE,"UF - JONES, CODY",5342 PAGEWOOD LN,"2, ZONE",491Y,77056,CLOSED,2022-02-01,10:58 AM
185552,Tree Removal,2022-02-01 11:07 AM,Tree Removal Inspection,TREEMAINTENANCE,"UF - BHATTARAI, NIMESH",8622 CLARINGTON ST,"4, ZONE",454G,77016,CLOSED,2022-02-01,11:07 AM
185556,Tree Trim,2022-02-01 11:35 AM,Tree Trim Inspection,TREEMAINTENANCE,"BLANCHETTE, PETER",7900 FLAXMAN ST (GUTIERREZ (SIRO) PARK),"5, ZONE",495J,77029,CLOSED,2022-02-01,11:35 AM
185557,Tree Removal,2022-02-01 11:38 AM,Tree Removal Inspection,TREEMAINTENANCE,"BLANCHETTE, PETER",1903 WESLEY ST,"5, ZONE",494X,77023,CLOSED,2022-02-01,11:38 AM
185558,Tree Trim,2022-02-01 11:38 AM,Tree Trim Inspection,TREEMAINTENANCE,"BLANCHETTE, PETER",2351 MINNESOTA ST,"5, ZONE",576E,77034,CLOSED,2022-02-01,11:38 AM
185559,Tree Removal,2022-02-01 11:41 AM,Tree Removal Inspection,TREEMAINTENANCE,"UF - JONES, CODY",7702 CANDLEGREEN LN,"7, ZONE",570G,77071,CLOSED,2022-02-01,11:41 AM
185560,Tree Removal,2022-02-01 11:56 AM,Tree Removal Inspection,TREEMAINTENANCE,"UF - JONES, CODY",5010 HAZELTON ST,"7, ZONE",531Y,77035,CLOSED,2022-02-01,11:56 AM
185561,Tree Trim,2022-02-01 11:56 AM,Tree Trim Inspection,TREEMAINTENANCE,"UF - JONES, CODY",2015 SHERIDAN ST,"7, ZONE",532H,77030,CLOSED,2022-02-01,11:56 AM
185562,Tree Trim,2022-02-01 01:02 PM,Tree Trim Inspection,TREEMAINTENANCE,"UF - BHATTARAI, NIMESH",7856 SANDY ST,"4, ZONE",455P,77028,CLOSED,2022-02-01,01:02 PM
185563,Tree Removal,2022-02-01 01:06 PM,Tree Removal Inspection,TREEMAINTENANCE,"UF - JONES, CODY",2 SUNSET BLVD,"7, ZONE",533A,77005,CLOSED,2022-02-01,01:06 PM
185564,Tree Removal,2022-02-01 01:07 PM,Tree Removal Inspection,TREEMAINTENANCE,"UF - JONES, CODY",2101 ALBANS RD,"7, ZONE",532D,77005,CLOSED,2022-02-01,01:07 PM
185565,Tree Trim,2022-02-01 01:07 PM,Tree Trim Inspection,TREEMAINTENANCE,"EJIM, ONYEKACHI",1717 W 13TH ST,"3, ZONE",452Y,77008,CLOSED,2022-02-01,01:07 PM
185566,Tree Removal,2022-02-01 01:13 PM,Tree Removal Inspection,TREEMAINTENANCE,"UF - JONES, CODY",7618 CANDLEGREEN LN,"7, ZONE",570G,77071,CLOSED,2022-02-01,01:13 PM
185567,Tree Removal,2022-02-01 01:13 PM,Tree Removal Inspection,TREEMAINTENANCE,"UF - BHATTARAI, NIMESH",400 MERCURY DR (HERMAN BROWN PARK),"4, ZONE",496A,77013,CLOSED,2022-02-01,01:13 PM
185568,Tree Removal,2022-02-01 01:26 PM,Tree Removal Inspection,TREEMAINTENANCE,"EJIM, ONYEKACHI",3403 MANSFIELD ST,"3, ZONE",451D,77091,CLOSED,2022-02-01,01:26 PM
185569,Tree Trim,2022-02-01 01:26 PM,Tree Trim Inspection,TREEMAINTENANCE,"UF - BHATTARAI, NIMESH",11400 RICHMOND AVE,"2, ZONE",489X,77082,CLOSED,2022-02-01,01:26 PM
185570,Tree Trim,2022-02-01 01:29 PM,Tree Trim Inspection,TREEMAINTENANCE,"EJIM, ONYEKACHI",912 OXFORD ST,"3, ZONE",493A,77008,CLOSED,2022-02-01,01:29 PM
185571,Tree Trim,2022-02-01 01:30 PM,Tree Trim Inspection,TREEMAINTENANCE,"BLANCHETTE, PETER",9300 REDFORD ST,"6, ZONE",575H,77075,CLOSED,2022-02-01,01:30 PM
185572,Tree Trim,2022-02-01 01:30 PM,Tree Trim Inspection,TREEMAINTENANCE,"UF - BHATTARAI, NIMESH",718 E BURRESS ST,"4, ZONE",453E,77022,CLOSED,2022-02-01,01:30 PM
185573,Tree Trim,2022-02-01 01:32 PM,Tree Trim Inspection,TREEMAINTENANCE,"UF - BHATTARAI, NIMESH",14231 MANDERLY DR,"2, ZONE",488J,77077,CLOSED,2022-02-01,01:32 PM
185574,Tree Removal,2022-02-01 01:33 PM,Tree Removal Inspection,TREEMAINTENANCE,"EJIM, ONYEKACHI",3900 T C JESTER BLVD ,"3, ZONE",451M,77018,CLOSED,2022-02-01,01:33 PM
185575,Tree Removal,2022-02-01 01:33 PM,Tree Removal Inspection,TREEMAINTENANCE,"UF - JONES, CODY",1616 BARBEE ST,"7, ZONE",493X,77004,CLOSED,2022-02-01,01:33 PM
185576,Tree Trim,2022-02-01 01:36 PM,Tree Trim Inspection,TREEMAINTENANCE,"BLANCHETTE, PETER",3002 ROE DR,"6, ZONE",534M,77087,CLOSED,2022-02-01,01:36 PM
185577,Tree Trim,2022-02-01 01:56 PM,Tree Trim Inspection,TREEMAINTENANCE,"BLANCHETTE, PETER",7518 DIXIE DR,"6, ZONE",535N,77087,CLOSED,2022-02-01,01:56 PM
185578,Tree Trim,2022-02-01 01:57 PM,Tree Trim Inspection,TREEMAINTENANCE,"UF - BHATTARAI, NIMESH",WICKLOWE ST & CALGARY LN,"4, ZONE",414Z,77016,CLOSED,2022-02-01,01:57 PM
185579,Tree Trim,2022-02-01 01:58 PM,Tree Trim Inspection,TREEMAINTENANCE,"UF - BHATTARAI, NIMESH",2311 PINEFIELD LN,"2, ZONE",490U,77063,CLOSED,2022-02-01,01:58 PM
185580,Tree Trim,2022-02-01 02:03 PM,Tree Trim Inspection,TREEMAINTENANCE,"UF - BHATTARAI, NIMESH",1415 ELDRIDGE PKWY,"2, ZONE",488K,77077,CLOSED,2022-02-01,02:03 PM
185581,Tree Removal,2022-02-01 02:03 PM,Tree Removal Inspection,TREEMAINTENANCE,"BLANCHETTE, PETER",8000 COASTWAY LN,"6, ZONE",575T,77075,CLOSED,2022-02-01,02:03 PM
185582,Tree Trim,2022-02-01 02:06 PM,Tree Trim Inspection,TREEMAINTENANCE,"EJIM, ONYEKACHI",WYANDOTT BLVD & FAWNDALE LN,"3, ZONE",450C,77040,CLOSED,2022-02-01,02:06 PM
185583,Tree Trim,2022-02-01 02:07 PM,Tree Trim Inspection,TREEMAINTENANCE,"BLANCHETTE, PETER",2002 EMANCIPATION AVE,"6, ZONE",493V,77003,CLOSED,2022-02-01,02:07 PM
185584,Tree Trim,2022-02-01 02:07 PM,Tree Trim Inspection,TREEMAINTENANCE,"UF - JONES, CODY",6262 GULFTON ST,"7, ZONE",531A,77081,CLOSED,2022-02-01,02:07 PM
185585,Tree Removal,2022-02-01 02:07 PM,Tree Removal Inspection,TREEMAINTENANCE,"UF - BURKES, JEREMY",12025 SOWDEN RD,"3, ZONE",451J,77055,CLOSED,2022-02-01,02:07 PM
185586,Tree Removal,2022-02-01 02:07 PM,Tree Removal Inspection,TREEMAINTENANCE,"UF - BHATTARAI, NIMESH",3517 GEORGE ST,"4, ZONE",454T,77026,CLOSED,2022-02-01,02:07 PM
185587,Tree Trim,2022-02-01 02:08 PM,Tree Trim Inspection,TREEMAINTENANCE,"UF - JONES, CODY",13126 NORTHUMB RD,"7, ZONE",572R,77047,CLOSED,2022-02-01,02:08 PM
185588,Tree Removal,2022-02-01 02:08 PM,Tree Removal Inspection,TREEMAINTENANCE,"UF - JONES, CODY",2018 VERMONT ST,"2, ZONE",492R,77019,CLOSED,2022-02-01,02:08 PM
185589,Tree Removal,2022-02-01 02:08 PM,Tree Removal Inspection,TREEMAINTENANCE,"BLANCHETTE, PETER",3131 PECAN ST,"6, ZONE",534M,77087,CLOSED,2022-02-01,02:08 PM
185590,Tree Trim,2022-02-01 02:09 PM,Tree Trim Inspection,TREEMAINTENANCE,"EJIM, ONYEKACHI",5646 WINDING WAY DR,"3, ZONE",411Y,77091,CLOSED,2022-02-01,02:09 PM
185591,Tree Trim,2022-02-01 02:12 PM,Tree Trim Inspection,TREEMAINTENANCE,"UF - BHATTARAI, NIMESH",3053 NOBLE ST,"4, ZONE",494A,77026,CLOSED,2022-02-01,02:12 PM
185592,Tree Trim,2022-02-01 02:13 PM,Tree Trim Inspection,TREEMAINTENANCE,"UF - BHATTARAI, NIMESH",8320 CULLEN BLVD,"6, ZONE",533Z,77051,CLOSED,2022-02-01,02:13 PM
185593,Tree Trim,2022-02-01 02:13 PM,Tree Trim Inspection,TREEMAINTENANCE,"UF - BHATTARAI, NIMESH",8602 SHADY VISTA LN,"4, ZONE",455G,77028,CLOSED,2022-02-01,02:13 PM
185594,Tree Trim,2022-02-01 02:13 PM,Tree Trim Inspection,TREEMAINTENANCE,"EJIM, ONYEKACHI",1699 ASHLAND ST,"3, ZONE",452Z,77008,CLOSED,2022-02-01,02:13 PM
185595,Tree Trim,2022-02-01 02:13 PM,Tree Trim Inspection,TREEMAINTENANCE,"EJIM, ONYEKACHI",1776 GESSNER RD,"3, ZONE",450S,77080,CLOSED,2022-02-01,02:13 PM
185596,Tree Removal,2022-02-01 02:24 PM,Tree Removal Inspection,TREEMAINTENANCE,"BLANCHETTE, PETER",8306 HOLIDAY LN,"6, ZONE",575P,77075,CLOSED,2022-02-01,02:24 PM
185597,Tree Removal,2022-02-01 02:51 PM,Tree Removal Inspection,TREEMAINTENANCE,"EJIM, ONYEKACHI",3412 ARBOR ST,"6, ZONE",533C,77004,CLOSED,2022-02-01,02:51 PM
185598,Tree Removal,2022-02-01 02:52 PM,Tree Removal Inspection,TREEMAINTENANCE,"UF - JONES, CODY",2819 ALMEDA PLAZA DR,"7, ZONE",572L,77045,CLOSED,2022-02-01,02:52 PM
185599,Tree Removal,2022-02-01 02:56 PM,Tree Removal Inspection,TREEMAINTENANCE,"BLANCHETTE, PETER",4203 BASIL ST,"5, ZONE",494P,77003,CLOSED,2022-02-01,02:56 PM
185600,Tree Trim,2022-02-01 02:58 PM,Tree Trim Inspection,TREEMAINTENANCE,"UF - JONES, CODY",1711 WELCH ST,"2, ZONE",492R,77006,CLOSED,2022-02-01,02:58 PM
185601,Tree Removal,2022-02-01 02:59 PM,Tree Removal Inspection,TREEMAINTENANCE,"BLANCHETTE, PETER",7627 BUENA VISTA ST,"6, ZONE",535N,77087,CLOSED,2022-02-01,02:59 PM
185602,Tree Removal,2022-02-01 03:34 PM,Tree Removal Inspection,TREEMAINTENANCE,"UF - JONES, CODY",5122 CASTLECREEK LN,"7, ZONE",571Y,77053,CLOSED,2022-02-01,03:34 PM
185603,Tree Removal,2022-02-01 04:12 PM,Tree Removal Inspection,TREEMAINTENANCE,"EJIM, ONYEKACHI",1920 SEDGIE DR,"3, ZONE",450T,77080,CLOSED,2022-02-01,04:12 PM
185604,Tree Removal,2022-02-01 04:15 PM,Tree Removal Inspection,TREEMAINTENANCE,"EJIM, ONYEKACHI",2026 SEDGIE DR,"3, ZONE",450T,77080,CLOSED,2022-02-01,04:15 PM
185606,Tree Removal,2022-02-01 11:21 PM,Tree Removal Inspection,TREEMAINTENANCE,"UF - BHATTARAI, NIMESH",7402 HOMESTEAD RD,"4, ZONE",454M,77028,CLOSED,2022-02-01,11:21 PM
185609,Tree Trim,2022-02-02 07:43 AM,Tree Trim Inspection,TREEMAINTENANCE,"BLANCHETTE, PETER",2500 GALVESTON RD,"5, ZONE",535F,77017,CLOSED,2022-02-02,07:43 AM
185610,Tree Trim,2022-02-02 07:43 AM,Tree Trim Inspection,TREEMAINTENANCE,"UF - JONES, CODY",MORSE ST & FAIRVIEW AVE,"2, ZONE",492V,77019,CLOSED,2022-02-02,07:43 AM
185611,Tree Trim,2022-02-02 07:44 AM,Tree Trim Inspection,TREEMAINTENANCE,"EJIM, ONYEKACHI",824 W 14TH ST,"3, ZONE",452Z,77008,CLOSED,2022-02-02,07:44 AM
185612,Tree Trim,2022-02-02 07:46 AM,Tree Trim Inspection,TREEMAINTENANCE,"UF - BHATTARAI, NIMESH",24300 HARD WOOD DR,"4, ZONE",338M,77336,CLOSED,2022-02-02,07:46 AM
185613,Tree Trim,2022-02-02 07:46 AM,Tree Trim Inspection,TREEMAINTENANCE,"BLANCHETTE, PETER",3100 NAVIGATION BLVD,"5, ZONE",494N,77003,CLOSED,2022-02-02,07:46 AM
185614,Tree Trim,2022-02-02 07:46 AM,Tree Trim Inspection,TREEMAINTENANCE,"UF - JONES, CODY",9326 LEADER ST,"2, ZONE",529H,77036,CLOSED,2022-02-02,07:46 AM
185615,Tree Trim,2022-02-02 07:47 AM,Tree Trim Inspection,TREEMAINTENANCE,"EJIM, ONYEKACHI",7721 BOBBITT LN,"3, ZONE",451X,77055,CLOSED,2022-02-02,07:47 AM
185616,Tree Trim,2022-02-02 07:49 AM,Tree Trim Inspection,TREEMAINTENANCE,"UF - BHATTARAI, NIMESH",5703 EASTEX FWY (KELLEY MAINTENANCE),"4, ZONE",454W,77026,CLOSED,2022-02-02,07:49 AM
185617,Tree Trim,2022-02-02 07:49 AM,Tree Trim Inspection,TREEMAINTENANCE,"EJIM, ONYEKACHI",NINA LEE LN & ROSSLYN RD,"3, ZONE",452J,77018,CLOSED,2022-02-02,07:49 AM
185618,Tree Trim,2022-02-02 07:49 AM,Tree Trim Inspection,TREEMAINTENANCE,"UF - JONES, CODY",5031 KINGFISHER DR,"7, ZONE",531Y,77035,CLOSED,2022-02-02,07:49 AM
185619,Tree Removal,2022-02-02 07:50 AM,Tree Removal Inspection,TREEMAINTENANCE,"EJIM, ONYEKACHI",1410 STUDEWOOD ST,"3, ZONE",453W,77008,CLOSED,2022-02-02,07:50 AM
185620,Tree Trim,2022-02-02 07:50 AM,Tree Trim Inspection,TREEMAINTENANCE,"UF - BHATTARAI, NIMESH",2518 COCHRAN ST,"4, ZONE",493D,77009,CLOSED,2022-02-02,07:50 AM
185621,Tree Trim,2022-02-02 07:50 AM,Tree Trim Inspection,TREEMAINTENANCE,"BLANCHETTE, PETER",4400 DIXIE DR,"6, ZONE",533M,77021,CLOSED,2022-02-02,07:50 AM
185622,Tree Trim,2022-02-02 08:35 AM,Tree Trim Inspection,TREEMAINTENANCE,"UF - JONES, CODY",1931 BANKS ST,"7, ZONE",492Z,77098,CLOSED,2022-02-02,08:35 AM
185623,Tree Trim,2022-02-02 08:35 AM,Tree Trim Inspection,TREEMAINTENANCE,"UF - BHATTARAI, NIMESH",9423 WINSOME LN,"2, ZONE",490T,77063,CLOSED,2022-02-02,08:35 AM
185624,Tree Trim,2022-02-02 08:36 AM,Tree Trim Inspection,TREEMAINTENANCE,"BLANCHETTE, PETER",7440 CULLEN BLVD,"6, ZONE",533V,77051,CLOSED,2022-02-02,08:36 AM
185625,Tree Removal,2022-02-02 08:38 AM,Tree Removal Inspection,TREEMAINTENANCE,"UF - BHATTARAI, NIMESH",11931 MEMORIAL DR,"2, ZONE",490J,77024,CLOSED,2022-02-02,08:38 AM
185626,Tree Removal,2022-02-02 08:38 AM,Tree Removal Inspection,TREEMAINTENANCE,"BLANCHETTE, PETER",2015 BOLSOVER ST,"7, ZONE",532D,77005,CLOSED,2022-02-02,08:38 AM
185627,Tree Trim,2022-02-02 08:41 AM,Tree Trim Inspection,TREEMAINTENANCE,"EJIM, ONYEKACHI",IRBY ST & FERGUSON WAY,"3, ZONE",412P,77088,CLOSED,2022-02-02,08:41 AM
185628,Tree Trim,2022-02-02 08:42 AM,Tree Trim Inspection,TREEMAINTENANCE,"UF - BHATTARAI, NIMESH",12119 BRIAR FOREST DR,"2, ZONE",489N,77077,CLOSED,2022-02-02,08:42 AM
185629,Tree Trim,2022-02-02 08:42 AM,Tree Trim Inspection,TREEMAINTENANCE,"BLANCHETTE, PETER",1203 LOCKWOOD DR,"5, ZONE",494G,77020,CLOSED,2022-02-02,08:42 AM
185630,Tree Removal,2022-02-02 08:42 AM,Tree Removal Inspection,TREEMAINTENANCE,"UF - JONES, CODY",1978 INDIANA ST,"2, ZONE",492R,77019,CLOSED,2022-02-02,08:42 AM
185631,Tree Trim,2022-02-02 08:43 AM,Tree Trim Inspection,TREEMAINTENANCE,"UF - JONES, CODY",4802 ANDERSON RD,"7, ZONE",571V,77053,CLOSED,2022-02-02,08:43 AM
185632,Tree Trim,2022-02-02 08:44 AM,Tree Trim Inspection,TREEMAINTENANCE,"UF - BHATTARAI, NIMESH",734 WOOLWORTH ST,"4, ZONE",494H,77020,CLOSED,2022-02-02,08:44 AM
185633,Tree Trim,2022-02-02 08:45 AM,Tree Trim Inspection,TREEMAINTENANCE,"UF - BURKES, JEREMY",5600 CRAWFORD ST,"7, ZONE",533A,77004,CLOSED,2022-02-02,08:45 AM
185634,Tree Trim,2022-02-02 08:45 AM,Tree Trim Inspection,TREEMAINTENANCE,"BLANCHETTE, PETER",16010 TORRY PINES RD,"5, ZONE",618K,77062,CLOSED,2022-02-02,08:45 AM
185635,Tree Trim,2022-02-02 08:46 AM,Tree Trim Inspection,TREEMAINTENANCE,"BLANCHETTE, PETER",7709 INTREPID DR,"2, ZONE",529J,77072,CLOSED,2022-02-02,08:46 AM
185636,Tree Trim,2022-02-02 08:47 AM,Tree Trim Inspection,TREEMAINTENANCE,"BLANCHETTE, PETER",8342 BONNER DR,"5, ZONE",535Q,77017,CLOSED,2022-02-02,08:47 AM
185637,Tree Removal,2022-02-02 08:48 AM,Tree Removal Inspection,TREEMAINTENANCE,"BLANCHETTE, PETER",419 DERBYSHIRE DR,"5, ZONE",577X,77034,CLOSED,2022-02-02,08:48 AM
185638,Tree Removal,2022-02-02 08:49 AM,Tree Removal Inspection,TREEMAINTENANCE,"BLANCHETTE, PETER",3205 REEVES ST,"6, ZONE",493Z,77004,CLOSED,2022-02-02,08:49 AM
185639,Tree Trim,2022-02-02 08:49 AM,Tree Trim Inspection,TREEMAINTENANCE,"UF - JONES, CODY",4600 MORNINGSIDE DR,"7, ZONE",492Y,77005,CLOSED,2022-02-02,08:49 AM
185640,Tree Removal,2022-02-02 08:49 AM,Tree Removal Inspection,TREEMAINTENANCE,"BLANCHETTE, PETER",4216 RIVER DR,"5, ZONE",535Q,77017,CLOSED,2022-02-02,08:49 AM
185641,Tree Trim,2022-02-02 08:49 AM,Tree Trim Inspection,TREEMAINTENANCE,"BLANCHETTE, PETER",2320 SUNSET BLVD,"7, ZONE",532C,77005,CLOSED,2022-02-02,08:49 AM
185642,Tree Trim,2022-02-02 08:50 AM,Tree Trim Inspection,TREEMAINTENANCE,"UF - BHATTARAI, NIMESH",12606 WISPWIND DR,"2, ZONE",528M,77072,CLOSED,2022-02-02,08:50 AM
185643,Tree Trim,2022-02-02 08:55 AM,Tree Trim Inspection,TREEMAINTENANCE,"UF - BHATTARAI, NIMESH",15900 WAGON RD,"4, ZONE",372Z,77060,CLOSED,2022-02-02,08:55 AM
185644,Tree Trim,2022-02-02 08:55 AM,Tree Trim Inspection,TREEMAINTENANCE,"BLANCHETTE, PETER",PALMETTO ST & EVERGREEN DR,"5, ZONE",535E,77087,CLOSED,2022-02-02,08:55 AM
185645,Tree Removal,2022-02-02 08:56 AM,Tree Removal Inspection,TREEMAINTENANCE,"UF - JONES, CODY",12906 FENLAND FIELD LN,"7, ZONE",572Q,77047,CLOSED,2022-02-02,08:56 AM
185646,Tree Trim,2022-02-02 08:56 AM,Tree Trim Inspection,TREEMAINTENANCE,"EJIM, ONYEKACHI",9259 NORTON DR,"3, ZONE",450Q,77080,CLOSED,2022-02-02,08:56 AM
185647,Tree Trim,2022-02-02 08:56 AM,Tree Trim Inspection,TREEMAINTENANCE,"EJIM, ONYEKACHI",3543 MICHAUX ST,"3, ZONE",453X,77009,CLOSED,2022-02-02,08:56 AM
185648,Tree Trim,2022-02-02 08:57 AM,Tree Trim Inspection,TREEMAINTENANCE,"BLANCHETTE, PETER",8152 LYNN DR,"5, ZONE",535P,77017,CLOSED,2022-02-02,08:57 AM
185649,Tree Trim,2022-02-02 08:57 AM,Tree Trim Inspection,TREEMAINTENANCE,"UF - BHATTARAI, NIMESH",1800 SHANNON VALLEY DR,"2, ZONE",488R,77077,CLOSED,2022-02-02,08:57 AM
185650,Tree Trim,2022-02-02 08:57 AM,Tree Trim Inspection,TREEMAINTENANCE,"BLANCHETTE, PETER",EDDINGTON ST & POLK ST,"5, ZONE",494T,77023,CLOSED,2022-02-02,08:57 AM
185651,Tree Trim,2022-02-02 08:58 AM,Tree Trim Inspection,TREEMAINTENANCE,"UF - JONES, CODY",12823 LALEU LN,"7, ZONE",570G,77071,CLOSED,2022-02-02,08:58 AM
185652,Tree Removal,2022-02-02 08:58 AM,Tree Removal Inspection,TREEMAINTENANCE,"BLANCHETTE, PETER",4701 POLK ST,"5, ZONE",494T,77023,CLOSED,2022-02-02,08:58 AM
185653,Tree Trim,2022-02-02 08:58 AM,Tree Trim Inspection,TREEMAINTENANCE,"EJIM, ONYEKACHI",1798 BETHLEHEM ST,"3, ZONE",452E,77018,CLOSED,2022-02-02,08:58 AM
185654,Tree Removal,2022-02-02 08:58 AM,Tree Removal Inspection,TREEMAINTENANCE,"BLANCHETTE, PETER",8600 TILGHAM ST,"5, ZONE",495K,77029,CLOSED,2022-02-02,08:58 AM
185655,Tree Trim,2022-02-02 08:59 AM,Tree Trim Inspection,TREEMAINTENANCE,"EJIM, ONYEKACHI",1900 GESSNER RD,"3, ZONE",450S,77080,CLOSED,2022-02-02,08:59 AM
185656,Tree Trim,2022-02-02 08:59 AM,Tree Trim Inspection,TREEMAINTENANCE,"BLANCHETTE, PETER",3551 TAMPA ST,"6, ZONE",533G,77021,CLOSED,2022-02-02,08:59 AM
185657,Tree Code Violation,2022-02-02 09:28 AM,Tree Code Violation Inspection,TREEPROTECTION,"EJIM, ONYEKACHI",915 E 27TH ST,"3, ZONE",453S,77009,CLOSED,2022-02-02,09:28 AM
185659,Tree Removal,2022-02-02 10:18 AM,Tree Removal Inspection,TREEMAINTENANCE,"UF - JONES, CODY",11614 HILLCROFT AVE,"7, ZONE",571A,77035,CLOSED,2022-02-02,10:18 AM
185660,Tree Trim,2022-02-02 10:40 AM,Tree Trim Inspection,TREEMAINTENANCE,"EJIM, ONYEKACHI",10663 ALCOTT DR,"3, ZONE",449R,77043,CLOSED,2022-02-02,10:40 AM
185661,Tree Stump Grinding,2022-02-02 11:40 AM,Tree Stump Inspection,TREEMAINTENANCE,"EJIM, ONYEKACHI",3818 BLACK LOCUST DR,"3, ZONE",411V,77088,CLOSED,2022-02-02,11:40 AM
185662,Tree Removal,2022-02-02 11:49 AM,Tree Removal Inspection,TREEMAINTENANCE,"BLANCHETTE, PETER",7515 ILEX ST,"5, ZONE",535E,77012,CLOSED,2022-02-02,11:49 AM
185663,Tree Trim,2022-02-02 12:51 PM,Tree Trim Inspection,TREEMAINTENANCE,"UF - BHATTARAI, NIMESH",8313 LAVENDER ST,"4, ZONE",454G,77016,CLOSED,2022-02-02,12:51 PM
185664,Tree Removal,2022-02-02 02:37 PM,Tree Removal Inspection,TREEMAINTENANCE,"UF - JONES, CODY",1939 MISSOURI ST,"2, ZONE",492V,77019,CLOSED,2022-02-02,02:37 PM
185665,Tree Removal,2022-02-02 02:38 PM,Tree Removal Inspection,TREEMAINTENANCE,"BLANCHETTE, PETER",5515 QUEENSLOCH DR,"7, ZONE",531T,77096,CLOSED,2022-02-02,02:38 PM
185667,Tree Trim,2022-02-02 03:08 PM,Tree Trim Inspection,TREEMAINTENANCE,"BLANCHETTE, PETER",9300 REDFORD ST,"6, ZONE",575H,77075,CLOSED,2022-02-02,03:08 PM
185668,Tree Trim,2022-02-02 03:08 PM,Tree Trim Inspection,TREEMAINTENANCE,"UF - BHATTARAI, NIMESH",718 E BURRESS ST,"4, ZONE",453E,77022,CLOSED,2022-02-02,03:08 PM
185669,Tree Trim,2022-02-02 03:09 PM,Tree Trim Inspection,TREEMAINTENANCE,"UF - BHATTARAI, NIMESH",WICKLOWE ST & CALGARY LN,"4, ZONE",414Z,77016,CLOSED,2022-02-02,03:09 PM
185670,Tree Trim,2022-02-02 03:09 PM,Tree Trim Inspection,TREEMAINTENANCE,"UF - BHATTARAI, NIMESH",1415 ELDRIDGE PKWY,"2, ZONE",488K,77077,CLOSED,2022-02-02,03:09 PM
185671,Tree Trim,2022-02-02 03:09 PM,Tree Trim Inspection,TREEMAINTENANCE,"UF - BURKES, JEREMY",WYANDOTT BLVD & FAWNDALE LN,"3, ZONE",450C,77040,CLOSED,2022-02-02,03:09 PM
185672,Tree Removal,2022-02-03 06:23 AM,Tree Removal Inspection,TREEMAINTENANCE,"UF - JONES, CODY",601 W SAULNIER ST,"2, ZONE",493N,77019,CLOSED,2022-02-03,06:23 AM
185673,Tree Trim,2022-02-03 06:29 AM,Tree Trim Inspection,TREEMAINTENANCE,"EJIM, ONYEKACHI",407 E 25TH ST,"3, ZONE",453S,77008,CLOSED,2022-02-03,06:29 AM
185680,Tree Trim,2022-02-03 10:01 AM,Tree Trim Inspection,TREEMAINTENANCE,"BLANCHETTE, PETER",9713 FABIOLA DR,"6, ZONE",575R,77075,CLOSED,2022-02-03,10:01 AM
185681,Tree Trim,2022-02-03 10:16 AM,Tree Trim Inspection,TREEMAINTENANCE,"UF - BHATTARAI, NIMESH",6230 BENDING OAKS DR,"4, ZONE",415E,77050,CLOSED,2022-02-03,10:16 AM
185682,Tree Trim,2022-02-03 01:56 PM,Tree Trim Inspection,TREEMAINTENANCE,"EJIM, ONYEKACHI",1707 CAPRON ST,"4, ZONE",494F,77020,CLOSED,2022-02-03,01:56 PM
185686,Tree Trim,2022-02-03 03:49 PM,Tree Trim Inspection,TREEMAINTENANCE,"BLANCHETTE, PETER",5231 W BELLFORT AVE,"7, ZONE",531X,77035,CLOSED,2022-02-03,03:49 PM
185689,Tree Trim,2022-02-03 05:01 PM,Tree Trim Inspection,TREEMAINTENANCE,"BLANCHETTE, PETER",7815 JOPLIN ST,"5, ZONE",535N,77087,CLOSED,2022-02-03,05:01 PM
185690,Tree Trim,2022-02-04 09:45 AM,Tree Trim Inspection,TREEMAINTENANCE,"UF - BHATTARAI, NIMESH",3000 JEANETTA ST,"2, ZONE",490X,77063,CLOSED,2022-02-04,09:45 AM
185693,Tree Trim,2022-02-04 07:18 PM,Tree Trim Inspection,TREEMAINTENANCE,"UF - JONES, CODY",1801 EL PASEO ST,"7, ZONE",532R,77054,CLOSED,2022-02-04,07:18 PM
185694,Tree Planting,2022-02-04 11:11 PM,Tree Planting Inspection,TREEPROTECTION,"UF - BHATTARAI, NIMESH",8229 CAROLWOOD DR,"4, ZONE",455F,77028,CLOSED,2022-02-04,11:11 PM
185695,Tree Removal,2022-02-05 05:43 PM,Tree Removal Inspection,TREEMAINTENANCE,"UF - JONES, CODY","8550 MEMORIAL DR,HOUSTON,77024","2, ZONE",491H,5158d,CLOSED,2022-02-05,05:43 PM
185696,Tree Trim,2022-02-06 02:31 AM,Tree Trim Inspection,TREEMAINTENANCE,"UF - BHATTARAI, NIMESH",10402 IVYRIDGE RD,"3, ZONE",449Z,77043,CLOSED,2022-02-06,02:31 AM
185697,Tree Trim,2022-02-07 02:53 AM,Tree Trim Inspection,TREEMAINTENANCE,"EJIM, ONYEKACHI",1110 N POST OAK RD,"3, ZONE",491D,77055,CLOSED,2022-02-07,02:53 AM
185698,Tree Removal,2022-02-07 09:20 AM,Tree Removal Inspection,TREEMAINTENANCE,"BLANCHETTE, PETER",2035 SIEBER DR,"5, ZONE",536S,77017,CLOSED,2022-02-07,09:20 AM
185699,Tree Removal,2022-02-07 09:23 AM,Tree Removal Inspection,TREEMAINTENANCE,"UF - BHATTARAI, NIMESH",3819 MOORE ST,"4, ZONE",453Z,77009,CLOSED,2022-02-07,09:23 AM
185703,Tree Trim,2022-02-07 11:48 AM,Tree Trim Inspection,TREEMAINTENANCE,"BLANCHETTE, PETER",763 EASTLAKE ST,"5, ZONE",576F,77034,CLOSED,2022-02-07,11:48 AM
185704,Tree Removal,2022-02-07 03:05 PM,Tree Removal Inspection,TREEMAINTENANCE,"BLANCHETTE, PETER",5318 GRACE POINT LN,"6, ZONE",574E,77048,CLOSED,2022-02-07,03:05 PM
185706,Tree Removal,2022-02-08 08:23 AM,Tree Removal Inspection,TREEMAINTENANCE,"BLANCHETTE, PETER",10211 TOLMAN ST,"5, ZONE",576E,77034,CLOSED,2022-02-08,08:23 AM
185715,Tree Removal,2022-02-08 12:19 PM,Tree Removal Inspection,TREEMAINTENANCE,"UF - BHATTARAI, NIMESH",8630 LEY RD,"4, ZONE",455L,77028,CLOSED,2022-02-08,12:19 PM
185716,Tree Removal,2022-02-08 12:54 PM,Tree Removal Inspection,TREEMAINTENANCE,"UF - JONES, CODY",1734 WROXTON CT,"7, ZONE",492Z,77005,CLOSED,2022-02-08,12:54 PM
185729,Tree Trim,2022-02-08 02:50 PM,Tree Trim Inspection,TREEMAINTENANCE,"UF - JONES, CODY",6706 ROCKERGATE DR,"7, ZONE",571W,77489,CLOSED,2022-02-08,02:50 PM
185730,Tree Trim,2022-02-08 03:14 PM,Tree Trim Inspection,TREEMAINTENANCE,"BLANCHETTE, PETER",14102 WHITLOCK DR,"5, ZONE",617D,77062,CLOSED,2022-02-08,03:14 PM
185731,Tree Trim,2022-02-08 07:52 PM,Tree Trim Inspection,TREEMAINTENANCE,"BLANCHETTE, PETER",6175 BELLFORT ST,"6, ZONE",534Y,77087,CLOSED,2022-02-08,07:52 PM
185732,Tree Trim,2022-02-09 07:50 AM,Tree Trim Inspection,TREEMAINTENANCE,"UF - JONES, CODY",3880 S DAIRY ASHFORD RD,"2, ZONE",528D,77082,CLOSED,2022-02-09,07:50 AM
185737,Tree Trim,2022-02-09 12:20 PM,Tree Trim Inspection,TREEMAINTENANCE,"UF - BHATTARAI, NIMESH",3839 SOUTHMORE BLVD,"6, ZONE",533H,77004,CLOSED,2022-02-09,12:20 PM
185738,Tree Trim,2022-02-09 01:44 PM,Tree Trim Inspection,TREEMAINTENANCE,"UF - JONES, CODY",5714 FAIRDALE LN,"2, ZONE",491X,77057,CLOSED,2022-02-09,01:44 PM
185739,Tree Trim,2022-02-09 02:33 PM,Tree Trim Inspection,TREEMAINTENANCE,"UF - JONES, CODY",1409 SOUTHMORE BLVD,"7, ZONE",493X,77004,CLOSED,2022-02-09,02:33 PM
185740,Tree Removal,2022-02-09 02:38 PM,Tree Removal Inspection,TREEMAINTENANCE,"EJIM, ONYEKACHI",18300 S PARK VIEW DR,"3, ZONE",447W,77084,CLOSED,2022-02-09,02:38 PM
185743,Tree Removal,2022-02-09 09:29 PM,Tree Removal Inspection,TREEMAINTENANCE,"EJIM, ONYEKACHI",18600 S PARK VIEW DR,"3, ZONE",447W,77084,CLOSED,2022-02-09,09:29 PM
185751,Tree Removal,2022-02-10 09:07 AM,Tree Removal Inspection,TREEMAINTENANCE,"PATINO, ARNULFO",2938 KINGS FOREST DR,"4, ZONE",336D,77339,CLOSED,2022-02-10,09:07 AM
185753,Tree Trim,2022-02-10 10:38 AM,Tree Trim Inspection,TREEMAINTENANCE,"UF - JONES, CODY",703 W MAIN ST,"2, ZONE",493S,77006,CLOSED,2022-02-10,10:38 AM
185754,Tree Removal,2022-02-10 10:40 AM,Tree Removal Inspection,TREEMAINTENANCE,"UF - JONES, CODY",1734 WROXTON CT,"7, ZONE",492Z,77005,CLOSED,2022-02-10,10:40 AM
185756,Tree Trim,2022-02-10 12:44 PM,Tree Trim Inspection,TREEMAINTENANCE,"UF - JONES, CODY",13403 ASCOT GLEN LN,"2, ZONE",528C,77082,CLOSED,2022-02-10,12:44 PM
185757,Tree Trim,2022-02-10 12:56 PM,Tree Trim Inspection,TREEMAINTENANCE,"EJIM, ONYEKACHI",6622 BETHUNE DR,"3, ZONE",412W,77091,CLOSED,2022-02-10,12:56 PM
185759,Tree Removal,2022-02-10 03:12 PM,Tree Removal Inspection,TREEMAINTENANCE,"UF - JONES, CODY","1946 PEDEN ST,HOUSTON,77019","2, ZONE",492R,5357c,CLOSED,2022-02-10,03:12 PM
185762,Tree Removal,2022-02-11 10:47 AM,Tree Removal Inspection,TREEMAINTENANCE,"UF - JONES, CODY",5925 JACKWOOD ST,"7, ZONE",531N,77074,CLOSED,2022-02-11,10:47 AM
185764,Tree Trim,2022-02-11 02:09 PM,Tree Trim Inspection,TREEMAINTENANCE,"BLANCHETTE, PETER",6942 NARCISSUS ST,"5, ZONE",535E,77087,CLOSED,2022-02-11,02:09 PM
185765,Tree Trim,2022-02-11 03:40 PM,Tree Trim Inspection,TREEMAINTENANCE,"BLANCHETTE, PETER",3201 CALUMET ST,"6, ZONE",533C,77004,CLOSED,2022-02-11,03:40 PM
185766,Tree Removal,2022-02-11 04:03 PM,Tree Removal Inspection,TREEMAINTENANCE,"BLANCHETTE, PETER",3417 MAINER ST,"6, ZONE",533P,77021,CLOSED,2022-02-11,04:03 PM
185767,Tree Code Violation,2022-02-11 05:04 PM,Tree Code Violation Inspection,TREEPROTECTION,"EJIM, ONYEKACHI",915 E 27TH ST,"3, ZONE",453S,77009,CLOSED,2022-02-11,05:04 PM
185768,Tree Removal,2022-02-12 01:46 AM,Tree Removal Inspection,TREEMAINTENANCE,"BLANCHETTE, PETER",4305 WILMER ST,"5, ZONE",494T,77003,CLOSED,2022-02-12,01:46 AM
185769,Tree Planting,2022-02-12 11:17 AM,Tree Planting Inspection,TREEPROTECTION,"BLANCHETTE, PETER",5200 BELLFORT ST,"6, ZONE",533Z,77033,CLOSED,2022-02-12,11:17 AM
185770,Tree Trim,2022-02-12 11:20 AM,Tree Trim Inspection,TREEMAINTENANCE,"UF - JONES, CODY",7903 STROUD DR,"2, ZONE",530K,77036,CLOSED,2022-02-12,11:20 AM
185771,Tree Trim,2022-02-12 11:29 AM,Tree Trim Inspection,TREEMAINTENANCE,"UF - BHATTARAI, NIMESH",10677 HOMESTEAD RD,"4, ZONE",414V,77016,CLOSED,2022-02-12,11:29 AM
185772,Tree Removal,2022-02-12 03:57 PM,Tree Removal Inspection,TREEMAINTENANCE,"BLANCHETTE, PETER",4435 DAGG RD,"6, ZONE",613D,77048,CLOSED,2022-02-12,03:57 PM
185773,Tree Removal,2022-02-12 05:52 PM,Tree Removal Inspection,TREEMAINTENANCE,"BLANCHETTE, PETER",6204 SUNNYCREST ST,"6, ZONE",534Q,77087,CLOSED,2022-02-12,05:52 PM
185774,Tree Trim,2022-02-13 07:37 PM,Tree Trim Inspection,TREEMAINTENANCE,"EJIM, ONYEKACHI",2515 PRINCETON ST,"3, ZONE",453S,77009,CLOSED,2022-02-13,07:37 PM
185777,Tree Trim,2022-02-14 07:49 AM,Tree Trim Inspection,TREEMAINTENANCE,"EJIM, ONYEKACHI",2200 DURHAM DR,"3, ZONE",492C,77007,CLOSED,2022-02-14,07:49 AM
185779,Tree Stump Grinding,2022-02-14 09:59 AM,Tree Stump Inspection,TREEMAINTENANCE,"BLANCHETTE, PETER",1107 JOCELYN ST,"5, ZONE",494Y,77023,CLOSED,2022-02-14,09:59 AM
185780,Tree Trim,2022-02-14 10:07 AM,Tree Trim Inspection,TREEMAINTENANCE,"UF - JONES, CODY",5900 BISSONNET ST,"7, ZONE",531J,77081,CLOSED,2022-02-14,10:07 AM
185781,Tree Removal,2022-02-14 11:50 AM,Tree Removal Inspection,TREEMAINTENANCE,"UF - JONES, CODY",4004 MONTROSE BLVD,"2, ZONE",493S,77006,CLOSED,2022-02-14,11:50 AM
185784,Tree Trim,2022-02-14 03:00 PM,Tree Trim Inspection,TREEMAINTENANCE,"UF - BHATTARAI, NIMESH",7902 HELMERS ST,"4, ZONE",453L,77022,CLOSED,2022-02-14,03:00 PM
185785,Tree Removal,2022-02-14 03:15 PM,Tree Removal Inspection,TREEMAINTENANCE,"BLANCHETTE, PETER",7514 BUENA VISTA ST,"6, ZONE",535N,77087,CLOSED,2022-02-14,03:15 PM
185786,Tree Trim,2022-02-14 03:58 PM,Tree Trim Inspection,TREEMAINTENANCE,"EJIM, ONYEKACHI",1750 PECH RD,"3, ZONE",451S,77055,CLOSED,2022-02-14,03:58 PM
185787,Tree Trim,2022-02-14 04:25 PM,Tree Trim Inspection,TREEMAINTENANCE,"UF - JONES, CODY",7777 GREENBRIAR DR,"7, ZONE",532M,77030,CLOSED,2022-02-14,04:25 PM
185788,Tree Trim,2022-02-14 04:52 PM,Tree Trim Inspection,TREEMAINTENANCE,"EJIM, ONYEKACHI",2801 ELLA BLVD,"3, ZONE",452T,77008,CLOSED,2022-02-14,04:52 PM
185790,Tree Removal,2022-02-15 08:09 AM,Tree Removal Inspection,TREEMAINTENANCE,"BLANCHETTE, PETER",7610 SHERMAN ST,"5, ZONE",495W,77012,CLOSED,2022-02-15,08:09 AM
185791,Tree Trim,2022-02-15 09:40 AM,Tree Trim Inspection,TREEMAINTENANCE,"EJIM, ONYEKACHI",18610 PARK HARBOR DR,"3, ZONE",447W,77084,CLOSED,2022-02-15,09:40 AM
185792,Tree Trim,2022-02-15 09:40 AM,Tree Trim Inspection,TREEMAINTENANCE,"BLANCHETTE, PETER",14289 MIDDLEBROOK DR,"5, ZONE",619E,77058,CLOSED,2022-02-15,09:40 AM
185793,Tree Trim,2022-02-15 09:49 AM,Tree Trim Inspection,TREEMAINTENANCE,"UF - JONES, CODY",4926 GATEWOOD AVE,"7, ZONE",571V,77053,CLOSED,2022-02-15,09:49 AM
185794,Tree Removal,2022-02-15 11:32 AM,Tree Removal Inspection,TREEMAINTENANCE,"EJIM, ONYEKACHI",2200 W PARK VIEW DR,"3, ZONE",446V,77084,CLOSED,2022-02-15,11:32 AM
185795,Tree Removal,2022-02-15 12:14 PM,Tree Removal Inspection,TREEMAINTENANCE,"UF - BHATTARAI, NIMESH",2502 SANDY LODGE CT,"4, ZONE",297U,77345,CLOSED,2022-02-15,12:14 PM
185796,Tree Removal,2022-02-15 12:47 PM,Tree Removal Inspection,TREEMAINTENANCE,"BLANCHETTE, PETER",923 ARVANA ST,"5, ZONE",576E,77034,CLOSED,2022-02-15,12:47 PM
185798,Tree Removal,2022-02-15 01:23 PM,Tree Removal Inspection,TREEMAINTENANCE,"BLANCHETTE, PETER",7707 PEEKSKILL LN,"6, ZONE",575N,77075,CLOSED,2022-02-15,01:23 PM
185802,Tree Removal,2022-02-15 01:51 PM,Tree Removal Inspection,TREEMAINTENANCE,"UF - JONES, CODY",1613 CALIFORNIA ST,"2, ZONE",493S,77006,CLOSED,2022-02-15,01:51 PM
185803,Tree Trim,2022-02-15 02:48 PM,Tree Trim Inspection,TREEMAINTENANCE,"BLANCHETTE, PETER",326 E EDGEBROOK DR,"5, ZONE",576C,77034,CLOSED,2022-02-15,02:48 PM
185804,Tree Trim,2022-02-15 02:54 PM,Tree Trim Inspection,TREEMAINTENANCE,"UF - BHATTARAI, NIMESH",1120 W 13TH ST,"3, ZONE",452Z,77008,CLOSED,2022-02-15,02:54 PM
185805,Tree Removal,2022-02-15 03:15 PM,Tree Removal Inspection,TREEMAINTENANCE,"UF - JONES, CODY",1700 HERMANN DR,"7, ZONE",533A,77030,CLOSED,2022-02-15,03:15 PM
185806,Tree Removal,2022-02-15 03:24 PM,Tree Removal Inspection,TREEMAINTENANCE,"UF - JONES, CODY",4814 JASON ST,"7, ZONE",531Q,77096,CLOSED,2022-02-15,03:24 PM
185808,Tree Trim,2022-02-15 04:37 PM,Tree Trim Inspection,TREEMAINTENANCE,"BLANCHETTE, PETER",4505 BRADY ST,"5, ZONE",494P,77011,CLOSED,2022-02-15,04:37 PM
185810,Tree Removal,2022-02-15 05:55 PM,Tree Removal Inspection,TREEMAINTENANCE,"UF - JONES, CODY",5930 IMOGENE ST,"7, ZONE",531N,77074,CLOSED,2022-02-15,05:55 PM
185811,Tree Trim,2022-02-15 06:40 PM,Tree Trim Inspection,TREEMAINTENANCE,"UF - JONES, CODY",1475 W GRAY ST,"2, ZONE",492R,77006,CLOSED,2022-02-15,06:40 PM
185812,Tree Trim,2022-02-16 07:12 AM,Tree Trim Inspection,TREEMAINTENANCE,"UF - BHATTARAI, NIMESH",2119 CONVERSE ST,"2, ZONE",493N,77006,CLOSED,2022-02-16,07:12 AM
185814,Tree Trim,2022-02-16 08:48 AM,Tree Trim Inspection,TREEMAINTENANCE,"UF - JONES, CODY",9527 W AIRPORT BLVD,"7, ZONE",570E,77031,CLOSED,2022-02-16,08:48 AM
185815,Tree Code Violation,2022-02-16 08:57 AM,Tree Code Violation Inspection,TREEPROTECTION,"UF - BHATTARAI, NIMESH",2810 WESTHEIMER RD,"2, ZONE",492U,77019,CLOSED,2022-02-16,08:57 AM
185817,Tree Removal,2022-02-16 10:31 AM,Tree Removal Inspection,TREEMAINTENANCE,"UF - BHATTARAI, NIMESH",6400 HAMBLEN DR (EDMONDS PARK),"4, ZONE",375W,77396,CLOSED,2022-02-16,10:31 AM
185818,Tree Trim,2022-02-16 10:50 AM,Tree Trim Inspection,TREEMAINTENANCE,"BLANCHETTE, PETER",4010 W PINE BROOK WAY,"5, ZONE",578Y,77059,CLOSED,2022-02-16,10:50 AM
185820,Tree Removal,2022-02-16 12:04 PM,Tree Removal Inspection,TREEMAINTENANCE,"UF - BHATTARAI, NIMESH",1750 SUL ROSS ST,"2, ZONE",492V,77098,CLOSED,2022-02-16,12:04 PM
185821,Tree Trim,2022-02-16 12:04 PM,Tree Trim Inspection,TREEMAINTENANCE,"BLANCHETTE, PETER",7136 CANAL ST,"5, ZONE",494V,77011,CLOSED,2022-02-16,12:04 PM
185822,Tree Removal,2022-02-16 12:26 PM,Tree Removal Inspection,TREEMAINTENANCE,"UF - JONES, CODY",2300 BERING DR,"2, ZONE",491T,77057,CLOSED,2022-02-16,12:26 PM
185823,Tree Trim,2022-02-16 12:56 PM,Tree Trim Inspection,TREEMAINTENANCE,"BLANCHETTE, PETER",4437 PROVIDENCE ST,"5, ZONE",494F,77020,CLOSED,2022-02-16,12:56 PM
185824,Tree Removal,2022-02-16 01:23 PM,Tree Removal Inspection,TREEMAINTENANCE,"UF - JONES, CODY",11911 CHIMNEY ROCK RD,"7, ZONE",571B,77035,CLOSED,2022-02-16,01:23 PM
185827,Tree Removal,2022-02-16 03:30 PM,Tree Removal Inspection,TREEMAINTENANCE,"BLANCHETTE, PETER",6522 THRUSH DR,"6, ZONE",534Y,77087,CLOSED,2022-02-16,03:30 PM
185828,Tree Trim,2022-02-16 03:51 PM,Tree Trim Inspection,TREEMAINTENANCE,"UF - BHATTARAI, NIMESH",2940 SADLER ST,"4, ZONE",454J,77093,CLOSED,2022-02-16,03:51 PM
185829,Tree Trim,2022-02-16 04:51 PM,Tree Trim Inspection,TREEMAINTENANCE,"UF - JONES, CODY",12119 STONE WEST DR,"7, ZONE",571B,77035,CLOSED,2022-02-16,04:51 PM
185830,Tree Trim,2022-02-16 06:55 PM,Tree Trim Inspection,TREEMAINTENANCE,"EJIM, ONYEKACHI",7645 LONG POINT RD,"3, ZONE",451T,77055,CLOSED,2022-02-16,06:55 PM
185831,Tree Removal,2022-02-17 06:23 AM,Tree Removal Inspection,TREEMAINTENANCE,"UF - BHATTARAI, NIMESH",5634 KIAM ST,"3, ZONE",492C,77007,CLOSED,2022-02-17,06:23 AM
185834,Tree Removal,2022-02-17 07:48 AM,Tree Removal Inspection,TREEMAINTENANCE,"UF - BHATTARAI, NIMESH",1035 CREEKMONT DR,"3, ZONE",452G,77091,CLOSED,2022-02-17,07:48 AM
185835,Tree Trim,2022-02-17 08:30 AM,Tree Trim Inspection,TREEMAINTENANCE,"UF - JONES, CODY",11500 MEADOW LN,"2, ZONE",529W,77477,CLOSED,2022-02-17,08:30 AM
185838,Tree Trim,2022-02-17 09:25 AM,Tree Trim Inspection,TREEMAINTENANCE,"UF - JONES, CODY",10619 GLENWOLDE DR,"2, ZONE",529Q,77099,CLOSED,2022-02-17,09:25 AM
185841,Tree Removal,2022-02-17 10:13 AM,Tree Removal Inspection,TREEMAINTENANCE,"UF - JONES, CODY",4122 LEESHIRE DR,"7, ZONE",532N,77025,CLOSED,2022-02-17,10:13 AM
185842,Tree Removal,2022-02-17 11:55 AM,Tree Removal Inspection,TREEMAINTENANCE,"EJIM, ONYEKACHI",7100 MONROE RD,"6, ZONE",535Y,77061,CLOSED,2022-02-17,11:55 AM
185843,Tree Removal,2022-02-17 12:18 PM,Tree Removal Inspection,TREEMAINTENANCE,"UF - JONES, CODY",9106 HILLCROFT AVE,"7, ZONE",531N,77096,CLOSED,2022-02-17,12:18 PM
185845,Tree Removal,2022-02-17 04:39 PM,Tree Removal Inspection,TREEMAINTENANCE,"EJIM, ONYEKACHI",7427 AVENUE J,"5, ZONE",495S,77011,CLOSED,2022-02-17,04:39 PM
185846,Tree Trim,2022-02-17 05:25 PM,Tree Trim Inspection,TREEMAINTENANCE,"UF - JONES, CODY",900 BRITTMOORE RD,"2, ZONE",489C,77079,CLOSED,2022-02-17,05:25 PM
185848,Tree Trim,2022-02-18 05:14 AM,Tree Trim Inspection,TREEMAINTENANCE,"UF - JONES, CODY",12759 S DAIRY ASHFORD RD,"2, ZONE",528Z,77099,CLOSED,2022-02-18,05:14 AM
185849,Tree Removal,2022-02-18 06:47 AM,Tree Removal Inspection,TREEMAINTENANCE,"UF - BHATTARAI, NIMESH",633 HAWTHORNE ST,"2, ZONE",493S,77006,CLOSED,2022-02-18,06:47 AM
185850,Tree Trim,2022-02-18 08:34 AM,Tree Trim Inspection,TREEMAINTENANCE,"UF - BHATTARAI, NIMESH",924 LOUISE ST,"3, ZONE",453T,77009,CLOSED,2022-02-18,08:34 AM
185851,Tree Trim,2022-02-18 08:52 AM,Tree Trim Inspection,TREEMAINTENANCE,"UF - BHATTARAI, NIMESH",7900 HENSON ST,"4, ZONE",455P,77028,CLOSED,2022-02-18,08:52 AM
185855,Tree Trim,2022-02-18 02:36 PM,Tree Trim Inspection,TREEMAINTENANCE,"UF - BHATTARAI, NIMESH",3317 MEMEL ST,"4, ZONE",454S,77026,CLOSED,2022-02-18,02:36 PM
185856,Tree Removal,2022-02-18 03:12 PM,Tree Removal Inspection,TREEMAINTENANCE,"EJIM, ONYEKACHI",6917 HARRISBURG BLVD,"5, ZONE",494Z,77011,CLOSED,2022-02-18,03:12 PM
185857,Tree Trim,2022-02-18 04:06 PM,Tree Trim Inspection,TREEMAINTENANCE,"UF - JONES, CODY",12411 ROCKAMPTON DR,"7, ZONE",570A,77031,CLOSED,2022-02-18,04:06 PM
185858,Tree Trim,2022-02-18 05:04 PM,Tree Trim Inspection,TREEMAINTENANCE,"UF - BHATTARAI, NIMESH",147 HAHLO ST,"4, ZONE",494D,77020,CLOSED,2022-02-18,05:04 PM
185859,Tree Protection Rev,2022-02-18 05:46 PM,Tree Protection Review Inspection,TREEPROTECTION,"UF - BHATTARAI, NIMESH",5700 DARLING ST,"3, ZONE",492B,77007,CLOSED,2022-02-18,05:46 PM
185860,Tree Removal,2022-02-19 09:47 AM,Tree Removal Inspection,TREEMAINTENANCE,"UF - JONES, CODY",14323 BUFFALO SPWY,"7, ZONE",572P,77045,CLOSED,2022-02-19,09:47 AM
185861,Tree Trim,2022-02-19 11:15 AM,Tree Trim Inspection,TREEMAINTENANCE,"UF - BHATTARAI, NIMESH",3611 MILLSPRING DR,"3, ZONE",450L,77080,CLOSED,2022-02-19,11:15 AM
185862,Tree Planting,2022-02-19 04:31 PM,Tree Planting Inspection,TREEPROTECTION,"UF - JONES, CODY",12818 NEWBROOK DR,"2, ZONE",528R,77072,CLOSED,2022-02-19,04:31 PM
185863,Tree Trim,2022-02-19 04:34 PM,Tree Trim Inspection,TREEMAINTENANCE,"UF - JONES, CODY",5325 FAYETTE ST,"2, ZONE",491U,77056,CLOSED,2022-02-19,04:34 PM
185864,Tree Removal,2022-02-20 09:56 AM,Tree Removal Inspection,TREEMAINTENANCE,"EJIM, ONYEKACHI",1827 WICHITA ST,"7, ZONE",493X,77004,CLOSED,2022-02-20,09:56 AM
185871,Tree Trim,2022-02-21 10:05 AM,Tree Trim Inspection,TREEMAINTENANCE,"UF - JONES, CODY",534 RAMBLEWOOD RD,"2, ZONE",489E,77079,CLOSED,2022-02-21,10:05 AM
185872,Tree Trim,2022-02-21 10:06 AM,Tree Trim Inspection,TREEMAINTENANCE,"UF - JONES, CODY",400 REGENTVIEW DR,"2, ZONE",489E,77079,CLOSED,2022-02-21,10:06 AM
185873,Tree Trim,2022-02-21 10:08 AM,Tree Trim Inspection,TREEMAINTENANCE,"UF - JONES, CODY",623 W FOREST DR,"2, ZONE",489E,77079,CLOSED,2022-02-21,10:08 AM
185874,Tree Trim,2022-02-21 10:36 AM,Tree Trim Inspection,TREEMAINTENANCE,"UF - JONES, CODY",4926 GATEWOOD AVE,"7, ZONE",571V,77053,CLOSED,2022-02-21,10:36 AM
185875,Tree Removal,2022-02-21 10:48 AM,Tree Removal Inspection,TREEMAINTENANCE,"UF - BHATTARAI, NIMESH",325 W 26TH ST,"3, ZONE",452V,77008,CLOSED,2022-02-21,10:48 AM
185877,Tree Removal,2022-02-21 11:06 AM,Tree Removal Inspection,TREEMAINTENANCE,"EJIM, ONYEKACHI",5830 SOUTHWELL ST,"6, ZONE",534P,77033,CLOSED,2022-02-21,11:06 AM
185879,Tree Removal,2022-02-21 12:18 PM,Tree Removal Inspection,TREEMAINTENANCE,"UF - BHATTARAI, NIMESH",6118 PALM RIDGE CT,"4, ZONE",338A,77345,CLOSED,2022-02-21,12:18 PM
185880,Tree Trim,2022-02-21 02:32 PM,Tree Trim Inspection,TREEMAINTENANCE,"EJIM, ONYEKACHI",611 ROPER ST,"5, ZONE",576F,77034,CLOSED,2022-02-21,02:32 PM
185881,Tree Trim,2022-02-21 02:46 PM,Tree Trim Inspection,TREEMAINTENANCE,"UF - BHATTARAI, NIMESH",2017 HOPKINS ST,"2, ZONE",493N,77006,CLOSED,2022-02-21,02:46 PM
185882,Tree Removal,2022-02-21 02:46 PM,Tree Removal Inspection,TREEMAINTENANCE,"UF - JONES, CODY",12612 ARP ST,"7, ZONE",570R,77085,CLOSED,2022-02-21,02:46 PM
185883,Tree Trim,2022-02-21 02:46 PM,Tree Trim Inspection,TREEMAINTENANCE,"UF - BHATTARAI, NIMESH",2015 HOPKINS ST,"2, ZONE",493N,77006,CLOSED,2022-02-21,02:46 PM
185884,Tree Trim,2022-02-21 03:17 PM,Tree Trim Inspection,TREEMAINTENANCE,"UF - JONES, CODY",5014 STILLBROOKE DR,"7, ZONE",531Y,77035,CLOSED,2022-02-21,03:17 PM
185885,Tree Trim,2022-02-21 03:28 PM,Tree Trim Inspection,TREEMAINTENANCE,"EJIM, ONYEKACHI",3509 NATHANIEL BROWN ST,"6, ZONE",533P,77021,CLOSED,2022-02-21,03:28 PM
185886,Tree Removal,2022-02-22 09:44 AM,Tree Removal Inspection,TREEMAINTENANCE,"UF - JONES, CODY",5903 WARM SPRINGS RD,"7, ZONE",571A,77035,CLOSED,2022-02-22,09:44 AM
185887,Tree Removal,2022-02-22 09:56 AM,Tree Removal Inspection,TREEMAINTENANCE,"EJIM, ONYEKACHI",4520 SHARON ST,"5, ZONE",494F,77020,CLOSED,2022-02-22,09:56 AM
185888,Tree Trim,2022-02-22 10:30 AM,Tree Trim Inspection,TREEMAINTENANCE,"UF - BHATTARAI, NIMESH",1502 ARLINGTON ST,"3, ZONE",453W,77008,CLOSED,2022-02-22,10:30 AM
185889,Tree Removal,2022-02-22 10:36 AM,Tree Removal Inspection,TREEMAINTENANCE,"UF - JONES, CODY",7526 RENWICK DR,"7, ZONE",531J,77081,CLOSED,2022-02-22,10:36 AM
185890,Tree Trim,2022-02-22 11:09 AM,Tree Trim Inspection,TREEMAINTENANCE,"UF - JONES, CODY",8314 KNIGHT RD,"7, ZONE",532R,77054,CLOSED,2022-02-22,11:09 AM
185891,Tree Trim,2022-02-22 11:24 AM,Tree Trim Inspection,TREEMAINTENANCE,"EJIM, ONYEKACHI",6322 CRESTVILLE ST,"6, ZONE",534P,77033,CLOSED,2022-02-22,11:24 AM
185893,Tree Trim,2022-02-22 12:30 PM,Tree Trim Inspection,TREEMAINTENANCE,"UF - BHATTARAI, NIMESH",800 COMMERCE ST,"1, ZONE",493L,77002,CLOSED,2022-02-22,12:30 PM
185894,Tree Trim,2022-02-22 01:19 PM,Tree Trim Inspection,TREEMAINTENANCE,"UF - BHATTARAI, NIMESH",2612 CORTLANDT ST,"3, ZONE",453S,77008,CLOSED,2022-02-22,01:19 PM
185895,Tree Removal,2022-02-22 01:49 PM,Tree Removal Inspection,TREEMAINTENANCE,"UF - JONES, CODY",1901 WELCH ST,"2, ZONE",492R,77006,CLOSED,2022-02-22,01:49 PM
185896,Tree Trim,2022-02-22 02:01 PM,Tree Trim Inspection,TREEMAINTENANCE,"UF - JONES, CODY",8601 BOB WHITE DR,"7, ZONE",530R,77074,CLOSED,2022-02-22,02:01 PM
185898,Tree Trim,2022-02-22 02:53 PM,Tree Trim Inspection,TREEMAINTENANCE,"UF - BHATTARAI, NIMESH",9314 SPAULDING ST,"4, ZONE",454D,77016,CLOSED,2022-02-22,02:53 PM
185900,Tree Removal,2022-02-22 04:26 PM,Tree Removal Inspection,TREEMAINTENANCE,"UF - BHATTARAI, NIMESH",9400 SPAULDING ST,"4, ZONE",454D,77016,CLOSED,2022-02-22,04:26 PM
185901,Tree Trim,2022-02-22 05:12 PM,Tree Trim Inspection,TREEMAINTENANCE,"EJIM, ONYEKACHI",4323 HOLLOWAY DR,"6, ZONE",573G,77047,CLOSED,2022-02-22,05:12 PM
185902,Tree Removal,2022-02-22 06:09 PM,Tree Removal Inspection,TREEMAINTENANCE,"EJIM, ONYEKACHI",2227 RUNNELS ST,"5, ZONE",494J,77003,CLOSED,2022-02-22,06:09 PM
185903,Tree Trim,2022-02-23 09:15 AM,Tree Trim Inspection,TREEMAINTENANCE,"EJIM, ONYEKACHI",9721 CHATFIELD DR,"7, ZONE",532P,77025,CLOSED,2022-02-23,09:15 AM
185904,Tree Removal,2022-02-23 10:09 AM,Tree Removal Inspection,TREEMAINTENANCE,"EJIM, ONYEKACHI",10803 SAGEBLUFF DR,"6, ZONE",616A,77089,CLOSED,2022-02-23,10:09 AM
185905,Tree Trim,2022-02-23 10:18 AM,Tree Trim Inspection,TREEMAINTENANCE,"UF - BHATTARAI, NIMESH",10220 SHADY LN (SHADY LANE PARK),"4, ZONE",414W,77093,CLOSED,2022-02-23,10:18 AM
185906,Tree Trim,2022-02-23 11:12 AM,Tree Trim Inspection,TREEMAINTENANCE,"UF - BHATTARAI, NIMESH",2205 WAVELL ST,"3, ZONE",412N,77088,CLOSED,2022-02-23,11:12 AM
185907,Tree Removal,2022-02-23 12:41 PM,Tree Removal Inspection,TREEMAINTENANCE,"UF - JONES, CODY",11200 BRIAR FOREST DR,"2, ZONE",489P,77042,CLOSED,2022-02-23,12:41 PM
185908,Tree Removal,2022-02-23 12:51 PM,Tree Removal Inspection,TREEMAINTENANCE,"UF - JONES, CODY",1410 S DAIRY ASHFORD RD,"2, ZONE",488M,77077,CLOSED,2022-02-23,12:51 PM
185909,Tree Removal,2022-02-23 12:56 PM,Tree Removal Inspection,TREEMAINTENANCE,"UF - JONES, CODY",1322 S DAIRY ASHFORD RD,"2, ZONE",488M,77077,CLOSED,2022-02-23,12:56 PM
185910,Tree Trim,2022-02-23 01:14 PM,Tree Trim Inspection,TREEMAINTENANCE,"EJIM, ONYEKACHI",6703 ALDER DR,"7, ZONE",531F,77081,CLOSED,2022-02-23,01:14 PM
185911,Tree Removal,2022-02-23 02:51 PM,Tree Removal Inspection,TREEMAINTENANCE,"UF - BHATTARAI, NIMESH",2403 1ST ST,"4, ZONE",336N,77338,CLOSED,2022-02-23,02:51 PM
185912,Tree Removal,2022-02-23 03:24 PM,Tree Removal Inspection,TREEMAINTENANCE,"EJIM, ONYEKACHI",5223 BRAESHEATHER DR,"7, ZONE",531T,77096,CLOSED,2022-02-23,03:24 PM
185913,Tree Trim,2022-02-23 03:29 PM,Tree Trim Inspection,TREEMAINTENANCE,"EJIM, ONYEKACHI",8156 OGDEN ST,"5, ZONE",535P,77017,CLOSED,2022-02-23,03:29 PM
185914,Tree Trim,2022-02-23 03:36 PM,Tree Trim Inspection,TREEMAINTENANCE,"EJIM, ONYEKACHI",3333 ALABAMA ST,"6, ZONE",493Z,77004,CLOSED,2022-02-23,03:36 PM
185915,Tree Removal,2022-02-23 04:33 PM,Tree Removal Inspection,TREEMAINTENANCE,"UF - BHATTARAI, NIMESH",7030 BRETSHIRE DR,"4, ZONE",454D,77016,CLOSED,2022-02-23,04:33 PM
185918,Tree Removal,2022-02-23 05:55 PM,Tree Removal Inspection,TREEMAINTENANCE,"UF - JONES, CODY",13702 BROKEN BRIDGE DR,"7, ZONE",571J,77085,CLOSED,2022-02-23,05:55 PM
185919,Tree Removal,2022-02-23 08:58 PM,Tree Removal Inspection,TREEMAINTENANCE,"UF - JONES, CODY",11611 HILLCROFT AVE,"7, ZONE",571A,77035,CLOSED,2022-02-23,08:58 PM
185923,Tree Protection Rev,2022-02-24 08:31 AM,Tree Protection Review Inspection,TREEPROTECTION,"UF - JONES, CODY",6000 FANNIN ST (HERMANN PARK - MCGOVERN LAKE),"7, ZONE",533A,77030,CLOSED,2022-02-24,08:31 AM
185924,Tree Trim,2022-02-24 09:19 AM,Tree Trim Inspection,TREEMAINTENANCE,"UF - JONES, CODY",6000 FANNIN ST (HERMANN PARK - MCGOVERN LAKE),"7, ZONE",533A,77030,CLOSED,2022-02-24,09:19 AM
185926,Tree Trim,2022-02-24 11:47 AM,Tree Trim Inspection,TREEMAINTENANCE,"UF - BHATTARAI, NIMESH",2900 KINGWOOD DR,"4, ZONE",336D,77339,CLOSED,2022-02-24,11:47 AM
185927,Tree Removal,2022-02-24 11:55 AM,Tree Removal Inspection,TREEMAINTENANCE,"UF - BHATTARAI, NIMESH",2424 E T C JESTER BLVD,"3, ZONE",452T,77008,CLOSED,2022-02-24,11:55 AM
185929,Tree Removal,2022-02-24 01:05 PM,Tree Removal Inspection,TREEMAINTENANCE,"UF - JONES, CODY",2340 GOLDSMITH ST,"7, ZONE",532G,77030,CLOSED,2022-02-24,01:05 PM
185931,Tree Trim,2022-02-24 01:38 PM,Tree Trim Inspection,TREEMAINTENANCE,"UF - JONES, CODY",4159 BUGLE RD,"2, ZONE",529B,77072,CLOSED,2022-02-24,01:38 PM
185933,Tree Trim,2022-02-24 02:03 PM,Tree Trim Inspection,TREEMAINTENANCE,"UF - BHATTARAI, NIMESH",6510 W MONTGOMERY RD,"3, ZONE",412Y,77091,CLOSED,2022-02-24,02:03 PM
185934,Tree Trim,2022-02-25 12:00 AM,Tree Trim Inspection,TREEMAINTENANCE,"UF - BHATTARAI, NIMESH",3324 NORTHPARK DR,"4, ZONE",297S,77339,CLOSED,2022-02-25,12:00 AM
185936,Tree Trim,2022-02-25 09:38 AM,Tree Trim Inspection,TREEMAINTENANCE,"UF - BURKES, JEREMY",6510 W MONTGOMERY RD,"3, ZONE",412Y,77091,CLOSED,2022-02-25,09:38 AM
185937,Tree Trim,2022-02-25 10:59 AM,Tree Trim Inspection,TREEMAINTENANCE,"EJIM, ONYEKACHI",5854 THRUSH DR,"6, ZONE",534X,77033,CLOSED,2022-02-25,10:59 AM
185939,Tree Trim,2022-02-25 02:42 PM,Tree Trim Inspection,TREEMAINTENANCE,"EJIM, ONYEKACHI",500 MCKINNEY ST,"1, ZONE",493L,77002,CLOSED,2022-02-25,02:42 PM
185940,Tree Removal,2022-02-25 02:48 PM,Tree Removal Inspection,TREEMAINTENANCE,"EJIM, ONYEKACHI",500 MCKINNEY ST,"1, ZONE",493L,77002,CLOSED,2022-02-25,02:48 PM
185941,Tree Trim,2022-02-25 05:28 PM,Tree Trim Inspection,TREEMAINTENANCE,"UF - BHATTARAI, NIMESH",638 E 11TH 1/2 ST,"3, ZONE",453W,77008,CLOSED,2022-02-25,05:28 PM
185942,Tree Trim,2022-02-27 02:26 PM,Tree Trim Inspection,TREEMAINTENANCE,"UF - JONES, CODY",2900 HILLCROFT AVE,"2, ZONE",490V,77063,CLOSED,2022-02-27,02:26 PM
185944,Tree Removal,2022-02-27 07:37 PM,Tree Removal Inspection,TREEMAINTENANCE,"EJIM, ONYEKACHI",727 SCHWARTZ ST,"5, ZONE",494J,77020,CLOSED,2022-02-27,07:37 PM
185945,Tree Trim,2022-02-28 08:13 AM,Tree Trim Inspection,TREEMAINTENANCE,"UF - BURKES, JEREMY",2208 BRENTWOOD DR,"2, ZONE",492Q,77019,CLOSED,2022-02-28,08:13 AM
185946,Tree Trim,2022-02-28 08:23 AM,Tree Trim Inspection,TREEMAINTENANCE,"UF - BHATTARAI, NIMESH",460 T C JESTER BLVD,"3, ZONE",492C,77007,CLOSED,2022-02-28,08:23 AM
185947,Tree Removal,2022-02-28 08:48 AM,Tree Removal Inspection,TREEMAINTENANCE,"EJIM, ONYEKACHI",2600 N CALUMET ST,"6, ZONE",533B,77004,CLOSED,2022-02-28,08:48 AM
185948,Tree Trim,2022-02-28 09:15 AM,Tree Trim Inspection,TREEMAINTENANCE,"EJIM, ONYEKACHI",5759 WILLOWBEND BLVD,"7, ZONE",531W,77096,CLOSED,2022-02-28,09:15 AM
185950,Tree Removal,2022-02-28 10:24 AM,Tree Removal Inspection,TREEMAINTENANCE,"EJIM, ONYEKACHI",7323 KRUEGER RD,"6, ZONE",534S,77033,CLOSED,2022-02-28,10:24 AM
185951,Tree Removal,2022-02-28 10:37 AM,Tree Removal Inspection,TREEMAINTENANCE,"UF - BHATTARAI, NIMESH",908 HIGHLAND ST,"3, ZONE",493B,77009,CLOSED,2022-02-28,10:37 AM
185952,Tree Trim,2022-02-28 11:40 AM,Tree Trim Inspection,TREEMAINTENANCE,"UF - JONES, CODY",10019 BRIAR FOREST DR,"2, ZONE",489R,77042,CLOSED,2022-02-28,11:40 AM
185953,Tree Removal,2022-02-28 12:01 PM,Tree Removal Inspection,TREEMAINTENANCE,"UF - BHATTARAI, NIMESH",405 PECORE ST,"3, ZONE",453X,77009,CLOSED,2022-02-28,12:01 PM
185954,Tree Removal,2022-02-28 01:29 PM,Tree Removal Inspection,TREEMAINTENANCE,"EJIM, ONYEKACHI",10926 ASHCROFT DR,"7, ZONE",531W,77096,CLOSED,2022-02-28,01:29 PM
185956,Tree Trim,2022-02-28 02:00 PM,Tree Trim Inspection,TREEMAINTENANCE,"UF - JONES, CODY",COLORADO ST,"2, ZONE",493F,77007,CLOSED,2022-02-28,02:00 PM
185958,Tree Removal,2022-02-28 02:33 PM,Tree Removal Inspection,TREEMAINTENANCE,"UF - JONES, CODY",7207 LONGVINE DR,"2, ZONE",528M,77072,CLOSED,2022-02-28,02:33 PM
185964,Tree Trim,2022-02-28 03:03 PM,Tree Trim Inspection,TREEMAINTENANCE,"EJIM, ONYEKACHI",5738 N BRAESWOOD BLVD,"7, ZONE",531S,77096,CLOSED,2022-02-28,03:03 PM
185967,Tree Removal,2022-02-28 03:47 PM,Tree Removal Inspection,TREEMAINTENANCE,"EJIM, ONYEKACHI",4060 WYNE,"5, ZONE",535Q,77017,CLOSED,2022-02-28,03:47 PM
185968,Tree Trim,2022-02-28 04:31 PM,Tree Trim Inspection,TREEMAINTENANCE,"UF - BHATTARAI, NIMESH",7023 WAGONWHEEL LN,"3, ZONE",411T,77088,CLOSED,2022-02-28,04:31 PM
185969,Tree Removal,2022-02-28 04:52 PM,Tree Removal Inspection,TREEMAINTENANCE,"UF - JONES, CODY",416 BOMAR ST,"2, ZONE",493N,77006,CLOSED,2022-02-28,04:52 PM
185970,Tree Trim,2022-02-28 10:26 PM,Tree Trim Inspection,TREEMAINTENANCE,"EJIM, ONYEKACHI",2711 FOREST OAKS BLVD,"5, ZONE",536S,77017,CLOSED,2022-02-28,10:26 PM
185971,Tree Removal,2022-03-01 06:42 AM,Tree Removal Inspection,TREEMAINTENANCE,"UF - JONES, CODY",808 LOVETT BLVD,"2, ZONE",493S,77006,CLOSED,2022-03-01,06:42 AM
185972,Tree Removal,2022-03-01 07:43 AM,Tree Removal Inspection,TREEMAINTENANCE,"UF - BHATTARAI, NIMESH",7727 ANTOINE DR,"3, ZONE",411Q,77088,CLOSED,2022-03-01,07:43 AM
185973,Tree Trim,2022-03-01 08:03 AM,Tree Trim Inspection,TREEMAINTENANCE,"UF - BHATTARAI, NIMESH",5798 W 43RD ST,"3, ZONE",451F,77092,CLOSED,2022-03-01,08:03 AM
185974,Tree Removal,2022-03-01 09:07 AM,Tree Removal Inspection,TREEMAINTENANCE,"EJIM, ONYEKACHI",11655 CHIMNEY ROCK RD (CHIMNEY ROCK PARK),"7, ZONE",571B,77035,CLOSED,2022-03-01,09:07 AM
185975,Tree Removal,2022-03-01 09:50 AM,Tree Removal Inspection,TREEMAINTENANCE,"EJIM, ONYEKACHI",6422 PINEHURST DR,"5, ZONE",494Y,77023,CLOSED,2022-03-01,09:50 AM
185976,Tree Trim,2022-03-01 10:56 AM,Tree Trim Inspection,TREEMAINTENANCE,"EJIM, ONYEKACHI",15806 CASTORGLEN DR,"5, ZONE",617R,77598,CLOSED,2022-03-01,10:56 AM
185977,Tree Trim,2022-03-01 11:32 AM,Tree Trim Inspection,TREEMAINTENANCE,"UF - BHATTARAI, NIMESH",119 E 20TH ST,"3, ZONE",453S,77008,CLOSED,2022-03-01,11:32 AM
185978,Tree Trim,2022-03-01 11:45 AM,Tree Trim Inspection,TREEMAINTENANCE,"UF - BHATTARAI, NIMESH",3003 ELLA BLVD,"3, ZONE",452P,77018,CLOSED,2022-03-01,11:45 AM
185979,Tree Trim,2022-03-01 01:48 PM,Tree Trim Inspection,TREEMAINTENANCE,"UF - JONES, CODY",1511 ASHBURY PARK DR,"2, ZONE",488K,77077,CLOSED,2022-03-01,01:48 PM
185982,Tree Trim,2022-03-01 04:36 PM,Tree Trim Inspection,TREEMAINTENANCE,"EJIM, ONYEKACHI",7627 QUAIL MEADOW DR,"7, ZONE",570C,77071,CLOSED,2022-03-01,04:36 PM
185983,Tree Trim,2022-03-01 05:01 PM,Tree Trim Inspection,TREEMAINTENANCE,"EJIM, ONYEKACHI",11319 BAYOU PLACE LN,"2, ZONE",529X,77099,CLOSED,2022-03-01,05:01 PM
185984,Tree Removal,2022-03-01 05:01 PM,Tree Removal Inspection,TREEMAINTENANCE,"UF - BHATTARAI, NIMESH",7111 CERCA CT,"3, ZONE",371W,77086,CLOSED,2022-03-01,05:01 PM
185986,Tree Removal,2022-03-02 07:57 AM,Tree Removal Inspection,TREEMAINTENANCE,"EJIM, ONYEKACHI",1300 EDDINGTON ST,"5, ZONE",494T,77023,CLOSED,2022-03-02,07:57 AM
185987,Tree Trim,2022-03-02 08:18 AM,Tree Trim Inspection,TREEMAINTENANCE,"UF - JONES, CODY",615 W GRAY ST,"2, ZONE",493N,77006,CLOSED,2022-03-02,08:18 AM
185988,Tree Removal,2022-03-02 08:39 AM,Tree Removal Inspection,TREEMAINTENANCE,"UF - BHATTARAI, NIMESH",7002 BLANDFORD LN,"3, ZONE",451Y,77055,CLOSED,2022-03-02,08:39 AM
185991,Tree Removal,2022-03-02 09:53 AM,Tree Removal Inspection,TREEMAINTENANCE,"UF - JONES, CODY",9415 LEADER ST,"2, ZONE",529H,77036,CLOSED,2022-03-02,09:53 AM
185993,Tree Removal,2022-03-02 10:52 AM,Tree Removal Inspection,TREEMAINTENANCE,"UF - JONES, CODY",5919 BANKSIDE DR,"7, ZONE",531W,77096,CLOSED,2022-03-02,10:52 AM
185994,Tree Removal,2022-03-02 10:59 AM,Tree Removal Inspection,TREEMAINTENANCE,"UF - BURKES, JEREMY",12025 SOWDEN RD,"3, ZONE",451J,77055,CLOSED,2022-03-02,10:59 AM
185995,Tree Removal,2022-03-02 11:00 AM,Tree Removal Inspection,TREEMAINTENANCE,"UF - BHATTARAI, NIMESH",2723 MILLS BRANCH DR,"4, ZONE",297U,77345,CLOSED,2022-03-02,11:00 AM
185997,Tree Planting,2022-03-02 11:44 AM,Tree Planting Inspection,TREEPROTECTION,"UF - BHATTARAI, NIMESH",1015 HEIGHTS BLVD,"3, ZONE",493A,77008,CLOSED,2022-03-02,11:44 AM
185999,Tree Removal,2022-03-02 12:11 PM,Tree Removal Inspection,TREEMAINTENANCE,"UF - BHATTARAI, NIMESH",7211 COCHRAN ST,"4, ZONE",453M,77022,CLOSED,2022-03-02,12:11 PM
186000,Tree Removal,2022-03-02 01:27 PM,Tree Removal Inspection,TREEMAINTENANCE,"EJIM, ONYEKACHI",1212 ST CHARLES ST,"5, ZONE",493R,77003,CLOSED,2022-03-02,01:27 PM
186001,Tree Trim,2022-03-02 01:48 PM,Tree Trim Inspection,TREEMAINTENANCE,"UF - BHATTARAI, NIMESH",1391 W GULF BANK RD,"3, ZONE",412Q,77088,CLOSED,2022-03-02,01:48 PM
186002,Tree Removal,2022-03-02 02:30 PM,Tree Removal Inspection,TREEMAINTENANCE,"UF - JONES, CODY",8110 BOB WHITE DR,"7, ZONE",530M,77074,CLOSED,2022-03-02,02:30 PM
186004,Tree Trim,2022-03-02 03:45 PM,Tree Trim Inspection,TREEMAINTENANCE,"UF - BHATTARAI, NIMESH",9130 BAUMAN RD,"4, ZONE",453G,77022,CLOSED,2022-03-02,03:45 PM
186007,Tree Trim,2022-03-02 05:04 PM,Tree Trim Inspection,TREEMAINTENANCE,"EJIM, ONYEKACHI",9702 EASTHAVEN BLVD,"6, ZONE",575M,77075,CLOSED,2022-03-02,05:04 PM
186008,Tree Removal,2022-03-02 06:07 PM,Tree Removal Inspection,TREEMAINTENANCE,"UF - BHATTARAI, NIMESH",7727 ANTOINE DR,"3, ZONE",411Q,77088,CLOSED,2022-03-02,06:07 PM
186010,Tree Removal,2022-03-03 09:19 AM,Tree Removal Inspection,TREEMAINTENANCE,"UF - JONES, CODY",9318 LEADER ST,"2, ZONE",530E,77036,CLOSED,2022-03-03,09:19 AM
186011,Tree Removal,2022-03-03 10:02 AM,Tree Removal Inspection,TREEMAINTENANCE,"UF - BHATTARAI, NIMESH",1619 SAM WILSON ST,"4, ZONE",494G,77020,CLOSED,2022-03-03,10:02 AM
186013,Tree Trim,2022-03-03 10:13 AM,Tree Trim Inspection,TREEMAINTENANCE,"UF - JONES, CODY",4053 MCDERMED DR,"7, ZONE",532S,77025,CLOSED,2022-03-03,10:13 AM
186014,Tree Removal,2022-03-03 11:59 AM,Tree Removal Inspection,TREEMAINTENANCE,"UF - BHATTARAI, NIMESH",2400 W 11TH ST (LORAINE CHERRY NATURE PRESERVE),"3, ZONE",492B,77008,CLOSED,2022-03-03,11:59 AM
186015,Tree Removal,2022-03-03 01:04 PM,Tree Removal Inspection,TREEMAINTENANCE,"UF - BHATTARAI, NIMESH",2025 W 11TH ST,"3, ZONE",452Y,77008,CLOSED,2022-03-03,01:04 PM
186016,Tree Removal,2022-03-03 01:48 PM,Tree Removal Inspection,TREEMAINTENANCE,"UF - BHATTARAI, NIMESH",4111 EUROPA ST,"3, ZONE",453J,77022,CLOSED,2022-03-03,01:48 PM
186017,Tree Removal,2022-03-03 02:00 PM,Tree Removal Inspection,TREEMAINTENANCE,"UF - JONES, CODY",11215 SHARPVIEW DR,"2, ZONE",529K,77072,CLOSED,2022-03-03,02:00 PM
186018,Tree Trim,2022-03-03 02:00 PM,Tree Trim Inspection,TREEMAINTENANCE,"UF - BHATTARAI, NIMESH",2049 SHERWOOD FOREST ST,"3, ZONE",449T,77043,CLOSED,2022-03-03,02:00 PM
186019,Tree Removal,2022-03-03 02:36 PM,Tree Removal Inspection,TREEMAINTENANCE,"UF - BHATTARAI, NIMESH",1321 SHORE SHADOW DR,"4, ZONE",338C,77336,CLOSED,2022-03-03,02:36 PM
186027,Tree Removal,2022-03-04 08:52 AM,Tree Removal Inspection,TREEMAINTENANCE,"UF - BHATTARAI, NIMESH",4020 RUSTIC WOODS DR,"4, ZONE",337B,77339,CLOSED,2022-03-04,08:52 AM
186029,Tree Removal,2022-03-04 12:21 PM,Tree Removal Inspection,TREEMAINTENANCE,"UF - JONES, CODY",4053 MCDERMED DR,"7, ZONE",532S,77025,CLOSED,2022-03-04,12:21 PM
186030,Tree Removal,2022-03-04 12:33 PM,Tree Removal Inspection,TREEMAINTENANCE,"EJIM, ONYEKACHI",10926 KEESE DR,"6, ZONE",576S,77089,CLOSED,2022-03-04,12:33 PM
186031,Tree Removal,2022-03-04 01:36 PM,Tree Removal Inspection,TREEMAINTENANCE,"EJIM, ONYEKACHI",3004 CANAL ST,"5, ZONE",494N,77003,CLOSED,2022-03-04,01:36 PM
186032,Tree Trim,2022-03-04 02:55 PM,Tree Trim Inspection,TREEMAINTENANCE,"EJIM, ONYEKACHI",355 RICHVALE LN,"5, ZONE",617R,77598,CLOSED,2022-03-04,02:55 PM
186033,Tree Trim,2022-03-04 02:58 PM,Tree Trim Inspection,TREEMAINTENANCE,"EJIM, ONYEKACHI",367 RICHVALE LN,"5, ZONE",617R,77598,CLOSED,2022-03-04,02:58 PM
186034,Tree Trim,2022-03-04 03:01 PM,Tree Trim Inspection,TREEMAINTENANCE,"EJIM, ONYEKACHI",419 RICHVALE LN,"5, ZONE",618N,77598,CLOSED,2022-03-04,03:01 PM
186035,Tree Trim,2022-03-04 03:02 PM,Tree Trim Inspection,TREEMAINTENANCE,"EJIM, ONYEKACHI",411 RICHVALE LN,"5, ZONE",618N,77598,CLOSED,2022-03-04,03:02 PM
186036,Tree Removal,2022-03-04 04:25 PM,Tree Removal Inspection,TREEMAINTENANCE,"UF - BHATTARAI, NIMESH",601 AURORA ST,"3, ZONE",453S,77008,CLOSED,2022-03-04,04:25 PM
186037,Tree Code Violation,2022-03-04 04:59 PM,Tree Code Violation Inspection,TREEPROTECTION,"UF - JONES, CODY",7107 AUGUSTINE DR,"2, ZONE",530E,77036,CLOSED,2022-03-04,04:59 PM
186038,Tree Removal,2022-03-04 05:01 PM,Tree Removal Inspection,TREEMAINTENANCE,"UF - JONES, CODY",8806 EDGEMOOR DR,"2, ZONE",530E,77036,CLOSED,2022-03-04,05:01 PM
186039,Tree Removal,2022-03-05 10:08 AM,Tree Removal Inspection,TREEMAINTENANCE,"EJIM, ONYEKACHI",1118 EVERGREEN DR,"5, ZONE",535A,77087,CLOSED,2022-03-05,10:08 AM
186040,Tree Removal,2022-03-05 11:47 AM,Tree Removal Inspection,TREEMAINTENANCE,"UF - BURKES, JEREMY","12025 SOWDEN RD,HOUSTON,77055","3, ZONE",451J      ,5060d,CLOSED,2022-03-05,11:47 AM
186041,Tree Trim,2022-03-05 12:09 PM,Tree Trim Inspection,TREEMAINTENANCE,"UF - BURKES, JEREMY","12025 SOWDEN RD,HOUSTON,77055","3, ZONE",451J      ,5060d,CLOSED,2022-03-05,12:09 PM
186042,Tree Removal,2022-03-05 12:32 PM,Tree Removal Inspection,TREEMAINTENANCE,"UF - BURKES, JEREMY",12025 SOWDEN RD,"3, ZONE",451J,77055,CLOSED,2022-03-05,12:32 PM
186043,Tree Trim,2022-03-05 01:54 PM,Tree Trim Inspection,TREEMAINTENANCE,"UF - JONES, CODY",4502 W ALABAMA ST,"2, ZONE",491V,77027,CLOSED,2022-03-05,01:54 PM
186044,Tree Removal,2022-03-05 03:43 PM,Tree Removal Inspection,TREEMAINTENANCE,"UF - JONES, CODY",2221 AVALON PL,"2, ZONE",492Q,77019,CLOSED,2022-03-05,03:43 PM
186045,Tree Removal,2022-03-05 04:01 PM,Tree Removal Inspection,TREEMAINTENANCE,"EJIM, ONYEKACHI",SPACE CENTER BLVD & CLEAR LAKE CITY BLVD,"5, ZONE",618A,77062,CLOSED,2022-03-05,04:01 PM
186046,Tree Removal,2022-03-06 02:52 AM,Tree Removal Inspection,TREEMAINTENANCE,"EJIM, ONYEKACHI",541 S 75TH ST,"5, ZONE",535A,77023,CLOSED,2022-03-06,02:52 AM
186047,Tree Trim,2022-03-06 04:33 PM,Tree Trim Inspection,TREEMAINTENANCE,"UF - BHATTARAI, NIMESH",6710 RADCLIFFE ST,"3, ZONE",412Y,77091,CLOSED,2022-03-06,04:33 PM
186050,Tree Trim,2022-03-07 08:13 AM,Tree Trim Inspection,TREEMAINTENANCE,"UF - JONES, CODY",1885 EL PASEO ST,"7, ZONE",532R,77054,CLOSED,2022-03-07,08:13 AM
186053,Tree Trim,2022-03-07 10:10 AM,Tree Trim Inspection,TREEMAINTENANCE,"UF - JONES, CODY",6430 ROOS RD,"7, ZONE",531J,77074,CLOSED,2022-03-07,10:10 AM
186054,Tree Removal,2022-03-07 10:41 AM,Tree Removal Inspection,TREEMAINTENANCE,"EJIM, ONYEKACHI",1102 ORCHID,"5, ZONE",536N,77017,CLOSED,2022-03-07,10:41 AM
186055,Tree Trim,2022-03-07 12:44 PM,Tree Trim Inspection,TREEMAINTENANCE,"UF - BHATTARAI, NIMESH",6118 PALM RIDGE CT,"4, ZONE",338A,77345,CLOSED,2022-03-07,12:44 PM
186056,Tree Removal,2022-03-07 01:32 PM,Tree Removal Inspection,TREEMAINTENANCE,"UF - JONES, CODY",3704 WOODHEAD ST,"2, ZONE",492V,77098,CLOSED,2022-03-07,01:32 PM
186057,Tree Removal,2022-03-07 02:30 PM,Tree Removal Inspection,TREEMAINTENANCE,"EJIM, ONYEKACHI",5910 SOUTHLEA ST,"6, ZONE",534P,77033,CLOSED,2022-03-07,02:30 PM
186058,Tree Removal,2022-03-07 04:04 PM,Tree Removal Inspection,TREEMAINTENANCE,"EJIM, ONYEKACHI",110 INLANE ST,"5, ZONE",495W,77012,CLOSED,2022-03-07,04:04 PM
186059,Tree Trim,2022-03-07 05:32 PM,Tree Trim Inspection,TREEMAINTENANCE,"UF - JONES, CODY",5635 INDIAN CIR,"2, ZONE",491F,77056,CLOSED,2022-03-07,05:32 PM
186060,Tree Trim,2022-03-08 09:40 AM,Tree Trim Inspection,TREEMAINTENANCE,"EJIM, ONYEKACHI",5503 LIVORANO WAY,"6, ZONE",533F,77021,CLOSED,2022-03-08,09:40 AM
186063,Tree Trim,2022-03-08 11:08 AM,Tree Trim Inspection,TREEMAINTENANCE,"EJIM, ONYEKACHI",9911 KITTRELL ST,"5, ZONE",576E,77034,CLOSED,2022-03-08,11:08 AM
186071,Tree Removal,2022-03-08 12:59 PM,Tree Removal Inspection,TREEMAINTENANCE,"UF - JONES, CODY",300 PINEWOLD DR,"2, ZONE",491L,77056,CLOSED,2022-03-08,12:59 PM
186072,Tree Trim,2022-03-08 02:42 PM,Tree Trim Inspection,TREEMAINTENANCE,"UF - JONES, CODY",7703 RICHMOND AVE,"2, ZONE",490Z,77063,CLOSED,2022-03-08,02:42 PM
186076,Tree Trim,2022-03-09 08:22 AM,Tree Trim Inspection,TREEMAINTENANCE,"UF - BHATTARAI, NIMESH",2302 PINE TERRACE DR,"4, ZONE",336D,77339,CLOSED,2022-03-09,08:22 AM
186077,Tree Trim,2022-03-09 08:25 AM,Tree Trim Inspection,TREEMAINTENANCE,"UF - JONES, CODY",4217 ROSE ST,"2, ZONE",492H,77007,CLOSED,2022-03-09,08:25 AM
186078,Tree Removal,2022-03-09 09:05 AM,Tree Removal Inspection,TREEMAINTENANCE,"UF - JONES, CODY",2631 KNOTTY OAKS TRL,"7, ZONE",572L,77045,CLOSED,2022-03-09,09:05 AM
186083,Tree Trim,2022-03-09 11:42 AM,Tree Trim Inspection,TREEMAINTENANCE,"EJIM, ONYEKACHI",14 LATHAM ST,"5, ZONE",494U,77011,CLOSED,2022-03-09,11:42 AM
186084,Tree Trim,2022-03-09 11:54 AM,Tree Trim Inspection,TREEMAINTENANCE,"EJIM, ONYEKACHI",10718 SCOTT ST,"6, ZONE",573G,77047,CLOSED,2022-03-09,11:54 AM
186086,Tree Trim,2022-03-09 05:57 PM,Tree Trim Inspection,TREEMAINTENANCE,"UF - JONES, CODY",4326 KINGFISHER DR,"7, ZONE",531Z,77035,CLOSED,2022-03-09,05:57 PM
186087,Tree Removal,2022-03-09 11:49 PM,Tree Removal Inspection,TREEMAINTENANCE,"UF - JONES, CODY",2232 BRANARD ST,"2, ZONE",492U,77098,CLOSED,2022-03-09,11:49 PM
186091,Tree Trim,2022-03-10 09:27 AM,Tree Trim Inspection,TREEMAINTENANCE,"UF - JONES, CODY",7019 LACY HILL DR,"2, ZONE",530E,77036,CLOSED,2022-03-10,09:27 AM
186093,Tree Trim,2022-03-10 10:57 AM,Tree Trim Inspection,TREEMAINTENANCE,"EJIM, ONYEKACHI",MIDDLEBROOK DR & SPACE CENTER BLVD,"5, ZONE",618H,77058,CLOSED,2022-03-10,10:57 AM
186094,Tree Stump Grinding,2022-03-10 10:57 AM,Tree Stump Inspection,TREEMAINTENANCE,"UF - JONES, CODY",9318 LEADER ST,"2, ZONE",530E,77036,CLOSED,2022-03-10,10:57 AM
186095,Tree Trim,2022-03-10 11:15 AM,Tree Trim Inspection,TREEMAINTENANCE,"EJIM, ONYEKACHI",5138 DENORON DR,"6, ZONE",573H,77048,CLOSED,2022-03-10,11:15 AM
186096,Tree Removal,2022-03-10 11:30 AM,Tree Removal Inspection,TREEMAINTENANCE,"UF - JONES, CODY",9000 TRIOLA LN,"2, ZONE",530J,77036,CLOSED,2022-03-10,11:30 AM
186097,Tree Stump Grinding,2022-03-10 11:36 AM,Tree Stump Inspection,TREEMAINTENANCE,"UF - JONES, CODY",9402 LEADER ST,"2, ZONE",529H,77036,CLOSED,2022-03-10,11:36 AM
186098,Tree Removal,2022-03-10 11:36 AM,Tree Removal Inspection,TREEMAINTENANCE,"UF - BHATTARAI, NIMESH",7934 HANNA ST,"4, ZONE",455T,77028,CLOSED,2022-03-10,11:36 AM
186099,Tree Removal,2022-03-10 12:07 PM,Tree Removal Inspection,TREEMAINTENANCE,"UF - JONES, CODY",400 ANITA ST,"2, ZONE",493T,77006,CLOSED,2022-03-10,12:07 PM
186100,Tree Removal,2022-03-10 12:58 PM,Tree Removal Inspection,TREEMAINTENANCE,"UF - JONES, CODY",400 ANITA ST,"2, ZONE",493T,77006,CLOSED,2022-03-10,12:58 PM
186101,Tree Trim,2022-03-10 01:22 PM,Tree Trim Inspection,TREEMAINTENANCE,"UF - BHATTARAI, NIMESH",10330 CAXTON ST,"4, ZONE",414Y,77016,CLOSED,2022-03-10,01:22 PM
186102,Tree Removal,2022-03-10 01:37 PM,Tree Removal Inspection,TREEMAINTENANCE,"EJIM, ONYEKACHI",9530 KINGSVALLEY,"6, ZONE",576S,77075,CLOSED,2022-03-10,01:37 PM
186103,Tree Removal,2022-03-10 01:43 PM,Tree Removal Inspection,TREEMAINTENANCE,"UF - JONES, CODY",3210 LOUISIANA ST,"2, ZONE",493T,77006,CLOSED,2022-03-10,01:43 PM
186105,Tree Removal,2022-03-10 03:48 PM,Tree Removal Inspection,TREEMAINTENANCE,"UF - BHATTARAI, NIMESH",4408 N SHEPHERD DR,"3, ZONE",452M,77018,CLOSED,2022-03-10,03:48 PM
186107,Tree Removal,2022-03-11 09:24 AM,Tree Removal Inspection,TREEMAINTENANCE,"EJIM, ONYEKACHI",1402 HUSSION ST,"5, ZONE",494S,77003,CLOSED,2022-03-11,09:24 AM
186109,Tree Trim,2022-03-11 10:42 AM,Tree Trim Inspection,TREEMAINTENANCE,"UF - JONES, CODY",1339 W BELL ST,"2, ZONE",493N,77019,CLOSED,2022-03-11,10:42 AM
186111,Tree Trim,2022-03-11 02:54 PM,Tree Trim Inspection,TREEMAINTENANCE,"UF - JONES, CODY",201 WILCREST DR,"2, ZONE",489K,77042,CLOSED,2022-03-11,02:54 PM
186112,Tree Removal,2022-03-11 03:04 PM,Tree Removal Inspection,TREEMAINTENANCE,"UF - BHATTARAI, NIMESH",2938 KINGS FOREST DR,"4, ZONE",336D,77339,CLOSED,2022-03-11,03:04 PM
186113,Tree Trim,2022-03-11 04:06 PM,Tree Trim Inspection,TREEMAINTENANCE,"UF - BHATTARAI, NIMESH",450 W 21ST ST,"3, ZONE",452V,77008,CLOSED,2022-03-11,04:06 PM
186114,Tree Trim,2022-03-11 04:41 PM,Tree Trim Inspection,TREEMAINTENANCE,"UF - BHATTARAI, NIMESH",7331 HERSHE ST,"4, ZONE",495E,77020,CLOSED,2022-03-11,04:41 PM
186115,Tree Removal,2022-03-11 04:50 PM,Tree Removal Inspection,TREEMAINTENANCE,"EJIM, ONYEKACHI",1426 LOMBARDY ST,"5, ZONE",494X,77023,CLOSED,2022-03-11,04:50 PM
186116,House Move Route,2022-03-11 04:59 PM,House Move Route Inspection,TREEPROTECTION,"UF - BHATTARAI, NIMESH",450 W 21ST ST,"3, ZONE",452V,77008,CLOSED,2022-03-11,04:59 PM
186117,Tree Removal,2022-03-11 06:27 PM,Tree Removal Inspection,TREEMAINTENANCE,"UF - BHATTARAI, NIMESH",9603 SAN CARLOS ST,"4, ZONE",455Z,77013,CLOSED,2022-03-11,06:27 PM
186118,Tree Trim,2022-03-11 06:27 PM,Tree Trim Inspection,TREEMAINTENANCE,"UF - JONES, CODY",5262 CASTLECREEK LN,"7, ZONE",571Y,77053,CLOSED,2022-03-11,06:27 PM
186119,Tree Trim,2022-03-11 07:43 PM,Tree Trim Inspection,TREEMAINTENANCE,"UF - JONES, CODY",5122 CASTLECREEK LN,"7, ZONE",571Y,77053,CLOSED,2022-03-11,07:43 PM
186120,Tree Removal,2022-03-12 04:16 AM,Tree Removal Inspection,TREEMAINTENANCE,"UF - BHATTARAI, NIMESH",1014 HIGHLAND ST,"3, ZONE",493B,77009,CLOSED,2022-03-12,04:16 AM
186121,Tree Trim,2022-03-12 04:38 AM,Tree Trim Inspection,TREEMAINTENANCE,"EJIM, ONYEKACHI",2220 ECLIPSE ST,"3, ZONE",451H,77018,CLOSED,2022-03-12,04:38 AM
186122,Tree Removal,2022-03-12 02:47 PM,Tree Removal Inspection,TREEMAINTENANCE,"UF - JONES, CODY",4002 UNDERWOOD ST,"7, ZONE",532J,77025,CLOSED,2022-03-12,02:47 PM
186123,Tree Removal,2022-03-12 05:09 PM,Tree Removal Inspection,TREEMAINTENANCE,"UF - JONES, CODY",32 LANA LN,"2, ZONE",491V,77027,CLOSED,2022-03-12,05:09 PM
186124,Tree Removal,2022-03-13 03:19 AM,Tree Removal Inspection,TREEMAINTENANCE,"UF - JONES, CODY",6301 PRAGUE ST,"2, ZONE",492F,77007,CLOSED,2022-03-13,03:19 AM
186125,Tree Trim,2022-03-14 12:15 AM,Tree Trim Inspection,TREEMAINTENANCE,"UF - JONES, CODY",13800 WARKWORTH DR,"7, ZONE",571P,77085,CLOSED,2022-03-14,12:15 AM
186126,Tree Trim,2022-03-14 07:59 AM,Tree Trim Inspection,TREEMAINTENANCE,"EJIM, ONYEKACHI",1031 STUDE ST,"3, ZONE",493A,77007,CLOSED,2022-03-14,07:59 AM
186128,Tree Trim,2022-03-14 09:21 AM,Tree Trim Inspection,TREEMAINTENANCE,"UF - BHATTARAI, NIMESH",1422 LEDWICKE ST,"5, ZONE",495L,77029,CLOSED,2022-03-14,09:21 AM
186129,Tree Removal,2022-03-14 09:24 AM,Tree Removal Inspection,TREEMAINTENANCE,"EJIM, ONYEKACHI",18600 S PARK VIEW DR,"3, ZONE",447W,77084,CLOSED,2022-03-14,09:24 AM
186130,Tree Removal,2022-03-14 10:58 AM,Tree Removal Inspection,TREEMAINTENANCE,"EJIM, ONYEKACHI",4100 WATONGA BLVD,"3, ZONE",451M,77092,CLOSED,2022-03-14,10:58 AM
186131,Tree Removal,2022-03-14 01:10 PM,Tree Removal Inspection,TREEMAINTENANCE,"UF - JONES, CODY",1411 WINROCK BLVD,"2, ZONE",491N,77057,CLOSED,2022-03-14,01:10 PM
186132,Tree Removal,2022-03-14 01:43 PM,Tree Removal Inspection,TREEMAINTENANCE,"UF - JONES, CODY",1400 WAUGH DR,"2, ZONE",492R,77019,CLOSED,2022-03-14,01:43 PM
186133,Tree Trim,2022-03-14 02:05 PM,Tree Trim Inspection,TREEMAINTENANCE,"UF - BHATTARAI, NIMESH",918 CLINTON PARK ST,"5, ZONE",495V,77029,CLOSED,2022-03-14,02:05 PM
186134,Tree Removal,2022-03-14 02:05 PM,Tree Removal Inspection,TREEMAINTENANCE,"UF - JONES, CODY",7903 PELLA DR,"2, ZONE",530J,77036,CLOSED,2022-03-14,02:05 PM
186135,Tree Removal,2022-03-14 02:51 PM,Tree Removal Inspection,TREEMAINTENANCE,"UF - BHATTARAI, NIMESH",10645 HAMMERLY BLVD (AGNES MOFFITT PARK),"3, ZONE",449R,77043,CLOSED,2022-03-14,02:51 PM
186136,Tree Removal,2022-03-14 02:53 PM,Tree Removal Inspection,TREEMAINTENANCE,"EJIM, ONYEKACHI",19008 SAUMS RD,"3, ZONE",446V,77084,CLOSED,2022-03-14,02:53 PM
186137,Tree Trim,2022-03-14 03:03 PM,Tree Trim Inspection,TREEMAINTENANCE,"EJIM, ONYEKACHI",1014 CANADIAN ST,"4, ZONE",453V,77009,CLOSED,2022-03-14,03:03 PM
186138,Tree Removal,2022-03-14 03:35 PM,Tree Removal Inspection,TREEMAINTENANCE,"EJIM, ONYEKACHI",929 W 22ND ST,"3, ZONE",452U,77008,CLOSED,2022-03-14,03:35 PM
186139,Tree Stump Grinding,2022-03-14 03:53 PM,Tree Stump Inspection,TREEMAINTENANCE,"UF - BHATTARAI, NIMESH",6455 PINEHURST DR,"5, ZONE",494Y,77023,CLOSED,2022-03-14,03:53 PM
186140,Tree Removal,2022-03-14 04:00 PM,Tree Removal Inspection,TREEMAINTENANCE,"EJIM, ONYEKACHI",10126 KIRKDALE DR,"6, ZONE",576X,77089,CLOSED,2022-03-14,04:00 PM
186141,Tree Trim,2022-03-14 06:34 PM,Tree Trim Inspection,TREEMAINTENANCE,"UF - JONES, CODY",14223 MCCADDEN ST,"7, ZONE",572P,77045,CLOSED,2022-03-14,06:34 PM
186142,Tree Code Violation,2022-03-14 07:10 PM,Tree Code Violation Inspection,TREEPROTECTION,"EJIM, ONYEKACHI",1341 WAVERLY ST,"3, ZONE",452Z,77008,CLOSED,2022-03-14,07:10 PM
186146,Tree Removal,2022-03-15 06:20 AM,Tree Removal Inspection,TREEMAINTENANCE,"UF - JONES, CODY",1400 W PIERCE ST,"2, ZONE",492R,77019,CLOSED,2022-03-15,06:20 AM
186149,Tree Trim,2022-03-15 07:23 AM,Tree Trim Inspection,TREEMAINTENANCE,"UF - JONES, CODY",9207 STROUD DR,"2, ZONE",530J,77036,CLOSED,2022-03-15,07:23 AM
186151,Tree Trim,2022-03-15 11:52 AM,Tree Trim Inspection,TREEMAINTENANCE,"EJIM, ONYEKACHI",6138 GLENHURST DR,"6, ZONE",534T,77033,CLOSED,2022-03-15,11:52 AM
186152,Tree Removal,2022-03-15 12:13 PM,Tree Removal Inspection,TREEMAINTENANCE,"EJIM, ONYEKACHI",4130 ANTOINETTE ST,"6, ZONE",534L,77087,CLOSED,2022-03-15,12:13 PM
186153,Tree Trim,2022-03-15 12:31 PM,Tree Trim Inspection,TREEMAINTENANCE,"EJIM, ONYEKACHI",200 N GREENWOOD ST,"5, ZONE",494U,77011,CLOSED,2022-03-15,12:31 PM
186154,Tree Removal,2022-03-15 12:58 PM,Tree Removal Inspection,TREEMAINTENANCE,"EJIM, ONYEKACHI",3814 WENTWORTH ST,"6, ZONE",533D,77004,CLOSED,2022-03-15,12:58 PM
186155,Tree Code Violation,2022-03-15 01:28 PM,Tree Code Violation Inspection,TREEPROTECTION,"UF - BHATTARAI, NIMESH",11022 WICKLOWE ST,"4, ZONE",414V,77016,CLOSED,2022-03-15,01:28 PM
186158,Tree Trim,2022-03-15 02:17 PM,Tree Trim Inspection,TREEMAINTENANCE,"UF - BHATTARAI, NIMESH",2053 CORTLANDT ST,"3, ZONE",453S,77008,CLOSED,2022-03-15,02:17 PM
186160,Tree Removal,2022-03-15 03:14 PM,Tree Removal Inspection,TREEMAINTENANCE,"UF - JONES, CODY",4122 LEESHIRE DR,"7, ZONE",532N,77025,CLOSED,2022-03-15,03:14 PM
186161,Tree Trim,2022-03-15 03:56 PM,Tree Trim Inspection,TREEMAINTENANCE,"UF - JONES, CODY",9627 W AIRPORT BLVD,"7, ZONE",569H,77031,CLOSED,2022-03-15,03:56 PM
186162,Tree Trim,2022-03-15 06:40 PM,Tree Trim Inspection,TREEMAINTENANCE,"EJIM, ONYEKACHI",918 CLINTON PARK ST,"5, ZONE",495V,77029,CLOSED,2022-03-15,06:40 PM
186163,Tree Trim,2022-03-16 08:14 AM,Tree Trim Inspection,TREEMAINTENANCE,"UF - BHATTARAI, NIMESH",201 E 20TH ST,"3, ZONE",453S,77008,CLOSED,2022-03-16,08:14 AM
186165,Tree Trim,2022-03-16 09:51 AM,Tree Trim Inspection,TREEMAINTENANCE,"UF - JONES, CODY",9226 S KIRKWOOD RD,"2, ZONE",529N,77099,CLOSED,2022-03-16,09:51 AM
186166,Tree Removal,2022-03-16 10:58 AM,Tree Removal Inspection,TREEMAINTENANCE,"UF - JONES, CODY",12800 WESTPARK DR,"2, ZONE",488Y,77082,CLOSED,2022-03-16,10:58 AM
186167,Tree Trim,2022-03-16 11:13 AM,Tree Trim Inspection,TREEMAINTENANCE,"UF - BHATTARAI, NIMESH",8318 MONTRIDGE DR,"3, ZONE",451S,77055,CLOSED,2022-03-16,11:13 AM
186168,Tree Trim,2022-03-16 12:22 PM,Tree Trim Inspection,TREEMAINTENANCE,"UF - JONES, CODY",12430 PLUMPOINT DR,"2, ZONE",528V,77099,CLOSED,2022-03-16,12:22 PM
186169,Tree Planting,2022-03-16 12:25 PM,Tree Planting Inspection,TREEPROTECTION,"UF - JONES, CODY",12430 PLUMPOINT DR,"2, ZONE",528V,77099,CLOSED,2022-03-16,12:25 PM
186170,Tree Removal,2022-03-16 12:31 PM,Tree Removal Inspection,TREEMAINTENANCE,"UF - JONES, CODY",15803 IRONFORK DR,"7, ZONE",571X,77053,CLOSED,2022-03-16,12:31 PM
186171,Tree Removal,2022-03-16 01:20 PM,Tree Removal Inspection,TREEMAINTENANCE,"UF - JONES, CODY",7531 TROULON DR,"7, ZONE",530L,77074,CLOSED,2022-03-16,01:20 PM
186172,Tree Removal,2022-03-16 01:40 PM,Tree Removal Inspection,TREEMAINTENANCE,"UF - BHATTARAI, NIMESH",226 SAN FERNANDO DR,"4, ZONE",412D,77060,CLOSED,2022-03-16,01:40 PM
186174,Tree Trim,2022-03-16 02:10 PM,Tree Trim Inspection,TREEMAINTENANCE,"UF - JONES, CODY",1708 PARKER ST,"2, ZONE",492H,77007,CLOSED,2022-03-16,02:10 PM
186175,Tree Removal,2022-03-16 02:25 PM,Tree Removal Inspection,TREEMAINTENANCE,"UF - JONES, CODY",11415 LANDSDOWNE DR,"7, ZONE",571A,77035,CLOSED,2022-03-16,02:25 PM
186176,Tree Trim,2022-03-16 03:35 PM,Tree Trim Inspection,TREEMAINTENANCE,"UF - JONES, CODY",3323 ASHLOCK DR,"2, ZONE",488Z,77082,CLOSED,2022-03-16,03:35 PM
186177,Tree Trim,2022-03-16 06:24 PM,Tree Trim Inspection,TREEMAINTENANCE,"UF - JONES, CODY",10603 ATWELL DR,"7, ZONE",531X,77096,CLOSED,2022-03-16,06:24 PM
186178,Tree Removal,2022-03-17 09:48 AM,Tree Removal Inspection,TREEMAINTENANCE,"EJIM, ONYEKACHI",9530 KINGSVALLEY,"6, ZONE",576S,77075,CLOSED,2022-03-17,09:48 AM
186179,Tree Removal,2022-03-17 10:07 AM,Tree Removal Inspection,TREEMAINTENANCE,"EJIM, ONYEKACHI",5155 COSBY ST,"6, ZONE",534J,77021,CLOSED,2022-03-17,10:07 AM
186180,Tree Removal,2022-03-17 10:09 AM,Tree Removal Inspection,TREEMAINTENANCE,"EJIM, ONYEKACHI",5011 DICKSON ST,"2, ZONE",492L,77007,CLOSED,2022-03-17,10:09 AM
186181,Tree Removal,2022-03-17 10:24 AM,Tree Removal Inspection,TREEMAINTENANCE,"UF - JONES, CODY",1417 WESTHEIMER RD,"2, ZONE",493S,77006,CLOSED,2022-03-17,10:24 AM
186182,Tree Trim,2022-03-17 12:13 PM,Tree Trim Inspection,TREEMAINTENANCE,"UF - BHATTARAI, NIMESH",10663 EMNORA LN,"3, ZONE",449Q,77043,CLOSED,2022-03-17,12:13 PM
186188,Tree Stump Grinding,2022-03-17 02:29 PM,Tree Stump Inspection,TREEMAINTENANCE,"UF - JONES, CODY",10515 ADAMSBOROUGH DR,"2, ZONE",529Q,77099,CLOSED,2022-03-17,02:29 PM
186189,Tree Removal,2022-03-17 03:38 PM,Tree Removal Inspection,TREEMAINTENANCE,"UF - JONES, CODY",9403 ENDICOTT LN,"7, ZONE",531U,77096,CLOSED,2022-03-17,03:38 PM
186190,Tree Removal,2022-03-17 03:38 PM,Tree Removal Inspection,TREEMAINTENANCE,"EJIM, ONYEKACHI",10201 KINGSPOINT RD,"6, ZONE",576S,77089,CLOSED,2022-03-17,03:38 PM
186191,Tree Trim,2022-03-17 04:32 PM,Tree Trim Inspection,TREEMAINTENANCE,"EJIM, ONYEKACHI",7149 GARDEN ST,"5, ZONE",535E,77087,CLOSED,2022-03-17,04:32 PM
186192,Tree Removal,2022-03-17 04:32 PM,Tree Removal Inspection,TREEMAINTENANCE,"UF - JONES, CODY",9415 LEADER ST,"2, ZONE",529H,77036,CLOSED,2022-03-17,04:32 PM
186193,Tree Removal,2022-03-17 04:35 PM,Tree Removal Inspection,TREEMAINTENANCE,"UF - BHATTARAI, NIMESH",2022 CHAPMAN ST,"4, ZONE",493D,77009,CLOSED,2022-03-17,04:35 PM
186194,Tree Removal,2022-03-17 04:43 PM,Tree Removal Inspection,TREEMAINTENANCE,"UF - BHATTARAI, NIMESH",9720 SPAULDING ST,"4, ZONE",454D,77016,CLOSED,2022-03-17,04:43 PM
186195,Tree Trim,2022-03-17 05:31 PM,Tree Trim Inspection,TREEMAINTENANCE,"EJIM, ONYEKACHI",2800 NAVIGATION BLVD,"5, ZONE",494N,77003,CLOSED,2022-03-17,05:31 PM
186196,Tree Trim,2022-03-17 05:31 PM,Tree Trim Inspection,TREEMAINTENANCE,"EJIM, ONYEKACHI",3101 NAVIGATION BLVD,"5, ZONE",494N,77003,CLOSED,2022-03-17,05:31 PM
186197,Tree Trim,2022-03-17 05:31 PM,Tree Trim Inspection,TREEMAINTENANCE,"EJIM, ONYEKACHI",2800 NAVIGATION BLVD,"5, ZONE",494N,77003,CLOSED,2022-03-17,05:31 PM
186198,Tree Removal,2022-03-17 05:38 PM,Tree Removal Inspection,TREEMAINTENANCE,"UF - JONES, CODY",4517 HAZARD ST,"2, ZONE",492Z,77098,CLOSED,2022-03-17,05:38 PM
186199,Tree Removal,2022-03-18 04:22 AM,Tree Removal Inspection,TREEMAINTENANCE,"UF - BHATTARAI, NIMESH",809 BEVERLY ST,"3, ZONE",493A,77007,CLOSED,2022-03-18,04:22 AM
186200,Tree Trim,2022-03-18 08:20 AM,Tree Trim Inspection,TREEMAINTENANCE,"UF - BHATTARAI, NIMESH",3000 GREENS RD,"4, ZONE",374N,77032,CLOSED,2022-03-18,08:20 AM
186201,Tree Removal,2022-03-18 09:08 AM,Tree Removal Inspection,TREEMAINTENANCE,"UF - BHATTARAI, NIMESH",4501 CLEMWOOD LN,"4, ZONE",297U,77345,CLOSED,2022-03-18,09:08 AM
186202,Tree Removal,2022-03-18 10:00 AM,Tree Removal Inspection,TREEMAINTENANCE,"UF - BHATTARAI, NIMESH",7500 BAUMAN RD,"4, ZONE",453L,77022,CLOSED,2022-03-18,10:00 AM
186203,Tree Trim,2022-03-18 10:11 AM,Tree Trim Inspection,TREEMAINTENANCE,"EJIM, ONYEKACHI",7650 S WAYSIDE DR,"6, ZONE",534X,77033,CLOSED,2022-03-18,10:11 AM
186204,Tree Removal,2022-03-18 10:57 AM,Tree Removal Inspection,TREEMAINTENANCE,"EJIM, ONYEKACHI",626 ROPER ST,"5, ZONE",576F,77034,CLOSED,2022-03-18,10:57 AM
186205,Tree Trim,2022-03-18 11:03 AM,Tree Trim Inspection,TREEMAINTENANCE,"EJIM, ONYEKACHI",1018 NUECES ST,"5, ZONE",535B,77012,CLOSED,2022-03-18,11:03 AM
186206,Tree Trim,2022-03-18 11:37 AM,Tree Trim Inspection,TREEMAINTENANCE,"UF - JONES, CODY",5516 JESSAMINE ST,"7, ZONE",531F,77081,CLOSED,2022-03-18,11:37 AM
186207,Tree Removal,2022-03-18 12:54 PM,Tree Removal Inspection,TREEMAINTENANCE,"EJIM, ONYEKACHI",1845 HAROLD ST,"2, ZONE",492V,77098,CLOSED,2022-03-18,12:54 PM
186208,Tree Removal,2022-03-18 01:07 PM,Tree Removal Inspection,TREEMAINTENANCE,"EJIM, ONYEKACHI",8005 BARKLEY DR,"5, ZONE",535U,77017,CLOSED,2022-03-18,01:07 PM
186209,Tree Trim,2022-03-18 01:34 PM,Tree Trim Inspection,TREEMAINTENANCE,"EJIM, ONYEKACHI",7800 STELLA LINK RD  (KARL YOUNG PARK),"7, ZONE",532J,77025,CLOSED,2022-03-18,01:34 PM
186210,Tree Trim,2022-03-18 01:47 PM,Tree Trim Inspection,TREEMAINTENANCE,"UF - JONES, CODY",14441 CROQUET LN (WINDSOR VILLAGE PARK),"7, ZONE",571P,77085,CLOSED,2022-03-18,01:47 PM
186211,Tree Trim,2022-03-18 02:40 PM,Tree Trim Inspection,TREEMAINTENANCE,"UF - JONES, CODY",5935 SANFORD RD,"7, ZONE",531W,77096,CLOSED,2022-03-18,02:40 PM
186212,Tree Removal,2022-03-18 03:53 PM,Tree Removal Inspection,TREEMAINTENANCE,"EJIM, ONYEKACHI",6501 MEMORIAL DR,"2, ZONE",492K,77007,CLOSED,2022-03-18,03:53 PM
186213,Tree Removal,2022-03-18 04:17 PM,Tree Removal Inspection,TREEMAINTENANCE,"EJIM, ONYEKACHI",12740 EAST FWY,"5, ZONE",496H,77015,CLOSED,2022-03-18,04:17 PM
186214,Tree Removal,2022-03-18 04:23 PM,Tree Removal Inspection,TREEMAINTENANCE,"UF - BURKES, JEREMY",5103 WILLOW GLEN DR,"6, ZONE",533V,77033,CLOSED,2022-03-18,04:23 PM
186215,Tree Trim,2022-03-18 04:44 PM,Tree Trim Inspection,TREEMAINTENANCE,"EJIM, ONYEKACHI",3551 MEMORIAL DR,"2, ZONE",493J,77007,CLOSED,2022-03-18,04:44 PM
186216,Tree Trim,2022-03-18 04:59 PM,Tree Trim Inspection,TREEMAINTENANCE,"UF - BHATTARAI, NIMESH",717 SUE BARNETT DR,"3, ZONE",452Q,77018,CLOSED,2022-03-18,04:59 PM
186217,Tree Removal,2022-03-19 12:55 PM,Tree Removal Inspection,TREEMAINTENANCE,"UF - JONES, CODY",15710 CHIMNEY ROCK RD (BEHIND 15618 RAVEN TRAIL),"7, ZONE",571W,77489,CLOSED,2022-03-19,12:55 PM
186218,Tree Trim,2022-03-19 03:41 PM,Tree Trim Inspection,TREEMAINTENANCE,"EJIM, ONYEKACHI",1003 FESTIVAL DR,"5, ZONE",618J,77062,CLOSED,2022-03-19,03:41 PM
186219,Tree Removal,2022-03-19 04:26 PM,Tree Removal Inspection,TREEMAINTENANCE,"UF - JONES, CODY",12431 PLUMPOINT DR,"2, ZONE",528V,77099,CLOSED,2022-03-19,04:26 PM
186220,Tree Removal,2022-03-19 06:57 PM,Tree Removal Inspection,TREEMAINTENANCE,"UF - JONES, CODY",3922 ROSEBUD DR,"7, ZONE",572S,77053,CLOSED,2022-03-19,06:57 PM
186221,Tree Removal,2022-03-20 08:32 AM,Tree Removal Inspection,TREEMAINTENANCE,"UF - BHATTARAI, NIMESH",1047 PANAMA ST,"4, ZONE",493C,77009,CLOSED,2022-03-20,08:32 AM
186222,Tree Removal,2022-03-20 09:40 PM,Tree Removal Inspection,TREEMAINTENANCE,"UF - JONES, CODY",1800 ELDRIDGE PKWY,"2, ZONE",488P,77077,CLOSED,2022-03-20,09:40 PM
186223,Tree Trim,2022-03-21 07:14 AM,Tree Trim Inspection,TREEMAINTENANCE,"EJIM, ONYEKACHI",3800 CENTER ST,"2, ZONE",492H,5358c,CLOSED,2022-03-21,07:14 AM
186224,Tree Removal,2022-03-21 07:35 AM,Tree Removal Inspection,TREEMAINTENANCE,"EJIM, ONYEKACHI",200 JACKSON HILL ST,"2, ZONE",492M      ,5357a,CLOSED,2022-03-21,07:35 AM
186225,Tree Removal,2022-03-21 09:24 AM,Tree Removal Inspection,TREEMAINTENANCE,"UF - JONES, CODY",15607 WINTER BRIAR DR,"7, ZONE",571X,5150a,CLOSED,2022-03-21,09:24 AM
186226,Tree Removal,2022-03-21 09:26 AM,Tree Removal Inspection,TREEMAINTENANCE,"UF - JONES, CODY",902 COHN ST,"2, ZONE",492G,5257b,CLOSED,2022-03-21,09:26 AM
186227,Tree Removal,2022-03-21 10:49 AM,Tree Removal Inspection,TREEMAINTENANCE,"EJIM, ONYEKACHI",2539 UNIVERSITY BLVD,"7, ZONE",532C,5255b,CLOSED,2022-03-21,10:49 AM
186228,Tree Removal,2022-03-21 10:53 AM,Tree Removal Inspection,TREEMAINTENANCE,"EJIM, ONYEKACHI",897 KIRBY DR,"2, ZONE",492M,5357a,CLOSED,2022-03-21,10:53 AM
186229,Tree Removal,2022-03-21 11:06 AM,Tree Removal Inspection,TREEMAINTENANCE,"EJIM, ONYEKACHI",2537 UNIVERSITY BLVD,"7, ZONE",532C,5255b,CLOSED,2022-03-21,11:06 AM
186230,Tree Trim,2022-03-21 11:53 AM,Tree Trim Inspection,TREEMAINTENANCE,"UF - BHATTARAI, NIMESH",328 E CROSSTIMBERS ST,"4, ZONE",453L,5360d,CLOSED,2022-03-21,11:53 AM
186231,Tree Removal,2022-03-21 12:19 PM,Tree Removal Inspection,TREEMAINTENANCE,"UF - JONES, CODY",5107 GRAPE ST,"7, ZONE",531Q,77096,CLOSED,2022-03-21,12:19 PM
186232,Tree Removal,2022-03-21 01:37 PM,Tree Removal Inspection,TREEMAINTENANCE,"UF - BHATTARAI, NIMESH",1802 YALE ST,"3, ZONE",452V,5359c,CLOSED,2022-03-21,01:37 PM
186233,Tree Removal,2022-03-21 01:53 PM,Tree Removal Inspection,TREEMAINTENANCE,"UF - BHATTARAI, NIMESH",4111 EUROPA ST,"3, ZONE",453J,5360d,CLOSED,2022-03-21,01:53 PM
186234,Tree Trim,2022-03-21 01:56 PM,Tree Trim Inspection,TREEMAINTENANCE,"UF - BHATTARAI, NIMESH",840 W 25TH ST,"3, ZONE",452U,5259b,CLOSED,2022-03-21,01:56 PM
186235,Tree Removal,2022-03-21 02:05 PM,Tree Removal Inspection,TREEMAINTENANCE,"UF - JONES, CODY",4983 DUMFRIES DR,"7, ZONE",531U,5153b,CLOSED,2022-03-21,02:05 PM
186236,Tree Removal,2022-03-21 02:05 PM,Tree Removal Inspection,TREEMAINTENANCE,"UF - BHATTARAI, NIMESH",6001 ANTOINE DR,"3, ZONE",451C,5161c,CLOSED,2022-03-21,02:05 PM
186237,Tree Removal,2022-03-21 02:11 PM,Tree Removal Inspection,TREEMAINTENANCE,"EJIM, ONYEKACHI",8955 BROADWAY ST,"6, ZONE",575B,5653c,CLOSED,2022-03-21,02:11 PM
186238,Tree Removal,2022-03-21 02:47 PM,Tree Removal Inspection,TREEMAINTENANCE,"EJIM, ONYEKACHI",6839 RICHWOOD RD,"6, ZONE",534V,5554d,CLOSED,2022-03-21,02:47 PM
186240,Tree Removal,2022-03-21 02:57 PM,Tree Removal Inspection,TREEMAINTENANCE,"UF - BHATTARAI, NIMESH","6808 BROWNSVILLE ST,HOUSTON,77020","4, ZONE",494D      ,5558b,CLOSED,2022-03-21,02:57 PM
186242,Tree Trim,2022-03-21 03:12 PM,Tree Trim Inspection,TREEMAINTENANCE,"UF - BHATTARAI, NIMESH",511 E 14TH ST,"3, ZONE",453W,5359c,CLOSED,2022-03-21,03:12 PM
186243,Tree Removal,2022-03-21 04:57 PM,Tree Removal Inspection,TREEMAINTENANCE,"EJIM, ONYEKACHI",7345 OAK HILL DR,"6, ZONE",535S,5554d,CLOSED,2022-03-21,04:57 PM
186244,Tree Trim,2022-03-21 05:40 PM,Tree Trim Inspection,TREEMAINTENANCE,"EJIM, ONYEKACHI",4934 HULL ST,"6, ZONE",534N,5454b,CLOSED,2022-03-21,05:40 PM
186245,Tree Removal,2022-03-21 06:30 PM,Tree Removal Inspection,TREEMAINTENANCE,"UF - BHATTARAI, NIMESH",3905 BEAVER DR,"4, ZONE",455X,5659c,CLOSED,2022-03-21,06:30 PM
186246,Tree Trim,2022-03-21 09:01 PM,Tree Trim Inspection,TREEMAINTENANCE,"EJIM, ONYEKACHI",7353 OAK HILL DR,"6, ZONE",535S      ,5554d,CLOSED,2022-03-21,09:01 PM
186247,Tree Removal,2022-03-21 09:31 PM,Tree Removal Inspection,TREEMAINTENANCE,"UF - BHATTARAI, NIMESH",3803 W LAKE HOUSTON PKWY,"4, ZONE",297X,5870a,CLOSED,2022-03-21,09:31 PM
186248,Tree Removal,2022-03-22 08:27 AM,Tree Removal Inspection,TREEMAINTENANCE,"UF - BHATTARAI, NIMESH",7730 BOBBITT LN,"3, ZONE",451X,5158a,CLOSED,2022-03-22,08:27 AM
186249,Tree Removal,2022-03-22 08:54 AM,Tree Removal Inspection,TREEMAINTENANCE,"UF - POLOVTSEV, SERA",5103 PEASE ST,"5, ZONE",494X,5556a,CLOSED,2022-03-22,08:54 AM
186252,Tree Removal,2022-03-22 09:53 AM,Tree Removal Inspection,TREEMAINTENANCE,"UF - BHATTARAI, NIMESH",315 BERRY RD,"4, ZONE",453G,5360b,CLOSED,2022-03-22,09:53 AM
186253,Tree Removal,2022-03-22 09:56 AM,Tree Removal Inspection,TREEMAINTENANCE,"UF - JONES, CODY",900 N ELDRIDGE PKWY,"2, ZONE",488C,4758d,CLOSED,2022-03-22,09:56 AM
186254,Tree Removal,2022-03-22 10:17 AM,Tree Removal Inspection,TREEMAINTENANCE,"EJIM, ONYEKACHI",1011 GAZIN ST,"5, ZONE",494H,5558d,CLOSED,2022-03-22,10:17 AM
186255,Tree Removal,2022-03-22 10:31 AM,Tree Removal Inspection,TREEMAINTENANCE,"UF - BHATTARAI, NIMESH",5102 KELLEY ST,"4, ZONE",454Q,5559a,CLOSED,2022-03-22,10:31 AM
186256,Tree Removal,2022-03-22 10:51 AM,Tree Removal Inspection,TREEMAINTENANCE,"UF - BHATTARAI, NIMESH",2529 SPENCE ST,"4, ZONE",454N,5460d,CLOSED,2022-03-22,10:51 AM
186257,Tree Removal,2022-03-22 10:51 AM,Tree Removal Inspection,TREEMAINTENANCE,"UF - JONES, CODY",11111 ATWELL DR,"7, ZONE",531X      ,5153c,CLOSED,2022-03-22,10:51 AM
186258,Tree Removal,2022-03-22 11:10 AM,Tree Removal Inspection,TREEMAINTENANCE,"UF - JONES, CODY",4634 RICHMOND AVE,"2, ZONE",491Z,5156d,CLOSED,2022-03-22,11:10 AM
186259,Tree Removal,2022-03-22 11:59 AM,Tree Removal Inspection,TREEMAINTENANCE,"UF - JONES, CODY",1615 NEVADA ST,"2, ZONE",492R,5357c,CLOSED,2022-03-22,11:59 AM
186260,Tree Removal,2022-03-22 12:04 PM,Tree Removal Inspection,TREEMAINTENANCE,"UF - BHATTARAI, NIMESH",8001 DANDY ST,"4, ZONE",454M,5560a,CLOSED,2022-03-22,12:04 PM
186261,Tree Removal,2022-03-22 12:27 PM,Tree Removal Inspection,TREEMAINTENANCE,"UF - JONES, CODY",121 GLYNN WAY DR,"2, ZONE",491G,5157b,CLOSED,2022-03-22,12:27 PM
186262,Tree Removal,2022-03-22 01:26 PM,Tree Removal Inspection,TREEMAINTENANCE,"UF - JONES, CODY",401 STRATFORD ST,"2, ZONE",493S,5357d,CLOSED,2022-03-22,01:26 PM
186264,Tree Removal,2022-03-22 04:30 PM,Tree Removal Inspection,TREEMAINTENANCE,"UF - BHATTARAI, NIMESH",5931 GREEN FALLS DR,"3, ZONE",411P,5162a,CLOSED,2022-03-22,04:30 PM
186265,Tree Removal,2022-03-22 04:51 PM,Tree Removal Inspection,TREEMAINTENANCE,"EJIM, ONYEKACHI",918 LOPER AVE,"5, ZONE",536J,5755c,CLOSED,2022-03-22,04:51 PM
186266,Tree Removal,2022-03-22 07:52 PM,Tree Removal Inspection,TREEMAINTENANCE,"EJIM, ONYEKACHI",7342 EVANS ST,"6, ZONE",575A,5553d,CLOSED,2022-03-22,07:52 PM
186269,Tree Trim,2022-03-23 09:04 AM,Tree Trim Inspection,TREEMAINTENANCE,"UF - BURKES, JEREMY",7405 STELLA LINK RD,"7, ZONE",532J,5254a,CLOSED,2022-03-23,09:04 AM
186270,Tree Removal,2022-03-23 10:20 AM,Tree Removal Inspection,TREEMAINTENANCE,"EJIM, ONYEKACHI",6221 MAIN ST,"7, ZONE",533A      ,5355a,CLOSED,2022-03-23,10:20 AM
186271,Tree Trim,2022-03-23 10:32 AM,Tree Trim Inspection,TREEMAINTENANCE,"UF - BHATTARAI, NIMESH",1845 EL DORADO BLVD,"5, ZONE",618F,77062,CLOSED,2022-03-23,10:32 AM
186272,Tree Removal,2022-03-23 11:06 AM,Tree Removal Inspection,TREEMAINTENANCE,"UF - JONES, CODY",11110 BURDINE ST,"7, ZONE",531X,5153c,CLOSED,2022-03-23,11:06 AM
186273,Tree Removal,2022-03-23 11:23 AM,Tree Removal Inspection,TREEMAINTENANCE,"EJIM, ONYEKACHI",4118 WAYSIDE STREAM LN,"6, ZONE",573Z,5451d,CLOSED,2022-03-23,11:23 AM
186274,Tree Removal,2022-03-23 11:41 AM,Tree Removal Inspection,TREEMAINTENANCE,"UF - JONES, CODY",6711 BISSONNET ST,"7, ZONE",530R,5054b,CLOSED,2022-03-23,11:41 AM
186278,Tree Removal,2022-03-23 12:51 PM,Tree Removal Inspection,TREEMAINTENANCE,"EJIM, ONYEKACHI",3511 ASKEW ST,"6, ZONE",534L,5555c,CLOSED,2022-03-23,12:51 PM
186279,Tree Removal,2022-03-23 01:00 PM,Tree Removal Inspection,TREEMAINTENANCE,"UF - JONES, CODY",6000 CHIMNEY ROCK RD,"7, ZONE",531B,5155a,CLOSED,2022-03-23,01:00 PM
186281,Tree Trim,2022-03-23 01:49 PM,Tree Trim Inspection,TREEMAINTENANCE,"UF - BURKES, JEREMY",7505 MORNINGSIDE DR,"7, ZONE",532L,5354a,CLOSED,2022-03-23,01:49 PM
186282,Tree Trim,2022-03-23 01:57 PM,Tree Trim Inspection,TREEMAINTENANCE,"UF - JONES, CODY",4316 LILLIAN ST,"2, ZONE",492H,5357a,CLOSED,2022-03-23,01:57 PM
186285,Tree Trim,2022-03-23 02:52 PM,Tree Trim Inspection,TREEMAINTENANCE,"UF - BHATTARAI, NIMESH",422 TRUMAN ST,"3, ZONE",452M,5360c,CLOSED,2022-03-23,02:52 PM
186286,Tree Removal,2022-03-23 03:22 PM,Tree Removal Inspection,TREEMAINTENANCE,"UF - JONES, CODY",8237 CREEKBEND DR,"7, ZONE",530X,5053c,CLOSED,2022-03-23,03:22 PM
186287,Tree Trim,2022-03-23 03:55 PM,Tree Trim Inspection,TREEMAINTENANCE,"UF - JONES, CODY",3517 MEADWAY DR,"2, ZONE",488Z,4855a,CLOSED,2022-03-23,03:55 PM
186288,Tree Removal,2022-03-23 03:57 PM,Tree Removal Inspection,TREEMAINTENANCE,"UF - JONES, CODY",6007 SANFORD RD,"7, ZONE",531W,5153c,CLOSED,2022-03-23,03:57 PM
186289,Tree Trim,2022-03-23 04:40 PM,Tree Trim Inspection,TREEMAINTENANCE,"UF - BHATTARAI, NIMESH",607 E 7TH 1/2 ST,"3, ZONE",493A      ,5358a,CLOSED,2022-03-23,04:40 PM
186290,Tree Removal,2022-03-23 05:07 PM,Tree Removal Inspection,TREEMAINTENANCE,"EJIM, ONYEKACHI",7 ADAMS ST,"5, ZONE",494T,5557c,CLOSED,2022-03-23,05:07 PM
186291,Tree Removal,2022-03-23 05:22 PM,Tree Removal Inspection,TREEMAINTENANCE,"UF - BHATTARAI, NIMESH",1014 HIGHLAND ST,"3, ZONE",493B,5358b,CLOSED,2022-03-23,05:22 PM
186292,Tree Trim,2022-03-23 05:59 PM,Tree Trim Inspection,TREEMAINTENANCE,"UF - BHATTARAI, NIMESH",5818 WAYNE ST,"4, ZONE",454T,5559a,CLOSED,2022-03-23,05:59 PM
186293,Tree Trim,2022-03-23 08:14 PM,Tree Trim Inspection,TREEMAINTENANCE,"EJIM, ONYEKACHI",3602 W PINE BROOK WAY,"5, ZONE",578Y,6051c,CLOSED,2022-03-23,08:14 PM
186294,Tree Trim,2022-03-23 08:17 PM,Tree Trim Inspection,TREEMAINTENANCE,"EJIM, ONYEKACHI",4002 W PINE BROOK WAY,"5, ZONE",578Y,6051c,CLOSED,2022-03-23,08:17 PM
186295,Tree Trim,2022-03-24 08:13 AM,Tree Trim Inspection,TREEMAINTENANCE,"UF - BHATTARAI, NIMESH",5311 BENNINGTON ST,"4, ZONE",454Q,5560c,CLOSED,2022-03-24,08:13 AM
186302,Tree Trim,2022-03-24 12:22 PM,Tree Trim Inspection,TREEMAINTENANCE,"UF - BHATTARAI, NIMESH",6301 BOBBY BURNS ST,"4, ZONE",455P,5660c,CLOSED,2022-03-24,12:22 PM
186305,Tree Removal,2022-03-24 02:19 PM,Tree Removal Inspection,TREEMAINTENANCE,"UF - BHATTARAI, NIMESH","7820 SCHNEIDER ST, HOUSTON ","4, ZONE",453M,5460a,CLOSED,2022-03-24,02:19 PM
186306,Tree Removal,2022-03-24 02:49 PM,Tree Removal Inspection,TREEMAINTENANCE,"UF - BHATTARAI, NIMESH",5601 W GULF BANK RD,"3, ZONE",411Q,5162a,CLOSED,2022-03-24,02:49 PM
186307,Tree Removal,2022-03-24 04:32 PM,Tree Removal Inspection,TREEMAINTENANCE,"UF - JONES, CODY",7514 IMOGENE ST,"7, ZONE",530Q,5054c,CLOSED,2022-03-24,04:32 PM
186308,Tree Trim,2022-03-24 04:35 PM,Tree Trim Inspection,TREEMAINTENANCE,"UF - BHATTARAI, NIMESH",5915 GOLDEN FOREST DR (FOREST WEST PARK),"3, ZONE",451B,5161c,CLOSED,2022-03-24,04:35 PM
186309,Tree Trim,2022-03-24 05:53 PM,Tree Trim Inspection,TREEMAINTENANCE,"EJIM, ONYEKACHI",8101 N BAYOU DR (GLENBROOK PARK),"5, ZONE",535Q,5654b,CLOSED,2022-03-24,05:53 PM
186310,Tree Removal,2022-03-25 03:42 AM,Tree Removal Inspection,TREEMAINTENANCE,"UF - JONES, CODY",7901 BISSONNET ST,"7, ZONE",530Q,5054c,CLOSED,2022-03-25,03:42 AM
186311,Tree Removal,2022-03-25 08:11 AM,Tree Removal Inspection,TREEMAINTENANCE,"UF - BHATTARAI, NIMESH",1802 YALE ST,"3, ZONE",452V,5359c,CLOSED,2022-03-25,08:11 AM
186313,Tree Trim,2022-03-25 09:05 AM,Tree Trim Inspection,TREEMAINTENANCE,"EJIM, ONYEKACHI",5106 GREN ST,"6, ZONE",534N,5454b,CLOSED,2022-03-25,09:05 AM
186316,Tree Trim,2022-03-25 10:29 AM,Tree Trim Inspection,TREEMAINTENANCE,"EJIM, ONYEKACHI",2835 YORKTOWN ST,"2, ZONE",491U,5156b,CLOSED,2022-03-25,10:29 AM
186317,Tree Trim,2022-03-25 11:06 AM,Tree Trim Inspection,TREEMAINTENANCE,"UF - BHATTARAI, NIMESH",636 COLUMBIA ST,"3, ZONE",493A,5358a,CLOSED,2022-03-25,11:06 AM
186318,Tree Trim,2022-03-25 11:18 AM,Tree Trim Inspection,TREEMAINTENANCE,"EJIM, ONYEKACHI",9205 LAMBRIGHT RD,"6, ZONE",575R,5652d,CLOSED,2022-03-25,11:18 AM
186320,Tree Trim,2022-03-25 11:46 AM,Tree Trim Inspection,TREEMAINTENANCE,"EJIM, ONYEKACHI",14224 MIDDLEBROOK DR,"5, ZONE",619J,6050d,CLOSED,2022-03-25,11:46 AM
186321,Tree Removal,2022-03-25 01:28 PM,Tree Removal Inspection,TREEMAINTENANCE,"UF - JONES, CODY",5006 WIGTON DR,"7, ZONE",531U,5153b,CLOSED,2022-03-25,01:28 PM
186322,Tree Removal,2022-03-25 01:31 PM,Tree Removal Inspection,TREEMAINTENANCE,"UF - JONES, CODY",5202 YARWELL DR,"7, ZONE",531U,77096,CLOSED,2022-03-25,01:31 PM
186323,Tree Removal,2022-03-25 01:32 PM,Tree Removal Inspection,TREEMAINTENANCE,"UF - JONES, CODY",5011 CHEENA DR,"7, ZONE",531U,5153b,CLOSED,2022-03-25,01:32 PM
186324,Tree Removal,2022-03-25 01:34 PM,Tree Removal Inspection,TREEMAINTENANCE,"UF - BHATTARAI, NIMESH",5907 TOWNSAN RD,"4, ZONE",374M,5566c,CLOSED,2022-03-25,01:34 PM
186325,Tree Trim,2022-03-25 02:14 PM,Tree Trim Inspection,TREEMAINTENANCE,"EJIM, ONYEKACHI",7703 RICHMOND AVE,"2, ZONE",490Z      ,5056d,CLOSED,2022-03-25,02:14 PM
186326,Tree Removal,2022-03-25 02:17 PM,Tree Removal Inspection,TREEMAINTENANCE,"EJIM, ONYEKACHI",11922 TIERRA PALMS CT,"5, ZONE",576Q,5752d,CLOSED,2022-03-25,02:17 PM
186327,Tree Trim,2022-03-25 02:31 PM,Tree Trim Inspection,TREEMAINTENANCE,"UF - BHATTARAI, NIMESH",6921 PEYTON ST,"4, ZONE",454R,77028,CLOSED,2022-03-25,02:31 PM
186330,Tree Trim,2022-03-25 05:00 PM,Tree Trim Inspection,TREEMAINTENANCE,"EJIM, ONYEKACHI",7602 PAGEWOOD LN,"2, ZONE",490Z,77063,CLOSED,2022-03-25,05:00 PM
186331,Tree Trim,2022-03-25 05:27 PM,Tree Trim Inspection,TREEMAINTENANCE,"UF - JONES, CODY",3831 GOULBURN DR,"7, ZONE",572N,77045,CLOSED,2022-03-25,05:27 PM
186332,Tree Removal,2022-03-26 11:16 AM,Tree Removal Inspection,TREEMAINTENANCE,"UF - BURKES, JEREMY",4001 LANARK LN,"7, ZONE",532E,77025,CLOSED,2022-03-26,11:16 AM
186333,Tree Removal,2022-03-26 01:29 PM,Tree Removal Inspection,TREEMAINTENANCE,"EJIM, ONYEKACHI",11015 SOUTH DR,"2, ZONE",529T,77099,CLOSED,2022-03-26,01:29 PM
186334,Tree Removal,2022-03-26 02:15 PM,Tree Removal Inspection,TREEMAINTENANCE,"UF - JONES, CODY",16331 PARK MANOR DR,"7, ZONE",611C,77053,CLOSED,2022-03-26,02:15 PM
186335,Tree Trim,2022-03-27 11:54 AM,Tree Trim Inspection,TREEMAINTENANCE,"EJIM, ONYEKACHI",3103 LONG BAY CT,"5, ZONE",578X,77059,CLOSED,2022-03-27,11:54 AM
186336,Tree Removal,2022-03-27 06:39 PM,Tree Removal Inspection,TREEMAINTENANCE,"UF - JONES, CODY",4714 CAROLINE ST,"7, ZONE",493X,77004,CLOSED,2022-03-27,06:39 PM
186337,Tree Trim,2022-03-28 08:29 AM,Tree Trim Inspection,TREEMAINTENANCE,"EJIM, ONYEKACHI",1634 ALMOND BROOK LN,"5, ZONE",617D,77062,CLOSED,2022-03-28,08:29 AM
186338,Tree Trim,2022-03-28 08:38 AM,Tree Trim Inspection,TREEMAINTENANCE,"UF - BHATTARAI, NIMESH",1506 ARLINGTON ST,"3, ZONE",453W,77008,CLOSED,2022-03-28,08:38 AM
186339,Tree Trim,2022-03-28 10:42 AM,Tree Trim Inspection,TREEMAINTENANCE,"UF - JONES, CODY",7703 RICHMOND AVE (BRIARMEADOW PARK),"2, ZONE",490Z,77063,CLOSED,2022-03-28,10:42 AM
186340,Tree Trim,2022-03-28 10:48 AM,Tree Trim Inspection,TREEMAINTENANCE,"UF - BHATTARAI, NIMESH",614 NEST LN,"3, ZONE",453E,77022,CLOSED,2022-03-28,10:48 AM
186341,Tree Stump Grinding,2022-03-28 11:06 AM,Tree Stump Inspection,TREEMAINTENANCE,"UF - JONES, CODY",11610 HERALD SQUARE DR,"2, ZONE",529P,77099,CLOSED,2022-03-28,11:06 AM
186342,Tree Removal,2022-03-28 11:09 AM,Tree Removal Inspection,TREEMAINTENANCE,"UF - BHATTARAI, NIMESH",10107 SILVERCREST ST,"4, ZONE",453C,77076,CLOSED,2022-03-28,11:09 AM
186343,Tree Trim,2022-03-28 12:04 PM,Tree Trim Inspection,TREEMAINTENANCE,"UF - JONES, CODY",5823 QUEENSLOCH DR,"7, ZONE",531S,5153a,CLOSED,2022-03-28,12:04 PM
186344,Tree Trim,2022-03-28 12:13 PM,Tree Trim Inspection,TREEMAINTENANCE,"EJIM, ONYEKACHI",1927 TANGLE PINES CT,"5, ZONE",618A,5950b,CLOSED,2022-03-28,12:13 PM
186345,Tree Trim,2022-03-28 12:19 PM,Tree Trim Inspection,TREEMAINTENANCE,"UF - BURKES, JEREMY",5339 PRAIRIE CREEK DR ,"2, ZONE",408X,77084,CLOSED,2022-03-28,12:19 PM
186346,Tree Trim,2022-03-28 12:28 PM,Tree Trim Inspection,TREEMAINTENANCE,"UF - JONES, CODY",5939 GULFTON ST,"7, ZONE",531A      ,5155a,CLOSED,2022-03-28,12:28 PM
186347,Tree Removal,2022-03-28 12:38 PM,Tree Removal Inspection,TREEMAINTENANCE,"UF - BHATTARAI, NIMESH",4118 BEGGS ST,"4, ZONE",453Y,5459c,CLOSED,2022-03-28,12:38 PM
186348,Tree Trim,2022-03-28 01:22 PM,Tree Trim Inspection,TREEMAINTENANCE,"UF - JONES, CODY",5642 TRAFALGAR DR,"7, ZONE",571Q,5151b,CLOSED,2022-03-28,01:22 PM
186349,Tree Stump Grinding,2022-03-28 02:05 PM,Tree Stump Inspection,TREEMAINTENANCE,"UF - JONES, CODY",385 N POST OAK LN,"2, ZONE",491H,5158d,CLOSED,2022-03-28,02:05 PM
186350,Tree Removal,2022-03-28 02:09 PM,Tree Removal Inspection,TREEMAINTENANCE,"UF - BHATTARAI, NIMESH",721 ZOE ST,"4, ZONE",494H,5558d,CLOSED,2022-03-28,02:09 PM
186351,Tree Trim,2022-03-28 02:20 PM,Tree Trim Inspection,TREEMAINTENANCE,"EJIM, ONYEKACHI",5214 NASSAU RD,"6, ZONE",534K,5455d,CLOSED,2022-03-28,02:20 PM
186352,Tree Stump Grinding,2022-03-28 02:48 PM,Tree Stump Inspection,TREEMAINTENANCE,"UF - JONES, CODY",12223 SELA LN,"2, ZONE",529J,4854b,CLOSED,2022-03-28,02:48 PM
186353,Tree Removal,2022-03-28 04:17 PM,Tree Removal Inspection,TREEMAINTENANCE,"UF - BHATTARAI, NIMESH",802 WILKES ST,"4, ZONE",493C      ,5458a,CLOSED,2022-03-28,04:17 PM
186355,Tree Removal,2022-03-28 06:10 PM,Tree Removal Inspection,TREEMAINTENANCE,"EJIM, ONYEKACHI",5111 DICKENS RD,"6, ZONE",534F,5455d,CLOSED,2022-03-28,06:10 PM
186356,Tree Removal,2022-03-28 07:40 PM,Tree Removal Inspection,TREEMAINTENANCE,"EJIM, ONYEKACHI",3400 REED RD,"6, ZONE",573B,5353d,CLOSED,2022-03-28,07:40 PM
186357,Tree Removal,2022-03-29 07:54 AM,Tree Removal Inspection,TREEMAINTENANCE,"UF - JONES, CODY",4634 RICHMOND AVE,"2, ZONE",491Z,5156d,CLOSED,2022-03-29,07:54 AM
186358,Tree Removal,2022-03-29 09:07 AM,Tree Removal Inspection,TREEMAINTENANCE,"UF - BHATTARAI, NIMESH",6925 CAMWAY ST,"4, ZONE",454R,5560c,CLOSED,2022-03-29,09:07 AM
186359,Tree Trim,2022-03-29 09:58 AM,Tree Trim Inspection,TREEMAINTENANCE,"EJIM, ONYEKACHI",2207 PINELOCH DR,"5, ZONE",618B,5950b,CLOSED,2022-03-29,09:58 AM
186360,Tree Removal,2022-03-29 10:23 AM,Tree Removal Inspection,TREEMAINTENANCE,"UF - JONES, CODY",6007 FONTENELLE DR,"7, ZONE",570H,5152a,CLOSED,2022-03-29,10:23 AM
186363,Tree Trim,2022-03-29 12:00 PM,Tree Trim Inspection,TREEMAINTENANCE,"UF - JONES, CODY",3622 BISSONNET ST,"7, ZONE",492X,77005,CLOSED,2022-03-29,12:00 PM
186364,Tree Removal,2022-03-29 12:08 PM,Tree Removal Inspection,TREEMAINTENANCE,"UF - BHATTARAI, NIMESH",5406 SYCAMORE CREEK DR,"4, ZONE",297Y,77345,CLOSED,2022-03-29,12:08 PM
186366,Tree Trim,2022-03-29 12:21 PM,Tree Trim Inspection,TREEMAINTENANCE,"EJIM, ONYEKACHI",11130 SAGERIVER DR,"6, ZONE",616C,77089,CLOSED,2022-03-29,12:21 PM
186367,Tree Trim,2022-03-29 01:28 PM,Tree Trim Inspection,TREEMAINTENANCE,"UF - BHATTARAI, NIMESH",9303 EXETER ST,"4, ZONE",453D      ,77093,CLOSED,2022-03-29,01:28 PM
186371,Tree Trim,2022-03-29 02:43 PM,Tree Trim Inspection,TREEMAINTENANCE,"UF - JONES, CODY",10839 RADFORD LN,"2, ZONE",569B,77099,CLOSED,2022-03-29,02:43 PM
186372,Tree Trim,2022-03-29 05:39 PM,Tree Trim Inspection,TREEMAINTENANCE,"UF - JONES, CODY",11381 MEADOWGLEN LN,"2, ZONE",489X,77082,CLOSED,2022-03-29,05:39 PM
186373,Tree Trim,2022-03-29 06:06 PM,Tree Trim Inspection,TREEMAINTENANCE,"UF - BHATTARAI, NIMESH",5710 WAYNE ST,"4, ZONE",454T,77026,CLOSED,2022-03-29,06:06 PM
186374,Tree Removal,2022-03-30 04:13 AM,Tree Removal Inspection,TREEMAINTENANCE,"EJIM, ONYEKACHI",7042 PALMETTO ST,"5, ZONE",535E,77087,CLOSED,2022-03-30,04:13 AM
186375,Tree Removal,2022-03-30 07:10 AM,Tree Removal Inspection,TREEMAINTENANCE,"UF - BHATTARAI, NIMESH",4401 WALHAM CT,"4, ZONE",337B      ,77339,CLOSED,2022-03-30,07:10 AM
186376,Tree Removal,2022-03-30 07:38 AM,Tree Removal Inspection,TREEMAINTENANCE,"UF - JONES, CODY",11102 BRIAR FOREST DR,"2, ZONE",489P,77042,CLOSED,2022-03-30,07:38 AM
186377,Tree Removal,2022-03-30 07:55 AM,Tree Removal Inspection,TREEMAINTENANCE,"EJIM, ONYEKACHI",902 HUTCHINS ST,"5, ZONE",493R,77003,CLOSED,2022-03-30,07:55 AM
186379,Tree Removal,2022-03-30 08:58 AM,Tree Removal Inspection,TREEMAINTENANCE,"UF - JONES, CODY",13918 WOODTHORPE LN,"2, ZONE",489E,77079,CLOSED,2022-03-30,08:58 AM
186380,Tree Removal,2022-03-30 10:17 AM,Tree Removal Inspection,TREEMAINTENANCE,"UF - BHATTARAI, NIMESH",1419 DIAN ST,"3, ZONE",452Y,77008,CLOSED,2022-03-30,10:17 AM
186381,Tree Removal,2022-03-30 10:26 AM,Tree Removal Inspection,TREEMAINTENANCE,"EJIM, ONYEKACHI",6000 GULFTON ST,"7, ZONE",531A      ,77081,CLOSED,2022-03-30,10:26 AM
186382,Tree Code Violation,2022-03-30 11:09 AM,Tree Code Violation Inspection,TREEPROTECTION,"UF - JONES, CODY",379 N POST OAK LN,"2, ZONE",491H,77024,DVMGR,2022-03-30,11:09 AM
186383,Tree Removal,2022-03-30 12:00 PM,Tree Removal Inspection,TREEMAINTENANCE,"UF - BHATTARAI, NIMESH",6431 SANDY OAKS DR,"4, ZONE",415E,77050,CLOSED,2022-03-30,12:00 PM
186384,Tree Trim,2022-03-30 12:09 PM,Tree Trim Inspection,TREEMAINTENANCE,"UF - JONES, CODY",10723 DEERWOOD RD,"2, ZONE",489L,77042,CLOSED,2022-03-30,12:09 PM
186388,Tree Removal,2022-03-30 01:40 PM,Tree Removal Inspection,TREEMAINTENANCE,"UF - BURKES, JEREMY",10723 DEERWOOD RD,"2, ZONE",489L,77042,CLOSED,2022-03-30,01:40 PM
186389,Tree Removal,2022-03-30 01:43 PM,Tree Removal Inspection,TREEMAINTENANCE,"UF - JONES, CODY",851 THREADNEEDLE ST,"2, ZONE",488C,77079,CLOSED,2022-03-30,01:43 PM
186390,Tree Removal,2022-03-30 01:46 PM,Tree Removal Inspection,TREEMAINTENANCE,"UF - JONES, CODY",1805 UTAH ST,"2, ZONE",492F      ,77007,CLOSED,2022-03-30,01:46 PM
186391,Tree Removal,2022-03-30 01:46 PM,Tree Removal Inspection,TREEMAINTENANCE,"EJIM, ONYEKACHI",6221 MAIN ST,"7, ZONE",533A,77030,CLOSED,2022-03-30,01:46 PM
186392,Tree Trim,2022-03-30 02:26 PM,Tree Trim Inspection,TREEMAINTENANCE,"EJIM, ONYEKACHI",2121 BISSONNET ST,"7, ZONE",492Z,77005,CLOSED,2022-03-30,02:26 PM
186393,Tree Removal,2022-03-30 02:38 PM,Tree Removal Inspection,TREEMAINTENANCE,"EJIM, ONYEKACHI",2100 BISSONNET ST,"7, ZONE",492Z,77098,CLOSED,2022-03-30,02:38 PM
186394,Tree Removal,2022-03-30 02:46 PM,Tree Removal Inspection,TREEMAINTENANCE,"UF - BHATTARAI, NIMESH",5708 BRACKENRIDGE ST,"4, ZONE",454S,77026,CLOSED,2022-03-30,02:46 PM
186395,Tree Trim,2022-03-30 04:27 PM,Tree Trim Inspection,TREEMAINTENANCE,"EJIM, ONYEKACHI",3202 GLEN HAVEN BLVD,"7, ZONE",532K,77025,CLOSED,2022-03-30,04:27 PM
186396,Tree Trim,2022-03-30 05:03 PM,Tree Trim Inspection,TREEMAINTENANCE,"EJIM, ONYEKACHI",8215 BRONSON ST,"5, ZONE",576K,77034,CLOSED,2022-03-30,05:03 PM
186397,Tree Removal,2022-03-31 07:12 AM,Tree Removal Inspection,TREEMAINTENANCE,"UF - BHATTARAI, NIMESH",6800 EAST FWY,"5, ZONE",494H,77020,CLOSED,2022-03-31,07:12 AM
186399,Tree Trim,2022-03-31 09:13 AM,Tree Trim Inspection,TREEMAINTENANCE,"UF - JONES, CODY",5227 DARNELL ST,"7, ZONE",531P,77096,CLOSED,2022-03-31,09:13 AM
186400,Tree Removal,2022-03-31 09:32 AM,Tree Removal Inspection,TREEMAINTENANCE,"EJIM, ONYEKACHI",3917 RUSK ST,"5, ZONE",494S,77023,CLOSED,2022-03-31,09:32 AM
186401,Tree Trim,2022-03-31 09:35 AM,Tree Trim Inspection,TREEMAINTENANCE,"UF - BHATTARAI, NIMESH",7825 NASHVILLE ST,"4, ZONE",455P,77028,CLOSED,2022-03-31,09:35 AM
186404,Tree Stump Grinding,2022-03-31 11:29 AM,Tree Stump Inspection,TREEMAINTENANCE,"UF - JONES, CODY",5323 FAIRDALE LN,"2, ZONE",491Y,77056,CLOSED,2022-03-31,11:29 AM
186405,Tree Stump Grinding,2022-03-31 11:59 AM,Tree Stump Inspection,TREEMAINTENANCE,"UF - JONES, CODY",1300 WAUGH DR,"2, ZONE",492R,77019,CLOSED,2022-03-31,11:59 AM
186407,Tree Removal,2022-03-31 12:27 PM,Tree Removal Inspection,TREEMAINTENANCE,"UF - BHATTARAI, NIMESH",2318 DROXFORD DR,"3, ZONE",452W,77008,CLOSED,2022-03-31,12:27 PM
186408,Tree Trim,2022-03-31 01:43 PM,Tree Trim Inspection,TREEMAINTENANCE,"UF - JONES, CODY",1900 HULDY ST,"2, ZONE",492R,77019,CLOSED,2022-03-31,01:43 PM
186409,Tree Stump Grinding,2022-03-31 01:44 PM,Tree Stump Inspection,TREEMAINTENANCE,"UF - JONES, CODY",1721 RIDGEWOOD ST,"2, ZONE",492R,77006,CLOSED,2022-03-31,01:44 PM
186411,Tree Trim,2022-03-31 03:35 PM,Tree Trim Inspection,TREEMAINTENANCE,"UF - BHATTARAI, NIMESH",18610 PARK HARBOR DR,"3, ZONE",447W,77084,CLOSED,2022-03-31,03:35 PM
186412,Tree Trim,2022-03-31 03:56 PM,Tree Trim Inspection,TREEMAINTENANCE,"UF - JONES, CODY",9714 BEVLYN DR,"7, ZONE",532T,77025,CLOSED,2022-03-31,03:56 PM
186413,Tree Removal,2022-03-31 05:17 PM,Tree Removal Inspection,TREEMAINTENANCE,"UF - BHATTARAI, NIMESH",8707 W FM 1960 BYP,"4, ZONE",335S,77338,CLOSED,2022-03-31,05:17 PM
186415,Tree Removal,2022-04-01 08:15 AM,Tree Removal Inspection,TREEMAINTENANCE,"UF - BHATTARAI, NIMESH",5207 MIDDLE FALLS DR,"4, ZONE",337C,77345,CLOSED,2022-04-01,08:15 AM
186416,Tree Trim,2022-04-01 08:19 AM,Tree Trim Inspection,TREEMAINTENANCE,"UF - JONES, CODY",6000 CHIMNEY ROCK RD (BURNETT BAYLAND PARK),"7, ZONE",531B,77081,CLOSED,2022-04-01,08:19 AM
186417,Tree Trim,2022-04-01 09:21 AM,Tree Trim Inspection,TREEMAINTENANCE,"EJIM, ONYEKACHI",5603 KENILWOOD DR,"6, ZONE",534S,77033,CLOSED,2022-04-01,09:21 AM
186418,Tree Trim,2022-04-01 09:31 AM,Tree Trim Inspection,TREEMAINTENANCE,"EJIM, ONYEKACHI",110 GANS ST,"5, ZONE",495Z,77029,CLOSED,2022-04-01,09:31 AM
186419,Tree Removal,2022-04-01 09:34 AM,Tree Removal Inspection,TREEMAINTENANCE,"EJIM, ONYEKACHI",110 GANS ST,"5, ZONE",495Z,77029,CLOSED,2022-04-01,09:34 AM
186420,Tree Trim,2022-04-01 09:38 AM,Tree Trim Inspection,TREEMAINTENANCE,"EJIM, ONYEKACHI",110 GANS ST,"5, ZONE",495Z,77029,CLOSED,2022-04-01,09:38 AM
186421,Tree Trim,2022-04-01 10:07 AM,Tree Trim Inspection,TREEMAINTENANCE,"EJIM, ONYEKACHI",2400 FLOWERS ST,"5, ZONE",534H,77087,CLOSED,2022-04-01,10:07 AM
186422,Tree Removal,2022-04-01 10:34 AM,Tree Removal Inspection,TREEMAINTENANCE,"EJIM, ONYEKACHI",6622 JAPONICA ST,"5, ZONE",534H,77087,CLOSED,2022-04-01,10:34 AM
186423,Tree Removal,2022-04-01 11:22 AM,Tree Removal Inspection,TREEMAINTENANCE,"EJIM, ONYEKACHI",3400 N PARKWOOD DR,"6, ZONE",533G,77021,CLOSED,2022-04-01,11:22 AM
186424,Tree Trim,2022-04-01 11:26 AM,Tree Trim Inspection,TREEMAINTENANCE,"EJIM, ONYEKACHI",90 N CAROLINA ST,"5, ZONE",495U,77029,CLOSED,2022-04-01,11:26 AM
186425,Tree Planting,2022-04-01 11:31 AM,Tree Planting Inspection,TREEPROTECTION,"EJIM, ONYEKACHI",7120 CANAL ST,"5, ZONE",494V,77011,CLOSED,2022-04-01,11:31 AM
186426,Tree Trim,2022-04-01 11:56 AM,Tree Trim Inspection,TREEMAINTENANCE,"UF - BHATTARAI, NIMESH",KINGWOOD DR & WOODS ESTATES DR,"4, ZONE",337A,77339,CLOSED,2022-04-01,11:56 AM
186427,Tree Trim,2022-04-01 01:08 PM,Tree Trim Inspection,TREEMAINTENANCE,"UF - BHATTARAI, NIMESH",7225 GORE DR,"4, ZONE",415W,77016,CLOSED,2022-04-01,01:08 PM
186428,Tree Trim,2022-04-01 01:36 PM,Tree Trim Inspection,TREEMAINTENANCE,"UF - BHATTARAI, NIMESH",8609 MANUS ST,"4, ZONE",454E,77093,CLOSED,2022-04-01,01:36 PM
186429,Tree Removal,2022-04-01 03:01 PM,Tree Removal Inspection,TREEMAINTENANCE,"UF - BHATTARAI, NIMESH",6650 FELDSPAR ST,"3, ZONE",451J,77092,CLOSED,2022-04-01,03:01 PM
186430,Tree Trim,2022-04-01 03:37 PM,Tree Trim Inspection,TREEMAINTENANCE,"UF - JONES, CODY",7706 SUMMER GLEN LN,"2, ZONE",528L,77072,CLOSED,2022-04-01,03:37 PM
186431,Tree Removal,2022-04-01 03:38 PM,Tree Removal Inspection,TREEMAINTENANCE,"UF - JONES, CODY",5930 IMOGENE ST,"7, ZONE",531N,77074,CLOSED,2022-04-01,03:38 PM
186432,Tree Removal,2022-04-01 03:43 PM,Tree Removal Inspection,TREEMAINTENANCE,"UF - BHATTARAI, NIMESH",6654 GRANITE ST,"3, ZONE",451J,77092,CLOSED,2022-04-01,03:43 PM
186433,Tree Code Violation,2022-04-01 10:06 PM,Tree Code Violation Inspection,TREEPROTECTION,"UF - BURKES, JEREMY","SHERWIN ST,HOUSTON,77007","3, ZONE",492B      ,5258d,CLOSED,2022-04-01,10:06 PM
186434,Tree Trim,2022-04-02 02:38 AM,Tree Trim Inspection,TREEMAINTENANCE,"EJIM, ONYEKACHI",25 N PALMER ST,"5, ZONE",494N,77003,CLOSED,2022-04-02,02:38 AM
186435,Tree Removal,2022-04-02 02:07 PM,Tree Removal Inspection,TREEMAINTENANCE,"UF - JONES, CODY",1901 DRISCOLL ST,"2, ZONE",492R,77019,CLOSED,2022-04-02,02:07 PM
186436,Tree Trim,2022-04-03 01:09 AM,Tree Trim Inspection,TREEMAINTENANCE,"EJIM, ONYEKACHI",4433 STERLING ST,"6, ZONE",533Y,77051,CLOSED,2022-04-03,01:09 AM
186437,Tree Trim,2022-04-03 08:55 AM,Tree Trim Inspection,TREEMAINTENANCE,"EJIM, ONYEKACHI",10927 KEESE DR,"6, ZONE",576T,77089,CLOSED,2022-04-03,08:55 AM
186438,Tree Removal,2022-04-03 09:22 AM,Tree Removal Inspection,TREEMAINTENANCE,"UF - BHATTARAI, NIMESH",100 W 9TH ST,"3, ZONE",492D,77008,CLOSED,2022-04-03,09:22 AM
186439,Tree Trim,2022-04-03 07:12 PM,Tree Trim Inspection,TREEMAINTENANCE,"UF - JONES, CODY",STANFORD ST & PEDEN ST,"2, ZONE",493N,77006,CLOSED,2022-04-03,07:12 PM
186445,Tree Trim,2022-04-04 10:44 AM,Tree Trim Inspection,TREEMAINTENANCE,"UF - BHATTARAI, NIMESH",3014 STONEWALL ST,"4, ZONE",494E,77020,CLOSED,2022-04-04,10:44 AM
186446,Tree Removal,2022-04-04 10:44 AM,Tree Removal Inspection,TREEMAINTENANCE,"UF - JONES, CODY",8506 FERRIS DR,"7, ZONE",531P,77096,CLOSED,2022-04-04,10:44 AM
186447,Tree Trim,2022-04-04 11:05 AM,Tree Trim Inspection,TREEMAINTENANCE,"UF - BHATTARAI, NIMESH","1863 KINGWOOD DR, HOUSTON ","4, ZONE",336B,77339,CLOSED,2022-04-04,11:05 AM
186448,Tree Removal,2022-04-04 11:15 AM,Tree Removal Inspection,TREEMAINTENANCE,"EJIM, ONYEKACHI",5405 DIEPPE ST,"6, ZONE",534S,77033,CLOSED,2022-04-04,11:15 AM
186449,Tree Trim,2022-04-04 11:47 AM,Tree Trim Inspection,TREEMAINTENANCE,"UF - BHATTARAI, NIMESH",7856 SANDY ST,"4, ZONE",455P,77028,CLOSED,2022-04-04,11:47 AM
186450,Tree Trim,2022-04-04 12:15 PM,Tree Trim Inspection,TREEMAINTENANCE,"UF - JONES, CODY",6323 S SOUTHWOOD CT,"7, ZONE",570D,77035,CLOSED,2022-04-04,12:15 PM
186451,Tree Removal,2022-04-04 01:19 PM,Tree Removal Inspection,TREEMAINTENANCE,"UF - BHATTARAI, NIMESH",538 HOFFMAN ST,"4, ZONE",494H,77020,CLOSED,2022-04-04,01:19 PM
186452,Tree Trim,2022-04-04 01:46 PM,Tree Trim Inspection,TREEMAINTENANCE,"UF - BHATTARAI, NIMESH",2002 PINE RIVER DR,"4, ZONE",336C,77339,CLOSED,2022-04-04,01:46 PM
186453,Tree Removal,2022-04-04 02:04 PM,Tree Removal Inspection,TREEMAINTENANCE,"UF - JONES, CODY",5759 GREENCRAIG DR,"7, ZONE",571E,77035,CLOSED,2022-04-04,02:04 PM
186454,Tree Removal,2022-04-04 02:25 PM,Tree Removal Inspection,TREEMAINTENANCE,"UF - JONES, CODY",2239 DRYDEN RD,"7, ZONE",532G,77030,CLOSED,2022-04-04,02:25 PM
186455,Tree Trim,2022-04-04 02:29 PM,Tree Trim Inspection,TREEMAINTENANCE,"UF - JONES, CODY",12927 WESTPARK DR,"2, ZONE",488Y,77082,CLOSED,2022-04-04,02:29 PM
186456,Tree Removal,2022-04-04 02:37 PM,Tree Removal Inspection,TREEMAINTENANCE,"UF - JONES, CODY",7211 LONGVINE DR,"2, ZONE",528M,77072,CLOSED,2022-04-04,02:37 PM
186457,Tree Removal,2022-04-04 03:10 PM,Tree Removal Inspection,TREEMAINTENANCE,"UF - JONES, CODY",6018 RUTHERGLENN DR,"7, ZONE",530V,77096,CLOSED,2022-04-04,03:10 PM
186458,Tree Code Violation,2022-04-04 04:23 PM,Tree Code Violation Inspection,TREEPROTECTION,"UF - BHATTARAI, NIMESH",7617 FEROL RD,"4, ZONE",415S,77016,CLOSED,2022-04-04,04:23 PM
186459,Tree Trim,2022-04-04 04:36 PM,Tree Trim Inspection,TREEMAINTENANCE,"UF - BHATTARAI, NIMESH",2105 E CROSSTIMBERS ST,"4, ZONE",453M,77093,CLOSED,2022-04-04,04:36 PM
186460,Tree Removal,2022-04-04 05:14 PM,Tree Removal Inspection,TREEMAINTENANCE,"UF - JONES, CODY",3221 LEONIDAS ST,"2, ZONE",492M,77019,CLOSED,2022-04-04,05:14 PM
186461,Tree Removal,2022-04-04 07:52 PM,Tree Removal Inspection,TREEMAINTENANCE,"UF - JONES, CODY",EDLOE ST & BISSONNET ST,"7, ZONE",492X,77005,CLOSED,2022-04-04,07:52 PM
186462,Tree Removal,2022-04-04 08:47 PM,Tree Removal Inspection,TREEMAINTENANCE,"UF - BHATTARAI, NIMESH",3718 T C JESTER BLVD,"3, ZONE",451R,77018,CLOSED,2022-04-04,08:47 PM
186464,Tree Removal,2022-04-05 07:43 AM,Tree Removal Inspection,TREEMAINTENANCE,"UF - BHATTARAI, NIMESH",3414 TROUT ST,"4, ZONE",454B,77093,CLOSED,2022-04-05,07:43 AM
186465,Tree Removal,2022-04-05 08:46 AM,Tree Removal Inspection,TREEMAINTENANCE,"UF - BHATTARAI, NIMESH",6400 HAMBLEN DR (EDMONDS PARK),"4, ZONE",375W,77396,CLOSED,2022-04-05,08:46 AM
186466,Tree Removal,2022-04-05 09:59 AM,Tree Removal Inspection,TREEMAINTENANCE,"EJIM, ONYEKACHI",7332 OAK HILL DR,"6, ZONE",535S,77087,CLOSED,2022-04-05,09:59 AM
186467,Tree Removal,2022-04-05 10:09 AM,Tree Removal Inspection,TREEMAINTENANCE,"UF - JONES, CODY",10350 S POST OAK RD,"7, ZONE",531U,77035,CLOSED,2022-04-05,10:09 AM
186469,Tree Removal,2022-04-05 11:30 AM,Tree Removal Inspection,TREEMAINTENANCE,"EJIM, ONYEKACHI",541 S 75TH ST (MASON PARK),"5, ZONE",535A,77023,CLOSED,2022-04-05,11:30 AM
186470,Tree Removal,2022-04-05 12:18 PM,Tree Removal Inspection,TREEMAINTENANCE,"EJIM, ONYEKACHI",13810 PLACID BROOK CT,"5, ZONE",618A,77034,CLOSED,2022-04-05,12:18 PM
186473,Tree Removal,2022-04-05 01:04 PM,Tree Removal Inspection,TREEMAINTENANCE,"UF - BHATTARAI, NIMESH",12855 HALIFAX ST,"4, ZONE",497A,77015,CLOSED,2022-04-05,01:04 PM
186477,Tree Removal,2022-04-05 01:40 PM,Tree Removal Inspection,TREEMAINTENANCE,"EJIM, ONYEKACHI",5121 POLK ST (CULLINAN [M.C.] PARK),"5, ZONE",494X,77023,CLOSED,2022-04-05,01:40 PM
186478,Tree Removal,2022-04-05 03:12 PM,Tree Removal Inspection,TREEMAINTENANCE,"UF - BHATTARAI, NIMESH",501 FUGATE ST,"3, ZONE",453X,77009,CLOSED,2022-04-05,03:12 PM
186479,Tree Removal,2022-04-05 06:04 PM,Tree Removal Inspection,TREEMAINTENANCE,"UF - BHATTARAI, NIMESH",9271 THEYSEN DR,"3, ZONE",450L,77080,CLOSED,2022-04-05,06:04 PM
186480,Tree Trim,2022-04-05 08:56 PM,Tree Trim Inspection,TREEMAINTENANCE,"UF - BURKES, JEREMY",5918 DELLFERN DR,"7, ZONE",571A,77035,CLOSED,2022-04-05,08:56 PM
186482,Tree Removal,2022-04-06 09:22 AM,Tree Removal Inspection,TREEMAINTENANCE,"EJIM, ONYEKACHI",211 N HUTCHESON ST,"5, ZONE",494N,77003,CLOSED,2022-04-06,09:22 AM
186484,Tree Removal,2022-04-06 09:28 AM,Tree Removal Inspection,TREEMAINTENANCE,"UF - JONES, CODY",5151 EDLOE ST,"7, ZONE",492X,77005,CLOSED,2022-04-06,09:28 AM
186485,Tree Trim,2022-04-06 09:41 AM,Tree Trim Inspection,TREEMAINTENANCE,"UF - JONES, CODY",3614 ROSELAND ST,"2, ZONE",493S,77006,CLOSED,2022-04-06,09:41 AM
186486,Tree Removal,2022-04-06 10:25 AM,Tree Removal Inspection,TREEMAINTENANCE,"UF - JONES, CODY",14558 CINDYWOOD DR,"2, ZONE",488H,77079,CLOSED,2022-04-06,10:25 AM
186487,Tree Removal,2022-04-06 10:52 AM,Tree Removal Inspection,TREEMAINTENANCE,"EJIM, ONYEKACHI",2211 ELLA BLVD,"3, ZONE",452T,77008,CLOSED,2022-04-06,10:52 AM
186488,Tree Trim,2022-04-06 10:56 AM,Tree Trim Inspection,TREEMAINTENANCE,"UF - BHATTARAI, NIMESH",432 NEYLAND ST,"3, ZONE",453J,77022,CLOSED,2022-04-06,10:56 AM
186489,Tree Trim,2022-04-06 11:32 AM,Tree Trim Inspection,TREEMAINTENANCE,"UF - BHATTARAI, NIMESH",16900 PARK ROW DR,"3, ZONE",447X,77084,CLOSED,2022-04-06,11:32 AM
186490,Tree Trim,2022-04-06 11:38 AM,Tree Trim Inspection,TREEMAINTENANCE,"UF - BHATTARAI, NIMESH",8941 ETTA ST,"4, ZONE",454E,77093,CLOSED,2022-04-06,11:38 AM
186491,Tree Trim,2022-04-06 12:20 PM,Tree Trim Inspection,TREEMAINTENANCE,"UF - BHATTARAI, NIMESH",7502 LUDINGTON DR,"7, ZONE",570C,77071,CLOSED,2022-04-06,12:20 PM
186497,Tree Removal,2022-04-06 01:54 PM,Tree Removal Inspection,TREEMAINTENANCE,"UF - BHATTARAI, NIMESH",8707 W FM 1960 BYP,"4, ZONE",335S,77338,CLOSED,2022-04-06,01:54 PM
186500,Tree Removal,2022-04-06 02:58 PM,Tree Removal Inspection,TREEMAINTENANCE,"UF - JONES, CODY",8614 SCHUMACHER LN,"2, ZONE",490Y,77063,CLOSED,2022-04-06,02:58 PM
186501,Tree Removal,2022-04-06 03:34 PM,Tree Removal Inspection,TREEMAINTENANCE,"EJIM, ONYEKACHI",5119 DEWBERRY ST,"6, ZONE",534J,77021,CLOSED,2022-04-06,03:34 PM
186503,Tree Code Violation,2022-04-06 04:53 PM,Tree Code Violation Inspection,TREEPROTECTION,"UF - BHATTARAI, NIMESH",1907 PARKER RD,"4, ZONE",413Z,77093,CLOSED,2022-04-06,04:53 PM
186504,Tree Removal,2022-04-06 05:47 PM,Tree Removal Inspection,TREEMAINTENANCE,"UF - JONES, CODY",3900 JACK ST,"2, ZONE",493S,77006,CLOSED,2022-04-06,05:47 PM
186505,Tree Trim,2022-04-06 06:44 PM,Tree Trim Inspection,TREEMAINTENANCE,"UF - BHATTARAI, NIMESH",10115 METRONOME DR,"3, ZONE",450S,77080,CLOSED,2022-04-06,06:44 PM
186506,Tree Removal,2022-04-07 01:36 AM,Tree Removal Inspection,TREEMAINTENANCE,"UF - BHATTARAI, NIMESH",718 GARDEN OAKS BLVD,"3, ZONE",452M,77018,CLOSED,2022-04-07,01:36 AM
186509,Tree Removal,2022-04-07 08:36 AM,Tree Removal Inspection,TREEMAINTENANCE,"EJIM, ONYEKACHI",8219 COASTWAY LN,"6, ZONE",575X,77075,CLOSED,2022-04-07,08:36 AM
186510,Tree Removal,2022-04-07 09:37 AM,Tree Removal Inspection,TREEMAINTENANCE,"UF - JONES, CODY",2314 W MAIN ST,"2, ZONE",492U,77098,CLOSED,2022-04-07,09:37 AM
186511,Tree Trim,2022-04-07 10:04 AM,Tree Trim Inspection,TREEMAINTENANCE,"UF - BHATTARAI, NIMESH",1850 CORTLANDT ST,"3, ZONE",453S,77008,CLOSED,2022-04-07,10:04 AM
186513,Tree Trim,2022-04-07 10:24 AM,Tree Trim Inspection,TREEMAINTENANCE,"EJIM, ONYEKACHI",7149 MYRTLE ST,"5, ZONE",535E,77087,CLOSED,2022-04-07,10:24 AM
186514,Tree Trim,2022-04-07 10:34 AM,Tree Trim Inspection,TREEMAINTENANCE,"EJIM, ONYEKACHI",14903 EL CAMINO REAL,"5, ZONE",618E,77062,CLOSED,2022-04-07,10:34 AM
186515,Tree Removal,2022-04-07 11:52 AM,Tree Removal Inspection,TREEMAINTENANCE,"UF - BHATTARAI, NIMESH",5721 WIPPRECHT ST,"4, ZONE",454U,77026,CLOSED,2022-04-07,11:52 AM
186516,Tree Removal,2022-04-07 12:10 PM,Tree Removal Inspection,TREEMAINTENANCE,"UF - BHATTARAI, NIMESH",540 W 34TH ST (GRAHAM PARK),"3, ZONE",452R,77018,CLOSED,2022-04-07,12:10 PM
186518,Tree Removal,2022-04-07 12:16 PM,Tree Removal Inspection,TREEMAINTENANCE,"UF - BHATTARAI, NIMESH",802 W 43RD ST (SUE BARNETT-43RD TRIANGLE),"3, ZONE",452L,77018,CLOSED,2022-04-07,12:16 PM
186519,Tree Removal,2022-04-07 12:23 PM,Tree Removal Inspection,TREEMAINTENANCE,"UF - BHATTARAI, NIMESH",717 W 30TH ST (W 30TH & N DURHAM),"3, ZONE",452Q,77018,CLOSED,2022-04-07,12:23 PM
186520,Tree Removal,2022-04-07 12:50 PM,Tree Removal Inspection,TREEMAINTENANCE,"UF - BHATTARAI, NIMESH",1202 HOGAN ST,"4, ZONE",493H,77009,CLOSED,2022-04-07,12:50 PM
186521,Tree Removal,2022-04-07 01:03 PM,Tree Removal Inspection,TREEMAINTENANCE,"UF - JONES, CODY",6370 TEAL RUN DR,"7, ZONE",570D,77035,CLOSED,2022-04-07,01:03 PM
186522,Tree Trim,2022-04-07 02:29 PM,Tree Trim Inspection,TREEMAINTENANCE,"UF - JONES, CODY",5618 JACKWOOD ST,"7, ZONE",531N,77096,CLOSED,2022-04-07,02:29 PM
186523,Tree Trim,2022-04-07 02:34 PM,Tree Trim Inspection,TREEMAINTENANCE,"EJIM, ONYEKACHI",510 N EVERTON ST,"5, ZONE",494P,77003,CLOSED,2022-04-07,02:34 PM
186524,Tree Removal,2022-04-07 04:16 PM,Tree Removal Inspection,TREEMAINTENANCE,"EJIM, ONYEKACHI",7210 NARCISSUS ST,"5, ZONE",535E,77012,CLOSED,2022-04-07,04:16 PM
186525,Tree Trim,2022-04-07 04:28 PM,Tree Trim Inspection,TREEMAINTENANCE,"EJIM, ONYEKACHI",3310 SPARROW ST,"6, ZONE",573B,77051,CLOSED,2022-04-07,04:28 PM
186526,Tree Removal,2022-04-07 04:45 PM,Tree Removal Inspection,TREEMAINTENANCE,"UF - JONES, CODY",1300 VICTOR ST,"2, ZONE",493P,77019,CLOSED,2022-04-07,04:45 PM
186527,Tree Removal,2022-04-07 05:21 PM,Tree Removal Inspection,TREEMAINTENANCE,"UF - BHATTARAI, NIMESH",1415 GAINES ST,"4, ZONE",453V,77009,CLOSED,2022-04-07,05:21 PM
186528,Tree Removal,2022-04-07 05:34 PM,Tree Removal Inspection,TREEMAINTENANCE,"EJIM, ONYEKACHI",1102 GAZIN ST,"5, ZONE",494M,77020,CLOSED,2022-04-07,05:34 PM
186529,Tree Trim,2022-04-07 05:34 PM,Tree Trim Inspection,TREEMAINTENANCE,"UF - BHATTARAI, NIMESH",316 E 35TH ST,"3, ZONE",453N,77018,CLOSED,2022-04-07,05:34 PM
186530,Tree Trim,2022-04-07 05:37 PM,Tree Trim Inspection,TREEMAINTENANCE,"UF - BHATTARAI, NIMESH",320 E 35TH ST,"3, ZONE",453N,77018,CLOSED,2022-04-07,05:37 PM
186532,Tree Trim,2022-04-08 06:20 AM,Tree Trim Inspection,TREEMAINTENANCE,"UF - BHATTARAI, NIMESH",11490 HARWIN DR,"2, ZONE",529B,77072,CLOSED,2022-04-08,06:20 AM
186535,Tree Trim,2022-04-08 09:52 AM,Tree Trim Inspection,TREEMAINTENANCE,"UF - BHATTARAI, NIMESH",529 HAHLO ST,"4, ZONE",494H,77020,CLOSED,2022-04-08,09:52 AM
186536,Tree Removal,2022-04-08 10:07 AM,Tree Removal Inspection,TREEMAINTENANCE,"EJIM, ONYEKACHI",906 GLOBE ST,"5, ZONE",576E,77034,CLOSED,2022-04-08,10:07 AM
186537,Tree Trim,2022-04-08 10:35 AM,Tree Trim Inspection,TREEMAINTENANCE,"UF - JONES, CODY",2619 HOPKINS ST,"2, ZONE",493S,77006,CLOSED,2022-04-08,10:35 AM
186538,Tree Trim,2022-04-08 11:14 AM,Tree Trim Inspection,TREEMAINTENANCE,"UF - BHATTARAI, NIMESH",4101 PARKER RD,"4, ZONE",414X,77093,CLOSED,2022-04-08,11:14 AM
186539,Tree Trim,2022-04-08 11:23 AM,Tree Trim Inspection,TREEMAINTENANCE,"UF - BHATTARAI, NIMESH",4000 TROUT ST,"4, ZONE",454B,77093,CLOSED,2022-04-08,11:23 AM
186543,Tree Trim,2022-04-08 05:10 PM,Tree Trim Inspection,TREEMAINTENANCE,"UF - JONES, CODY",3899 SAN FELIPE ST,"2, ZONE",492N,77027,CLOSED,2022-04-08,05:10 PM
186544,Tree Trim,2022-04-08 07:26 PM,Tree Trim Inspection,TREEMAINTENANCE,"EJIM, ONYEKACHI",5214 TARAWA RD,"6, ZONE",534S,77033,CLOSED,2022-04-08,07:26 PM
186545,Tree Trim,2022-04-09 08:51 AM,Tree Trim Inspection,TREEMAINTENANCE,"UF - BHATTARAI, NIMESH",6123 IRISH HILL DR,"7, ZONE",571X,77053,CLOSED,2022-04-09,08:51 AM
186546,Tree Removal,2022-04-09 09:15 AM,Tree Removal Inspection,TREEMAINTENANCE,"EJIM, ONYEKACHI",8126 EASTON ST,"5, ZONE",535K,77017,CLOSED,2022-04-09,09:15 AM
186547,Tree Trim,2022-04-09 10:13 AM,Tree Trim Inspection,TREEMAINTENANCE,"EJIM, ONYEKACHI",5341 ORIOLE,"5, ZONE",536N,77017,CLOSED,2022-04-09,10:13 AM
186548,Tree Removal,2022-04-09 10:43 AM,Tree Removal Inspection,TREEMAINTENANCE,"EJIM, ONYEKACHI",5217 TARAWA RD,"6, ZONE",534S,77033,CLOSED,2022-04-09,10:43 AM
186549,Tree Removal,2022-04-09 11:53 AM,Tree Removal Inspection,TREEMAINTENANCE,"UF - BHATTARAI, NIMESH",4203 RAWLEY ST,"4, ZONE",494F,77020,CLOSED,2022-04-09,11:53 AM
186550,Tree Trim,2022-04-09 01:08 PM,Tree Trim Inspection,TREEMAINTENANCE,"EJIM, ONYEKACHI",317 CHARTRES ST,"5, ZONE",493R,77002,CLOSED,2022-04-09,01:08 PM
186551,Tree Trim,2022-04-09 01:38 PM,Tree Trim Inspection,TREEMAINTENANCE,"UF - BHATTARAI, NIMESH",PARK ROW DR & INNOVATION PARK DR,"3, ZONE",447X,77084,CLOSED,2022-04-09,01:38 PM
186552,Tree Trim,2022-04-09 01:41 PM,Tree Trim Inspection,TREEMAINTENANCE,"UF - BHATTARAI, NIMESH",BARKER CYPRESS RD & S PARK VIEW DR,"3, ZONE",447W,77084,CLOSED,2022-04-09,01:41 PM
186553,Tree Code Violation,2022-04-09 02:18 PM,Tree Code Violation Inspection,TREEPROTECTION,"UF - BURKES, JEREMY",705 FOWLER ST,"2, ZONE",492H,77007,CLOSED,2022-04-09,02:18 PM
186554,Tree Code Violation,2022-04-09 02:24 PM,Tree Code Violation Inspection,TREEPROTECTION,"UF - BHATTARAI, NIMESH",SHERWIN ST & PETTY ST,"3, ZONE",492B,77007,CLOSED,2022-04-09,02:24 PM
186555,Tree Removal,2022-04-09 02:45 PM,Tree Removal Inspection,TREEMAINTENANCE,"UF - BHATTARAI, NIMESH",5234 SAXON DR (MANGUM MANOR PARK),"3, ZONE",451L,77092,CLOSED,2022-04-09,02:45 PM
186556,Tree Removal,2022-04-09 06:28 PM,Tree Removal Inspection,TREEMAINTENANCE,"UF - JONES, CODY",9200 FONDREN RD,"7, ZONE",530V,77074,CLOSED,2022-04-09,06:28 PM
186557,Tree Stump Grinding,2022-04-10 12:09 AM,Tree Stump Inspection,TREEMAINTENANCE,"UF - BHATTARAI, NIMESH",2002 CHESHIRE LN,"3, ZONE",452J,77018,CLOSED,2022-04-10,12:09 AM
186558,Tree Trim,2022-04-10 05:50 AM,Tree Trim Inspection,TREEMAINTENANCE,"UF - BHATTARAI, NIMESH",902 W 23RD ST,"3, ZONE",452U,77008,CLOSED,2022-04-10,05:50 AM
186559,Tree Trim,2022-04-10 10:09 AM,Tree Trim Inspection,TREEMAINTENANCE,"UF - JONES, CODY",511 SAN JACINTO ST,"1, ZONE",493M,77002,CLOSED,2022-04-10,10:09 AM
186560,Tree Trim,2022-04-10 10:37 AM,Tree Trim Inspection,TREEMAINTENANCE,"UF - BHATTARAI, NIMESH",701 E 36TH ST,"3, ZONE",453N,77022,CLOSED,2022-04-10,10:37 AM
186561,Tree Trim,2022-04-10 11:07 AM,Tree Trim Inspection,TREEMAINTENANCE,"UF - BHATTARAI, NIMESH",9611 TOWER ST,"3, ZONE",412N,77088,CLOSED,2022-04-10,11:07 AM
186562,Tree Removal,2022-04-10 12:19 PM,Tree Removal Inspection,TREEMAINTENANCE,"EJIM, ONYEKACHI",217 DRENNAN ST,"5, ZONE",494N,77003,CLOSED,2022-04-10,12:19 PM
186563,Tree Trim,2022-04-10 05:24 PM,Tree Trim Inspection,TREEMAINTENANCE,"UF - JONES, CODY",3118 SAN JACINTO ST,"2, ZONE",493T,77004,CLOSED,2022-04-10,05:24 PM
186564,Tree Removal,2022-04-10 06:45 PM,Tree Removal Inspection,TREEMAINTENANCE,"UF - JONES, CODY",3401 OCEE ST,"2, ZONE",490X,77063,CLOSED,2022-04-10,06:45 PM
186566,Tree Removal,2022-04-11 08:35 AM,Tree Removal Inspection,TREEMAINTENANCE,"UF - JONES, CODY",12400 BRIAR FOREST DR,"2, ZONE",488R,77077,CLOSED,2022-04-11,08:35 AM
186567,Tree Removal,2022-04-11 08:40 AM,Tree Removal Inspection,TREEMAINTENANCE,"EJIM, ONYEKACHI",8209 MUNN ST,"5, ZONE",495K,77029,CLOSED,2022-04-11,08:40 AM
186569,Tree Trim,2022-04-11 10:31 AM,Tree Trim Inspection,TREEMAINTENANCE,"UF - JONES, CODY",7505 MORNINGSIDE DR,"7, ZONE",532L,77030,CLOSED,2022-04-11,10:31 AM
186571,Tree Trim,2022-04-11 11:09 AM,Tree Trim Inspection,TREEMAINTENANCE,"UF - BHATTARAI, NIMESH",3326 CRESTDALE DR,"3, ZONE",450K,77080,CLOSED,2022-04-11,11:09 AM
186572,Tree Trim,2022-04-11 11:13 AM,Tree Trim Inspection,TREEMAINTENANCE,"UF - BHATTARAI, NIMESH",3059 SAGEBRUSH DR,"4, ZONE",414T,77093,CLOSED,2022-04-11,11:13 AM
186573,Tree Trim,2022-04-11 11:28 AM,Tree Trim Inspection,TREEMAINTENANCE,"UF - BHATTARAI, NIMESH",840 W 23RD ST,"3, ZONE",452U,77008,CLOSED,2022-04-11,11:28 AM
186574,Tree Trim,2022-04-11 12:19 PM,Tree Trim Inspection,TREEMAINTENANCE,"UF - JONES, CODY",8027 CANDLE LN,"7, ZONE",530Y,77071,CLOSED,2022-04-11,12:19 PM
186575,Tree Removal,2022-04-11 12:25 PM,Tree Removal Inspection,TREEMAINTENANCE,"UF - JONES, CODY",2903 ROCKYRIDGE DR,"2, ZONE",490X,77063,CLOSED,2022-04-11,12:25 PM
186576,Tree Removal,2022-04-11 12:34 PM,Tree Removal Inspection,TREEMAINTENANCE,"EJIM, ONYEKACHI",7323 KRUEGER RD,"6, ZONE",534S,77033,CLOSED,2022-04-11,12:34 PM
186577,Tree Trim,2022-04-11 12:46 PM,Tree Trim Inspection,TREEMAINTENANCE,"UF - JONES, CODY",2900 FANNIN ST,"2, ZONE",493T,77002,CLOSED,2022-04-11,12:46 PM
186578,Tree Trim,2022-04-11 12:47 PM,Tree Trim Inspection,TREEMAINTENANCE,"UF - JONES, CODY",2616 CRAWFORD ST,"2, ZONE",493U,77004,CLOSED,2022-04-11,12:47 PM
186579,Tree Trim,2022-04-11 12:47 PM,Tree Trim Inspection,TREEMAINTENANCE,"UF - JONES, CODY",2639 JACKSON ST,"2, ZONE",493U,77004,CLOSED,2022-04-11,12:47 PM
186581,Tree Trim,2022-04-11 01:52 PM,Tree Trim Inspection,TREEMAINTENANCE,"EJIM, ONYEKACHI",1550 S WAYSIDE ST,"5, ZONE",534C,77023,CLOSED,2022-04-11,01:52 PM
186582,Tree Trim,2022-04-11 02:53 PM,Tree Trim Inspection,TREEMAINTENANCE,"UF - BHATTARAI, NIMESH",5011 DRODDY ST,"3, ZONE",451C,77091,CLOSED,2022-04-11,02:53 PM
186583,Tree Removal,2022-04-11 03:56 PM,Tree Removal Inspection,TREEMAINTENANCE,"UF - JONES, CODY",9623 HIGHMEADOW DR,"2, ZONE",490W,77063,CLOSED,2022-04-11,03:56 PM
186584,Tree Trim,2022-04-11 04:05 PM,Tree Trim Inspection,TREEMAINTENANCE,"UF - JONES, CODY",6959 HARWIN DR,"2, ZONE",530D,77036,CLOSED,2022-04-11,04:05 PM
186585,Tree Trim,2022-04-11 04:08 PM,Tree Trim Inspection,TREEMAINTENANCE,"UF - BHATTARAI, NIMESH",6500 FONDREN RD,"2, ZONE",530G,77036,CLOSED,2022-04-11,04:08 PM
186591,Tree Trim,2022-04-12 08:02 AM,Tree Trim Inspection,TREEMAINTENANCE,"UF - JONES, CODY",1618 FRANCIS ST,"2, ZONE",493T,77004,CLOSED,2022-04-12,08:02 AM
186592,Tree Removal,2022-04-12 08:03 AM,Tree Removal Inspection,TREEMAINTENANCE,"UF - JONES, CODY",2108 BANKS ST,"7, ZONE",492Z,77098,CLOSED,2022-04-12,08:03 AM
186593,Tree Code Violation,2022-04-12 08:29 AM,Tree Code Violation Inspection,TREEPROTECTION,"UF - JONES, CODY",9550 ELLA LEE LN,"2, ZONE",490T,77063,CLOSED,2022-04-12,08:29 AM
186594,Tree Removal,2022-04-12 09:36 AM,Tree Removal Inspection,TREEMAINTENANCE,"UF - JONES, CODY",5031 BEECHNUT ST,"7, ZONE",531Q,77096,CLOSED,2022-04-12,09:36 AM
186595,Tree Removal,2022-04-12 09:44 AM,Tree Removal Inspection,TREEMAINTENANCE,"EJIM, ONYEKACHI",12807 CAPE HYANNIS DR,"6, ZONE",573R,77048,CLOSED,2022-04-12,09:44 AM
186596,Tree Removal,2022-04-12 10:07 AM,Tree Removal Inspection,TREEMAINTENANCE,"UF - JONES, CODY",7703 RICHMOND AVE (BRIARMEADOW PARK),"2, ZONE",490Z,77063,CLOSED,2022-04-12,10:07 AM
186597,Tree Trim,2022-04-12 10:36 AM,Tree Trim Inspection,TREEMAINTENANCE,"UF - BHATTARAI, NIMESH",8113 WAY ST,"4, ZONE",455F,77028,CLOSED,2022-04-12,10:36 AM
186598,Tree Trim,2022-04-12 11:00 AM,Tree Trim Inspection,TREEMAINTENANCE,"UF - BHATTARAI, NIMESH",4800 BROOKSTON ST,"7, ZONE",571M,77045,CLOSED,2022-04-12,11:00 AM
186599,Tree Trim,2022-04-12 11:06 AM,Tree Trim Inspection,TREEMAINTENANCE,"EJIM, ONYEKACHI",6826 AVENUE O,"5, ZONE",494V,77011,CLOSED,2022-04-12,11:06 AM
186600,Tree Trim,2022-04-12 11:09 AM,Tree Trim Inspection,TREEMAINTENANCE,"EJIM, ONYEKACHI",9329 KLONDIKE ST,"6, ZONE",575M,77075,CLOSED,2022-04-12,11:09 AM
186601,Tree Trim,2022-04-12 12:40 PM,Tree Trim Inspection,TREEMAINTENANCE,"UF - BHATTARAI, NIMESH",3919 BROOKSTON ST,"7, ZONE",572J,77045,CLOSED,2022-04-12,12:40 PM
186602,Tree Removal,2022-04-12 01:52 PM,Tree Removal Inspection,TREEMAINTENANCE,"EJIM, ONYEKACHI",3591 BAY AREA BLVD,"5, ZONE",618D,77059,CLOSED,2022-04-12,01:52 PM
186603,Tree Code Violation,2022-04-12 02:14 PM,Tree Code Violation Inspection,TREEPROTECTION,"UF - BHATTARAI, NIMESH",313 E 34TH ST,"3, ZONE",453N,77018,CLOSED,2022-04-12,02:14 PM
186604,Tree Trim,2022-04-12 02:31 PM,Tree Trim Inspection,TREEMAINTENANCE,"UF - BHATTARAI, NIMESH",3808 WORLD HOUSTON PKWY,"4, ZONE",374P,77032,CLOSED,2022-04-12,02:31 PM
186605,Tree Removal,2022-04-12 02:41 PM,Tree Removal Inspection,TREEMAINTENANCE,"UF - BHATTARAI, NIMESH",1814 CHIPPENDALE RD,"3, ZONE",452J,77018,CLOSED,2022-04-12,02:41 PM
186608,Tree Trim,2022-04-12 03:16 PM,Tree Trim Inspection,TREEMAINTENANCE,"UF - BHATTARAI, NIMESH",9419 SPRINGMONT DR,"3, ZONE",450L,77080,CLOSED,2022-04-12,03:16 PM
186609,Tree Trim,2022-04-12 03:27 PM,Tree Trim Inspection,TREEMAINTENANCE,"EJIM, ONYEKACHI",3519 CORDER ST,"6, ZONE",533P,77021,CLOSED,2022-04-12,03:27 PM
186610,Tree Trim,2022-04-12 03:53 PM,Tree Trim Inspection,TREEMAINTENANCE,"EJIM, ONYEKACHI",603 RITTENHOUSE ST,"4, ZONE",413Y,77076,CLOSED,2022-04-12,03:53 PM
186611,Tree Removal,2022-04-12 04:25 PM,Tree Removal Inspection,TREEMAINTENANCE,"UF - BHATTARAI, NIMESH",2317 ASHLAND ST,"3, ZONE",452V,77008,CLOSED,2022-04-12,04:25 PM
186612,Tree Trim,2022-04-12 04:32 PM,Tree Trim Inspection,TREEMAINTENANCE,"UF - BHATTARAI, NIMESH",6107 LYMBAR DR,"7, ZONE",530Z,77096,CLOSED,2022-04-12,04:32 PM
186613,Tree Removal,2022-04-12 04:37 PM,Tree Removal Inspection,TREEMAINTENANCE,"UF - BHATTARAI, NIMESH",2317 ASHLAND ST,"3, ZONE",452V,77008,CLOSED,2022-04-12,04:37 PM
186614,Tree Removal,2022-04-12 04:44 PM,Tree Removal Inspection,TREEMAINTENANCE,"EJIM, ONYEKACHI",5825 CONLEY ST,"6, ZONE",533M,77021,CLOSED,2022-04-12,04:44 PM
186615,Tree Trim,2022-04-12 06:38 PM,Tree Trim Inspection,TREEMAINTENANCE,"UF - BHATTARAI, NIMESH",8823 MANHATTAN DR,"7, ZONE",531P,77096,CLOSED,2022-04-12,06:38 PM
186616,Tree Removal,2022-04-12 06:50 PM,Tree Removal Inspection,TREEMAINTENANCE,"UF - JONES, CODY",10118 WILLOWGROVE DR,"7, ZONE",531V,77035,CLOSED,2022-04-12,06:50 PM
186617,Tree Trim,2022-04-12 10:46 PM,Tree Trim Inspection,TREEMAINTENANCE,"UF - BHATTARAI, NIMESH",9314 BERTWOOD ST,"4, ZONE",454D,77016,CLOSED,2022-04-12,10:46 PM
186618,Tree Trim,2022-04-12 10:55 PM,Tree Trim Inspection,TREEMAINTENANCE,"UF - BHATTARAI, NIMESH",9413 BERTWOOD ST,"4, ZONE",454D,77016,CLOSED,2022-04-12,10:55 PM
186622,Tree Removal,2022-04-13 08:43 AM,Tree Removal Inspection,TREEMAINTENANCE,"UF - BHATTARAI, NIMESH",5527 CAVERSHAM DR,"7, ZONE",531S,77096,CLOSED,2022-04-13,08:43 AM
186624,Tree Removal,2022-04-13 09:22 AM,Tree Removal Inspection,TREEMAINTENANCE,"UF - BHATTARAI, NIMESH",9199 MELLOW BROOK DR,"2, ZONE",528R,77099,CLOSED,2022-04-13,09:22 AM
186627,Tree Trim,2022-04-13 11:08 AM,Tree Trim Inspection,TREEMAINTENANCE,"UF - JONES, CODY","3401 OCEE ST,HOUSTON,77063","2, ZONE",490X,5056c,CLOSED,2022-04-13,11:08 AM
186628,Tree Removal,2022-04-13 01:00 PM,Tree Removal Inspection,TREEMAINTENANCE,"UF - BHATTARAI, NIMESH",1141 W MELWOOD ST,"3, ZONE",453W,77009,CLOSED,2022-04-13,01:00 PM
186633,Tree Trim,2022-04-13 03:52 PM,Tree Trim Inspection,TREEMAINTENANCE,"UF - BHATTARAI, NIMESH",7903 LOCKSLEY RD,"4, ZONE",455B,77078,CLOSED,2022-04-13,03:52 PM
186634,Tree Removal,2022-04-13 03:56 PM,Tree Removal Inspection,TREEMAINTENANCE,"EJIM, ONYEKACHI",1327 TARBERRY RD,"3, ZONE",412Q,77088,CLOSED,2022-04-13,03:56 PM
186635,Tree Trim,2022-04-13 04:40 PM,Tree Trim Inspection,TREEMAINTENANCE,"UF - BHATTARAI, NIMESH",412 W 25TH ST,"3, ZONE",452V,77008,CLOSED,2022-04-13,04:40 PM
186636,Tree Removal,2022-04-13 07:41 PM,Tree Removal Inspection,TREEMAINTENANCE,"UF - BHATTARAI, NIMESH",5146 DARNELL ST,"7, ZONE",531Q,77096,CLOSED,2022-04-13,07:41 PM
186637,Tree Trim,2022-04-14 05:23 AM,Tree Trim Inspection,TREEMAINTENANCE,"EJIM, ONYEKACHI",7500 OFFICE CITY DR,"5, ZONE",535J,77012,CLOSED,2022-04-14,05:23 AM
186641,Tree Trim,2022-04-14 08:49 AM,Tree Trim Inspection,TREEMAINTENANCE,"UF - JONES, CODY",5555 SAN FELIPE ST,"2, ZONE",491P,77056,CLOSED,2022-04-14,08:49 AM
186642,Tree Trim,2022-04-14 08:54 AM,Tree Trim Inspection,TREEMAINTENANCE,"UF - BHATTARAI, NIMESH",203 E 13TH ST,"3, ZONE",453W,77008,CLOSED,2022-04-14,08:54 AM
186643,Tree Removal,2022-04-14 09:25 AM,Tree Removal Inspection,TREEMAINTENANCE,"UF - JONES, CODY",11906 SANDPIPER DR,"7, ZONE",570D,77035,CLOSED,2022-04-14,09:25 AM
186644,Tree Removal,2022-04-14 09:58 AM,Tree Removal Inspection,TREEMAINTENANCE,"EJIM, ONYEKACHI",310 PACIFIC ST,"2, ZONE",493N,77006,CLOSED,2022-04-14,09:58 AM
186645,Tree Trim,2022-04-14 10:34 AM,Tree Trim Inspection,TREEMAINTENANCE,"UF - BHATTARAI, NIMESH",2835 TRIWAY LN,"3, ZONE",449M,77043,CLOSED,2022-04-14,10:34 AM
186646,Tree Removal,2022-04-14 11:04 AM,Tree Removal Inspection,TREEMAINTENANCE,"UF - BHATTARAI, NIMESH",9813 CLARK RD,"4, ZONE",453B,77076,CLOSED,2022-04-14,11:04 AM
186647,Tree Trim,2022-04-14 11:10 AM,Tree Trim Inspection,TREEMAINTENANCE,"UF - JONES, CODY",10922 VANDERFORD DR,"2, ZONE",569B,77099,CLOSED,2022-04-14,11:10 AM
186648,Tree Trim,2022-04-14 11:38 AM,Tree Trim Inspection,TREEMAINTENANCE,"UF - JONES, CODY",1777 SAGE RD,"2, ZONE",491Q,77056,CLOSED,2022-04-14,11:38 AM
186649,Tree Removal,2022-04-14 12:38 PM,Tree Removal Inspection,TREEMAINTENANCE,"UF - JONES, CODY",6226 VALERIE ST,"7, ZONE",531J,77081,CLOSED,2022-04-14,12:38 PM
186650,Tree Trim,2022-04-14 12:47 PM,Tree Trim Inspection,TREEMAINTENANCE,"UF - BHATTARAI, NIMESH",408 FRISCO ST,"4, ZONE",453Q,77022,CLOSED,2022-04-14,12:47 PM
186651,Tree Removal,2022-04-14 01:21 PM,Tree Removal Inspection,TREEMAINTENANCE,"EJIM, ONYEKACHI",3801 HICKOK LN,"6, ZONE",573L,77047,CLOSED,2022-04-14,01:21 PM
186652,Tree Removal,2022-04-14 01:48 PM,Tree Removal Inspection,TREEMAINTENANCE,"EJIM, ONYEKACHI",700 BOMAR ST,"2, ZONE",493N,77006,CLOSED,2022-04-14,01:48 PM
186655,Tree Trim,2022-04-14 03:33 PM,Tree Trim Inspection,TREEMAINTENANCE,"EJIM, ONYEKACHI",BELLFORT ST & MARTIN LUTHER KING BLVD,"6, ZONE",534W,77033,CLOSED,2022-04-14,03:33 PM
186656,Tree Trim,2022-04-14 04:30 PM,Tree Trim Inspection,TREEMAINTENANCE,"EJIM, ONYEKACHI",3717 GULF ST,"5, ZONE",535P,77017,CLOSED,2022-04-14,04:30 PM
186657,Tree Trim,2022-04-14 05:24 PM,Tree Trim Inspection,TREEMAINTENANCE,"EJIM, ONYEKACHI",3717 GULF ST,"5, ZONE",535P,77017,CLOSED,2022-04-14,05:24 PM
186658,Tree Trim,2022-04-14 07:29 PM,Tree Trim Inspection,TREEMAINTENANCE,"UF - JONES, CODY",9423 MEADOWCROFT DR,"2, ZONE",490X,77063,CLOSED,2022-04-14,07:29 PM
186659,Tree Trim,2022-04-14 09:32 PM,Tree Trim Inspection,TREEMAINTENANCE,"EJIM, ONYEKACHI",7200 BROWNSVILLE ST,"4, ZONE",495A,77020,CLOSED,2022-04-14,09:32 PM
186661,Tree Trim,2022-04-14 10:02 PM,Tree Trim Inspection,TREEMAINTENANCE,"UF - BHATTARAI, NIMESH",10222 KNOBOAK DR,"3, ZONE",450S,77043,CLOSED,2022-04-14,10:02 PM
186662,Tree Trim,2022-04-14 10:29 PM,Tree Trim Inspection,TREEMAINTENANCE,"UF - BHATTARAI, NIMESH",1401 CORTLANDT ST,"3, ZONE",453W,77008,CLOSED,2022-04-14,10:29 PM
186663,Tree Removal,2022-04-14 11:32 PM,Tree Removal Inspection,TREEMAINTENANCE,"UF - JONES, CODY",1700 MAIN ST,"1, ZONE",493Q,77002,CLOSED,2022-04-14,11:32 PM
186664,Tree Trim,2022-04-15 02:27 AM,Tree Trim Inspection,TREEMAINTENANCE,"UF - BHATTARAI, NIMESH",1303 CORTLANDT ST,"3, ZONE",453W,77008,CLOSED,2022-04-15,02:27 AM
186665,Tree Code Violation,2022-04-15 02:54 AM,Tree Code Violation Inspection,TREEPROTECTION,"UF - BHATTARAI, NIMESH",4666 GULFCREST ST,"6, ZONE",534B,77023,CLOSED,2022-04-15,02:54 AM
186668,Tree Removal,2022-04-15 07:26 AM,Tree Removal Inspection,TREEMAINTENANCE,"EJIM, ONYEKACHI",8126 GRAFTON ST,"5, ZONE",535P,77017,CLOSED,2022-04-15,07:26 AM
186670,Tree Trim,2022-04-15 07:47 AM,Tree Trim Inspection,TREEMAINTENANCE,"UF - BHATTARAI, NIMESH",915 PECORE ST,"3, ZONE",453X,77009,CLOSED,2022-04-15,07:47 AM
186673,Tree Stump Grinding,2022-04-15 10:13 AM,Tree Stump Inspection,TREEMAINTENANCE,"UF - JONES, CODY",2006 POTOMAC DR,"2, ZONE",491N,77057,CLOSED,2022-04-15,10:13 AM
186674,Tree Trim,2022-04-18 10:15 AM,Tree Trim Inspection,TREEMAINTENANCE,"UF - JONES, CODY",7619 QUAIL MEADOW DR,"7, ZONE",570C,77071,CLOSED,2022-04-18,10:15 AM
186675,Tree Trim,2022-04-18 10:16 AM,Tree Trim Inspection,TREEMAINTENANCE,"EJIM, ONYEKACHI",7110 CAYTON ST,"6, ZONE",574D,77061,CLOSED,2022-04-18,10:16 AM
186676,Tree Trim,2022-04-18 10:16 AM,Tree Trim Inspection,TREEMAINTENANCE,"EJIM, ONYEKACHI",4811 MALLOW ST,"6, ZONE",573D,77033,CLOSED,2022-04-18,10:16 AM
186677,Tree Trim,2022-04-18 10:16 AM,Tree Trim Inspection,TREEMAINTENANCE,"UF - JONES, CODY",PARK ST & HADDON ST,"2, ZONE",492R,77019,CLOSED,2022-04-18,10:16 AM
186678,Tree Trim,2022-04-18 10:16 AM,Tree Trim Inspection,TREEMAINTENANCE,"EJIM, ONYEKACHI",12107 WOOD BAYOU DR,"4, ZONE",496C,77013,CLOSED,2022-04-18,10:16 AM
186679,Tree Trim,2022-04-18 10:20 AM,Tree Trim Inspection,TREEMAINTENANCE,"EJIM, ONYEKACHI",5412 LYONS AVE,"4, ZONE",494G,77020,CLOSED,2022-04-18,10:20 AM
186680,Tree Trim,2022-04-18 10:20 AM,Tree Trim Inspection,TREEMAINTENANCE,"EJIM, ONYEKACHI",15700 SPACE CENTER BLVD,"5, ZONE",618G,77062,CLOSED,2022-04-18,10:20 AM
186681,Tree Trim,2022-04-18 10:21 AM,Tree Trim Inspection,TREEMAINTENANCE,"UF - JONES, CODY",1002 BERING DR,"2, ZONE",491K,77057,CLOSED,2022-04-18,10:21 AM
186682,Tree Trim,2022-04-18 10:21 AM,Tree Trim Inspection,TREEMAINTENANCE,"EJIM, ONYEKACHI",6320 LA SALETTE ST,"6, ZONE",533L,77021,CLOSED,2022-04-18,10:21 AM
186683,Tree Trim,2022-04-18 10:22 AM,Tree Trim Inspection,TREEMAINTENANCE,"EJIM, ONYEKACHI",3803 ZEPHYR ST,"6, ZONE",533L,77021,CLOSED,2022-04-18,10:22 AM
186684,Tree Trim,2022-04-18 10:22 AM,Tree Trim Inspection,TREEMAINTENANCE,"UF - JONES, CODY",5900 N BRAESWOOD BLVD,"7, ZONE",531S,77074,CLOSED,2022-04-18,10:22 AM
186685,Tree Removal,2022-04-18 10:22 AM,Tree Removal Inspection,TREEMAINTENANCE,"EJIM, ONYEKACHI",12709 EAST FWY,"4, ZONE",496H,77015,CLOSED,2022-04-18,10:22 AM
186686,Tree Trim,2022-04-18 10:23 AM,Tree Trim Inspection,TREEMAINTENANCE,"UF - BHATTARAI, NIMESH",18203 GROSCHKE RD (CULLEN PARK),"3, ZONE",447P,77084,CLOSED,2022-04-18,10:23 AM
186687,Tree Trim,2022-04-18 10:23 AM,Tree Trim Inspection,TREEMAINTENANCE,"UF - BHATTARAI, NIMESH",19008 SAUMS RD,"3, ZONE",446V,77084,CLOSED,2022-04-18,10:23 AM
186688,Tree Code Violation,2022-04-18 10:23 AM,Tree Code Violation Inspection,TREEPROTECTION,"EJIM, ONYEKACHI",5939 KIAM ST,"3, ZONE",492B,77007,CLOSED,2022-04-18,10:23 AM
186689,Tree Trim,2022-04-18 10:31 AM,Tree Trim Inspection,TREEMAINTENANCE,"EJIM, ONYEKACHI",1111 WOOLWORTH ST,"5, ZONE",494M,77020,CLOSED,2022-04-18,10:31 AM
186690,Tree Trim,2022-04-18 10:54 AM,Tree Trim Inspection,TREEMAINTENANCE,"EJIM, ONYEKACHI",1900 BAY AREA BLVD,"5, ZONE",618L,77058,CLOSED,2022-04-18,10:54 AM
186691,Tree Removal,2022-04-18 12:22 PM,Tree Removal Inspection,TREEMAINTENANCE,"UF - JONES, CODY",1805 UTAH ST,"2, ZONE",492F,77007,CLOSED,2022-04-18,12:22 PM
186692,Tree Trim,2022-04-18 12:25 PM,Tree Trim Inspection,TREEMAINTENANCE,"EJIM, ONYEKACHI",9426 ASHVILLE DR,"6, ZONE",573B,77051,CLOSED,2022-04-18,12:25 PM
186694,Tree Removal,2022-04-18 01:10 PM,Tree Removal Inspection,TREEMAINTENANCE,"UF - JONES, CODY",9606 S RICE AVE,"7, ZONE",531U,77096,CLOSED,2022-04-18,01:10 PM
186696,Tree Removal,2022-04-18 01:43 PM,Tree Removal Inspection,TREEMAINTENANCE,"EJIM, ONYEKACHI",947 OAK MEADOWS ST,"5, ZONE",536N,77017,CLOSED,2022-04-18,01:43 PM
186699,Tree Trim,2022-04-18 02:44 PM,Tree Trim Inspection,TREEMAINTENANCE,"UF - BHATTARAI, NIMESH",1702 PARANA DR,"3, ZONE",450T,77080,CLOSED,2022-04-18,02:44 PM
186700,Tree Trim,2022-04-18 03:27 PM,Tree Trim Inspection,TREEMAINTENANCE,"EJIM, ONYEKACHI",4348 EASTPARK DR,"4, ZONE",454Z,77028,CLOSED,2022-04-18,03:27 PM
186701,Tree Trim,2022-04-18 04:42 PM,Tree Trim Inspection,TREEMAINTENANCE,"EJIM, ONYEKACHI",8610 SHOTWELL ST,"4, ZONE",454G,77016,CLOSED,2022-04-18,04:42 PM
186702,Tree Removal,2022-04-18 05:42 PM,Tree Removal Inspection,TREEMAINTENANCE,"UF - JONES, CODY",7959 DEER MEADOW DR,"7, ZONE",570G,77071,CLOSED,2022-04-18,05:42 PM
186703,Tree Trim,2022-04-18 06:06 PM,Tree Trim Inspection,TREEMAINTENANCE,"EJIM, ONYEKACHI",521 W 8TH ST,"3, ZONE",492D,77007,CLOSED,2022-04-18,06:06 PM
186706,Tree Stump Grinding,2022-04-19 08:03 AM,Tree Stump Inspection,TREEMAINTENANCE,"EJIM, ONYEKACHI",15502 ROSE RIDGE CT,"7, ZONE",571X,77489,CLOSED,2022-04-19,08:03 AM
186707,Tree Trim,2022-04-19 08:35 AM,Tree Trim Inspection,TREEMAINTENANCE,"UF - BHATTARAI, NIMESH",6902 BLANDFORD LN,"3, ZONE",451Y,77055,CLOSED,2022-04-19,08:35 AM
186708,Tree Trim,2022-04-19 08:53 AM,Tree Trim Inspection,TREEMAINTENANCE,"EJIM, ONYEKACHI",11123 SAGEVIEW DR,"6, ZONE",616B,77089,CLOSED,2022-04-19,08:53 AM
186709,Tree Trim,2022-04-19 09:29 AM,Tree Trim Inspection,TREEMAINTENANCE,"EJIM, ONYEKACHI",2000 BAY AREA BLVD,"5, ZONE",618L,77058,CLOSED,2022-04-19,09:29 AM
186710,Tree Removal,2022-04-19 10:12 AM,Tree Removal Inspection,TREEMAINTENANCE,"UF - BHATTARAI, NIMESH",6123 ANDWOOD ST,"6, ZONE",534V,77087,CLOSED,2022-04-19,10:12 AM
186711,Tree Removal,2022-04-19 10:12 AM,Tree Removal Inspection,TREEMAINTENANCE,"UF - JONES, CODY",508 W DREW ST,"2, ZONE",493N,77006,CLOSED,2022-04-19,10:12 AM
186712,Tree Removal,2022-04-19 10:33 AM,Tree Removal Inspection,TREEMAINTENANCE,"EJIM, ONYEKACHI",239 PECAN GROVE,"4, ZONE",456Y,77013,CLOSED,2022-04-19,10:33 AM
186713,Tree Trim,2022-04-19 11:04 AM,Tree Trim Inspection,TREEMAINTENANCE,"EJIM, ONYEKACHI",3012 TUAM ST,"6, ZONE",493Z,77004,CLOSED,2022-04-19,11:04 AM
186714,Tree Trim,2022-04-19 12:20 PM,Tree Trim Inspection,TREEMAINTENANCE,"UF - JONES, CODY",4414 YOAKUM BLVD,"2, ZONE",493W,77006,CLOSED,2022-04-19,12:20 PM
186715,Tree Trim,2022-04-19 12:20 PM,Tree Trim Inspection,TREEMAINTENANCE,"UF - BHATTARAI, NIMESH",1433 W 23RD ST,"3, ZONE",452T,77008,CLOSED,2022-04-19,12:20 PM
186716,Tree Trim,2022-04-19 01:19 PM,Tree Trim Inspection,TREEMAINTENANCE,"UF - BHATTARAI, NIMESH",510 FRAWLEY ST,"4, ZONE",453U,77009,CLOSED,2022-04-19,01:19 PM
186717,Tree Trim,2022-04-19 01:58 PM,Tree Trim Inspection,TREEMAINTENANCE,"UF - JONES, CODY",1402 SUL ROSS ST,"2, ZONE",493S,77006,CLOSED,2022-04-19,01:58 PM
186718,Tree Removal,2022-04-19 02:35 PM,Tree Removal Inspection,TREEMAINTENANCE,"EJIM, ONYEKACHI",7038 DILLON ST,"6, ZONE",574D,77061,CLOSED,2022-04-19,02:35 PM
186719,Tree Planting,2022-04-19 03:06 PM,Tree Planting Inspection,TREEPROTECTION,"UF - JONES, CODY",9610 TRUSCON DR,"3, ZONE",450T,77080,CLOSED,2022-04-19,03:06 PM
186720,Tree Trim,2022-04-19 03:29 PM,Tree Trim Inspection,TREEMAINTENANCE,"UF - BHATTARAI, NIMESH",817 W 30TH ST,"3, ZONE",452Q,77018,CLOSED,2022-04-19,03:29 PM
186723,Tree Stump Grinding,2022-04-19 03:47 PM,Tree Stump Inspection,TREEMAINTENANCE,"EJIM, ONYEKACHI",9230 MARTELL ST,"6, ZONE",573C,77051,CLOSED,2022-04-19,03:47 PM
186725,Tree Trim,2022-04-19 05:23 PM,Tree Trim Inspection,TREEMAINTENANCE,"UF - JONES, CODY",3800 CENTER ST,"2, ZONE",492H,77007,CLOSED,2022-04-19,05:23 PM
186726,Tree Removal,2022-04-20 03:18 AM,Tree Removal Inspection,TREEMAINTENANCE,"UF - JONES, CODY",12513 PEBBLESTONE ST,"2, ZONE",528M,77072,CLOSED,2022-04-20,03:18 AM
186727,Tree Removal,2022-04-20 04:06 AM,Tree Removal Inspection,TREEMAINTENANCE,"UF - JONES, CODY",9125 WICKFORD DR,"2, ZONE",491C,77024,CLOSED,2022-04-20,04:06 AM
186731,Tree Removal,2022-04-20 08:50 AM,Tree Removal Inspection,TREEMAINTENANCE,"EJIM, ONYEKACHI",1102 E 6TH 1/2 ST,"3, ZONE",493A,77009,CLOSED,2022-04-20,08:50 AM
186732,Tree Trim,2022-04-20 09:11 AM,Tree Trim Inspection,TREEMAINTENANCE,"UF - JONES, CODY",6902 BELLAIRE BLVD,"7, ZONE",530H,77074,CLOSED,2022-04-20,09:11 AM
186734,Tree Trim,2022-04-20 10:21 AM,Tree Trim Inspection,TREEMAINTENANCE,"EJIM, ONYEKACHI",11003 SAGETRAIL DR,"6, ZONE",616B,77089,CLOSED,2022-04-20,10:21 AM
186735,Tree Stump Grinding,2022-04-20 10:22 AM,Tree Stump Inspection,TREEMAINTENANCE,"EJIM, ONYEKACHI",542 ARLINGTON ST,"3, ZONE",493A,77007,CLOSED,2022-04-20,10:22 AM
186736,Tree Removal,2022-04-20 10:23 AM,Tree Removal Inspection,TREEMAINTENANCE,"EJIM, ONYEKACHI",11610 HERALD SQUARE DR,"2, ZONE",529P,77099,CLOSED,2022-04-20,10:23 AM
186737,Tree Removal,2022-04-20 10:29 AM,Tree Removal Inspection,TREEMAINTENANCE,"EJIM, ONYEKACHI",1900 BAY AREA BLVD,"5, ZONE",618L,77058,CLOSED,2022-04-20,10:29 AM
186739,Tree Trim,2022-04-20 11:18 AM,Tree Trim Inspection,TREEMAINTENANCE,"UF - JONES, CODY",2127 OAKDALE ST,"7, ZONE",533B,77004,CLOSED,2022-04-20,11:18 AM
186742,Tree Trim,2022-04-20 12:18 PM,Tree Trim Inspection,TREEMAINTENANCE,"UF - BHATTARAI, NIMESH",3219 ROSEDALE ST,"6, ZONE",533C,77004,CLOSED,2022-04-20,12:18 PM
186743,Tree Trim,2022-04-20 01:22 PM,Tree Trim Inspection,TREEMAINTENANCE,"UF - BHATTARAI, NIMESH",17116 GROSCHKE RD,"3, ZONE",447Q,77084,CLOSED,2022-04-20,01:22 PM
186744,Tree Trim,2022-04-20 02:07 PM,Tree Trim Inspection,TREEMAINTENANCE,"EJIM, ONYEKACHI",5667 BELMARK ST,"6, ZONE",534W,77033,CLOSED,2022-04-20,02:07 PM
186745,Tree Trim,2022-04-20 02:19 PM,Tree Trim Inspection,TREEMAINTENANCE,"EJIM, ONYEKACHI",COOPER RD & CLARK RD,"4, ZONE",413X      ,77076,CLOSED,2022-04-20,02:19 PM
186749,Tree Trim,2022-04-20 03:16 PM,Tree Trim Inspection,TREEMAINTENANCE,"EJIM, ONYEKACHI",319 MAXEY RD,"4, ZONE",456Y,77013,CLOSED,2022-04-20,03:16 PM
186750,Tree Trim,2022-04-20 03:37 PM,Tree Trim Inspection,TREEMAINTENANCE,"UF - JONES, CODY",12500 W BELLFORT AVE,"2, ZONE",528Z,77099,CLOSED,2022-04-20,03:37 PM
186751,Tree Trim,2022-04-20 04:47 PM,Tree Trim Inspection,TREEMAINTENANCE,"UF - JONES, CODY",6014 DUXBURY DR,"7, ZONE",570D,77035,CLOSED,2022-04-20,04:47 PM
186752,Tree Trim,2022-04-20 05:26 PM,Tree Trim Inspection,TREEMAINTENANCE,"EJIM, ONYEKACHI",13427 FOREST PINES VILLAGE LN,"3, ZONE",372K,77067,CLOSED,2022-04-20,05:26 PM
186753,Tree Removal,2022-04-20 07:05 PM,Tree Removal Inspection,TREEMAINTENANCE,"UF - BHATTARAI, NIMESH",5700 DARLING ST,"3, ZONE",492B,77007,CLOSED,2022-04-20,07:05 PM
186754,Tree Removal,2022-04-20 07:35 PM,Tree Removal Inspection,TREEMAINTENANCE,"EJIM, ONYEKACHI",1550 GODWIN ST,"5, ZONE",494X,77023,CLOSED,2022-04-20,07:35 PM
186755,Tree Trim,2022-04-20 07:50 PM,Tree Trim Inspection,TREEMAINTENANCE,"EJIM, ONYEKACHI",203 MAACK LN,"4, ZONE",413S,77037,CLOSED,2022-04-20,07:50 PM
186756,Tree Trim,2022-04-20 08:51 PM,Tree Trim Inspection,TREEMAINTENANCE,"EJIM, ONYEKACHI",14807 GRAND NUGGET CT,"5, ZONE",618E,77062,CLOSED,2022-04-20,08:51 PM
186761,Tree Trim,2022-04-21 09:26 AM,Tree Trim Inspection,TREEMAINTENANCE,"UF - BHATTARAI, NIMESH",4701 RANDON RD,"3, ZONE",451G,77092,CLOSED,2022-04-21,09:26 AM
186763,Tree Removal,2022-04-21 10:19 AM,Tree Removal Inspection,TREEMAINTENANCE,"UF - BHATTARAI, NIMESH",607 W 10TH ST,"3, ZONE",492D,77008,CLOSED,2022-04-21,10:19 AM
186764,Tree Removal,2022-04-21 11:02 AM,Tree Removal Inspection,TREEMAINTENANCE,"UF - JONES, CODY",9102 CHATSWORTH DR,"2, ZONE",491C,77024,CLOSED,2022-04-21,11:02 AM
186765,Tree Trim,2022-04-21 11:07 AM,Tree Trim Inspection,TREEMAINTENANCE,"EJIM, ONYEKACHI",7610 DIXIE DR,"6, ZONE",535S,77087,CLOSED,2022-04-21,11:07 AM
186766,Tree Removal,2022-04-21 11:29 AM,Tree Removal Inspection,TREEMAINTENANCE,"UF - BHATTARAI, NIMESH",3725 FULTON ST,"4, ZONE",453Y,77009,CLOSED,2022-04-21,11:29 AM
186767,Tree Removal,2022-04-21 11:53 AM,Tree Removal Inspection,TREEMAINTENANCE,"EJIM, ONYEKACHI",800 WILKES,"4, ZONE",493C,77009,CLOSED,2022-04-21,11:53 AM
186768,Tree Removal,2022-04-21 12:02 PM,Tree Removal Inspection,TREEMAINTENANCE,"UF - JONES, CODY",3416 ROSELAND ST,"2, ZONE",493S,77006,CLOSED,2022-04-21,12:02 PM
186769,Tree Code Violation,2022-04-21 12:24 PM,Tree Code Violation Inspection,TREEPROTECTION,"UF - BURKES, JEREMY",4309 CLOVER ST,"6, ZONE",533Y,77051,CLOSED,2022-04-21,12:24 PM
186771,Tree Removal,2022-04-21 12:26 PM,Tree Removal Inspection,TREEMAINTENANCE,"EJIM, ONYEKACHI",848 DILLARD ST,"3, ZONE",412Y,77091,CLOSED,2022-04-21,12:26 PM
186772,Tree Trim,2022-04-21 12:41 PM,Tree Trim Inspection,TREEMAINTENANCE,"UF - JONES, CODY",1702 POST OAK BLVD,"2, ZONE",491Q,77056,CLOSED,2022-04-21,12:41 PM
186774,Tree Removal,2022-04-21 01:15 PM,Tree Removal Inspection,TREEMAINTENANCE,"UF - JONES, CODY",417 REINERMAN ST,"2, ZONE",492L,77007,CLOSED,2022-04-21,01:15 PM
186775,Tree Removal,2022-04-21 02:48 PM,Tree Removal Inspection,TREEMAINTENANCE,"UF - JONES, CODY",7931 BARBERTON DR,"2, ZONE",530K,77036,CLOSED,2022-04-21,02:48 PM
186776,Tree Trim,2022-04-21 03:45 PM,Tree Trim Inspection,TREEMAINTENANCE,"UF - BHATTARAI, NIMESH",3939 ZEPHYR ST,"6, ZONE",533M,77021,CLOSED,2022-04-21,03:45 PM
186777,Tree Removal,2022-04-21 04:27 PM,Tree Removal Inspection,TREEMAINTENANCE,"UF - BHATTARAI, NIMESH",6718 TIERWESTER ST,"6, ZONE",533L,77021,CLOSED,2022-04-21,04:27 PM
186778,Tree Trim,2022-04-21 04:28 PM,Tree Trim Inspection,TREEMAINTENANCE,"EJIM, ONYEKACHI",5755 TURTLE CREEK RD,"5, ZONE",536T,77017,CLOSED,2022-04-21,04:28 PM
186779,Tree Trim,2022-04-21 04:30 PM,Tree Trim Inspection,TREEMAINTENANCE,"EJIM, ONYEKACHI",3023 POE RD,"6, ZONE",573K,77051,CLOSED,2022-04-21,04:30 PM
186780,Tree Trim,2022-04-21 04:33 PM,Tree Trim Inspection,TREEMAINTENANCE,"UF - BHATTARAI, NIMESH",1922 FOREST HILL BLVD,"5, ZONE",534D,77023,CLOSED,2022-04-21,04:33 PM
186781,Tree Removal,2022-04-21 04:36 PM,Tree Removal Inspection,TREEMAINTENANCE,"EJIM, ONYEKACHI",6006 HUMMINGBIRD ST,"7, ZONE",531W,77096,CLOSED,2022-04-21,04:36 PM
186782,Tree Trim,2022-04-21 04:40 PM,Tree Trim Inspection,TREEMAINTENANCE,"EJIM, ONYEKACHI",2821 W 11TH ST,"3, ZONE",492B,77008,CLOSED,2022-04-21,04:40 PM
186783,Tree Trim,2022-04-21 04:43 PM,Tree Trim Inspection,TREEMAINTENANCE,"UF - BHATTARAI, NIMESH",6744 LAWNDALE ST,"5, ZONE",534D,77023,CLOSED,2022-04-21,04:43 PM
186784,Tree Trim,2022-04-21 04:58 PM,Tree Trim Inspection,TREEMAINTENANCE,"EJIM, ONYEKACHI",1810 ESPERANZA ST,"5, ZONE",534D,77023,CLOSED,2022-04-21,04:58 PM
186785,Tree Removal,2022-04-22 03:46 AM,Tree Removal Inspection,TREEMAINTENANCE,"UF - JONES, CODY",8300 BISSONNET ST,"7, ZONE",530T,77074,CLOSED,2022-04-22,03:46 AM
186786,Tree Removal,2022-04-22 06:35 AM,Tree Removal Inspection,TREEMAINTENANCE,"UF - JONES, CODY",6226 VALERIE ST,"7, ZONE",531J,77081,CLOSED,2022-04-22,06:35 AM
186790,Tree Removal,2022-04-22 11:03 AM,Tree Removal Inspection,TREEMAINTENANCE,"UF - JONES, CODY",1502 DRISCOLL ST,"2, ZONE",492R,77019,CLOSED,2022-04-22,11:03 AM
186791,Tree Trim,2022-04-22 11:07 AM,Tree Trim Inspection,TREEMAINTENANCE,"EJIM, ONYEKACHI",11003 SAGETRAIL DR,"6, ZONE",616B,77089,CLOSED,2022-04-22,11:07 AM
186795,Tree Trim,2022-04-22 12:40 PM,Tree Trim Inspection,TREEMAINTENANCE,"EJIM, ONYEKACHI",14102 WHITLOCK DR,"5, ZONE",617D,77062,CLOSED,2022-04-22,12:40 PM
186796,Tree Trim,2022-04-22 01:01 PM,Tree Trim Inspection,TREEMAINTENANCE,"UF - BHATTARAI, NIMESH",7115 GOLDSPIER ST,"3, ZONE",411Z,77088,CLOSED,2022-04-22,01:01 PM
186797,Tree Removal,2022-04-22 01:13 PM,Tree Removal Inspection,TREEMAINTENANCE,"UF - BHATTARAI, NIMESH",9010 DODSON ST (DODSON PARK),"4, ZONE",454F,77093,CLOSED,2022-04-22,01:13 PM
186798,Tree Trim,2022-04-22 01:26 PM,Tree Trim Inspection,TREEMAINTENANCE,"UF - BHATTARAI, NIMESH",7234 KINGSWAY DR,"6, ZONE",534V,77087,CLOSED,2022-04-22,01:26 PM
186799,Tree Removal,2022-04-22 01:32 PM,Tree Removal Inspection,TREEMAINTENANCE,"EJIM, ONYEKACHI",7626 SHERMAN ST,"5, ZONE",495W,77012,CLOSED,2022-04-22,01:32 PM
186802,Tree Removal,2022-04-22 03:05 PM,Tree Removal Inspection,TREEMAINTENANCE,"EJIM, ONYEKACHI",7034 COACHCREEK DR,"7, ZONE",571J,77085,CLOSED,2022-04-22,03:05 PM
186803,Tree Removal,2022-04-22 03:05 PM,Tree Removal Inspection,TREEMAINTENANCE,"UF - JONES, CODY",3614 HAZARD ST,"2, ZONE",492V,77098,CLOSED,2022-04-22,03:05 PM
186804,Tree Removal,2022-04-22 03:56 PM,Tree Removal Inspection,TREEMAINTENANCE,"EJIM, ONYEKACHI",7809 JOPLIN ST,"6, ZONE",535P,77087,CLOSED,2022-04-22,03:56 PM
186805,Tree Trim,2022-04-22 03:59 PM,Tree Trim Inspection,TREEMAINTENANCE,"UF - JONES, CODY",803 W GRAY ST,"2, ZONE",493N,77006,CLOSED,2022-04-22,03:59 PM
186806,Tree Trim,2022-04-22 04:17 PM,Tree Trim Inspection,TREEMAINTENANCE,"EJIM, ONYEKACHI",5723 ABUNDANT LIFE LN,"6, ZONE",574K,77048,CLOSED,2022-04-22,04:17 PM
186807,Tree Trim,2022-04-22 04:48 PM,Tree Trim Inspection,TREEMAINTENANCE,"EJIM, ONYEKACHI",4126 STAGHORN CORAL LN,"7, ZONE",572E,77045,CLOSED,2022-04-22,04:48 PM
186808,Tree Trim,2022-04-22 05:30 PM,Tree Trim Inspection,TREEMAINTENANCE,"EJIM, ONYEKACHI",902 FOREST OAKS DR,"5, ZONE",536N,77017,CLOSED,2022-04-22,05:30 PM
186809,Tree Trim,2022-04-22 06:21 PM,Tree Trim Inspection,TREEMAINTENANCE,"UF - JONES, CODY",1802 MILFORD ST,"7, ZONE",492Z,77098,CLOSED,2022-04-22,06:21 PM
186810,Tree Trim,2022-04-22 06:24 PM,Tree Trim Inspection,TREEMAINTENANCE,"UF - BHATTARAI, NIMESH",1900 SAM WILSON ST,"4, ZONE",494G,77020,CLOSED,2022-04-22,06:24 PM
186811,Tree Removal,2022-04-22 06:42 PM,Tree Removal Inspection,TREEMAINTENANCE,"UF - BHATTARAI, NIMESH",4826 OLD SPANISH TRL,"6, ZONE",534E,77021,CLOSED,2022-04-22,06:42 PM
186812,Tree Trim,2022-04-22 07:33 PM,Tree Trim Inspection,TREEMAINTENANCE,"UF - BHATTARAI, NIMESH",405 E 25TH ST,"3, ZONE",453S,77008,CLOSED,2022-04-22,07:33 PM
186813,Tree Code Violation,2022-04-23 05:58 AM,Tree Code Violation Inspection,TREEPROTECTION,"UF - BHATTARAI, NIMESH",715 GRACELAND ST,"4, ZONE",453U,77009,CLOSED,2022-04-23,05:58 AM
186814,Tree Trim,2022-04-23 12:15 PM,Tree Trim Inspection,TREEMAINTENANCE,"EJIM, ONYEKACHI",7665 EDNA ST,"6, ZONE",535N,77087,CLOSED,2022-04-23,12:15 PM
186815,Tree Removal,2022-04-23 02:52 PM,Tree Removal Inspection,TREEMAINTENANCE,"EJIM, ONYEKACHI",1021 HARVARD ST,"3, ZONE",493A,77008,CLOSED,2022-04-23,02:52 PM
186816,Tree Stump Grinding,2022-04-23 11:16 PM,Tree Stump Inspection,TREEMAINTENANCE,"EJIM, ONYEKACHI",1014 HIGHLAND ST,"3, ZONE",493B,77009,CLOSED,2022-04-23,11:16 PM
186817,Tree Trim,2022-04-24 12:23 PM,Tree Trim Inspection,TREEMAINTENANCE,"EJIM, ONYEKACHI",109 SUPER ST,"5, ZONE",494T,77011,CLOSED,2022-04-24,12:23 PM
186818,Tree Trim,2022-04-24 01:11 PM,Tree Trim Inspection,TREEMAINTENANCE,"UF - BHATTARAI, NIMESH",19008 SAUMS RD,"3, ZONE",446V,77084,CLOSED,2022-04-24,01:11 PM
186819,Tree Removal,2022-04-24 03:00 PM,Tree Removal Inspection,TREEMAINTENANCE,"EJIM, ONYEKACHI",3800 FLORINDA ST,"6, ZONE",533L,77021,CLOSED,2022-04-24,03:00 PM
186820,Tree Removal,2022-04-24 04:46 PM,Tree Removal Inspection,TREEMAINTENANCE,"UF - BHATTARAI, NIMESH",1710 BALDSPRINGS TRL,"4, ZONE",338A,77345,CLOSED,2022-04-24,04:46 PM
186821,Tree Removal,2022-04-24 07:40 PM,Tree Removal Inspection,TREEMAINTENANCE,"EJIM, ONYEKACHI",11306 SANDHURST DR,"6, ZONE",574J,77048,CLOSED,2022-04-24,07:40 PM
186822,Tree Trim,2022-04-24 08:26 PM,Tree Trim Inspection,TREEMAINTENANCE,"UF - BHATTARAI, NIMESH",7234 APPLETON ST,"4, ZONE",453L,77022,CLOSED,2022-04-24,08:26 PM
186823,Tree Trim,2022-04-24 08:41 PM,Tree Trim Inspection,TREEMAINTENANCE,"EJIM, ONYEKACHI",5807 MID PINES ST,"4, ZONE",457S,77049,CLOSED,2022-04-24,08:41 PM
186824,Tree Removal,2022-04-25 04:01 AM,Tree Removal Inspection,TREEMAINTENANCE,"UF - BHATTARAI, NIMESH",7800 JOPLIN ST,"6, ZONE",535P,77087,CLOSED,2022-04-25,04:01 AM
186825,Tree Removal,2022-04-25 06:32 AM,Tree Removal Inspection,TREEMAINTENANCE,"EJIM, ONYEKACHI",5631 MEADOW CREEK LN,"5, ZONE",536T,77017,CLOSED,2022-04-25,06:32 AM
186826,Tree Removal,2022-04-25 07:14 AM,Tree Removal Inspection,TREEMAINTENANCE,"UF - BHATTARAI, NIMESH",5400 W LAKE HOUSTON PKWY,"4, ZONE",297N,77339,CLOSED,2022-04-25,07:14 AM
186827,Tree Trim,2022-04-25 07:38 AM,Tree Trim Inspection,TREEMAINTENANCE,"UF - BHATTARAI, NIMESH",9200 CAMAY DR,"4, ZONE",454H,77016,CLOSED,2022-04-25,07:38 AM
186828,Tree Removal,2022-04-25 07:56 AM,Tree Removal Inspection,TREEMAINTENANCE,"UF - BHATTARAI, NIMESH",3725 FULTON ST,"4, ZONE",453Y,77009,CLOSED,2022-04-25,07:56 AM
186829,Tree Trim,2022-04-25 08:08 AM,Tree Trim Inspection,TREEMAINTENANCE,"UF - BHATTARAI, NIMESH",103 E CROSSTIMBERS ST,"4, ZONE",453K,77022,CLOSED,2022-04-25,08:08 AM
186830,Tree Removal,2022-04-25 08:31 AM,Tree Removal Inspection,TREEMAINTENANCE,"UF - JONES, CODY","2150 Arabelle St,  Houston,  Texas,  77007 (Cottage Grove Park)","3, ZONE",492F,77007,CLOSED,2022-04-25,08:31 AM
186831,Tree Trim,2022-04-25 08:32 AM,Tree Trim Inspection,TREEMAINTENANCE,"UF - BHATTARAI, NIMESH",7234 APPLETON ST,"4, ZONE",453L,77022,CLOSED,2022-04-25,08:32 AM
186832,Tree Trim,2022-04-25 08:48 AM,Tree Trim Inspection,TREEMAINTENANCE,"UF - JONES, CODY",10810 ENDICOTT LN,"7, ZONE",531Y,77035,CLOSED,2022-04-25,08:48 AM
186833,Tree Removal,2022-04-25 09:18 AM,Tree Removal Inspection,TREEMAINTENANCE,"UF - BHATTARAI, NIMESH",239 PECAN GROVE ST,"4, ZONE",456Y,77013,CLOSED,2022-04-25,09:18 AM
186834,Tree Trim,2022-04-25 10:25 AM,Tree Trim Inspection,TREEMAINTENANCE,"UF - BHATTARAI, NIMESH",405 W 21ST ST,"3, ZONE",452V,77008,CLOSED,2022-04-25,10:25 AM
186835,Tree Removal,2022-04-25 10:26 AM,Tree Removal Inspection,TREEMAINTENANCE,"EJIM, ONYEKACHI",1501 EMANCIPATION AVE,"5, ZONE",493V,77003,CLOSED,2022-04-25,10:26 AM
186836,Tree Trim,2022-04-25 10:31 AM,Tree Trim Inspection,TREEMAINTENANCE,"UF - JONES, CODY",12202 BURGOYNE DR,"2, ZONE",489S,77077,CLOSED,2022-04-25,10:31 AM
186837,Tree Trim,2022-04-25 10:42 AM,Tree Trim Inspection,TREEMAINTENANCE,"EJIM, ONYEKACHI",5475 INDIGO ST,"7, ZONE",531N,77096,CLOSED,2022-04-25,10:42 AM
186838,Tree Trim,2022-04-25 10:43 AM,Tree Trim Inspection,TREEMAINTENANCE,"EJIM, ONYEKACHI",5475 DARNELL ST,"7, ZONE",531N,77096,CLOSED,2022-04-25,10:43 AM
186839,Tree Trim,2022-04-25 11:07 AM,Tree Trim Inspection,TREEMAINTENANCE,"EJIM, ONYEKACHI",7215 SHERMAN ST,"5, ZONE",495W,77011,CLOSED,2022-04-25,11:07 AM
186841,Tree Trim,2022-04-25 12:28 PM,Tree Trim Inspection,TREEMAINTENANCE,"UF - BHATTARAI, NIMESH",1800 ESTHER DR,"3, ZONE",412S,77088,CLOSED,2022-04-25,12:28 PM
186844,Tree Trim,2022-04-25 01:17 PM,Tree Trim Inspection,TREEMAINTENANCE,"UF - BHATTARAI, NIMESH",10140 GENARD RD,"3, ZONE",450A,77041,CLOSED,2022-04-25,01:17 PM
186845,Tree Trim,2022-04-25 02:35 PM,Tree Trim Inspection,TREEMAINTENANCE,"UF - JONES, CODY",12900 WESTPARK DR,"2, ZONE",488Y,77082,CLOSED,2022-04-25,02:35 PM
186846,Tree Trim,2022-04-25 02:50 PM,Tree Trim Inspection,TREEMAINTENANCE,"EJIM, ONYEKACHI",9622 VILVEN LN,"3, ZONE",450P,77080,CLOSED,2022-04-25,02:50 PM
186847,Tree Trim,2022-04-25 03:08 PM,Tree Trim Inspection,TREEMAINTENANCE,"UF - BHATTARAI, NIMESH",1801 MILLS BRANCH DR,"4, ZONE",297Z,77345,CLOSED,2022-04-25,03:08 PM
186848,Tree Trim,2022-04-25 03:56 PM,Tree Trim Inspection,TREEMAINTENANCE,"UF - JONES, CODY",1501 HYDE PARK BLVD,"2, ZONE",493S,77006,CLOSED,2022-04-25,03:56 PM
186849,Tree Removal,2022-04-25 04:42 PM,Tree Removal Inspection,TREEMAINTENANCE,"UF - JONES, CODY",2501 COMMONWEALTH ST,"2, ZONE",493S,77006,CLOSED,2022-04-25,04:42 PM
186850,Tree Trim,2022-04-25 05:24 PM,Tree Trim Inspection,TREEMAINTENANCE,"UF - JONES, CODY",1845 PORTSMOUTH ST,"2, ZONE",492Z,77098,CLOSED,2022-04-25,05:24 PM
186851,Tree Trim,2022-04-25 07:07 PM,Tree Trim Inspection,TREEMAINTENANCE,"UF - BHATTARAI, NIMESH",5900 N WAYSIDE DR,"4, ZONE",455P,77028,CLOSED,2022-04-25,07:07 PM
186852,Tree Removal,2022-04-25 07:54 PM,Tree Removal Inspection,TREEMAINTENANCE,"EJIM, ONYEKACHI",13531 NEON ST,"6, ZONE",573V,77047,CLOSED,2022-04-25,07:54 PM
186853,Tree Removal,2022-04-26 04:25 AM,Tree Removal Inspection,TREEMAINTENANCE,"EJIM, ONYEKACHI",1900 EL DORADO BLVD,"5, ZONE",618F,77062,CLOSED,2022-04-26,04:25 AM
186855,Tree Removal,2022-04-26 07:01 AM,Tree Removal Inspection,TREEMAINTENANCE,"UF - JONES, CODY",12707 SUNSET DUNE DR,"2, ZONE",488Y,77082,CLOSED,2022-04-26,07:01 AM
186856,Tree Trim,2022-04-26 08:06 AM,Tree Trim Inspection,TREEMAINTENANCE,"UF - JONES, CODY",520 TEXAS ST,"1, ZONE",493L,77002,CLOSED,2022-04-26,08:06 AM
186857,Tree Trim,2022-04-26 08:09 AM,Tree Trim Inspection,TREEMAINTENANCE,"UF - BHATTARAI, NIMESH",200 E 13TH ST,"3, ZONE",453W,77008,CLOSED,2022-04-26,08:09 AM
186858,Tree Removal,2022-04-26 08:45 AM,Tree Removal Inspection,TREEMAINTENANCE,"EJIM, ONYEKACHI",3945 FUQUA ST,"6, ZONE",573V,77047,CLOSED,2022-04-26,08:45 AM
186859,Tree Trim,2022-04-26 09:17 AM,Tree Trim Inspection,TREEMAINTENANCE,"UF - JONES, CODY",401 TEXAS ST,"1, ZONE",493L,77002,CLOSED,2022-04-26,09:17 AM
186860,Tree Removal,2022-04-26 09:20 AM,Tree Removal Inspection,TREEMAINTENANCE,"EJIM, ONYEKACHI",5011 CHEENA DR,"7, ZONE",531U,77096,CLOSED,2022-04-26,09:20 AM
186862,Tree Trim,2022-04-26 10:17 AM,Tree Trim Inspection,TREEMAINTENANCE,"EJIM, ONYEKACHI",8310 EDGEMOOR DR,"2, ZONE",530F,77036,CLOSED,2022-04-26,10:17 AM
186863,Tree Removal,2022-04-26 10:26 AM,Tree Removal Inspection,TREEMAINTENANCE,"UF - JONES, CODY",1129 W GRAY ST,"2, ZONE",493N,77006,CLOSED,2022-04-26,10:26 AM
186864,Tree Removal,2022-04-26 10:35 AM,Tree Removal Inspection,TREEMAINTENANCE,"EJIM, ONYEKACHI",2929 TANGERINE ST,"6, ZONE",573B,77051,CLOSED,2022-04-26,10:35 AM
186865,Tree Removal,2022-04-26 11:18 AM,Tree Removal Inspection,TREEMAINTENANCE,"EJIM, ONYEKACHI",7500 WANDA LN,"7, ZONE",530U,77074,CLOSED,2022-04-26,11:18 AM
186866,Tree Removal,2022-04-26 01:59 PM,Tree Removal Inspection,TREEMAINTENANCE,"EJIM, ONYEKACHI","1722 Hutchins St,  Houston,  Texas,  77003","5, ZONE",493V,77003,CLOSED,2022-04-26,01:59 PM
186867,Tree Removal,2022-04-26 02:37 PM,Tree Removal Inspection,TREEMAINTENANCE,"EJIM, ONYEKACHI",7500 WANDA LN,"7, ZONE",530U,77074,CLOSED,2022-04-26,02:37 PM
186868,Tree Removal,2022-04-26 02:42 PM,Tree Removal Inspection,TREEMAINTENANCE,"EJIM, ONYEKACHI",6013 CLOVER RIDGE ST,"6, ZONE",534P,77087,CLOSED,2022-04-26,02:42 PM
186869,Tree Trim,2022-04-26 03:14 PM,Tree Trim Inspection,TREEMAINTENANCE,"UF - BHATTARAI, NIMESH",3227 CARMEL ST,"3, ZONE",411Z,77091,CLOSED,2022-04-26,03:14 PM
186870,Tree Stump Grinding,2022-04-26 03:19 PM,Tree Stump Inspection,TREEMAINTENANCE,"EJIM, ONYEKACHI",12223 SELA LN,"2, ZONE",529J,77072,CLOSED,2022-04-26,03:19 PM
186871,Tree Trim,2022-04-26 03:20 PM,Tree Trim Inspection,TREEMAINTENANCE,"EJIM, ONYEKACHI",2722 SOCKEYE DR,"7, ZONE",572L,77045,CLOSED,2022-04-26,03:20 PM
186874,Tree Trim,2022-04-26 03:58 PM,Tree Trim Inspection,TREEMAINTENANCE,"EJIM, ONYEKACHI",1711 OLD SPANISH TRL,"7, ZONE",532M,77030,CLOSED,2022-04-26,03:58 PM
186875,Tree Removal,2022-04-26 04:24 PM,Tree Removal Inspection,TREEMAINTENANCE,"EJIM, ONYEKACHI",6901 AVENUE I,"5, ZONE",494V,77011,CLOSED,2022-04-26,04:24 PM
186876,Tree Removal,2022-04-26 04:24 PM,Tree Removal Inspection,TREEMAINTENANCE,"EJIM, ONYEKACHI",309 HAHLO ST,"4, ZONE",494D,77020,CLOSED,2022-04-26,04:24 PM
186877,Tree Trim,2022-04-26 04:35 PM,Tree Trim Inspection,TREEMAINTENANCE,"EJIM, ONYEKACHI",7027 RICHWOOD RD,"6, ZONE",534V,77087,CLOSED,2022-04-26,04:35 PM
186879,Tree Removal,2022-04-26 04:41 PM,Tree Removal Inspection,TREEMAINTENANCE,"EJIM, ONYEKACHI",6103 WALTRIP ST,"6, ZONE",534V,77087,CLOSED,2022-04-26,04:41 PM
186882,Tree Trim,2022-04-26 05:22 PM,Tree Trim Inspection,TREEMAINTENANCE,"EJIM, ONYEKACHI",12900 SOUTHBRIDGE RD,"6, ZONE",573Q,77047,CLOSED,2022-04-26,05:22 PM
186883,Tree Removal,2022-04-26 06:26 PM,Tree Removal Inspection,TREEMAINTENANCE,"EJIM, ONYEKACHI",4314 POLK ST,"5, ZONE",494S,77023,CLOSED,2022-04-26,06:26 PM
186884,Tree Removal,2022-04-27 01:20 AM,Tree Removal Inspection,TREEMAINTENANCE,"UF - JONES, CODY",5634 LOCKE LN,"2, ZONE",491T,77056,CLOSED,2022-04-27,01:20 AM
186885,Tree Removal,2022-04-27 03:41 AM,Tree Removal Inspection,TREEMAINTENANCE,"EJIM, ONYEKACHI",7900 BISSONNET ST,"7, ZONE",530Q,77074,CLOSED,2022-04-27,03:41 AM
186886,Tree Trim,2022-04-27 04:29 AM,Tree Trim Inspection,TREEMAINTENANCE,"EJIM, ONYEKACHI",2228 SOUTHGATE BLVD,"7, ZONE",532G,77030,CLOSED,2022-04-27,04:29 AM
186888,Tree Removal,2022-04-27 08:43 AM,Tree Removal Inspection,TREEMAINTENANCE,"UF - JONES, CODY",100 T C JESTER BLVD,"2, ZONE",492G,77007,CLOSED,2022-04-27,08:43 AM
186889,Tree Trim,2022-04-27 09:19 AM,Tree Trim Inspection,TREEMAINTENANCE,"UF - BHATTARAI, NIMESH",3316 DE SOTO ST,"3, ZONE",451D,77091,CLOSED,2022-04-27,09:19 AM
186890,Tree Trim,2022-04-27 09:20 AM,Tree Trim Inspection,TREEMAINTENANCE,"UF - JONES, CODY",3452 SAN FELIPE ST,"2, ZONE",492P,77019,CLOSED,2022-04-27,09:20 AM
186891,Tree Trim,2022-04-27 09:22 AM,Tree Trim Inspection,TREEMAINTENANCE,"EJIM, ONYEKACHI",2010 GOLDSMITH ST,"7, ZONE",532H,77030,CLOSED,2022-04-27,09:22 AM
186892,Tree Removal,2022-04-27 11:29 AM,Tree Removal Inspection,TREEMAINTENANCE,"EJIM, ONYEKACHI",6335 BEEKMAN RD,"6, ZONE",534N,77021,CLOSED,2022-04-27,11:29 AM
186893,Tree Trim,2022-04-27 11:38 AM,Tree Trim Inspection,TREEMAINTENANCE,"UF - BHATTARAI, NIMESH",3725 FULTON ST,"4, ZONE",453Y,77009,CLOSED,2022-04-27,11:38 AM
186894,Tree Removal,2022-04-27 11:47 AM,Tree Removal Inspection,TREEMAINTENANCE,"EJIM, ONYEKACHI",304 BURR ST,"5, ZONE",494T,77011,CLOSED,2022-04-27,11:47 AM
186895,Tree Trim,2022-04-27 02:33 PM,Tree Trim Inspection,TREEMAINTENANCE,"EJIM, ONYEKACHI",8031 CANYON ST,"6, ZONE",533T,77051,CLOSED,2022-04-27,02:33 PM
186899,Tree Trim,2022-04-27 03:19 PM,Tree Trim Inspection,TREEMAINTENANCE,"EJIM, ONYEKACHI",15703 EL CAMINO REAL,"5, ZONE",618K,77062,CLOSED,2022-04-27,03:19 PM
186900,Tree Trim,2022-04-27 03:31 PM,Tree Trim Inspection,TREEMAINTENANCE,"UF - BHATTARAI, NIMESH",6500 SEALEY ST,"3, ZONE",412X,77091,CLOSED,2022-04-27,03:31 PM
186901,Tree Trim,2022-04-27 03:58 PM,Tree Trim Inspection,TREEMAINTENANCE,"UF - JONES, CODY",4419 BUGLE RD,"2, ZONE",529F,77072,CLOSED,2022-04-27,03:58 PM
186902,Tree Trim,2022-04-27 04:49 PM,Tree Trim Inspection,TREEMAINTENANCE,"UF - BHATTARAI, NIMESH",6515 BRANFORD ST,"3, ZONE",412X,77091,CLOSED,2022-04-27,04:49 PM
186903,Tree Trim,2022-04-27 05:40 PM,Tree Trim Inspection,TREEMAINTENANCE,"UF - JONES, CODY",610 REINERMAN ST,"2, ZONE",492L,77007,CLOSED,2022-04-27,05:40 PM
186904,Tree Removal,2022-04-27 05:44 PM,Tree Removal Inspection,TREEMAINTENANCE,"UF - JONES, CODY",1902 BRIAR HOME DR,"2, ZONE",488N,77077,CLOSED,2022-04-27,05:44 PM
186905,Tree Removal,2022-04-27 06:14 PM,Tree Removal Inspection,TREEMAINTENANCE,"UF - JONES, CODY",8787 W AIRPORT BLVD,"7, ZONE",570F,77071,CLOSED,2022-04-27,06:14 PM
186906,Tree Trim,2022-04-27 08:05 PM,Tree Trim Inspection,TREEMAINTENANCE,"EJIM, ONYEKACHI",10926 KEESE DR,"6, ZONE",576X,77089,CLOSED,2022-04-27,08:05 PM
186908,Tree Trim,2022-04-28 07:52 AM,Tree Trim Inspection,TREEMAINTENANCE,"EJIM, ONYEKACHI",3502 BELLFORT ST (SUNNYSIDE PARK),"6, ZONE",533Y,77051,CLOSED,2022-04-28,07:52 AM
186909,Tree Removal,2022-04-28 08:10 AM,Tree Removal Inspection,TREEMAINTENANCE,"EJIM, ONYEKACHI",9635 SPRINGVIEW LN,"3, ZONE",450K,77080,CLOSED,2022-04-28,08:10 AM
186911,Tree Trim,2022-04-28 09:37 AM,Tree Trim Inspection,TREEMAINTENANCE,"UF - JONES, CODY",4235 BELLAIRE BLVD,"7, ZONE",531H,77025,CLOSED,2022-04-28,09:37 AM
186912,Tree Trim,2022-04-28 09:52 AM,Tree Trim Inspection,TREEMAINTENANCE,"EJIM, ONYEKACHI",603 EDGEBROOK DR,"5, ZONE",576F,77034,CLOSED,2022-04-28,09:52 AM
186915,Tree Removal,2022-04-28 10:47 AM,Tree Removal Inspection,TREEMAINTENANCE,"EJIM, ONYEKACHI",720 HEIGHTS BLVD,"3, ZONE",493A,77007,CLOSED,2022-04-28,10:47 AM
186918,Tree Removal,2022-04-28 11:38 AM,Tree Removal Inspection,TREEMAINTENANCE,"UF - JONES, CODY",5634 LOCKE LN,"2, ZONE",491T,77056,CLOSED,2022-04-28,11:38 AM
186919,Tree Removal,2022-04-28 12:09 PM,Tree Removal Inspection,TREEMAINTENANCE,"UF - JONES, CODY",9500 BRIAR FOREST DR,"2, ZONE",490P,77063,CLOSED,2022-04-28,12:09 PM
186920,Tree Removal,2022-04-28 12:26 PM,Tree Removal Inspection,TREEMAINTENANCE,"UF - JONES, CODY",2824 BRIARHURST DR,"2, ZONE",491S,77057,CLOSED,2022-04-28,12:26 PM
186922,Tree Trim,2022-04-28 01:00 PM,Tree Trim Inspection,TREEMAINTENANCE,"UF - JONES, CODY",ELDER ST & DART ST,"2, ZONE",493G,77007,CLOSED,2022-04-28,01:00 PM
186924,Tree Trim,2022-04-28 01:39 PM,Tree Trim Inspection,TREEMAINTENANCE,"EJIM, ONYEKACHI",801 SARA ROSE ST,"3, ZONE",452Q,77018,CLOSED,2022-04-28,01:39 PM
186926,Tree Trim,2022-04-28 01:54 PM,Tree Trim Inspection,TREEMAINTENANCE,"UF - BHATTARAI, NIMESH",921 E 32ND 1/2 ST,"3, ZONE",453N,77022,CLOSED,2022-04-28,01:54 PM
186927,Tree Removal,2022-04-28 02:03 PM,Tree Removal Inspection,TREEMAINTENANCE,"EJIM, ONYEKACHI",13202 VICKSBURG ST,"4, ZONE",497E,77015,CLOSED,2022-04-28,02:03 PM
186929,Tree Trim,2022-04-28 02:25 PM,Tree Trim Inspection,TREEMAINTENANCE,"EJIM, ONYEKACHI",6110 CULLEN BLVD,"6, ZONE",533M,77021,CLOSED,2022-04-28,02:25 PM
186930,Tree Trim,2022-04-28 02:33 PM,Tree Trim Inspection,TREEMAINTENANCE,"EJIM, ONYEKACHI",2304 LINDER ST,"4, ZONE",454N,77026,CLOSED,2022-04-28,02:33 PM
186931,Tree Code Violation,2022-04-28 02:46 PM,Tree Code Violation Inspection,TREEPROTECTION,"EJIM, ONYEKACHI",200 E 38TH ST,"3, ZONE",453N,77018,CLOSED,2022-04-28,02:46 PM
186932,Tree Removal,2022-04-28 02:52 PM,Tree Removal Inspection,TREEMAINTENANCE,"EJIM, ONYEKACHI",4701 PEASE ST,"5, ZONE",494X,77023,CLOSED,2022-04-28,02:52 PM
186933,Tree Trim,2022-04-28 03:49 PM,Tree Trim Inspection,TREEMAINTENANCE,"EJIM, ONYEKACHI",4815 NEW ORLEANS ST,"4, ZONE",494G,77020,CLOSED,2022-04-28,03:49 PM
186934,Tree Trim,2022-04-28 04:07 PM,Tree Trim Inspection,TREEMAINTENANCE,"EJIM, ONYEKACHI",4411 W OREM DR,"7, ZONE",572J,77045,CLOSED,2022-04-28,04:07 PM
186935,Tree Trim,2022-04-28 06:29 PM,Tree Trim Inspection,TREEMAINTENANCE,"UF - BHATTARAI, NIMESH",8101 JAMES FRANKLIN ST,"3, ZONE",412T,77088,CLOSED,2022-04-28,06:29 PM
186939,Tree Removal,2022-04-28 08:15 PM,Tree Removal Inspection,TREEMAINTENANCE,"UF - JONES, CODY",12710 BRAEWOOD GLEN LN,"2, ZONE",528M,77072,CLOSED,2022-04-28,08:15 PM
186940,Tree Removal,2022-04-28 11:37 PM,Tree Removal Inspection,TREEMAINTENANCE,"EJIM, ONYEKACHI",2929 BAY AREA BLVD,"5, ZONE",618H,77062,CLOSED,2022-04-28,11:37 PM
186941,Tree Trim,2022-04-29 01:11 AM,Tree Trim Inspection,TREEMAINTENANCE,"EJIM, ONYEKACHI",1500 S WAYSIDE DR,"5, ZONE",534C,77023,CLOSED,2022-04-29,01:11 AM
186942,Tree Removal,2022-04-29 02:38 AM,Tree Removal Inspection,TREEMAINTENANCE,"UF - JONES, CODY",7110 THORNWILD RD,"7, ZONE",571W,77489,CLOSED,2022-04-29,02:38 AM
186943,Tree Removal,2022-04-29 05:42 AM,Tree Removal Inspection,TREEMAINTENANCE,"EJIM, ONYEKACHI",628 S 75TH ST,"5, ZONE",535A,77023,CLOSED,2022-04-29,05:42 AM
186946,Tree Stump Grinding,2022-04-29 08:08 AM,Tree Stump Inspection,TREEMAINTENANCE,"EJIM, ONYEKACHI",15502 ROSE RIDGE CT,"7, ZONE",571X,77489,CLOSED,2022-04-29,08:08 AM
186947,Tree Trim,2022-04-29 08:22 AM,Tree Trim Inspection,TREEMAINTENANCE,"UF - JONES, CODY",13019 KINGSTON POINT LN,"7, ZONE",572R,77047,CLOSED,2022-04-29,08:22 AM
186948,Tree Trim,2022-04-29 08:38 AM,Tree Trim Inspection,TREEMAINTENANCE,"EJIM, ONYEKACHI",109 ALMEDA GENOA RD,"7, ZONE",572U,77047,CLOSED,2022-04-29,08:38 AM
186949,Tree Trim,2022-04-29 08:47 AM,Tree Trim Inspection,TREEMAINTENANCE,"EJIM, ONYEKACHI",4303 HEITE ST,"3, ZONE",453J,77022,CLOSED,2022-04-29,08:47 AM
186950,Tree Removal,2022-04-29 09:05 AM,Tree Removal Inspection,TREEMAINTENANCE,"EJIM, ONYEKACHI",722 E 29TH ST,"3, ZONE",453N,77009,CLOSED,2022-04-29,09:05 AM
186951,Tree Removal,2022-04-29 09:14 AM,Tree Removal Inspection,TREEMAINTENANCE,"EJIM, ONYEKACHI",2711 FOREST OAKS BLVD,"5, ZONE",536S,77017,CLOSED,2022-04-29,09:14 AM
186952,Tree Trim,2022-04-29 10:29 AM,Tree Trim Inspection,TREEMAINTENANCE,"UF - JONES, CODY",3026 HAZY PARK DR,"2, ZONE",488Y,77082,CLOSED,2022-04-29,10:29 AM
186953,Tree Trim,2022-04-29 10:51 AM,Tree Trim Inspection,TREEMAINTENANCE,"EJIM, ONYEKACHI",1119 BEALL LANDING CT,"3, ZONE",452U,77008,CLOSED,2022-04-29,10:51 AM
186954,Tree Planting,2022-04-29 10:54 AM,Tree Planting Inspection,TREEPROTECTION,"EJIM, ONYEKACHI",405 W 21ST ST,"3, ZONE",452V,77008,CLOSED,2022-04-29,10:54 AM
186955,Tree Removal,2022-04-29 11:02 AM,Tree Removal Inspection,TREEMAINTENANCE,"EJIM, ONYEKACHI",13500 TOPEKA ST,"4, ZONE",497F,77015,CLOSED,2022-04-29,11:02 AM
186956,Tree Trim,2022-04-29 11:29 AM,Tree Trim Inspection,TREEMAINTENANCE,"EJIM, ONYEKACHI",4115 NATHANS PARK PL,"7, ZONE",572S,77053,CLOSED,2022-04-29,11:29 AM
186958,Tree Stump Grinding,2022-04-29 12:04 PM,Tree Stump Inspection,TREEMAINTENANCE,"UF - BHATTARAI, NIMESH",1915 WILDCAT LN,"4, ZONE",378C,77532,CLOSED,2022-04-29,12:04 PM
186959,Tree Trim,2022-04-29 12:04 PM,Tree Trim Inspection,TREEMAINTENANCE,"UF - JONES, CODY",410 MALONE ST,"2, ZONE",492L,77007,CLOSED,2022-04-29,12:04 PM
186960,Tree Removal,2022-04-29 12:06 PM,Tree Removal Inspection,TREEMAINTENANCE,"UF - BHATTARAI, NIMESH",1915 WILDCAT LN,"4, ZONE",378C,77532,CLOSED,2022-04-29,12:06 PM
186962,Tree Removal,2022-04-29 12:36 PM,Tree Removal Inspection,TREEMAINTENANCE,"EJIM, ONYEKACHI",10127 E PALM LAKE DR,"5, ZONE",576R,77034,CLOSED,2022-04-29,12:36 PM
186964,Tree Trim,2022-04-29 01:47 PM,Tree Trim Inspection,TREEMAINTENANCE,"EJIM, ONYEKACHI",4709 EMANCIPATION AVE,"6, ZONE",533B,77004,CLOSED,2022-04-29,01:47 PM
186965,Tree Trim,2022-04-29 02:10 PM,Tree Trim Inspection,TREEMAINTENANCE,"EJIM, ONYEKACHI",5000 HARRISBURG BLVD (EASTWOOD PARK),"5, ZONE",494T,77011,CLOSED,2022-04-29,02:10 PM
186966,Tree Removal,2022-04-29 02:43 PM,Tree Removal Inspection,TREEMAINTENANCE,"UF - JONES, CODY",1722 CHIMNEY ROCK RD,"2, ZONE",491P,77057,CLOSED,2022-04-29,02:43 PM
186967,Tree Trim,2022-04-29 03:05 PM,Tree Trim Inspection,TREEMAINTENANCE,"EJIM, ONYEKACHI",1021 HARVARD ST,"3, ZONE",493A,77008,CLOSED,2022-04-29,03:05 PM
186968,Tree Removal,2022-04-29 03:44 PM,Tree Removal Inspection,TREEMAINTENANCE,"EJIM, ONYEKACHI",120 LATHROP ST,"4, ZONE",494D,77020,CLOSED,2022-04-29,03:44 PM
186969,Tree Removal,2022-04-29 04:02 PM,Tree Removal Inspection,TREEMAINTENANCE,"UF - JONES, CODY",15000 WATERLOO DR,"7, ZONE",572T,77053,CLOSED,2022-04-29,04:02 PM
186970,Tree Removal,2022-04-29 05:05 PM,Tree Removal Inspection,TREEMAINTENANCE,"EJIM, ONYEKACHI",4701 PEASE ST,"5, ZONE",494X,77023,CLOSED,2022-04-29,05:05 PM
186971,Tree Trim,2022-04-30 09:21 AM,Tree Trim Inspection,TREEMAINTENANCE,"EJIM, ONYEKACHI",12811 BLUE CROMIS LN,"7, ZONE",572E,77045,CLOSED,2022-04-30,09:21 AM
186972,Tree Trim,2022-04-30 09:32 AM,Tree Trim Inspection,TREEMAINTENANCE,"UF - BHATTARAI, NIMESH",1501 SYCAMORE LN,"4, ZONE",336F,77339,CLOSED,2022-04-30,09:32 AM
186973,Tree Trim,2022-04-30 09:42 AM,Tree Trim Inspection,TREEMAINTENANCE,"EJIM, ONYEKACHI",5320 RATAMA ST,"5, ZONE",535V,77017,CLOSED,2022-04-30,09:42 AM
186974,Tree Trim,2022-04-30 11:28 AM,Tree Trim Inspection,TREEMAINTENANCE,"UF - JONES, CODY",3901 S BRAESWOOD BLVD,"7, ZONE",532N,77025,CLOSED,2022-04-30,11:28 AM
186975,Tree Removal,2022-04-30 12:19 PM,Tree Removal Inspection,TREEMAINTENANCE,"EJIM, ONYEKACHI",4500 REVEILLE ST,"6, ZONE",535S,77087,CLOSED,2022-04-30,12:19 PM
186976,Tree Trim,2022-04-30 12:37 PM,Tree Trim Inspection,TREEMAINTENANCE,"EJIM, ONYEKACHI",2218 WILDE ROCK WAY,"3, ZONE",452N,77018,CLOSED,2022-04-30,12:37 PM
186977,Tree Trim,2022-04-30 02:59 PM,Tree Trim Inspection,TREEMAINTENANCE,"EJIM, ONYEKACHI",10602 CARLOTA CT,"7, ZONE",531W,77096,CLOSED,2022-04-30,02:59 PM
186978,Tree Trim,2022-05-01 01:01 PM,Tree Trim Inspection,TREEMAINTENANCE,"UF - BURKES, JEREMY",3502 BELLFORT ST (SUNNYSIDE PARK),"6, ZONE",533Y,77051,CLOSED,2022-05-01,01:01 PM
186979,Tree Trim,2022-05-01 01:56 PM,Tree Trim Inspection,TREEMAINTENANCE,"EJIM, ONYEKACHI",SEA LINER DR,"5, ZONE",618K,77062,CLOSED,2022-05-01,01:56 PM
186980,Tree Removal,2022-05-01 06:49 PM,Tree Removal Inspection,TREEMAINTENANCE,"EJIM, ONYEKACHI",4710 FARMER ST,"4, ZONE",494G,77020,CLOSED,2022-05-01,06:49 PM
186982,Tree Trim,2022-05-02 06:44 AM,Tree Trim Inspection,TREEMAINTENANCE,"UF - BURKES, JEREMY",3502 BELLFORT ST (SUNNYSIDE PARK),"6, ZONE",533Y,77051,CLOSED,2022-05-02,06:44 AM
186983,Tree Removal,2022-05-02 08:25 AM,Tree Removal Inspection,TREEMAINTENANCE,"UF - JONES, CODY",12711 BRAEWOOD GLEN LN,"2, ZONE",528M,77072,CLOSED,2022-05-02,08:25 AM
186984,Tree Removal,2022-05-02 08:27 AM,Tree Removal Inspection,TREEMAINTENANCE,"EJIM, ONYEKACHI",10141 ALMEDA GENOA RD,"6, ZONE",576N,77075,CLOSED,2022-05-02,08:27 AM
186986,Tree Removal,2022-05-02 08:49 AM,Tree Removal Inspection,TREEMAINTENANCE,"UF - JONES, CODY",8614 BROOKSURE CIR,"2, ZONE",528R,77072,CLOSED,2022-05-02,08:49 AM
186989,Tree Trim,2022-05-02 09:33 AM,Tree Trim Inspection,TREEMAINTENANCE,"EJIM, ONYEKACHI",5626 OAKHAM ST,"7, ZONE",571Q,77085,CLOSED,2022-05-02,09:33 AM
186990,Tree Trim,2022-05-02 09:52 AM,Tree Trim Inspection,TREEMAINTENANCE,"EJIM, ONYEKACHI",6000 CHIMNEY ROCK RD (BURNETT BAYLAND PARK),"7, ZONE",531B,77081,CLOSED,2022-05-02,09:52 AM
186991,Tree Removal,2022-05-02 09:52 AM,Tree Removal Inspection,TREEMAINTENANCE,"UF - JONES, CODY",2601 S DAIRY ASHFORD ST,"2, ZONE",488V,77082,CLOSED,2022-05-02,09:52 AM
186992,Tree Trim,2022-05-02 10:04 AM,Tree Trim Inspection,TREEMAINTENANCE,"UF - JONES, CODY",ESTHER DR & W MONTGOMERY RD,"3, ZONE",412S,77088,CLOSED,2022-05-02,10:04 AM
186993,Tree Trim,2022-05-02 10:06 AM,Tree Trim Inspection,TREEMAINTENANCE,"UF - JONES, CODY",3800 CENTER ST,"2, ZONE",492H,77007,CLOSED,2022-05-02,10:06 AM
186994,Tree Removal,2022-05-02 10:07 AM,Tree Removal Inspection,TREEMAINTENANCE,"EJIM, ONYEKACHI",2322 DELAFIELD ST,"6, ZONE",534C,77023,CLOSED,2022-05-02,10:07 AM
186995,Tree Removal,2022-05-02 10:31 AM,Tree Removal Inspection,TREEMAINTENANCE,"EJIM, ONYEKACHI",6123 ANDWOOD ST,"6, ZONE",534V,77087,CLOSED,2022-05-02,10:31 AM
186996,Tree Removal,2022-05-02 10:43 AM,Tree Removal Inspection,TREEMAINTENANCE,"EJIM, ONYEKACHI",5755 FONTENELLE DR,"7, ZONE",571E,77035,CLOSED,2022-05-02,10:43 AM
187000,Tree Removal,2022-05-02 11:19 AM,Tree Removal Inspection,TREEMAINTENANCE,"EJIM, ONYEKACHI",10419 BENTONDALE LN,"6, ZONE",575U,77075,CLOSED,2022-05-02,11:19 AM
187001,Tree Removal,2022-05-02 11:26 AM,Tree Removal Inspection,TREEMAINTENANCE,"UF - JONES, CODY",10 OAK CT,"2, ZONE",493P,77006,CLOSED,2022-05-02,11:26 AM
187002,Tree Removal,2022-05-02 11:58 AM,Tree Removal Inspection,TREEMAINTENANCE,"EJIM, ONYEKACHI",239 PECAN GROVE ST,"4, ZONE",456Y,77013,CLOSED,2022-05-02,11:58 AM
187003,Tree Removal,2022-05-02 12:41 PM,Tree Removal Inspection,TREEMAINTENANCE,"EJIM, ONYEKACHI",1101 DISMUKE ST,"5, ZONE",494Y,77023,CLOSED,2022-05-02,12:41 PM
187004,Tree Trim,2022-05-02 12:50 PM,Tree Trim Inspection,TREEMAINTENANCE,"UF - BHATTARAI, NIMESH",6617 HURST ST,"3, ZONE",492B,77008,CLOSED,2022-05-02,12:50 PM
187007,Tree Trim,2022-05-02 01:59 PM,Tree Trim Inspection,TREEMAINTENANCE,"UF - JONES, CODY",3227 MEADWAY DR,"2, ZONE",488Z,77082,CLOSED,2022-05-02,01:59 PM
187008,Tree Trim,2022-05-02 02:11 PM,Tree Trim Inspection,TREEMAINTENANCE,"EJIM, ONYEKACHI",7127 WINDWATER LAGOON DR,"2, ZONE",530D,77036,CLOSED,2022-05-02,02:11 PM
187010,Tree Trim,2022-05-02 02:44 PM,Tree Trim Inspection,TREEMAINTENANCE,"UF - JONES, CODY",2640 FOUNTAIN VIEW DR,"2, ZONE",491S,77057,CLOSED,2022-05-02,02:44 PM
187013,Tree Trim,2022-05-02 04:27 PM,Tree Trim Inspection,TREEMAINTENANCE,"EJIM, ONYEKACHI",4223 REGENCY DR,"7, ZONE",572E,77045,CLOSED,2022-05-02,04:27 PM
187014,Tree Trim,2022-05-02 04:28 PM,Tree Trim Inspection,TREEMAINTENANCE,"UF - JONES, CODY",4138 REGENCY DR,"7, ZONE",572E,77045,CLOSED,2022-05-02,04:28 PM
187015,Tree Trim,2022-05-02 04:48 PM,Tree Trim Inspection,TREEMAINTENANCE,"UF - LEIJA, DANIEL","5914 Mcknight St,  Houston,  Texas,  77035","7, ZONE",571A,77035,CLOSED,2022-05-02,04:48 PM
187016,Tree Trim,2022-05-02 05:14 PM,Tree Trim Inspection,TREEMAINTENANCE,"UF - BHATTARAI, NIMESH",4836 WERNER ST,"3, ZONE",453E,77022,CLOSED,2022-05-02,05:14 PM
187017,Tree Trim,2022-05-02 05:22 PM,Tree Trim Inspection,TREEMAINTENANCE,"EJIM, ONYEKACHI",823 DUMBLE ST,"5, ZONE",494T,77023,CLOSED,2022-05-02,05:22 PM
187018,Tree Trim,2022-05-02 05:25 PM,Tree Trim Inspection,TREEMAINTENANCE,"EJIM, ONYEKACHI",4902 MCKINNEY ST,"5, ZONE",494T,77023,CLOSED,2022-05-02,05:25 PM
187019,Tree Trim,2022-05-02 05:43 PM,Tree Trim Inspection,TREEMAINTENANCE,"UF - JONES, CODY",6425 LEADER ST,"7, ZONE",531E,77074,CLOSED,2022-05-02,05:43 PM
187020,Tree Trim,2022-05-02 05:52 PM,Tree Trim Inspection,TREEMAINTENANCE,"UF - JONES, CODY",13026 HERMITAGE LN,"2, ZONE",489L,77079,CLOSED,2022-05-02,05:52 PM
187021,Tree Trim,2022-05-02 05:52 PM,Tree Trim Inspection,TREEMAINTENANCE,"UF - JONES, CODY",12900 WESTPARK DR,"2, ZONE",488Y,77082,CLOSED,2022-05-02,05:52 PM
187022,Tree Removal,2022-05-02 06:13 PM,Tree Removal Inspection,TREEMAINTENANCE,"EJIM, ONYEKACHI",5205 TARAWA RD,"6, ZONE",534S,77033,CLOSED,2022-05-02,06:13 PM
187023,Tree Trim,2022-05-02 07:10 PM,Tree Trim Inspection,TREEMAINTENANCE,"EJIM, ONYEKACHI",1620 BAY AREA BLVD,"5, ZONE",618Q,77058,CLOSED,2022-05-02,07:10 PM
187024,Tree Trim,2022-05-02 07:32 PM,Tree Trim Inspection,TREEMAINTENANCE,"UF - JONES, CODY",13302 AGARITA LN,"2, ZONE",528G,77083,CLOSED,2022-05-02,07:32 PM
187025,Tree Removal,2022-05-02 08:05 PM,Tree Removal Inspection,TREEMAINTENANCE,"UF - JONES, CODY",1413 ANDREWS ST,"2, ZONE",493P,77019,CLOSED,2022-05-02,08:05 PM
187026,Tree Trim,2022-05-02 08:32 PM,Tree Trim Inspection,TREEMAINTENANCE,"EJIM, ONYEKACHI",9211 STROUD DR,"2, ZONE",530J,77036,CLOSED,2022-05-02,08:32 PM
187027,Tree Removal,2022-05-03 03:20 AM,Tree Removal Inspection,TREEMAINTENANCE,"EJIM, ONYEKACHI",9211 STROUD DR,"2, ZONE",530J,77036,CLOSED,2022-05-03,03:20 AM
187029,Tree Removal,2022-05-03 07:57 AM,Tree Removal Inspection,TREEMAINTENANCE,"EJIM, ONYEKACHI",10850 NELLSFIELD LN,"6, ZONE",575V,77075,CLOSED,2022-05-03,07:57 AM
187030,Tree Trim,2022-05-03 08:25 AM,Tree Trim Inspection,TREEMAINTENANCE,"EJIM, ONYEKACHI",415 W 11TH ST,"3, ZONE",452Z,77008,CLOSED,2022-05-03,08:25 AM
187031,Tree Removal,2022-05-03 08:25 AM,Tree Removal Inspection,TREEMAINTENANCE,"UF - JONES, CODY",6501 MEMORIAL DR (MEMORIAL PARK),"2, ZONE",492F,77007,CLOSED,2022-05-03,08:25 AM
187032,Tree Trim,2022-05-03 08:42 AM,Tree Trim Inspection,TREEMAINTENANCE,"EJIM, ONYEKACHI",7451 LAKEHURST DR,"6, ZONE",535S,77087,CLOSED,2022-05-03,08:42 AM
187034,Tree Trim,2022-05-03 10:59 AM,Tree Trim Inspection,TREEMAINTENANCE,"UF - BHATTARAI, NIMESH",1187 W TIDWELL RD,"3, ZONE",452B,77091,CLOSED,2022-05-03,10:59 AM
187035,Tree Trim,2022-05-03 11:02 AM,Tree Trim Inspection,TREEMAINTENANCE,"EJIM, ONYEKACHI",501 E 25TH ST,"3, ZONE",453S,77008,CLOSED,2022-05-03,11:02 AM
187036,Tree Trim,2022-05-03 11:13 AM,Tree Trim Inspection,TREEMAINTENANCE,"UF - JONES, CODY",8111 KIRBY DR,"7, ZONE",532Q,77054,CLOSED,2022-05-03,11:13 AM
187037,Tree Code Violation,2022-05-03 11:38 AM,Tree Code Violation Inspection,TREEPROTECTION,"EJIM, ONYEKACHI",805 GRACELAND ST,"4, ZONE",453V,77009,CLOSED,2022-05-03,11:38 AM
187038,Tree Trim,2022-05-03 12:38 PM,Tree Trim Inspection,TREEMAINTENANCE,"UF - JONES, CODY",2121 KIRBY DR,"2, ZONE",492Q,77019,CLOSED,2022-05-03,12:38 PM
187039,Tree Removal,2022-05-03 12:56 PM,Tree Removal Inspection,TREEMAINTENANCE,"EJIM, ONYEKACHI",10134 ALMEDA GENOA RD,"6, ZONE",576N,77075,CLOSED,2022-05-03,12:56 PM
187040,Tree Trim,2022-05-03 01:09 PM,Tree Trim Inspection,TREEMAINTENANCE,"EJIM, ONYEKACHI",6713 WINTON ST,"6, ZONE",533L,77021,CLOSED,2022-05-03,01:09 PM
187041,Tree Removal,2022-05-03 01:17 PM,Tree Removal Inspection,TREEMAINTENANCE,"EJIM, ONYEKACHI",7706 SUMMER GLEN LN,"2, ZONE",528L,77072,CLOSED,2022-05-03,01:17 PM
187042,Tree Trim,2022-05-03 02:37 PM,Tree Trim Inspection,TREEMAINTENANCE,"EJIM, ONYEKACHI",902 E 40TH ST,"3, ZONE",453N,77022,CLOSED,2022-05-03,02:37 PM
187043,Tree Trim,2022-05-03 03:36 PM,Tree Trim Inspection,TREEMAINTENANCE,"EJIM, ONYEKACHI",14511 CIRCLEWOOD WAY,"5, ZONE",618A,77062,CLOSED,2022-05-03,03:36 PM
187044,Tree Trim,2022-05-03 04:15 PM,Tree Trim Inspection,TREEMAINTENANCE,"EJIM, ONYEKACHI",6611 AVENUE O,"5, ZONE",494R,77011,CLOSED,2022-05-03,04:15 PM
187047,Tree Trim,2022-05-04 07:27 AM,Tree Trim Inspection,TREEMAINTENANCE,"EJIM, ONYEKACHI",12902 PLAYER ST,"7, ZONE",571H,77045,CLOSED,2022-05-04,07:27 AM
187048,Tree Removal,2022-05-04 07:30 AM,Tree Removal Inspection,TREEMAINTENANCE,"UF - BHATTARAI, NIMESH",2123 BETHLEHEM ST,"3, ZONE",451H,77018,CLOSED,2022-05-04,07:30 AM
187051,Tree Removal,2022-05-04 08:52 AM,Tree Removal Inspection,TREEMAINTENANCE,"UF - JONES, CODY",11603 BROOKLEDGE DR,"2, ZONE",529X,77099,CLOSED,2022-05-04,08:52 AM
187052,Tree Code Violation,2022-05-04 09:16 AM,Tree Code Violation Inspection,TREEPROTECTION,"UF - BHATTARAI, NIMESH",1015 CANADIAN ST,"4, ZONE",453V,77009,CLOSED,2022-05-04,09:16 AM
187053,Tree Removal,2022-05-04 09:37 AM,Tree Removal Inspection,TREEMAINTENANCE,"EJIM, ONYEKACHI",11 ALTIC ST,"5, ZONE",494U,77011,CLOSED,2022-05-04,09:37 AM
187054,Tree Trim,2022-05-04 10:16 AM,Tree Trim Inspection,TREEMAINTENANCE,"UF - BHATTARAI, NIMESH",9622 VILVEN LN,"3, ZONE",450P,77080,CLOSED,2022-05-04,10:16 AM
187055,Tree Trim,2022-05-04 10:50 AM,Tree Trim Inspection,TREEMAINTENANCE,"EJIM, ONYEKACHI",9311 E AVENUE P,"5, ZONE",535C,77012,CLOSED,2022-05-04,10:50 AM
187056,Tree Trim,2022-05-04 11:05 AM,Tree Trim Inspection,TREEMAINTENANCE,"EJIM, ONYEKACHI",6000 CHIMNEY ROCK RD,"7, ZONE",531B,77081,CLOSED,2022-05-04,11:05 AM
187057,Tree Removal,2022-05-04 11:08 AM,Tree Removal Inspection,TREEMAINTENANCE,"UF - JONES, CODY",1900 W LOOP FWY S,"2, ZONE",491R,77056,CLOSED,2022-05-04,11:08 AM
187058,Tree Trim,2022-05-04 11:40 AM,Tree Trim Inspection,TREEMAINTENANCE,"EJIM, ONYEKACHI",10438 HINDS ST,"5, ZONE",576F,77034,CLOSED,2022-05-04,11:40 AM
187059,Tree Removal,2022-05-04 11:45 AM,Tree Removal Inspection,TREEMAINTENANCE,"UF - JONES, CODY",310 SUL ROSS ST,"2, ZONE",493T,77006,CLOSED,2022-05-04,11:45 AM
187060,Tree Removal,2022-05-04 12:33 PM,Tree Removal Inspection,TREEMAINTENANCE,"EJIM, ONYEKACHI",6310 GLADEWELL DR,"2, ZONE",529G,77072,CLOSED,2022-05-04,12:33 PM
187061,Tree Trim,2022-05-04 12:45 PM,Tree Trim Inspection,TREEMAINTENANCE,"EJIM, ONYEKACHI",5919 SANFORD RD,"7, ZONE",531W,77096,CLOSED,2022-05-04,12:45 PM
187062,Tree Trim,2022-05-04 01:18 PM,Tree Trim Inspection,TREEMAINTENANCE,"UF - BHATTARAI, NIMESH",4406 SPRING VALLEY RD,"3, ZONE",450F,77041,CLOSED,2022-05-04,01:18 PM
187066,Tree Trim,2022-05-04 03:28 PM,Tree Trim Inspection,TREEMAINTENANCE,"EJIM, ONYEKACHI",2209 LINDEN CREEK LN,"5, ZONE",536T,77017,CLOSED,2022-05-04,03:28 PM
187067,Tree Removal,2022-05-04 03:45 PM,Tree Removal Inspection,TREEMAINTENANCE,"UF - JONES, CODY",617 CAROLINE ST,"1, ZONE",493R,77002,CLOSED,2022-05-04,03:45 PM
187069,Tree Trim,2022-05-04 04:34 PM,Tree Trim Inspection,TREEMAINTENANCE,"EJIM, ONYEKACHI",5138 LYMBAR DR,"7, ZONE",531Y,77096,CLOSED,2022-05-04,04:34 PM
187070,Tree Removal,2022-05-04 04:40 PM,Tree Removal Inspection,TREEMAINTENANCE,"UF - BHATTARAI, NIMESH",119 E 10TH ST,"3, ZONE",493A,77008,CLOSED,2022-05-04,04:40 PM
187071,Tree Trim,2022-05-04 04:43 PM,Tree Trim Inspection,TREEMAINTENANCE,"UF - BHATTARAI, NIMESH",5134 CALGARY LN,"4, ZONE",414Y,77016,CLOSED,2022-05-04,04:43 PM
187072,Tree Removal,2022-05-04 05:14 PM,Tree Removal Inspection,TREEMAINTENANCE,"EJIM, ONYEKACHI",3202 ROGERS ST,"3, ZONE",453P,77022,CLOSED,2022-05-04,05:14 PM
187073,Tree Removal,2022-05-04 09:03 PM,Tree Removal Inspection,TREEMAINTENANCE,"UF - BHATTARAI, NIMESH",MAJESTIC HILL DR & ROYAL RIDGE TRL,"4, ZONE",338F,77345,CLOSED,2022-05-04,09:03 PM
187074,Tree Trim,2022-05-04 10:24 PM,Tree Trim Inspection,TREEMAINTENANCE,"UF - JONES, CODY",12419 ELLA LEE LN,"2, ZONE",488V,77077,CLOSED,2022-05-04,10:24 PM
187075,Tree Removal,2022-05-05 12:40 AM,Tree Removal Inspection,TREEMAINTENANCE,"UF - BHATTARAI, NIMESH",6428 ANTOINE DR,"3, ZONE",411Y,77091,CLOSED,2022-05-05,12:40 AM
187076,Tree Removal,2022-05-05 04:02 AM,Tree Removal Inspection,TREEMAINTENANCE,"EJIM, ONYEKACHI",3200 ROGERS ST,"3, ZONE",453P,77022,CLOSED,2022-05-05,04:02 AM
187078,Tree Removal,2022-05-05 07:03 AM,Tree Removal Inspection,TREEMAINTENANCE,"EJIM, ONYEKACHI",5635 WILLOWBEND BLVD (WESTBURY PARK),"7, ZONE",531W,77096,CLOSED,2022-05-05,07:03 AM
187079,Tree Removal,2022-05-05 07:09 AM,Tree Removal Inspection,TREEMAINTENANCE,"UF - JONES, CODY",7777 S DAIRY ASHFORD ST (HACKBERRY PARK),"2, ZONE",528M,77072,CLOSED,2022-05-05,07:09 AM
187080,Tree Trim,2022-05-05 08:28 AM,Tree Trim Inspection,TREEMAINTENANCE,"EJIM, ONYEKACHI",10211 TOLMAN ST,"5, ZONE",576F,77034,CLOSED,2022-05-05,08:28 AM
187081,Tree Trim,2022-05-05 09:13 AM,Tree Trim Inspection,TREEMAINTENANCE,"UF - JONES, CODY",12423 S RYLANDER CIR,"7, ZONE",570F,77071,CLOSED,2022-05-05,09:13 AM
187082,Tree Trim,2022-05-05 10:05 AM,Tree Trim Inspection,TREEMAINTENANCE,"EJIM, ONYEKACHI",539 EDGEBROOK DR,"5, ZONE",576F,77034,CLOSED,2022-05-05,10:05 AM
187083,Tree Removal,2022-05-05 10:05 AM,Tree Removal Inspection,TREEMAINTENANCE,"UF - LEIJA, DANIEL","3218 Rogers St,  Houston,  Texas,  77022","3, ZONE",453P,77022,ROUTE,2022-05-05,10:05 AM
187084,Tree Trim,2022-05-05 10:23 AM,Tree Trim Inspection,TREEMAINTENANCE,"UF - JONES, CODY",6608 TADLOCK LN,"7, ZONE",571S,77085,CLOSED,2022-05-05,10:23 AM
187085,Tree Removal,2022-05-05 11:14 AM,Tree Removal Inspection,TREEMAINTENANCE,"EJIM, ONYEKACHI",12411 RENWICK DR,"7, ZONE",571E,77035,CLOSED,2022-05-05,11:14 AM
187087,Tree Trim,2022-05-05 11:44 AM,Tree Trim Inspection,TREEMAINTENANCE,"UF - BHATTARAI, NIMESH",5025 GOLDEN FOREST DR,"3, ZONE",451G,77091,CLOSED,2022-05-05,11:44 AM
187088,Tree Trim,2022-05-05 11:59 AM,Tree Trim Inspection,TREEMAINTENANCE,"UF - JONES, CODY",1811 BERING DR,"2, ZONE",491P,77057,CLOSED,2022-05-05,11:59 AM
187089,Tree Removal,2022-05-05 11:59 AM,Tree Removal Inspection,TREEMAINTENANCE,"UF - BHATTARAI, NIMESH",1160 W 26TH ST,"3, ZONE",452U,77008,CLOSED,2022-05-05,11:59 AM
187090,Tree Trim,2022-05-05 12:15 PM,Tree Trim Inspection,TREEMAINTENANCE,"EJIM, ONYEKACHI",4501 WALKER ST,"5, ZONE",494T,77023,CLOSED,2022-05-05,12:15 PM
187091,Tree Removal,2022-05-05 12:29 PM,Tree Removal Inspection,TREEMAINTENANCE,"EJIM, ONYEKACHI",3710 DAPHNE ST,"6, ZONE",533L,77021,CLOSED,2022-05-05,12:29 PM
187092,Tree Removal,2022-05-05 12:36 PM,Tree Removal Inspection,TREEMAINTENANCE,"EJIM, ONYEKACHI",10850 NELLSFIELD LN,"6, ZONE",575V,77075,CLOSED,2022-05-05,12:36 PM
187093,Tree Trim,2022-05-05 01:51 PM,Tree Trim Inspection,TREEMAINTENANCE,"EJIM, ONYEKACHI",5222 SLEEPY CREEK DR,"5, ZONE",536S,77017,CLOSED,2022-05-05,01:51 PM
187094,Tree Trim,2022-05-05 02:21 PM,Tree Trim Inspection,TREEMAINTENANCE,"EJIM, ONYEKACHI",7142 PALMETTO ST,"5, ZONE",535E,77087,CLOSED,2022-05-05,02:21 PM
187095,Tree Trim,2022-05-05 02:33 PM,Tree Trim Inspection,TREEMAINTENANCE,"UF - JONES, CODY",9125 LEADER ST,"2, ZONE",530E,77036,CLOSED,2022-05-05,02:33 PM
187096,Tree Trim,2022-05-05 02:36 PM,Tree Trim Inspection,TREEMAINTENANCE,"UF - JONES, CODY",9125 LEADER ST,"2, ZONE",530E,77036,CLOSED,2022-05-05,02:36 PM
187097,Tree Removal,2022-05-05 02:54 PM,Tree Removal Inspection,TREEMAINTENANCE,"UF - JONES, CODY",6609 TADLOCK LN,"7, ZONE",571S,77085,CLOSED,2022-05-05,02:54 PM
187103,Tree Trim,2022-05-05 04:31 PM,Tree Trim Inspection,TREEMAINTENANCE,"EJIM, ONYEKACHI",4501 KEYSTONE ST,"6, ZONE",533M,77021,CLOSED,2022-05-05,04:31 PM
187104,Tree Trim,2022-05-05 05:01 PM,Tree Trim Inspection,TREEMAINTENANCE,"EJIM, ONYEKACHI",8158 EASTON ST,"5, ZONE",535K,77017,CLOSED,2022-05-05,05:01 PM
187105,Tree Removal,2022-05-06 04:23 AM,Tree Removal Inspection,TREEMAINTENANCE,"EJIM, ONYEKACHI",7000 AVENUE Q (HIDALGO PARK),"5, ZONE",494R,77011,CLOSED,2022-05-06,04:23 AM
187108,Tree Removal,2022-05-06 08:10 AM,Tree Removal Inspection,TREEMAINTENANCE,"EJIM, ONYEKACHI",4435 LIVE OAK ST,"6, ZONE",493Y,77004,CLOSED,2022-05-06,08:10 AM
187109,Tree Trim,2022-05-06 08:19 AM,Tree Trim Inspection,TREEMAINTENANCE,"EJIM, ONYEKACHI",4435 LIVE OAK ST,"6, ZONE",493Y,77004,CLOSED,2022-05-06,08:19 AM
187110,Tree Trim,2022-05-06 08:46 AM,Tree Trim Inspection,TREEMAINTENANCE,"EJIM, ONYEKACHI",5312 CARROLTON ST,"6, ZONE",534F,77023,CLOSED,2022-05-06,08:46 AM
187112,Tree Removal,2022-05-06 08:55 AM,Tree Removal Inspection,TREEMAINTENANCE,"EJIM, ONYEKACHI",15502 BAYBROOK DR,"5, ZONE",618K,77062,CLOSED,2022-05-06,08:55 AM
187113,Tree Removal,2022-05-06 09:13 AM,Tree Removal Inspection,TREEMAINTENANCE,"EJIM, ONYEKACHI",5103 PERRY ST,"6, ZONE",534J,77021,CLOSED,2022-05-06,09:13 AM
187114,Tree Trim,2022-05-06 09:35 AM,Tree Trim Inspection,TREEMAINTENANCE,"EJIM, ONYEKACHI",8500 LENORE ST,"5, ZONE",535V,77017,CLOSED,2022-05-06,09:35 AM
187115,Tree Removal,2022-05-06 09:37 AM,Tree Removal Inspection,TREEMAINTENANCE,"EJIM, ONYEKACHI",908 ZOE ST,"5, ZONE",494H,77020,CLOSED,2022-05-06,09:37 AM
187117,Tree Removal,2022-05-06 09:43 AM,Tree Removal Inspection,TREEMAINTENANCE,"EJIM, ONYEKACHI",12725 ARP ST,"7, ZONE",570R,77085,CLOSED,2022-05-06,09:43 AM
187118,Tree Removal,2022-05-06 09:46 AM,Tree Removal Inspection,TREEMAINTENANCE,"EJIM, ONYEKACHI",7700 OAK VISTA ST,"6, ZONE",535S,77087,CLOSED,2022-05-06,09:46 AM
187119,Tree Removal,2022-05-06 10:13 AM,Tree Removal Inspection,TREEMAINTENANCE,"UF - BHATTARAI, NIMESH",9222 DENTON ST,"4, ZONE",455B,77028,CLOSED,2022-05-06,10:13 AM
187120,Tree Removal,2022-05-06 10:28 AM,Tree Removal Inspection,TREEMAINTENANCE,"EJIM, ONYEKACHI",1451 PEARSON ST,"5, ZONE",494X,77023,CLOSED,2022-05-06,10:28 AM
187121,Tree Trim,2022-05-06 10:32 AM,Tree Trim Inspection,TREEMAINTENANCE,"EJIM, ONYEKACHI",6011 IRISH HILL DR,"7, ZONE",571X,77053,CLOSED,2022-05-06,10:32 AM
187122,Tree Trim,2022-05-06 11:02 AM,Tree Trim Inspection,TREEMAINTENANCE,"EJIM, ONYEKACHI",3611 ENNIS ST,"6, ZONE",493Y,77004,CLOSED,2022-05-06,11:02 AM
187123,Tree Trim,2022-05-06 11:05 AM,Tree Trim Inspection,TREEMAINTENANCE,"EJIM, ONYEKACHI",8181 AIRPORT BLVD,"6, ZONE",575C,77061,CLOSED,2022-05-06,11:05 AM
187125,Tree Removal,2022-05-06 11:11 AM,Tree Removal Inspection,TREEMAINTENANCE,"UF - JONES, CODY",7300 COURT RD,"7, ZONE",610C,77489,CLOSED,2022-05-06,11:11 AM
187126,Tree Removal,2022-05-06 11:17 AM,Tree Removal Inspection,TREEMAINTENANCE,"UF - BHATTARAI, NIMESH",3400 BROYLES ST,"4, ZONE",454X,77026,CLOSED,2022-05-06,11:17 AM
187127,Tree Trim,2022-05-06 11:24 AM,Tree Trim Inspection,TREEMAINTENANCE,"UF - BHATTARAI, NIMESH",914 E WELLINGTON ST,"4, ZONE",413X,77076,CLOSED,2022-05-06,11:24 AM
187128,Tree Stump Grinding,2022-05-06 11:29 AM,Tree Stump Inspection,TREEMAINTENANCE,"EJIM, ONYEKACHI",9318 LEADER ST,"2, ZONE",529H,77036,CLOSED,2022-05-06,11:29 AM
187129,Tree Trim,2022-05-06 12:03 PM,Tree Trim Inspection,TREEMAINTENANCE,"UF - BHATTARAI, NIMESH",9761 KEMPWOOD DR,"3, ZONE",450K,77080,CLOSED,2022-05-06,12:03 PM
187130,Tree Code Violation,2022-05-06 12:09 PM,Tree Code Violation Inspection,TREEPROTECTION,"UF - BURKES, JEREMY",3700 SYRACUSE ST,"7, ZONE",492W,77005,CLOSED,2022-05-06,12:09 PM
187131,Tree Removal,2022-05-06 12:18 PM,Tree Removal Inspection,TREEMAINTENANCE,"UF - POLOVTSEV, SERA",2520 SUNSET BLVD,"7, ZONE",532C,77005,CLOSED,2022-05-06,12:18 PM
187133,Tree Trim,2022-05-06 12:59 PM,Tree Trim Inspection,TREEMAINTENANCE,"EJIM, ONYEKACHI",8101 BENDELL DR,"5, ZONE",535U,77017,CLOSED,2022-05-06,12:59 PM
187134,Tree Removal,2022-05-06 01:03 PM,Tree Removal Inspection,TREEMAINTENANCE,"UF - BHATTARAI, NIMESH",1402 LYNNVIEW DR,"3, ZONE",451W,77055,CLOSED,2022-05-06,01:03 PM
187135,Tree Removal,2022-05-06 01:48 PM,Tree Removal Inspection,TREEMAINTENANCE,"UF - BHATTARAI, NIMESH",WEAVER RD & SHREVEPORT BLVD,"4, ZONE",454M,77016,CLOSED,2022-05-06,01:48 PM
187136,Tree Trim,2022-05-06 01:54 PM,Tree Trim Inspection,TREEMAINTENANCE,"EJIM, ONYEKACHI",211 S 70TH ST,"5, ZONE",494Z,77011,CLOSED,2022-05-06,01:54 PM
187138,Tree Stump Grinding,2022-05-06 02:03 PM,Tree Stump Inspection,TREEMAINTENANCE,"UF - BHATTARAI, NIMESH",1851 COLUMBIA ST,"3, ZONE",453S,77008,CLOSED,2022-05-06,02:03 PM
187139,Tree Trim,2022-05-06 02:33 PM,Tree Trim Inspection,TREEMAINTENANCE,"EJIM, ONYEKACHI",4215 RICHMEADOW DR,"6, ZONE",573R,77048,CLOSED,2022-05-06,02:33 PM
187140,Tree Removal,2022-05-06 03:24 PM,Tree Removal Inspection,TREEMAINTENANCE,"UF - JONES, CODY",5122 CASTLECREEK LN,"7, ZONE",571Y,77053,CLOSED,2022-05-06,03:24 PM
187141,Tree Trim,2022-05-06 03:25 PM,Tree Trim Inspection,TREEMAINTENANCE,"UF - JONES, CODY",5122 CASTLECREEK LN,"7, ZONE",571Y,77053,CLOSED,2022-05-06,03:25 PM
187142,Tree Removal,2022-05-06 03:37 PM,Tree Removal Inspection,TREEMAINTENANCE,"UF - JONES, CODY",5501 LINCREST LN,"2, ZONE",491X,77056,CLOSED,2022-05-06,03:37 PM
187143,Tree Trim,2022-05-06 04:52 PM,Tree Trim Inspection,TREEMAINTENANCE,"UF - BHATTARAI, NIMESH",7300 HOMESTEAD RD,"4, ZONE",454M,77028,CLOSED,2022-05-06,04:52 PM
187144,Tree Removal,2022-05-06 05:35 PM,Tree Removal Inspection,TREEMAINTENANCE,"EJIM, ONYEKACHI",1002 ROPER ST,"5, ZONE",576E,77034,CLOSED,2022-05-06,05:35 PM
187145,Tree Trim,2022-05-06 06:05 PM,Tree Trim Inspection,TREEMAINTENANCE,"UF - JONES, CODY",4501 KEYSTONE ST,"6, ZONE",533M,77021,CLOSED,2022-05-06,06:05 PM
187146,Tree Code Violation,2022-05-07 09:37 AM,Tree Code Violation Inspection,TREEPROTECTION,"UF - BHATTARAI, NIMESH",1015 CANADIAN ST,"4, ZONE",453V,77009,CLOSED,2022-05-07,09:37 AM
187147,Tree Removal,2022-05-07 10:10 AM,Tree Removal Inspection,TREEMAINTENANCE,"UF - BHATTARAI, NIMESH",9025 PITNER RD (JAMES LEE PARK),"3, ZONE",450L,77080,CLOSED,2022-05-07,10:10 AM
187148,Tree Removal,2022-05-07 10:50 AM,Tree Removal Inspection,TREEMAINTENANCE,"UF - BHATTARAI, NIMESH",1831 W 23RD ST (LITTLE THICKET PARK),"3, ZONE",452T,77008,CLOSED,2022-05-07,10:50 AM
187149,Tree Removal,2022-05-07 11:44 AM,Tree Removal Inspection,TREEMAINTENANCE,"EJIM, ONYEKACHI",2127 FREY RD,"5, ZONE",576B,77034,CLOSED,2022-05-07,11:44 AM
187150,Tree Trim,2022-05-08 02:07 AM,Tree Trim Inspection,TREEMAINTENANCE,"UF - BHATTARAI, NIMESH",5007 CAVALCADE ST,"4, ZONE",454Y,77026,CLOSED,2022-05-08,02:07 AM
187151,Tree Trim,2022-05-08 08:09 AM,Tree Trim Inspection,TREEMAINTENANCE,"EJIM, ONYEKACHI",11410 BEAMER RD,"6, ZONE",576X,77089,CLOSED,2022-05-08,08:09 AM
187152,Tree Trim,2022-05-08 10:23 AM,Tree Trim Inspection,TREEMAINTENANCE,"UF - BHATTARAI, NIMESH",6212 N MAIN ST,"3, ZONE",453S,77009,CLOSED,2022-05-08,10:23 AM
187153,Tree Trim,2022-05-08 12:41 PM,Tree Trim Inspection,TREEMAINTENANCE,"EJIM, ONYEKACHI",3406 PEASE ST,"5, ZONE",493V,77003,CLOSED,2022-05-08,12:41 PM
187154,Tree Trim,2022-05-08 01:17 PM,Tree Trim Inspection,TREEMAINTENANCE,"EJIM, ONYEKACHI",275 GREENWOOD ST,"5, ZONE",494U,77011,CLOSED,2022-05-08,01:17 PM
187155,Tree Trim,2022-05-09 07:18 AM,Tree Trim Inspection,TREEMAINTENANCE,"EJIM, ONYEKACHI",5118 KELSO ST,"6, ZONE",534N,77021,CLOSED,2022-05-09,07:18 AM
187156,Tree Trim,2022-05-09 08:16 AM,Tree Trim Inspection,TREEMAINTENANCE,"UF - JONES, CODY",5030 RIDGEHAVEN DR,"7, ZONE",611C,77053,CLOSED,2022-05-09,08:16 AM
187157,Tree Removal,2022-05-09 08:40 AM,Tree Removal Inspection,TREEMAINTENANCE,"UF - BHATTARAI, NIMESH",417 E 14TH ST,"3, ZONE",453W,77008,CLOSED,2022-05-09,08:40 AM
187158,Tree Protection Rev,2022-05-09 08:43 AM,Tree Protection Review Inspection,TREEPROTECTION,"UF - JONES, CODY",2113 MACONDA LN,"2, ZONE",492S,77027,CLOSED,2022-05-09,08:43 AM
187159,Tree Trim,2022-05-09 09:05 AM,Tree Trim Inspection,TREEMAINTENANCE,"EJIM, ONYEKACHI",6418 BELMARK ST,"6, ZONE",534Y,77087,CLOSED,2022-05-09,09:05 AM
187160,Tree Trim,2022-05-09 09:19 AM,Tree Trim Inspection,TREEMAINTENANCE,"UF - JONES, CODY",3704 WOODHEAD ST,"2, ZONE",492V,77098,CLOSED,2022-05-09,09:19 AM
187161,Tree Removal,2022-05-09 11:14 AM,Tree Removal Inspection,TREEMAINTENANCE,"UF - BHATTARAI, NIMESH",1733 CREEK DR,"3, ZONE",450V,77055,CLOSED,2022-05-09,11:14 AM
187162,Tree Removal,2022-05-09 11:20 AM,Tree Removal Inspection,TREEMAINTENANCE,"UF - BHATTARAI, NIMESH",1212 GESSNER DR,"3, ZONE",450W,77055,CLOSED,2022-05-09,11:20 AM
187163,Tree Removal,2022-05-09 12:26 PM,Tree Removal Inspection,TREEMAINTENANCE,"EJIM, ONYEKACHI",7510 BELLE GLEN DR,"2, ZONE",529J,77072,CLOSED,2022-05-09,12:26 PM
187164,Tree Removal,2022-05-09 12:54 PM,Tree Removal Inspection,TREEMAINTENANCE,"UF - BHATTARAI, NIMESH",1831 W 23RD ST,"3, ZONE",452T,77008,CLOSED,2022-05-09,12:54 PM
187165,Tree Trim,2022-05-09 01:55 PM,Tree Trim Inspection,TREEMAINTENANCE,"UF - JONES, CODY",4900 WOODWAY DR,"2, ZONE",491L,77056,CLOSED,2022-05-09,01:55 PM
187166,Tree Removal,2022-05-09 02:49 PM,Tree Removal Inspection,TREEMAINTENANCE,"EJIM, ONYEKACHI",4122 MALLOW ST,"6, ZONE",573C,77051,CLOSED,2022-05-09,02:49 PM
187167,Tree Trim,2022-05-09 03:16 PM,Tree Trim Inspection,TREEMAINTENANCE,"EJIM, ONYEKACHI",5258 COSBY ST,"6, ZONE",534N,77021,CLOSED,2022-05-09,03:16 PM
187168,Tree Trim,2022-05-09 03:43 PM,Tree Trim Inspection,TREEMAINTENANCE,"UF - BHATTARAI, NIMESH",7126 GLASS ST,"4, ZONE",454K,77016,CLOSED,2022-05-09,03:43 PM
187169,Tree Trim,2022-05-09 03:52 PM,Tree Trim Inspection,TREEMAINTENANCE,"EJIM, ONYEKACHI",11003 SAGETRAIL DR,"6, ZONE",616B,77089,CLOSED,2022-05-09,03:52 PM
187170,Tree Trim,2022-05-09 04:01 PM,Tree Trim Inspection,TREEMAINTENANCE,"UF - JONES, CODY",6803 EASTWOOD ST,"6, ZONE",533R,77021,CLOSED,2022-05-09,04:01 PM
187171,Tree Trim,2022-05-09 05:17 PM,Tree Trim Inspection,TREEMAINTENANCE,"UF - JONES, CODY",2002 WAUGH DR,"2, ZONE",493N,77006,CLOSED,2022-05-09,05:17 PM
187172,Tree Trim,2022-05-09 05:23 PM,Tree Trim Inspection,TREEMAINTENANCE,"UF - BHATTARAI, NIMESH",1248 CORTLANDT ST,"3, ZONE",453W,77008,CLOSED,2022-05-09,05:23 PM
187173,Tree Removal,2022-05-09 06:16 PM,Tree Removal Inspection,TREEMAINTENANCE,"EJIM, ONYEKACHI",7427 AVENUE J,"5, ZONE",495S,77011,CLOSED,2022-05-09,06:16 PM
187174,Tree Removal,2022-05-09 10:03 PM,Tree Removal Inspection,TREEMAINTENANCE,"EJIM, ONYEKACHI",5212 WILMINGTON ST,"6, ZONE",574A,77033,CLOSED,2022-05-09,10:03 PM
187175,Tree Trim,2022-05-10 12:55 AM,Tree Trim Inspection,TREEMAINTENANCE,"UF - JONES, CODY",5113 S SHEPHERD DR,"7, ZONE",492Y,77098,CLOSED,2022-05-10,12:55 AM
187176,Tree Removal,2022-05-10 02:04 AM,Tree Removal Inspection,TREEMAINTENANCE,"UF - BHATTARAI, NIMESH",4800 SHREVEPORT BLVD,"4, ZONE",454Q,77028,CLOSED,2022-05-10,02:04 AM
187177,Tree Removal,2022-05-10 06:27 AM,Tree Removal Inspection,TREEMAINTENANCE,"UF - BHATTARAI, NIMESH",1831 W 23RD ST (LITTLE THICKET PARK),"3, ZONE",452T,77008,CLOSED,2022-05-10,06:27 AM
187180,Tree Trim,2022-05-10 08:10 AM,Tree Trim Inspection,TREEMAINTENANCE,"EJIM, ONYEKACHI",3603 MELVA ST,"5, ZONE",494K,77020,CLOSED,2022-05-10,08:10 AM
187182,Tree Removal,2022-05-10 08:19 AM,Tree Removal Inspection,TREEMAINTENANCE,"EJIM, ONYEKACHI",15570 PENSGATE ST,"5, ZONE",618J,77062,CLOSED,2022-05-10,08:19 AM
187184,Tree Removal,2022-05-10 08:58 AM,Tree Removal Inspection,TREEMAINTENANCE,"UF - BHATTARAI, NIMESH",1402 GARDENIA DR,"3, ZONE",452K,77018,CLOSED,2022-05-10,08:58 AM
187185,Tree Removal,2022-05-10 08:59 AM,Tree Removal Inspection,TREEMAINTENANCE,"EJIM, ONYEKACHI",939 ELTON ST,"5, ZONE",576E,77034,CLOSED,2022-05-10,08:59 AM
187186,Tree Trim,2022-05-10 09:16 AM,Tree Trim Inspection,TREEMAINTENANCE,"EJIM, ONYEKACHI",11904 TAMBOURINE DR,"2, ZONE",529W,77477,CLOSED,2022-05-10,09:16 AM
187187,Tree Removal,2022-05-10 09:44 AM,Tree Removal Inspection,TREEMAINTENANCE,"EJIM, ONYEKACHI",1011 DISMUKE ST,"5, ZONE",494Y,77023,CLOSED,2022-05-10,09:44 AM
187188,Tree Code Violation,2022-05-10 09:55 AM,Tree Code Violation Inspection,TREEPROTECTION,"EJIM, ONYEKACHI",2222 AUSTIN ST,"2, ZONE",493U,77002,CLOSED,2022-05-10,09:55 AM
187189,Tree Trim,2022-05-10 10:00 AM,Tree Trim Inspection,TREEMAINTENANCE,"EJIM, ONYEKACHI",15100 MEMORIAL DR,"2, ZONE",488C,77079,CLOSED,2022-05-10,10:00 AM
187191,Tree Removal,2022-05-10 10:20 AM,Tree Removal Inspection,TREEMAINTENANCE,"UF - BHATTARAI, NIMESH",301 E 10TH ST,"3, ZONE",493A,77008,CLOSED,2022-05-10,10:20 AM
187192,Tree Removal,2022-05-10 10:38 AM,Tree Removal Inspection,TREEMAINTENANCE,"UF - BHATTARAI, NIMESH",7614 WEDGEWOOD LN,"3, ZONE",451X,77055,CLOSED,2022-05-10,10:38 AM
187193,Tree Planting,2022-05-10 10:39 AM,Tree Planting Inspection,TREEPROTECTION,"UF - BHATTARAI, NIMESH",7117 CAMWAY ST,"4, ZONE",454M,77028,CLOSED,2022-05-10,10:39 AM
187194,Tree Trim,2022-05-10 10:56 AM,Tree Trim Inspection,TREEMAINTENANCE,"EJIM, ONYEKACHI",3100 TANGERINE ST,"6, ZONE",573B,77051,CLOSED,2022-05-10,10:56 AM
187195,Tree Trim,2022-05-10 11:08 AM,Tree Trim Inspection,TREEMAINTENANCE,"EJIM, ONYEKACHI",17401 SATURN LN,"5, ZONE",618R,77058,CLOSED,2022-05-10,11:08 AM
187196,Tree Trim,2022-05-10 11:35 AM,Tree Trim Inspection,TREEMAINTENANCE,"UF - BHATTARAI, NIMESH",728 ALLSTON ST,"3, ZONE",492D,77007,CLOSED,2022-05-10,11:35 AM
187197,Tree Removal,2022-05-10 11:56 AM,Tree Removal Inspection,TREEMAINTENANCE,"UF - BHATTARAI, NIMESH",1824 W 23RD ST,"3, ZONE",452T,77008,CLOSED,2022-05-10,11:56 AM
187198,Tree Removal,2022-05-10 12:23 PM,Tree Removal Inspection,TREEMAINTENANCE,"UF - JONES, CODY",1303 BUCKNER ST,"2, ZONE",493P,77019,CLOSED,2022-05-10,12:23 PM
187200,Tree Removal,2022-05-10 01:15 PM,Tree Removal Inspection,TREEMAINTENANCE,"UF - BHATTARAI, NIMESH",4815 SHREVEPORT BLVD,"4, ZONE",454Q,77028,CLOSED,2022-05-10,01:15 PM
187201,Tree Removal,2022-05-10 01:15 PM,Tree Removal Inspection,TREEMAINTENANCE,"UF - BHATTARAI, NIMESH",5811 FELECIA ST,"3, ZONE",452A,77091,CLOSED,2022-05-10,01:15 PM
187203,Tree Trim,2022-05-10 01:24 PM,Tree Trim Inspection,TREEMAINTENANCE,"EJIM, ONYEKACHI",14045 SPACE CENTER BLVD,"5, ZONE",618A,77062,CLOSED,2022-05-10,01:24 PM
187204,Tree Trim,2022-05-10 01:25 PM,Tree Trim Inspection,TREEMAINTENANCE,"UF - BHATTARAI, NIMESH",5522 JUMADA CIR,"3, ZONE",451D,77091,CLOSED,2022-05-10,01:25 PM
187208,Tree Removal,2022-05-10 02:45 PM,Tree Removal Inspection,TREEMAINTENANCE,"EJIM, ONYEKACHI",9601 ROSEHAVEN DR,"6, ZONE",573B,77051,CLOSED,2022-05-10,02:45 PM
187209,Tree Trim,2022-05-10 03:46 PM,Tree Trim Inspection,TREEMAINTENANCE,"UF - BHATTARAI, NIMESH",5303 BINGLE RD,"3, ZONE",451E,77092,CLOSED,2022-05-10,03:46 PM
187210,Tree Removal,2022-05-10 04:25 PM,Tree Removal Inspection,TREEMAINTENANCE,"EJIM, ONYEKACHI",5023 YELLOWSTONE BLVD,"6, ZONE",534N,77021,CLOSED,2022-05-10,04:25 PM
187211,Tree Trim,2022-05-10 04:58 PM,Tree Trim Inspection,TREEMAINTENANCE,"UF - BHATTARAI, NIMESH",3120 CRANDON ST,"4, ZONE",454W,77026,CLOSED,2022-05-10,04:58 PM
187212,Tree Trim,2022-05-10 05:10 PM,Tree Trim Inspection,TREEMAINTENANCE,"UF - JONES, CODY",1500 OLD SPANISH TRL,"7, ZONE",532M,77054,CLOSED,2022-05-10,05:10 PM
187213,Tree Planting,2022-05-10 05:55 PM,Tree Planting Inspection,TREEPROTECTION,"UF - BHATTARAI, NIMESH",1104 GARGAN ST,"4, ZONE",493H,77009,CLOSED,2022-05-10,05:55 PM
187216,Tree Removal,2022-05-11 07:54 AM,Tree Removal Inspection,TREEMAINTENANCE,"EJIM, ONYEKACHI",1801 ALTA VISTA ST,"5, ZONE",534D,77023,CLOSED,2022-05-11,07:54 AM
187217,Tree Trim,2022-05-11 08:22 AM,Tree Trim Inspection,TREEMAINTENANCE,"EJIM, ONYEKACHI",3614 MONTROSE BLVD,"2, ZONE",493S,77006,CLOSED,2022-05-11,08:22 AM
187218,Tree Removal,2022-05-11 08:22 AM,Tree Removal Inspection,TREEMAINTENANCE,"EJIM, ONYEKACHI",3614 MONTROSE BLVD,"2, ZONE",493S,77006,CLOSED,2022-05-11,08:22 AM
187219,Tree Removal,2022-05-11 08:24 AM,Tree Removal Inspection,TREEMAINTENANCE,"UF - JONES, CODY",13300 PERTHSHIRE RD,"2, ZONE",489F,77079,CLOSED,2022-05-11,08:24 AM
187220,Tree Trim,2022-05-11 08:25 AM,Tree Trim Inspection,TREEMAINTENANCE,"EJIM, ONYEKACHI",6400 BISSONNET ST,"7, ZONE",531J,77074,CLOSED,2022-05-11,08:25 AM
187221,Tree Trim,2022-05-11 08:37 AM,Tree Trim Inspection,TREEMAINTENANCE,"UF - JONES, CODY",2011 SPRING ST,"2, ZONE",493F,77007,CLOSED,2022-05-11,08:37 AM
187222,Tree Removal,2022-05-11 08:58 AM,Tree Removal Inspection,TREEMAINTENANCE,"EJIM, ONYEKACHI",5336 CARROLTON ST,"6, ZONE",534F,77023,CLOSED,2022-05-11,08:58 AM
187223,Tree Trim,2022-05-11 08:58 AM,Tree Trim Inspection,TREEMAINTENANCE,"UF - JONES, CODY",5942 W BELLFORT AVE,"7, ZONE",571A,77035,CLOSED,2022-05-11,08:58 AM
187224,Tree Trim,2022-05-11 09:04 AM,Tree Trim Inspection,TREEMAINTENANCE,"UF - JONES, CODY",6110 CULLEN BLVD,"6, ZONE",533M,77021,CLOSED,2022-05-11,09:04 AM
187225,Tree Trim,2022-05-11 09:10 AM,Tree Trim Inspection,TREEMAINTENANCE,"UF - JONES, CODY",2104 PARK ST,"2, ZONE",492R,77019,CLOSED,2022-05-11,09:10 AM
187226,Tree Removal,2022-05-11 09:41 AM,Tree Removal Inspection,TREEMAINTENANCE,"EJIM, ONYEKACHI",12118 SAGEDOWNE LN,"6, ZONE",576Z,77089,CLOSED,2022-05-11,09:41 AM
187228,Tree Trim,2022-05-11 11:17 AM,Tree Trim Inspection,TREEMAINTENANCE,"UF - BHATTARAI, NIMESH",1207 PASCHALL ST,"4, ZONE",493D,77009,CLOSED,2022-05-11,11:17 AM
187229,Tree Removal,2022-05-11 11:29 AM,Tree Removal Inspection,TREEMAINTENANCE,"EJIM, ONYEKACHI",12321 CAPISTRANO ST,"5, ZONE",496L,77015,CLOSED,2022-05-11,11:29 AM
187230,Tree Trim,2022-05-11 11:31 AM,Tree Trim Inspection,TREEMAINTENANCE,"EJIM, ONYEKACHI",5126 LINDSAY ST,"5, ZONE",494X,77023,CLOSED,2022-05-11,11:31 AM
187231,Tree Trim,2022-05-11 11:59 AM,Tree Trim Inspection,TREEMAINTENANCE,"EJIM, ONYEKACHI",6411 GROSBEAK DR,"6, ZONE",574G,77048,CLOSED,2022-05-11,11:59 AM
187232,Tree Removal,2022-05-11 12:23 PM,Tree Removal Inspection,TREEMAINTENANCE,"EJIM, ONYEKACHI",200 MISSISSIPPI ST,"5, ZONE",495U,77029,CLOSED,2022-05-11,12:23 PM
187233,Tree Trim,2022-05-11 12:35 PM,Tree Trim Inspection,TREEMAINTENANCE,"EJIM, ONYEKACHI",7106 PALMETTO ST,"5, ZONE",535E,77087,CLOSED,2022-05-11,12:35 PM
187234,Tree Trim,2022-05-11 12:36 PM,Tree Trim Inspection,TREEMAINTENANCE,"UF - JONES, CODY",4823 PRAIRIE RIDGE RD,"7, ZONE",611C,77053,CLOSED,2022-05-11,12:36 PM
187235,Tree Trim,2022-05-11 01:26 PM,Tree Trim Inspection,TREEMAINTENANCE,"EJIM, ONYEKACHI",2922 WAYPARK DR,"2, ZONE",488Y,77082,CLOSED,2022-05-11,01:26 PM
187236,Tree Trim,2022-05-11 01:42 PM,Tree Trim Inspection,TREEMAINTENANCE,"UF - BHATTARAI, NIMESH",2701 KINGWOOD DR,"4, ZONE",337A,77339,CLOSED,2022-05-11,01:42 PM
187237,Tree Planting,2022-05-11 01:49 PM,Tree Planting Inspection,TREEPROTECTION,"EJIM, ONYEKACHI",7910 WILCREST DR,"2, ZONE",529L,77072,CLOSED,2022-05-11,01:49 PM
187238,Tree Trim,2022-05-11 02:00 PM,Tree Trim Inspection,TREEMAINTENANCE,"UF - BHATTARAI, NIMESH",8422 WHITECASTLE LN,"3, ZONE",412Q,77088,CLOSED,2022-05-11,02:00 PM
187239,Tree Trim,2022-05-11 02:21 PM,Tree Trim Inspection,TREEMAINTENANCE,"EJIM, ONYEKACHI",4430 CARNELIAN CT,"2, ZONE",529E,77072,CLOSED,2022-05-11,02:21 PM
187240,Tree Trim,2022-05-11 03:40 PM,Tree Trim Inspection,TREEMAINTENANCE,"UF - JONES, CODY",1700 SPRING ST,"2, ZONE",493F,77007,CLOSED,2022-05-11,03:40 PM
187241,Tree Trim,2022-05-11 03:52 PM,Tree Trim Inspection,TREEMAINTENANCE,"UF - BHATTARAI, NIMESH",2400 WEST ST,"4, ZONE",494A,77026,CLOSED,2022-05-11,03:52 PM
187242,Tree Trim,2022-05-11 03:58 PM,Tree Trim Inspection,TREEMAINTENANCE,"UF - BHATTARAI, NIMESH",2200 COLUMBIA ST,"3, ZONE",453S,77008,CLOSED,2022-05-11,03:58 PM
187243,Tree Trim,2022-05-11 05:01 PM,Tree Trim Inspection,TREEMAINTENANCE,"UF - JONES, CODY",1317 ONEIL ST,"2, ZONE",493P,77019,CLOSED,2022-05-11,05:01 PM
187244,Tree Removal,2022-05-11 05:08 PM,Tree Removal Inspection,TREEMAINTENANCE,"EJIM, ONYEKACHI",8907 BELLAIRE BLVD,"2, ZONE",530E,77036,CLOSED,2022-05-11,05:08 PM
187245,Tree Trim,2022-05-11 06:19 PM,Tree Trim Inspection,TREEMAINTENANCE,"EJIM, ONYEKACHI",6134 CHEENA DR,"7, ZONE",530Z,77096,CLOSED,2022-05-11,06:19 PM
187246,Tree Removal,2022-05-12 12:52 AM,Tree Removal Inspection,TREEMAINTENANCE,"UF - BHATTARAI, NIMESH",9225 HAMMERLY BLVD,"3, ZONE",450U,77080,CLOSED,2022-05-12,12:52 AM
187261,Tree Stump Grinding,2022-05-12 08:37 AM,Tree Stump Inspection,TREEMAINTENANCE,"UF - JONES, CODY",12202 ASHCROFT DR,"7, ZONE",571E,77035,CLOSED,2022-05-12,08:37 AM
187267,Tree Trim,2022-05-12 11:17 AM,Tree Trim Inspection,TREEMAINTENANCE,"EJIM, ONYEKACHI",8907 WALLINGTON DR,"7, ZONE",531P,77096,CLOSED,2022-05-12,11:17 AM
187268,Tree Trim,2022-05-12 11:45 AM,Tree Trim Inspection,TREEMAINTENANCE,"UF - JONES, CODY",1001 POTOMAC DR,"2, ZONE",491J,77057,CLOSED,2022-05-12,11:45 AM
187270,Tree Removal,2022-05-12 11:59 AM,Tree Removal Inspection,TREEMAINTENANCE,"EJIM, ONYEKACHI",541 S 75TH ST (MASON PARK),"5, ZONE",535A,77023,CLOSED,2022-05-12,11:59 AM
187271,Tree Trim,2022-05-12 12:39 PM,Tree Trim Inspection,TREEMAINTENANCE,"UF - BHATTARAI, NIMESH",7206 LANGLEY RD,"4, ZONE",414Z,77016,CLOSED,2022-05-12,12:39 PM
187272,Tree Trim,2022-05-12 12:54 PM,Tree Trim Inspection,TREEMAINTENANCE,"UF - JONES, CODY",6253 LUDINGTON DR,"7, ZONE",570D,77035,CLOSED,2022-05-12,12:54 PM
187273,Tree Trim,2022-05-12 01:50 PM,Tree Trim Inspection,TREEMAINTENANCE,"EJIM, ONYEKACHI",12418 RINCON DR,"2, ZONE",488R,77077,CLOSED,2022-05-12,01:50 PM
187274,Tree Trim,2022-05-12 02:43 PM,Tree Trim Inspection,TREEMAINTENANCE,"UF - JONES, CODY",6230 CULLEN BLVD,"6, ZONE",533M,77021,CLOSED,2022-05-12,02:43 PM
187275,Tree Trim,2022-05-12 02:46 PM,Tree Trim Inspection,TREEMAINTENANCE,"UF - BHATTARAI, NIMESH",5134 CALGARY LN,"4, ZONE",414Y,77016,CLOSED,2022-05-12,02:46 PM
187276,Tree Removal,2022-05-12 03:34 PM,Tree Removal Inspection,TREEMAINTENANCE,"UF - BHATTARAI, NIMESH",400 COLUMBIA ST,"3, ZONE",493E,77007,CLOSED,2022-05-12,03:34 PM
187277,Tree Removal,2022-05-12 05:50 PM,Tree Removal Inspection,TREEMAINTENANCE,"UF - JONES, CODY",3400 REED RD,"6, ZONE",573B,77051,CLOSED,2022-05-12,05:50 PM
187278,Tree Removal,2022-05-12 06:08 PM,Tree Removal Inspection,TREEMAINTENANCE,"EJIM, ONYEKACHI",1624 RICHMOND AVE,"2, ZONE",492Z,77006,CLOSED,2022-05-12,06:08 PM
187279,Tree Removal,2022-05-12 08:08 PM,Tree Removal Inspection,TREEMAINTENANCE,"EJIM, ONYEKACHI",11327 SAGEHAVEN DR,"6, ZONE",576Y,77089,CLOSED,2022-05-12,08:08 PM
187280,Tree Trim,2022-05-13 02:50 AM,Tree Trim Inspection,TREEMAINTENANCE,"UF - JONES, CODY",1000 POTOMAC DR,"2, ZONE",491J,77057,CLOSED,2022-05-13,02:50 AM
187281,Tree Removal,2022-05-13 03:17 AM,Tree Removal Inspection,TREEMAINTENANCE,"UF - BHATTARAI, NIMESH",1438 OAK TREE DR,"3, ZONE",450X,77055,CLOSED,2022-05-13,03:17 AM
187282,Tree Code Violation,2022-05-13 03:54 AM,Tree Code Violation Inspection,TREEPROTECTION,"EJIM, ONYEKACHI",3001 BLODGETT ST,"6, ZONE",533C,77004,CLOSED,2022-05-13,03:54 AM
187283,Tree Removal,2022-05-13 05:45 AM,Tree Removal Inspection,TREEMAINTENANCE,"UF - JONES, CODY",14870 SPACE CENTER BLVD,"5, ZONE",618F,77062,CLOSED,2022-05-13,05:45 AM
187289,Tree Trim,2022-05-13 07:43 AM,Tree Trim Inspection,TREEMAINTENANCE,"UF - BHATTARAI, NIMESH",1245 CORTLANDT ST,"3, ZONE",453W,77008,CLOSED,2022-05-13,07:43 AM
187290,Tree Trim,2022-05-13 08:16 AM,Tree Trim Inspection,TREEMAINTENANCE,"UF - JONES, CODY",6007 SANFORD RD,"7, ZONE",531W,77096,CLOSED,2022-05-13,08:16 AM
187291,Tree Trim,2022-05-13 08:20 AM,Tree Trim Inspection,TREEMAINTENANCE,"UF - JONES, CODY",4200 ROSE ST,"2, ZONE",492H,77007,CLOSED,2022-05-13,08:20 AM
187293,Tree Removal,2022-05-13 08:44 AM,Tree Removal Inspection,TREEMAINTENANCE,"UF - JONES, CODY",7635 DEL MONTE DR,"2, ZONE",490V,77063,CLOSED,2022-05-13,08:44 AM
187294,Tree Removal,2022-05-13 09:05 AM,Tree Removal Inspection,TREEMAINTENANCE,"UF - JONES, CODY",7635 DEL MONTE DR,"2, ZONE",490V,77063,CLOSED,2022-05-13,09:05 AM
187295,Tree Trim,2022-05-13 09:44 AM,Tree Trim Inspection,TREEMAINTENANCE,"UF - JONES, CODY",1201 CLEAR LAKE CITY BLVD,"5, ZONE",617H,77062,CLOSED,2022-05-13,09:44 AM
187296,Tree Trim,2022-05-13 11:03 AM,Tree Trim Inspection,TREEMAINTENANCE,"UF - JONES, CODY",1150 S POST OAK LN,"2, ZONE",491Q,77056,CLOSED,2022-05-13,11:03 AM
187297,Tree Removal,2022-05-13 11:45 AM,Tree Removal Inspection,TREEMAINTENANCE,"UF - JONES, CODY",15610 WINTER BRIAR DR,"7, ZONE",571X,77489,CLOSED,2022-05-13,11:45 AM
187300,Tree Planting,2022-05-13 12:42 PM,Tree Planting Inspection,TREEPROTECTION,"UF - JONES, CODY",4122 RICHMOND AVE,"2, ZONE",492W,77027,CLOSED,2022-05-13,12:42 PM
187302,Tree Trim,2022-05-13 01:00 PM,Tree Trim Inspection,TREEMAINTENANCE,"UF - JONES, CODY","13910 Briarworth Dr,  Houston,  Texas,  77077","2, ZONE",488N,77077,CLOSED,2022-05-13,01:00 PM
187303,Tree Trim,2022-05-13 01:45 PM,Tree Trim Inspection,TREEMAINTENANCE,"EJIM, ONYEKACHI",4208 WALKER ST,"5, ZONE",494S,77023,CLOSED,2022-05-13,01:45 PM
187306,Tree Trim,2022-05-13 03:22 PM,Tree Trim Inspection,TREEMAINTENANCE,"UF - JONES, CODY",5259 COSBY ST,"6, ZONE",534N,77021,CLOSED,2022-05-13,03:22 PM
187307,Tree Trim,2022-05-13 03:25 PM,Tree Trim Inspection,TREEMAINTENANCE,"EJIM, ONYEKACHI",5259 COSBY ST,"6, ZONE",534N,77021,CLOSED,2022-05-13,03:25 PM
187308,Tree Trim,2022-05-13 03:55 PM,Tree Trim Inspection,TREEMAINTENANCE,"EJIM, ONYEKACHI",2127 ROUND LAKE DR,"2, ZONE",489S,77077,CLOSED,2022-05-13,03:55 PM
187309,Tree Trim,2022-05-13 05:13 PM,Tree Trim Inspection,TREEMAINTENANCE,"UF - JONES, CODY",6100 WOODWAY DR,"2, ZONE",491J,77057,CLOSED,2022-05-13,05:13 PM
187310,Tree Trim,2022-05-13 05:34 PM,Tree Trim Inspection,TREEMAINTENANCE,"EJIM, ONYEKACHI",6800 LA PASEO ST,"6, ZONE",534U,77087,CLOSED,2022-05-13,05:34 PM
187311,Tree Trim,2022-05-13 05:47 PM,Tree Trim Inspection,TREEMAINTENANCE,"UF - BHATTARAI, NIMESH",7202 NORTHLINE DR,"4, ZONE",413W,77076,CLOSED,2022-05-13,05:47 PM
187312,Tree Trim,2022-05-13 07:05 PM,Tree Trim Inspection,TREEMAINTENANCE,"UF - JONES, CODY",5231 W BELLFORT AVE,"7, ZONE",531X,77035,CLOSED,2022-05-13,07:05 PM
187313,Tree Trim,2022-05-13 07:14 PM,Tree Trim Inspection,TREEMAINTENANCE,"UF - JONES, CODY",5231 W BELLFORT AVE,"7, ZONE",531X,77035,CLOSED,2022-05-13,07:14 PM
187314,Tree Code Violation,2022-05-14 01:28 AM,Tree Code Violation Inspection,TREEPROTECTION,"EJIM, ONYEKACHI",6701 STEARNS ST,"6, ZONE",533L,77021,CLOSED,2022-05-14,01:28 AM
187315,Tree Removal,2022-05-14 03:14 AM,Tree Removal Inspection,TREEMAINTENANCE,"UF - BHATTARAI, NIMESH",504 T C JESTER BLVD,"3, ZONE",492C,77007,CLOSED,2022-05-14,03:14 AM
187316,Tree Removal,2022-05-14 04:05 AM,Tree Removal Inspection,TREEMAINTENANCE,"EJIM, ONYEKACHI",541 S 75TH ST (MASON PARK),"5, ZONE",535A,77023,CLOSED,2022-05-14,04:05 AM
187317,Tree Trim,2022-05-14 08:55 AM,Tree Trim Inspection,TREEMAINTENANCE,"UF - JONES, CODY",15807 EL CAMINO REAL,"5, ZONE",618K,77062,CLOSED,2022-05-14,08:55 AM
187318,Tree Trim,2022-05-14 10:13 AM,Tree Trim Inspection,TREEMAINTENANCE,"UF - JONES, CODY",1512 W ALABAMA ST,"2, ZONE",492V,77006,CLOSED,2022-05-14,10:13 AM
187319,Tree Trim,2022-05-14 05:25 PM,Tree Trim Inspection,TREEMAINTENANCE,"EJIM, ONYEKACHI",3903 FLORINDA ST,"6, ZONE",533L,77021,CLOSED,2022-05-14,05:25 PM
187320,Tree Removal,2022-05-14 05:55 PM,Tree Removal Inspection,TREEMAINTENANCE,"EJIM, ONYEKACHI",513 BRANARD ST,"2, ZONE",493S,77006,CLOSED,2022-05-14,05:55 PM
187321,Tree Trim,2022-05-15 11:19 AM,Tree Trim Inspection,TREEMAINTENANCE,"EJIM, ONYEKACHI",3400 SOUTHMORE BLVD,"6, ZONE",533C,77004,CLOSED,2022-05-15,11:19 AM
187322,Tree Trim,2022-05-15 01:26 PM,Tree Trim Inspection,TREEMAINTENANCE,"EJIM, ONYEKACHI",275 N GREENWOOD ST,"5, ZONE",494U,77011,CLOSED,2022-05-15,01:26 PM
187323,Tree Trim,2022-05-15 07:03 PM,Tree Trim Inspection,TREEMAINTENANCE,"EJIM, ONYEKACHI",4228 STERLING ST,"6, ZONE",533Y,77051,CLOSED,2022-05-15,07:03 PM
187324,Tree Trim,2022-05-16 03:18 AM,Tree Trim Inspection,TREEMAINTENANCE,"UF - BHATTARAI, NIMESH",1243 COLUMBIA ST,"3, ZONE",453W,77008,CLOSED,2022-05-16,03:18 AM
187326,Tree Trim,2022-05-16 08:17 AM,Tree Trim Inspection,TREEMAINTENANCE,"EJIM, ONYEKACHI",2000 ERNESTINE ST,"5, ZONE",494W,77023,CLOSED,2022-05-16,08:17 AM
187327,Tree Trim,2022-05-16 08:18 AM,Tree Trim Inspection,TREEMAINTENANCE,"UF - JONES, CODY",9000 MAIN ST,"7, ZONE",532Q,77025,CLOSED,2022-05-16,08:18 AM
187328,Tree Removal,2022-05-16 08:32 AM,Tree Removal Inspection,TREEMAINTENANCE,"EJIM, ONYEKACHI",1920 BANKS ST,"7, ZONE",492Z,77098,CLOSED,2022-05-16,08:32 AM
187329,Tree Removal,2022-05-16 08:42 AM,Tree Removal Inspection,TREEMAINTENANCE,"EJIM, ONYEKACHI",2817 SAUER ST,"6, ZONE",493Z,77004,CLOSED,2022-05-16,08:42 AM
187330,Tree Trim,2022-05-16 09:16 AM,Tree Trim Inspection,TREEMAINTENANCE,"UF - BHATTARAI, NIMESH",1310 SADLER ST,"4, ZONE",453H,77022,CLOSED,2022-05-16,09:16 AM
187331,Tree Removal,2022-05-16 09:30 AM,Tree Removal Inspection,TREEMAINTENANCE,"UF - BHATTARAI, NIMESH",7220 BROWNWOOD ST,"4, ZONE",495E,77020,CLOSED,2022-05-16,09:30 AM
187332,Tree Removal,2022-05-16 09:34 AM,Tree Removal Inspection,TREEMAINTENANCE,"UF - BHATTARAI, NIMESH",7224 BROWNWOOD ST,"4, ZONE",495E,77020,CLOSED,2022-05-16,09:34 AM
187334,Tree Removal,2022-05-16 10:21 AM,Tree Removal Inspection,TREEMAINTENANCE,"EJIM, ONYEKACHI",5262 COSBY ST,"6, ZONE",534N,77021,CLOSED,2022-05-16,10:21 AM
187336,Tree Removal,2022-05-16 10:32 AM,Tree Removal Inspection,TREEMAINTENANCE,"UF - JONES, CODY",6960 BELLAIRE BLVD,"7, ZONE",530H,77074,CLOSED,2022-05-16,10:32 AM
187337,Tree Trim,2022-05-16 10:36 AM,Tree Trim Inspection,TREEMAINTENANCE,"UF - BHATTARAI, NIMESH",4207 HAIN ST,"4, ZONE",453Y,77009,CLOSED,2022-05-16,10:36 AM
187338,Tree Trim,2022-05-16 10:51 AM,Tree Trim Inspection,TREEMAINTENANCE,"UF - BHATTARAI, NIMESH",9810 THORN ST,"4, ZONE",455D,77078,CLOSED,2022-05-16,10:51 AM
187339,Tree Trim,2022-05-16 12:16 PM,Tree Trim Inspection,TREEMAINTENANCE,"UF - JONES, CODY",5323 WILLOMINE WAY,"7, ZONE",571L,77045,CLOSED,2022-05-16,12:16 PM
187340,Tree Trim,2022-05-16 12:22 PM,Tree Trim Inspection,TREEMAINTENANCE,"UF - JONES, CODY",12419 WINDY WISP LN,"7, ZONE",570F,77071,CLOSED,2022-05-16,12:22 PM
187342,Tree Trim,2022-05-16 01:03 PM,Tree Trim Inspection,TREEMAINTENANCE,"EJIM, ONYEKACHI",3528 ROSEWOOD ST,"6, ZONE",533D,77004,CLOSED,2022-05-16,01:03 PM
187343,Tree Removal,2022-05-16 01:19 PM,Tree Removal Inspection,TREEMAINTENANCE,"UF - BHATTARAI, NIMESH",2404 NICHOLSON ST,"3, ZONE",452V,77008,CLOSED,2022-05-16,01:19 PM
187344,Tree Trim,2022-05-16 01:28 PM,Tree Trim Inspection,TREEMAINTENANCE,"EJIM, ONYEKACHI",4422 PEASE ST,"5, ZONE",494W,77023,CLOSED,2022-05-16,01:28 PM
187345,Tree Trim,2022-05-16 01:32 PM,Tree Trim Inspection,TREEMAINTENANCE,"UF - JONES, CODY",3301 W ALABAMA ST,"2, ZONE",492T,77098,CLOSED,2022-05-16,01:32 PM
187346,Tree Removal,2022-05-16 02:04 PM,Tree Removal Inspection,TREEMAINTENANCE,"UF - BHATTARAI, NIMESH",5726 KIAM ST,"3, ZONE",492B,77007,CLOSED,2022-05-16,02:04 PM
187347,Tree Trim,2022-05-16 02:34 PM,Tree Trim Inspection,TREEMAINTENANCE,"UF - BHATTARAI, NIMESH",6714 BARBADOS DR,"3, ZONE",411J,77088,CLOSED,2022-05-16,02:34 PM
187349,Tree Trim,2022-05-16 03:32 PM,Tree Trim Inspection,TREEMAINTENANCE,"UF - BHATTARAI, NIMESH",8603 TEXAS ACORN AVE,"4, ZONE",455C,77078,CLOSED,2022-05-16,03:32 PM
187350,Tree Removal,2022-05-16 03:41 PM,Tree Removal Inspection,TREEMAINTENANCE,"UF - BHATTARAI, NIMESH",2434 LAKE VILLAGE DR,"4, ZONE",336D,77339,CLOSED,2022-05-16,03:41 PM
187351,Tree Trim,2022-05-16 03:44 PM,Tree Trim Inspection,TREEMAINTENANCE,"EJIM, ONYEKACHI",3117 AIRPORT BLVD,"6, ZONE",573F,77051,CLOSED,2022-05-16,03:44 PM
187352,Tree Trim,2022-05-16 04:23 PM,Tree Trim Inspection,TREEMAINTENANCE,"UF - BHATTARAI, NIMESH",3026 VOLLMER RD,"3, ZONE",451R,77092,CLOSED,2022-05-16,04:23 PM
187353,Tree Removal,2022-05-16 04:47 PM,Tree Removal Inspection,TREEMAINTENANCE,"UF - BHATTARAI, NIMESH",4013 LUCILLE ST,"4, ZONE",494B,77026,CLOSED,2022-05-16,04:47 PM
187354,Tree Trim,2022-05-16 08:12 PM,Tree Trim Inspection,TREEMAINTENANCE,"UF - JONES, CODY",3031 JEANETTA ST,"2, ZONE",490X,77063,CLOSED,2022-05-16,08:12 PM
187355,Tree Trim,2022-05-16 08:37 PM,Tree Trim Inspection,TREEMAINTENANCE,"EJIM, ONYEKACHI",1399 SANDMAN ST,"2, ZONE",492G,77007,CLOSED,2022-05-16,08:37 PM
187356,Tree Trim,2022-05-17 02:12 AM,Tree Trim Inspection,TREEMAINTENANCE,"UF - BHATTARAI, NIMESH",1402 CHANTILLY LN,"3, ZONE",452K,77018,CLOSED,2022-05-17,02:12 AM
187357,Tree Trim,2022-05-17 06:28 AM,Tree Trim Inspection,TREEMAINTENANCE,"EJIM, ONYEKACHI",2516 BAGBY ST,"2, ZONE",493P,77006,CLOSED,2022-05-17,06:28 AM
187360,Tree Trim,2022-05-17 08:16 AM,Tree Trim Inspection,TREEMAINTENANCE,"EJIM, ONYEKACHI",10300 WINGTIP DR,"6, ZONE",575T,77075,CLOSED,2022-05-17,08:16 AM
187361,Tree Trim,2022-05-17 08:50 AM,Tree Trim Inspection,TREEMAINTENANCE,"UF - JONES, CODY",5842 SOUTHMINSTER DR,"7, ZONE",571E,77035,CLOSED,2022-05-17,08:50 AM
187362,Tree Trim,2022-05-17 08:53 AM,Tree Trim Inspection,TREEMAINTENANCE,"UF - BHATTARAI, NIMESH",9700 KEMPWOOD DR,"3, ZONE",450K,77080,CLOSED,2022-05-17,08:53 AM
187363,Tree Trim,2022-05-17 08:56 AM,Tree Trim Inspection,TREEMAINTENANCE,"UF - BHATTARAI, NIMESH",400 MERCURY DR (HERMAN BROWN PARK),"4, ZONE",496E,77013,CLOSED,2022-05-17,08:56 AM
187364,Tree Trim,2022-05-17 09:05 AM,Tree Trim Inspection,TREEMAINTENANCE,"EJIM, ONYEKACHI",5399 HANSFORD ST (JODI MILLER DOG PARK),"6, ZONE",534B,77023,CLOSED,2022-05-17,09:05 AM
187365,Tree Trim,2022-05-17 09:20 AM,Tree Trim Inspection,TREEMAINTENANCE,"UF - BHATTARAI, NIMESH",3012 BRIARWICK LN,"4, ZONE",414S,77093,CLOSED,2022-05-17,09:20 AM
187366,Tree Removal,2022-05-17 09:33 AM,Tree Removal Inspection,TREEMAINTENANCE,"UF - JONES, CODY",5714 FAIRDALE LN,"2, ZONE",491X,77057,CLOSED,2022-05-17,09:33 AM
187367,Tree Trim,2022-05-17 09:42 AM,Tree Trim Inspection,TREEMAINTENANCE,"UF - BHATTARAI, NIMESH",4604 SALINA ST,"4, ZONE",454X,77026,CLOSED,2022-05-17,09:42 AM
187368,Tree Trim,2022-05-17 09:44 AM,Tree Trim Inspection,TREEMAINTENANCE,"UF - BHATTARAI, NIMESH",402 BYRNE ST,"3, ZONE",493B,77009,CLOSED,2022-05-17,09:44 AM
187369,Tree Removal,2022-05-17 10:57 AM,Tree Removal Inspection,TREEMAINTENANCE,"EJIM, ONYEKACHI",960 S WAYSIDE DR,"5, ZONE",494Y,77023,CLOSED,2022-05-17,10:57 AM
187370,Tree Removal,2022-05-17 11:05 AM,Tree Removal Inspection,TREEMAINTENANCE,"UF - JONES, CODY",10607 WILLOWGROVE DR,"7, ZONE",531Y,77035,CLOSED,2022-05-17,11:05 AM
187371,Tree Trim,2022-05-17 11:18 AM,Tree Trim Inspection,TREEMAINTENANCE,"EJIM, ONYEKACHI",10404 WINGTIP DR,"6, ZONE",575T,77075,CLOSED,2022-05-17,11:18 AM
187372,Tree Trim,2022-05-17 11:30 AM,Tree Trim Inspection,TREEMAINTENANCE,"UF - BHATTARAI, NIMESH",1629 W 34TH ST,"3, ZONE",452P,77018,CLOSED,2022-05-17,11:30 AM
187373,Tree Trim,2022-05-17 11:33 AM,Tree Trim Inspection,TREEMAINTENANCE,"EJIM, ONYEKACHI",8215 LANHAM LN,"6, ZONE",575P,77075,CLOSED,2022-05-17,11:33 AM
187374,Tree Removal,2022-05-17 11:49 AM,Tree Removal Inspection,TREEMAINTENANCE,"UF - BHATTARAI, NIMESH",444 MAXEY RD,"4, ZONE",496C,77013,CLOSED,2022-05-17,11:49 AM
187376,Tree Removal,2022-05-17 12:15 PM,Tree Removal Inspection,TREEMAINTENANCE,"UF - JONES, CODY",9400 BRIAR FOREST DR,"2, ZONE",490P,77063,CLOSED,2022-05-17,12:15 PM
187378,Tree Planting,2022-05-17 12:54 PM,Tree Planting Inspection,TREEPROTECTION,"EJIM, ONYEKACHI",911 DIXIE FARM RD (FIRE STATION),"5, ZONE",617A,77598,CLOSED,2022-05-17,12:54 PM
187379,Tree Trim,2022-05-17 01:01 PM,Tree Trim Inspection,TREEMAINTENANCE,"EJIM, ONYEKACHI",7142 PALMETTO ST,"5, ZONE",535E,77087,CLOSED,2022-05-17,01:01 PM
187381,Tree Removal,2022-05-17 01:36 PM,Tree Removal Inspection,TREEMAINTENANCE,"UF - JONES, CODY",10000 MEMORIAL DR,"2, ZONE",491B,77024,CLOSED,2022-05-17,01:36 PM
187382,Tree Removal,2022-05-17 01:37 PM,Tree Removal Inspection,TREEMAINTENANCE,"UF - BHATTARAI, NIMESH",601 MAXEY RD (MAXEY PARK),"4, ZONE",496C,77013,CLOSED,2022-05-17,01:37 PM
187384,Tree Removal,2022-05-17 01:42 PM,Tree Removal Inspection,TREEMAINTENANCE,"UF - BHATTARAI, NIMESH",402 TRUMAN ST,"3, ZONE",452M,77018,CLOSED,2022-05-17,01:42 PM
187385,Tree Trim,2022-05-17 02:46 PM,Tree Trim Inspection,TREEMAINTENANCE,"EJIM, ONYEKACHI",2358 COLLEGE GREEN DR,"5, ZONE",618M,77058,CLOSED,2022-05-17,02:46 PM
187388,Tree Trim,2022-05-17 03:52 PM,Tree Trim Inspection,TREEMAINTENANCE,"UF - JONES, CODY",10406 AMBLEWOOD DR,"2, ZONE",529W,77099,CLOSED,2022-05-17,03:52 PM
187389,Tree Trim,2022-05-17 04:11 PM,Tree Trim Inspection,TREEMAINTENANCE,"EJIM, ONYEKACHI",2118 MINNESOTA ST,"5, ZONE",576A,77034,CLOSED,2022-05-17,04:11 PM
187390,Tree Trim,2022-05-17 11:56 PM,Tree Trim Inspection,TREEMAINTENANCE,"UF - JONES, CODY",3218 DURHILL ST,"7, ZONE",532P,77025,CLOSED,2022-05-17,11:56 PM
187391,Tree Trim,2022-05-18 06:55 AM,Tree Trim Inspection,TREEMAINTENANCE,"EJIM, ONYEKACHI",MCKINNEY ST & ENNIS ST,"5, ZONE",493V,77003,CLOSED,2022-05-18,06:55 AM
187392,Tree Trim,2022-05-18 06:58 AM,Tree Trim Inspection,TREEMAINTENANCE,"EJIM, ONYEKACHI",MCKINNEY ST & PAIGE ST,"5, ZONE",493V,77003,CLOSED,2022-05-18,06:58 AM
187394,Tree Trim,2022-05-18 07:08 AM,Tree Trim Inspection,TREEMAINTENANCE,"UF - BHATTARAI, NIMESH",4106 LEMON TREE LN,"3, ZONE",411U,77088,CLOSED,2022-05-18,07:08 AM
187395,Tree Trim,2022-05-18 08:14 AM,Tree Trim Inspection,TREEMAINTENANCE,"EJIM, ONYEKACHI",12995 MYRTLE LN,"5, ZONE",497J,77015,CLOSED,2022-05-18,08:14 AM
187396,Tree Trim,2022-05-18 08:32 AM,Tree Trim Inspection,TREEMAINTENANCE,"UF - BHATTARAI, NIMESH",6409 KASSARINE PASS,"6, ZONE",534P,77033,CLOSED,2022-05-18,08:32 AM
187397,Tree Trim,2022-05-18 09:05 AM,Tree Trim Inspection,TREEMAINTENANCE,"EJIM, ONYEKACHI",4831 GALVESTON RD,"5, ZONE",535R,77017,CLOSED,2022-05-18,09:05 AM
187398,Tree Removal,2022-05-18 09:09 AM,Tree Removal Inspection,TREEMAINTENANCE,"UF - JONES, CODY",4000 GLENSHIRE ST,"7, ZONE",532N,77025,CLOSED,2022-05-18,09:09 AM
187400,Tree Trim,2022-05-18 09:47 AM,Tree Trim Inspection,TREEMAINTENANCE,"UF - BHATTARAI, NIMESH",4594 KINGWOOD DR,"4, ZONE",337B,77339,CLOSED,2022-05-18,09:47 AM
187401,Tree Trim,2022-05-18 09:57 AM,Tree Trim Inspection,TREEMAINTENANCE,"UF - BHATTARAI, NIMESH",8349 VETERANS MEMORIAL DR,"3, ZONE",412Q,77088,CLOSED,2022-05-18,09:57 AM
187402,Tree Removal,2022-05-18 10:06 AM,Tree Removal Inspection,TREEMAINTENANCE,"EJIM, ONYEKACHI",1633 CASTLE CT,"2, ZONE",492Z,77006,CLOSED,2022-05-18,10:06 AM
187403,Tree Removal,2022-05-18 10:27 AM,Tree Removal Inspection,TREEMAINTENANCE,"UF - JONES, CODY",200 CHIMNEY ROCK RD,"2, ZONE",491F,77024,CLOSED,2022-05-18,10:27 AM
187404,Tree Trim,2022-05-18 10:36 AM,Tree Trim Inspection,TREEMAINTENANCE,"EJIM, ONYEKACHI",4806 MCKINNEY ST,"5, ZONE",494T,77023,CLOSED,2022-05-18,10:36 AM
187405,Tree Trim,2022-05-18 11:31 AM,Tree Trim Inspection,TREEMAINTENANCE,"UF - BHATTARAI, NIMESH",510 E CROSSTIMBERS ST,"4, ZONE",453L,77022,CLOSED,2022-05-18,11:31 AM
187406,Tree Trim,2022-05-18 11:43 AM,Tree Trim Inspection,TREEMAINTENANCE,"UF - BHATTARAI, NIMESH",4214 FALLEN OAKS DR,"3, ZONE",451D,77091,CLOSED,2022-05-18,11:43 AM
187407,Tree Trim,2022-05-18 11:49 AM,Tree Trim Inspection,TREEMAINTENANCE,"UF - BHATTARAI, NIMESH",1049 MARJORIE ST,"3, ZONE",412T,77088,CLOSED,2022-05-18,11:49 AM
187408,Tree Removal,2022-05-18 12:02 PM,Tree Removal Inspection,TREEMAINTENANCE,"UF - JONES, CODY",11387 BOB WHITE DR,"7, ZONE",570H,77035,CLOSED,2022-05-18,12:02 PM
187409,Tree Removal,2022-05-18 12:28 PM,Tree Removal Inspection,TREEMAINTENANCE,"UF - BHATTARAI, NIMESH",10601 FLEMING DR (SONGWOOD PARK),"4, ZONE",496E,77013,CLOSED,2022-05-18,12:28 PM
187411,Tree Removal,2022-05-18 12:43 PM,Tree Removal Inspection,TREEMAINTENANCE,"UF - BHATTARAI, NIMESH",1528 WHITE OAK DR,"3, ZONE",493C,77009,CLOSED,2022-05-18,12:43 PM
187415,Tree Removal,2022-05-18 01:35 PM,Tree Removal Inspection,TREEMAINTENANCE,"UF - BHATTARAI, NIMESH",915 NORTHWOOD ST,"3, ZONE",453X,77009,CLOSED,2022-05-18,01:35 PM
187416,Tree Trim,2022-05-18 01:52 PM,Tree Trim Inspection,TREEMAINTENANCE,"UF - JONES, CODY",5539 POST OAK MANOR DR,"7, ZONE",571L,77085,CLOSED,2022-05-18,01:52 PM
187417,Tree Removal,2022-05-18 01:56 PM,Tree Removal Inspection,TREEMAINTENANCE,"EJIM, ONYEKACHI",5205 TARAWA RD,"6, ZONE",534S,77033,CLOSED,2022-05-18,01:56 PM
187420,Tree Removal,2022-05-18 04:00 PM,Tree Removal Inspection,TREEMAINTENANCE,"UF - JONES, CODY",8510 LEAWOOD BLVD,"2, ZONE",529P,77072,CLOSED,2022-05-18,04:00 PM
187423,Tree Trim,2022-05-18 06:58 PM,Tree Trim Inspection,TREEMAINTENANCE,"UF - JONES, CODY",2314 TANGLEY ST,"7, ZONE",532C,77005,CLOSED,2022-05-18,06:58 PM
187424,Tree Trim,2022-05-18 07:22 PM,Tree Trim Inspection,TREEMAINTENANCE,"EJIM, ONYEKACHI",7113 VANDEMAN ST,"5, ZONE",535E,77087,CLOSED,2022-05-18,07:22 PM
187425,Tree Trim,2022-05-19 06:44 AM,Tree Trim Inspection,TREEMAINTENANCE,"UF - JONES, CODY",14441 CROQUET LN,"7, ZONE",571P,77085,CLOSED,2022-05-19,06:44 AM
187426,Tree Trim,2022-05-19 08:13 AM,Tree Trim Inspection,TREEMAINTENANCE,"EJIM, ONYEKACHI",4700 KIRBY DR,"7, ZONE",492Y,77098,CLOSED,2022-05-19,08:13 AM
187427,Tree Trim,2022-05-19 08:45 AM,Tree Trim Inspection,TREEMAINTENANCE,"UF - BHATTARAI, NIMESH",9147 AUTAUGA ST (JIM LEE PARK),"3, ZONE",450L,77080,CLOSED,2022-05-19,08:45 AM
187428,Tree Trim,2022-05-19 08:51 AM,Tree Trim Inspection,TREEMAINTENANCE,"UF - JONES, CODY",12900 SHANNON HILLS DR,"2, ZONE",528R,77099,CLOSED,2022-05-19,08:51 AM
187430,Tree Removal,2022-05-19 09:34 AM,Tree Removal Inspection,TREEMAINTENANCE,"UF - BHATTARAI, NIMESH",1039 WAVERLY ST,"3, ZONE",492D,77008,CLOSED,2022-05-19,09:34 AM
187431,Tree Trim,2022-05-19 09:45 AM,Tree Trim Inspection,TREEMAINTENANCE,"EJIM, ONYEKACHI",4700 KIRBY DR,"7, ZONE",492Y,77098,CLOSED,2022-05-19,09:45 AM
187432,Tree Code Violation,2022-05-19 09:49 AM,Tree Code Violation Inspection,TREEPROTECTION,"EJIM, ONYEKACHI",7750 EDNA ST,"6, ZONE",535P,77087,CLOSED,2022-05-19,09:49 AM
187433,Tree Trim,2022-05-19 10:16 AM,Tree Trim Inspection,TREEMAINTENANCE,"UF - BHATTARAI, NIMESH",1000 CAVALCADE ST (IRVINGTON PARK),"4, ZONE",453V,77009,CLOSED,2022-05-19,10:16 AM
187434,Tree Trim,2022-05-19 10:16 AM,Tree Trim Inspection,TREEMAINTENANCE,"UF - JONES, CODY",9117 BRIAR FOREST DR,"2, ZONE",490P,77024,CLOSED,2022-05-19,10:16 AM
187435,Tree Stump Grinding,2022-05-19 10:22 AM,Tree Stump Inspection,TREEMAINTENANCE,"UF - JONES, CODY",15610 WINTER BRIAR DR,"7, ZONE",571X,77489,CLOSED,2022-05-19,10:22 AM
187436,Tree Trim,2022-05-19 10:31 AM,Tree Trim Inspection,TREEMAINTENANCE,"UF - BHATTARAI, NIMESH",2600 BEAUCHAMP ST,"3, ZONE",493B,77009,CLOSED,2022-05-19,10:31 AM
187437,Tree Trim,2022-05-19 10:31 AM,Tree Trim Inspection,TREEMAINTENANCE,"EJIM, ONYEKACHI",4700 KIRBY DR,"7, ZONE",492Y,77098,CLOSED,2022-05-19,10:31 AM
187438,Tree Trim,2022-05-19 11:20 AM,Tree Trim Inspection,TREEMAINTENANCE,"UF - BHATTARAI, NIMESH",3000 KINGWOOD DR,"4, ZONE",337A,77339,CLOSED,2022-05-19,11:20 AM
187440,Tree Trim,2022-05-19 11:58 AM,Tree Trim Inspection,TREEMAINTENANCE,"UF - JONES, CODY",4300 BOONE RD,"2, ZONE",529F,77072,CLOSED,2022-05-19,11:58 AM
187441,Tree Trim,2022-05-19 11:58 AM,Tree Trim Inspection,TREEMAINTENANCE,"UF - BHATTARAI, NIMESH",5800 N HOUSTON ROSSLYN RD,"3, ZONE",451C,77091,CLOSED,2022-05-19,11:58 AM
187442,Tree Trim,2022-05-19 12:13 PM,Tree Trim Inspection,TREEMAINTENANCE,"UF - JONES, CODY",3400 TIMMONS LN,"2, ZONE",492W,77027,CLOSED,2022-05-19,12:13 PM
187443,Tree Trim,2022-05-19 12:25 PM,Tree Trim Inspection,TREEMAINTENANCE,"UF - JONES, CODY",4510 WILDACRES DR,"2, ZONE",529F,77072,CLOSED,2022-05-19,12:25 PM
187444,Tree Trim,2022-05-19 12:31 PM,Tree Trim Inspection,TREEMAINTENANCE,"UF - JONES, CODY",11326 OAKCENTER DR,"2, ZONE",529F,77072,CLOSED,2022-05-19,12:31 PM
187445,Tree Trim,2022-05-19 12:34 PM,Tree Trim Inspection,TREEMAINTENANCE,"UF - JONES, CODY",11366 OAKCENTER DR,"2, ZONE",529F,77072,CLOSED,2022-05-19,12:34 PM
187446,Tree Trim,2022-05-19 12:35 PM,Tree Trim Inspection,TREEMAINTENANCE,"UF - JONES, CODY",11347 OAKCENTER DR,"2, ZONE",529F,77072,CLOSED,2022-05-19,12:35 PM
187447,Tree Trim,2022-05-19 12:37 PM,Tree Trim Inspection,TREEMAINTENANCE,"UF - JONES, CODY",4232 WILDACRES DR,"2, ZONE",529B,77072,CLOSED,2022-05-19,12:37 PM
187448,Tree Trim,2022-05-19 12:40 PM,Tree Trim Inspection,TREEMAINTENANCE,"UF - JONES, CODY",4223 WILDACRES DR,"2, ZONE",529B,77072,CLOSED,2022-05-19,12:40 PM
187449,Tree Trim,2022-05-19 12:43 PM,Tree Trim Inspection,TREEMAINTENANCE,"UF - JONES, CODY",4139 WILLOW BEACH DR,"2, ZONE",529B,77072,CLOSED,2022-05-19,12:43 PM
187450,Tree Trim,2022-05-19 12:43 PM,Tree Trim Inspection,TREEMAINTENANCE,"UF - JONES, CODY",4102 WILLOW BEACH DR,"2, ZONE",529B,77072,CLOSED,2022-05-19,12:43 PM
187451,Tree Trim,2022-05-19 12:46 PM,Tree Trim Inspection,TREEMAINTENANCE,"UF - JONES, CODY",4139 WILLOW BEACH DR,"2, ZONE",529B,77072,CLOSED,2022-05-19,12:46 PM
187452,Tree Removal,2022-05-19 01:36 PM,Tree Removal Inspection,TREEMAINTENANCE,"UF - BURKES, JEREMY",960 S WAYSIDE DR,"5, ZONE",494Y,77023,CLOSED,2022-05-19,01:36 PM
187453,Tree Removal,2022-05-19 02:11 PM,Tree Removal Inspection,TREEMAINTENANCE,"EJIM, ONYEKACHI",1637 BANKS ST,"7, ZONE",492Z,77006,CLOSED,2022-05-19,02:11 PM
187454,Tree Trim,2022-05-19 02:45 PM,Tree Trim Inspection,TREEMAINTENANCE,"UF - BHATTARAI, NIMESH",1520 CANDLELIGHT LN,"3, ZONE",452E,77018,CLOSED,2022-05-19,02:45 PM
187455,Tree Trim,2022-05-19 02:57 PM,Tree Trim Inspection,TREEMAINTENANCE,"UF - BHATTARAI, NIMESH",3316 DE SOTO ST,"3, ZONE",451D,77091,CLOSED,2022-05-19,02:57 PM
187456,Tree Removal,2022-05-19 03:03 PM,Tree Removal Inspection,TREEMAINTENANCE,"UF - JONES, CODY",10949 S SAM HOUSTON PKWY W,"7, ZONE",570E,77031,CLOSED,2022-05-19,03:03 PM
187457,Tree Trim,2022-05-19 03:23 PM,Tree Trim Inspection,TREEMAINTENANCE,"UF - JONES, CODY",4159 YUPON RIDGE DR,"2, ZONE",529B,77072,CLOSED,2022-05-19,03:23 PM
187458,Tree Trim,2022-05-19 03:24 PM,Tree Trim Inspection,TREEMAINTENANCE,"UF - JONES, CODY",4311 WILLOW BEACH DR,"2, ZONE",529F,77072,CLOSED,2022-05-19,03:24 PM
187459,Tree Trim,2022-05-19 03:38 PM,Tree Trim Inspection,TREEMAINTENANCE,"UF - JONES, CODY",11002 HIGH STAR DR,"2, ZONE",529B,77072,CLOSED,2022-05-19,03:38 PM
187460,Tree Trim,2022-05-19 03:39 PM,Tree Trim Inspection,TREEMAINTENANCE,"UF - JONES, CODY",4306 BUGLE RD,"2, ZONE",529F,77072,CLOSED,2022-05-19,03:39 PM
187461,Tree Trim,2022-05-19 03:52 PM,Tree Trim Inspection,TREEMAINTENANCE,"EJIM, ONYEKACHI",10800 RICHMOND AVE,"2, ZONE",489Y,77042,CLOSED,2022-05-19,03:52 PM
187462,Tree Trim,2022-05-19 04:48 PM,Tree Trim Inspection,TREEMAINTENANCE,"EJIM, ONYEKACHI",6203 TAGGART ST,"2, ZONE",492F,77007,CLOSED,2022-05-19,04:48 PM
187463,Tree Trim,2022-05-19 05:18 PM,Tree Trim Inspection,TREEMAINTENANCE,"UF - BHATTARAI, NIMESH",411 W 23RD ST,"3, ZONE",452V,77008,CLOSED,2022-05-19,05:18 PM
187464,Tree Removal,2022-05-19 05:36 PM,Tree Removal Inspection,TREEMAINTENANCE,"EJIM, ONYEKACHI",2712 KNOBLOCK ST,"6, ZONE",534F,77023,CLOSED,2022-05-19,05:36 PM
187465,Tree Trim,2022-05-19 06:03 PM,Tree Trim Inspection,TREEMAINTENANCE,"UF - JONES, CODY",6026 LYMBAR DR,"7, ZONE",530Z,77096,CLOSED,2022-05-19,06:03 PM
187466,Tree Removal,2022-05-19 08:01 PM,Tree Removal Inspection,TREEMAINTENANCE,"UF - BURKES, JEREMY",12025 SOWDEN RD,"3, ZONE",451J,77055,CLOSED,2022-05-19,08:01 PM
187467,Tree Trim,2022-05-19 11:24 PM,Tree Trim Inspection,TREEMAINTENANCE,"UF - BHATTARAI, NIMESH",4710 LAVENDER ST,"4, ZONE",454U,77026,CLOSED,2022-05-19,11:24 PM
187468,Tree Trim,2022-05-20 12:03 AM,Tree Trim Inspection,TREEMAINTENANCE,"UF - BHATTARAI, NIMESH",5002 RAND ST,"4, ZONE",454U,77026,CLOSED,2022-05-20,12:03 AM
187469,Tree Trim,2022-05-20 08:09 AM,Tree Trim Inspection,TREEMAINTENANCE,"UF - JONES, CODY",1111 N POST OAK RD,"3, ZONE",491D,77055,CLOSED,2022-05-20,08:09 AM
187470,Tree Trim,2022-05-20 08:11 AM,Tree Trim Inspection,TREEMAINTENANCE,"UF - BHATTARAI, NIMESH",5002 RAND ST,"4, ZONE",454U,77026,CLOSED,2022-05-20,08:11 AM
187471,Tree Removal,2022-05-20 08:45 AM,Tree Removal Inspection,TREEMAINTENANCE,"UF - BHATTARAI, NIMESH",600 N DAIRY ASHFORD ST,"3, ZONE",448Y,77079,CLOSED,2022-05-20,08:45 AM
187472,Tree Removal,2022-05-20 09:18 AM,Tree Removal Inspection,TREEMAINTENANCE,"UF - JONES, CODY",15803 CORSAIR RD,"7, ZONE",571X,77053,CLOSED,2022-05-20,09:18 AM
187473,Tree Trim,2022-05-20 09:55 AM,Tree Trim Inspection,TREEMAINTENANCE,"EJIM, ONYEKACHI",12302 PALMCREST ST,"5, ZONE",576R,77034,CLOSED,2022-05-20,09:55 AM
187474,Tree Removal,2022-05-20 10:28 AM,Tree Removal Inspection,TREEMAINTENANCE,"EJIM, ONYEKACHI",11600 WALLISVILLE RD,"4, ZONE",456X,77013,CLOSED,2022-05-20,10:28 AM
187475,Tree Trim,2022-05-20 11:07 AM,Tree Trim Inspection,TREEMAINTENANCE,"UF - BHATTARAI, NIMESH",3700 DACOMA ST,"3, ZONE",452S,77092,CLOSED,2022-05-20,11:07 AM
187476,Tree Trim,2022-05-20 11:08 AM,Tree Trim Inspection,TREEMAINTENANCE,"EJIM, ONYEKACHI",14558 CINDYWOOD DR,"2, ZONE",488H,77079,CLOSED,2022-05-20,11:08 AM
187477,Tree Stump Grinding,2022-05-20 11:29 AM,Tree Stump Inspection,TREEMAINTENANCE,"UF - BHATTARAI, NIMESH",3818 BLACK LOCUST DR,"3, ZONE",411V,77088,CLOSED,2022-05-20,11:29 AM
187478,Tree Trim,2022-05-20 11:30 AM,Tree Trim Inspection,TREEMAINTENANCE,"UF - BHATTARAI, NIMESH",5116 DEL SUR ST,"3, ZONE",452H,77018,CLOSED,2022-05-20,11:30 AM
187479,Tree Trim,2022-05-20 11:56 AM,Tree Trim Inspection,TREEMAINTENANCE,"UF - BHATTARAI, NIMESH",7814 MAPLE TREE DR,"3, ZONE",411Q,77088,CLOSED,2022-05-20,11:56 AM
187480,Tree Trim,2022-05-20 12:41 PM,Tree Trim Inspection,TREEMAINTENANCE,"UF - JONES, CODY",12500 W BELLFORT AVE,"2, ZONE",528Z,77099,CLOSED,2022-05-20,12:41 PM
187481,Tree Planting,2022-05-20 01:48 PM,Tree Planting Inspection,TREEPROTECTION,"EJIM, ONYEKACHI",2037 BRENTWOOD DR (LIVE OAK PARK),"2, ZONE",492R,77019,CLOSED,2022-05-20,01:48 PM
187482,Tree Trim,2022-05-20 01:54 PM,Tree Trim Inspection,TREEMAINTENANCE,"UF - JONES, CODY",1624 RICHMOND AVE,"2, ZONE",492Z,77006,CLOSED,2022-05-20,01:54 PM
187483,Tree Removal,2022-05-20 02:57 PM,Tree Removal Inspection,TREEMAINTENANCE,"UF - JONES, CODY",1512 W ALABAMA ST,"2, ZONE",492V,77006,CLOSED,2022-05-20,02:57 PM
187484,Tree Removal,2022-05-20 03:03 PM,Tree Removal Inspection,TREEMAINTENANCE,"UF - BHATTARAI, NIMESH",7908 SCHNEIDER ST,"4, ZONE",453M,77093,CLOSED,2022-05-20,03:03 PM
187485,Tree Removal,2022-05-20 03:03 PM,Tree Removal Inspection,TREEMAINTENANCE,"EJIM, ONYEKACHI",6824 CULLEN BLVD,"6, ZONE",533R,77021,CLOSED,2022-05-20,03:03 PM
187486,Tree Trim,2022-05-20 03:15 PM,Tree Trim Inspection,TREEMAINTENANCE,"EJIM, ONYEKACHI",10803 EDDYROCK ST,"6, ZONE",576T,77089,CLOSED,2022-05-20,03:15 PM
187487,Tree Trim,2022-05-20 03:57 PM,Tree Trim Inspection,TREEMAINTENANCE,"UF - BHATTARAI, NIMESH",383 SULKY TRAIL ST,"4, ZONE",373W,77060,CLOSED,2022-05-20,03:57 PM
187488,Tree Trim,2022-05-20 04:27 PM,Tree Trim Inspection,TREEMAINTENANCE,"EJIM, ONYEKACHI",7102 MOLINE ST,"6, ZONE",534R,77087,CLOSED,2022-05-20,04:27 PM
187489,Tree Trim,2022-05-20 05:40 PM,Tree Trim Inspection,TREEMAINTENANCE,"UF - BHATTARAI, NIMESH",4726 BAYOU VISTA DR,"3, ZONE",451D,77091,CLOSED,2022-05-20,05:40 PM
187490,Tree Trim,2022-05-20 07:16 PM,Tree Trim Inspection,TREEMAINTENANCE,"UF - BHATTARAI, NIMESH",5822 FELICIA,"3, ZONE",452A,77091,CLOSED,2022-05-20,07:16 PM
187491,Tree Trim,2022-05-21 04:37 AM,Tree Trim Inspection,TREEMAINTENANCE,"UF - JONES, CODY",4700 KIRBY DR,"7, ZONE",492Y,77098,CLOSED,2022-05-21,04:37 AM
187492,Tree Removal,2022-05-21 08:14 AM,Tree Removal Inspection,TREEMAINTENANCE,"UF - BHATTARAI, NIMESH",6501 WHARTON ST,"3, ZONE",451Y,77055,CLOSED,2022-05-21,08:14 AM
187493,Tree Trim,2022-05-21 10:18 AM,Tree Trim Inspection,TREEMAINTENANCE,"UF - BHATTARAI, NIMESH",10232 DONALD DR,"4, ZONE",453C,77076,CLOSED,2022-05-21,10:18 AM
187494,Tree Removal,2022-05-21 11:15 AM,Tree Removal Inspection,TREEMAINTENANCE,"EJIM, ONYEKACHI",541 S 75TH ST,"5, ZONE",535A,77023,CLOSED,2022-05-21,11:15 AM
187495,Tree Trim,2022-05-21 12:52 PM,Tree Trim Inspection,TREEMAINTENANCE,"EJIM, ONYEKACHI",14714 MEMORIAL DR,"2, ZONE",488H,77079,CLOSED,2022-05-21,12:52 PM
187496,Tree Removal,2022-05-21 01:01 PM,Tree Removal Inspection,TREEMAINTENANCE,"EJIM, ONYEKACHI",12303 HUNTINGWICK DR,"2, ZONE",490E,77024,CLOSED,2022-05-21,01:01 PM
187497,Tree Removal,2022-05-21 02:38 PM,Tree Removal Inspection,TREEMAINTENANCE,"EJIM, ONYEKACHI",5524 AIRPORT BLVD,"6, ZONE",574E,77048,CLOSED,2022-05-21,02:38 PM
187498,Tree Trim,2022-05-21 05:48 PM,Tree Trim Inspection,TREEMAINTENANCE,"EJIM, ONYEKACHI",PIERCE ST & MILAM ST,"1, ZONE",493Q,77002,CLOSED,2022-05-21,05:48 PM
187499,Tree Trim,2022-05-21 07:00 PM,Tree Trim Inspection,TREEMAINTENANCE,"EJIM, ONYEKACHI",306 ARMSTRONG ST,"5, ZONE",495Z,77029,CLOSED,2022-05-21,07:00 PM
187500,Tree Trim,2022-05-22 07:41 AM,Tree Trim Inspection,TREEMAINTENANCE,"EJIM, ONYEKACHI",8712 WAYFARER LN,"6, ZONE",575Q,77075,CLOSED,2022-05-22,07:41 AM
187501,Tree Removal,2022-05-22 07:47 AM,Tree Removal Inspection,TREEMAINTENANCE,"UF - BHATTARAI, NIMESH",1614 WYCLIFFE DR,"3, ZONE",449X,77043,CLOSED,2022-05-22,07:47 AM
187502,Tree Removal,2022-05-22 08:33 AM,Tree Removal Inspection,TREEMAINTENANCE,"UF - JONES, CODY",2101 ALBANS RD,"7, ZONE",532D,77005,CLOSED,2022-05-22,08:33 AM
187503,Tree Trim,2022-05-22 10:33 AM,Tree Trim Inspection,TREEMAINTENANCE,"UF - JONES, CODY",3214 VIRGINIA ST,"2, ZONE",492U,77098,CLOSED,2022-05-22,10:33 AM
187504,Tree Removal,2022-05-22 02:41 PM,Tree Removal Inspection,TREEMAINTENANCE,"UF - BHATTARAI, NIMESH",1222 E 28TH ST,"3, ZONE",453P,77009,CLOSED,2022-05-22,02:41 PM
187505,Tree Removal,2022-05-22 04:12 PM,Tree Removal Inspection,TREEMAINTENANCE,"UF - JONES, CODY",8800 STELLA LINK RD,"7, ZONE",532N,77025,CLOSED,2022-05-22,04:12 PM
187510,Tree Trim,2022-05-22 05:08 PM,Tree Trim Inspection,TREEMAINTENANCE,"UF - JONES, CODY",4125 BARNES ST,"2, ZONE",492H,77007,CLOSED,2022-05-22,05:08 PM
187511,Tree Trim,2022-05-22 05:27 PM,Tree Trim Inspection,TREEMAINTENANCE,"EJIM, ONYEKACHI",7736 CANAL ST,"5, ZONE",495X,77012,CLOSED,2022-05-22,05:27 PM
187512,Tree Trim,2022-05-22 05:30 PM,Tree Trim Inspection,TREEMAINTENANCE,"UF - JONES, CODY",4122 BARNES ST,"2, ZONE",492H,77007,CLOSED,2022-05-22,05:30 PM
187513,Tree Trim,2022-05-23 03:12 AM,Tree Trim Inspection,TREEMAINTENANCE,"EJIM, ONYEKACHI",12335 PALMCREST ST,"5, ZONE",576R,77034,CLOSED,2022-05-23,03:12 AM
187514,Tree Trim,2022-05-23 06:58 AM,Tree Trim Inspection,TREEMAINTENANCE,"EJIM, ONYEKACHI",ST EMANUEL ST & TEXAS ST,"5, ZONE",493R,77003,CLOSED,2022-05-23,06:58 AM
187515,Tree Trim,2022-05-23 07:01 AM,Tree Trim Inspection,TREEMAINTENANCE,"EJIM, ONYEKACHI",BASTROP ST & TEXAS ST,"5, ZONE",493R,77003,CLOSED,2022-05-23,07:01 AM
187516,Tree Trim,2022-05-23 07:04 AM,Tree Trim Inspection,TREEMAINTENANCE,"EJIM, ONYEKACHI",POLK ST & LIVE OAK ST,"5, ZONE",493V,77003,CLOSED,2022-05-23,07:04 AM
187517,Tree Trim,2022-05-23 07:17 AM,Tree Trim Inspection,TREEMAINTENANCE,"UF - BHATTARAI, NIMESH",600 NEST LN,"3, ZONE",453E,77022,CLOSED,2022-05-23,07:17 AM
187519,Tree Removal,2022-05-23 07:53 AM,Tree Removal Inspection,TREEMAINTENANCE,"EJIM, ONYEKACHI",8814 HOLLOCK ST,"6, ZONE",575L,77075,CLOSED,2022-05-23,07:53 AM
187520,Tree Removal,2022-05-23 07:57 AM,Tree Removal Inspection,TREEMAINTENANCE,"UF - BHATTARAI, NIMESH",6019 MAJESTIC HILL CT,"4, ZONE",338F,77345,CLOSED,2022-05-23,07:57 AM
187521,Tree Trim,2022-05-23 08:38 AM,Tree Trim Inspection,TREEMAINTENANCE,"UF - BHATTARAI, NIMESH",1051 CHAMBOARD LN,"3, ZONE",452L,77018,CLOSED,2022-05-23,08:38 AM
187523,Tree Code Violation,2022-05-23 08:54 AM,Tree Code Violation Inspection,TREEPROTECTION,"UF - JONES, CODY",1300 VASSAR ST,"7, ZONE",493W,77006,CLOSED,2022-05-23,08:54 AM
187524,Tree Trim,2022-05-23 09:15 AM,Tree Trim Inspection,TREEMAINTENANCE,"UF - BHATTARAI, NIMESH",330 SURRATT DR,"3, ZONE",452D,77091,CLOSED,2022-05-23,09:15 AM
187525,Tree Trim,2022-05-23 09:36 AM,Tree Trim Inspection,TREEMAINTENANCE,"UF - JONES, CODY",8499 S DAIRY ASHFORD ST,"2, ZONE",528R,77072,CLOSED,2022-05-23,09:36 AM
187526,Tree Trim,2022-05-23 09:42 AM,Tree Trim Inspection,TREEMAINTENANCE,"UF - JONES, CODY",10900 HIGH STAR DR,"2, ZONE",529F,77072,CLOSED,2022-05-23,09:42 AM
187527,Tree Removal,2022-05-23 09:49 AM,Tree Removal Inspection,TREEMAINTENANCE,"UF - BHATTARAI, NIMESH",7201 CURRY RD (CURRY STREET PARK),"4, ZONE",454J,77093,CLOSED,2022-05-23,09:49 AM
187528,Tree Removal,2022-05-23 10:06 AM,Tree Removal Inspection,TREEMAINTENANCE,"EJIM, ONYEKACHI",4607 WALKER ST,"5, ZONE",494T,77023,CLOSED,2022-05-23,10:06 AM
187529,Tree Trim,2022-05-23 10:10 AM,Tree Trim Inspection,TREEMAINTENANCE,"UF - JONES, CODY",6095 WOODWAY DR,"2, ZONE",491J,77057,CLOSED,2022-05-23,10:10 AM
187530,Tree Trim,2022-05-23 10:10 AM,Tree Trim Inspection,TREEMAINTENANCE,"UF - BHATTARAI, NIMESH",5003 PINEMONT DR,"3, ZONE",451G,77092,CLOSED,2022-05-23,10:10 AM
187531,Tree Trim,2022-05-23 10:27 AM,Tree Trim Inspection,TREEMAINTENANCE,"EJIM, ONYEKACHI",8313 PARNELL ST,"6, ZONE",533T,77051,CLOSED,2022-05-23,10:27 AM
187532,Tree Removal,2022-05-23 10:33 AM,Tree Removal Inspection,TREEMAINTENANCE,"EJIM, ONYEKACHI",1400 FOREST OAKS DR,"5, ZONE",536N,77017,CLOSED,2022-05-23,10:33 AM
187533,Tree Removal,2022-05-23 10:36 AM,Tree Removal Inspection,TREEMAINTENANCE,"UF - JONES, CODY",11655 CHIMNEY ROCK RD (CHIMNEY ROCK PARK),"7, ZONE",571B,77035,CLOSED,2022-05-23,10:36 AM
187535,Tree Removal,2022-05-23 10:58 AM,Tree Removal Inspection,TREEMAINTENANCE,"UF - BURKES, JEREMY",7019 LACY HILL DR,"2, ZONE",530E,77036,CLOSED,2022-05-23,10:58 AM
187536,Tree Trim,2022-05-23 11:08 AM,Tree Trim Inspection,TREEMAINTENANCE,"EJIM, ONYEKACHI",3600 LOCKE LN (RIVER OAKS PARK),"2, ZONE",492T,77027,CLOSED,2022-05-23,11:08 AM
187537,Tree Removal,2022-05-23 11:19 AM,Tree Removal Inspection,TREEMAINTENANCE,"UF - JONES, CODY",5555 HERMANN PARK DR (MILLER OUTDOOR THEATRE),"7, ZONE",533A,77030,CLOSED,2022-05-23,11:19 AM
187538,Tree Removal,2022-05-23 11:40 AM,Tree Removal Inspection,TREEMAINTENANCE,"UF - JONES, CODY",13403 ASCOT GLEN LN,"2, ZONE",528B,77082,CLOSED,2022-05-23,11:40 AM
187539,Tree Removal,2022-05-23 11:43 AM,Tree Removal Inspection,TREEMAINTENANCE,"UF - BHATTARAI, NIMESH",8610 EMNORA LN,"3, ZONE",450R,77080,CLOSED,2022-05-23,11:43 AM
187541,Tree Trim,2022-05-23 12:28 PM,Tree Trim Inspection,TREEMAINTENANCE,"UF - BHATTARAI, NIMESH",4382 T C JESTER BLVD,"3, ZONE",451H,77018,CLOSED,2022-05-23,12:28 PM
187542,Tree Removal,2022-05-23 12:40 PM,Tree Removal Inspection,TREEMAINTENANCE,"UF - JONES, CODY",1700 HERMANN DR (HERMANN PARK CONSERVANCY),"7, ZONE",533B,77004,CLOSED,2022-05-23,12:40 PM
187544,Tree Removal,2022-05-23 01:13 PM,Tree Removal Inspection,TREEMAINTENANCE,"EJIM, ONYEKACHI",6703 AVENUE I,"5, ZONE",494V,77011,CLOSED,2022-05-23,01:13 PM
187545,Tree Removal,2022-05-23 01:19 PM,Tree Removal Inspection,TREEMAINTENANCE,"EJIM, ONYEKACHI",7448 PARK PLACE BLVD,"6, ZONE",535N,77087,CLOSED,2022-05-23,01:19 PM
187546,Tree Removal,2022-05-23 01:31 PM,Tree Removal Inspection,TREEMAINTENANCE,"UF - JONES, CODY",9710 CLIFFWOOD DR,"7, ZONE",531V,77096,CLOSED,2022-05-23,01:31 PM
187547,Tree Trim,2022-05-23 01:40 PM,Tree Trim Inspection,TREEMAINTENANCE,"EJIM, ONYEKACHI",821 OLIVE ST,"2, ZONE",492H,77007,CLOSED,2022-05-23,01:40 PM
187548,Tree Trim,2022-05-23 02:02 PM,Tree Trim Inspection,TREEMAINTENANCE,"EJIM, ONYEKACHI",DELANO ST & POLK ST,"5, ZONE",493V,77003,CLOSED,2022-05-23,02:02 PM
187550,Tree Removal,2022-05-23 02:36 PM,Tree Removal Inspection,TREEMAINTENANCE,"EJIM, ONYEKACHI",1618 MORSE ST,"2, ZONE",492R,77019,CLOSED,2022-05-23,02:36 PM
187551,Tree Trim,2022-05-23 02:37 PM,Tree Trim Inspection,TREEMAINTENANCE,"EJIM, ONYEKACHI",202 WALNUT BEND LN,"2, ZONE",489L,77042,CLOSED,2022-05-23,02:37 PM
187552,Tree Removal,2022-05-23 02:42 PM,Tree Removal Inspection,TREEMAINTENANCE,"EJIM, ONYEKACHI",BRIAR FOREST DR & S GESSNER RD,"2, ZONE",490N,77063,CLOSED,2022-05-23,02:42 PM
187553,Tree Stump Grinding,2022-05-23 02:44 PM,Tree Stump Inspection,TREEMAINTENANCE,"EJIM, ONYEKACHI",13615 APPLE KNOLL CT,"5, ZONE",578W,77034,CLOSED,2022-05-23,02:44 PM
187554,Tree Removal,2022-05-23 03:29 PM,Tree Removal Inspection,TREEMAINTENANCE,"EJIM, ONYEKACHI",14602 MEMORIAL DR,"2, ZONE",488H,77079,CLOSED,2022-05-23,03:29 PM
187555,Tree Trim,2022-05-23 03:33 PM,Tree Trim Inspection,TREEMAINTENANCE,"EJIM, ONYEKACHI",7115 ENGLAND ST,"6, ZONE",533R,77021,CLOSED,2022-05-23,03:33 PM
187556,Tree Removal,2022-05-23 03:35 PM,Tree Removal Inspection,TREEMAINTENANCE,"UF - BHATTARAI, NIMESH",1202 ARLINGTON ST,"3, ZONE",453W,77008,CLOSED,2022-05-23,03:35 PM
187557,Tree Trim,2022-05-23 03:42 PM,Tree Trim Inspection,TREEMAINTENANCE,"EJIM, ONYEKACHI",1618 MORSE ST,"2, ZONE",492R,77019,CLOSED,2022-05-23,03:42 PM
187558,Tree Trim,2022-05-23 03:59 PM,Tree Trim Inspection,TREEMAINTENANCE,"EJIM, ONYEKACHI",2358 COLLEGE GREEN DR,"5, ZONE",618M,77058,CLOSED,2022-05-23,03:59 PM
187559,Tree Trim,2022-05-23 04:06 PM,Tree Trim Inspection,TREEMAINTENANCE,"UF - JONES, CODY",10150 SOUTHWEST FWY,"2, ZONE",529V,77036,CLOSED,2022-05-23,04:06 PM
187560,Tree Removal,2022-05-23 05:18 PM,Tree Removal Inspection,TREEMAINTENANCE,"EJIM, ONYEKACHI",2102 SABINE ST,"2, ZONE",493F,77007,CLOSED,2022-05-23,05:18 PM
187561,Tree Removal,2022-05-23 09:40 PM,Tree Removal Inspection,TREEMAINTENANCE,"EJIM, ONYEKACHI",15200 MEMORIAL DR (TERRY HERSHEY PARK),"2, ZONE",488C,77079,CLOSED,2022-05-23,09:40 PM
187562,Tree Trim,2022-05-23 10:41 PM,Tree Trim Inspection,TREEMAINTENANCE,"UF - BHATTARAI, NIMESH",2416 ERASTUS ST,"4, ZONE",494C,77020,CLOSED,2022-05-23,10:41 PM
187563,Tree Removal,2022-05-24 07:44 AM,Tree Removal Inspection,TREEMAINTENANCE,"EJIM, ONYEKACHI",310 76TH ST,"5, ZONE",495W,77012,CLOSED,2022-05-24,07:44 AM
187564,Tree Trim,2022-05-24 07:51 AM,Tree Trim Inspection,TREEMAINTENANCE,"UF - JONES, CODY",3263 ELLA LEE LN,"2, ZONE",492T,77019,CLOSED,2022-05-24,07:51 AM
187566,Tree Trim,2022-05-24 08:36 AM,Tree Trim Inspection,TREEMAINTENANCE,"UF - BHATTARAI, NIMESH",4000 WILEY RD,"4, ZONE",414X,77093,CLOSED,2022-05-24,08:36 AM
187567,Tree Trim,2022-05-24 08:54 AM,Tree Trim Inspection,TREEMAINTENANCE,"EJIM, ONYEKACHI",1238 UVALDE RD,"4, ZONE",497E,77015,CLOSED,2022-05-24,08:54 AM
187568,Tree Trim,2022-05-24 09:17 AM,Tree Trim Inspection,TREEMAINTENANCE,"UF - BHATTARAI, NIMESH",1140 W GARDNER ST,"3, ZONE",453W,77008,CLOSED,2022-05-24,09:17 AM
187569,Tree Removal,2022-05-24 09:24 AM,Tree Removal Inspection,TREEMAINTENANCE,"UF - JONES, CODY",4938 WIGTON DR,"7, ZONE",531U,77096,CLOSED,2022-05-24,09:24 AM
187570,Tree Removal,2022-05-24 11:13 AM,Tree Removal Inspection,TREEMAINTENANCE,"UF - BHATTARAI, NIMESH",7504 TREMONT ST,"4, ZONE",455K,77028,CLOSED,2022-05-24,11:13 AM
187571,Tree Removal,2022-05-24 11:22 AM,Tree Removal Inspection,TREEMAINTENANCE,"EJIM, ONYEKACHI",1302 WHISPERING PINES DR,"3, ZONE",451X,77055,CLOSED,2022-05-24,11:22 AM
187572,Tree Removal,2022-05-24 11:28 AM,Tree Removal Inspection,TREEMAINTENANCE,"UF - JONES, CODY",12704 WESTPARK DR,"2, ZONE",488Y,77082,CLOSED,2022-05-24,11:28 AM
187573,Tree Trim,2022-05-24 11:34 AM,Tree Trim Inspection,TREEMAINTENANCE,"UF - JONES, CODY",534 WESTMINSTER DR,"2, ZONE",491F,77024,CLOSED,2022-05-24,11:34 AM
187574,Tree Trim,2022-05-24 11:41 AM,Tree Trim Inspection,TREEMAINTENANCE,"EJIM, ONYEKACHI",1506 PALMER ST,"5, ZONE",493V,77003,CLOSED,2022-05-24,11:41 AM
187575,Tree Trim,2022-05-24 11:41 AM,Tree Trim Inspection,TREEMAINTENANCE,"EJIM, ONYEKACHI",1506 PALMER ST,"5, ZONE",493V,77003,CLOSED,2022-05-24,11:41 AM
187576,Tree Trim,2022-05-24 11:47 AM,Tree Trim Inspection,TREEMAINTENANCE,"EJIM, ONYEKACHI",8801 GLENCREST ST,"6, ZONE",535Y,77061,CLOSED,2022-05-24,11:47 AM
187577,Tree Removal,2022-05-24 11:55 AM,Tree Removal Inspection,TREEMAINTENANCE,"EJIM, ONYEKACHI",5073 AIRPORT BLVD,"6, ZONE",573H,77048,CLOSED,2022-05-24,11:55 AM
187578,Tree Removal,2022-05-24 12:03 PM,Tree Removal Inspection,TREEMAINTENANCE,"UF - BHATTARAI, NIMESH",9738 TAPPENBECK DR,"3, ZONE",450X,77055,CLOSED,2022-05-24,12:03 PM
187579,Tree Removal,2022-05-24 12:22 PM,Tree Removal Inspection,TREEMAINTENANCE,"UF - BHATTARAI, NIMESH",430 SHOTWELL ST,"4, ZONE",494C,77020,CLOSED,2022-05-24,12:22 PM
187580,Tree Trim,2022-05-24 12:37 PM,Tree Trim Inspection,TREEMAINTENANCE,"EJIM, ONYEKACHI",1800 LEWIS ST,"4, ZONE",493G,77009,CLOSED,2022-05-24,12:37 PM
187581,Tree Removal,2022-05-24 12:44 PM,Tree Removal Inspection,TREEMAINTENANCE,"UF - JONES, CODY",9999 WILLOWBEND BLVD,"7, ZONE",531W,77096,CLOSED,2022-05-24,12:44 PM
187582,Tree Removal,2022-05-24 12:46 PM,Tree Removal Inspection,TREEMAINTENANCE,"UF - BHATTARAI, NIMESH",7214 COLTON ST,"4, ZONE",415W,77016,CLOSED,2022-05-24,12:46 PM
187583,Tree Removal,2022-05-24 12:49 PM,Tree Removal Inspection,TREEMAINTENANCE,"UF - BHATTARAI, NIMESH",8026 NARROW BROOK WAY,"4, ZONE",415X,77016,CLOSED,2022-05-24,12:49 PM
187584,Tree Trim,2022-05-24 12:52 PM,Tree Trim Inspection,TREEMAINTENANCE,"EJIM, ONYEKACHI",4416 ROSE ST,"2, ZONE",492H,77007,CLOSED,2022-05-24,12:52 PM
187585,Tree Removal,2022-05-24 12:58 PM,Tree Removal Inspection,TREEMAINTENANCE,"EJIM, ONYEKACHI",626 SHAWNEE ST,"5, ZONE",576F,77034,CLOSED,2022-05-24,12:58 PM
187586,Tree Removal,2022-05-24 12:59 PM,Tree Removal Inspection,TREEMAINTENANCE,"EJIM, ONYEKACHI",4800 BRINKLEY ST,"6, ZONE",533Z,77033,CLOSED,2022-05-24,12:59 PM
187587,Tree Removal,2022-05-24 01:04 PM,Tree Removal Inspection,TREEMAINTENANCE,"EJIM, ONYEKACHI",695 PINELOCH DR,"5, ZONE",617M,77598,CLOSED,2022-05-24,01:04 PM
187590,Tree Trim,2022-05-24 01:47 PM,Tree Trim Inspection,TREEMAINTENANCE,"UF - BHATTARAI, NIMESH",900 UVALDE RD,"4, ZONE",497E,77015,CLOSED,2022-05-24,01:47 PM
187591,Tree Trim,2022-05-24 01:49 PM,Tree Trim Inspection,TREEMAINTENANCE,"EJIM, ONYEKACHI",12109 PALMBEACH ST,"5, ZONE",576Q,77034,CLOSED,2022-05-24,01:49 PM
187592,Tree Removal,2022-05-24 01:50 PM,Tree Removal Inspection,TREEMAINTENANCE,"UF - BHATTARAI, NIMESH",1031 STUDE ST (STUDE PARK),"3, ZONE",493F,77007,CLOSED,2022-05-24,01:50 PM
187593,Tree Trim,2022-05-24 02:00 PM,Tree Trim Inspection,TREEMAINTENANCE,"UF - BHATTARAI, NIMESH",3100 LAURA KOPPE RD,"4, ZONE",454E,77093,CLOSED,2022-05-24,02:00 PM
187594,Tree Trim,2022-05-24 02:32 PM,Tree Trim Inspection,TREEMAINTENANCE,"EJIM, ONYEKACHI",10102 CLEARGROVE LN,"6, ZONE",575Q,77075,CLOSED,2022-05-24,02:32 PM
187595,Tree Trim,2022-05-24 02:42 PM,Tree Trim Inspection,TREEMAINTENANCE,"UF - BHATTARAI, NIMESH",4594 KINGWOOD DR,"4, ZONE",337B,77339,CLOSED,2022-05-24,02:42 PM
187596,Tree Trim,2022-05-24 02:48 PM,Tree Trim Inspection,TREEMAINTENANCE,"UF - BHATTARAI, NIMESH",2550 WILLOW TERRACE DR,"4, ZONE",297Z,77345,CLOSED,2022-05-24,02:48 PM
187597,Tree Removal,2022-05-24 03:09 PM,Tree Removal Inspection,TREEMAINTENANCE,"EJIM, ONYEKACHI",626 SHAWNEE ST,"5, ZONE",576F,77034,CLOSED,2022-05-24,03:09 PM
187598,Tree Trim,2022-05-24 03:39 PM,Tree Trim Inspection,TREEMAINTENANCE,"UF - BHATTARAI, NIMESH",4800 LAVENDER ST,"4, ZONE",454U,77026,CLOSED,2022-05-24,03:39 PM
187599,Tree Removal,2022-05-24 03:51 PM,Tree Removal Inspection,TREEMAINTENANCE,"EJIM, ONYEKACHI",11311 SAGEWIND DR,"6, ZONE",616B,77089,CLOSED,2022-05-24,03:51 PM
187600,Tree Removal,2022-05-24 04:09 PM,Tree Removal Inspection,TREEMAINTENANCE,"UF - JONES, CODY",8405 WILCREST DR,"2, ZONE",529Q,77072,CLOSED,2022-05-24,04:09 PM
187601,Tree Trim,2022-05-24 04:18 PM,Tree Trim Inspection,TREEMAINTENANCE,"UF - BHATTARAI, NIMESH",4719 HIRSCH RD,"4, ZONE",454T,77026,CLOSED,2022-05-24,04:18 PM
187602,Tree Trim,2022-05-24 04:19 PM,Tree Trim Inspection,TREEMAINTENANCE,"UF - BHATTARAI, NIMESH",2319 GOODLOE ST,"4, ZONE",414W,77093,CLOSED,2022-05-24,04:19 PM
187603,Tree Trim,2022-05-24 04:45 PM,Tree Trim Inspection,TREEMAINTENANCE,"UF - JONES, CODY",11830 PEACH GROVE DR,"2, ZONE",529W,77099,CLOSED,2022-05-24,04:45 PM
187604,Tree Removal,2022-05-24 04:57 PM,Tree Removal Inspection,TREEMAINTENANCE,"UF - BHATTARAI, NIMESH",2319 BREWSTER ST,"4, ZONE",494A,77026,CLOSED,2022-05-24,04:57 PM
187605,Tree Removal,2022-05-24 05:01 PM,Tree Removal Inspection,TREEMAINTENANCE,"UF - BHATTARAI, NIMESH",2319 BREWSTER ST,"4, ZONE",494A,77026,CLOSED,2022-05-24,05:01 PM
187606,Tree Removal,2022-05-24 05:15 PM,Tree Removal Inspection,TREEMAINTENANCE,"EJIM, ONYEKACHI",1922 VASSAR ST,"7, ZONE",492Z,77098,CLOSED,2022-05-24,05:15 PM
187607,Tree Trim,2022-05-24 05:27 PM,Tree Trim Inspection,TREEMAINTENANCE,"UF - JONES, CODY",5747 BRAESHEATHER DR,"7, ZONE",531S,77096,CLOSED,2022-05-24,05:27 PM
187608,Tree Trim,2022-05-24 05:45 PM,Tree Trim Inspection,TREEMAINTENANCE,"UF - BHATTARAI, NIMESH",2310 KINGS TRL,"4, ZONE",337F,77339,CLOSED,2022-05-24,05:45 PM
187609,Tree Trim,2022-05-24 06:33 PM,Tree Trim Inspection,TREEMAINTENANCE,"UF - JONES, CODY",10715 DEERWOOD RD,"2, ZONE",489L,77042,CLOSED,2022-05-24,06:33 PM
187610,Tree Trim,2022-05-24 06:50 PM,Tree Trim Inspection,TREEMAINTENANCE,"UF - JONES, CODY",9300 MEMORIAL DR,"2, ZONE",491C,77024,CLOSED,2022-05-24,06:50 PM
187611,Tree Removal,2022-05-24 08:28 PM,Tree Removal Inspection,TREEMAINTENANCE,"UF - JONES, CODY",1911 HOUSTON AVE,"2, ZONE",493G,77007,CLOSED,2022-05-24,08:28 PM
187612,Tree Removal,2022-05-25 01:42 AM,Tree Removal Inspection,TREEMAINTENANCE,"UF - JONES, CODY",9211 STROUD DR,"2, ZONE",530J,77036,CLOSED,2022-05-25,01:42 AM
187613,Tree Removal,2022-05-25 03:10 AM,Tree Removal Inspection,TREEMAINTENANCE,"EJIM, ONYEKACHI",6631 WESTCOTT ST,"2, ZONE",492F,77007,CLOSED,2022-05-25,03:10 AM
187614,Tree Trim,2022-05-25 07:27 AM,Tree Trim Inspection,TREEMAINTENANCE,"EJIM, ONYEKACHI",10500 SCOTT ST,"6, ZONE",573G,77051,CLOSED,2022-05-25,07:27 AM
187615,Tree Trim,2022-05-25 07:33 AM,Tree Trim Inspection,TREEMAINTENANCE,"UF - BHATTARAI, NIMESH",2211 WELLINGTON ST,"4, ZONE",413Z,77093,CLOSED,2022-05-25,07:33 AM
187616,Tree Removal,2022-05-25 08:21 AM,Tree Removal Inspection,TREEMAINTENANCE,"UF - JONES, CODY",7505 MORNINGSIDE DR,"7, ZONE",532L,77030,CLOSED,2022-05-25,08:21 AM
187617,Tree Trim,2022-05-25 08:25 AM,Tree Trim Inspection,TREEMAINTENANCE,"EJIM, ONYEKACHI",2222 CENTRAL ST,"5, ZONE",535L,77017,CLOSED,2022-05-25,08:25 AM
187618,Tree Removal,2022-05-25 08:57 AM,Tree Removal Inspection,TREEMAINTENANCE,"UF - JONES, CODY",4915 GLENMEADOW DR,"7, ZONE",531U,77096,CLOSED,2022-05-25,08:57 AM
187619,Tree Removal,2022-05-25 09:10 AM,Tree Removal Inspection,TREEMAINTENANCE,"UF - JONES, CODY",12850 COVEY LN,"2, ZONE",528U,77099,CLOSED,2022-05-25,09:10 AM
187620,Tree Removal,2022-05-25 09:20 AM,Tree Removal Inspection,TREEMAINTENANCE,"UF - BHATTARAI, NIMESH",123 E 22ND ST,"3, ZONE",453S,77008,CLOSED,2022-05-25,09:20 AM
187621,Tree Trim,2022-05-25 09:30 AM,Tree Trim Inspection,TREEMAINTENANCE,"EJIM, ONYEKACHI",5200 FANNIN ST,"7, ZONE",493W,77004,CLOSED,2022-05-25,09:30 AM
187622,Tree Trim,2022-05-25 09:45 AM,Tree Trim Inspection,TREEMAINTENANCE,"UF - BHATTARAI, NIMESH",9800 ALLWOOD ST,"4, ZONE",454D,77016,CLOSED,2022-05-25,09:45 AM
187623,Tree Removal,2022-05-25 09:54 AM,Tree Removal Inspection,TREEMAINTENANCE,"EJIM, ONYEKACHI",8024 BARKLEY ST,"5, ZONE",535U,77017,CLOSED,2022-05-25,09:54 AM
187624,Tree Removal,2022-05-25 10:03 AM,Tree Removal Inspection,TREEMAINTENANCE,"UF - BHATTARAI, NIMESH",423 OMAR ST,"3, ZONE",493B,77009,CLOSED,2022-05-25,10:03 AM
187625,Tree Trim,2022-05-25 10:12 AM,Tree Trim Inspection,TREEMAINTENANCE,"EJIM, ONYEKACHI",11907 TIERRA PALMS CT,"5, ZONE",576Q,77034,CLOSED,2022-05-25,10:12 AM
187626,Tree Trim,2022-05-25 10:28 AM,Tree Trim Inspection,TREEMAINTENANCE,"EJIM, ONYEKACHI",5206 ENYART ST,"6, ZONE",534N,77021,CLOSED,2022-05-25,10:28 AM
187627,Tree Removal,2022-05-25 10:40 AM,Tree Removal Inspection,TREEMAINTENANCE,"EJIM, ONYEKACHI",5526 EL BUEY WAY,"5, ZONE",536N,77017,CLOSED,2022-05-25,10:40 AM
187628,Tree Removal,2022-05-25 10:58 AM,Tree Removal Inspection,TREEMAINTENANCE,"EJIM, ONYEKACHI",2118 ISABELLA ST,"6, ZONE",493Y,77004,CLOSED,2022-05-25,10:58 AM
187629,Tree Removal,2022-05-25 11:16 AM,Tree Removal Inspection,TREEMAINTENANCE,"EJIM, ONYEKACHI",8151 OGDEN ST,"5, ZONE",535Q,77017,CLOSED,2022-05-25,11:16 AM
187630,Tree Removal,2022-05-25 11:19 AM,Tree Removal Inspection,TREEMAINTENANCE,"UF - JONES, CODY",15810 CORSAIR RD,"7, ZONE",571X,77053,CLOSED,2022-05-25,11:19 AM
187631,Tree Removal,2022-05-25 11:53 AM,Tree Removal Inspection,TREEMAINTENANCE,"UF - JONES, CODY",5615 HUMMINGBIRD ST,"7, ZONE",531W,77096,CLOSED,2022-05-25,11:53 AM
187632,Tree Trim,2022-05-25 12:08 PM,Tree Trim Inspection,TREEMAINTENANCE,"UF - BHATTARAI, NIMESH",9753 TAPPENBECK DR,"3, ZONE",450X,77055,CLOSED,2022-05-25,12:08 PM
187633,Tree Removal,2022-05-25 12:14 PM,Tree Removal Inspection,TREEMAINTENANCE,"UF - BHATTARAI, NIMESH",7203 DEEP FOREST DR,"3, ZONE",411T,77088,CLOSED,2022-05-25,12:14 PM
187635,Tree Removal,2022-05-25 12:43 PM,Tree Removal Inspection,TREEMAINTENANCE,"EJIM, ONYEKACHI",8024 BARKLEY ST,"5, ZONE",535U,77017,CLOSED,2022-05-25,12:43 PM
187636,Tree Removal,2022-05-25 12:44 PM,Tree Removal Inspection,TREEMAINTENANCE,"EJIM, ONYEKACHI",6422 PICKENS ST,"2, ZONE",492F,77007,CLOSED,2022-05-25,12:44 PM
187638,Tree Trim,2022-05-25 01:05 PM,Tree Trim Inspection,TREEMAINTENANCE,"UF - JONES, CODY",12322 SPLIT RAIL LN,"7, ZONE",570G,77071,CLOSED,2022-05-25,01:05 PM
187639,Tree Removal,2022-05-25 01:10 PM,Tree Removal Inspection,TREEMAINTENANCE,"UF - BHATTARAI, NIMESH",10526 MOORBERRY LN,"3, ZONE",449V,77043,CLOSED,2022-05-25,01:10 PM
187640,Tree Removal,2022-05-25 01:11 PM,Tree Removal Inspection,TREEMAINTENANCE,"UF - JONES, CODY",3901 W FUQUA ST,"7, ZONE",572S,77053,CLOSED,2022-05-25,01:11 PM
187641,Tree Removal,2022-05-25 01:44 PM,Tree Removal Inspection,TREEMAINTENANCE,"EJIM, ONYEKACHI",1613 EDWARDS ST,"2, ZONE",493F,77007,CLOSED,2022-05-25,01:44 PM
187642,Tree Removal,2022-05-25 01:44 PM,Tree Removal Inspection,TREEMAINTENANCE,"UF - BHATTARAI, NIMESH",8 ROLLINGWOOD DR,"3, ZONE",450X,77080,CLOSED,2022-05-25,01:44 PM
187643,Tree Trim,2022-05-25 02:06 PM,Tree Trim Inspection,TREEMAINTENANCE,"EJIM, ONYEKACHI",12235 PALMCREST ST,"5, ZONE",576R,77034,CLOSED,2022-05-25,02:06 PM
187644,Tree Removal,2022-05-25 02:15 PM,Tree Removal Inspection,TREEMAINTENANCE,"EJIM, ONYEKACHI",1403 JOHNSON ST,"2, ZONE",493F,77007,CLOSED,2022-05-25,02:15 PM
187645,Tree Removal,2022-05-25 02:33 PM,Tree Removal Inspection,TREEMAINTENANCE,"UF - JONES, CODY",1400 POST OAK BLVD,"2, ZONE",491Q,77056,CLOSED,2022-05-25,02:33 PM
187647,Tree Trim,2022-05-25 02:57 PM,Tree Trim Inspection,TREEMAINTENANCE,"UF - JONES, CODY",4761 HUMMINGBIRD ST,"7, ZONE",531Y,77035,CLOSED,2022-05-25,02:57 PM
187648,Tree Trim,2022-05-25 03:06 PM,Tree Trim Inspection,TREEMAINTENANCE,"UF - BHATTARAI, NIMESH",3801 BRINKMAN ST,"3, ZONE",452Q,77018,CLOSED,2022-05-25,03:06 PM
187649,Tree Planting,2022-05-25 03:30 PM,Tree Planting Inspection,TREEPROTECTION,"UF - BURKES, JEREMY",7227 DROWSY PINE DR (COLE CREEK PARK),"3, ZONE",410Z,77092,CLOSED,2022-05-25,03:30 PM
187650,Tree Trim,2022-05-25 04:06 PM,Tree Trim Inspection,TREEMAINTENANCE,"UF - JONES, CODY",6006 SPELLMAN RD,"7, ZONE",571A,77096,CLOSED,2022-05-25,04:06 PM
187651,Tree Trim,2022-05-25 04:20 PM,Tree Trim Inspection,TREEMAINTENANCE,"EJIM, ONYEKACHI",4100 MILAM ST,"2, ZONE",493T,77006,CLOSED,2022-05-25,04:20 PM
187652,Tree Trim,2022-05-25 04:37 PM,Tree Trim Inspection,TREEMAINTENANCE,"UF - JONES, CODY",15422 GATEVIEW LN,"7, ZONE",570Z,77489,CLOSED,2022-05-25,04:37 PM
187653,Tree Removal,2022-05-25 04:40 PM,Tree Removal Inspection,TREEMAINTENANCE,"UF - JONES, CODY",12467 BARRYKNOLL LN,"2, ZONE",489D,77024,CLOSED,2022-05-25,04:40 PM
187654,Tree Removal,2022-05-25 05:02 PM,Tree Removal Inspection,TREEMAINTENANCE,"UF - JONES, CODY",12918 PINESAGE DR,"7, ZONE",572F,77045,CLOSED,2022-05-25,05:02 PM
187655,Tree Removal,2022-05-25 05:37 PM,Tree Removal Inspection,TREEMAINTENANCE,"UF - BHATTARAI, NIMESH",6909 KIRKPATRICK BLVD,"4, ZONE",455N,77028,CLOSED,2022-05-25,05:37 PM
187656,Tree Trim,2022-05-25 06:27 PM,Tree Trim Inspection,TREEMAINTENANCE,"EJIM, ONYEKACHI",516 W GRAY ST,"2, ZONE",493N,77019,CLOSED,2022-05-25,06:27 PM
187657,Tree Removal,2022-05-25 06:44 PM,Tree Removal Inspection,TREEMAINTENANCE,"UF - BHATTARAI, NIMESH",7758 W TIDWELL RD,"3, ZONE",450D,77040,CLOSED,2022-05-25,06:44 PM
187658,Tree Removal,2022-05-25 07:48 PM,Tree Removal Inspection,TREEMAINTENANCE,"UF - BHATTARAI, NIMESH",1000 CAVALCADE ST (IRVINGTON PARK),"4, ZONE",453V,77009,CLOSED,2022-05-25,07:48 PM
187659,Tree Removal,2022-05-25 08:09 PM,Tree Removal Inspection,TREEMAINTENANCE,"UF - JONES, CODY",2340 GOLDSMITH ST,"7, ZONE",532G,77030,CLOSED,2022-05-25,08:09 PM
187660,Tree Trim,2022-05-25 08:49 PM,Tree Trim Inspection,TREEMAINTENANCE,"EJIM, ONYEKACHI",9611 BLACKHAWK BLVD,"6, ZONE",575V,77075,CLOSED,2022-05-25,08:49 PM
187661,Tree Removal,2022-05-25 09:13 PM,Tree Removal Inspection,TREEMAINTENANCE,"UF - JONES, CODY",2340 GOLDSMITH ST,"7, ZONE",532G,77030,CLOSED,2022-05-25,09:13 PM
187662,Tree Removal,2022-05-25 10:55 PM,Tree Removal Inspection,TREEMAINTENANCE,"UF - JONES, CODY",7619 PORTAL DR,"7, ZONE",530Y,77071,CLOSED,2022-05-25,10:55 PM
187663,Tree Removal,2022-05-26 02:48 AM,Tree Removal Inspection,TREEMAINTENANCE,"EJIM, ONYEKACHI",100 GILPIN ST (WILSON MEMORIAL PARK),"5, ZONE",576G,77034,CLOSED,2022-05-26,02:48 AM
187664,Tree Removal,2022-05-26 08:33 AM,Tree Removal Inspection,TREEMAINTENANCE,"UF - BHATTARAI, NIMESH",600 N DAIRY ASHFORD ST,"3, ZONE",448Y,77079,CLOSED,2022-05-26,08:33 AM
187665,Tree Trim,2022-05-26 09:43 AM,Tree Trim Inspection,TREEMAINTENANCE,"EJIM, ONYEKACHI",5201 S WAYSIDE DR,"6, ZONE",534Q,77087,CLOSED,2022-05-26,09:43 AM
187666,Tree Removal,2022-05-26 10:40 AM,Tree Removal Inspection,TREEMAINTENANCE,"UF - JONES, CODY",1701 SOUTHMORE BLVD,"7, ZONE",533B,77004,CLOSED,2022-05-26,10:40 AM
187667,Tree Removal,2022-05-26 10:50 AM,Tree Removal Inspection,TREEMAINTENANCE,"UF - BHATTARAI, NIMESH",5600 KITTRIDGE ST,"4, ZONE",454M,77028,CLOSED,2022-05-26,10:50 AM
187668,Tree Removal,2022-05-26 12:06 PM,Tree Removal Inspection,TREEMAINTENANCE,"UF - BHATTARAI, NIMESH",803 CROSSTIMBERS ST,"3, ZONE",453J,77022,CLOSED,2022-05-26,12:06 PM
187669,Tree Trim,2022-05-26 12:07 PM,Tree Trim Inspection,TREEMAINTENANCE,"EJIM, ONYEKACHI",9743 RAMBLING TRL,"6, ZONE",576S,77089,CLOSED,2022-05-26,12:07 PM
187670,Tree Trim,2022-05-26 12:44 PM,Tree Trim Inspection,TREEMAINTENANCE,"EJIM, ONYEKACHI",5727 ABUNDANT LIFE LN,"6, ZONE",574K,77048,CLOSED,2022-05-26,12:44 PM
187671,Tree Trim,2022-05-26 01:04 PM,Tree Trim Inspection,TREEMAINTENANCE,"UF - BHATTARAI, NIMESH",5306 N MAIN ST,"3, ZONE",453S,77009,CLOSED,2022-05-26,01:04 PM
187672,Tree Removal,2022-05-26 01:25 PM,Tree Removal Inspection,TREEMAINTENANCE,"UF - JONES, CODY",1000 POTOMAC DR,"2, ZONE",491J,77057,CLOSED,2022-05-26,01:25 PM
187673,Tree Trim,2022-05-26 01:48 PM,Tree Trim Inspection,TREEMAINTENANCE,"EJIM, ONYEKACHI",6600 SCOTT ST,"6, ZONE",533L,77021,CLOSED,2022-05-26,01:48 PM
187674,Tree Trim,2022-05-26 01:49 PM,Tree Trim Inspection,TREEMAINTENANCE,"UF - JONES, CODY",1000 POTOMAC DR,"2, ZONE",491J,77057,CLOSED,2022-05-26,01:49 PM
187675,Tree Trim,2022-05-26 02:01 PM,Tree Trim Inspection,TREEMAINTENANCE,"UF - JONES, CODY",7300 CHIMNEY ROCK RD,"7, ZONE",531K,77081,CLOSED,2022-05-26,02:01 PM
187676,Tree Trim,2022-05-26 02:18 PM,Tree Trim Inspection,TREEMAINTENANCE,"UF - BHATTARAI, NIMESH",403 WOODARD ST,"4, ZONE",453U,77009,CLOSED,2022-05-26,02:18 PM
187677,Tree Removal,2022-05-26 02:29 PM,Tree Removal Inspection,TREEMAINTENANCE,"UF - JONES, CODY",9318 CLIFFWOOD DR,"7, ZONE",531R,77096,CLOSED,2022-05-26,02:29 PM
187678,Tree Trim,2022-05-26 02:42 PM,Tree Trim Inspection,TREEMAINTENANCE,"EJIM, ONYEKACHI",20 STILES ST,"5, ZONE",494T,77011,CLOSED,2022-05-26,02:42 PM
187679,Tree Trim,2022-05-26 03:03 PM,Tree Trim Inspection,TREEMAINTENANCE,"EJIM, ONYEKACHI",JEFFERSON ST & BRAZOS ST,"1, ZONE",493P,77002,CLOSED,2022-05-26,03:03 PM
187680,Tree Planting,2022-05-26 04:04 PM,Tree Planting Inspection,TREEPROTECTION,"UF - JONES, CODY",1911 HOUSTON AVE,"2, ZONE",493G,77007,CLOSED,2022-05-26,04:04 PM
187681,Tree Stump Grinding,2022-05-26 04:05 PM,Tree Stump Inspection,TREEMAINTENANCE,"UF - JONES, CODY",1911 HOUSTON AVE,"2, ZONE",493G,77007,CLOSED,2022-05-26,04:05 PM
187682,Tree Removal,2022-05-26 04:10 PM,Tree Removal Inspection,TREEMAINTENANCE,"EJIM, ONYEKACHI",9723 SOUTHPORT DR,"6, ZONE",576W,77089,CLOSED,2022-05-26,04:10 PM
187683,Tree Removal,2022-05-26 04:44 PM,Tree Removal Inspection,TREEMAINTENANCE,"EJIM, ONYEKACHI",6511 RICHWOOD RD,"6, ZONE",534Y,77087,CLOSED,2022-05-26,04:44 PM
187686,Tree Trim,2022-05-26 06:20 PM,Tree Trim Inspection,TREEMAINTENANCE,"UF - JONES, CODY",5835 HORNWOOD DR,"7, ZONE",531E,77081,CLOSED,2022-05-26,06:20 PM
187690,Tree Trim,2022-05-26 08:45 PM,Tree Trim Inspection,TREEMAINTENANCE,"UF - BHATTARAI, NIMESH",502 W 28TH ST,"3, ZONE",452V,77008,CLOSED,2022-05-26,08:45 PM
187691,Tree Removal,2022-05-26 09:18 PM,Tree Removal Inspection,TREEMAINTENANCE,"UF - JONES, CODY",1701 SOUTHMORE BLVD,"7, ZONE",533B,77004,CLOSED,2022-05-26,09:18 PM
187692,Tree Removal,2022-05-26 10:09 PM,Tree Removal Inspection,TREEMAINTENANCE,"EJIM, ONYEKACHI",7600 CHAIN ST (EP HILL PARK),"6, ZONE",533V,77033,CLOSED,2022-05-26,10:09 PM
187693,Tree Removal,2022-05-26 10:33 PM,Tree Removal Inspection,TREEMAINTENANCE,"UF - BHATTARAI, NIMESH",211 SYLVESTER RD,"4, ZONE",453U,77009,CLOSED,2022-05-26,10:33 PM
187694,Tree Removal,2022-05-27 12:31 AM,Tree Removal Inspection,TREEMAINTENANCE,"UF - BHATTARAI, NIMESH",1013 RITTENHOUSE ST,"4, ZONE",413Y,77076,CLOSED,2022-05-27,12:31 AM
187695,Tree Removal,2022-05-27 02:44 AM,Tree Removal Inspection,TREEMAINTENANCE,"EJIM, ONYEKACHI",7703 TIPPS ST (MASON PARK),"5, ZONE",535A,77023,CLOSED,2022-05-27,02:44 AM
187698,Tree Trim,2022-05-27 07:37 AM,Tree Trim Inspection,TREEMAINTENANCE,"EJIM, ONYEKACHI",1130 MONTOUR DR,"5, ZONE",618J,77062,CLOSED,2022-05-27,07:37 AM
187699,Tree Removal,2022-05-27 07:43 AM,Tree Removal Inspection,TREEMAINTENANCE,"EJIM, ONYEKACHI",7111 DIXIE DR,"6, ZONE",534V,77087,CLOSED,2022-05-27,07:43 AM
187700,Tree Stump Grinding,2022-05-27 07:46 AM,Tree Stump Inspection,TREEMAINTENANCE,"UF - BHATTARAI, NIMESH",5201 JEWEL ST,"4, ZONE",494C,77026,CLOSED,2022-05-27,07:46 AM
187701,Tree Trim,2022-05-27 08:13 AM,Tree Trim Inspection,TREEMAINTENANCE,"UF - JONES, CODY",6231 GLADEWELL DR,"2, ZONE",529C,77072,CLOSED,2022-05-27,08:13 AM
187703,Tree Removal,2022-05-27 08:37 AM,Tree Removal Inspection,TREEMAINTENANCE,"UF - BHATTARAI, NIMESH",1002 RITTENHOUSE ST,"4, ZONE",413Y,77076,CLOSED,2022-05-27,08:37 AM
187704,Tree Trim,2022-05-27 08:55 AM,Tree Trim Inspection,TREEMAINTENANCE,"EJIM, ONYEKACHI",9000 EASTHAVEN BLVD,"6, ZONE",575M,77075,CLOSED,2022-05-27,08:55 AM
187706,Tree Trim,2022-05-27 09:44 AM,Tree Trim Inspection,TREEMAINTENANCE,"EJIM, ONYEKACHI",7104 LINDEN ST,"5, ZONE",535E,77087,CLOSED,2022-05-27,09:44 AM
187707,Tree Removal,2022-05-27 10:38 AM,Tree Removal Inspection,TREEMAINTENANCE,"UF - BHATTARAI, NIMESH",4614 BRISTOL ST,"4, ZONE",453U,77009,CLOSED,2022-05-27,10:38 AM
187708,Tree Removal,2022-05-27 10:48 AM,Tree Removal Inspection,TREEMAINTENANCE,"UF - JONES, CODY",14559 BROADGREEN DR,"2, ZONE",488H,77079,CLOSED,2022-05-27,10:48 AM
187710,Tree Removal,2022-05-27 11:39 AM,Tree Removal Inspection,TREEMAINTENANCE,"UF - BHATTARAI, NIMESH",849 HARVARD ST,"3, ZONE",493A,77007,CLOSED,2022-05-27,11:39 AM
187712,Tree Trim,2022-05-27 11:54 AM,Tree Trim Inspection,TREEMAINTENANCE,"EJIM, ONYEKACHI",10126 KIRKDALE DR,"6, ZONE",576X,77089,CLOSED,2022-05-27,11:54 AM
187713,Tree Trim,2022-05-27 12:54 PM,Tree Trim Inspection,TREEMAINTENANCE,"EJIM, ONYEKACHI",3120 WICHITA ST,"6, ZONE",533C,77004,CLOSED,2022-05-27,12:54 PM
187714,Tree Removal,2022-05-27 01:18 PM,Tree Removal Inspection,TREEMAINTENANCE,"EJIM, ONYEKACHI",7603 SHERMAN ST,"5, ZONE",495W,77012,CLOSED,2022-05-27,01:18 PM
187715,Tree Trim,2022-05-27 01:21 PM,Tree Trim Inspection,TREEMAINTENANCE,"UF - BHATTARAI, NIMESH",9611 BURDEN ST,"4, ZONE",453D,77093,CLOSED,2022-05-27,01:21 PM
187716,Tree Removal,2022-05-27 01:46 PM,Tree Removal Inspection,TREEMAINTENANCE,"EJIM, ONYEKACHI",7310 SHERMAN ST,"5, ZONE",495W,77011,CLOSED,2022-05-27,01:46 PM
187717,Tree Trim,2022-05-27 01:48 PM,Tree Trim Inspection,TREEMAINTENANCE,"UF - JONES, CODY",14003 TAYLORCREST RD,"2, ZONE",489E,77079,CLOSED,2022-05-27,01:48 PM
187718,Tree Trim,2022-05-27 01:51 PM,Tree Trim Inspection,TREEMAINTENANCE,"EJIM, ONYEKACHI",8409 HICKOK LN,"6, ZONE",575L,77075,CLOSED,2022-05-27,01:51 PM
187720,Tree Trim,2022-05-27 02:01 PM,Tree Trim Inspection,TREEMAINTENANCE,"EJIM, ONYEKACHI",200 N GREENWOOD ST,"5, ZONE",494U,77011,CLOSED,2022-05-27,02:01 PM
187722,Tree Trim,2022-05-27 02:25 PM,Tree Trim Inspection,TREEMAINTENANCE,"UF - JONES, CODY",822 CAVEHILL CT,"7, ZONE",572Q,77047,CLOSED,2022-05-27,02:25 PM
187723,Tree Removal,2022-05-27 02:58 PM,Tree Removal Inspection,TREEMAINTENANCE,"EJIM, ONYEKACHI",10343 HARTSOOK ST,"5, ZONE",576K,77034,CLOSED,2022-05-27,02:58 PM
187724,Tree Trim,2022-05-27 03:01 PM,Tree Trim Inspection,TREEMAINTENANCE,"EJIM, ONYEKACHI",6039 BEEKMAN RD,"6, ZONE",534K,77021,CLOSED,2022-05-27,03:01 PM
187725,Tree Code Violation,2022-05-27 03:21 PM,Tree Code Violation Inspection,TREEPROTECTION,"UF - JONES, CODY",7500 BELLAIRE BLVD,"2, ZONE",530G,77036,CLOSED,2022-05-27,03:21 PM
187726,Tree Trim,2022-05-27 03:35 PM,Tree Trim Inspection,TREEMAINTENANCE,"EJIM, ONYEKACHI",7256 EVANS ST,"6, ZONE",575A,77061,CLOSED,2022-05-27,03:35 PM
187727,Tree Removal,2022-05-27 04:20 PM,Tree Removal Inspection,TREEMAINTENANCE,"UF - JONES, CODY",4823 COURT RD,"7, ZONE",611C,77053,CLOSED,2022-05-27,04:20 PM
187728,Tree Removal,2022-05-27 04:22 PM,Tree Removal Inspection,TREEMAINTENANCE,"UF - BHATTARAI, NIMESH",1094 DEWALT ST,"3, ZONE",412P,77088,CLOSED,2022-05-27,04:22 PM
187729,Tree Removal,2022-05-27 05:14 PM,Tree Removal Inspection,TREEMAINTENANCE,"EJIM, ONYEKACHI",7704 AVENUE H,"5, ZONE",495W,77012,CLOSED,2022-05-27,05:14 PM
187730,Tree Code Violation,2022-05-27 07:01 PM,Tree Code Violation Inspection,TREEPROTECTION,"UF - BHATTARAI, NIMESH",1354 RICHELIEU LN,"3, ZONE",452F,77018,CLOSED,2022-05-27,07:01 PM
187731,Tree Stump Grinding,2022-05-27 09:04 PM,Tree Stump Inspection,TREEMAINTENANCE,"UF - BHATTARAI, NIMESH",542 ARLINGTON ST,"3, ZONE",493A,77007,CLOSED,2022-05-27,09:04 PM
187732,Tree Trim,2022-05-27 09:52 PM,Tree Trim Inspection,TREEMAINTENANCE,"UF - BHATTARAI, NIMESH",7327 DARIEN ST,"4, ZONE",455J,77028,CLOSED,2022-05-27,09:52 PM
187733,Tree Removal,2022-05-28 02:30 AM,Tree Removal Inspection,TREEMAINTENANCE,"UF - JONES, CODY",620 HAWTHORNE ST,"2, ZONE",493S,77006,CLOSED,2022-05-28,02:30 AM
187734,Tree Removal,2022-05-28 09:43 AM,Tree Removal Inspection,TREEMAINTENANCE,"UF - JONES, CODY",1005 NANTUCKET DR,"2, ZONE",491J,77057,CLOSED,2022-05-28,09:43 AM
187735,Tree Trim,2022-05-28 10:18 AM,Tree Trim Inspection,TREEMAINTENANCE,"UF - BHATTARAI, NIMESH",4407 KINGWOOD DR,"4, ZONE",337B,77339,CLOSED,2022-05-28,10:18 AM
187736,Tree Trim,2022-05-28 11:15 AM,Tree Trim Inspection,TREEMAINTENANCE,"EJIM, ONYEKACHI",9400 CULLEN BLVD,"6, ZONE",573D,77051,CLOSED,2022-05-28,11:15 AM
187737,Tree Removal,2022-05-28 11:43 AM,Tree Removal Inspection,TREEMAINTENANCE,"UF - JONES, CODY",14590 MEMORIAL DR,"2, ZONE",488H,77079,CLOSED,2022-05-28,11:43 AM
187738,Tree Trim,2022-05-28 12:58 PM,Tree Trim Inspection,TREEMAINTENANCE,"UF - BHATTARAI, NIMESH",4530 T C JESTER BLVD,"3, ZONE",451H,77018,CLOSED,2022-05-28,12:58 PM
187739,Tree Trim,2022-05-28 01:19 PM,Tree Trim Inspection,TREEMAINTENANCE,"UF - BHATTARAI, NIMESH",2411 COHN ST,"3, ZONE",492C,77007,CLOSED,2022-05-28,01:19 PM
187740,Tree Code Violation,2022-05-28 02:38 PM,Tree Code Violation Inspection,TREEPROTECTION,"UF - BURKES, JEREMY",2126 MILFORD ST,"7, ZONE",492Y,77098,CLOSED,2022-05-28,02:38 PM
187741,Tree Trim,2022-05-28 04:06 PM,Tree Trim Inspection,TREEMAINTENANCE,"UF - BHATTARAI, NIMESH",1080 HEIGHTS BLVD,"3, ZONE",453W,77008,CLOSED,2022-05-28,04:06 PM
187742,Tree Removal,2022-05-29 11:32 AM,Tree Removal Inspection,TREEMAINTENANCE,"UF - BHATTARAI, NIMESH",320 GEARS RD,"3, ZONE",372Q,77067,CLOSED,2022-05-29,11:32 AM
187743,Tree Trim,2022-05-29 02:41 PM,Tree Trim Inspection,TREEMAINTENANCE,"UF - JONES, CODY",12134 QUEENSBURY LN,"2, ZONE",490A,77024,CLOSED,2022-05-29,02:41 PM
187744,Tree Trim,2022-05-30 08:10 AM,Tree Trim Inspection,TREEMAINTENANCE,"UF - JONES, CODY",12326 KITTY BROOK DR,"7, ZONE",570G,77071,CLOSED,2022-05-30,08:10 AM
187745,Tree Removal,2022-05-30 09:17 AM,Tree Removal Inspection,TREEMAINTENANCE,"EJIM, ONYEKACHI",1814 ALTA VISTA ST,"5, ZONE",534D,77023,CLOSED,2022-05-30,09:17 AM
187746,Tree Trim,2022-05-30 10:10 AM,Tree Trim Inspection,TREEMAINTENANCE,"EJIM, ONYEKACHI",9200 KISH LN,"6, ZONE",573B,77051,CLOSED,2022-05-30,10:10 AM
187747,Tree Removal,2022-05-30 10:11 AM,Tree Removal Inspection,TREEMAINTENANCE,"EJIM, ONYEKACHI",3501 SOUTHMORE BLVD,"6, ZONE",533D,77004,CLOSED,2022-05-30,10:11 AM
187748,Tree Trim,2022-05-30 10:43 AM,Tree Trim Inspection,TREEMAINTENANCE,"EJIM, ONYEKACHI",5830 SOUTHFORD ST,"6, ZONE",534S,77033,CLOSED,2022-05-30,10:43 AM
187749,Tree Trim,2022-05-30 01:24 PM,Tree Trim Inspection,TREEMAINTENANCE,"EJIM, ONYEKACHI",6642 TELUCO ST,"3, ZONE",451U,77055,CLOSED,2022-05-30,01:24 PM
187750,Tree Code Violation,2022-05-30 01:44 PM,Tree Code Violation Inspection,TREEPROTECTION,"UF - BHATTARAI, NIMESH",1015 CANADIAN ST,"4, ZONE",453V,77009,CLOSED,2022-05-30,01:44 PM
187751,Tree Trim,2022-05-30 02:05 PM,Tree Trim Inspection,TREEMAINTENANCE,"EJIM, ONYEKACHI",12251 ASTORIA BLVD,"6, ZONE",616D,77089,CLOSED,2022-05-30,02:05 PM
187752,Tree Trim,2022-05-30 02:06 PM,Tree Trim Inspection,TREEMAINTENANCE,"UF - BHATTARAI, NIMESH",WELLINGTON ST & EXETER ST,"4, ZONE",413Z,77093,CLOSED,2022-05-30,02:06 PM
187753,Tree Removal,2022-05-30 06:35 PM,Tree Removal Inspection,TREEMAINTENANCE,"UF - BHATTARAI, NIMESH",3414 VINTAGE ST,"4, ZONE",454T,77026,CLOSED,2022-05-30,06:35 PM
187758,Tree Trim,2022-05-31 08:17 AM,Tree Trim Inspection,TREEMAINTENANCE,"UF - JONES, CODY",6039 SPELLMAN RD,"7, ZONE",570D,77096,CLOSED,2022-05-31,08:17 AM
187759,Tree Removal,2022-05-31 08:17 AM,Tree Removal Inspection,TREEMAINTENANCE,"UF - BHATTARAI, NIMESH",2507 CHESTNUT RIDGE DR,"4, ZONE",336A,77339,CLOSED,2022-05-31,08:17 AM
187760,Tree Removal,2022-05-31 08:53 AM,Tree Removal Inspection,TREEMAINTENANCE,"UF - BHATTARAI, NIMESH",8305 PARKER RD,"4, ZONE",415Y,77078,CLOSED,2022-05-31,08:53 AM
187761,Tree Trim,2022-05-31 08:54 AM,Tree Trim Inspection,TREEMAINTENANCE,"UF - BHATTARAI, NIMESH",18002 GROSCHKE RD (CULLEN PARK),"3, ZONE",447K,77084,CLOSED,2022-05-31,08:54 AM
187762,Tree Removal,2022-05-31 08:57 AM,Tree Removal Inspection,TREEMAINTENANCE,"EJIM, ONYEKACHI",2835 CETTI ST,"4, ZONE",493D,77009,CLOSED,2022-05-31,08:57 AM
187765,Tree Trim,2022-05-31 09:52 AM,Tree Trim Inspection,TREEMAINTENANCE,"UF - JONES, CODY",14427 WHITE HEATHER DR,"7, ZONE",572N,77045,CLOSED,2022-05-31,09:52 AM
187766,Tree Stump Grinding,2022-05-31 09:56 AM,Tree Stump Inspection,TREEMAINTENANCE,"UF - BHATTARAI, NIMESH",2014 SINGLETON ST,"3, ZONE",453S,77008,CLOSED,2022-05-31,09:56 AM
187767,Tree Removal,2022-05-31 10:27 AM,Tree Removal Inspection,TREEMAINTENANCE,"UF - JONES, CODY",8710 JASON ST,"7, ZONE",530P,77074,CLOSED,2022-05-31,10:27 AM
187768,Tree Trim,2022-05-31 10:31 AM,Tree Trim Inspection,TREEMAINTENANCE,"UF - JONES, CODY",5030 RIDGEHAVEN DR,"7, ZONE",611C,77053,CLOSED,2022-05-31,10:31 AM
187769,Tree Trim,2022-05-31 12:35 PM,Tree Trim Inspection,TREEMAINTENANCE,"UF - JONES, CODY",1212 WRIGHTWOOD ST,"3, ZONE",493C,77009,CLOSED,2022-05-31,12:35 PM
187770,Tree Trim,2022-05-31 12:41 PM,Tree Trim Inspection,TREEMAINTENANCE,"UF - BURKES, JEREMY",10358 SOLITAIRE CIR,"3, ZONE",369L,77070,CLOSED,2022-05-31,12:41 PM
187771,Tree Removal,2022-05-31 12:58 PM,Tree Removal Inspection,TREEMAINTENANCE,"UF - JONES, CODY",8405 WILCREST DR,"2, ZONE",529Q,77072,CLOSED,2022-05-31,12:58 PM
187773,Tree Trim,2022-05-31 01:34 PM,Tree Trim Inspection,TREEMAINTENANCE,"UF - BHATTARAI, NIMESH",400 ERIN ST,"4, ZONE",453Y,77009,CLOSED,2022-05-31,01:34 PM
187774,Tree Trim,2022-05-31 01:42 PM,Tree Trim Inspection,TREEMAINTENANCE,"UF - BHATTARAI, NIMESH",ARABELLA ST & W MONTGOMERY RD,"3, ZONE",412X,77091,CLOSED,2022-05-31,01:42 PM
187775,Tree Trim,2022-05-31 01:42 PM,Tree Trim Inspection,TREEMAINTENANCE,"EJIM, ONYEKACHI",7831 WILLIFORD ST,"5, ZONE",535F,77012,CLOSED,2022-05-31,01:42 PM
187776,Tree Removal,2022-05-31 01:45 PM,Tree Removal Inspection,TREEMAINTENANCE,"UF - JONES, CODY",2707 DELANO ST,"6, ZONE",493Z,77004,CLOSED,2022-05-31,01:45 PM
187777,Tree Trim,2022-05-31 01:55 PM,Tree Trim Inspection,TREEMAINTENANCE,"UF - JONES, CODY",4012 AUSTIN ST,"2, ZONE",493X,77004,CLOSED,2022-05-31,01:55 PM
187778,Tree Trim,2022-05-31 02:03 PM,Tree Trim Inspection,TREEMAINTENANCE,"UF - JONES, CODY",5919 BANKSIDE DR,"7, ZONE",531W,77096,CLOSED,2022-05-31,02:03 PM
187779,Tree Trim,2022-05-31 02:14 PM,Tree Trim Inspection,TREEMAINTENANCE,"UF - JONES, CODY",1330 OLD SPANISH TRL,"7, ZONE",532L,77054,CLOSED,2022-05-31,02:14 PM
187782,Tree Trim,2022-05-31 02:50 PM,Tree Trim Inspection,TREEMAINTENANCE,"UF - BHATTARAI, NIMESH",1014 PARKER RD,"4, ZONE",413Y,77076,CLOSED,2022-05-31,02:50 PM
187783,Tree Trim,2022-05-31 02:53 PM,Tree Trim Inspection,TREEMAINTENANCE,"UF - BHATTARAI, NIMESH",3103 ALTOONA ST,"4, ZONE",494B,77026,CLOSED,2022-05-31,02:53 PM
187784,Tree Trim,2022-05-31 03:17 PM,Tree Trim Inspection,TREEMAINTENANCE,"EJIM, ONYEKACHI",5810 ALMEDA GENOA RD,"6, ZONE",574Q,77048,CLOSED,2022-05-31,03:17 PM
187785,Tree Trim,2022-05-31 04:17 PM,Tree Trim Inspection,TREEMAINTENANCE,"EJIM, ONYEKACHI",2500 ENGELKE ST,"5, ZONE",494J,77003,CLOSED,2022-05-31,04:17 PM
187786,Tree Trim,2022-05-31 04:36 PM,Tree Trim Inspection,TREEMAINTENANCE,"UF - BHATTARAI, NIMESH",300 E 13TH ST,"3, ZONE",453W,77008,CLOSED,2022-05-31,04:36 PM
187787,Tree Removal,2022-05-31 05:15 PM,Tree Removal Inspection,TREEMAINTENANCE,"UF - JONES, CODY",12400 BRIAR FOREST DR,"2, ZONE",488R,77077,CLOSED,2022-05-31,05:15 PM
187788,Tree Trim,2022-05-31 05:18 PM,Tree Trim Inspection,TREEMAINTENANCE,"UF - BURKES, JEREMY",3332 OZARK ST,"6, ZONE",533G,77021,CLOSED,2022-05-31,05:18 PM
187789,Tree Removal,2022-05-31 05:21 PM,Tree Removal Inspection,TREEMAINTENANCE,"EJIM, ONYEKACHI",6709 GRIGGS RD,"5, ZONE",534H,77023,CLOSED,2022-05-31,05:21 PM
187790,Tree Trim,2022-05-31 05:51 PM,Tree Trim Inspection,TREEMAINTENANCE,"EJIM, ONYEKACHI",7629 ELM ST,"5, ZONE",535A,77023,CLOSED,2022-05-31,05:51 PM
187791,Tree Trim,2022-05-31 07:46 PM,Tree Trim Inspection,TREEMAINTENANCE,"UF - BHATTARAI, NIMESH",3918 HARDY ST,"4, ZONE",453Z,77009,CLOSED,2022-05-31,07:46 PM
187792,Tree Trim,2022-05-31 08:50 PM,Tree Trim Inspection,TREEMAINTENANCE,"UF - BHATTARAI, NIMESH",3918 HARDY ST,"4, ZONE",453Z,77009,CLOSED,2022-05-31,08:50 PM
187793,Tree Trim,2022-05-31 11:51 PM,Tree Trim Inspection,TREEMAINTENANCE,"UF - BHATTARAI, NIMESH",4312 T C JESTER BLVD,"3, ZONE",451M,77018,CLOSED,2022-05-31,11:51 PM
187798,Tree Removal,2022-06-01 07:45 AM,Tree Removal Inspection,TREEMAINTENANCE,"UF - BURKES, JEREMY",2500 GREEN OAK DR,"4, ZONE",336B,77339,CLOSED,2022-06-01,07:45 AM
187799,Tree Trim,2022-06-01 07:54 AM,Tree Trim Inspection,TREEMAINTENANCE,"UF - JONES, CODY",5522 CRAWFORD ST,"7, ZONE",533B,77004,CLOSED,2022-06-01,07:54 AM
187800,Tree Trim,2022-06-01 08:15 AM,Tree Trim Inspection,TREEMAINTENANCE,"EJIM, ONYEKACHI",3917 RUSK ST,"5, ZONE",494S,77023,CLOSED,2022-06-01,08:15 AM
187801,Tree Trim,2022-06-01 08:48 AM,Tree Trim Inspection,TREEMAINTENANCE,"EJIM, ONYEKACHI",8569 FORUM DR,"3, ZONE",450V,77055,CLOSED,2022-06-01,08:48 AM
187802,Tree Removal,2022-06-01 09:00 AM,Tree Removal Inspection,TREEMAINTENANCE,"EJIM, ONYEKACHI",1338 ALLSTON ST,"3, ZONE",452Z,77008,CLOSED,2022-06-01,09:00 AM
187803,Tree Trim,2022-06-01 09:19 AM,Tree Trim Inspection,TREEMAINTENANCE,"EJIM, ONYEKACHI",3902 ROSELAND ST,"2, ZONE",493S,77006,CLOSED,2022-06-01,09:19 AM
187804,Tree Trim,2022-06-01 09:34 AM,Tree Trim Inspection,TREEMAINTENANCE,"UF - JONES, CODY",1649 HAROLD ST,"2, ZONE",492V,77006,CLOSED,2022-06-01,09:34 AM
187805,Tree Removal,2022-06-01 09:49 AM,Tree Removal Inspection,TREEMAINTENANCE,"EJIM, ONYEKACHI",1200 WRIGHTWOOD ST,"3, ZONE",493C,77009,CLOSED,2022-06-01,09:49 AM
187806,Tree Trim,2022-06-01 10:19 AM,Tree Trim Inspection,TREEMAINTENANCE,"EJIM, ONYEKACHI",1100 CALIFORNIA ST,"2, ZONE",493S,77006,CLOSED,2022-06-01,10:19 AM
187808,Tree Removal,2022-06-01 10:56 AM,Tree Removal Inspection,TREEMAINTENANCE,"UF - BHATTARAI, NIMESH",600 NEST LN,"3, ZONE",453E,77022,CLOSED,2022-06-01,10:56 AM
187809,Tree Trim,2022-06-01 12:20 PM,Tree Trim Inspection,TREEMAINTENANCE,"UF - BHATTARAI, NIMESH",8500 LANEWOOD DR,"4, ZONE",454H,77016,CLOSED,2022-06-01,12:20 PM
187810,Tree Trim,2022-06-01 01:12 PM,Tree Trim Inspection,TREEMAINTENANCE,"UF - BHATTARAI, NIMESH",2423 ELMGATE DR,"3, ZONE",450P,77080,CLOSED,2022-06-01,01:12 PM
187811,Tree Removal,2022-06-01 01:29 PM,Tree Removal Inspection,TREEMAINTENANCE,"UF - JONES, CODY",5806 PORTAL DR,"7, ZONE",531W,77096,CLOSED,2022-06-01,01:29 PM
187812,Tree Trim,2022-06-01 02:13 PM,Tree Trim Inspection,TREEMAINTENANCE,"EJIM, ONYEKACHI",4505 TALINA WAY,"3, ZONE",450E,77041,CLOSED,2022-06-01,02:13 PM
187813,Tree Removal,2022-06-01 02:39 PM,Tree Removal Inspection,TREEMAINTENANCE,"UF - BHATTARAI, NIMESH",1320 HOMER ST,"3, ZONE",412X,77091,CLOSED,2022-06-01,02:39 PM
187814,Tree Trim,2022-06-01 03:09 PM,Tree Trim Inspection,TREEMAINTENANCE,"UF - JONES, CODY",8923 S RICE AVE,"7, ZONE",531Q,77096,CLOSED,2022-06-01,03:09 PM
187815,Tree Removal,2022-06-01 03:21 PM,Tree Removal Inspection,TREEMAINTENANCE,"EJIM, ONYEKACHI",5203 SHERMAN ST,"5, ZONE",494U,77011,CLOSED,2022-06-01,03:21 PM
187816,Tree Code Violation,2022-06-01 03:28 PM,Tree Code Violation Inspection,TREEPROTECTION,"UF - BHATTARAI, NIMESH",417 BYRNE ST,"3, ZONE",493B,77009,CLOSED,2022-06-01,03:28 PM
187817,Tree Removal,2022-06-01 04:13 PM,Tree Removal Inspection,TREEMAINTENANCE,"EJIM, ONYEKACHI",4907 RADIAL ST,"6, ZONE",533R,77021,CLOSED,2022-06-01,04:13 PM
187818,Tree Trim,2022-06-01 04:19 PM,Tree Trim Inspection,TREEMAINTENANCE,"EJIM, ONYEKACHI",4904 RADIAL ST,"6, ZONE",533R,77021,CLOSED,2022-06-01,04:19 PM
187819,Tree Removal,2022-06-01 08:03 PM,Tree Removal Inspection,TREEMAINTENANCE,"UF - BHATTARAI, NIMESH",1202 ARLINGTON ST,"3, ZONE",453W,77008,CLOSED,2022-06-01,08:03 PM
187821,Tree Removal,2022-06-02 09:14 AM,Tree Removal Inspection,TREEMAINTENANCE,"UF - JONES, CODY",14101 BLUEBIRD LN,"2, ZONE",489E,77079,CLOSED,2022-06-02,09:14 AM
187822,Tree Trim,2022-06-02 09:14 AM,Tree Trim Inspection,TREEMAINTENANCE,"UF - JONES, CODY",3002 SUFFOLK DR,"2, ZONE",491V,77027,CLOSED,2022-06-02,09:14 AM
187823,Tree Trim,2022-06-02 09:35 AM,Tree Trim Inspection,TREEMAINTENANCE,"EJIM, ONYEKACHI",4900 GESSNER RD,"3, ZONE",450E,77041,CLOSED,2022-06-02,09:35 AM
187825,Tree Trim,2022-06-02 09:41 AM,Tree Trim Inspection,TREEMAINTENANCE,"UF - BHATTARAI, NIMESH",1406 BAYOU ST,"4, ZONE",494E,77020,CLOSED,2022-06-02,09:41 AM
187826,Tree Stump Grinding,2022-06-02 09:42 AM,Tree Stump Inspection,TREEMAINTENANCE,"UF - BHATTARAI, NIMESH",5201 JEWEL ST,"4, ZONE",494C,77026,CLOSED,2022-06-02,09:42 AM
187827,Tree Removal,2022-06-02 10:05 AM,Tree Removal Inspection,TREEMAINTENANCE,"UF - JONES, CODY",11927 NEWBROOK DR,"2, ZONE",529N,77072,CLOSED,2022-06-02,10:05 AM
187828,Tree Trim,2022-06-02 10:23 AM,Tree Trim Inspection,TREEMAINTENANCE,"UF - JONES, CODY",210 DREW ST,"2, ZONE",493P,77006,CLOSED,2022-06-02,10:23 AM
187829,Tree Removal,2022-06-02 11:11 AM,Tree Removal Inspection,TREEMAINTENANCE,"UF - JONES, CODY",3510 MEADWAY DR,"2, ZONE",488Y,77082,CLOSED,2022-06-02,11:11 AM
187831,Tree Removal,2022-06-02 11:42 AM,Tree Removal Inspection,TREEMAINTENANCE,"EJIM, ONYEKACHI",8200 PARK PLACE BLVD (CHARLTON PARK),"5, ZONE",535P,77017,CLOSED,2022-06-02,11:42 AM
187832,Tree Removal,2022-06-02 12:27 PM,Tree Removal Inspection,TREEMAINTENANCE,"UF - BHATTARAI, NIMESH",1621 CAPRON ST,"4, ZONE",494F,77020,CLOSED,2022-06-02,12:27 PM
187833,Tree Removal,2022-06-02 12:52 PM,Tree Removal Inspection,TREEMAINTENANCE,"UF - JONES, CODY",12223 CHIMNEY ROCK RD,"7, ZONE",571F,77035,CLOSED,2022-06-02,12:52 PM
187834,Tree Removal,2022-06-02 12:58 PM,Tree Removal Inspection,TREEMAINTENANCE,"UF - BHATTARAI, NIMESH",59 BURRESS ST,"4, ZONE",453F,77022,CLOSED,2022-06-02,12:58 PM
187835,Tree Code Violation,2022-06-02 01:07 PM,Tree Code Violation Inspection,TREEPROTECTION,"EJIM, ONYEKACHI",2409 ROSEDALE ST,"6, ZONE",533B,77004,CLOSED,2022-06-02,01:07 PM
187838,Tree Trim,2022-06-02 02:07 PM,Tree Trim Inspection,TREEMAINTENANCE,"EJIM, ONYEKACHI",5202 MAUDLIN ST,"6, ZONE",534Q,77087,CLOSED,2022-06-02,02:07 PM
187839,Tree Trim,2022-06-02 02:28 PM,Tree Trim Inspection,TREEMAINTENANCE,"EJIM, ONYEKACHI",4920 KASHMERE ST,"4, ZONE",454T,77026,CLOSED,2022-06-02,02:28 PM
187840,Tree Trim,2022-06-02 03:04 PM,Tree Trim Inspection,TREEMAINTENANCE,"UF - JONES, CODY",3459 ANGEL LN,"7, ZONE",572F,77045,CLOSED,2022-06-02,03:04 PM
187841,Tree Trim,2022-06-02 03:20 PM,Tree Trim Inspection,TREEMAINTENANCE,"UF - JONES, CODY",5997 WOODWAY DR,"2, ZONE",491J,77057,CLOSED,2022-06-02,03:20 PM
187842,Tree Removal,2022-06-02 03:29 PM,Tree Removal Inspection,TREEMAINTENANCE,"UF - JONES, CODY",5930 W AIRPORT BLVD,"7, ZONE",571E,77035,CLOSED,2022-06-02,03:29 PM
187843,Tree Trim,2022-06-02 03:32 PM,Tree Trim Inspection,TREEMAINTENANCE,"UF - JONES, CODY",5234 SAN PABLO GARDENS DR,"7, ZONE",571G,77045,CLOSED,2022-06-02,03:32 PM
187844,Tree Trim,2022-06-02 03:44 PM,Tree Trim Inspection,TREEMAINTENANCE,"UF - BHATTARAI, NIMESH",516 NORTHWOOD ST,"3, ZONE",453X,77009,CLOSED,2022-06-02,03:44 PM
187845,Tree Trim,2022-06-02 04:17 PM,Tree Trim Inspection,TREEMAINTENANCE,"EJIM, ONYEKACHI",1610 SILBER RD,"3, ZONE",451Y,77055,CLOSED,2022-06-02,04:17 PM
187846,Tree Trim,2022-06-02 05:41 PM,Tree Trim Inspection,TREEMAINTENANCE,"EJIM, ONYEKACHI",4900 RANDON RD,"3, ZONE",451G,77092,CLOSED,2022-06-02,05:41 PM
187848,Tree Trim,2022-06-03 07:35 AM,Tree Trim Inspection,TREEMAINTENANCE,"UF - JONES, CODY",15970 S POST OAK RD,"7, ZONE",571Y,77053,CLOSED,2022-06-03,07:35 AM
187849,Tree Trim,2022-06-03 08:45 AM,Tree Trim Inspection,TREEMAINTENANCE,"UF - JONES, CODY",1900 AIRPORT BLVD,"7, ZONE",573E,77045,CLOSED,2022-06-03,08:45 AM
187850,Tree Trim,2022-06-03 09:36 AM,Tree Trim Inspection,TREEMAINTENANCE,"UF - BHATTARAI, NIMESH",4614 BRISTOL ST,"4, ZONE",453U,77009,CLOSED,2022-06-03,09:36 AM
187851,Tree Trim,2022-06-03 09:51 AM,Tree Trim Inspection,TREEMAINTENANCE,"UF - BHATTARAI, NIMESH",8811 FELAND ST (LAKEWOOD COMMUNITY CENTER),"4, ZONE",455G,77028,CLOSED,2022-06-03,09:51 AM
187852,Tree Trim,2022-06-03 09:51 AM,Tree Trim Inspection,TREEMAINTENANCE,"UF - BHATTARAI, NIMESH",9207 RICHLAND DR,"4, ZONE",455H,77078,CLOSED,2022-06-03,09:51 AM
187853,Tree Trim,2022-06-03 09:51 AM,Tree Trim Inspection,TREEMAINTENANCE,"EJIM, ONYEKACHI",4609 MCKINNEY ST,"5, ZONE",494T,77023,CLOSED,2022-06-03,09:51 AM
187854,Tree Trim,2022-06-03 10:49 AM,Tree Trim Inspection,TREEMAINTENANCE,"UF - JONES, CODY",7009 ALMEDA RD,"7, ZONE",533J,77054,CLOSED,2022-06-03,10:49 AM
187855,Tree Trim,2022-06-03 10:51 AM,Tree Trim Inspection,TREEMAINTENANCE,"UF - JONES, CODY",8923 HAVERSTOCK DR,"7, ZONE",570A,77031,CLOSED,2022-06-03,10:51 AM
187856,Tree Removal,2022-06-03 11:19 AM,Tree Removal Inspection,TREEMAINTENANCE,"UF - JONES, CODY",217 DENNIS ST,"2, ZONE",493P,77006,CLOSED,2022-06-03,11:19 AM
187858,Tree Trim,2022-06-03 11:25 AM,Tree Trim Inspection,TREEMAINTENANCE,"UF - JONES, CODY",219 DENNIS ST,"2, ZONE",493P,77006,CLOSED,2022-06-03,11:25 AM
187859,Tree Trim,2022-06-03 12:15 PM,Tree Trim Inspection,TREEMAINTENANCE,"UF - JONES, CODY",6126 TYNE ST,"2, ZONE",492F,77007,CLOSED,2022-06-03,12:15 PM
187860,Tree Removal,2022-06-03 12:16 PM,Tree Removal Inspection,TREEMAINTENANCE,"UF - JONES, CODY",5807 MAXIE ST,"2, ZONE",492G,77007,CLOSED,2022-06-03,12:16 PM
187861,Tree Trim,2022-06-03 12:19 PM,Tree Trim Inspection,TREEMAINTENANCE,"UF - JONES, CODY",9903 GREENWILLOW DR,"7, ZONE",531V,77096,CLOSED,2022-06-03,12:19 PM
187862,Tree Trim,2022-06-03 12:40 PM,Tree Trim Inspection,TREEMAINTENANCE,"EJIM, ONYEKACHI",4311 PINEMONT DR,"3, ZONE",451H,77018,CLOSED,2022-06-03,12:40 PM
187863,Tree Removal,2022-06-03 12:43 PM,Tree Removal Inspection,TREEMAINTENANCE,"EJIM, ONYEKACHI",7445 BRACE ST,"6, ZONE",535W,77061,CLOSED,2022-06-03,12:43 PM
187864,Tree Removal,2022-06-03 12:58 PM,Tree Removal Inspection,TREEMAINTENANCE,"EJIM, ONYEKACHI",3801 HICKOK LN (CLOVERLAND PARK),"6, ZONE",573L,77047,CLOSED,2022-06-03,12:58 PM
187866,Tree Removal,2022-06-03 01:37 PM,Tree Removal Inspection,TREEMAINTENANCE,"UF - JONES, CODY",14315 HIRAM CLARKE RD,"7, ZONE",571R,77045,CLOSED,2022-06-03,01:37 PM
187868,Tree Trim,2022-06-03 01:43 PM,Tree Trim Inspection,TREEMAINTENANCE,"UF - JONES, CODY",1500 MCDONALD ST,"2, ZONE",492F,77007,CLOSED,2022-06-03,01:43 PM
187869,Tree Trim,2022-06-03 02:04 PM,Tree Trim Inspection,TREEMAINTENANCE,"UF - JONES, CODY",13555 BEECHNUT ST,"3, ZONE",528P,77083,CLOSED,2022-06-03,02:04 PM
187870,Tree Trim,2022-06-03 02:31 PM,Tree Trim Inspection,TREEMAINTENANCE,"EJIM, ONYEKACHI",1200 LOCKWOOD DR,"5, ZONE",494G,77020,CLOSED,2022-06-03,02:31 PM
187871,Tree Removal,2022-06-03 03:14 PM,Tree Removal Inspection,TREEMAINTENANCE,"EJIM, ONYEKACHI",609 W 17TH ST,"3, ZONE",452V,77008,CLOSED,2022-06-03,03:14 PM
187872,Tree Trim,2022-06-03 03:41 PM,Tree Trim Inspection,TREEMAINTENANCE,"UF - JONES, CODY",32 S WYNDEN DR,"2, ZONE",491R,77056,CLOSED,2022-06-03,03:41 PM
187873,Tree Trim,2022-06-03 04:02 PM,Tree Trim Inspection,TREEMAINTENANCE,"UF - JONES, CODY",2318 WOODHEAD ST,"2, ZONE",492V,77019,CLOSED,2022-06-03,04:02 PM
187874,Tree Removal,2022-06-03 04:30 PM,Tree Removal Inspection,TREEMAINTENANCE,"UF - JONES, CODY",801 LESTER ST (NELLIE KEYES PARK),"2, ZONE",492G,77007,CLOSED,2022-06-03,04:30 PM
187875,Tree Trim,2022-06-03 04:42 PM,Tree Trim Inspection,TREEMAINTENANCE,"EJIM, ONYEKACHI",1111 E NAVIGATION BLVD,"5, ZONE",495T,77012,CLOSED,2022-06-03,04:42 PM
187876,Tree Trim,2022-06-04 07:12 AM,Tree Trim Inspection,TREEMAINTENANCE,"EJIM, ONYEKACHI",3103 ALTOONA ST,"4, ZONE",494B,77026,CLOSED,2022-06-04,07:12 AM
187877,Tree Trim,2022-06-04 07:15 AM,Tree Trim Inspection,TREEMAINTENANCE,"EJIM, ONYEKACHI",3113 ALTOONA ST,"4, ZONE",494B,77026,CLOSED,2022-06-04,07:15 AM
187878,Tree Trim,2022-06-05 12:27 AM,Tree Trim Inspection,TREEMAINTENANCE,"UF - BHATTARAI, NIMESH",7030 WOODLAND TRAILS DR,"3, ZONE",411S,77040,CLOSED,2022-06-05,12:27 AM
187879,Tree Code Violation,2022-06-05 08:39 AM,Tree Code Violation Inspection,TREEPROTECTION,"EJIM, ONYEKACHI",6620 LAWNDALE ST,"5, ZONE",534C,77023,CLOSED,2022-06-05,08:39 AM
187880,Tree Trim,2022-06-06 06:35 AM,Tree Trim Inspection,TREEMAINTENANCE,"EJIM, ONYEKACHI",3113 ALTOONA ST,"4, ZONE",494B,77026,CLOSED,2022-06-06,06:35 AM
187881,Tree Trim,2022-06-06 06:35 AM,Tree Trim Inspection,TREEMAINTENANCE,"EJIM, ONYEKACHI",3103 ALTOONA ST,"4, ZONE",494B,77026,CLOSED,2022-06-06,06:35 AM
187883,Tree Removal,2022-06-06 07:41 AM,Tree Removal Inspection,TREEMAINTENANCE,"EJIM, ONYEKACHI",6100 ALMEDA GENOA RD,"6, ZONE",574Q,77048,CLOSED,2022-06-06,07:41 AM
187884,Tree Trim,2022-06-06 08:32 AM,Tree Trim Inspection,TREEMAINTENANCE,"UF - BHATTARAI, NIMESH",4000 WILEY RD,"4, ZONE",414X,77093,CLOSED,2022-06-06,08:32 AM
187886,Tree Removal,2022-06-06 11:00 AM,Tree Removal Inspection,TREEMAINTENANCE,"UF - JONES, CODY",503 WESTHEIMER RD,"2, ZONE",493S,77006,CLOSED,2022-06-06,11:00 AM
187887,Tree Trim,2022-06-06 11:10 AM,Tree Trim Inspection,TREEMAINTENANCE,"UF - BHATTARAI, NIMESH",7603 LAS CRUCES ST,"4, ZONE",455M,77078,CLOSED,2022-06-06,11:10 AM
187888,Tree Trim,2022-06-06 11:25 AM,Tree Trim Inspection,TREEMAINTENANCE,"UF - JONES, CODY",11918 HILLCROFT AVE,"7, ZONE",571A,77035,CLOSED,2022-06-06,11:25 AM
187889,Tree Removal,2022-06-06 11:33 AM,Tree Removal Inspection,TREEMAINTENANCE,"UF - JONES, CODY",511 LOVETT BLVD,"2, ZONE",493S,77006,CLOSED,2022-06-06,11:33 AM
187890,Tree Removal,2022-06-06 11:34 AM,Tree Removal Inspection,TREEMAINTENANCE,"UF - BHATTARAI, NIMESH",5298 CHERRY ST,"4, ZONE",454S,77026,CLOSED,2022-06-06,11:34 AM
187891,Tree Trim,2022-06-06 12:04 PM,Tree Trim Inspection,TREEMAINTENANCE,"UF - JONES, CODY",3031 JEANETTA ST,"2, ZONE",490X,77063,CLOSED,2022-06-06,12:04 PM
187892,Tree Trim,2022-06-06 12:34 PM,Tree Trim Inspection,TREEMAINTENANCE,"EJIM, ONYEKACHI",9703 RAILTON ST,"3, ZONE",450K,77080,CLOSED,2022-06-06,12:34 PM
187895,Tree Trim,2022-06-06 02:43 PM,Tree Trim Inspection,TREEMAINTENANCE,"UF - BHATTARAI, NIMESH",1421 W LAKE HOUSTON PKWY,"4, ZONE",297T,77339,CLOSED,2022-06-06,02:43 PM
187896,Tree Trim,2022-06-06 02:47 PM,Tree Trim Inspection,TREEMAINTENANCE,"EJIM, ONYEKACHI",1927 BETHLEHEM ST,"3, ZONE",452E,77018,CLOSED,2022-06-06,02:47 PM
187897,Tree Removal,2022-06-06 02:49 PM,Tree Removal Inspection,TREEMAINTENANCE,"UF - BHATTARAI, NIMESH",8503 FOREST GROVE DR,"3, ZONE",450R,77080,CLOSED,2022-06-06,02:49 PM
187898,Tree Trim,2022-06-06 04:17 PM,Tree Trim Inspection,TREEMAINTENANCE,"EJIM, ONYEKACHI",4356 PHLOX ST,"6, ZONE",573C,77051,CLOSED,2022-06-06,04:17 PM
187899,Tree Trim,2022-06-06 04:32 PM,Tree Trim Inspection,TREEMAINTENANCE,"EJIM, ONYEKACHI",4927 RADIAL ST,"6, ZONE",533R,77021,CLOSED,2022-06-06,04:32 PM
187900,Tree Trim,2022-06-06 04:32 PM,Tree Trim Inspection,TREEMAINTENANCE,"EJIM, ONYEKACHI",4903 RADIAL ST,"6, ZONE",533R,77021,CLOSED,2022-06-06,04:32 PM
187901,Tree Trim,2022-06-06 04:53 PM,Tree Trim Inspection,TREEMAINTENANCE,"UF - JONES, CODY",16103 BANTAM RIDGE CT,"7, ZONE",611C,77053,CLOSED,2022-06-06,04:53 PM
187902,Tree Removal,2022-06-06 06:30 PM,Tree Removal Inspection,TREEMAINTENANCE,"UF - JONES, CODY",3322 WEBSTER ST,"6, ZONE",493Z,77004,CLOSED,2022-06-06,06:30 PM
187903,Tree Trim,2022-06-06 08:31 PM,Tree Trim Inspection,TREEMAINTENANCE,"EJIM, ONYEKACHI",10927 KEESE DR,"6, ZONE",576T,77089,CLOSED,2022-06-06,08:31 PM
187904,Tree Trim,2022-06-07 07:13 AM,Tree Trim Inspection,TREEMAINTENANCE,"EJIM, ONYEKACHI",4112 IDAHO ST,"6, ZONE",533R,77021,CLOSED,2022-06-07,07:13 AM
187916,Tree Trim,2022-06-07 09:45 AM,Tree Trim Inspection,TREEMAINTENANCE,"EJIM, ONYEKACHI",6529 WESTVIEW DR,"3, ZONE",451Y,77055,CLOSED,2022-06-07,09:45 AM
187917,Tree Trim,2022-06-07 10:21 AM,Tree Trim Inspection,TREEMAINTENANCE,"EJIM, ONYEKACHI",9702 BLANKENSHIP DR,"3, ZONE",450K,77080,CLOSED,2022-06-07,10:21 AM
187918,Tree Trim,2022-06-07 10:24 AM,Tree Trim Inspection,TREEMAINTENANCE,"UF - BHATTARAI, NIMESH",37 DE BOLL ST,"4, ZONE",453F,77022,CLOSED,2022-06-07,10:24 AM
187920,Tree Trim,2022-06-07 11:03 AM,Tree Trim Inspection,TREEMAINTENANCE,"UF - JONES, CODY",5230 DUMFRIES DR,"7, ZONE",531T,77096,CLOSED,2022-06-07,11:03 AM
187922,Tree Trim,2022-06-07 11:48 AM,Tree Trim Inspection,TREEMAINTENANCE,"UF - JONES, CODY",1301 ELLA BLVD,"3, ZONE",452X,77008,CLOSED,2022-06-07,11:48 AM
187923,Tree Trim,2022-06-07 12:06 PM,Tree Trim Inspection,TREEMAINTENANCE,"UF - JONES, CODY",8414 S MEADOW BIRD CIR,"7, ZONE",610G,77489,CLOSED,2022-06-07,12:06 PM
187925,Tree Trim,2022-06-07 12:19 PM,Tree Trim Inspection,TREEMAINTENANCE,"EJIM, ONYEKACHI",3350 MAIN ST,"2, ZONE",493T,77002,CLOSED,2022-06-07,12:19 PM
187926,Tree Removal,2022-06-07 12:19 PM,Tree Removal Inspection,TREEMAINTENANCE,"UF - JONES, CODY",912 THOMPSON ST,"2, ZONE",492H,77007,CLOSED,2022-06-07,12:19 PM
187927,Tree Trim,2022-06-07 12:21 PM,Tree Trim Inspection,TREEMAINTENANCE,"EJIM, ONYEKACHI",5645 REED RD,"6, ZONE",574A,77033,CLOSED,2022-06-07,12:21 PM
187930,Tree Trim,2022-06-07 01:25 PM,Tree Trim Inspection,TREEMAINTENANCE,"EJIM, ONYEKACHI",211 SANDGATE RD,"6, ZONE",575E,77061,CLOSED,2022-06-07,01:25 PM
187931,Tree Code Violation,2022-06-07 01:28 PM,Tree Code Violation Inspection,TREEPROTECTION,"UF - JONES, CODY",4315 WOODHEAD ST,"2, ZONE",492Z,77098,CLOSED,2022-06-07,01:28 PM
187933,Tree Trim,2022-06-07 02:22 PM,Tree Trim Inspection,TREEMAINTENANCE,"UF - BHATTARAI, NIMESH",6529 UTAH ST,"3, ZONE",412X,77091,CLOSED,2022-06-07,02:22 PM
187934,Tree Trim,2022-06-07 02:31 PM,Tree Trim Inspection,TREEMAINTENANCE,"UF - JONES, CODY",7502 BARBERTON DR,"2, ZONE",530L,77036,CLOSED,2022-06-07,02:31 PM
187935,Tree Removal,2022-06-07 02:47 PM,Tree Removal Inspection,TREEMAINTENANCE,"UF - BHATTARAI, NIMESH",20309 LAKELANE DR W,"4, ZONE",336P,77338,CLOSED,2022-06-07,02:47 PM
187936,Tree Removal,2022-06-07 03:32 PM,Tree Removal Inspection,TREEMAINTENANCE,"UF - JONES, CODY",5935 YARWELL DR,"7, ZONE",531S,77096,CLOSED,2022-06-07,03:32 PM
187937,Tree Trim,2022-06-07 03:41 PM,Tree Trim Inspection,TREEMAINTENANCE,"UF - BHATTARAI, NIMESH",22527 W SHOREWOOD LOOP,"4, ZONE",338V,77336,CLOSED,2022-06-07,03:41 PM
187938,Tree Trim,2022-06-07 04:05 PM,Tree Trim Inspection,TREEMAINTENANCE,"UF - BHATTARAI, NIMESH",1000 RITTENHOUSE ST,"4, ZONE",413Y,77076,CLOSED,2022-06-07,04:05 PM
187939,Tree Trim,2022-06-07 05:21 PM,Tree Trim Inspection,TREEMAINTENANCE,"UF - BHATTARAI, NIMESH",211 SYLVESTER RD,"4, ZONE",453U,77009,CLOSED,2022-06-07,05:21 PM
187940,Tree Trim,2022-06-07 07:18 PM,Tree Trim Inspection,TREEMAINTENANCE,"EJIM, ONYEKACHI",8002 WOODWARD ST,"6, ZONE",533T,77051,CLOSED,2022-06-07,07:18 PM
187941,Tree Removal,2022-06-07 07:37 PM,Tree Removal Inspection,TREEMAINTENANCE,"EJIM, ONYEKACHI",939 ELTON ST,"5, ZONE",576E,77034,CLOSED,2022-06-07,07:37 PM
187942,Tree Removal,2022-06-08 06:28 AM,Tree Removal Inspection,TREEMAINTENANCE,"EJIM, ONYEKACHI",3030 ANTOINE DR,"3, ZONE",451Q,77092,CLOSED,2022-06-08,06:28 AM
187943,Tree Removal,2022-06-08 06:31 AM,Tree Removal Inspection,TREEMAINTENANCE,"EJIM, ONYEKACHI",5010 COSBY ST,"6, ZONE",534N,77021,CLOSED,2022-06-08,06:31 AM
187944,Tree Trim,2022-06-08 07:16 AM,Tree Trim Inspection,TREEMAINTENANCE,"UF - BHATTARAI, NIMESH",500 FRISCO ST,"4, ZONE",453Q,77022,CLOSED,2022-06-08,07:16 AM
187945,Tree Removal,2022-06-08 07:46 AM,Tree Removal Inspection,TREEMAINTENANCE,"UF - BHATTARAI, NIMESH",300 OATES RD (HERMAN BROWN PARK),"4, ZONE",495D,77013,CLOSED,2022-06-08,07:46 AM
187947,Tree Removal,2022-06-08 09:38 AM,Tree Removal Inspection,TREEMAINTENANCE,"EJIM, ONYEKACHI",3813 ELROY ST,"4, ZONE",453Z,77009,CLOSED,2022-06-08,09:38 AM
187948,Tree Removal,2022-06-08 09:38 AM,Tree Removal Inspection,TREEMAINTENANCE,"EJIM, ONYEKACHI",3809 HARDY ST,"4, ZONE",453Z,77009,CLOSED,2022-06-08,09:38 AM
187949,Tree Trim,2022-06-08 09:41 AM,Tree Trim Inspection,TREEMAINTENANCE,"EJIM, ONYEKACHI",4600 BRISTOL ST,"4, ZONE",453U,77009,CLOSED,2022-06-08,09:41 AM
187950,Tree Trim,2022-06-08 10:47 AM,Tree Trim Inspection,TREEMAINTENANCE,"UF - JONES, CODY",6909 VAN ETTEN ST,"7, ZONE",533K,77021,CLOSED,2022-06-08,10:47 AM
187955,Tree Trim,2022-06-08 02:40 PM,Tree Trim Inspection,TREEMAINTENANCE,"EJIM, ONYEKACHI",102 W TROY RD,"3, ZONE",452D,77076,CLOSED,2022-06-08,02:40 PM
187956,Tree Removal,2022-06-08 03:55 PM,Tree Removal Inspection,TREEMAINTENANCE,"UF - BHATTARAI, NIMESH",6832 FINCH ST,"4, ZONE",454M,77028,CLOSED,2022-06-08,03:55 PM
187957,Tree Trim,2022-06-08 04:04 PM,Tree Trim Inspection,TREEMAINTENANCE,"UF - BHATTARAI, NIMESH",11110 BANDLON DR,"2, ZONE",529F,77072,CLOSED,2022-06-08,04:04 PM
187958,Tree Removal,2022-06-08 04:22 PM,Tree Removal Inspection,TREEMAINTENANCE,"EJIM, ONYEKACHI",5602 SCHEVERS ST,"6, ZONE",574A,77033,CLOSED,2022-06-08,04:22 PM
187959,Tree Removal,2022-06-08 04:28 PM,Tree Removal Inspection,TREEMAINTENANCE,"EJIM, ONYEKACHI",8425 GRANDVIEW ST,"6, ZONE",533X,77051,CLOSED,2022-06-08,04:28 PM
187960,Tree Removal,2022-06-08 04:34 PM,Tree Removal Inspection,TREEMAINTENANCE,"EJIM, ONYEKACHI",8425 GRANDVIEW ST,"6, ZONE",533X,77051,CLOSED,2022-06-08,04:34 PM
187961,Tree Trim,2022-06-08 05:49 PM,Tree Trim Inspection,TREEMAINTENANCE,"UF - BHATTARAI, NIMESH",3700 KINGWOOD DR,"4, ZONE",337E,77339,CLOSED,2022-06-08,05:49 PM
187962,Tree Removal,2022-06-08 07:41 PM,Tree Removal Inspection,TREEMAINTENANCE,"UF - JONES, CODY",12207 ATWELL DR,"7, ZONE",571F,77035,CLOSED,2022-06-08,07:41 PM
187963,Tree Removal,2022-06-08 07:56 PM,Tree Removal Inspection,TREEMAINTENANCE,"UF - BHATTARAI, NIMESH",T C JESTER BLVD & KIAM ST,"3, ZONE",492C,77007,CLOSED,2022-06-08,07:56 PM
187964,Tree Removal,2022-06-08 11:15 PM,Tree Removal Inspection,TREEMAINTENANCE,"EJIM, ONYEKACHI",1214 ELBERTA ST,"6, ZONE",533U,77051,CLOSED,2022-06-08,11:15 PM
187969,Tree Trim,2022-06-09 07:06 AM,Tree Trim Inspection,TREEMAINTENANCE,"UF - BHATTARAI, NIMESH",801 CORTLANDT ST,"3, ZONE",493A,77007,CLOSED,2022-06-09,07:06 AM
187970,Tree Trim,2022-06-09 07:22 AM,Tree Trim Inspection,TREEMAINTENANCE,"UF - JONES, CODY",8920 MAIN ST,"7, ZONE",532Q,77025,CLOSED,2022-06-09,07:22 AM
187971,Tree Trim,2022-06-09 07:22 AM,Tree Trim Inspection,TREEMAINTENANCE,"EJIM, ONYEKACHI",62 TURNER DR,"4, ZONE",453B,77076,CLOSED,2022-06-09,07:22 AM
187972,Tree Trim,2022-06-09 07:23 AM,Tree Trim Inspection,TREEMAINTENANCE,"UF - JONES, CODY",700 SILBER RD,"2, ZONE",491C,77024,CLOSED,2022-06-09,07:23 AM
187973,Tree Removal,2022-06-09 07:36 AM,Tree Removal Inspection,TREEMAINTENANCE,"EJIM, ONYEKACHI",2501 BURKETT ST (COLUMBIA TAP TRAIL),"6, ZONE",493Z,77004,CLOSED,2022-06-09,07:36 AM
187974,Tree Trim,2022-06-09 09:16 AM,Tree Trim Inspection,TREEMAINTENANCE,"UF - JONES, CODY",COOK RD & BISSONNET ST,"2, ZONE",529S,77099,CLOSED,2022-06-09,09:16 AM
187975,Tree Stump Grinding,2022-06-09 09:28 AM,Tree Stump Inspection,TREEMAINTENANCE,"UF - JONES, CODY",7629 DEL MONTE DR,"2, ZONE",490V,77063,CLOSED,2022-06-09,09:28 AM
187976,Tree Removal,2022-06-09 09:55 AM,Tree Removal Inspection,TREEMAINTENANCE,"EJIM, ONYEKACHI",4323 HOLLOWAY DR,"6, ZONE",573H,77047,CLOSED,2022-06-09,09:55 AM
187977,Tree Removal,2022-06-09 10:19 AM,Tree Removal Inspection,TREEMAINTENANCE,"EJIM, ONYEKACHI",4200 S SHEPHERD DR,"7, ZONE",492Y,77098,CLOSED,2022-06-09,10:19 AM
187978,Tree Trim,2022-06-09 10:49 AM,Tree Trim Inspection,TREEMAINTENANCE,"EJIM, ONYEKACHI",8514 N ROSE TERRACE LN,"3, ZONE",450V,77055,CLOSED,2022-06-09,10:49 AM
187979,Tree Removal,2022-06-09 10:58 AM,Tree Removal Inspection,TREEMAINTENANCE,"UF - JONES, CODY",6100 RICHMOND AVE,"2, ZONE",491W,77057,CLOSED,2022-06-09,10:58 AM
187980,Tree Removal,2022-06-09 11:07 AM,Tree Removal Inspection,TREEMAINTENANCE,"UF - JONES, CODY",5806 PORTAL DR,"7, ZONE",531W,77096,CLOSED,2022-06-09,11:07 AM
187983,Tree Trim,2022-06-09 12:35 PM,Tree Trim Inspection,TREEMAINTENANCE,"UF - BHATTARAI, NIMESH",10806 SAGEBURROW DR,"6, ZONE",616B,77089,CLOSED,2022-06-09,12:35 PM
187984,Tree Removal,2022-06-09 01:15 PM,Tree Removal Inspection,TREEMAINTENANCE,"EJIM, ONYEKACHI",603 AVONDALE ST,"2, ZONE",493S,77006,CLOSED,2022-06-09,01:15 PM
187985,Tree Trim,2022-06-09 01:35 PM,Tree Trim Inspection,TREEMAINTENANCE,"UF - BHATTARAI, NIMESH",2000 BRINGHURST ST,"4, ZONE",494F,77026,CLOSED,2022-06-09,01:35 PM
187986,Tree Trim,2022-06-09 02:39 PM,Tree Trim Inspection,TREEMAINTENANCE,"UF - JONES, CODY",2116 FULHAM CT,"2, ZONE",490V,77063,CLOSED,2022-06-09,02:39 PM
187987,Tree Trim,2022-06-09 03:03 PM,Tree Trim Inspection,TREEMAINTENANCE,"EJIM, ONYEKACHI",5100 SANBORN DR,"3, ZONE",451H,77091,CLOSED,2022-06-09,03:03 PM
187989,Tree Trim,2022-06-09 04:00 PM,Tree Trim Inspection,TREEMAINTENANCE,"EJIM, ONYEKACHI",4030 KNOXVILLE ST,"6, ZONE",533Y,77051,CLOSED,2022-06-09,04:00 PM
187990,Tree Trim,2022-06-09 05:25 PM,Tree Trim Inspection,TREEMAINTENANCE,"UF - JONES, CODY",2342 MARONEAL ST,"7, ZONE",532G,77030,CLOSED,2022-06-09,05:25 PM
187991,Tree Trim,2022-06-09 07:01 PM,Tree Trim Inspection,TREEMAINTENANCE,"EJIM, ONYEKACHI",1101 ELDER ST,"2, ZONE",493L,77007,CLOSED,2022-06-09,07:01 PM
187993,Tree Trim,2022-06-10 07:48 AM,Tree Trim Inspection,TREEMAINTENANCE,"UF - JONES, CODY",12806 GRAND CROSS LN,"2, ZONE",528M,77072,CLOSED,2022-06-10,07:48 AM
187995,Tree Trim,2022-06-10 09:24 AM,Tree Trim Inspection,TREEMAINTENANCE,"UF - BHATTARAI, NIMESH",417 HOGAN ST,"4, ZONE",493G,77009,CLOSED,2022-06-10,09:24 AM
187996,Tree Trim,2022-06-10 10:39 AM,Tree Trim Inspection,TREEMAINTENANCE,"UF - BHATTARAI, NIMESH",2118 ELYSIAN ST,"4, ZONE",493D,77026,CLOSED,2022-06-10,10:39 AM
187998,Tree Removal,2022-06-10 11:00 AM,Tree Removal Inspection,TREEMAINTENANCE,"UF - BHATTARAI, NIMESH",2023 SPRINGROCK LN,"3, ZONE",450T,77080,CLOSED,2022-06-10,11:00 AM
187999,Tree Trim,2022-06-10 12:10 PM,Tree Trim Inspection,TREEMAINTENANCE,"EJIM, ONYEKACHI",898 SUL ROSS ST,"2, ZONE",493S,77006,CLOSED,2022-06-10,12:10 PM
188002,Tree Stump Grinding,2022-06-10 01:59 PM,Tree Stump Inspection,TREEMAINTENANCE,"UF - JONES, CODY",4203 REGENCY DR,"7, ZONE",572E,77045,CLOSED,2022-06-10,01:59 PM
188003,Tree Trim,2022-06-10 02:59 PM,Tree Trim Inspection,TREEMAINTENANCE,"UF - BHATTARAI, NIMESH",8500 SHADY DR,"4, ZONE",454H,77016,CLOSED,2022-06-10,02:59 PM
188004,Tree Trim,2022-06-10 03:23 PM,Tree Trim Inspection,TREEMAINTENANCE,"UF - JONES, CODY",7014 TRIGATE DR,"7, ZONE",571W,77489,CLOSED,2022-06-10,03:23 PM
188005,Tree Removal,2022-06-10 04:07 PM,Tree Removal Inspection,TREEMAINTENANCE,"UF - JONES, CODY",1545 ALEXANDER ST,"3, ZONE",452Z,77008,CLOSED,2022-06-10,04:07 PM
188006,Tree Trim,2022-06-10 04:12 PM,Tree Trim Inspection,TREEMAINTENANCE,"UF - BHATTARAI, NIMESH",2813 HOUSTON AVE,"3, ZONE",493C,77009,CLOSED,2022-06-10,04:12 PM
188007,Tree Trim,2022-06-10 04:15 PM,Tree Trim Inspection,TREEMAINTENANCE,"EJIM, ONYEKACHI",6600 SCOTT ST,"6, ZONE",533L,77021,CLOSED,2022-06-10,04:15 PM
188008,Tree Trim,2022-06-10 04:20 PM,Tree Trim Inspection,TREEMAINTENANCE,"EJIM, ONYEKACHI",11003 SAGETRAIL DR,"6, ZONE",616B,77089,CLOSED,2022-06-10,04:20 PM
188009,Tree Trim,2022-06-10 04:29 PM,Tree Trim Inspection,TREEMAINTENANCE,"UF - BHATTARAI, NIMESH",1900 KINGWOOD DR,"4, ZONE",336C,77339,CLOSED,2022-06-10,04:29 PM
188010,Tree Trim,2022-06-10 10:01 PM,Tree Trim Inspection,TREEMAINTENANCE,"EJIM, ONYEKACHI",1403 ROSALIE ST,"2, ZONE",493T,77004,CLOSED,2022-06-10,10:01 PM
188011,Tree Trim,2022-06-11 01:11 AM,Tree Trim Inspection,TREEMAINTENANCE,"UF - BHATTARAI, NIMESH",5420 STONINGTON ST,"3, ZONE",410X,77040,CLOSED,2022-06-11,01:11 AM
188012,Tree Removal,2022-06-11 08:32 AM,Tree Removal Inspection,TREEMAINTENANCE,"UF - BHATTARAI, NIMESH",1300 BELL ST,"1, ZONE",493Q,77002,CLOSED,2022-06-11,08:32 AM
188013,Tree Trim,2022-06-11 08:44 AM,Tree Trim Inspection,TREEMAINTENANCE,"UF - BHATTARAI, NIMESH",10100 TIDWELL RD,"4, ZONE",456A,77078,CLOSED,2022-06-11,08:44 AM
188014,Tree Trim,2022-06-11 10:37 AM,Tree Trim Inspection,TREEMAINTENANCE,"UF - BHATTARAI, NIMESH",10100 TIDWELL RD,"4, ZONE",456A,77078,CLOSED,2022-06-11,10:37 AM
188015,Tree Removal,2022-06-11 05:43 PM,Tree Removal Inspection,TREEMAINTENANCE,"UF - JONES, CODY",WHITTINGTON DR & WESTELLA DR,"2, ZONE",488Q,77077,CLOSED,2022-06-11,05:43 PM
188016,Tree Removal,2022-06-11 05:52 PM,Tree Removal Inspection,TREEMAINTENANCE,"UF - JONES, CODY",610 DAIRY ASHFORD RD,"2, ZONE",488H,77079,CLOSED,2022-06-11,05:52 PM
188017,Tree Removal,2022-06-11 08:41 PM,Tree Removal Inspection,TREEMAINTENANCE,"EJIM, ONYEKACHI",5007 COSBY ST,"6, ZONE",534J,77021,CLOSED,2022-06-11,08:41 PM
188018,Tree Trim,2022-06-12 10:03 AM,Tree Trim Inspection,TREEMAINTENANCE,"UF - JONES, CODY",12111 PERTHSHIRE RD,"2, ZONE",490E,77024,CLOSED,2022-06-12,10:03 AM
188019,Tree Trim,2022-06-12 10:06 AM,Tree Trim Inspection,TREEMAINTENANCE,"EJIM, ONYEKACHI",18600 S PARKVIEW DR,"3, ZONE",447W,77084,CLOSED,2022-06-12,10:06 AM
188020,Tree Trim,2022-06-12 05:08 PM,Tree Trim Inspection,TREEMAINTENANCE,"UF - JONES, CODY",1039 ROBBIE ST,"3, ZONE",453T,77009,CLOSED,2022-06-12,05:08 PM
188021,Tree Removal,2022-06-12 07:06 PM,Tree Removal Inspection,TREEMAINTENANCE,"UF - JONES, CODY",1818 S GESSNER RD,"2, ZONE",490S,77063,CLOSED,2022-06-12,07:06 PM
188022,Tree Trim,2022-06-12 09:13 PM,Tree Trim Inspection,TREEMAINTENANCE,"UF - JONES, CODY",5307 LILLIAN ST,"2, ZONE",492G,77007,CLOSED,2022-06-12,09:13 PM
188023,Tree Removal,2022-06-13 06:40 AM,Tree Removal Inspection,TREEMAINTENANCE,"EJIM, ONYEKACHI",3105 SHERMAN ST,"5, ZONE",494N,77003,CLOSED,2022-06-13,06:40 AM
188025,Tree Removal,2022-06-13 07:25 AM,Tree Removal Inspection,TREEMAINTENANCE,"EJIM, ONYEKACHI",946 W 30TH ST,"3, ZONE",452Q,77018,CLOSED,2022-06-13,07:25 AM
188029,Tree Trim,2022-06-13 10:58 AM,Tree Trim Inspection,TREEMAINTENANCE,"UF - JONES, CODY",13302 HAVERSHIRE LN,"2, ZONE",489B,77079,CLOSED,2022-06-13,10:58 AM
188030,Tree Trim,2022-06-13 11:09 AM,Tree Trim Inspection,TREEMAINTENANCE,"EJIM, ONYEKACHI",8806 DUANE ST,"6, ZONE",533Y,77051,CLOSED,2022-06-13,11:09 AM
188031,Tree Trim,2022-06-13 11:12 AM,Tree Trim Inspection,TREEMAINTENANCE,"EJIM, ONYEKACHI",3138 REED RD,"6, ZONE",573B,77051,CLOSED,2022-06-13,11:12 AM
188032,Tree Removal,2022-06-13 02:29 PM,Tree Removal Inspection,TREEMAINTENANCE,"UF - JONES, CODY",301 KNIPP RD,"2, ZONE",490K,77024,CLOSED,2022-06-13,02:29 PM
188033,Tree Trim,2022-06-13 03:08 PM,Tree Trim Inspection,TREEMAINTENANCE,"EJIM, ONYEKACHI",1112 FENNELL ST,"5, ZONE",535F,77012,CLOSED,2022-06-13,03:08 PM
188034,Tree Removal,2022-06-13 03:17 PM,Tree Removal Inspection,TREEMAINTENANCE,"UF - BHATTARAI, NIMESH",8618 BRANNON ST,"4, ZONE",453H,77093,CLOSED,2022-06-13,03:17 PM
188035,Tree Trim,2022-06-13 04:05 PM,Tree Trim Inspection,TREEMAINTENANCE,"UF - JONES, CODY",5403 RUTHERGLENN DR,"7, ZONE",531T,77096,CLOSED,2022-06-13,04:05 PM
188036,Tree Trim,2022-06-13 04:17 PM,Tree Trim Inspection,TREEMAINTENANCE,"EJIM, ONYEKACHI",4426 PROVIDENCE ST,"5, ZONE",494F,77020,CLOSED,2022-06-13,04:17 PM
188037,Tree Removal,2022-06-13 04:38 PM,Tree Removal Inspection,TREEMAINTENANCE,"EJIM, ONYEKACHI",3420 MEADOW LAKE LN,"2, ZONE",492P,77027,CLOSED,2022-06-13,04:38 PM
188038,Tree Removal,2022-06-14 06:25 AM,Tree Removal Inspection,TREEMAINTENANCE,"EJIM, ONYEKACHI",6705 DEL RIO ST,"6, ZONE",533L,77021,CLOSED,2022-06-14,06:25 AM
188039,Tree Trim,2022-06-14 06:25 AM,Tree Trim Inspection,TREEMAINTENANCE,"UF - BHATTARAI, NIMESH",8602 NORTON DR,"3, ZONE",450R,77080,CLOSED,2022-06-14,06:25 AM
188042,Tree Trim,2022-06-14 07:22 AM,Tree Trim Inspection,TREEMAINTENANCE,"UF - JONES, CODY",7811 BARBERTON DR,"2, ZONE",530K,77036,CLOSED,2022-06-14,07:22 AM
188043,Tree Removal,2022-06-14 07:38 AM,Tree Removal Inspection,TREEMAINTENANCE,"UF - BHATTARAI, NIMESH",1404 WITTE RD (HADEN PARK),"3, ZONE",450W,77080,CLOSED,2022-06-14,07:38 AM
188044,Tree Trim,2022-06-14 08:41 AM,Tree Trim Inspection,TREEMAINTENANCE,"EJIM, ONYEKACHI",1626 HADLEY ST,"2, ZONE",493U,77004,CLOSED,2022-06-14,08:41 AM
188045,Tree Trim,2022-06-14 08:53 AM,Tree Trim Inspection,TREEMAINTENANCE,"EJIM, ONYEKACHI",2300 CHENEVERT ST,"2, ZONE",493U,77004,CLOSED,2022-06-14,08:53 AM
188046,Tree Trim,2022-06-14 08:53 AM,Tree Trim Inspection,TREEMAINTENANCE,"UF - JONES, CODY",12838 HUNTING BRIAR DR,"2, ZONE",528U,77099,CLOSED,2022-06-14,08:53 AM
188047,Tree Trim,2022-06-14 09:06 AM,Tree Trim Inspection,TREEMAINTENANCE,"EJIM, ONYEKACHI",8915 BROADWAY ST,"6, ZONE",575B,77061,CLOSED,2022-06-14,09:06 AM
188048,Tree Trim,2022-06-14 09:24 AM,Tree Trim Inspection,TREEMAINTENANCE,"EJIM, ONYEKACHI",5638 WOODGREEN ST,"6, ZONE",574A,77033,CLOSED,2022-06-14,09:24 AM
188049,Tree Removal,2022-06-14 09:29 AM,Tree Removal Inspection,TREEMAINTENANCE,"UF - BHATTARAI, NIMESH",3221 STALLINGS DR,"3, ZONE",411R,77088,CLOSED,2022-06-14,09:29 AM
188052,Tree Removal,2022-06-14 09:48 AM,Tree Removal Inspection,TREEMAINTENANCE,"UF - BHATTARAI, NIMESH",1526 HAMBLEN RD,"4, ZONE",336K,77339,CLOSED,2022-06-14,09:48 AM
188053,Tree Trim,2022-06-14 09:58 AM,Tree Trim Inspection,TREEMAINTENANCE,"EJIM, ONYEKACHI",3016 GOLFCREST BLVD,"6, ZONE",534M,77087,CLOSED,2022-06-14,09:58 AM
188054,Tree Trim,2022-06-14 10:08 AM,Tree Trim Inspection,TREEMAINTENANCE,"UF - JONES, CODY",11714 BOWLAN LN,"7, ZONE",570D,77035,CLOSED,2022-06-14,10:08 AM
188055,Tree Removal,2022-06-14 10:34 AM,Tree Removal Inspection,TREEMAINTENANCE,"UF - BHATTARAI, NIMESH",48 WELLFORD ST,"4, ZONE",453F,77022,CLOSED,2022-06-14,10:34 AM
188056,Tree Trim,2022-06-14 10:36 AM,Tree Trim Inspection,TREEMAINTENANCE,"UF - BHATTARAI, NIMESH",2400 STONECREST DR,"3, ZONE",452N,77018,CLOSED,2022-06-14,10:36 AM
188057,Tree Removal,2022-06-14 11:42 AM,Tree Removal Inspection,TREEMAINTENANCE,"UF - BHATTARAI, NIMESH",2407 STONECREST DR,"3, ZONE",452N,77018,CLOSED,2022-06-14,11:42 AM
188058,Tree Removal,2022-06-14 11:48 AM,Tree Removal Inspection,TREEMAINTENANCE,"UF - JONES, CODY",12910 WHITE HEATHER DR,"7, ZONE",572E,77045,CLOSED,2022-06-14,11:48 AM
188059,Tree Removal,2022-06-14 12:12 PM,Tree Removal Inspection,TREEMAINTENANCE,"UF - JONES, CODY",2506 PRINCETON ST,"3, ZONE",453S,77009,CLOSED,2022-06-14,12:12 PM
188060,Tree Removal,2022-06-14 12:52 PM,Tree Removal Inspection,TREEMAINTENANCE,"EJIM, ONYEKACHI",8200 PARK PLACE BLVD (CHARLTON PARK),"5, ZONE",535P,77017,CLOSED,2022-06-14,12:52 PM
188061,Tree Trim,2022-06-14 01:36 PM,Tree Trim Inspection,TREEMAINTENANCE,"UF - BHATTARAI, NIMESH",4714 HIRSCH RD,"4, ZONE",454T,77026,CLOSED,2022-06-14,01:36 PM
188062,Tree Removal,2022-06-14 02:01 PM,Tree Removal Inspection,TREEMAINTENANCE,"EJIM, ONYEKACHI",1106 STANFORD ST,"2, ZONE",493N,77019,CLOSED,2022-06-14,02:01 PM
188063,Tree Trim,2022-06-14 02:13 PM,Tree Trim Inspection,TREEMAINTENANCE,"UF - JONES, CODY",7105 HARWIN DR,"2, ZONE",530D,77036,CLOSED,2022-06-14,02:13 PM
188064,Tree Trim,2022-06-14 02:27 PM,Tree Trim Inspection,TREEMAINTENANCE,"EJIM, ONYEKACHI",5218 PERRY ST,"6, ZONE",534N,77021,CLOSED,2022-06-14,02:27 PM
188065,Tree Trim,2022-06-14 02:44 PM,Tree Trim Inspection,TREEMAINTENANCE,"UF - JONES, CODY",11603 SOUTH DR,"2, ZONE",529T,77099,CLOSED,2022-06-14,02:44 PM
188066,Tree Removal,2022-06-14 02:57 PM,Tree Removal Inspection,TREEMAINTENANCE,"UF - BHATTARAI, NIMESH",5715 TURTLE CREEK RD,"5, ZONE",536T,77017,CLOSED,2022-06-14,02:57 PM
188068,Tree Removal,2022-06-14 03:22 PM,Tree Removal Inspection,TREEMAINTENANCE,"UF - BHATTARAI, NIMESH",2121 CENTRAL ST (MILBY PARK),"5, ZONE",535L,77017,CLOSED,2022-06-14,03:22 PM
188069,Tree Trim,2022-06-14 03:39 PM,Tree Trim Inspection,TREEMAINTENANCE,"UF - JONES, CODY",10400 TENNECO DR,"2, ZONE",528U,77099,CLOSED,2022-06-14,03:39 PM
188070,Tree Removal,2022-06-14 03:58 PM,Tree Removal Inspection,TREEMAINTENANCE,"UF - BHATTARAI, NIMESH",541 S 75TH ST (MASON PARK),"5, ZONE",535A,77023,CLOSED,2022-06-14,03:58 PM
188071,Tree Trim,2022-06-14 04:12 PM,Tree Trim Inspection,TREEMAINTENANCE,"UF - JONES, CODY",7818 BARBERTON DR,"2, ZONE",530K,77036,CLOSED,2022-06-14,04:12 PM
188072,Tree Trim,2022-06-14 04:43 PM,Tree Trim Inspection,TREEMAINTENANCE,"UF - JONES, CODY",1750 SEAMIST DR,"3, ZONE",452W,77008,CLOSED,2022-06-14,04:43 PM
188073,Tree Trim,2022-06-14 04:55 PM,Tree Trim Inspection,TREEMAINTENANCE,"UF - BHATTARAI, NIMESH",12322 NEW BRUNSWICK DR,"6, ZONE",617E,77089,CLOSED,2022-06-14,04:55 PM
188074,Tree Trim,2022-06-14 07:35 PM,Tree Trim Inspection,TREEMAINTENANCE,"UF - JONES, CODY",5727 ARIEL ST,"7, ZONE",531N,77096,CLOSED,2022-06-14,07:35 PM
188075,Tree Trim,2022-06-14 08:24 PM,Tree Trim Inspection,TREEMAINTENANCE,"UF - BHATTARAI, NIMESH",3938 ZEPHYR ST,"6, ZONE",533M,77021,CLOSED,2022-06-14,08:24 PM
188076,Tree Removal,2022-06-14 10:30 PM,Tree Removal Inspection,TREEMAINTENANCE,"UF - JONES, CODY",3510 MOUNT VERNON ST,"2, ZONE",493S,77006,CLOSED,2022-06-14,10:30 PM
188078,Tree Removal,2022-06-15 01:49 AM,Tree Removal Inspection,TREEMAINTENANCE,"UF - BHATTARAI, NIMESH",245 TALLANT ST,"4, ZONE",453C,77076,CLOSED,2022-06-15,01:49 AM
188079,Tree Removal,2022-06-15 02:22 AM,Tree Removal Inspection,TREEMAINTENANCE,"UF - JONES, CODY",1624 HEIGHTS BLVD,"3, ZONE",453W,77008,CLOSED,2022-06-15,02:22 AM
188083,Tree Trim,2022-06-15 07:36 AM,Tree Trim Inspection,TREEMAINTENANCE,"UF - BHATTARAI, NIMESH",10000 TIDWELL RD,"4, ZONE",456A,77078,CLOSED,2022-06-15,07:36 AM
188084,Tree Trim,2022-06-15 08:07 AM,Tree Trim Inspection,TREEMAINTENANCE,"UF - BHATTARAI, NIMESH",5638 WOODGREEN ST,"6, ZONE",574A,77033,CLOSED,2022-06-15,08:07 AM
188085,Tree Removal,2022-06-15 08:13 AM,Tree Removal Inspection,TREEMAINTENANCE,"UF - JONES, CODY",2000 N MACGREGOR WAY (HERMANN PARK),"7, ZONE",533F,77030,CLOSED,2022-06-15,08:13 AM
188086,Tree Trim,2022-06-15 08:19 AM,Tree Trim Inspection,TREEMAINTENANCE,"UF - BHATTARAI, NIMESH",3135 SAMPSON ST,"6, ZONE",493Z,77004,CLOSED,2022-06-15,08:19 AM
188087,Tree Removal,2022-06-15 08:43 AM,Tree Removal Inspection,TREEMAINTENANCE,"UF - BHATTARAI, NIMESH",2814 VOLLMER RD,"3, ZONE",451R,77092,CLOSED,2022-06-15,08:43 AM
188088,Tree Removal,2022-06-15 08:46 AM,Tree Removal Inspection,TREEMAINTENANCE,"UF - JONES, CODY",9400 BRIAR FOREST DR,"2, ZONE",490P,77063,CLOSED,2022-06-15,08:46 AM
188089,Tree Removal,2022-06-15 08:52 AM,Tree Removal Inspection,TREEMAINTENANCE,"UF - JONES, CODY",1518 S GESSNER RD,"2, ZONE",490N,77063,CLOSED,2022-06-15,08:52 AM
188090,Tree Trim,2022-06-15 09:37 AM,Tree Trim Inspection,TREEMAINTENANCE,"UF - BHATTARAI, NIMESH",4103 LEMON TREE LN,"3, ZONE",411U,77088,CLOSED,2022-06-15,09:37 AM
188091,Tree Trim,2022-06-15 09:41 AM,Tree Trim Inspection,TREEMAINTENANCE,"UF - JONES, CODY",1518 S GESSNER RD,"2, ZONE",490N,77063,CLOSED,2022-06-15,09:41 AM
188095,Tree Trim,2022-06-15 11:27 AM,Tree Trim Inspection,TREEMAINTENANCE,"UF - BHATTARAI, NIMESH",2143 VINITA ST,"5, ZONE",576F,77034,CLOSED,2022-06-15,11:27 AM
188096,Tree Removal,2022-06-15 11:52 AM,Tree Removal Inspection,TREEMAINTENANCE,"UF - BHATTARAI, NIMESH",6100 BINGLE RD,"3, ZONE",411W,77092,CLOSED,2022-06-15,11:52 AM
188097,Tree Removal,2022-06-15 01:19 PM,Tree Removal Inspection,TREEMAINTENANCE,"UF - BURKES, JEREMY",3921 BROOKWOODS DR,"3, ZONE",451R,77092,CLOSED,2022-06-15,01:19 PM
188098,Tree Trim,2022-06-15 01:34 PM,Tree Trim Inspection,TREEMAINTENANCE,"UF - JONES, CODY",600 NEST LN,"3, ZONE",453E,77022,CLOSED,2022-06-15,01:34 PM
188099,Tree Trim,2022-06-15 03:37 PM,Tree Trim Inspection,TREEMAINTENANCE,"UF - BHATTARAI, NIMESH",5998 GLENARM ST,"4, ZONE",494D,77020,CLOSED,2022-06-15,03:37 PM
188100,Tree Code Violation,2022-06-15 07:57 PM,Tree Code Violation Inspection,TREEPROTECTION,"UF - JONES, CODY",3510 MOUNT VERNON ST,"2, ZONE",493S,77006,CLOSED,2022-06-15,07:57 PM
188101,Tree Trim,2022-06-15 08:06 PM,Tree Trim Inspection,TREEMAINTENANCE,"UF - BHATTARAI, NIMESH",3034 FRANCIS ST,"6, ZONE",493Z,77004,CLOSED,2022-06-15,08:06 PM
188102,Tree Trim,2022-06-16 02:27 AM,Tree Trim Inspection,TREEMAINTENANCE,"UF - JONES, CODY",1133 N DURHAM DR,"3, ZONE",452Y,77008,CLOSED,2022-06-16,02:27 AM
188103,Tree Trim,2022-06-16 05:19 AM,Tree Trim Inspection,TREEMAINTENANCE,"UF - JONES, CODY",11580 CHIMNEY ROCK RD,"7, ZONE",571B,77035,CLOSED,2022-06-16,05:19 AM
188104,Tree Removal,2022-06-16 05:34 AM,Tree Removal Inspection,TREEMAINTENANCE,"UF - JONES, CODY",1526 N LOOP FWY W,"3, ZONE",452P,77018,CLOSED,2022-06-16,05:34 AM
188107,Tree Trim,2022-06-16 08:26 AM,Tree Trim Inspection,TREEMAINTENANCE,"UF - BHATTARAI, NIMESH",315 BERRY RD,"4, ZONE",453G,77022,CLOSED,2022-06-16,08:26 AM
188108,Tree Removal,2022-06-16 08:35 AM,Tree Removal Inspection,TREEMAINTENANCE,"UF - BHATTARAI, NIMESH",3100 PROSPECT ST,"6, ZONE",533C,77004,CLOSED,2022-06-16,08:35 AM
188109,Tree Removal,2022-06-16 08:35 AM,Tree Removal Inspection,TREEMAINTENANCE,"UF - JONES, CODY",5627 HUMMINGBIRD ST,"7, ZONE",531W,77096,CLOSED,2022-06-16,08:35 AM
188110,Tree Trim,2022-06-16 09:42 AM,Tree Trim Inspection,TREEMAINTENANCE,"UF - BHATTARAI, NIMESH",11410 BEAMER RD,"6, ZONE",576X,77089,CLOSED,2022-06-16,09:42 AM
188111,Tree Trim,2022-06-16 10:06 AM,Tree Trim Inspection,TREEMAINTENANCE,"UF - JONES, CODY",15100 WATERLOO DR,"7, ZONE",572T,77053,CLOSED,2022-06-16,10:06 AM
188112,Tree Planting,2022-06-16 10:27 AM,Tree Planting Inspection,TREEPROTECTION,"UF - POLOVTSEV, SERA",11102 CONCHO ST,"2, ZONE",529K,77072,CLOSED,2022-06-16,10:27 AM
188113,Tree Removal,2022-06-16 10:27 AM,Tree Removal Inspection,TREEMAINTENANCE,"UF - BHATTARAI, NIMESH",1111 CAVALCADE ST,"4, ZONE",453V,77009,CLOSED,2022-06-16,10:27 AM
188114,Tree Removal,2022-06-16 10:57 AM,Tree Removal Inspection,TREEMAINTENANCE,"UF - BHATTARAI, NIMESH",10402 BESSEMER ST,"5, ZONE",576K,77034,CLOSED,2022-06-16,10:57 AM
188115,Tree Removal,2022-06-16 11:12 AM,Tree Removal Inspection,TREEMAINTENANCE,"UF - JONES, CODY",6610 DEIHL RD,"3, ZONE",451A,77092,CLOSED,2022-06-16,11:12 AM
188116,Tree Trim,2022-06-16 11:33 AM,Tree Trim Inspection,TREEMAINTENANCE,"UF - BHATTARAI, NIMESH",9722 WILOAK ST,"4, ZONE",455C,77078,CLOSED,2022-06-16,11:33 AM
188117,Tree Trim,2022-06-16 11:33 AM,Tree Trim Inspection,TREEMAINTENANCE,"UF - JONES, CODY",3600 MONTROSE BLVD,"2, ZONE",493S,77006,CLOSED,2022-06-16,11:33 AM
188118,Tree Code Violation,2022-06-16 11:58 AM,Tree Code Violation Inspection,TREEPROTECTION,"UF - JONES, CODY",7500 HIGHMEADOW DR,"2, ZONE",490V,77063,CLOSED,2022-06-16,11:58 AM
188119,Tree Trim,2022-06-16 12:01 PM,Tree Trim Inspection,TREEMAINTENANCE,"UF - JONES, CODY",11580 CHIMNEY ROCK RD,"7, ZONE",571B,77035,CLOSED,2022-06-16,12:01 PM
188120,Tree Trim,2022-06-16 12:08 PM,Tree Trim Inspection,TREEMAINTENANCE,"UF - BHATTARAI, NIMESH",11026 BANDLON DR,"2, ZONE",529F,77072,CLOSED,2022-06-16,12:08 PM
188121,Tree Removal,2022-06-16 12:34 PM,Tree Removal Inspection,TREEMAINTENANCE,"UF - BHATTARAI, NIMESH",2615 CALUMET ST,"6, ZONE",533B,77004,CLOSED,2022-06-16,12:34 PM
188122,Tree Trim,2022-06-16 01:14 PM,Tree Trim Inspection,TREEMAINTENANCE,"UF - BHATTARAI, NIMESH",3718 HARDY ST,"4, ZONE",453Z,77009,CLOSED,2022-06-16,01:14 PM
188123,Tree Removal,2022-06-16 01:31 PM,Tree Removal Inspection,TREEMAINTENANCE,"UF - JONES, CODY",1302 WHISPERING PINES DR,"3, ZONE",451X,77055,CLOSED,2022-06-16,01:31 PM
188124,Tree Removal,2022-06-16 01:34 PM,Tree Removal Inspection,TREEMAINTENANCE,"UF - JONES, CODY",5200 EL CENTRO ST,"3, ZONE",452H,77091,CLOSED,2022-06-16,01:34 PM
188125,Tree Removal,2022-06-16 01:50 PM,Tree Removal Inspection,TREEMAINTENANCE,"UF - JONES, CODY",2410 RALPH ST,"2, ZONE",492V,77006,CLOSED,2022-06-16,01:50 PM
188127,Tree Trim,2022-06-16 02:25 PM,Tree Trim Inspection,TREEMAINTENANCE,"UF - BHATTARAI, NIMESH",3945 FUQUA ST,"6, ZONE",573V,77047,CLOSED,2022-06-16,02:25 PM
188128,Tree Trim,2022-06-16 02:35 PM,Tree Trim Inspection,TREEMAINTENANCE,"UF - BHATTARAI, NIMESH",6525 RENWICK DR,"7, ZONE",531E,77081,CLOSED,2022-06-16,02:35 PM
188129,Tree Trim,2022-06-16 02:47 PM,Tree Trim Inspection,TREEMAINTENANCE,"UF - JONES, CODY",5814 HORNWOOD DR,"7, ZONE",531F,77081,CLOSED,2022-06-16,02:47 PM
188130,Tree Removal,2022-06-16 03:32 PM,Tree Removal Inspection,TREEMAINTENANCE,"UF - JONES, CODY",2714 FLORENCE ST,"3, ZONE",493B,77009,CLOSED,2022-06-16,03:32 PM
188131,Tree Trim,2022-06-16 04:17 PM,Tree Trim Inspection,TREEMAINTENANCE,"UF - JONES, CODY",13802 CHERRY HOLLOW LN,"2, ZONE",488X,77082,CLOSED,2022-06-16,04:17 PM
188132,Tree Removal,2022-06-16 05:29 PM,Tree Removal Inspection,TREEMAINTENANCE,"UF - JONES, CODY",515 AVONDALE ST,"2, ZONE",493S,77006,CLOSED,2022-06-16,05:29 PM
188134,Tree Trim,2022-06-17 05:51 AM,Tree Trim Inspection,TREEMAINTENANCE,"UF - BHATTARAI, NIMESH",638 WHITE OAK DR,"4, ZONE",298Y,77336,CLOSED,2022-06-17,05:51 AM
188135,Tree Trim,2022-06-17 08:04 AM,Tree Trim Inspection,TREEMAINTENANCE,"UF - BHATTARAI, NIMESH",4600 E CROSSTIMBERS ST,"4, ZONE",454K,77016,CLOSED,2022-06-17,08:04 AM
188136,Tree Trim,2022-06-17 08:16 AM,Tree Trim Inspection,TREEMAINTENANCE,"UF - BHATTARAI, NIMESH",569 MAGNOLIA POINT DR,"4, ZONE",298Y,77336,CLOSED,2022-06-17,08:16 AM
188137,Tree Trim,2022-06-17 08:41 AM,Tree Trim Inspection,TREEMAINTENANCE,"UF - BHATTARAI, NIMESH",1603 SPANISH COVE DR,"4, ZONE",338Y,77532,CLOSED,2022-06-17,08:41 AM
188138,Tree Trim,2022-06-17 08:50 AM,Tree Trim Inspection,TREEMAINTENANCE,"UF - BHATTARAI, NIMESH",24403 E LAKE HOUSTON PKWY,"4, ZONE",338M,77336,CLOSED,2022-06-17,08:50 AM
188139,Tree Removal,2022-06-17 09:26 AM,Tree Removal Inspection,TREEMAINTENANCE,"UF - JONES, CODY",2202 WROXTON RD,"7, ZONE",492Y,77005,CLOSED,2022-06-17,09:26 AM
188140,Tree Removal,2022-06-17 10:27 AM,Tree Removal Inspection,TREEMAINTENANCE,"UF - BHATTARAI, NIMESH",2503 AUBURNDALE ST,"6, ZONE",534G,77023,CLOSED,2022-06-17,10:27 AM
188141,Tree Planting,2022-06-17 11:42 AM,Tree Planting Inspection,TREEPROTECTION,"UF - POLOVTSEV, SERA",HILLCROFT AVE & HIGHMEADOW DR,"2, ZONE",490V,77063,CLOSED,2022-06-17,11:42 AM
188142,Tree Trim,2022-06-17 11:45 AM,Tree Trim Inspection,TREEMAINTENANCE,"UF - BHATTARAI, NIMESH",8901 FREY RD,"5, ZONE",576K,77034,CLOSED,2022-06-17,11:45 AM
188143,Tree Trim,2022-06-17 12:03 PM,Tree Trim Inspection,TREEMAINTENANCE,"UF - BHATTARAI, NIMESH",1310 EVELYN ST,"4, ZONE",453V,77009,CLOSED,2022-06-17,12:03 PM
188144,Tree Removal,2022-06-17 12:06 PM,Tree Removal Inspection,TREEMAINTENANCE,"UF - BHATTARAI, NIMESH",4753 KINGFISHER DR,"7, ZONE",571C,77035,CLOSED,2022-06-17,12:06 PM
188145,Tree Removal,2022-06-17 01:49 PM,Tree Removal Inspection,TREEMAINTENANCE,"UF - JONES, CODY",1416 ARLINGTON ST,"3, ZONE",453W,77008,CLOSED,2022-06-17,01:49 PM
188146,Tree Removal,2022-06-17 02:13 PM,Tree Removal Inspection,TREEMAINTENANCE,"UF - BHATTARAI, NIMESH",4806 RIDGEVAN DR,"7, ZONE",611D,77053,CLOSED,2022-06-17,02:13 PM
188147,Tree Trim,2022-06-17 03:40 PM,Tree Trim Inspection,TREEMAINTENANCE,"UF - BURKES, JEREMY",3200 AUSTIN ST,"2, ZONE",493T,77004,CLOSED,2022-06-17,03:40 PM
188148,Tree Trim,2022-06-17 04:52 PM,Tree Trim Inspection,TREEMAINTENANCE,"UF - BHATTARAI, NIMESH",5721 GREENCRAIG DR,"7, ZONE",571E,77035,CLOSED,2022-06-17,04:52 PM
188149,Tree Trim,2022-06-17 05:20 PM,Tree Trim Inspection,TREEMAINTENANCE,"UF - BHATTARAI, NIMESH",301 AVENUE OF OAKS ST,"4, ZONE",453U,77009,CLOSED,2022-06-17,05:20 PM
188150,Tree Trim,2022-06-17 08:00 PM,Tree Trim Inspection,TREEMAINTENANCE,"UF - BHATTARAI, NIMESH",1901 SUNSET BLVD (FLEMING PARK),"7, ZONE",532D,77005,CLOSED,2022-06-17,08:00 PM
188151,Tree Removal,2022-06-18 12:29 PM,Tree Removal Inspection,TREEMAINTENANCE,"UF - JONES, CODY",2604 CHAPMAN ST,"4, ZONE",493D,77009,CLOSED,2022-06-18,12:29 PM
188152,Tree Trim,2022-06-18 01:30 PM,Tree Trim Inspection,TREEMAINTENANCE,"UF - JONES, CODY",1000 BAGBY ST (SAM HOUSTON PARK),"1, ZONE",493L,77002,CLOSED,2022-06-18,01:30 PM
188153,Tree Trim,2022-06-19 06:14 AM,Tree Trim Inspection,TREEMAINTENANCE,"UF - JONES, CODY",1101 ELDER ST,"2, ZONE",493L,77007,CLOSED,2022-06-19,06:14 AM
188154,Tree Removal,2022-06-19 02:47 PM,Tree Removal Inspection,TREEMAINTENANCE,"UF - BHATTARAI, NIMESH",3811 ELGIN ST,"6, ZONE",494W,77004,CLOSED,2022-06-19,02:47 PM
188155,Tree Trim,2022-06-19 06:04 PM,Tree Trim Inspection,TREEMAINTENANCE,"UF - BHATTARAI, NIMESH",12110 CHIMNEY ROCK RD,"7, ZONE",571F,77035,CLOSED,2022-06-19,06:04 PM
188156,Tree Trim,2022-06-20 04:28 AM,Tree Trim Inspection,TREEMAINTENANCE,"UF - JONES, CODY",1720 BEVIS ST,"3, ZONE",452U,77008,CLOSED,2022-06-20,04:28 AM
188157,Tree Removal,2022-06-20 09:12 AM,Tree Removal Inspection,TREEMAINTENANCE,"UF - JONES, CODY",1500 W MEMORIAL LOOP DR,"2, ZONE",492E,77007,CLOSED,2022-06-20,09:12 AM
188158,Tree Trim,2022-06-20 09:15 AM,Tree Trim Inspection,TREEMAINTENANCE,"UF - JONES, CODY",2324 SOUTH BLVD,"7, ZONE",492Y,77098,CLOSED,2022-06-20,09:15 AM
188159,Tree Trim,2022-06-20 10:28 AM,Tree Trim Inspection,TREEMAINTENANCE,"UF - BHATTARAI, NIMESH",638 CHERRY VALLEY DR,"4, ZONE",338M,77336,CLOSED,2022-06-20,10:28 AM
188160,Tree Trim,2022-06-20 10:40 AM,Tree Trim Inspection,TREEMAINTENANCE,"UF - JONES, CODY",10713 WILLOWISP DR,"7, ZONE",531Y,77035,CLOSED,2022-06-20,10:40 AM
188161,Tree Removal,2022-06-20 10:49 AM,Tree Removal Inspection,TREEMAINTENANCE,"UF - BHATTARAI, NIMESH",5506 SOUTHLEA ST,"6, ZONE",534N,77033,CLOSED,2022-06-20,10:49 AM
188162,Tree Removal,2022-06-20 11:01 AM,Tree Removal Inspection,TREEMAINTENANCE,"UF - JONES, CODY",5724 MAXIE ST,"2, ZONE",492G,77007,CLOSED,2022-06-20,11:01 AM
188163,Tree Removal,2022-06-20 11:03 AM,Tree Removal Inspection,TREEMAINTENANCE,"UF - JONES, CODY",5718 MAXIE ST,"2, ZONE",492G,77007,CLOSED,2022-06-20,11:03 AM
188164,Tree Removal,2022-06-20 12:01 PM,Tree Removal Inspection,TREEMAINTENANCE,"UF - BHATTARAI, NIMESH",3800 CANFIELD ST,"6, ZONE",533D,77004,CLOSED,2022-06-20,12:01 PM
188165,Tree Trim,2022-06-20 12:38 PM,Tree Trim Inspection,TREEMAINTENANCE,"UF - JONES, CODY",401 LOUISIANA ST,"1, ZONE",493L,77002,CLOSED,2022-06-20,12:38 PM
188166,Tree Trim,2022-06-20 01:38 PM,Tree Trim Inspection,TREEMAINTENANCE,"UF - BHATTARAI, NIMESH",6301 ALMEDA RD,"7, ZONE",533F,77021,CLOSED,2022-06-20,01:38 PM
188167,Tree Trim,2022-06-20 02:05 PM,Tree Trim Inspection,TREEMAINTENANCE,"UF - BHATTARAI, NIMESH",5000 SCOTT ST,"6, ZONE",533D,77004,CLOSED,2022-06-20,02:05 PM
188168,Tree Trim,2022-06-20 02:07 PM,Tree Trim Inspection,TREEMAINTENANCE,"UF - BHATTARAI, NIMESH",5100 SCOTT ST,"6, ZONE",533H,77004,CLOSED,2022-06-20,02:07 PM
188169,Tree Removal,2022-06-20 02:36 PM,Tree Removal Inspection,TREEMAINTENANCE,"UF - BHATTARAI, NIMESH",1920 SEDGIE DR,"3, ZONE",450T,77080,CLOSED,2022-06-20,02:36 PM
188170,Tree Trim,2022-06-21 06:28 AM,Tree Trim Inspection,TREEMAINTENANCE,"UF - BHATTARAI, NIMESH",4714 HIRSCH RD,"4, ZONE",454T,77026,CLOSED,2022-06-21,06:28 AM
188177,Tree Removal,2022-06-21 08:53 AM,Tree Removal Inspection,TREEMAINTENANCE,"UF - BHATTARAI, NIMESH",12233 PALMFREE ST,"5, ZONE",576R,77034,CLOSED,2022-06-21,08:53 AM
188181,Tree Stump Grinding,2022-06-21 10:12 AM,Tree Stump Inspection,TREEMAINTENANCE,"UF - JONES, CODY",7629 DEL MONTE DR,"2, ZONE",490V,77063,CLOSED,2022-06-21,10:12 AM
188182,Tree Trim,2022-06-21 10:18 AM,Tree Trim Inspection,TREEMAINTENANCE,"UF - JONES, CODY",1550 GODWIN ST,"5, ZONE",494X,77023,CLOSED,2022-06-21,10:18 AM
188189,Tree Removal,2022-06-21 11:17 AM,Tree Removal Inspection,TREEMAINTENANCE,"UF - JONES, CODY",2157 YUPON ST,"2, ZONE",492R,77006,CLOSED,2022-06-21,11:17 AM
188191,Tree Removal,2022-06-21 12:16 PM,Tree Removal Inspection,TREEMAINTENANCE,"UF - BHATTARAI, NIMESH",5505 SOUTHLEA ST,"6, ZONE",534N,77033,CLOSED,2022-06-21,12:16 PM
188192,Tree Removal,2022-06-21 12:16 PM,Tree Removal Inspection,TREEMAINTENANCE,"UF - JONES, CODY",1920 W LAMAR ST,"2, ZONE",493J,77019,CLOSED,2022-06-21,12:16 PM
188195,Tree Trim,2022-06-21 01:10 PM,Tree Trim Inspection,TREEMAINTENANCE,"UF - JONES, CODY",1215 WALKER ST,"1, ZONE",493Q,77002,CLOSED,2022-06-21,01:10 PM
188197,Tree Trim,2022-06-21 02:01 PM,Tree Trim Inspection,TREEMAINTENANCE,"UF - JONES, CODY",1706 FRANCIS ST,"2, ZONE",493U,77004,CLOSED,2022-06-21,02:01 PM
188198,Tree Removal,2022-06-21 02:44 PM,Tree Removal Inspection,TREEMAINTENANCE,"UF - BHATTARAI, NIMESH",1001 CANINO RD (MELROSE PARK),"4, ZONE",413U,77037,CLOSED,2022-06-21,02:44 PM
188199,Tree Trim,2022-06-21 02:58 PM,Tree Trim Inspection,TREEMAINTENANCE,"UF - JONES, CODY",9729 CLUB CREEK DR,"2, ZONE",529V,77036,CLOSED,2022-06-21,02:58 PM
188200,Tree Trim,2022-06-21 04:05 PM,Tree Trim Inspection,TREEMAINTENANCE,"UF - BHATTARAI, NIMESH",3008 TRUXILLO ST,"6, ZONE",493Y,77004,CLOSED,2022-06-21,04:05 PM
188201,Tree Removal,2022-06-21 04:32 PM,Tree Removal Inspection,TREEMAINTENANCE,"UF - BHATTARAI, NIMESH",516 N DRENNAN ST,"5, ZONE",494P,77003,CLOSED,2022-06-21,04:32 PM
188202,Tree Trim,2022-06-21 06:18 PM,Tree Trim Inspection,TREEMAINTENANCE,"UF - BHATTARAI, NIMESH",527 COMILE ST,"4, ZONE",453Q,77022,CLOSED,2022-06-21,06:18 PM
188203,Tree Removal,2022-06-21 06:35 PM,Tree Removal Inspection,TREEMAINTENANCE,"UF - JONES, CODY",5650 DARLING ST,"3, ZONE",492B,77007,CLOSED,2022-06-21,06:35 PM
188204,Tree Trim,2022-06-21 07:51 PM,Tree Trim Inspection,TREEMAINTENANCE,"UF - BHATTARAI, NIMESH",11114 JUTLAND RD,"6, ZONE",573M,77048,CLOSED,2022-06-21,07:51 PM
188205,Tree Trim,2022-06-21 08:39 PM,Tree Trim Inspection,TREEMAINTENANCE,"UF - JONES, CODY",2100 BARTLETT ST,"7, ZONE",492Z,77098,CLOSED,2022-06-21,08:39 PM
188208,Tree Trim,2022-06-22 06:41 AM,Tree Trim Inspection,TREEMAINTENANCE,"UF - BHATTARAI, NIMESH",5901 HILLCROFT AVE,"2, ZONE",530D,77036,CLOSED,2022-06-22,06:41 AM
188209,Tree Removal,2022-06-22 07:16 AM,Tree Removal Inspection,TREEMAINTENANCE,"UF - BHATTARAI, NIMESH",5300 DRYAD DR (WILLOW WATERHOLE GREENWAY),"7, ZONE",571F,77035,CLOSED,2022-06-22,07:16 AM
188211,Tree Removal,2022-06-22 08:20 AM,Tree Removal Inspection,TREEMAINTENANCE,"UF - JONES, CODY",2012 LOUISIANA ST,"2, ZONE",493P,77002,CLOSED,2022-06-22,08:20 AM
188212,Tree Removal,2022-06-22 08:25 AM,Tree Removal Inspection,TREEMAINTENANCE,"UF - BHATTARAI, NIMESH",6829 AVENUE N,"5, ZONE",494V,77011,CLOSED,2022-06-22,08:25 AM
188213,Tree Trim,2022-06-22 09:01 AM,Tree Trim Inspection,TREEMAINTENANCE,"UF - JONES, CODY",2010 LOUISIANA ST,"2, ZONE",493P,77002,CLOSED,2022-06-22,09:01 AM
188214,Tree Trim,2022-06-22 09:23 AM,Tree Trim Inspection,TREEMAINTENANCE,"UF - BHATTARAI, NIMESH",5500 GASMER DR,"7, ZONE",571B,77035,CLOSED,2022-06-22,09:23 AM
188215,Tree Removal,2022-06-22 09:59 AM,Tree Removal Inspection,TREEMAINTENANCE,"UF - BHATTARAI, NIMESH",5 ALTIC ST,"5, ZONE",494U,77011,CLOSED,2022-06-22,09:59 AM
188216,Tree Removal,2022-06-22 10:17 AM,Tree Removal Inspection,TREEMAINTENANCE,"UF - JONES, CODY",5242 JASON ST,"7, ZONE",531P,77096,CLOSED,2022-06-22,10:17 AM
188217,Tree Removal,2022-06-22 10:32 AM,Tree Removal Inspection,TREEMAINTENANCE,"UF - BHATTARAI, NIMESH",1734 WROXTON CT,"7, ZONE",532D,77005,CLOSED,2022-06-22,10:32 AM
188218,Tree Trim,2022-06-22 10:43 AM,Tree Trim Inspection,TREEMAINTENANCE,"UF - BHATTARAI, NIMESH",5402 BELDART CT,"6, ZONE",534W,77033,CLOSED,2022-06-22,10:43 AM
188219,Tree Removal,2022-06-22 10:44 AM,Tree Removal Inspection,TREEMAINTENANCE,"UF - JONES, CODY",929 WALL ST,"3, ZONE",412U,77088,CLOSED,2022-06-22,10:44 AM
188220,Tree Removal,2022-06-22 10:56 AM,Tree Removal Inspection,TREEMAINTENANCE,"UF - JONES, CODY",401 S HEIGHTS BLVD,"2, ZONE",493J,77007,CLOSED,2022-06-22,10:56 AM
188221,Tree Removal,2022-06-22 11:08 AM,Tree Removal Inspection,TREEMAINTENANCE,"UF - BHATTARAI, NIMESH",11 ALTIC ST,"5, ZONE",494U,77011,CLOSED,2022-06-22,11:08 AM
188222,Tree Removal,2022-06-22 11:14 AM,Tree Removal Inspection,TREEMAINTENANCE,"UF - BHATTARAI, NIMESH",7735 ROCKHILL ST,"6, ZONE",535X,77061,CLOSED,2022-06-22,11:14 AM
188223,Tree Trim,2022-06-22 11:24 AM,Tree Trim Inspection,TREEMAINTENANCE,"UF - BHATTARAI, NIMESH",3000 GARROW ST,"5, ZONE",494N,77003,CLOSED,2022-06-22,11:24 AM
188225,Tree Removal,2022-06-22 11:33 AM,Tree Removal Inspection,TREEMAINTENANCE,"UF - JONES, CODY",401 S HEIGHTS BLVD (SPOTTS PARK),"2, ZONE",493J,77007,CLOSED,2022-06-22,11:33 AM
188226,Tree Code Violation,2022-06-22 11:35 AM,Tree Code Violation Inspection,TREEPROTECTION,"UF - BURKES, JEREMY",6422 CRESTERRACE DR,"5, ZONE",578A,77505,CLOSED,2022-06-22,11:35 AM
188227,Tree Removal,2022-06-22 11:45 AM,Tree Removal Inspection,TREEMAINTENANCE,"UF - JONES, CODY",5010 HAZELTON ST,"7, ZONE",531Y,77035,CLOSED,2022-06-22,11:45 AM
188228,Tree Trim,2022-06-22 12:57 PM,Tree Trim Inspection,TREEMAINTENANCE,"UF - JONES, CODY",2837 YORKTOWN ST,"2, ZONE",491U,77056,CLOSED,2022-06-22,12:57 PM
188229,Tree Removal,2022-06-22 01:33 PM,Tree Removal Inspection,TREEMAINTENANCE,"UF - BHATTARAI, NIMESH",500 OATES RD (HERMAN BROWN PARK),"4, ZONE",495H,77013,CLOSED,2022-06-22,01:33 PM
188230,Tree Trim,2022-06-22 02:03 PM,Tree Trim Inspection,TREEMAINTENANCE,"UF - BHATTARAI, NIMESH",4603 BRANCH ST,"6, ZONE",533R,77021,CLOSED,2022-06-22,02:03 PM
188231,Tree Trim,2022-06-22 02:13 PM,Tree Trim Inspection,TREEMAINTENANCE,"UF - BHATTARAI, NIMESH",10545 TIDWELL RD,"4, ZONE",456B,77078,CLOSED,2022-06-22,02:13 PM
188232,Tree Trim,2022-06-22 02:13 PM,Tree Trim Inspection,TREEMAINTENANCE,"UF - JONES, CODY",2511 MAXROY ST,"3, ZONE",492B,77007,CLOSED,2022-06-22,02:13 PM
188233,Tree Trim,2022-06-22 02:48 PM,Tree Trim Inspection,TREEMAINTENANCE,"UF - JONES, CODY",2824 BRIARHURST DR,"2, ZONE",491S,77057,CLOSED,2022-06-22,02:48 PM
188234,Tree Removal,2022-06-22 03:03 PM,Tree Removal Inspection,TREEMAINTENANCE,"UF - JONES, CODY",809 PEASE ST,"1, ZONE",493Q,77002,CLOSED,2022-06-22,03:03 PM
188235,Tree Removal,2022-06-22 03:06 PM,Tree Removal Inspection,TREEMAINTENANCE,"UF - JONES, CODY",631 NEST LN,"3, ZONE",453E,77022,CLOSED,2022-06-22,03:06 PM
188236,Tree Trim,2022-06-22 04:01 PM,Tree Trim Inspection,TREEMAINTENANCE,"UF - BHATTARAI, NIMESH",12447 BEAR VALLEY DR,"2, ZONE",528M,77072,CLOSED,2022-06-22,04:01 PM
188237,Tree Trim,2022-06-22 04:24 PM,Tree Trim Inspection,TREEMAINTENANCE,"UF - JONES, CODY",2012 LOUISIANA ST,"2, ZONE",493P,77002,CLOSED,2022-06-22,04:24 PM
188238,Tree Removal,2022-06-22 04:28 PM,Tree Removal Inspection,TREEMAINTENANCE,"UF - JONES, CODY",8120 WESTVIEW DR,"3, ZONE",451W,77055,CLOSED,2022-06-22,04:28 PM
188239,Tree Trim,2022-06-22 06:20 PM,Tree Trim Inspection,TREEMAINTENANCE,"UF - BHATTARAI, NIMESH",9780 CEDARDALE DR,"3, ZONE",450X,77055,CLOSED,2022-06-22,06:20 PM
188240,Tree Trim,2022-06-22 06:58 PM,Tree Trim Inspection,TREEMAINTENANCE,"UF - JONES, CODY",2010 LOUISIANA ST,"2, ZONE",493P,77002,CLOSED,2022-06-22,06:58 PM
188241,Tree Removal,2022-06-22 08:02 PM,Tree Removal Inspection,TREEMAINTENANCE,"UF - BHATTARAI, NIMESH",7238 FAUNA ST,"6, ZONE",575A,77061,CLOSED,2022-06-22,08:02 PM
188242,Tree Trim,2022-06-22 08:14 PM,Tree Trim Inspection,TREEMAINTENANCE,"UF - JONES, CODY",5620 MAXIE ST,"2, ZONE",492G,77007,CLOSED,2022-06-22,08:14 PM
188245,Tree Removal,2022-06-23 08:12 AM,Tree Removal Inspection,TREEMAINTENANCE,"UF - BHATTARAI, NIMESH",3902 ZEPHYR ST,"6, ZONE",533M,77021,CLOSED,2022-06-23,08:12 AM
188247,Tree Removal,2022-06-23 09:25 AM,Tree Removal Inspection,TREEMAINTENANCE,"UF - JONES, CODY",95 TUAM ST,"2, ZONE",493P,77006,CLOSED,2022-06-23,09:25 AM
188249,Tree Trim,2022-06-23 10:07 AM,Tree Trim Inspection,TREEMAINTENANCE,"UF - JONES, CODY",TYNE ST & UTAH ST,"2, ZONE",492F,77007,CLOSED,2022-06-23,10:07 AM
188250,Tree Removal,2022-06-23 10:35 AM,Tree Removal Inspection,TREEMAINTENANCE,"UF - JONES, CODY",1529 GLOURIE DR,"3, ZONE",451W,77055,CLOSED,2022-06-23,10:35 AM
188251,Tree Trim,2022-06-23 10:43 AM,Tree Trim Inspection,TREEMAINTENANCE,"UF - BHATTARAI, NIMESH",625 RITTENHOUSE ST,"4, ZONE",413Y,77076,CLOSED,2022-06-23,10:43 AM
188252,Tree Trim,2022-06-23 10:49 AM,Tree Trim Inspection,TREEMAINTENANCE,"UF - BHATTARAI, NIMESH",6507 BANTA DR,"7, ZONE",571X,77053,CLOSED,2022-06-23,10:49 AM
188254,Tree Trim,2022-06-23 11:00 AM,Tree Trim Inspection,TREEMAINTENANCE,"UF - JONES, CODY",2023 SPRINGROCK LN,"3, ZONE",450T,77080,CLOSED,2022-06-23,11:00 AM
188256,Tree Stump Grinding,2022-06-23 02:41 PM,Tree Stump Inspection,TREEMAINTENANCE,"UF - JONES, CODY",13403 ASCOT GLEN LN,"2, ZONE",528B,77082,CLOSED,2022-06-23,02:41 PM
188257,Tree Removal,2022-06-23 03:46 PM,Tree Removal Inspection,TREEMAINTENANCE,"UF - JONES, CODY",8818 FERRIS DR,"7, ZONE",531P,77096,CLOSED,2022-06-23,03:46 PM
188258,Tree Removal,2022-06-23 04:03 PM,Tree Removal Inspection,TREEMAINTENANCE,"UF - BHATTARAI, NIMESH",3917 RUSK ST,"5, ZONE",494S,77023,CLOSED,2022-06-23,04:03 PM
188259,Tree Removal,2022-06-23 04:23 PM,Tree Removal Inspection,TREEMAINTENANCE,"UF - BHATTARAI, NIMESH",9774 WESTVIEW DR,"3, ZONE",450X,77055,CLOSED,2022-06-23,04:23 PM
188260,Tree Trim,2022-06-23 04:24 PM,Tree Trim Inspection,TREEMAINTENANCE,"UF - BHATTARAI, NIMESH",3500 N WAYSIDE DR,"4, ZONE",455W,77020,CLOSED,2022-06-23,04:24 PM
188261,Tree Trim,2022-06-23 07:45 PM,Tree Trim Inspection,TREEMAINTENANCE,"UF - BHATTARAI, NIMESH",9607 KINGSVALLEY ST,"6, ZONE",576S,77075,CLOSED,2022-06-23,07:45 PM
188262,Tree Removal,2022-06-23 09:25 PM,Tree Removal Inspection,TREEMAINTENANCE,"UF - BHATTARAI, NIMESH",7449 TIPPS ST (MASON PARK),"5, ZONE",535A,77023,CLOSED,2022-06-23,09:25 PM
188263,Tree Removal,2022-06-24 05:18 AM,Tree Removal Inspection,TREEMAINTENANCE,"UF - BHATTARAI, NIMESH",24109 KINGWOOD PLACE DR,"4, ZONE",295Z,77365,CLOSED,2022-06-24,05:18 AM
188264,Tree Trim,2022-06-24 08:07 AM,Tree Trim Inspection,TREEMAINTENANCE,"UF - BHATTARAI, NIMESH",7734 BRUMBLAY ST,"5, ZONE",535F,77012,CLOSED,2022-06-24,08:07 AM
188265,Tree Trim,2022-06-24 08:28 AM,Tree Trim Inspection,TREEMAINTENANCE,"UF - BHATTARAI, NIMESH",8609 RUBIN ST,"6, ZONE",533Y,77051,CLOSED,2022-06-24,08:28 AM
188266,Tree Trim,2022-06-24 08:38 AM,Tree Trim Inspection,TREEMAINTENANCE,"UF - BHATTARAI, NIMESH",19008 SAUMS RD (CULLEN PARK),"3, ZONE",446V,77084,CLOSED,2022-06-24,08:38 AM
188267,Tree Removal,2022-06-24 08:41 AM,Tree Removal Inspection,TREEMAINTENANCE,"UF - JONES, CODY",5031 YARWELL DR,"7, ZONE",531U,77096,CLOSED,2022-06-24,08:41 AM
188268,Tree Trim,2022-06-24 08:56 AM,Tree Trim Inspection,TREEMAINTENANCE,"UF - BHATTARAI, NIMESH",19008 SAUMS RD (CULLEN PARK),"3, ZONE",446V,77084,CLOSED,2022-06-24,08:56 AM
188269,Tree Removal,2022-06-24 09:21 AM,Tree Removal Inspection,TREEMAINTENANCE,"UF - JONES, CODY",10607 KIRKSIDE DR,"7, ZONE",531W,77096,CLOSED,2022-06-24,09:21 AM
188270,Tree Code Violation,2022-06-24 09:39 AM,Tree Code Violation Inspection,TREEPROTECTION,"UF - POLOVTSEV, SERA",5635 TERWILLIGER WAY,"2, ZONE",491P,77056,CLOSED,2022-06-24,09:39 AM
188271,Tree Removal,2022-06-24 09:51 AM,Tree Removal Inspection,TREEMAINTENANCE,"UF - BHATTARAI, NIMESH",4545 EDFIELD ST,"6, ZONE",533V,77051,CLOSED,2022-06-24,09:51 AM
188272,Tree Trim,2022-06-24 10:51 AM,Tree Trim Inspection,TREEMAINTENANCE,"UF - BHATTARAI, NIMESH",4900 INGOMAR WAY,"7, ZONE",571Z,77053,CLOSED,2022-06-24,10:51 AM
188273,Tree Removal,2022-06-24 11:11 AM,Tree Removal Inspection,TREEMAINTENANCE,"UF - BHATTARAI, NIMESH",8162 RICHLAND DR,"4, ZONE",455F,77028,CLOSED,2022-06-24,11:11 AM
188274,Tree Removal,2022-06-24 12:09 PM,Tree Removal Inspection,TREEMAINTENANCE,"UF - BHATTARAI, NIMESH",4622 DAGG RD,"6, ZONE",614A,77048,CLOSED,2022-06-24,12:09 PM
188275,Tree Trim,2022-06-24 12:30 PM,Tree Trim Inspection,TREEMAINTENANCE,"UF - BHATTARAI, NIMESH",3700 NAVIGATION BLVD,"5, ZONE",494P,77003,CLOSED,2022-06-24,12:30 PM
188276,Tree Removal,2022-06-24 01:09 PM,Tree Removal Inspection,TREEMAINTENANCE,"UF - BHATTARAI, NIMESH",11118 JUTLAND RD,"6, ZONE",573M,77048,CLOSED,2022-06-24,01:09 PM
188277,Tree Trim,2022-06-24 01:12 PM,Tree Trim Inspection,TREEMAINTENANCE,"UF - BHATTARAI, NIMESH",11118 JUTLAND RD,"6, ZONE",573M,77048,CLOSED,2022-06-24,01:12 PM
188278,Tree Removal,2022-06-24 01:15 PM,Tree Removal Inspection,TREEMAINTENANCE,"UF - BHATTARAI, NIMESH",541 S 75TH ST (MASON PARK),"5, ZONE",535A,77023,CLOSED,2022-06-24,01:15 PM
188279,Tree Trim,2022-06-24 01:51 PM,Tree Trim Inspection,TREEMAINTENANCE,"UF - BHATTARAI, NIMESH",5120 MARKWOOD LN,"7, ZONE",571Z,77053,CLOSED,2022-06-24,01:51 PM
188280,Tree Removal,2022-06-24 03:01 PM,Tree Removal Inspection,TREEMAINTENANCE,"UF - BHATTARAI, NIMESH",541 S 75TH ST (MASON PARK),"5, ZONE",535A,77023,CLOSED,2022-06-24,03:01 PM
188281,Tree Removal,2022-06-24 03:07 PM,Tree Removal Inspection,TREEMAINTENANCE,"UF - BHATTARAI, NIMESH",2001 CENTRAL ST,"5, ZONE",535G,77017,CLOSED,2022-06-24,03:07 PM
188282,Tree Trim,2022-06-24 03:19 PM,Tree Trim Inspection,TREEMAINTENANCE,"UF - BHATTARAI, NIMESH",3700 NATHANIEL BROWN ST,"6, ZONE",533Q,77021,CLOSED,2022-06-24,03:19 PM
188283,Tree Trim,2022-06-24 03:49 PM,Tree Trim Inspection,TREEMAINTENANCE,"UF - BHATTARAI, NIMESH",600 HURLEY ST,"4, ZONE",453G,77022,CLOSED,2022-06-24,03:49 PM
188284,Tree Trim,2022-06-24 03:49 PM,Tree Trim Inspection,TREEMAINTENANCE,"UF - BHATTARAI, NIMESH",2022 CHAPMAN ST,"4, ZONE",493D,77009,CLOSED,2022-06-24,03:49 PM
188285,Tree Trim,2022-06-24 04:04 PM,Tree Trim Inspection,TREEMAINTENANCE,"UF - BHATTARAI, NIMESH",10743 PRILLERMAN TRAILS DR,"4, ZONE",415S,77016,CLOSED,2022-06-24,04:04 PM
188286,Tree Trim,2022-06-24 05:10 PM,Tree Trim Inspection,TREEMAINTENANCE,"UF - JONES, CODY",400 GESSNER RD,"2, ZONE",490J,77024,CLOSED,2022-06-24,05:10 PM
188287,Tree Trim,2022-06-24 08:33 PM,Tree Trim Inspection,TREEMAINTENANCE,"UF - BURKES, JEREMY",7400 CARVER RD,"3, ZONE",412S,77088,CLOSED,2022-06-24,08:33 PM
188288,Tree Trim,2022-06-24 11:06 PM,Tree Trim Inspection,TREEMAINTENANCE,"UF - JONES, CODY",631 NEST LN,"3, ZONE",453E,77022,CLOSED,2022-06-24,11:06 PM
188289,Tree Trim,2022-06-25 09:56 AM,Tree Trim Inspection,TREEMAINTENANCE,"UF - JONES, CODY",300 PECORE ST,"3, ZONE",493B,77009,CLOSED,2022-06-25,09:56 AM
188290,Tree Trim,2022-06-25 12:53 PM,Tree Trim Inspection,TREEMAINTENANCE,"UF - JONES, CODY",717 REINERMAN ST,"2, ZONE",492G,77007,CLOSED,2022-06-25,12:53 PM
188291,Tree Trim,2022-06-25 05:46 PM,Tree Trim Inspection,TREEMAINTENANCE,"UF - JONES, CODY",3600 LOCKE LN,"2, ZONE",492T,77027,CLOSED,2022-06-25,05:46 PM
188292,Tree Removal,2022-06-26 01:28 PM,Tree Removal Inspection,TREEMAINTENANCE,"UF - BHATTARAI, NIMESH",5807 QUEENSLOCH DR,"7, ZONE",531S,77096,CLOSED,2022-06-26,01:28 PM
188293,Tree Removal,2022-06-26 01:35 PM,Tree Removal Inspection,TREEMAINTENANCE,"UF - BHATTARAI, NIMESH",5822 LUDINGTON DR,"7, ZONE",571A,77035,CLOSED,2022-06-26,01:35 PM
188294,Tree Trim,2022-06-26 01:43 PM,Tree Trim Inspection,TREEMAINTENANCE,"UF - BHATTARAI, NIMESH",6702 N WAYSIDE DR,"4, ZONE",455P,77028,CLOSED,2022-06-26,01:43 PM
188295,Tree Removal,2022-06-26 01:44 PM,Tree Removal Inspection,TREEMAINTENANCE,"UF - BHATTARAI, NIMESH",7102 CAPTAIN DR,"2, ZONE",530E,77036,CLOSED,2022-06-26,01:44 PM
188296,Tree Removal,2022-06-26 05:07 PM,Tree Removal Inspection,TREEMAINTENANCE,"UF - JONES, CODY",630 W 18TH ST,"3, ZONE",452V,77008,CLOSED,2022-06-26,05:07 PM
188297,Tree Trim,2022-06-26 05:10 PM,Tree Trim Inspection,TREEMAINTENANCE,"UF - JONES, CODY",824 WENDEL ST,"3, ZONE",493B,77009,CLOSED,2022-06-26,05:10 PM
188298,Tree Trim,2022-06-26 06:04 PM,Tree Trim Inspection,TREEMAINTENANCE,"UF - JONES, CODY",2500 BAGBY ST,"2, ZONE",493P,77006,CLOSED,2022-06-26,06:04 PM
188299,Tree Removal,2022-06-26 08:41 PM,Tree Removal Inspection,TREEMAINTENANCE,"UF - BHATTARAI, NIMESH",3600 ROGERDALE RD,"2, ZONE",529C,77042,CLOSED,2022-06-26,08:41 PM
188303,Tree Trim,2022-06-27 08:08 AM,Tree Trim Inspection,TREEMAINTENANCE,"UF - JONES, CODY",4018 BLUE BONNET BLVD,"7, ZONE",532J,77025,CLOSED,2022-06-27,08:08 AM
188304,Tree Trim,2022-06-27 08:48 AM,Tree Trim Inspection,TREEMAINTENANCE,"UF - BHATTARAI, NIMESH",723 REDWAY LN,"5, ZONE",618N,77062,CLOSED,2022-06-27,08:48 AM
188305,Tree Trim,2022-06-27 09:22 AM,Tree Trim Inspection,TREEMAINTENANCE,"UF - BHATTARAI, NIMESH",2402 SOUTH ST,"4, ZONE",493C,77009,CLOSED,2022-06-27,09:22 AM
188306,Tree Removal,2022-06-27 09:42 AM,Tree Removal Inspection,TREEMAINTENANCE,"UF - BHATTARAI, NIMESH",7714 SALINA ST,"4, ZONE",495A,77020,CLOSED,2022-06-27,09:42 AM
188307,Tree Trim,2022-06-27 09:52 AM,Tree Trim Inspection,TREEMAINTENANCE,"UF - JONES, CODY",310 SUL ROSS ST,"2, ZONE",493T,77006,CLOSED,2022-06-27,09:52 AM
188309,Tree Trim,2022-06-27 10:21 AM,Tree Trim Inspection,TREEMAINTENANCE,"UF - JONES, CODY",8500 VETERANS MEMORIAL DR,"3, ZONE",412Q,77088,CLOSED,2022-06-27,10:21 AM
188311,Tree Removal,2022-06-27 12:43 PM,Tree Removal Inspection,TREEMAINTENANCE,"UF - BHATTARAI, NIMESH",11315 SAGEWOOD DR,"6, ZONE",576Z,77089,CLOSED,2022-06-27,12:43 PM
188312,Tree Removal,2022-06-27 12:44 PM,Tree Removal Inspection,TREEMAINTENANCE,"UF - JONES, CODY",9423 MEADOWCROFT DR,"2, ZONE",490X,77063,CLOSED,2022-06-27,12:44 PM
188314,Tree Removal,2022-06-27 01:41 PM,Tree Removal Inspection,TREEMAINTENANCE,"UF - BHATTARAI, NIMESH",7802 HIGHMEADOW DR,"2, ZONE",490V,77063,CLOSED,2022-06-27,01:41 PM
188315,Tree Removal,2022-06-27 02:16 PM,Tree Removal Inspection,TREEMAINTENANCE,"UF - JONES, CODY",3034 FRANCIS ST,"6, ZONE",493Z,77004,CLOSED,2022-06-27,02:16 PM
188317,Tree Stump Grinding,2022-06-27 02:36 PM,Tree Stump Inspection,TREEMAINTENANCE,"UF - BHATTARAI, NIMESH",6322 CRESTVILLE ST,"6, ZONE",534P,77033,CLOSED,2022-06-27,02:36 PM
188318,Tree Stump Grinding,2022-06-27 02:40 PM,Tree Stump Inspection,TREEMAINTENANCE,"UF - BHATTARAI, NIMESH",403 WOODARD ST,"4, ZONE",453U,77009,CLOSED,2022-06-27,02:40 PM
188319,Tree Trim,2022-06-27 03:03 PM,Tree Trim Inspection,TREEMAINTENANCE,"UF - JONES, CODY",1500 LUBBOCK ST,"2, ZONE",493L,77007,CLOSED,2022-06-27,03:03 PM
188320,Tree Removal,2022-06-27 03:14 PM,Tree Removal Inspection,TREEMAINTENANCE,"UF - ERICKSON, IAN",2223 LAMONTE LN,"3, ZONE",451M,77018,CLOSED,2022-06-27,03:14 PM
188321,Tree Trim,2022-06-27 03:20 PM,Tree Trim Inspection,TREEMAINTENANCE,"UF - BHATTARAI, NIMESH",2822 BRIARHURST DR,"2, ZONE",491S,77057,CLOSED,2022-06-27,03:20 PM
188322,Tree Removal,2022-06-27 04:05 PM,Tree Removal Inspection,TREEMAINTENANCE,"UF - BHATTARAI, NIMESH",5235 LOTUS ST,"7, ZONE",571L,77045,CLOSED,2022-06-27,04:05 PM
188323,Tree Trim,2022-06-27 04:25 PM,Tree Trim Inspection,TREEMAINTENANCE,"UF - JONES, CODY",601 TRINITY ST,"2, ZONE",493K,77007,CLOSED,2022-06-27,04:25 PM
188324,Tree Removal,2022-06-27 04:27 PM,Tree Removal Inspection,TREEMAINTENANCE,"UF - JONES, CODY",1538 ARMADA DR,"3, ZONE",452B,77091,CLOSED,2022-06-27,04:27 PM
188325,Tree Trim,2022-06-27 04:48 PM,Tree Trim Inspection,TREEMAINTENANCE,"UF - BHATTARAI, NIMESH",5635 SOUTHBROOK DR,"6, ZONE",574A,77033,CLOSED,2022-06-27,04:48 PM
188326,Tree Removal,2022-06-27 04:53 PM,Tree Removal Inspection,TREEMAINTENANCE,"UF - JONES, CODY",4103 TURNBERRY CIR,"7, ZONE",532J,77025,CLOSED,2022-06-27,04:53 PM
188327,Tree Trim,2022-06-27 04:54 PM,Tree Trim Inspection,TREEMAINTENANCE,"UF - BURKES, JEREMY",PARKWAY DR & RANDOLPH ST,"3, ZONE",412Q,77088,CLOSED,2022-06-27,04:54 PM
188328,Tree Stump Grinding,2022-06-27 05:01 PM,Tree Stump Inspection,TREEMAINTENANCE,"UF - JONES, CODY",601 W 10TH ST,"3, ZONE",492D,77008,CLOSED,2022-06-27,05:01 PM
188329,Tree Trim,2022-06-27 05:11 PM,Tree Trim Inspection,TREEMAINTENANCE,"UF - BHATTARAI, NIMESH",7031 MOSS ROSE ST,"5, ZONE",535E,77087,CLOSED,2022-06-27,05:11 PM
188330,Tree Trim,2022-06-27 05:44 PM,Tree Trim Inspection,TREEMAINTENANCE,"UF - JONES, CODY",412 PARKER ST,"2, ZONE",492M,77007,CLOSED,2022-06-27,05:44 PM
188332,Tree Removal,2022-06-27 06:00 PM,Tree Removal Inspection,TREEMAINTENANCE,"UF - BHATTARAI, NIMESH",3500 W OREM DR,"7, ZONE",572K,77045,CLOSED,2022-06-27,06:00 PM
188333,Tree Removal,2022-06-27 06:00 PM,Tree Removal Inspection,TREEMAINTENANCE,"UF - BHATTARAI, NIMESH",7814 BALTIMORE ST,"5, ZONE",495W,77012,CLOSED,2022-06-27,06:00 PM
188334,Tree Trim,2022-06-27 06:33 PM,Tree Trim Inspection,TREEMAINTENANCE,"UF - BHATTARAI, NIMESH",11003 SAGETRAIL DR,"6, ZONE",616B,77089,CLOSED,2022-06-27,06:33 PM
188335,Tree Trim,2022-06-27 06:39 PM,Tree Trim Inspection,TREEMAINTENANCE,"UF - BHATTARAI, NIMESH",4760 FANNIN ST,"7, ZONE",493X,77004,CLOSED,2022-06-27,06:39 PM
188336,Tree Trim,2022-06-28 05:21 AM,Tree Trim Inspection,TREEMAINTENANCE,"UF - JONES, CODY",3503 ASHLOCK DR,"2, ZONE",488Z,77082,CLOSED,2022-06-28,05:21 AM
188340,Tree Removal,2022-06-28 08:48 AM,Tree Removal Inspection,TREEMAINTENANCE,"UF - BHATTARAI, NIMESH",7475 WESTOVER ST,"6, ZONE",535S,77087,CLOSED,2022-06-28,08:48 AM
188341,Tree Removal,2022-06-28 08:59 AM,Tree Removal Inspection,TREEMAINTENANCE,"UF - JONES, CODY",502 WESTHEIMER RD,"2, ZONE",493S,77006,CLOSED,2022-06-28,08:59 AM
188343,Tree Removal,2022-06-28 09:39 AM,Tree Removal Inspection,TREEMAINTENANCE,"UF - BHATTARAI, NIMESH",9122 BASSOON DR (BRAYS BAYOU),"7, ZONE",532N,77025,CLOSED,2022-06-28,09:39 AM
188345,Tree Trim,2022-06-28 09:47 AM,Tree Trim Inspection,TREEMAINTENANCE,"UF - BHATTARAI, NIMESH",605 SOREN LN,"4, ZONE",413Y,77076,CLOSED,2022-06-28,09:47 AM
188346,Tree Removal,2022-06-28 10:11 AM,Tree Removal Inspection,TREEMAINTENANCE,"UF - JONES, CODY",5224 CHERRY ST,"4, ZONE",454S,77026,CLOSED,2022-06-28,10:11 AM
188347,Tree Trim,2022-06-28 10:21 AM,Tree Trim Inspection,TREEMAINTENANCE,"UF - BHATTARAI, NIMESH",2301 SUNSET BLVD,"7, ZONE",532C,77005,CLOSED,2022-06-28,10:21 AM
188348,Tree Trim,2022-06-28 10:39 AM,Tree Trim Inspection,TREEMAINTENANCE,"UF - BHATTARAI, NIMESH",5859 DRYAD DR,"7, ZONE",571E,77035,CLOSED,2022-06-28,10:39 AM
188349,Tree Removal,2022-06-28 10:44 AM,Tree Removal Inspection,TREEMAINTENANCE,"UF - BHATTARAI, NIMESH",3918 ROSEBUD DR,"7, ZONE",572S,77053,CLOSED,2022-06-28,10:44 AM
188350,Tree Trim,2022-06-28 11:42 AM,Tree Trim Inspection,TREEMAINTENANCE,"UF - BHATTARAI, NIMESH",6200 SUNNYCREST ST,"6, ZONE",534Q,77087,CLOSED,2022-06-28,11:42 AM
188351,Tree Trim,2022-06-28 11:45 AM,Tree Trim Inspection,TREEMAINTENANCE,"UF - JONES, CODY",6700 SYNOTT RD,"2, ZONE",528G,77083,CLOSED,2022-06-28,11:45 AM
188352,Tree Removal,2022-06-28 12:00 PM,Tree Removal Inspection,TREEMAINTENANCE,"UF - JONES, CODY",12911 WESTHORPE DR,"2, ZONE",488Q,77077,CLOSED,2022-06-28,12:00 PM
188353,Tree Trim,2022-06-28 01:07 PM,Tree Trim Inspection,TREEMAINTENANCE,"UF - JONES, CODY",9551 HIGHMEADOW DR,"2, ZONE",490W,77063,CLOSED,2022-06-28,01:07 PM
188354,Tree Trim,2022-06-28 01:21 PM,Tree Trim Inspection,TREEMAINTENANCE,"UF - BHATTARAI, NIMESH",5602 HIRONDEL ST,"6, ZONE",574A,77033,CLOSED,2022-06-28,01:21 PM
188355,Tree Trim,2022-06-28 02:18 PM,Tree Trim Inspection,TREEMAINTENANCE,"UF - BHATTARAI, NIMESH",5930 WALTRIP ST,"6, ZONE",534V,77087,CLOSED,2022-06-28,02:18 PM
188356,Tree Removal,2022-06-28 03:11 PM,Tree Removal Inspection,TREEMAINTENANCE,"UF - JONES, CODY",6521 GRAPE ST,"7, ZONE",530R,77074,CLOSED,2022-06-28,03:11 PM
188357,Tree Trim,2022-06-28 03:52 PM,Tree Trim Inspection,TREEMAINTENANCE,"UF - BHATTARAI, NIMESH",3347 KILGORE ST,"6, ZONE",533L,77021,CLOSED,2022-06-28,03:52 PM
188358,Tree Trim,2022-06-28 04:07 PM,Tree Trim Inspection,TREEMAINTENANCE,"UF - JONES, CODY",12557 BEAR VALLEY DR,"2, ZONE",528M,77072,CLOSED,2022-06-28,04:07 PM
188359,Tree Trim,2022-06-28 04:08 PM,Tree Trim Inspection,TREEMAINTENANCE,"UF - BHATTARAI, NIMESH",3718 SAYERS ST,"4, ZONE",454X,77026,CLOSED,2022-06-28,04:08 PM
188360,Tree Removal,2022-06-28 04:09 PM,Tree Removal Inspection,TREEMAINTENANCE,"UF - JONES, CODY",5445 BRAESVALLEY DR,"7, ZONE",531T,77096,CLOSED,2022-06-28,04:09 PM
188361,Tree Removal,2022-06-28 04:16 PM,Tree Removal Inspection,TREEMAINTENANCE,"UF - JONES, CODY",12777 ASHFORD POINT DR,"2, ZONE",528D,77082,CLOSED,2022-06-28,04:16 PM
188362,Tree Removal,2022-06-28 04:20 PM,Tree Removal Inspection,TREEMAINTENANCE,"UF - BHATTARAI, NIMESH",4444 COYLE ST,"5, ZONE",494W,77023,CLOSED,2022-06-28,04:20 PM
188363,Tree Code Violation,2022-06-28 04:22 PM,Tree Code Violation Inspection,TREEPROTECTION,"UF - JONES, CODY",525 BYRNE ST,"3, ZONE",493B,77009,CLOSED,2022-06-28,04:22 PM
188364,Tree Code Violation,2022-06-28 04:28 PM,Tree Code Violation Inspection,TREEPROTECTION,"UF - JONES, CODY",525 EUCLID ST,"3, ZONE",493B,77009,CLOSED,2022-06-28,04:28 PM
188365,Tree Trim,2022-06-28 04:29 PM,Tree Trim Inspection,TREEMAINTENANCE,"UF - JONES, CODY",14737 MEMORIAL DR,"2, ZONE",488H,77079,CLOSED,2022-06-28,04:29 PM
188366,Tree Trim,2022-06-28 05:07 PM,Tree Trim Inspection,TREEMAINTENANCE,"UF - BHATTARAI, NIMESH",3333 ALABAMA ST,"6, ZONE",533D,77004,CLOSED,2022-06-28,05:07 PM
188367,Tree Trim,2022-06-28 05:56 PM,Tree Trim Inspection,TREEMAINTENANCE,"UF - BHATTARAI, NIMESH",8715 MEADOWCROFT DR,"2, ZONE",490Y,77063,CLOSED,2022-06-28,05:56 PM
188368,Tree Removal,2022-06-28 06:11 PM,Tree Removal Inspection,TREEMAINTENANCE,"UF - JONES, CODY",1515 BUCKMANN CT,"3, ZONE",450W,77043,CLOSED,2022-06-28,06:11 PM
188369,Tree Removal,2022-06-28 08:45 PM,Tree Removal Inspection,TREEMAINTENANCE,"UF - JONES, CODY",6671 W BELLFORT AVE,"7, ZONE",570D,77096,CLOSED,2022-06-28,08:45 PM
188370,Tree Trim,2022-06-29 08:33 AM,Tree Trim Inspection,TREEMAINTENANCE,"UF - BHATTARAI, NIMESH",7600 ROSWELL ST,"4, ZONE",453L,77022,CLOSED,2022-06-29,08:33 AM
188371,Tree Removal,2022-06-29 08:52 AM,Tree Removal Inspection,TREEMAINTENANCE,"UF - BHATTARAI, NIMESH",4826 BROOKSTON ST,"7, ZONE",571M,77045,CLOSED,2022-06-29,08:52 AM
188372,Tree Removal,2022-06-29 08:55 AM,Tree Removal Inspection,TREEMAINTENANCE,"UF - BHATTARAI, NIMESH",3922 ROSEBUD DR,"7, ZONE",572S,77053,CLOSED,2022-06-29,08:55 AM
188373,Tree Removal,2022-06-29 09:14 AM,Tree Removal Inspection,TREEMAINTENANCE,"UF - JONES, CODY",1100 RICHMOND AVE,"2, ZONE",493W,77006,CLOSED,2022-06-29,09:14 AM
188376,Tree Removal,2022-06-29 10:11 AM,Tree Removal Inspection,TREEMAINTENANCE,"UF - JONES, CODY",11703 BANDLON DR,"2, ZONE",529E,77072,CLOSED,2022-06-29,10:11 AM
188377,Tree Trim,2022-06-29 10:50 AM,Tree Trim Inspection,TREEMAINTENANCE,"UF - BHATTARAI, NIMESH",12506 ADIRONDACK DR,"6, ZONE",616H,77089,CLOSED,2022-06-29,10:50 AM
188378,Tree Trim,2022-06-29 10:58 AM,Tree Trim Inspection,TREEMAINTENANCE,"UF - BHATTARAI, NIMESH",8342 BONNER DR,"5, ZONE",535Q,77017,CLOSED,2022-06-29,10:58 AM
188379,Tree Trim,2022-06-29 11:20 AM,Tree Trim Inspection,TREEMAINTENANCE,"UF - JONES, CODY",6115 DUMFRIES DR,"7, ZONE",530V,77096,CLOSED,2022-06-29,11:20 AM
188380,Tree Trim,2022-06-29 11:23 AM,Tree Trim Inspection,TREEMAINTENANCE,"UF - JONES, CODY",533 OXFORD ST,"3, ZONE",493A,77007,CLOSED,2022-06-29,11:23 AM
188382,Tree Trim,2022-06-29 12:20 PM,Tree Trim Inspection,TREEMAINTENANCE,"UF - JONES, CODY",11915 N YOUNGWOOD LN,"3, ZONE",449L,77043,CLOSED,2022-06-29,12:20 PM
188383,Tree Trim,2022-06-29 12:29 PM,Tree Trim Inspection,TREEMAINTENANCE,"UF - BHATTARAI, NIMESH",3915 RUSTIC WOODS DR,"4, ZONE",297X,77339,CLOSED,2022-06-29,12:29 PM
188384,Tree Trim,2022-06-29 12:44 PM,Tree Trim Inspection,TREEMAINTENANCE,"UF - BHATTARAI, NIMESH",8216 GLENVIEW DR,"5, ZONE",535U,77017,CLOSED,2022-06-29,12:44 PM
188385,Tree Trim,2022-06-29 01:11 PM,Tree Trim Inspection,TREEMAINTENANCE,"UF - JONES, CODY",11735 BEXLEY DR,"2, ZONE",529N,77099,CLOSED,2022-06-29,01:11 PM
188386,Tree Removal,2022-06-29 01:27 PM,Tree Removal Inspection,TREEMAINTENANCE,"UF - JONES, CODY",3650 SAN FELIPE ST,"2, ZONE",492N,77019,ROUTE,2022-06-29,01:27 PM
188389,Tree Removal,2022-06-29 02:16 PM,Tree Removal Inspection,TREEMAINTENANCE,"UF - BHATTARAI, NIMESH",4120 LAMAR ST,"5, ZONE",494S,77023,CLOSED,2022-06-29,02:16 PM
188390,Tree Removal,2022-06-29 02:17 PM,Tree Removal Inspection,TREEMAINTENANCE,"UF - BHATTARAI, NIMESH",4822 VAN FLEET ST,"6, ZONE",533V,77033,CLOSED,2022-06-29,02:17 PM
188392,Tree Trim,2022-06-29 02:48 PM,Tree Trim Inspection,TREEMAINTENANCE,"UF - JONES, CODY",3723 ALLEN PKWY,"2, ZONE",492M,77019,CLOSED,2022-06-29,02:48 PM
188393,Tree Trim,2022-06-29 03:39 PM,Tree Trim Inspection,TREEMAINTENANCE,"UF - JONES, CODY",9117 BRIAR FOREST DR,"2, ZONE",490P,77024,CLOSED,2022-06-29,03:39 PM
188394,Tree Trim,2022-06-29 03:45 PM,Tree Trim Inspection,TREEMAINTENANCE,"UF - BHATTARAI, NIMESH",9202 SCOTT ST,"6, ZONE",573C,77051,CLOSED,2022-06-29,03:45 PM
188395,Tree Removal,2022-06-29 04:18 PM,Tree Removal Inspection,TREEMAINTENANCE,"UF - JONES, CODY",5602 TIGER LILLY WAY,"7, ZONE",571L,77085,CLOSED,2022-06-29,04:18 PM
188396,Tree Trim,2022-06-29 04:31 PM,Tree Trim Inspection,TREEMAINTENANCE,"UF - JONES, CODY",3734 LINKVIEW DR,"7, ZONE",532N,77025,CLOSED,2022-06-29,04:31 PM
188397,Tree Trim,2022-06-29 04:34 PM,Tree Trim Inspection,TREEMAINTENANCE,"UF - JONES, CODY",8710 LINKFAIR LN,"7, ZONE",532N,77025,CLOSED,2022-06-29,04:34 PM
188398,Tree Trim,2022-06-29 05:16 PM,Tree Trim Inspection,TREEMAINTENANCE,"UF - BHATTARAI, NIMESH",114 DRENNAN ST,"5, ZONE",494P,77003,CLOSED,2022-06-29,05:16 PM
188399,Tree Trim,2022-06-29 07:50 PM,Tree Trim Inspection,TREEMAINTENANCE,"UF - BHATTARAI, NIMESH",12702 BAUMAN RD,"4, ZONE",413Q,77037,CLOSED,2022-06-29,07:50 PM
188400,Tree Trim,2022-06-29 08:23 PM,Tree Trim Inspection,TREEMAINTENANCE,"UF - JONES, CODY",W HOLCOMBE BLVD & BROMPTON ST,"7, ZONE",532F,77025,CLOSED,2022-06-29,08:23 PM
188401,Tree Trim,2022-06-29 09:32 PM,Tree Trim Inspection,TREEMAINTENANCE,"UF - BHATTARAI, NIMESH",310 SUL ROSS ST,"2, ZONE",493T,77006,CLOSED,2022-06-29,09:32 PM
188402,Tree Trim,2022-06-30 06:35 AM,Tree Trim Inspection,TREEMAINTENANCE,"UF - JONES, CODY",2727 W HOLCOMBE BLVD,"7, ZONE",532G,77025,CLOSED,2022-06-30,06:35 AM
188406,Tree Removal,2022-06-30 09:16 AM,Tree Removal Inspection,TREEMAINTENANCE,"UF - BHATTARAI, NIMESH",12855 HALIFAX ST,"4, ZONE",497A,77015,CLOSED,2022-06-30,09:16 AM
188407,Tree Removal,2022-06-30 09:21 AM,Tree Removal Inspection,TREEMAINTENANCE,"UF - BHATTARAI, NIMESH",12900 HALIFAX ST,"4, ZONE",497A,77015,CLOSED,2022-06-30,09:21 AM
188409,Tree Trim,2022-06-30 09:30 AM,Tree Trim Inspection,TREEMAINTENANCE,"UF - JONES, CODY",5900 BISSONNET ST,"7, ZONE",531J,77081,CLOSED,2022-06-30,09:30 AM
188411,Tree Trim,2022-06-30 10:12 AM,Tree Trim Inspection,TREEMAINTENANCE,"UF - JONES, CODY",5727 VALKEITH DR,"7, ZONE",531S,77096,CLOSED,2022-06-30,10:12 AM
188412,Tree Removal,2022-06-30 10:27 AM,Tree Removal Inspection,TREEMAINTENANCE,"UF - BHATTARAI, NIMESH",400 MERCURY DR (HERMAN BROWN PARK),"4, ZONE",496E,77013,CLOSED,2022-06-30,10:27 AM
188414,Tree Trim,2022-06-30 11:16 AM,Tree Trim Inspection,TREEMAINTENANCE,"UF - JONES, CODY",5919 BANKSIDE DR,"7, ZONE",531W,77096,CLOSED,2022-06-30,11:16 AM
188415,Tree Trim,2022-06-30 11:24 AM,Tree Trim Inspection,TREEMAINTENANCE,"UF - BHATTARAI, NIMESH",8610 EMNORA LN,"3, ZONE",450R,77080,CLOSED,2022-06-30,11:24 AM
188416,Tree Removal,2022-06-30 11:25 AM,Tree Removal Inspection,TREEMAINTENANCE,"UF - JONES, CODY",7026 CAPTAIN DR,"2, ZONE",530E,77036,CLOSED,2022-06-30,11:25 AM
188417,Tree Trim,2022-06-30 11:43 AM,Tree Trim Inspection,TREEMAINTENANCE,"UF - JONES, CODY",5730 DUMFRIES DR,"7, ZONE",531S,77096,CLOSED,2022-06-30,11:43 AM
188419,Tree Removal,2022-06-30 12:04 PM,Tree Removal Inspection,TREEMAINTENANCE,"UF - BHATTARAI, NIMESH",1705 CAMPBELL RD,"3, ZONE",450U,77080,CLOSED,2022-06-30,12:04 PM
188421,Tree Removal,2022-06-30 01:17 PM,Tree Removal Inspection,TREEMAINTENANCE,"UF - JONES, CODY",10626 SHARPVIEW DR,"2, ZONE",529L,77072,CLOSED,2022-06-30,01:17 PM
188422,Tree Removal,2022-06-30 01:35 PM,Tree Removal Inspection,TREEMAINTENANCE,"UF - BHATTARAI, NIMESH",541 S 75TH ST (MASON PARK),"5, ZONE",535A,77023,CLOSED,2022-06-30,01:35 PM
188423,Tree Removal,2022-06-30 02:23 PM,Tree Removal Inspection,TREEMAINTENANCE,"UF - JONES, CODY",2413 WHITNEY ST,"2, ZONE",493N,77006,CLOSED,2022-06-30,02:23 PM
188424,Tree Removal,2022-06-30 02:46 PM,Tree Removal Inspection,TREEMAINTENANCE,"UF - JONES, CODY",12721 WICKLEY DR,"7, ZONE",571G,77085,CLOSED,2022-06-30,02:46 PM
188428,Tree Removal,2022-06-30 03:01 PM,Tree Removal Inspection,TREEMAINTENANCE,"UF - BHATTARAI, NIMESH",4622 DAGG RD,"6, ZONE",614A,77048,CLOSED,2022-06-30,03:01 PM
188429,Tree Removal,2022-06-30 03:09 PM,Tree Removal Inspection,TREEMAINTENANCE,"UF - BHATTARAI, NIMESH",804 MALTBY ST,"5, ZONE",494V,77011,CLOSED,2022-06-30,03:09 PM
188430,Tree Removal,2022-06-30 04:29 PM,Tree Removal Inspection,TREEMAINTENANCE,"UF - JONES, CODY",903 MARSHALL ST,"2, ZONE",493S,77006,CLOSED,2022-06-30,04:29 PM
188431,Tree Removal,2022-06-30 05:02 PM,Tree Removal Inspection,TREEMAINTENANCE,"UF - JONES, CODY",6234 FAIRDALE LN,"2, ZONE",491W,77057,CLOSED,2022-06-30,05:02 PM
188433,Tree Removal,2022-07-01 08:02 AM,Tree Removal Inspection,TREEMAINTENANCE,"UF - BHATTARAI, NIMESH",1000 GRACELAND ST,"4, ZONE",453V,77009,CLOSED,2022-07-01,08:02 AM
188434,Tree Removal,2022-07-01 08:02 AM,Tree Removal Inspection,TREEMAINTENANCE,"UF - BHATTARAI, NIMESH",4900 NOBLE ST,"4, ZONE",494C,77020,CLOSED,2022-07-01,08:02 AM
188435,Tree Trim,2022-07-01 08:20 AM,Tree Trim Inspection,TREEMAINTENANCE,"UF - BHATTARAI, NIMESH",8513 HOFFMAN ST,"4, ZONE",454G,77016,CLOSED,2022-07-01,08:20 AM
188436,Tree Removal,2022-07-01 08:27 AM,Tree Removal Inspection,TREEMAINTENANCE,"UF - BURKES, JEREMY",2999 S WAYSIDE DR,"6, ZONE",534G,77023,CLOSED,2022-07-01,08:27 AM
188437,Tree Trim,2022-07-01 09:06 AM,Tree Trim Inspection,TREEMAINTENANCE,"UF - JONES, CODY",4115 NATHANS PARK PL (WILDHEATHER PARK),"7, ZONE",572S,77053,CLOSED,2022-07-01,09:06 AM
188438,Tree Removal,2022-07-01 09:09 AM,Tree Removal Inspection,TREEMAINTENANCE,"UF - JONES, CODY",4115 NATHANS PARK PL (WILDHEATHER PARK),"7, ZONE",572S,77053,CLOSED,2022-07-01,09:09 AM
188439,Tree Trim,2022-07-01 09:48 AM,Tree Trim Inspection,TREEMAINTENANCE,"UF - JONES, CODY",6629 SAXET ST,"3, ZONE",451Y,77055,CLOSED,2022-07-01,09:48 AM
188440,Tree Trim,2022-07-01 11:30 AM,Tree Trim Inspection,TREEMAINTENANCE,"UF - JONES, CODY",9627 W AIRPORT BLVD,"7, ZONE",569H,77477,CLOSED,2022-07-01,11:30 AM
188441,Tree Trim,2022-07-01 12:42 PM,Tree Trim Inspection,TREEMAINTENANCE,"UF - BHATTARAI, NIMESH",13810 PLACID BROOK CT,"5, ZONE",618A,77034,CLOSED,2022-07-01,12:42 PM
188442,Tree Trim,2022-07-01 12:57 PM,Tree Trim Inspection,TREEMAINTENANCE,"UF - JONES, CODY",4323 WUTHERING HEIGHTS DR,"7, ZONE",572J,77045,CLOSED,2022-07-01,12:57 PM
188443,Tree Trim,2022-07-01 01:01 PM,Tree Trim Inspection,TREEMAINTENANCE,"UF - BHATTARAI, NIMESH",5950 SOUTHSEAS ST,"6, ZONE",534T,77033,CLOSED,2022-07-01,01:01 PM
188444,Tree Trim,2022-07-01 01:07 PM,Tree Trim Inspection,TREEMAINTENANCE,"UF - JONES, CODY",15122 HIRAM CLARKE RD,"7, ZONE",571V,77053,CLOSED,2022-07-01,01:07 PM
188445,Tree Removal,2022-07-01 01:37 PM,Tree Removal Inspection,TREEMAINTENANCE,"UF - JONES, CODY",5218 JASON ST,"7, ZONE",531P,77096,CLOSED,2022-07-01,01:37 PM
188446,Tree Trim,2022-07-01 01:40 PM,Tree Trim Inspection,TREEMAINTENANCE,"UF - JONES, CODY",6510 SIVLEY ST,"3, ZONE",451Y,77055,CLOSED,2022-07-01,01:40 PM
188448,Tree Removal,2022-07-01 02:04 PM,Tree Removal Inspection,TREEMAINTENANCE,"UF - JONES, CODY",5911 BENT BOUGH LN,"3, ZONE",411T,77088,CLOSED,2022-07-01,02:04 PM
188449,Tree Trim,2022-07-01 02:43 PM,Tree Trim Inspection,TREEMAINTENANCE,"UF - BHATTARAI, NIMESH",10634 WOLBROOK ST,"4, ZONE",414V,77016,CLOSED,2022-07-01,02:43 PM
188450,Tree Trim,2022-07-01 02:52 PM,Tree Trim Inspection,TREEMAINTENANCE,"UF - JONES, CODY",10934 BOONE LOOP RD,"2, ZONE",529T,77099,CLOSED,2022-07-01,02:52 PM
188451,Tree Removal,2022-07-01 04:14 PM,Tree Removal Inspection,TREEMAINTENANCE,"UF - JONES, CODY",3934 BROWNSTONE LN,"7, ZONE",572S,77053,CLOSED,2022-07-01,04:14 PM
188452,Tree Trim,2022-07-02 05:57 AM,Tree Trim Inspection,TREEMAINTENANCE,"UF - JONES, CODY",1900 WESTHEIMER RD,"2, ZONE",492V,77019,CLOSED,2022-07-02,05:57 AM
188453,Tree Removal,2022-07-02 09:25 AM,Tree Removal Inspection,TREEMAINTENANCE,"UF - BHATTARAI, NIMESH",2238 HUTTON ST,"4, ZONE",494B,77026,CLOSED,2022-07-02,09:25 AM
188454,Tree Removal,2022-07-02 09:26 AM,Tree Removal Inspection,TREEMAINTENANCE,"UF - JONES, CODY",5031 KINGFISHER DR,"7, ZONE",531Y,77035,CLOSED,2022-07-02,09:26 AM
188455,Tree Trim,2022-07-02 07:43 PM,Tree Trim Inspection,TREEMAINTENANCE,"UF - JONES, CODY",1715 ASHLAND ST,"3, ZONE",452V,77008,CLOSED,2022-07-02,07:43 PM
188456,Tree Trim,2022-07-02 07:52 PM,Tree Trim Inspection,TREEMAINTENANCE,"UF - BHATTARAI, NIMESH",5300 ARAPAHOE ST,"5, ZONE",494G,77020,CLOSED,2022-07-02,07:52 PM
188457,Tree Removal,2022-07-03 04:58 AM,Tree Removal Inspection,TREEMAINTENANCE,"UF - BHATTARAI, NIMESH",9300 HOWARD DR,"5, ZONE",536N,77017,CLOSED,2022-07-03,04:58 AM
188458,Tree Removal,2022-07-03 05:07 AM,Tree Removal Inspection,TREEMAINTENANCE,"UF - BHATTARAI, NIMESH",500 AHRENS ST (OAK MEADOWS PARK),"5, ZONE",536J,77017,CLOSED,2022-07-03,05:07 AM
188459,Tree Trim,2022-07-03 09:13 AM,Tree Trim Inspection,TREEMAINTENANCE,"UF - JONES, CODY",1917 NIGHT STAR LN,"2, ZONE",488R,77077,CLOSED,2022-07-03,09:13 AM
188460,Tree Removal,2022-07-03 03:08 PM,Tree Removal Inspection,TREEMAINTENANCE,"UF - BHATTARAI, NIMESH",6614 KASSARINE PASS,"6, ZONE",534N,77033,CLOSED,2022-07-03,03:08 PM
188461,Tree Trim,2022-07-03 03:29 PM,Tree Trim Inspection,TREEMAINTENANCE,"UF - BHATTARAI, NIMESH",6617 KASSARINE PASS,"6, ZONE",534N,77033,CLOSED,2022-07-03,03:29 PM
188462,Tree Removal,2022-07-03 03:47 PM,Tree Removal Inspection,TREEMAINTENANCE,"UF - BHATTARAI, NIMESH",6610 KASSARINE PASS,"6, ZONE",534N,77033,CLOSED,2022-07-03,03:47 PM
188463,Tree Removal,2022-07-03 04:11 PM,Tree Removal Inspection,TREEMAINTENANCE,"UF - BHATTARAI, NIMESH",6610 KASSARINE PASS,"6, ZONE",534N,77033,CLOSED,2022-07-03,04:11 PM
188464,Tree Removal,2022-07-03 07:07 PM,Tree Removal Inspection,TREEMAINTENANCE,"UF - JONES, CODY",6300 RODRIGO ST,"2, ZONE",492F,77007,CLOSED,2022-07-03,07:07 PM
188465,Tree Trim,2022-07-04 07:44 AM,Tree Trim Inspection,TREEMAINTENANCE,"UF - BHATTARAI, NIMESH",7609 AVENUE K,"5, ZONE",495S,77012,CLOSED,2022-07-04,07:44 AM
188466,Tree Removal,2022-07-04 11:09 AM,Tree Removal Inspection,TREEMAINTENANCE,"UF - BHATTARAI, NIMESH",3703 ZEPHYR ST,"6, ZONE",533L,77021,CLOSED,2022-07-04,11:09 AM
188467,Tree Removal,2022-07-04 12:39 PM,Tree Removal Inspection,TREEMAINTENANCE,"UF - BHATTARAI, NIMESH",7202 BLANDFORD LN,"3, ZONE",451X,77055,CLOSED,2022-07-04,12:39 PM
188468,Tree Removal,2022-07-04 07:29 PM,Tree Removal Inspection,TREEMAINTENANCE,"UF - JONES, CODY",10918 BURDINE ST,"7, ZONE",531X,77096,CLOSED,2022-07-04,07:29 PM
188470,Tree Trim,2022-07-04 11:51 PM,Tree Trim Inspection,TREEMAINTENANCE,"UF - JONES, CODY",7523 JALNA ST,"3, ZONE",451T,77055,CLOSED,2022-07-04,11:51 PM
188471,Tree Removal,2022-07-05 08:00 AM,Tree Removal Inspection,TREEMAINTENANCE,"UF - JONES, CODY",6100 HERMANN PARK DR (MCGOVERN LAKE PLAZA),"7, ZONE",533A,77030,CLOSED,2022-07-05,08:00 AM
188472,Tree Removal,2022-07-05 08:30 AM,Tree Removal Inspection,TREEMAINTENANCE,"UF - JONES, CODY",12211 ALPHA ST,"2, ZONE",529N,77072,CLOSED,2022-07-05,08:30 AM
188473,Tree Trim,2022-07-05 08:33 AM,Tree Trim Inspection,TREEMAINTENANCE,"UF - JONES, CODY",7959 DEER MEADOW DR,"7, ZONE",570G,77071,CLOSED,2022-07-05,08:33 AM
188474,Tree Removal,2022-07-05 09:01 AM,Tree Removal Inspection,TREEMAINTENANCE,"UF - BHATTARAI, NIMESH",6613 KASSARINE PASS,"6, ZONE",534N,77033,CLOSED,2022-07-05,09:01 AM
188475,Tree Removal,2022-07-05 09:01 AM,Tree Removal Inspection,TREEMAINTENANCE,"UF - JONES, CODY",11214 TIMBERLINE RD,"3, ZONE",449X,77043,CLOSED,2022-07-05,09:01 AM
188478,Tree Removal,2022-07-05 10:41 AM,Tree Removal Inspection,TREEMAINTENANCE,"UF - JONES, CODY",1213 REINERMAN ST,"2, ZONE",492G,77007,CLOSED,2022-07-05,10:41 AM
188479,Tree Trim,2022-07-05 11:17 AM,Tree Trim Inspection,TREEMAINTENANCE,"UF - BHATTARAI, NIMESH",7101 LA PASEO ST,"6, ZONE",534V,77087,CLOSED,2022-07-05,11:17 AM
188480,Tree Trim,2022-07-05 11:18 AM,Tree Trim Inspection,TREEMAINTENANCE,"UF - BURKES, JEREMY",1103 BLAND ST,"3, ZONE",412X,77091,CLOSED,2022-07-05,11:18 AM
188481,Tree Removal,2022-07-05 12:23 PM,Tree Removal Inspection,TREEMAINTENANCE,"UF - JONES, CODY",6623 LAUGHLIN DR,"7, ZONE",571W,77489,CLOSED,2022-07-05,12:23 PM
188482,Tree Removal,2022-07-05 12:23 PM,Tree Removal Inspection,TREEMAINTENANCE,"UF - BHATTARAI, NIMESH",6106 AUTUMN ARBOR DR,"3, ZONE",451B,77092,CLOSED,2022-07-05,12:23 PM
188486,Tree Removal,2022-07-05 12:54 PM,Tree Removal Inspection,TREEMAINTENANCE,"UF - JONES, CODY",3922 ROSEBUD DR,"7, ZONE",572S,77053,CLOSED,2022-07-05,12:54 PM
188487,Tree Removal,2022-07-05 01:39 PM,Tree Removal Inspection,TREEMAINTENANCE,"UF - JONES, CODY",5806 DRYAD DR,"7, ZONE",571E,77035,CLOSED,2022-07-05,01:39 PM
188488,Tree Removal,2022-07-05 02:06 PM,Tree Removal Inspection,TREEMAINTENANCE,"UF - JONES, CODY",4022 MERRICK ST,"7, ZONE",532J,77025,CLOSED,2022-07-05,02:06 PM
188490,Tree Trim,2022-07-05 02:51 PM,Tree Trim Inspection,TREEMAINTENANCE,"UF - BHATTARAI, NIMESH",8400 DENTON ST,"4, ZONE",455F,77028,CLOSED,2022-07-05,02:51 PM
188492,Tree Removal,2022-07-05 02:57 PM,Tree Removal Inspection,TREEMAINTENANCE,"UF - BHATTARAI, NIMESH",13155 CLAY RD,"3, ZONE",449F,77084,CLOSED,2022-07-05,02:57 PM
188493,Tree Trim,2022-07-05 03:01 PM,Tree Trim Inspection,TREEMAINTENANCE,"UF - BHATTARAI, NIMESH",18801 SAUMS RD (CULLEN PARK),"3, ZONE",447S,77084,CLOSED,2022-07-05,03:01 PM
188494,Tree Removal,2022-07-05 03:10 PM,Tree Removal Inspection,TREEMAINTENANCE,"UF - BHATTARAI, NIMESH",11402 CULLEN BLVD,"6, ZONE",573M,77047,CLOSED,2022-07-05,03:10 PM
188495,Tree Trim,2022-07-05 03:16 PM,Tree Trim Inspection,TREEMAINTENANCE,"UF - BHATTARAI, NIMESH",5950 SOUTHSEAS ST,"6, ZONE",534T,77033,CLOSED,2022-07-05,03:16 PM
188496,Tree Trim,2022-07-05 03:51 PM,Tree Trim Inspection,TREEMAINTENANCE,"UF - BHATTARAI, NIMESH",9630 MEADOWCROFT DR,"2, ZONE",490W,77063,CLOSED,2022-07-05,03:51 PM
188497,Tree Removal,2022-07-05 03:57 PM,Tree Removal Inspection,TREEMAINTENANCE,"UF - JONES, CODY",1107 USENER ST,"3, ZONE",493A,77009,CLOSED,2022-07-05,03:57 PM
188498,Tree Trim,2022-07-05 04:19 PM,Tree Trim Inspection,TREEMAINTENANCE,"UF - BHATTARAI, NIMESH",3014 DALLAS ST,"5, ZONE",493V,77003,CLOSED,2022-07-05,04:19 PM
188499,Tree Removal,2022-07-05 04:35 PM,Tree Removal Inspection,TREEMAINTENANCE,"UF - BHATTARAI, NIMESH",7646 BELBAY ST,"6, ZONE",534X,77033,CLOSED,2022-07-05,04:35 PM
188500,Tree Removal,2022-07-05 05:04 PM,Tree Removal Inspection,TREEMAINTENANCE,"UF - BHATTARAI, NIMESH",4676 BELLFORT ST,"6, ZONE",533Z,77051,CLOSED,2022-07-05,05:04 PM
188501,Tree Trim,2022-07-05 09:41 PM,Tree Trim Inspection,TREEMAINTENANCE,"UF - BHATTARAI, NIMESH",9147 WESTVIEW DR,"3, ZONE",450Y,77055,CLOSED,2022-07-05,09:41 PM
188509,Tree Removal,2022-07-06 09:36 AM,Tree Removal Inspection,TREEMAINTENANCE,"UF - JONES, CODY",9013 MCGALLION RD,"4, ZONE",453G,77022,CLOSED,2022-07-06,09:36 AM
188510,Tree Removal,2022-07-06 09:39 AM,Tree Removal Inspection,TREEMAINTENANCE,"UF - BHATTARAI, NIMESH",4826 BROOM ST,"3, ZONE",451G,77091,CLOSED,2022-07-06,09:39 AM
188511,Tree Removal,2022-07-06 09:48 AM,Tree Removal Inspection,TREEMAINTENANCE,"UF - BHATTARAI, NIMESH",7702 SATSUMA ST,"5, ZONE",535A,77023,CLOSED,2022-07-06,09:48 AM
188512,Tree Trim,2022-07-06 10:06 AM,Tree Trim Inspection,TREEMAINTENANCE,"UF - JONES, CODY",2239 NORTH BLVD,"7, ZONE",492Y,77098,CLOSED,2022-07-06,10:06 AM
188513,Tree Removal,2022-07-06 10:12 AM,Tree Removal Inspection,TREEMAINTENANCE,"UF - JONES, CODY",9819 MCGALLION RD,"4, ZONE",453C,77076,CLOSED,2022-07-06,10:12 AM
188514,Tree Trim,2022-07-06 10:18 AM,Tree Trim Inspection,TREEMAINTENANCE,"UF - BHATTARAI, NIMESH",1818 HATWELL ST,"5, ZONE",534C,77023,CLOSED,2022-07-06,10:18 AM
188515,Tree Trim,2022-07-06 10:36 AM,Tree Trim Inspection,TREEMAINTENANCE,"UF - JONES, CODY",9327 NEFF ST,"2, ZONE",529H,77036,CLOSED,2022-07-06,10:36 AM
188516,Tree Trim,2022-07-06 10:39 AM,Tree Trim Inspection,TREEMAINTENANCE,"UF - BHATTARAI, NIMESH",3707 ZEPHYR ST,"6, ZONE",533L,77021,CLOSED,2022-07-06,10:39 AM
188517,Tree Removal,2022-07-06 10:42 AM,Tree Removal Inspection,TREEMAINTENANCE,"UF - BHATTARAI, NIMESH",3818 PALM ST,"6, ZONE",533H,77004,CLOSED,2022-07-06,10:42 AM
188519,Tree Trim,2022-07-06 11:01 AM,Tree Trim Inspection,TREEMAINTENANCE,"UF - BHATTARAI, NIMESH",5803 BELLFORT ST (EDGEWOOD COMMUNITY CENTER),"6, ZONE",534X,77033,CLOSED,2022-07-06,11:01 AM
188520,Tree Removal,2022-07-06 11:28 AM,Tree Removal Inspection,TREEMAINTENANCE,"UF - JONES, CODY",1512 STORY ST,"3, ZONE",451Y,77055,CLOSED,2022-07-06,11:28 AM
188523,Tree Removal,2022-07-06 01:19 PM,Tree Removal Inspection,TREEMAINTENANCE,"UF - BHATTARAI, NIMESH",1202 MELBOURNE ST,"4, ZONE",453R,77022,CLOSED,2022-07-06,01:19 PM
188529,Tree Trim,2022-07-06 02:17 PM,Tree Trim Inspection,TREEMAINTENANCE,"UF - BHATTARAI, NIMESH",8200 EASTOVER ST,"4, ZONE",455K,77028,CLOSED,2022-07-06,02:17 PM
188538,Tree Trim,2022-07-06 03:23 PM,Tree Trim Inspection,TREEMAINTENANCE,"UF - JONES, CODY",5627 JACKWOOD ST,"7, ZONE",531N,77096,CLOSED,2022-07-06,03:23 PM
188539,Tree Trim,2022-07-06 03:36 PM,Tree Trim Inspection,TREEMAINTENANCE,"UF - BHATTARAI, NIMESH",2604 NANTUCKET DR,"2, ZONE",491S,77057,CLOSED,2022-07-06,03:36 PM
188540,Tree Removal,2022-07-06 04:42 PM,Tree Removal Inspection,TREEMAINTENANCE,"UF - JONES, CODY",843 ALLSTON ST,"3, ZONE",492D,77007,CLOSED,2022-07-06,04:42 PM
188541,Tree Trim,2022-07-06 11:25 PM,Tree Trim Inspection,TREEMAINTENANCE,"UF - JONES, CODY",200 WESTMORELAND ST,"2, ZONE",493S,77006,CLOSED,2022-07-06,11:25 PM
188542,Tree Removal,2022-07-07 02:44 AM,Tree Removal Inspection,TREEMAINTENANCE,"UF - BHATTARAI, NIMESH",7700 OAK VISTA ST (REVEILLE PARK),"6, ZONE",535S,77087,CLOSED,2022-07-07,02:44 AM
188543,Tree Trim,2022-07-07 03:02 AM,Tree Trim Inspection,TREEMAINTENANCE,"UF - BHATTARAI, NIMESH",11326 LEITRIM WAY,"6, ZONE",573L,77047,CLOSED,2022-07-07,03:02 AM
188546,Tree Removal,2022-07-07 07:06 AM,Tree Removal Inspection,TREEMAINTENANCE,"UF - BHATTARAI, NIMESH",5312 WOODWAY DR,"2, ZONE",491L,77056,CLOSED,2022-07-07,07:06 AM
188548,Tree Trim,2022-07-07 08:34 AM,Tree Trim Inspection,TREEMAINTENANCE,"UF - JONES, CODY",7925 LONGRIDGE DR,"3, ZONE",451S,77055,CLOSED,2022-07-07,08:34 AM
188549,Tree Removal,2022-07-07 08:49 AM,Tree Removal Inspection,TREEMAINTENANCE,"UF - JONES, CODY",9650 WINDSWEPT LN,"2, ZONE",490W,77063,CLOSED,2022-07-07,08:49 AM
188550,Tree Stump Grinding,2022-07-07 09:41 AM,Tree Stump Inspection,TREEMAINTENANCE,"UF - BHATTARAI, NIMESH",6610 KASSARINE PASS,"6, ZONE",534N,77033,CLOSED,2022-07-07,09:41 AM
188551,Tree Trim,2022-07-07 09:53 AM,Tree Trim Inspection,TREEMAINTENANCE,"UF - JONES, CODY",12319 HUNTINGTON FIELD DR,"2, ZONE",528Z,77099,CLOSED,2022-07-07,09:53 AM
188552,Tree Removal,2022-07-07 09:56 AM,Tree Removal Inspection,TREEMAINTENANCE,"UF - JONES, CODY",2600 W 11TH ST,"3, ZONE",492B,77008,CLOSED,2022-07-07,09:56 AM
188553,Tree Removal,2022-07-07 10:08 AM,Tree Removal Inspection,TREEMAINTENANCE,"UF - JONES, CODY",15827 CORSAIR RD,"7, ZONE",571X,77053,CLOSED,2022-07-07,10:08 AM
188554,Tree Removal,2022-07-07 10:59 AM,Tree Removal Inspection,TREEMAINTENANCE,"UF - BHATTARAI, NIMESH",7822 BOOKER ST,"4, ZONE",455T,77028,CLOSED,2022-07-07,10:59 AM
188555,Tree Trim,2022-07-07 11:17 AM,Tree Trim Inspection,TREEMAINTENANCE,"UF - BHATTARAI, NIMESH",8125 OGDEN ST,"5, ZONE",535P,77017,CLOSED,2022-07-07,11:17 AM
188556,Tree Removal,2022-07-07 11:41 AM,Tree Removal Inspection,TREEMAINTENANCE,"UF - BHATTARAI, NIMESH",7349 DIXIE DR,"6, ZONE",535S,77087,CLOSED,2022-07-07,11:41 AM
188558,Tree Trim,2022-07-07 12:41 PM,Tree Trim Inspection,TREEMAINTENANCE,"UF - JONES, CODY",3702 ELLA LEE LN,"2, ZONE",492S,77027,CLOSED,2022-07-07,12:41 PM
188559,Tree Removal,2022-07-07 12:44 PM,Tree Removal Inspection,TREEMAINTENANCE,"UF - JONES, CODY",214 WALNUT BEND LN,"2, ZONE",489L,77042,CLOSED,2022-07-07,12:44 PM
188560,Tree Trim,2022-07-07 01:18 PM,Tree Trim Inspection,TREEMAINTENANCE,"UF - BHATTARAI, NIMESH",6011 LARIMER ST,"5, ZONE",494M,77020,CLOSED,2022-07-07,01:18 PM
188561,Tree Trim,2022-07-07 01:36 PM,Tree Trim Inspection,TREEMAINTENANCE,"UF - BHATTARAI, NIMESH",6519 HEATH ST,"4, ZONE",415N,77016,CLOSED,2022-07-07,01:36 PM
188563,Tree Trim,2022-07-07 02:33 PM,Tree Trim Inspection,TREEMAINTENANCE,"UF - JONES, CODY",11727 CORONA LN,"2, ZONE",529J,77072,CLOSED,2022-07-07,02:33 PM
188564,Tree Trim,2022-07-07 02:36 PM,Tree Trim Inspection,TREEMAINTENANCE,"UF - JONES, CODY",11626 CORONA LN,"2, ZONE",529J,77072,CLOSED,2022-07-07,02:36 PM
188565,Tree Trim,2022-07-07 03:06 PM,Tree Trim Inspection,TREEMAINTENANCE,"UF - BHATTARAI, NIMESH",500 FALLOON LN,"4, ZONE",496F,77013,CLOSED,2022-07-07,03:06 PM
188566,Tree Removal,2022-07-07 03:25 PM,Tree Removal Inspection,TREEMAINTENANCE,"UF - BHATTARAI, NIMESH",11635 CRYSTALWOOD DR,"4, ZONE",496B,77013,CLOSED,2022-07-07,03:25 PM
188567,Tree Trim,2022-07-07 04:55 PM,Tree Trim Inspection,TREEMAINTENANCE,"UF - BHATTARAI, NIMESH",7807 KING ST,"4, ZONE",455P,77028,CLOSED,2022-07-07,04:55 PM
188568,Tree Trim,2022-07-07 05:04 PM,Tree Trim Inspection,TREEMAINTENANCE,"UF - JONES, CODY",4205 T C JESTER BLVD (TC JESTER AQUATIC CENTER),"3, ZONE",451M,77018,CLOSED,2022-07-07,05:04 PM
188570,Tree Removal,2022-07-08 01:00 AM,Tree Removal Inspection,TREEMAINTENANCE,"UF - BURKES, JEREMY",5800 MICHAUX ST,"3, ZONE",453T,77009,CLOSED,2022-07-08,01:00 AM
188571,Tree Removal,2022-07-08 02:46 AM,Tree Removal Inspection,TREEMAINTENANCE,"UF - BHATTARAI, NIMESH",3703 ZEPHYR ST,"6, ZONE",533L,77021,CLOSED,2022-07-08,02:46 AM
188573,Tree Removal,2022-07-08 07:30 AM,Tree Removal Inspection,TREEMAINTENANCE,"UF - JONES, CODY",KIRBY DR & SHERIDAN ST,"7, ZONE",532G,77030,CLOSED,2022-07-08,07:30 AM
188574,Tree Trim,2022-07-08 08:15 AM,Tree Trim Inspection,TREEMAINTENANCE,"UF - BHATTARAI, NIMESH",5626 WILL CLAYTON PKWY (HOUSTON FIRE STATION 63),"4, ZONE",374D,77032,CLOSED,2022-07-08,08:15 AM
188576,Tree Trim,2022-07-08 08:21 AM,Tree Trim Inspection,TREEMAINTENANCE,"UF - BHATTARAI, NIMESH",4626 IDAHO ST,"6, ZONE",533R,77021,CLOSED,2022-07-08,08:21 AM
188577,Tree Removal,2022-07-08 09:37 AM,Tree Removal Inspection,TREEMAINTENANCE,"UF - JONES, CODY",4639 CURLY OAKS DR,"7, ZONE",571V,77053,CLOSED,2022-07-08,09:37 AM
188579,Tree Removal,2022-07-08 09:54 AM,Tree Removal Inspection,TREEMAINTENANCE,"UF - BHATTARAI, NIMESH",906 E PARKER RD,"4, ZONE",413X,77076,CLOSED,2022-07-08,09:54 AM
188580,Tree Trim,2022-07-08 10:01 AM,Tree Trim Inspection,TREEMAINTENANCE,"UF - BHATTARAI, NIMESH",8033 FURRAY RD,"4, ZONE",455K,77028,CLOSED,2022-07-08,10:01 AM
188581,Tree Trim,2022-07-08 12:59 PM,Tree Trim Inspection,TREEMAINTENANCE,"UF - BHATTARAI, NIMESH",216 AVONDALE ST,"2, ZONE",493T,77006,CLOSED,2022-07-08,12:59 PM
188582,Tree Trim,2022-07-08 01:04 PM,Tree Trim Inspection,TREEMAINTENANCE,"UF - BHATTARAI, NIMESH",44 DE BOLL ST,"4, ZONE",453F,77022,CLOSED,2022-07-08,01:04 PM
188583,Tree Trim,2022-07-08 01:16 PM,Tree Trim Inspection,TREEMAINTENANCE,"UF - BHATTARAI, NIMESH",9915 CARMALEE ST,"6, ZONE",576S,77075,CLOSED,2022-07-08,01:16 PM
188584,Tree Trim,2022-07-08 01:46 PM,Tree Trim Inspection,TREEMAINTENANCE,"UF - JONES, CODY",5603 JACKWOOD ST,"7, ZONE",531N,77096,CLOSED,2022-07-08,01:46 PM
188585,Tree Trim,2022-07-08 01:47 PM,Tree Trim Inspection,TREEMAINTENANCE,"UF - JONES, CODY",5602 JACKWOOD ST,"7, ZONE",531N,77096,CLOSED,2022-07-08,01:47 PM
188586,Tree Removal,2022-07-08 02:38 PM,Tree Removal Inspection,TREEMAINTENANCE,"UF - BHATTARAI, NIMESH",400 MERCURY DR (HERMANN BROWN PARK),"4, ZONE",496E,77013,CLOSED,2022-07-08,02:38 PM
188587,Tree Trim,2022-07-08 03:05 PM,Tree Trim Inspection,TREEMAINTENANCE,"UF - JONES, CODY",7004 HOMESTEAD RD,"4, ZONE",454R,77028,CLOSED,2022-07-08,03:05 PM
188588,Tree Trim,2022-07-08 04:17 PM,Tree Trim Inspection,TREEMAINTENANCE,"UF - JONES, CODY",6600 KIRBY DR,"7, ZONE",532G,77005,CLOSED,2022-07-08,04:17 PM
188589,Tree Removal,2022-07-08 08:58 PM,Tree Removal Inspection,TREEMAINTENANCE,"UF - JONES, CODY",11503 GAYMOOR DR,"7, ZONE",571B,77035,CLOSED,2022-07-08,08:58 PM
188590,Tree Trim,2022-07-09 10:36 AM,Tree Trim Inspection,TREEMAINTENANCE,"UF - BHATTARAI, NIMESH",8007 GARDEN PARKS DR,"6, ZONE",575T,77075,CLOSED,2022-07-09,10:36 AM
188591,Tree Trim,2022-07-09 12:09 PM,Tree Trim Inspection,TREEMAINTENANCE,"UF - JONES, CODY",5699 BEECHNUT ST,"7, ZONE",531N,77096,CLOSED,2022-07-09,12:09 PM
188592,Tree Trim,2022-07-09 12:42 PM,Tree Trim Inspection,TREEMAINTENANCE,"UF - JONES, CODY",4014 W MAIN ST,"2, ZONE",492S,77027,CLOSED,2022-07-09,12:42 PM
188593,Tree Trim,2022-07-09 12:57 PM,Tree Trim Inspection,TREEMAINTENANCE,"UF - JONES, CODY",3102 SUFFOLK DR,"2, ZONE",491V,77027,CLOSED,2022-07-09,12:57 PM
188594,Tree Trim,2022-07-09 12:57 PM,Tree Trim Inspection,TREEMAINTENANCE,"UF - JONES, CODY",4018 W MAIN ST,"2, ZONE",492S,77027,CLOSED,2022-07-09,12:57 PM
188595,Tree Removal,2022-07-09 04:10 PM,Tree Removal Inspection,TREEMAINTENANCE,"UF - JONES, CODY",5246 WIGTON DR,"7, ZONE",531T,77096,CLOSED,2022-07-09,04:10 PM
188596,Tree Trim,2022-07-09 05:10 PM,Tree Trim Inspection,TREEMAINTENANCE,"UF - JONES, CODY",2540 W HOLCOMBE BLVD,"7, ZONE",532G,77030,CLOSED,2022-07-09,05:10 PM
188597,Tree Removal,2022-07-10 02:34 AM,Tree Removal Inspection,TREEMAINTENANCE,"UF - JONES, CODY",6819 KIRBY DR,"7, ZONE",532G,77030,CLOSED,2022-07-10,02:34 AM
188598,Tree Removal,2022-07-10 03:28 AM,Tree Removal Inspection,TREEMAINTENANCE,"UF - JONES, CODY",2815 ASHWOOD ST,"7, ZONE",532Q,77025,CLOSED,2022-07-10,03:28 AM
188599,Tree Code Violation,2022-07-10 12:02 PM,Tree Code Violation Inspection,TREEPROTECTION,"UF - BHATTARAI, NIMESH",7365 SANTA FE DR,"6, ZONE",534Z,77061,CLOSED,2022-07-10,12:02 PM
188600,Tree Removal,2022-07-10 12:35 PM,Tree Removal Inspection,TREEMAINTENANCE,"UF - JONES, CODY",704 STANFORD ST,"2, ZONE",493J,77019,CLOSED,2022-07-10,12:35 PM
188601,Tree Removal,2022-07-10 01:08 PM,Tree Removal Inspection,TREEMAINTENANCE,"UF - BURKES, JEREMY",704 STANFORD ST,"2, ZONE",493J,77019,CLOSED,2022-07-10,01:08 PM
188602,Tree Removal,2022-07-10 02:38 PM,Tree Removal Inspection,TREEMAINTENANCE,"UF - BURKES, JEREMY",704 STANFORD ST,"2, ZONE",493J,77019,CLOSED,2022-07-10,02:38 PM
188603,Tree Removal,2022-07-10 03:47 PM,Tree Removal Inspection,TREEMAINTENANCE,"UF - BURKES, JEREMY",1223 LEHMAN ST,"3, ZONE",452F,77018,CLOSED,2022-07-10,03:47 PM
188604,Tree Trim,2022-07-10 06:54 PM,Tree Trim Inspection,TREEMAINTENANCE,"UF - BHATTARAI, NIMESH",4714 CHAPMAN ST,"4, ZONE",453V,77009,CLOSED,2022-07-10,06:54 PM
188605,Tree Removal,2022-07-11 12:53 AM,Tree Removal Inspection,TREEMAINTENANCE,"UF - BHATTARAI, NIMESH",16250 IMPERIAL VALLEY DR,"4, ZONE",373S,77060,CLOSED,2022-07-11,12:53 AM
188606,Tree Removal,2022-07-11 08:22 AM,Tree Removal Inspection,TREEMAINTENANCE,"UF - JONES, CODY",4023 GRENNOCH LN,"7, ZONE",532J,77025,CLOSED,2022-07-11,08:22 AM
188607,Tree Removal,2022-07-11 08:25 AM,Tree Removal Inspection,TREEMAINTENANCE,"UF - BHATTARAI, NIMESH",7833 OAK KNOLL LN,"4, ZONE",455F,77028,CLOSED,2022-07-11,08:25 AM
188608,Tree Removal,2022-07-11 08:50 AM,Tree Removal Inspection,TREEMAINTENANCE,"UF - BHATTARAI, NIMESH",5100 KELSO ST,"6, ZONE",534N,77021,CLOSED,2022-07-11,08:50 AM
188609,Tree Trim,2022-07-11 09:56 AM,Tree Trim Inspection,TREEMAINTENANCE,"UF - BHATTARAI, NIMESH",12626 WOODFOREST BLVD,"4, ZONE",496D,77015,CLOSED,2022-07-11,09:56 AM
188610,Tree Trim,2022-07-11 10:20 AM,Tree Trim Inspection,TREEMAINTENANCE,"UF - BHATTARAI, NIMESH",CHARTRES ST & JEFFERSON ST,"5, ZONE",493U,77003,CLOSED,2022-07-11,10:20 AM
188611,Tree Trim,2022-07-11 10:23 AM,Tree Trim Inspection,TREEMAINTENANCE,"UF - BHATTARAI, NIMESH",CHARTRES ST & PEASE ST,"5, ZONE",493U,77003,CLOSED,2022-07-11,10:23 AM
188612,Tree Trim,2022-07-11 11:05 AM,Tree Trim Inspection,TREEMAINTENANCE,"UF - BHATTARAI, NIMESH",110 INLANE ST,"5, ZONE",535A,77012,CLOSED,2022-07-11,11:05 AM
188614,Tree Trim,2022-07-11 12:39 PM,Tree Trim Inspection,TREEMAINTENANCE,"UF - JONES, CODY",2819 CAROLINE ST,"2, ZONE",493U,77004,CLOSED,2022-07-11,12:39 PM
188615,Tree Removal,2022-07-11 12:54 PM,Tree Removal Inspection,TREEMAINTENANCE,"UF - JONES, CODY",3703 GARDENIA BEND DR,"7, ZONE",572T,77053,CLOSED,2022-07-11,12:54 PM
188616,Tree Trim,2022-07-11 01:24 PM,Tree Trim Inspection,TREEMAINTENANCE,"UF - JONES, CODY",11927 SEA SHORE DR,"2, ZONE",529J,77072,CLOSED,2022-07-11,01:24 PM
188617,Tree Removal,2022-07-11 01:42 PM,Tree Removal Inspection,TREEMAINTENANCE,"UF - BHATTARAI, NIMESH",4430 NICHOLS ST,"4, ZONE",494B,77020,CLOSED,2022-07-11,01:42 PM
188618,Tree Removal,2022-07-11 01:48 PM,Tree Removal Inspection,TREEMAINTENANCE,"UF - JONES, CODY",12918 PINESAGE DR,"7, ZONE",572F,77045,CLOSED,2022-07-11,01:48 PM
188619,Tree Removal,2022-07-11 01:51 PM,Tree Removal Inspection,TREEMAINTENANCE,"UF - JONES, CODY",7443 TALL PINES DR (WHITE OAK BAYOU GREENWAY - BIKE TRAIL),"3, ZONE",411T,77088,CLOSED,2022-07-11,01:51 PM
188620,Tree Trim,2022-07-11 01:55 PM,Tree Trim Inspection,TREEMAINTENANCE,"UF - BHATTARAI, NIMESH",802 RAMADA DR,"5, ZONE",618P,77062,CLOSED,2022-07-11,01:55 PM
188623,Tree Trim,2022-07-11 03:37 PM,Tree Trim Inspection,TREEMAINTENANCE,"UF - BHATTARAI, NIMESH",8331 WINTHROP LN,"6, ZONE",575Q,77075,CLOSED,2022-07-11,03:37 PM
188624,Tree Removal,2022-07-11 04:04 PM,Tree Removal Inspection,TREEMAINTENANCE,"UF - JONES, CODY",1107 COLUMBIA ST,"3, ZONE",453W,77008,CLOSED,2022-07-11,04:04 PM
188626,Tree Removal,2022-07-11 04:37 PM,Tree Removal Inspection,TREEMAINTENANCE,"UF - BHATTARAI, NIMESH",9631 WINDSWEPT LN,"2, ZONE",490W,77063,CLOSED,2022-07-11,04:37 PM
188627,Tree Trim,2022-07-11 04:46 PM,Tree Trim Inspection,TREEMAINTENANCE,"UF - JONES, CODY",2219 BAYLOR ST,"3, ZONE",453T,77009,CLOSED,2022-07-11,04:46 PM
188629,Tree Trim,2022-07-11 08:54 PM,Tree Trim Inspection,TREEMAINTENANCE,"UF - BHATTARAI, NIMESH",6800 ROANOKE ST,"4, ZONE",454M,77028,CLOSED,2022-07-11,08:54 PM
188630,Tree Trim,2022-07-11 10:12 PM,Tree Trim Inspection,TREEMAINTENANCE,"UF - BHATTARAI, NIMESH",5900 SOUTHMONT ST,"6, ZONE",534P,77033,CLOSED,2022-07-11,10:12 PM
188633,Tree Removal,2022-07-12 07:17 AM,Tree Removal Inspection,TREEMAINTENANCE,"UF - BHATTARAI, NIMESH",7104 GOFORTH ST,"6, ZONE",533R,77021,CLOSED,2022-07-12,07:17 AM
188634,Tree Removal,2022-07-12 08:46 AM,Tree Removal Inspection,TREEMAINTENANCE,"UF - BURKES, JEREMY",4550 FALLEN OAKS DR,"3, ZONE",451D,77091,CLOSED,2022-07-12,08:46 AM
188636,Tree Removal,2022-07-12 09:48 AM,Tree Removal Inspection,TREEMAINTENANCE,"UF - JONES, CODY",2310 SHAKESPEARE ST,"7, ZONE",532C,77030,CLOSED,2022-07-12,09:48 AM
188638,Tree Removal,2022-07-12 11:19 AM,Tree Removal Inspection,TREEMAINTENANCE,"UF - JONES, CODY",1903 DUNSTAN RD,"7, ZONE",532D,77005,CLOSED,2022-07-12,11:19 AM
188639,Tree Trim,2022-07-12 11:40 AM,Tree Trim Inspection,TREEMAINTENANCE,"UF - BHATTARAI, NIMESH",12001 WINFREY LN,"4, ZONE",413U,77076,CLOSED,2022-07-12,11:40 AM
188640,Tree Removal,2022-07-12 11:43 AM,Tree Removal Inspection,TREEMAINTENANCE,"UF - JONES, CODY",2605 STANFORD ST,"2, ZONE",493S,77006,CLOSED,2022-07-12,11:43 AM
188643,Tree Trim,2022-07-12 01:07 PM,Tree Trim Inspection,TREEMAINTENANCE,"UF - BHATTARAI, NIMESH",15570 PENSGATE ST,"5, ZONE",618J,77062,CLOSED,2022-07-12,01:07 PM
188645,Tree Removal,2022-07-12 01:56 PM,Tree Removal Inspection,TREEMAINTENANCE,"UF - JONES, CODY",8526 FORUM DR,"3, ZONE",450V,77055,CLOSED,2022-07-12,01:56 PM
188648,Tree Trim,2022-07-12 02:05 PM,Tree Trim Inspection,TREEMAINTENANCE,"UF - JONES, CODY",13500 FOREST PINES VILLAGE LN,"3, ZONE",372K,77067,CLOSED,2022-07-12,02:05 PM
188649,Tree Removal,2022-07-12 02:20 PM,Tree Removal Inspection,TREEMAINTENANCE,"UF - BHATTARAI, NIMESH",2117 MILLS ST,"4, ZONE",494E,77026,CLOSED,2022-07-12,02:20 PM
188650,Tree Trim,2022-07-12 02:20 PM,Tree Trim Inspection,TREEMAINTENANCE,"UF - BHATTARAI, NIMESH",909 LEAR ST,"4, ZONE",497E,77015,CLOSED,2022-07-12,02:20 PM
188653,Tree Trim,2022-07-12 03:00 PM,Tree Trim Inspection,TREEMAINTENANCE,"UF - BHATTARAI, NIMESH",14100 BEAMER RD,"6, ZONE",616M,77546,CLOSED,2022-07-12,03:00 PM
188654,Tree Removal,2022-07-12 03:15 PM,Tree Removal Inspection,TREEMAINTENANCE,"UF - JONES, CODY",12630 ASHFORD POINT DR,"2, ZONE",528D,77082,CLOSED,2022-07-12,03:15 PM
188655,Tree Trim,2022-07-12 03:18 PM,Tree Trim Inspection,TREEMAINTENANCE,"UF - BHATTARAI, NIMESH",11003 SAGETRAIL DR,"6, ZONE",616B,77089,CLOSED,2022-07-12,03:18 PM
188656,Tree Trim,2022-07-12 03:35 PM,Tree Trim Inspection,TREEMAINTENANCE,"UF - JONES, CODY",1111 W 14TH ST,"3, ZONE",452Z,77008,CLOSED,2022-07-12,03:35 PM
188657,Tree Removal,2022-07-12 04:06 PM,Tree Removal Inspection,TREEMAINTENANCE,"UF - JONES, CODY",718 PECORE ST,"3, ZONE",493B,77009,CLOSED,2022-07-12,04:06 PM
188658,Tree Removal,2022-07-12 04:06 PM,Tree Removal Inspection,TREEMAINTENANCE,"UF - JONES, CODY",10538 HAMMERLY BLVD,"3, ZONE",449R,77043,CLOSED,2022-07-12,04:06 PM
188659,Tree Removal,2022-07-12 04:42 PM,Tree Removal Inspection,TREEMAINTENANCE,"UF - BHATTARAI, NIMESH",4202 EIGEL ST,"2, ZONE",492H,77007,CLOSED,2022-07-12,04:42 PM
188660,Tree Trim,2022-07-12 04:48 PM,Tree Trim Inspection,TREEMAINTENANCE,"UF - JONES, CODY",1147 HAMPTON VILLA LN,"7, ZONE",572R,77047,CLOSED,2022-07-12,04:48 PM
188661,Tree Removal,2022-07-12 05:21 PM,Tree Removal Inspection,TREEMAINTENANCE,"UF - BHATTARAI, NIMESH",2509 VAN BUREN ST,"2, ZONE",493N,77006,CLOSED,2022-07-12,05:21 PM
188662,Tree Removal,2022-07-12 05:36 PM,Tree Removal Inspection,TREEMAINTENANCE,"UF - JONES, CODY",1422 SHADELAND DR,"3, ZONE",449Z,77043,CLOSED,2022-07-12,05:36 PM
188663,Tree Removal,2022-07-12 06:27 PM,Tree Removal Inspection,TREEMAINTENANCE,"UF - BHATTARAI, NIMESH",1030 VOIGHT ST,"3, ZONE",493B,77009,CLOSED,2022-07-12,06:27 PM
188664,Tree Removal,2022-07-12 06:42 PM,Tree Removal Inspection,TREEMAINTENANCE,"UF - BHATTARAI, NIMESH",3113 WESTERLAND DR,"2, ZONE",490X,77063,CLOSED,2022-07-12,06:42 PM
188665,Tree Trim,2022-07-12 08:01 PM,Tree Trim Inspection,TREEMAINTENANCE,"UF - JONES, CODY",6402 TIFFANY DR,"7, ZONE",571P,77085,CLOSED,2022-07-12,08:01 PM
188666,Tree Removal,2022-07-12 08:31 PM,Tree Removal Inspection,TREEMAINTENANCE,"UF - JONES, CODY",11431 GAYMOOR DR,"7, ZONE",571B,77035,CLOSED,2022-07-12,08:31 PM
188667,Tree Removal,2022-07-13 02:21 AM,Tree Removal Inspection,TREEMAINTENANCE,"UF - JONES, CODY",1209 S DAIRY ASHFORD RD,"2, ZONE",488M,77077,CLOSED,2022-07-13,02:21 AM
188671,Tree Removal,2022-07-13 08:11 AM,Tree Removal Inspection,TREEMAINTENANCE,"UF - BHATTARAI, NIMESH",200 EL DORADO BLVD,"5, ZONE",617R,77598,CLOSED,2022-07-13,08:11 AM
188672,Tree Trim,2022-07-13 08:42 AM,Tree Trim Inspection,TREEMAINTENANCE,"UF - BHATTARAI, NIMESH",9993 RADIO RD,"6, ZONE",575R,77075,CLOSED,2022-07-13,08:42 AM
188673,Tree Removal,2022-07-13 09:12 AM,Tree Removal Inspection,TREEMAINTENANCE,"UF - JONES, CODY",1438 HERKIMER ST,"3, ZONE",452Z,77008,CLOSED,2022-07-13,09:12 AM
188674,Tree Trim,2022-07-13 10:08 AM,Tree Trim Inspection,TREEMAINTENANCE,"UF - BHATTARAI, NIMESH",8331 WINTHROP LN,"6, ZONE",575Q,77075,CLOSED,2022-07-13,10:08 AM
188675,Tree Removal,2022-07-13 10:30 AM,Tree Removal Inspection,TREEMAINTENANCE,"UF - JONES, CODY",10015 BRIAR FOREST DR,"2, ZONE",489R,77042,CLOSED,2022-07-13,10:30 AM
188676,Tree Removal,2022-07-13 11:00 AM,Tree Removal Inspection,TREEMAINTENANCE,"UF - BHATTARAI, NIMESH",3110 WESTERLAND DR,"2, ZONE",490X,77063,CLOSED,2022-07-13,11:00 AM
188677,Tree Trim,2022-07-13 11:27 AM,Tree Trim Inspection,TREEMAINTENANCE,"UF - JONES, CODY",8500 CHIMNEY ROCK RD,"7, ZONE",531P,77096,CLOSED,2022-07-13,11:27 AM
188678,Tree Removal,2022-07-13 11:51 AM,Tree Removal Inspection,TREEMAINTENANCE,"UF - JONES, CODY",7010 THORNWILD RD,"7, ZONE",571W,77489,CLOSED,2022-07-13,11:51 AM
188679,Tree Trim,2022-07-13 12:04 PM,Tree Trim Inspection,TREEMAINTENANCE,"UF - BHATTARAI, NIMESH",11700 FLUSHING MEADOWS DR,"6, ZONE",616D,77089,CLOSED,2022-07-13,12:04 PM
188680,Tree Trim,2022-07-13 01:22 PM,Tree Trim Inspection,TREEMAINTENANCE,"UF - BHATTARAI, NIMESH",EVERETT ST & JAMES ST,"4, ZONE",493H,77009,CLOSED,2022-07-13,01:22 PM
188681,Tree Removal,2022-07-13 01:43 PM,Tree Removal Inspection,TREEMAINTENANCE,"UF - JONES, CODY",2200 W PARK VIEW DR (CULLEN PARK),"3, ZONE",446V,77084,CLOSED,2022-07-13,01:43 PM
188682,Tree Removal,2022-07-13 01:49 PM,Tree Removal Inspection,TREEMAINTENANCE,"UF - BURKES, JEREMY",4200 WATONGA BLVD,"3, ZONE",451M,77092,CLOSED,2022-07-13,01:49 PM
188683,Tree Removal,2022-07-13 01:55 PM,Tree Removal Inspection,TREEMAINTENANCE,"UF - BHATTARAI, NIMESH",4202 EIGEL ST,"2, ZONE",492H,77007,CLOSED,2022-07-13,01:55 PM
188685,Tree Removal,2022-07-13 02:13 PM,Tree Removal Inspection,TREEMAINTENANCE,"UF - BHATTARAI, NIMESH",4100 MEMORIAL DR (CLEVELAND PARK),"2, ZONE",492M,77007,CLOSED,2022-07-13,02:13 PM
188686,Tree Trim,2022-07-13 02:13 PM,Tree Trim Inspection,TREEMAINTENANCE,"UF - JONES, CODY",6630 INDIAN LAKE DR,"7, ZONE",571W,77085,CLOSED,2022-07-13,02:13 PM
188687,Tree Trim,2022-07-13 02:31 PM,Tree Trim Inspection,TREEMAINTENANCE,"UF - BHATTARAI, NIMESH",7630 DELAVAN DR,"4, ZONE",455J,77028,CLOSED,2022-07-13,02:31 PM
188689,Tree Removal,2022-07-13 03:04 PM,Tree Removal Inspection,TREEMAINTENANCE,"UF - JONES, CODY",6623 LAUGHLIN DR,"7, ZONE",571W,77489,CLOSED,2022-07-13,03:04 PM
188690,Tree Removal,2022-07-13 03:19 PM,Tree Removal Inspection,TREEMAINTENANCE,"UF - BURKES, JEREMY",6530 W LITTLE YORK RD (HOUSTON FIRE STATION 4),"3, ZONE",411S,77040,CLOSED,2022-07-13,03:19 PM
188691,Tree Removal,2022-07-13 03:31 PM,Tree Removal Inspection,TREEMAINTENANCE,"UF - BHATTARAI, NIMESH",15 WARRENTON DR,"2, ZONE",490N,77024,CLOSED,2022-07-13,03:31 PM
188692,Tree Trim,2022-07-13 03:35 PM,Tree Trim Inspection,TREEMAINTENANCE,"UF - JONES, CODY",5116 DEL SUR ST,"3, ZONE",452H,77018,CLOSED,2022-07-13,03:35 PM
188693,Tree Removal,2022-07-13 04:31 PM,Tree Removal Inspection,TREEMAINTENANCE,"UF - JONES, CODY",5823 FARWELL DR,"7, ZONE",571E,77035,CLOSED,2022-07-13,04:31 PM
188694,Tree Removal,2022-07-13 05:14 PM,Tree Removal Inspection,TREEMAINTENANCE,"UF - BHATTARAI, NIMESH",1201 CLEAR LAKE CITY BLVD (SYLVAN RODRIGUEZ PARK),"5, ZONE",617H,77062,CLOSED,2022-07-13,05:14 PM
188695,Tree Trim,2022-07-13 05:23 PM,Tree Trim Inspection,TREEMAINTENANCE,"UF - BHATTARAI, NIMESH",3800 MILL BRIDGE WAY,"4, ZONE",297T,77345,CLOSED,2022-07-13,05:23 PM
188696,Tree Trim,2022-07-13 05:56 PM,Tree Trim Inspection,TREEMAINTENANCE,"UF - BHATTARAI, NIMESH",139 E 20TH ST (HAMILTION MIDDLE SCHOOL),"3, ZONE",453S,77008,CLOSED,2022-07-13,05:56 PM
188697,Tree Removal,2022-07-13 07:23 PM,Tree Removal Inspection,TREEMAINTENANCE,"UF - JONES, CODY",9414 FAIRDALE LN,"2, ZONE",490X,77063,CLOSED,2022-07-13,07:23 PM
188698,Tree Removal,2022-07-14 02:25 AM,Tree Removal Inspection,TREEMAINTENANCE,"UF - JONES, CODY",12022 CHIMNEY ROCK RD,"7, ZONE",571B,77035,CLOSED,2022-07-14,02:25 AM
188699,Tree Removal,2022-07-14 02:49 AM,Tree Removal Inspection,TREEMAINTENANCE,"UF - JONES, CODY",10438 HAMMERLY BLVD,"3, ZONE",449R,77043,CLOSED,2022-07-14,02:49 AM
188700,Tree Removal,2022-07-14 03:02 AM,Tree Removal Inspection,TREEMAINTENANCE,"UF - JONES, CODY",10019 BRIAR FOREST DR,"2, ZONE",489R,77042,CLOSED,2022-07-14,03:02 AM
188701,Tree Removal,2022-07-14 08:24 AM,Tree Removal Inspection,TREEMAINTENANCE,"UF - BHATTARAI, NIMESH",7111 DIXIE DR,"6, ZONE",534V,77087,CLOSED,2022-07-14,08:24 AM
188702,Tree Trim,2022-07-14 08:37 AM,Tree Trim Inspection,TREEMAINTENANCE,"UF - JONES, CODY",5738 ETTRICK DR,"7, ZONE",571E,77035,CLOSED,2022-07-14,08:37 AM
188703,Tree Trim,2022-07-14 09:22 AM,Tree Trim Inspection,TREEMAINTENANCE,"UF - BHATTARAI, NIMESH",6767 BELLFORT ST (MANCUSO NEIGHBORHOOD LIBRARY),"6, ZONE",534Y,77087,CLOSED,2022-07-14,09:22 AM
188704,Tree Trim,2022-07-14 10:37 AM,Tree Trim Inspection,TREEMAINTENANCE,"UF - BHATTARAI, NIMESH",5138 DUMORE DR,"6, ZONE",573H,77048,CLOSED,2022-07-14,10:37 AM
188706,Tree Trim,2022-07-14 11:13 AM,Tree Trim Inspection,TREEMAINTENANCE,"UF - BHATTARAI, NIMESH",11700 FLUSHING MEADOWS DR,"6, ZONE",616D,77089,CLOSED,2022-07-14,11:13 AM
188707,Tree Trim,2022-07-14 11:55 AM,Tree Trim Inspection,TREEMAINTENANCE,"UF - JONES, CODY",7800 STELLA LINK RD,"7, ZONE",532J,77025,CLOSED,2022-07-14,11:55 AM
188709,Tree Removal,2022-07-14 12:20 PM,Tree Removal Inspection,TREEMAINTENANCE,"UF - JONES, CODY",1300 SEAGLER RD (MARY ANN FRANCKLOW PARK),"2, ZONE",489R,77042,CLOSED,2022-07-14,12:20 PM
188710,Tree Removal,2022-07-14 01:17 PM,Tree Removal Inspection,TREEMAINTENANCE,"UF - BHATTARAI, NIMESH",904 E HEDRICK ST,"5, ZONE",495S,77011,CLOSED,2022-07-14,01:17 PM
188711,Tree Removal,2022-07-14 02:24 PM,Tree Removal Inspection,TREEMAINTENANCE,"UF - JONES, CODY",13733 BRIMHURST DR (WEST BRIAR MIDDLE SCHOOL),"2, ZONE",488K,77077,CLOSED,2022-07-14,02:24 PM
188712,Tree Trim,2022-07-14 02:29 PM,Tree Trim Inspection,TREEMAINTENANCE,"UF - JONES, CODY",2200 DORRINGTON ST,"7, ZONE",532H,77030,CLOSED,2022-07-14,02:29 PM
188713,Tree Trim,2022-07-14 02:36 PM,Tree Trim Inspection,TREEMAINTENANCE,"UF - BHATTARAI, NIMESH",6210 NORDLING RD,"4, ZONE",453A,77076,CLOSED,2022-07-14,02:36 PM
188715,Tree Trim,2022-07-14 03:01 PM,Tree Trim Inspection,TREEMAINTENANCE,"UF - JONES, CODY",9800 BRIAR FOREST DR,"2, ZONE",490N,77042,CLOSED,2022-07-14,03:01 PM
188716,Tree Trim,2022-07-14 03:04 PM,Tree Trim Inspection,TREEMAINTENANCE,"UF - BHATTARAI, NIMESH",803 JAMES ST,"4, ZONE",493H,77009,CLOSED,2022-07-14,03:04 PM
188717,Tree Removal,2022-07-14 03:12 PM,Tree Removal Inspection,TREEMAINTENANCE,"UF - JONES, CODY",10715 DEERWOOD RD,"2, ZONE",489L,77042,CLOSED,2022-07-14,03:12 PM
188718,Tree Removal,2022-07-14 03:15 PM,Tree Removal Inspection,TREEMAINTENANCE,"UF - JONES, CODY",12019 DUNLAP ST,"7, ZONE",571A,77035,CLOSED,2022-07-14,03:15 PM
188719,Tree Removal,2022-07-14 03:18 PM,Tree Removal Inspection,TREEMAINTENANCE,"UF - JONES, CODY",7923 BURGOYNE RD,"2, ZONE",490V,77063,CLOSED,2022-07-14,03:18 PM
188720,Tree Trim,2022-07-14 03:31 PM,Tree Trim Inspection,TREEMAINTENANCE,"UF - JONES, CODY",8900 CHIMNEY ROCK RD,"7, ZONE",531P,77096,CLOSED,2022-07-14,03:31 PM
188721,Tree Trim,2022-07-14 03:38 PM,Tree Trim Inspection,TREEMAINTENANCE,"UF - JONES, CODY",8950 CHIMNEY ROCK RD,"7, ZONE",531P,77096,CLOSED,2022-07-14,03:38 PM
188722,Tree Removal,2022-07-14 03:51 PM,Tree Removal Inspection,TREEMAINTENANCE,"UF - JONES, CODY",1223 LEHMAN ST,"3, ZONE",452F,77018,CLOSED,2022-07-14,03:51 PM
188723,Tree Removal,2022-07-14 04:06 PM,Tree Removal Inspection,TREEMAINTENANCE,"UF - JONES, CODY",8900 CHIMNEY ROCK RD,"7, ZONE",531P,77096,CLOSED,2022-07-14,04:06 PM
188724,Tree Removal,2022-07-14 04:30 PM,Tree Removal Inspection,TREEMAINTENANCE,"UF - JONES, CODY",9219 LEADER ST,"2, ZONE",530E,77036,CLOSED,2022-07-14,04:30 PM
188725,Tree Removal,2022-07-14 05:06 PM,Tree Removal Inspection,TREEMAINTENANCE,"UF - BHATTARAI, NIMESH",7201 TEXARKANA ST,"4, ZONE",495A,77020,CLOSED,2022-07-14,05:06 PM
188726,Tree Removal,2022-07-14 05:19 PM,Tree Removal Inspection,TREEMAINTENANCE,"UF - JONES, CODY",7526 HAMMERLY BLVD,"3, ZONE",451P,77055,CLOSED,2022-07-14,05:19 PM
188727,Tree Removal,2022-07-14 05:31 PM,Tree Removal Inspection,TREEMAINTENANCE,"UF - JONES, CODY",2062 JOHANNA DR,"3, ZONE",451T,77055,CLOSED,2022-07-14,05:31 PM
188728,Tree Removal,2022-07-14 06:31 PM,Tree Removal Inspection,TREEMAINTENANCE,"UF - JONES, CODY",5215 WILLOWBEND BLVD,"7, ZONE",531Y,77096,CLOSED,2022-07-14,06:31 PM
188729,Tree Removal,2022-07-14 06:43 PM,Tree Removal Inspection,TREEMAINTENANCE,"UF - JONES, CODY",10118 WILLOWGROVE DR,"7, ZONE",531V,77035,CLOSED,2022-07-14,06:43 PM
188730,Tree Trim,2022-07-14 08:56 PM,Tree Trim Inspection,TREEMAINTENANCE,"UF - BURKES, JEREMY",7735 ANTOINE DR,"3, ZONE",411Q,77088,CLOSED,2022-07-14,08:56 PM
188731,Tree Trim,2022-07-15 01:57 AM,Tree Trim Inspection,TREEMAINTENANCE,"UF - BHATTARAI, NIMESH",5900 BELLFORT ST,"6, ZONE",534X,77033,CLOSED,2022-07-15,01:57 AM
188732,Tree Removal,2022-07-15 03:10 AM,Tree Removal Inspection,TREEMAINTENANCE,"UF - JONES, CODY",4702 WILLOWBEND BLVD,"7, ZONE",531Z,77035,CLOSED,2022-07-15,03:10 AM
188733,Tree Removal,2022-07-15 03:55 AM,Tree Removal Inspection,TREEMAINTENANCE,"UF - BHATTARAI, NIMESH",5338 DEWBERRY ST,"6, ZONE",534P,77021,CLOSED,2022-07-15,03:55 AM
188734,Tree Removal,2022-07-15 07:08 AM,Tree Removal Inspection,TREEMAINTENANCE,"UF - BURKES, JEREMY",1090 TILLISON ST,"3, ZONE",412P,77088,CLOSED,2022-07-15,07:08 AM
188738,Tree Removal,2022-07-15 08:45 AM,Tree Removal Inspection,TREEMAINTENANCE,"UF - JONES, CODY",1734 WROXTON CT,"7, ZONE",532D,77005,CLOSED,2022-07-15,08:45 AM
188739,Tree Removal,2022-07-15 09:13 AM,Tree Removal Inspection,TREEMAINTENANCE,"UF - BHATTARAI, NIMESH",6328 BROOK LEA ST,"6, ZONE",534Q,77087,CLOSED,2022-07-15,09:13 AM
188742,Tree Trim,2022-07-15 09:42 AM,Tree Trim Inspection,TREEMAINTENANCE,"UF - JONES, CODY",5935 W BELLFORT AVE,"7, ZONE",571A,77035,CLOSED,2022-07-15,09:42 AM
188744,Tree Removal,2022-07-15 10:37 AM,Tree Removal Inspection,TREEMAINTENANCE,"UF - BHATTARAI, NIMESH",3400 BREWSTER ST,"4, ZONE",454W,77026,CLOSED,2022-07-15,10:37 AM
188745,Tree Trim,2022-07-15 10:52 AM,Tree Trim Inspection,TREEMAINTENANCE,"UF - BHATTARAI, NIMESH",7203 FAUNA ST,"6, ZONE",574D,77061,CLOSED,2022-07-15,10:52 AM
188746,Tree Trim,2022-07-15 11:01 AM,Tree Trim Inspection,TREEMAINTENANCE,"UF - BHATTARAI, NIMESH",7180 FAUNA ST,"6, ZONE",574D,77061,CLOSED,2022-07-15,11:01 AM
188748,Tree Removal,2022-07-15 11:49 AM,Tree Removal Inspection,TREEMAINTENANCE,"UF - BHATTARAI, NIMESH",10634 SEAFORD DR,"6, ZONE",576T,77089,CLOSED,2022-07-15,11:49 AM
188749,Tree Trim,2022-07-15 12:04 PM,Tree Trim Inspection,TREEMAINTENANCE,"UF - JONES, CODY",818 HAROLD ST,"2, ZONE",493S,77006,CLOSED,2022-07-15,12:04 PM
188751,Tree Trim,2022-07-15 01:05 PM,Tree Trim Inspection,TREEMAINTENANCE,"UF - BHATTARAI, NIMESH",6921 PEYTON ST,"4, ZONE",454R,77028,CLOSED,2022-07-15,01:05 PM
188752,Tree Trim,2022-07-15 01:20 PM,Tree Trim Inspection,TREEMAINTENANCE,"UF - JONES, CODY",2214 NAOMI ST,"7, ZONE",532R,77054,CLOSED,2022-07-15,01:20 PM
188753,Tree Removal,2022-07-15 01:48 PM,Tree Removal Inspection,TREEMAINTENANCE,"UF - JONES, CODY",201 E 5TH ST,"3, ZONE",493A,77007,CLOSED,2022-07-15,01:48 PM
188754,Tree Removal,2022-07-15 02:02 PM,Tree Removal Inspection,TREEMAINTENANCE,"UF - BHATTARAI, NIMESH",901 PARKER RD,"4, ZONE",413Y,77076,CLOSED,2022-07-15,02:02 PM
188755,Tree Trim,2022-07-15 02:08 PM,Tree Trim Inspection,TREEMAINTENANCE,"UF - JONES, CODY",901 PARKER ST,"2, ZONE",492H,77007,CLOSED,2022-07-15,02:08 PM
188756,Tree Trim,2022-07-15 02:47 PM,Tree Trim Inspection,TREEMAINTENANCE,"UF - BHATTARAI, NIMESH",4107 LAURA KOPPE RD (DODSON LAKE PARK),"4, ZONE",454F,77093,CLOSED,2022-07-15,02:47 PM
188757,Tree Removal,2022-07-15 02:53 PM,Tree Removal Inspection,TREEMAINTENANCE,"UF - BHATTARAI, NIMESH",7422 ERATH ST,"5, ZONE",535A,77023,CLOSED,2022-07-15,02:53 PM
188758,Tree Trim,2022-07-15 03:23 PM,Tree Trim Inspection,TREEMAINTENANCE,"UF - JONES, CODY",3995 ELDRIDGE PKWY,"2, ZONE",528B,77082,CLOSED,2022-07-15,03:23 PM
188759,Tree Removal,2022-07-15 03:39 PM,Tree Removal Inspection,TREEMAINTENANCE,"UF - BHATTARAI, NIMESH",3933 EDISON ST,"4, ZONE",453Y,77009,CLOSED,2022-07-15,03:39 PM
188760,Tree Trim,2022-07-15 03:46 PM,Tree Trim Inspection,TREEMAINTENANCE,"UF - JONES, CODY",5403 LYMBAR DR,"7, ZONE",531X,77096,CLOSED,2022-07-15,03:46 PM
188761,Tree Trim,2022-07-15 04:14 PM,Tree Trim Inspection,TREEMAINTENANCE,"UF - JONES, CODY",8911 MANHATTAN DR,"7, ZONE",531P,77096,CLOSED,2022-07-15,04:14 PM
188762,Tree Removal,2022-07-15 04:23 PM,Tree Removal Inspection,TREEMAINTENANCE,"UF - JONES, CODY",6310 SOUTHWOOD CT S,"7, ZONE",570D,77035,CLOSED,2022-07-15,04:23 PM
188763,Tree Removal,2022-07-15 04:30 PM,Tree Removal Inspection,TREEMAINTENANCE,"UF - JONES, CODY",15815 DANFORD DR,"7, ZONE",571X,77053,CLOSED,2022-07-15,04:30 PM
188765,Tree Trim,2022-07-15 04:48 PM,Tree Trim Inspection,TREEMAINTENANCE,"UF - BHATTARAI, NIMESH",736 CROWN ST,"5, ZONE",495E,77020,CLOSED,2022-07-15,04:48 PM
188766,Tree Removal,2022-07-15 04:48 PM,Tree Removal Inspection,TREEMAINTENANCE,"UF - JONES, CODY",1011 W DONOVAN ST,"3, ZONE",452G,77091,CLOSED,2022-07-15,04:48 PM
188767,Tree Removal,2022-07-15 05:51 PM,Tree Removal Inspection,TREEMAINTENANCE,"UF - JONES, CODY",1661 HAWTHORNE ST,"2, ZONE",492V,77006,CLOSED,2022-07-15,05:51 PM
188768,Tree Removal,2022-07-15 07:06 PM,Tree Removal Inspection,TREEMAINTENANCE,"UF - BHATTARAI, NIMESH",827 FALL CREEK DR,"4, ZONE",338M,77336,CLOSED,2022-07-15,07:06 PM
188769,Tree Trim,2022-07-15 08:34 PM,Tree Trim Inspection,TREEMAINTENANCE,"UF - JONES, CODY",9331 COLLEEN RD,"3, ZONE",450L,77080,CLOSED,2022-07-15,08:34 PM
188770,Tree Removal,2022-07-16 05:22 AM,Tree Removal Inspection,TREEMAINTENANCE,"UF - JONES, CODY",4201 T C JESTER BLVD (TC JESTER PARK),"3, ZONE",451M,77018,CLOSED,2022-07-16,05:22 AM
188771,Tree Trim,2022-07-16 08:08 AM,Tree Trim Inspection,TREEMAINTENANCE,"UF - BHATTARAI, NIMESH",100 HAGERMAN ST,"5, ZONE",494T,77011,CLOSED,2022-07-16,08:08 AM
188772,Tree Trim,2022-07-16 08:47 AM,Tree Trim Inspection,TREEMAINTENANCE,"UF - BHATTARAI, NIMESH",1621 CHESTNUT ST,"4, ZONE",493H,77009,CLOSED,2022-07-16,08:47 AM
188773,Tree Removal,2022-07-16 10:29 AM,Tree Removal Inspection,TREEMAINTENANCE,"UF - BHATTARAI, NIMESH",8007 GULICK LN,"6, ZONE",575P,77075,CLOSED,2022-07-16,10:29 AM
188774,Tree Removal,2022-07-16 11:33 AM,Tree Removal Inspection,TREEMAINTENANCE,"UF - BHATTARAI, NIMESH",6510 BELMARK ST,"6, ZONE",534Y,77087,CLOSED,2022-07-16,11:33 AM
188775,Tree Removal,2022-07-16 11:36 AM,Tree Removal Inspection,TREEMAINTENANCE,"UF - JONES, CODY",5243 HUMMINGBIRD ST,"7, ZONE",531X,77035,CLOSED,2022-07-16,11:36 AM
188776,Tree Removal,2022-07-16 11:45 AM,Tree Removal Inspection,TREEMAINTENANCE,"UF - JONES, CODY",302 ROY ST,"2, ZONE",492L,77007,CLOSED,2022-07-16,11:45 AM
188777,Tree Removal,2022-07-16 12:42 PM,Tree Removal Inspection,TREEMAINTENANCE,"UF - BHATTARAI, NIMESH",7100 SCOTT ST,"6, ZONE",533Q,77021,CLOSED,2022-07-16,12:42 PM
188778,Tree Removal,2022-07-16 01:15 PM,Tree Removal Inspection,TREEMAINTENANCE,"UF - JONES, CODY",13525 W HOUSTON CENTER BLVD,"2, ZONE",529A,77082,CLOSED,2022-07-16,01:15 PM
188779,Tree Trim,2022-07-16 02:34 PM,Tree Trim Inspection,TREEMAINTENANCE,"UF - JONES, CODY",5400 S BRAESWOOD BLVD,"7, ZONE",531T,77096,CLOSED,2022-07-16,02:34 PM
188780,Tree Removal,2022-07-16 02:46 PM,Tree Removal Inspection,TREEMAINTENANCE,"UF - BHATTARAI, NIMESH",541 S 75TH ST (MASON PARK),"5, ZONE",535A,77023,CLOSED,2022-07-16,02:46 PM
188781,Tree Removal,2022-07-16 03:34 PM,Tree Removal Inspection,TREEMAINTENANCE,"UF - BHATTARAI, NIMESH",5915 SOUTHURST ST,"6, ZONE",534P,77033,CLOSED,2022-07-16,03:34 PM
188782,Tree Removal,2022-07-16 03:34 PM,Tree Removal Inspection,TREEMAINTENANCE,"UF - BURKES, JEREMY",830 FAIR ST,"3, ZONE",412U,77088,CLOSED,2022-07-16,03:34 PM
188783,Tree Removal,2022-07-16 03:58 PM,Tree Removal Inspection,TREEMAINTENANCE,"UF - BHATTARAI, NIMESH",6626 AVENUE S,"5, ZONE",494R,77011,CLOSED,2022-07-16,03:58 PM
188784,Tree Trim,2022-07-16 06:32 PM,Tree Trim Inspection,TREEMAINTENANCE,"UF - JONES, CODY",16427 MONTE CARLO LN,"7, ZONE",611B,77053,CLOSED,2022-07-16,06:32 PM
188785,Tree Trim,2022-07-16 09:42 PM,Tree Trim Inspection,TREEMAINTENANCE,"UF - BHATTARAI, NIMESH",16502 CLIFFROSE LN,"5, ZONE",618Q,77062,CLOSED,2022-07-16,09:42 PM
188786,Tree Removal,2022-07-16 11:37 PM,Tree Removal Inspection,TREEMAINTENANCE,"UF - JONES, CODY",2100 S VOSS RD,"2, ZONE",490R,77063,CLOSED,2022-07-16,11:37 PM
188787,Tree Trim,2022-07-17 09:11 AM,Tree Trim Inspection,TREEMAINTENANCE,"UF - BHATTARAI, NIMESH",3512 CANFIELD ST,"6, ZONE",533D,77004,CLOSED,2022-07-17,09:11 AM
188788,Tree Trim,2022-07-17 01:30 PM,Tree Trim Inspection,TREEMAINTENANCE,"UF - BHATTARAI, NIMESH",8134 MAGNA ST,"4, ZONE",454K,77093,CLOSED,2022-07-17,01:30 PM
188789,Tree Trim,2022-07-17 03:42 PM,Tree Trim Inspection,TREEMAINTENANCE,"UF - JONES, CODY",9114 MULLINS DR,"7, ZONE",531S,77096,CLOSED,2022-07-17,03:42 PM
188790,Tree Trim,2022-07-18 01:00 AM,Tree Trim Inspection,TREEMAINTENANCE,"UF - JONES, CODY",10822 OASIS DR,"7, ZONE",531X,77096,CLOSED,2022-07-18,01:00 AM
188791,Tree Removal,2022-07-18 07:21 AM,Tree Removal Inspection,TREEMAINTENANCE,"UF - BHATTARAI, NIMESH",5500 ARDMORE ST,"6, ZONE",533G,77021,CLOSED,2022-07-18,07:21 AM
188792,Tree Removal,2022-07-18 07:51 AM,Tree Removal Inspection,TREEMAINTENANCE,"UF - BHATTARAI, NIMESH",3701 LUCILLE ST,"4, ZONE",494B,77026,CLOSED,2022-07-18,07:51 AM
188793,Tree Trim,2022-07-18 08:12 AM,Tree Trim Inspection,TREEMAINTENANCE,"UF - JONES, CODY",8510 LEAWOOD BLVD,"2, ZONE",529P,77072,CLOSED,2022-07-18,08:12 AM
188794,Tree Removal,2022-07-18 08:21 AM,Tree Removal Inspection,TREEMAINTENANCE,"UF - BHATTARAI, NIMESH",2502 FOREST GARDEN DR,"4, ZONE",337C,77345,CLOSED,2022-07-18,08:21 AM
188795,Tree Removal,2022-07-18 08:33 AM,Tree Removal Inspection,TREEMAINTENANCE,"UF - BHATTARAI, NIMESH",3028 S MACGREGOR WAY,"6, ZONE",533F,77021,CLOSED,2022-07-18,08:33 AM
188796,Tree Removal,2022-07-18 08:36 AM,Tree Removal Inspection,TREEMAINTENANCE,"UF - BHATTARAI, NIMESH",5500 ARDMORE ST,"6, ZONE",533G,77021,CLOSED,2022-07-18,08:36 AM
188797,Tree Trim,2022-07-18 08:39 AM,Tree Trim Inspection,TREEMAINTENANCE,"UF - JONES, CODY",12300 WHITTINGTON DR,"2, ZONE",488R,77077,CLOSED,2022-07-18,08:39 AM
188799,Tree Removal,2022-07-18 08:58 AM,Tree Removal Inspection,TREEMAINTENANCE,"UF - BHATTARAI, NIMESH",541 S 75TH ST (MASON PARK),"5, ZONE",535A,77023,CLOSED,2022-07-18,08:58 AM
188800,Tree Trim,2022-07-18 10:25 AM,Tree Trim Inspection,TREEMAINTENANCE,"UF - BHATTARAI, NIMESH",9230 KINGSROSE LN,"6, ZONE",576W,77075,CLOSED,2022-07-18,10:25 AM
188801,Tree Removal,2022-07-18 10:37 AM,Tree Removal Inspection,TREEMAINTENANCE,"UF - BHATTARAI, NIMESH",1112 BRINGHURST ST,"4, ZONE",494F,77020,CLOSED,2022-07-18,10:37 AM
188802,Tree Trim,2022-07-18 10:58 AM,Tree Trim Inspection,TREEMAINTENANCE,"UF - JONES, CODY",11718 BOWLAN LN,"7, ZONE",570D,77035,CLOSED,2022-07-18,10:58 AM
188803,Tree Removal,2022-07-18 11:21 AM,Tree Removal Inspection,TREEMAINTENANCE,"UF - JONES, CODY",2523 GLEN HAVEN BLVD,"7, ZONE",532L,77030,CLOSED,2022-07-18,11:21 AM
188804,Tree Trim,2022-07-18 11:59 AM,Tree Trim Inspection,TREEMAINTENANCE,"UF - BHATTARAI, NIMESH",6102 HARTWICK RD,"4, ZONE",415N,77016,CLOSED,2022-07-18,11:59 AM
188805,Tree Removal,2022-07-18 12:52 PM,Tree Removal Inspection,TREEMAINTENANCE,"UF - JONES, CODY",7513 IMOGENE ST,"7, ZONE",530Q,77074,CLOSED,2022-07-18,12:52 PM
188806,Tree Removal,2022-07-18 12:56 PM,Tree Removal Inspection,TREEMAINTENANCE,"UF - JONES, CODY",218 E 8TH ST,"3, ZONE",493A,77007,CLOSED,2022-07-18,12:56 PM
188807,Tree Trim,2022-07-18 01:08 PM,Tree Trim Inspection,TREEMAINTENANCE,"UF - JONES, CODY",5026 HAZELTON ST,"7, ZONE",531Y,77035,CLOSED,2022-07-18,01:08 PM
188808,Tree Removal,2022-07-18 01:14 PM,Tree Removal Inspection,TREEMAINTENANCE,"UF - JONES, CODY",4100 MAIN ST,"2, ZONE",493T,77002,CLOSED,2022-07-18,01:14 PM
188809,Tree Removal,2022-07-18 02:02 PM,Tree Removal Inspection,TREEMAINTENANCE,"UF - BHATTARAI, NIMESH",400 GREENS RD,"4, ZONE",372R,77060,CLOSED,2022-07-18,02:02 PM
188811,Tree Trim,2022-07-18 03:23 PM,Tree Trim Inspection,TREEMAINTENANCE,"UF - JONES, CODY",COMMONWEALTH ST & MARYLAND ST,"2, ZONE",493N,77006,CLOSED,2022-07-18,03:23 PM
188812,Tree Removal,2022-07-18 03:24 PM,Tree Removal Inspection,TREEMAINTENANCE,"UF - BURKES, JEREMY",19008 SAUMS RD (CULLEN PARK),"3, ZONE",446V,77084,CLOSED,2022-07-18,03:24 PM
188813,Tree Trim,2022-07-18 04:15 PM,Tree Trim Inspection,TREEMAINTENANCE,"UF - JONES, CODY",7526 HAMMERLY BLVD,"3, ZONE",451P,77055,CLOSED,2022-07-18,04:15 PM
188814,Tree Trim,2022-07-18 04:36 PM,Tree Trim Inspection,TREEMAINTENANCE,"UF - BHATTARAI, NIMESH",4509 SAYERS ST,"4, ZONE",454X,77026,CLOSED,2022-07-18,04:36 PM
188815,Tree Trim,2022-07-18 04:48 PM,Tree Trim Inspection,TREEMAINTENANCE,"UF - JONES, CODY",12495 S DAIRY ASHFORD ST,"2, ZONE",528Z,77099,CLOSED,2022-07-18,04:48 PM
188816,Tree Trim,2022-07-18 04:51 PM,Tree Trim Inspection,TREEMAINTENANCE,"UF - JONES, CODY",12230 LONGBROOK DR,"2, ZONE",528V,77099,CLOSED,2022-07-18,04:51 PM
188817,Tree Trim,2022-07-18 05:00 PM,Tree Trim Inspection,TREEMAINTENANCE,"UF - JONES, CODY",10100 CLAY RD,"3, ZONE",450E,77041,CLOSED,2022-07-18,05:00 PM
188818,Tree Removal,2022-07-18 05:03 PM,Tree Removal Inspection,TREEMAINTENANCE,"UF - JONES, CODY",5155 BLALOCK RD,"3, ZONE",450B,77041,CLOSED,2022-07-18,05:03 PM
188819,Tree Trim,2022-07-18 06:01 PM,Tree Trim Inspection,TREEMAINTENANCE,"UF - BHATTARAI, NIMESH",11003 SAGETRAIL DR,"6, ZONE",616B,77089,CLOSED,2022-07-18,06:01 PM
188820,Tree Removal,2022-07-18 06:28 PM,Tree Removal Inspection,TREEMAINTENANCE,"UF - BHATTARAI, NIMESH",3512 CANFIELD ST,"6, ZONE",533D,77004,CLOSED,2022-07-18,06:28 PM
188822,Tree Trim,2022-07-19 06:44 AM,Tree Trim Inspection,TREEMAINTENANCE,"UF - JONES, CODY",4002 BROWNSTONE LN,"7, ZONE",572S,77053,CLOSED,2022-07-19,06:44 AM
188825,Tree Removal,2022-07-19 09:21 AM,Tree Removal Inspection,TREEMAINTENANCE,"UF - BHATTARAI, NIMESH",410 NEW MEXICO ST,"5, ZONE",495V,77029,CLOSED,2022-07-19,09:21 AM
188826,Tree Removal,2022-07-19 09:51 AM,Tree Removal Inspection,TREEMAINTENANCE,"UF - JONES, CODY",3000 CRANE ST,"4, ZONE",454W,77026,CLOSED,2022-07-19,09:51 AM
188827,Tree Trim,2022-07-19 09:54 AM,Tree Trim Inspection,TREEMAINTENANCE,"UF - JONES, CODY",1001 E MEMORIAL LOOP,"2, ZONE",492F,77007,CLOSED,2022-07-19,09:54 AM
188828,Tree Trim,2022-07-19 09:57 AM,Tree Trim Inspection,TREEMAINTENANCE,"UF - BHATTARAI, NIMESH",5939 RIDGEWAY DR,"6, ZONE",534X,77033,CLOSED,2022-07-19,09:57 AM
188829,Tree Removal,2022-07-19 10:05 AM,Tree Removal Inspection,TREEMAINTENANCE,"UF - BHATTARAI, NIMESH",2900 CRANE ST,"4, ZONE",454W,77026,CLOSED,2022-07-19,10:05 AM
188830,Tree Code Violation,2022-07-19 10:13 AM,Tree Code Violation Inspection,TREEPROTECTION,"UF - POLOVTSEV, SERA",15200 MEMORIAL DR (TERRY HERSHEY PARK),"2, ZONE",488C,77079,CLOSED,2022-07-19,10:13 AM
188831,Tree Removal,2022-07-19 10:26 AM,Tree Removal Inspection,TREEMAINTENANCE,"UF - BHATTARAI, NIMESH",6410 KASSARINE PASS,"6, ZONE",534P,77033,CLOSED,2022-07-19,10:26 AM
188832,Tree Removal,2022-07-19 10:32 AM,Tree Removal Inspection,TREEMAINTENANCE,"UF - BHATTARAI, NIMESH",2915 CRANE ST,"4, ZONE",454W,77026,CLOSED,2022-07-19,10:32 AM
188833,Tree Removal,2022-07-19 10:46 AM,Tree Removal Inspection,TREEMAINTENANCE,"UF - JONES, CODY",16515 LONESOME QUAIL DR,"7, ZONE",610C,77489,CLOSED,2022-07-19,10:46 AM
188834,Tree Trim,2022-07-19 10:48 AM,Tree Trim Inspection,TREEMAINTENANCE,"UF - BHATTARAI, NIMESH",11950 AIRLINE DR,"4, ZONE",372Z,77060,CLOSED,2022-07-19,10:48 AM
188835,Tree Trim,2022-07-19 11:19 AM,Tree Trim Inspection,TREEMAINTENANCE,"UF - JONES, CODY",1123 W GRAY ST,"2, ZONE",493N,77006,CLOSED,2022-07-19,11:19 AM
188836,Tree Removal,2022-07-19 11:21 AM,Tree Removal Inspection,TREEMAINTENANCE,"UF - JONES, CODY",5301 ALMEDA RD,"7, ZONE",533B,77004,CLOSED,2022-07-19,11:21 AM
188837,Tree Trim,2022-07-19 11:28 AM,Tree Trim Inspection,TREEMAINTENANCE,"UF - JONES, CODY",1839 ROUND LAKE DR,"2, ZONE",488V,77077,CLOSED,2022-07-19,11:28 AM
188838,Tree Removal,2022-07-19 12:01 PM,Tree Removal Inspection,TREEMAINTENANCE,"UF - JONES, CODY",7810 MOONMIST DR,"2, ZONE",530F,77036,CLOSED,2022-07-19,12:01 PM
188839,Tree Removal,2022-07-19 12:25 PM,Tree Removal Inspection,TREEMAINTENANCE,"UF - BHATTARAI, NIMESH",6720 S HAYWOOD DR (GARDEN VILLAS PARK),"6, ZONE",535W,77061,CLOSED,2022-07-19,12:25 PM
188841,Tree Trim,2022-07-19 12:55 PM,Tree Trim Inspection,TREEMAINTENANCE,"UF - BHATTARAI, NIMESH",13172 SPACE CENTER BLVD,"5, ZONE",578W,77034,CLOSED,2022-07-19,12:55 PM
188842,Tree Removal,2022-07-19 01:47 PM,Tree Removal Inspection,TREEMAINTENANCE,"UF - BHATTARAI, NIMESH",2901 BLACK ST,"6, ZONE",534G,77023,CLOSED,2022-07-19,01:47 PM
188843,Tree Trim,2022-07-19 03:09 PM,Tree Trim Inspection,TREEMAINTENANCE,"UF - JONES, CODY",1950 UPLAND DR,"3, ZONE",449T,77043,CLOSED,2022-07-19,03:09 PM
188844,Tree Removal,2022-07-19 03:11 PM,Tree Removal Inspection,TREEMAINTENANCE,"UF - JONES, CODY",1519 OXFORD ST,"3, ZONE",453W,77008,CLOSED,2022-07-19,03:11 PM
188845,Tree Trim,2022-07-19 03:12 PM,Tree Trim Inspection,TREEMAINTENANCE,"UF - BHATTARAI, NIMESH",1112 BRINGHURST ST,"4, ZONE",494F,77020,CLOSED,2022-07-19,03:12 PM
188846,Tree Removal,2022-07-19 03:40 PM,Tree Removal Inspection,TREEMAINTENANCE,"UF - BHATTARAI, NIMESH",14521 OLD HUMBLE RD,"4, ZONE",375W,77396,CLOSED,2022-07-19,03:40 PM
188847,Tree Removal,2022-07-19 03:42 PM,Tree Removal Inspection,TREEMAINTENANCE,"UF - JONES, CODY",8800 MULLINS DR (GAIL REEVES PARK),"7, ZONE",531N,77096,CLOSED,2022-07-19,03:42 PM
188848,Tree Trim,2022-07-19 04:27 PM,Tree Trim Inspection,TREEMAINTENANCE,"UF - BHATTARAI, NIMESH",9220 CLEARWOOD ST,"6, ZONE",575M,77075,CLOSED,2022-07-19,04:27 PM
188849,Tree Removal,2022-07-19 04:30 PM,Tree Removal Inspection,TREEMAINTENANCE,"UF - JONES, CODY",32 LANA LN,"2, ZONE",491V,77027,CLOSED,2022-07-19,04:30 PM
188850,Tree Trim,2022-07-19 05:18 PM,Tree Trim Inspection,TREEMAINTENANCE,"UF - JONES, CODY",100 TURNER DR,"4, ZONE",453B,77076,CLOSED,2022-07-19,05:18 PM
188851,Tree Removal,2022-07-19 06:12 PM,Tree Removal Inspection,TREEMAINTENANCE,"UF - BHATTARAI, NIMESH",5503 SOUTHLEA ST,"6, ZONE",534N,77033,CLOSED,2022-07-19,06:12 PM
188852,Tree Removal,2022-07-20 05:10 AM,Tree Removal Inspection,TREEMAINTENANCE,"UF - POLOVTSEV, SERA",16502 CLIFFROSE LN,"5, ZONE",618Q,77062,CLOSED,2022-07-20,05:10 AM
188853,Tree Trim,2022-07-20 08:15 AM,Tree Trim Inspection,TREEMAINTENANCE,"UF - BHATTARAI, NIMESH",3200 TELEPHONE RD,"6, ZONE",534G,77023,CLOSED,2022-07-20,08:15 AM
188854,Tree Removal,2022-07-20 08:26 AM,Tree Removal Inspection,TREEMAINTENANCE,"UF - JONES, CODY",5818 LUDINGTON DR,"7, ZONE",571A,77035,CLOSED,2022-07-20,08:26 AM
188855,Tree Trim,2022-07-20 09:02 AM,Tree Trim Inspection,TREEMAINTENANCE,"UF - JONES, CODY",69 BURBANK ST,"4, ZONE",453B,77076,CLOSED,2022-07-20,09:02 AM
188856,Tree Trim,2022-07-20 09:08 AM,Tree Trim Inspection,TREEMAINTENANCE,"UF - JONES, CODY",10239 DONALD DR,"4, ZONE",453C,77076,CLOSED,2022-07-20,09:08 AM
188857,Tree Trim,2022-07-20 10:06 AM,Tree Trim Inspection,TREEMAINTENANCE,"UF - JONES, CODY",16422 MONTE CARLO LN,"7, ZONE",611B,77053,CLOSED,2022-07-20,10:06 AM
188858,Tree Trim,2022-07-20 10:11 AM,Tree Trim Inspection,TREEMAINTENANCE,"UF - JONES, CODY",1601 MORSE ST,"2, ZONE",492R,77019,CLOSED,2022-07-20,10:11 AM
188859,Tree Removal,2022-07-20 10:36 AM,Tree Removal Inspection,TREEMAINTENANCE,"UF - JONES, CODY",416 BOMAR ST,"2, ZONE",493N,77006,CLOSED,2022-07-20,10:36 AM
188860,Tree Trim,2022-07-20 11:27 AM,Tree Trim Inspection,TREEMAINTENANCE,"UF - BHATTARAI, NIMESH",7900 KELLER ST,"5, ZONE",535F,77012,CLOSED,2022-07-20,11:27 AM
188861,Tree Removal,2022-07-20 11:30 AM,Tree Removal Inspection,TREEMAINTENANCE,"UF - JONES, CODY",6018 LATTIMER DR,"7, ZONE",570D,77035,CLOSED,2022-07-20,11:30 AM
188862,Tree Trim,2022-07-20 11:33 AM,Tree Trim Inspection,TREEMAINTENANCE,"UF - JONES, CODY",11603 HILLCROFT AVE,"7, ZONE",571A,77035,CLOSED,2022-07-20,11:33 AM
188863,Tree Trim,2022-07-20 11:51 AM,Tree Trim Inspection,TREEMAINTENANCE,"UF - JONES, CODY",11603 HILLCROFT AVE,"7, ZONE",571A,77035,CLOSED,2022-07-20,11:51 AM
188865,Tree Trim,2022-07-20 01:00 PM,Tree Trim Inspection,TREEMAINTENANCE,"UF - JONES, CODY",11000 WILLOWILDE DR,"7, ZONE",571D,77035,CLOSED,2022-07-20,01:00 PM
188866,Tree Removal,2022-07-20 01:07 PM,Tree Removal Inspection,TREEMAINTENANCE,"UF - BHATTARAI, NIMESH",7442 TIPPS ST (MASON PARK),"5, ZONE",535A,77023,CLOSED,2022-07-20,01:07 PM
188867,Tree Trim,2022-07-20 01:16 PM,Tree Trim Inspection,TREEMAINTENANCE,"UF - BHATTARAI, NIMESH",10502 CHAMBERS ST,"5, ZONE",576K,77034,CLOSED,2022-07-20,01:16 PM
188869,Tree Removal,2022-07-20 01:46 PM,Tree Removal Inspection,TREEMAINTENANCE,"UF - POLOVTSEV, SERA",617 CAROLINE ST,"1, ZONE",493R,77002,CLOSED,2022-07-20,01:46 PM
188870,Tree Removal,2022-07-20 01:46 PM,Tree Removal Inspection,TREEMAINTENANCE,"UF - BHATTARAI, NIMESH",9511 JUNIPER PLACE CT,"6, ZONE",576J,77075,CLOSED,2022-07-20,01:46 PM
188875,Tree Removal,2022-07-20 03:23 PM,Tree Removal Inspection,TREEMAINTENANCE,"UF - JONES, CODY",5223 DARNELL ST,"7, ZONE",531P,77096,CLOSED,2022-07-20,03:23 PM
188876,Tree Removal,2022-07-20 03:23 PM,Tree Removal Inspection,TREEMAINTENANCE,"UF - JONES, CODY",3727 LINKWOOD DR,"7, ZONE",532N,77025,CLOSED,2022-07-20,03:23 PM
188877,Tree Removal,2022-07-20 03:25 PM,Tree Removal Inspection,TREEMAINTENANCE,"UF - JONES, CODY",8710 LINKFAIR LN,"7, ZONE",532N,77025,CLOSED,2022-07-20,03:25 PM
188878,Tree Removal,2022-07-20 03:28 PM,Tree Removal Inspection,TREEMAINTENANCE,"UF - JONES, CODY",8710 LINKFAIR LN,"7, ZONE",532N,77025,CLOSED,2022-07-20,03:28 PM
188879,Tree Trim,2022-07-20 08:45 PM,Tree Trim Inspection,TREEMAINTENANCE,"UF - JONES, CODY",WALNUT BEND LN & WESTHEIMER RD,"2, ZONE",489U,77042,CLOSED,2022-07-20,08:45 PM
188880,Tree Trim,2022-07-20 10:33 PM,Tree Trim Inspection,TREEMAINTENANCE,"UF - BHATTARAI, NIMESH",1112 BRINGHURST ST,"4, ZONE",494F,77020,CLOSED,2022-07-20,10:33 PM
188882,Tree Trim,2022-07-21 09:07 AM,Tree Trim Inspection,TREEMAINTENANCE,"UF - JONES, CODY",2001 LUBBOCK ST,"2, ZONE",493K,77007,CLOSED,2022-07-21,09:07 AM
188886,Tree Removal,2022-07-21 09:37 AM,Tree Removal Inspection,TREEMAINTENANCE,"UF - JONES, CODY",5107 HAZARD ST,"7, ZONE",492Z,77098,CLOSED,2022-07-21,09:37 AM
188887,Tree Removal,2022-07-21 10:35 AM,Tree Removal Inspection,TREEMAINTENANCE,"UF - BHATTARAI, NIMESH",3026 POE RD,"6, ZONE",573K,77051,CLOSED,2022-07-21,10:35 AM
188888,Tree Removal,2022-07-21 10:49 AM,Tree Removal Inspection,TREEMAINTENANCE,"UF - JONES, CODY",12918 PINESAGE DR,"7, ZONE",572F,77045,CLOSED,2022-07-21,10:49 AM
188889,Tree Stump Grinding,2022-07-21 10:58 AM,Tree Stump Inspection,TREEMAINTENANCE,"UF - JONES, CODY",8318 MONTRIDGE DR,"3, ZONE",451S,77055,CLOSED,2022-07-21,10:58 AM
188890,Tree Removal,2022-07-21 11:02 AM,Tree Removal Inspection,TREEMAINTENANCE,"UF - BHATTARAI, NIMESH",2901 BLACK ST,"6, ZONE",534G,77023,CLOSED,2022-07-21,11:02 AM
188892,Tree Trim,2022-07-21 11:47 AM,Tree Trim Inspection,TREEMAINTENANCE,"UF - BHATTARAI, NIMESH",4027 BASSINGHAM DR,"4, ZONE",296V,77339,CLOSED,2022-07-21,11:47 AM
188893,Tree Removal,2022-07-21 12:02 PM,Tree Removal Inspection,TREEMAINTENANCE,"UF - JONES, CODY",3700 CUMMINS ST,"2, ZONE",492W,77046,CLOSED,2022-07-21,12:02 PM
188895,Tree Trim,2022-07-21 12:26 PM,Tree Trim Inspection,TREEMAINTENANCE,"UF - BHATTARAI, NIMESH",4207 BASSINGHAM DR,"4, ZONE",296V,77339,CLOSED,2022-07-21,12:26 PM
188897,Tree Trim,2022-07-21 12:47 PM,Tree Trim Inspection,TREEMAINTENANCE,"UF - BHATTARAI, NIMESH",1402 BUNTON ST,"4, ZONE",453Z,77009,CLOSED,2022-07-21,12:47 PM
188898,Tree Trim,2022-07-21 01:11 PM,Tree Trim Inspection,TREEMAINTENANCE,"UF - JONES, CODY",200 WILCREST DR,"2, ZONE",489K,77077,CLOSED,2022-07-21,01:11 PM
188899,Tree Removal,2022-07-21 01:32 PM,Tree Removal Inspection,TREEMAINTENANCE,"UF - BHATTARAI, NIMESH",724 E 24TH ST,"3, ZONE",453S,77008,CLOSED,2022-07-21,01:32 PM
188900,Tree Removal,2022-07-21 01:45 PM,Tree Removal Inspection,TREEMAINTENANCE,"UF - BHATTARAI, NIMESH",430 SHOTWELL ST,"4, ZONE",494C,77020,CLOSED,2022-07-21,01:45 PM
188901,Tree Removal,2022-07-21 01:51 PM,Tree Removal Inspection,TREEMAINTENANCE,"UF - JONES, CODY",7306 CHASEWOOD DR,"7, ZONE",571S,77489,CLOSED,2022-07-21,01:51 PM
188902,Tree Trim,2022-07-21 02:27 PM,Tree Trim Inspection,TREEMAINTENANCE,"UF - JONES, CODY",505 CAPLIN ST,"4, ZONE",453Q,77022,CLOSED,2022-07-21,02:27 PM
188903,Tree Removal,2022-07-21 02:45 PM,Tree Removal Inspection,TREEMAINTENANCE,"UF - JONES, CODY",915 NORTHWOOD ST (MONTIE BEACH PARK),"3, ZONE",453X,77009,CLOSED,2022-07-21,02:45 PM
188904,Tree Removal,2022-07-21 02:58 PM,Tree Removal Inspection,TREEMAINTENANCE,"UF - JONES, CODY",2200 CLAREMONT LN,"2, ZONE",492T,77027,CLOSED,2022-07-21,02:58 PM
188905,Tree Removal,2022-07-21 04:16 PM,Tree Removal Inspection,TREEMAINTENANCE,"UF - JONES, CODY",12230 PINE KNOLL DR,"2, ZONE",529S,77099,CLOSED,2022-07-21,04:16 PM
188906,Tree Removal,2022-07-21 05:14 PM,Tree Removal Inspection,TREEMAINTENANCE,"UF - JONES, CODY",3203 EDLOE ST,"2, ZONE",492T,77027,CLOSED,2022-07-21,05:14 PM
188907,Tree Trim,2022-07-21 05:25 PM,Tree Trim Inspection,TREEMAINTENANCE,"UF - BHATTARAI, NIMESH",7518 PARK PLACE BLVD,"6, ZONE",535N,77087,CLOSED,2022-07-21,05:25 PM
188908,Tree Removal,2022-07-21 10:41 PM,Tree Removal Inspection,TREEMAINTENANCE,"UF - JONES, CODY",9211 STROUD DR,"2, ZONE",530J,77036,CLOSED,2022-07-21,10:41 PM
188909,Tree Removal,2022-07-21 11:21 PM,Tree Removal Inspection,TREEMAINTENANCE,"UF - BHATTARAI, NIMESH",904 S WAYSIDE DR,"5, ZONE",494Z,77023,CLOSED,2022-07-21,11:21 PM
188910,Tree Removal,2022-07-22 07:14 AM,Tree Removal Inspection,TREEMAINTENANCE,"UF - BHATTARAI, NIMESH",5402 BELDART CT,"6, ZONE",534W,77033,CLOSED,2022-07-22,07:14 AM
188914,Tree Trim,2022-07-22 09:00 AM,Tree Trim Inspection,TREEMAINTENANCE,"UF - JONES, CODY",4502 BRYN MAWR LN,"2, ZONE",491V,77027,CLOSED,2022-07-22,09:00 AM
188915,Tree Trim,2022-07-22 09:45 AM,Tree Trim Inspection,TREEMAINTENANCE,"UF - JONES, CODY",900 E 40TH ST,"3, ZONE",453N,77022,CLOSED,2022-07-22,09:45 AM
188916,Tree Trim,2022-07-22 09:51 AM,Tree Trim Inspection,TREEMAINTENANCE,"UF - JONES, CODY",2715 STETSON LN,"3, ZONE",449M,77043,CLOSED,2022-07-22,09:51 AM
188917,Tree Trim,2022-07-22 09:54 AM,Tree Trim Inspection,TREEMAINTENANCE,"UF - BHATTARAI, NIMESH",1420 SYCAMORE LN,"4, ZONE",336F,77339,CLOSED,2022-07-22,09:54 AM
188919,Tree Trim,2022-07-22 11:01 AM,Tree Trim Inspection,TREEMAINTENANCE,"UF - JONES, CODY",3302 DALMATIAN DR,"7, ZONE",572P,77045,CLOSED,2022-07-22,11:01 AM
188922,Tree Removal,2022-07-22 01:43 PM,Tree Removal Inspection,TREEMAINTENANCE,"UF - BHATTARAI, NIMESH",7448 PARK PLACE BLVD,"6, ZONE",535N,77087,CLOSED,2022-07-22,01:43 PM
188923,Tree Trim,2022-07-22 01:55 PM,Tree Trim Inspection,TREEMAINTENANCE,"UF - BHATTARAI, NIMESH",541 S 75TH ST (MASON PARK),"5, ZONE",535A,77023,CLOSED,2022-07-22,01:55 PM
188926,Tree Removal,2022-07-22 02:48 PM,Tree Removal Inspection,TREEMAINTENANCE,"UF - BHATTARAI, NIMESH",528 HAMBLEN RD,"4, ZONE",336J,77339,CLOSED,2022-07-22,02:48 PM
188927,Tree Trim,2022-07-22 02:53 PM,Tree Trim Inspection,TREEMAINTENANCE,"UF - JONES, CODY",900 LOVETT BLVD,"2, ZONE",493S,77006,CLOSED,2022-07-22,02:53 PM
188929,Tree Trim,2022-07-22 03:11 PM,Tree Trim Inspection,TREEMAINTENANCE,"UF - JONES, CODY",5530 BRAESVALLEY DR,"7, ZONE",531S,77096,CLOSED,2022-07-22,03:11 PM
188930,Tree Trim,2022-07-22 03:11 PM,Tree Trim Inspection,TREEMAINTENANCE,"UF - JONES, CODY",5550 N BRAESWOOD BLVD,"7, ZONE",531S,77096,CLOSED,2022-07-22,03:11 PM
188932,Tree Trim,2022-07-22 04:50 PM,Tree Trim Inspection,TREEMAINTENANCE,"UF - BHATTARAI, NIMESH",9500 CLINTON DR,"5, ZONE",495Z,77029,CLOSED,2022-07-22,04:50 PM
188933,Tree Trim,2022-07-22 08:09 PM,Tree Trim Inspection,TREEMAINTENANCE,"UF - BHATTARAI, NIMESH",4500 KINGWOOD DR,"4, ZONE",337B,77339,CLOSED,2022-07-22,08:09 PM
188934,Tree Trim,2022-07-23 03:33 AM,Tree Trim Inspection,TREEMAINTENANCE,"UF - JONES, CODY",2346 BINLEY DR,"2, ZONE",488U,77077,CLOSED,2022-07-23,03:33 AM
188935,Tree Trim,2022-07-23 05:04 PM,Tree Trim Inspection,TREEMAINTENANCE,"UF - JONES, CODY",2302 STONECREST DR,"3, ZONE",452N,77018,CLOSED,2022-07-23,05:04 PM
188936,Tree Trim,2022-07-24 02:29 PM,Tree Trim Inspection,TREEMAINTENANCE,"UF - JONES, CODY",7602 PAGEWOOD LN,"2, ZONE",490Z,77063,CLOSED,2022-07-24,02:29 PM
188937,Tree Trim,2022-07-24 03:59 PM,Tree Trim Inspection,TREEMAINTENANCE,"UF - BHATTARAI, NIMESH",2702 TINECHESTER DR,"4, ZONE",296V,77339,CLOSED,2022-07-24,03:59 PM
188939,Tree Trim,2022-07-25 08:13 AM,Tree Trim Inspection,TREEMAINTENANCE,"UF - JONES, CODY",12127 ASHLEY CIRCLE DR E,"7, ZONE",570G,77071,CLOSED,2022-07-25,08:13 AM
188940,Tree Trim,2022-07-25 08:56 AM,Tree Trim Inspection,TREEMAINTENANCE,"UF - JONES, CODY",1963 PORTSMOUTH ST,"2, ZONE",492Z,77098,CLOSED,2022-07-25,08:56 AM
188943,Tree Trim,2022-07-25 10:06 AM,Tree Trim Inspection,TREEMAINTENANCE,"UF - BHATTARAI, NIMESH",3710 BAIN ST,"4, ZONE",454X,77026,CLOSED,2022-07-25,10:06 AM
188944,Tree Removal,2022-07-25 11:18 AM,Tree Removal Inspection,TREEMAINTENANCE,"UF - JONES, CODY",4205 GREELEY ST,"2, ZONE",493W,77006,CLOSED,2022-07-25,11:18 AM
188945,Tree Trim,2022-07-25 11:26 AM,Tree Trim Inspection,TREEMAINTENANCE,"UF - JONES, CODY",10814 CHIMNEY ROCK RD,"7, ZONE",531X,77096,CLOSED,2022-07-25,11:26 AM
188946,Tree Removal,2022-07-25 11:57 AM,Tree Removal Inspection,TREEMAINTENANCE,"UF - BHATTARAI, NIMESH",2235 HARWELL DR,"5, ZONE",534H,77023,CLOSED,2022-07-25,11:57 AM
188947,Tree Trim,2022-07-25 12:45 PM,Tree Trim Inspection,TREEMAINTENANCE,"UF - BHATTARAI, NIMESH",2913 ALTOONA ST,"4, ZONE",494B,77026,CLOSED,2022-07-25,12:45 PM
188948,Tree Removal,2022-07-25 01:18 PM,Tree Removal Inspection,TREEMAINTENANCE,"UF - BHATTARAI, NIMESH",8902 COMPTON ST,"4, ZONE",454H,77016,CLOSED,2022-07-25,01:18 PM
188949,Tree Removal,2022-07-25 01:24 PM,Tree Removal Inspection,TREEMAINTENANCE,"UF - BHATTARAI, NIMESH",8902 COMPTON ST,"4, ZONE",454H,77016,CLOSED,2022-07-25,01:24 PM
188950,Tree Trim,2022-07-25 01:27 PM,Tree Trim Inspection,TREEMAINTENANCE,"UF - JONES, CODY",8100 BISSONNET ST,"7, ZONE",530Q,77074,CLOSED,2022-07-25,01:27 PM
188951,Tree Trim,2022-07-25 01:37 PM,Tree Trim Inspection,TREEMAINTENANCE,"UF - JONES, CODY",5618 JACKWOOD ST,"7, ZONE",531N,77096,CLOSED,2022-07-25,01:37 PM
188952,Tree Removal,2022-07-25 01:46 PM,Tree Removal Inspection,TREEMAINTENANCE,"UF - BHATTARAI, NIMESH",4442 MCKINNEY ST,"5, ZONE",494T,77023,CLOSED,2022-07-25,01:46 PM
188953,Tree Trim,2022-07-25 01:46 PM,Tree Trim Inspection,TREEMAINTENANCE,"UF - JONES, CODY",909 LEHMAN ST,"3, ZONE",452G,77018,CLOSED,2022-07-25,01:46 PM
188954,Tree Removal,2022-07-25 02:21 PM,Tree Removal Inspection,TREEMAINTENANCE,"UF - BHATTARAI, NIMESH",7075 CAYTON ST,"6, ZONE",574D,77061,CLOSED,2022-07-25,02:21 PM
188955,Tree Trim,2022-07-25 02:28 PM,Tree Trim Inspection,TREEMAINTENANCE,"UF - JONES, CODY",211 TABOR ST,"3, ZONE",453X,77009,CLOSED,2022-07-25,02:28 PM
188956,Tree Removal,2022-07-25 02:46 PM,Tree Removal Inspection,TREEMAINTENANCE,"UF - JONES, CODY",2027 ADDISON RD,"7, ZONE",532H,77030,CLOSED,2022-07-25,02:46 PM
188957,Tree Trim,2022-07-25 03:41 PM,Tree Trim Inspection,TREEMAINTENANCE,"UF - JONES, CODY",4512 PINEMONT DR,"3, ZONE",451H,77018,CLOSED,2022-07-25,03:41 PM
188958,Tree Removal,2022-07-25 03:44 PM,Tree Removal Inspection,TREEMAINTENANCE,"UF - BHATTARAI, NIMESH",8031 ETHEL ST,"4, ZONE",455P,77028,CLOSED,2022-07-25,03:44 PM
188959,Tree Removal,2022-07-25 03:52 PM,Tree Removal Inspection,TREEMAINTENANCE,"UF - BHATTARAI, NIMESH",11303 SAGEHEATHER DR,"6, ZONE",616C,77089,CLOSED,2022-07-25,03:52 PM
188960,Tree Trim,2022-07-25 05:07 PM,Tree Trim Inspection,TREEMAINTENANCE,"UF - JONES, CODY",530 OXFORD ST,"3, ZONE",493A,77007,CLOSED,2022-07-25,05:07 PM
188961,Tree Trim,2022-07-25 06:11 PM,Tree Trim Inspection,TREEMAINTENANCE,"UF - BHATTARAI, NIMESH",5715 TURTLE CREEK RD,"5, ZONE",536T,77017,CLOSED,2022-07-25,06:11 PM
188963,Tree Trim,2022-07-25 08:29 PM,Tree Trim Inspection,TREEMAINTENANCE,"UF - BURKES, JEREMY",4422 WALKER ST,"5, ZONE",494T,77023,CLOSED,2022-07-25,08:29 PM
188964,Tree Removal,2022-07-25 08:35 PM,Tree Removal Inspection,TREEMAINTENANCE,"UF - BURKES, JEREMY",4422 WALKER ST,"5, ZONE",494T,77023,CLOSED,2022-07-25,08:35 PM
188965,Tree Trim,2022-07-25 11:46 PM,Tree Trim Inspection,TREEMAINTENANCE,"UF - JONES, CODY",4500 AUSTIN ST,"7, ZONE",493X,77004,CLOSED,2022-07-25,11:46 PM
188966,Tree Trim,2022-07-26 08:01 AM,Tree Trim Inspection,TREEMAINTENANCE,"UF - JONES, CODY",14226 ALMEDA SCHOOL RD,"7, ZONE",572Y,77047,CLOSED,2022-07-26,08:01 AM
188968,Tree Removal,2022-07-26 08:37 AM,Tree Removal Inspection,TREEMAINTENANCE,"UF - JONES, CODY",16110 BUNKER RIDGE RD,"7, ZONE",611D,77053,CLOSED,2022-07-26,08:37 AM
188969,Tree Trim,2022-07-26 09:10 AM,Tree Trim Inspection,TREEMAINTENANCE,"UF - JONES, CODY",10702 BRAES FOREST DR,"7, ZONE",530Y,77071,CLOSED,2022-07-26,09:10 AM
188971,Tree Trim,2022-07-26 09:13 AM,Tree Trim Inspection,TREEMAINTENANCE,"UF - JONES, CODY",4512 PINEMONT DR,"3, ZONE",451H,77018,CLOSED,2022-07-26,09:13 AM
188972,Tree Removal,2022-07-26 09:50 AM,Tree Removal Inspection,TREEMAINTENANCE,"UF - JONES, CODY",1723 COLQUITT ST,"2, ZONE",492Z,77098,CLOSED,2022-07-26,09:50 AM
188973,Tree Trim,2022-07-26 11:38 AM,Tree Trim Inspection,TREEMAINTENANCE,"UF - JONES, CODY",1408 WAVERLY ST,"3, ZONE",452Z,77008,CLOSED,2022-07-26,11:38 AM
188974,Tree Removal,2022-07-26 11:44 AM,Tree Removal Inspection,TREEMAINTENANCE,"UF - JONES, CODY",1723 COLQUITT ST,"2, ZONE",492Z,77098,CLOSED,2022-07-26,11:44 AM
188975,Tree Removal,2022-07-26 11:57 AM,Tree Removal Inspection,TREEMAINTENANCE,"UF - JONES, CODY",1923 UNIVERSITY BLVD,"7, ZONE",532H,77030,CLOSED,2022-07-26,11:57 AM
188976,Tree Trim,2022-07-26 12:06 PM,Tree Trim Inspection,TREEMAINTENANCE,"UF - BHATTARAI, NIMESH",918 CLINTON PARK ST,"5, ZONE",495V,77029,CLOSED,2022-07-26,12:06 PM
188977,Tree Trim,2022-07-26 12:15 PM,Tree Trim Inspection,TREEMAINTENANCE,"UF - JONES, CODY",7729 JAMES FRANKLIN ST,"3, ZONE",412T,77088,CLOSED,2022-07-26,12:15 PM
188978,Tree Trim,2022-07-26 02:22 PM,Tree Trim Inspection,TREEMAINTENANCE,"UF - BHATTARAI, NIMESH",6206 SOUTHBROOK DR,"6, ZONE",574C,77087,CLOSED,2022-07-26,02:22 PM
188979,Tree Removal,2022-07-26 03:06 PM,Tree Removal Inspection,TREEMAINTENANCE,"UF - BHATTARAI, NIMESH",7731 HEREFORD ST,"6, ZONE",535S,77087,CLOSED,2022-07-26,03:06 PM
188980,Tree Trim,2022-07-26 03:25 PM,Tree Trim Inspection,TREEMAINTENANCE,"UF - JONES, CODY",4407 CLARK RD,"3, ZONE",450H,77040,CLOSED,2022-07-26,03:25 PM
188981,Tree Trim,2022-07-26 03:28 PM,Tree Trim Inspection,TREEMAINTENANCE,"UF - JONES, CODY",6026 MELANITE AVE,"7, ZONE",571X,77053,CLOSED,2022-07-26,03:28 PM
188982,Tree Removal,2022-07-26 03:45 PM,Tree Removal Inspection,TREEMAINTENANCE,"UF - BHATTARAI, NIMESH",695 PINELOCH DR,"5, ZONE",617M,77598,CLOSED,2022-07-26,03:45 PM
188983,Tree Trim,2022-07-26 04:04 PM,Tree Trim Inspection,TREEMAINTENANCE,"UF - BHATTARAI, NIMESH",4000 BROADWAY ST,"6, ZONE",535P,77087,CLOSED,2022-07-26,04:04 PM
188984,Tree Removal,2022-07-26 04:50 PM,Tree Removal Inspection,TREEMAINTENANCE,"UF - BHATTARAI, NIMESH",2126 NELL ST,"5, ZONE",576B,77034,CLOSED,2022-07-26,04:50 PM
188985,Tree Trim,2022-07-26 06:44 PM,Tree Trim Inspection,TREEMAINTENANCE,"UF - JONES, CODY",1819 DECATUR ST,"2, ZONE",493K,77007,CLOSED,2022-07-26,06:44 PM
188986,Tree Trim,2022-07-26 07:23 PM,Tree Trim Inspection,TREEMAINTENANCE,"UF - JONES, CODY",5548 SAN FELIPE ST,"2, ZONE",491P,77056,CLOSED,2022-07-26,07:23 PM
188987,Tree Trim,2022-07-26 07:56 PM,Tree Trim Inspection,TREEMAINTENANCE,"UF - BHATTARAI, NIMESH",411 S 72ND ST,"5, ZONE",494Z,77011,CLOSED,2022-07-26,07:56 PM
188988,Tree Trim,2022-07-26 08:26 PM,Tree Trim Inspection,TREEMAINTENANCE,"UF - JONES, CODY",968 DOLLY WRIGHT ST,"3, ZONE",412T,77088,CLOSED,2022-07-26,08:26 PM
188989,Tree Code Violation,2022-07-26 09:09 PM,Tree Code Violation Inspection,TREEPROTECTION,"UF - POLOVTSEV, SERA",525 YALE ST,"3, ZONE",492D,77007,CLOSED,2022-07-26,09:09 PM
188993,Tree Removal,2022-07-27 10:04 AM,Tree Removal Inspection,TREEMAINTENANCE,"UF - BHATTARAI, NIMESH",915 NORTHWOOD ST (MONTIE BEACH PARK),"3, ZONE",453X,77009,CLOSED,2022-07-27,10:04 AM
188995,Tree Removal,2022-07-27 10:27 AM,Tree Removal Inspection,TREEMAINTENANCE,"UF - BHATTARAI, NIMESH",6220 LA SALETTE ST,"6, ZONE",533L,77021,CLOSED,2022-07-27,10:27 AM
188996,Tree Trim,2022-07-27 10:47 AM,Tree Trim Inspection,TREEMAINTENANCE,"UF - BHATTARAI, NIMESH",22000 NORTHPARK DR,"4, ZONE",295V,77365,CLOSED,2022-07-27,10:47 AM
188997,Tree Trim,2022-07-27 10:53 AM,Tree Trim Inspection,TREEMAINTENANCE,"UF - BHATTARAI, NIMESH",5333 MEADOW CREEK LN,"5, ZONE",536S,77017,CLOSED,2022-07-27,10:53 AM
188998,Tree Trim,2022-07-27 11:02 AM,Tree Trim Inspection,TREEMAINTENANCE,"UF - JONES, CODY",197 WEBSTER AVE,"2, ZONE",493P,77019,CLOSED,2022-07-27,11:02 AM
188999,Tree Removal,2022-07-27 11:32 AM,Tree Removal Inspection,TREEMAINTENANCE,"UF - BHATTARAI, NIMESH",10326 MAYFIELD RD,"3, ZONE",449Z,77043,CLOSED,2022-07-27,11:32 AM
189002,Tree Trim,2022-07-27 12:20 PM,Tree Trim Inspection,TREEMAINTENANCE,"UF - JONES, CODY",2626 COUCH ST,"3, ZONE",452T,77008,CLOSED,2022-07-27,12:20 PM
189004,Tree Trim,2022-07-27 12:56 PM,Tree Trim Inspection,TREEMAINTENANCE,"UF - BHATTARAI, NIMESH",14631 UNDERWOOD CREEK WAY,"5, ZONE",618E,77062,CLOSED,2022-07-27,12:56 PM
189005,Tree Stump Grinding,2022-07-27 01:39 PM,Tree Stump Inspection,TREEMAINTENANCE,"UF - BHATTARAI, NIMESH",7202 LONGVINE DR,"2, ZONE",528M,77072,CLOSED,2022-07-27,01:39 PM
189007,Tree Removal,2022-07-27 02:06 PM,Tree Removal Inspection,TREEMAINTENANCE,"UF - BHATTARAI, NIMESH",3908 CETTI ST,"4, ZONE",453Z,77009,CLOSED,2022-07-27,02:06 PM
189008,Tree Removal,2022-07-27 02:12 PM,Tree Removal Inspection,TREEMAINTENANCE,"UF - BHATTARAI, NIMESH",1452 CROMWELL ST (SQUATTY LYONS PARK),"4, ZONE",413U,77093,CLOSED,2022-07-27,02:12 PM
189009,Tree Removal,2022-07-27 02:18 PM,Tree Removal Inspection,TREEMAINTENANCE,"UF - JONES, CODY",5855 QUEENSLOCH DR,"7, ZONE",531S,77096,CLOSED,2022-07-27,02:18 PM
189010,Tree Removal,2022-07-27 02:23 PM,Tree Removal Inspection,TREEMAINTENANCE,"UF - JONES, CODY",11007 DUNLAP ST,"7, ZONE",531W,77096,CLOSED,2022-07-27,02:23 PM
189011,Tree Trim,2022-07-27 02:33 PM,Tree Trim Inspection,TREEMAINTENANCE,"UF - JONES, CODY",8710 ROBINDELL DR,"7, ZONE",530R,77074,CLOSED,2022-07-27,02:33 PM
189012,Tree Removal,2022-07-27 02:42 PM,Tree Removal Inspection,TREEMAINTENANCE,"UF - JONES, CODY",1602 ENCLAVE PKWY,"2, ZONE",488Q,77077,CLOSED,2022-07-27,02:42 PM
189013,Tree Removal,2022-07-27 02:48 PM,Tree Removal Inspection,TREEMAINTENANCE,"UF - BHATTARAI, NIMESH",12890 GREENS BAYOU ST,"4, ZONE",496H,77015,CLOSED,2022-07-27,02:48 PM
189015,Tree Trim,2022-07-27 03:51 PM,Tree Trim Inspection,TREEMAINTENANCE,"UF - JONES, CODY",11914 PEPPERDINE LN,"7, ZONE",570C,77071,CLOSED,2022-07-27,03:51 PM
189016,Tree Removal,2022-07-27 03:51 PM,Tree Removal Inspection,TREEMAINTENANCE,"UF - JONES, CODY",4800 MONTROSE BLVD (BELL PARK),"7, ZONE",493W,77006,CLOSED,2022-07-27,03:51 PM
189017,Tree Removal,2022-07-27 03:54 PM,Tree Removal Inspection,TREEMAINTENANCE,"UF - JONES, CODY",911 RUTLAND ST,"3, ZONE",492D,77008,CLOSED,2022-07-27,03:54 PM
189018,Tree Trim,2022-07-27 04:51 PM,Tree Trim Inspection,TREEMAINTENANCE,"UF - JONES, CODY",2017 PATTERSON ST,"3, ZONE",492H,77007,CLOSED,2022-07-27,04:51 PM
189019,Tree Trim,2022-07-27 05:13 PM,Tree Trim Inspection,TREEMAINTENANCE,"UF - BHATTARAI, NIMESH",6900 APACHE ST,"4, ZONE",454R,77028,CLOSED,2022-07-27,05:13 PM
189020,Tree Removal,2022-07-27 05:22 PM,Tree Removal Inspection,TREEMAINTENANCE,"UF - BHATTARAI, NIMESH",112 JAMAICA ST,"5, ZONE",535A,77012,CLOSED,2022-07-27,05:22 PM
189021,Tree Trim,2022-07-27 05:23 PM,Tree Trim Inspection,TREEMAINTENANCE,"UF - JONES, CODY",945 WOODLAND ST,"3, ZONE",493B,77009,CLOSED,2022-07-27,05:23 PM
189022,Tree Removal,2022-07-27 06:04 PM,Tree Removal Inspection,TREEMAINTENANCE,"UF - BHATTARAI, NIMESH",3735 WYOMING ST,"6, ZONE",533Q,77021,CLOSED,2022-07-27,06:04 PM
189023,Tree Trim,2022-07-27 06:28 PM,Tree Trim Inspection,TREEMAINTENANCE,"UF - BHATTARAI, NIMESH",4505 HAYWOOD ST,"4, ZONE",414Y,77093,CLOSED,2022-07-27,06:28 PM
189024,Tree Trim,2022-07-27 06:29 PM,Tree Trim Inspection,TREEMAINTENANCE,"UF - BHATTARAI, NIMESH",3000 REED RD,"6, ZONE",573B,77051,CLOSED,2022-07-27,06:29 PM
189025,Tree Planting,2022-07-27 06:37 PM,Tree Planting Inspection,TREEPROTECTION,"UF - POLOVTSEV, SERA",5415 MAPLE ST,"7, ZONE",531P,77096,CLOSED,2022-07-27,06:37 PM
189026,Tree Removal,2022-07-27 08:31 PM,Tree Removal Inspection,TREEMAINTENANCE,"UF - JONES, CODY",7026 PELLA DR,"2, ZONE",530E,77036,CLOSED,2022-07-27,08:31 PM
189028,Tree Trim,2022-07-28 12:03 AM,Tree Trim Inspection,TREEMAINTENANCE,"UF - BHATTARAI, NIMESH",7734 BRUMBLAY ST,"5, ZONE",535F,77012,CLOSED,2022-07-28,12:03 AM
189030,Tree Removal,2022-07-28 08:57 AM,Tree Removal Inspection,TREEMAINTENANCE,"UF - JONES, CODY",6606 IMOGENE ST,"7, ZONE",530R,77074,CLOSED,2022-07-28,08:57 AM
189031,Tree Trim,2022-07-28 09:01 AM,Tree Trim Inspection,TREEMAINTENANCE,"UF - BHATTARAI, NIMESH",11132 PANTHER CT,"2, ZONE",529X,77099,CLOSED,2022-07-28,09:01 AM
189032,Tree Trim,2022-07-28 09:21 AM,Tree Trim Inspection,TREEMAINTENANCE,"UF - BHATTARAI, NIMESH",102 ROUSE ST,"4, ZONE",494D,77020,CLOSED,2022-07-28,09:21 AM
189034,Tree Removal,2022-07-28 09:45 AM,Tree Removal Inspection,TREEMAINTENANCE,"UF - BHATTARAI, NIMESH",541 S 75TH ST (MASON PARK),"5, ZONE",535A,77023,CLOSED,2022-07-28,09:45 AM
189036,Tree Removal,2022-07-28 10:12 AM,Tree Removal Inspection,TREEMAINTENANCE,"UF - BURKES, JEREMY",2222 HARWELL DR,"5, ZONE",534H,77023,CLOSED,2022-07-28,10:12 AM
189038,Tree Trim,2022-07-28 11:11 AM,Tree Trim Inspection,TREEMAINTENANCE,"UF - JONES, CODY",6404 SCHULER ST,"2, ZONE",492F,77007,CLOSED,2022-07-28,11:11 AM
189039,Tree Trim,2022-07-28 11:49 AM,Tree Trim Inspection,TREEMAINTENANCE,"UF - JONES, CODY",2534 WALNUT BEND LN,"2, ZONE",489U,77042,CLOSED,2022-07-28,11:49 AM
189041,Tree Planting,2022-07-28 12:16 PM,Tree Planting Inspection,TREEPROTECTION,"UF - POLOVTSEV, SERA",9247 BLANKENSHIP DR,"3, ZONE",450L,77080,CLOSED,2022-07-28,12:16 PM
189043,Tree Removal,2022-07-28 12:44 PM,Tree Removal Inspection,TREEMAINTENANCE,"UF - BHATTARAI, NIMESH",10618 DONEGAL WAY,"6, ZONE",573G,77047,CLOSED,2022-07-28,12:44 PM
189045,Tree Removal,2022-07-28 02:17 PM,Tree Removal Inspection,TREEMAINTENANCE,"UF - JONES, CODY",11851 S GESSNER RD,"7, ZONE",570B,77071,CLOSED,2022-07-28,02:17 PM
189048,Tree Removal,2022-07-28 03:05 PM,Tree Removal Inspection,TREEMAINTENANCE,"UF - JONES, CODY",1438 HERKIMER ST,"3, ZONE",452Z,77008,CLOSED,2022-07-28,03:05 PM
189049,Tree Removal,2022-07-28 03:17 PM,Tree Removal Inspection,TREEMAINTENANCE,"UF - BHATTARAI, NIMESH",6302 BURNING TREE DR,"2, ZONE",530E,77036,CLOSED,2022-07-28,03:17 PM
189051,Tree Trim,2022-07-28 04:02 PM,Tree Trim Inspection,TREEMAINTENANCE,"UF - BHATTARAI, NIMESH",2602 FONTANA DR,"3, ZONE",449R,77043,CLOSED,2022-07-28,04:02 PM
189052,Tree Trim,2022-07-28 04:56 PM,Tree Trim Inspection,TREEMAINTENANCE,"UF - JONES, CODY",1000 DAIRY ASHFORD RD,"2, ZONE",488D,77079,CLOSED,2022-07-28,04:56 PM
189053,Tree Trim,2022-07-28 05:00 PM,Tree Trim Inspection,TREEMAINTENANCE,"UF - BHATTARAI, NIMESH",10134 BRETTON DR,"4, ZONE",414Z,77016,CLOSED,2022-07-28,05:00 PM
189054,Tree Trim,2022-07-28 05:57 PM,Tree Trim Inspection,TREEMAINTENANCE,"UF - JONES, CODY",8910 ILONA LN,"7, ZONE",532N,77025,CLOSED,2022-07-28,05:57 PM
189055,Tree Trim,2022-07-28 06:27 PM,Tree Trim Inspection,TREEMAINTENANCE,"UF - BHATTARAI, NIMESH",5333 BERRY CREEK DR,"5, ZONE",536S,77017,CLOSED,2022-07-28,06:27 PM
189056,Tree Removal,2022-07-28 08:40 PM,Tree Removal Inspection,TREEMAINTENANCE,"UF - BHATTARAI, NIMESH",2814 BARBEE ST,"6, ZONE",533C,77004,CLOSED,2022-07-28,08:40 PM
189057,Tree Removal,2022-07-28 11:02 PM,Tree Removal Inspection,TREEMAINTENANCE,"UF - BHATTARAI, NIMESH",5712 IRVINGTON BLVD,"4, ZONE",453V,77009,CLOSED,2022-07-28,11:02 PM
189058,Tree Trim,2022-07-29 07:31 AM,Tree Trim Inspection,TREEMAINTENANCE,"UF - BHATTARAI, NIMESH",3507 CANFIELD ST,"6, ZONE",533D,77004,CLOSED,2022-07-29,07:31 AM
189059,Tree Trim,2022-07-29 08:17 AM,Tree Trim Inspection,TREEMAINTENANCE,"UF - BHATTARAI, NIMESH",7614 PARKER RD,"4, ZONE",415W,77016,CLOSED,2022-07-29,08:17 AM
189060,Tree Trim,2022-07-29 08:28 AM,Tree Trim Inspection,TREEMAINTENANCE,"UF - BHATTARAI, NIMESH",5906 RIDGEWAY DR (EDGEWOOD PARK),"6, ZONE",534X,77033,CLOSED,2022-07-29,08:28 AM
189061,Tree Removal,2022-07-29 09:27 AM,Tree Removal Inspection,TREEMAINTENANCE,"UF - BHATTARAI, NIMESH",7738 CANAL ST,"5, ZONE",495X,77012,CLOSED,2022-07-29,09:27 AM
189062,Tree Trim,2022-07-29 09:33 AM,Tree Trim Inspection,TREEMAINTENANCE,"UF - BHATTARAI, NIMESH",8098 ELBERT ST,"4, ZONE",455E,77028,CLOSED,2022-07-29,09:33 AM
189063,Tree Removal,2022-07-29 09:44 AM,Tree Removal Inspection,TREEMAINTENANCE,"UF - BHATTARAI, NIMESH",8344 CADDO RD,"4, ZONE",455C,77078,CLOSED,2022-07-29,09:44 AM
189065,Tree Trim,2022-07-29 11:44 AM,Tree Trim Inspection,TREEMAINTENANCE,"UF - BHATTARAI, NIMESH",6005 PATE RD,"4, ZONE",454D,77016,CLOSED,2022-07-29,11:44 AM
189066,Tree Removal,2022-07-29 11:55 AM,Tree Removal Inspection,TREEMAINTENANCE,"UF - JONES, CODY",911 RUTLAND ST,"3, ZONE",492D,77008,CLOSED,2022-07-29,11:55 AM
189068,Tree Removal,2022-07-29 01:43 PM,Tree Removal Inspection,TREEMAINTENANCE,"UF - BHATTARAI, NIMESH",8100 REDFERN DR,"6, ZONE",533Z,77033,CLOSED,2022-07-29,01:43 PM
189069,Tree Removal,2022-07-29 02:19 PM,Tree Removal Inspection,TREEMAINTENANCE,"UF - BHATTARAI, NIMESH",8249 CREEKBEND DR,"7, ZONE",530X,77071,CLOSED,2022-07-29,02:19 PM
189070,Tree Trim,2022-07-29 02:26 PM,Tree Trim Inspection,TREEMAINTENANCE,"UF - BHATTARAI, NIMESH",CANINO RD & BAUMAN RD,"4, ZONE",413U,77037,CLOSED,2022-07-29,02:26 PM
189071,Tree Trim,2022-07-29 02:50 PM,Tree Trim Inspection,TREEMAINTENANCE,"UF - BHATTARAI, NIMESH",401 CANINO RD (MELROSE PARK),"4, ZONE",413T,77037,CLOSED,2022-07-29,02:50 PM
189072,Tree Removal,2022-07-29 03:17 PM,Tree Removal Inspection,TREEMAINTENANCE,"UF - JONES, CODY",1141 W MELWOOD ST,"3, ZONE",453W,77008,CLOSED,2022-07-29,03:17 PM
189074,Tree Trim,2022-07-29 04:59 PM,Tree Trim Inspection,TREEMAINTENANCE,"UF - JONES, CODY",9811 PORTO RICO RD,"3, ZONE",450B,77041,CLOSED,2022-07-29,04:59 PM
189075,Tree Trim,2022-07-29 05:05 PM,Tree Trim Inspection,TREEMAINTENANCE,"UF - BHATTARAI, NIMESH",2910 MILLS BRANCH DR,"4, ZONE",297U,77345,CLOSED,2022-07-29,05:05 PM
189076,Tree Trim,2022-07-29 05:17 PM,Tree Trim Inspection,TREEMAINTENANCE,"UF - JONES, CODY",6260 INWOOD DR,"2, ZONE",491N,77057,CLOSED,2022-07-29,05:17 PM
189077,Tree Trim,2022-07-29 05:18 PM,Tree Trim Inspection,TREEMAINTENANCE,"UF - BHATTARAI, NIMESH",3900 FAULKNER ST,"6, ZONE",533Q,77021,CLOSED,2022-07-29,05:18 PM
189078,Tree Trim,2022-07-30 08:16 AM,Tree Trim Inspection,TREEMAINTENANCE,"UF - BHATTARAI, NIMESH",7213 BLUE RIDGE DR,"6, ZONE",534V,77087,CLOSED,2022-07-30,08:16 AM
189079,Tree Removal,2022-07-30 08:22 AM,Tree Removal Inspection,TREEMAINTENANCE,"UF - JONES, CODY",1703 HEIGHTS BLVD,"3, ZONE",453S,77008,CLOSED,2022-07-30,08:22 AM
189080,Tree Removal,2022-07-30 01:39 PM,Tree Removal Inspection,TREEMAINTENANCE,"UF - JONES, CODY",2007 W ALABAMA ST,"2, ZONE",492V,77098,CLOSED,2022-07-30,01:39 PM
189081,Tree Trim,2022-07-30 01:51 PM,Tree Trim Inspection,TREEMAINTENANCE,"UF - JONES, CODY",3811 MCDUFFIE ST,"2, ZONE",492V,77098,CLOSED,2022-07-30,01:51 PM
189082,Tree Removal,2022-07-30 04:10 PM,Tree Removal Inspection,TREEMAINTENANCE,"UF - BHATTARAI, NIMESH",8064 ELROD ST,"5, ZONE",535U,77017,CLOSED,2022-07-30,04:10 PM
189083,Tree Trim,2022-07-30 04:28 PM,Tree Trim Inspection,TREEMAINTENANCE,"UF - BHATTARAI, NIMESH",FERN TERRACE DR & LETTIE ST,"6, ZONE",575Z,77075,CLOSED,2022-07-30,04:28 PM
189084,Tree Trim,2022-07-30 04:31 PM,Tree Trim Inspection,TREEMAINTENANCE,"UF - BHATTARAI, NIMESH",DOVE WAY & HEATHER TRAIL DR,"6, ZONE",575Z,77075,CLOSED,2022-07-30,04:31 PM
189085,Tree Trim,2022-07-30 04:34 PM,Tree Trim Inspection,TREEMAINTENANCE,"UF - BHATTARAI, NIMESH",GARDEN BREEZE DR & BRADFORD WAY DR,"6, ZONE",575Z,77075,CLOSED,2022-07-30,04:34 PM
189086,Tree Trim,2022-07-30 04:37 PM,Tree Trim Inspection,TREEMAINTENANCE,"UF - BHATTARAI, NIMESH",GARDEN BREEZE DR & KESSWAY LN,"6, ZONE",575Y,77075,CLOSED,2022-07-30,04:37 PM
189087,Tree Trim,2022-07-31 11:13 AM,Tree Trim Inspection,TREEMAINTENANCE,"UF - JONES, CODY",2302 WROXTON RD,"7, ZONE",492Y,77005,CLOSED,2022-07-31,11:13 AM
189088,Tree Trim,2022-07-31 12:13 PM,Tree Trim Inspection,TREEMAINTENANCE,"UF - BHATTARAI, NIMESH",6453 COUNTRY CLUB DR,"5, ZONE",494Y,77023,CLOSED,2022-07-31,12:13 PM
189089,Tree Trim,2022-07-31 04:06 PM,Tree Trim Inspection,TREEMAINTENANCE,"UF - BHATTARAI, NIMESH",3302 FOREST VILLAGE DR,"4, ZONE",296Z,77339,CLOSED,2022-07-31,04:06 PM
189090,Tree Trim,2022-08-01 02:39 AM,Tree Trim Inspection,TREEMAINTENANCE,"UF - JONES, CODY",12650 N HOUSTON ROSSLYN RD,"3, ZONE",411A,77086,CLOSED,2022-08-01,02:39 AM
189091,Tree Removal,2022-08-01 07:23 AM,Tree Removal Inspection,TREEMAINTENANCE,"UF - BHATTARAI, NIMESH",193 DIPPING LN (CLARK PARK),"4, ZONE",453B,77076,CLOSED,2022-08-01,07:23 AM
189095,Tree Trim,2022-08-01 08:21 AM,Tree Trim Inspection,TREEMAINTENANCE,"UF - BHATTARAI, NIMESH",16665 SPACE CENTER BLVD,"5, ZONE",618M,77058,CLOSED,2022-08-01,08:21 AM
189096,Tree Removal,2022-08-01 08:33 AM,Tree Removal Inspection,TREEMAINTENANCE,"UF - BHATTARAI, NIMESH",906 POST ST,"4, ZONE",453M,77022,CLOSED,2022-08-01,08:33 AM
189097,Tree Removal,2022-08-01 08:56 AM,Tree Removal Inspection,TREEMAINTENANCE,"UF - BHATTARAI, NIMESH",2351 MINNESOTA ST,"5, ZONE",576E,77034,CLOSED,2022-08-01,08:56 AM
189098,Tree Trim,2022-08-01 09:27 AM,Tree Trim Inspection,TREEMAINTENANCE,"UF - BHATTARAI, NIMESH",10220 SHADY LN (SHADY LANE PARK),"4, ZONE",414W,77093,CLOSED,2022-08-01,09:27 AM
189099,Tree Trim,2022-08-01 09:45 AM,Tree Trim Inspection,TREEMAINTENANCE,"UF - BHATTARAI, NIMESH",5224 LEELAND ST,"5, ZONE",494X,77023,CLOSED,2022-08-01,09:45 AM
189103,Tree Removal,2022-08-01 10:00 AM,Tree Removal Inspection,TREEMAINTENANCE,"UF - JONES, CODY",3002 HOLCOMBE BLVD,"7, ZONE",533K,77021,CLOSED,2022-08-01,10:00 AM
189104,Tree Removal,2022-08-01 10:36 AM,Tree Removal Inspection,TREEMAINTENANCE,"UF - JONES, CODY",717 E 12TH ST,"3, ZONE",453W,77008,CLOSED,2022-08-01,10:36 AM
189106,Tree Trim,2022-08-01 11:40 AM,Tree Trim Inspection,TREEMAINTENANCE,"UF - JONES, CODY",1132 BAYLAND AVE,"3, ZONE",493A,77009,CLOSED,2022-08-01,11:40 AM
189107,Tree Code Violation,2022-08-01 12:58 PM,Tree Code Violation Inspection,TREEPROTECTION,"UF - POLOVTSEV, SERA",705 BYRNE ST,"3, ZONE",493B,77009,CLOSED,2022-08-01,12:58 PM
189108,Tree Removal,2022-08-01 01:01 PM,Tree Removal Inspection,TREEMAINTENANCE,"UF - JONES, CODY",4803 CROKER RIDGE RD,"7, ZONE",571Z,77053,CLOSED,2022-08-01,01:01 PM
189109,Tree Removal,2022-08-01 01:04 PM,Tree Removal Inspection,TREEMAINTENANCE,"UF - BHATTARAI, NIMESH",6146 ANDWOOD ST,"6, ZONE",534V,77087,CLOSED,2022-08-01,01:04 PM
189111,Tree Trim,2022-08-01 01:19 PM,Tree Trim Inspection,TREEMAINTENANCE,"UF - JONES, CODY",2939 MICHAUX ST,"3, ZONE",493B,77009,CLOSED,2022-08-01,01:19 PM
189112,Tree Trim,2022-08-01 02:26 PM,Tree Trim Inspection,TREEMAINTENANCE,"UF - JONES, CODY",5200 MICHAUX ST,"3, ZONE",453X,77009,CLOSED,2022-08-01,02:26 PM
189114,Tree Trim,2022-08-01 02:35 PM,Tree Trim Inspection,TREEMAINTENANCE,"UF - JONES, CODY",4617 WILLOWBEND BLVD,"7, ZONE",531Z,77035,CLOSED,2022-08-01,02:35 PM
189115,Tree Removal,2022-08-01 02:44 PM,Tree Removal Inspection,TREEMAINTENANCE,"UF - JONES, CODY",6022 PARK CIRCLE DR,"2, ZONE",491J,77057,CLOSED,2022-08-01,02:44 PM
189116,Tree Trim,2022-08-01 03:00 PM,Tree Trim Inspection,TREEMAINTENANCE,"UF - JONES, CODY",3621 GOLF DR (AMERICAN LEGION PARK),"3, ZONE",452P,77018,CLOSED,2022-08-01,03:00 PM
189117,Tree Trim,2022-08-01 03:11 PM,Tree Trim Inspection,TREEMAINTENANCE,"UF - BHATTARAI, NIMESH",7937 MASTERSON ST,"5, ZONE",495N,77029,CLOSED,2022-08-01,03:11 PM
189118,Tree Removal,2022-08-01 03:39 PM,Tree Removal Inspection,TREEMAINTENANCE,"UF - BHATTARAI, NIMESH",3319 TROUT ST,"4, ZONE",454B,77093,CLOSED,2022-08-01,03:39 PM
189119,Tree Removal,2022-08-01 03:41 PM,Tree Removal Inspection,TREEMAINTENANCE,"UF - BHATTARAI, NIMESH",7400 ABILENE ST,"5, ZONE",495E,77020,CLOSED,2022-08-01,03:41 PM
189120,Tree Removal,2022-08-01 03:44 PM,Tree Removal Inspection,TREEMAINTENANCE,"UF - BHATTARAI, NIMESH",3319 TROUT ST,"4, ZONE",454B,77093,CLOSED,2022-08-01,03:44 PM
189121,Tree Trim,2022-08-01 04:11 PM,Tree Trim Inspection,TREEMAINTENANCE,"UF - JONES, CODY",9019 IVY SPRING LN,"3, ZONE",412K,77088,CLOSED,2022-08-01,04:11 PM
189122,Tree Removal,2022-08-01 04:23 PM,Tree Removal Inspection,TREEMAINTENANCE,"UF - BHATTARAI, NIMESH",12300 ALDINE WESTFIELD RD,"4, ZONE",413M,77093,CLOSED,2022-08-01,04:23 PM
189123,Tree Removal,2022-08-01 04:23 PM,Tree Removal Inspection,TREEMAINTENANCE,"UF - BHATTARAI, NIMESH",7903 WOLFIELD LN,"7, ZONE",570C,77071,CLOSED,2022-08-01,04:23 PM
189124,Tree Trim,2022-08-01 04:41 PM,Tree Trim Inspection,TREEMAINTENANCE,"UF - BHATTARAI, NIMESH",KINGWOOD DR & LAKE KINGWOOD TRL,"4, ZONE",337A,77339,CLOSED,2022-08-01,04:41 PM
189125,Tree Removal,2022-08-01 05:14 PM,Tree Removal Inspection,TREEMAINTENANCE,"UF - JONES, CODY",805 W 31ST ST,"3, ZONE",452Q,77018,CLOSED,2022-08-01,05:14 PM
189126,Tree Trim,2022-08-01 05:14 PM,Tree Trim Inspection,TREEMAINTENANCE,"UF - JONES, CODY",1000 W 12TH ST,"3, ZONE",452Z,77008,CLOSED,2022-08-01,05:14 PM
189127,Tree Removal,2022-08-01 06:30 PM,Tree Removal Inspection,TREEMAINTENANCE,"UF - BHATTARAI, NIMESH",7227 DAHLIA ST,"5, ZONE",535E,77012,CLOSED,2022-08-01,06:30 PM
189128,Tree Removal,2022-08-01 06:36 PM,Tree Removal Inspection,TREEMAINTENANCE,"UF - JONES, CODY",1931 BANKS ST,"7, ZONE",492Z,77098,CLOSED,2022-08-01,06:36 PM
189129,Tree Removal,2022-08-01 09:15 PM,Tree Removal Inspection,TREEMAINTENANCE,"UF - BHATTARAI, NIMESH",WAYSIDE DR & AVENUE C,"5, ZONE",494V,77011,CLOSED,2022-08-01,09:15 PM
189130,Tree Trim,2022-08-02 03:38 AM,Tree Trim Inspection,TREEMAINTENANCE,"UF - BHATTARAI, NIMESH",5623 JACKWOOD ST,"7, ZONE",531N,77096,CLOSED,2022-08-02,03:38 AM
189133,Tree Removal,2022-08-02 08:11 AM,Tree Removal Inspection,TREEMAINTENANCE,"UF - BHATTARAI, NIMESH",4930 BATAAN RD,"6, ZONE",534N,77033,CLOSED,2022-08-02,08:11 AM
189134,Tree Removal,2022-08-02 09:41 AM,Tree Removal Inspection,TREEMAINTENANCE,"UF - BURKES, JEREMY",2113 MACONDA LN,"2, ZONE",492S,77027,CLOSED,2022-08-02,09:41 AM
189135,Tree Trim,2022-08-02 10:05 AM,Tree Trim Inspection,TREEMAINTENANCE,"UF - BHATTARAI, NIMESH",3712 AVERILL ST,"4, ZONE",453Y,77009,CLOSED,2022-08-02,10:05 AM
189136,Tree Removal,2022-08-02 10:08 AM,Tree Removal Inspection,TREEMAINTENANCE,"UF - BHATTARAI, NIMESH",4411 UNIVERSITY OAKS BLVD,"6, ZONE",534A,77004,CLOSED,2022-08-02,10:08 AM
189137,Tree Trim,2022-08-02 10:17 AM,Tree Trim Inspection,TREEMAINTENANCE,"UF - JONES, CODY",13904 WHITE HEATHER DR,"7, ZONE",572N,77045,CLOSED,2022-08-02,10:17 AM
189138,Tree Trim,2022-08-02 10:48 AM,Tree Trim Inspection,TREEMAINTENANCE,"UF - BHATTARAI, NIMESH",1453 W BAY AREA BLVD,"6, ZONE",617Z,77598,CLOSED,2022-08-02,10:48 AM
189139,Tree Removal,2022-08-02 10:50 AM,Tree Removal Inspection,TREEMAINTENANCE,"UF - BHATTARAI, NIMESH",9446 E AVENUE L,"5, ZONE",535D,77012,CLOSED,2022-08-02,10:50 AM
189140,Tree Trim,2022-08-02 11:36 AM,Tree Trim Inspection,TREEMAINTENANCE,"UF - BHATTARAI, NIMESH",7133 ROSWELL ST,"4, ZONE",453L,77022,CLOSED,2022-08-02,11:36 AM
189141,Tree Trim,2022-08-02 11:59 AM,Tree Trim Inspection,TREEMAINTENANCE,"UF - JONES, CODY",3100 FANNIN ST,"2, ZONE",493T,77004,CLOSED,2022-08-02,11:59 AM
189142,Tree Code Violation,2022-08-02 12:05 PM,Tree Code Violation Inspection,TREEPROTECTION,"UF - JONES, CODY",831 E 26TH ST,"3, ZONE",453S,77009,CLOSED,2022-08-02,12:05 PM
189143,Tree Removal,2022-08-02 12:44 PM,Tree Removal Inspection,TREEMAINTENANCE,"UF - BHATTARAI, NIMESH",10402 BESSEMER ST,"5, ZONE",576K,77034,CLOSED,2022-08-02,12:44 PM
189145,Tree Removal,2022-08-02 01:03 PM,Tree Removal Inspection,TREEMAINTENANCE,"UF - BHATTARAI, NIMESH",3117 AIRPORT BLVD,"6, ZONE",573F,77051,CLOSED,2022-08-02,01:03 PM
189152,Tree Removal,2022-08-02 02:52 PM,Tree Removal Inspection,TREEMAINTENANCE,"UF - JONES, CODY",1510 NORTH BLVD,"7, ZONE",492Z,77006,CLOSED,2022-08-02,02:52 PM
189153,Tree Removal,2022-08-02 03:03 PM,Tree Removal Inspection,TREEMAINTENANCE,"UF - BHATTARAI, NIMESH",5605 E HOUSTON RD,"4, ZONE",455U,77028,CLOSED,2022-08-02,03:03 PM
189154,Tree Code Violation,2022-08-02 03:09 PM,Tree Code Violation Inspection,TREEPROTECTION,"UF - JONES, CODY",9365 MAIN ST,"7, ZONE",532P,77054,CLOSED,2022-08-02,03:09 PM
189155,Tree Trim,2022-08-02 03:49 PM,Tree Trim Inspection,TREEMAINTENANCE,"UF - JONES, CODY",3411 CUMMINS ST,"2, ZONE",492W,77027,CLOSED,2022-08-02,03:49 PM
189156,Tree Trim,2022-08-02 04:13 PM,Tree Trim Inspection,TREEMAINTENANCE,"UF - JONES, CODY",13302 HAVERSHIRE LN,"2, ZONE",489B,77079,CLOSED,2022-08-02,04:13 PM
189157,Tree Trim,2022-08-02 05:05 PM,Tree Trim Inspection,TREEMAINTENANCE,"UF - BHATTARAI, NIMESH",9403 MILLBURY DR,"7, ZONE",531U,77096,CLOSED,2022-08-02,05:05 PM
189158,Tree Trim,2022-08-02 08:02 PM,Tree Trim Inspection,TREEMAINTENANCE,"UF - BHATTARAI, NIMESH",104 ALTIC ST,"5, ZONE",494U,77011,CLOSED,2022-08-02,08:02 PM
189159,Tree Trim,2022-08-03 02:59 AM,Tree Trim Inspection,TREEMAINTENANCE,"UF - JONES, CODY",5901 RICHMOND AVE,"2, ZONE",491X,77057,CLOSED,2022-08-03,02:59 AM
189161,Tree Removal,2022-08-03 06:33 AM,Tree Removal Inspection,TREEMAINTENANCE,"UF - BHATTARAI, NIMESH",1123 MONTOUR DR,"5, ZONE",618J,77062,CLOSED,2022-08-03,06:33 AM
189164,Tree Trim,2022-08-03 08:07 AM,Tree Trim Inspection,TREEMAINTENANCE,"UF - JONES, CODY",1400 HOLMAN ST,"2, ZONE",493T,77004,CLOSED,2022-08-03,08:07 AM
189165,Tree Removal,2022-08-03 08:34 AM,Tree Removal Inspection,TREEMAINTENANCE,"UF - BHATTARAI, NIMESH",6623 LAUGHLIN DR,"7, ZONE",571W,77489,CLOSED,2022-08-03,08:34 AM
189166,Tree Removal,2022-08-03 09:32 AM,Tree Removal Inspection,TREEMAINTENANCE,"UF - JONES, CODY",4911 IMOGENE ST,"7, ZONE",531Q,77096,CLOSED,2022-08-03,09:32 AM
189167,Tree Trim,2022-08-03 09:53 AM,Tree Trim Inspection,TREEMAINTENANCE,"UF - JONES, CODY",817 MCINTOSH ST,"4, ZONE",493C,77009,CLOSED,2022-08-03,09:53 AM
189169,Tree Removal,2022-08-03 10:00 AM,Tree Removal Inspection,TREEMAINTENANCE,"UF - JONES, CODY",WILTON ST & ALBANS RD,"7, ZONE",532D,77005,CLOSED,2022-08-03,10:00 AM
189170,Tree Trim,2022-08-03 10:32 AM,Tree Trim Inspection,TREEMAINTENANCE,"UF - JONES, CODY",6716 MONTCLAIR DR,"7, ZONE",532H,77030,CLOSED,2022-08-03,10:32 AM
189171,Tree Trim,2022-08-03 10:53 AM,Tree Trim Inspection,TREEMAINTENANCE,"UF - JONES, CODY",1403 CHANTILLY LN,"3, ZONE",452K,77018,CLOSED,2022-08-03,10:53 AM
189172,Tree Trim,2022-08-03 11:17 AM,Tree Trim Inspection,TREEMAINTENANCE,"UF - JONES, CODY",89 CHELSEA BLVD,"7, ZONE",493W,77006,CLOSED,2022-08-03,11:17 AM
189173,Tree Removal,2022-08-03 11:26 AM,Tree Removal Inspection,TREEMAINTENANCE,"UF - JONES, CODY",HIGH STAR DR & S KIRKWOOD RD,"2, ZONE",529E,77072,CLOSED,2022-08-03,11:26 AM
189174,Tree Removal,2022-08-03 11:44 AM,Tree Removal Inspection,TREEMAINTENANCE,"UF - BHATTARAI, NIMESH",6131 GLENHURST DR,"6, ZONE",534X,77033,CLOSED,2022-08-03,11:44 AM
189175,Tree Trim,2022-08-03 12:03 PM,Tree Trim Inspection,TREEMAINTENANCE,"UF - BHATTARAI, NIMESH",3319 ALMOND CREEK DR,"5, ZONE",578W,77059,CLOSED,2022-08-03,12:03 PM
189176,Tree Removal,2022-08-03 12:18 PM,Tree Removal Inspection,TREEMAINTENANCE,"UF - JONES, CODY",12110 ELLA LEE LN,"2, ZONE",489S,77077,CLOSED,2022-08-03,12:18 PM
189177,Tree Removal,2022-08-03 12:21 PM,Tree Removal Inspection,TREEMAINTENANCE,"UF - BHATTARAI, NIMESH",10921 NEWTON ST,"6, ZONE",576S,77075,CLOSED,2022-08-03,12:21 PM
189178,Tree Trim,2022-08-03 12:26 PM,Tree Trim Inspection,TREEMAINTENANCE,"UF - POLOVTSEV, SERA",1600 AUSTIN ST,"1, ZONE",493Q,77002,CLOSED,2022-08-03,12:26 PM
189179,Tree Trim,2022-08-03 12:29 PM,Tree Trim Inspection,TREEMAINTENANCE,"UF - POLOVTSEV, SERA",1200 AUSTIN ST,"1, ZONE",493Q,77010,CLOSED,2022-08-03,12:29 PM
189180,Tree Trim,2022-08-03 12:30 PM,Tree Trim Inspection,TREEMAINTENANCE,"UF - POLOVTSEV, SERA",1300 AUSTIN ST,"1, ZONE",493Q,77002,CLOSED,2022-08-03,12:30 PM
189181,Tree Trim,2022-08-03 12:30 PM,Tree Trim Inspection,TREEMAINTENANCE,"UF - POLOVTSEV, SERA",1400 AUSTIN ST,"1, ZONE",493Q,77002,CLOSED,2022-08-03,12:30 PM
189182,Tree Removal,2022-08-03 12:42 PM,Tree Removal Inspection,TREEMAINTENANCE,"UF - JONES, CODY",939 USENER ST,"3, ZONE",493B,77009,CLOSED,2022-08-03,12:42 PM
189183,Tree Stump Grinding,2022-08-03 01:03 PM,Tree Stump Inspection,TREEMAINTENANCE,"UF - BHATTARAI, NIMESH",6322 CRESTVILLE ST,"6, ZONE",534P,77033,CLOSED,2022-08-03,01:03 PM
189187,Tree Removal,2022-08-03 02:18 PM,Tree Removal Inspection,TREEMAINTENANCE,"UF - JONES, CODY",3829 DRUMMOND ST,"7, ZONE",532J,77025,CLOSED,2022-08-03,02:18 PM
189189,Tree Trim,2022-08-03 02:25 PM,Tree Trim Inspection,TREEMAINTENANCE,"UF - BHATTARAI, NIMESH",12300 ALDINE WESTFIELD RD,"4, ZONE",413M,77093,CLOSED,2022-08-03,02:25 PM
189191,Tree Removal,2022-08-03 03:23 PM,Tree Removal Inspection,TREEMAINTENANCE,"UF - JONES, CODY",4326 KINGFISHER DR,"7, ZONE",531Z,77035,CLOSED,2022-08-03,03:23 PM
189192,Tree Trim,2022-08-03 03:44 PM,Tree Trim Inspection,TREEMAINTENANCE,"UF - JONES, CODY",4500 YOAKUM BLVD,"2, ZONE",493W,77006,CLOSED,2022-08-03,03:44 PM
189193,Tree Removal,2022-08-03 03:52 PM,Tree Removal Inspection,TREEMAINTENANCE,"UF - JONES, CODY",1325 BONNIE BRAE ST,"2, ZONE",493W,77006,CLOSED,2022-08-03,03:52 PM
189194,Tree Trim,2022-08-03 05:30 PM,Tree Trim Inspection,TREEMAINTENANCE,"UF - JONES, CODY",6001 HOLLISTER ST,"3, ZONE",450D,77040,CLOSED,2022-08-03,05:30 PM
189195,Tree Trim,2022-08-03 05:45 PM,Tree Trim Inspection,TREEMAINTENANCE,"UF - BHATTARAI, NIMESH",2518 PEASE ST,"5, ZONE",493V,77003,CLOSED,2022-08-03,05:45 PM
189196,Tree Removal,2022-08-03 07:03 PM,Tree Removal Inspection,TREEMAINTENANCE,"UF - BHATTARAI, NIMESH",2351 MINNESOTA ST,"5, ZONE",576E,77034,CLOSED,2022-08-03,07:03 PM
189197,Tree Trim,2022-08-03 11:14 PM,Tree Trim Inspection,TREEMAINTENANCE,"UF - JONES, CODY",2435 ELDRIDGE PKWY,"2, ZONE",488T,77077,CLOSED,2022-08-03,11:14 PM
189198,Tree Trim,2022-08-03 11:28 PM,Tree Trim Inspection,TREEMAINTENANCE,"UF - JONES, CODY",744 BOENEMAN DR,"3, ZONE",412U,77091,CLOSED,2022-08-03,11:28 PM
189199,Tree Removal,2022-08-04 04:20 AM,Tree Removal Inspection,TREEMAINTENANCE,"UF - BHATTARAI, NIMESH",3128 REED RD,"6, ZONE",573B,77051,CLOSED,2022-08-04,04:20 AM
189200,Tree Code Violation,2022-08-04 07:28 AM,Tree Code Violation Inspection,TREEPROTECTION,"UF - JONES, CODY",6545 WESTHEIMER RD,"2, ZONE",490V,77057,CLOSED,2022-08-04,07:28 AM
189204,Tree Removal,2022-08-04 09:13 AM,Tree Removal Inspection,TREEMAINTENANCE,"UF - BHATTARAI, NIMESH",NEIMANA DR & SUNSET LN,"4, ZONE",338C,77336,CLOSED,2022-08-04,09:13 AM
189205,Tree Removal,2022-08-04 09:52 AM,Tree Removal Inspection,TREEMAINTENANCE,"UF - JONES, CODY",7515 CHEVY CHASE DR,"2, ZONE",490V,77063,CLOSED,2022-08-04,09:52 AM
189206,Tree Trim,2022-08-04 09:55 AM,Tree Trim Inspection,TREEMAINTENANCE,"UF - JONES, CODY",1901 SUNSET BLVD (FLEMING PARK),"7, ZONE",532D,77005,CLOSED,2022-08-04,09:55 AM
189207,Tree Removal,2022-08-04 10:29 AM,Tree Removal Inspection,TREEMAINTENANCE,"UF - JONES, CODY",1250 ALTHEA DR,"3, ZONE",452K,77018,CLOSED,2022-08-04,10:29 AM
189208,Tree Trim,2022-08-04 10:34 AM,Tree Trim Inspection,TREEMAINTENANCE,"UF - BHATTARAI, NIMESH",8542 HOMEWOOD LN,"4, ZONE",455G,77028,CLOSED,2022-08-04,10:34 AM
189209,Tree Trim,2022-08-04 10:59 AM,Tree Trim Inspection,TREEMAINTENANCE,"UF - JONES, CODY",5615 JACKWOOD ST,"7, ZONE",531N,77096,CLOSED,2022-08-04,10:59 AM
189211,Tree Removal,2022-08-04 11:29 AM,Tree Removal Inspection,TREEMAINTENANCE,"UF - JONES, CODY",1912 TRIXIE LN,"2, ZONE",489Q,77042,CLOSED,2022-08-04,11:29 AM
189212,Tree Removal,2022-08-04 11:53 AM,Tree Removal Inspection,TREEMAINTENANCE,"UF - BHATTARAI, NIMESH",203 BRYAN ST,"5, ZONE",494T,77011,CLOSED,2022-08-04,11:53 AM
189224,Tree Trim,2022-08-04 12:36 PM,Tree Trim Inspection,TREEMAINTENANCE,"UF - BHATTARAI, NIMESH",8001 LAWNDALE ST,"5, ZONE",535B,77012,CLOSED,2022-08-04,12:36 PM
189225,Tree Trim,2022-08-04 01:01 PM,Tree Trim Inspection,TREEMAINTENANCE,"UF - JONES, CODY",2521 YUPON ST,"2, ZONE",493S,77006,CLOSED,2022-08-04,01:01 PM
189227,Tree Removal,2022-08-04 01:42 PM,Tree Removal Inspection,TREEMAINTENANCE,"UF - BHATTARAI, NIMESH",1301 DIEZ ST (DIEZ PARK),"5, ZONE",494X,77023,CLOSED,2022-08-04,01:42 PM
189228,Tree Trim,2022-08-04 02:15 PM,Tree Trim Inspection,TREEMAINTENANCE,"UF - BHATTARAI, NIMESH",9438 EVERGLADE DR,"4, ZONE",416W,77078,CLOSED,2022-08-04,02:15 PM
189230,Tree Trim,2022-08-04 03:03 PM,Tree Trim Inspection,TREEMAINTENANCE,"UF - BHATTARAI, NIMESH",9302 GLENCROFT ST,"4, ZONE",455D,77078,CLOSED,2022-08-04,03:03 PM
189231,Tree Removal,2022-08-04 05:25 PM,Tree Removal Inspection,TREEMAINTENANCE,"UF - BHATTARAI, NIMESH",6614 CROSSWELL ST,"6, ZONE",534Y,77087,CLOSED,2022-08-04,05:25 PM
189232,Tree Trim,2022-08-04 05:31 PM,Tree Trim Inspection,TREEMAINTENANCE,"UF - JONES, CODY",700 N KIRKWOOD RD,"2, ZONE",489E,77079,CLOSED,2022-08-04,05:31 PM
189233,Tree Trim,2022-08-04 06:22 PM,Tree Trim Inspection,TREEMAINTENANCE,"UF - BHATTARAI, NIMESH",8146 SHARONDALE DR,"6, ZONE",534W,77033,CLOSED,2022-08-04,06:22 PM
189234,Tree Removal,2022-08-04 06:32 PM,Tree Removal Inspection,TREEMAINTENANCE,"UF - BHATTARAI, NIMESH",1530 SCHARPE ST,"5, ZONE",534B,77023,CLOSED,2022-08-04,06:32 PM
189236,Tree Removal,2022-08-05 08:31 AM,Tree Removal Inspection,TREEMAINTENANCE,"UF - POLOVTSEV, SERA",3316 DE SOTO ST (HIGHLAND PARK),"3, ZONE",451D,77091,CLOSED,2022-08-05,08:31 AM
189238,Tree Stump Grinding,2022-08-05 09:25 AM,Tree Stump Inspection,TREEMAINTENANCE,"UF - JONES, CODY",12731 PALM DESERT LN,"2, ZONE",528V,77099,CLOSED,2022-08-05,09:25 AM
189239,Tree Removal,2022-08-05 09:36 AM,Tree Removal Inspection,TREEMAINTENANCE,"UF - BHATTARAI, NIMESH",6842 AVENUE O,"5, ZONE",494V,77011,CLOSED,2022-08-05,09:36 AM
189240,Tree Removal,2022-08-05 09:46 AM,Tree Removal Inspection,TREEMAINTENANCE,"UF - BHATTARAI, NIMESH",12835 COOLGREEN ST,"4, ZONE",456Z,77013,CLOSED,2022-08-05,09:46 AM
189241,Tree Removal,2022-08-05 10:07 AM,Tree Removal Inspection,TREEMAINTENANCE,"UF - BHATTARAI, NIMESH",1235 HARVARD ST,"3, ZONE",453W,77008,CLOSED,2022-08-05,10:07 AM
189242,Tree Removal,2022-08-05 10:19 AM,Tree Removal Inspection,TREEMAINTENANCE,"UF - JONES, CODY",6231 SAN FELIPE ST,"2, ZONE",491N,77057,CLOSED,2022-08-05,10:19 AM
189245,Tree Removal,2022-08-05 01:02 PM,Tree Removal Inspection,TREEMAINTENANCE,"UF - JONES, CODY",2238 DRYDEN RD,"7, ZONE",532G,77030,CLOSED,2022-08-05,01:02 PM
189246,Tree Trim,2022-08-05 01:47 PM,Tree Trim Inspection,TREEMAINTENANCE,"UF - JONES, CODY",12127 ASHLEY CIRCLE DR E,"7, ZONE",570G,77071,CLOSED,2022-08-05,01:47 PM
189247,Tree Removal,2022-08-05 02:11 PM,Tree Removal Inspection,TREEMAINTENANCE,"UF - JONES, CODY",GREELEY ST & SUL ROSS ST,"2, ZONE",493S,77006,CLOSED,2022-08-05,02:11 PM
189248,Tree Removal,2022-08-05 02:30 PM,Tree Removal Inspection,TREEMAINTENANCE,"UF - JONES, CODY",5209 W 43RD ST,"3, ZONE",451L,77092,CLOSED,2022-08-05,02:30 PM
189249,Tree Removal,2022-08-05 03:09 PM,Tree Removal Inspection,TREEMAINTENANCE,"UF - BHATTARAI, NIMESH",8412 HICKOK LN,"6, ZONE",575L,77075,CLOSED,2022-08-05,03:09 PM
189250,Tree Removal,2022-08-05 03:42 PM,Tree Removal Inspection,TREEMAINTENANCE,"UF - BHATTARAI, NIMESH",6398 RODRIGO ST (CAMP LOGAN PARK),"2, ZONE",492F,77007,CLOSED,2022-08-05,03:42 PM
189251,Tree Trim,2022-08-05 03:57 PM,Tree Trim Inspection,TREEMAINTENANCE,"UF - BHATTARAI, NIMESH",4300 KINGWOOD DR,"4, ZONE",337B,77339,CLOSED,2022-08-05,03:57 PM
189252,Tree Removal,2022-08-05 04:43 PM,Tree Removal Inspection,TREEMAINTENANCE,"UF - JONES, CODY",5353 DE SOTO ST,"3, ZONE",451C,77091,CLOSED,2022-08-05,04:43 PM
189253,Tree Removal,2022-08-05 06:18 PM,Tree Removal Inspection,TREEMAINTENANCE,"UF - JONES, CODY",3613 LIVE OAK ST,"6, ZONE",493Y,77004,CLOSED,2022-08-05,06:18 PM
189254,Tree Removal,2022-08-05 07:58 PM,Tree Removal Inspection,TREEMAINTENANCE,"UF - BHATTARAI, NIMESH",3215 OKLAHOMA ST,"4, ZONE",454N,77093,CLOSED,2022-08-05,07:58 PM
189255,Tree Removal,2022-08-06 06:54 AM,Tree Removal Inspection,TREEMAINTENANCE,"UF - BHATTARAI, NIMESH",1525 BAY AREA BLVD,"5, ZONE",618Q,77058,CLOSED,2022-08-06,06:54 AM
189256,Tree Removal,2022-08-06 08:09 AM,Tree Removal Inspection,TREEMAINTENANCE,"UF - JONES, CODY",7943 CANDLEGREEN LN,"7, ZONE",570G,77071,CLOSED,2022-08-06,08:09 AM
189257,Tree Removal,2022-08-06 08:52 AM,Tree Removal Inspection,TREEMAINTENANCE,"UF - BHATTARAI, NIMESH",6122 ANDWOOD ST,"6, ZONE",534V,77087,CLOSED,2022-08-06,08:52 AM
189258,Tree Removal,2022-08-06 09:52 AM,Tree Removal Inspection,TREEMAINTENANCE,"UF - JONES, CODY",3003 VIRGINIA ST,"2, ZONE",492U,77098,CLOSED,2022-08-06,09:52 AM
189259,Tree Removal,2022-08-06 11:50 AM,Tree Removal Inspection,TREEMAINTENANCE,"UF - JONES, CODY",7943 CANDLEGREEN LN,"7, ZONE",570G,77071,CLOSED,2022-08-06,11:50 AM
189260,Tree Removal,2022-08-06 12:07 PM,Tree Removal Inspection,TREEMAINTENANCE,"UF - BHATTARAI, NIMESH",8409 HICKOK LN,"6, ZONE",575L,77075,CLOSED,2022-08-06,12:07 PM
189261,Tree Removal,2022-08-06 12:26 PM,Tree Removal Inspection,TREEMAINTENANCE,"UF - BHATTARAI, NIMESH",3200 ADAIR ST,"6, ZONE",493Z,77004,CLOSED,2022-08-06,12:26 PM
189262,Tree Removal,2022-08-06 02:33 PM,Tree Removal Inspection,TREEMAINTENANCE,"UF - BHATTARAI, NIMESH",5601 PETTY ST,"3, ZONE",492C,77007,CLOSED,2022-08-06,02:33 PM
189263,Tree Trim,2022-08-06 02:45 PM,Tree Trim Inspection,TREEMAINTENANCE,"UF - JONES, CODY",2000 CLAREMONT LN,"2, ZONE",492P,77027,CLOSED,2022-08-06,02:45 PM
189264,Tree Removal,2022-08-06 04:19 PM,Tree Removal Inspection,TREEMAINTENANCE,"UF - BHATTARAI, NIMESH",7730 PHILLIPS ST,"3, ZONE",412S,77088,CLOSED,2022-08-06,04:19 PM
189265,Tree Trim,2022-08-06 08:32 PM,Tree Trim Inspection,TREEMAINTENANCE,"UF - JONES, CODY",733 TULANE ST,"3, ZONE",492D,77007,CLOSED,2022-08-06,08:32 PM
189266,Tree Trim,2022-08-07 10:06 AM,Tree Trim Inspection,TREEMAINTENANCE,"UF - JONES, CODY",2720 BRIARHURST DR,"2, ZONE",491S,77057,CLOSED,2022-08-07,10:06 AM
189267,Tree Trim,2022-08-07 12:13 PM,Tree Trim Inspection,TREEMAINTENANCE,"UF - BHATTARAI, NIMESH",5707 LUNA ST,"4, ZONE",453A,77076,CLOSED,2022-08-07,12:13 PM
189268,Tree Trim,2022-08-07 03:41 PM,Tree Trim Inspection,TREEMAINTENANCE,"UF - BHATTARAI, NIMESH",11003 SAGETRAIL DR,"6, ZONE",616B,77089,CLOSED,2022-08-07,03:41 PM
189269,Tree Removal,2022-08-07 06:03 PM,Tree Removal Inspection,TREEMAINTENANCE,"UF - JONES, CODY",10117 WILLOWILDE DR,"7, ZONE",531V,77035,CLOSED,2022-08-07,06:03 PM
189270,Tree Trim,2022-08-07 07:00 PM,Tree Trim Inspection,TREEMAINTENANCE,"UF - POLOVTSEV, SERA",1202 PRESTON ST,"1, ZONE",493M,77002,CLOSED,2022-08-07,07:00 PM
189271,Tree Removal,2022-08-07 07:27 PM,Tree Removal Inspection,TREEMAINTENANCE,"UF - BHATTARAI, NIMESH",7359 ARNIM ST,"6, ZONE",535J,77087,CLOSED,2022-08-07,07:27 PM
189272,Tree Trim,2022-08-08 03:42 AM,Tree Trim Inspection,TREEMAINTENANCE,"UF - JONES, CODY",1213 HERMANN DR,"7, ZONE",533A,77004,CLOSED,2022-08-08,03:42 AM
189273,Tree Trim,2022-08-08 07:59 AM,Tree Trim Inspection,TREEMAINTENANCE,"UF - POLOVTSEV, SERA",1110 PRESTON ST,"1, ZONE",493M,77002,CLOSED,2022-08-08,07:59 AM
189274,Tree Removal,2022-08-08 08:02 AM,Tree Removal Inspection,TREEMAINTENANCE,"UF - JONES, CODY",450 TALLOWOOD RD,"2, ZONE",489H,77024,CLOSED,2022-08-08,08:02 AM
189275,Tree Removal,2022-08-08 08:35 AM,Tree Removal Inspection,TREEMAINTENANCE,"UF - JONES, CODY",1318 TULANE ST,"3, ZONE",452Z,77008,CLOSED,2022-08-08,08:35 AM
189276,Tree Removal,2022-08-08 09:02 AM,Tree Removal Inspection,TREEMAINTENANCE,"UF - JONES, CODY",1820 SOUTH BLVD,"7, ZONE",492Z,77098,CLOSED,2022-08-08,09:02 AM
189277,Tree Trim,2022-08-08 09:05 AM,Tree Trim Inspection,TREEMAINTENANCE,"UF - BHATTARAI, NIMESH",6900 APACHE ST (APACHE STREET PARK),"4, ZONE",454R,77028,CLOSED,2022-08-08,09:05 AM
189280,Tree Trim,2022-08-08 10:43 AM,Tree Trim Inspection,TREEMAINTENANCE,"UF - POLOVTSEV, SERA",3443 PALM ST,"6, ZONE",533C,77004,CLOSED,2022-08-08,10:43 AM
189281,Tree Trim,2022-08-08 11:42 AM,Tree Trim Inspection,TREEMAINTENANCE,"UF - BHATTARAI, NIMESH",8230 N WAYSIDE DR,"4, ZONE",455F,77028,CLOSED,2022-08-08,11:42 AM
189282,Tree Removal,2022-08-08 12:16 PM,Tree Removal Inspection,TREEMAINTENANCE,"UF - JONES, CODY",6817 CARVER RD,"3, ZONE",412W,77091,CLOSED,2022-08-08,12:16 PM
189283,Tree Removal,2022-08-08 12:19 PM,Tree Removal Inspection,TREEMAINTENANCE,"UF - BHATTARAI, NIMESH",DUMBLE ST & FOURCADE ST,"5, ZONE",494X,77023,CLOSED,2022-08-08,12:19 PM
189284,Tree Removal,2022-08-08 01:19 PM,Tree Removal Inspection,TREEMAINTENANCE,"UF - BHATTARAI, NIMESH",2801 PINE GULLY BLVD,"5, ZONE",535L,77017,CLOSED,2022-08-08,01:19 PM
189287,Tree Removal,2022-08-08 01:58 PM,Tree Removal Inspection,TREEMAINTENANCE,"UF - JONES, CODY",5738 KULDELL DR,"7, ZONE",531N,77096,CLOSED,2022-08-08,01:58 PM
189288,Tree Trim,2022-08-08 02:34 PM,Tree Trim Inspection,TREEMAINTENANCE,"UF - JONES, CODY",631 NEST LN,"3, ZONE",453E,77022,CLOSED,2022-08-08,02:34 PM
189289,Tree Trim,2022-08-08 02:59 PM,Tree Trim Inspection,TREEMAINTENANCE,"UF - BHATTARAI, NIMESH",920 JOHN ALBER RD,"4, ZONE",413U,77076,CLOSED,2022-08-08,02:59 PM
189290,Tree Removal,2022-08-08 03:01 PM,Tree Removal Inspection,TREEMAINTENANCE,"UF - JONES, CODY",816 W 20TH ST,"3, ZONE",452U,77008,CLOSED,2022-08-08,03:01 PM
189291,Tree Trim,2022-08-08 03:53 PM,Tree Trim Inspection,TREEMAINTENANCE,"UF - JONES, CODY",2300 WILLOWICK RD,"2, ZONE",492S,77027,CLOSED,2022-08-08,03:53 PM
189292,Tree Trim,2022-08-08 04:12 PM,Tree Trim Inspection,TREEMAINTENANCE,"UF - JONES, CODY",1700 ROSEWOOD ST,"7, ZONE",493X,77004,CLOSED,2022-08-08,04:12 PM
189293,Tree Trim,2022-08-08 04:23 PM,Tree Trim Inspection,TREEMAINTENANCE,"UF - BHATTARAI, NIMESH",10315 BANFIELD CT,"6, ZONE",575V,77075,CLOSED,2022-08-08,04:23 PM
189294,Tree Removal,2022-08-08 04:26 PM,Tree Removal Inspection,TREEMAINTENANCE,"UF - BHATTARAI, NIMESH",4599 HAIN ST,"4, ZONE",453Y,77009,CLOSED,2022-08-08,04:26 PM
189295,Tree Removal,2022-08-09 07:37 AM,Tree Removal Inspection,TREEMAINTENANCE,"UF - JONES, CODY",8037 BETTY BOOP ST,"4, ZONE",455P,77028,CLOSED,2022-08-09,07:37 AM
189297,Tree Trim,2022-08-09 08:50 AM,Tree Trim Inspection,TREEMAINTENANCE,"UF - JONES, CODY",6400 TIFFANY DR,"7, ZONE",571P,77085,CLOSED,2022-08-09,08:50 AM
189298,Tree Removal,2022-08-09 09:29 AM,Tree Removal Inspection,TREEMAINTENANCE,"UF - BHATTARAI, NIMESH",2322 GENTRY ST,"4, ZONE",493C,77009,CLOSED,2022-08-09,09:29 AM
189300,Tree Removal,2022-08-09 09:51 AM,Tree Removal Inspection,TREEMAINTENANCE,"UF - JONES, CODY",200 W ROSAMOND ST,"3, ZONE",452D,77076,CLOSED,2022-08-09,09:51 AM
189301,Tree Trim,2022-08-09 10:00 AM,Tree Trim Inspection,TREEMAINTENANCE,"UF - BHATTARAI, NIMESH",7170 FLAMINGO DR,"6, ZONE",534Z,77087,CLOSED,2022-08-09,10:00 AM
189302,Tree Trim,2022-08-09 10:12 AM,Tree Trim Inspection,TREEMAINTENANCE,"UF - BHATTARAI, NIMESH",360 WOOLWORTH ST,"4, ZONE",494D,77020,CLOSED,2022-08-09,10:12 AM
189303,Tree Trim,2022-08-09 10:18 AM,Tree Trim Inspection,TREEMAINTENANCE,"UF - POLOVTSEV, SERA",5036 TANGLE LN,"2, ZONE",491L,77056,CLOSED,2022-08-09,10:18 AM
189304,Tree Removal,2022-08-09 10:31 AM,Tree Removal Inspection,TREEMAINTENANCE,"UF - BHATTARAI, NIMESH",1610 CULLEN BLVD,"5, ZONE",494S,77023,CLOSED,2022-08-09,10:31 AM
189305,Tree Removal,2022-08-09 10:45 AM,Tree Removal Inspection,TREEMAINTENANCE,"UF - JONES, CODY",2404 BRENTWOOD DR,"2, ZONE",492Q,77019,CLOSED,2022-08-09,10:45 AM
189306,Tree Trim,2022-08-09 11:09 AM,Tree Trim Inspection,TREEMAINTENANCE,"UF - JONES, CODY",12330 CHESSINGTON DR,"7, ZONE",569H,77031,CLOSED,2022-08-09,11:09 AM
189307,Tree Removal,2022-08-09 11:55 AM,Tree Removal Inspection,TREEMAINTENANCE,"UF - JONES, CODY",9031 DONLEY DR,"3, ZONE",412K,77088,CLOSED,2022-08-09,11:55 AM
189308,Tree Trim,2022-08-09 12:20 PM,Tree Trim Inspection,TREEMAINTENANCE,"UF - JONES, CODY",1803 BANKS ST,"7, ZONE",492Z,77098,CLOSED,2022-08-09,12:20 PM
189309,Tree Removal,2022-08-09 12:37 PM,Tree Removal Inspection,TREEMAINTENANCE,"UF - BHATTARAI, NIMESH",12503 MYLLA ST,"5, ZONE",496L,77015,CLOSED,2022-08-09,12:37 PM
189312,Tree Trim,2022-08-09 01:10 PM,Tree Trim Inspection,TREEMAINTENANCE,"UF - POLOVTSEV, SERA",209 AUSTIN ST,"1, ZONE",493M,77002,CLOSED,2022-08-09,01:10 PM
189313,Tree Code Violation,2022-08-09 01:16 PM,Tree Code Violation Inspection,TREEPROTECTION,"UF - JONES, CODY",937 LOUISE ST,"3, ZONE",453T,77009,CLOSED,2022-08-09,01:16 PM
189314,Tree Trim,2022-08-09 01:49 PM,Tree Trim Inspection,TREEMAINTENANCE,"UF - BHATTARAI, NIMESH",3555 BELLFORT ST,"6, ZONE",533Y,77051,CLOSED,2022-08-09,01:49 PM
189315,Tree Removal,2022-08-09 01:56 PM,Tree Removal Inspection,TREEMAINTENANCE,"UF - BHATTARAI, NIMESH",7530 HAYWOOD DR,"6, ZONE",535W,77061,CLOSED,2022-08-09,01:56 PM
189317,Tree Removal,2022-08-09 02:49 PM,Tree Removal Inspection,TREEMAINTENANCE,"UF - BHATTARAI, NIMESH",8742 TILGHAM ST,"5, ZONE",495L,77029,CLOSED,2022-08-09,02:49 PM
189318,Tree Stump Grinding,2022-08-09 03:02 PM,Tree Stump Inspection,TREEMAINTENANCE,"UF - JONES, CODY",5303 ALBA RD,"3, ZONE",452C,77091,CLOSED,2022-08-09,03:02 PM
189320,Tree Removal,2022-08-09 04:15 PM,Tree Removal Inspection,TREEMAINTENANCE,"UF - JONES, CODY",2429 NORTH BLVD,"7, ZONE",492Y,77098,CLOSED,2022-08-09,04:15 PM
189321,Tree Trim,2022-08-09 04:23 PM,Tree Trim Inspection,TREEMAINTENANCE,"UF - JONES, CODY",3620 WESTHEIMER RD,"2, ZONE",492S,77027,CLOSED,2022-08-09,04:23 PM
189322,Tree Trim,2022-08-09 04:44 PM,Tree Trim Inspection,TREEMAINTENANCE,"UF - JONES, CODY",5602 EAGLE LNDG,"7, ZONE",571L,77085,CLOSED,2022-08-09,04:44 PM
189323,Tree Code Violation,2022-08-09 06:36 PM,Tree Code Violation Inspection,TREEPROTECTION,"UF - POLOVTSEV, SERA",6338 ROOS RD,"7, ZONE",531J,77074,CLOSED,2022-08-09,06:36 PM
189324,Tree Removal,2022-08-09 07:49 PM,Tree Removal Inspection,TREEMAINTENANCE,"UF - BHATTARAI, NIMESH",1002 APACHE ST,"4, ZONE",453M,77022,CLOSED,2022-08-09,07:49 PM
189325,Tree Removal,2022-08-09 07:57 PM,Tree Removal Inspection,TREEMAINTENANCE,"UF - BHATTARAI, NIMESH",2351 MINNESOTA ST,"5, ZONE",576E,77034,CLOSED,2022-08-09,07:57 PM
189326,Tree Trim,2022-08-09 10:31 PM,Tree Trim Inspection,TREEMAINTENANCE,"UF - JONES, CODY",3102 HOLLISTER ST,"3, ZONE",450M,77080,CLOSED,2022-08-09,10:31 PM
189331,Tree Trim,2022-08-10 08:40 AM,Tree Trim Inspection,TREEMAINTENANCE,"UF - JONES, CODY",6611 RADCLIFFE ST,"3, ZONE",412Y,77091,CLOSED,2022-08-10,08:40 AM
189332,Tree Trim,2022-08-10 09:04 AM,Tree Trim Inspection,TREEMAINTENANCE,"UF - POLOVTSEV, SERA",500 TRAVIS ST,"1, ZONE",493L,77002,CLOSED,2022-08-10,09:04 AM
189335,Tree Trim,2022-08-10 10:28 AM,Tree Trim Inspection,TREEMAINTENANCE,"UF - JONES, CODY",6310 KING POST DR,"3, ZONE",411T,77088,CLOSED,2022-08-10,10:28 AM
189336,Tree Trim,2022-08-10 10:37 AM,Tree Trim Inspection,TREEMAINTENANCE,"UF - JONES, CODY",3415 MEADOW LAKE LN,"2, ZONE",492P,77027,CLOSED,2022-08-10,10:37 AM
189337,Tree Trim,2022-08-10 10:38 AM,Tree Trim Inspection,TREEMAINTENANCE,"UF - JONES, CODY",3435 MEADOW LAKE LN,"2, ZONE",492P,77027,CLOSED,2022-08-10,10:38 AM
189338,Tree Removal,2022-08-10 10:39 AM,Tree Removal Inspection,TREEMAINTENANCE,"UF - JONES, CODY",2404 BRENTWOOD DR,"2, ZONE",492Q,77019,CLOSED,2022-08-10,10:39 AM
189339,Tree Trim,2022-08-10 10:43 AM,Tree Trim Inspection,TREEMAINTENANCE,"UF - JONES, CODY",3825 ELLA LEE LN,"2, ZONE",492S,77027,CLOSED,2022-08-10,10:43 AM
189340,Tree Trim,2022-08-10 10:43 AM,Tree Trim Inspection,TREEMAINTENANCE,"UF - JONES, CODY",3837 ELLA LEE LN,"2, ZONE",492S,77027,CLOSED,2022-08-10,10:43 AM
189341,Tree Trim,2022-08-10 10:45 AM,Tree Trim Inspection,TREEMAINTENANCE,"UF - JONES, CODY",3725 ELLA LEE LN,"2, ZONE",492S,77027,CLOSED,2022-08-10,10:45 AM
189342,Tree Trim,2022-08-10 10:47 AM,Tree Trim Inspection,TREEMAINTENANCE,"UF - JONES, CODY",2401 CLAREMONT LN,"2, ZONE",492T,77098,CLOSED,2022-08-10,10:47 AM
189343,Tree Trim,2022-08-10 10:50 AM,Tree Trim Inspection,TREEMAINTENANCE,"UF - JONES, CODY",3467 ELLA LEE LN (ELLA LEE PARK),"2, ZONE",492T,77027,CLOSED,2022-08-10,10:50 AM
189344,Tree Trim,2022-08-10 11:01 AM,Tree Trim Inspection,TREEMAINTENANCE,"UF - BHATTARAI, NIMESH",6640 HOFFMAN ST,"4, ZONE",454R,77028,CLOSED,2022-08-10,11:01 AM
189345,Tree Removal,2022-08-10 11:44 AM,Tree Removal Inspection,TREEMAINTENANCE,"UF - JONES, CODY",7703 RICHMOND AVE,"2, ZONE",490Z,77063,CLOSED,2022-08-10,11:44 AM
189346,Tree Removal,2022-08-10 12:41 PM,Tree Removal Inspection,TREEMAINTENANCE,"UF - BHATTARAI, NIMESH",1900 BAY AREA BLVD,"5, ZONE",618L,77058,CLOSED,2022-08-10,12:41 PM
189347,Tree Trim,2022-08-10 01:23 PM,Tree Trim Inspection,TREEMAINTENANCE,"UF - JONES, CODY",9502 KEMPWOOD DR,"3, ZONE",450K,77080,CLOSED,2022-08-10,01:23 PM
189352,Tree Trim,2022-08-10 02:51 PM,Tree Trim Inspection,TREEMAINTENANCE,"UF - BHATTARAI, NIMESH",1030 HAHLO ST,"5, ZONE",494H,77020,CLOSED,2022-08-10,02:51 PM
189353,Tree Removal,2022-08-10 03:00 PM,Tree Removal Inspection,TREEMAINTENANCE,"UF - JONES, CODY",1979 W MCKINNEY ST,"2, ZONE",493J,77019,CLOSED,2022-08-10,03:00 PM
189354,Tree Removal,2022-08-10 04:44 PM,Tree Removal Inspection,TREEMAINTENANCE,"UF - BHATTARAI, NIMESH",8181 RIVER DR,"5, ZONE",535Q,77017,CLOSED,2022-08-10,04:44 PM
189355,Tree Trim,2022-08-10 05:06 PM,Tree Trim Inspection,TREEMAINTENANCE,"UF - BHATTARAI, NIMESH",11606 TIERRA RIDGE CT,"5, ZONE",576Q,77034,CLOSED,2022-08-10,05:06 PM
189356,Tree Trim,2022-08-10 05:22 PM,Tree Trim Inspection,TREEMAINTENANCE,"UF - JONES, CODY",1780 BLALOCK RD,"3, ZONE",450T,77080,CLOSED,2022-08-10,05:22 PM
189357,Tree Trim,2022-08-10 05:34 PM,Tree Trim Inspection,TREEMAINTENANCE,"UF - JONES, CODY",6709 THORNWALL ST,"3, ZONE",451J,77092,CLOSED,2022-08-10,05:34 PM
189358,Tree Removal,2022-08-10 06:46 PM,Tree Removal Inspection,TREEMAINTENANCE,"UF - JONES, CODY",7822 BOOKER ST,"4, ZONE",455T,77028,CLOSED,2022-08-10,06:46 PM
189359,Tree Planting,2022-08-10 07:40 PM,Tree Planting Inspection,TREEPROTECTION,"UF - POLOVTSEV, SERA",11625 BISCAYNE WAY,"4, ZONE",413T,77076,CLOSED,2022-08-10,07:40 PM
189360,Tree Trim,2022-08-10 07:55 PM,Tree Trim Inspection,TREEMAINTENANCE,"UF - JONES, CODY",2700 GESSNER RD,"3, ZONE",450N,77043,CLOSED,2022-08-10,07:55 PM
189361,Tree Removal,2022-08-10 08:01 PM,Tree Removal Inspection,TREEMAINTENANCE,"UF - JONES, CODY",8133 LINDA VISTA RD,"4, ZONE",455F,77028,CLOSED,2022-08-10,08:01 PM
189362,Tree Trim,2022-08-10 09:19 PM,Tree Trim Inspection,TREEMAINTENANCE,"UF - JONES, CODY",448 W 28TH ST,"3, ZONE",452V,77008,CLOSED,2022-08-10,09:19 PM
189364,Tree Trim,2022-08-10 10:00 PM,Tree Trim Inspection,TREEMAINTENANCE,"UF - JONES, CODY",1303 GESSNER DR,"3, ZONE",450W,77055,CLOSED,2022-08-10,10:00 PM
189365,Tree Trim,2022-08-11 05:19 AM,Tree Trim Inspection,TREEMAINTENANCE,"UF - JONES, CODY",11707 SHARPVIEW DR,"2, ZONE",529J,77072,CLOSED,2022-08-11,05:19 AM
189367,Tree Removal,2022-08-11 07:08 AM,Tree Removal Inspection,TREEMAINTENANCE,"UF - JONES, CODY",1301 WEISS ST,"4, ZONE",453Z,77009,CLOSED,2022-08-11,07:08 AM
189368,Tree Removal,2022-08-11 07:11 AM,Tree Removal Inspection,TREEMAINTENANCE,"UF - BHATTARAI, NIMESH",24218 SILVER MAPLE DR,"4, ZONE",338M,77336,CLOSED,2022-08-11,07:11 AM
189369,Tree Removal,2022-08-11 07:59 AM,Tree Removal Inspection,TREEMAINTENANCE,"UF - JONES, CODY",800 W GREENS RD,"3, ZONE",372P,77067,CLOSED,2022-08-11,07:59 AM
189370,Tree Removal,2022-08-11 08:15 AM,Tree Removal Inspection,TREEMAINTENANCE,"UF - BHATTARAI, NIMESH",7555 ERATH ST,"5, ZONE",535A,77023,CLOSED,2022-08-11,08:15 AM
189371,Tree Removal,2022-08-11 08:33 AM,Tree Removal Inspection,TREEMAINTENANCE,"UF - BURKES, JEREMY",818 ROSIE ST,"3, ZONE",412Y,77091,CLOSED,2022-08-11,08:33 AM
189372,Tree Removal,2022-08-11 08:33 AM,Tree Removal Inspection,TREEMAINTENANCE,"UF - JONES, CODY",12220 WHITTINGTON DR,"2, ZONE",489N,77077,CLOSED,2022-08-11,08:33 AM
189373,Tree Removal,2022-08-11 08:39 AM,Tree Removal Inspection,TREEMAINTENANCE,"UF - BHATTARAI, NIMESH",7444 AZALEA ST,"5, ZONE",535A,77023,CLOSED,2022-08-11,08:39 AM
189374,Tree Trim,2022-08-11 08:42 AM,Tree Trim Inspection,TREEMAINTENANCE,"UF - POLOVTSEV, SERA",5905 KANSAS ST,"3, ZONE",492B,77007,CLOSED,2022-08-11,08:42 AM
189375,Tree Removal,2022-08-11 08:45 AM,Tree Removal Inspection,TREEMAINTENANCE,"UF - BURKES, JEREMY",6427 CARVER RD,"3, ZONE",412W,77091,CLOSED,2022-08-11,08:45 AM
189376,Tree Removal,2022-08-11 08:48 AM,Tree Removal Inspection,TREEMAINTENANCE,"UF - BHATTARAI, NIMESH",7700 CAPITOL ST,"5, ZONE",495W,77012,CLOSED,2022-08-11,08:48 AM
189377,Tree Planting,2022-08-11 08:50 AM,Tree Planting Inspection,TREEPROTECTION,"UF - JONES, CODY",2900 HILLCROFT AVE,"2, ZONE",490V,77063,CLOSED,2022-08-11,08:50 AM
189378,Tree Removal,2022-08-11 08:54 AM,Tree Removal Inspection,TREEMAINTENANCE,"UF - JONES, CODY",2340 GOLDSMITH ST,"7, ZONE",532G,77030,CLOSED,2022-08-11,08:54 AM
189379,Tree Removal,2022-08-11 08:55 AM,Tree Removal Inspection,TREEMAINTENANCE,"UF - BHATTARAI, NIMESH",100 W CANINO RD (MELROSE PARK),"4, ZONE",413S,77037,CLOSED,2022-08-11,08:55 AM
189380,Tree Removal,2022-08-11 09:00 AM,Tree Removal Inspection,TREEMAINTENANCE,"UF - BHATTARAI, NIMESH",2535 TINECHESTER DR,"4, ZONE",296V,77339,CLOSED,2022-08-11,09:00 AM
189381,Tree Removal,2022-08-11 09:01 AM,Tree Removal Inspection,TREEMAINTENANCE,"UF - JONES, CODY",6131 WHEATLEY ST,"3, ZONE",452B,77091,CLOSED,2022-08-11,09:01 AM
189382,Tree Trim,2022-08-11 09:02 AM,Tree Trim Inspection,TREEMAINTENANCE,"UF - BHATTARAI, NIMESH",5418 ASKINS LN,"4, ZONE",414V,77016,CLOSED,2022-08-11,09:02 AM
189383,Tree Removal,2022-08-11 09:10 AM,Tree Removal Inspection,TREEMAINTENANCE,"UF - JONES, CODY",7929 BIRMINGHAM ST,"4, ZONE",455K,77028,CLOSED,2022-08-11,09:10 AM
189384,Tree Trim,2022-08-11 09:31 AM,Tree Trim Inspection,TREEMAINTENANCE,"UF - JONES, CODY",6515 KURY LN,"3, ZONE",452X,77008,CLOSED,2022-08-11,09:31 AM
189385,Tree Trim,2022-08-11 09:33 AM,Tree Trim Inspection,TREEMAINTENANCE,"UF - BHATTARAI, NIMESH",4201 AVERILL ST,"4, ZONE",453Y,77009,CLOSED,2022-08-11,09:33 AM
189386,Tree Removal,2022-08-11 09:37 AM,Tree Removal Inspection,TREEMAINTENANCE,"UF - BURKES, JEREMY",1013 JUNELL ST,"3, ZONE",412T,77088,CLOSED,2022-08-11,09:37 AM
189387,Tree Removal,2022-08-11 09:54 AM,Tree Removal Inspection,TREEMAINTENANCE,"UF - POLOVTSEV, SERA",500 CRAWFORD ST,"1, ZONE",493R,77002,CLOSED,2022-08-11,09:54 AM
189388,Tree Removal,2022-08-11 09:57 AM,Tree Removal Inspection,TREEMAINTENANCE,"UF - BHATTARAI, NIMESH",5607 PARKER RD,"4, ZONE",414Y,77016,CLOSED,2022-08-11,09:57 AM
189389,Tree Trim,2022-08-11 09:58 AM,Tree Trim Inspection,TREEMAINTENANCE,"UF - BHATTARAI, NIMESH",5408 INKER ST,"2, ZONE",492G,77007,CLOSED,2022-08-11,09:58 AM
189390,Tree Removal,2022-08-11 10:00 AM,Tree Removal Inspection,TREEMAINTENANCE,"UF - POLOVTSEV, SERA",9506 S GESSNER RD (LEE LECLEAR TENNIS CENTER),"7, ZONE",530T,77074,CLOSED,2022-08-11,10:00 AM
189391,Tree Trim,2022-08-11 10:04 AM,Tree Trim Inspection,TREEMAINTENANCE,"UF - BHATTARAI, NIMESH",4902 LOCKWOOD DR,"4, ZONE",454U,77026,CLOSED,2022-08-11,10:04 AM
189392,Tree Trim,2022-08-11 10:06 AM,Tree Trim Inspection,TREEMAINTENANCE,"UF - JONES, CODY",4410 ELLA BLVD,"3, ZONE",452K,77018,CLOSED,2022-08-11,10:06 AM
189393,Tree Trim,2022-08-11 10:07 AM,Tree Trim Inspection,TREEMAINTENANCE,"UF - BHATTARAI, NIMESH",11454 KIRKVALLEY DR,"6, ZONE",576X,77089,CLOSED,2022-08-11,10:07 AM
189394,Tree Removal,2022-08-11 10:16 AM,Tree Removal Inspection,TREEMAINTENANCE,"UF - JONES, CODY",10819 BRENNER CREEK CT,"2, ZONE",489C,77079,CLOSED,2022-08-11,10:16 AM
189395,Tree Removal,2022-08-11 10:19 AM,Tree Removal Inspection,TREEMAINTENANCE,"UF - BHATTARAI, NIMESH",2424 SCHILDER DR,"4, ZONE",454A,77093,CLOSED,2022-08-11,10:19 AM
189396,Tree Removal,2022-08-11 10:32 AM,Tree Removal Inspection,TREEMAINTENANCE,"UF - BHATTARAI, NIMESH",10201 KINGSPOINT RD (BEVERLY HILLS PARK),"6, ZONE",576S,77075,CLOSED,2022-08-11,10:32 AM
189397,Tree Trim,2022-08-11 10:34 AM,Tree Trim Inspection,TREEMAINTENANCE,"UF - JONES, CODY",5603 TIDEWATER DR,"7, ZONE",571L,77085,CLOSED,2022-08-11,10:34 AM
189398,Tree Removal,2022-08-11 10:43 AM,Tree Removal Inspection,TREEMAINTENANCE,"UF - POLOVTSEV, SERA",413 WOODLAND ST,"3, ZONE",493B,77009,CLOSED,2022-08-11,10:43 AM
189399,Tree Stump Grinding,2022-08-11 10:48 AM,Tree Stump Inspection,TREEMAINTENANCE,"UF - BHATTARAI, NIMESH",5428 KANSAS ST,"3, ZONE",492C,77007,CLOSED,2022-08-11,10:48 AM
189400,Tree Trim,2022-08-11 10:58 AM,Tree Trim Inspection,TREEMAINTENANCE,"UF - JONES, CODY",1427 GARDENIA DR,"3, ZONE",452K,77018,CLOSED,2022-08-11,10:58 AM
189401,Tree Trim,2022-08-11 11:04 AM,Tree Trim Inspection,TREEMAINTENANCE,"UF - BHATTARAI, NIMESH",5205 TARAWA RD,"6, ZONE",534S,77033,CLOSED,2022-08-11,11:04 AM
189402,Tree Trim,2022-08-11 11:10 AM,Tree Trim Inspection,TREEMAINTENANCE,"UF - JONES, CODY",6011 DASHWOOD DR,"7, ZONE",531E,77081,CLOSED,2022-08-11,11:10 AM
189404,Tree Removal,2022-08-11 11:13 AM,Tree Removal Inspection,TREEMAINTENANCE,"UF - POLOVTSEV, SERA",224 WEBSTER ST,"2, ZONE",493P,77006,CLOSED,2022-08-11,11:13 AM
189405,Tree Removal,2022-08-11 11:19 AM,Tree Removal Inspection,TREEMAINTENANCE,"UF - JONES, CODY",849 W LITTLE YORK RD,"3, ZONE",412U,77088,CLOSED,2022-08-11,11:19 AM
189406,Tree Removal,2022-08-11 11:19 AM,Tree Removal Inspection,TREEMAINTENANCE,"UF - POLOVTSEV, SERA",1838 MARSHALL ST,"2, ZONE",492V,77098,CLOSED,2022-08-11,11:19 AM
189407,Tree Removal,2022-08-11 11:19 AM,Tree Removal Inspection,TREEMAINTENANCE,"UF - BHATTARAI, NIMESH",7322 LINDEN ST,"5, ZONE",535E,77012,CLOSED,2022-08-11,11:19 AM
189408,Tree Removal,2022-08-11 11:32 AM,Tree Removal Inspection,TREEMAINTENANCE,"UF - BHATTARAI, NIMESH",2424 SCHILDER DR,"4, ZONE",454A,77093,CLOSED,2022-08-11,11:32 AM
189409,Tree Removal,2022-08-11 11:43 AM,Tree Removal Inspection,TREEMAINTENANCE,"UF - POLOVTSEV, SERA",5515 KINGLET ST,"7, ZONE",531X,77096,CLOSED,2022-08-11,11:43 AM
189410,Tree Removal,2022-08-11 11:43 AM,Tree Removal Inspection,TREEMAINTENANCE,"UF - POLOVTSEV, SERA",1607 UTAH ST,"2, ZONE",492F,77007,CLOSED,2022-08-11,11:43 AM
189411,Tree Removal,2022-08-11 11:52 AM,Tree Removal Inspection,TREEMAINTENANCE,"UF - JONES, CODY",14418 TWISTED OAK LN,"2, ZONE",488M,77079,CLOSED,2022-08-11,11:52 AM
189412,Tree Removal,2022-08-11 11:53 AM,Tree Removal Inspection,TREEMAINTENANCE,"UF - JONES, CODY",623 E DELZ DR,"3, ZONE",453E,77022,CLOSED,2022-08-11,11:53 AM
189413,Tree Trim,2022-08-11 12:04 PM,Tree Trim Inspection,TREEMAINTENANCE,"UF - JONES, CODY",9520 S KIRKWOOD RD,"2, ZONE",529S,77099,CLOSED,2022-08-11,12:04 PM
189414,Tree Trim,2022-08-11 12:11 PM,Tree Trim Inspection,TREEMAINTENANCE,"UF - BHATTARAI, NIMESH",6150 WESTOVER ST,"6, ZONE",534Y,77033,CLOSED,2022-08-11,12:11 PM
189415,Tree Trim,2022-08-11 12:29 PM,Tree Trim Inspection,TREEMAINTENANCE,"UF - POLOVTSEV, SERA",2316 SHERIDAN ST,"7, ZONE",532G,77030,CLOSED,2022-08-11,12:29 PM
189416,Tree Trim,2022-08-11 12:34 PM,Tree Trim Inspection,TREEMAINTENANCE,"UF - JONES, CODY",1422 W DONOVAN ST,"3, ZONE",452F,77091,CLOSED,2022-08-11,12:34 PM
189417,Tree Removal,2022-08-11 01:21 PM,Tree Removal Inspection,TREEMAINTENANCE,"UF - BHATTARAI, NIMESH",4344 COYLE ST,"5, ZONE",494W,77023,CLOSED,2022-08-11,01:21 PM
189418,Tree Trim,2022-08-11 01:21 PM,Tree Trim Inspection,TREEMAINTENANCE,"UF - JONES, CODY",8526 FORUM DR,"3, ZONE",450V,77055,CLOSED,2022-08-11,01:21 PM
189419,Tree Trim,2022-08-11 01:29 PM,Tree Trim Inspection,TREEMAINTENANCE,"UF - POLOVTSEV, SERA",1741 NORFOLK ST,"2, ZONE",492Z,77098,CLOSED,2022-08-11,01:29 PM
189420,Tree Trim,2022-08-11 01:36 PM,Tree Trim Inspection,TREEMAINTENANCE,"UF - BHATTARAI, NIMESH",5226 BROWNCROFT ST,"6, ZONE",534J,77021,CLOSED,2022-08-11,01:36 PM
189421,Tree Trim,2022-08-11 01:40 PM,Tree Trim Inspection,TREEMAINTENANCE,"UF - BHATTARAI, NIMESH",5251 ENYART ST,"6, ZONE",534N,77021,CLOSED,2022-08-11,01:40 PM
189422,Tree Trim,2022-08-11 01:41 PM,Tree Trim Inspection,TREEMAINTENANCE,"UF - BHATTARAI, NIMESH",6333 MARTIN LUTHER KING BLVD,"6, ZONE",534N,77021,CLOSED,2022-08-11,01:41 PM
189423,Tree Removal,2022-08-11 01:42 PM,Tree Removal Inspection,TREEMAINTENANCE,"UF - BHATTARAI, NIMESH",8201 JOHN RALSTON RD (BROCK PARK GOLF COURSE),"4, ZONE",456F,77044,CLOSED,2022-08-11,01:42 PM
189424,Tree Trim,2022-08-11 01:51 PM,Tree Trim Inspection,TREEMAINTENANCE,"UF - BHATTARAI, NIMESH",526 HENKE ST,"4, ZONE",494H,77020,CLOSED,2022-08-11,01:51 PM
189425,Tree Trim,2022-08-11 01:59 PM,Tree Trim Inspection,TREEMAINTENANCE,"UF - BHATTARAI, NIMESH",4538 BRYN MAWR LN,"2, ZONE",491V,77027,CLOSED,2022-08-11,01:59 PM
189426,Tree Trim,2022-08-11 02:11 PM,Tree Trim Inspection,TREEMAINTENANCE,"UF - JONES, CODY",10101 LONG POINT RD,"3, ZONE",450W,77043,CLOSED,2022-08-11,02:11 PM
189427,Tree Removal,2022-08-11 02:12 PM,Tree Removal Inspection,TREEMAINTENANCE,"UF - JONES, CODY",14558 CINDYWOOD DR,"2, ZONE",488H,77079,CLOSED,2022-08-11,02:12 PM
189428,Tree Trim,2022-08-11 02:17 PM,Tree Trim Inspection,TREEMAINTENANCE,"UF - POLOVTSEV, SERA",1200 AUSTIN ST,"1, ZONE",493Q,77010,CLOSED,2022-08-11,02:17 PM
189429,Tree Trim,2022-08-11 02:29 PM,Tree Trim Inspection,TREEMAINTENANCE,"UF - JONES, CODY",3423 ROSELAND ST,"2, ZONE",493S,77006,CLOSED,2022-08-11,02:29 PM
189430,Tree Removal,2022-08-11 02:45 PM,Tree Removal Inspection,TREEMAINTENANCE,"UF - JONES, CODY",1963 PORTSMOUTH ST,"2, ZONE",492Z,77098,CLOSED,2022-08-11,02:45 PM
189431,Tree Trim,2022-08-11 02:47 PM,Tree Trim Inspection,TREEMAINTENANCE,"UF - JONES, CODY",7505 SHADYVILLA LN,"3, ZONE",451X,77055,CLOSED,2022-08-11,02:47 PM
189432,Tree Removal,2022-08-11 02:47 PM,Tree Removal Inspection,TREEMAINTENANCE,"UF - JONES, CODY",7505 SHADYVILLA LN,"3, ZONE",451X,77055,CLOSED,2022-08-11,02:47 PM
189433,Tree Removal,2022-08-11 03:15 PM,Tree Removal Inspection,TREEMAINTENANCE,"UF - JONES, CODY",8900 RICHMOND AVE,"2, ZONE",490Y,77063,CLOSED,2022-08-11,03:15 PM
189434,Tree Removal,2022-08-11 03:17 PM,Tree Removal Inspection,TREEMAINTENANCE,"UF - JONES, CODY",7700 RICHMOND AVE,"2, ZONE",490Z,77063,CLOSED,2022-08-11,03:17 PM
189435,Tree Removal,2022-08-11 03:27 PM,Tree Removal Inspection,TREEMAINTENANCE,"UF - BHATTARAI, NIMESH",8205 N BAYOU DR,"5, ZONE",535Q,77017,CLOSED,2022-08-11,03:27 PM
189436,Tree Removal,2022-08-11 03:29 PM,Tree Removal Inspection,TREEMAINTENANCE,"UF - JONES, CODY",6706 COTTON DR,"3, ZONE",451E,77092,CLOSED,2022-08-11,03:29 PM
189437,Tree Removal,2022-08-11 03:41 PM,Tree Removal Inspection,TREEMAINTENANCE,"UF - BHATTARAI, NIMESH",7711 CAPITOL ST,"5, ZONE",495W,77012,CLOSED,2022-08-11,03:41 PM
189438,Tree Removal,2022-08-11 03:59 PM,Tree Removal Inspection,TREEMAINTENANCE,"UF - BHATTARAI, NIMESH",402 S 80TH ST,"5, ZONE",495X,77012,CLOSED,2022-08-11,03:59 PM
189439,Tree Removal,2022-08-11 04:09 PM,Tree Removal Inspection,TREEMAINTENANCE,"UF - BHATTARAI, NIMESH",7700 OAK VISTA ST,"6, ZONE",535S,77087,CLOSED,2022-08-11,04:09 PM
189440,Tree Removal,2022-08-11 04:11 PM,Tree Removal Inspection,TREEMAINTENANCE,"UF - JONES, CODY",701 E 7TH 1/2 ST,"3, ZONE",493A,77007,CLOSED,2022-08-11,04:11 PM
189441,Tree Trim,2022-08-11 04:27 PM,Tree Trim Inspection,TREEMAINTENANCE,"UF - BHATTARAI, NIMESH",11629 BANNISTER LN,"4, ZONE",413T,77076,CLOSED,2022-08-11,04:27 PM
189442,Tree Trim,2022-08-11 06:00 PM,Tree Trim Inspection,TREEMAINTENANCE,"UF - BHATTARAI, NIMESH",907 EL DORADO BLVD,"5, ZONE",618J,77062,CLOSED,2022-08-11,06:00 PM
189443,Tree Removal,2022-08-11 06:06 PM,Tree Removal Inspection,TREEMAINTENANCE,"UF - JONES, CODY",4098 BOLIVIA BLVD,"3, ZONE",451L,77092,CLOSED,2022-08-11,06:06 PM
189444,Tree Trim,2022-08-11 06:12 PM,Tree Trim Inspection,TREEMAINTENANCE,"UF - JONES, CODY",1405 GLENMORE FOREST ST,"3, ZONE",451W,77055,CLOSED,2022-08-11,06:12 PM
189445,Tree Trim,2022-08-11 06:18 PM,Tree Trim Inspection,TREEMAINTENANCE,"UF - JONES, CODY",5114 CASTLECREEK LN,"7, ZONE",571Y,77053,CLOSED,2022-08-11,06:18 PM
189446,Tree Trim,2022-08-11 06:33 PM,Tree Trim Inspection,TREEMAINTENANCE,"UF - BHATTARAI, NIMESH",5800 WAYNE ST,"4, ZONE",454T,77026,CLOSED,2022-08-11,06:33 PM
189447,Tree Removal,2022-08-11 07:49 PM,Tree Removal Inspection,TREEMAINTENANCE,"UF - POLOVTSEV, SERA",6127 HAVENDALE DR,"2, ZONE",529C,77072,CLOSED,2022-08-11,07:49 PM
189448,Tree Removal,2022-08-11 09:34 PM,Tree Removal Inspection,TREEMAINTENANCE,"UF - JONES, CODY",6817 CARVER RD,"3, ZONE",412W,77091,CLOSED,2022-08-11,09:34 PM
189449,Tree Removal,2022-08-11 10:31 PM,Tree Removal Inspection,TREEMAINTENANCE,"UF - JONES, CODY",8203 VOGUE LN (SCHWARTZ PARK),"3, ZONE",451N,77055,CLOSED,2022-08-11,10:31 PM
189450,Tree Removal,2022-08-11 10:34 PM,Tree Removal Inspection,TREEMAINTENANCE,"UF - JONES, CODY",1404 WITTE RD (HADEN PARK),"3, ZONE",450W,77080,CLOSED,2022-08-11,10:34 PM
189451,Tree Trim,2022-08-12 04:33 AM,Tree Trim Inspection,TREEMAINTENANCE,"UF - JONES, CODY",2412 REBA DR,"2, ZONE",492U,77019,CLOSED,2022-08-12,04:33 AM
189452,Tree Trim,2022-08-12 06:19 AM,Tree Trim Inspection,TREEMAINTENANCE,"UF - POLOVTSEV, SERA",1904 HOUSTON AVE,"2, ZONE",493G,77007,CLOSED,2022-08-12,06:19 AM
189453,Tree Removal,2022-08-12 07:01 AM,Tree Removal Inspection,TREEMAINTENANCE,"UF - BURKES, JEREMY",3721 JEANETTA ST (WALTER RASMUS PARK),"2, ZONE",490X,77063,CLOSED,2022-08-12,07:01 AM
189454,Tree Trim,2022-08-12 07:46 AM,Tree Trim Inspection,TREEMAINTENANCE,"UF - BHATTARAI, NIMESH",7014 VANDEMAN ST,"5, ZONE",535E,77087,CLOSED,2022-08-12,07:46 AM
189455,Tree Removal,2022-08-12 08:29 AM,Tree Removal Inspection,TREEMAINTENANCE,"UF - POLOVTSEV, SERA",14475 PLATZER DR,"7, ZONE",572P,77045,CLOSED,2022-08-12,08:29 AM
189456,Tree Trim,2022-08-12 08:32 AM,Tree Trim Inspection,TREEMAINTENANCE,"UF - POLOVTSEV, SERA",1508 MARYLAND ST,"2, ZONE",493N,77006,CLOSED,2022-08-12,08:32 AM
189457,Tree Trim,2022-08-12 08:32 AM,Tree Trim Inspection,TREEMAINTENANCE,"UF - BHATTARAI, NIMESH",10322 TOLMAN ST,"5, ZONE",576F,77034,CLOSED,2022-08-12,08:32 AM
189458,Tree Trim,2022-08-12 08:32 AM,Tree Trim Inspection,TREEMAINTENANCE,"UF - BHATTARAI, NIMESH",10318 TOLMAN ST,"5, ZONE",576F,77034,CLOSED,2022-08-12,08:32 AM
189459,Tree Removal,2022-08-12 08:44 AM,Tree Removal Inspection,TREEMAINTENANCE,"UF - JONES, CODY",6218 DEL MONTE DR,"2, ZONE",491N,77057,CLOSED,2022-08-12,08:44 AM
189460,Tree Removal,2022-08-12 08:44 AM,Tree Removal Inspection,TREEMAINTENANCE,"UF - JONES, CODY",2108 BANKS ST,"7, ZONE",492Z,77098,CLOSED,2022-08-12,08:44 AM
189461,Tree Trim,2022-08-12 09:02 AM,Tree Trim Inspection,TREEMAINTENANCE,"UF - BHATTARAI, NIMESH",8710 VALLEY SONG DR,"4, ZONE",456B,77078,CLOSED,2022-08-12,09:02 AM
189463,Tree Removal,2022-08-12 09:17 AM,Tree Removal Inspection,TREEMAINTENANCE,"UF - BURKES, JEREMY",1016 JUNELL ST,"3, ZONE",412T,77088,CLOSED,2022-08-12,09:17 AM
189464,Tree Removal,2022-08-12 09:48 AM,Tree Removal Inspection,TREEMAINTENANCE,"UF - BURKES, JEREMY",1000 JUNELL ST,"3, ZONE",412T,77088,CLOSED,2022-08-12,09:48 AM
189465,Tree Removal,2022-08-12 09:50 AM,Tree Removal Inspection,TREEMAINTENANCE,"UF - JONES, CODY",15100 MEMORIAL DR,"2, ZONE",488C,77079,CLOSED,2022-08-12,09:50 AM
189466,Tree Removal,2022-08-12 10:03 AM,Tree Removal Inspection,TREEMAINTENANCE,"UF - BURKES, JEREMY",1421 SUNSET LN,"4, ZONE",338C,77336,CLOSED,2022-08-12,10:03 AM
189467,Tree Trim,2022-08-12 10:06 AM,Tree Trim Inspection,TREEMAINTENANCE,"UF - JONES, CODY",5200 MICHAUX ST,"3, ZONE",453X,77009,CLOSED,2022-08-12,10:06 AM
189468,Tree Removal,2022-08-12 10:07 AM,Tree Removal Inspection,TREEMAINTENANCE,"UF - POLOVTSEV, SERA",15110 KENNEDY OAKS ST,"7, ZONE",571U,77053,CLOSED,2022-08-12,10:07 AM
189469,Tree Removal,2022-08-12 10:52 AM,Tree Removal Inspection,TREEMAINTENANCE,"UF - JONES, CODY",200 LUTHER ST,"4, ZONE",453B,77076,CLOSED,2022-08-12,10:52 AM
189470,Tree Stump Grinding,2022-08-12 11:01 AM,Tree Stump Inspection,TREEMAINTENANCE,"UF - JONES, CODY",7207 LONGVINE DR,"2, ZONE",528M,77072,CLOSED,2022-08-12,11:01 AM
189471,Tree Removal,2022-08-12 11:14 AM,Tree Removal Inspection,TREEMAINTENANCE,"UF - JONES, CODY",2200 W ALABAMA ST,"2, ZONE",492U,77098,CLOSED,2022-08-12,11:14 AM
189472,Tree Removal,2022-08-12 11:19 AM,Tree Removal Inspection,TREEMAINTENANCE,"UF - JONES, CODY",10115 KERRWOOD LN,"3, ZONE",450N,77080,CLOSED,2022-08-12,11:19 AM
189473,Tree Removal,2022-08-12 11:25 AM,Tree Removal Inspection,TREEMAINTENANCE,"UF - POLOVTSEV, SERA",7911 DEER MEADOW DR,"7, ZONE",570G,77071,CLOSED,2022-08-12,11:25 AM
189474,Tree Removal,2022-08-12 11:28 AM,Tree Removal Inspection,TREEMAINTENANCE,"UF - JONES, CODY",9233 CLARKCREST ST,"2, ZONE",490X,77063,CLOSED,2022-08-12,11:28 AM
189478,Tree Trim,2022-08-12 11:46 AM,Tree Trim Inspection,TREEMAINTENANCE,"UF - JONES, CODY",3800 GARROTT ST,"2, ZONE",493S,77006,CLOSED,2022-08-12,11:46 AM
189479,Tree Stump Grinding,2022-08-12 11:53 AM,Tree Stump Inspection,TREEMAINTENANCE,"UF - JONES, CODY",5906 REAMER ST,"7, ZONE",531N,77074,CLOSED,2022-08-12,11:53 AM
189480,Tree Trim,2022-08-12 11:55 AM,Tree Trim Inspection,TREEMAINTENANCE,"UF - BHATTARAI, NIMESH",5701 CHAPMAN ST,"4, ZONE",453V,77009,CLOSED,2022-08-12,11:55 AM
189481,Tree Removal,2022-08-12 12:01 PM,Tree Removal Inspection,TREEMAINTENANCE,"UF - JONES, CODY",4822 SOUTHERLAND RD,"3, ZONE",451E,77092,CLOSED,2022-08-12,12:01 PM
189483,Tree Removal,2022-08-12 12:07 PM,Tree Removal Inspection,TREEMAINTENANCE,"UF - POLOVTSEV, SERA",1054 JUNELL ST,"3, ZONE",412T,77088,CLOSED,2022-08-12,12:07 PM
189485,Tree Planting,2022-08-12 12:44 PM,Tree Planting Inspection,TREEPROTECTION,"UF - POLOVTSEV, SERA",8913 FONDREN RD,"7, ZONE",530R,77074,CLOSED,2022-08-12,12:44 PM
189486,Tree Removal,2022-08-12 01:02 PM,Tree Removal Inspection,TREEMAINTENANCE,"UF - JONES, CODY",1512 STORY ST,"3, ZONE",451Y,77055,CLOSED,2022-08-12,01:02 PM
189488,Tree Removal,2022-08-12 02:05 PM,Tree Removal Inspection,TREEMAINTENANCE,"UF - POLOVTSEV, SERA",7729 JAMES FRANKLIN ST,"3, ZONE",412T,77088,CLOSED,2022-08-12,02:05 PM
189489,Tree Removal,2022-08-12 02:12 PM,Tree Removal Inspection,TREEMAINTENANCE,"UF - JONES, CODY",4300 WATONGA BLVD,"3, ZONE",451M,77092,CLOSED,2022-08-12,02:12 PM
189490,Tree Removal,2022-08-12 02:14 PM,Tree Removal Inspection,TREEMAINTENANCE,"UF - JONES, CODY",9900 TANNER RD (CORA & RL JOHNSON PARK),"3, ZONE",450A,77041,CLOSED,2022-08-12,02:14 PM
189491,Tree Removal,2022-08-12 02:18 PM,Tree Removal Inspection,TREEMAINTENANCE,"UF - JONES, CODY",3975 BOLIN RD (LANGWOOD PARK),"3, ZONE",451K,77092,CLOSED,2022-08-12,02:18 PM
189492,Tree Trim,2022-08-12 02:18 PM,Tree Trim Inspection,TREEMAINTENANCE,"UF - JONES, CODY",1000 T C JESTER BLVD (TC JESTER PARK - SWIMMING POOL),"3, ZONE",452Y,77008,CLOSED,2022-08-12,02:18 PM
189493,Tree Removal,2022-08-12 02:21 PM,Tree Removal Inspection,TREEMAINTENANCE,"UF - POLOVTSEV, SERA",2800 W LITTLE YORK RD (SYLVESTER TURNER PARK),"3, ZONE",411Z,77088,CLOSED,2022-08-12,02:21 PM
189494,Tree Trim,2022-08-12 02:23 PM,Tree Trim Inspection,TREEMAINTENANCE,"UF - JONES, CODY",2064 TIMBER LN,"2, ZONE",492S,77027,CLOSED,2022-08-12,02:23 PM
189495,Tree Removal,2022-08-12 02:23 PM,Tree Removal Inspection,TREEMAINTENANCE,"UF - JONES, CODY",202 TABOR ST,"3, ZONE",453X,77009,CLOSED,2022-08-12,02:23 PM
189496,Tree Removal,2022-08-12 02:24 PM,Tree Removal Inspection,TREEMAINTENANCE,"UF - BHATTARAI, NIMESH",290 HILL DR,"4, ZONE",298X,77336,CLOSED,2022-08-12,02:24 PM
189497,Tree Trim,2022-08-12 02:25 PM,Tree Trim Inspection,TREEMAINTENANCE,"UF - JONES, CODY",9742 KEMPWOOD DR,"3, ZONE",450K,77080,CLOSED,2022-08-12,02:25 PM
189498,Tree Removal,2022-08-12 02:25 PM,Tree Removal Inspection,TREEMAINTENANCE,"UF - BURKES, JEREMY",1404 WITTE RD (HADEN PARK),"3, ZONE",450W,77080,CLOSED,2022-08-12,02:25 PM
189499,Tree Trim,2022-08-12 02:41 PM,Tree Trim Inspection,TREEMAINTENANCE,"UF - JONES, CODY",3600 LOCKE LN,"2, ZONE",492T,77027,CLOSED,2022-08-12,02:41 PM
189500,Tree Trim,2022-08-12 02:45 PM,Tree Trim Inspection,TREEMAINTENANCE,"UF - JONES, CODY",2344 TIMBER LN,"2, ZONE",492S,77027,CLOSED,2022-08-12,02:45 PM
189501,Tree Removal,2022-08-12 02:47 PM,Tree Removal Inspection,TREEMAINTENANCE,"UF - JONES, CODY",6817 CARVER RD,"3, ZONE",412W,77091,CLOSED,2022-08-12,02:47 PM
189502,Tree Trim,2022-08-12 02:50 PM,Tree Trim Inspection,TREEMAINTENANCE,"UF - JONES, CODY",4518 MOUNT VERNON ST,"2, ZONE",493W,77006,CLOSED,2022-08-12,02:50 PM
189503,Tree Trim,2022-08-12 03:46 PM,Tree Trim Inspection,TREEMAINTENANCE,"UF - JONES, CODY",1701 TURNER DR,"4, ZONE",453D,77093,CLOSED,2022-08-12,03:46 PM
189504,Tree Removal,2022-08-12 03:54 PM,Tree Removal Inspection,TREEMAINTENANCE,"UF - BHATTARAI, NIMESH",2413 BREWSTER ST,"4, ZONE",494A,77026,CLOSED,2022-08-12,03:54 PM
189505,Tree Trim,2022-08-12 03:57 PM,Tree Trim Inspection,TREEMAINTENANCE,"UF - JONES, CODY",44 ROLLINGWOOD DR,"3, ZONE",450X,77080,CLOSED,2022-08-12,03:57 PM
189506,Tree Removal,2022-08-12 04:30 PM,Tree Removal Inspection,TREEMAINTENANCE,"UF - BHATTARAI, NIMESH",119 COLLINS RD,"4, ZONE",298X,77336,CLOSED,2022-08-12,04:30 PM
189507,Tree Removal,2022-08-12 05:36 PM,Tree Removal Inspection,TREEMAINTENANCE,"UF - JONES, CODY",18203 GROSCHKE RD (CULLEN PARK),"3, ZONE",447P,77084,CLOSED,2022-08-12,05:36 PM
189508,Tree Trim,2022-08-12 06:51 PM,Tree Trim Inspection,TREEMAINTENANCE,"UF - BHATTARAI, NIMESH",4008 WIPPRECHT ST,"4, ZONE",454Y,77026,CLOSED,2022-08-12,06:51 PM
189511,Tree Trim,2022-08-13 08:11 AM,Tree Trim Inspection,TREEMAINTENANCE,"UF - JONES, CODY",3227 CARMEL ST,"3, ZONE",411Z,77091,CLOSED,2022-08-13,08:11 AM
189512,Tree Trim,2022-08-13 09:11 AM,Tree Trim Inspection,TREEMAINTENANCE,"UF - BHATTARAI, NIMESH",7417 BRETSHIRE DR,"4, ZONE",455A,77016,CLOSED,2022-08-13,09:11 AM
189513,Tree Removal,2022-08-13 09:26 AM,Tree Removal Inspection,TREEMAINTENANCE,"UF - BHATTARAI, NIMESH",10134 ALMEDA GENOA RD,"6, ZONE",576N,77075,CLOSED,2022-08-13,09:26 AM
189514,Tree Trim,2022-08-13 11:09 AM,Tree Trim Inspection,TREEMAINTENANCE,"UF - POLOVTSEV, SERA",2507 CAPITOL ST,"5, ZONE",493R,77003,CLOSED,2022-08-13,11:09 AM
189515,Tree Trim,2022-08-13 12:16 PM,Tree Trim Inspection,TREEMAINTENANCE,"UF - JONES, CODY",1600 SILBER RD,"3, ZONE",451Y,77055,CLOSED,2022-08-13,12:16 PM
189516,Tree Trim,2022-08-13 12:37 PM,Tree Trim Inspection,TREEMAINTENANCE,"UF - BHATTARAI, NIMESH",7034 CANAL ST,"5, ZONE",494V,77011,CLOSED,2022-08-13,12:37 PM
189517,Tree Removal,2022-08-14 12:29 AM,Tree Removal Inspection,TREEMAINTENANCE,"UF - POLOVTSEV, SERA",7100 WOODLAND TRAILS DR,"3, ZONE",411S,77040,CLOSED,2022-08-14,12:29 AM
189518,Tree Removal,2022-08-14 01:23 AM,Tree Removal Inspection,TREEMAINTENANCE,"UF - BHATTARAI, NIMESH",10201 KINGSPOINT RD (BEVERLY HILLS PARK),"6, ZONE",576S,77075,CLOSED,2022-08-14,01:23 AM
189519,Tree Removal,2022-08-14 02:26 AM,Tree Removal Inspection,TREEMAINTENANCE,"UF - BHATTARAI, NIMESH",8200 PARK PLACE BLVD (CHARLTON PAR),"5, ZONE",535P,77017,CLOSED,2022-08-14,02:26 AM
189520,Tree Removal,2022-08-14 02:56 AM,Tree Removal Inspection,TREEMAINTENANCE,"UF - JONES, CODY",6817 CARVER RD,"3, ZONE",412W,77091,CLOSED,2022-08-14,02:56 AM
189521,Tree Removal,2022-08-14 09:47 AM,Tree Removal Inspection,TREEMAINTENANCE,"UF - POLOVTSEV, SERA",500 RITTENHOUSE ST,"4, ZONE",413Y,77076,CLOSED,2022-08-14,09:47 AM
189522,Tree Removal,2022-08-14 10:47 AM,Tree Removal Inspection,TREEMAINTENANCE,"UF - BHATTARAI, NIMESH",6005 PATE RD,"4, ZONE",454D,77016,CLOSED,2022-08-14,10:47 AM
189523,Tree Removal,2022-08-14 11:12 AM,Tree Removal Inspection,TREEMAINTENANCE,"UF - JONES, CODY",608 HAROLD ST,"2, ZONE",493S,77006,CLOSED,2022-08-14,11:12 AM
189524,Tree Trim,2022-08-14 11:27 AM,Tree Trim Inspection,TREEMAINTENANCE,"UF - JONES, CODY",1010 FOUNTAIN VIEW DR,"2, ZONE",491J,77057,CLOSED,2022-08-14,11:27 AM
189525,Tree Removal,2022-08-14 01:51 PM,Tree Removal Inspection,TREEMAINTENANCE,"UF - JONES, CODY",10811 BURDINE ST,"7, ZONE",531X,77096,CLOSED,2022-08-14,01:51 PM
189526,Tree Trim,2022-08-14 04:32 PM,Tree Trim Inspection,TREEMAINTENANCE,"UF - BHATTARAI, NIMESH",9044 DIRBY ST,"6, ZONE",575H,77075,CLOSED,2022-08-14,04:32 PM
189527,Tree Trim,2022-08-14 05:41 PM,Tree Trim Inspection,TREEMAINTENANCE,"UF - JONES, CODY",5667 MEADOW LAKE LN,"2, ZONE",491T,77056,CLOSED,2022-08-14,05:41 PM
189528,Tree Trim,2022-08-14 06:44 PM,Tree Trim Inspection,TREEMAINTENANCE,"UF - BHATTARAI, NIMESH",6409 KASSARINE PASS,"6, ZONE",534P,77033,CLOSED,2022-08-14,06:44 PM
189529,Tree Trim,2022-08-14 07:59 PM,Tree Trim Inspection,TREEMAINTENANCE,"UF - BHATTARAI, NIMESH",7314 MOSS ROSE ST,"5, ZONE",535E,77012,CLOSED,2022-08-14,07:59 PM
189530,Tree Removal,2022-08-14 08:03 PM,Tree Removal Inspection,TREEMAINTENANCE,"UF - BHATTARAI, NIMESH",119 COLLINS RD,"4, ZONE",298X,77336,CLOSED,2022-08-14,08:03 PM
189531,Tree Removal,2022-08-14 08:35 PM,Tree Removal Inspection,TREEMAINTENANCE,"UF - JONES, CODY",6720 W TIDWELL RD,"3, ZONE",451A,77092,CLOSED,2022-08-14,08:35 PM
189532,Tree Removal,2022-08-14 09:15 PM,Tree Removal Inspection,TREEMAINTENANCE,"UF - JONES, CODY",100 N POST OAK LN (WIESS PARK),"2, ZONE",491H,77024,CLOSED,2022-08-14,09:15 PM
189533,Tree Removal,2022-08-15 02:00 AM,Tree Removal Inspection,TREEMAINTENANCE,"UF - JONES, CODY",9403 MILLBURY DR,"7, ZONE",531U,77096,CLOSED,2022-08-15,02:00 AM
189534,Tree Removal,2022-08-15 03:53 AM,Tree Removal Inspection,TREEMAINTENANCE,"UF - BHATTARAI, NIMESH",10201 KINGSPOINT RD (BEVERLY HILLS PARK),"6, ZONE",576S,77075,CLOSED,2022-08-15,03:53 AM
189535,Tree Removal,2022-08-15 06:18 AM,Tree Removal Inspection,TREEMAINTENANCE,"UF - JONES, CODY",9403 MILLBURY DR,"7, ZONE",531U,77096,CLOSED,2022-08-15,06:18 AM
189536,Tree Trim,2022-08-15 06:19 AM,Tree Trim Inspection,TREEMAINTENANCE,"UF - BHATTARAI, NIMESH",5237 CORNISH ST,"3, ZONE",492G,77007,CLOSED,2022-08-15,06:19 AM
189539,Tree Trim,2022-08-15 08:13 AM,Tree Trim Inspection,TREEMAINTENANCE,"UF - JONES, CODY",1310 MOSHER LN,"3, ZONE",412L,77088,CLOSED,2022-08-15,08:13 AM
189540,Tree Trim,2022-08-15 09:59 AM,Tree Trim Inspection,TREEMAINTENANCE,"UF - JONES, CODY",7522 CREEKBEND DR,"7, ZONE",530Y,77071,CLOSED,2022-08-15,09:59 AM
189541,Tree Removal,2022-08-15 10:13 AM,Tree Removal Inspection,TREEMAINTENANCE,"UF - BHATTARAI, NIMESH",10137 ALMEDA GENOA RD,"6, ZONE",576N,77075,CLOSED,2022-08-15,10:13 AM
189545,Tree Removal,2022-08-15 10:44 AM,Tree Removal Inspection,TREEMAINTENANCE,"UF - BHATTARAI, NIMESH",7301 DUNKIRK RD,"6, ZONE",533V,77033,CLOSED,2022-08-15,10:44 AM
189546,Tree Trim,2022-08-15 11:08 AM,Tree Trim Inspection,TREEMAINTENANCE,"UF - JONES, CODY",5352 KATY FWY,"3, ZONE",492G,77007,CLOSED,2022-08-15,11:08 AM
189547,Tree Trim,2022-08-15 11:08 AM,Tree Trim Inspection,TREEMAINTENANCE,"UF - BHATTARAI, NIMESH",7472 STANWICK DR,"6, ZONE",535S,77087,CLOSED,2022-08-15,11:08 AM
189548,Tree Trim,2022-08-15 12:11 PM,Tree Trim Inspection,TREEMAINTENANCE,"UF - BHATTARAI, NIMESH",8400 HALL RD,"6, ZONE",575Y,77075,CLOSED,2022-08-15,12:11 PM
189549,Tree Removal,2022-08-15 12:36 PM,Tree Removal Inspection,TREEMAINTENANCE,"UF - BHATTARAI, NIMESH",3400 N PARKWOOD DR,"6, ZONE",533G,77021,CLOSED,2022-08-15,12:36 PM
189550,Tree Removal,2022-08-15 01:24 PM,Tree Removal Inspection,TREEMAINTENANCE,"UF - JONES, CODY",4300 WATONGA BLVD,"3, ZONE",451M,77092,CLOSED,2022-08-15,01:24 PM
189551,Tree Removal,2022-08-15 01:27 PM,Tree Removal Inspection,TREEMAINTENANCE,"UF - JONES, CODY",5627 MCKNIGHT ST,"7, ZONE",571A,77035,CLOSED,2022-08-15,01:27 PM
189552,Tree Trim,2022-08-15 01:43 PM,Tree Trim Inspection,TREEMAINTENANCE,"UF - JONES, CODY",4500 PINEMONT DR,"3, ZONE",451H,77018,CLOSED,2022-08-15,01:43 PM
189553,Tree Removal,2022-08-15 02:03 PM,Tree Removal Inspection,TREEMAINTENANCE,"UF - BHATTARAI, NIMESH",7315 SANTA FE DR,"6, ZONE",534Z,77061,CLOSED,2022-08-15,02:03 PM
189554,Tree Removal,2022-08-15 02:30 PM,Tree Removal Inspection,TREEMAINTENANCE,"UF - BHATTARAI, NIMESH",8542 RINN ST,"4, ZONE",455C,77078,CLOSED,2022-08-15,02:30 PM
189555,Tree Trim,2022-08-15 02:34 PM,Tree Trim Inspection,TREEMAINTENANCE,"UF - JONES, CODY",840 W 25TH ST,"3, ZONE",452U,77008,CLOSED,2022-08-15,02:34 PM
189556,Tree Trim,2022-08-15 02:46 PM,Tree Trim Inspection,TREEMAINTENANCE,"UF - JONES, CODY",515 SURRATT DR,"3, ZONE",452D,77091,CLOSED,2022-08-15,02:46 PM
189557,Tree Removal,2022-08-15 03:30 PM,Tree Removal Inspection,TREEMAINTENANCE,"UF - JONES, CODY",2534 GLEN HAVEN BLVD,"7, ZONE",532L,77030,CLOSED,2022-08-15,03:30 PM
189558,Tree Trim,2022-08-15 03:49 PM,Tree Trim Inspection,TREEMAINTENANCE,"UF - JONES, CODY",MEYER FOREST DR,"7, ZONE",531V,77096,CLOSED,2022-08-15,03:49 PM
189559,Tree Trim,2022-08-15 04:14 PM,Tree Trim Inspection,TREEMAINTENANCE,"UF - JONES, CODY",3507 SARATOGA DR,"3, ZONE",411V,77088,CLOSED,2022-08-15,04:14 PM
189560,Tree Removal,2022-08-15 05:28 PM,Tree Removal Inspection,TREEMAINTENANCE,"UF - JONES, CODY",5727 VALKEITH DR,"7, ZONE",531S,77096,CLOSED,2022-08-15,05:28 PM
189561,Tree Stump Grinding,2022-08-15 05:37 PM,Tree Stump Inspection,TREEMAINTENANCE,"UF - JONES, CODY",5823 QUEENSLOCH DR,"7, ZONE",531S,77096,CLOSED,2022-08-15,05:37 PM
189562,Tree Removal,2022-08-15 11:58 PM,Tree Removal Inspection,TREEMAINTENANCE,"UF - JONES, CODY",1741 NORFOLK ST,"2, ZONE",492Z,77098,CLOSED,2022-08-15,11:58 PM
189563,Tree Trim,2022-08-16 05:51 AM,Tree Trim Inspection,TREEMAINTENANCE,"UF - BHATTARAI, NIMESH",7304 HOMESTEAD RD,"4, ZONE",454M,77028,CLOSED,2022-08-16,05:51 AM
189564,Tree Removal,2022-08-16 07:21 AM,Tree Removal Inspection,TREEMAINTENANCE,"UF - BHATTARAI, NIMESH",5341 KIAM ST,"3, ZONE",492C,77007,CLOSED,2022-08-16,07:21 AM
189565,Tree Trim,2022-08-16 08:06 AM,Tree Trim Inspection,TREEMAINTENANCE,"UF - BHATTARAI, NIMESH",736 CROWN ST,"5, ZONE",495E,77020,CLOSED,2022-08-16,08:06 AM
189566,Tree Removal,2022-08-16 08:19 AM,Tree Removal Inspection,TREEMAINTENANCE,"UF - JONES, CODY",809 JOYCE ST,"4, ZONE",453V,77009,CLOSED,2022-08-16,08:19 AM
189567,Tree Removal,2022-08-16 08:22 AM,Tree Removal Inspection,TREEMAINTENANCE,"UF - BHATTARAI, NIMESH",5709 VAN ZANDT ST,"4, ZONE",414R,77016,CLOSED,2022-08-16,08:22 AM
189568,Tree Removal,2022-08-16 08:31 AM,Tree Removal Inspection,TREEMAINTENANCE,"UF - JONES, CODY",1931 NORTH BLVD,"7, ZONE",492Z,77098,CLOSED,2022-08-16,08:31 AM
189570,Tree Trim,2022-08-16 09:07 AM,Tree Trim Inspection,TREEMAINTENANCE,"UF - BHATTARAI, NIMESH",2007 LAZY CREEK LN,"5, ZONE",536T,77017,CLOSED,2022-08-16,09:07 AM
189571,Tree Removal,2022-08-16 09:34 AM,Tree Removal Inspection,TREEMAINTENANCE,"UF - JONES, CODY",5227 SANFORD RD,"7, ZONE",571B,77035,CLOSED,2022-08-16,09:34 AM
189572,Tree Stump Grinding,2022-08-16 09:59 AM,Tree Stump Inspection,TREEMAINTENANCE,"UF - BHATTARAI, NIMESH",9200 NORTH FWY,"4, ZONE",412M,77037,CLOSED,2022-08-16,09:59 AM
189573,Tree Removal,2022-08-16 09:59 AM,Tree Removal Inspection,TREEMAINTENANCE,"UF - BHATTARAI, NIMESH",2907 HIGH VALLEY DR,"4, ZONE",297Z,77345,CLOSED,2022-08-16,09:59 AM
189575,Tree Removal,2022-08-16 10:26 AM,Tree Removal Inspection,TREEMAINTENANCE,"UF - BHATTARAI, NIMESH",5225 CALHOUN RD (MACGREGOR PARK),"6, ZONE",534E,77021,CLOSED,2022-08-16,10:26 AM
189576,Tree Trim,2022-08-16 12:08 PM,Tree Trim Inspection,TREEMAINTENANCE,"UF - JONES, CODY",3404 CHEVY CHASE DR,"2, ZONE",492P,77019,CLOSED,2022-08-16,12:08 PM
189579,Tree Removal,2022-08-16 12:36 PM,Tree Removal Inspection,TREEMAINTENANCE,"UF - BHATTARAI, NIMESH",6602 CRESTRIDGE ST,"6, ZONE",534P,77033,CLOSED,2022-08-16,12:36 PM
189580,Tree Trim,2022-08-16 12:45 PM,Tree Trim Inspection,TREEMAINTENANCE,"UF - BHATTARAI, NIMESH",5905 KANSAS ST,"3, ZONE",492B,77007,CLOSED,2022-08-16,12:45 PM
189581,Tree Removal,2022-08-16 12:48 PM,Tree Removal Inspection,TREEMAINTENANCE,"UF - JONES, CODY",4400 WATONGA BLVD,"3, ZONE",451M,77092,CLOSED,2022-08-16,12:48 PM
189584,Tree Trim,2022-08-16 01:04 PM,Tree Trim Inspection,TREEMAINTENANCE,"UF - JONES, CODY",3810 W ALABAMA ST,"2, ZONE",492S,77027,CLOSED,2022-08-16,01:04 PM
189585,Tree Trim,2022-08-16 01:06 PM,Tree Trim Inspection,TREEMAINTENANCE,"UF - JONES, CODY",2948 SAINT ST,"2, ZONE",492S,77027,CLOSED,2022-08-16,01:06 PM
189586,Tree Trim,2022-08-16 01:07 PM,Tree Trim Inspection,TREEMAINTENANCE,"UF - JONES, CODY",2956 SAINT ST,"2, ZONE",492S,77027,CLOSED,2022-08-16,01:07 PM
189587,Tree Trim,2022-08-16 01:09 PM,Tree Trim Inspection,TREEMAINTENANCE,"UF - JONES, CODY",2948 SAINT ST,"2, ZONE",492S,77027,CLOSED,2022-08-16,01:09 PM
189588,Tree Trim,2022-08-16 01:11 PM,Tree Trim Inspection,TREEMAINTENANCE,"UF - JONES, CODY",3502 W ALABAMA ST,"2, ZONE",492T,77027,CLOSED,2022-08-16,01:11 PM
189589,Tree Removal,2022-08-16 01:15 PM,Tree Removal Inspection,TREEMAINTENANCE,"UF - JONES, CODY",1511 NORTH BLVD,"7, ZONE",492Z,77006,CLOSED,2022-08-16,01:15 PM
189590,Tree Trim,2022-08-16 01:36 PM,Tree Trim Inspection,TREEMAINTENANCE,"UF - JONES, CODY",1011 EBERHARD ST,"2, ZONE",493N,77019,CLOSED,2022-08-16,01:36 PM
189591,Tree Removal,2022-08-16 02:06 PM,Tree Removal Inspection,TREEMAINTENANCE,"UF - BHATTARAI, NIMESH",12835 COOLGREEN ST (STRICKLAND PARK),"4, ZONE",456Z,77013,CLOSED,2022-08-16,02:06 PM
189592,Tree Trim,2022-08-16 02:49 PM,Tree Trim Inspection,TREEMAINTENANCE,"UF - JONES, CODY",5827 KATY ST,"3, ZONE",492B,77007,CLOSED,2022-08-16,02:49 PM
189593,Tree Removal,2022-08-16 03:00 PM,Tree Removal Inspection,TREEMAINTENANCE,"UF - JONES, CODY",1108 BIRDSALL ST,"2, ZONE",492G,77007,CLOSED,2022-08-16,03:00 PM
189594,Tree Removal,2022-08-16 03:33 PM,Tree Removal Inspection,TREEMAINTENANCE,"UF - JONES, CODY",14422 TWISTED OAK LN,"2, ZONE",488M,77079,CLOSED,2022-08-16,03:33 PM
189595,Tree Removal,2022-08-16 04:34 PM,Tree Removal Inspection,TREEMAINTENANCE,"UF - BHATTARAI, NIMESH",8001 DANDY ST,"4, ZONE",454M,77016,CLOSED,2022-08-16,04:34 PM
189596,Tree Removal,2022-08-16 05:14 PM,Tree Removal Inspection,TREEMAINTENANCE,"UF - BHATTARAI, NIMESH",2600 CALUMET ST,"6, ZONE",533B,77004,CLOSED,2022-08-16,05:14 PM
189597,Tree Removal,2022-08-16 05:26 PM,Tree Removal Inspection,TREEMAINTENANCE,"UF - BHATTARAI, NIMESH",1205 CLEAR LAKE CITY BLVD,"5, ZONE",617H,77062,CLOSED,2022-08-16,05:26 PM
189598,Tree Trim,2022-08-16 05:31 PM,Tree Trim Inspection,TREEMAINTENANCE,"UF - JONES, CODY",10510 CROWN POINT DR,"2, ZONE",529X,77099,CLOSED,2022-08-16,05:31 PM
189599,Tree Trim,2022-08-16 05:37 PM,Tree Trim Inspection,TREEMAINTENANCE,"UF - JONES, CODY",12703 SKYKNOLL LN,"2, ZONE",488Z,77082,CLOSED,2022-08-16,05:37 PM
189600,Tree Trim,2022-08-16 09:45 PM,Tree Trim Inspection,TREEMAINTENANCE,"UF - JONES, CODY",1917 BINGLE RD,"3, ZONE",450V,77080,CLOSED,2022-08-16,09:45 PM
189601,Tree Removal,2022-08-17 02:46 AM,Tree Removal Inspection,TREEMAINTENANCE,"UF - BHATTARAI, NIMESH",3813 ELROY ST,"4, ZONE",453Z,77009,CLOSED,2022-08-17,02:46 AM
189602,Tree Removal,2022-08-17 05:05 AM,Tree Removal Inspection,TREEMAINTENANCE,"UF - BHATTARAI, NIMESH",12025 WILKIE LN,"4, ZONE",413T,77076,CLOSED,2022-08-17,05:05 AM
189603,Tree Trim,2022-08-17 05:29 AM,Tree Trim Inspection,TREEMAINTENANCE,"UF - BHATTARAI, NIMESH",11150 BEAMER RD,"6, ZONE",576T,77089,CLOSED,2022-08-17,05:29 AM
189604,Tree Trim,2022-08-17 05:29 AM,Tree Trim Inspection,TREEMAINTENANCE,"UF - BHATTARAI, NIMESH",10002 KIRKDALE DR,"6, ZONE",576X,77089,CLOSED,2022-08-17,05:29 AM
189605,Tree Trim,2022-08-17 07:08 AM,Tree Trim Inspection,TREEMAINTENANCE,"UF - BHATTARAI, NIMESH",9403 CARMALEE ST,"6, ZONE",575Z,77075,CLOSED,2022-08-17,07:08 AM
189606,Tree Trim,2022-08-17 07:51 AM,Tree Trim Inspection,TREEMAINTENANCE,"UF - BHATTARAI, NIMESH",2014 BERRY ST,"6, ZONE",493Y,77004,CLOSED,2022-08-17,07:51 AM
189607,Tree Removal,2022-08-17 08:12 AM,Tree Removal Inspection,TREEMAINTENANCE,"UF - JONES, CODY",7415 AQUA LN,"2, ZONE",529J,77072,CLOSED,2022-08-17,08:12 AM
189608,Tree Removal,2022-08-17 08:27 AM,Tree Removal Inspection,TREEMAINTENANCE,"UF - BHATTARAI, NIMESH",3400 N PARKWOOD DR (PARKWOOD PARK),"6, ZONE",533G,77021,CLOSED,2022-08-17,08:27 AM
189609,Tree Trim,2022-08-17 08:31 AM,Tree Trim Inspection,TREEMAINTENANCE,"UF - JONES, CODY",6322 BRIAR GLADE DR,"2, ZONE",529G,77072,CLOSED,2022-08-17,08:31 AM
189610,Tree Removal,2022-08-17 08:42 AM,Tree Removal Inspection,TREEMAINTENANCE,"UF - BHATTARAI, NIMESH",5139 ENYART ST,"6, ZONE",534N,77021,CLOSED,2022-08-17,08:42 AM
189611,Tree Removal,2022-08-17 09:41 AM,Tree Removal Inspection,TREEMAINTENANCE,"UF - BHATTARAI, NIMESH",5312 JEFFERSON ST,"5, ZONE",494Y,77023,CLOSED,2022-08-17,09:41 AM
189612,Tree Removal,2022-08-17 09:46 AM,Tree Removal Inspection,TREEMAINTENANCE,"UF - BHATTARAI, NIMESH",1402 RICHVALE LN,"5, ZONE",618K,77062,CLOSED,2022-08-17,09:46 AM
189613,Tree Removal,2022-08-17 09:52 AM,Tree Removal Inspection,TREEMAINTENANCE,"UF - JONES, CODY",12751 HILLCROFT ST,"7, ZONE",571J,77085,CLOSED,2022-08-17,09:52 AM
189614,Tree Trim,2022-08-17 10:37 AM,Tree Trim Inspection,TREEMAINTENANCE,"UF - BHATTARAI, NIMESH",6602 CRESTRIDGE ST,"6, ZONE",534P,77033,CLOSED,2022-08-17,10:37 AM
189615,Tree Trim,2022-08-17 10:55 AM,Tree Trim Inspection,TREEMAINTENANCE,"UF - JONES, CODY",703 BAYLAND AVE,"3, ZONE",493B,77009,CLOSED,2022-08-17,10:55 AM
189616,Tree Removal,2022-08-17 11:10 AM,Tree Removal Inspection,TREEMAINTENANCE,"UF - BHATTARAI, NIMESH",4714 PARK DR,"5, ZONE",494T,77023,CLOSED,2022-08-17,11:10 AM
189617,Tree Trim,2022-08-17 11:37 AM,Tree Trim Inspection,TREEMAINTENANCE,"UF - JONES, CODY",3734 WICKERSHAM LN,"2, ZONE",492S,77027,CLOSED,2022-08-17,11:37 AM
189618,Tree Removal,2022-08-17 11:38 AM,Tree Removal Inspection,TREEMAINTENANCE,"UF - JONES, CODY",12431 PLUMPOINT DR,"2, ZONE",528V,77099,CLOSED,2022-08-17,11:38 AM
189619,Tree Trim,2022-08-17 11:40 AM,Tree Trim Inspection,TREEMAINTENANCE,"UF - JONES, CODY",2309 MACONDA LN,"2, ZONE",492S,77027,CLOSED,2022-08-17,11:40 AM
189620,Tree Trim,2022-08-17 11:41 AM,Tree Trim Inspection,TREEMAINTENANCE,"UF - JONES, CODY",2401 MACONDA LN,"2, ZONE",492S,77027,CLOSED,2022-08-17,11:41 AM
189621,Tree Trim,2022-08-17 11:43 AM,Tree Trim Inspection,TREEMAINTENANCE,"UF - JONES, CODY",3705 PIPING ROCK LN,"2, ZONE",492S,77027,CLOSED,2022-08-17,11:43 AM
189622,Tree Trim,2022-08-17 11:44 AM,Tree Trim Inspection,TREEMAINTENANCE,"UF - JONES, CODY",2201 MACONDA LN,"2, ZONE",492S,77027,CLOSED,2022-08-17,11:44 AM
189623,Tree Trim,2022-08-17 11:46 AM,Tree Trim Inspection,TREEMAINTENANCE,"UF - JONES, CODY",2001 MACONDA LN,"2, ZONE",492N,77027,CLOSED,2022-08-17,11:46 AM
189624,Tree Trim,2022-08-17 11:49 AM,Tree Trim Inspection,TREEMAINTENANCE,"UF - JONES, CODY",3625 CHEVY CHASE DR,"2, ZONE",492P,77019,CLOSED,2022-08-17,11:49 AM
189625,Tree Trim,2022-08-17 11:52 AM,Tree Trim Inspection,TREEMAINTENANCE,"UF - JONES, CODY",3396 DEL MONTE DR,"2, ZONE",492P,77019,CLOSED,2022-08-17,11:52 AM
189626,Tree Trim,2022-08-17 11:53 AM,Tree Trim Inspection,TREEMAINTENANCE,"UF - JONES, CODY",3395 DEL MONTE DR,"2, ZONE",492P,77019,CLOSED,2022-08-17,11:53 AM
189627,Tree Trim,2022-08-17 11:55 AM,Tree Trim Inspection,TREEMAINTENANCE,"UF - JONES, CODY",3340 DEL MONTE DR,"2, ZONE",492P,77019,CLOSED,2022-08-17,11:55 AM
189628,Tree Trim,2022-08-17 11:57 AM,Tree Trim Inspection,TREEMAINTENANCE,"UF - JONES, CODY",3352 DEL MONTE DR,"2, ZONE",492P,77019,CLOSED,2022-08-17,11:57 AM
189629,Tree Trim,2022-08-17 12:02 PM,Tree Trim Inspection,TREEMAINTENANCE,"UF - JONES, CODY",2152 DEL MONTE DR,"2, ZONE",492Q,77019,CLOSED,2022-08-17,12:02 PM
189630,Tree Trim,2022-08-17 12:03 PM,Tree Trim Inspection,TREEMAINTENANCE,"UF - JONES, CODY",2938 DEL MONTE DR,"2, ZONE",492Q,77019,CLOSED,2022-08-17,12:03 PM
189631,Tree Trim,2022-08-17 12:04 PM,Tree Trim Inspection,TREEMAINTENANCE,"UF - JONES, CODY",3320 DEL MONTE DR,"2, ZONE",492P,77019,CLOSED,2022-08-17,12:04 PM
189632,Tree Trim,2022-08-17 12:05 PM,Tree Trim Inspection,TREEMAINTENANCE,"UF - JONES, CODY",3330 DEL MONTE DR,"2, ZONE",492P,77019,CLOSED,2022-08-17,12:05 PM
189633,Tree Trim,2022-08-17 12:24 PM,Tree Trim Inspection,TREEMAINTENANCE,"UF - JONES, CODY",2126 PELHAM DR,"2, ZONE",492Q,77019,CLOSED,2022-08-17,12:24 PM
189634,Tree Trim,2022-08-17 12:24 PM,Tree Trim Inspection,TREEMAINTENANCE,"UF - JONES, CODY",2104 PELHAM DR,"2, ZONE",492Q,77019,CLOSED,2022-08-17,12:24 PM
189635,Tree Trim,2022-08-17 12:25 PM,Tree Trim Inspection,TREEMAINTENANCE,"UF - JONES, CODY",2217 PELHAM DR,"2, ZONE",492Q,77019,CLOSED,2022-08-17,12:25 PM
189636,Tree Trim,2022-08-17 12:26 PM,Tree Trim Inspection,TREEMAINTENANCE,"UF - JONES, CODY",2158 PELHAM DR,"2, ZONE",492Q,77019,CLOSED,2022-08-17,12:26 PM
189637,Tree Trim,2022-08-17 12:28 PM,Tree Trim Inspection,TREEMAINTENANCE,"UF - JONES, CODY",2508 PELHAM DR,"2, ZONE",492Q,77019,CLOSED,2022-08-17,12:28 PM
189638,Tree Trim,2022-08-17 12:29 PM,Tree Trim Inspection,TREEMAINTENANCE,"UF - JONES, CODY",2232 PELHAM DR,"2, ZONE",492Q,77019,CLOSED,2022-08-17,12:29 PM
189639,Tree Trim,2022-08-17 12:31 PM,Tree Trim Inspection,TREEMAINTENANCE,"UF - JONES, CODY",2925 AVALON PL,"2, ZONE",492U,77019,CLOSED,2022-08-17,12:31 PM
189640,Tree Trim,2022-08-17 12:32 PM,Tree Trim Inspection,TREEMAINTENANCE,"UF - JONES, CODY",2921 AVALON PL,"2, ZONE",492U,77019,CLOSED,2022-08-17,12:32 PM
189641,Tree Trim,2022-08-17 12:32 PM,Tree Trim Inspection,TREEMAINTENANCE,"UF - JONES, CODY",1832 KIRBY DR,"2, ZONE",492Q,77019,CLOSED,2022-08-17,12:32 PM
189642,Tree Trim,2022-08-17 12:33 PM,Tree Trim Inspection,TREEMAINTENANCE,"UF - JONES, CODY",631 NEST LN,"3, ZONE",453E,77022,CLOSED,2022-08-17,12:33 PM
189643,Tree Trim,2022-08-17 12:37 PM,Tree Trim Inspection,TREEMAINTENANCE,"UF - JONES, CODY",3005 AVALON PL,"2, ZONE",492U,77019,CLOSED,2022-08-17,12:37 PM
189644,Tree Trim,2022-08-17 12:40 PM,Tree Trim Inspection,TREEMAINTENANCE,"UF - JONES, CODY",3021 AVALON PL,"2, ZONE",492U,77019,CLOSED,2022-08-17,12:40 PM
189645,Tree Trim,2022-08-17 12:44 PM,Tree Trim Inspection,TREEMAINTENANCE,"UF - JONES, CODY",3377 WESTHEIMER RD,"2, ZONE",492T,77098,CLOSED,2022-08-17,12:44 PM
189646,Tree Trim,2022-08-17 12:44 PM,Tree Trim Inspection,TREEMAINTENANCE,"UF - JONES, CODY",3235 ELLA LEE LN,"2, ZONE",492T,77019,CLOSED,2022-08-17,12:44 PM
189647,Tree Trim,2022-08-17 12:46 PM,Tree Trim Inspection,TREEMAINTENANCE,"UF - JONES, CODY",3407 WESTHEIMER RD,"2, ZONE",492T,77027,CLOSED,2022-08-17,12:46 PM
189648,Tree Trim,2022-08-17 12:49 PM,Tree Trim Inspection,TREEMAINTENANCE,"UF - JONES, CODY",3203 W ALABAMA ST,"2, ZONE",492T,77098,CLOSED,2022-08-17,12:49 PM
189649,Tree Removal,2022-08-17 01:02 PM,Tree Removal Inspection,TREEMAINTENANCE,"UF - JONES, CODY",11674 SOUTHLAKE DR,"2, ZONE",489S,77077,CLOSED,2022-08-17,01:02 PM
189650,Tree Removal,2022-08-17 01:29 PM,Tree Removal Inspection,TREEMAINTENANCE,"UF - JONES, CODY",3807 GRAUSTARK ST,"2, ZONE",493S,77006,CLOSED,2022-08-17,01:29 PM
189651,Tree Trim,2022-08-17 01:56 PM,Tree Trim Inspection,TREEMAINTENANCE,"UF - BHATTARAI, NIMESH",8015 ELBERT ST,"4, ZONE",455E,77028,CLOSED,2022-08-17,01:56 PM
189652,Tree Trim,2022-08-17 01:57 PM,Tree Trim Inspection,TREEMAINTENANCE,"UF - BHATTARAI, NIMESH",10302 BROADSTAIRS ST,"4, ZONE",496E,77013,CLOSED,2022-08-17,01:57 PM
189653,Tree Trim,2022-08-17 02:00 PM,Tree Trim Inspection,TREEMAINTENANCE,"UF - BHATTARAI, NIMESH",1703 SAKOWITZ ST,"4, ZONE",494G,77020,CLOSED,2022-08-17,02:00 PM
189654,Tree Removal,2022-08-17 02:11 PM,Tree Removal Inspection,TREEMAINTENANCE,"UF - BURKES, JEREMY",7000 WOODLAND TRAILS DR,"3, ZONE",411S,77040,CLOSED,2022-08-17,02:11 PM
189655,Tree Trim,2022-08-17 03:14 PM,Tree Trim Inspection,TREEMAINTENANCE,"UF - BHATTARAI, NIMESH",1209 NAGLE ST,"5, ZONE",493V,77003,CLOSED,2022-08-17,03:14 PM
189656,Tree Planting,2022-08-17 03:15 PM,Tree Planting Inspection,TREEPROTECTION,"UF - JONES, CODY",3201 BROADWAY ST,"5, ZONE",535K,77017,CLOSED,2022-08-17,03:15 PM
189657,Tree Removal,2022-08-17 03:30 PM,Tree Removal Inspection,TREEMAINTENANCE,"UF - BHATTARAI, NIMESH",820 MCDANIEL ST,"4, ZONE",453M,77022,CLOSED,2022-08-17,03:30 PM
189658,Tree Removal,2022-08-17 04:24 PM,Tree Removal Inspection,TREEMAINTENANCE,"UF - POLOVTSEV, SERA",6347 QUAIL MEADOW DR,"7, ZONE",570D,77035,CLOSED,2022-08-17,04:24 PM
189659,Tree Trim,2022-08-17 04:36 PM,Tree Trim Inspection,TREEMAINTENANCE,"UF - JONES, CODY",7914 CANDLEGREEN LN,"7, ZONE",570G,77071,CLOSED,2022-08-17,04:36 PM
189660,Tree Removal,2022-08-17 04:48 PM,Tree Removal Inspection,TREEMAINTENANCE,"UF - JONES, CODY",1539 HADDON ST,"2, ZONE",492R,77006,CLOSED,2022-08-17,04:48 PM
189661,Tree Removal,2022-08-17 05:00 PM,Tree Removal Inspection,TREEMAINTENANCE,"UF - JONES, CODY",1545 HADDON ST,"2, ZONE",492R,77006,CLOSED,2022-08-17,05:00 PM
189662,Tree Removal,2022-08-17 05:09 PM,Tree Removal Inspection,TREEMAINTENANCE,"UF - JONES, CODY",2441 BARTLETT ST,"7, ZONE",492Y,77098,CLOSED,2022-08-17,05:09 PM
189663,Tree Trim,2022-08-17 05:10 PM,Tree Trim Inspection,TREEMAINTENANCE,"UF - BHATTARAI, NIMESH",9940 BLACKHAWK BLVD,"6, ZONE",575Z,77075,CLOSED,2022-08-17,05:10 PM
189664,Tree Trim,2022-08-17 05:51 PM,Tree Trim Inspection,TREEMAINTENANCE,"UF - JONES, CODY",518 E JANISCH RD,"3, ZONE",453E,77022,CLOSED,2022-08-17,05:51 PM
189665,Tree Removal,2022-08-17 07:34 PM,Tree Removal Inspection,TREEMAINTENANCE,"UF - BHATTARAI, NIMESH",9926 EDGEWORTH ST,"4, ZONE",414W,77093,CLOSED,2022-08-17,07:34 PM
189666,Tree Removal,2022-08-17 10:41 PM,Tree Removal Inspection,TREEMAINTENANCE,"UF - BHATTARAI, NIMESH",7600 CHAIN ST (EP HILL PARK),"6, ZONE",533V,77033,CLOSED,2022-08-17,10:41 PM
189667,Tree Removal,2022-08-18 12:20 AM,Tree Removal Inspection,TREEMAINTENANCE,"UF - BURKES, JEREMY",3710 ABERDEEN WAY,"7, ZONE",532J,77025,CLOSED,2022-08-18,12:20 AM
189668,Tree Removal,2022-08-18 04:52 AM,Tree Removal Inspection,TREEMAINTENANCE,"UF - BHATTARAI, NIMESH",1452 CROMWELL ST (SQUATTY LYONS PARK),"4, ZONE",413U,77093,CLOSED,2022-08-18,04:52 AM
189669,Tree Removal,2022-08-18 05:31 AM,Tree Removal Inspection,TREEMAINTENANCE,"UF - BHATTARAI, NIMESH",541 S 75TH ST (MASON PARK),"5, ZONE",535A,77023,CLOSED,2022-08-18,05:31 AM
189670,Tree Trim,2022-08-18 07:53 AM,Tree Trim Inspection,TREEMAINTENANCE,"UF - POLOVTSEV, SERA",5611 HAZARD ST,"7, ZONE",532D,77005,CLOSED,2022-08-18,07:53 AM
189671,Tree Trim,2022-08-18 08:51 AM,Tree Trim Inspection,TREEMAINTENANCE,"UF - JONES, CODY",1611 SILVER ST,"2, ZONE",493F,77007,CLOSED,2022-08-18,08:51 AM
189672,Tree Removal,2022-08-18 08:59 AM,Tree Removal Inspection,TREEMAINTENANCE,"UF - BHATTARAI, NIMESH",3419 EASY ST,"4, ZONE",494C,77026,CLOSED,2022-08-18,08:59 AM
189673,Tree Trim,2022-08-18 09:54 AM,Tree Trim Inspection,TREEMAINTENANCE,"UF - JONES, CODY",13055 TAYLORCREST RD,"2, ZONE",489G,77079,CLOSED,2022-08-18,09:54 AM
189674,Tree Trim,2022-08-18 10:05 AM,Tree Trim Inspection,TREEMAINTENANCE,"UF - JONES, CODY",1117 BUCKNER ST,"2, ZONE",493P,77019,CLOSED,2022-08-18,10:05 AM
189677,Tree Trim,2022-08-18 10:27 AM,Tree Trim Inspection,TREEMAINTENANCE,"UF - BHATTARAI, NIMESH",502 ROUSE ST,"4, ZONE",494H,77020,CLOSED,2022-08-18,10:27 AM
189678,Tree Trim,2022-08-18 10:33 AM,Tree Trim Inspection,TREEMAINTENANCE,"UF - BHATTARAI, NIMESH",3123 GREENWOOD GLEN DR,"4, ZONE",297Y,77345,CLOSED,2022-08-18,10:33 AM
189679,Tree Trim,2022-08-18 10:45 AM,Tree Trim Inspection,TREEMAINTENANCE,"UF - JONES, CODY",6033 YALE ST,"3, ZONE",452D,77091,CLOSED,2022-08-18,10:45 AM
189680,Tree Trim,2022-08-18 10:48 AM,Tree Trim Inspection,TREEMAINTENANCE,"UF - JONES, CODY",6033 YALE ST,"3, ZONE",452D,77091,CLOSED,2022-08-18,10:48 AM
189681,Tree Removal,2022-08-18 10:52 AM,Tree Removal Inspection,TREEMAINTENANCE,"UF - JONES, CODY",139 E 20TH ST,"3, ZONE",453S,77008,CLOSED,2022-08-18,10:52 AM
189682,Tree Trim,2022-08-18 10:55 AM,Tree Trim Inspection,TREEMAINTENANCE,"UF - JONES, CODY",7703 BEECHNUT ST,"7, ZONE",530K,77074,CLOSED,2022-08-18,10:55 AM
189683,Tree Trim,2022-08-18 11:12 AM,Tree Trim Inspection,TREEMAINTENANCE,"UF - JONES, CODY",2717 MASON ST,"2, ZONE",493T,77006,CLOSED,2022-08-18,11:12 AM
189684,Tree Trim,2022-08-18 11:45 AM,Tree Trim Inspection,TREEMAINTENANCE,"UF - BHATTARAI, NIMESH",543 NEW HAVEN DR,"4, ZONE",453A,77076,CLOSED,2022-08-18,11:45 AM
189685,Tree Trim,2022-08-18 11:49 AM,Tree Trim Inspection,TREEMAINTENANCE,"UF - BHATTARAI, NIMESH",6113 NORDLING RD,"4, ZONE",453A,77076,CLOSED,2022-08-18,11:49 AM
189686,Tree Removal,2022-08-18 12:03 PM,Tree Removal Inspection,TREEMAINTENANCE,"UF - BHATTARAI, NIMESH",1452 CROMWELL ST,"4, ZONE",413U,77093,CLOSED,2022-08-18,12:03 PM
189687,Tree Trim,2022-08-18 12:22 PM,Tree Trim Inspection,TREEMAINTENANCE,"UF - JONES, CODY",5506 SHERATON OAKS DR,"3, ZONE",411Y,77091,CLOSED,2022-08-18,12:22 PM
189688,Tree Trim,2022-08-18 12:31 PM,Tree Trim Inspection,TREEMAINTENANCE,"UF - JONES, CODY",1400 MORITZ DR,"3, ZONE",451W,77055,CLOSED,2022-08-18,12:31 PM
189690,Tree Removal,2022-08-18 12:55 PM,Tree Removal Inspection,TREEMAINTENANCE,"UF - JONES, CODY",2800 WATSON ST,"3, ZONE",493B,77009,CLOSED,2022-08-18,12:55 PM
189692,Tree Trim,2022-08-18 01:16 PM,Tree Trim Inspection,TREEMAINTENANCE,"UF - JONES, CODY",3830 GOULBURN DR,"7, ZONE",572N,77045,CLOSED,2022-08-18,01:16 PM
189694,Tree Trim,2022-08-18 02:02 PM,Tree Trim Inspection,TREEMAINTENANCE,"UF - JONES, CODY",407 E 25TH ST,"3, ZONE",453S,77008,CLOSED,2022-08-18,02:02 PM
189695,Tree Removal,2022-08-18 04:17 PM,Tree Removal Inspection,TREEMAINTENANCE,"UF - BHATTARAI, NIMESH",13350 EMPORIA ST,"4, ZONE",497E,77015,CLOSED,2022-08-18,04:17 PM
189696,Tree Removal,2022-08-18 04:21 PM,Tree Removal Inspection,TREEMAINTENANCE,"UF - BHATTARAI, NIMESH",8606 LAWNRIDGE ST,"4, ZONE",454G,77016,CLOSED,2022-08-18,04:21 PM
189697,Tree Removal,2022-08-18 04:48 PM,Tree Removal Inspection,TREEMAINTENANCE,"UF - BHATTARAI, NIMESH",16451 SPACE CENTER BLVD,"5, ZONE",618M,77058,CLOSED,2022-08-18,04:48 PM
189698,Tree Trim,2022-08-18 05:45 PM,Tree Trim Inspection,TREEMAINTENANCE,"UF - JONES, CODY",6911 RATON ST,"3, ZONE",451U,77055,CLOSED,2022-08-18,05:45 PM
189699,Tree Removal,2022-08-18 05:48 PM,Tree Removal Inspection,TREEMAINTENANCE,"UF - JONES, CODY",6911 RATON ST,"3, ZONE",451U,77055,CLOSED,2022-08-18,05:48 PM
189700,Tree Removal,2022-08-18 06:18 PM,Tree Removal Inspection,TREEMAINTENANCE,"UF - JONES, CODY",6911 RATON ST,"3, ZONE",451U,77055,CLOSED,2022-08-18,06:18 PM
189701,Tree Trim,2022-08-18 06:28 PM,Tree Trim Inspection,TREEMAINTENANCE,"UF - JONES, CODY",12318 BOHEME DR,"2, ZONE",490E,77024,CLOSED,2022-08-18,06:28 PM
189702,Tree Removal,2022-08-18 06:39 PM,Tree Removal Inspection,TREEMAINTENANCE,"UF - JONES, CODY",5010 SPRING FOREST DR,"3, ZONE",451C,77091,CLOSED,2022-08-18,06:39 PM
189703,Tree Removal,2022-08-18 06:39 PM,Tree Removal Inspection,TREEMAINTENANCE,"UF - JONES, CODY",800 DILLARD ST,"3, ZONE",412Y,77091,CLOSED,2022-08-18,06:39 PM
189704,Tree Removal,2022-08-18 06:51 PM,Tree Removal Inspection,TREEMAINTENANCE,"UF - JONES, CODY",12318 BOHEME DR,"2, ZONE",490E,77024,CLOSED,2022-08-18,06:51 PM
189705,Tree Removal,2022-08-18 07:09 PM,Tree Removal Inspection,TREEMAINTENANCE,"UF - JONES, CODY",1702 RIDGEWOOD ST,"2, ZONE",492R,77006,CLOSED,2022-08-18,07:09 PM
189706,Tree Removal,2022-08-18 08:01 PM,Tree Removal Inspection,TREEMAINTENANCE,"UF - JONES, CODY",3331 LANG RD,"3, ZONE",451J,77092,CLOSED,2022-08-18,08:01 PM
189707,Tree Trim,2022-08-18 08:46 PM,Tree Trim Inspection,TREEMAINTENANCE,"UF - JONES, CODY",15703 EL CAMINO REAL,"5, ZONE",618K,77062,CLOSED,2022-08-18,08:46 PM
189708,Tree Trim,2022-08-19 08:05 AM,Tree Trim Inspection,TREEMAINTENANCE,"UF - BHATTARAI, NIMESH",2012 BRACKENRIDGE ST,"4, ZONE",494A,77026,CLOSED,2022-08-19,08:05 AM
189709,Tree Removal,2022-08-19 08:09 AM,Tree Removal Inspection,TREEMAINTENANCE,"UF - POLOVTSEV, SERA",5610 GULFTON ST (BURNETT BAYLAND PARK),"7, ZONE",531B,77081,CLOSED,2022-08-19,08:09 AM
189710,Tree Removal,2022-08-19 08:14 AM,Tree Removal Inspection,TREEMAINTENANCE,"UF - POLOVTSEV, SERA",7516 BEECHNUT ST,"7, ZONE",530L,77074,CLOSED,2022-08-19,08:14 AM
189711,Tree Trim,2022-08-19 08:32 AM,Tree Trim Inspection,TREEMAINTENANCE,"UF - JONES, CODY",600 BRITTMOORE RD,"2, ZONE",489G,77079,CLOSED,2022-08-19,08:32 AM
189712,Tree Trim,2022-08-19 08:41 AM,Tree Trim Inspection,TREEMAINTENANCE,"UF - BHATTARAI, NIMESH",10426 WILLIE ST,"4, ZONE",414X,77093,CLOSED,2022-08-19,08:41 AM
189713,Tree Removal,2022-08-19 08:51 AM,Tree Removal Inspection,TREEMAINTENANCE,"UF - POLOVTSEV, SERA",3702 DARLINGHURST DR,"7, ZONE",572P,77045,CLOSED,2022-08-19,08:51 AM
189714,Tree Removal,2022-08-19 09:09 AM,Tree Removal Inspection,TREEMAINTENANCE,"UF - POLOVTSEV, SERA",BEECHNUT ST & BRAE ACRES RD,"7, ZONE",530K,77074,CLOSED,2022-08-19,09:09 AM
189715,Tree Trim,2022-08-19 09:10 AM,Tree Trim Inspection,TREEMAINTENANCE,"UF - BHATTARAI, NIMESH",6206 SOUTHBROOK DR,"6, ZONE",574C,77087,CLOSED,2022-08-19,09:10 AM
189716,Tree Removal,2022-08-19 09:26 AM,Tree Removal Inspection,TREEMAINTENANCE,"UF - JONES, CODY",1920 MILFORD ST,"7, ZONE",492Z,77098,CLOSED,2022-08-19,09:26 AM
189717,Tree Removal,2022-08-19 09:31 AM,Tree Removal Inspection,TREEMAINTENANCE,"UF - BHATTARAI, NIMESH",16506 KENTWOOD DR,"5, ZONE",618Q,77058,CLOSED,2022-08-19,09:31 AM
189718,Tree Trim,2022-08-19 09:34 AM,Tree Trim Inspection,TREEMAINTENANCE,"UF - JONES, CODY",10039 LARSTON ST,"3, ZONE",450W,77055,CLOSED,2022-08-19,09:34 AM
189719,Tree Removal,2022-08-19 09:34 AM,Tree Removal Inspection,TREEMAINTENANCE,"UF - BHATTARAI, NIMESH","16396 UNIVERSITY GREEN BLVD,HOUSTON,77058","5, ZONE",618L,6049a,CLOSED,2022-08-19,09:34 AM
189720,Tree Trim,2022-08-19 10:00 AM,Tree Trim Inspection,TREEMAINTENANCE,"UF - JONES, CODY",6400 W FUQUA DR,"7, ZONE",571X,77489,CLOSED,2022-08-19,10:00 AM
189721,Tree Code Violation,2022-08-19 10:12 AM,Tree Code Violation Inspection,TREEPROTECTION,"UF - JONES, CODY",3615 MONTROSE BLVD,"2, ZONE",493S,77006,CLOSED,2022-08-19,10:12 AM
189722,Tree Trim,2022-08-19 12:00 PM,Tree Trim Inspection,TREEMAINTENANCE,"UF - JONES, CODY",10332 BRIDGELAND LN,"3, ZONE",449H,77041,CLOSED,2022-08-19,12:00 PM
189723,Tree Removal,2022-08-19 12:07 PM,Tree Removal Inspection,TREEMAINTENANCE,"UF - POLOVTSEV, SERA",6990 W T C JESTER BLVD,"3, ZONE",411Z,77088,CLOSED,2022-08-19,12:07 PM
189724,Tree Trim,2022-08-19 12:10 PM,Tree Trim Inspection,TREEMAINTENANCE,"UF - BHATTARAI, NIMESH",7312 OAK HILL DR,"6, ZONE",534V,77087,CLOSED,2022-08-19,12:10 PM
189725,Tree Removal,2022-08-19 12:16 PM,Tree Removal Inspection,TREEMAINTENANCE,"UF - BHATTARAI, NIMESH",5901 COTTONWOOD ST,"6, ZONE",534V,77087,CLOSED,2022-08-19,12:16 PM
189726,Tree Removal,2022-08-19 01:34 PM,Tree Removal Inspection,TREEMAINTENANCE,"UF - BHATTARAI, NIMESH",1022 WAVECREST LN,"5, ZONE",618K,77062,CLOSED,2022-08-19,01:34 PM
189727,Tree Trim,2022-08-19 01:40 PM,Tree Trim Inspection,TREEMAINTENANCE,"UF - JONES, CODY",12131 ALPHA ST,"2, ZONE",529N,77072,CLOSED,2022-08-19,01:40 PM
189728,Tree Removal,2022-08-19 01:50 PM,Tree Removal Inspection,TREEMAINTENANCE,"UF - JONES, CODY",11927 NEWBROOK DR,"2, ZONE",529N,77072,CLOSED,2022-08-19,01:50 PM
189729,Tree Removal,2022-08-19 02:04 PM,Tree Removal Inspection,TREEMAINTENANCE,"UF - JONES, CODY",12314 HONEYWOOD TRL,"2, ZONE",488M,77077,CLOSED,2022-08-19,02:04 PM
189730,Tree Trim,2022-08-19 02:07 PM,Tree Trim Inspection,TREEMAINTENANCE,"UF - JONES, CODY",951 WOODLAND ST,"3, ZONE",493B,77009,CLOSED,2022-08-19,02:07 PM
189731,Tree Trim,2022-08-19 02:07 PM,Tree Trim Inspection,TREEMAINTENANCE,"UF - BHATTARAI, NIMESH",16623 SEA LARK RD,"5, ZONE",618P,77062,CLOSED,2022-08-19,02:07 PM
189732,Tree Trim,2022-08-19 02:22 PM,Tree Trim Inspection,TREEMAINTENANCE,"UF - BHATTARAI, NIMESH",4206 HAIN ST,"4, ZONE",453Y,77009,CLOSED,2022-08-19,02:22 PM
189733,Tree Removal,2022-08-19 02:29 PM,Tree Removal Inspection,TREEMAINTENANCE,"UF - BHATTARAI, NIMESH",3809 HARDY ST,"4, ZONE",453Z,77009,CLOSED,2022-08-19,02:29 PM
189734,Tree Removal,2022-08-19 02:29 PM,Tree Removal Inspection,TREEMAINTENANCE,"UF - BHATTARAI, NIMESH",5118 PLUM DR,"6, ZONE",534R,77087,CLOSED,2022-08-19,02:29 PM
189735,Tree Removal,2022-08-19 02:35 PM,Tree Removal Inspection,TREEMAINTENANCE,"UF - BHATTARAI, NIMESH",8200 PARK PLACE BLVD (HOUSTON BOTANICAL GARDEN),"5, ZONE",535P,77017,CLOSED,2022-08-19,02:35 PM
189736,Tree Trim,2022-08-19 02:37 PM,Tree Trim Inspection,TREEMAINTENANCE,"UF - JONES, CODY",3919 YALE ST,"3, ZONE",452R,77018,CLOSED,2022-08-19,02:37 PM
189737,Tree Trim,2022-08-19 02:41 PM,Tree Trim Inspection,TREEMAINTENANCE,"UF - BHATTARAI, NIMESH",7000 PRENTISS DR,"6, ZONE",575A,77061,CLOSED,2022-08-19,02:41 PM
189738,Tree Removal,2022-08-19 03:01 PM,Tree Removal Inspection,TREEMAINTENANCE,"UF - JONES, CODY",3800 DARLINGHURST DR,"7, ZONE",572N,77045,CLOSED,2022-08-19,03:01 PM
189739,Tree Removal,2022-08-19 03:01 PM,Tree Removal Inspection,TREEMAINTENANCE,"UF - BHATTARAI, NIMESH",6746 CROSSWELL ST,"6, ZONE",574C,77087,CLOSED,2022-08-19,03:01 PM
189740,Tree Trim,2022-08-19 04:32 PM,Tree Trim Inspection,TREEMAINTENANCE,"UF - BHATTARAI, NIMESH",24211 HARD WOOD DR,"4, ZONE",338M,77336,CLOSED,2022-08-19,04:32 PM
189741,Tree Trim,2022-08-19 04:53 PM,Tree Trim Inspection,TREEMAINTENANCE,"UF - JONES, CODY",7024 W 43RD ST,"3, ZONE",451E,77092,CLOSED,2022-08-19,04:53 PM
189742,Tree Trim,2022-08-19 05:56 PM,Tree Trim Inspection,TREEMAINTENANCE,"UF - JONES, CODY",5822 FELICIA,"3, ZONE",452A,77091,CLOSED,2022-08-19,05:56 PM
189743,Tree Trim,2022-08-20 09:54 AM,Tree Trim Inspection,TREEMAINTENANCE,"UF - BHATTARAI, NIMESH",902 HUTCHINS ST,"5, ZONE",493R,77003,CLOSED,2022-08-20,09:54 AM
189744,Tree Trim,2022-08-20 11:00 AM,Tree Trim Inspection,TREEMAINTENANCE,"UF - JONES, CODY",3014 FERNDALE ST,"2, ZONE",492U,77098,CLOSED,2022-08-20,11:00 AM
189745,Tree Removal,2022-08-20 11:27 AM,Tree Removal Inspection,TREEMAINTENANCE,"UF - BHATTARAI, NIMESH",4102 TROUT ST,"4, ZONE",454B,77093,CLOSED,2022-08-20,11:27 AM
189746,Tree Removal,2022-08-20 11:29 AM,Tree Removal Inspection,TREEMAINTENANCE,"UF - BHATTARAI, NIMESH",7439 BRIEFWAY ST,"6, ZONE",535N,77087,CLOSED,2022-08-20,11:29 AM
189747,Tree Trim,2022-08-20 12:33 PM,Tree Trim Inspection,TREEMAINTENANCE,"UF - JONES, CODY",3701 ALLEN PKWY,"2, ZONE",492M,77019,CLOSED,2022-08-20,12:33 PM
189748,Tree Removal,2022-08-20 12:45 PM,Tree Removal Inspection,TREEMAINTENANCE,"UF - JONES, CODY",13855 S POST OAK RD,"7, ZONE",571Q,77045,CLOSED,2022-08-20,12:45 PM
189749,Tree Removal,2022-08-20 03:01 PM,Tree Removal Inspection,TREEMAINTENANCE,"UF - BHATTARAI, NIMESH",1815 PLEASANTVILLE DR,"5, ZONE",495P,77029,CLOSED,2022-08-20,03:01 PM
189750,Tree Removal,2022-08-20 04:48 PM,Tree Removal Inspection,TREEMAINTENANCE,"UF - JONES, CODY",1802 WAKEFIELD DR,"3, ZONE",452J,77018,CLOSED,2022-08-20,04:48 PM
189751,Tree Removal,2022-08-20 06:48 PM,Tree Removal Inspection,TREEMAINTENANCE,"UF - BHATTARAI, NIMESH",619 FRISCO ST,"4, ZONE",453Q,77022,CLOSED,2022-08-20,06:48 PM
189752,Tree Removal,2022-08-20 08:51 PM,Tree Removal Inspection,TREEMAINTENANCE,"UF - JONES, CODY",1820 LITTLE YORK RD,"4, ZONE",413V,77093,CLOSED,2022-08-20,08:51 PM
189753,Tree Removal,2022-08-21 11:56 AM,Tree Removal Inspection,TREEMAINTENANCE,"UF - JONES, CODY",617 CAROLINE ST,"1, ZONE",493R,77002,CLOSED,2022-08-21,11:56 AM
189754,Tree Trim,2022-08-21 02:03 PM,Tree Trim Inspection,TREEMAINTENANCE,"UF - BHATTARAI, NIMESH",9505 MERLE ST,"6, ZONE",574A,77033,CLOSED,2022-08-21,02:03 PM
189755,Tree Trim,2022-08-21 02:36 PM,Tree Trim Inspection,TREEMAINTENANCE,"UF - BHATTARAI, NIMESH",6743 CRESTMONT ST,"6, ZONE",534T,77033,CLOSED,2022-08-21,02:36 PM
189756,Tree Removal,2022-08-21 02:39 PM,Tree Removal Inspection,TREEMAINTENANCE,"UF - BHATTARAI, NIMESH",500 EL DORADO BLVD,"5, ZONE",618N,77598,CLOSED,2022-08-21,02:39 PM
189757,Tree Removal,2022-08-21 02:45 PM,Tree Removal Inspection,TREEMAINTENANCE,"UF - BHATTARAI, NIMESH",3503 KINGS MOUNTAIN DR,"4, ZONE",297P,77345,CLOSED,2022-08-21,02:45 PM
189758,Tree Removal,2022-08-21 02:51 PM,Tree Removal Inspection,TREEMAINTENANCE,"UF - BHATTARAI, NIMESH",2009 COMMON ST,"4, ZONE",493H,77009,CLOSED,2022-08-21,02:51 PM
189759,Tree Trim,2022-08-21 05:13 PM,Tree Trim Inspection,TREEMAINTENANCE,"UF - BHATTARAI, NIMESH",702 CHARLES RD,"4, ZONE",413Y,77076,CLOSED,2022-08-21,05:13 PM
189760,Tree Trim,2022-08-21 05:46 PM,Tree Trim Inspection,TREEMAINTENANCE,"UF - JONES, CODY",3702 MULBERRY ST,"2, ZONE",492V,77006,CLOSED,2022-08-21,05:46 PM
189761,Tree Removal,2022-08-22 12:43 AM,Tree Removal Inspection,TREEMAINTENANCE,"UF - BHATTARAI, NIMESH",300 CANADIAN ST,"4, ZONE",453U,77009,CLOSED,2022-08-22,12:43 AM
189762,Tree Trim,2022-08-22 01:58 AM,Tree Trim Inspection,TREEMAINTENANCE,"UF - JONES, CODY",10454 TIGER TRL,"3, ZONE",449V,77043,CLOSED,2022-08-22,01:58 AM
189763,Tree Trim,2022-08-22 08:28 AM,Tree Trim Inspection,TREEMAINTENANCE,"UF - BHATTARAI, NIMESH",9507 BURDEN ST,"4, ZONE",453D,77093,CLOSED,2022-08-22,08:28 AM
189764,Tree Trim,2022-08-22 08:37 AM,Tree Trim Inspection,TREEMAINTENANCE,"UF - JONES, CODY",1650 CORTLANDT ST,"3, ZONE",453S,77008,CLOSED,2022-08-22,08:37 AM
189765,Tree Removal,2022-08-22 08:40 AM,Tree Removal Inspection,TREEMAINTENANCE,"UF - JONES, CODY",15200 MEMORIAL DR (TERRY HERSHEY PARK),"2, ZONE",488C,77079,CLOSED,2022-08-22,08:40 AM
189766,Tree Trim,2022-08-22 08:46 AM,Tree Trim Inspection,TREEMAINTENANCE,"UF - BHATTARAI, NIMESH",10900 BEAMER RD,"6, ZONE",576T,77089,CLOSED,2022-08-22,08:46 AM
189767,Tree Trim,2022-08-22 08:58 AM,Tree Trim Inspection,TREEMAINTENANCE,"UF - JONES, CODY",4920 CHENEVERT ST,"7, ZONE",493X,77004,CLOSED,2022-08-22,08:58 AM
189771,Tree Trim,2022-08-22 09:28 AM,Tree Trim Inspection,TREEMAINTENANCE,"UF - BHATTARAI, NIMESH",1713 DAN ST,"4, ZONE",494F,77020,CLOSED,2022-08-22,09:28 AM
189773,Tree Removal,2022-08-22 09:41 AM,Tree Removal Inspection,TREEMAINTENANCE,"UF - BHATTARAI, NIMESH",9246 LAURA KOPPE RD,"4, ZONE",455H,77078,CLOSED,2022-08-22,09:41 AM
189774,Tree Trim,2022-08-22 09:51 AM,Tree Trim Inspection,TREEMAINTENANCE,"UF - BHATTARAI, NIMESH",307 CANADIAN ST,"4, ZONE",453U,77009,CLOSED,2022-08-22,09:51 AM
189775,Tree Removal,2022-08-22 10:02 AM,Tree Removal Inspection,TREEMAINTENANCE,"UF - JONES, CODY",12127 ASHLEY CIRCLE DR E,"7, ZONE",570G,77071,CLOSED,2022-08-22,10:02 AM
189779,Tree Removal,2022-08-22 10:20 AM,Tree Removal Inspection,TREEMAINTENANCE,"UF - JONES, CODY",2513 MANSFIELD ST,"3, ZONE",452A,77091,CLOSED,2022-08-22,10:20 AM
189781,Tree Trim,2022-08-22 10:34 AM,Tree Trim Inspection,TREEMAINTENANCE,"UF - JONES, CODY",12302 BOHEME DR,"2, ZONE",490E,77024,CLOSED,2022-08-22,10:34 AM
189782,Tree Removal,2022-08-22 11:20 AM,Tree Removal Inspection,TREEMAINTENANCE,"UF - JONES, CODY",401 S HEIGHTS BLVD (SPOTTS PARK),"2, ZONE",493J,77007,CLOSED,2022-08-22,11:20 AM
189783,Tree Stump Grinding,2022-08-22 11:34 AM,Tree Stump Inspection,TREEMAINTENANCE,"UF - JONES, CODY",5930 IMOGENE ST,"7, ZONE",530R,77074,CLOSED,2022-08-22,11:34 AM
189788,Tree Removal,2022-08-22 12:08 PM,Tree Removal Inspection,TREEMAINTENANCE,"UF - JONES, CODY",830 FAIR ST,"3, ZONE",412U,77088,CLOSED,2022-08-22,12:08 PM
189789,Tree Removal,2022-08-22 12:32 PM,Tree Removal Inspection,TREEMAINTENANCE,"UF - JONES, CODY",8006 MEADOWCROFT DR,"2, ZONE",490Z,77063,CLOSED,2022-08-22,12:32 PM
189790,Tree Removal,2022-08-22 12:35 PM,Tree Removal Inspection,TREEMAINTENANCE,"UF - JONES, CODY",6710 COTTON DR,"3, ZONE",451E,77092,CLOSED,2022-08-22,12:35 PM
189791,Tree Removal,2022-08-22 12:41 PM,Tree Removal Inspection,TREEMAINTENANCE,"UF - JONES, CODY",815 WENDEL ST,"3, ZONE",493B,77009,CLOSED,2022-08-22,12:41 PM
189792,Tree Removal,2022-08-22 12:50 PM,Tree Removal Inspection,TREEMAINTENANCE,"UF - JONES, CODY",9344 BRIAR FOREST DR,"2, ZONE",490P,77063,CLOSED,2022-08-22,12:50 PM
189793,Tree Trim,2022-08-22 01:33 PM,Tree Trim Inspection,TREEMAINTENANCE,"UF - JONES, CODY",1940 VERMONT ST,"2, ZONE",492R,77019,CLOSED,2022-08-22,01:33 PM
189794,Tree Trim,2022-08-22 02:08 PM,Tree Trim Inspection,TREEMAINTENANCE,"UF - JONES, CODY",4631 OAKSIDE DR,"7, ZONE",571V,77053,CLOSED,2022-08-22,02:08 PM
189795,Tree Removal,2022-08-22 02:20 PM,Tree Removal Inspection,TREEMAINTENANCE,"UF - JONES, CODY",4911 IMOGENE ST,"7, ZONE",531Q,77096,CLOSED,2022-08-22,02:20 PM
189796,Tree Stump Grinding,2022-08-22 02:47 PM,Tree Stump Inspection,TREEMAINTENANCE,"UF - BHATTARAI, NIMESH",5118 PLUM DR,"6, ZONE",534R,77087,CLOSED,2022-08-22,02:47 PM
189797,Tree Removal,2022-08-22 03:37 PM,Tree Removal Inspection,TREEMAINTENANCE,"UF - JONES, CODY",1602 GILLETTE ST,"2, ZONE",493P,77019,CLOSED,2022-08-22,03:37 PM
189798,Tree Removal,2022-08-22 04:15 PM,Tree Removal Inspection,TREEMAINTENANCE,"UF - JONES, CODY",1114 BONNIEFIELD LN,"2, ZONE",488K,77077,CLOSED,2022-08-22,04:15 PM
189799,Tree Trim,2022-08-22 04:57 PM,Tree Trim Inspection,TREEMAINTENANCE,"UF - JONES, CODY",3838 OVERBROOK LN,"2, ZONE",492S,77027,CLOSED,2022-08-22,04:57 PM
189800,Tree Trim,2022-08-22 05:01 PM,Tree Trim Inspection,TREEMAINTENANCE,"UF - JONES, CODY",3802 OVERBROOK LN,"2, ZONE",492S,77027,CLOSED,2022-08-22,05:01 PM
189801,Tree Trim,2022-08-22 05:03 PM,Tree Trim Inspection,TREEMAINTENANCE,"UF - JONES, CODY",3365 DEL MONTE DR,"2, ZONE",492P,77019,CLOSED,2022-08-22,05:03 PM
189802,Tree Trim,2022-08-22 05:04 PM,Tree Trim Inspection,TREEMAINTENANCE,"UF - JONES, CODY",1929 OLYMPIA DR,"2, ZONE",492P,77019,CLOSED,2022-08-22,05:04 PM
189803,Tree Trim,2022-08-22 05:06 PM,Tree Trim Inspection,TREEMAINTENANCE,"UF - JONES, CODY",3195 DEL MONTE DR,"2, ZONE",492Q,77019,CLOSED,2022-08-22,05:06 PM
189804,Tree Trim,2022-08-22 05:07 PM,Tree Trim Inspection,TREEMAINTENANCE,"UF - JONES, CODY",3311 DEL MONTE DR,"2, ZONE",492P,77019,CLOSED,2022-08-22,05:07 PM
189805,Tree Trim,2022-08-22 05:10 PM,Tree Trim Inspection,TREEMAINTENANCE,"UF - JONES, CODY",2247 DEL MONTE DR,"2, ZONE",492Q,77019,CLOSED,2022-08-22,05:10 PM
189806,Tree Trim,2022-08-22 05:11 PM,Tree Trim Inspection,TREEMAINTENANCE,"UF - JONES, CODY",2933 DEL MONTE DR,"2, ZONE",492Q,77019,CLOSED,2022-08-22,05:11 PM
189807,Tree Trim,2022-08-22 05:11 PM,Tree Trim Inspection,TREEMAINTENANCE,"UF - JONES, CODY",3015 DEL MONTE DR,"2, ZONE",492Q,77019,CLOSED,2022-08-22,05:11 PM
189808,Tree Trim,2022-08-22 05:16 PM,Tree Trim Inspection,TREEMAINTENANCE,"UF - JONES, CODY",3210 ELLA LEE LN,"2, ZONE",492T,77019,CLOSED,2022-08-22,05:16 PM
189809,Tree Trim,2022-08-22 05:16 PM,Tree Trim Inspection,TREEMAINTENANCE,"UF - JONES, CODY",2125 BELLMEADE ST,"2, ZONE",492U,77019,CLOSED,2022-08-22,05:16 PM
189810,Tree Trim,2022-08-22 05:16 PM,Tree Trim Inspection,TREEMAINTENANCE,"UF - JONES, CODY",2515 PELHAM DR,"2, ZONE",492Q,77019,CLOSED,2022-08-22,05:16 PM
189811,Tree Trim,2022-08-22 05:16 PM,Tree Trim Inspection,TREEMAINTENANCE,"UF - JONES, CODY",2105 PELHAM DR,"2, ZONE",492Q,77019,CLOSED,2022-08-22,05:16 PM
189812,Tree Trim,2022-08-22 05:17 PM,Tree Trim Inspection,TREEMAINTENANCE,"UF - JONES, CODY",2129 DEL MONTE DR,"2, ZONE",492Q,77019,CLOSED,2022-08-22,05:17 PM
189813,Tree Trim,2022-08-22 05:17 PM,Tree Trim Inspection,TREEMAINTENANCE,"UF - JONES, CODY",2153 DEL MONTE DR,"2, ZONE",492Q,77019,CLOSED,2022-08-22,05:17 PM
189814,Tree Trim,2022-08-22 05:18 PM,Tree Trim Inspection,TREEMAINTENANCE,"UF - JONES, CODY",3641 ELLA LEE LN,"2, ZONE",492T,77027,CLOSED,2022-08-22,05:18 PM
189815,Tree Trim,2022-08-22 05:19 PM,Tree Trim Inspection,TREEMAINTENANCE,"UF - JONES, CODY",3635 ELLA LEE LN,"2, ZONE",492T,77027,CLOSED,2022-08-22,05:19 PM
189816,Tree Trim,2022-08-22 05:19 PM,Tree Trim Inspection,TREEMAINTENANCE,"UF - JONES, CODY",3218 ELLA LEE LN,"2, ZONE",492T,77019,CLOSED,2022-08-22,05:19 PM
189817,Tree Trim,2022-08-22 05:21 PM,Tree Trim Inspection,TREEMAINTENANCE,"UF - JONES, CODY",3809 PIPING ROCK LN,"2, ZONE",492S,77027,CLOSED,2022-08-22,05:21 PM
189818,Tree Removal,2022-08-22 05:22 PM,Tree Removal Inspection,TREEMAINTENANCE,"UF - BHATTARAI, NIMESH",2420 SAGE RD,"2, ZONE",491U,77056,CLOSED,2022-08-22,05:22 PM
189819,Tree Trim,2022-08-22 05:23 PM,Tree Trim Inspection,TREEMAINTENANCE,"UF - JONES, CODY",3715 PIPING ROCK LN,"2, ZONE",492S,77027,CLOSED,2022-08-22,05:23 PM
189820,Tree Trim,2022-08-22 05:25 PM,Tree Trim Inspection,TREEMAINTENANCE,"UF - JONES, CODY",3754 WESTHEIMER RD,"2, ZONE",492S,77027,CLOSED,2022-08-22,05:25 PM
189821,Tree Trim,2022-08-22 05:25 PM,Tree Trim Inspection,TREEMAINTENANCE,"UF - JONES, CODY",3829 PIPING ROCK LN,"2, ZONE",492S,77027,CLOSED,2022-08-22,05:25 PM
189822,Tree Trim,2022-08-22 05:25 PM,Tree Trim Inspection,TREEMAINTENANCE,"UF - JONES, CODY",3825 PIPING ROCK LN,"2, ZONE",492S,77027,CLOSED,2022-08-22,05:25 PM
189823,Tree Trim,2022-08-22 07:19 PM,Tree Trim Inspection,TREEMAINTENANCE,"UF - BHATTARAI, NIMESH",ERNESTINE ST & PEASE ST,"5, ZONE",494X,77023,CLOSED,2022-08-22,07:19 PM
189824,Tree Trim,2022-08-22 11:18 PM,Tree Trim Inspection,TREEMAINTENANCE,"UF - BHATTARAI, NIMESH",JUTLAND RD & VAN FLEET ST,"6, ZONE",534S,77033,CLOSED,2022-08-22,11:18 PM
189825,Tree Trim,2022-08-23 06:48 AM,Tree Trim Inspection,TREEMAINTENANCE,"UF - JONES, CODY",3365 DEL MONTE DR,"2, ZONE",492P,77019,CLOSED,2022-08-23,06:48 AM
189827,Tree Removal,2022-08-23 07:42 AM,Tree Removal Inspection,TREEMAINTENANCE,"UF - JONES, CODY",1414 HAROLD ST,"2, ZONE",493S,77006,CLOSED,2022-08-23,07:42 AM
189828,Tree Stump Grinding,2022-08-23 07:44 AM,Tree Stump Inspection,TREEMAINTENANCE,"UF - BHATTARAI, NIMESH",6602 FINCH ST,"4, ZONE",454M,77028,CLOSED,2022-08-23,07:44 AM
189830,Tree Removal,2022-08-23 08:01 AM,Tree Removal Inspection,TREEMAINTENANCE,"UF - BHATTARAI, NIMESH",200 HAGERMAN ST,"5, ZONE",494T,77011,CLOSED,2022-08-23,08:01 AM
189831,Tree Removal,2022-08-23 08:04 AM,Tree Removal Inspection,TREEMAINTENANCE,"UF - POLOVTSEV, SERA",5619 STILLBROOKE DR,"7, ZONE",531W,77096,CLOSED,2022-08-23,08:04 AM
189832,Tree Removal,2022-08-23 08:07 AM,Tree Removal Inspection,TREEMAINTENANCE,"UF - BHATTARAI, NIMESH",5118 PLUM DR,"6, ZONE",534R,77087,CLOSED,2022-08-23,08:07 AM
189833,Tree Trim,2022-08-23 08:18 AM,Tree Trim Inspection,TREEMAINTENANCE,"UF - JONES, CODY",624 ARLINGTON ST,"3, ZONE",493A,77007,CLOSED,2022-08-23,08:18 AM
189834,Tree Removal,2022-08-23 08:24 AM,Tree Removal Inspection,TREEMAINTENANCE,"UF - BHATTARAI, NIMESH",3802 PARKER RD,"4, ZONE",414X,77093,CLOSED,2022-08-23,08:24 AM
189835,Tree Trim,2022-08-23 08:33 AM,Tree Trim Inspection,TREEMAINTENANCE,"UF - BHATTARAI, NIMESH",11825 MCGALLION RD,"4, ZONE",413U,77076,CLOSED,2022-08-23,08:33 AM
189838,Tree Removal,2022-08-23 09:55 AM,Tree Removal Inspection,TREEMAINTENANCE,"UF - BHATTARAI, NIMESH",11 ALTIC ST,"5, ZONE",494U,77011,CLOSED,2022-08-23,09:55 AM
189839,Tree Trim,2022-08-23 10:00 AM,Tree Trim Inspection,TREEMAINTENANCE,"UF - JONES, CODY",712 W 8TH ST,"3, ZONE",492D,77007,CLOSED,2022-08-23,10:00 AM
189840,Tree Removal,2022-08-23 10:01 AM,Tree Removal Inspection,TREEMAINTENANCE,"UF - JONES, CODY",1401 ZORA ST,"3, ZONE",451Y,77055,CLOSED,2022-08-23,10:01 AM
189841,Tree Removal,2022-08-23 10:46 AM,Tree Removal Inspection,TREEMAINTENANCE,"UF - BHATTARAI, NIMESH",7104 LINDEN ST,"5, ZONE",535E,77087,CLOSED,2022-08-23,10:46 AM
189842,Tree Removal,2022-08-23 11:38 AM,Tree Removal Inspection,TREEMAINTENANCE,"UF - JONES, CODY",200 JACKSON HILL ST (CLEVELAND PARK),"2, ZONE",492M,77007,CLOSED,2022-08-23,11:38 AM
189843,Tree Trim,2022-08-23 11:49 AM,Tree Trim Inspection,TREEMAINTENANCE,"UF - BHATTARAI, NIMESH",5 CLIFTON ST,"5, ZONE",494U,77011,CLOSED,2022-08-23,11:49 AM
189844,Tree Removal,2022-08-23 11:52 AM,Tree Removal Inspection,TREEMAINTENANCE,"UF - JONES, CODY",1200 W TC JESTER BLVD (WHITE OAK BAYOU GREENWAY TRAIL),"3, ZONE",452Y,77008,CLOSED,2022-08-23,11:52 AM
189852,Tree Trim,2022-08-23 12:56 PM,Tree Trim Inspection,TREEMAINTENANCE,"UF - BHATTARAI, NIMESH",7301 WALKER ST,"5, ZONE",494Z,77011,CLOSED,2022-08-23,12:56 PM
189859,Tree Removal,2022-08-23 01:05 PM,Tree Removal Inspection,TREEMAINTENANCE,"UF - BHATTARAI, NIMESH",9249 CHATWOOD DR,"4, ZONE",455H,77078,CLOSED,2022-08-23,01:05 PM
189867,Tree Trim,2022-08-23 01:23 PM,Tree Trim Inspection,TREEMAINTENANCE,"UF - BURKES, JEREMY",3609 LIVE OAK ST,"6, ZONE",493Y,77004,CLOSED,2022-08-23,01:23 PM
189868,Tree Trim,2022-08-23 01:23 PM,Tree Trim Inspection,TREEMAINTENANCE,"UF - BHATTARAI, NIMESH",2805 WINBERN ST,"6, ZONE",493Y,77004,CLOSED,2022-08-23,01:23 PM
189870,Tree Removal,2022-08-23 01:36 PM,Tree Removal Inspection,TREEMAINTENANCE,"UF - BHATTARAI, NIMESH",1115 CAPLIN ST,"4, ZONE",453R,77022,CLOSED,2022-08-23,01:36 PM
189873,Tree Removal,2022-08-23 02:16 PM,Tree Removal Inspection,TREEMAINTENANCE,"UF - BURKES, JEREMY",5415 REGAL LANDING DR,"4, ZONE",338B,77345,CLOSED,2022-08-23,02:16 PM
189874,Tree Stump Grinding,2022-08-23 02:30 PM,Tree Stump Inspection,TREEMAINTENANCE,"UF - BHATTARAI, NIMESH",5323 FAIRDALE LN,"2, ZONE",491Y,77056,CLOSED,2022-08-23,02:30 PM
189875,Tree Removal,2022-08-23 02:59 PM,Tree Removal Inspection,TREEMAINTENANCE,"UF - BHATTARAI, NIMESH",7359 ARNIM ST,"6, ZONE",535J,77087,CLOSED,2022-08-23,02:59 PM
189876,Tree Trim,2022-08-23 03:00 PM,Tree Trim Inspection,TREEMAINTENANCE,"UF - JONES, CODY",9702 MICKLER ST,"7, ZONE",532S,77025,CLOSED,2022-08-23,03:00 PM
189877,Tree Removal,2022-08-23 03:21 PM,Tree Removal Inspection,TREEMAINTENANCE,"UF - JONES, CODY",1426 E 31ST ST,"3, ZONE",453P,77022,CLOSED,2022-08-23,03:21 PM
189878,Tree Removal,2022-08-23 04:12 PM,Tree Removal Inspection,TREEMAINTENANCE,"UF - JONES, CODY",5906 YARWELL DR,"7, ZONE",531S,77096,CLOSED,2022-08-23,04:12 PM
189879,Tree Trim,2022-08-23 05:54 PM,Tree Trim Inspection,TREEMAINTENANCE,"UF - JONES, CODY",1227 WELCH ST,"2, ZONE",493N,77006,CLOSED,2022-08-23,05:54 PM
189880,Tree Removal,2022-08-23 07:58 PM,Tree Removal Inspection,TREEMAINTENANCE,"UF - JONES, CODY",6200 GROVEWOOD LN,"3, ZONE",452X,77008,CLOSED,2022-08-23,07:58 PM
189881,Tree Removal,2022-08-23 09:56 PM,Tree Removal Inspection,TREEMAINTENANCE,"UF - BHATTARAI, NIMESH",255 ECHO LN,"4, ZONE",298Z,77336,CLOSED,2022-08-23,09:56 PM
189882,Tree Trim,2022-08-23 10:53 PM,Tree Trim Inspection,TREEMAINTENANCE,"UF - JONES, CODY",5919 BANKSIDE DR,"7, ZONE",531W,77096,CLOSED,2022-08-23,10:53 PM
189883,Tree Removal,2022-08-24 04:01 AM,Tree Removal Inspection,TREEMAINTENANCE,"UF - JONES, CODY",10015 BRIAR FOREST DR,"2, ZONE",489R,77042,CLOSED,2022-08-24,04:01 AM
189884,Tree Trim,2022-08-24 05:34 AM,Tree Trim Inspection,TREEMAINTENANCE,"UF - BHATTARAI, NIMESH",911 GEMINI ST,"5, ZONE",618U,77058,CLOSED,2022-08-24,05:34 AM
189885,Tree Removal,2022-08-24 06:50 AM,Tree Removal Inspection,TREEMAINTENANCE,"UF - BHATTARAI, NIMESH",6000 FANNIN ST (JAPANESE GARDEN),"7, ZONE",532H,77030,CLOSED,2022-08-24,06:50 AM
189887,Tree Removal,2022-08-24 08:40 AM,Tree Removal Inspection,TREEMAINTENANCE,"UF - JONES, CODY",1404 WITTE RD (HADEN PARK),"3, ZONE",450W,77080,CLOSED,2022-08-24,08:40 AM
189888,Tree Removal,2022-08-24 08:40 AM,Tree Removal Inspection,TREEMAINTENANCE,"UF - JONES, CODY",2800 W LITTLE YORK RD (SYLVESTER TURNER PARK),"3, ZONE",411Z,77088,CLOSED,2022-08-24,08:40 AM
189889,Tree Removal,2022-08-24 08:45 AM,Tree Removal Inspection,TREEMAINTENANCE,"UF - JONES, CODY",5030 YARWELL DR,"7, ZONE",531U,77096,CLOSED,2022-08-24,08:45 AM
189890,Tree Trim,2022-08-24 08:46 AM,Tree Trim Inspection,TREEMAINTENANCE,"UF - JONES, CODY",309 CANADIAN ST,"4, ZONE",453U,77009,CLOSED,2022-08-24,08:46 AM
189891,Tree Removal,2022-08-24 08:51 AM,Tree Removal Inspection,TREEMAINTENANCE,"UF - JONES, CODY",12825 S POST OAK RD,"7, ZONE",571G,77045,CLOSED,2022-08-24,08:51 AM
189892,Tree Trim,2022-08-24 09:06 AM,Tree Trim Inspection,TREEMAINTENANCE,"UF - JONES, CODY",1138 PATTERSON ST,"2, ZONE",492H,77007,CLOSED,2022-08-24,09:06 AM
189893,Tree Removal,2022-08-24 09:21 AM,Tree Removal Inspection,TREEMAINTENANCE,"UF - JONES, CODY",7300 BELLFORT ST,"6, ZONE",534V,77087,CLOSED,2022-08-24,09:21 AM
189894,Tree Trim,2022-08-24 09:22 AM,Tree Trim Inspection,TREEMAINTENANCE,"UF - JONES, CODY",1239 BLALOCK RD,"3, ZONE",450Y,77055,CLOSED,2022-08-24,09:22 AM
189895,Tree Removal,2022-08-24 09:36 AM,Tree Removal Inspection,TREEMAINTENANCE,"UF - JONES, CODY",1602 CASTLE CT,"2, ZONE",492Z,77006,CLOSED,2022-08-24,09:36 AM
189896,Tree Removal,2022-08-24 10:10 AM,Tree Removal Inspection,TREEMAINTENANCE,"UF - JONES, CODY",5118 PLUM DR,"6, ZONE",534R,77087,CLOSED,2022-08-24,10:10 AM
189897,Tree Removal,2022-08-24 10:15 AM,Tree Removal Inspection,TREEMAINTENANCE,"UF - JONES, CODY",200 JACKSON HILL ST (CLEVELAND PARK),"2, ZONE",492M,77007,CLOSED,2022-08-24,10:15 AM
189898,Tree Trim,2022-08-24 10:25 AM,Tree Trim Inspection,TREEMAINTENANCE,"UF - BHATTARAI, NIMESH",5931 COLLINGSWORTH ST (CATHERINE DELCE PARK),"4, ZONE",454Y,77026,CLOSED,2022-08-24,10:25 AM
189899,Tree Removal,2022-08-24 10:28 AM,Tree Removal Inspection,TREEMAINTENANCE,"UF - BHATTARAI, NIMESH",12675 S POST OAK RD,"7, ZONE",571G,77045,CLOSED,2022-08-24,10:28 AM
189900,Tree Removal,2022-08-24 10:34 AM,Tree Removal Inspection,TREEMAINTENANCE,"UF - BHATTARAI, NIMESH",8001 AVENUE E,"5, ZONE",495X,77012,CLOSED,2022-08-24,10:34 AM
189901,Tree Removal,2022-08-24 10:43 AM,Tree Removal Inspection,TREEMAINTENANCE,"UF - BHATTARAI, NIMESH",9311 STERLINGSHIRE ST,"4, ZONE",455D,77078,CLOSED,2022-08-24,10:43 AM
189903,Tree Trim,2022-08-24 10:55 AM,Tree Trim Inspection,TREEMAINTENANCE,"UF - JONES, CODY",8534 CEDEL DR,"3, ZONE",450R,77055,CLOSED,2022-08-24,10:55 AM
189904,Tree Trim,2022-08-24 11:01 AM,Tree Trim Inspection,TREEMAINTENANCE,"UF - BHATTARAI, NIMESH",7432 TREMPER ST,"5, ZONE",495E,77020,CLOSED,2022-08-24,11:01 AM
189905,Tree Trim,2022-08-24 11:07 AM,Tree Trim Inspection,TREEMAINTENANCE,"UF - JONES, CODY",4926 OLD BRICKHOUSE DR,"3, ZONE",450E,77041,CLOSED,2022-08-24,11:07 AM
189906,Tree Trim,2022-08-24 11:22 AM,Tree Trim Inspection,TREEMAINTENANCE,"UF - BHATTARAI, NIMESH",10502 TOLMAN ST,"5, ZONE",576F,77034,CLOSED,2022-08-24,11:22 AM
189907,Tree Trim,2022-08-24 11:44 AM,Tree Trim Inspection,TREEMAINTENANCE,"UF - JONES, CODY",5241 GASMER DR,"7, ZONE",571C,77035,CLOSED,2022-08-24,11:44 AM
189908,Tree Trim,2022-08-24 11:56 AM,Tree Trim Inspection,TREEMAINTENANCE,"UF - BHATTARAI, NIMESH",12031 RHINEBECK DR,"6, ZONE",616D,77089,CLOSED,2022-08-24,11:56 AM
189909,Tree Trim,2022-08-24 12:31 PM,Tree Trim Inspection,TREEMAINTENANCE,"UF - JONES, CODY",5118 PLUM DR,"6, ZONE",534R,77087,CLOSED,2022-08-24,12:31 PM
189910,Tree Trim,2022-08-24 12:53 PM,Tree Trim Inspection,TREEMAINTENANCE,"UF - BHATTARAI, NIMESH",4500 HIRSCH RD,"4, ZONE",454X,77026,CLOSED,2022-08-24,12:53 PM
189911,Tree Removal,2022-08-24 12:59 PM,Tree Removal Inspection,TREEMAINTENANCE,"UF - JONES, CODY",200 JACKSON HILL ST (CLEVELAND PARK),"2, ZONE",492M,77007,CLOSED,2022-08-24,12:59 PM
189913,Tree Removal,2022-08-24 01:47 PM,Tree Removal Inspection,TREEMAINTENANCE,"UF - JONES, CODY",5915 GOLDEN FOREST DR (FOREST WEST PARK),"3, ZONE",451F,77092,CLOSED,2022-08-24,01:47 PM
189914,Tree Removal,2022-08-24 01:53 PM,Tree Removal Inspection,TREEMAINTENANCE,"UF - BHATTARAI, NIMESH",7941 SAYERS ST,"4, ZONE",454K,77093,CLOSED,2022-08-24,01:53 PM
189915,Tree Trim,2022-08-24 02:11 PM,Tree Trim Inspection,TREEMAINTENANCE,"UF - JONES, CODY",1718 WILDE ROCK WAY,"3, ZONE",452P,77018,CLOSED,2022-08-24,02:11 PM
189916,Tree Removal,2022-08-24 02:14 PM,Tree Removal Inspection,TREEMAINTENANCE,"UF - BHATTARAI, NIMESH",100 ECHO LN,"4, ZONE",298Z,77336,CLOSED,2022-08-24,02:14 PM
189917,Tree Removal,2022-08-24 02:15 PM,Tree Removal Inspection,TREEMAINTENANCE,"UF - JONES, CODY",5855 QUEENSLOCH DR,"7, ZONE",531S,77096,CLOSED,2022-08-24,02:15 PM
189918,Tree Removal,2022-08-24 02:18 PM,Tree Removal Inspection,TREEMAINTENANCE,"UF - BHATTARAI, NIMESH",4800 TIDWELL RD,"4, ZONE",454C,77016,CLOSED,2022-08-24,02:18 PM
189919,Tree Removal,2022-08-24 02:18 PM,Tree Removal Inspection,TREEMAINTENANCE,"UF - BHATTARAI, NIMESH",4600 TIDWELL RD,"4, ZONE",454C,77016,CLOSED,2022-08-24,02:18 PM
189920,Tree Removal,2022-08-24 02:23 PM,Tree Removal Inspection,TREEMAINTENANCE,"UF - JONES, CODY",739 HEIGHTS BLVD,"3, ZONE",493A,77007,CLOSED,2022-08-24,02:23 PM
189921,Tree Removal,2022-08-24 02:52 PM,Tree Removal Inspection,TREEMAINTENANCE,"UF - BHATTARAI, NIMESH",6727 CROSSWELL ST,"6, ZONE",534Y,77087,CLOSED,2022-08-24,02:52 PM
189922,Tree Removal,2022-08-24 02:57 PM,Tree Removal Inspection,TREEMAINTENANCE,"UF - JONES, CODY",6319 NORTHDALE ST,"6, ZONE",534U,77087,CLOSED,2022-08-24,02:57 PM
189923,Tree Removal,2022-08-24 02:59 PM,Tree Removal Inspection,TREEMAINTENANCE,"UF - BHATTARAI, NIMESH",9314 CHATWOOD DR,"4, ZONE",455H,77078,CLOSED,2022-08-24,02:59 PM
189924,Tree Trim,2022-08-24 03:00 PM,Tree Trim Inspection,TREEMAINTENANCE,"UF - JONES, CODY",7424 ERATH ST,"5, ZONE",535A,77023,CLOSED,2022-08-24,03:00 PM
189925,Tree Trim,2022-08-24 03:12 PM,Tree Trim Inspection,TREEMAINTENANCE,"UF - JONES, CODY",5703 GRAPE ST,"7, ZONE",531N,77096,CLOSED,2022-08-24,03:12 PM
189926,Tree Trim,2022-08-24 03:17 PM,Tree Trim Inspection,TREEMAINTENANCE,"UF - JONES, CODY",5903 MOONMIST DR,"7, ZONE",531E,77081,CLOSED,2022-08-24,03:17 PM
189927,Tree Trim,2022-08-24 03:27 PM,Tree Trim Inspection,TREEMAINTENANCE,"UF - JONES, CODY",14404 WATERLOO DR,"7, ZONE",572P,77045,CLOSED,2022-08-24,03:27 PM
189931,Tree Removal,2022-08-24 03:32 PM,Tree Removal Inspection,TREEMAINTENANCE,"UF - BHATTARAI, NIMESH",10075 TIDWELL RD,"4, ZONE",456A,77078,CLOSED,2022-08-24,03:32 PM
189932,Tree Removal,2022-08-24 03:33 PM,Tree Removal Inspection,TREEMAINTENANCE,"UF - BHATTARAI, NIMESH",2910 MILLS BRANCH DR,"4, ZONE",297U,77345,CLOSED,2022-08-24,03:33 PM
189933,Tree Removal,2022-08-24 03:33 PM,Tree Removal Inspection,TREEMAINTENANCE,"UF - BHATTARAI, NIMESH",4802 PINE PRAIRIE LN,"4, ZONE",297U,77345,CLOSED,2022-08-24,03:33 PM
189936,Tree Trim,2022-08-24 04:39 PM,Tree Trim Inspection,TREEMAINTENANCE,"UF - JONES, CODY",14404 WATERLOO DR,"7, ZONE",572P,77045,CLOSED,2022-08-24,04:39 PM
189937,Tree Removal,2022-08-24 04:48 PM,Tree Removal Inspection,TREEMAINTENANCE,"UF - BHATTARAI, NIMESH",4535 WOODSTREAM VILLAGE DR,"4, ZONE",297U,77345,CLOSED,2022-08-24,04:48 PM
189938,Tree Removal,2022-08-24 05:09 PM,Tree Removal Inspection,TREEMAINTENANCE,"UF - CASTILLO, ALEJANDRO","1400 Binz St,  Houston,  Texas,  77004 (Children's Museum)","7, ZONE",533A,77004,CLOSED,2022-08-24,05:09 PM
189940,Tree Removal,2022-08-24 05:57 PM,Tree Removal Inspection,TREEMAINTENANCE,"UF - JONES, CODY",1350 BISSONNET ST,"7, ZONE",493W,77006,CLOSED,2022-08-24,05:57 PM
189941,Tree Removal,2022-08-24 07:28 PM,Tree Removal Inspection,TREEMAINTENANCE,"UF - JONES, CODY",1243 BAY AREA BLVD,"5, ZONE",618Q,77062,CLOSED,2022-08-24,07:28 PM
189942,Tree Trim,2022-08-24 08:34 PM,Tree Trim Inspection,TREEMAINTENANCE,"UF - BHATTARAI, NIMESH",7011 HOMESTEAD RD,"4, ZONE",454R,77028,CLOSED,2022-08-24,08:34 PM
189943,Tree Trim,2022-08-24 09:34 PM,Tree Trim Inspection,TREEMAINTENANCE,"UF - BHATTARAI, NIMESH",3603 N BRAESWOOD BLVD,"7, ZONE",532K,77025,CLOSED,2022-08-24,09:34 PM
189944,Tree Trim,2022-08-24 11:56 PM,Tree Trim Inspection,TREEMAINTENANCE,"UF - BHATTARAI, NIMESH",705 WHITE OAK DR,"4, ZONE",298Y,77336,CLOSED,2022-08-24,11:56 PM
189945,Tree Removal,2022-08-25 08:05 AM,Tree Removal Inspection,TREEMAINTENANCE,"UF - JONES, CODY",1001 W 7TH 1/2 ST,"3, ZONE",492D,77007,CLOSED,2022-08-25,08:05 AM
189946,Tree Removal,2022-08-25 08:23 AM,Tree Removal Inspection,TREEMAINTENANCE,"UF - ERICKSON, IAN",5726 PARKER RD,"4, ZONE",454C,77016,CLOSED,2022-08-25,08:23 AM
189947,Tree Trim,2022-08-25 08:24 AM,Tree Trim Inspection,TREEMAINTENANCE,"UF - JONES, CODY",10934 FAIRLAND DR,"6, ZONE",573K,77051,CLOSED,2022-08-25,08:24 AM
189948,Tree Removal,2022-08-25 09:06 AM,Tree Removal Inspection,TREEMAINTENANCE,"UF - POLOVTSEV, SERA",10010 COE CT,"3, ZONE",411N,77088,CLOSED,2022-08-25,09:06 AM
189949,Tree Trim,2022-08-25 09:06 AM,Tree Trim Inspection,TREEMAINTENANCE,"UF - JONES, CODY",330 W 19TH ST,"3, ZONE",452V,77008,CLOSED,2022-08-25,09:06 AM
189950,Tree Removal,2022-08-25 09:09 AM,Tree Removal Inspection,TREEMAINTENANCE,"UF - JONES, CODY",3412 MEADOW LAKE LN,"2, ZONE",492P,77027,CLOSED,2022-08-25,09:09 AM
189951,Tree Removal,2022-08-25 09:13 AM,Tree Removal Inspection,TREEMAINTENANCE,"UF - JONES, CODY",17 CRESTWOOD DR,"2, ZONE",492K,77007,CLOSED,2022-08-25,09:13 AM
189955,Tree Removal,2022-08-25 09:45 AM,Tree Removal Inspection,TREEMAINTENANCE,"UF - BHATTARAI, NIMESH",9301 TOOLEY DR,"7, ZONE",530W,77031,CLOSED,2022-08-25,09:45 AM
189956,Tree Removal,2022-08-25 09:51 AM,Tree Removal Inspection,TREEMAINTENANCE,"UF - BHATTARAI, NIMESH",214 FINCH LN,"4, ZONE",299W,77336,CLOSED,2022-08-25,09:51 AM
189957,Tree Trim,2022-08-25 10:00 AM,Tree Trim Inspection,TREEMAINTENANCE,"UF - JONES, CODY",7703 HEREFORD ST,"6, ZONE",535S,77087,CLOSED,2022-08-25,10:00 AM
189958,Tree Removal,2022-08-25 10:03 AM,Tree Removal Inspection,TREEMAINTENANCE,"UF - BHATTARAI, NIMESH",2926 MAPLE BEND DR,"4, ZONE",297Q,77345,CLOSED,2022-08-25,10:03 AM
189959,Tree Removal,2022-08-25 10:06 AM,Tree Removal Inspection,TREEMAINTENANCE,"UF - BHATTARAI, NIMESH",9710 CLARK RD (CLARK PARK),"4, ZONE",453B,77076,CLOSED,2022-08-25,10:06 AM
189960,Tree Trim,2022-08-25 10:21 AM,Tree Trim Inspection,TREEMAINTENANCE,"UF - BHATTARAI, NIMESH",7555 ERATH ST,"5, ZONE",535A,77023,CLOSED,2022-08-25,10:21 AM
189961,Tree Trim,2022-08-25 10:27 AM,Tree Trim Inspection,TREEMAINTENANCE,"UF - JONES, CODY",2929 BAY AREA BLVD,"5, ZONE",618H,77062,CLOSED,2022-08-25,10:27 AM
189962,Tree Trim,2022-08-25 10:30 AM,Tree Trim Inspection,TREEMAINTENANCE,"UF - BHATTARAI, NIMESH",7733 CHAIN ST,"6, ZONE",533V,77033,CLOSED,2022-08-25,10:30 AM
189963,Tree Trim,2022-08-25 11:00 AM,Tree Trim Inspection,TREEMAINTENANCE,"UF - JONES, CODY",19008 SAUMS RD (CULLEN PARK TRAIL),"3, ZONE",446U,77084,CLOSED,2022-08-25,11:00 AM
189964,Tree Removal,2022-08-25 11:30 AM,Tree Removal Inspection,TREEMAINTENANCE,"UF - BHATTARAI, NIMESH",3115 LYONS AVE,"4, ZONE",494E,77020,CLOSED,2022-08-25,11:30 AM
189965,Tree Trim,2022-08-25 11:37 AM,Tree Trim Inspection,TREEMAINTENANCE,"UF - POLOVTSEV, SERA",1218 CHIPPENDALE RD,"3, ZONE",452P,77018,CLOSED,2022-08-25,11:37 AM
189966,Tree Removal,2022-08-25 11:40 AM,Tree Removal Inspection,TREEMAINTENANCE,"UF - JONES, CODY",9901 CLUB CREEK DR,"2, ZONE",529R,77036,CLOSED,2022-08-25,11:40 AM
189967,Tree Trim,2022-08-25 11:45 AM,Tree Trim Inspection,TREEMAINTENANCE,"UF - JONES, CODY",10807 OASIS DR,"7, ZONE",531X,77096,CLOSED,2022-08-25,11:45 AM
189969,Tree Stump Grinding,2022-08-25 12:10 PM,Tree Stump Inspection,TREEMAINTENANCE,"UF - JONES, CODY",5919 SANFORD RD,"7, ZONE",531W,77096,CLOSED,2022-08-25,12:10 PM
189971,Tree Removal,2022-08-25 12:22 PM,Tree Removal Inspection,TREEMAINTENANCE,"UF - JONES, CODY",7223 PRESTWICK ST,"7, ZONE",532J,77025,CLOSED,2022-08-25,12:22 PM
189973,Tree Trim,2022-08-25 01:15 PM,Tree Trim Inspection,TREEMAINTENANCE,"UF - BHATTARAI, NIMESH",126 FOREST HILL BLVD,"5, ZONE",494Z,77011,CLOSED,2022-08-25,01:15 PM
189974,Tree Trim,2022-08-25 01:40 PM,Tree Trim Inspection,TREEMAINTENANCE,"UF - BHATTARAI, NIMESH",5030 BEECHNUT ST,"7, ZONE",531Q,77096,CLOSED,2022-08-25,01:40 PM
189976,Tree Trim,2022-08-25 02:26 PM,Tree Trim Inspection,TREEMAINTENANCE,"UF - JONES, CODY",1507 MCKEE ST,"4, ZONE",493H,77009,CLOSED,2022-08-25,02:26 PM
189978,Tree Removal,2022-08-25 02:47 PM,Tree Removal Inspection,TREEMAINTENANCE,"UF - BHATTARAI, NIMESH",3800 PARKER RD,"4, ZONE",414X,77093,CLOSED,2022-08-25,02:47 PM
189979,Tree Trim,2022-08-25 03:57 PM,Tree Trim Inspection,TREEMAINTENANCE,"UF - JONES, CODY",5919 SANFORD RD,"7, ZONE",531W,77096,CLOSED,2022-08-25,03:57 PM
189980,Tree Trim,2022-08-25 04:41 PM,Tree Trim Inspection,TREEMAINTENANCE,"UF - JONES, CODY",3841 PIPING ROCK LN,"2, ZONE",492S,77027,CLOSED,2022-08-25,04:41 PM
189981,Tree Trim,2022-08-25 04:45 PM,Tree Trim Inspection,TREEMAINTENANCE,"UF - JONES, CODY",3805 MEADOW LAKE LN,"2, ZONE",492S,77027,CLOSED,2022-08-25,04:45 PM
189982,Tree Trim,2022-08-25 04:47 PM,Tree Trim Inspection,TREEMAINTENANCE,"UF - JONES, CODY",3855 OLYMPIA DR,"2, ZONE",492N,77019,CLOSED,2022-08-25,04:47 PM
189983,Tree Trim,2022-08-25 04:48 PM,Tree Trim Inspection,TREEMAINTENANCE,"UF - BHATTARAI, NIMESH",11454 KIRKVALLEY DR,"6, ZONE",576X,77089,CLOSED,2022-08-25,04:48 PM
189984,Tree Trim,2022-08-25 04:49 PM,Tree Trim Inspection,TREEMAINTENANCE,"UF - BHATTARAI, NIMESH",11502 KIRKVALLEY DR,"6, ZONE",576X,77089,CLOSED,2022-08-25,04:49 PM
189985,Tree Trim,2022-08-25 04:50 PM,Tree Trim Inspection,TREEMAINTENANCE,"UF - JONES, CODY",3826 OLYMPIA DR,"2, ZONE",492N,77019,CLOSED,2022-08-25,04:50 PM
189986,Tree Trim,2022-08-25 04:51 PM,Tree Trim Inspection,TREEMAINTENANCE,"UF - JONES, CODY",3832 OLYMPIA DR,"2, ZONE",492N,77019,CLOSED,2022-08-25,04:51 PM
189987,Tree Trim,2022-08-25 04:51 PM,Tree Trim Inspection,TREEMAINTENANCE,"UF - JONES, CODY",3860 OLYMPIA DR,"2, ZONE",492N,77019,CLOSED,2022-08-25,04:51 PM
189988,Tree Trim,2022-08-25 04:53 PM,Tree Trim Inspection,TREEMAINTENANCE,"UF - JONES, CODY",3728 OLYMPIA DR,"2, ZONE",492N,77019,CLOSED,2022-08-25,04:53 PM
189989,Tree Trim,2022-08-25 04:54 PM,Tree Trim Inspection,TREEMAINTENANCE,"UF - JONES, CODY",3748 OLYMPIA DR,"2, ZONE",492N,77019,CLOSED,2022-08-25,04:54 PM
189990,Tree Trim,2022-08-25 04:54 PM,Tree Trim Inspection,TREEMAINTENANCE,"UF - JONES, CODY",3760 OLYMPIA DR,"2, ZONE",492N,77019,CLOSED,2022-08-25,04:54 PM
189991,Tree Trim,2022-08-25 04:56 PM,Tree Trim Inspection,TREEMAINTENANCE,"UF - JONES, CODY",3865 CHEVY CHASE DR,"2, ZONE",492N,77019,CLOSED,2022-08-25,04:56 PM
189992,Tree Trim,2022-08-25 04:57 PM,Tree Trim Inspection,TREEMAINTENANCE,"UF - JONES, CODY",3829 CHEVY CHASE DR,"2, ZONE",492N,77019,CLOSED,2022-08-25,04:57 PM
189993,Tree Trim,2022-08-25 04:57 PM,Tree Trim Inspection,TREEMAINTENANCE,"UF - JONES, CODY",3801 CHEVY CHASE DR,"2, ZONE",492N,77019,CLOSED,2022-08-25,04:57 PM
189994,Tree Trim,2022-08-25 04:59 PM,Tree Trim Inspection,TREEMAINTENANCE,"UF - JONES, CODY",3760 CHEVY CHASE DR,"2, ZONE",492N,77019,CLOSED,2022-08-25,04:59 PM
189995,Tree Trim,2022-08-25 05:00 PM,Tree Trim Inspection,TREEMAINTENANCE,"UF - JONES, CODY",3854 CHEVY CHASE DR,"2, ZONE",492N,77019,CLOSED,2022-08-25,05:00 PM
189996,Tree Trim,2022-08-25 05:02 PM,Tree Trim Inspection,TREEMAINTENANCE,"UF - JONES, CODY",3702 CHEVY CHASE DR,"2, ZONE",492N,77019,CLOSED,2022-08-25,05:02 PM
189997,Tree Trim,2022-08-25 05:03 PM,Tree Trim Inspection,TREEMAINTENANCE,"UF - JONES, CODY",3707 CHEVY CHASE DR,"2, ZONE",492N,77019,CLOSED,2022-08-25,05:03 PM
189998,Tree Trim,2022-08-25 05:05 PM,Tree Trim Inspection,TREEMAINTENANCE,"UF - JONES, CODY",3746 DEL MONTE DR,"2, ZONE",492N,77019,CLOSED,2022-08-25,05:05 PM
189999,Tree Trim,2022-08-25 05:06 PM,Tree Trim Inspection,TREEMAINTENANCE,"UF - JONES, CODY",3837 DEL MONTE DR,"2, ZONE",492N,77019,CLOSED,2022-08-25,05:06 PM
190000,Tree Trim,2022-08-25 05:06 PM,Tree Trim Inspection,TREEMAINTENANCE,"UF - JONES, CODY",3850 DEL MONTE DR,"2, ZONE",492N,77019,CLOSED,2022-08-25,05:06 PM
190001,Tree Trim,2022-08-25 05:08 PM,Tree Trim Inspection,TREEMAINTENANCE,"UF - JONES, CODY",3640 DEL MONTE DR,"2, ZONE",492N,77019,CLOSED,2022-08-25,05:08 PM
190002,Tree Trim,2022-08-25 05:09 PM,Tree Trim Inspection,TREEMAINTENANCE,"UF - JONES, CODY",3674 DEL MONTE DR,"2, ZONE",492N,77019,CLOSED,2022-08-25,05:09 PM
190003,Tree Trim,2022-08-25 05:09 PM,Tree Trim Inspection,TREEMAINTENANCE,"UF - JONES, CODY",3730 DEL MONTE DR,"2, ZONE",492N,77019,CLOSED,2022-08-25,05:09 PM
190004,Tree Trim,2022-08-25 05:14 PM,Tree Trim Inspection,TREEMAINTENANCE,"UF - JONES, CODY",2054 TIMBER LN,"2, ZONE",492S,77027,CLOSED,2022-08-25,05:14 PM
190005,Tree Trim,2022-08-25 05:15 PM,Tree Trim Inspection,TREEMAINTENANCE,"UF - JONES, CODY",1623 RIVER OAKS BLVD,"2, ZONE",492P,77019,CLOSED,2022-08-25,05:15 PM
190006,Tree Trim,2022-08-25 05:15 PM,Tree Trim Inspection,TREEMAINTENANCE,"UF - JONES, CODY",3232 INWOOD DR,"2, ZONE",492P,77019,CLOSED,2022-08-25,05:15 PM
190007,Tree Trim,2022-08-25 05:17 PM,Tree Trim Inspection,TREEMAINTENANCE,"UF - JONES, CODY",3330 INWOOD DR,"2, ZONE",492P,77019,CLOSED,2022-08-25,05:17 PM
190008,Tree Trim,2022-08-25 05:21 PM,Tree Trim Inspection,TREEMAINTENANCE,"UF - JONES, CODY",3335 INWOOD DR,"2, ZONE",492P,77019,CLOSED,2022-08-25,05:21 PM
190009,Tree Trim,2022-08-25 05:23 PM,Tree Trim Inspection,TREEMAINTENANCE,"UF - JONES, CODY",3217 INWOOD DR,"2, ZONE",492P,77019,CLOSED,2022-08-25,05:23 PM
190010,Tree Trim,2022-08-25 05:24 PM,Tree Trim Inspection,TREEMAINTENANCE,"UF - JONES, CODY",3223 INWOOD DR,"2, ZONE",492P,77019,CLOSED,2022-08-25,05:24 PM
190011,Tree Trim,2022-08-25 05:24 PM,Tree Trim Inspection,TREEMAINTENANCE,"UF - JONES, CODY",3237 INWOOD DR,"2, ZONE",492P,77019,CLOSED,2022-08-25,05:24 PM
190012,Tree Trim,2022-08-25 05:26 PM,Tree Trim Inspection,TREEMAINTENANCE,"UF - JONES, CODY",2517 MACONDA LN,"2, ZONE",492S,77027,CLOSED,2022-08-25,05:26 PM
190013,Tree Trim,2022-08-25 05:27 PM,Tree Trim Inspection,TREEMAINTENANCE,"UF - JONES, CODY",2513 MACONDA LN,"2, ZONE",492S,77027,CLOSED,2022-08-25,05:27 PM
190014,Tree Trim,2022-08-25 05:27 PM,Tree Trim Inspection,TREEMAINTENANCE,"UF - JONES, CODY",3803 WESTHEIMER RD,"2, ZONE",492S,77027,CLOSED,2022-08-25,05:27 PM
190015,Tree Trim,2022-08-25 05:40 PM,Tree Trim Inspection,TREEMAINTENANCE,"UF - JONES, CODY",249 EL DORADO BLVD,"5, ZONE",617R,77598,CLOSED,2022-08-25,05:40 PM
190016,Tree Trim,2022-08-25 06:51 PM,Tree Trim Inspection,TREEMAINTENANCE,"UF - JONES, CODY",1651 WITTE RD,"3, ZONE",450S,77080,CLOSED,2022-08-25,06:51 PM
190017,Tree Trim,2022-08-26 05:06 AM,Tree Trim Inspection,TREEMAINTENANCE,"UF - JONES, CODY",2815 ASHWOOD ST,"7, ZONE",532Q,77025,CLOSED,2022-08-26,05:06 AM
190018,Tree Trim,2022-08-26 06:19 AM,Tree Trim Inspection,TREEMAINTENANCE,"UF - BHATTARAI, NIMESH",7700 WALLISVILLE RD,"4, ZONE",495A,77020,CLOSED,2022-08-26,06:19 AM
190019,Tree Removal,2022-08-26 07:43 AM,Tree Removal Inspection,TREEMAINTENANCE,"UF - BHATTARAI, NIMESH",12300 ALDINE WESTFIELD RD (KEITH WIESS PARK),"4, ZONE",413M,77093,CLOSED,2022-08-26,07:43 AM
190020,Tree Trim,2022-08-26 08:05 AM,Tree Trim Inspection,TREEMAINTENANCE,"UF - JONES, CODY",5701 BEVERLY HILL ST (ANDERSON PARK),"2, ZONE",491X,77057,CLOSED,2022-08-26,08:05 AM
190021,Tree Removal,2022-08-26 08:08 AM,Tree Removal Inspection,TREEMAINTENANCE,"UF - BHATTARAI, NIMESH",6000 CHIMNEY ROCK RD (BURNETT BAYLAND PARK),"7, ZONE",531B,77081,CLOSED,2022-08-26,08:08 AM
190022,Tree Removal,2022-08-26 08:15 AM,Tree Removal Inspection,TREEMAINTENANCE,"UF - JONES, CODY",10400 CLIFFWOOD DR (WILLOW PARK),"7, ZONE",531Z,77035,CLOSED,2022-08-26,08:15 AM
190023,Tree Trim,2022-08-26 08:17 AM,Tree Trim Inspection,TREEMAINTENANCE,"UF - JONES, CODY",8320 W AIRPORT BLVD,"7, ZONE",570F,77071,CLOSED,2022-08-26,08:17 AM
190024,Tree Removal,2022-08-26 08:17 AM,Tree Removal Inspection,TREEMAINTENANCE,"UF - BHATTARAI, NIMESH",8100 KENTON ST (LIBERTY PARK - HOBART TAYLOR PARK),"4, ZONE",455P,77028,CLOSED,2022-08-26,08:17 AM
190025,Tree Removal,2022-08-26 09:00 AM,Tree Removal Inspection,TREEMAINTENANCE,"UF - JONES, CODY",12835 TOSCA LN,"2, ZONE",489G,77024,CLOSED,2022-08-26,09:00 AM
190026,Tree Removal,2022-08-26 09:02 AM,Tree Removal Inspection,TREEMAINTENANCE,"UF - JONES, CODY",2525 DELAFIELD ST,"6, ZONE",534F,77023,CLOSED,2022-08-26,09:02 AM
190027,Tree Removal,2022-08-26 09:09 AM,Tree Removal Inspection,TREEMAINTENANCE,"UF - BHATTARAI, NIMESH",3402 TIDWELL RD,"4, ZONE",454B,77093,CLOSED,2022-08-26,09:09 AM
190028,Tree Removal,2022-08-26 09:13 AM,Tree Removal Inspection,TREEMAINTENANCE,"UF - BHATTARAI, NIMESH",9417 SHADY DR,"4, ZONE",454D,77016,CLOSED,2022-08-26,09:13 AM
190029,Tree Removal,2022-08-26 09:16 AM,Tree Removal Inspection,TREEMAINTENANCE,"UF - JONES, CODY",7363 CAYTON ST,"6, ZONE",535W,77061,CLOSED,2022-08-26,09:16 AM
190030,Tree Trim,2022-08-26 09:21 AM,Tree Trim Inspection,TREEMAINTENANCE,"UF - JONES, CODY",2018 LATEXO DR,"3, ZONE",452E,77018,CLOSED,2022-08-26,09:21 AM
190031,Tree Trim,2022-08-26 09:21 AM,Tree Trim Inspection,TREEMAINTENANCE,"UF - JONES, CODY",8302 JOHN ST,"5, ZONE",535F,77012,CLOSED,2022-08-26,09:21 AM
190032,Tree Removal,2022-08-26 09:21 AM,Tree Removal Inspection,TREEMAINTENANCE,"UF - JONES, CODY",1301 LUZON ST,"4, ZONE",493D,77009,CLOSED,2022-08-26,09:21 AM
190033,Tree Trim,2022-08-26 09:30 AM,Tree Trim Inspection,TREEMAINTENANCE,"UF - JONES, CODY",7646 BELBAY ST,"6, ZONE",534X,77033,CLOSED,2022-08-26,09:30 AM
190035,Tree Trim,2022-08-26 09:39 AM,Tree Trim Inspection,TREEMAINTENANCE,"UF - BHATTARAI, NIMESH",8814 REAMER ST,"7, ZONE",530P,5054c,CLOSED,2022-08-26,09:39 AM
190036,Tree Trim,2022-08-26 09:57 AM,Tree Trim Inspection,TREEMAINTENANCE,"UF - BHATTARAI, NIMESH",5700 CANAL ST,"5, ZONE",494U,77011,CLOSED,2022-08-26,09:57 AM
190043,Tree Trim,2022-08-26 10:36 AM,Tree Trim Inspection,TREEMAINTENANCE,"UF - JONES, CODY",3714 INWOOD DR,"2, ZONE",492N,77019,CLOSED,2022-08-26,10:36 AM
190044,Tree Trim,2022-08-26 10:36 AM,Tree Trim Inspection,TREEMAINTENANCE,"UF - JONES, CODY",3812 INWOOD DR,"2, ZONE",492N,77019,CLOSED,2022-08-26,10:36 AM
190045,Tree Trim,2022-08-26 10:36 AM,Tree Trim Inspection,TREEMAINTENANCE,"UF - JONES, CODY",3834 INWOOD DR,"2, ZONE",492N,77019,CLOSED,2022-08-26,10:36 AM
190046,Tree Trim,2022-08-26 10:39 AM,Tree Trim Inspection,TREEMAINTENANCE,"UF - JONES, CODY",3705 INVERNESS DR,"2, ZONE",492N,77019,CLOSED,2022-08-26,10:39 AM
190047,Tree Trim,2022-08-26 10:39 AM,Tree Trim Inspection,TREEMAINTENANCE,"UF - JONES, CODY",3808 INVERNESS DR,"2, ZONE",492N,77019,CLOSED,2022-08-26,10:39 AM
190048,Tree Trim,2022-08-26 10:40 AM,Tree Trim Inspection,TREEMAINTENANCE,"UF - JONES, CODY",3708 INWOOD DR,"2, ZONE",492N,77019,CLOSED,2022-08-26,10:40 AM
190049,Tree Trim,2022-08-26 10:45 AM,Tree Trim Inspection,TREEMAINTENANCE,"UF - JONES, CODY",3664 INVERNESS DR,"2, ZONE",492N,77019,CLOSED,2022-08-26,10:45 AM
190050,Tree Trim,2022-08-26 10:46 AM,Tree Trim Inspection,TREEMAINTENANCE,"UF - JONES, CODY",3760 WILLOWICK RD,"2, ZONE",492N,77019,CLOSED,2022-08-26,10:46 AM
190051,Tree Trim,2022-08-26 10:48 AM,Tree Trim Inspection,TREEMAINTENANCE,"UF - JONES, CODY",3652 INVERNESS DR,"2, ZONE",492N,77019,CLOSED,2022-08-26,10:48 AM
190052,Tree Trim,2022-08-26 10:51 AM,Tree Trim Inspection,TREEMAINTENANCE,"UF - JONES, CODY",3620 WILLOWICK RD,"2, ZONE",492P,77019,CLOSED,2022-08-26,10:51 AM
190053,Tree Trim,2022-08-26 10:51 AM,Tree Trim Inspection,TREEMAINTENANCE,"UF - JONES, CODY",3630 WILLOWICK RD,"2, ZONE",492P,77019,CLOSED,2022-08-26,10:51 AM
190054,Tree Trim,2022-08-26 10:52 AM,Tree Trim Inspection,TREEMAINTENANCE,"UF - JONES, CODY",3600 INVERNESS DR,"2, ZONE",492N,77019,CLOSED,2022-08-26,10:52 AM
190055,Tree Trim,2022-08-26 10:54 AM,Tree Trim Inspection,TREEMAINTENANCE,"UF - JONES, CODY",3660 INWOOD DR,"2, ZONE",492N,77019,CLOSED,2022-08-26,10:54 AM
190056,Tree Trim,2022-08-26 10:55 AM,Tree Trim Inspection,TREEMAINTENANCE,"UF - JONES, CODY",3670 INWOOD DR,"2, ZONE",492N,77019,CLOSED,2022-08-26,10:55 AM
190057,Tree Trim,2022-08-26 10:55 AM,Tree Trim Inspection,TREEMAINTENANCE,"UF - JONES, CODY",3690 INWOOD DR,"2, ZONE",492N,77019,CLOSED,2022-08-26,10:55 AM
190060,Tree Trim,2022-08-26 10:57 AM,Tree Trim Inspection,TREEMAINTENANCE,"UF - JONES, CODY",3470 INWOOD DR,"2, ZONE",492P,77019,CLOSED,2022-08-26,10:57 AM
190061,Tree Trim,2022-08-26 10:58 AM,Tree Trim Inspection,TREEMAINTENANCE,"UF - JONES, CODY",3628 INWOOD DR,"2, ZONE",492P,77019,CLOSED,2022-08-26,10:58 AM
190062,Tree Trim,2022-08-26 10:58 AM,Tree Trim Inspection,TREEMAINTENANCE,"UF - JONES, CODY",4303 BROWNSTONE LN,"7, ZONE",572S,77053,CLOSED,2022-08-26,10:58 AM
190063,Tree Trim,2022-08-26 11:00 AM,Tree Trim Inspection,TREEMAINTENANCE,"UF - JONES, CODY",3649 MEADOW LAKE LN,"2, ZONE",492N,77027,CLOSED,2022-08-26,11:00 AM
190064,Tree Removal,2022-08-26 11:10 AM,Tree Removal Inspection,TREEMAINTENANCE,"UF - BHATTARAI, NIMESH",2701 KINGWOOD DR,"4, ZONE",337A,77339,CLOSED,2022-08-26,11:10 AM
190065,Tree Removal,2022-08-26 11:21 AM,Tree Removal Inspection,TREEMAINTENANCE,"UF - POLOVTSEV, SERA",8800 KEMPWOOD DR,"3, ZONE",450R,77080,CLOSED,2022-08-26,11:21 AM
190066,Tree Removal,2022-08-26 11:25 AM,Tree Removal Inspection,TREEMAINTENANCE,"UF - JONES, CODY",419 FRISCO ST,"4, ZONE",453Q,77022,CLOSED,2022-08-26,11:25 AM
190067,Tree Trim,2022-08-26 11:37 AM,Tree Trim Inspection,TREEMAINTENANCE,"UF - JONES, CODY",5116 CAROLINE ST,"7, ZONE",493W,77004,CLOSED,2022-08-26,11:37 AM
190069,Tree Trim,2022-08-26 12:40 PM,Tree Trim Inspection,TREEMAINTENANCE,"UF - JONES, CODY",3738 MEADOW LAKE LN,"2, ZONE",492N,77027,CLOSED,2022-08-26,12:40 PM
190070,Tree Trim,2022-08-26 12:40 PM,Tree Trim Inspection,TREEMAINTENANCE,"UF - JONES, CODY",3730 MEADOW LAKE LN,"2, ZONE",492N,77027,CLOSED,2022-08-26,12:40 PM
190071,Tree Trim,2022-08-26 12:43 PM,Tree Trim Inspection,TREEMAINTENANCE,"UF - JONES, CODY",3818 MEADOW LAKE LN,"2, ZONE",492N,77027,CLOSED,2022-08-26,12:43 PM
190072,Tree Removal,2022-08-26 12:43 PM,Tree Removal Inspection,TREEMAINTENANCE,"UF - BHATTARAI, NIMESH",4501 WALKER ST,"5, ZONE",494T,77023,CLOSED,2022-08-26,12:43 PM
190073,Tree Trim,2022-08-26 01:02 PM,Tree Trim Inspection,TREEMAINTENANCE,"UF - JONES, CODY",11018 SOUTHWOLD LN,"7, ZONE",530Z,77096,CLOSED,2022-08-26,01:02 PM
190076,Tree Removal,2022-08-26 01:53 PM,Tree Removal Inspection,TREEMAINTENANCE,"UF - JONES, CODY",1123 W GRAY ST,"2, ZONE",493N,77006,CLOSED,2022-08-26,01:53 PM
190077,Tree Removal,2022-08-26 02:23 PM,Tree Removal Inspection,TREEMAINTENANCE,"UF - JONES, CODY",951 PATTERSON ST,"2, ZONE",492H,77007,CLOSED,2022-08-26,02:23 PM
190078,Tree Removal,2022-08-26 02:32 PM,Tree Removal Inspection,TREEMAINTENANCE,"UF - BHATTARAI, NIMESH",6115 DUMFRIES DR,"7, ZONE",530V,77096,CLOSED,2022-08-26,02:32 PM
190079,Tree Removal,2022-08-26 02:38 PM,Tree Removal Inspection,TREEMAINTENANCE,"UF - BHATTARAI, NIMESH",12300 ALDINE WESTFIELD RD (KEITH WIESS PARK),"4, ZONE",413M,77093,CLOSED,2022-08-26,02:38 PM
190080,Tree Trim,2022-08-26 02:56 PM,Tree Trim Inspection,TREEMAINTENANCE,"UF - BHATTARAI, NIMESH",7500 ELBERT ST,"4, ZONE",455J,77028,CLOSED,2022-08-26,02:56 PM
190081,Tree Removal,2022-08-26 03:05 PM,Tree Removal Inspection,TREEMAINTENANCE,"UF - JONES, CODY",5663 GULFTON ST,"7, ZONE",531B,77081,CLOSED,2022-08-26,03:05 PM
190082,Tree Trim,2022-08-26 03:05 PM,Tree Trim Inspection,TREEMAINTENANCE,"UF - JONES, CODY",9101 LIPAN RD,"2, ZONE",530B,77063,CLOSED,2022-08-26,03:05 PM
190083,Tree Removal,2022-08-26 03:11 PM,Tree Removal Inspection,TREEMAINTENANCE,"UF - JONES, CODY",6635 NEW YORK ST,"6, ZONE",533R,77021,CLOSED,2022-08-26,03:11 PM
190084,Tree Trim,2022-08-26 03:20 PM,Tree Trim Inspection,TREEMAINTENANCE,"UF - JONES, CODY",5500 DRYAD DR,"7, ZONE",571F,77035,CLOSED,2022-08-26,03:20 PM
190085,Tree Removal,2022-08-26 03:35 PM,Tree Removal Inspection,TREEMAINTENANCE,"UF - JONES, CODY",3431 LINKWOOD DR,"7, ZONE",532P,77025,CLOSED,2022-08-26,03:35 PM
190086,Tree Stump Grinding,2022-08-26 03:39 PM,Tree Stump Inspection,TREEMAINTENANCE,"UF - BHATTARAI, NIMESH",3302 LEELAND ST,"5, ZONE",493V,77003,CLOSED,2022-08-26,03:39 PM
190087,Tree Removal,2022-08-26 03:42 PM,Tree Removal Inspection,TREEMAINTENANCE,"UF - JONES, CODY",1035 ROBBIE ST,"3, ZONE",453T,77009,CLOSED,2022-08-26,03:42 PM
190090,Tree Removal,2022-08-26 04:05 PM,Tree Removal Inspection,TREEMAINTENANCE,"UF - BHATTARAI, NIMESH",9222 DENTON ST,"4, ZONE",455B,77028,CLOSED,2022-08-26,04:05 PM
190092,Tree Trim,2022-08-26 04:59 PM,Tree Trim Inspection,TREEMAINTENANCE,"UF - JONES, CODY",700 N ELDRIDGE PKWY,"3, ZONE",448Y,77079,CLOSED,2022-08-26,04:59 PM
190093,Tree Removal,2022-08-26 07:33 PM,Tree Removal Inspection,TREEMAINTENANCE,"UF - BHATTARAI, NIMESH",19008 SAUMS RD,"3, ZONE",446V,77084,CLOSED,2022-08-26,07:33 PM
190094,Tree Removal,2022-08-26 07:55 PM,Tree Removal Inspection,TREEMAINTENANCE,"UF - JONES, CODY",212 PARKVIEW ST (WOODLAND PARK),"3, ZONE",493C,77009,CLOSED,2022-08-26,07:55 PM
190095,Tree Removal,2022-08-26 10:28 PM,Tree Removal Inspection,TREEMAINTENANCE,"UF - JONES, CODY",1920 SHEARN ST,"2, ZONE",493F,77007,CLOSED,2022-08-26,10:28 PM
190096,Tree Trim,2022-08-27 09:32 AM,Tree Trim Inspection,TREEMAINTENANCE,"UF - JONES, CODY",1700 LEELAND ST,"1, ZONE",493Q,77003,CLOSED,2022-08-27,09:32 AM
190097,Tree Trim,2022-08-27 09:48 AM,Tree Trim Inspection,TREEMAINTENANCE,"UF - JONES, CODY",822 CAVEHILL CT,"7, ZONE",572Q,77047,CLOSED,2022-08-27,09:48 AM
190098,Tree Trim,2022-08-27 10:35 AM,Tree Trim Inspection,TREEMAINTENANCE,"UF - BHATTARAI, NIMESH",6404 PICKENS ST,"2, ZONE",492F,77007,CLOSED,2022-08-27,10:35 AM
190099,Tree Trim,2022-08-27 11:20 AM,Tree Trim Inspection,TREEMAINTENANCE,"UF - JONES, CODY",2226 HARWELL DR,"5, ZONE",534H,77023,CLOSED,2022-08-27,11:20 AM
190100,Tree Removal,2022-08-27 11:32 AM,Tree Removal Inspection,TREEMAINTENANCE,"UF - BHATTARAI, NIMESH",5807 MAXIE ST,"2, ZONE",492G,77007,CLOSED,2022-08-27,11:32 AM
190101,Tree Trim,2022-08-27 12:21 PM,Tree Trim Inspection,TREEMAINTENANCE,"UF - JONES, CODY",5418 HOLLY VIEW DR,"3, ZONE",411Y,77091,CLOSED,2022-08-27,12:21 PM
190102,Tree Removal,2022-08-27 03:46 PM,Tree Removal Inspection,TREEMAINTENANCE,"UF - BHATTARAI, NIMESH",13237 ROCKGLEN ST,"4, ZONE",497E,77015,CLOSED,2022-08-27,03:46 PM
190103,Tree Trim,2022-08-28 12:59 PM,Tree Trim Inspection,TREEMAINTENANCE,"UF - JONES, CODY",3330 RICHMOND AVE,"2, ZONE",492X,77098,CLOSED,2022-08-28,12:59 PM
190104,Tree Trim,2022-08-28 01:00 PM,Tree Trim Inspection,TREEMAINTENANCE,"UF - JONES, CODY",3616 RICHMOND AVE,"2, ZONE",492X,77027,CLOSED,2022-08-28,01:00 PM
190105,Tree Trim,2022-08-28 01:00 PM,Tree Trim Inspection,TREEMAINTENANCE,"UF - JONES, CODY",3312 MARQUART ST,"2, ZONE",492T,77027,CLOSED,2022-08-28,01:00 PM
190106,Tree Trim,2022-08-28 01:38 PM,Tree Trim Inspection,TREEMAINTENANCE,"UF - JONES, CODY",2925 RICHMOND AVE,"2, ZONE",492X,77098,CLOSED,2022-08-28,01:38 PM
190107,Tree Trim,2022-08-28 01:39 PM,Tree Trim Inspection,TREEMAINTENANCE,"UF - JONES, CODY",3801 EASTSIDE ST (LEVY PARK),"2, ZONE",492X,77098,CLOSED,2022-08-28,01:39 PM
190108,Tree Trim,2022-08-28 01:40 PM,Tree Trim Inspection,TREEMAINTENANCE,"UF - JONES, CODY",3749 WAKEFOREST ST,"2, ZONE",492Y,77098,CLOSED,2022-08-28,01:40 PM
190109,Tree Trim,2022-08-28 01:40 PM,Tree Trim Inspection,TREEMAINTENANCE,"UF - JONES, CODY",2720 SOUTHWEST FWY,"2, ZONE",492Y,77098,CLOSED,2022-08-28,01:40 PM
190110,Tree Trim,2022-08-28 01:43 PM,Tree Trim Inspection,TREEMAINTENANCE,"UF - JONES, CODY",3769 WAKEFOREST ST,"2, ZONE",492Y,77098,CLOSED,2022-08-28,01:43 PM
190111,Tree Trim,2022-08-28 01:44 PM,Tree Trim Inspection,TREEMAINTENANCE,"UF - JONES, CODY",3101 RICHMOND AVE,"2, ZONE",492X,77098,CLOSED,2022-08-28,01:44 PM
190112,Tree Trim,2022-08-28 01:45 PM,Tree Trim Inspection,TREEMAINTENANCE,"UF - JONES, CODY",3310 RICHMOND AVE,"2, ZONE",492X,77098,CLOSED,2022-08-28,01:45 PM
190113,Tree Trim,2022-08-28 01:47 PM,Tree Trim Inspection,TREEMAINTENANCE,"UF - JONES, CODY",2705 W ALABAMA ST,"2, ZONE",492U,77098,CLOSED,2022-08-28,01:47 PM
190114,Tree Trim,2022-08-28 01:47 PM,Tree Trim Inspection,TREEMAINTENANCE,"UF - JONES, CODY",3002 VIRGINIA ST,"2, ZONE",492U,77098,CLOSED,2022-08-28,01:47 PM
190115,Tree Trim,2022-08-28 01:48 PM,Tree Trim Inspection,TREEMAINTENANCE,"UF - JONES, CODY",3009 SACKETT ST,"2, ZONE",492U,77098,CLOSED,2022-08-28,01:48 PM
190116,Tree Trim,2022-08-28 01:50 PM,Tree Trim Inspection,TREEMAINTENANCE,"UF - JONES, CODY",3025 KIRBY DR,"2, ZONE",492U,77098,CLOSED,2022-08-28,01:50 PM
190117,Tree Trim,2022-08-28 01:53 PM,Tree Trim Inspection,TREEMAINTENANCE,"UF - JONES, CODY",2418 W ALABAMA ST,"2, ZONE",492U,77098,CLOSED,2022-08-28,01:53 PM
190118,Tree Trim,2022-08-28 01:56 PM,Tree Trim Inspection,TREEMAINTENANCE,"UF - JONES, CODY",2380 W ALABAMA ST,"2, ZONE",492U,77098,CLOSED,2022-08-28,01:56 PM
190119,Tree Trim,2022-08-28 01:59 PM,Tree Trim Inspection,TREEMAINTENANCE,"UF - JONES, CODY",2829 GREENBRIAR DR,"2, ZONE",492U,77098,CLOSED,2022-08-28,01:59 PM
190120,Tree Trim,2022-08-28 02:00 PM,Tree Trim Inspection,TREEMAINTENANCE,"UF - JONES, CODY",2200 W ALABAMA ST,"2, ZONE",492U,77098,CLOSED,2022-08-28,02:00 PM
190121,Tree Trim,2022-08-28 02:02 PM,Tree Trim Inspection,TREEMAINTENANCE,"UF - JONES, CODY",2934 S SHEPHERD DR,"2, ZONE",492U,77098,CLOSED,2022-08-28,02:02 PM
190122,Tree Trim,2022-08-28 02:05 PM,Tree Trim Inspection,TREEMAINTENANCE,"UF - JONES, CODY",1838 W ALABAMA ST,"2, ZONE",492V,77098,CLOSED,2022-08-28,02:05 PM
190123,Tree Trim,2022-08-28 02:05 PM,Tree Trim Inspection,TREEMAINTENANCE,"UF - JONES, CODY",3007 S SHEPHERD DR,"2, ZONE",492U,77098,CLOSED,2022-08-28,02:05 PM
190124,Tree Trim,2022-08-28 02:08 PM,Tree Trim Inspection,TREEMAINTENANCE,"UF - JONES, CODY",1810 W ALABAMA ST,"2, ZONE",492V,77098,CLOSED,2022-08-28,02:08 PM
190125,Tree Trim,2022-08-28 02:09 PM,Tree Trim Inspection,TREEMAINTENANCE,"UF - JONES, CODY",1812 W ALABAMA ST,"2, ZONE",492V,77098,CLOSED,2022-08-28,02:09 PM
190126,Tree Trim,2022-08-28 02:11 PM,Tree Trim Inspection,TREEMAINTENANCE,"UF - JONES, CODY",1708 W ALABAMA ST,"2, ZONE",492V,77098,CLOSED,2022-08-28,02:11 PM
190127,Tree Trim,2022-08-28 02:11 PM,Tree Trim Inspection,TREEMAINTENANCE,"UF - JONES, CODY",1722 W ALABAMA ST,"2, ZONE",492V,77098,CLOSED,2022-08-28,02:11 PM
190128,Tree Trim,2022-08-28 02:12 PM,Tree Trim Inspection,TREEMAINTENANCE,"UF - JONES, CODY",1734 W ALABAMA ST,"2, ZONE",492V,77098,CLOSED,2022-08-28,02:12 PM
190129,Tree Trim,2022-08-28 02:14 PM,Tree Trim Inspection,TREEMAINTENANCE,"UF - JONES, CODY",1500 W ALABAMA ST,"2, ZONE",492V,77006,CLOSED,2022-08-28,02:14 PM
190130,Tree Trim,2022-08-28 02:14 PM,Tree Trim Inspection,TREEMAINTENANCE,"UF - JONES, CODY",1512 W ALABAMA ST,"2, ZONE",492V,77006,CLOSED,2022-08-28,02:14 PM
190131,Tree Trim,2022-08-28 02:15 PM,Tree Trim Inspection,TREEMAINTENANCE,"UF - JONES, CODY",1660 W ALABAMA ST,"2, ZONE",492V,77006,CLOSED,2022-08-28,02:15 PM
190132,Tree Trim,2022-08-28 02:18 PM,Tree Trim Inspection,TREEMAINTENANCE,"UF - JONES, CODY",1432 W ALABAMA ST,"2, ZONE",493S,77006,CLOSED,2022-08-28,02:18 PM
190133,Tree Trim,2022-08-28 02:20 PM,Tree Trim Inspection,TREEMAINTENANCE,"UF - JONES, CODY",1216 W ALABAMA ST,"2, ZONE",493S,77006,CLOSED,2022-08-28,02:20 PM
190134,Tree Trim,2022-08-28 02:23 PM,Tree Trim Inspection,TREEMAINTENANCE,"UF - JONES, CODY",630 W ALABAMA ST,"2, ZONE",493S,77006,CLOSED,2022-08-28,02:23 PM
190135,Tree Trim,2022-08-28 02:24 PM,Tree Trim Inspection,TREEMAINTENANCE,"UF - JONES, CODY",636 W ALABAMA ST,"2, ZONE",493S,77006,CLOSED,2022-08-28,02:24 PM
190136,Tree Trim,2022-08-28 02:24 PM,Tree Trim Inspection,TREEMAINTENANCE,"UF - JONES, CODY",704 W ALABAMA ST,"2, ZONE",493S,77006,CLOSED,2022-08-28,02:24 PM
190137,Tree Removal,2022-08-28 02:41 PM,Tree Removal Inspection,TREEMAINTENANCE,"UF - JONES, CODY",6823 RICHWOOD RD,"6, ZONE",534V,77087,CLOSED,2022-08-28,02:41 PM
190139,Tree Removal,2022-08-28 07:37 PM,Tree Removal Inspection,TREEMAINTENANCE,"UF - JONES, CODY",2500 SAGE RD,"2, ZONE",491U,77056,CLOSED,2022-08-28,07:37 PM
190140,Tree Trim,2022-08-28 09:05 PM,Tree Trim Inspection,TREEMAINTENANCE,"UF - JONES, CODY",4300 MONTROSE BLVD,"2, ZONE",493W,77006,CLOSED,2022-08-28,09:05 PM
190141,Tree Trim,2022-08-29 01:45 AM,Tree Trim Inspection,TREEMAINTENANCE,"UF - JONES, CODY",5301 ROSSLYN RD,"3, ZONE",452E,77091,CLOSED,2022-08-29,01:45 AM
190142,Tree Trim,2022-08-29 07:35 AM,Tree Trim Inspection,TREEMAINTENANCE,"UF - JONES, CODY",6214 SPRUCE FOREST DR,"3, ZONE",451B,77092,CLOSED,2022-08-29,07:35 AM
190144,Tree Trim,2022-08-29 08:06 AM,Tree Trim Inspection,TREEMAINTENANCE,"UF - JONES, CODY",7000 PELLA DR,"2, ZONE",530E,77036,CLOSED,2022-08-29,08:06 AM
190145,Tree Trim,2022-08-29 09:45 AM,Tree Trim Inspection,TREEMAINTENANCE,"UF - BHATTARAI, NIMESH",3410 NORTHPARK DR,"4, ZONE",297T,77345,CLOSED,2022-08-29,09:45 AM
190146,Tree Removal,2022-08-29 10:03 AM,Tree Removal Inspection,TREEMAINTENANCE,"UF - JONES, CODY",6627 BRIARGATE DR,"7, ZONE",571W,77489,CLOSED,2022-08-29,10:03 AM
190147,Tree Trim,2022-08-29 10:31 AM,Tree Trim Inspection,TREEMAINTENANCE,"UF - JONES, CODY",2214 SUL ROSS ST,"2, ZONE",492U,77098,CLOSED,2022-08-29,10:31 AM
190148,Tree Code Violation,2022-08-29 10:31 AM,Tree Code Violation Inspection,TREEPROTECTION,"UF - BHATTARAI, NIMESH",2906 STANTON ST,"7, ZONE",532K,77025,CLOSED,2022-08-29,10:31 AM
190149,Tree Removal,2022-08-29 10:34 AM,Tree Removal Inspection,TREEMAINTENANCE,"UF - BHATTARAI, NIMESH",3808 PARKER RD,"4, ZONE",414X,77093,CLOSED,2022-08-29,10:34 AM
190150,Tree Removal,2022-08-29 10:39 AM,Tree Removal Inspection,TREEMAINTENANCE,"UF - JONES, CODY",2400 PINE VALLEY DR  (PINE VALLEY PARK),"2, ZONE",492Q,77019,CLOSED,2022-08-29,10:39 AM
190151,Tree Trim,2022-08-29 10:59 AM,Tree Trim Inspection,TREEMAINTENANCE,"UF - BHATTARAI, NIMESH",6319 EAGLE PASS ST,"4, ZONE",494D,77020,CLOSED,2022-08-29,10:59 AM
190152,Tree Trim,2022-08-29 11:22 AM,Tree Trim Inspection,TREEMAINTENANCE,"UF - JONES, CODY",11942 ALIEF PLACE DR,"2, ZONE",529A,77072,CLOSED,2022-08-29,11:22 AM
190154,Tree Trim,2022-08-29 12:11 PM,Tree Trim Inspection,TREEMAINTENANCE,"UF - BHATTARAI, NIMESH",438 CRENSHAW RD,"5, ZONE",576M,77504,CLOSED,2022-08-29,12:11 PM
190155,Tree Removal,2022-08-29 12:22 PM,Tree Removal Inspection,TREEMAINTENANCE,"UF - JONES, CODY",5722 BEALL ST,"3, ZONE",452C,77091,CLOSED,2022-08-29,12:22 PM
190156,Tree Removal,2022-08-29 01:16 PM,Tree Removal Inspection,TREEMAINTENANCE,"UF - JONES, CODY",15610 WINTER BRIAR DR,"7, ZONE",571X,77489,CLOSED,2022-08-29,01:16 PM
190157,Tree Trim,2022-08-29 01:32 PM,Tree Trim Inspection,TREEMAINTENANCE,"UF - JONES, CODY",3811 CORNELL ST,"3, ZONE",453N,77022,CLOSED,2022-08-29,01:32 PM
190158,Tree Removal,2022-08-29 01:50 PM,Tree Removal Inspection,TREEMAINTENANCE,"UF - BHATTARAI, NIMESH",6323 WESTCOTT ST,"2, ZONE",492F,77007,CLOSED,2022-08-29,01:50 PM
190159,Tree Trim,2022-08-29 01:53 PM,Tree Trim Inspection,TREEMAINTENANCE,"UF - BHATTARAI, NIMESH",2702 CAMPBELL ST,"4, ZONE",494A,77026,CLOSED,2022-08-29,01:53 PM
190160,Tree Removal,2022-08-29 01:56 PM,Tree Removal Inspection,TREEMAINTENANCE,"UF - JONES, CODY",9102 HUDSON CT,"2, ZONE",490P,77024,CLOSED,2022-08-29,01:56 PM
190161,Tree Removal,2022-08-29 03:02 PM,Tree Removal Inspection,TREEMAINTENANCE,"UF - BHATTARAI, NIMESH",307 CANADIAN ST,"4, ZONE",453U,77009,CLOSED,2022-08-29,03:02 PM
190163,Tree Trim,2022-08-29 03:17 PM,Tree Trim Inspection,TREEMAINTENANCE,"UF - JONES, CODY",900 RICHMOND AVE,"2, ZONE",493W,77006,CLOSED,2022-08-29,03:17 PM
190164,Tree Removal,2022-08-29 03:54 PM,Tree Removal Inspection,TREEMAINTENANCE,"UF - JONES, CODY",1355 JUDIWAY ST,"3, ZONE",452P,77018,CLOSED,2022-08-29,03:54 PM
190165,Tree Trim,2022-08-29 05:07 PM,Tree Trim Inspection,TREEMAINTENANCE,"UF - BHATTARAI, NIMESH",MURWORTH DR & BUFFALO SPEEDWAY,"7, ZONE",532P,77025,CLOSED,2022-08-29,05:07 PM
190166,Tree Trim,2022-08-29 05:30 PM,Tree Trim Inspection,TREEMAINTENANCE,"UF - JONES, CODY",4010 REGENCY DR,"7, ZONE",572E,77045,CLOSED,2022-08-29,05:30 PM
190167,Tree Trim,2022-08-29 06:42 PM,Tree Trim Inspection,TREEMAINTENANCE,"UF - POLOVTSEV, SERA",1611 STUDEWOOD ST,"3, ZONE",453W,77008,CLOSED,2022-08-29,06:42 PM
190168,Tree Removal,2022-08-29 06:42 PM,Tree Removal Inspection,TREEMAINTENANCE,"UF - BHATTARAI, NIMESH",9800 HILLCROFT AVE,"7, ZONE",531S,77096,CLOSED,2022-08-29,06:42 PM
190169,Tree Trim,2022-08-29 08:43 PM,Tree Trim Inspection,TREEMAINTENANCE,"UF - BHATTARAI, NIMESH",5036 WINNETKA ST,"6, ZONE",534E,77021,CLOSED,2022-08-29,08:43 PM
190170,Tree Removal,2022-08-30 04:10 AM,Tree Removal Inspection,TREEMAINTENANCE,"UF - JONES, CODY",1500 HADLEY ST,"6, ZONE",493Z,77004,CLOSED,2022-08-30,04:10 AM
190171,Tree Removal,2022-08-30 08:03 AM,Tree Removal Inspection,TREEMAINTENANCE,"UF - BHATTARAI, NIMESH",7922 BOOKER ST,"4, ZONE",455T,77028,CLOSED,2022-08-30,08:03 AM
190172,Tree Removal,2022-08-30 08:11 AM,Tree Removal Inspection,TREEMAINTENANCE,"UF - BHATTARAI, NIMESH",11214 PLAINFIELD ST,"7, ZONE",570A,77031,CLOSED,2022-08-30,08:11 AM
190173,Tree Trim,2022-08-30 08:29 AM,Tree Trim Inspection,TREEMAINTENANCE,"UF - JONES, CODY",10232 DONALD DR,"4, ZONE",453C,77076,CLOSED,2022-08-30,08:29 AM
190174,Tree Removal,2022-08-30 09:24 AM,Tree Removal Inspection,TREEMAINTENANCE,"UF - JONES, CODY",1011 E 39TH ST,"3, ZONE",453P,77022,CLOSED,2022-08-30,09:24 AM
190175,Tree Removal,2022-08-30 09:27 AM,Tree Removal Inspection,TREEMAINTENANCE,"UF - BHATTARAI, NIMESH",8606 LAWNRIDGE ST,"4, ZONE",454G,77016,CLOSED,2022-08-30,09:27 AM
190176,Tree Trim,2022-08-30 09:30 AM,Tree Trim Inspection,TREEMAINTENANCE,"UF - JONES, CODY",800 HAWTHORNE ST,"2, ZONE",493S,77006,CLOSED,2022-08-30,09:30 AM
190177,Tree Trim,2022-08-30 09:51 AM,Tree Trim Inspection,TREEMAINTENANCE,"UF - BHATTARAI, NIMESH",201 STILES ST,"5, ZONE",494T,77011,CLOSED,2022-08-30,09:51 AM
190179,Tree Trim,2022-08-30 11:19 AM,Tree Trim Inspection,TREEMAINTENANCE,"UF - JONES, CODY",7757 SYNOTT RD,"2, ZONE",528L,77072,CLOSED,2022-08-30,11:19 AM
190181,Tree Trim,2022-08-30 11:28 AM,Tree Trim Inspection,TREEMAINTENANCE,"UF - BHATTARAI, NIMESH",8006 LOCKWOOD DR,"4, ZONE",454L,77016,CLOSED,2022-08-30,11:28 AM
190182,Tree Trim,2022-08-30 11:37 AM,Tree Trim Inspection,TREEMAINTENANCE,"UF - BHATTARAI, NIMESH",5727 VALKEITH DR,"7, ZONE",531S,77096,CLOSED,2022-08-30,11:37 AM
190183,Tree Protection Rev,2022-08-30 11:56 AM,Tree Protection Review Inspection,TREEPROTECTION,"UF - JONES, CODY",1615 W 12TH ST,"3, ZONE",452Y,77008,CLOSED,2022-08-30,11:56 AM
190184,Tree Trim,2022-08-30 11:57 AM,Tree Trim Inspection,TREEMAINTENANCE,"UF - JONES, CODY",16621 SEA LINER DR,"5, ZONE",618K,77062,CLOSED,2022-08-30,11:57 AM
190185,Tree Trim,2022-08-30 12:12 PM,Tree Trim Inspection,TREEMAINTENANCE,"UF - BHATTARAI, NIMESH",3714 ALSACE ST,"6, ZONE",533L,77021,CLOSED,2022-08-30,12:12 PM
190186,Tree Trim,2022-08-30 12:23 PM,Tree Trim Inspection,TREEMAINTENANCE,"UF - BHATTARAI, NIMESH",1722 HUTCHINS ST,"5, ZONE",493V,77003,CLOSED,2022-08-30,12:23 PM
190187,Tree Removal,2022-08-30 01:23 PM,Tree Removal Inspection,TREEMAINTENANCE,"UF - BURKES, JEREMY",3721 JEANETTA ST (WALTER RASMUS PARK),"2, ZONE",490X,77063,CLOSED,2022-08-30,01:23 PM
190188,Tree Removal,2022-08-30 01:29 PM,Tree Removal Inspection,TREEMAINTENANCE,"UF - JONES, CODY",5200 SELINSKY RD (CRESTMONT PARK),"6, ZONE",574J,77048,CLOSED,2022-08-30,01:29 PM
190189,Tree Trim,2022-08-30 01:29 PM,Tree Trim Inspection,TREEMAINTENANCE,"UF - JONES, CODY",827 ELKHART ST,"3, ZONE",452C,77091,CLOSED,2022-08-30,01:29 PM
190190,Tree Removal,2022-08-30 01:33 PM,Tree Removal Inspection,TREEMAINTENANCE,"UF - BHATTARAI, NIMESH",5036 WINNETKA ST,"6, ZONE",534E,77021,CLOSED,2022-08-30,01:33 PM
190191,Tree Trim,2022-08-30 01:39 PM,Tree Trim Inspection,TREEMAINTENANCE,"UF - JONES, CODY",HIGH STAR DR & S DAIRY ASHFORD RD,"2, ZONE",528H,77072,CLOSED,2022-08-30,01:39 PM
190192,Tree Trim,2022-08-30 01:59 PM,Tree Trim Inspection,TREEMAINTENANCE,"UF - JONES, CODY",3431 LINKWOOD DR,"7, ZONE",532P,77025,CLOSED,2022-08-30,01:59 PM
190193,Tree Removal,2022-08-30 02:17 PM,Tree Removal Inspection,TREEMAINTENANCE,"UF - BHATTARAI, NIMESH",3100 TANGERINE ST,"6, ZONE",573B,77051,CLOSED,2022-08-30,02:17 PM
190194,Tree Removal,2022-08-30 02:27 PM,Tree Removal Inspection,TREEMAINTENANCE,"UF - JONES, CODY",5151 JASON ST (MEYERLAND PARK),"7, ZONE",531Q,77096,CLOSED,2022-08-30,02:27 PM
190200,Tree Trim,2022-08-30 03:11 PM,Tree Trim Inspection,TREEMAINTENANCE,"UF - JONES, CODY",6200 BRIAR ROSE DR,"2, ZONE",491N,77057,CLOSED,2022-08-30,03:11 PM
190201,Tree Code Violation,2022-08-30 03:11 PM,Tree Code Violation Inspection,TREEPROTECTION,"UF - JONES, CODY",9001 SILVER SPRING LN,"7, ZONE",532N,77025,CLOSED,2022-08-30,03:11 PM
190202,Tree Removal,2022-08-30 03:12 PM,Tree Removal Inspection,TREEMAINTENANCE,"UF - BHATTARAI, NIMESH",8305 HOFFMAN ST,"4, ZONE",454G,77016,CLOSED,2022-08-30,03:12 PM
190203,Tree Removal,2022-08-30 03:13 PM,Tree Removal Inspection,TREEMAINTENANCE,"UF - JONES, CODY",8250 CREEKBEND DR,"7, ZONE",530X,77071,CLOSED,2022-08-30,03:13 PM
190204,Tree Trim,2022-08-30 03:14 PM,Tree Trim Inspection,TREEMAINTENANCE,"UF - JONES, CODY",4105 WOODHEAD ST,"2, ZONE",492Z,77098,CLOSED,2022-08-30,03:14 PM
190205,Tree Trim,2022-08-30 03:31 PM,Tree Trim Inspection,TREEMAINTENANCE,"UF - JONES, CODY",3231 CARMEL ST,"3, ZONE",411Z,77091,CLOSED,2022-08-30,03:31 PM
190206,Tree Removal,2022-08-30 03:42 PM,Tree Removal Inspection,TREEMAINTENANCE,"UF - JONES, CODY",301 BROADHURST DR,"7, ZONE",572Y,77047,CLOSED,2022-08-30,03:42 PM
190207,Tree Trim,2022-08-30 03:50 PM,Tree Trim Inspection,TREEMAINTENANCE,"UF - JONES, CODY",748 POST ST,"4, ZONE",453L,77022,CLOSED,2022-08-30,03:50 PM
190208,Tree Trim,2022-08-30 04:29 PM,Tree Trim Inspection,TREEMAINTENANCE,"UF - POLOVTSEV, SERA",1529 GLOURIE DR,"3, ZONE",451W,77055,CLOSED,2022-08-30,04:29 PM
190209,Tree Removal,2022-08-30 04:40 PM,Tree Removal Inspection,TREEMAINTENANCE,"UF - JONES, CODY",12223 CHIMNEY ROCK RD,"7, ZONE",571F,77035,CLOSED,2022-08-30,04:40 PM
190210,Tree Trim,2022-08-30 04:50 PM,Tree Trim Inspection,TREEMAINTENANCE,"UF - JONES, CODY",5519 WILLOWBEND BLVD,"7, ZONE",531X,77096,CLOSED,2022-08-30,04:50 PM
190211,Tree Removal,2022-08-30 05:01 PM,Tree Removal Inspection,TREEMAINTENANCE,"UF - JONES, CODY",11550 CHIMNEY ROCK RD,"7, ZONE",571B,77035,CLOSED,2022-08-30,05:01 PM
190212,Tree Trim,2022-08-30 05:22 PM,Tree Trim Inspection,TREEMAINTENANCE,"UF - BHATTARAI, NIMESH",7500 TREMPER ST,"5, ZONE",495E,77020,CLOSED,2022-08-30,05:22 PM
190213,Tree Trim,2022-08-30 08:52 PM,Tree Trim Inspection,TREEMAINTENANCE,"UF - JONES, CODY",316 BIRDSALL ST,"2, ZONE",492L,77007,CLOSED,2022-08-30,08:52 PM
190214,Tree Removal,2022-08-30 09:49 PM,Tree Removal Inspection,TREEMAINTENANCE,"UF - BHATTARAI, NIMESH",12302 FOXRIDGE DR,"4, ZONE",413Q,77037,CLOSED,2022-08-30,09:49 PM
190215,Tree Trim,2022-08-30 10:25 PM,Tree Trim Inspection,TREEMAINTENANCE,"UF - BHATTARAI, NIMESH",ARNOT ST & WESTCOTT ST,"2, ZONE",492F,77007,CLOSED,2022-08-30,10:25 PM
190216,Tree Trim,2022-08-30 11:23 PM,Tree Trim Inspection,TREEMAINTENANCE,"UF - BHATTARAI, NIMESH",3706 SOUTHMORE BLVD,"6, ZONE",533H,77004,CLOSED,2022-08-30,11:23 PM
190217,Tree Trim,2022-08-31 02:12 AM,Tree Trim Inspection,TREEMAINTENANCE,"UF - BHATTARAI, NIMESH",2926 MAPLE BEND DR,"4, ZONE",297Q,77345,CLOSED,2022-08-31,02:12 AM
190218,Tree Trim,2022-08-31 05:25 AM,Tree Trim Inspection,TREEMAINTENANCE,"UF - JONES, CODY",6027 RIVERVIEW WAY,"2, ZONE",491J,77057,CLOSED,2022-08-31,05:25 AM
190219,Tree Trim,2022-08-31 06:40 AM,Tree Trim Inspection,TREEMAINTENANCE,"UF - JONES, CODY",3227 CARMEL ST,"3, ZONE",411Z,77091,CLOSED,2022-08-31,06:40 AM
190223,Tree Trim,2022-08-31 09:54 AM,Tree Trim Inspection,TREEMAINTENANCE,"UF - JONES, CODY",855 SILVERGATE DR,"2, ZONE",488F,77079,CLOSED,2022-08-31,09:54 AM
190224,Tree Trim,2022-08-31 10:12 AM,Tree Trim Inspection,TREEMAINTENANCE,"UF - JONES, CODY",168 WYNNE ST,"4, ZONE",453U,77009,CLOSED,2022-08-31,10:12 AM
190225,Tree Stump Grinding,2022-08-31 10:18 AM,Tree Stump Inspection,TREEMAINTENANCE,"UF - JONES, CODY",9318 LEADER ST,"2, ZONE",529H,77036,CLOSED,2022-08-31,10:18 AM
190226,Tree Removal,2022-08-31 11:14 AM,Tree Removal Inspection,TREEMAINTENANCE,"UF - JONES, CODY",4200 S SHEPHERD DR,"7, ZONE",492Y,77098,CLOSED,2022-08-31,11:14 AM
190227,Tree Trim,2022-08-31 11:31 AM,Tree Trim Inspection,TREEMAINTENANCE,"UF - JONES, CODY",6711 MULLINS DR,"7, ZONE",531E,77081,CLOSED,2022-08-31,11:31 AM
190228,Tree Removal,2022-08-31 11:33 AM,Tree Removal Inspection,TREEMAINTENANCE,"UF - POLOVTSEV, SERA",11501 KILBURN RD,"3, ZONE",451P,77055,CLOSED,2022-08-31,11:33 AM
190229,Tree Trim,2022-08-31 11:34 AM,Tree Trim Inspection,TREEMAINTENANCE,"UF - BHATTARAI, NIMESH",9830 ALLWOOD ST,"4, ZONE",454D,77016,CLOSED,2022-08-31,11:34 AM
190230,Tree Removal,2022-08-31 11:46 AM,Tree Removal Inspection,TREEMAINTENANCE,"UF - BHATTARAI, NIMESH",1106 FAIR OAKS RD,"5, ZONE",494Y,77023,CLOSED,2022-08-31,11:46 AM
190231,Tree Trim,2022-08-31 11:48 AM,Tree Trim Inspection,TREEMAINTENANCE,"UF - JONES, CODY",12251 KIRBY DR,"7, ZONE",572M,77045,CLOSED,2022-08-31,11:48 AM
190232,Tree Removal,2022-08-31 01:48 PM,Tree Removal Inspection,TREEMAINTENANCE,"UF - JONES, CODY",801 CORTLANDT ST,"3, ZONE",493A,77007,CLOSED,2022-08-31,01:48 PM
190233,Tree Trim,2022-08-31 03:02 PM,Tree Trim Inspection,TREEMAINTENANCE,"UF - JONES, CODY",1700 ELGIN ST,"2, ZONE",493U,77004,CLOSED,2022-08-31,03:02 PM
190234,Tree Trim,2022-08-31 03:11 PM,Tree Trim Inspection,TREEMAINTENANCE,"UF - BHATTARAI, NIMESH",7733 STERLINGSHIRE ST,"4, ZONE",455A,77016,CLOSED,2022-08-31,03:11 PM
190235,Tree Trim,2022-08-31 03:17 PM,Tree Trim Inspection,TREEMAINTENANCE,"UF - BHATTARAI, NIMESH",9934 WOODWICK ST,"4, ZONE",455A,77016,CLOSED,2022-08-31,03:17 PM
190236,Tree Trim,2022-08-31 03:29 PM,Tree Trim Inspection,TREEMAINTENANCE,"UF - BHATTARAI, NIMESH",10215 GREENFORK DR,"2, ZONE",529R,77036,CLOSED,2022-08-31,03:29 PM
190237,Tree Removal,2022-08-31 03:44 PM,Tree Removal Inspection,TREEMAINTENANCE,"UF - JONES, CODY",9403 PORTAL DR,"7, ZONE",530W,77031,CLOSED,2022-08-31,03:44 PM
190238,Tree Trim,2022-08-31 03:53 PM,Tree Trim Inspection,TREEMAINTENANCE,"UF - JONES, CODY",1618 ELGIN ST,"2, ZONE",493U,77004,CLOSED,2022-08-31,03:53 PM
190239,Tree Trim,2022-08-31 04:08 PM,Tree Trim Inspection,TREEMAINTENANCE,"UF - JONES, CODY",1700 ELGIN ST,"2, ZONE",493U,77004,CLOSED,2022-08-31,04:08 PM
190240,Tree Trim,2022-08-31 04:28 PM,Tree Trim Inspection,TREEMAINTENANCE,"UF - JONES, CODY",1424 HAWTHORNE ST,"2, ZONE",493S,77006,CLOSED,2022-08-31,04:28 PM
190241,Tree Removal,2022-08-31 04:45 PM,Tree Removal Inspection,TREEMAINTENANCE,"UF - JONES, CODY",5635 BENNING DR,"7, ZONE",531W,77096,CLOSED,2022-08-31,04:45 PM
190242,Tree Trim,2022-08-31 05:51 PM,Tree Trim Inspection,TREEMAINTENANCE,"UF - JONES, CODY",5242 CAVERSHAM DR,"7, ZONE",531T,77096,CLOSED,2022-08-31,05:51 PM
190243,Tree Trim,2022-08-31 07:46 PM,Tree Trim Inspection,TREEMAINTENANCE,"UF - JONES, CODY",1525 BINZ ST,"7, ZONE",533B,77004,CLOSED,2022-08-31,07:46 PM
190244,Tree Trim,2022-08-31 07:58 PM,Tree Trim Inspection,TREEMAINTENANCE,"UF - JONES, CODY",3101 W HOLCOMBE BLVD,"7, ZONE",532F,77025,CLOSED,2022-08-31,07:58 PM
190245,Tree Trim,2022-08-31 08:28 PM,Tree Trim Inspection,TREEMAINTENANCE,"UF - JONES, CODY",3101 W HOLCOMBE BLVD,"7, ZONE",532F,77025,CLOSED,2022-08-31,08:28 PM
190246,Tree Trim,2022-08-31 11:02 PM,Tree Trim Inspection,TREEMAINTENANCE,"UF - JONES, CODY",3408 YOAKUM BLVD,"2, ZONE",493S,77006,CLOSED,2022-08-31,11:02 PM
190247,Tree Removal,2022-09-01 01:42 AM,Tree Removal Inspection,TREEMAINTENANCE,"UF - BHATTARAI, NIMESH",2101 DAVIS ST,"4, ZONE",494A,77026,CLOSED,2022-09-01,01:42 AM
190248,Tree Removal,2022-09-01 07:00 AM,Tree Removal Inspection,TREEMAINTENANCE,"UF - BHATTARAI, NIMESH",6100 WHEELER ST,"6, ZONE",534G,77023,CLOSED,2022-09-01,07:00 AM
190255,Tree Trim,2022-09-01 08:30 AM,Tree Trim Inspection,TREEMAINTENANCE,"UF - JONES, CODY",11002 DOUD ST,"7, ZONE",531Y,77035,CLOSED,2022-09-01,08:30 AM
190256,Tree Removal,2022-09-01 09:00 AM,Tree Removal Inspection,TREEMAINTENANCE,"UF - JONES, CODY",7505 MORNINGSIDE DR,"7, ZONE",532L,77030,CLOSED,2022-09-01,09:00 AM
190257,Tree Removal,2022-09-01 09:51 AM,Tree Removal Inspection,TREEMAINTENANCE,"UF - JONES, CODY",801 CORTLANDT ST,"3, ZONE",493A,77007,CLOSED,2022-09-01,09:51 AM
190258,Tree Removal,2022-09-01 10:01 AM,Tree Removal Inspection,TREEMAINTENANCE,"UF - GHIMIRE, GOPAL",6720 COHN ST,"3, ZONE",412Y,77091,CLOSED,2022-09-01,10:01 AM
190259,Tree Trim,2022-09-01 10:21 AM,Tree Trim Inspection,TREEMAINTENANCE,"UF - BHATTARAI, NIMESH",1711 LEE ST,"4, ZONE",493D,77026,CLOSED,2022-09-01,10:21 AM
190260,Tree Removal,2022-09-01 10:25 AM,Tree Removal Inspection,TREEMAINTENANCE,"UF - JONES, CODY",13055 TAYLORCREST RD,"2, ZONE",489G,77079,CLOSED,2022-09-01,10:25 AM
190261,Tree Removal,2022-09-01 10:43 AM,Tree Removal Inspection,TREEMAINTENANCE,"UF - BHATTARAI, NIMESH",3517 BARBERRY DR,"6, ZONE",573C,77051,CLOSED,2022-09-01,10:43 AM
190262,Tree Removal,2022-09-01 10:49 AM,Tree Removal Inspection,TREEMAINTENANCE,"UF - JONES, CODY",4734 WILLOWBEND BLVD,"7, ZONE",531Z,77035,CLOSED,2022-09-01,10:49 AM
190263,Tree Trim,2022-09-01 10:53 AM,Tree Trim Inspection,TREEMAINTENANCE,"UF - BHATTARAI, NIMESH",2300 MILLS BRANCH DR,"4, ZONE",297V,77345,CLOSED,2022-09-01,10:53 AM
190264,Tree Removal,2022-09-01 11:01 AM,Tree Removal Inspection,TREEMAINTENANCE,"UF - JONES, CODY",4630 WILLOWBEND BLVD,"7, ZONE",531Z,77035,CLOSED,2022-09-01,11:01 AM
190265,Tree Trim,2022-09-01 11:16 AM,Tree Trim Inspection,TREEMAINTENANCE,"UF - BHATTARAI, NIMESH",6500 W TIDWELL RD,"3, ZONE",451B,77092,CLOSED,2022-09-01,11:16 AM
190266,Tree Trim,2022-09-01 11:19 AM,Tree Trim Inspection,TREEMAINTENANCE,"UF - JONES, CODY",5807 SPELLMAN RD,"7, ZONE",571A,77096,CLOSED,2022-09-01,11:19 AM
190267,Tree Removal,2022-09-01 11:36 AM,Tree Removal Inspection,TREEMAINTENANCE,"UF - JONES, CODY",4302 EIGEL ST,"2, ZONE",492H,77007,CLOSED,2022-09-01,11:36 AM
190268,Tree Removal,2022-09-01 11:54 AM,Tree Removal Inspection,TREEMAINTENANCE,"UF - BHATTARAI, NIMESH",6522 COUNTRY CLUB DR,"5, ZONE",494Y,77023,CLOSED,2022-09-01,11:54 AM
190269,Tree Removal,2022-09-01 11:54 AM,Tree Removal Inspection,TREEMAINTENANCE,"UF - JONES, CODY",8024 BARKLEY ST,"5, ZONE",535U,77017,CLOSED,2022-09-01,11:54 AM
190270,Tree Trim,2022-09-01 12:53 PM,Tree Trim Inspection,TREEMAINTENANCE,"UF - JONES, CODY",1503 LEHMAN ST,"3, ZONE",452E,77018,CLOSED,2022-09-01,12:53 PM
190271,Tree Removal,2022-09-01 01:00 PM,Tree Removal Inspection,TREEMAINTENANCE,"UF - JONES, CODY",222 E 12TH ST,"3, ZONE",453W,77008,CLOSED,2022-09-01,01:00 PM
190272,Tree Trim,2022-09-01 01:24 PM,Tree Trim Inspection,TREEMAINTENANCE,"UF - BHATTARAI, NIMESH",2701 CAMPBELL ST,"4, ZONE",494A,77026,CLOSED,2022-09-01,01:24 PM
190274,Tree Trim,2022-09-01 02:05 PM,Tree Trim Inspection,TREEMAINTENANCE,"UF - JONES, CODY",400 REDAN ST,"3, ZONE",493B,77009,CLOSED,2022-09-01,02:05 PM
190275,Tree Removal,2022-09-01 02:11 PM,Tree Removal Inspection,TREEMAINTENANCE,"UF - BHATTARAI, NIMESH",1200 MILBY ST,"5, ZONE",494S,77023,CLOSED,2022-09-01,02:11 PM
190276,Tree Trim,2022-09-01 03:09 PM,Tree Trim Inspection,TREEMAINTENANCE,"UF - BURKES, JEREMY",200 OATES RD (HERMANN BROWN PARK),"4, ZONE",496A,77013,CLOSED,2022-09-01,03:09 PM
190277,Tree Trim,2022-09-01 03:17 PM,Tree Trim Inspection,TREEMAINTENANCE,"UF - BHATTARAI, NIMESH",7005 PALMETTO ST,"5, ZONE",535E,77087,CLOSED,2022-09-01,03:17 PM
190279,Tree Trim,2022-09-01 03:27 PM,Tree Trim Inspection,TREEMAINTENANCE,"UF - BHATTARAI, NIMESH",T C JESTER BLVD & I-10 W,"2, ZONE",492G,77007,CLOSED,2022-09-01,03:27 PM
190280,Tree Removal,2022-09-01 03:39 PM,Tree Removal Inspection,TREEMAINTENANCE,"UF - BHATTARAI, NIMESH",9338 PORTAL DR,"7, ZONE",530W,77031,CLOSED,2022-09-01,03:39 PM
190281,Tree Trim,2022-09-01 03:42 PM,Tree Trim Inspection,TREEMAINTENANCE,"UF - JONES, CODY",6822 CARVER RD,"3, ZONE",412W,77091,CLOSED,2022-09-01,03:42 PM
190282,Tree Trim,2022-09-01 04:18 PM,Tree Trim Inspection,TREEMAINTENANCE,"UF - BHATTARAI, NIMESH",5421 MINDEN ST,"4, ZONE",454U,77026,CLOSED,2022-09-01,04:18 PM
190283,Tree Removal,2022-09-01 04:21 PM,Tree Removal Inspection,TREEMAINTENANCE,"UF - POLOVTSEV, SERA",5330 CAREW ST,"7, ZONE",531P,77096,CLOSED,2022-09-01,04:21 PM
190284,Tree Trim,2022-09-01 04:24 PM,Tree Trim Inspection,TREEMAINTENANCE,"UF - JONES, CODY",1906 PROSPECT ST,"7, ZONE",533B,77004,CLOSED,2022-09-01,04:24 PM
190285,Tree Trim,2022-09-01 05:09 PM,Tree Trim Inspection,TREEMAINTENANCE,"UF - BHATTARAI, NIMESH",7416 SHOTWELL ST,"4, ZONE",454L,77028,CLOSED,2022-09-01,05:09 PM
190286,Tree Removal,2022-09-01 05:39 PM,Tree Removal Inspection,TREEMAINTENANCE,"UF - JONES, CODY",8207 WHITECASTLE LN,"3, ZONE",412Q,77088,CLOSED,2022-09-01,05:39 PM
190287,Tree Removal,2022-09-01 05:42 PM,Tree Removal Inspection,TREEMAINTENANCE,"UF - BHATTARAI, NIMESH",7909 CRESTVIEW DR,"4, ZONE",455F,77028,CLOSED,2022-09-01,05:42 PM
190288,Tree Removal,2022-09-01 05:42 PM,Tree Removal Inspection,TREEMAINTENANCE,"UF - BHATTARAI, NIMESH",6615 LLOYD ST,"4, ZONE",453Q,77022,CLOSED,2022-09-01,05:42 PM
190289,Tree Removal,2022-09-01 06:28 PM,Tree Removal Inspection,TREEMAINTENANCE,"UF - JONES, CODY",2727 HOUSTON AVE,"3, ZONE",493C,77009,CLOSED,2022-09-01,06:28 PM
190290,Tree Code Violation,2022-09-01 06:42 PM,Tree Code Violation Inspection,TREEPROTECTION,"UF - JONES, CODY",2731 HOUSTON AVE,"3, ZONE",493C,77009,CLOSED,2022-09-01,06:42 PM
190291,Tree Removal,2022-09-01 06:46 PM,Tree Removal Inspection,TREEMAINTENANCE,"UF - BHATTARAI, NIMESH",3101 W HOLCOMBE BLVD,"7, ZONE",532F,77025,CLOSED,2022-09-01,06:46 PM
190292,Tree Trim,2022-09-01 07:06 PM,Tree Trim Inspection,TREEMAINTENANCE,"UF - JONES, CODY",1347 BEVERLY ST,"3, ZONE",453W,77008,CLOSED,2022-09-01,07:06 PM
190293,Tree Removal,2022-09-01 07:58 PM,Tree Removal Inspection,TREEMAINTENANCE,"UF - JONES, CODY",3303 WESTWICK DR,"2, ZONE",488Y,77082,CLOSED,2022-09-01,07:58 PM
190294,Tree Trim,2022-09-01 08:04 PM,Tree Trim Inspection,TREEMAINTENANCE,"UF - JONES, CODY",6610 KASSARINE PASS,"6, ZONE",534N,77033,CLOSED,2022-09-01,08:04 PM
190295,Tree Trim,2022-09-01 08:37 PM,Tree Trim Inspection,TREEMAINTENANCE,"UF - BHATTARAI, NIMESH",7107 PALMETTO ST,"5, ZONE",535E,77087,CLOSED,2022-09-01,08:37 PM
190296,Tree Removal,2022-09-02 07:56 AM,Tree Removal Inspection,TREEMAINTENANCE,"UF - JONES, CODY",12700 KIMBERLEY LN (BENDWOOD PARK),"2, ZONE",489H,77024,CLOSED,2022-09-02,07:56 AM
190297,Tree Removal,2022-09-02 08:05 AM,Tree Removal Inspection,TREEMAINTENANCE,"UF - JONES, CODY",307 EUCLID ST,"3, ZONE",493B,77009,CLOSED,2022-09-02,08:05 AM
190299,Tree Trim,2022-09-02 08:19 AM,Tree Trim Inspection,TREEMAINTENANCE,"UF - BHATTARAI, NIMESH",2120 POLK ST,"5, ZONE",493R,77003,CLOSED,2022-09-02,08:19 AM
190300,Tree Removal,2022-09-02 08:47 AM,Tree Removal Inspection,TREEMAINTENANCE,"UF - BHATTARAI, NIMESH",401 CANINO RD,"4, ZONE",413T,77037,CLOSED,2022-09-02,08:47 AM
190301,Tree Code Violation,2022-09-02 09:52 AM,Tree Code Violation Inspection,TREEPROTECTION,"UF - JONES, CODY",2603 COMMONWEALTH ST,"2, ZONE",493S,77006,CLOSED,2022-09-02,09:52 AM
190302,Tree Removal,2022-09-02 10:09 AM,Tree Removal Inspection,TREEMAINTENANCE,"UF - BHATTARAI, NIMESH",4000 KINGWOOD DR,"4, ZONE",337A,77339,CLOSED,2022-09-02,10:09 AM
190303,Tree Removal,2022-09-02 10:27 AM,Tree Removal Inspection,TREEMAINTENANCE,"UF - JONES, CODY",9338 SANFORD RD,"7, ZONE",530W,77031,CLOSED,2022-09-02,10:27 AM
190304,Tree Removal,2022-09-02 10:54 AM,Tree Removal Inspection,TREEMAINTENANCE,"UF - JONES, CODY",541 S 75TH ST (MASON PARK),"5, ZONE",535A,77023,CLOSED,2022-09-02,10:54 AM
190305,Tree Trim,2022-09-02 11:27 AM,Tree Trim Inspection,TREEMAINTENANCE,"UF - JONES, CODY",5900 N BRAESWOOD BLVD,"7, ZONE",530V,77074,CLOSED,2022-09-02,11:27 AM
190306,Tree Trim,2022-09-02 11:42 AM,Tree Trim Inspection,TREEMAINTENANCE,"UF - BHATTARAI, NIMESH",9806 CAFFREY ST,"6, ZONE",576S,77075,CLOSED,2022-09-02,11:42 AM
190307,Tree Trim,2022-09-02 11:48 AM,Tree Trim Inspection,TREEMAINTENANCE,"UF - BHATTARAI, NIMESH",4815 HARRISBURG BLVD,"5, ZONE",494T,77011,CLOSED,2022-09-02,11:48 AM
190308,Tree Trim,2022-09-02 12:04 PM,Tree Trim Inspection,TREEMAINTENANCE,"UF - JONES, CODY",4201 DICKSON ST,"2, ZONE",492M,77007,CLOSED,2022-09-02,12:04 PM
190309,Tree Trim,2022-09-02 12:07 PM,Tree Trim Inspection,TREEMAINTENANCE,"UF - BHATTARAI, NIMESH",10402 KITTRELL ST,"5, ZONE",576K,77034,CLOSED,2022-09-02,12:07 PM
190310,Tree Removal,2022-09-02 12:16 PM,Tree Removal Inspection,TREEMAINTENANCE,"UF - BURKES, JEREMY",18801 SAUMS RD (CULLEN PARK - MAYDE TRAIL),"3, ZONE",447S,77084,CLOSED,2022-09-02,12:16 PM
190311,Tree Trim,2022-09-02 12:18 PM,Tree Trim Inspection,TREEMAINTENANCE,"UF - BHATTARAI, NIMESH",10502 TOLMAN ST,"5, ZONE",576F,77034,CLOSED,2022-09-02,12:18 PM
190312,Tree Trim,2022-09-02 01:04 PM,Tree Trim Inspection,TREEMAINTENANCE,"UF - BHATTARAI, NIMESH",5102 CORNISH ST,"3, ZONE",492G,77007,CLOSED,2022-09-02,01:04 PM
190313,Tree Trim,2022-09-02 01:34 PM,Tree Trim Inspection,TREEMAINTENANCE,"UF - BHATTARAI, NIMESH",1014 SCHWEIKHARDT ST,"5, ZONE",494G,77020,CLOSED,2022-09-02,01:34 PM
190314,Tree Removal,2022-09-02 02:05 PM,Tree Removal Inspection,TREEMAINTENANCE,"UF - JONES, CODY",901 RICHMOND AVE,"2, ZONE",493W,77006,CLOSED,2022-09-02,02:05 PM
190316,Tree Removal,2022-09-02 02:17 PM,Tree Removal Inspection,TREEMAINTENANCE,"UF - JONES, CODY",818 W 19TH ST,"3, ZONE",452U,77008,CLOSED,2022-09-02,02:17 PM
190317,Tree Removal,2022-09-02 02:40 PM,Tree Removal Inspection,TREEMAINTENANCE,"UF - BHATTARAI, NIMESH",4430 CARNELIAN CT,"2, ZONE",529E,77072,CLOSED,2022-09-02,02:40 PM
190318,Tree Removal,2022-09-02 02:53 PM,Tree Removal Inspection,TREEMAINTENANCE,"UF - JONES, CODY",4300 KYLE ST,"2, ZONE",493W,77006,CLOSED,2022-09-02,02:53 PM
190319,Tree Trim,2022-09-02 03:33 PM,Tree Trim Inspection,TREEMAINTENANCE,"UF - JONES, CODY",7334 TOURS ST,"2, ZONE",530K,77036,CLOSED,2022-09-02,03:33 PM
190320,Tree Trim,2022-09-02 03:35 PM,Tree Trim Inspection,TREEMAINTENANCE,"UF - BHATTARAI, NIMESH",9100 CHIMNEY ROCK RD,"7, ZONE",531T,77096,CLOSED,2022-09-02,03:35 PM
190321,Tree Removal,2022-09-02 03:50 PM,Tree Removal Inspection,TREEMAINTENANCE,"UF - JONES, CODY",12210 CHIMNEY ROCK RD,"7, ZONE",571F,77035,CLOSED,2022-09-02,03:50 PM
190322,Tree Removal,2022-09-02 04:14 PM,Tree Removal Inspection,TREEMAINTENANCE,"UF - JONES, CODY",608 E 8TH 1/2 ST,"3, ZONE",493A,77007,CLOSED,2022-09-02,04:14 PM
190323,Tree Removal,2022-09-02 04:17 PM,Tree Removal Inspection,TREEMAINTENANCE,"UF - BHATTARAI, NIMESH",3700 COLVIN ST,"4, ZONE",456X,77013,CLOSED,2022-09-02,04:17 PM
190324,Tree Removal,2022-09-02 05:00 PM,Tree Removal Inspection,TREEMAINTENANCE,"UF - JONES, CODY",1222 E 28TH ST,"3, ZONE",453P,77009,CLOSED,2022-09-02,05:00 PM
190325,Tree Trim,2022-09-02 05:18 PM,Tree Trim Inspection,TREEMAINTENANCE,"UF - JONES, CODY",4307 KYLE ST,"2, ZONE",493W,77006,CLOSED,2022-09-02,05:18 PM
190326,Tree Trim,2022-09-02 05:20 PM,Tree Trim Inspection,TREEMAINTENANCE,"UF - BHATTARAI, NIMESH",8408 AUTUMN LN,"4, ZONE",454G,77016,CLOSED,2022-09-02,05:20 PM
190327,Tree Removal,2022-09-02 06:15 PM,Tree Removal Inspection,TREEMAINTENANCE,"UF - BHATTARAI, NIMESH",223 BRYAN ST,"5, ZONE",494T,77011,CLOSED,2022-09-02,06:15 PM
190328,Tree Removal,2022-09-03 09:53 AM,Tree Removal Inspection,TREEMAINTENANCE,"UF - JONES, CODY",7802 RICHMOND AVE,"2, ZONE",490Z,77063,CLOSED,2022-09-03,09:53 AM
190329,Tree Trim,2022-09-03 12:33 PM,Tree Trim Inspection,TREEMAINTENANCE,"UF - JONES, CODY",5044 LAMONTE LN,"3, ZONE",451L,77092,CLOSED,2022-09-03,12:33 PM
190330,Tree Trim,2022-09-03 12:42 PM,Tree Trim Inspection,TREEMAINTENANCE,"UF - JONES, CODY",1603 GINGERLEAF LN,"3, ZONE",451W,77055,CLOSED,2022-09-03,12:42 PM
190331,Tree Removal,2022-09-03 04:40 PM,Tree Removal Inspection,TREEMAINTENANCE,"UF - BHATTARAI, NIMESH",6307 ROSEMARY LN,"4, ZONE",415S,77016,CLOSED,2022-09-03,04:40 PM
190332,Tree Planting,2022-09-03 05:37 PM,Tree Planting Inspection,TREEPROTECTION,"UF - POLOVTSEV, SERA",1300 SEAMIST DR (JAYCEE PARK),"3, ZONE",452W,77008,CLOSED,2022-09-03,05:37 PM
190333,Tree Removal,2022-09-03 06:47 PM,Tree Removal Inspection,TREEMAINTENANCE,"UF - JONES, CODY",5000 MILWEE ST,"3, ZONE",451L,77092,CLOSED,2022-09-03,06:47 PM
190334,Tree Removal,2022-09-03 11:33 PM,Tree Removal Inspection,TREEMAINTENANCE,"UF - JONES, CODY",9211 STROUD DR,"2, ZONE",530J,77036,CLOSED,2022-09-03,11:33 PM
190335,Tree Removal,2022-09-04 07:57 AM,Tree Removal Inspection,TREEMAINTENANCE,"UF - BHATTARAI, NIMESH",201 FELLOWS RD,"7, ZONE",572Y,77047,CLOSED,2022-09-04,07:57 AM
190336,Tree Removal,2022-09-04 08:25 AM,Tree Removal Inspection,TREEMAINTENANCE,"UF - BHATTARAI, NIMESH",4906 HARRISBURG BLVD,"5, ZONE",494T,77011,CLOSED,2022-09-04,08:25 AM
190337,Tree Removal,2022-09-04 11:20 AM,Tree Removal Inspection,TREEMAINTENANCE,"UF - BHATTARAI, NIMESH",3402 TIDFORD ST,"4, ZONE",454B,77093,CLOSED,2022-09-04,11:20 AM
190338,Tree Trim,2022-09-04 02:20 PM,Tree Trim Inspection,TREEMAINTENANCE,"UF - BHATTARAI, NIMESH",6319 REED RD,"6, ZONE",574C,77087,CLOSED,2022-09-04,02:20 PM
190339,Tree Trim,2022-09-04 03:51 PM,Tree Trim Inspection,TREEMAINTENANCE,"UF - JONES, CODY",13113 NITIDA ST,"7, ZONE",571M,77045,CLOSED,2022-09-04,03:51 PM
190340,Tree Trim,2022-09-04 05:23 PM,Tree Trim Inspection,TREEMAINTENANCE,"UF - JONES, CODY",500 EL DORADO BLVD,"5, ZONE",618N,77598,CLOSED,2022-09-04,05:23 PM
190341,Tree Trim,2022-09-04 07:46 PM,Tree Trim Inspection,TREEMAINTENANCE,"UF - BHATTARAI, NIMESH",5217 SCOTT ST,"6, ZONE",533H,77004,CLOSED,2022-09-04,07:46 PM
190342,Tree Removal,2022-09-04 10:50 PM,Tree Removal Inspection,TREEMAINTENANCE,"UF - JONES, CODY",3102 BLALOCK RD,"3, ZONE",450L,77080,CLOSED,2022-09-04,10:50 PM
190343,Tree Trim,2022-09-05 01:06 AM,Tree Trim Inspection,TREEMAINTENANCE,"UF - JONES, CODY",102 W TROY RD,"3, ZONE",452D,77076,CLOSED,2022-09-05,01:06 AM
190344,Tree Removal,2022-09-05 03:58 AM,Tree Removal Inspection,TREEMAINTENANCE,"UF - BHATTARAI, NIMESH",205 FELLOWS RD,"7, ZONE",572Y,77047,CLOSED,2022-09-05,03:58 AM
190345,Tree Removal,2022-09-05 09:57 AM,Tree Removal Inspection,TREEMAINTENANCE,"UF - BHATTARAI, NIMESH",6915 AVENUE E,"5, ZONE",494V,77011,CLOSED,2022-09-05,09:57 AM
190346,Tree Trim,2022-09-05 09:59 AM,Tree Trim Inspection,TREEMAINTENANCE,"UF - JONES, CODY",6623 DICKSON WAY,"7, ZONE",571S,77085,CLOSED,2022-09-05,09:59 AM
190347,Tree Trim,2022-09-05 11:19 AM,Tree Trim Inspection,TREEMAINTENANCE,"UF - JONES, CODY",3019 STALLY ST,"3, ZONE",451R,77092,CLOSED,2022-09-05,11:19 AM
190348,Tree Trim,2022-09-05 12:19 PM,Tree Trim Inspection,TREEMAINTENANCE,"UF - BHATTARAI, NIMESH",8750 FLOSSIE MAE ST,"5, ZONE",495L,77029,CLOSED,2022-09-05,12:19 PM
190349,Tree Trim,2022-09-05 08:48 PM,Tree Trim Inspection,TREEMAINTENANCE,"UF - BHATTARAI, NIMESH",4724 HAIN ST,"4, ZONE",453U,77009,CLOSED,2022-09-05,08:48 PM
190350,Tree Removal,2022-09-05 11:25 PM,Tree Removal Inspection,TREEMAINTENANCE,"UF - BHATTARAI, NIMESH",COFFEE ST & TETON ST,"6, ZONE",533V,77033,CLOSED,2022-09-05,11:25 PM
190351,Tree Trim,2022-09-06 03:29 AM,Tree Trim Inspection,TREEMAINTENANCE,"UF - JONES, CODY",7223 WILLIAMS ST,"3, ZONE",410V,77040,CLOSED,2022-09-06,03:29 AM
190352,Tree Removal,2022-09-06 04:39 AM,Tree Removal Inspection,TREEMAINTENANCE,"UF - BHATTARAI, NIMESH",3700 S BRAESWOOD BLVD,"7, ZONE",532N,77025,CLOSED,2022-09-06,04:39 AM
190357,Tree Removal,2022-09-06 07:22 AM,Tree Removal Inspection,TREEMAINTENANCE,"UF - BHATTARAI, NIMESH",1107 SOUTHWEST FWY,"7, ZONE",569C,77074,CLOSED,2022-09-06,07:22 AM
190358,Tree Trim,2022-09-06 07:49 AM,Tree Trim Inspection,TREEMAINTENANCE,"UF - BHATTARAI, NIMESH",3800 MCKINNEY ST,"5, ZONE",494S,77023,CLOSED,2022-09-06,07:49 AM
190359,Tree Trim,2022-09-06 08:01 AM,Tree Trim Inspection,TREEMAINTENANCE,"UF - BHATTARAI, NIMESH",7700 WALLISVILLE RD,"4, ZONE",495A,77020,CLOSED,2022-09-06,08:01 AM
190360,Tree Removal,2022-09-06 08:13 AM,Tree Removal Inspection,TREEMAINTENANCE,"UF - JONES, CODY",1129 W GRAY ST,"2, ZONE",493N,77006,CLOSED,2022-09-06,08:13 AM
190361,Tree Removal,2022-09-06 08:25 AM,Tree Removal Inspection,TREEMAINTENANCE,"UF - JONES, CODY",8623 BELLE PARK DR,"2, ZONE",529P,77099,CLOSED,2022-09-06,08:25 AM
190362,Tree Removal,2022-09-06 08:59 AM,Tree Removal Inspection,TREEMAINTENANCE,"UF - BHATTARAI, NIMESH",1113 VERA LOU ST,"6, ZONE",533U,77051,CLOSED,2022-09-06,08:59 AM
190363,Tree Removal,2022-09-06 09:11 AM,Tree Removal Inspection,TREEMAINTENANCE,"UF - JONES, CODY",1741 NORFOLK ST,"2, ZONE",492Z,77098,CLOSED,2022-09-06,09:11 AM
190364,Tree Trim,2022-09-06 09:56 AM,Tree Trim Inspection,TREEMAINTENANCE,"UF - BHATTARAI, NIMESH",5826 FROST ST,"4, ZONE",374Z,77396,CLOSED,2022-09-06,09:56 AM
190365,Tree Trim,2022-09-06 10:11 AM,Tree Trim Inspection,TREEMAINTENANCE,"UF - BHATTARAI, NIMESH",10218 KITTRELL ST,"5, ZONE",576K,77034,CLOSED,2022-09-06,10:11 AM
190366,Tree Trim,2022-09-06 10:21 AM,Tree Trim Inspection,TREEMAINTENANCE,"UF - BHATTARAI, NIMESH",11526 TIERRA RIDGE CT,"5, ZONE",576Q,77034,CLOSED,2022-09-06,10:21 AM
190369,Tree Removal,2022-09-06 10:41 AM,Tree Removal Inspection,TREEMAINTENANCE,"UF - JONES, CODY",8823 MCAVOY DR,"7, ZONE",530R,77074,CLOSED,2022-09-06,10:41 AM
190370,Tree Removal,2022-09-06 11:11 AM,Tree Removal Inspection,TREEMAINTENANCE,"UF - GHIMIRE, GOPAL",171 STONEY CREEK DR,"2, ZONE",490J,77024,CLOSED,2022-09-06,11:11 AM
190371,Tree Removal,2022-09-06 11:14 AM,Tree Removal Inspection,TREEMAINTENANCE,"UF - JONES, CODY",202 GLENWOOD DR,"2, ZONE",492L,77007,CLOSED,2022-09-06,11:14 AM
190372,Tree Trim,2022-09-06 11:25 AM,Tree Trim Inspection,TREEMAINTENANCE,"UF - JONES, CODY",7013 MOSS ROSE ST,"5, ZONE",535E,77087,CLOSED,2022-09-06,11:25 AM
190373,Tree Trim,2022-09-06 11:57 AM,Tree Trim Inspection,TREEMAINTENANCE,"UF - JONES, CODY",1031 STUDE ST (STUDE PARK),"3, ZONE",493F,77007,CLOSED,2022-09-06,11:57 AM
190374,Tree Trim,2022-09-06 12:02 PM,Tree Trim Inspection,TREEMAINTENANCE,"UF - JONES, CODY",3201 WESTHEIMER RD,"2, ZONE",492T,77098,CLOSED,2022-09-06,12:02 PM
190375,Tree Trim,2022-09-06 12:05 PM,Tree Trim Inspection,TREEMAINTENANCE,"UF - JONES, CODY",3053 LOCKE LN,"2, ZONE",492U,77019,CLOSED,2022-09-06,12:05 PM
190376,Tree Trim,2022-09-06 12:06 PM,Tree Trim Inspection,TREEMAINTENANCE,"UF - JONES, CODY",3065 LOCKE LN,"2, ZONE",492U,77019,CLOSED,2022-09-06,12:06 PM
190377,Tree Stump Grinding,2022-09-06 12:06 PM,Tree Stump Inspection,TREEMAINTENANCE,"UF - JONES, CODY",11830 PEACH GROVE DR,"2, ZONE",529W,77099,CLOSED,2022-09-06,12:06 PM
190378,Tree Removal,2022-09-06 12:06 PM,Tree Removal Inspection,TREEMAINTENANCE,"UF - BHATTARAI, NIMESH",3821 GARROW ST,"5, ZONE",494S,77003,CLOSED,2022-09-06,12:06 PM
190379,Tree Trim,2022-09-06 12:08 PM,Tree Trim Inspection,TREEMAINTENANCE,"UF - JONES, CODY",3011 LOCKE LN,"2, ZONE",492U,77019,CLOSED,2022-09-06,12:08 PM
190380,Tree Trim,2022-09-06 12:09 PM,Tree Trim Inspection,TREEMAINTENANCE,"UF - JONES, CODY",3039 LOCKE LN,"2, ZONE",492U,77019,CLOSED,2022-09-06,12:09 PM
190381,Tree Trim,2022-09-06 12:09 PM,Tree Trim Inspection,TREEMAINTENANCE,"UF - JONES, CODY",2910 WESTHEIMER RD,"2, ZONE",492U,77019,CLOSED,2022-09-06,12:09 PM
190382,Tree Trim,2022-09-06 12:15 PM,Tree Trim Inspection,TREEMAINTENANCE,"UF - JONES, CODY",3225 LOCKE LN,"2, ZONE",492T,77019,CLOSED,2022-09-06,12:15 PM
190383,Tree Trim,2022-09-06 12:16 PM,Tree Trim Inspection,TREEMAINTENANCE,"UF - JONES, CODY",3209 LOCKE LN,"2, ZONE",492T,77019,CLOSED,2022-09-06,12:16 PM
190384,Tree Trim,2022-09-06 12:16 PM,Tree Trim Inspection,TREEMAINTENANCE,"UF - JONES, CODY",3054 LOCKE LN,"2, ZONE",492U,77019,CLOSED,2022-09-06,12:16 PM
190385,Tree Removal,2022-09-06 12:36 PM,Tree Removal Inspection,TREEMAINTENANCE,"UF - JONES, CODY",7332 OAK HILL DR,"6, ZONE",535S,77087,CLOSED,2022-09-06,12:36 PM
190386,Tree Trim,2022-09-06 12:41 PM,Tree Trim Inspection,TREEMAINTENANCE,"UF - BHATTARAI, NIMESH",355 FLORAVISTA DR,"5, ZONE",618S,77598,CLOSED,2022-09-06,12:41 PM
190387,Tree Removal,2022-09-06 01:09 PM,Tree Removal Inspection,TREEMAINTENANCE,"UF - JONES, CODY",5532 ALMEDA RD,"7, ZONE",533B,77004,CLOSED,2022-09-06,01:09 PM
190388,Tree Trim,2022-09-06 01:39 PM,Tree Trim Inspection,TREEMAINTENANCE,"UF - BHATTARAI, NIMESH",2507 VALLEY MANOR DR,"4, ZONE",337A,77339,CLOSED,2022-09-06,01:39 PM
190389,Tree Removal,2022-09-06 02:17 PM,Tree Removal Inspection,TREEMAINTENANCE,"UF - JONES, CODY",1122 FLEETWOOD PLACE DR,"2, ZONE",488E,77079,CLOSED,2022-09-06,02:17 PM
190390,Tree Trim,2022-09-06 02:43 PM,Tree Trim Inspection,TREEMAINTENANCE,"UF - BHATTARAI, NIMESH",10605 FUQUA ST,"6, ZONE",576T,77089,CLOSED,2022-09-06,02:43 PM
190391,Tree Trim,2022-09-06 03:01 PM,Tree Trim Inspection,TREEMAINTENANCE,"UF - JONES, CODY",2200 AVENIDA LA QUINTA ST,"2, ZONE",488U,77077,CLOSED,2022-09-06,03:01 PM
190393,Tree Trim,2022-09-06 03:23 PM,Tree Trim Inspection,TREEMAINTENANCE,"UF - BHATTARAI, NIMESH",517 RAYMAC ST,"4, ZONE",412H,77037,CLOSED,2022-09-06,03:23 PM
190394,Tree Trim,2022-09-06 03:38 PM,Tree Trim Inspection,TREEMAINTENANCE,"UF - BHATTARAI, NIMESH",3401 NATHANIEL BROWN ST,"6, ZONE",533P,77021,CLOSED,2022-09-06,03:38 PM
190395,Tree Removal,2022-09-06 03:50 PM,Tree Removal Inspection,TREEMAINTENANCE,"UF - BHATTARAI, NIMESH",6532 ALMEDA RD (BAYOU PARKLAND PARK),"7, ZONE",533E,77030,CLOSED,2022-09-06,03:50 PM
190396,Tree Removal,2022-09-06 05:43 PM,Tree Removal Inspection,TREEMAINTENANCE,"UF - JONES, CODY",1425 HARVARD ST,"3, ZONE",453W,77008,CLOSED,2022-09-06,05:43 PM
190397,Tree Trim,2022-09-06 11:00 PM,Tree Trim Inspection,TREEMAINTENANCE,"UF - JONES, CODY",6402 TIFFANY DR,"7, ZONE",571P,77085,CLOSED,2022-09-06,11:00 PM
190398,Tree Removal,2022-09-07 01:19 AM,Tree Removal Inspection,TREEMAINTENANCE,"UF - BHATTARAI, NIMESH",6310 GLENCOE ST,"6, ZONE",534Q,77087,CLOSED,2022-09-07,01:19 AM
190399,Tree Removal,2022-09-07 02:16 AM,Tree Removal Inspection,TREEMAINTENANCE,"UF - JONES, CODY",4900 S BRAESWOOD BLVD,"7, ZONE",531U,77096,CLOSED,2022-09-07,02:16 AM
190400,Tree Trim,2022-09-07 07:54 AM,Tree Trim Inspection,TREEMAINTENANCE,"UF - BHATTARAI, NIMESH",2301 MID LN,"2, ZONE",491V,77027,CLOSED,2022-09-07,07:54 AM
190401,Tree Trim,2022-09-07 08:09 AM,Tree Trim Inspection,TREEMAINTENANCE,"UF - JONES, CODY",3400 W AIRPORT BLVD,"7, ZONE",572F,77045,CLOSED,2022-09-07,08:09 AM
190402,Tree Removal,2022-09-07 08:39 AM,Tree Removal Inspection,TREEMAINTENANCE,"UF - JONES, CODY",67 TURNER DR,"4, ZONE",453B,77076,CLOSED,2022-09-07,08:39 AM
190403,Tree Trim,2022-09-07 08:58 AM,Tree Trim Inspection,TREEMAINTENANCE,"UF - JONES, CODY",2324 WATTS ST,"7, ZONE",532G,77030,CLOSED,2022-09-07,08:58 AM
190404,Tree Trim,2022-09-07 09:55 AM,Tree Trim Inspection,TREEMAINTENANCE,"UF - BHATTARAI, NIMESH",909 LEAR ST,"4, ZONE",497E,77015,CLOSED,2022-09-07,09:55 AM
190405,Tree Trim,2022-09-07 09:56 AM,Tree Trim Inspection,TREEMAINTENANCE,"UF - BHATTARAI, NIMESH",917 LEAR ST,"4, ZONE",497E,77015,CLOSED,2022-09-07,09:56 AM
190406,Tree Trim,2022-09-07 11:19 AM,Tree Trim Inspection,TREEMAINTENANCE,"UF - POLOVTSEV, SERA",3949 W MAIN ST,"2, ZONE",492S,77027,CLOSED,2022-09-07,11:19 AM
190407,Tree Removal,2022-09-07 11:24 AM,Tree Removal Inspection,TREEMAINTENANCE,"UF - JONES, CODY",12257 KUYKENDAHL RD,"3, ZONE",372L,77067,CLOSED,2022-09-07,11:24 AM
190408,Tree Removal,2022-09-07 11:25 AM,Tree Removal Inspection,TREEMAINTENANCE,"UF - JONES, CODY",12106 BROKEN ARROW ST,"2, ZONE",490E,77024,CLOSED,2022-09-07,11:25 AM
190409,Tree Removal,2022-09-07 11:42 AM,Tree Removal Inspection,TREEMAINTENANCE,"UF - ERICKSON, IAN",27723 HUFFMAN CLEVELAND RD,"4, ZONE",298Z,77336,CLOSED,2022-09-07,11:42 AM
190410,Tree Removal,2022-09-07 11:44 AM,Tree Removal Inspection,TREEMAINTENANCE,"UF - JONES, CODY",2313 ELMEN ST,"2, ZONE",492V,77019,CLOSED,2022-09-07,11:44 AM
190411,Tree Trim,2022-09-07 12:14 PM,Tree Trim Inspection,TREEMAINTENANCE,"UF - POLOVTSEV, SERA",3906 W MAIN ST,"2, ZONE",492S,77027,CLOSED,2022-09-07,12:14 PM
190412,Tree Trim,2022-09-07 12:17 PM,Tree Trim Inspection,TREEMAINTENANCE,"UF - JONES, CODY",2450 BISSONNET ST,"7, ZONE",492Y,77098,CLOSED,2022-09-07,12:17 PM
190413,Tree Trim,2022-09-07 12:20 PM,Tree Trim Inspection,TREEMAINTENANCE,"UF - POLOVTSEV, SERA",3903 COLQUITT ST,"2, ZONE",492W,77027,CLOSED,2022-09-07,12:20 PM
190414,Tree Trim,2022-09-07 12:20 PM,Tree Trim Inspection,TREEMAINTENANCE,"UF - POLOVTSEV, SERA",3903 W MAIN ST,"2, ZONE",492S,77027,CLOSED,2022-09-07,12:20 PM
190415,Tree Trim,2022-09-07 12:23 PM,Tree Trim Inspection,TREEMAINTENANCE,"UF - POLOVTSEV, SERA",4002 MARKHAM ST,"2, ZONE",492W,77027,CLOSED,2022-09-07,12:23 PM
190416,Tree Trim,2022-09-07 12:23 PM,Tree Trim Inspection,TREEMAINTENANCE,"UF - POLOVTSEV, SERA",4003 WHITMAN ST,"2, ZONE",492W,77027,CLOSED,2022-09-07,12:23 PM
190417,Tree Trim,2022-09-07 12:26 PM,Tree Trim Inspection,TREEMAINTENANCE,"UF - POLOVTSEV, SERA",4006 RICHMOND AVE,"2, ZONE",492W,77027,CLOSED,2022-09-07,12:26 PM
190418,Tree Trim,2022-09-07 12:27 PM,Tree Trim Inspection,TREEMAINTENANCE,"UF - POLOVTSEV, SERA",4004 RICHMOND AVE,"2, ZONE",492W,77027,CLOSED,2022-09-07,12:27 PM
190419,Tree Trim,2022-09-07 12:32 PM,Tree Trim Inspection,TREEMAINTENANCE,"UF - BHATTARAI, NIMESH",2609 MID LN,"2, ZONE",491V,77027,CLOSED,2022-09-07,12:32 PM
190420,Tree Trim,2022-09-07 12:33 PM,Tree Trim Inspection,TREEMAINTENANCE,"UF - BHATTARAI, NIMESH",8 LANA LN,"2, ZONE",491V,77027,CLOSED,2022-09-07,12:33 PM
190421,Tree Trim,2022-09-07 12:33 PM,Tree Trim Inspection,TREEMAINTENANCE,"UF - BHATTARAI, NIMESH",27 LANA LN,"2, ZONE",491V,77027,CLOSED,2022-09-07,12:33 PM
190422,Tree Trim,2022-09-07 12:34 PM,Tree Trim Inspection,TREEMAINTENANCE,"UF - BHATTARAI, NIMESH",4252 RICHMOND AVE,"2, ZONE",491Z,77027,CLOSED,2022-09-07,12:34 PM
190423,Tree Trim,2022-09-07 12:39 PM,Tree Trim Inspection,TREEMAINTENANCE,"UF - BHATTARAI, NIMESH",2603 W LANE DR,"2, ZONE",491V,77027,CLOSED,2022-09-07,12:39 PM
190426,Tree Removal,2022-09-07 01:05 PM,Tree Removal Inspection,TREEMAINTENANCE,"UF - BHATTARAI, NIMESH",2121 CENTRAL ST (MILBY PARK),"5, ZONE",535L,77017,CLOSED,2022-09-07,01:05 PM
190432,Tree Removal,2022-09-07 02:00 PM,Tree Removal Inspection,TREEMAINTENANCE,"UF - JONES, CODY",10526 ROCKCREST RD,"3, ZONE",449H,77041,CLOSED,2022-09-07,02:00 PM
190433,Tree Trim,2022-09-07 02:06 PM,Tree Trim Inspection,TREEMAINTENANCE,"UF - JONES, CODY",3501 CHENEVERT ST,"2, ZONE",493Y,77004,CLOSED,2022-09-07,02:06 PM
190434,Tree Trim,2022-09-07 02:08 PM,Tree Trim Inspection,TREEMAINTENANCE,"UF - JONES, CODY",12215 CORONA LN,"2, ZONE",529J,77072,CLOSED,2022-09-07,02:08 PM
190435,Tree Removal,2022-09-07 02:09 PM,Tree Removal Inspection,TREEMAINTENANCE,"UF - JONES, CODY",12700 HIGH STAR DR,"2, ZONE",528H,77072,CLOSED,2022-09-07,02:09 PM
190436,Tree Removal,2022-09-07 02:09 PM,Tree Removal Inspection,TREEMAINTENANCE,"UF - JONES, CODY",10332 BRIDGELAND LN,"3, ZONE",449H,77041,CLOSED,2022-09-07,02:09 PM
190437,Tree Removal,2022-09-07 02:14 PM,Tree Removal Inspection,TREEMAINTENANCE,"UF - JONES, CODY",2709 COLQUITT ST,"2, ZONE",492Y,77098,CLOSED,2022-09-07,02:14 PM
190438,Tree Trim,2022-09-07 02:14 PM,Tree Trim Inspection,TREEMAINTENANCE,"UF - BHATTARAI, NIMESH",619 FRISCO ST,"4, ZONE",453Q,77022,CLOSED,2022-09-07,02:14 PM
190441,Tree Removal,2022-09-07 02:27 PM,Tree Removal Inspection,TREEMAINTENANCE,"UF - BHATTARAI, NIMESH",3905 IDAHO ST,"6, ZONE",533Q,77021,CLOSED,2022-09-07,02:27 PM
190443,Tree Trim,2022-09-07 02:36 PM,Tree Trim Inspection,TREEMAINTENANCE,"UF - BHATTARAI, NIMESH",4702 SHADOWDALE DR,"3, ZONE",449H,77041,CLOSED,2022-09-07,02:36 PM
190444,Tree Trim,2022-09-07 02:42 PM,Tree Trim Inspection,TREEMAINTENANCE,"UF - BHATTARAI, NIMESH",4423 DURBAN DR,"3, ZONE",449H,77041,CLOSED,2022-09-07,02:42 PM
190445,Tree Removal,2022-09-07 02:42 PM,Tree Removal Inspection,TREEMAINTENANCE,"UF - JONES, CODY",1931 NORTH BLVD,"7, ZONE",492Z,77098,CLOSED,2022-09-07,02:42 PM
190447,Tree Removal,2022-09-07 05:19 PM,Tree Removal Inspection,TREEMAINTENANCE,"UF - JONES, CODY",702 ENID ST,"3, ZONE",453X,77009,CLOSED,2022-09-07,05:19 PM
190448,Tree Removal,2022-09-07 05:37 PM,Tree Removal Inspection,TREEMAINTENANCE,"UF - JONES, CODY",738 RIEDEL DR,"2, ZONE",490F,77024,CLOSED,2022-09-07,05:37 PM
190449,Tree Removal,2022-09-07 06:19 PM,Tree Removal Inspection,TREEMAINTENANCE,"UF - JONES, CODY",BLALOCK RD & KEMPWOOD DR,"3, ZONE",450L,77080,CLOSED,2022-09-07,06:19 PM
190450,Tree Removal,2022-09-07 06:56 PM,Tree Removal Inspection,TREEMAINTENANCE,"UF - JONES, CODY",1404 WITTE RD (HADEN PARK),"3, ZONE",450W,77080,CLOSED,2022-09-07,06:56 PM
190451,Tree Removal,2022-09-07 06:59 PM,Tree Removal Inspection,TREEMAINTENANCE,"UF - BHATTARAI, NIMESH",1750 ALBANS RD,"7, ZONE",532D,77005,CLOSED,2022-09-07,06:59 PM
190452,Tree Removal,2022-09-07 07:07 PM,Tree Removal Inspection,TREEMAINTENANCE,"UF - JONES, CODY","1750 Albans Rd,  Houston,  Texas,  77005","7, ZONE",532D,77005,CLOSED,2022-09-07,07:07 PM
190453,Tree Removal,2022-09-07 08:05 PM,Tree Removal Inspection,TREEMAINTENANCE,"UF - JONES, CODY",5514 TURFWOOD LN,"3, ZONE",411Q,77088,CLOSED,2022-09-07,08:05 PM
190454,Tree Trim,2022-09-07 08:41 PM,Tree Trim Inspection,TREEMAINTENANCE,"UF - JONES, CODY",10202 BROOKTREE DR,"3, ZONE",449Z,77043,CLOSED,2022-09-07,08:41 PM
190455,Tree Removal,2022-09-07 08:44 PM,Tree Removal Inspection,TREEMAINTENANCE,"UF - JONES, CODY",1341 CONRAD SAUER DR,"3, ZONE",449Z,77043,CLOSED,2022-09-07,08:44 PM
190456,Tree Removal,2022-09-08 01:30 AM,Tree Removal Inspection,TREEMAINTENANCE,"UF - BHATTARAI, NIMESH",1700 ALBANS RD,"7, ZONE",532D,77005,CLOSED,2022-09-08,01:30 AM
190457,Tree Removal,2022-09-08 02:46 AM,Tree Removal Inspection,TREEMAINTENANCE,"UF - BHATTARAI, NIMESH",6103 MCKINSTRY BLVD,"7, ZONE",571P,77085,CLOSED,2022-09-08,02:46 AM
190458,Tree Trim,2022-09-08 08:15 AM,Tree Trim Inspection,TREEMAINTENANCE,"UF - JONES, CODY",940 ADELE ST,"3, ZONE",453T,77009,CLOSED,2022-09-08,08:15 AM
190459,Tree Removal,2022-09-08 08:34 AM,Tree Removal Inspection,TREEMAINTENANCE,"UF - BHATTARAI, NIMESH",6310 GLENCOE ST,"6, ZONE",534Q,77087,CLOSED,2022-09-08,08:34 AM
190460,Tree Removal,2022-09-08 08:45 AM,Tree Removal Inspection,TREEMAINTENANCE,"UF - JONES, CODY",W 43RD ST & SUE BARNETT DR,"3, ZONE",452L,77018,CLOSED,2022-09-08,08:45 AM
190461,Tree Removal,2022-09-08 08:54 AM,Tree Removal Inspection,TREEMAINTENANCE,"UF - BHATTARAI, NIMESH",11603 SOUTH DR,"2, ZONE",529T,77099,CLOSED,2022-09-08,08:54 AM
190462,Tree Trim,2022-09-08 09:22 AM,Tree Trim Inspection,TREEMAINTENANCE,"UF - JONES, CODY",8601 BROADWAY ST,"6, ZONE",535X,77061,CLOSED,2022-09-08,09:22 AM
190463,Tree Removal,2022-09-08 09:46 AM,Tree Removal Inspection,TREEMAINTENANCE,"UF - BHATTARAI, NIMESH",10101 S GESSNER RD,"7, ZONE",530T,77071,CLOSED,2022-09-08,09:46 AM
190464,Tree Trim,2022-09-08 10:06 AM,Tree Trim Inspection,TREEMAINTENANCE,"UF - JONES, CODY",8802 PECAN PLACE DR,"7, ZONE",570B,77071,CLOSED,2022-09-08,10:06 AM
190465,Tree Trim,2022-09-08 10:31 AM,Tree Trim Inspection,TREEMAINTENANCE,"UF - BHATTARAI, NIMESH",2331 PENNINGTON ST,"4, ZONE",454E,77093,CLOSED,2022-09-08,10:31 AM
190466,Tree Removal,2022-09-08 11:10 AM,Tree Removal Inspection,TREEMAINTENANCE,"UF - JONES, CODY",5723 EAGLE LNDG,"7, ZONE",571L,77085,CLOSED,2022-09-08,11:10 AM
190467,Tree Removal,2022-09-08 11:18 AM,Tree Removal Inspection,TREEMAINTENANCE,"UF - JONES, CODY",117 E 27TH ST,"3, ZONE",453S,77008,CLOSED,2022-09-08,11:18 AM
190468,Tree Removal,2022-09-08 11:20 AM,Tree Removal Inspection,TREEMAINTENANCE,"UF - JONES, CODY",SUE BARNETT DR & W 41ST ST (SPARK PARK),"3, ZONE",452L,77018,CLOSED,2022-09-08,11:20 AM
190469,Tree Removal,2022-09-08 11:28 AM,Tree Removal Inspection,TREEMAINTENANCE,"UF - JONES, CODY",W 34TH ST & LAWRENCE ST (GRAHAM PARK),"3, ZONE",452R,77018,CLOSED,2022-09-08,11:28 AM
190470,Tree Removal,2022-09-08 11:31 AM,Tree Removal Inspection,TREEMAINTENANCE,"UF - JONES, CODY",W 34TH ST & LAWRENCE ST (GRAHAM PARK),"3, ZONE",452R,77018,CLOSED,2022-09-08,11:31 AM
190471,Tree Removal,2022-09-08 11:34 AM,Tree Removal Inspection,TREEMAINTENANCE,"UF - JONES, CODY",9311 FAIRDALE LN,"2, ZONE",490X,77063,CLOSED,2022-09-08,11:34 AM
190472,Tree Removal,2022-09-08 12:28 PM,Tree Removal Inspection,TREEMAINTENANCE,"UF - JONES, CODY",5514 TURFWOOD LN,"3, ZONE",411Q,77088,CLOSED,2022-09-08,12:28 PM
190473,Tree Trim,2022-09-08 01:44 PM,Tree Trim Inspection,TREEMAINTENANCE,"UF - JONES, CODY",6611 FLAMINGO DR,"6, ZONE",534Y,77087,CLOSED,2022-09-08,01:44 PM
190474,Tree Trim,2022-09-08 02:17 PM,Tree Trim Inspection,TREEMAINTENANCE,"UF - BHATTARAI, NIMESH",4991 DUMFRIES DR,"7, ZONE",531U,77096,CLOSED,2022-09-08,02:17 PM
190475,Tree Removal,2022-09-08 02:29 PM,Tree Removal Inspection,TREEMAINTENANCE,"UF - BHATTARAI, NIMESH",6210 QUAIL MEADOW DR,"7, ZONE",570D,77035,CLOSED,2022-09-08,02:29 PM
190476,Tree Trim,2022-09-08 02:30 PM,Tree Trim Inspection,TREEMAINTENANCE,"UF - BHATTARAI, NIMESH",1209 CAVALCADE ST,"4, ZONE",453V,77009,CLOSED,2022-09-08,02:30 PM
190477,Tree Trim,2022-09-08 02:47 PM,Tree Trim Inspection,TREEMAINTENANCE,"UF - JONES, CODY",314 BAYOU ST,"5, ZONE",494J,77020,CLOSED,2022-09-08,02:47 PM
190478,Tree Trim,2022-09-08 02:53 PM,Tree Trim Inspection,TREEMAINTENANCE,"UF - BHATTARAI, NIMESH",2919 SHERMAN ST (SETTEGAST PARK),"5, ZONE",494N,77003,CLOSED,2022-09-08,02:53 PM
190479,Tree Removal,2022-09-08 02:57 PM,Tree Removal Inspection,TREEMAINTENANCE,"UF - JONES, CODY",4116 LAW ST,"7, ZONE",492W,77005,CLOSED,2022-09-08,02:57 PM
190480,Tree Trim,2022-09-08 03:05 PM,Tree Trim Inspection,TREEMAINTENANCE,"UF - JONES, CODY",1206 HYDE PARK BLVD,"2, ZONE",493N,77006,CLOSED,2022-09-08,03:05 PM
190481,Tree Removal,2022-09-08 03:33 PM,Tree Removal Inspection,TREEMAINTENANCE,"UF - BHATTARAI, NIMESH",5610 LOST FOREST DR,"3, ZONE",451B,77092,CLOSED,2022-09-08,03:33 PM
190482,Tree Trim,2022-09-08 04:00 PM,Tree Trim Inspection,TREEMAINTENANCE,"UF - JONES, CODY",2500 W HOLCOMBE BLVD,"7, ZONE",532G,77030,CLOSED,2022-09-08,04:00 PM
190483,Tree Removal,2022-09-08 04:42 PM,Tree Removal Inspection,TREEMAINTENANCE,"UF - BHATTARAI, NIMESH",4110 MAJESTIC ST,"4, ZONE",454Z,77026,CLOSED,2022-09-08,04:42 PM
190484,Tree Removal,2022-09-08 04:57 PM,Tree Removal Inspection,TREEMAINTENANCE,"UF - JONES, CODY",6218 JASON ST,"7, ZONE",530R,77074,CLOSED,2022-09-08,04:57 PM
190485,Tree Trim,2022-09-08 05:18 PM,Tree Trim Inspection,TREEMAINTENANCE,"UF - JONES, CODY",5454 NEWCASTLE DR,"7, ZONE",531D,77081,CLOSED,2022-09-08,05:18 PM
190486,Tree Removal,2022-09-09 12:32 AM,Tree Removal Inspection,TREEMAINTENANCE,"UF - JONES, CODY",7619 PORTAL DR,"7, ZONE",530Y,77071,CLOSED,2022-09-09,12:32 AM
190487,Tree Trim,2022-09-09 08:26 AM,Tree Trim Inspection,TREEMAINTENANCE,"UF - BURKES, JEREMY",400 MERCURY DR (HERMAN BROWN PARK),"4, ZONE",496E,77013,CLOSED,2022-09-09,08:26 AM
190488,Tree Removal,2022-09-09 09:42 AM,Tree Removal Inspection,TREEMAINTENANCE,"UF - JONES, CODY",6002 FONTENELLE DR,"7, ZONE",570H,77035,CLOSED,2022-09-09,09:42 AM
190489,Tree Trim,2022-09-09 09:59 AM,Tree Trim Inspection,TREEMAINTENANCE,"UF - BHATTARAI, NIMESH",14131 HAZEL RIDGE CT,"5, ZONE",618A,77062,CLOSED,2022-09-09,09:59 AM
190490,Tree Trim,2022-09-09 10:58 AM,Tree Trim Inspection,TREEMAINTENANCE,"UF - BHATTARAI, NIMESH",10127 E PALM LAKE DR,"5, ZONE",576R,77034,CLOSED,2022-09-09,10:58 AM
190491,Tree Trim,2022-09-09 11:12 AM,Tree Trim Inspection,TREEMAINTENANCE,"UF - BHATTARAI, NIMESH",543 ARVANA ST,"5, ZONE",576F,77034,CLOSED,2022-09-09,11:12 AM
190492,Tree Removal,2022-09-09 11:34 AM,Tree Removal Inspection,TREEMAINTENANCE,"UF - BHATTARAI, NIMESH",10509 ROANDALE DR,"6, ZONE",573H,77048,CLOSED,2022-09-09,11:34 AM
190493,Tree Removal,2022-09-09 11:55 AM,Tree Removal Inspection,TREEMAINTENANCE,"UF - BHATTARAI, NIMESH",12217 CULLEN BLVD,"6, ZONE",573M,77048,CLOSED,2022-09-09,11:55 AM
190494,Tree Removal,2022-09-09 12:07 PM,Tree Removal Inspection,TREEMAINTENANCE,"UF - JONES, CODY",5514 BIRDWOOD RD,"7, ZONE",531N,77096,CLOSED,2022-09-09,12:07 PM
190495,Tree Removal,2022-09-09 01:52 PM,Tree Removal Inspection,TREEMAINTENANCE,"UF - JONES, CODY",5927 BELARBOR ST,"6, ZONE",534X,77033,CLOSED,2022-09-09,01:52 PM
190496,Tree Removal,2022-09-09 01:58 PM,Tree Removal Inspection,TREEMAINTENANCE,"UF - JONES, CODY",12900 PLAYER ST,"7, ZONE",571H,77045,CLOSED,2022-09-09,01:58 PM
190497,Tree Removal,2022-09-09 02:18 PM,Tree Removal Inspection,TREEMAINTENANCE,"UF - BHATTARAI, NIMESH",4325 PHLOX ST,"6, ZONE",573C,77051,CLOSED,2022-09-09,02:18 PM
190498,Tree Trim,2022-09-09 02:35 PM,Tree Trim Inspection,TREEMAINTENANCE,"UF - BHATTARAI, NIMESH",826 ZOE ST,"5, ZONE",494H,77020,CLOSED,2022-09-09,02:35 PM
190499,Tree Removal,2022-09-09 02:38 PM,Tree Removal Inspection,TREEMAINTENANCE,"UF - JONES, CODY",11110 BURDINE ST,"7, ZONE",531X,77096,CLOSED,2022-09-09,02:38 PM
190500,Tree Trim,2022-09-09 03:15 PM,Tree Trim Inspection,TREEMAINTENANCE,"UF - JONES, CODY",13902 PIPING ROCK LN,"2, ZONE",488S,77077,CLOSED,2022-09-09,03:15 PM
190501,Tree Removal,2022-09-09 03:20 PM,Tree Removal Inspection,TREEMAINTENANCE,"UF - BHATTARAI, NIMESH",5800 SCOTT ST,"6, ZONE",533H,77021,CLOSED,2022-09-09,03:20 PM
190502,Tree Removal,2022-09-09 03:35 PM,Tree Removal Inspection,TREEMAINTENANCE,"UF - JONES, CODY",2118 ISABELLA ST,"6, ZONE",493Y,77004,CLOSED,2022-09-09,03:35 PM
190503,Tree Trim,2022-09-09 03:45 PM,Tree Trim Inspection,TREEMAINTENANCE,"UF - JONES, CODY",6706 ROCKERGATE DR,"7, ZONE",611A,77489,CLOSED,2022-09-09,03:45 PM
190504,Tree Removal,2022-09-09 03:57 PM,Tree Removal Inspection,TREEMAINTENANCE,"UF - ERICKSON, IAN",3523 EVERGREEN GLADE DR,"4, ZONE",296Y,77339,CLOSED,2022-09-09,03:57 PM
190505,Tree Removal,2022-09-09 04:24 PM,Tree Removal Inspection,TREEMAINTENANCE,"UF - BHATTARAI, NIMESH",3726 BOSTIC ST,"4, ZONE",454F,77093,CLOSED,2022-09-09,04:24 PM
190506,Tree Trim,2022-09-09 04:40 PM,Tree Trim Inspection,TREEMAINTENANCE,"UF - JONES, CODY",13726 PIPING ROCK LN,"2, ZONE",488T,77077,CLOSED,2022-09-09,04:40 PM
190507,Tree Trim,2022-09-09 05:06 PM,Tree Trim Inspection,TREEMAINTENANCE,"UF - BHATTARAI, NIMESH",5800 GUHN RD,"3, ZONE",450C,77040,CLOSED,2022-09-09,05:06 PM
190508,Tree Trim,2022-09-09 05:42 PM,Tree Trim Inspection,TREEMAINTENANCE,"UF - BHATTARAI, NIMESH",6602 NEW YORK ST,"6, ZONE",533R,77021,CLOSED,2022-09-09,05:42 PM
190509,Tree Removal,2022-09-09 08:07 PM,Tree Removal Inspection,TREEMAINTENANCE,"UF - JONES, CODY",1515 CAMPBELL RD,"3, ZONE",450Y,77055,CLOSED,2022-09-09,08:07 PM
190510,Tree Trim,2022-09-09 08:31 PM,Tree Trim Inspection,TREEMAINTENANCE,"UF - BHATTARAI, NIMESH",4619 E CROSSTIMBERS ST,"4, ZONE",454L,77016,CLOSED,2022-09-09,08:31 PM
190511,Tree Code Violation,2022-09-10 08:55 AM,Tree Code Violation Inspection,TREEPROTECTION,"UF - POLOVTSEV, SERA",7063 DILLON ST,"6, ZONE",574D,77061,CLOSED,2022-09-10,08:55 AM
190512,Tree Trim,2022-09-10 09:01 AM,Tree Trim Inspection,TREEMAINTENANCE,"UF - BHATTARAI, NIMESH",6701 MOSS ROSE ST,"5, ZONE",534H,77087,CLOSED,2022-09-10,09:01 AM
190513,Tree Trim,2022-09-10 11:19 AM,Tree Trim Inspection,TREEMAINTENANCE,"UF - JONES, CODY",4810 MARKWOOD LN,"7, ZONE",571Z,77053,CLOSED,2022-09-10,11:19 AM
190514,Tree Trim,2022-09-10 11:19 AM,Tree Trim Inspection,TREEMAINTENANCE,"UF - JONES, CODY",4807 MARKWOOD LN,"7, ZONE",571Z,77053,CLOSED,2022-09-10,11:19 AM
190515,Tree Trim,2022-09-10 04:18 PM,Tree Trim Inspection,TREEMAINTENANCE,"UF - JONES, CODY",1931 BANKS ST,"7, ZONE",492Z,77098,CLOSED,2022-09-10,04:18 PM
190516,Tree Trim,2022-09-10 06:55 PM,Tree Trim Inspection,TREEMAINTENANCE,"UF - JONES, CODY",1819 DECATUR ST,"2, ZONE",493K,77007,CLOSED,2022-09-10,06:55 PM
190517,Tree Removal,2022-09-11 10:40 AM,Tree Removal Inspection,TREEMAINTENANCE,"UF - JONES, CODY",2425 PINE VALLEY CT,"2, ZONE",492Q,77019,CLOSED,2022-09-11,10:40 AM
190518,Tree Removal,2022-09-11 10:55 AM,Tree Removal Inspection,TREEMAINTENANCE,"UF - JONES, CODY",2305 ASHLAND ST,"3, ZONE",452V,77008,CLOSED,2022-09-11,10:55 AM
190519,Tree Trim,2022-09-11 12:35 PM,Tree Trim Inspection,TREEMAINTENANCE,"UF - JONES, CODY",8603 ASPEN VIEW CT,"3, ZONE",412P,77088,CLOSED,2022-09-11,12:35 PM
190520,Tree Removal,2022-09-11 02:26 PM,Tree Removal Inspection,TREEMAINTENANCE,"UF - JONES, CODY",N DURHAM DR & N LOOP FWY W,"3, ZONE",452Q,77008,CLOSED,2022-09-11,02:26 PM
190521,Tree Trim,2022-09-11 04:39 PM,Tree Trim Inspection,TREEMAINTENANCE,"UF - JONES, CODY",CAPITAL PARK DR & WESTWAY PARK BLVD,"3, ZONE",449H,77041,CLOSED,2022-09-11,04:39 PM
190522,Tree Trim,2022-09-11 04:45 PM,Tree Trim Inspection,TREEMAINTENANCE,"UF - JONES, CODY","CORPORATE CENTRE DR & W SAM HOUSTON PKWY N,HOUSTON,77042","3, ZONE",449G      ,4960a,CLOSED,2022-09-11,04:45 PM
190523,Tree Trim,2022-09-11 05:04 PM,Tree Trim Inspection,TREEMAINTENANCE,"UF - BHATTARAI, NIMESH","MORITZ DR,HOUSTON,77055","3, ZONE",451W      ,5059d,CLOSED,2022-09-11,05:04 PM
190524,Tree Trim,2022-09-11 05:09 PM,Tree Trim Inspection,TREEMAINTENANCE,"UF - JONES, CODY",PECH RD & WATERBURY DR,"3, ZONE",451W,77055,CLOSED,2022-09-11,05:09 PM
190525,Tree Trim,2022-09-11 05:10 PM,Tree Trim Inspection,TREEMAINTENANCE,"UF - JONES, CODY",12703 BROOKGLADE CIR,"2, ZONE",528R,77099,CLOSED,2022-09-11,05:10 PM
190529,Tree Trim,2022-09-11 09:10 PM,Tree Trim Inspection,TREEMAINTENANCE,"UF - BHATTARAI, NIMESH",TELEPHONE RD & WOODSIDE ST,"5, ZONE",494T,77023,CLOSED,2022-09-11,09:10 PM
190530,Tree Trim,2022-09-11 09:13 PM,Tree Trim Inspection,TREEMAINTENANCE,"UF - BHATTARAI, NIMESH",WALKER ST & EASTWOOD ST,"5, ZONE",494T,77023,CLOSED,2022-09-11,09:13 PM
190531,Tree Removal,2022-09-12 05:40 AM,Tree Removal Inspection,TREEMAINTENANCE,"UF - JONES, CODY",3711 S BRAESWOOD BLVD,"7, ZONE",532N,77025,CLOSED,2022-09-12,05:40 AM
190532,Tree Removal,2022-09-12 06:53 AM,Tree Removal Inspection,TREEMAINTENANCE,"UF - BHATTARAI, NIMESH",5205 TARAWA RD,"6, ZONE",534S,77033,CLOSED,2022-09-12,06:53 AM
190533,Tree Trim,2022-09-12 07:23 AM,Tree Trim Inspection,TREEMAINTENANCE,"UF - JONES, CODY",4310 DUNLAVY ST,"2, ZONE",492Z,77098,CLOSED,2022-09-12,07:23 AM
190534,Tree Trim,2022-09-12 07:29 AM,Tree Trim Inspection,TREEMAINTENANCE,"UF - BHATTARAI, NIMESH",2755 VOSSDALE RD,"2, ZONE",491V,77027,CLOSED,2022-09-12,07:29 AM
190535,Tree Removal,2022-09-12 08:01 AM,Tree Removal Inspection,TREEMAINTENANCE,"UF - JONES, CODY",7811 LA ROCHE LN,"2, ZONE",530J,77036,CLOSED,2022-09-12,08:01 AM
190536,Tree Trim,2022-09-12 08:31 AM,Tree Trim Inspection,TREEMAINTENANCE,"UF - JONES, CODY",1931 VERMONT ST,"2, ZONE",492R,77019,CLOSED,2022-09-12,08:31 AM
190537,Tree Trim,2022-09-12 10:14 AM,Tree Trim Inspection,TREEMAINTENANCE,"UF - BHATTARAI, NIMESH",10500 CAXTON ST,"4, ZONE",414Y,77016,CLOSED,2022-09-12,10:14 AM
190538,Tree Trim,2022-09-12 11:03 AM,Tree Trim Inspection,TREEMAINTENANCE,"UF - JONES, CODY",200 TABOR ST,"3, ZONE",453X,77009,CLOSED,2022-09-12,11:03 AM
190539,Tree Trim,2022-09-12 11:05 AM,Tree Trim Inspection,TREEMAINTENANCE,"UF - JONES, CODY",5735 ARIEL ST,"7, ZONE",531N,77096,CLOSED,2022-09-12,11:05 AM
190540,Tree Trim,2022-09-12 11:06 AM,Tree Trim Inspection,TREEMAINTENANCE,"UF - JONES, CODY",5731 ARIEL ST,"7, ZONE",531N,77096,CLOSED,2022-09-12,11:06 AM
190541,Tree Trim,2022-09-12 11:32 AM,Tree Trim Inspection,TREEMAINTENANCE,"UF - BHATTARAI, NIMESH",10020 BAUMAN RD,"4, ZONE",453C,77076,CLOSED,2022-09-12,11:32 AM
190542,Tree Trim,2022-09-12 11:38 AM,Tree Trim Inspection,TREEMAINTENANCE,"UF - JONES, CODY",106 EVERTON ST,"5, ZONE",494N,77003,CLOSED,2022-09-12,11:38 AM
190543,Tree Trim,2022-09-12 11:51 AM,Tree Trim Inspection,TREEMAINTENANCE,"UF - BHATTARAI, NIMESH",9642 EMNORA LN,"3, ZONE",450P,77080,CLOSED,2022-09-12,11:51 AM
190544,Tree Trim,2022-09-12 11:56 AM,Tree Trim Inspection,TREEMAINTENANCE,"UF - JONES, CODY",6430 TELUCO ST,"3, ZONE",451U,77055,CLOSED,2022-09-12,11:56 AM
190545,Tree Trim,2022-09-12 12:15 PM,Tree Trim Inspection,TREEMAINTENANCE,"UF - JONES, CODY",6730 RADCLIFFE ST,"3, ZONE",412Y,77091,CLOSED,2022-09-12,12:15 PM
190546,Tree Trim,2022-09-12 12:54 PM,Tree Trim Inspection,TREEMAINTENANCE,"UF - BHATTARAI, NIMESH",11022 KIRKWELL DR,"6, ZONE",576X,77089,CLOSED,2022-09-12,12:54 PM
190547,Tree Trim,2022-09-12 12:58 PM,Tree Trim Inspection,TREEMAINTENANCE,"UF - JONES, CODY",12103 FAIRBURY DR,"6, ZONE",617A,77089,CLOSED,2022-09-12,12:58 PM
190548,Tree Trim,2022-09-12 01:27 PM,Tree Trim Inspection,TREEMAINTENANCE,"UF - JONES, CODY",10702 BRAES FOREST DR,"7, ZONE",530Y,77071,CLOSED,2022-09-12,01:27 PM
190549,Tree Trim,2022-09-12 01:48 PM,Tree Trim Inspection,TREEMAINTENANCE,"UF - JONES, CODY",ANNA HELD ST & AIRPORT BLVD,"6, ZONE",574E,77048,CLOSED,2022-09-12,01:48 PM
190550,Tree Trim,2022-09-12 01:49 PM,Tree Trim Inspection,TREEMAINTENANCE,"UF - JONES, CODY",8900 CHIMNEY ROCK RD,"7, ZONE",531P,77096,CLOSED,2022-09-12,01:49 PM
190551,Tree Trim,2022-09-12 01:54 PM,Tree Trim Inspection,TREEMAINTENANCE,"UF - JONES, CODY",8117 BARKLEY ST,"5, ZONE",535U,77017,CLOSED,2022-09-12,01:54 PM
190552,Tree Trim,2022-09-12 02:03 PM,Tree Trim Inspection,TREEMAINTENANCE,"UF - JONES, CODY",2010 WHITTINGTON CT S,"2, ZONE",488P,77077,CLOSED,2022-09-12,02:03 PM
190553,Tree Trim,2022-09-12 02:52 PM,Tree Trim Inspection,TREEMAINTENANCE,"UF - JONES, CODY",12419 WINDY WISP LN,"7, ZONE",570F,77071,CLOSED,2022-09-12,02:52 PM
190554,Tree Trim,2022-09-12 04:37 PM,Tree Trim Inspection,TREEMAINTENANCE,"UF - JONES, CODY",1931 FAIRVIEW AVE,"2, ZONE",492V,77019,CLOSED,2022-09-12,04:37 PM
190555,Tree Trim,2022-09-12 07:47 PM,Tree Trim Inspection,TREEMAINTENANCE,"UF - JONES, CODY",1911 SUMMER ST,"2, ZONE",493F,77007,CLOSED,2022-09-12,07:47 PM
190556,Tree Trim,2022-09-12 08:41 PM,Tree Trim Inspection,TREEMAINTENANCE,"UF - JONES, CODY",19008 SAUMS RD (CULLEN PARK),"3, ZONE",446V,77084,CLOSED,2022-09-12,08:41 PM
190557,Tree Removal,2022-09-13 01:43 AM,Tree Removal Inspection,TREEMAINTENANCE,"UF - JONES, CODY",5507 ARBOLES DR,"7, ZONE",571B,77035,CLOSED,2022-09-13,01:43 AM
190559,Tree Trim,2022-09-13 08:28 AM,Tree Trim Inspection,TREEMAINTENANCE,"UF - BHATTARAI, NIMESH",7300 W TIDWELL RD,"3, ZONE",450D,77040,CLOSED,2022-09-13,08:28 AM
190560,Tree Removal,2022-09-13 08:49 AM,Tree Removal Inspection,TREEMAINTENANCE,"UF - BHATTARAI, NIMESH",6063 WILLOW GLEN DR,"6, ZONE",534X,77033,CLOSED,2022-09-13,08:49 AM
190561,Tree Stump Grinding,2022-09-13 09:04 AM,Tree Stump Inspection,TREEMAINTENANCE,"UF - JONES, CODY",2239 DRYDEN RD,"7, ZONE",532G,77030,CLOSED,2022-09-13,09:04 AM
190562,Tree Removal,2022-09-13 09:19 AM,Tree Removal Inspection,TREEMAINTENANCE,"UF - BHATTARAI, NIMESH",8830 ALLWOOD ST,"4, ZONE",454H,77016,CLOSED,2022-09-13,09:19 AM
190563,Tree Trim,2022-09-13 09:39 AM,Tree Trim Inspection,TREEMAINTENANCE,"UF - JONES, CODY",7807 MAIN ST,"7, ZONE",532L,77030,CLOSED,2022-09-13,09:39 AM
190564,Tree Removal,2022-09-13 09:39 AM,Tree Removal Inspection,TREEMAINTENANCE,"UF - JONES, CODY",947 BAYLAND AVE,"3, ZONE",493B,77009,CLOSED,2022-09-13,09:39 AM
190565,Tree Stump Grinding,2022-09-13 10:22 AM,Tree Stump Inspection,TREEMAINTENANCE,"UF - JONES, CODY",9415 LEADER ST,"2, ZONE",529H,77036,CLOSED,2022-09-13,10:22 AM
190566,Tree Trim,2022-09-13 10:32 AM,Tree Trim Inspection,TREEMAINTENANCE,"UF - BHATTARAI, NIMESH",5622 MEADOW CREEK LN,"5, ZONE",536S,77017,CLOSED,2022-09-13,10:32 AM
190567,Tree Trim,2022-09-13 11:20 AM,Tree Trim Inspection,TREEMAINTENANCE,"UF - JONES, CODY",5626 LUDINGTON DR,"7, ZONE",571A,77035,CLOSED,2022-09-13,11:20 AM
190568,Tree Removal,2022-09-13 11:29 AM,Tree Removal Inspection,TREEMAINTENANCE,"UF - BHATTARAI, NIMESH",32 LANA LN,"2, ZONE",491V,77027,CLOSED,2022-09-13,11:29 AM
190569,Tree Removal,2022-09-13 12:12 PM,Tree Removal Inspection,TREEMAINTENANCE,"UF - BHATTARAI, NIMESH",7927 CAPITOL ST,"5, ZONE",495X,77012,CLOSED,2022-09-13,12:12 PM
190570,Tree Removal,2022-09-13 01:26 PM,Tree Removal Inspection,TREEMAINTENANCE,"UF - POLOVTSEV, SERA",709 WENDEL ST,"3, ZONE",493B,77009,CLOSED,2022-09-13,01:26 PM
190572,Tree Trim,2022-09-13 01:42 PM,Tree Trim Inspection,TREEMAINTENANCE,"UF - JONES, CODY",11906 SANDPIPER DR,"7, ZONE",570D,77035,CLOSED,2022-09-13,01:42 PM
190573,Tree Trim,2022-09-13 01:45 PM,Tree Trim Inspection,TREEMAINTENANCE,"UF - JONES, CODY",1447 YALE ST,"3, ZONE",452Z,77008,CLOSED,2022-09-13,01:45 PM
190574,Tree Removal,2022-09-13 01:54 PM,Tree Removal Inspection,TREEMAINTENANCE,"UF - JONES, CODY",8017 DULLER LN,"5, ZONE",535K,77017,CLOSED,2022-09-13,01:54 PM
190579,Tree Trim,2022-09-13 02:46 PM,Tree Trim Inspection,TREEMAINTENANCE,"UF - ERICKSON, IAN",1806 HARDY ST,"4, ZONE",493H,77026,CLOSED,2022-09-13,02:46 PM
190582,Tree Removal,2022-09-13 02:54 PM,Tree Removal Inspection,TREEMAINTENANCE,"UF - BHATTARAI, NIMESH",3213 BURKETT ST,"6, ZONE",493Z,77004,CLOSED,2022-09-13,02:54 PM
190583,Tree Removal,2022-09-13 02:57 PM,Tree Removal Inspection,TREEMAINTENANCE,"UF - GHIMIRE, GOPAL",1300 W GULF BANK RD,"3, ZONE",412L,77088,CLOSED,2022-09-13,02:57 PM
190584,Tree Removal,2022-09-13 03:09 PM,Tree Removal Inspection,TREEMAINTENANCE,"UF - JONES, CODY",9000 S DAIRY ASHFORD RD,"2, ZONE",528R,77099,CLOSED,2022-09-13,03:09 PM
190585,Tree Removal,2022-09-13 03:09 PM,Tree Removal Inspection,TREEMAINTENANCE,"UF - BHATTARAI, NIMESH",3015 TRUXILLO ST,"6, ZONE",493Y,77004,CLOSED,2022-09-13,03:09 PM
190591,Tree Trim,2022-09-13 03:49 PM,Tree Trim Inspection,TREEMAINTENANCE,"UF - JONES, CODY",2027 BISSONNET ST,"7, ZONE",492Z,77005,CLOSED,2022-09-13,03:49 PM
190593,Tree Trim,2022-09-13 03:57 PM,Tree Trim Inspection,TREEMAINTENANCE,"UF - JONES, CODY",5454 NEWCASTLE DR,"7, ZONE",531D,77081,CLOSED,2022-09-13,03:57 PM
190596,Tree Trim,2022-09-13 04:19 PM,Tree Trim Inspection,TREEMAINTENANCE,"UF - JONES, CODY",9901 CLUB CREEK DR,"2, ZONE",529R,77036,CLOSED,2022-09-13,04:19 PM
190599,Tree Removal,2022-09-13 05:32 PM,Tree Removal Inspection,TREEMAINTENANCE,"UF - JONES, CODY",503 W 11TH ST,"3, ZONE",452Z,77008,CLOSED,2022-09-13,05:32 PM
190600,Tree Removal,2022-09-13 06:04 PM,Tree Removal Inspection,TREEMAINTENANCE,"UF - JONES, CODY",608 E 10TH ST,"3, ZONE",493A,77008,CLOSED,2022-09-13,06:04 PM
190604,Tree Removal,2022-09-14 08:40 AM,Tree Removal Inspection,TREEMAINTENANCE,"UF - ERICKSON, IAN",6400 HAMBLEN DR,"4, ZONE",375W,77396,CLOSED,2022-09-14,08:40 AM
190605,Tree Trim,2022-09-14 08:41 AM,Tree Trim Inspection,TREEMAINTENANCE,"UF - JONES, CODY","1605 GINGERLEAF LN,HOUSTON,77055","3, ZONE",451W,5159c,CLOSED,2022-09-14,08:41 AM
190606,Tree Removal,2022-09-14 08:53 AM,Tree Removal Inspection,TREEMAINTENANCE,"UF - BHATTARAI, NIMESH",7000 CURRY RD (CURRY ROAD PARK),"4, ZONE",454N,77093,CLOSED,2022-09-14,08:53 AM
190607,Tree Trim,2022-09-14 08:58 AM,Tree Trim Inspection,TREEMAINTENANCE,"UF - JONES, CODY",7718 E MAGNOLIA ST,"5, ZONE",535B,77012,CLOSED,2022-09-14,08:58 AM
190608,Tree Trim,2022-09-14 09:13 AM,Tree Trim Inspection,TREEMAINTENANCE,"UF - BHATTARAI, NIMESH",9223 RENWOOD DR,"3, ZONE",450Q,77080,CLOSED,2022-09-14,09:13 AM
190609,Tree Trim,2022-09-14 10:17 AM,Tree Trim Inspection,TREEMAINTENANCE,"UF - JONES, CODY",12211 CHIMNEY ROCK RD,"7, ZONE",571F,77035,CLOSED,2022-09-14,10:17 AM
190610,Tree Trim,2022-09-14 10:26 AM,Tree Trim Inspection,TREEMAINTENANCE,"UF - ERICKSON, IAN",411 HENRY ST,"4, ZONE",493G,77009,CLOSED,2022-09-14,10:26 AM
190611,Tree Removal,2022-09-14 11:14 AM,Tree Removal Inspection,TREEMAINTENANCE,"UF - BHATTARAI, NIMESH",8301 DETROIT ST,"5, ZONE",535L,77017,CLOSED,2022-09-14,11:14 AM
190612,Tree Removal,2022-09-14 11:30 AM,Tree Removal Inspection,TREEMAINTENANCE,"UF - JONES, CODY",2425 PINE VALLEY CT,"2, ZONE",492Q,77019,CLOSED,2022-09-14,11:30 AM
190613,Tree Trim,2022-09-14 11:59 AM,Tree Trim Inspection,TREEMAINTENANCE,"UF - BHATTARAI, NIMESH",9914 EASTHAVEN BLVD,"6, ZONE",575R,77075,CLOSED,2022-09-14,11:59 AM
190614,Tree Trim,2022-09-14 12:02 PM,Tree Trim Inspection,TREEMAINTENANCE,"UF - BHATTARAI, NIMESH",9926 EASTHAVEN BLVD,"6, ZONE",575R,77075,CLOSED,2022-09-14,12:02 PM
190615,Tree Trim,2022-09-14 12:06 PM,Tree Trim Inspection,TREEMAINTENANCE,"UF - JONES, CODY",603 CAPLIN ST,"4, ZONE",453Q,77022,CLOSED,2022-09-14,12:06 PM
190616,Tree Removal,2022-09-14 01:01 PM,Tree Removal Inspection,TREEMAINTENANCE,"UF - JONES, CODY",6714 BARBADOS DR,"3, ZONE",411J,77088,CLOSED,2022-09-14,01:01 PM
190617,Tree Trim,2022-09-14 01:18 PM,Tree Trim Inspection,TREEMAINTENANCE,"UF - JONES, CODY",11123 ASHCOTT DR,"2, ZONE",529F,77072,CLOSED,2022-09-14,01:18 PM
190618,Tree Removal,2022-09-14 01:30 PM,Tree Removal Inspection,TREEMAINTENANCE,"UF - BHATTARAI, NIMESH",7101 PARKER RD,"4, ZONE",414Z,77016,CLOSED,2022-09-14,01:30 PM
190619,Tree Trim,2022-09-14 01:48 PM,Tree Trim Inspection,TREEMAINTENANCE,"UF - JONES, CODY",6902 BLANDFORD LN,"3, ZONE",451Y,77055,CLOSED,2022-09-14,01:48 PM
190620,Tree Trim,2022-09-14 02:04 PM,Tree Trim Inspection,TREEMAINTENANCE,"UF - JONES, CODY",8531 QUAIL HILLS DR,"7, ZONE",610C,77489,CLOSED,2022-09-14,02:04 PM
190621,Tree Trim,2022-09-14 02:27 PM,Tree Trim Inspection,TREEMAINTENANCE,"UF - JONES, CODY",4703 SUMMIT ST,"3, ZONE",452G,77018,CLOSED,2022-09-14,02:27 PM
190622,Tree Trim,2022-09-14 02:36 PM,Tree Trim Inspection,TREEMAINTENANCE,"UF - BHATTARAI, NIMESH",6310 NUNN ST,"6, ZONE",534U,77087,CLOSED,2022-09-14,02:36 PM
190623,Tree Removal,2022-09-14 02:43 PM,Tree Removal Inspection,TREEMAINTENANCE,"UF - JONES, CODY",5302 FAIRGREEN LN,"6, ZONE",574J,77048,CLOSED,2022-09-14,02:43 PM
190624,Tree Trim,2022-09-14 03:16 PM,Tree Trim Inspection,TREEMAINTENANCE,"UF - JONES, CODY",6001 FANNIN ST,"7, ZONE",533A,77030,CLOSED,2022-09-14,03:16 PM
190625,Tree Trim,2022-09-14 04:16 PM,Tree Trim Inspection,TREEMAINTENANCE,"UF - JONES, CODY",13200 KIMBERLEY LN,"2, ZONE",489F,77079,CLOSED,2022-09-14,04:16 PM
190626,Tree Trim,2022-09-14 04:25 PM,Tree Trim Inspection,TREEMAINTENANCE,"UF - JONES, CODY",13200 ST MARYS LN,"2, ZONE",489B,77079,CLOSED,2022-09-14,04:25 PM
190627,Tree Removal,2022-09-14 04:58 PM,Tree Removal Inspection,TREEMAINTENANCE,"UF - JONES, CODY",900 W GRAY ST,"2, ZONE",493N,77019,CLOSED,2022-09-14,04:58 PM
190628,Tree Removal,2022-09-14 05:56 PM,Tree Removal Inspection,TREEMAINTENANCE,"UF - JONES, CODY",4306 EIGEL ST,"2, ZONE",492H,77007,CLOSED,2022-09-14,05:56 PM
190629,Tree Removal,2022-09-14 07:02 PM,Tree Removal Inspection,TREEMAINTENANCE,"UF - JONES, CODY",16801 FEATHER CRAFT LN,"5, ZONE",618T,77058,CLOSED,2022-09-14,07:02 PM
190630,Tree Removal,2022-09-14 07:44 PM,Tree Removal Inspection,TREEMAINTENANCE,"UF - BHATTARAI, NIMESH",5826 GUADALUPE ST,"4, ZONE",414R,77016,CLOSED,2022-09-14,07:44 PM
190631,Tree Trim,2022-09-15 07:51 AM,Tree Trim Inspection,TREEMAINTENANCE,"UF - JONES, CODY",16000 MEMORIAL DR,"2, ZONE",488E,77079,CLOSED,2022-09-15,07:51 AM
190632,Tree Removal,2022-09-15 09:31 AM,Tree Removal Inspection,TREEMAINTENANCE,"UF - JONES, CODY",12 SHADOW LN,"3, ZONE",450S,77080,CLOSED,2022-09-15,09:31 AM
190633,Tree Trim,2022-09-15 10:08 AM,Tree Trim Inspection,TREEMAINTENANCE,"UF - BHATTARAI, NIMESH",6827 RICHWOOD RD,"6, ZONE",534V,77087,CLOSED,2022-09-15,10:08 AM
190634,Tree Removal,2022-09-15 10:26 AM,Tree Removal Inspection,TREEMAINTENANCE,"UF - JONES, CODY",5423 CREEKBEND DR,"7, ZONE",531X,77096,CLOSED,2022-09-15,10:26 AM
190635,Tree Trim,2022-09-15 10:27 AM,Tree Trim Inspection,TREEMAINTENANCE,"UF - BHATTARAI, NIMESH",7339 CAYTON ST,"6, ZONE",575A,77061,CLOSED,2022-09-15,10:27 AM
190636,Tree Trim,2022-09-15 11:25 AM,Tree Trim Inspection,TREEMAINTENANCE,"UF - JONES, CODY",5218 JASON ST,"7, ZONE",531P,77096,CLOSED,2022-09-15,11:25 AM
190637,Tree Removal,2022-09-15 11:41 AM,Tree Removal Inspection,TREEMAINTENANCE,"UF - BHATTARAI, NIMESH",4426 PROVIDENCE ST,"5, ZONE",494F,77020,CLOSED,2022-09-15,11:41 AM
190638,Tree Trim,2022-09-15 11:45 AM,Tree Trim Inspection,TREEMAINTENANCE,"UF - JONES, CODY",19008 SAUMS RD,"3, ZONE",446V,77084,CLOSED,2022-09-15,11:45 AM
190640,Tree Removal,2022-09-15 12:50 PM,Tree Removal Inspection,TREEMAINTENANCE,"UF - JONES, CODY",3303 MANDELL ST,"2, ZONE",492V,77006,CLOSED,2022-09-15,12:50 PM
190643,Tree Trim,2022-09-15 01:12 PM,Tree Trim Inspection,TREEMAINTENANCE,"UF - JONES, CODY",1802 W 25TH ST,"3, ZONE",452T,77008,CLOSED,2022-09-15,01:12 PM
190649,Tree Removal,2022-09-15 01:48 PM,Tree Removal Inspection,TREEMAINTENANCE,"UF - GHIMIRE, GOPAL",236 W 23RD ST,"3, ZONE",452V,77008,CLOSED,2022-09-15,01:48 PM
190653,Tree Trim,2022-09-15 02:09 PM,Tree Trim Inspection,TREEMAINTENANCE,"UF - JONES, CODY",2400 WEST ST,"4, ZONE",494A,77026,CLOSED,2022-09-15,02:09 PM
190655,Tree Trim,2022-09-15 02:14 PM,Tree Trim Inspection,TREEMAINTENANCE,"UF - JONES, CODY",3773 RICHMOND AVE,"2, ZONE",492W,77046,CLOSED,2022-09-15,02:14 PM
190658,Tree Trim,2022-09-15 02:21 PM,Tree Trim Inspection,TREEMAINTENANCE,"UF - GHIMIRE, GOPAL",726 E 28TH ST,"3, ZONE",453S,77009,CLOSED,2022-09-15,02:21 PM
190659,Tree Removal,2022-09-15 02:24 PM,Tree Removal Inspection,TREEMAINTENANCE,"UF - JONES, CODY",7603 MOLINE ST,"6, ZONE",535N,77087,CLOSED,2022-09-15,02:24 PM
190660,Tree Trim,2022-09-15 02:27 PM,Tree Trim Inspection,TREEMAINTENANCE,"UF - JONES, CODY",6100 CORPORATE DR,"2, ZONE",529H,77036,CLOSED,2022-09-15,02:27 PM
190661,Tree Trim,2022-09-15 03:10 PM,Tree Trim Inspection,TREEMAINTENANCE,"UF - JONES, CODY",9999 WINDMILL LAKES BLVD,"6, ZONE",576N,77075,CLOSED,2022-09-15,03:10 PM
190662,Tree Trim,2022-09-15 03:21 PM,Tree Trim Inspection,TREEMAINTENANCE,"UF - JONES, CODY",6119 INDIGO ST,"7, ZONE",530R,77074,CLOSED,2022-09-15,03:21 PM
190663,Tree Trim,2022-09-15 03:36 PM,Tree Trim Inspection,TREEMAINTENANCE,"UF - JONES, CODY",12234 PALMCREST ST,"5, ZONE",576R,77034,CLOSED,2022-09-15,03:36 PM
190664,Tree Removal,2022-09-15 03:46 PM,Tree Removal Inspection,TREEMAINTENANCE,"UF - GHIMIRE, GOPAL",2030 ARLINGTON ST,"3, ZONE",453S,77008,CLOSED,2022-09-15,03:46 PM
190665,Tree Removal,2022-09-15 03:55 PM,Tree Removal Inspection,TREEMAINTENANCE,"UF - JONES, CODY",1520 CANDLELIGHT LN,"3, ZONE",452E,77018,CLOSED,2022-09-15,03:55 PM
190667,Tree Trim,2022-09-16 12:45 AM,Tree Trim Inspection,TREEMAINTENANCE,"UF - JONES, CODY",4918 YARWELL DR,"7, ZONE",531U,77096,CLOSED,2022-09-16,12:45 AM
190668,Tree Planting,2022-09-16 01:52 AM,Tree Planting Inspection,TREEPROTECTION,"UF - BHATTARAI, NIMESH",4621 RUSK ST,"5, ZONE",494T,77023,CLOSED,2022-09-16,01:52 AM
190669,Tree Trim,2022-09-16 08:24 AM,Tree Trim Inspection,TREEMAINTENANCE,"UF - JONES, CODY",5738 N BRAESWOOD BLVD,"7, ZONE",531S,77096,CLOSED,2022-09-16,08:24 AM
190670,Tree Trim,2022-09-16 08:24 AM,Tree Trim Inspection,TREEMAINTENANCE,"UF - BHATTARAI, NIMESH",10220 SHADY LN,"4, ZONE",414W,77093,CLOSED,2022-09-16,08:24 AM
190671,Tree Trim,2022-09-16 09:16 AM,Tree Trim Inspection,TREEMAINTENANCE,"UF - BHATTARAI, NIMESH",4650 CARMEN ST,"6, ZONE",573D,77051,CLOSED,2022-09-16,09:16 AM
190672,Tree Trim,2022-09-16 09:43 AM,Tree Trim Inspection,TREEMAINTENANCE,"UF - BHATTARAI, NIMESH",1158 CARROLL OLIVER WAY,"5, ZONE",494L,77020,CLOSED,2022-09-16,09:43 AM
190673,Tree Trim,2022-09-16 09:49 AM,Tree Trim Inspection,TREEMAINTENANCE,"UF - JONES, CODY",2450 FONDREN RD,"2, ZONE",490U,77063,CLOSED,2022-09-16,09:49 AM
190674,Tree Trim,2022-09-16 10:34 AM,Tree Trim Inspection,TREEMAINTENANCE,"UF - JONES, CODY",16903 QUAIL GLEN DR,"7, ZONE",610G,77489,CLOSED,2022-09-16,10:34 AM
190675,Tree Trim,2022-09-16 11:01 AM,Tree Trim Inspection,TREEMAINTENANCE,"UF - BHATTARAI, NIMESH",5605 E HOUSTON RD,"4, ZONE",455U,77028,CLOSED,2022-09-16,11:01 AM
190676,Tree Trim,2022-09-16 11:10 AM,Tree Trim Inspection,TREEMAINTENANCE,"UF - JONES, CODY",4711 GREELEY ST,"7, ZONE",493W,77006,CLOSED,2022-09-16,11:10 AM
190677,Tree Trim,2022-09-16 11:26 AM,Tree Trim Inspection,TREEMAINTENANCE,"UF - JONES, CODY",4715 GREELEY ST,"7, ZONE",493W,77006,CLOSED,2022-09-16,11:26 AM
190678,Tree Trim,2022-09-16 11:53 AM,Tree Trim Inspection,TREEMAINTENANCE,"UF - JONES, CODY",7119 GARY ST,"3, ZONE",451X,77055,CLOSED,2022-09-16,11:53 AM
190679,Tree Trim,2022-09-16 01:48 PM,Tree Trim Inspection,TREEMAINTENANCE,"UF - GHIMIRE, GOPAL",1426 YALE ST,"3, ZONE",452Z,77008,CLOSED,2022-09-16,01:48 PM
190680,Tree Removal,2022-09-16 02:08 PM,Tree Removal Inspection,TREEMAINTENANCE,"UF - BHATTARAI, NIMESH",7710 CLAIBORNE ST,"4, ZONE",455A,77016,CLOSED,2022-09-16,02:08 PM
190681,Tree Removal,2022-09-16 02:18 PM,Tree Removal Inspection,TREEMAINTENANCE,"UF - BHATTARAI, NIMESH",1312 LIVE OAK ST,"5, ZONE",493V,77003,CLOSED,2022-09-16,02:18 PM
190682,Tree Removal,2022-09-16 03:54 PM,Tree Removal Inspection,TREEMAINTENANCE,"UF - BHATTARAI, NIMESH",1431 FALCON ST,"5, ZONE",496L,77015,CLOSED,2022-09-16,03:54 PM
190683,Tree Removal,2022-09-16 03:54 PM,Tree Removal Inspection,TREEMAINTENANCE,"UF - GHIMIRE, GOPAL",620 TEETSHORN ST,"3, ZONE",493B,77009,CLOSED,2022-09-16,03:54 PM
190684,Tree Removal,2022-09-16 04:06 PM,Tree Removal Inspection,TREEMAINTENANCE,"UF - JONES, CODY",6237 LOCKE LN,"2, ZONE",491S,77057,CLOSED,2022-09-16,04:06 PM
190685,Tree Trim,2022-09-16 04:54 PM,Tree Trim Inspection,TREEMAINTENANCE,"UF - JONES, CODY",15815 CORSAIR RD,"7, ZONE",571X,77053,CLOSED,2022-09-16,04:54 PM
190687,Tree Trim,2022-09-17 02:09 PM,Tree Trim Inspection,TREEMAINTENANCE,"UF - JONES, CODY",11768 CLAY RD,"3, ZONE",449G,77041,CLOSED,2022-09-17,02:09 PM
190688,Tree Trim,2022-09-17 02:10 PM,Tree Trim Inspection,TREEMAINTENANCE,"UF - JONES, CODY",700 E 7TH ST,"3, ZONE",493A,77007,CLOSED,2022-09-17,02:10 PM
190689,Tree Trim,2022-09-17 02:16 PM,Tree Trim Inspection,TREEMAINTENANCE,"UF - JONES, CODY",5935 SANFORD RD,"7, ZONE",531W,77096,CLOSED,2022-09-17,02:16 PM
190690,Tree Stump Grinding,2022-09-17 02:16 PM,Tree Stump Inspection,TREEMAINTENANCE,"UF - JONES, CODY",5935 SANFORD RD,"7, ZONE",531W,77096,CLOSED,2022-09-17,02:16 PM
190691,Tree Trim,2022-09-17 02:27 PM,Tree Trim Inspection,TREEMAINTENANCE,"UF - JONES, CODY",4138 BOLIN RD,"3, ZONE",451K,77092,CLOSED,2022-09-17,02:27 PM
190692,Tree Trim,2022-09-17 02:28 PM,Tree Trim Inspection,TREEMAINTENANCE,"UF - BHATTARAI, NIMESH",13200 ROCKGLEN ST,"4, ZONE",497E,77015,CLOSED,2022-09-17,02:28 PM
190693,Tree Trim,2022-09-17 02:36 PM,Tree Trim Inspection,TREEMAINTENANCE,"UF - BHATTARAI, NIMESH","3608 EMERALD FALLS DR,","5, ZONE",578X,77059,CLOSED,2022-09-17,02:36 PM
190694,Tree Trim,2022-09-17 02:40 PM,Tree Trim Inspection,TREEMAINTENANCE,"UF - BHATTARAI, NIMESH",7011 HOFFMAN ST,"4, ZONE",454M,77028,CLOSED,2022-09-17,02:40 PM
190695,Tree Trim,2022-09-17 02:47 PM,Tree Trim Inspection,TREEMAINTENANCE,"UF - JONES, CODY",7921 WESTWOOD DR,"3, ZONE",451W,77055,CLOSED,2022-09-17,02:47 PM
190696,Tree Removal,2022-09-17 04:39 PM,Tree Removal Inspection,TREEMAINTENANCE,"UF - BHATTARAI, NIMESH",7400 WESTOVER ST,"6, ZONE",534V,77087,CLOSED,2022-09-17,04:39 PM
190697,Tree Trim,2022-09-17 06:37 PM,Tree Trim Inspection,TREEMAINTENANCE,"UF - GHIMIRE, GOPAL",W 34TH ST & E T C JESTER BLVD,"3, ZONE",452N,77018,CLOSED,2022-09-17,06:37 PM
190698,Tree Removal,2022-09-18 12:20 PM,Tree Removal Inspection,TREEMAINTENANCE,"UF - POLOVTSEV, SERA",7500 CULLEN BLVD,"6, ZONE",533V,77051,CLOSED,2022-09-18,12:20 PM
190699,Tree Trim,2022-09-19 07:52 AM,Tree Trim Inspection,TREEMAINTENANCE,"UF - GHIMIRE, GOPAL",1200 W GULF BANK RD,"3, ZONE",412L,77088,CLOSED,2022-09-19,07:52 AM
190700,Tree Removal,2022-09-19 08:17 AM,Tree Removal Inspection,TREEMAINTENANCE,"UF - JONES, CODY",12903 FIGARO DR,"2, ZONE",489G,77024,CLOSED,2022-09-19,08:17 AM
190701,Tree Trim,2022-09-19 08:38 AM,Tree Trim Inspection,TREEMAINTENANCE,"UF - BHATTARAI, NIMESH",7651 AIRPORT BLVD,"6, ZONE",575B,77061,CLOSED,2022-09-19,08:38 AM
190702,Tree Trim,2022-09-19 08:51 AM,Tree Trim Inspection,TREEMAINTENANCE,"UF - JONES, CODY",6219 CHEVY CHASE DR,"2, ZONE",491S,77057,CLOSED,2022-09-19,08:51 AM
190703,Tree Trim,2022-09-19 08:53 AM,Tree Trim Inspection,TREEMAINTENANCE,"UF - JONES, CODY",6219 CHEVY CHASE DR,"2, ZONE",491S,77057,CLOSED,2022-09-19,08:53 AM
190705,Tree Removal,2022-09-19 09:44 AM,Tree Removal Inspection,TREEMAINTENANCE,"UF - JONES, CODY",10538 AVES ST,"5, ZONE",576K,77034,CLOSED,2022-09-19,09:44 AM
190706,Tree Removal,2022-09-19 10:09 AM,Tree Removal Inspection,TREEMAINTENANCE,"UF - BHATTARAI, NIMESH",8234 DARLINGTON DR,"4, ZONE",455K,77028,CLOSED,2022-09-19,10:09 AM
190707,Tree Trim,2022-09-19 10:18 AM,Tree Trim Inspection,TREEMAINTENANCE,"UF - BHATTARAI, NIMESH",3200 ROSEDALE ST,"6, ZONE",533C,77004,CLOSED,2022-09-19,10:18 AM
190714,Tree Removal,2022-09-19 11:18 AM,Tree Removal Inspection,TREEMAINTENANCE,"UF - JONES, CODY",322 BUCKINGHAM DR,"2, ZONE",491G,77024,CLOSED,2022-09-19,11:18 AM
190716,Tree Trim,2022-09-19 11:33 AM,Tree Trim Inspection,TREEMAINTENANCE,"UF - BHATTARAI, NIMESH",11000 FERN TERRACE DR,"6, ZONE",575Z,77075,CLOSED,2022-09-19,11:33 AM
190722,Tree Removal,2022-09-19 12:13 PM,Tree Removal Inspection,TREEMAINTENANCE,"UF - BHATTARAI, NIMESH",5414 BOLIVIA BLVD,"3, ZONE",451C,77091,CLOSED,2022-09-19,12:13 PM
190728,Tree Trim,2022-09-19 01:03 PM,Tree Trim Inspection,TREEMAINTENANCE,"UF - GHIMIRE, GOPAL",1001 FUGATE ST,"3, ZONE",453X,77009,CLOSED,2022-09-19,01:03 PM
190731,Tree Removal,2022-09-19 01:18 PM,Tree Removal Inspection,TREEMAINTENANCE,"UF - JONES, CODY",3230 S GESSNER RD,"2, ZONE",490W,77042,CLOSED,2022-09-19,01:18 PM
190736,Tree Removal,2022-09-19 02:12 PM,Tree Removal Inspection,TREEMAINTENANCE,"UF - JONES, CODY",1601 MORSE ST,"2, ZONE",492R,77019,CLOSED,2022-09-19,02:12 PM
190737,Tree Stump Grinding,2022-09-19 02:13 PM,Tree Stump Inspection,TREEMAINTENANCE,"UF - BHATTARAI, NIMESH",13615 APPLE KNOLL CT,"5, ZONE",578W,77034,CLOSED,2022-09-19,02:13 PM
190738,Tree Trim,2022-09-19 02:37 PM,Tree Trim Inspection,TREEMAINTENANCE,"UF - BHATTARAI, NIMESH",7031 MOSS ROSE ST,"5, ZONE",535E,77087,CLOSED,2022-09-19,02:37 PM
190739,Tree Trim,2022-09-19 02:46 PM,Tree Trim Inspection,TREEMAINTENANCE,"UF - JONES, CODY",15700 MEMORIAL DR,"2, ZONE",488B,77079,CLOSED,2022-09-19,02:46 PM
190740,Tree Removal,2022-09-19 03:10 PM,Tree Removal Inspection,TREEMAINTENANCE,"UF - BHATTARAI, NIMESH",3503 KINGS MOUNTAIN DR,"4, ZONE",297P,77345,CLOSED,2022-09-19,03:10 PM
190741,Tree Removal,2022-09-19 04:01 PM,Tree Removal Inspection,TREEMAINTENANCE,"UF - BHATTARAI, NIMESH",1312 LIVE OAK ST,"5, ZONE",493V,77003,CLOSED,2022-09-19,04:01 PM
190742,Tree Trim,2022-09-19 04:02 PM,Tree Trim Inspection,TREEMAINTENANCE,"UF - BURKES, JEREMY",3721 JEANETTA ST (WALTER RASMUS PARK),"2, ZONE",490X,77063,CLOSED,2022-09-19,04:02 PM
190743,Tree Trim,2022-09-19 04:04 PM,Tree Trim Inspection,TREEMAINTENANCE,"UF - BHATTARAI, NIMESH",8601 BROADWAY ST,"6, ZONE",535X,77061,CLOSED,2022-09-19,04:04 PM
190744,Tree Removal,2022-09-19 04:04 PM,Tree Removal Inspection,TREEMAINTENANCE,"UF - BHATTARAI, NIMESH",9414 HADDICK ST,"4, ZONE",455C,77028,CLOSED,2022-09-19,04:04 PM
190745,Tree Removal,2022-09-19 04:05 PM,Tree Removal Inspection,TREEMAINTENANCE,"UF - BHATTARAI, NIMESH",6202 LONG DR,"6, ZONE",534Q,77087,CLOSED,2022-09-19,04:05 PM
190746,Tree Trim,2022-09-19 06:11 PM,Tree Trim Inspection,TREEMAINTENANCE,"UF - BHATTARAI, NIMESH",5618 TUCKER ST,"6, ZONE",534R,77087,CLOSED,2022-09-19,06:11 PM
190747,Tree Removal,2022-09-20 12:01 AM,Tree Removal Inspection,TREEMAINTENANCE,"UF - BURKES, JEREMY",11700 SOUTHWEST FWY,"2, ZONE",569C,77099,CLOSED,2022-09-20,12:01 AM
190750,Tree Trim,2022-09-20 07:30 AM,Tree Trim Inspection,TREEMAINTENANCE,"UF - BHATTARAI, NIMESH",6300 EPPES ST,"6, ZONE",534Q,77087,CLOSED,2022-09-20,07:30 AM
190752,Tree Trim,2022-09-20 09:33 AM,Tree Trim Inspection,TREEMAINTENANCE,"UF - BHATTARAI, NIMESH",3303 THEYSEN CIR,"3, ZONE",450L,77080,CLOSED,2022-09-20,09:33 AM
190753,Tree Trim,2022-09-20 09:37 AM,Tree Trim Inspection,TREEMAINTENANCE,"UF - JONES, CODY",12907 BOHEME DR,"2, ZONE",489G,77079,CLOSED,2022-09-20,09:37 AM
190754,Tree Code Violation,2022-09-20 09:44 AM,Tree Code Violation Inspection,TREEPROTECTION,"UF - POLOVTSEV, SERA",15635 MEMORIAL DR,"2, ZONE",488B,77079,CLOSED,2022-09-20,09:44 AM
190755,Tree Removal,2022-09-20 09:47 AM,Tree Removal Inspection,TREEMAINTENANCE,"UF - JONES, CODY",14214 WHITE HEATHER DR,"7, ZONE",572N,77045,CLOSED,2022-09-20,09:47 AM
190756,Tree Removal,2022-09-20 09:59 AM,Tree Removal Inspection,TREEMAINTENANCE,"UF - JONES, CODY",16222 COYRIDGE LN,"7, ZONE",611B,77053,CLOSED,2022-09-20,09:59 AM
190757,Tree Trim,2022-09-20 10:37 AM,Tree Trim Inspection,TREEMAINTENANCE,"UF - JONES, CODY",4419 ROSEBAY DR,"3, ZONE",452E,77018,CLOSED,2022-09-20,10:37 AM
190758,Tree Removal,2022-09-20 10:41 AM,Tree Removal Inspection,TREEMAINTENANCE,"UF - BHATTARAI, NIMESH",9702 COURBEN LN,"4, ZONE",455D,77078,CLOSED,2022-09-20,10:41 AM
190759,Tree Removal,2022-09-20 10:52 AM,Tree Removal Inspection,TREEMAINTENANCE,"UF - POLOVTSEV, SERA",1112B EDWARDS ST,"2, ZONE",493G,77007,CLOSED,2022-09-20,10:52 AM
190760,Tree Trim,2022-09-20 11:05 AM,Tree Trim Inspection,TREEMAINTENANCE,"UF - JONES, CODY",15815 CRESTBROOK DR,"5, ZONE",618C,77059,CLOSED,2022-09-20,11:05 AM
190761,Tree Trim,2022-09-20 11:11 AM,Tree Trim Inspection,TREEMAINTENANCE,"UF - JONES, CODY",CROQUET LN,"7, ZONE",571P,77085,CLOSED,2022-09-20,11:11 AM
190762,Tree Removal,2022-09-20 12:05 PM,Tree Removal Inspection,TREEMAINTENANCE,"UF - BHATTARAI, NIMESH",5301 RAPIDO RD,"6, ZONE",534N,77033,CLOSED,2022-09-20,12:05 PM
190763,Tree Trim,2022-09-20 12:06 PM,Tree Trim Inspection,TREEMAINTENANCE,"UF - JONES, CODY",7225 ALDERSON ST,"4, ZONE",495A,77020,CLOSED,2022-09-20,12:06 PM
190764,Tree Removal,2022-09-20 12:20 PM,Tree Removal Inspection,TREEMAINTENANCE,"UF - JONES, CODY",12303 HUNTINGWICK DR,"2, ZONE",490E,77024,CLOSED,2022-09-20,12:20 PM
190765,Tree Trim,2022-09-20 12:23 PM,Tree Trim Inspection,TREEMAINTENANCE,"UF - JONES, CODY",6610 DEIHL RD,"3, ZONE",451A,77092,CLOSED,2022-09-20,12:23 PM
190766,Tree Trim,2022-09-20 12:32 PM,Tree Trim Inspection,TREEMAINTENANCE,"UF - GHIMIRE, GOPAL",1041 TULANE ST,"3, ZONE",452Z,77008,CLOSED,2022-09-20,12:32 PM
190767,Tree Removal,2022-09-20 12:48 PM,Tree Removal Inspection,TREEMAINTENANCE,"UF - GHIMIRE, GOPAL",946 W 30TH ST,"3, ZONE",452Q,77018,CLOSED,2022-09-20,12:48 PM
190768,Tree Trim,2022-09-20 01:08 PM,Tree Trim Inspection,TREEMAINTENANCE,"UF - JONES, CODY",19008 SAUMS RD,"3, ZONE",446V,77084,CLOSED,2022-09-20,01:08 PM
190769,Tree Removal,2022-09-20 01:20 PM,Tree Removal Inspection,TREEMAINTENANCE,"UF - BHATTARAI, NIMESH",12822 COULSON ST,"5, ZONE",496M,77015,CLOSED,2022-09-20,01:20 PM
190770,Tree Removal,2022-09-20 01:57 PM,Tree Removal Inspection,TREEMAINTENANCE,"UF - BHATTARAI, NIMESH",9512 BRIAR FOREST DR,"2, ZONE",490N,77063,CLOSED,2022-09-20,01:57 PM
190771,Tree Removal,2022-09-20 02:03 PM,Tree Removal Inspection,TREEMAINTENANCE,"UF - JONES, CODY",9512 BRIAR FOREST DR,"2, ZONE",490N,77063,CLOSED,2022-09-20,02:03 PM
190772,Tree Trim,2022-09-20 02:12 PM,Tree Trim Inspection,TREEMAINTENANCE,"UF - BHATTARAI, NIMESH",7522 ELBERT ST,"4, ZONE",455J,77028,CLOSED,2022-09-20,02:12 PM
190773,Tree Trim,2022-09-20 02:24 PM,Tree Trim Inspection,TREEMAINTENANCE,"UF - BHATTARAI, NIMESH",6618 HOMESTEAD RD,"4, ZONE",454R,77028,CLOSED,2022-09-20,02:24 PM
190774,Tree Trim,2022-09-20 02:33 PM,Tree Trim Inspection,TREEMAINTENANCE,"UF - JONES, CODY",6600 HARBOR TOWN DR,"2, ZONE",530B,77036,CLOSED,2022-09-20,02:33 PM
190775,Tree Trim,2022-09-20 02:45 PM,Tree Trim Inspection,TREEMAINTENANCE,"UF - JONES, CODY",5416 VIKING DR,"3, ZONE",451G,77092,CLOSED,2022-09-20,02:45 PM
190776,Tree Trim,2022-09-20 03:39 PM,Tree Trim Inspection,TREEMAINTENANCE,"UF - JONES, CODY",1600 VIKING DR,"3, ZONE",452J,77018,CLOSED,2022-09-20,03:39 PM
190777,Tree Trim,2022-09-20 03:55 PM,Tree Trim Inspection,TREEMAINTENANCE,"UF - JONES, CODY",12095 BEECHNUT ST,"2, ZONE",529N,77072,CLOSED,2022-09-20,03:55 PM
190778,Tree Trim,2022-09-20 04:17 PM,Tree Trim Inspection,TREEMAINTENANCE,"UF - JONES, CODY",350 RED RIPPLE RD,"3, ZONE",452D,77091,CLOSED,2022-09-20,04:17 PM
190779,Tree Trim,2022-09-20 07:41 PM,Tree Trim Inspection,TREEMAINTENANCE,"UF - BHATTARAI, NIMESH",5702 HARRIET ST,"5, ZONE",534C,77023,CLOSED,2022-09-20,07:41 PM
190780,Tree Trim,2022-09-20 08:11 PM,Tree Trim Inspection,TREEMAINTENANCE,"UF - JONES, CODY",12207 ALPHA ST,"2, ZONE",529N,77072,CLOSED,2022-09-20,08:11 PM
190781,Tree Trim,2022-09-21 01:13 AM,Tree Trim Inspection,TREEMAINTENANCE,"UF - BHATTARAI, NIMESH",CHARTRES ST & MCKINNEY ST,"5, ZONE",493R,77010,CLOSED,2022-09-21,01:13 AM
190782,Tree Trim,2022-09-21 05:26 AM,Tree Trim Inspection,TREEMAINTENANCE,"UF - JONES, CODY",5120 BAYARD LN,"7, ZONE",493W,77006,CLOSED,2022-09-21,05:26 AM
190783,Tree Trim,2022-09-21 09:12 AM,Tree Trim Inspection,TREEMAINTENANCE,"UF - JONES, CODY",5902 QUAIL VILLAGE DR,"7, ZONE",611F,77053,CLOSED,2022-09-21,09:12 AM
190784,Tree Trim,2022-09-21 09:47 AM,Tree Trim Inspection,TREEMAINTENANCE,"UF - GHIMIRE, GOPAL",16290 KATY FWY,"3, ZONE",487C,77084,CLOSED,2022-09-21,09:47 AM
190785,Tree Trim,2022-09-21 09:55 AM,Tree Trim Inspection,TREEMAINTENANCE,"UF - JONES, CODY",6714 BETHUNE DR,"3, ZONE",412W,77091,CLOSED,2022-09-21,09:55 AM
190786,Tree Trim,2022-09-21 10:10 AM,Tree Trim Inspection,TREEMAINTENANCE,"UF - BHATTARAI, NIMESH",8102 ANACORTES ST,"6, ZONE",535Y,77061,CLOSED,2022-09-21,10:10 AM
190787,Tree Trim,2022-09-21 10:34 AM,Tree Trim Inspection,TREEMAINTENANCE,"UF - BHATTARAI, NIMESH",3432 SAYERS ST,"4, ZONE",454X,77026,CLOSED,2022-09-21,10:34 AM
190789,Tree Trim,2022-09-21 11:22 AM,Tree Trim Inspection,TREEMAINTENANCE,"UF - BHATTARAI, NIMESH",5540 TREMPER ST,"4, ZONE",494G,77020,CLOSED,2022-09-21,11:22 AM
190790,Tree Removal,2022-09-21 11:44 AM,Tree Removal Inspection,TREEMAINTENANCE,"UF - BHATTARAI, NIMESH",5651 MEADOW CREEK LN,"5, ZONE",536T,77017,CLOSED,2022-09-21,11:44 AM
190791,Tree Removal,2022-09-21 12:09 PM,Tree Removal Inspection,TREEMAINTENANCE,"UF - JONES, CODY",4747 ALLENDALE RD,"5, ZONE",535V,77017,CLOSED,2022-09-21,12:09 PM
190792,Tree Removal,2022-09-21 12:22 PM,Tree Removal Inspection,TREEMAINTENANCE,"UF - JONES, CODY",1847 BRANARD ST,"2, ZONE",492V,77098,CLOSED,2022-09-21,12:22 PM
190793,Tree Removal,2022-09-21 01:08 PM,Tree Removal Inspection,TREEMAINTENANCE,"UF - JONES, CODY",5523 HUMMINGBIRD ST,"7, ZONE",531X,77096,CLOSED,2022-09-21,01:08 PM
190794,Tree Removal,2022-09-21 01:11 PM,Tree Removal Inspection,TREEMAINTENANCE,"UF - BHATTARAI, NIMESH",7234 AVENUE K,"5, ZONE",495S,77011,CLOSED,2022-09-21,01:11 PM
190795,Tree Trim,2022-09-21 01:29 PM,Tree Trim Inspection,TREEMAINTENANCE,"UF - BHATTARAI, NIMESH",8701 SANDRA ST,"4, ZONE",454G,77016,CLOSED,2022-09-21,01:29 PM
190796,Tree Trim,2022-09-21 01:32 PM,Tree Trim Inspection,TREEMAINTENANCE,"UF - JONES, CODY",7600 HILLSBORO ST,"4, ZONE",495E,77020,CLOSED,2022-09-21,01:32 PM
190797,Tree Removal,2022-09-21 01:56 PM,Tree Removal Inspection,TREEMAINTENANCE,"UF - JONES, CODY",14958 MEMORIAL DR,"2, ZONE",488G,77079,CLOSED,2022-09-21,01:56 PM
190798,Tree Trim,2022-09-21 02:05 PM,Tree Trim Inspection,TREEMAINTENANCE,"UF - JONES, CODY",5615 CARTAGENA ST,"7, ZONE",571A,77035,CLOSED,2022-09-21,02:05 PM
190799,Tree Trim,2022-09-21 03:08 PM,Tree Trim Inspection,TREEMAINTENANCE,"UF - BHATTARAI, NIMESH",5903 MORNINGDALE ST,"4, ZONE",374M,77396,CLOSED,2022-09-21,03:08 PM
190800,Tree Trim,2022-09-21 03:11 PM,Tree Trim Inspection,TREEMAINTENANCE,"UF - JONES, CODY",3746 CHILDRESS ST,"7, ZONE",492W,77005,CLOSED,2022-09-21,03:11 PM
190801,Tree Trim,2022-09-21 03:37 PM,Tree Trim Inspection,TREEMAINTENANCE,"UF - BHATTARAI, NIMESH",1401 NAGLE ST,"5, ZONE",493V,77003,CLOSED,2022-09-21,03:37 PM
190802,Tree Removal,2022-09-21 04:09 PM,Tree Removal Inspection,TREEMAINTENANCE,"UF - JONES, CODY",6039 BANKSIDE DR,"7, ZONE",530Z,77096,CLOSED,2022-09-21,04:09 PM
190803,Tree Trim,2022-09-21 04:45 PM,Tree Trim Inspection,TREEMAINTENANCE,"UF - JONES, CODY",6373 WILLOWBEND BLVD,"7, ZONE",530Z,77096,CLOSED,2022-09-21,04:45 PM
190804,Tree Trim,2022-09-21 05:03 PM,Tree Trim Inspection,TREEMAINTENANCE,"UF - JONES, CODY",314 RED RIPPLE RD,"3, ZONE",452D,77091,CLOSED,2022-09-21,05:03 PM
190805,Tree Removal,2022-09-21 10:38 PM,Tree Removal Inspection,TREEMAINTENANCE,"UF - BHATTARAI, NIMESH",MAYFLOWER ST & CULLEN BLVD,"6, ZONE",533V,77051,CLOSED,2022-09-21,10:38 PM
190806,Tree Trim,2022-09-22 08:02 AM,Tree Trim Inspection,TREEMAINTENANCE,"UF - BHATTARAI, NIMESH",518 EGAN ST,"5, ZONE",494K,77020,CLOSED,2022-09-22,08:02 AM
190807,Tree Trim,2022-09-22 08:53 AM,Tree Trim Inspection,TREEMAINTENANCE,"UF - JONES, CODY",13602 MONARCH RD,"7, ZONE",572V,77047,CLOSED,2022-09-22,08:53 AM
190808,Tree Trim,2022-09-22 08:56 AM,Tree Trim Inspection,TREEMAINTENANCE,"UF - JONES, CODY",924 E ANDERSON RD,"7, ZONE",572V,77047,CLOSED,2022-09-22,08:56 AM
190809,Tree Trim,2022-09-22 09:00 AM,Tree Trim Inspection,TREEMAINTENANCE,"UF - JONES, CODY",7103 TOURS ST,"2, ZONE",530F,77036,CLOSED,2022-09-22,09:00 AM
190810,Tree Trim,2022-09-22 09:06 AM,Tree Trim Inspection,TREEMAINTENANCE,"UF - BHATTARAI, NIMESH",8632 FURRAY RD,"4, ZONE",455L,77028,CLOSED,2022-09-22,09:06 AM
190811,Tree Trim,2022-09-22 09:21 AM,Tree Trim Inspection,TREEMAINTENANCE,"UF - JONES, CODY",7171 BUFFALO SPEEDWAY,"7, ZONE",532F,77025,CLOSED,2022-09-22,09:21 AM
190812,Tree Removal,2022-09-22 09:30 AM,Tree Removal Inspection,TREEMAINTENANCE,"UF - BHATTARAI, NIMESH",3906 SWEETGUM HILL LN,"4, ZONE",297T,77345,CLOSED,2022-09-22,09:30 AM
190813,Tree Removal,2022-09-22 09:33 AM,Tree Removal Inspection,TREEMAINTENANCE,"UF - JONES, CODY",10806 BRAEWICK DR,"7, ZONE",530Z,77096,CLOSED,2022-09-22,09:33 AM
190814,Tree Trim,2022-09-22 10:54 AM,Tree Trim Inspection,TREEMAINTENANCE,"UF - JONES, CODY",2100 STANFORD ST,"2, ZONE",493N,77006,CLOSED,2022-09-22,10:54 AM
190815,Tree Trim,2022-09-22 12:31 PM,Tree Trim Inspection,TREEMAINTENANCE,"UF - BHATTARAI, NIMESH",2602 BERRY ST,"6, ZONE",493Y,77004,CLOSED,2022-09-22,12:31 PM
190816,Tree Trim,2022-09-22 02:34 PM,Tree Trim Inspection,TREEMAINTENANCE,"UF - BHATTARAI, NIMESH",16665 SPACE CENTER BLVD,"5, ZONE",618M,77058,CLOSED,2022-09-22,02:34 PM
190817,Tree Stump Grinding,2022-09-22 02:41 PM,Tree Stump Inspection,TREEMAINTENANCE,"UF - JONES, CODY",5323 FAIRDALE LN,"2, ZONE",491Y,77056,CLOSED,2022-09-22,02:41 PM
190818,Tree Removal,2022-09-22 02:46 PM,Tree Removal Inspection,TREEMAINTENANCE,"UF - BHATTARAI, NIMESH",9117 BRIAR FOREST DR,"2, ZONE",490P,77024,CLOSED,2022-09-22,02:46 PM
190819,Tree Removal,2022-09-22 02:47 PM,Tree Removal Inspection,TREEMAINTENANCE,"UF - GHIMIRE, GOPAL",1120 W 13TH ST,"3, ZONE",452Z,77008,CLOSED,2022-09-22,02:47 PM
190820,Tree Removal,2022-09-22 02:53 PM,Tree Removal Inspection,TREEMAINTENANCE,"UF - JONES, CODY",6400 MAIN ST,"7, ZONE",532D,77030,CLOSED,2022-09-22,02:53 PM
190821,Tree Trim,2022-09-22 05:02 PM,Tree Trim Inspection,TREEMAINTENANCE,"UF - BHATTARAI, NIMESH",16686 NORTHCHASE DR,"4, ZONE",372R,77060,CLOSED,2022-09-22,05:02 PM
190822,Tree Removal,2022-09-23 04:45 AM,Tree Removal Inspection,TREEMAINTENANCE,"UF - JONES, CODY",5900 TELEPHONE RD,"6, ZONE",535S,77087,CLOSED,2022-09-23,04:45 AM
190823,Tree Trim,2022-09-23 07:07 AM,Tree Trim Inspection,TREEMAINTENANCE,"UF - JONES, CODY",2226 W HOLCOMBE BLVD,"7, ZONE",532G,77030,CLOSED,2022-09-23,07:07 AM
190824,Tree Trim,2022-09-23 07:13 AM,Tree Trim Inspection,TREEMAINTENANCE,"UF - GHIMIRE, GOPAL",5422 KANSAS ST,"3, ZONE",492C,77007,CLOSED,2022-09-23,07:13 AM
190825,Tree Trim,2022-09-23 07:34 AM,Tree Trim Inspection,TREEMAINTENANCE,"UF - JONES, CODY",4502 DUNLAVY ST,"2, ZONE",492Z,77098,CLOSED,2022-09-23,07:34 AM
190826,Tree Trim,2022-09-23 09:01 AM,Tree Trim Inspection,TREEMAINTENANCE,"UF - BHATTARAI, NIMESH",2406 MORSE ST,"2, ZONE",492V,77019,CLOSED,2022-09-23,09:01 AM
190827,Tree Trim,2022-09-23 09:38 AM,Tree Trim Inspection,TREEMAINTENANCE,"UF - BHATTARAI, NIMESH",8344 CADDO RD,"4, ZONE",455C,77078,CLOSED,2022-09-23,09:38 AM
190828,Tree Trim,2022-09-23 09:56 AM,Tree Trim Inspection,TREEMAINTENANCE,"UF - GHIMIRE, GOPAL",1343 YALE ST,"3, ZONE",452Z,77008,CLOSED,2022-09-23,09:56 AM
190829,Tree Removal,2022-09-23 10:39 AM,Tree Removal Inspection,TREEMAINTENANCE,"UF - BHATTARAI, NIMESH",4143 HUEY ST,"6, ZONE",534M,77087,CLOSED,2022-09-23,10:39 AM
190830,Tree Trim,2022-09-23 10:44 AM,Tree Trim Inspection,TREEMAINTENANCE,"UF - BHATTARAI, NIMESH",2431 CRITTENDEN ST,"4, ZONE",454N,77026,CLOSED,2022-09-23,10:44 AM
190831,Tree Trim,2022-09-23 11:08 AM,Tree Trim Inspection,TREEMAINTENANCE,"UF - BHATTARAI, NIMESH",7700 AIRPORT BLVD,"6, ZONE",575B,77061,CLOSED,2022-09-23,11:08 AM
190833,Tree Removal,2022-09-23 11:27 AM,Tree Removal Inspection,TREEMAINTENANCE,"UF - BHATTARAI, NIMESH",5228 LEELAND ST,"5, ZONE",494Y,77023,CLOSED,2022-09-23,11:27 AM
190836,Tree Removal,2022-09-23 11:32 AM,Tree Removal Inspection,TREEMAINTENANCE,"UF - JONES, CODY",10610 BAYOU GLEN RD,"2, ZONE",489L,77042,CLOSED,2022-09-23,11:32 AM
190838,Tree Removal,2022-09-23 11:36 AM,Tree Removal Inspection,TREEMAINTENANCE,"UF - GHIMIRE, GOPAL",10610 BAYOU GLEN RD,"2, ZONE",489L,77042,CLOSED,2022-09-23,11:36 AM
190839,Tree Trim,2022-09-23 11:38 AM,Tree Trim Inspection,TREEMAINTENANCE,"UF - JONES, CODY",6529 UTAH ST,"3, ZONE",412X,77091,CLOSED,2022-09-23,11:38 AM
190840,Tree Trim,2022-09-23 12:03 PM,Tree Trim Inspection,TREEMAINTENANCE,"UF - BHATTARAI, NIMESH",9200 HOLLOCK ST,"6, ZONE",575M,77075,CLOSED,2022-09-23,12:03 PM
190841,Tree Trim,2022-09-23 12:33 PM,Tree Trim Inspection,TREEMAINTENANCE,"UF - JONES, CODY",10314 HEATHERFORD CT,"3, ZONE",450E,77041,CLOSED,2022-09-23,12:33 PM
190842,Tree Removal,2022-09-23 01:12 PM,Tree Removal Inspection,TREEMAINTENANCE,"UF - POLOVTSEV, SERA",7500 CULLEN BLVD,"6, ZONE",533V,77051,CLOSED,2022-09-23,01:12 PM
190843,Tree Removal,2022-09-23 02:17 PM,Tree Removal Inspection,TREEMAINTENANCE,"UF - JONES, CODY",1438 MUNGER ST,"5, ZONE",494X,77023,CLOSED,2022-09-23,02:17 PM
190844,Tree Trim,2022-09-23 03:04 PM,Tree Trim Inspection,TREEMAINTENANCE,"UF - JONES, CODY",6314 COSTA MESA DR,"7, ZONE",611B,77053,CLOSED,2022-09-23,03:04 PM
190846,Tree Removal,2022-09-23 03:58 PM,Tree Removal Inspection,TREEMAINTENANCE,"UF - BHATTARAI, NIMESH",729 TEETSHORN ST,"3, ZONE",493B,77009,CLOSED,2022-09-23,03:58 PM
190847,Tree Removal,2022-09-23 04:32 PM,Tree Removal Inspection,TREEMAINTENANCE,"UF - GHIMIRE, GOPAL",2025 COLUMBIA ST,"3, ZONE",453S,77008,CLOSED,2022-09-23,04:32 PM
190848,Tree Trim,2022-09-23 05:04 PM,Tree Trim Inspection,TREEMAINTENANCE,"UF - BHATTARAI, NIMESH",4500 MAGNOLIA COVE DR,"4, ZONE",337G,77339,CLOSED,2022-09-23,05:04 PM
190849,Tree Removal,2022-09-23 09:18 PM,Tree Removal Inspection,TREEMAINTENANCE,"UF - JONES, CODY",500 TEXAS ST,"1, ZONE",493L,77002,CLOSED,2022-09-23,09:18 PM
190850,Tree Code Violation,2022-09-24 02:42 PM,Tree Code Violation Inspection,TREEPROTECTION,"UF - JONES, CODY",5500 N BRAESWOOD BLVD,"7, ZONE",531T,77096,CLOSED,2022-09-24,02:42 PM
190851,Tree Code Violation,2022-09-24 08:47 PM,Tree Code Violation Inspection,TREEPROTECTION,"UF - JONES, CODY",5410 N BRAESWOOD BLVD,"7, ZONE",531T,77096,CLOSED,2022-09-24,08:47 PM
190852,Tree Trim,2022-09-25 09:30 AM,Tree Trim Inspection,TREEMAINTENANCE,"UF - JONES, CODY",6829 GREENBRIAR ST,"7, ZONE",532G,77030,CLOSED,2022-09-25,09:30 AM
190853,Tree Trim,2022-09-25 03:04 PM,Tree Trim Inspection,TREEMAINTENANCE,"UF - BHATTARAI, NIMESH",3300 ALICE ST,"6, ZONE",533K,77021,CLOSED,2022-09-25,03:04 PM
190854,Tree Trim,2022-09-25 07:12 PM,Tree Trim Inspection,TREEMAINTENANCE,"UF - GHIMIRE, GOPAL",9002 DEER TRAIL DR,"3, ZONE",412L,77088,CLOSED,2022-09-25,07:12 PM
190855,Tree Removal,2022-09-25 07:57 PM,Tree Removal Inspection,TREEMAINTENANCE,"UF - JONES, CODY",1931 BANKS ST,"7, ZONE",492Z,77098,CLOSED,2022-09-25,07:57 PM
190856,Tree Trim,2022-09-26 07:03 AM,Tree Trim Inspection,TREEMAINTENANCE,"UF - JONES, CODY",1934 FAIRVIEW ST,"2, ZONE",492V,77019,CLOSED,2022-09-26,07:03 AM
190857,Tree Removal,2022-09-26 08:10 AM,Tree Removal Inspection,TREEMAINTENANCE,"UF - JONES, CODY",14657 CARADINE ST,"7, ZONE",571T,77085,CLOSED,2022-09-26,08:10 AM
190858,Tree Removal,2022-09-26 08:13 AM,Tree Removal Inspection,TREEMAINTENANCE,"UF - JONES, CODY",801 CORTLANDT ST,"3, ZONE",493A,77007,CLOSED,2022-09-26,08:13 AM
190859,Tree Removal,2022-09-26 08:25 AM,Tree Removal Inspection,TREEMAINTENANCE,"UF - ERICKSON, IAN",2868 WATER WELL RD,"4, ZONE",336C,77339,CLOSED,2022-09-26,08:25 AM
190860,Tree Removal,2022-09-26 08:43 AM,Tree Removal Inspection,TREEMAINTENANCE,"UF - JONES, CODY",2837 YORKTOWN ST,"2, ZONE",491U,77056,CLOSED,2022-09-26,08:43 AM
190861,Tree Removal,2022-09-26 08:43 AM,Tree Removal Inspection,TREEMAINTENANCE,"UF - JONES, CODY",6301 ALMEDA RD,"7, ZONE",533F,77021,CLOSED,2022-09-26,08:43 AM
190862,Tree Trim,2022-09-26 08:49 AM,Tree Trim Inspection,TREEMAINTENANCE,"UF - JONES, CODY",12107 CHIMNEY ROCK RD,"7, ZONE",571F,77035,CLOSED,2022-09-26,08:49 AM
190863,Tree Removal,2022-09-26 09:40 AM,Tree Removal Inspection,TREEMAINTENANCE,"UF - BHATTARAI, NIMESH",8634 GREINER DR,"3, ZONE",450M,77080,CLOSED,2022-09-26,09:40 AM
190864,Tree Trim,2022-09-26 09:50 AM,Tree Trim Inspection,TREEMAINTENANCE,"UF - BHATTARAI, NIMESH",4411 UNIVERSITY OAKS BLVD,"6, ZONE",534A,77004,CLOSED,2022-09-26,09:50 AM
190865,Tree Removal,2022-09-26 10:07 AM,Tree Removal Inspection,TREEMAINTENANCE,"UF - JONES, CODY",7222 BROWNWOOD ST,"4, ZONE",495E,77020,CLOSED,2022-09-26,10:07 AM
190866,Tree Removal,2022-09-26 10:32 AM,Tree Removal Inspection,TREEMAINTENANCE,"UF - JONES, CODY",12800 BRIAR FOREST DR,"2, ZONE",488L,77077,CLOSED,2022-09-26,10:32 AM
190867,Tree Trim,2022-09-26 11:12 AM,Tree Trim Inspection,TREEMAINTENANCE,"UF - BHATTARAI, NIMESH",3823 COURTNEY ST,"4, ZONE",494B,77026,CLOSED,2022-09-26,11:12 AM
190868,Tree Removal,2022-09-26 12:09 PM,Tree Removal Inspection,TREEMAINTENANCE,"UF - ERICKSON, IAN",219 YIDA LN,"4, ZONE",299W,77336,CLOSED,2022-09-26,12:09 PM
190869,Tree Removal,2022-09-26 01:00 PM,Tree Removal Inspection,TREEMAINTENANCE,"UF - JONES, CODY",10915 ALBURY DR,"7, ZONE",530Z,77096,CLOSED,2022-09-26,01:00 PM
190871,Tree Trim,2022-09-26 01:48 PM,Tree Trim Inspection,TREEMAINTENANCE,"UF - JONES, CODY",3055 SAGE RD,"2, ZONE",491U,77056,CLOSED,2022-09-26,01:48 PM
190872,Tree Removal,2022-09-26 02:06 PM,Tree Removal Inspection,TREEMAINTENANCE,"UF - JONES, CODY",6001 FANNIN ST,"7, ZONE",533A,77030,CLOSED,2022-09-26,02:06 PM
190873,Tree Trim,2022-09-26 03:13 PM,Tree Trim Inspection,TREEMAINTENANCE,"UF - BHATTARAI, NIMESH",6902 APACHE ST,"4, ZONE",454R,77028,CLOSED,2022-09-26,03:13 PM
190874,Tree Trim,2022-09-26 03:22 PM,Tree Trim Inspection,TREEMAINTENANCE,"UF - JONES, CODY",6829 GREENBRIAR ST,"7, ZONE",532G,77030,CLOSED,2022-09-26,03:22 PM
190875,Tree Removal,2022-09-26 03:57 PM,Tree Removal Inspection,TREEMAINTENANCE,"UF - BHATTARAI, NIMESH",2820 BOSTIC ST,"4, ZONE",454E,77093,CLOSED,2022-09-26,03:57 PM
190876,Tree Removal,2022-09-26 03:57 PM,Tree Removal Inspection,TREEMAINTENANCE,"UF - BHATTARAI, NIMESH",6838 ENGLAND ST,"6, ZONE",533R,77021,CLOSED,2022-09-26,03:57 PM
190877,Tree Trim,2022-09-26 04:04 PM,Tree Trim Inspection,TREEMAINTENANCE,"UF - BHATTARAI, NIMESH",6042 GREENMONT DR,"3, ZONE",451B,77092,CLOSED,2022-09-26,04:04 PM
190878,Tree Trim,2022-09-26 04:28 PM,Tree Trim Inspection,TREEMAINTENANCE,"UF - BHATTARAI, NIMESH",10701 SEVEN MILE LN,"4, ZONE",414S,77093,CLOSED,2022-09-26,04:28 PM
190879,Tree Trim,2022-09-26 04:57 PM,Tree Trim Inspection,TREEMAINTENANCE,"UF - BHATTARAI, NIMESH",6042 GREENMONT DR,"3, ZONE",451B,77092,CLOSED,2022-09-26,04:57 PM
190880,Tree Trim,2022-09-26 05:25 PM,Tree Trim Inspection,TREEMAINTENANCE,"UF - BHATTARAI, NIMESH",4806 FAIRGREEN LN,"6, ZONE",573M,77048,CLOSED,2022-09-26,05:25 PM
190881,Tree Trim,2022-09-26 08:32 PM,Tree Trim Inspection,TREEMAINTENANCE,"UF - JONES, CODY",7199 WAXAHACHIE ST,"4, ZONE",495E,77020,CLOSED,2022-09-26,08:32 PM
190882,Tree Removal,2022-09-27 07:54 AM,Tree Removal Inspection,TREEMAINTENANCE,"UF - JONES, CODY",5267 HUMMINGBIRD ST,"7, ZONE",531X,77035,CLOSED,2022-09-27,07:54 AM
190883,Tree Removal,2022-09-27 09:58 AM,Tree Removal Inspection,TREEMAINTENANCE,"UF - JONES, CODY",3909 AUSTIN ST,"2, ZONE",493X,77004,CLOSED,2022-09-27,09:58 AM
190884,Tree Trim,2022-09-27 10:44 AM,Tree Trim Inspection,TREEMAINTENANCE,"UF - GHIMIRE, GOPAL",213 E 23RD ST,"3, ZONE",453S,77008,CLOSED,2022-09-27,10:44 AM
190885,Tree Removal,2022-09-27 11:29 AM,Tree Removal Inspection,TREEMAINTENANCE,"UF - BHATTARAI, NIMESH",3714 DAPHNE ST,"6, ZONE",533L,77021,CLOSED,2022-09-27,11:29 AM
190886,Tree Removal,2022-09-27 11:53 AM,Tree Removal Inspection,TREEMAINTENANCE,"UF - JONES, CODY",6720 SHERMAN ST,"5, ZONE",494V,77011,CLOSED,2022-09-27,11:53 AM
190887,Tree Trim,2022-09-27 11:59 AM,Tree Trim Inspection,TREEMAINTENANCE,"UF - BHATTARAI, NIMESH",5506 FINCH ST,"4, ZONE",454M,77028,CLOSED,2022-09-27,11:59 AM
190888,Tree Trim,2022-09-27 11:59 AM,Tree Trim Inspection,TREEMAINTENANCE,"UF - BHATTARAI, NIMESH",7902 AVENUE E,"5, ZONE",495X,77012,CLOSED,2022-09-27,11:59 AM
190889,Tree Trim,2022-09-27 12:53 PM,Tree Trim Inspection,TREEMAINTENANCE,"UF - BHATTARAI, NIMESH",3012 ARBOR ST,"6, ZONE",533C,77004,CLOSED,2022-09-27,12:53 PM
190890,Tree Removal,2022-09-27 01:20 PM,Tree Removal Inspection,TREEMAINTENANCE,"UF - JONES, CODY",6810 LINDEN ST,"5, ZONE",534H,77087,CLOSED,2022-09-27,01:20 PM
190891,Tree Removal,2022-09-27 01:20 PM,Tree Removal Inspection,TREEMAINTENANCE,"UF - JONES, CODY",9577 NEUENS RD,"3, ZONE",450T,77080,CLOSED,2022-09-27,01:20 PM
190892,Tree Trim,2022-09-27 01:44 PM,Tree Trim Inspection,TREEMAINTENANCE,"UF - JONES, CODY",1212 WRIGHTWOOD ST,"3, ZONE",493C,77009,CLOSED,2022-09-27,01:44 PM
190893,Tree Removal,2022-09-27 01:50 PM,Tree Removal Inspection,TREEMAINTENANCE,"UF - BHATTARAI, NIMESH",3200 RUSSELL ST,"4, ZONE",494B,77026,CLOSED,2022-09-27,01:50 PM
190894,Tree Removal,2022-09-27 02:14 PM,Tree Removal Inspection,TREEMAINTENANCE,"UF - JONES, CODY",2309 QUENBY ST,"7, ZONE",532C,77005,CLOSED,2022-09-27,02:14 PM
190895,Tree Removal,2022-09-27 02:24 PM,Tree Removal Inspection,TREEMAINTENANCE,"UF - JONES, CODY",1100 CALIFORNIA ST,"2, ZONE",493S,77006,CLOSED,2022-09-27,02:24 PM
190896,Tree Trim,2022-09-27 02:44 PM,Tree Trim Inspection,TREEMAINTENANCE,"UF - GHIMIRE, GOPAL",1800 BEVIS ST,"3, ZONE",452U,77008,CLOSED,2022-09-27,02:44 PM
190897,Tree Removal,2022-09-27 02:48 PM,Tree Removal Inspection,TREEMAINTENANCE,"UF - BHATTARAI, NIMESH",7445 BRACE ST,"6, ZONE",535W,77061,CLOSED,2022-09-27,02:48 PM
190898,Tree Removal,2022-09-27 03:09 PM,Tree Removal Inspection,TREEMAINTENANCE,"UF - JONES, CODY",5615 SPELLMAN RD,"7, ZONE",571A,77096,CLOSED,2022-09-27,03:09 PM
190899,Tree Trim,2022-09-27 03:46 PM,Tree Trim Inspection,TREEMAINTENANCE,"UF - GHIMIRE, GOPAL",12903 ECHO LANDING DR,"3, ZONE",369M,77070,CLOSED,2022-09-27,03:46 PM
190900,Tree Removal,2022-09-27 04:19 PM,Tree Removal Inspection,TREEMAINTENANCE,"UF - BHATTARAI, NIMESH",5825 SOUTHWELL ST,"6, ZONE",534P,77033,CLOSED,2022-09-27,04:19 PM
190901,Tree Removal,2022-09-27 04:27 PM,Tree Removal Inspection,TREEMAINTENANCE,"UF - JONES, CODY",930 WALL ST,"3, ZONE",412U,77088,CLOSED,2022-09-27,04:27 PM
190902,Tree Removal,2022-09-27 05:51 PM,Tree Removal Inspection,TREEMAINTENANCE,"UF - JONES, CODY",3318 MOUNT VERNON ST,"2, ZONE",493S,77006,CLOSED,2022-09-27,05:51 PM
190903,Tree Removal,2022-09-27 06:35 PM,Tree Removal Inspection,TREEMAINTENANCE,"UF - JONES, CODY",8888 W BELLFORT AVE,"7, ZONE",570B,77031,CLOSED,2022-09-27,06:35 PM
190904,Tree Removal,2022-09-27 07:04 PM,Tree Removal Inspection,TREEMAINTENANCE,"UF - ERICKSON, IAN",2022 CHAPMAN ST,"4, ZONE",493D,77009,CLOSED,2022-09-27,07:04 PM
190905,Tree Removal,2022-09-27 07:10 PM,Tree Removal Inspection,TREEMAINTENANCE,"UF - JONES, CODY",6340 CREEKBEND DR,"7, ZONE",530Z,77096,CLOSED,2022-09-27,07:10 PM
190906,Tree Removal,2022-09-27 07:49 PM,Tree Removal Inspection,TREEMAINTENANCE,"UF - JONES, CODY",11418 HILLCROFT AVE,"7, ZONE",571A,77035,CLOSED,2022-09-27,07:49 PM
190907,Tree Removal,2022-09-27 08:50 PM,Tree Removal Inspection,TREEMAINTENANCE,"UF - JONES, CODY",1512 KIPLING ST,"2, ZONE",492V,77006,CLOSED,2022-09-27,08:50 PM
190908,Tree Code Violation,2022-09-28 07:03 AM,Tree Code Violation Inspection,TREEPROTECTION,"UF - POLOVTSEV, SERA",2323 ALLEN PKWY,"2, ZONE",493J,77019,CLOSED,2022-09-28,07:03 AM
190909,Tree Trim,2022-09-28 08:32 AM,Tree Trim Inspection,TREEMAINTENANCE,"UF - GHIMIRE, GOPAL",1702 MOSHER LN,"3, ZONE",412K,77088,CLOSED,2022-09-28,08:32 AM
190910,Tree Removal,2022-09-28 08:40 AM,Tree Removal Inspection,TREEMAINTENANCE,"UF - GHIMIRE, GOPAL",1801 HEIGHTS BLVD,"3, ZONE",453S,77008,CLOSED,2022-09-28,08:40 AM
190911,Tree Removal,2022-09-28 08:49 AM,Tree Removal Inspection,TREEMAINTENANCE,"UF - JONES, CODY",5246 WIGTON DR,"7, ZONE",531T,77096,CLOSED,2022-09-28,08:49 AM
190912,Tree Trim,2022-09-28 08:49 AM,Tree Trim Inspection,TREEMAINTENANCE,"UF - JONES, CODY",2440 ALMEDA-GENOA RD,"7, ZONE",573S,77047,CLOSED,2022-09-28,08:49 AM
190913,Tree Trim,2022-09-28 08:55 AM,Tree Trim Inspection,TREEMAINTENANCE,"UF - JONES, CODY",1814 CHIPPENDALE RD,"3, ZONE",452J,77018,CLOSED,2022-09-28,08:55 AM
190914,Tree Removal,2022-09-28 09:01 AM,Tree Removal Inspection,TREEMAINTENANCE,"UF - BURKES, JEREMY",10107 SILVERCREST ST,"4, ZONE",453C,77076,CLOSED,2022-09-28,09:01 AM
190915,Tree Removal,2022-09-28 10:43 AM,Tree Removal Inspection,TREEMAINTENANCE,"UF - ERICKSON, IAN",1613 GENTRY ST,"4, ZONE",493H,77009,CLOSED,2022-09-28,10:43 AM
190916,Tree Trim,2022-09-28 11:23 AM,Tree Trim Inspection,TREEMAINTENANCE,"UF - BHATTARAI, NIMESH",8111 ARROWHEAD LN,"6, ZONE",575T,77075,CLOSED,2022-09-28,11:23 AM
190917,Tree Removal,2022-09-28 11:29 AM,Tree Removal Inspection,TREEMAINTENANCE,"UF - BHATTARAI, NIMESH",700 FAWN DR,"4, ZONE",496D,77015,CLOSED,2022-09-28,11:29 AM
190918,Tree Removal,2022-09-28 12:08 PM,Tree Removal Inspection,TREEMAINTENANCE,"UF - JONES, CODY",4910 WOODHEAD ST,"7, ZONE",492Z,77098,CLOSED,2022-09-28,12:08 PM
190919,Tree Trim,2022-09-28 12:29 PM,Tree Trim Inspection,TREEMAINTENANCE,"UF - BHATTARAI, NIMESH",3360 ALICE ST,"6, ZONE",533K,77021,CLOSED,2022-09-28,12:29 PM
190920,Tree Trim,2022-09-28 12:41 PM,Tree Trim Inspection,TREEMAINTENANCE,"UF - JONES, CODY",3100 KETTERING DR,"2, ZONE",491V,77027,CLOSED,2022-09-28,12:41 PM
190921,Tree Trim,2022-09-28 01:32 PM,Tree Trim Inspection,TREEMAINTENANCE,"UF - JONES, CODY",6225 SAN FELIPE ST,"2, ZONE",491N,77057,CLOSED,2022-09-28,01:32 PM
190922,Tree Trim,2022-09-28 01:41 PM,Tree Trim Inspection,TREEMAINTENANCE,"UF - BHATTARAI, NIMESH",4800 CRANE ST,"4, ZONE",454Y,77026,CLOSED,2022-09-28,01:41 PM
190923,Tree Removal,2022-09-28 01:53 PM,Tree Removal Inspection,TREEMAINTENANCE,"UF - JONES, CODY",5003 CREEKBEND DR,"7, ZONE",531Y,77035,CLOSED,2022-09-28,01:53 PM
190924,Tree Removal,2022-09-28 02:47 PM,Tree Removal Inspection,TREEMAINTENANCE,"UF - JONES, CODY",7200 FONDREN RD,"2, ZONE",530G,77036,CLOSED,2022-09-28,02:47 PM
190925,Tree Code Violation,2022-09-28 03:27 PM,Tree Code Violation Inspection,TREEPROTECTION,"UF - POLOVTSEV, SERA",2917 FAY ST,"6, ZONE",534F,77023,CLOSED,2022-09-28,03:27 PM
190926,Tree Removal,2022-09-28 04:40 PM,Tree Removal Inspection,TREEMAINTENANCE,"UF - JONES, CODY",939 ELTON ST,"5, ZONE",576E,77034,CLOSED,2022-09-28,04:40 PM
190927,Tree Removal,2022-09-28 08:14 PM,Tree Removal Inspection,TREEMAINTENANCE,"UF - JONES, CODY",10514 TENNETA DR,"2, ZONE",528Z,77099,CLOSED,2022-09-28,08:14 PM
190928,Tree Removal,2022-09-28 08:35 PM,Tree Removal Inspection,TREEMAINTENANCE,"UF - JONES, CODY",2199 RODNEY ST,"5, ZONE",576E,77034,CLOSED,2022-09-28,08:35 PM
190929,Tree Trim,2022-09-29 06:47 AM,Tree Trim Inspection,TREEMAINTENANCE,"UF - BHATTARAI, NIMESH",5400 GESSNER RD,"3, ZONE",450A,77041,CLOSED,2022-09-29,06:47 AM
190930,Tree Trim,2022-09-29 09:09 AM,Tree Trim Inspection,TREEMAINTENANCE,"UF - BHATTARAI, NIMESH",11150 BEAMER RD,"6, ZONE",576T,77089,CLOSED,2022-09-29,09:09 AM
190931,Tree Removal,2022-09-29 09:12 AM,Tree Removal Inspection,TREEMAINTENANCE,"UF - ERICKSON, IAN",416 ENGLISH ST,"4, ZONE",453U,77009,CLOSED,2022-09-29,09:12 AM
190932,Tree Removal,2022-09-29 09:24 AM,Tree Removal Inspection,TREEMAINTENANCE,"UF - GHIMIRE, GOPAL",3015 W T C JESTER BLVD,"3, ZONE",452N,77092,CLOSED,2022-09-29,09:24 AM
190933,Tree Trim,2022-09-29 10:28 AM,Tree Trim Inspection,TREEMAINTENANCE,"UF - JONES, CODY",5615 RICHMOND AVE,"2, ZONE",491X,77057,CLOSED,2022-09-29,10:28 AM
190934,Tree Removal,2022-09-29 10:51 AM,Tree Removal Inspection,TREEMAINTENANCE,"UF - BHATTARAI, NIMESH",109 LUETTA ST,"4, ZONE",453B,77076,CLOSED,2022-09-29,10:51 AM
190935,Tree Trim,2022-09-29 10:58 AM,Tree Trim Inspection,TREEMAINTENANCE,"UF - BHATTARAI, NIMESH",514 SHOTWELL ST,"4, ZONE",494G,77020,CLOSED,2022-09-29,10:58 AM
190936,Tree Removal,2022-09-29 11:01 AM,Tree Removal Inspection,TREEMAINTENANCE,"UF - GHIMIRE, GOPAL",2201 WASHINGTON AVE,"2, ZONE",493K,77007,CLOSED,2022-09-29,11:01 AM
190937,Tree Removal,2022-09-29 11:06 AM,Tree Removal Inspection,TREEMAINTENANCE,"UF - BHATTARAI, NIMESH",5965 SOUTHLEA ST,"6, ZONE",534P,77033,CLOSED,2022-09-29,11:06 AM
190938,Tree Trim,2022-09-29 12:40 PM,Tree Trim Inspection,TREEMAINTENANCE,"UF - BHATTARAI, NIMESH",4300 OLD SPANISH TRL,"6, ZONE",533M,77021,CLOSED,2022-09-29,12:40 PM
190939,Tree Trim,2022-09-29 01:02 PM,Tree Trim Inspection,TREEMAINTENANCE,"UF - GHIMIRE, GOPAL",1000 W 12TH ST,"3, ZONE",452Z,77008,CLOSED,2022-09-29,01:02 PM
190940,Tree Trim,2022-09-29 01:03 PM,Tree Trim Inspection,TREEMAINTENANCE,"UF - JONES, CODY",6711 MULLINS DR,"7, ZONE",531E,77081,CLOSED,2022-09-29,01:03 PM
190941,Tree Removal,2022-09-29 01:28 PM,Tree Removal Inspection,TREEMAINTENANCE,"UF - GHIMIRE, GOPAL",1426 YALE ST,"3, ZONE",452Z,77008,CLOSED,2022-09-29,01:28 PM
190942,Tree Trim,2022-09-29 01:40 PM,Tree Trim Inspection,TREEMAINTENANCE,"UF - JONES, CODY",12111 PERTHSHIRE RD,"2, ZONE",490E,77024,CLOSED,2022-09-29,01:40 PM
190943,Tree Trim,2022-09-29 01:52 PM,Tree Trim Inspection,TREEMAINTENANCE,"UF - BHATTARAI, NIMESH",9822 BAMBOO RD,"3, ZONE",450B,77041,CLOSED,2022-09-29,01:52 PM
190944,Tree Removal,2022-09-29 02:11 PM,Tree Removal Inspection,TREEMAINTENANCE,"UF - JONES, CODY",9601 HILLCROFT AVE,"7, ZONE",531S,77096,CLOSED,2022-09-29,02:11 PM
190945,Tree Removal,2022-09-29 02:44 PM,Tree Removal Inspection,TREEMAINTENANCE,"UF - JONES, CODY",200 JACKSON HILL ST,"2, ZONE",492M,77007,CLOSED,2022-09-29,02:44 PM
190946,Tree Trim,2022-09-29 02:50 PM,Tree Trim Inspection,TREEMAINTENANCE,"UF - BHATTARAI, NIMESH",2000 BAUER DR,"3, ZONE",450U,77080,CLOSED,2022-09-29,02:50 PM
190947,Tree Removal,2022-09-29 03:08 PM,Tree Removal Inspection,TREEMAINTENANCE,"UF - BHATTARAI, NIMESH",5007 COSBY ST,"6, ZONE",534J,77021,CLOSED,2022-09-29,03:08 PM
190948,Tree Trim,2022-09-29 03:15 PM,Tree Trim Inspection,TREEMAINTENANCE,"UF - JONES, CODY",9802 HILLCROFT AVE,"7, ZONE",531S,77096,CLOSED,2022-09-29,03:15 PM
190949,Tree Removal,2022-09-29 03:32 PM,Tree Removal Inspection,TREEMAINTENANCE,"UF - JONES, CODY",1625 BONNIE BRAE ST,"2, ZONE",492Z,77006,CLOSED,2022-09-29,03:32 PM
190950,Tree Trim,2022-09-29 04:17 PM,Tree Trim Inspection,TREEMAINTENANCE,"UF - GHIMIRE, GOPAL",KNOX ST & RACHEL ST,"3, ZONE",452C,77091,CLOSED,2022-09-29,04:17 PM
190951,Tree Stump Grinding,2022-09-29 04:42 PM,Tree Stump Inspection,TREEMAINTENANCE,"UF - JONES, CODY",6509 WASHINGTON AVE,"2, ZONE",492F,77007,CLOSED,2022-09-29,04:42 PM
190952,Tree Trim,2022-09-29 06:27 PM,Tree Trim Inspection,TREEMAINTENANCE,"UF - BHATTARAI, NIMESH",3319 ALMOND CREEK DR,"5, ZONE",578W,77059,CLOSED,2022-09-29,06:27 PM
190953,Tree Trim,2022-09-30 04:39 AM,Tree Trim Inspection,TREEMAINTENANCE,"UF - BHATTARAI, NIMESH",WHEELER ST,"6, ZONE",493Y,77004,CLOSED,2022-09-30,04:39 AM
190954,Tree Removal,2022-09-30 07:59 AM,Tree Removal Inspection,TREEMAINTENANCE,"UF - BHATTARAI, NIMESH",5699 HERSHE ST,"4, ZONE",494G,77020,CLOSED,2022-09-30,07:59 AM
190955,Tree Removal,2022-09-30 08:53 AM,Tree Removal Inspection,TREEMAINTENANCE,"UF - BHATTARAI, NIMESH",3846 BLODGETT ST,"6, ZONE",533D,77004,CLOSED,2022-09-30,08:53 AM
190956,Tree Removal,2022-09-30 09:44 AM,Tree Removal Inspection,TREEMAINTENANCE,"UF - BHATTARAI, NIMESH",1430 FALCON ST,"5, ZONE",496L,77015,CLOSED,2022-09-30,09:44 AM
190959,Tree Removal,2022-09-30 10:39 AM,Tree Removal Inspection,TREEMAINTENANCE,"UF - JONES, CODY",898 WAVECREST LN,"5, ZONE",618N,77062,CLOSED,2022-09-30,10:39 AM
190968,Tree Removal,2022-09-30 11:44 AM,Tree Removal Inspection,TREEMAINTENANCE,"UF - ERICKSON, IAN",3501 MAURY ST,"4, ZONE",453Z,77009,CLOSED,2022-09-30,11:44 AM
190969,Tree Removal,2022-09-30 12:27 PM,Tree Removal Inspection,TREEMAINTENANCE,"UF - BHATTARAI, NIMESH",8102 TATE ST,"4, ZONE",455T,77028,CLOSED,2022-09-30,12:27 PM
190970,Tree Removal,2022-09-30 12:30 PM,Tree Removal Inspection,TREEMAINTENANCE,"UF - BHATTARAI, NIMESH",5422 TOMMYE ST,"4, ZONE",455T,77028,CLOSED,2022-09-30,12:30 PM
190971,Tree Removal,2022-09-30 02:20 PM,Tree Removal Inspection,TREEMAINTENANCE,"UF - JONES, CODY",1801 DUNSTAN RD,"7, ZONE",532D,77005,CLOSED,2022-09-30,02:20 PM
190972,Tree Removal,2022-09-30 02:48 PM,Tree Removal Inspection,TREEMAINTENANCE,"UF - JONES, CODY",403 WESTHEIMER RD,"2, ZONE",493S,77006,CLOSED,2022-09-30,02:48 PM
190973,Tree Trim,2022-09-30 02:55 PM,Tree Trim Inspection,TREEMAINTENANCE,"UF - BHATTARAI, NIMESH",2200 MILLS BRANCH DR,"4, ZONE",297U,77345,CLOSED,2022-09-30,02:55 PM
190974,Tree Removal,2022-09-30 03:08 PM,Tree Removal Inspection,TREEMAINTENANCE,"UF - BHATTARAI, NIMESH",13422 CORPUS CHRISTI ST,"4, ZONE",497B,77015,CLOSED,2022-09-30,03:08 PM
190975,Tree Trim,2022-09-30 03:21 PM,Tree Trim Inspection,TREEMAINTENANCE,"UF - BHATTARAI, NIMESH",9715 TELEPHONE RD,"6, ZONE",575N,77075,CLOSED,2022-09-30,03:21 PM
190976,Tree Trim,2022-10-01 05:46 AM,Tree Trim Inspection,TREEMAINTENANCE,"UF - JONES, CODY",3402 SAN JACINTO ST,"2, ZONE",493T,77004,CLOSED,2022-10-01,05:46 AM
190977,Tree Removal,2022-10-01 09:11 AM,Tree Removal Inspection,TREEMAINTENANCE,"UF - BHATTARAI, NIMESH",6700 LONG DR (CULLINAN JS AND LH PARK),"6, ZONE",534R,77087,CLOSED,2022-10-01,09:11 AM
190978,Tree Trim,2022-10-01 09:32 AM,Tree Trim Inspection,TREEMAINTENANCE,"UF - GHIMIRE, GOPAL",7200 BOONE RD,"2, ZONE",529K,77072,CLOSED,2022-10-01,09:32 AM
190979,Tree Trim,2022-10-01 10:51 AM,Tree Trim Inspection,TREEMAINTENANCE,"UF - BHATTARAI, NIMESH",4102 BROADWAY ST,"6, ZONE",535T,77087,CLOSED,2022-10-01,10:51 AM
190980,Tree Removal,2022-10-01 12:27 PM,Tree Removal Inspection,TREEMAINTENANCE,"UF - GHIMIRE, GOPAL",1917 CONVERSE ST,"2, ZONE",493N,77006,CLOSED,2022-10-01,12:27 PM
190981,Tree Trim,2022-10-01 12:27 PM,Tree Trim Inspection,TREEMAINTENANCE,"UF - GHIMIRE, GOPAL",6234 GLADEWELL DR,"2, ZONE",529C,77072,CLOSED,2022-10-01,12:27 PM
190982,Tree Removal,2022-10-01 05:53 PM,Tree Removal Inspection,TREEMAINTENANCE,"UF - JONES, CODY",15822 RIDGEROE LN,"7, ZONE",611D,77053,CLOSED,2022-10-01,05:53 PM
190983,Tree Trim,2022-10-01 05:53 PM,Tree Trim Inspection,TREEMAINTENANCE,"UF - BHATTARAI, NIMESH",11015 LONG GATE DR,"6, ZONE",573G,77047,CLOSED,2022-10-01,05:53 PM
190984,Tree Removal,2022-10-01 07:17 PM,Tree Removal Inspection,TREEMAINTENANCE,"UF - BHATTARAI, NIMESH",7155 SIMS DR,"6, ZONE",534Z,77061,CLOSED,2022-10-01,07:17 PM
190985,Tree Trim,2022-10-02 04:45 AM,Tree Trim Inspection,TREEMAINTENANCE,"UF - BHATTARAI, NIMESH",3323 ALMOND CREEK DR,"5, ZONE",578W,77059,CLOSED,2022-10-02,04:45 AM
190986,Tree Trim,2022-10-02 05:08 AM,Tree Trim Inspection,TREEMAINTENANCE,"UF - GHIMIRE, GOPAL",13302 WESTPORT LN,"2, ZONE",489B,77079,CLOSED,2022-10-02,05:08 AM
190987,Tree Removal,2022-10-02 10:25 AM,Tree Removal Inspection,TREEMAINTENANCE,"UF - JONES, CODY",8895 W BELLFORT AVE,"7, ZONE",570A,77071,CLOSED,2022-10-02,10:25 AM
190988,Tree Removal,2022-10-02 10:28 AM,Tree Removal Inspection,TREEMAINTENANCE,"UF - JONES, CODY",1831 W 23RD ST (LITTLE THICKET PARK),"3, ZONE",452T,77008,CLOSED,2022-10-02,10:28 AM
190989,Tree Removal,2022-10-02 10:28 AM,Tree Removal Inspection,TREEMAINTENANCE,"UF - JONES, CODY",201 WESTHEIMER RD,"2, ZONE",493T,77006,CLOSED,2022-10-02,10:28 AM
190990,Tree Removal,2022-10-02 12:44 PM,Tree Removal Inspection,TREEMAINTENANCE,"UF - GHIMIRE, GOPAL",9002 AMBLEWOOD DR,"2, ZONE",529P,77099,CLOSED,2022-10-02,12:44 PM
190991,Tree Trim,2022-10-02 06:43 PM,Tree Trim Inspection,TREEMAINTENANCE,"UF - JONES, CODY",6902 STELLA LINK RD,"7, ZONE",532E,77025,CLOSED,2022-10-02,06:43 PM
190992,Tree Trim,2022-10-03 04:55 AM,Tree Trim Inspection,TREEMAINTENANCE,"UF - JONES, CODY",13709 MONARCH RD,"7, ZONE",572V,77047,CLOSED,2022-10-03,04:55 AM
190993,Tree Removal,2022-10-03 08:40 AM,Tree Removal Inspection,TREEMAINTENANCE,"UF - GHIMIRE, GOPAL",2202 CONKLIN ST,"3, ZONE",412N,77088,CLOSED,2022-10-03,08:40 AM
190994,Tree Removal,2022-10-03 08:56 AM,Tree Removal Inspection,TREEMAINTENANCE,"UF - JONES, CODY",15200 MEMORIAL DR,"2, ZONE",488C,77079,CLOSED,2022-10-03,08:56 AM
190995,Tree Removal,2022-10-03 09:03 AM,Tree Removal Inspection,TREEMAINTENANCE,"UF - GHIMIRE, GOPAL",2235 HOSKINS DR,"3, ZONE",450Q,77080,CLOSED,2022-10-03,09:03 AM
190996,Tree Trim,2022-10-03 09:11 AM,Tree Trim Inspection,TREEMAINTENANCE,"UF - GHIMIRE, GOPAL",515 SIKES ST,"3, ZONE",452M,77018,CLOSED,2022-10-03,09:11 AM
190997,Tree Removal,2022-10-03 09:17 AM,Tree Removal Inspection,TREEMAINTENANCE,"UF - GHIMIRE, GOPAL",2714 FLORENCE ST,"3, ZONE",493B,77009,CLOSED,2022-10-03,09:17 AM
190998,Tree Trim,2022-10-03 09:18 AM,Tree Trim Inspection,TREEMAINTENANCE,"UF - GHIMIRE, GOPAL",12903 ECHO LANDING DR,"3, ZONE",369M,77070,CLOSED,2022-10-03,09:18 AM
190999,Tree Removal,2022-10-03 09:18 AM,Tree Removal Inspection,TREEMAINTENANCE,"UF - BHATTARAI, NIMESH",3714 DAPHNE ST,"6, ZONE",533L,77021,CLOSED,2022-10-03,09:18 AM
191000,Tree Removal,2022-10-03 09:19 AM,Tree Removal Inspection,TREEMAINTENANCE,"UF - JONES, CODY",6400 MAIN ST,"7, ZONE",532D,77030,CLOSED,2022-10-03,09:19 AM
191001,Tree Trim,2022-10-03 09:22 AM,Tree Trim Inspection,TREEMAINTENANCE,"UF - JONES, CODY",5222 SANFORD RD,"7, ZONE",571B,77035,CLOSED,2022-10-03,09:22 AM
191002,Tree Trim,2022-10-03 09:23 AM,Tree Trim Inspection,TREEMAINTENANCE,"UF - JONES, CODY",11603 SOUTH DR,"2, ZONE",529T,77099,CLOSED,2022-10-03,09:23 AM
191003,Tree Removal,2022-10-03 09:39 AM,Tree Removal Inspection,TREEMAINTENANCE,"UF - GHIMIRE, GOPAL",5415 SUE MARIE LN,"3, ZONE",452C,77091,CLOSED,2022-10-03,09:39 AM
191004,Tree Trim,2022-10-03 09:55 AM,Tree Trim Inspection,TREEMAINTENANCE,"UF - JONES, CODY",1512 KIPLING ST,"2, ZONE",492V,77006,CLOSED,2022-10-03,09:55 AM
191005,Tree Removal,2022-10-03 10:15 AM,Tree Removal Inspection,TREEMAINTENANCE,"UF - JONES, CODY",3006 VIRGINIA ST,"2, ZONE",492U,77098,CLOSED,2022-10-03,10:15 AM
191006,Tree Removal,2022-10-03 10:23 AM,Tree Removal Inspection,TREEMAINTENANCE,"UF - JONES, CODY",5930 IMOGENE ST,"7, ZONE",530R,77074,CLOSED,2022-10-03,10:23 AM
191007,Tree Stump Grinding,2022-10-03 10:33 AM,Tree Stump Inspection,TREEMAINTENANCE,"UF - JONES, CODY",5930 IMOGENE ST,"7, ZONE",530R,77074,CLOSED,2022-10-03,10:33 AM
191008,Tree Removal,2022-10-03 10:39 AM,Tree Removal Inspection,TREEMAINTENANCE,"UF - BHATTARAI, NIMESH",11102 SAGERIVER DR,"6, ZONE",616B,77089,CLOSED,2022-10-03,10:39 AM
191011,Tree Trim,2022-10-03 12:35 PM,Tree Trim Inspection,TREEMAINTENANCE,"UF - BHATTARAI, NIMESH",3720 MCKINNEY ST,"5, ZONE",494S,77023,CLOSED,2022-10-03,12:35 PM
191012,Tree Removal,2022-10-03 12:53 PM,Tree Removal Inspection,TREEMAINTENANCE,"UF - BHATTARAI, NIMESH",7506 MOLINE ST,"6, ZONE",535N,77087,CLOSED,2022-10-03,12:53 PM
191014,Tree Removal,2022-10-03 01:14 PM,Tree Removal Inspection,TREEMAINTENANCE,"UF - BHATTARAI, NIMESH",10123 E PALM LAKE DR,"5, ZONE",576R,77034,CLOSED,2022-10-03,01:14 PM
191015,Tree Trim,2022-10-03 01:15 PM,Tree Trim Inspection,TREEMAINTENANCE,"UF - BHATTARAI, NIMESH",4503 COLLINGSWORTH ST,"4, ZONE",454X,77026,CLOSED,2022-10-03,01:15 PM
191022,Tree Trim,2022-10-03 02:12 PM,Tree Trim Inspection,TREEMAINTENANCE,"UF - BHATTARAI, NIMESH",207 GREENWOOD ST,"5, ZONE",494U,77011,CLOSED,2022-10-03,02:12 PM
191024,Tree Trim,2022-10-03 02:59 PM,Tree Trim Inspection,TREEMAINTENANCE,"UF - BHATTARAI, NIMESH",10518 FOY LN,"4, ZONE",414W,77093,CLOSED,2022-10-03,02:59 PM
191025,Tree Removal,2022-10-03 03:51 PM,Tree Removal Inspection,TREEMAINTENANCE,"UF - JONES, CODY",3006 VIRGINIA ST,"2, ZONE",492U,77098,CLOSED,2022-10-03,03:51 PM
191026,Tree Trim,2022-10-03 04:12 PM,Tree Trim Inspection,TREEMAINTENANCE,"UF - BHATTARAI, NIMESH",5115 HIRSCH RD,"4, ZONE",454T,77026,CLOSED,2022-10-03,04:12 PM
191027,Tree Removal,2022-10-03 04:15 PM,Tree Removal Inspection,TREEMAINTENANCE,"UF - JONES, CODY",2127 MCCLENDON ST,"7, ZONE",532H,77030,CLOSED,2022-10-03,04:15 PM
191028,Tree Trim,2022-10-03 07:46 PM,Tree Trim Inspection,TREEMAINTENANCE,"UF - BHATTARAI, NIMESH",8011 BRUTUS ST,"5, ZONE",535F,77012,CLOSED,2022-10-03,07:46 PM
191029,Tree Removal,2022-10-03 08:04 PM,Tree Removal Inspection,TREEMAINTENANCE,"UF - GHIMIRE, GOPAL",413 WALTON ST,"3, ZONE",453X,77009,CLOSED,2022-10-03,08:04 PM
191030,Tree Trim,2022-10-04 05:10 AM,Tree Trim Inspection,TREEMAINTENANCE,"UF - JONES, CODY",15301 CRADLE ST,"7, ZONE",571Y,77053,CLOSED,2022-10-04,05:10 AM
191031,Tree Removal,2022-10-04 08:08 AM,Tree Removal Inspection,TREEMAINTENANCE,"UF - ERICKSON, IAN",2868 WATER WELL RD,"4, ZONE",336C,77339,CLOSED,2022-10-04,08:08 AM
191032,Tree Removal,2022-10-04 08:19 AM,Tree Removal Inspection,TREEMAINTENANCE,"UF - ERICKSON, IAN",2868 WATER WELL RD,"4, ZONE",336C,77339,CLOSED,2022-10-04,08:19 AM
191033,Tree Trim,2022-10-04 09:43 AM,Tree Trim Inspection,TREEMAINTENANCE,"UF - JONES, CODY",2322 JOEL WHEATON RD,"2, ZONE",488S,77077,CLOSED,2022-10-04,09:43 AM
191034,Tree Trim,2022-10-04 09:48 AM,Tree Trim Inspection,TREEMAINTENANCE,"UF - JONES, CODY",13726 BURGOYNE RD,"2, ZONE",488T,77077,CLOSED,2022-10-04,09:48 AM
191035,Tree Trim,2022-10-04 09:48 AM,Tree Trim Inspection,TREEMAINTENANCE,"UF - JONES, CODY",2414 JOEL WHEATON RD,"2, ZONE",488S,77077,CLOSED,2022-10-04,09:48 AM
191036,Tree Trim,2022-10-04 10:33 AM,Tree Trim Inspection,TREEMAINTENANCE,"UF - JONES, CODY",13714 PIPING ROCK LN,"2, ZONE",488T,77077,CLOSED,2022-10-04,10:33 AM
191037,Tree Trim,2022-10-04 10:36 AM,Tree Trim Inspection,TREEMAINTENANCE,"UF - JONES, CODY",13715 BURGOYNE RD,"2, ZONE",488T,77077,CLOSED,2022-10-04,10:36 AM
191038,Tree Removal,2022-10-04 10:45 AM,Tree Removal Inspection,TREEMAINTENANCE,"UF - BHATTARAI, NIMESH",8606 COMAL ST,"6, ZONE",533Y,77051,CLOSED,2022-10-04,10:45 AM
191039,Tree Trim,2022-10-04 11:00 AM,Tree Trim Inspection,TREEMAINTENANCE,"UF - BHATTARAI, NIMESH",7133 HOWTON ST,"4, ZONE",454R,77028,CLOSED,2022-10-04,11:00 AM
191040,Tree Trim,2022-10-04 12:03 PM,Tree Trim Inspection,TREEMAINTENANCE,"UF - BHATTARAI, NIMESH",5630 WINDING CREEK WAY,"5, ZONE",536T,77017,CLOSED,2022-10-04,12:03 PM
191041,Tree Trim,2022-10-04 12:08 PM,Tree Trim Inspection,TREEMAINTENANCE,"UF - BHATTARAI, NIMESH",5740 SWEETBRIAR ST,"5, ZONE",536P,77017,CLOSED,2022-10-04,12:08 PM
191042,Tree Removal,2022-10-04 12:55 PM,Tree Removal Inspection,TREEMAINTENANCE,"UF - GHIMIRE, GOPAL",413 WALTON ST,"3, ZONE",453X,77009,CLOSED,2022-10-04,12:55 PM
191043,Tree Removal,2022-10-04 02:14 PM,Tree Removal Inspection,TREEMAINTENANCE,"UF - BHATTARAI, NIMESH",10127 E PALM LAKE DR,"5, ZONE",576R,77034,CLOSED,2022-10-04,02:14 PM
191044,Tree Trim,2022-10-04 02:29 PM,Tree Trim Inspection,TREEMAINTENANCE,"UF - GHIMIRE, GOPAL",8500 HIRIDGE ST,"3, ZONE",450V,77055,CLOSED,2022-10-04,02:29 PM
191045,Tree Removal,2022-10-04 03:45 PM,Tree Removal Inspection,TREEMAINTENANCE,"UF - JONES, CODY",3103 KETTERING DR,"2, ZONE",491V,77027,CLOSED,2022-10-04,03:45 PM
191046,Tree Trim,2022-10-04 03:51 PM,Tree Trim Inspection,TREEMAINTENANCE,"UF - GHIMIRE, GOPAL",1200 W GULF BANK RD,"3, ZONE",412L,77088,CLOSED,2022-10-04,03:51 PM
191047,Tree Removal,2022-10-04 04:00 PM,Tree Removal Inspection,TREEMAINTENANCE,"UF - BHATTARAI, NIMESH",3360 ALICE ST,"6, ZONE",533K,77021,CLOSED,2022-10-04,04:00 PM
191048,Tree Trim,2022-10-04 04:18 PM,Tree Trim Inspection,TREEMAINTENANCE,"UF - JONES, CODY",8208 FONDREN RD,"7, ZONE",530Q,77074,CLOSED,2022-10-04,04:18 PM
191049,Tree Code Violation,2022-10-04 05:01 PM,Tree Code Violation Inspection,TREEPLANTING,"UF - BHATTARAI, NIMESH",3302 OZARK ST,"6, ZONE",533F,77021,CLOSED,2022-10-04,05:01 PM
191050,Tree Trim,2022-10-05 07:44 AM,Tree Trim Inspection,TREEMAINTENANCE,"UF - BHATTARAI, NIMESH",1807 SAKOWITZ ST,"4, ZONE",494G,77020,CLOSED,2022-10-05,07:44 AM
191051,Tree Trim,2022-10-05 08:45 AM,Tree Trim Inspection,TREEMAINTENANCE,"UF - BHATTARAI, NIMESH",6301 BOBBY BURNS ST,"4, ZONE",455P,77028,CLOSED,2022-10-05,08:45 AM
191052,Tree Removal,2022-10-05 09:12 AM,Tree Removal Inspection,TREEMAINTENANCE,"UF - ERICKSON, IAN",1400 WRIGHTWOOD ST,"3, ZONE",493C,77009,CLOSED,2022-10-05,09:12 AM
191053,Tree Trim,2022-10-05 09:21 AM,Tree Trim Inspection,TREEMAINTENANCE,"UF - JONES, CODY",4782 W BELLFORT ST,"7, ZONE",531V,77096,CLOSED,2022-10-05,09:21 AM
191054,Tree Removal,2022-10-05 09:57 AM,Tree Removal Inspection,TREEMAINTENANCE,"UF - JONES, CODY",4106 BURAS PASS LN,"7, ZONE",572E,77045,CLOSED,2022-10-05,09:57 AM
191057,Tree Trim,2022-10-05 10:30 AM,Tree Trim Inspection,TREEMAINTENANCE,"UF - JONES, CODY",866 VOYAGER DR,"5, ZONE",618P,77062,CLOSED,2022-10-05,10:30 AM
191060,Tree Trim,2022-10-05 10:47 AM,Tree Trim Inspection,TREEMAINTENANCE,"UF - JONES, CODY",1251 KENWOOD ST,"2, ZONE",493W,77006,CLOSED,2022-10-05,10:47 AM
191064,Tree Trim,2022-10-05 11:56 AM,Tree Trim Inspection,TREEMAINTENANCE,"UF - GHIMIRE, GOPAL",1200 W GULF BANK RD,"3, ZONE",412L,77088,CLOSED,2022-10-05,11:56 AM
191065,Tree Trim,2022-10-05 01:44 PM,Tree Trim Inspection,TREEMAINTENANCE,"UF - GHIMIRE, GOPAL",1011 EBERHARD ST,"2, ZONE",493N,77019,CLOSED,2022-10-05,01:44 PM
191066,Tree Removal,2022-10-05 01:57 PM,Tree Removal Inspection,TREEMAINTENANCE,"UF - BHATTARAI, NIMESH",6501 MEMORIAL DR,"2, ZONE",492F,77007,CLOSED,2022-10-05,01:57 PM
191067,Tree Trim,2022-10-05 01:59 PM,Tree Trim Inspection,TREEMAINTENANCE,"UF - BHATTARAI, NIMESH",3618 DELANO ST,"6, ZONE",493Y,77004,CLOSED,2022-10-05,01:59 PM
191068,Tree Trim,2022-10-05 02:59 PM,Tree Trim Inspection,TREEMAINTENANCE,"UF - GHIMIRE, GOPAL",1900 BETHLEHEM ST,"3, ZONE",452E,77018,CLOSED,2022-10-05,02:59 PM
191069,Tree Trim,2022-10-05 04:00 PM,Tree Trim Inspection,TREEMAINTENANCE,"UF - BHATTARAI, NIMESH",8706 BERTWOOD ST,"4, ZONE",454H,77016,CLOSED,2022-10-05,04:00 PM
191070,Tree Removal,2022-10-05 04:24 PM,Tree Removal Inspection,TREEMAINTENANCE,"UF - ERICKSON, IAN",27723 HUFFMAN CLEVELAND RD,"4, ZONE",298Z,77336,CLOSED,2022-10-05,04:24 PM
191071,Tree Trim,2022-10-05 04:25 PM,Tree Trim Inspection,TREEMAINTENANCE,"UF - BHATTARAI, NIMESH",725 MAJESTIC ST,"4, ZONE",494H,77020,CLOSED,2022-10-05,04:25 PM
191072,Tree Removal,2022-10-05 04:58 PM,Tree Removal Inspection,TREEMAINTENANCE,"UF - BHATTARAI, NIMESH",1100 E NAVIGATION BLVD,"5, ZONE",495T,77012,CLOSED,2022-10-05,04:58 PM
191073,Tree Trim,2022-10-05 05:40 PM,Tree Trim Inspection,TREEMAINTENANCE,"UF - JONES, CODY",8950 CHIMNEY ROCK RD,"7, ZONE",531P,77096,CLOSED,2022-10-05,05:40 PM
191075,Tree Code Violation,2022-10-06 09:28 AM,Tree Code Violation Inspection,TREEPROTECTION,"UF - BHATTARAI, NIMESH",523 HEYSHAM ST,"4, ZONE",496E,77013,CLOSED,2022-10-06,09:28 AM
191076,Tree Trim,2022-10-06 10:13 AM,Tree Trim Inspection,TREEMAINTENANCE,"UF - BHATTARAI, NIMESH",12834 GOTHAM DR,"6, ZONE",616D,77089,CLOSED,2022-10-06,10:13 AM
191077,Tree Trim,2022-10-06 11:01 AM,Tree Trim Inspection,TREEMAINTENANCE,"UF - BHATTARAI, NIMESH",7829 SCANLOCK ST,"5, ZONE",535F,77012,CLOSED,2022-10-06,11:01 AM
191078,Tree Trim,2022-10-06 11:02 AM,Tree Trim Inspection,TREEMAINTENANCE,"UF - BHATTARAI, NIMESH",8607 BRONSON ST,"5, ZONE",576K,77034,CLOSED,2022-10-06,11:02 AM
191079,Tree Trim,2022-10-06 12:38 PM,Tree Trim Inspection,TREEMAINTENANCE,"UF - JONES, CODY",603 ROY ST,"2, ZONE",492L,77007,CLOSED,2022-10-06,12:38 PM
191080,Tree Removal,2022-10-06 01:35 PM,Tree Removal Inspection,TREEMAINTENANCE,"UF - GHIMIRE, GOPAL",10307 SUN CITY CT,"2, ZONE",528V,77099,CLOSED,2022-10-06,01:35 PM
191081,Tree Trim,2022-10-06 03:26 PM,Tree Trim Inspection,TREEMAINTENANCE,"UF - GHIMIRE, GOPAL",13300 QUEENSBURY LN,"2, ZONE",489B,77079,CLOSED,2022-10-06,03:26 PM
191082,Tree Trim,2022-10-06 04:02 PM,Tree Trim Inspection,TREEMAINTENANCE,"UF - JONES, CODY",903 MULBERRY RIDGE WAY,"5, ZONE",618E,77062,CLOSED,2022-10-06,04:02 PM
191083,Tree Trim,2022-10-06 06:53 PM,Tree Trim Inspection,TREEMAINTENANCE,"UF - GHIMIRE, GOPAL",9756 WESTVIEW DR,"3, ZONE",450X,77055,CLOSED,2022-10-06,06:53 PM
191084,Tree Trim,2022-10-06 09:18 PM,Tree Trim Inspection,TREEMAINTENANCE,"UF - JONES, CODY",4615 SMOOTH OAK LN,"7, ZONE",571V,77053,CLOSED,2022-10-06,09:18 PM
191085,Tree Trim,2022-10-07 02:44 AM,Tree Trim Inspection,TREEMAINTENANCE,"UF - GHIMIRE, GOPAL",1745 CHIPPENDALE RD,"3, ZONE",452J,77018,CLOSED,2022-10-07,02:44 AM
191086,Tree Trim,2022-10-07 02:53 AM,Tree Trim Inspection,TREEMAINTENANCE,"UF - GHIMIRE, GOPAL",815 S VOSS RD,"2, ZONE",490M,77057,CLOSED,2022-10-07,02:53 AM
191087,Tree Removal,2022-10-07 04:02 AM,Tree Removal Inspection,TREEMAINTENANCE,"UF - JONES, CODY",515 AVONDALE ST,"2, ZONE",493S,77006,CLOSED,2022-10-07,04:02 AM
191088,Tree Removal,2022-10-07 04:41 AM,Tree Removal Inspection,TREEMAINTENANCE,"UF - BHATTARAI, NIMESH",7953 BELLFORT ST,"6, ZONE",535U,77061,CLOSED,2022-10-07,04:41 AM
191089,Tree Trim,2022-10-07 10:03 AM,Tree Trim Inspection,TREEMAINTENANCE,"UF - JONES, CODY",4714 JACKSON ST,"7, ZONE",493X,77004,CLOSED,2022-10-07,10:03 AM
191090,Tree Trim,2022-10-07 10:17 AM,Tree Trim Inspection,TREEMAINTENANCE,"UF - JONES, CODY",1507 MORSE ST,"2, ZONE",492R,77019,CLOSED,2022-10-07,10:17 AM
191091,Tree Trim,2022-10-07 10:38 AM,Tree Trim Inspection,TREEMAINTENANCE,"UF - GHIMIRE, GOPAL",201 WILCREST DR,"2, ZONE",489K,77042,CLOSED,2022-10-07,10:38 AM
191092,Tree Removal,2022-10-07 11:27 AM,Tree Removal Inspection,TREEMAINTENANCE,"UF - ERICKSON, IAN",3802 FOREST VILLAGE DR,"4, ZONE",296Z,77339,CLOSED,2022-10-07,11:27 AM
191093,Tree Trim,2022-10-07 01:01 PM,Tree Trim Inspection,TREEMAINTENANCE,"UF - GHIMIRE, GOPAL",1702 SPUR LN,"3, ZONE",450Y,77080,CLOSED,2022-10-07,01:01 PM
191101,Tree Trim,2022-10-07 02:40 PM,Tree Trim Inspection,TREEMAINTENANCE,"UF - GHIMIRE, GOPAL",413 WALTON ST,"3, ZONE",453X,77009,CLOSED,2022-10-07,02:40 PM
191107,Tree Trim,2022-10-07 03:07 PM,Tree Trim Inspection,TREEMAINTENANCE,"UF - BHATTARAI, NIMESH",2200 SAXON DR,"3, ZONE",451M,77018,CLOSED,2022-10-07,03:07 PM
191110,Tree Removal,2022-10-07 04:29 PM,Tree Removal Inspection,TREEMAINTENANCE,"UF - GHIMIRE, GOPAL",1000 E T C JESTER BLVD,"3, ZONE",452Y,77008,CLOSED,2022-10-07,04:29 PM
191111,Tree Trim,2022-10-07 05:44 PM,Tree Trim Inspection,TREEMAINTENANCE,"UF - JONES, CODY",5806 ETTRICK DR,"7, ZONE",571E,77035,CLOSED,2022-10-07,05:44 PM
191112,Tree Trim,2022-10-07 05:44 PM,Tree Trim Inspection,TREEMAINTENANCE,"UF - JONES, CODY",2400 MORSE ST,"2, ZONE",492V,77019,CLOSED,2022-10-07,05:44 PM
191113,Tree Trim,2022-10-07 05:47 PM,Tree Trim Inspection,TREEMAINTENANCE,"UF - JONES, CODY",2200 NOBLE ST,"4, ZONE",494A,77026,CLOSED,2022-10-07,05:47 PM
191114,Tree Removal,2022-10-07 06:50 PM,Tree Removal Inspection,TREEMAINTENANCE,"UF - BHATTARAI, NIMESH",7829 GLOVER ST,"5, ZONE",535K,77012,CLOSED,2022-10-07,06:50 PM
191115,Tree Removal,2022-10-08 12:27 AM,Tree Removal Inspection,TREEMAINTENANCE,"UF - JONES, CODY",900 W GRAY ST,"2, ZONE",493N,77019,CLOSED,2022-10-08,12:27 AM
191116,Tree Trim,2022-10-08 08:18 AM,Tree Trim Inspection,TREEMAINTENANCE,"UF - GHIMIRE, GOPAL",2301 MONTROSE BLVD,"2, ZONE",493N,77006,CLOSED,2022-10-08,08:18 AM
191117,Tree Removal,2022-10-08 10:48 AM,Tree Removal Inspection,TREEMAINTENANCE,"UF - JONES, CODY",5806 PORTAL DR,"7, ZONE",531W,77096,CLOSED,2022-10-08,10:48 AM
191118,Tree Removal,2022-10-08 11:13 AM,Tree Removal Inspection,TREEMAINTENANCE,"UF - JONES, CODY",405 WESTMORELAND ST,"2, ZONE",493T,77006,CLOSED,2022-10-08,11:13 AM
191119,Tree Removal,2022-10-08 06:10 PM,Tree Removal Inspection,TREEMAINTENANCE,"UF - JONES, CODY",1521 MISSOURI ST,"2, ZONE",493S,77006,CLOSED,2022-10-08,06:10 PM
191120,Tree Code Violation,2022-10-08 06:13 PM,Tree Code Violation Inspection,TREEPROTECTION,"UF - POLOVTSEV, SERA",1511 MORSE ST,"2, ZONE",492R,77019,CLOSED,2022-10-08,06:13 PM
191121,Tree Removal,2022-10-08 06:16 PM,Tree Removal Inspection,TREEMAINTENANCE,"UF - JONES, CODY",1618 MORSE ST,"2, ZONE",492R,77019,CLOSED,2022-10-08,06:16 PM
191122,Tree Trim,2022-10-08 06:40 PM,Tree Trim Inspection,TREEMAINTENANCE,"UF - GHIMIRE, GOPAL",1500 W 23RD ST,"3, ZONE",452T,77008,CLOSED,2022-10-08,06:40 PM
191123,Tree Trim,2022-10-08 07:04 PM,Tree Trim Inspection,TREEMAINTENANCE,"UF - JONES, CODY",2123 BANKS ST,"7, ZONE",492Y,77098,CLOSED,2022-10-08,07:04 PM
191124,Tree Trim,2022-10-09 05:03 AM,Tree Trim Inspection,TREEMAINTENANCE,"UF - BHATTARAI, NIMESH",7002 DARIEN ST,"4, ZONE",455N,77028,CLOSED,2022-10-09,05:03 AM
191125,Tree Trim,2022-10-09 06:55 PM,Tree Trim Inspection,TREEMAINTENANCE,"UF - ERICKSON, IAN",218 W ROCKY CREEK RD,"4, ZONE",412Z,77076,CLOSED,2022-10-09,06:55 PM
191127,Tree Trim,2022-10-10 01:21 AM,Tree Trim Inspection,TREEMAINTENANCE,"UF - GHIMIRE, GOPAL",451 T C JESTER BLVD,"3, ZONE",492C,77007,CLOSED,2022-10-10,01:21 AM
191128,Tree Trim,2022-10-10 04:41 AM,Tree Trim Inspection,TREEMAINTENANCE,"UF - GHIMIRE, GOPAL",5118 CORNISH ST,"3, ZONE",492G,77007,CLOSED,2022-10-10,04:41 AM
191129,Tree Trim,2022-10-10 04:56 AM,Tree Trim Inspection,TREEMAINTENANCE,"UF - JONES, CODY",8511 WATEKA DR,"7, ZONE",530P,77074,CLOSED,2022-10-10,04:56 AM
191130,Tree Removal,2022-10-10 05:59 AM,Tree Removal Inspection,TREEMAINTENANCE,"UF - GHIMIRE, GOPAL",713 E 34TH ST,"3, ZONE",453N,77022,CLOSED,2022-10-10,05:59 AM
191131,Tree Trim,2022-10-10 06:03 AM,Tree Trim Inspection,TREEMAINTENANCE,"UF - BHATTARAI, NIMESH",3120 HADLEY ST,"6, ZONE",493V,77004,CLOSED,2022-10-10,06:03 AM
191132,Tree Removal,2022-10-10 08:22 AM,Tree Removal Inspection,TREEMAINTENANCE,"UF - BHATTARAI, NIMESH",6725 S HAYWOOD DR,"6, ZONE",535W,77061,CLOSED,2022-10-10,08:22 AM
191133,Tree Trim,2022-10-10 08:40 AM,Tree Trim Inspection,TREEMAINTENANCE,"UF - JONES, CODY",5658 CARTAGENA ST,"7, ZONE",571A,77035,CLOSED,2022-10-10,08:40 AM
191134,Tree Removal,2022-10-10 08:52 AM,Tree Removal Inspection,TREEMAINTENANCE,"UF - JONES, CODY",6500 MAIN ST,"7, ZONE",532H,77030,CLOSED,2022-10-10,08:52 AM
191135,Tree Removal,2022-10-10 09:22 AM,Tree Removal Inspection,TREEMAINTENANCE,"UF - JONES, CODY",2511 WATTS ST,"7, ZONE",532G,77030,CLOSED,2022-10-10,09:22 AM
191136,Tree Trim,2022-10-10 09:25 AM,Tree Trim Inspection,TREEMAINTENANCE,"UF - BHATTARAI, NIMESH",6506 BELMARK ST,"6, ZONE",534Y,77087,CLOSED,2022-10-10,09:25 AM
191137,Tree Trim,2022-10-10 09:33 AM,Tree Trim Inspection,TREEMAINTENANCE,"UF - JONES, CODY",3409 MOUNT VERNON ST,"2, ZONE",493S,77006,CLOSED,2022-10-10,09:33 AM
191138,Tree Removal,2022-10-10 09:34 AM,Tree Removal Inspection,TREEMAINTENANCE,"UF - JONES, CODY",2511 WATTS ST,"7, ZONE",532G,77030,CLOSED,2022-10-10,09:34 AM
191139,Tree Removal,2022-10-10 10:44 AM,Tree Removal Inspection,TREEMAINTENANCE,"UF - BURKES, JEREMY",638 CHERRY VALLEY DR,"4, ZONE",338M,77336,CLOSED,2022-10-10,10:44 AM
191140,Tree Trim,2022-10-10 10:56 AM,Tree Trim Inspection,TREEMAINTENANCE,"UF - JONES, CODY",2401 MORSE ST,"2, ZONE",492V,77019,CLOSED,2022-10-10,10:56 AM
191141,Tree Removal,2022-10-10 11:30 AM,Tree Removal Inspection,TREEMAINTENANCE,"UF - BHATTARAI, NIMESH",10537 AVES ST,"5, ZONE",576K,77034,CLOSED,2022-10-10,11:30 AM
191142,Tree Removal,2022-10-10 11:51 AM,Tree Removal Inspection,TREEMAINTENANCE,"UF - BHATTARAI, NIMESH",7403 DIXIE DR,"6, ZONE",535S,77087,CLOSED,2022-10-10,11:51 AM
191143,Tree Trim,2022-10-10 11:51 AM,Tree Trim Inspection,TREEMAINTENANCE,"UF - ERICKSON, IAN",2943 WIPPRECHT ST,"4, ZONE",494C,77026,CLOSED,2022-10-10,11:51 AM
191144,Tree Removal,2022-10-10 11:52 AM,Tree Removal Inspection,TREEMAINTENANCE,"UF - BHATTARAI, NIMESH",7346 STANWICK DR,"6, ZONE",534V,77087,CLOSED,2022-10-10,11:52 AM
191145,Tree Trim,2022-10-10 01:58 PM,Tree Trim Inspection,TREEMAINTENANCE,"UF - JONES, CODY",5245 E PAGEWICK DR,"3, ZONE",449D,77041,CLOSED,2022-10-10,01:58 PM
191147,Tree Removal,2022-10-10 03:49 PM,Tree Removal Inspection,TREEMAINTENANCE,"UF - JONES, CODY",7322 LA PASEO ST,"6, ZONE",535S,77087,CLOSED,2022-10-10,03:49 PM
191148,Tree Trim,2022-10-10 07:15 PM,Tree Trim Inspection,TREEMAINTENANCE,"UF - BHATTARAI, NIMESH",GLOVER ST & FENNELL ST,"5, ZONE",535K,77012,CLOSED,2022-10-10,07:15 PM
191149,Tree Trim,2022-10-11 12:51 AM,Tree Trim Inspection,TREEMAINTENANCE,"UF - GHIMIRE, GOPAL",1305 ROY ST,"2, ZONE",492G,77007,CLOSED,2022-10-11,12:51 AM
191152,Tree Trim,2022-10-11 08:27 AM,Tree Trim Inspection,TREEMAINTENANCE,"UF - BHATTARAI, NIMESH",7200 JENSEN DR,"4, ZONE",454J,77093,CLOSED,2022-10-11,08:27 AM
191155,Tree Stump Grinding,2022-10-11 09:10 AM,Tree Stump Inspection,TREEMAINTENANCE,"UF - BHATTARAI, NIMESH",3117 AIRPORT BLVD,"6, ZONE",573F,77051,CLOSED,2022-10-11,09:10 AM
191158,Tree Removal,2022-10-11 09:33 AM,Tree Removal Inspection,TREEMAINTENANCE,"UF - BHATTARAI, NIMESH",8057 LENORE ST,"5, ZONE",535U,77017,CLOSED,2022-10-11,09:33 AM
191159,Tree Trim,2022-10-11 09:43 AM,Tree Trim Inspection,TREEMAINTENANCE,"UF - BHATTARAI, NIMESH",7014 AVENUE O,"5, ZONE",495S,77011,CLOSED,2022-10-11,09:43 AM
191160,Tree Trim,2022-10-11 09:46 AM,Tree Trim Inspection,TREEMAINTENANCE,"UF - JONES, CODY",4603 KELVIN DR,"7, ZONE",532C,77005,CLOSED,2022-10-11,09:46 AM
191161,Tree Trim,2022-10-11 10:22 AM,Tree Trim Inspection,TREEMAINTENANCE,"UF - JONES, CODY",2317 FANNIN ST,"2, ZONE",493U,77002,CLOSED,2022-10-11,10:22 AM
191162,Tree Trim,2022-10-11 10:46 AM,Tree Trim Inspection,TREEMAINTENANCE,"UF - ERICKSON, IAN",2943 WIPPRECHT ST,"4, ZONE",494C,77026,CLOSED,2022-10-11,10:46 AM
191163,Tree Removal,2022-10-11 12:06 PM,Tree Removal Inspection,TREEMAINTENANCE,"UF - JONES, CODY",9639 SPRINGVIEW LN,"3, ZONE",450K,77080,CLOSED,2022-10-11,12:06 PM
191164,Tree Trim,2022-10-11 12:26 PM,Tree Trim Inspection,TREEMAINTENANCE,"UF - BHATTARAI, NIMESH",804 RICHEY ST,"1, ZONE",493M,77002,CLOSED,2022-10-11,12:26 PM
191165,Tree Trim,2022-10-11 01:03 PM,Tree Trim Inspection,TREEMAINTENANCE,"UF - GHIMIRE, GOPAL",1800 W 25TH ST,"3, ZONE",452T,77008,CLOSED,2022-10-11,01:03 PM
191166,Tree Removal,2022-10-11 02:06 PM,Tree Removal Inspection,TREEMAINTENANCE,"UF - JONES, CODY",2801 ALMEDA PLAZA DR,"7, ZONE",572L,77045,CLOSED,2022-10-11,02:06 PM
191168,Tree Removal,2022-10-11 02:52 PM,Tree Removal Inspection,TREEMAINTENANCE,"UF - BHATTARAI, NIMESH",8134 HERSCHELWOOD ST,"6, ZONE",534W,77033,CLOSED,2022-10-11,02:52 PM
191169,Tree Removal,2022-10-11 03:13 PM,Tree Removal Inspection,TREEMAINTENANCE,"UF - ERICKSON, IAN",119 COLLINS RD,"4, ZONE",298X,77336,CLOSED,2022-10-11,03:13 PM
191170,Tree Removal,2022-10-11 03:36 PM,Tree Removal Inspection,TREEMAINTENANCE,"UF - BHATTARAI, NIMESH",6827 RICHWOOD RD,"6, ZONE",534V,77087,CLOSED,2022-10-11,03:36 PM
191171,Tree Trim,2022-10-11 03:48 PM,Tree Trim Inspection,TREEMAINTENANCE,"UF - ERICKSON, IAN",7630 PARKER RD,"4, ZONE",415W,77016,CLOSED,2022-10-11,03:48 PM
191172,Tree Removal,2022-10-11 07:14 PM,Tree Removal Inspection,TREEMAINTENANCE,"UF - GHIMIRE, GOPAL",2319 WINROCK BLVD,"2, ZONE",490V,77057,CLOSED,2022-10-11,07:14 PM
191173,Tree Removal,2022-10-12 07:48 AM,Tree Removal Inspection,TREEMAINTENANCE,"UF - JONES, CODY",1514 MONARCH OAKS ST,"3, ZONE",451W,77055,CLOSED,2022-10-12,07:48 AM
191174,Tree Trim,2022-10-12 08:04 AM,Tree Trim Inspection,TREEMAINTENANCE,"UF - ERICKSON, IAN",12339 SECRETARIAT CT,"7, ZONE",570G,77071,CLOSED,2022-10-12,08:04 AM
191175,Tree Trim,2022-10-12 08:41 AM,Tree Trim Inspection,TREEMAINTENANCE,"UF - ERICKSON, IAN",12339 SILO LN,"7, ZONE",570G,77071,CLOSED,2022-10-12,08:41 AM
191176,Tree Trim,2022-10-12 09:23 AM,Tree Trim Inspection,TREEMAINTENANCE,"UF - JONES, CODY",10603 ATWELL DR,"7, ZONE",531X,77096,CLOSED,2022-10-12,09:23 AM
191177,Tree Trim,2022-10-12 09:28 AM,Tree Trim Inspection,TREEMAINTENANCE,"UF - BHATTARAI, NIMESH",4800 SELINSKY RD,"6, ZONE",573M,77048,CLOSED,2022-10-12,09:28 AM
191178,Tree Trim,2022-10-12 10:21 AM,Tree Trim Inspection,TREEMAINTENANCE,"UF - BHATTARAI, NIMESH",1408 SHEFFIELD BLVD,"5, ZONE",496M,77015,CLOSED,2022-10-12,10:21 AM
191179,Tree Removal,2022-10-12 11:14 AM,Tree Removal Inspection,TREEMAINTENANCE,"UF - BHATTARAI, NIMESH",1921 ATHOS ST,"5, ZONE",535F,77012,CLOSED,2022-10-12,11:14 AM
191180,Tree Removal,2022-10-12 11:30 AM,Tree Removal Inspection,TREEMAINTENANCE,"UF - ERICKSON, IAN",8606 LAWNRIDGE ST,"4, ZONE",454G,77016,CLOSED,2022-10-12,11:30 AM
191181,Tree Trim,2022-10-12 12:03 PM,Tree Trim Inspection,TREEMAINTENANCE,"UF - GHIMIRE, GOPAL",9455 W MONTGOMERY RD,"3, ZONE",412N,77088,CLOSED,2022-10-12,12:03 PM
191182,Tree Trim,2022-10-12 12:07 PM,Tree Trim Inspection,TREEMAINTENANCE,"UF - GHIMIRE, GOPAL",4410 ELLA BLVD,"3, ZONE",452K,77018,CLOSED,2022-10-12,12:07 PM
191183,Tree Trim,2022-10-12 12:08 PM,Tree Trim Inspection,TREEMAINTENANCE,"UF - JONES, CODY",5427 LOTUS ST,"7, ZONE",571L,77085,CLOSED,2022-10-12,12:08 PM
191184,Tree Trim,2022-10-12 01:31 PM,Tree Trim Inspection,TREEMAINTENANCE,"UF - ERICKSON, IAN",12339 SECRETARIAT CT,"7, ZONE",570G,77071,CLOSED,2022-10-12,01:31 PM
191185,Tree Trim,2022-10-12 01:34 PM,Tree Trim Inspection,TREEMAINTENANCE,"UF - GHIMIRE, GOPAL",2219 BAYLOR ST,"3, ZONE",453T,77009,CLOSED,2022-10-12,01:34 PM
191186,Tree Removal,2022-10-12 01:35 PM,Tree Removal Inspection,TREEMAINTENANCE,"UF - ERICKSON, IAN",7617 WILEYVALE RD,"4, ZONE",454L,77016,CLOSED,2022-10-12,01:35 PM
191187,Tree Trim,2022-10-12 02:01 PM,Tree Trim Inspection,TREEMAINTENANCE,"UF - BHATTARAI, NIMESH",7014 PALMETTO ST,"5, ZONE",535E,77087,CLOSED,2022-10-12,02:01 PM
191189,Tree Trim,2022-10-12 02:11 PM,Tree Trim Inspection,TREEMAINTENANCE,"UF - ERICKSON, IAN",219 HOFFMAN ST,"4, ZONE",494D,77020,CLOSED,2022-10-12,02:11 PM
191190,Tree Trim,2022-10-12 02:16 PM,Tree Trim Inspection,TREEMAINTENANCE,"UF - GHIMIRE, GOPAL",1007 E 27TH ST,"3, ZONE",453T,77009,CLOSED,2022-10-12,02:16 PM
191196,Tree Removal,2022-10-12 02:58 PM,Tree Removal Inspection,TREEMAINTENANCE,"UF - GHIMIRE, GOPAL",12300 MEMORIAL DR,"2, ZONE",490J,77024,CLOSED,2022-10-12,02:58 PM
191198,Tree Trim,2022-10-12 03:53 PM,Tree Trim Inspection,TREEMAINTENANCE,"UF - GHIMIRE, GOPAL",700 DOROTHY ST,"3, ZONE",492D,77007,CLOSED,2022-10-12,03:53 PM
191199,Tree Trim,2022-10-12 04:59 PM,Tree Trim Inspection,TREEMAINTENANCE,"UF - BHATTARAI, NIMESH",3400 NORTHPARK DR,"4, ZONE",297T,77339,CLOSED,2022-10-12,04:59 PM
191200,Tree Removal,2022-10-12 08:40 PM,Tree Removal Inspection,TREEMAINTENANCE,"UF - GHIMIRE, GOPAL",8039 BOONE RD,"2, ZONE",529P,77072,CLOSED,2022-10-12,08:40 PM
191201,Tree Removal,2022-10-13 12:46 PM,Tree Removal Inspection,TREEMAINTENANCE,"UF - JONES, CODY",9741 TAPPENBECK DR,"3, ZONE",450X,77055,CLOSED,2022-10-13,12:46 PM
191202,Tree Stump Grinding,2022-10-13 02:00 PM,Tree Stump Inspection,TREEMAINTENANCE,"UF - BHATTARAI, NIMESH",2000 COUNTER POINT DR,"3, ZONE",451T,77055,CLOSED,2022-10-13,02:00 PM
191206,Tree Trim,2022-10-13 02:27 PM,Tree Trim Inspection,TREEMAINTENANCE,"UF - JONES, CODY",1201 WESTHEIMER RD,"2, ZONE",493S,77006,CLOSED,2022-10-13,02:27 PM
191207,Tree Trim,2022-10-13 02:30 PM,Tree Trim Inspection,TREEMAINTENANCE,"UF - BHATTARAI, NIMESH",3722 BLARNEY DR,"6, ZONE",573Q,77047,CLOSED,2022-10-13,02:30 PM
191212,Tree Removal,2022-10-13 03:25 PM,Tree Removal Inspection,TREEMAINTENANCE,"UF - BHATTARAI, NIMESH",7595 HAYWOOD DR,"6, ZONE",535W,77061,CLOSED,2022-10-13,03:25 PM
191214,Tree Trim,2022-10-13 05:35 PM,Tree Trim Inspection,TREEMAINTENANCE,"UF - GHIMIRE, GOPAL",7024 W 43RD ST,"3, ZONE",451E,77092,CLOSED,2022-10-13,05:35 PM
191215,Tree Trim,2022-10-13 07:44 PM,Tree Trim Inspection,TREEMAINTENANCE,"UF - JONES, CODY",1819 DECATUR ST,"2, ZONE",493K,77007,CLOSED,2022-10-13,07:44 PM
191216,Tree Trim,2022-10-14 12:04 AM,Tree Trim Inspection,TREEMAINTENANCE,"UF - BHATTARAI, NIMESH","6333 MARTIN LUTHER KING BLVD,HOUSTON,77021","6, ZONE",534N,5454b,CLOSED,2022-10-14,12:04 AM
191217,Tree Trim,2022-10-14 02:02 AM,Tree Trim Inspection,TREEMAINTENANCE,"UF - BHATTARAI, NIMESH",100 GILPIN ST,"5, ZONE",576G,77034,CLOSED,2022-10-14,02:02 AM
191233,Tree Stump Grinding,2022-10-14 08:07 AM,Tree Stump Inspection,TREEMAINTENANCE,"UF - BURKES, JEREMY",15502 ROSE RIDGE CT,"7, ZONE",571X,77489,CLOSED,2022-10-14,08:07 AM
191236,Tree Removal,2022-10-14 08:22 AM,Tree Removal Inspection,TREEMAINTENANCE,"UF - JONES, CODY",803 WESTWOOD GLEN LN,"7, ZONE",572Q,77047,CLOSED,2022-10-14,08:22 AM
191240,Tree Trim,2022-10-14 08:53 AM,Tree Trim Inspection,TREEMAINTENANCE,"UF - JONES, CODY",5310 RANDON RD,"3, ZONE",451G,77091,CLOSED,2022-10-14,08:53 AM
191246,Tree Trim,2022-10-14 10:42 AM,Tree Trim Inspection,TREEMAINTENANCE,"UF - BHATTARAI, NIMESH",10846 FALL MILL DR,"6, ZONE",575N,77075,CLOSED,2022-10-14,10:42 AM
191249,Tree Trim,2022-10-14 10:44 AM,Tree Trim Inspection,TREEMAINTENANCE,"UF - JONES, CODY",598 TRESVANT DR,"5, ZONE",618N,77598,CLOSED,2022-10-14,10:44 AM
191252,Tree Trim,2022-10-14 10:50 AM,Tree Trim Inspection,TREEMAINTENANCE,"UF - GHIMIRE, GOPAL",1000 W 12TH ST,"3, ZONE",452Z,77008,CLOSED,2022-10-14,10:50 AM
191253,Tree Removal,2022-10-14 11:08 AM,Tree Removal Inspection,TREEMAINTENANCE,"UF - JONES, CODY",11603 SOUTH DR,"2, ZONE",529T,77099,CLOSED,2022-10-14,11:08 AM
191254,Tree Trim,2022-10-14 12:03 PM,Tree Trim Inspection,TREEMAINTENANCE,"UF - JONES, CODY",5400 DRYAD DR,"7, ZONE",571F,77035,CLOSED,2022-10-14,12:03 PM
191255,Tree Removal,2022-10-14 12:09 PM,Tree Removal Inspection,TREEMAINTENANCE,"UF - JONES, CODY",2231 DRYDEN RD,"7, ZONE",532G,77030,CLOSED,2022-10-14,12:09 PM
191256,Tree Removal,2022-10-14 12:11 PM,Tree Removal Inspection,TREEMAINTENANCE,"UF - GHIMIRE, GOPAL",1506 ARLINGTON ST,"3, ZONE",453W,77008,CLOSED,2022-10-14,12:11 PM
191257,Tree Trim,2022-10-14 12:20 PM,Tree Trim Inspection,TREEMAINTENANCE,"UF - ERICKSON, IAN",519 MAGNOLIA POINT DR,"4, ZONE",298X,77336,CLOSED,2022-10-14,12:20 PM
191258,Tree Removal,2022-10-14 12:20 PM,Tree Removal Inspection,TREEMAINTENANCE,"UF - GHIMIRE, GOPAL",1506 ARLINGTON ST,"3, ZONE",453W,77008,CLOSED,2022-10-14,12:20 PM
191259,Tree Removal,2022-10-14 12:35 PM,Tree Removal Inspection,TREEMAINTENANCE,"UF - JONES, CODY",9741 TAPPENBECK DR,"3, ZONE",450X,77055,CLOSED,2022-10-14,12:35 PM
191260,Tree Trim,2022-10-14 12:35 PM,Tree Trim Inspection,TREEMAINTENANCE,"UF - GHIMIRE, GOPAL",2306 FENNELL ST,"5, ZONE",535F,77012,CLOSED,2022-10-14,12:35 PM
191261,Tree Removal,2022-10-14 12:35 PM,Tree Removal Inspection,TREEMAINTENANCE,"UF - JONES, CODY",8207 BURNING HILLS DR,"7, ZONE",530X,77071,CLOSED,2022-10-14,12:35 PM
191262,Tree Trim,2022-10-14 12:36 PM,Tree Trim Inspection,TREEMAINTENANCE,"UF - GHIMIRE, GOPAL",7872 W BELLFORT AVE,"7, ZONE",570C,77071,CLOSED,2022-10-14,12:36 PM
191263,Tree Trim,2022-10-14 12:37 PM,Tree Trim Inspection,TREEMAINTENANCE,"UF - ERICKSON, IAN",2502 TROUT ST,"4, ZONE",454A,77093,CLOSED,2022-10-14,12:37 PM
191264,Tree Trim,2022-10-14 12:38 PM,Tree Trim Inspection,TREEMAINTENANCE,"UF - GHIMIRE, GOPAL",5415 SUE MARIE LN,"3, ZONE",452C,77091,CLOSED,2022-10-14,12:38 PM
191265,Tree Removal,2022-10-14 12:38 PM,Tree Removal Inspection,TREEMAINTENANCE,"UF - ERICKSON, IAN",6827 HOPPER RD,"4, ZONE",415S,77016,CLOSED,2022-10-14,12:38 PM
191266,Tree Removal,2022-10-14 12:38 PM,Tree Removal Inspection,TREEMAINTENANCE,"UF - JONES, CODY",3302 TIDEWATER DR,"7, ZONE",572K,77045,CLOSED,2022-10-14,12:38 PM
191267,Tree Removal,2022-10-14 12:38 PM,Tree Removal Inspection,TREEMAINTENANCE,"UF - ERICKSON, IAN",8759 PATTIBOB ST,"5, ZONE",495L,77029,CLOSED,2022-10-14,12:38 PM
191268,Tree Removal,2022-10-14 12:39 PM,Tree Removal Inspection,TREEMAINTENANCE,"UF - JONES, CODY",16390 LARKFIELD DR,"5, ZONE",618C,77059,CLOSED,2022-10-14,12:39 PM
191269,Tree Trim,2022-10-14 12:39 PM,Tree Trim Inspection,TREEMAINTENANCE,"UF - GHIMIRE, GOPAL",1000 W 12TH ST,"3, ZONE",452Z,77008,CLOSED,2022-10-14,12:39 PM
191270,Tree Removal,2022-10-14 12:39 PM,Tree Removal Inspection,TREEMAINTENANCE,"UF - JONES, CODY",2137 QUENBY ST,"7, ZONE",532D,77005,CLOSED,2022-10-14,12:39 PM
191271,Tree Trim,2022-10-14 12:40 PM,Tree Trim Inspection,TREEMAINTENANCE,"UF - JONES, CODY",351 N POST OAK LN,"2, ZONE",491H,77024,CLOSED,2022-10-14,12:40 PM
191272,Tree Trim,2022-10-14 12:40 PM,Tree Trim Inspection,TREEMAINTENANCE,"UF - JONES, CODY",3146 CASTLEWOOD ST,"7, ZONE",532P,77025,CLOSED,2022-10-14,12:40 PM
191273,Tree Removal,2022-10-14 12:55 PM,Tree Removal Inspection,TREEMAINTENANCE,"UF - GHIMIRE, GOPAL",1000 W 12TH ST,"3, ZONE",452Z,77008,CLOSED,2022-10-14,12:55 PM
191274,Tree Trim,2022-10-14 01:11 PM,Tree Trim Inspection,TREEMAINTENANCE,"UF - BHATTARAI, NIMESH","6333 MARTIN LUTHER KING BLVD,HOUSTON,77021","6, ZONE",534N,5454b,CLOSED,2022-10-14,01:11 PM
191275,Tree Removal,2022-10-14 01:11 PM,Tree Removal Inspection,TREEMAINTENANCE,"UF - JONES, CODY",5699 BEECHNUT ST,"7, ZONE",531N,77096,CLOSED,2022-10-14,01:11 PM
191276,Tree Removal,2022-10-14 01:12 PM,Tree Removal Inspection,TREEMAINTENANCE,"UF - ERICKSON, IAN",59 BURRESS ST,"4, ZONE",453F,77022,CLOSED,2022-10-14,01:12 PM
191277,Tree Removal,2022-10-14 01:18 PM,Tree Removal Inspection,TREEMAINTENANCE,"UF - GHIMIRE, GOPAL",7818 SARITA ST,"5, ZONE",535K,77012,CLOSED,2022-10-14,01:18 PM
191278,Tree Trim,2022-10-14 01:20 PM,Tree Trim Inspection,TREEMAINTENANCE,"UF - ERICKSON, IAN",8524 JENSEN DR,"4, ZONE",454E,77093,CLOSED,2022-10-14,01:20 PM
191279,Tree Trim,2022-10-14 01:21 PM,Tree Trim Inspection,TREEMAINTENANCE,"UF - BHATTARAI, NIMESH","6333 MARTIN LUTHER KING BLVD,HOUSTON,77021","6, ZONE",534N,5454b,CLOSED,2022-10-14,01:21 PM
191280,Tree Removal,2022-10-14 01:26 PM,Tree Removal Inspection,TREEMAINTENANCE,"UF - JONES, CODY",4002 N MAIN ST,"3, ZONE",453X,77009,CLOSED,2022-10-14,01:26 PM
191281,Tree Trim,2022-10-14 01:27 PM,Tree Trim Inspection,TREEMAINTENANCE,"UF - JONES, CODY",2445 ALMEDA-GENOA RD,"7, ZONE",573S,77047,CLOSED,2022-10-14,01:27 PM
191282,Tree Trim,2022-10-14 01:48 PM,Tree Trim Inspection,TREEMAINTENANCE,"UF - BHATTARAI, NIMESH",5103 TIMBER SHADE DR,"4, ZONE",337C,77345,CLOSED,2022-10-14,01:48 PM
191285,Tree Removal,2022-10-14 02:29 PM,Tree Removal Inspection,TREEMAINTENANCE,"UF - BHATTARAI, NIMESH",5301 RAPIDO RD,"6, ZONE",534N,77033,CLOSED,2022-10-14,02:29 PM
191290,Tree Trim,2022-10-14 03:24 PM,Tree Trim Inspection,TREEMAINTENANCE,"UF - BHATTARAI, NIMESH","6333 MARTIN LUTHER KING BLVD,HOUSTON,77021","6, ZONE",534N,5454b,CLOSED,2022-10-14,03:24 PM
191291,Tree Trim,2022-10-14 03:37 PM,Tree Trim Inspection,TREEMAINTENANCE,"UF - BHATTARAI, NIMESH",6333 MARTIN LUTHER KING BLVD,"6, ZONE",534N,77021,CLOSED,2022-10-14,03:37 PM
191292,Tree Removal,2022-10-14 03:43 PM,Tree Removal Inspection,TREEMAINTENANCE,"UF - GHIMIRE, GOPAL",2520 DETERING ST,"3, ZONE",492C,77007,CLOSED,2022-10-14,03:43 PM
191293,Tree Removal,2022-10-14 03:59 PM,Tree Removal Inspection,TREEMAINTENANCE,"UF - BHATTARAI, NIMESH",8133 DOCKAL RD,"4, ZONE",455K,77028,CLOSED,2022-10-14,03:59 PM
191294,Tree Trim,2022-10-14 04:14 PM,Tree Trim Inspection,TREEMAINTENANCE,"UF - BHATTARAI, NIMESH",11614 TIERRA RIDGE CT,"5, ZONE",576Q,77034,CLOSED,2022-10-14,04:14 PM
191295,Tree Trim,2022-10-14 04:52 PM,Tree Trim Inspection,TREEMAINTENANCE,"UF - JONES, CODY",15800 MEMORIAL DR,"2, ZONE",488E,77079,CLOSED,2022-10-14,04:52 PM
191296,Tree Removal,2022-10-14 05:20 PM,Tree Removal Inspection,TREEMAINTENANCE,"UF - JONES, CODY",1624 RICHMOND AVE,"2, ZONE",492Z,77006,CLOSED,2022-10-14,05:20 PM
191297,Tree Trim,2022-10-15 10:31 AM,Tree Trim Inspection,TREEMAINTENANCE,"UF - GHIMIRE, GOPAL",1603 VIKING DR,"3, ZONE",452J,77018,CLOSED,2022-10-15,10:31 AM
191298,Tree Trim,2022-10-15 12:43 PM,Tree Trim Inspection,TREEMAINTENANCE,"UF - ERICKSON, IAN",2903 CAPLIN ST,"4, ZONE",454N,77026,CLOSED,2022-10-15,12:43 PM
191299,Tree Trim,2022-10-15 12:55 PM,Tree Trim Inspection,TREEMAINTENANCE,"UF - JONES, CODY",1970 INDIANA ST,"2, ZONE",492R,77019,CLOSED,2022-10-15,12:55 PM
191300,Tree Code Violation,2022-10-15 01:53 PM,Tree Code Violation Inspection,TREEPROTECTION,"UF - JONES, CODY",7925 RAMPART ST,"7, ZONE",531J,77081,CLOSED,2022-10-15,01:53 PM
191301,Tree Removal,2022-10-15 03:10 PM,Tree Removal Inspection,TREEMAINTENANCE,"UF - JONES, CODY",3426 SARDIS LN,"3, ZONE",411V,77088,CLOSED,2022-10-15,03:10 PM
191302,Tree Removal,2022-10-15 07:28 PM,Tree Removal Inspection,TREEMAINTENANCE,"UF - GHIMIRE, GOPAL",800 PINEMONT DR,"3, ZONE",452G,77091,CLOSED,2022-10-15,07:28 PM
191303,Tree Removal,2022-10-16 10:59 AM,Tree Removal Inspection,TREEMAINTENANCE,"UF - ERICKSON, IAN",1318 WELLINGTON ST,"4, ZONE",413Y,77076,CLOSED,2022-10-16,10:59 AM
191304,Tree Trim,2022-10-16 10:59 AM,Tree Trim Inspection,TREEMAINTENANCE,"UF - ERICKSON, IAN",1203 MCKEE ST,"4, ZONE",493H,77002,CLOSED,2022-10-16,10:59 AM
191305,Tree Trim,2022-10-16 11:04 AM,Tree Trim Inspection,TREEMAINTENANCE,"UF - GHIMIRE, GOPAL",5034 RUSK ST,"5, ZONE",494T,77023,CLOSED,2022-10-16,11:04 AM
191306,Tree Trim,2022-10-16 12:53 PM,Tree Trim Inspection,TREEMAINTENANCE,"UF - BHATTARAI, NIMESH",3815 ELGIN ST,"6, ZONE",494W,77004,CLOSED,2022-10-16,12:53 PM
191307,Tree Removal,2022-10-16 09:15 PM,Tree Removal Inspection,TREEMAINTENANCE,"UF - BHATTARAI, NIMESH",8100 LEY RD,"4, ZONE",455K,77028,CLOSED,2022-10-16,09:15 PM
191308,Tree Removal,2022-10-17 08:17 AM,Tree Removal Inspection,TREEMAINTENANCE,"UF - BHATTARAI, NIMESH",647 FAWN DR,"4, ZONE",497A,77015,CLOSED,2022-10-17,08:17 AM
191309,Tree Trim,2022-10-17 08:41 AM,Tree Trim Inspection,TREEMAINTENANCE,"UF - JONES, CODY",5011 DANFIELD DR,"7, ZONE",571Z,77053,CLOSED,2022-10-17,08:41 AM
191310,Tree Trim,2022-10-17 08:41 AM,Tree Trim Inspection,TREEMAINTENANCE,"UF - BURKES, JEREMY",1000 CAVALCADE ST (IRVINGTON PARK),"4, ZONE",453V,77009,CLOSED,2022-10-17,08:41 AM
191311,Tree Removal,2022-10-17 09:06 AM,Tree Removal Inspection,TREEMAINTENANCE,"UF - BHATTARAI, NIMESH",5627 WINDING CREEK WAY,"5, ZONE",536S,77017,CLOSED,2022-10-17,09:06 AM
191312,Tree Removal,2022-10-17 09:15 AM,Tree Removal Inspection,TREEMAINTENANCE,"UF - BHATTARAI, NIMESH",5627 WINDING CREEK WAY,"5, ZONE",536S,77017,CLOSED,2022-10-17,09:15 AM
191313,Tree Trim,2022-10-17 10:31 AM,Tree Trim Inspection,TREEMAINTENANCE,"UF - GHIMIRE, GOPAL",935 REDAN ST,"3, ZONE",493B,77009,CLOSED,2022-10-17,10:31 AM
191314,Tree Trim,2022-10-17 11:23 AM,Tree Trim Inspection,TREEMAINTENANCE,"UF - ERICKSON, IAN",8402 CADDO RD,"4, ZONE",455C,77078,CLOSED,2022-10-17,11:23 AM
191316,Tree Trim,2022-10-17 01:22 PM,Tree Trim Inspection,TREEMAINTENANCE,"UF - JONES, CODY",8510 N MAIN ST,"3, ZONE",453J,77022,CLOSED,2022-10-17,01:22 PM
191317,Tree Trim,2022-10-17 01:46 PM,Tree Trim Inspection,TREEMAINTENANCE,"UF - ERICKSON, IAN",3402 TIDFORD ST,"4, ZONE",454B,77093,CLOSED,2022-10-17,01:46 PM
191319,Tree Trim,2022-10-17 02:41 PM,Tree Trim Inspection,TREEMAINTENANCE,"UF - ERICKSON, IAN",10603 REBEL RD,"4, ZONE",415W,77016,CLOSED,2022-10-17,02:41 PM
191320,Tree Removal,2022-10-17 02:42 PM,Tree Removal Inspection,TREEMAINTENANCE,"UF - GHIMIRE, GOPAL",4802 BRADY ST,"5, ZONE",494T,77011,CLOSED,2022-10-17,02:42 PM
191321,Tree Removal,2022-10-17 03:08 PM,Tree Removal Inspection,TREEMAINTENANCE,"UF - BHATTARAI, NIMESH",3475 SIMMONS ST,"6, ZONE",493Z,77004,CLOSED,2022-10-17,03:08 PM
191322,Tree Removal,2022-10-17 03:14 PM,Tree Removal Inspection,TREEMAINTENANCE,"UF - ERICKSON, IAN",100 W BRENDA ST,"4, ZONE",413W,77076,CLOSED,2022-10-17,03:14 PM
191323,Tree Removal,2022-10-17 03:15 PM,Tree Removal Inspection,TREEMAINTENANCE,"UF - ERICKSON, IAN",4107 LAURA KOPPE RD (DODSON LAKE PARK),"4, ZONE",454F,77093,CLOSED,2022-10-17,03:15 PM
191324,Tree Removal,2022-10-17 03:16 PM,Tree Removal Inspection,TREEMAINTENANCE,"UF - BHATTARAI, NIMESH",703 GRAND OAKS DR,"4, ZONE",497A,77015,CLOSED,2022-10-17,03:16 PM
191325,Tree Removal,2022-10-17 03:16 PM,Tree Removal Inspection,TREEMAINTENANCE,"UF - JONES, CODY",1101 HAWTHORNE ST,"2, ZONE",493S,77006,CLOSED,2022-10-17,03:16 PM
191327,Tree Trim,2022-10-17 05:39 PM,Tree Trim Inspection,TREEMAINTENANCE,"UF - JONES, CODY",14418 ACUNA LN,"7, ZONE",572P,77045,CLOSED,2022-10-17,05:39 PM
191328,Tree Removal,2022-10-17 05:42 PM,Tree Removal Inspection,TREEMAINTENANCE,"UF - JONES, CODY",1981 WESTERN VILLAGE LN,"3, ZONE",449T,77043,CLOSED,2022-10-17,05:42 PM
191329,Tree Removal,2022-10-17 06:24 PM,Tree Removal Inspection,TREEMAINTENANCE,"UF - JONES, CODY",16315 QUAIL ECHO DR,"7, ZONE",610C,77489,CLOSED,2022-10-17,06:24 PM
191330,Tree Trim,2022-10-17 08:24 PM,Tree Trim Inspection,TREEMAINTENANCE,"UF - BHATTARAI, NIMESH",4625 N ROSENEATH DR,"6, ZONE",534E,77021,CLOSED,2022-10-17,08:24 PM
191331,Tree Trim,2022-10-18 04:47 AM,Tree Trim Inspection,TREEMAINTENANCE,"UF - BHATTARAI, NIMESH",6333 MARTIN LUTHER KING BLVD,"6, ZONE",534N,77021,CLOSED,2022-10-18,04:47 AM
191333,Tree Removal,2022-10-18 07:51 AM,Tree Removal Inspection,TREEMAINTENANCE,"UF - JONES, CODY",6262 N BRAESWOOD BLVD,"7, ZONE",530V,77074,CLOSED,2022-10-18,07:51 AM
191334,Tree Removal,2022-10-18 08:44 AM,Tree Removal Inspection,TREEMAINTENANCE,"UF - ERICKSON, IAN",5419 GANO ST,"4, ZONE",453V,77009,CLOSED,2022-10-18,08:44 AM
191335,Tree Removal,2022-10-18 08:44 AM,Tree Removal Inspection,TREEMAINTENANCE,"UF - ERICKSON, IAN",138 WELLINGTON ST,"4, ZONE",413X,77076,CLOSED,2022-10-18,08:44 AM
191336,Tree Planting,2022-10-18 09:06 AM,Tree Planting Inspection,TREEPROTECTION,"UF - POLOVTSEV, SERA",7401 CULLEN BLVD,"6, ZONE",533V,77033,CLOSED,2022-10-18,09:06 AM
191337,Tree Trim,2022-10-18 09:47 AM,Tree Trim Inspection,TREEMAINTENANCE,"UF - GHIMIRE, GOPAL",7603 HOLLOW GLEN LN,"2, ZONE",528M,77072,CLOSED,2022-10-18,09:47 AM
191338,Tree Trim,2022-10-18 10:34 AM,Tree Trim Inspection,TREEMAINTENANCE,"UF - POLOVTSEV, SERA",343 SULKY TRAIL ST,"4, ZONE",373W,77060,CLOSED,2022-10-18,10:34 AM
191339,Tree Removal,2022-10-18 11:01 AM,Tree Removal Inspection,TREEMAINTENANCE,"UF - ERICKSON, IAN",6851 HIRSCH RD,"4, ZONE",454P,77016,CLOSED,2022-10-18,11:01 AM
191340,Tree Code Violation,2022-10-18 11:07 AM,Tree Code Violation Inspection,TREEPROTECTION,"UF - POLOVTSEV, SERA",1122 FAIR OAKS RD,"5, ZONE",494Y,77023,CLOSED,2022-10-18,11:07 AM
191341,Tree Trim,2022-10-18 11:26 AM,Tree Trim Inspection,TREEMAINTENANCE,"UF - JONES, CODY",225 REINICKE ST,"2, ZONE",492L,77007,CLOSED,2022-10-18,11:26 AM
191342,Tree Stump Grinding,2022-10-18 11:29 AM,Tree Stump Inspection,TREEMAINTENANCE,"UF - JONES, CODY",7110 THORNWILD RD,"7, ZONE",571W,77489,CLOSED,2022-10-18,11:29 AM
191343,Tree Removal,2022-10-18 12:05 PM,Tree Removal Inspection,TREEMAINTENANCE,"UF - BHATTARAI, NIMESH",7502 DIXIE DR,"6, ZONE",535S,77087,CLOSED,2022-10-18,12:05 PM
191344,Tree Removal,2022-10-18 01:42 PM,Tree Removal Inspection,TREEMAINTENANCE,"UF - ERICKSON, IAN",9152 LAZYDALE LN,"4, ZONE",455H,77078,CLOSED,2022-10-18,01:42 PM
191346,Tree Trim,2022-10-18 02:43 PM,Tree Trim Inspection,TREEMAINTENANCE,"UF - GHIMIRE, GOPAL",3311 BEAUCHAMP ST,"3, ZONE",493B,77009,CLOSED,2022-10-18,02:43 PM
191349,Tree Trim,2022-10-18 03:21 PM,Tree Trim Inspection,TREEMAINTENANCE,"UF - BHATTARAI, NIMESH",10203 AVES ST,"5, ZONE",576K,77034,CLOSED,2022-10-18,03:21 PM
191350,Tree Removal,2022-10-18 03:31 PM,Tree Removal Inspection,TREEMAINTENANCE,"UF - ERICKSON, IAN",1506 ARLINGTON ST,"3, ZONE",453W,77008,CLOSED,2022-10-18,03:31 PM
191351,Tree Removal,2022-10-18 03:41 PM,Tree Removal Inspection,TREEMAINTENANCE,"UF - BHATTARAI, NIMESH",6859 GLEN ROCK DR,"6, ZONE",534V,77087,CLOSED,2022-10-18,03:41 PM
191352,Tree Trim,2022-10-18 04:22 PM,Tree Trim Inspection,TREEMAINTENANCE,"UF - POLOVTSEV, SERA",1601 CONGRESS ST,"1, ZONE",493M,77002,CLOSED,2022-10-18,04:22 PM
191353,Tree Trim,2022-10-18 04:28 PM,Tree Trim Inspection,TREEMAINTENANCE,"UF - JONES, CODY",7103 THORNWILD RD,"7, ZONE",571W,77489,CLOSED,2022-10-18,04:28 PM
191354,Tree Removal,2022-10-18 04:31 PM,Tree Removal Inspection,TREEMAINTENANCE,"UF - ERICKSON, IAN",301 GOLDENROD ST,"4, ZONE",493C,77009,CLOSED,2022-10-18,04:31 PM
191355,Tree Trim,2022-10-18 05:51 PM,Tree Trim Inspection,TREEMAINTENANCE,"UF - ERICKSON, IAN",7522 ELBERT ST,"4, ZONE",455J,77028,CLOSED,2022-10-18,05:51 PM
191356,Tree Removal,2022-10-18 05:52 PM,Tree Removal Inspection,TREEMAINTENANCE,"UF - ERICKSON, IAN",8201 JOHN RALSTON RD,"4, ZONE",456F,77044,CLOSED,2022-10-18,05:52 PM
191357,Tree Removal,2022-10-18 07:23 PM,Tree Removal Inspection,TREEMAINTENANCE,"UF - JONES, CODY",2222 BAY AREA BLVD,"5, ZONE",618L,77058,CLOSED,2022-10-18,07:23 PM
191359,Tree Removal,2022-10-19 08:40 AM,Tree Removal Inspection,TREEMAINTENANCE,"UF - BHATTARAI, NIMESH",6859 GLEN ROCK DR,"6, ZONE",534V,77087,CLOSED,2022-10-19,08:40 AM
191360,Tree Trim,2022-10-19 08:40 AM,Tree Trim Inspection,TREEMAINTENANCE,"UF - JONES, CODY",2802 ALMEDA PLAZA DR,"7, ZONE",572L,77045,CLOSED,2022-10-19,08:40 AM
191361,Tree Removal,2022-10-19 09:36 AM,Tree Removal Inspection,TREEMAINTENANCE,"UF - BHATTARAI, NIMESH",10102 HINDS ST,"5, ZONE",576E,77034,CLOSED,2022-10-19,09:36 AM
191362,Tree Trim,2022-10-19 09:42 AM,Tree Trim Inspection,TREEMAINTENANCE,"UF - JONES, CODY",808 WOODROW ST,"2, ZONE",493W,77006,CLOSED,2022-10-19,09:42 AM
191363,Tree Trim,2022-10-19 09:45 AM,Tree Trim Inspection,TREEMAINTENANCE,"UF - JONES, CODY",1414 HERKIMER ST,"3, ZONE",452Z,77008,CLOSED,2022-10-19,09:45 AM
191364,Tree Trim,2022-10-19 10:09 AM,Tree Trim Inspection,TREEMAINTENANCE,"UF - ERICKSON, IAN",7825 NASHVILLE ST,"4, ZONE",455P,77028,CLOSED,2022-10-19,10:09 AM
191365,Tree Trim,2022-10-19 10:21 AM,Tree Trim Inspection,TREEMAINTENANCE,"UF - JONES, CODY",1338 ROSALIE ST,"2, ZONE",493T,77004,CLOSED,2022-10-19,10:21 AM
191369,Tree Removal,2022-10-19 01:56 PM,Tree Removal Inspection,TREEMAINTENANCE,"UF - JONES, CODY",11603 SOUTH DR,"2, ZONE",529T,77099,CLOSED,2022-10-19,01:56 PM
191370,Tree Trim,2022-10-19 02:12 PM,Tree Trim Inspection,TREEMAINTENANCE,"UF - JONES, CODY",4999 S BRAESWOOD BLVD,"7, ZONE",531U,77096,CLOSED,2022-10-19,02:12 PM
191371,Tree Removal,2022-10-19 02:12 PM,Tree Removal Inspection,TREEMAINTENANCE,"UF - JONES, CODY",14547 KELLYWOOD LN,"2, ZONE",488M,77079,CLOSED,2022-10-19,02:12 PM
191372,Tree Removal,2022-10-19 03:21 PM,Tree Removal Inspection,TREEMAINTENANCE,"UF - GHIMIRE, GOPAL",2336 ELLA BLVD,"3, ZONE",452T,77008,CLOSED,2022-10-19,03:21 PM
191373,Tree Trim,2022-10-19 04:18 PM,Tree Trim Inspection,TREEMAINTENANCE,"UF - ERICKSON, IAN",6930 COCHRAN ST,"4, ZONE",453R,77022,CLOSED,2022-10-19,04:18 PM
191374,Tree Trim,2022-10-19 06:59 PM,Tree Trim Inspection,TREEMAINTENANCE,"UF - BHATTARAI, NIMESH",3602 ZEPHYR ST,"6, ZONE",533L,77021,CLOSED,2022-10-19,06:59 PM
191375,Tree Trim,2022-10-20 12:37 AM,Tree Trim Inspection,TREEMAINTENANCE,"UF - GHIMIRE, GOPAL",1903 BITTERCREEK DR,"2, ZONE",489P,77042,CLOSED,2022-10-20,12:37 AM
191376,Tree Trim,2022-10-20 05:54 AM,Tree Trim Inspection,TREEMAINTENANCE,"UF - BHATTARAI, NIMESH",3922 FLORINDA ST,"6, ZONE",533L,77021,CLOSED,2022-10-20,05:54 AM
191379,Tree Removal,2022-10-20 08:30 AM,Tree Removal Inspection,TREEMAINTENANCE,"UF - ERICKSON, IAN",1050 QUITMAN ST,"4, ZONE",493D,77009,CLOSED,2022-10-20,08:30 AM
191380,Tree Removal,2022-10-20 08:56 AM,Tree Removal Inspection,TREEMAINTENANCE,"UF - JONES, CODY",5498 N BRAESWOOD BLVD,"7, ZONE",531T,77096,CLOSED,2022-10-20,08:56 AM
191381,Tree Trim,2022-10-20 09:38 AM,Tree Trim Inspection,TREEMAINTENANCE,"UF - JONES, CODY",15514 FALL BRIAR DR,"7, ZONE",571X,77489,CLOSED,2022-10-20,09:38 AM
191382,Tree Trim,2022-10-20 10:30 AM,Tree Trim Inspection,TREEMAINTENANCE,"UF - JONES, CODY",15514 FALL BRIAR DR,"7, ZONE",571X,77489,CLOSED,2022-10-20,10:30 AM
191383,Tree Removal,2022-10-20 10:43 AM,Tree Removal Inspection,TREEMAINTENANCE,"UF - BHATTARAI, NIMESH",4802 WINFREE DR,"6, ZONE",534J,77021,CLOSED,2022-10-20,10:43 AM
191384,Tree Trim,2022-10-20 10:43 AM,Tree Trim Inspection,TREEMAINTENANCE,"UF - ERICKSON, IAN",4408 HERSHE ST,"4, ZONE",494F,77020,CLOSED,2022-10-20,10:43 AM
191385,Tree Trim,2022-10-20 10:45 AM,Tree Trim Inspection,TREEMAINTENANCE,"UF - BHATTARAI, NIMESH",6623 SHERMAN ST,"5, ZONE",494V,77011,CLOSED,2022-10-20,10:45 AM
191386,Tree Trim,2022-10-20 11:12 AM,Tree Trim Inspection,TREEMAINTENANCE,"UF - JONES, CODY",16323 QUAILYNN DR,"7, ZONE",610C,77489,CLOSED,2022-10-20,11:12 AM
191387,Tree Removal,2022-10-20 11:18 AM,Tree Removal Inspection,TREEMAINTENANCE,"UF - JONES, CODY",1414 HERKIMER ST,"3, ZONE",452Z,77008,CLOSED,2022-10-20,11:18 AM
191388,Tree Trim,2022-10-20 11:18 AM,Tree Trim Inspection,TREEMAINTENANCE,"UF - JONES, CODY",6100 MAIN ST,"7, ZONE",532D,77030,CLOSED,2022-10-20,11:18 AM
191389,Tree Trim,2022-10-20 11:27 AM,Tree Trim Inspection,TREEMAINTENANCE,"UF - BHATTARAI, NIMESH",4716 COKE ST,"5, ZONE",494L,77020,CLOSED,2022-10-20,11:27 AM
191390,Tree Trim,2022-10-20 11:55 AM,Tree Trim Inspection,TREEMAINTENANCE,"UF - BHATTARAI, NIMESH",3900 W PINE BROOK WAY,"5, ZONE",578Y,77059,CLOSED,2022-10-20,11:55 AM
191391,Tree Trim,2022-10-20 01:16 PM,Tree Trim Inspection,TREEMAINTENANCE,"UF - JONES, CODY",2722 VEGA ST,"3, ZONE",411R,77088,CLOSED,2022-10-20,01:16 PM
191392,Tree Removal,2022-10-20 01:23 PM,Tree Removal Inspection,TREEMAINTENANCE,"UF - JONES, CODY",1709 BOLSOVER ST,"7, ZONE",532D,77005,CLOSED,2022-10-20,01:23 PM
191393,Tree Trim,2022-10-20 02:24 PM,Tree Trim Inspection,TREEMAINTENANCE,"UF - ERICKSON, IAN",7016 LOS ANGELES ST,"4, ZONE",454P,77016,CLOSED,2022-10-20,02:24 PM
191394,Tree Trim,2022-10-20 02:24 PM,Tree Trim Inspection,TREEMAINTENANCE,"UF - ERICKSON, IAN",7010 LOS ANGELES ST,"4, ZONE",454P,77016,CLOSED,2022-10-20,02:24 PM
191395,Tree Trim,2022-10-20 02:25 PM,Tree Trim Inspection,TREEMAINTENANCE,"UF - ERICKSON, IAN",1202 GRIFFIN ST,"4, ZONE",453V,77009,CLOSED,2022-10-20,02:25 PM
191396,Tree Removal,2022-10-20 02:41 PM,Tree Removal Inspection,TREEMAINTENANCE,"UF - ERICKSON, IAN",5201 LYONS AVE,"4, ZONE",494G,77020,CLOSED,2022-10-20,02:41 PM
191397,Tree Removal,2022-10-20 02:45 PM,Tree Removal Inspection,TREEMAINTENANCE,"UF - BHATTARAI, NIMESH",7439 BRIEFWAY ST,"6, ZONE",535N,77087,CLOSED,2022-10-20,02:45 PM
191398,Tree Trim,2022-10-20 03:12 PM,Tree Trim Inspection,TREEMAINTENANCE,"UF - JONES, CODY",799 S VICTORY DR,"3, ZONE",412U,77088,CLOSED,2022-10-20,03:12 PM
191399,Tree Removal,2022-10-20 03:23 PM,Tree Removal Inspection,TREEMAINTENANCE,"UF - JONES, CODY",1836 SUNSET BLVD,"7, ZONE",532D,77005,CLOSED,2022-10-20,03:23 PM
191400,Tree Trim,2022-10-20 03:23 PM,Tree Trim Inspection,TREEMAINTENANCE,"UF - ERICKSON, IAN",78 TURNER DR,"4, ZONE",453B,77076,CLOSED,2022-10-20,03:23 PM
191401,Tree Trim,2022-10-20 03:56 PM,Tree Trim Inspection,TREEMAINTENANCE,"UF - JONES, CODY",7100 MAJESTIC OAKS DR,"3, ZONE",411N,77040,CLOSED,2022-10-20,03:56 PM
191402,Tree Removal,2022-10-20 04:48 PM,Tree Removal Inspection,TREEMAINTENANCE,"UF - JONES, CODY",8619 FERRIS DR,"7, ZONE",531P,77096,CLOSED,2022-10-20,04:48 PM
191403,Tree Trim,2022-10-20 05:12 PM,Tree Trim Inspection,TREEMAINTENANCE,"UF - GHIMIRE, GOPAL",412 OMAR ST,"3, ZONE",493B,77009,CLOSED,2022-10-20,05:12 PM
191404,Tree Trim,2022-10-20 05:13 PM,Tree Trim Inspection,TREEMAINTENANCE,"UF - JONES, CODY",1100 EWING ST,"7, ZONE",533A,77004,CLOSED,2022-10-20,05:13 PM
191409,Tree Removal,2022-10-21 09:19 AM,Tree Removal Inspection,TREEMAINTENANCE,"UF - JONES, CODY",231 E 26TH ST,"3, ZONE",453S,77008,CLOSED,2022-10-21,09:19 AM
191413,Tree Trim,2022-10-21 10:28 AM,Tree Trim Inspection,TREEMAINTENANCE,"UF - JONES, CODY",6419 W FUQUA DR,"7, ZONE",571X,77489,CLOSED,2022-10-21,10:28 AM
191416,Tree Trim,2022-10-21 12:07 PM,Tree Trim Inspection,TREEMAINTENANCE,"UF - BHATTARAI, NIMESH",4500 EMANCIPATION AVE,"6, ZONE",493Y,77004,CLOSED,2022-10-21,12:07 PM
191418,Tree Trim,2022-10-21 12:37 PM,Tree Trim Inspection,TREEMAINTENANCE,"UF - ERICKSON, IAN",10122 SILVERCREST ST,"4, ZONE",453C,77076,CLOSED,2022-10-21,12:37 PM
191419,Tree Removal,2022-10-21 12:37 PM,Tree Removal Inspection,TREEMAINTENANCE,"UF - BURKES, JEREMY",5225 CALHOUN RD (MACGREGOR PARK),"6, ZONE",534E,77021,CLOSED,2022-10-21,12:37 PM
191422,Tree Removal,2022-10-21 01:48 PM,Tree Removal Inspection,TREEMAINTENANCE,"UF - GHIMIRE, GOPAL",10514 TENNETA DR,"2, ZONE",528Z,77099,CLOSED,2022-10-21,01:48 PM
191423,Tree Removal,2022-10-21 01:48 PM,Tree Removal Inspection,TREEMAINTENANCE,"UF - JONES, CODY",1000 W 12TH ST,"3, ZONE",452Z,77008,CLOSED,2022-10-21,01:48 PM
191424,Tree Trim,2022-10-21 03:08 PM,Tree Trim Inspection,TREEMAINTENANCE,"UF - GHIMIRE, GOPAL",13900 KIMBERLEY LN,"2, ZONE",489E,77079,CLOSED,2022-10-21,03:08 PM
191425,Tree Removal,2022-10-21 03:19 PM,Tree Removal Inspection,TREEMAINTENANCE,"UF - JONES, CODY",4619 PINERIDGE ST,"3, ZONE",453X,77009,CLOSED,2022-10-21,03:19 PM
191426,Tree Trim,2022-10-21 03:26 PM,Tree Trim Inspection,TREEMAINTENANCE,"UF - ERICKSON, IAN",7200 COLTON ST,"4, ZONE",415W,77016,CLOSED,2022-10-21,03:26 PM
191427,Tree Trim,2022-10-21 04:05 PM,Tree Trim Inspection,TREEMAINTENANCE,"UF - JONES, CODY",3711 STORM CREEK DR,"3, ZONE",411R,77088,CLOSED,2022-10-21,04:05 PM
191428,Tree Removal,2022-10-21 04:07 PM,Tree Removal Inspection,TREEMAINTENANCE,"UF - JONES, CODY",7206 EDGEMOOR DR,"7, ZONE",530G,77074,CLOSED,2022-10-21,04:07 PM
191429,Tree Trim,2022-10-22 08:59 AM,Tree Trim Inspection,TREEMAINTENANCE,"UF - JONES, CODY",116 EVERTON ST,"5, ZONE",494N,77003,CLOSED,2022-10-22,08:59 AM
191430,Tree Removal,2022-10-22 11:36 AM,Tree Removal Inspection,TREEMAINTENANCE,"UF - JONES, CODY",612 E 12TH ST,"3, ZONE",453W,77008,CLOSED,2022-10-22,11:36 AM
191431,Tree Removal,2022-10-22 03:53 PM,Tree Removal Inspection,TREEMAINTENANCE,"UF - JONES, CODY",4903 CROKER RIDGE RD,"7, ZONE",571Z,77053,CLOSED,2022-10-22,03:53 PM
191432,Tree Removal,2022-10-23 04:44 AM,Tree Removal Inspection,TREEMAINTENANCE,"UF - BHATTARAI, NIMESH",199 MILL STREAM LN,"4, ZONE",372Z,77060,CLOSED,2022-10-23,04:44 AM
191433,Tree Trim,2022-10-23 10:07 AM,Tree Trim Inspection,TREEMAINTENANCE,"UF - BHATTARAI, NIMESH",7031 AVENUE P,"5, ZONE",495S,77011,CLOSED,2022-10-23,10:07 AM
191434,Tree Removal,2022-10-23 06:08 PM,Tree Removal Inspection,TREEMAINTENANCE,"UF - JONES, CODY",1475 W GRAY ST (W GRAY PARK),"2, ZONE",492R,77006,CLOSED,2022-10-23,06:08 PM
191435,Tree Removal,2022-10-24 12:44 AM,Tree Removal Inspection,TREEMAINTENANCE,"UF - ERICKSON, IAN",8146 E HOUSTON RD,"4, ZONE",455G,77028,CLOSED,2022-10-24,12:44 AM
191436,Tree Trim,2022-10-24 01:14 AM,Tree Trim Inspection,TREEMAINTENANCE,"UF - BHATTARAI, NIMESH",6941 CANAL ST,"5, ZONE",494V,77011,CLOSED,2022-10-24,01:14 AM
191437,Tree Trim,2022-10-24 07:11 AM,Tree Trim Inspection,TREEMAINTENANCE,"UF - JONES, CODY",9101 HILLCROFT AVE,"7, ZONE",531N,77096,CLOSED,2022-10-24,07:11 AM
191438,Tree Removal,2022-10-24 08:05 AM,Tree Removal Inspection,TREEMAINTENANCE,"UF - GHIMIRE, GOPAL",3888 S DAIRY ASHFORD RD,"2, ZONE",528D,77082,CLOSED,2022-10-24,08:05 AM
191440,Tree Trim,2022-10-24 08:36 AM,Tree Trim Inspection,TREEMAINTENANCE,"UF - GHIMIRE, GOPAL",8413 BECKLEY ST,"3, ZONE",412N,77088,CLOSED,2022-10-24,08:36 AM
191441,Tree Trim,2022-10-24 08:48 AM,Tree Trim Inspection,TREEMAINTENANCE,"UF - JONES, CODY",5100 EDLOE ST,"7, ZONE",492X,77005,CLOSED,2022-10-24,08:48 AM
191442,Tree Trim,2022-10-24 08:54 AM,Tree Trim Inspection,TREEMAINTENANCE,"UF - JONES, CODY",5275 BUFFALO SPEEDWAY,"7, ZONE",492X,77005,CLOSED,2022-10-24,08:54 AM
191443,Tree Removal,2022-10-24 09:33 AM,Tree Removal Inspection,TREEMAINTENANCE,"UF - JONES, CODY",840 ROSIE ST,"3, ZONE",412Y,77091,CLOSED,2022-10-24,09:33 AM
191444,Tree Trim,2022-10-24 10:00 AM,Tree Trim Inspection,TREEMAINTENANCE,"UF - BHATTARAI, NIMESH",6607 AVENUE E,"5, ZONE",494V,77011,CLOSED,2022-10-24,10:00 AM
191446,Tree Removal,2022-10-24 10:54 AM,Tree Removal Inspection,TREEMAINTENANCE,"UF - JONES, CODY",2211 ELLA BLVD,"3, ZONE",452T,77008,CLOSED,2022-10-24,10:54 AM
191449,Tree Trim,2022-10-24 11:56 AM,Tree Trim Inspection,TREEMAINTENANCE,"UF - JONES, CODY",8807 WATEKA DR,"7, ZONE",530P,77074,CLOSED,2022-10-24,11:56 AM
191452,Tree Trim,2022-10-24 12:47 PM,Tree Trim Inspection,TREEMAINTENANCE,"UF - BHATTARAI, NIMESH",15851 JOHN F KENNEDY BLVD,"4, ZONE",374P,77032,CLOSED,2022-10-24,12:47 PM
191454,Tree Trim,2022-10-24 01:39 PM,Tree Trim Inspection,TREEMAINTENANCE,"UF - BHATTARAI, NIMESH",14135 IVY BLUFF CT,"5, ZONE",618A,77062,CLOSED,2022-10-24,01:39 PM
191455,Tree Removal,2022-10-24 01:55 PM,Tree Removal Inspection,TREEMAINTENANCE,"UF - BHATTARAI, NIMESH",1723 SHANNON VALLEY DR,"2, ZONE",488R,77077,CLOSED,2022-10-24,01:55 PM
191456,Tree Removal,2022-10-24 02:17 PM,Tree Removal Inspection,TREEMAINTENANCE,"UF - JONES, CODY",736 E 12TH 1/2 ST,"3, ZONE",453W,77008,CLOSED,2022-10-24,02:17 PM
191457,Tree Trim,2022-10-24 02:50 PM,Tree Trim Inspection,TREEMAINTENANCE,"UF - JONES, CODY",6414 HEATHERBROOK DR,"7, ZONE",571P,77085,CLOSED,2022-10-24,02:50 PM
191458,Tree Removal,2022-10-24 03:19 PM,Tree Removal Inspection,TREEMAINTENANCE,"UF - JONES, CODY",1848 WESTHEIMER RD,"2, ZONE",492V,77019,CLOSED,2022-10-24,03:19 PM
191459,Tree Removal,2022-10-24 04:19 PM,Tree Removal Inspection,TREEMAINTENANCE,"UF - BURKES, JEREMY",501 LOVETT BLVD,"2, ZONE",493S,77006,CLOSED,2022-10-24,04:19 PM
191460,Tree Removal,2022-10-24 04:21 PM,Tree Removal Inspection,TREEMAINTENANCE,"UF - JONES, CODY",2103 BOLSOVER ST,"7, ZONE",532D,77005,CLOSED,2022-10-24,04:21 PM
191461,Tree Removal,2022-10-24 04:48 PM,Tree Removal Inspection,TREEMAINTENANCE,"UF - JONES, CODY",2018 KIRBY DR,"2, ZONE",492Q,77019,CLOSED,2022-10-24,04:48 PM
191462,Tree Trim,2022-10-24 06:11 PM,Tree Trim Inspection,TREEMAINTENANCE,"UF - ERICKSON, IAN",3435 PAUL QUINN ST,"3, ZONE",451D,77091,CLOSED,2022-10-24,06:11 PM
191463,Tree Removal,2022-10-24 06:11 PM,Tree Removal Inspection,TREEMAINTENANCE,"UF - BHATTARAI, NIMESH",11315 SAGEWOOD DR,"6, ZONE",576Z,77089,CLOSED,2022-10-24,06:11 PM
191464,Tree Removal,2022-10-24 06:13 PM,Tree Removal Inspection,TREEMAINTENANCE,"UF - GHIMIRE, GOPAL",701 HIGHLAND ST,"3, ZONE",493B,77009,CLOSED,2022-10-24,06:13 PM
191465,Tree Trim,2022-10-24 06:13 PM,Tree Trim Inspection,TREEMAINTENANCE,"UF - ERICKSON, IAN",6422 SPRINGHAVEN DR,"4, ZONE",375J,77396,CLOSED,2022-10-24,06:13 PM
191466,Tree Removal,2022-10-24 09:33 PM,Tree Removal Inspection,TREEMAINTENANCE,"UF - JONES, CODY",4022 MERRICK ST,"7, ZONE",532J,77025,CLOSED,2022-10-24,09:33 PM
191467,Tree Removal,2022-10-25 02:23 AM,Tree Removal Inspection,TREEMAINTENANCE,"UF - JONES, CODY",950 KIRBY DR,"2, ZONE",492L,77019,CLOSED,2022-10-25,02:23 AM
191468,Tree Removal,2022-10-25 02:38 AM,Tree Removal Inspection,TREEMAINTENANCE,"UF - ERICKSON, IAN",4700 AIRLINE DR,"4, ZONE",453F,77022,CLOSED,2022-10-25,02:38 AM
191479,Tree Trim,2022-10-25 07:39 AM,Tree Trim Inspection,TREEMAINTENANCE,"UF - BHATTARAI, NIMESH","2134 LOVING ST,HOUSTON,77034","5, ZONE",576B,5753c,CLOSED,2022-10-25,07:39 AM
191482,Tree Removal,2022-10-25 07:46 AM,Tree Removal Inspection,TREEMAINTENANCE,"UF - BHATTARAI, NIMESH",8064 ELROD ST,"5, ZONE",535U,77017,CLOSED,2022-10-25,07:46 AM
191491,Tree Removal,2022-10-25 08:02 AM,Tree Removal Inspection,TREEMAINTENANCE,"UF - ERICKSON, IAN",7300 LAKEWOOD DR,"4, ZONE",415W,77016,CLOSED,2022-10-25,08:02 AM
191495,Tree Removal,2022-10-25 08:17 AM,Tree Removal Inspection,TREEMAINTENANCE,"UF - JONES, CODY",13744 LAREDO ST,"4, ZONE",497F,77015,CLOSED,2022-10-25,08:17 AM
191496,Tree Trim,2022-10-25 08:28 AM,Tree Trim Inspection,TREEMAINTENANCE,"UF - JONES, CODY",116 EVERTON ST,"5, ZONE",494N,77003,CLOSED,2022-10-25,08:28 AM
191497,Tree Removal,2022-10-25 08:35 AM,Tree Removal Inspection,TREEMAINTENANCE,"UF - JONES, CODY",4899 BENNING DR,"7, ZONE",571C,77035,CLOSED,2022-10-25,08:35 AM
191499,Tree Removal,2022-10-25 08:37 AM,Tree Removal Inspection,TREEMAINTENANCE,"UF - JONES, CODY",601 E 41ST ST,"3, ZONE",453J,77022,CLOSED,2022-10-25,08:37 AM
191500,Tree Removal,2022-10-25 08:39 AM,Tree Removal Inspection,TREEMAINTENANCE,"UF - JONES, CODY",10722 CARLOTA CT,"7, ZONE",531W,77096,CLOSED,2022-10-25,08:39 AM
191501,Tree Removal,2022-10-25 08:39 AM,Tree Removal Inspection,TREEMAINTENANCE,"UF - JONES, CODY",4907 YARWELL DR,"7, ZONE",531U,77096,CLOSED,2022-10-25,08:39 AM
191502,Tree Trim,2022-10-25 08:41 AM,Tree Trim Inspection,TREEMAINTENANCE,"UF - JONES, CODY",2323 MCDUFFIE ST,"2, ZONE",492V,77019,CLOSED,2022-10-25,08:41 AM
191503,Tree Removal,2022-10-25 08:43 AM,Tree Removal Inspection,TREEMAINTENANCE,"UF - JONES, CODY",12038 WHITE CAP LN,"2, ZONE",529J,77072,CLOSED,2022-10-25,08:43 AM
191504,Tree Removal,2022-10-25 08:44 AM,Tree Removal Inspection,TREEMAINTENANCE,"UF - POLOVTSEV, SERA",3007 BRAZOS ST,"2, ZONE",493T,77006,CLOSED,2022-10-25,08:44 AM
191506,Tree Removal,2022-10-25 08:53 AM,Tree Removal Inspection,TREEMAINTENANCE,"UF - JONES, CODY",5901 WESTHEIMER RD,"2, ZONE",491S,77057,CLOSED,2022-10-25,08:53 AM
191508,Tree Removal,2022-10-25 09:09 AM,Tree Removal Inspection,TREEMAINTENANCE,"UF - BHATTARAI, NIMESH",12206 PALMFREE ST,"5, ZONE",576R,77034,CLOSED,2022-10-25,09:09 AM
191509,Tree Removal,2022-10-25 09:14 AM,Tree Removal Inspection,TREEMAINTENANCE,"UF - JONES, CODY",6300 CLAREWOOD DR,"7, ZONE",531E,77081,CLOSED,2022-10-25,09:14 AM
191510,Tree Removal,2022-10-25 09:15 AM,Tree Removal Inspection,TREEMAINTENANCE,"UF - JONES, CODY",10801 FONDREN RD,"7, ZONE",530Z,77096,CLOSED,2022-10-25,09:15 AM
191521,Tree Removal,2022-10-25 10:00 AM,Tree Removal Inspection,TREEMAINTENANCE,"UF - JONES, CODY",4906 PORTER RIDGE DR,"7, ZONE",611C,77053,CLOSED,2022-10-25,10:00 AM
191523,Tree Trim,2022-10-25 10:04 AM,Tree Trim Inspection,TREEMAINTENANCE,"UF - JONES, CODY",4906 PORTER RIDGE DR,"7, ZONE",611C,77053,CLOSED,2022-10-25,10:04 AM
191526,Tree Removal,2022-10-25 10:19 AM,Tree Removal Inspection,TREEMAINTENANCE,"UF - JONES, CODY",1584 CHESHIRE LN,"3, ZONE",452J,77018,CLOSED,2022-10-25,10:19 AM
191527,Tree Trim,2022-10-25 10:20 AM,Tree Trim Inspection,TREEMAINTENANCE,"UF - BHATTARAI, NIMESH",1811 CORAL ST,"5, ZONE",535E,77012,CLOSED,2022-10-25,10:20 AM
191529,Tree Trim,2022-10-25 10:21 AM,Tree Trim Inspection,TREEMAINTENANCE,"UF - BHATTARAI, NIMESH",3914 W PINE BROOK WAY,"5, ZONE",578Y,77059,CLOSED,2022-10-25,10:21 AM
191530,Tree Trim,2022-10-25 10:24 AM,Tree Trim Inspection,TREEMAINTENANCE,"UF - JONES, CODY",5639 SAN FELIPE ST,"2, ZONE",491P,77056,CLOSED,2022-10-25,10:24 AM
191532,Tree Trim,2022-10-25 10:27 AM,Tree Trim Inspection,TREEMAINTENANCE,"UF - BHATTARAI, NIMESH",5901 LANCASTER ST,"6, ZONE",534V,77087,CLOSED,2022-10-25,10:27 AM
191533,Tree Trim,2022-10-25 10:30 AM,Tree Trim Inspection,TREEMAINTENANCE,"UF - JONES, CODY",10403 IVYRIDGE RD,"3, ZONE",449Z,77043,CLOSED,2022-10-25,10:30 AM
191535,Tree Trim,2022-10-25 11:06 AM,Tree Trim Inspection,TREEMAINTENANCE,"UF - ERICKSON, IAN",1806 BENSON ST,"4, ZONE",494F,77020,CLOSED,2022-10-25,11:06 AM
191537,Tree Removal,2022-10-25 11:45 AM,Tree Removal Inspection,TREEMAINTENANCE,"UF - ERICKSON, IAN",311 MELBOURNE ST,"4, ZONE",453Q,77022,CLOSED,2022-10-25,11:45 AM
191538,Tree Removal,2022-10-25 11:51 AM,Tree Removal Inspection,TREEMAINTENANCE,"UF - JONES, CODY",1413 WYCLIFFE DR,"3, ZONE",449X,77043,CLOSED,2022-10-25,11:51 AM
191539,Tree Removal,2022-10-25 12:06 PM,Tree Removal Inspection,TREEMAINTENANCE,"UF - JONES, CODY",9105 MEMORIAL DR,"2, ZONE",491G,77024,CLOSED,2022-10-25,12:06 PM
191540,Tree Trim,2022-10-25 12:25 PM,Tree Trim Inspection,TREEMAINTENANCE,"UF - BHATTARAI, NIMESH",6010 WESTOVER ST,"6, ZONE",534X,77033,CLOSED,2022-10-25,12:25 PM
191541,Tree Removal,2022-10-25 12:59 PM,Tree Removal Inspection,TREEMAINTENANCE,"UF - BHATTARAI, NIMESH",6719 MILART ST,"6, ZONE",534N,77021,CLOSED,2022-10-25,12:59 PM
191542,Tree Trim,2022-10-25 01:15 PM,Tree Trim Inspection,TREEMAINTENANCE,"UF - BHATTARAI, NIMESH",7211 OAK HILL DR,"6, ZONE",534V,77087,CLOSED,2022-10-25,01:15 PM
191543,Tree Trim,2022-10-25 01:16 PM,Tree Trim Inspection,TREEMAINTENANCE,"UF - BHATTARAI, NIMESH",1430 FALCON ST,"5, ZONE",496L,77015,CLOSED,2022-10-25,01:16 PM
191544,Tree Removal,2022-10-25 01:20 PM,Tree Removal Inspection,TREEMAINTENANCE,"UF - ERICKSON, IAN",7309 W KNOLL ST,"4, ZONE",455E,77028,CLOSED,2022-10-25,01:20 PM
191545,Tree Removal,2022-10-25 01:31 PM,Tree Removal Inspection,TREEMAINTENANCE,"UF - JONES, CODY",1400 SUL ROSS ST,"2, ZONE",493S,77006,CLOSED,2022-10-25,01:31 PM
191546,Tree Trim,2022-10-25 01:43 PM,Tree Trim Inspection,TREEMAINTENANCE,"UF - JONES, CODY",1920 SHEARN ST,"2, ZONE",493F,77007,CLOSED,2022-10-25,01:43 PM
191547,Tree Removal,2022-10-25 01:59 PM,Tree Removal Inspection,TREEMAINTENANCE,"UF - JONES, CODY",208 HAWTHORNE ST,"2, ZONE",493T,77006,CLOSED,2022-10-25,01:59 PM
191548,Tree Trim,2022-10-25 02:22 PM,Tree Trim Inspection,TREEMAINTENANCE,"UF - BURKES, JEREMY",5300 NASSAU RD,"6, ZONE",534K,77021,CLOSED,2022-10-25,02:22 PM
191549,Tree Trim,2022-10-25 02:23 PM,Tree Trim Inspection,TREEMAINTENANCE,"UF - BHATTARAI, NIMESH",5207 PENFIELD LN,"6, ZONE",534K,77021,CLOSED,2022-10-25,02:23 PM
191550,Tree Removal,2022-10-25 02:29 PM,Tree Removal Inspection,TREEMAINTENANCE,"UF - BHATTARAI, NIMESH",10923 BAY CEDAR DR,"6, ZONE",573H,77048,CLOSED,2022-10-25,02:29 PM
191552,Tree Trim,2022-10-25 03:05 PM,Tree Trim Inspection,TREEMAINTENANCE,"UF - GHIMIRE, GOPAL",1300 DE SOTO ST,"3, ZONE",452B,77091,CLOSED,2022-10-25,03:05 PM
191553,Tree Removal,2022-10-25 03:09 PM,Tree Removal Inspection,TREEMAINTENANCE,"UF - JONES, CODY",843 W 23RD ST,"3, ZONE",452U,77008,CLOSED,2022-10-25,03:09 PM
191554,Tree Trim,2022-10-25 03:20 PM,Tree Trim Inspection,TREEMAINTENANCE,"UF - BHATTARAI, NIMESH",9900 KITTRELL ST,"5, ZONE",576J,77034,CLOSED,2022-10-25,03:20 PM
191555,Tree Removal,2022-10-25 03:28 PM,Tree Removal Inspection,TREEMAINTENANCE,"UF - BHATTARAI, NIMESH",4510 PHLOX ST,"6, ZONE",573C,77051,CLOSED,2022-10-25,03:28 PM
191556,Tree Removal,2022-10-25 03:30 PM,Tree Removal Inspection,TREEMAINTENANCE,"UF - JONES, CODY",4335 SMOOTH OAK LN,"7, ZONE",572S,77053,CLOSED,2022-10-25,03:30 PM
191557,Tree Code Violation,2022-10-25 03:31 PM,Tree Code Violation Inspection,TREEPROTECTION,"UF - POLOVTSEV, SERA",5415 ANTOINE DR,"3, ZONE",451G,77092,CLOSED,2022-10-25,03:31 PM
191558,Tree Trim,2022-10-25 03:41 PM,Tree Trim Inspection,TREEMAINTENANCE,"UF - POLOVTSEV, SERA",12511 CLAYGATE DR,"6, ZONE",573L,77047,CLOSED,2022-10-25,03:41 PM
191559,Tree Removal,2022-10-25 03:42 PM,Tree Removal Inspection,TREEMAINTENANCE,"UF - ERICKSON, IAN",13114 BAUMAN RD,"4, ZONE",413L,77037,CLOSED,2022-10-25,03:42 PM
191560,Tree Trim,2022-10-25 03:43 PM,Tree Trim Inspection,TREEMAINTENANCE,"UF - BHATTARAI, NIMESH",4525 LARKSPUR ST,"6, ZONE",533Y,77051,CLOSED,2022-10-25,03:43 PM
191561,Tree Removal,2022-10-25 03:48 PM,Tree Removal Inspection,TREEMAINTENANCE,"UF - JONES, CODY",12230 PINE KNOLL DR,"2, ZONE",529S,77099,CLOSED,2022-10-25,03:48 PM
191562,Tree Trim,2022-10-25 03:52 PM,Tree Trim Inspection,TREEMAINTENANCE,"UF - ERICKSON, IAN",8613 WETHERILL ST,"4, ZONE",453H,77093,CLOSED,2022-10-25,03:52 PM
191563,Tree Trim,2022-10-25 04:11 PM,Tree Trim Inspection,TREEMAINTENANCE,"UF - JONES, CODY",5935 SANFORD RD,"7, ZONE",531W,77096,CLOSED,2022-10-25,04:11 PM
191564,Tree Trim,2022-10-25 04:14 PM,Tree Trim Inspection,TREEMAINTENANCE,"UF - BHATTARAI, NIMESH",100 GILPIN ST,"5, ZONE",576G,77034,CLOSED,2022-10-25,04:14 PM
191565,Tree Trim,2022-10-25 04:36 PM,Tree Trim Inspection,TREEMAINTENANCE,"UF - BHATTARAI, NIMESH",8117 BARKLEY ST,"5, ZONE",535U,77017,CLOSED,2022-10-25,04:36 PM
191566,Tree Trim,2022-10-25 04:51 PM,Tree Trim Inspection,TREEMAINTENANCE,"UF - BHATTARAI, NIMESH",6630 ROXBURY RD,"6, ZONE",534U,77087,CLOSED,2022-10-25,04:51 PM
191567,Tree Removal,2022-10-25 05:50 PM,Tree Removal Inspection,TREEMAINTENANCE,"UF - BHATTARAI, NIMESH",FLEMING DR & WESTSHIRE DR,"4, ZONE",496E,77013,CLOSED,2022-10-25,05:50 PM
191568,Tree Removal,2022-10-25 05:57 PM,Tree Removal Inspection,TREEMAINTENANCE,"UF - JONES, CODY",910 ALGREGG ST,"3, ZONE",453X,77009,CLOSED,2022-10-25,05:57 PM
191569,Tree Trim,2022-10-25 06:13 PM,Tree Trim Inspection,TREEMAINTENANCE,"UF - GHIMIRE, GOPAL",2406 BRON HOLLY DR,"3, ZONE",452N,77018,CLOSED,2022-10-25,06:13 PM
191570,Tree Trim,2022-10-25 06:57 PM,Tree Trim Inspection,TREEMAINTENANCE,"UF - JONES, CODY",4700 W OREM DR,"7, ZONE",571M,77045,CLOSED,2022-10-25,06:57 PM
191572,Tree Removal,2022-10-26 12:54 AM,Tree Removal Inspection,TREEMAINTENANCE,"UF - JONES, CODY",BISSONNET ST & EDLOE ST,"7, ZONE",492X,77005,CLOSED,2022-10-26,12:54 AM
191573,Tree Removal,2022-10-26 02:52 AM,Tree Removal Inspection,TREEMAINTENANCE,"UF - JONES, CODY",2600 WOODHEAD ST,"2, ZONE",492V,77098,CLOSED,2022-10-26,02:52 AM
191574,Tree Removal,2022-10-26 06:48 AM,Tree Removal Inspection,TREEMAINTENANCE,"UF - JONES, CODY",200 JACKSON HILL ST,"2, ZONE",492M,77007,CLOSED,2022-10-26,06:48 AM
191575,Tree Removal,2022-10-26 08:38 AM,Tree Removal Inspection,TREEMAINTENANCE,"UF - JONES, CODY",16307 QUAIL PARK DR,"7, ZONE",610C,77489,CLOSED,2022-10-26,08:38 AM
191577,Tree Removal,2022-10-26 10:18 AM,Tree Removal Inspection,TREEMAINTENANCE,"UF - JONES, CODY",12800 BRIAR FOREST DR,"2, ZONE",488L,77077,CLOSED,2022-10-26,10:18 AM
191578,Tree Removal,2022-10-26 10:53 AM,Tree Removal Inspection,TREEMAINTENANCE,"UF - JONES, CODY",6333 SAN FELIPE ST,"2, ZONE",491N,77057,CLOSED,2022-10-26,10:53 AM
191579,Tree Removal,2022-10-26 10:55 AM,Tree Removal Inspection,TREEMAINTENANCE,"UF - JONES, CODY",1735 NORFOLK ST,"2, ZONE",492Z,77098,CLOSED,2022-10-26,10:55 AM
191580,Tree Removal,2022-10-26 10:55 AM,Tree Removal Inspection,TREEMAINTENANCE,"UF - BHATTARAI, NIMESH",6410 UPSHAW DR,"4, ZONE",375W,77396,CLOSED,2022-10-26,10:55 AM
191581,Tree Removal,2022-10-26 10:56 AM,Tree Removal Inspection,TREEMAINTENANCE,"UF - BHATTARAI, NIMESH",548 WESTSHIRE DR,"4, ZONE",496E,77013,CLOSED,2022-10-26,10:56 AM
191582,Tree Trim,2022-10-26 11:19 AM,Tree Trim Inspection,TREEMAINTENANCE,"UF - JONES, CODY",1316 STORY ST,"3, ZONE",451Y,77055,CLOSED,2022-10-26,11:19 AM
191586,Tree Removal,2022-10-26 12:14 PM,Tree Removal Inspection,TREEMAINTENANCE,"UF - JONES, CODY",7902 LANGDON LN,"2, ZONE",530K,77036,CLOSED,2022-10-26,12:14 PM
191587,Tree Removal,2022-10-26 12:27 PM,Tree Removal Inspection,TREEMAINTENANCE,"UF - BHATTARAI, NIMESH",7950 BELLFORT ST,"6, ZONE",535U,77061,CLOSED,2022-10-26,12:27 PM
191588,Tree Removal,2022-10-26 12:39 PM,Tree Removal Inspection,TREEMAINTENANCE,"UF - BHATTARAI, NIMESH",5742 GLENHURST DR,"6, ZONE",534W,77033,CLOSED,2022-10-26,12:39 PM
191589,Tree Removal,2022-10-26 12:54 PM,Tree Removal Inspection,TREEMAINTENANCE,"UF - BHATTARAI, NIMESH",8407 HOWARD DR,"5, ZONE",535R,77017,CLOSED,2022-10-26,12:54 PM
191592,Tree Trim,2022-10-26 02:43 PM,Tree Trim Inspection,TREEMAINTENANCE,"UF - BHATTARAI, NIMESH",7323 KRUEGER RD,"6, ZONE",534S,77033,CLOSED,2022-10-26,02:43 PM
191593,Tree Trim,2022-10-26 03:08 PM,Tree Trim Inspection,TREEMAINTENANCE,"UF - BHATTARAI, NIMESH",8800 AIRPORT BLVD,"6, ZONE",575C,77061,CLOSED,2022-10-26,03:08 PM
191594,Tree Trim,2022-10-26 03:25 PM,Tree Trim Inspection,TREEMAINTENANCE,"UF - ERICKSON, IAN",8616 WETHERILL ST,"4, ZONE",454E,77093,CLOSED,2022-10-26,03:25 PM
191595,Tree Trim,2022-10-26 03:41 PM,Tree Trim Inspection,TREEMAINTENANCE,"UF - JONES, CODY",10514 ADAMSBOROUGH DR,"2, ZONE",529U,77099,CLOSED,2022-10-26,03:41 PM
191596,Tree Removal,2022-10-26 04:26 PM,Tree Removal Inspection,TREEMAINTENANCE,"UF - JONES, CODY",2336 ELLA BLVD,"3, ZONE",452T,77008,CLOSED,2022-10-26,04:26 PM
191597,Tree Removal,2022-10-26 04:50 PM,Tree Removal Inspection,TREEMAINTENANCE,"UF - JONES, CODY",2309 QUENBY ST,"7, ZONE",532C,77005,CLOSED,2022-10-26,04:50 PM
191598,Tree Trim,2022-10-26 05:03 PM,Tree Trim Inspection,TREEMAINTENANCE,"UF - JONES, CODY",6346 ACORN FOREST DR,"3, ZONE",411T,77088,CLOSED,2022-10-26,05:03 PM
191599,Tree Trim,2022-10-26 05:03 PM,Tree Trim Inspection,TREEMAINTENANCE,"UF - JONES, CODY",4400 BOONE RD,"2, ZONE",529F,77072,CLOSED,2022-10-26,05:03 PM
191600,Tree Trim,2022-10-26 05:07 PM,Tree Trim Inspection,TREEMAINTENANCE,"UF - JONES, CODY",5430 W 43RD ST,"3, ZONE",451G,77092,CLOSED,2022-10-26,05:07 PM
191601,Tree Trim,2022-10-26 05:36 PM,Tree Trim Inspection,TREEMAINTENANCE,"UF - JONES, CODY",11210 WESTPARK DR,"2, ZONE",529C,77042,CLOSED,2022-10-26,05:36 PM
191602,Tree Trim,2022-10-26 05:41 PM,Tree Trim Inspection,TREEMAINTENANCE,"UF - JONES, CODY",16665 SPACE CENTER BLVD,"5, ZONE",618M,77058,CLOSED,2022-10-26,05:41 PM
191603,Tree Removal,2022-10-26 06:02 PM,Tree Removal Inspection,TREEMAINTENANCE,"UF - JONES, CODY",1500 OLD SPANISH TRL,"7, ZONE",532M,77054,CLOSED,2022-10-26,06:02 PM
191604,Tree Removal,2022-10-26 06:27 PM,Tree Removal Inspection,TREEMAINTENANCE,"UF - JONES, CODY",3411 MOUNT VERNON ST,"2, ZONE",493S,77006,CLOSED,2022-10-26,06:27 PM
191605,Tree Trim,2022-10-26 08:01 PM,Tree Trim Inspection,TREEMAINTENANCE,"UF - BHATTARAI, NIMESH",7900 GLOVER ST,"5, ZONE",535K,77012,CLOSED,2022-10-26,08:01 PM
191606,Tree Trim,2022-10-27 03:25 AM,Tree Trim Inspection,TREEMAINTENANCE,"UF - JONES, CODY",8215 WATEKA CIR,"7, ZONE",530P,77074,CLOSED,2022-10-27,03:25 AM
191607,Tree Removal,2022-10-27 06:50 AM,Tree Removal Inspection,TREEMAINTENANCE,"UF - BHATTARAI, NIMESH",10601 FLEMING DR,"4, ZONE",496E,77013,CLOSED,2022-10-27,06:50 AM
191608,Tree Removal,2022-10-27 07:10 AM,Tree Removal Inspection,TREEMAINTENANCE,"UF - BHATTARAI, NIMESH",8800 LAWNDALE ST,"5, ZONE",535G,77012,CLOSED,2022-10-27,07:10 AM
191609,Tree Trim,2022-10-27 08:03 AM,Tree Trim Inspection,TREEMAINTENANCE,"UF - JONES, CODY",5651 CHEVY CHASE DR,"2, ZONE",491T,77056,CLOSED,2022-10-27,08:03 AM
191610,Tree Removal,2022-10-27 08:53 AM,Tree Removal Inspection,TREEMAINTENANCE,"UF - GHIMIRE, GOPAL",10827 BRAES BEND DR,"7, ZONE",530X,77071,CLOSED,2022-10-27,08:53 AM
191611,Tree Code Violation,2022-10-27 09:16 AM,Tree Code Violation Inspection,TREEPROTECTION,"UF - POLOVTSEV, SERA",6230 ELLA LEE LN,"2, ZONE",491S,77057,CLOSED,2022-10-27,09:16 AM
191612,Tree Trim,2022-10-27 09:41 AM,Tree Trim Inspection,TREEMAINTENANCE,"UF - JONES, CODY",5500 N BRAESWOOD BLVD,"7, ZONE",531T,77096,CLOSED,2022-10-27,09:41 AM
191613,Tree Trim,2022-10-27 09:43 AM,Tree Trim Inspection,TREEMAINTENANCE,"UF - BHATTARAI, NIMESH",6746 CROSSWELL ST,"6, ZONE",574C,77087,CLOSED,2022-10-27,09:43 AM
191614,Tree Removal,2022-10-27 10:02 AM,Tree Removal Inspection,TREEMAINTENANCE,"UF - JONES, CODY",2040 GOLDSMITH ST,"7, ZONE",532H,77030,CLOSED,2022-10-27,10:02 AM
191615,Tree Trim,2022-10-27 10:21 AM,Tree Trim Inspection,TREEMAINTENANCE,"UF - JONES, CODY",1205 YALE ST,"3, ZONE",452Z,77008,CLOSED,2022-10-27,10:21 AM
191617,Tree Trim,2022-10-27 10:44 AM,Tree Trim Inspection,TREEMAINTENANCE,"UF - JONES, CODY",4668 BEECHNUT ST,"7, ZONE",531R,77096,CLOSED,2022-10-27,10:44 AM
191620,Tree Removal,2022-10-27 11:42 AM,Tree Removal Inspection,TREEMAINTENANCE,"UF - JONES, CODY",1438 CHIPPENDALE RD,"3, ZONE",452J,77018,CLOSED,2022-10-27,11:42 AM
191621,Tree Removal,2022-10-27 12:37 PM,Tree Removal Inspection,TREEMAINTENANCE,"UF - GHIMIRE, GOPAL",918 PEACH SPRING DR,"3, ZONE",412L,77088,CLOSED,2022-10-27,12:37 PM
191622,Tree Stump Grinding,2022-10-27 12:40 PM,Tree Stump Inspection,TREEMAINTENANCE,"UF - JONES, CODY",4326 KINGFISHER DR,"7, ZONE",531Z,77035,CLOSED,2022-10-27,12:40 PM
191623,Tree Trim,2022-10-27 01:49 PM,Tree Trim Inspection,TREEMAINTENANCE,"UF - BHATTARAI, NIMESH",15800 CAVENDISH DR,"5, ZONE",578Y,77059,CLOSED,2022-10-27,01:49 PM
191624,Tree Removal,2022-10-27 02:22 PM,Tree Removal Inspection,TREEMAINTENANCE,"UF - BHATTARAI, NIMESH",3114 DENNIS ST,"6, ZONE",493Z,77004,CLOSED,2022-10-27,02:22 PM
191626,Tree Removal,2022-10-27 02:58 PM,Tree Removal Inspection,TREEMAINTENANCE,"UF - BHATTARAI, NIMESH",8320 W AIRPORT BLVD,"7, ZONE",570F,77071,CLOSED,2022-10-27,02:58 PM
191627,Tree Removal,2022-10-27 03:25 PM,Tree Removal Inspection,TREEMAINTENANCE,"UF - GHIMIRE, GOPAL",5109 LARKIN ST,"3, ZONE",492G,77007,CLOSED,2022-10-27,03:25 PM
191628,Tree Trim,2022-10-27 04:07 PM,Tree Trim Inspection,TREEMAINTENANCE,"UF - JONES, CODY",500 EL DORADO BLVD,"5, ZONE",618N,77598,CLOSED,2022-10-27,04:07 PM
191629,Tree Removal,2022-10-27 04:47 PM,Tree Removal Inspection,TREEMAINTENANCE,"UF - BHATTARAI, NIMESH",2214 SUL ROSS ST,"2, ZONE",492U,77098,CLOSED,2022-10-27,04:47 PM
191630,Tree Removal,2022-10-27 05:38 PM,Tree Removal Inspection,TREEMAINTENANCE,"UF - GHIMIRE, GOPAL",9000 FONDREN RD,"7, ZONE",530Q,77074,CLOSED,2022-10-27,05:38 PM
191634,Tree Trim,2022-10-28 07:51 AM,Tree Trim Inspection,TREEMAINTENANCE,"UF - BHATTARAI, NIMESH",3501 SOUTHMORE BLVD,"6, ZONE",533D,77004,CLOSED,2022-10-28,07:51 AM
191635,Tree Removal,2022-10-28 09:10 AM,Tree Removal Inspection,TREEMAINTENANCE,"UF - POLOVTSEV, SERA",2800 W LITTLE YORK RD,"3, ZONE",411Z,77088,CLOSED,2022-10-28,09:10 AM
191636,Tree Removal,2022-10-28 09:28 AM,Tree Removal Inspection,TREEMAINTENANCE,"UF - BHATTARAI, NIMESH",1723 SHANNON VALLEY DR,"2, ZONE",488R,77077,CLOSED,2022-10-28,09:28 AM
191639,Tree Removal,2022-10-28 09:46 AM,Tree Removal Inspection,TREEMAINTENANCE,"UF - BHATTARAI, NIMESH",4726 SUNBEAM ST,"6, ZONE",573D,77033,CLOSED,2022-10-28,09:46 AM
191641,Tree Trim,2022-10-28 10:15 AM,Tree Trim Inspection,TREEMAINTENANCE,"UF - BHATTARAI, NIMESH",11727 FLUSHING MEADOWS DR,"6, ZONE",616D,77089,CLOSED,2022-10-28,10:15 AM
191643,Tree Trim,2022-10-28 10:34 AM,Tree Trim Inspection,TREEMAINTENANCE,"UF - JONES, CODY",1703 HADLEY ST,"2, ZONE",493U,77003,CLOSED,2022-10-28,10:34 AM
191644,Tree Trim,2022-10-28 10:39 AM,Tree Trim Inspection,TREEMAINTENANCE,"UF - BHATTARAI, NIMESH",2712 ST EMANUEL ST,"6, ZONE",493U,77004,CLOSED,2022-10-28,10:39 AM
191646,Tree Trim,2022-10-28 11:23 AM,Tree Trim Inspection,TREEMAINTENANCE,"UF - JONES, CODY",8100 MAIN ST,"7, ZONE",532L,77025,CLOSED,2022-10-28,11:23 AM
191647,Tree Trim,2022-10-28 11:29 AM,Tree Trim Inspection,TREEMAINTENANCE,"UF - JONES, CODY",16719 LONE QUAIL CT,"7, ZONE",610C,77489,CLOSED,2022-10-28,11:29 AM
191648,Tree Removal,2022-10-28 11:56 AM,Tree Removal Inspection,TREEMAINTENANCE,"UF - JONES, CODY",301 BROADHURST DR,"7, ZONE",572Y,77047,CLOSED,2022-10-28,11:56 AM
191649,Tree Removal,2022-10-28 12:13 PM,Tree Removal Inspection,TREEMAINTENANCE,"UF - ERICKSON, IAN",12503 MYLLA ST,"5, ZONE",496L,77015,CLOSED,2022-10-28,12:13 PM
191650,Tree Trim,2022-10-28 12:29 PM,Tree Trim Inspection,TREEMAINTENANCE,"UF - BHATTARAI, NIMESH",7930 JUTLAND RD,"6, ZONE",533Z,77033,CLOSED,2022-10-28,12:29 PM
191651,Tree Removal,2022-10-28 12:59 PM,Tree Removal Inspection,TREEMAINTENANCE,"UF - BHATTARAI, NIMESH",8202 HARTFORD ST,"5, ZONE",535P,77017,CLOSED,2022-10-28,12:59 PM
191652,Tree Removal,2022-10-28 01:13 PM,Tree Removal Inspection,TREEMAINTENANCE,"UF - GHIMIRE, GOPAL",315 N WILCREST DR,"2, ZONE",489F,77079,CLOSED,2022-10-28,01:13 PM
191653,Tree Removal,2022-10-28 01:49 PM,Tree Removal Inspection,TREEMAINTENANCE,"UF - GHIMIRE, GOPAL",8888 W BELLFORT AVE,"7, ZONE",570B,77031,CLOSED,2022-10-28,01:49 PM
191654,Tree Removal,2022-10-28 01:54 PM,Tree Removal Inspection,TREEMAINTENANCE,"UF - BHATTARAI, NIMESH",866 VOYAGER DR,"5, ZONE",618P,77062,CLOSED,2022-10-28,01:54 PM
191655,Tree Trim,2022-10-28 01:54 PM,Tree Trim Inspection,TREEMAINTENANCE,"UF - ERICKSON, IAN",7807 KING ST,"4, ZONE",455P,77028,CLOSED,2022-10-28,01:54 PM
191656,Tree Trim,2022-10-28 02:00 PM,Tree Trim Inspection,TREEMAINTENANCE,"UF - BHATTARAI, NIMESH",3630 NATHANIEL BROWN ST,"6, ZONE",533Q,77021,CLOSED,2022-10-28,02:00 PM
191657,Tree Removal,2022-10-28 02:10 PM,Tree Removal Inspection,TREEMAINTENANCE,"UF - JONES, CODY",11418 HILLCROFT AVE,"7, ZONE",571A,77035,CLOSED,2022-10-28,02:10 PM
191658,Tree Trim,2022-10-28 02:42 PM,Tree Trim Inspection,TREEMAINTENANCE,"UF - JONES, CODY",7600 KNIGHT RD,"7, ZONE",532M,77054,CLOSED,2022-10-28,02:42 PM
191659,Tree Removal,2022-10-28 02:43 PM,Tree Removal Inspection,TREEMAINTENANCE,"UF - JONES, CODY",2314 W MAIN ST,"2, ZONE",492U,77098,CLOSED,2022-10-28,02:43 PM
191660,Tree Trim,2022-10-28 03:21 PM,Tree Trim Inspection,TREEMAINTENANCE,"UF - BHATTARAI, NIMESH",11315 SAGEWOOD DR,"6, ZONE",576Z,77089,CLOSED,2022-10-28,03:21 PM
191661,Tree Removal,2022-10-28 04:08 PM,Tree Removal Inspection,TREEMAINTENANCE,"UF - POLOVTSEV, SERA",1115 DOROTHY ST,"3, ZONE",452Z,77008,CLOSED,2022-10-28,04:08 PM
191662,Tree Removal,2022-10-28 04:53 PM,Tree Removal Inspection,TREEMAINTENANCE,"UF - JONES, CODY",510 E 42ND ST,"3, ZONE",453J,77022,CLOSED,2022-10-28,04:53 PM
191663,Tree Removal,2022-10-28 05:05 PM,Tree Removal Inspection,TREEMAINTENANCE,"UF - BHATTARAI, NIMESH",121 KOLB RD,"5, ZONE",536X,77017,CLOSED,2022-10-28,05:05 PM
191664,Tree Removal,2022-10-28 05:29 PM,Tree Removal Inspection,TREEMAINTENANCE,"UF - GHIMIRE, GOPAL",4550 FALLEN OAKS DR,"3, ZONE",451D,77091,CLOSED,2022-10-28,05:29 PM
191665,Tree Removal,2022-10-28 05:29 PM,Tree Removal Inspection,TREEMAINTENANCE,"UF - JONES, CODY",2815 ASHWOOD ST,"7, ZONE",532Q,77025,CLOSED,2022-10-28,05:29 PM
191666,Tree Removal,2022-10-28 05:32 PM,Tree Removal Inspection,TREEMAINTENANCE,"UF - JONES, CODY",16307 QUAIL PARK DR,"7, ZONE",610C,77489,CLOSED,2022-10-28,05:32 PM
191667,Tree Trim,2022-10-28 05:35 PM,Tree Trim Inspection,TREEMAINTENANCE,"UF - JONES, CODY",8923 S RICE AVE,"7, ZONE",531Q,77096,CLOSED,2022-10-28,05:35 PM
191668,Tree Removal,2022-10-28 05:35 PM,Tree Removal Inspection,TREEMAINTENANCE,"UF - GHIMIRE, GOPAL",1000 W 12TH ST,"3, ZONE",452Z,77008,CLOSED,2022-10-28,05:35 PM
191669,Tree Trim,2022-10-28 05:36 PM,Tree Trim Inspection,TREEMAINTENANCE,"UF - GHIMIRE, GOPAL",5115 ALLUM RD,"7, ZONE",571G,77045,CLOSED,2022-10-28,05:36 PM
191670,Tree Removal,2022-10-28 05:38 PM,Tree Removal Inspection,TREEMAINTENANCE,"UF - GHIMIRE, GOPAL",5608 PETTY ST,"3, ZONE",492C,77007,CLOSED,2022-10-28,05:38 PM
191671,Tree Removal,2022-10-28 05:39 PM,Tree Removal Inspection,TREEMAINTENANCE,"UF - CASTILLO, ALEJANDRO","6200 Hermann Park Dr,  Houston,  Texas,  77030 (Houston Zoo)","7, ZONE",533A,77030,CLOSED,2022-10-28,05:39 PM
191672,Tree Removal,2022-10-28 06:30 PM,Tree Removal Inspection,TREEMAINTENANCE,"UF - JONES, CODY",13100 FALLSVIEW LN,"2, ZONE",488Q,77077,CLOSED,2022-10-28,06:30 PM
191673,Tree Removal,2022-10-28 06:38 PM,Tree Removal Inspection,TREEMAINTENANCE,"UF - JONES, CODY",6131 BURGOYNE RD,"2, ZONE",491S,77057,CLOSED,2022-10-28,06:38 PM
191674,Tree Removal,2022-10-28 08:21 PM,Tree Removal Inspection,TREEMAINTENANCE,"UF - POLOVTSEV, SERA",1602 ENCLAVE PKWY,"2, ZONE",488Q,77077,CLOSED,2022-10-28,08:21 PM
191675,Tree Trim,2022-10-29 12:16 PM,Tree Trim Inspection,TREEMAINTENANCE,"UF - GHIMIRE, GOPAL",802 SANDMAN ST,"2, ZONE",492G,77007,CLOSED,2022-10-29,12:16 PM
191676,Tree Removal,2022-10-29 01:17 PM,Tree Removal Inspection,TREEMAINTENANCE,"UF - ERICKSON, IAN",4710 ROBERTSON ST,"4, ZONE",453V,77009,CLOSED,2022-10-29,01:17 PM
191677,Tree Removal,2022-10-29 01:24 PM,Tree Removal Inspection,TREEMAINTENANCE,"UF - ERICKSON, IAN",4701 ROBERTSON ST,"4, ZONE",453V,77009,CLOSED,2022-10-29,01:24 PM
191678,Tree Trim,2022-10-29 04:58 PM,Tree Trim Inspection,TREEMAINTENANCE,"UF - JONES, CODY",418 EL DORADO BLVD,"5, ZONE",618N,77598,CLOSED,2022-10-29,04:58 PM
191679,Tree Trim,2022-10-29 06:04 PM,Tree Trim Inspection,TREEMAINTENANCE,"UF - GHIMIRE, GOPAL",9200 FONDREN RD,"7, ZONE",530U,77074,CLOSED,2022-10-29,06:04 PM
191680,Tree Removal,2022-10-29 06:58 PM,Tree Removal Inspection,TREEMAINTENANCE,"UF - POLOVTSEV, SERA",915 WALL ST,"3, ZONE",412U,77088,CLOSED,2022-10-29,06:58 PM
191681,Tree Removal,2022-10-29 08:18 PM,Tree Removal Inspection,TREEMAINTENANCE,"UF - GHIMIRE, GOPAL",7700 CREEKBEND DR,"7, ZONE",530Y,77071,CLOSED,2022-10-29,08:18 PM
191682,Tree Removal,2022-10-29 10:31 PM,Tree Removal Inspection,TREEMAINTENANCE,"UF - JONES, CODY",4057 LAW ST,"7, ZONE",492W,77005,CLOSED,2022-10-29,10:31 PM
191683,Tree Removal,2022-10-30 11:55 AM,Tree Removal Inspection,TREEMAINTENANCE,"UF - JONES, CODY",6236 LOCKE LN,"2, ZONE",491S,77057,CLOSED,2022-10-30,11:55 AM
191684,Tree Removal,2022-10-30 02:14 PM,Tree Removal Inspection,TREEMAINTENANCE,"UF - JONES, CODY",CLAY RD & BRITTMOORE RD,"3, ZONE",449G,77043,CLOSED,2022-10-30,02:14 PM
191685,Tree Trim,2022-10-30 02:14 PM,Tree Trim Inspection,TREEMAINTENANCE,"UF - POLOVTSEV, SERA",PRAIRIE ST & MEMORIAL DR,"1, ZONE",493L,77002,CLOSED,2022-10-30,02:14 PM
191686,Tree Trim,2022-10-30 05:00 PM,Tree Trim Inspection,TREEMAINTENANCE,"UF - POLOVTSEV, SERA",902 N WILCREST DR,"2, ZONE",489B,77079,CLOSED,2022-10-30,05:00 PM
191687,Tree Removal,2022-10-31 08:23 AM,Tree Removal Inspection,TREEMAINTENANCE,"UF - ERICKSON, IAN",140 KEEL RD,"4, ZONE",453B,77076,CLOSED,2022-10-31,08:23 AM
191688,Tree Trim,2022-10-31 09:09 AM,Tree Trim Inspection,TREEMAINTENANCE,"UF - BHATTARAI, NIMESH",7141 NARCISSUS ST,"5, ZONE",535E,77087,CLOSED,2022-10-31,09:09 AM
191689,Tree Trim,2022-10-31 09:20 AM,Tree Trim Inspection,TREEMAINTENANCE,"UF - JONES, CODY",8800 PONTIAC DR,"7, ZONE",531N,77096,CLOSED,2022-10-31,09:20 AM
191690,Tree Removal,2022-10-31 09:32 AM,Tree Removal Inspection,TREEMAINTENANCE,"UF - JONES, CODY",2238 DRYDEN RD,"7, ZONE",532G,77030,CLOSED,2022-10-31,09:32 AM
191691,Tree Trim,2022-10-31 09:32 AM,Tree Trim Inspection,TREEMAINTENANCE,"UF - BHATTARAI, NIMESH",11710 FLUSHING MEADOWS DR,"6, ZONE",616D,77089,CLOSED,2022-10-31,09:32 AM
191692,Tree Trim,2022-10-31 09:50 AM,Tree Trim Inspection,TREEMAINTENANCE,"UF - BHATTARAI, NIMESH",6910 LA SALETTE ST,"6, ZONE",533Q,77021,CLOSED,2022-10-31,09:50 AM
191693,Tree Trim,2022-10-31 10:02 AM,Tree Trim Inspection,TREEMAINTENANCE,"UF - JONES, CODY",5012 MORNINGSIDE DR,"7, ZONE",532C,77005,CLOSED,2022-10-31,10:02 AM
191694,Tree Removal,2022-10-31 10:11 AM,Tree Removal Inspection,TREEMAINTENANCE,"UF - JONES, CODY",1828 BISSONNET ST,"7, ZONE",492Z,77098,CLOSED,2022-10-31,10:11 AM
191695,Tree Removal,2022-10-31 10:20 AM,Tree Removal Inspection,TREEMAINTENANCE,"UF - JONES, CODY",3711 DRUMMOND ST,"7, ZONE",532J,77025,CLOSED,2022-10-31,10:20 AM
191696,Tree Trim,2022-10-31 11:46 AM,Tree Trim Inspection,TREEMAINTENANCE,"UF - BHATTARAI, NIMESH",5207 KELSO ST,"6, ZONE",534N,77021,CLOSED,2022-10-31,11:46 AM
191697,Tree Trim,2022-10-31 11:51 AM,Tree Trim Inspection,TREEMAINTENANCE,"UF - ERICKSON, IAN",811 E 24TH ST,"3, ZONE",453S,77009,CLOSED,2022-10-31,11:51 AM
191698,Tree Trim,2022-10-31 12:40 PM,Tree Trim Inspection,TREEMAINTENANCE,"UF - JONES, CODY",10807 OASIS DR,"7, ZONE",531X,77096,CLOSED,2022-10-31,12:40 PM
191699,Tree Removal,2022-10-31 12:54 PM,Tree Removal Inspection,TREEMAINTENANCE,"UF - JONES, CODY",27 W OAK DR,"2, ZONE",491L,77056,CLOSED,2022-10-31,12:54 PM
191700,Tree Trim,2022-10-31 01:30 PM,Tree Trim Inspection,TREEMAINTENANCE,"UF - BHATTARAI, NIMESH",10600 FOY LN,"4, ZONE",414W,77093,CLOSED,2022-10-31,01:30 PM
191701,Tree Trim,2022-10-31 01:31 PM,Tree Trim Inspection,TREEMAINTENANCE,"UF - ERICKSON, IAN",PINEVIEW DR & WOODVALE ST,"5, ZONE",495W,77012,CLOSED,2022-10-31,01:31 PM
191703,Tree Removal,2022-10-31 04:40 PM,Tree Removal Inspection,TREEMAINTENANCE,"UF - GHIMIRE, GOPAL",7603 HOLLOW GLEN LN,"2, ZONE",528M,77072,CLOSED,2022-10-31,04:40 PM
191704,Tree Trim,2022-10-31 04:51 PM,Tree Trim Inspection,TREEMAINTENANCE,"UF - JONES, CODY",6522 COHN ST,"3, ZONE",412Y,77091,CLOSED,2022-10-31,04:51 PM
191705,Tree Removal,2022-10-31 04:55 PM,Tree Removal Inspection,TREEMAINTENANCE,"UF - JONES, CODY",1305 KIPLING ST,"2, ZONE",493S,77006,CLOSED,2022-10-31,04:55 PM
191706,Tree Trim,2022-10-31 06:03 PM,Tree Trim Inspection,TREEMAINTENANCE,"UF - JONES, CODY",5602 EAGLE LNDG,"7, ZONE",571L,77085,CLOSED,2022-10-31,06:03 PM
191707,Tree Trim,2022-11-01 01:41 AM,Tree Trim Inspection,TREEMAINTENANCE,"UF - GHIMIRE, GOPAL",13310 INDIAN CREEK RD,"2, ZONE",489F,77079,CLOSED,2022-11-01,01:41 AM
191708,Tree Trim,2022-11-01 02:21 AM,Tree Trim Inspection,TREEMAINTENANCE,"UF - JONES, CODY",6237 LOCKE LN,"2, ZONE",491S,77057,CLOSED,2022-11-01,02:21 AM
191709,Tree Trim,2022-11-01 09:06 AM,Tree Trim Inspection,TREEMAINTENANCE,"UF - JONES, CODY",5591 RICHMOND AVE,"2, ZONE",491X,77056,CLOSED,2022-11-01,09:06 AM
191710,Tree Trim,2022-11-01 09:21 AM,Tree Trim Inspection,TREEMAINTENANCE,"UF - JONES, CODY",5649 PIPING ROCK LN,"2, ZONE",491T,77056,CLOSED,2022-11-01,09:21 AM
191711,Tree Trim,2022-11-01 09:57 AM,Tree Trim Inspection,TREEMAINTENANCE,"UF - JONES, CODY",4744 MONTROSE BLVD,"7, ZONE",493W,77006,CLOSED,2022-11-01,09:57 AM
191712,Tree Trim,2022-11-01 10:04 AM,Tree Trim Inspection,TREEMAINTENANCE,"UF - JONES, CODY",1117 BERTHEA ST,"7, ZONE",493W,77006,CLOSED,2022-11-01,10:04 AM
191713,Tree Trim,2022-11-01 10:18 AM,Tree Trim Inspection,TREEMAINTENANCE,"UF - JONES, CODY",866 VOYAGER DR,"5, ZONE",618P,77062,CLOSED,2022-11-01,10:18 AM
191715,Tree Removal,2022-11-01 01:14 PM,Tree Removal Inspection,TREEMAINTENANCE,"UF - GHIMIRE, GOPAL",2125 ROY ST,"3, ZONE",492G,77007,CLOSED,2022-11-01,01:14 PM
191716,Tree Removal,2022-11-01 01:18 PM,Tree Removal Inspection,TREEMAINTENANCE,"UF - ERICKSON, IAN",311 S 78TH ST,"5, ZONE",495W,77012,CLOSED,2022-11-01,01:18 PM
191719,Tree Removal,2022-11-01 02:23 PM,Tree Removal Inspection,TREEMAINTENANCE,"UF - JONES, CODY",6746 CROSSWELL ST,"6, ZONE",574C,77087,CLOSED,2022-11-01,02:23 PM
191722,Tree Removal,2022-11-01 02:36 PM,Tree Removal Inspection,TREEMAINTENANCE,"UF - JONES, CODY",839 SILVERGATE DR,"2, ZONE",488F,77079,CLOSED,2022-11-01,02:36 PM
191723,Tree Removal,2022-11-01 02:39 PM,Tree Removal Inspection,TREEMAINTENANCE,"UF - JONES, CODY",12939 SOUTHBRIDGE RD,"6, ZONE",573Q,77047,CLOSED,2022-11-01,02:39 PM
191724,Tree Removal,2022-11-01 03:10 PM,Tree Removal Inspection,TREEMAINTENANCE,"UF - JONES, CODY",11202 CARIBBEAN LN,"6, ZONE",576W,77089,CLOSED,2022-11-01,03:10 PM
191725,Tree Removal,2022-11-01 03:44 PM,Tree Removal Inspection,TREEMAINTENANCE,"UF - BHATTARAI, NIMESH",5310 KENILWOOD DR,"6, ZONE",534S,77033,CLOSED,2022-11-01,03:44 PM
191726,Tree Removal,2022-11-01 03:53 PM,Tree Removal Inspection,TREEMAINTENANCE,"UF - POLOVTSEV, SERA",9635 SPRINGVIEW LN,"3, ZONE",450K,77080,CLOSED,2022-11-01,03:53 PM
191727,Tree Removal,2022-11-01 03:56 PM,Tree Removal Inspection,TREEMAINTENANCE,"UF - JONES, CODY",8200 PARK PLACE BLVD (CHARLTON PARK),"5, ZONE",535P,77017,CLOSED,2022-11-01,03:56 PM
191728,Tree Trim,2022-11-01 08:24 PM,Tree Trim Inspection,TREEMAINTENANCE,"UF - GHIMIRE, GOPAL",5500 W 43RD ST,"3, ZONE",451G,77092,CLOSED,2022-11-01,08:24 PM
191729,Tree Removal,2022-11-02 07:50 AM,Tree Removal Inspection,TREEMAINTENANCE,"UF - BHATTARAI, NIMESH",10513 MURR WAY,"6, ZONE",573H,77048,CLOSED,2022-11-02,07:50 AM
191733,Tree Removal,2022-11-02 10:45 AM,Tree Removal Inspection,TREEMAINTENANCE,"UF - JONES, CODY",1510 NORTH BLVD,"7, ZONE",492Z,77006,CLOSED,2022-11-02,10:45 AM
191735,Tree Trim,2022-11-02 11:13 AM,Tree Trim Inspection,TREEMAINTENANCE,"UF - JONES, CODY",12203 FAIRBURY DR,"6, ZONE",617A,77089,CLOSED,2022-11-02,11:13 AM
191736,Tree Removal,2022-11-02 11:16 AM,Tree Removal Inspection,TREEMAINTENANCE,"UF - JONES, CODY",3230 DE SOTO ST,"3, ZONE",411Z,77091,CLOSED,2022-11-02,11:16 AM
191737,Tree Removal,2022-11-02 11:46 AM,Tree Removal Inspection,TREEMAINTENANCE,"UF - JONES, CODY",1609 CALIFORNIA ST,"2, ZONE",493S,77006,CLOSED,2022-11-02,11:46 AM
191738,Tree Stump Grinding,2022-11-02 12:17 PM,Tree Stump Inspection,TREEMAINTENANCE,"UF - JONES, CODY",12307 SHELWICK DR,"7, ZONE",570A,77031,CLOSED,2022-11-02,12:17 PM
191740,Tree Removal,2022-11-02 12:41 PM,Tree Removal Inspection,TREEMAINTENANCE,"UF - JONES, CODY",317 W PIERCE ST,"2, ZONE",493N,77019,CLOSED,2022-11-02,12:41 PM
191741,Tree Removal,2022-11-02 01:41 PM,Tree Removal Inspection,TREEMAINTENANCE,"UF - JONES, CODY",12907 BOHEME DR,"2, ZONE",489G,77079,CLOSED,2022-11-02,01:41 PM
191742,Tree Removal,2022-11-02 01:45 PM,Tree Removal Inspection,TREEMAINTENANCE,"UF - GHIMIRE, GOPAL",1542 NICHOLSON ST,"3, ZONE",452Z,77008,CLOSED,2022-11-02,01:45 PM
191743,Tree Removal,2022-11-02 02:08 PM,Tree Removal Inspection,TREEMAINTENANCE,"UF - BHATTARAI, NIMESH",3111 GROTON DR,"6, ZONE",573F,77051,CLOSED,2022-11-02,02:08 PM
191744,Tree Removal,2022-11-02 02:24 PM,Tree Removal Inspection,TREEMAINTENANCE,"UF - ERICKSON, IAN",1502 70TH ST,"5, ZONE",494V,77011,CLOSED,2022-11-02,02:24 PM
191746,Tree Trim,2022-11-02 03:02 PM,Tree Trim Inspection,TREEMAINTENANCE,"UF - JONES, CODY",14007 BRIAR HEATH DR,"2, ZONE",488K,77077,CLOSED,2022-11-02,03:02 PM
191747,Tree Removal,2022-11-02 03:06 PM,Tree Removal Inspection,TREEMAINTENANCE,"UF - JONES, CODY",5801 WOODWAY DR,"2, ZONE",491K,77057,CLOSED,2022-11-02,03:06 PM
191748,Tree Removal,2022-11-02 03:09 PM,Tree Removal Inspection,TREEMAINTENANCE,"UF - BHATTARAI, NIMESH",1109 S LOOP FWY W,"7, ZONE",533S,77054,CLOSED,2022-11-02,03:09 PM
191749,Tree Removal,2022-11-02 05:16 PM,Tree Removal Inspection,TREEMAINTENANCE,"UF - JONES, CODY",7700 LAWN ST,"3, ZONE",412U,77088,CLOSED,2022-11-02,05:16 PM
191750,Tree Removal,2022-11-02 10:36 PM,Tree Removal Inspection,TREEMAINTENANCE,"UF - BHATTARAI, NIMESH",7302 KELLER ST,"5, ZONE",535E,77012,CLOSED,2022-11-02,10:36 PM
191752,Tree Trim,2022-11-03 08:11 AM,Tree Trim Inspection,TREEMAINTENANCE,"UF - JONES, CODY",3458 ANGEL LN,"7, ZONE",572F,77045,CLOSED,2022-11-03,08:11 AM
191753,Tree Removal,2022-11-03 08:12 AM,Tree Removal Inspection,TREEMAINTENANCE,"UF - JONES, CODY",2231 DRYDEN RD,"7, ZONE",532G,77030,CLOSED,2022-11-03,08:12 AM
191757,Tree Trim,2022-11-03 08:45 AM,Tree Trim Inspection,TREEMAINTENANCE,"UF - BHATTARAI, NIMESH",7411 S SANTA FE DR,"6, ZONE",574G,77061,CLOSED,2022-11-03,08:45 AM
191759,Tree Trim,2022-11-03 10:52 AM,Tree Trim Inspection,TREEMAINTENANCE,"UF - JONES, CODY",15700 MEMORIAL DR,"2, ZONE",488B,77079,CLOSED,2022-11-03,10:52 AM
191760,Tree Removal,2022-11-03 11:04 AM,Tree Removal Inspection,TREEMAINTENANCE,"UF - BHATTARAI, NIMESH",7411 AVENUE I,"5, ZONE",495S,77011,CLOSED,2022-11-03,11:04 AM
191762,Tree Removal,2022-11-03 11:22 AM,Tree Removal Inspection,TREEMAINTENANCE,"UF - JONES, CODY",5919 BANKSIDE DR,"7, ZONE",531W,77096,CLOSED,2022-11-03,11:22 AM
191763,Tree Removal,2022-11-03 11:24 AM,Tree Removal Inspection,TREEMAINTENANCE,"UF - JONES, CODY",SIMMONS ST & VELASCO ST,"6, ZONE",493Z,77004,CLOSED,2022-11-03,11:24 AM
191765,Tree Trim,2022-11-03 11:52 AM,Tree Trim Inspection,TREEMAINTENANCE,"UF - BHATTARAI, NIMESH",5901 LANCASTER ST,"6, ZONE",534V,77087,CLOSED,2022-11-03,11:52 AM
191768,Tree Trim,2022-11-03 11:57 AM,Tree Trim Inspection,TREEMAINTENANCE,"UF - BHATTARAI, NIMESH",5100 KINGWOOD DR,"4, ZONE",337C,77345,CLOSED,2022-11-03,11:57 AM
191773,Tree Removal,2022-11-03 12:29 PM,Tree Removal Inspection,TREEMAINTENANCE,"UF - JONES, CODY",9412 GLENFIELD CT,"7, ZONE",530V,77096,CLOSED,2022-11-03,12:29 PM
191779,Tree Removal,2022-11-03 01:16 PM,Tree Removal Inspection,TREEMAINTENANCE,"UF - BHATTARAI, NIMESH",3209 FRANCIS ST,"6, ZONE",493Z,77004,CLOSED,2022-11-03,01:16 PM
191780,Tree Removal,2022-11-03 01:30 PM,Tree Removal Inspection,TREEMAINTENANCE,"UF - JONES, CODY",5311 PAISLEY ST,"7, ZONE",531T,77096,CLOSED,2022-11-03,01:30 PM
191781,Tree Trim,2022-11-03 01:35 PM,Tree Trim Inspection,TREEMAINTENANCE,"UF - BHATTARAI, NIMESH",7411 AVENUE I,"5, ZONE",495S,77011,CLOSED,2022-11-03,01:35 PM
191782,Tree Trim,2022-11-03 01:37 PM,Tree Trim Inspection,TREEMAINTENANCE,"UF - GHIMIRE, GOPAL",1220 SEAMIST DR,"3, ZONE",452W,77008,CLOSED,2022-11-03,01:37 PM
191783,Tree Removal,2022-11-03 01:41 PM,Tree Removal Inspection,TREEMAINTENANCE,"UF - JONES, CODY",3922 HAIN ST,"4, ZONE",453Y,77009,CLOSED,2022-11-03,01:41 PM
191784,Tree Removal,2022-11-03 02:08 PM,Tree Removal Inspection,TREEMAINTENANCE,"UF - JONES, CODY",709 HARVEST MOON LN,"2, ZONE",488M,77077,CLOSED,2022-11-03,02:08 PM
191785,Tree Trim,2022-11-03 02:48 PM,Tree Trim Inspection,TREEMAINTENANCE,"UF - JONES, CODY",7900 BELLAIRE BLVD,"2, ZONE",530F,77036,CLOSED,2022-11-03,02:48 PM
191786,Tree Removal,2022-11-03 03:48 PM,Tree Removal Inspection,TREEMAINTENANCE,"UF - ERICKSON, IAN",5120 POLK ST,"5, ZONE",494X,77023,CLOSED,2022-11-03,03:48 PM
191787,Tree Trim,2022-11-03 04:09 PM,Tree Trim Inspection,TREEMAINTENANCE,"UF - ERICKSON, IAN",1408 SHEFFIELD BLVD,"5, ZONE",496M,77015,CLOSED,2022-11-03,04:09 PM
191788,Tree Trim,2022-11-03 04:42 PM,Tree Trim Inspection,TREEMAINTENANCE,"UF - BHATTARAI, NIMESH",6402 HIRONDEL ST,"6, ZONE",574C,77087,CLOSED,2022-11-03,04:42 PM
191789,Tree Removal,2022-11-03 05:00 PM,Tree Removal Inspection,TREEMAINTENANCE,"UF - JONES, CODY",9416 GLENFIELD CT,"7, ZONE",530V,77096,CLOSED,2022-11-03,05:00 PM
191790,Tree Trim,2022-11-03 05:05 PM,Tree Trim Inspection,TREEMAINTENANCE,"UF - ERICKSON, IAN",9406 PEACHTREE ST,"4, ZONE",454C,77016,CLOSED,2022-11-03,05:05 PM
191791,Tree Removal,2022-11-03 05:22 PM,Tree Removal Inspection,TREEMAINTENANCE,"UF - BHATTARAI, NIMESH",5262 COSBY ST,"6, ZONE",534N,77021,CLOSED,2022-11-03,05:22 PM
191792,Tree Removal,2022-11-03 07:19 PM,Tree Removal Inspection,TREEMAINTENANCE,"UF - JONES, CODY",1618 MORSE ST,"2, ZONE",492R,77019,CLOSED,2022-11-03,07:19 PM
191793,Tree Removal,2022-11-03 08:41 PM,Tree Removal Inspection,TREEMAINTENANCE,"UF - JONES, CODY",1801 MORSE ST,"2, ZONE",492R,77019,CLOSED,2022-11-03,08:41 PM
191794,Tree Trim,2022-11-03 08:56 PM,Tree Trim Inspection,TREEMAINTENANCE,"UF - GHIMIRE, GOPAL",1447 YALE ST,"3, ZONE",452Z,77008,CLOSED,2022-11-03,08:56 PM
191802,Tree Removal,2022-11-04 09:09 AM,Tree Removal Inspection,TREEMAINTENANCE,"UF - JONES, CODY",1918 LAUDERDALE ST,"7, ZONE",533E,77030,CLOSED,2022-11-04,09:09 AM
191806,Tree Removal,2022-11-04 09:54 AM,Tree Removal Inspection,TREEMAINTENANCE,"UF - GHIMIRE, GOPAL",8207 BURNING HILLS DR,"7, ZONE",530X,77071,CLOSED,2022-11-04,09:54 AM
191808,Tree Removal,2022-11-04 11:03 AM,Tree Removal Inspection,TREEMAINTENANCE,"UF - JONES, CODY",SAGE RD,"2, ZONE",491Q,77056,CLOSED,2022-11-04,11:03 AM
191809,Tree Removal,2022-11-04 11:43 AM,Tree Removal Inspection,TREEMAINTENANCE,"UF - JONES, CODY",1614 WYCLIFFE DR,"3, ZONE",449X,77043,CLOSED,2022-11-04,11:43 AM
191811,Tree Trim,2022-11-04 12:38 PM,Tree Trim Inspection,TREEMAINTENANCE,"UF - GHIMIRE, GOPAL",300 W 20TH ST,"3, ZONE",452V,77008,CLOSED,2022-11-04,12:38 PM
191812,Tree Trim,2022-11-04 12:50 PM,Tree Trim Inspection,TREEMAINTENANCE,"UF - JONES, CODY",100 72ND ST,"5, ZONE",494Z,77011,CLOSED,2022-11-04,12:50 PM
191813,Tree Removal,2022-11-04 12:52 PM,Tree Removal Inspection,TREEMAINTENANCE,"UF - JONES, CODY",10919 BURDINE ST,"7, ZONE",531X,77096,CLOSED,2022-11-04,12:52 PM
191815,Tree Trim,2022-11-04 01:34 PM,Tree Trim Inspection,TREEMAINTENANCE,"UF - JONES, CODY",199 CHIMNEY ROCK RD,"2, ZONE",491F,77024,CLOSED,2022-11-04,01:34 PM
191816,Tree Trim,2022-11-04 02:03 PM,Tree Trim Inspection,TREEMAINTENANCE,"UF - GHIMIRE, GOPAL",5109 LARKIN ST,"3, ZONE",492G,77007,CLOSED,2022-11-04,02:03 PM
191817,Tree Removal,2022-11-04 02:25 PM,Tree Removal Inspection,TREEMAINTENANCE,"UF - BHATTARAI, NIMESH",3207 SIMMONS ST,"6, ZONE",493Z,77004,CLOSED,2022-11-04,02:25 PM
191818,Tree Trim,2022-11-04 02:31 PM,Tree Trim Inspection,TREEMAINTENANCE,"UF - JONES, CODY",4600 CLAY ST,"5, ZONE",494T,77023,CLOSED,2022-11-04,02:31 PM
191819,Tree Trim,2022-11-04 02:41 PM,Tree Trim Inspection,TREEMAINTENANCE,"UF - GHIMIRE, GOPAL",7500 COOK RD,"2, ZONE",528M,77072,CLOSED,2022-11-04,02:41 PM
191821,Tree Removal,2022-11-04 03:05 PM,Tree Removal Inspection,TREEMAINTENANCE,"UF - ERICKSON, IAN",3209 EXCHANGE ST,"4, ZONE",495A,77020,CLOSED,2022-11-04,03:05 PM
191822,Tree Trim,2022-11-04 05:04 PM,Tree Trim Inspection,TREEMAINTENANCE,"UF - GHIMIRE, GOPAL",803 JUDIWAY ST,"3, ZONE",452Q,77018,CLOSED,2022-11-04,05:04 PM
191823,Tree Removal,2022-11-04 05:51 PM,Tree Removal Inspection,TREEMAINTENANCE,"UF - JONES, CODY",7950 N STADIUM DR,"7, ZONE",532M,77030,CLOSED,2022-11-04,05:51 PM
191824,Tree Trim,2022-11-04 06:57 PM,Tree Trim Inspection,TREEMAINTENANCE,"UF - ERICKSON, IAN",2406 BROOKS ST,"4, ZONE",494E,77026,CLOSED,2022-11-04,06:57 PM
191825,Tree Removal,2022-11-05 02:04 AM,Tree Removal Inspection,TREEMAINTENANCE,"UF - JONES, CODY",10918 BURDINE ST,"7, ZONE",531X,77096,CLOSED,2022-11-05,02:04 AM
191826,Tree Removal,2022-11-05 09:28 AM,Tree Removal Inspection,TREEMAINTENANCE,"UF - JONES, CODY",1801 MORSE ST,"2, ZONE",492R,77019,CLOSED,2022-11-05,09:28 AM
191827,Tree Removal,2022-11-05 09:37 AM,Tree Removal Inspection,TREEMAINTENANCE,"UF - ERICKSON, IAN",8806 LAWNRIDGE ST,"4, ZONE",454G,77016,CLOSED,2022-11-05,09:37 AM
191828,Tree Removal,2022-11-05 09:38 AM,Tree Removal Inspection,TREEMAINTENANCE,"UF - BHATTARAI, NIMESH",5217 SCOTT ST,"6, ZONE",533H,77004,CLOSED,2022-11-05,09:38 AM
191829,Tree Removal,2022-11-05 09:46 AM,Tree Removal Inspection,TREEMAINTENANCE,"UF - JONES, CODY",11103 ENSBROOK DR,"2, ZONE",569B,77099,CLOSED,2022-11-05,09:46 AM
191830,Tree Removal,2022-11-05 10:38 AM,Tree Removal Inspection,TREEMAINTENANCE,"UF - JONES, CODY",1920 SHEARN ST,"2, ZONE",493F,77007,CLOSED,2022-11-05,10:38 AM
191831,Tree Trim,2022-11-05 11:54 AM,Tree Trim Inspection,TREEMAINTENANCE,"UF - BHATTARAI, NIMESH",7023 RICHWOOD RD,"6, ZONE",534V,77087,CLOSED,2022-11-05,11:54 AM
191832,Tree Removal,2022-11-05 01:18 PM,Tree Removal Inspection,TREEMAINTENANCE,"UF - BHATTARAI, NIMESH",5402 GLENVIEW DR,"4, ZONE",337D,77345,CLOSED,2022-11-05,01:18 PM
191833,Tree Removal,2022-11-05 01:37 PM,Tree Removal Inspection,TREEMAINTENANCE,"UF - ERICKSON, IAN",716 MCINTOSH ST,"4, ZONE",493C,77009,CLOSED,2022-11-05,01:37 PM
191834,Tree Removal,2022-11-05 02:02 PM,Tree Removal Inspection,TREEMAINTENANCE,"UF - BHATTARAI, NIMESH",5259 COSBY ST,"6, ZONE",534N,77021,CLOSED,2022-11-05,02:02 PM
191835,Tree Removal,2022-11-05 02:58 PM,Tree Removal Inspection,TREEMAINTENANCE,"UF - BURKES, JEREMY",5939 RIDGEWAY DR,"6, ZONE",534X,77033,CLOSED,2022-11-05,02:58 PM
191836,Tree Trim,2022-11-06 10:15 AM,Tree Trim Inspection,TREEMAINTENANCE,"UF - JONES, CODY",2015 WROXTON RD,"7, ZONE",532D,77005,CLOSED,2022-11-06,10:15 AM
191837,Tree Removal,2022-11-06 05:49 PM,Tree Removal Inspection,TREEMAINTENANCE,"UF - ERICKSON, IAN",109 FUNSTON ST,"5, ZONE",495W,77012,CLOSED,2022-11-06,05:49 PM
191838,Tree Removal,2022-11-06 05:57 PM,Tree Removal Inspection,TREEMAINTENANCE,"UF - ERICKSON, IAN",109 FUNSTON ST,"5, ZONE",495W,77012,CLOSED,2022-11-06,05:57 PM
191839,Tree Removal,2022-11-06 06:34 PM,Tree Removal Inspection,TREEMAINTENANCE,"UF - ERICKSON, IAN",109 FUNSTON ST,"5, ZONE",495W,77012,CLOSED,2022-11-06,06:34 PM
191840,Tree Trim,2022-11-06 07:38 PM,Tree Trim Inspection,TREEMAINTENANCE,"UF - ERICKSON, IAN",2614 RIVERLAWN DR,"4, ZONE",336D,77339,CLOSED,2022-11-06,07:38 PM
191841,Tree Trim,2022-11-06 10:12 PM,Tree Trim Inspection,TREEMAINTENANCE,"UF - JONES, CODY",BELLAIRE BLVD & TURTLEWOOD DR,"2, ZONE",529G,77072,CLOSED,2022-11-06,10:12 PM
191842,Tree Removal,2022-11-07 04:27 AM,Tree Removal Inspection,TREEMAINTENANCE,"UF - JONES, CODY",7300 COURT RD,"7, ZONE",610C,77489,CLOSED,2022-11-07,04:27 AM
191843,Tree Removal,2022-11-07 04:31 AM,Tree Removal Inspection,TREEMAINTENANCE,"UF - JONES, CODY",7300 COURT RD,"7, ZONE",610C,77489,CLOSED,2022-11-07,04:31 AM
191844,Tree Removal,2022-11-07 04:39 AM,Tree Removal Inspection,TREEMAINTENANCE,"UF - JONES, CODY",1410 S DAIRY ASHFORD RD,"2, ZONE",488R,77077,CLOSED,2022-11-07,04:39 AM
191845,Tree Removal,2022-11-07 08:14 AM,Tree Removal Inspection,TREEMAINTENANCE,"UF - ERICKSON, IAN",3902 ELROY ST,"4, ZONE",453Z,77009,CLOSED,2022-11-07,08:14 AM
191846,Tree Removal,2022-11-07 08:15 AM,Tree Removal Inspection,TREEMAINTENANCE,"UF - JONES, CODY",10918 BURDINE ST,"7, ZONE",531X,77096,CLOSED,2022-11-07,08:15 AM
191847,Tree Trim,2022-11-07 08:19 AM,Tree Trim Inspection,TREEMAINTENANCE,"UF - ERICKSON, IAN",2406 BROOKS ST,"4, ZONE",494E,77026,CLOSED,2022-11-07,08:19 AM
191848,Tree Removal,2022-11-07 08:19 AM,Tree Removal Inspection,TREEMAINTENANCE,"UF - JONES, CODY",7950 N STADIUM DR,"7, ZONE",532M,77030,CLOSED,2022-11-07,08:19 AM
191849,Tree Trim,2022-11-07 08:23 AM,Tree Trim Inspection,TREEMAINTENANCE,"UF - GHIMIRE, GOPAL",803 JUDIWAY ST,"3, ZONE",452Q,77018,CLOSED,2022-11-07,08:23 AM
191850,Tree Removal,2022-11-07 08:39 AM,Tree Removal Inspection,TREEMAINTENANCE,"UF - BHATTARAI, NIMESH",3209 EXCHANGE ST,"4, ZONE",495A,77020,CLOSED,2022-11-07,08:39 AM
191851,Tree Trim,2022-11-07 08:42 AM,Tree Trim Inspection,TREEMAINTENANCE,"UF - BURKES, JEREMY",7500 COOK RD,"2, ZONE",528M,77072,CLOSED,2022-11-07,08:42 AM
191852,Tree Trim,2022-11-07 08:43 AM,Tree Trim Inspection,TREEMAINTENANCE,"UF - JONES, CODY",4600 CLAY ST,"5, ZONE",494T,77023,CLOSED,2022-11-07,08:43 AM
191853,Tree Removal,2022-11-07 08:43 AM,Tree Removal Inspection,TREEMAINTENANCE,"UF - BHATTARAI, NIMESH",3207 SIMMONS ST,"6, ZONE",493Z,77004,CLOSED,2022-11-07,08:43 AM
191854,Tree Trim,2022-11-07 08:44 AM,Tree Trim Inspection,TREEMAINTENANCE,"UF - GHIMIRE, GOPAL",5109 LARKIN ST,"3, ZONE",492G,77007,CLOSED,2022-11-07,08:44 AM
191855,Tree Trim,2022-11-07 08:48 AM,Tree Trim Inspection,TREEMAINTENANCE,"UF - BURKES, JEREMY",100 72ND ST,"5, ZONE",494Z,77011,CLOSED,2022-11-07,08:48 AM
191856,Tree Removal,2022-11-07 08:49 AM,Tree Removal Inspection,TREEMAINTENANCE,"UF - JONES, CODY",10919 BURDINE ST,"7, ZONE",531X,77096,CLOSED,2022-11-07,08:49 AM
191857,Tree Trim,2022-11-07 08:53 AM,Tree Trim Inspection,TREEMAINTENANCE,"UF - JONES, CODY",199 CHIMNEY ROCK RD,"2, ZONE",491F,77024,CLOSED,2022-11-07,08:53 AM
191858,Tree Trim,2022-11-07 08:55 AM,Tree Trim Inspection,TREEMAINTENANCE,"UF - GHIMIRE, GOPAL",300 W 20TH ST,"3, ZONE",452V,77008,CLOSED,2022-11-07,08:55 AM
191860,Tree Removal,2022-11-07 09:01 AM,Tree Removal Inspection,TREEMAINTENANCE,"UF - JONES, CODY",1614 WYCLIFFE DR,"3, ZONE",449X,77043,CLOSED,2022-11-07,09:01 AM
191861,Tree Removal,2022-11-07 09:04 AM,Tree Removal Inspection,TREEMAINTENANCE,"UF - JONES, CODY",SAGE RD,"2, ZONE",491Q,77056,CLOSED,2022-11-07,09:04 AM
191862,Tree Removal,2022-11-07 09:08 AM,Tree Removal Inspection,TREEMAINTENANCE,"UF - GHIMIRE, GOPAL",8207 BURNING HILLS DR,"7, ZONE",530X,77071,CLOSED,2022-11-07,09:08 AM
191863,Tree Trim,2022-11-07 09:14 AM,Tree Trim Inspection,TREEMAINTENANCE,"UF - JONES, CODY",2015 WROXTON RD,"7, ZONE",532D,77005,CLOSED,2022-11-07,09:14 AM
191864,Tree Trim,2022-11-07 09:17 AM,Tree Trim Inspection,TREEMAINTENANCE,"UF - JONES, CODY",4710 W BELLFORT ST,"7, ZONE",531V,77096,CLOSED,2022-11-07,09:17 AM
191865,Tree Trim,2022-11-07 09:19 AM,Tree Trim Inspection,TREEMAINTENANCE,"UF - ERICKSON, IAN",1112 E 16TH ST,"3, ZONE",453W,77009,CLOSED,2022-11-07,09:19 AM
191866,Tree Removal,2022-11-07 09:42 AM,Tree Removal Inspection,TREEMAINTENANCE,"UF - JONES, CODY",4906 LOUISIANA ST,"7, ZONE",493W,77006,CLOSED,2022-11-07,09:42 AM
191867,Tree Removal,2022-11-07 10:34 AM,Tree Removal Inspection,TREEMAINTENANCE,"UF - ERICKSON, IAN",6616 LAZARAS ST,"4, ZONE",453Q,77022,CLOSED,2022-11-07,10:34 AM
191868,Tree Removal,2022-11-07 10:40 AM,Tree Removal Inspection,TREEMAINTENANCE,"UF - ERICKSON, IAN",1209 W LAKE DR,"4, ZONE",338C,77336,CLOSED,2022-11-07,10:40 AM
191869,Tree Trim,2022-11-07 11:11 AM,Tree Trim Inspection,TREEMAINTENANCE,"UF - BHATTARAI, NIMESH",13407 SOUTHPOINT LN,"5, ZONE",577S,77034,CLOSED,2022-11-07,11:11 AM
191870,Tree Removal,2022-11-07 11:28 AM,Tree Removal Inspection,TREEMAINTENANCE,"UF - ERICKSON, IAN",12449 KATHRYN ST,"5, ZONE",496L,77015,CLOSED,2022-11-07,11:28 AM
191871,Tree Removal,2022-11-07 11:32 AM,Tree Removal Inspection,TREEMAINTENANCE,"UF - JONES, CODY",4301 SAN FELIPE ST,"2, ZONE",491R,77027,CLOSED,2022-11-07,11:32 AM
191872,Tree Trim,2022-11-07 12:03 PM,Tree Trim Inspection,TREEMAINTENANCE,"UF - JONES, CODY",4617 FEAGAN ST,"2, ZONE",492M,77007,CLOSED,2022-11-07,12:03 PM
191873,Tree Removal,2022-11-07 12:15 PM,Tree Removal Inspection,TREEMAINTENANCE,"UF - BHATTARAI, NIMESH",735 EVERGREEN DR,"5, ZONE",535A,77023,CLOSED,2022-11-07,12:15 PM
191874,Tree Trim,2022-11-07 12:28 PM,Tree Trim Inspection,TREEMAINTENANCE,"UF - BHATTARAI, NIMESH",7439 BRIEFWAY ST,"6, ZONE",535N,77087,CLOSED,2022-11-07,12:28 PM
191877,Tree Removal,2022-11-07 02:01 PM,Tree Removal Inspection,TREEMAINTENANCE,"UF - BHATTARAI, NIMESH",7118 SHERMAN ST,"5, ZONE",494Z,77011,CLOSED,2022-11-07,02:01 PM
191878,Tree Removal,2022-11-07 02:44 PM,Tree Removal Inspection,TREEMAINTENANCE,"UF - JONES, CODY",2100 BANCROFT ST,"2, ZONE",491V,77027,CLOSED,2022-11-07,02:44 PM
191879,Tree Removal,2022-11-07 02:53 PM,Tree Removal Inspection,TREEMAINTENANCE,"UF - JONES, CODY",13900 CLAY RD,"3, ZONE",448H,77084,CLOSED,2022-11-07,02:53 PM
191880,Tree Trim,2022-11-07 03:29 PM,Tree Trim Inspection,TREEMAINTENANCE,"UF - GHIMIRE, GOPAL",925 HEIGHTS BLVD,"3, ZONE",493A,77008,CLOSED,2022-11-07,03:29 PM
191881,Tree Trim,2022-11-07 03:35 PM,Tree Trim Inspection,TREEMAINTENANCE,"UF - GHIMIRE, GOPAL",1745 CHIPPENDALE RD,"3, ZONE",452J,77018,CLOSED,2022-11-07,03:35 PM
191883,Tree Removal,2022-11-07 03:55 PM,Tree Removal Inspection,TREEMAINTENANCE,"UF - BHATTARAI, NIMESH",8337 BOTANY LN,"6, ZONE",575L,77075,CLOSED,2022-11-07,03:55 PM
191884,Tree Removal,2022-11-07 04:04 PM,Tree Removal Inspection,TREEMAINTENANCE,"UF - GHIMIRE, GOPAL",2302  RUTLAND ST,"3, ZONE",452V,77008,CLOSED,2022-11-07,04:04 PM
191885,Tree Removal,2022-11-07 04:15 PM,Tree Removal Inspection,TREEMAINTENANCE,"UF - GHIMIRE, GOPAL",1102 W 18TH ST,"3, ZONE",452U,77008,CLOSED,2022-11-07,04:15 PM
191886,Tree Trim,2022-11-07 05:38 PM,Tree Trim Inspection,TREEMAINTENANCE,"UF - ERICKSON, IAN",1423 PLEASANTVILLE DR,"5, ZONE",495K,77029,CLOSED,2022-11-07,05:38 PM
191887,Tree Removal,2022-11-08 04:52 AM,Tree Removal Inspection,TREEMAINTENANCE,"UF - BURKES, JEREMY",6100 N HOUSTON ROSSLYN RD,"3, ZONE",411X,77091,CLOSED,2022-11-08,04:52 AM
191890,Tree Trim,2022-11-08 09:00 AM,Tree Trim Inspection,TREEMAINTENANCE,"UF - ERICKSON, IAN",219 HOFFMAN ST,"4, ZONE",494D,77020,CLOSED,2022-11-08,09:00 AM
191891,Tree Trim,2022-11-08 09:08 AM,Tree Trim Inspection,TREEMAINTENANCE,"UF - ERICKSON, IAN",1001 CANINO RD (MELROSE PARK),"4, ZONE",413U,77037,CLOSED,2022-11-08,09:08 AM
191893,Tree Trim,2022-11-08 09:25 AM,Tree Trim Inspection,TREEMAINTENANCE,"UF - ERICKSON, IAN",1001 CANINO RD (MELROSE PARK),"4, ZONE",413U,77037,CLOSED,2022-11-08,09:25 AM
191900,Tree Removal,2022-11-08 09:55 AM,Tree Removal Inspection,TREEMAINTENANCE,"UF - BURKES, JEREMY",1931 NORTH BLVD,"7, ZONE",492Z,77098,CLOSED,2022-11-08,09:55 AM
191901,Tree Removal,2022-11-08 10:04 AM,Tree Removal Inspection,TREEMAINTENANCE,"UF - JONES, CODY",4111 DUNLAVY ST,"2, ZONE",492Z,77006,CLOSED,2022-11-08,10:04 AM
191902,Tree Trim,2022-11-08 10:19 AM,Tree Trim Inspection,TREEMAINTENANCE,"UF - BHATTARAI, NIMESH",6116 BEEKMAN RD,"6, ZONE",534P,77021,CLOSED,2022-11-08,10:19 AM
191904,Tree Removal,2022-11-08 10:47 AM,Tree Removal Inspection,TREEMAINTENANCE,"UF - BHATTARAI, NIMESH",1502 SMALLWOOD LN,"5, ZONE",534D,77023,CLOSED,2022-11-08,10:47 AM
191910,Tree Removal,2022-11-08 11:38 AM,Tree Removal Inspection,TREEMAINTENANCE,"UF - BHATTARAI, NIMESH",5252 ENYART ST,"6, ZONE",534N,77021,CLOSED,2022-11-08,11:38 AM
191914,Tree Removal,2022-11-08 11:47 AM,Tree Removal Inspection,TREEMAINTENANCE,"UF - JONES, CODY",510 HARVARD ST,"3, ZONE",493A,77007,CLOSED,2022-11-08,11:47 AM
191916,Tree Removal,2022-11-08 11:53 AM,Tree Removal Inspection,TREEMAINTENANCE,"UF - BHATTARAI, NIMESH",7462 SANTA FE DR,"6, ZONE",535W,77061,CLOSED,2022-11-08,11:53 AM
191917,Tree Trim,2022-11-08 12:32 PM,Tree Trim Inspection,TREEMAINTENANCE,"UF - ERICKSON, IAN",7037 CAPITOL ST,"5, ZONE",494Z,77011,CLOSED,2022-11-08,12:32 PM
191918,Tree Trim,2022-11-08 12:36 PM,Tree Trim Inspection,TREEMAINTENANCE,"UF - JONES, CODY",1304 HEIGHTS BLVD (HEIGHTS NEIGHBORHOOD LIBRARY),"3, ZONE",453W,77008,CLOSED,2022-11-08,12:36 PM
191919,Tree Trim,2022-11-08 12:42 PM,Tree Trim Inspection,TREEMAINTENANCE,"UF - JONES, CODY",1700 MISSOURI ST,"2, ZONE",492V,77006,CLOSED,2022-11-08,12:42 PM
191920,Tree Trim,2022-11-08 01:43 PM,Tree Trim Inspection,TREEMAINTENANCE,"UF - BHATTARAI, NIMESH",501 MIDLAND DR,"4, ZONE",412D,77037,CLOSED,2022-11-08,01:43 PM
191921,Tree Removal,2022-11-08 01:54 PM,Tree Removal Inspection,TREEMAINTENANCE,"UF - BHATTARAI, NIMESH",4045 ERIE ST,"6, ZONE",535T,77087,CLOSED,2022-11-08,01:54 PM
191922,Tree Removal,2022-11-08 03:00 PM,Tree Removal Inspection,TREEMAINTENANCE,"UF - JONES, CODY",2469 CLIFFDALE ST,"3, ZONE",412W,77091,CLOSED,2022-11-08,03:00 PM
191923,Tree Removal,2022-11-08 03:55 PM,Tree Removal Inspection,TREEMAINTENANCE,"UF - JONES, CODY",6705 FONDREN RD,"2, ZONE",530G,77036,CLOSED,2022-11-08,03:55 PM
191924,Tree Trim,2022-11-08 04:19 PM,Tree Trim Inspection,TREEMAINTENANCE,"UF - JONES, CODY",5309 ASHBY ST,"7, ZONE",532D,77005,CLOSED,2022-11-08,04:19 PM
191925,Tree Trim,2022-11-08 04:23 PM,Tree Trim Inspection,TREEMAINTENANCE,"UF - JONES, CODY",5309 ASHBY ST,"7, ZONE",532D,77005,CLOSED,2022-11-08,04:23 PM
191926,Tree Removal,2022-11-08 04:44 PM,Tree Removal Inspection,TREEMAINTENANCE,"UF - JONES, CODY",4925 ALLUM RD,"7, ZONE",571H,77045,CLOSED,2022-11-08,04:44 PM
191927,Tree Trim,2022-11-08 05:23 PM,Tree Trim Inspection,TREEMAINTENANCE,"UF - JONES, CODY",123 E 2ND ST,"2, ZONE",493E,77007,CLOSED,2022-11-08,05:23 PM
191928,Tree Removal,2022-11-08 09:04 PM,Tree Removal Inspection,TREEMAINTENANCE,"UF - JONES, CODY",1746 RICE BLVD,"7, ZONE",532D,77005,CLOSED,2022-11-08,09:04 PM
191929,Tree Trim,2022-11-09 09:10 AM,Tree Trim Inspection,TREEMAINTENANCE,"UF - JONES, CODY",2101 ELMEN ST,"2, ZONE",492R,77019,CLOSED,2022-11-09,09:10 AM
191930,Tree Trim,2022-11-09 09:44 AM,Tree Trim Inspection,TREEMAINTENANCE,"UF - JONES, CODY",303 N WILCREST DR,"2, ZONE",489F,77079,CLOSED,2022-11-09,09:44 AM
191931,Tree Removal,2022-11-09 10:13 AM,Tree Removal Inspection,TREEMAINTENANCE,"UF - ERICKSON, IAN",12319 BRAESRIDGE DR,"7, ZONE",570G,77071,CLOSED,2022-11-09,10:13 AM
191932,Tree Removal,2022-11-09 10:45 AM,Tree Removal Inspection,TREEMAINTENANCE,"UF - BHATTARAI, NIMESH",6703 HEATH ST,"4, ZONE",415N,77016,CLOSED,2022-11-09,10:45 AM
191933,Tree Trim,2022-11-09 11:08 AM,Tree Trim Inspection,TREEMAINTENANCE,"UF - BHATTARAI, NIMESH",11119 HUNKLER DR,"6, ZONE",573M,77047,CLOSED,2022-11-09,11:08 AM
191934,Tree Trim,2022-11-09 11:18 AM,Tree Trim Inspection,TREEMAINTENANCE,"UF - JONES, CODY",4520 HAZARD ST,"2, ZONE",492Z,77098,CLOSED,2022-11-09,11:18 AM
191935,Tree Trim,2022-11-09 12:21 PM,Tree Trim Inspection,TREEMAINTENANCE,"UF - JONES, CODY",5738 ETTRICK DR,"7, ZONE",571E,77035,CLOSED,2022-11-09,12:21 PM
191937,Tree Removal,2022-11-09 12:40 PM,Tree Removal Inspection,TREEMAINTENANCE,"UF - BHATTARAI, NIMESH",3400 N PARKWOOD DR,"6, ZONE",533G,77021,CLOSED,2022-11-09,12:40 PM
191938,Tree Trim,2022-11-09 12:48 PM,Tree Trim Inspection,TREEMAINTENANCE,"UF - JONES, CODY",1818 DIAMOND BROOK DR,"5, ZONE",617D,77062,CLOSED,2022-11-09,12:48 PM
191940,Tree Stump Grinding,2022-11-09 01:04 PM,Tree Stump Inspection,TREEMAINTENANCE,"UF - ERICKSON, IAN",8209 MUNN ST,"5, ZONE",495K,77029,CLOSED,2022-11-09,01:04 PM
191941,Tree Trim,2022-11-09 01:16 PM,Tree Trim Inspection,TREEMAINTENANCE,"UF - BHATTARAI, NIMESH",15419 GATEVIEW LN,"7, ZONE",570Z,77489,CLOSED,2022-11-09,01:16 PM
191942,Tree Removal,2022-11-09 01:25 PM,Tree Removal Inspection,TREEMAINTENANCE,"UF - ERICKSON, IAN",7722 SCHNEIDER ST,"4, ZONE",453M,77093,CLOSED,2022-11-09,01:25 PM
191945,Tree Trim,2022-11-09 02:13 PM,Tree Trim Inspection,TREEMAINTENANCE,"UF - ERICKSON, IAN",7037 AVENUE E,"5, ZONE",494V,77011,CLOSED,2022-11-09,02:13 PM
191947,Tree Trim,2022-11-09 02:42 PM,Tree Trim Inspection,TREEMAINTENANCE,"UF - GHIMIRE, GOPAL",5529 W RIDGECREEK DR,"7, ZONE",571Y,77053,CLOSED,2022-11-09,02:42 PM
191948,Tree Trim,2022-11-09 03:44 PM,Tree Trim Inspection,TREEMAINTENANCE,"UF - BHATTARAI, NIMESH",7101 GAMMAGE ST,"6, ZONE",534R,77087,CLOSED,2022-11-09,03:44 PM
191949,Tree Trim,2022-11-09 05:24 PM,Tree Trim Inspection,TREEMAINTENANCE,"UF - JONES, CODY",1600 HADLEY ST,"2, ZONE",493U,77004,CLOSED,2022-11-09,05:24 PM
191950,Tree Removal,2022-11-09 05:39 PM,Tree Removal Inspection,TREEMAINTENANCE,"UF - ERICKSON, IAN",1709 BROADMOOR ST,"5, ZONE",494X,77023,CLOSED,2022-11-09,05:39 PM
191951,Tree Trim,2022-11-09 06:03 PM,Tree Trim Inspection,TREEMAINTENANCE,"UF - GHIMIRE, GOPAL",1123 RICHELIEU LN,"3, ZONE",452F,77018,CLOSED,2022-11-09,06:03 PM
191952,Tree Trim,2022-11-09 06:07 PM,Tree Trim Inspection,TREEMAINTENANCE,"UF - GHIMIRE, GOPAL",1123 RICHELIEU LN,"3, ZONE",452F,77018,CLOSED,2022-11-09,06:07 PM
191953,Tree Trim,2022-11-09 06:13 PM,Tree Trim Inspection,TREEMAINTENANCE,"UF - BHATTARAI, NIMESH",16623 SEAWOLF DR,"5, ZONE",618T,77062,CLOSED,2022-11-09,06:13 PM
191956,Tree Trim,2022-11-10 08:11 AM,Tree Trim Inspection,TREEMAINTENANCE,"UF - JONES, CODY",10603 ATWELL DR,"7, ZONE",531X,77096,CLOSED,2022-11-10,08:11 AM
191959,Tree Removal,2022-11-10 09:47 AM,Tree Removal Inspection,TREEMAINTENANCE,"UF - ERICKSON, IAN",22000 NORTHPARK DR,"4, ZONE",295V,77365,CLOSED,2022-11-10,09:47 AM
191960,Tree Removal,2022-11-10 10:39 AM,Tree Removal Inspection,TREEMAINTENANCE,"UF - ERICKSON, IAN",1001 CANINO RD (MELROSE PARK),"4, ZONE",413U,77037,CLOSED,2022-11-10,10:39 AM
191961,Tree Removal,2022-11-10 11:55 AM,Tree Removal Inspection,TREEMAINTENANCE,"UF - JONES, CODY",2430 W HOLCOMBE BLVD,"7, ZONE",532G,77030,CLOSED,2022-11-10,11:55 AM
191962,Tree Removal,2022-11-10 12:34 PM,Tree Removal Inspection,TREEMAINTENANCE,"UF - BURKES, JEREMY",11710 SOUTHLAKE DR,"2, ZONE",489S,77077,CLOSED,2022-11-10,12:34 PM
191966,Tree Trim,2022-11-10 01:28 PM,Tree Trim Inspection,TREEMAINTENANCE,"UF - JONES, CODY",1136 W GARDNER ST,"3, ZONE",453W,77009,CLOSED,2022-11-10,01:28 PM
191967,Tree Removal,2022-11-10 01:52 PM,Tree Removal Inspection,TREEMAINTENANCE,"UF - JONES, CODY",1700 RICE BLVD,"7, ZONE",532D,77030,CLOSED,2022-11-10,01:52 PM
191972,Tree Trim,2022-11-10 02:32 PM,Tree Trim Inspection,TREEMAINTENANCE,"UF - ERICKSON, IAN",3200 RUSSELL ST,"4, ZONE",494B,77026,CLOSED,2022-11-10,02:32 PM
191973,Tree Removal,2022-11-10 05:04 PM,Tree Removal Inspection,TREEMAINTENANCE,"UF - ERICKSON, IAN",2510 LAKE GARDENS CT,"4, ZONE",336C,77339,CLOSED,2022-11-10,05:04 PM
191974,Tree Trim,2022-11-13 01:01 PM,Tree Trim Inspection,TREEMAINTENANCE,"UF - JONES, CODY",CHIMNEY ROCK RD & WILLOWBEND BLVD,"7, ZONE",531X,77096,CLOSED,2022-11-13,01:01 PM
191976,Tree Removal,2022-11-14 08:15 AM,Tree Removal Inspection,TREEMAINTENANCE,"UF - BURKES, JEREMY",501 LOVETT BLVD,"2, ZONE",493S,77006,CLOSED,2022-11-14,08:15 AM
191980,Tree Removal,2022-11-14 09:30 AM,Tree Removal Inspection,TREEMAINTENANCE,"UF - BHATTARAI, NIMESH",3450 BINZ ST,"6, ZONE",533G,77004,CLOSED,2022-11-14,09:30 AM
191981,Tree Trim,2022-11-14 10:24 AM,Tree Trim Inspection,TREEMAINTENANCE,"UF - BHATTARAI, NIMESH",5630 W AIRPORT BLVD,"6, ZONE",574E,77048,CLOSED,2022-11-14,10:24 AM
191982,Tree Trim,2022-11-14 10:34 AM,Tree Trim Inspection,TREEMAINTENANCE,"UF - JONES, CODY",12100 WHITTINGTON DR,"2, ZONE",489N,77077,CLOSED,2022-11-14,10:34 AM
191983,Tree Trim,2022-11-14 10:40 AM,Tree Trim Inspection,TREEMAINTENANCE,"UF - ERICKSON, IAN",3034 KIRK ST,"4, ZONE",494B,77026,CLOSED,2022-11-14,10:40 AM
191984,Tree Trim,2022-11-14 11:19 AM,Tree Trim Inspection,TREEMAINTENANCE,"UF - JONES, CODY",435 JACKSON HILL ST,"2, ZONE",492M,77007,CLOSED,2022-11-14,11:19 AM
191985,Tree Removal,2022-11-14 12:03 PM,Tree Removal Inspection,TREEMAINTENANCE,"UF - JONES, CODY",1803 WAKEFIELD DR,"3, ZONE",452J,77018,CLOSED,2022-11-14,12:03 PM
191986,Tree Trim,2022-11-14 01:41 PM,Tree Trim Inspection,TREEMAINTENANCE,"UF - JONES, CODY",2015 WROXTON RD,"7, ZONE",532D,77005,CLOSED,2022-11-14,01:41 PM
191987,Tree Removal,2022-11-14 02:35 PM,Tree Removal Inspection,TREEMAINTENANCE,"UF - JONES, CODY",3715 JEANETTA ST,"2, ZONE",490X,77063,CLOSED,2022-11-14,02:35 PM
191988,Tree Trim,2022-11-14 03:09 PM,Tree Trim Inspection,TREEMAINTENANCE,"UF - ERICKSON, IAN",3600 FULTON ST,"4, ZONE",453Y,77009,CLOSED,2022-11-14,03:09 PM
191989,Tree Removal,2022-11-14 03:49 PM,Tree Removal Inspection,TREEMAINTENANCE,"UF - BHATTARAI, NIMESH",2506 LIVE OAK ST,"6, ZONE",493V,77004,CLOSED,2022-11-14,03:49 PM
192005,Tree Trim,2022-11-15 07:43 AM,Tree Trim Inspection,TREEMAINTENANCE,"UF - JONES, CODY",1700 MISSOURI ST,"2, ZONE",492V,77006,CLOSED,2022-11-15,07:43 AM
192006,Tree Trim,2022-11-15 09:50 AM,Tree Trim Inspection,TREEMAINTENANCE,"UF - BHATTARAI, NIMESH",2358 COLLEGE GREEN DR,"5, ZONE",618M,77058,CLOSED,2022-11-15,09:50 AM
192007,Tree Removal,2022-11-15 11:00 AM,Tree Removal Inspection,TREEMAINTENANCE,"UF - ERICKSON, IAN",255 ECHO LN,"4, ZONE",298Z,77336,CLOSED,2022-11-15,11:00 AM
192008,Tree Removal,2022-11-15 11:40 AM,Tree Removal Inspection,TREEMAINTENANCE,"UF - ERICKSON, IAN",7830 BOOKER ST,"4, ZONE",455T,77028,CLOSED,2022-11-15,11:40 AM
192009,Tree Removal,2022-11-15 11:46 AM,Tree Removal Inspection,TREEMAINTENANCE,"UF - GHIMIRE, GOPAL",9230 PECOS ST,"3, ZONE",450Y,77055,CLOSED,2022-11-15,11:46 AM
192010,Tree Removal,2022-11-15 12:52 PM,Tree Removal Inspection,TREEMAINTENANCE,"UF - JONES, CODY",3922 FAULKNER ST,"6, ZONE",533Q,77021,CLOSED,2022-11-15,12:52 PM
192011,Tree Trim,2022-11-15 03:21 PM,Tree Trim Inspection,TREEMAINTENANCE,"UF - GHIMIRE, GOPAL",12500 CORONA LN,"2, ZONE",528M,77072,CLOSED,2022-11-15,03:21 PM
192012,Tree Trim,2022-11-15 04:51 PM,Tree Trim Inspection,TREEMAINTENANCE,"UF - BHATTARAI, NIMESH",12910 S COAST DR,"6, ZONE",573Q,77047,CLOSED,2022-11-15,04:51 PM
192013,Tree Removal,2022-11-15 05:00 PM,Tree Removal Inspection,TREEMAINTENANCE,"UF - BHATTARAI, NIMESH",12100 RICEVILLE SCHOOL RD (GLENSHIRE PARK),"7, ZONE",570E,77071,CLOSED,2022-11-15,05:00 PM
192016,Tree Trim,2022-11-16 09:39 AM,Tree Trim Inspection,TREEMAINTENANCE,"UF - BHATTARAI, NIMESH",2019 WINBERN ST,"6, ZONE",493Y,77004,CLOSED,2022-11-16,09:39 AM
192017,Tree Trim,2022-11-16 09:41 AM,Tree Trim Inspection,TREEMAINTENANCE,"UF - BHATTARAI, NIMESH",2103 ALABAMA ST,"6, ZONE",493Y,77004,CLOSED,2022-11-16,09:41 AM
192018,Tree Planting,2022-11-16 10:26 AM,Tree Planting Inspection,TREEPROTECTION,"UF - POLOVTSEV, SERA",4003 EBBTIDE DR,"7, ZONE",572J,77045,CLOSED,2022-11-16,10:26 AM
192027,Tree Removal,2022-11-16 11:40 AM,Tree Removal Inspection,TREEMAINTENANCE,"UF - JONES, CODY",12122 PERTHSHIRE RD,"2, ZONE",490E,77024,CLOSED,2022-11-16,11:40 AM
192032,Tree Trim,2022-11-16 12:13 PM,Tree Trim Inspection,TREEMAINTENANCE,"UF - ERICKSON, IAN","5122 GOLDEN FOREST DR,HOUSTON,77091","3, ZONE",451G,5161d,CLOSED,2022-11-16,12:13 PM
192033,Tree Removal,2022-11-16 12:53 PM,Tree Removal Inspection,TREEMAINTENANCE,"UF - GHIMIRE, GOPAL",751 BEVERLY ST,"3, ZONE",493A,77007,CLOSED,2022-11-16,12:53 PM
192034,Tree Removal,2022-11-16 01:18 PM,Tree Removal Inspection,TREEMAINTENANCE,"UF - JONES, CODY",7711 SAYERS ST,"4, ZONE",454K,77016,CLOSED,2022-11-16,01:18 PM
192039,Tree Trim,2022-11-16 03:32 PM,Tree Trim Inspection,TREEMAINTENANCE,"UF - BHATTARAI, NIMESH",10218 W PALM LAKE DR,"5, ZONE",576R,77034,CLOSED,2022-11-16,03:32 PM
192040,Tree Removal,2022-11-16 04:29 PM,Tree Removal Inspection,TREEMAINTENANCE,"UF - GHIMIRE, GOPAL",7100 W TIDWELL RD,"3, ZONE",451A,77092,CLOSED,2022-11-16,04:29 PM
192041,Tree Removal,2022-11-16 04:37 PM,Tree Removal Inspection,TREEMAINTENANCE,"UF - BHATTARAI, NIMESH",10609 BENTLEY ST,"4, ZONE",414X,77093,CLOSED,2022-11-16,04:37 PM
192042,Tree Removal,2022-11-16 05:38 PM,Tree Removal Inspection,TREEMAINTENANCE,"UF - ERICKSON, IAN",4106 TROUT ST,"4, ZONE",454B,77093,CLOSED,2022-11-16,05:38 PM
192053,Tree Removal,2022-11-17 08:09 AM,Tree Removal Inspection,TREEMAINTENANCE,"UF - GHIMIRE, GOPAL",925 ARLINGTON ST,"3, ZONE",493A,77008,CLOSED,2022-11-17,08:09 AM
192055,Tree Removal,2022-11-17 08:55 AM,Tree Removal Inspection,TREEMAINTENANCE,"UF - GHIMIRE, GOPAL",544 OXFORD ST,"3, ZONE",493A,77007,CLOSED,2022-11-17,08:55 AM
192057,Tree Trim,2022-11-17 09:04 AM,Tree Trim Inspection,TREEMAINTENANCE,"UF - GHIMIRE, GOPAL",1205 PINEMONT DR,"3, ZONE",452F,77018,CLOSED,2022-11-17,09:04 AM
192059,Tree Trim,2022-11-17 10:56 AM,Tree Trim Inspection,TREEMAINTENANCE,"UF - BURKES, JEREMY",1717 SPUR LN,"3, ZONE",450U,77080,CLOSED,2022-11-17,10:56 AM
192060,Tree Trim,2022-11-17 01:02 PM,Tree Trim Inspection,TREEMAINTENANCE,"UF - BHATTARAI, NIMESH",9329 SADDLE LN,"3, ZONE",450U,77080,CLOSED,2022-11-17,01:02 PM
192061,Tree Removal,2022-11-17 01:47 PM,Tree Removal Inspection,TREEMAINTENANCE,"UF - BHATTARAI, NIMESH",2043 PASADENA ST,"5, ZONE",534D,77023,CLOSED,2022-11-17,01:47 PM
192062,Tree Removal,2022-11-17 02:44 PM,Tree Removal Inspection,TREEMAINTENANCE,"UF - GHIMIRE, GOPAL",307 ARLINGTON ST,"3, ZONE",493E,77007,CLOSED,2022-11-17,02:44 PM
192063,Tree Trim,2022-11-17 02:45 PM,Tree Trim Inspection,TREEMAINTENANCE,"UF - GHIMIRE, GOPAL",118 E JANISCH RD,"3, ZONE",452H,77022,CLOSED,2022-11-17,02:45 PM
192064,Tree Trim,2022-11-17 02:45 PM,Tree Trim Inspection,TREEMAINTENANCE,"UF - BHATTARAI, NIMESH",2855 BAY AREA BLVD,"5, ZONE",618H,77062,CLOSED,2022-11-17,02:45 PM
192065,Tree Removal,2022-11-17 02:45 PM,Tree Removal Inspection,TREEMAINTENANCE,"UF - BHATTARAI, NIMESH",7330 KOPMAN DR,"6, ZONE",574D,77061,CLOSED,2022-11-17,02:45 PM
192066,Tree Trim,2022-11-17 02:46 PM,Tree Trim Inspection,TREEMAINTENANCE,"UF - JONES, CODY",13722 BURGOYNE RD,"2, ZONE",488T,77077,CLOSED,2022-11-17,02:46 PM
192067,Tree Trim,2022-11-17 02:46 PM,Tree Trim Inspection,TREEMAINTENANCE,"UF - JONES, CODY",13715 BURGOYNE RD,"2, ZONE",488T,77077,CLOSED,2022-11-17,02:46 PM
192068,Tree Trim,2022-11-17 02:46 PM,Tree Trim Inspection,TREEMAINTENANCE,"UF - JONES, CODY",13714 PIPING ROCK LN,"2, ZONE",488T,77077,CLOSED,2022-11-17,02:46 PM
192069,Tree Trim,2022-11-17 02:47 PM,Tree Trim Inspection,TREEMAINTENANCE,"UF - JONES, CODY",13827 OVERBROOK LN,"2, ZONE",488T,77077,CLOSED,2022-11-17,02:47 PM
192070,Tree Trim,2022-11-17 02:48 PM,Tree Trim Inspection,TREEMAINTENANCE,"UF - JONES, CODY",13826 LOCKE LN,"2, ZONE",488T,77077,CLOSED,2022-11-17,02:48 PM
192071,Tree Removal,2022-11-17 02:49 PM,Tree Removal Inspection,TREEMAINTENANCE,"UF - GHIMIRE, GOPAL",3728 WILLOWICK RD,"2, ZONE",492N,77019,CLOSED,2022-11-17,02:49 PM
192072,Tree Stump Grinding,2022-11-17 02:49 PM,Tree Stump Inspection,TREEMAINTENANCE,"UF - POLOVTSEV, SERA",505 LOVETT BLVD,"2, ZONE",493S,77006,CLOSED,2022-11-17,02:49 PM
192073,Tree Removal,2022-11-17 02:49 PM,Tree Removal Inspection,TREEMAINTENANCE,"UF - JONES, CODY",2048 SUL ROSS ST,"2, ZONE",492U,77098,CLOSED,2022-11-17,02:49 PM
192074,Tree Removal,2022-11-17 02:49 PM,Tree Removal Inspection,TREEMAINTENANCE,"UF - BHATTARAI, NIMESH",2502 FOREST GARDEN DR,"4, ZONE",337C,77345,CLOSED,2022-11-17,02:49 PM
192075,Tree Removal,2022-11-17 02:50 PM,Tree Removal Inspection,TREEMAINTENANCE,"UF - JONES, CODY",611 DAIRY ASHFORD RD,"2, ZONE",488H,77079,CLOSED,2022-11-17,02:50 PM
192076,Tree Trim,2022-11-17 02:50 PM,Tree Trim Inspection,TREEMAINTENANCE,"UF - BHATTARAI, NIMESH",2313 WENTWORTH ST,"6, ZONE",533B,77004,CLOSED,2022-11-17,02:50 PM
192077,Tree Trim,2022-11-17 02:50 PM,Tree Trim Inspection,TREEMAINTENANCE,"UF - GHIMIRE, GOPAL",3001 W 12TH ST,"3, ZONE",452X,77008,CLOSED,2022-11-17,02:50 PM
192078,Tree Removal,2022-11-17 02:51 PM,Tree Removal Inspection,TREEMAINTENANCE,"UF - JONES, CODY",4118 DRISCOLL ST,"2, ZONE",492Z,77098,CLOSED,2022-11-17,02:51 PM
192079,Tree Trim,2022-11-17 02:51 PM,Tree Trim Inspection,TREEMAINTENANCE,"UF - JONES, CODY",13826 LOCKE LN,"2, ZONE",488T,77077,CLOSED,2022-11-17,02:51 PM
192080,Tree Removal,2022-11-17 02:51 PM,Tree Removal Inspection,TREEMAINTENANCE,"UF - JONES, CODY",11710 SOUTHLAKE DR,"2, ZONE",489S,77077,CLOSED,2022-11-17,02:51 PM
192081,Tree Trim,2022-11-17 03:22 PM,Tree Trim Inspection,TREEMAINTENANCE,"UF - JONES, CODY",11700 HILLCROFT AVE,"7, ZONE",571A,77035,CLOSED,2022-11-17,03:22 PM
192082,Tree Removal,2022-11-17 05:15 PM,Tree Removal Inspection,TREEMAINTENANCE,"UF - GHIMIRE, GOPAL",11502 BOB WHITE DR,"7, ZONE",570D,77035,CLOSED,2022-11-17,05:15 PM
192083,Tree Trim,2022-11-17 05:18 PM,Tree Trim Inspection,TREEMAINTENANCE,"UF - JONES, CODY",13300 ST MARYS LN,"2, ZONE",489B,77079,CLOSED,2022-11-17,05:18 PM
192084,Tree Removal,2022-11-17 06:28 PM,Tree Removal Inspection,TREEMAINTENANCE,"UF - BHATTARAI, NIMESH",739 MARLEEN ST,"5, ZONE",576B,77034,CLOSED,2022-11-17,06:28 PM
192085,Tree Removal,2022-11-17 08:29 PM,Tree Removal Inspection,TREEMAINTENANCE,"UF - BHATTARAI, NIMESH",W 34TH ST,"3, ZONE",451Q,77092,CLOSED,2022-11-17,08:29 PM
192087,Tree Trim,2022-11-18 03:33 AM,Tree Trim Inspection,TREEMAINTENANCE,"UF - GHIMIRE, GOPAL",1124 YALE ST,"3, ZONE",452Z,77008,CLOSED,2022-11-18,03:33 AM
192089,Tree Removal,2022-11-18 06:59 AM,Tree Removal Inspection,TREEMAINTENANCE,"UF - JONES, CODY",19008 SAUMS RD (CULLEN PARK),"3, ZONE",446V,77084,CLOSED,2022-11-18,06:59 AM
192090,Tree Removal,2022-11-18 08:25 AM,Tree Removal Inspection,TREEMAINTENANCE,"UF - BHATTARAI, NIMESH",8022 GLENFOREST CT,"6, ZONE",535T,77061,CLOSED,2022-11-18,08:25 AM
192091,Tree Removal,2022-11-18 09:25 AM,Tree Removal Inspection,TREEMAINTENANCE,"UF - JONES, CODY",8001 BURGOYNE RD,"2, ZONE",490V,77063,CLOSED,2022-11-18,09:25 AM
192092,Tree Trim,2022-11-18 10:15 AM,Tree Trim Inspection,TREEMAINTENANCE,"UF - JONES, CODY",2048 SUL ROSS ST,"2, ZONE",492U,77098,CLOSED,2022-11-18,10:15 AM
192093,Tree Removal,2022-11-18 10:30 AM,Tree Removal Inspection,TREEMAINTENANCE,"UF - GHIMIRE, GOPAL",623 HEIGHTS BLVD,"3, ZONE",493A,77007,CLOSED,2022-11-18,10:30 AM
192094,Tree Removal,2022-11-18 11:27 AM,Tree Removal Inspection,TREEMAINTENANCE,"UF - JONES, CODY",4000 W 34TH ST,"3, ZONE",451R,77092,CLOSED,2022-11-18,11:27 AM
192095,Tree Removal,2022-11-18 01:52 PM,Tree Removal Inspection,TREEMAINTENANCE,"UF - BHATTARAI, NIMESH",7400 BELLFORT ST,"6, ZONE",535S,77087,CLOSED,2022-11-18,01:52 PM
192096,Tree Removal,2022-11-18 01:55 PM,Tree Removal Inspection,TREEMAINTENANCE,"UF - BHATTARAI, NIMESH",6700 LONG DR,"6, ZONE",534R,77087,CLOSED,2022-11-18,01:55 PM
192097,Tree Trim,2022-11-18 02:11 PM,Tree Trim Inspection,TREEMAINTENANCE,"UF - JONES, CODY",106 EVERTON ST,"5, ZONE",494N,77003,CLOSED,2022-11-18,02:11 PM
192098,Tree Removal,2022-11-18 02:18 PM,Tree Removal Inspection,TREEMAINTENANCE,"UF - GHIMIRE, GOPAL",900 HEIGHTS BLVD,"3, ZONE",493A,77008,CLOSED,2022-11-18,02:18 PM
192099,Tree Removal,2022-11-18 02:31 PM,Tree Removal Inspection,TREEMAINTENANCE,"UF - BHATTARAI, NIMESH","6700 LONG DR,HOUSTON,77087","6, ZONE",534R      ,5554b,CLOSED,2022-11-18,02:31 PM
192100,Tree Trim,2022-11-18 03:15 PM,Tree Trim Inspection,TREEMAINTENANCE,"UF - GHIMIRE, GOPAL",6126 VALKEITH DR,"7, ZONE",530V,77096,CLOSED,2022-11-18,03:15 PM
192101,Tree Removal,2022-11-18 03:36 PM,Tree Removal Inspection,TREEMAINTENANCE,"UF - GHIMIRE, GOPAL",608 BYRNE ST,"3, ZONE",493B,77009,CLOSED,2022-11-18,03:36 PM
192102,Tree Trim,2022-11-18 11:20 PM,Tree Trim Inspection,TREEMAINTENANCE,"UF - GHIMIRE, GOPAL",1447 YALE ST,"3, ZONE",452Z,77008,CLOSED,2022-11-18,11:20 PM
192103,Tree Trim,2022-11-19 07:32 PM,Tree Trim Inspection,TREEMAINTENANCE,"UF - ERICKSON, IAN",7425 AVENUE H,"5, ZONE",495S,77011,CLOSED,2022-11-19,07:32 PM
192104,Tree Trim,2022-11-20 12:27 PM,Tree Trim Inspection,TREEMAINTENANCE,"UF - BHATTARAI, NIMESH",7547 JOPLIN ST,"6, ZONE",535N,77087,CLOSED,2022-11-20,12:27 PM
192105,Tree Removal,2022-11-20 12:31 PM,Tree Removal Inspection,TREEMAINTENANCE,"UF - BHATTARAI, NIMESH",4698 W 34TH ST,"3, ZONE",451R,77092,CLOSED,2022-11-20,12:31 PM
192106,Tree Removal,2022-11-20 07:47 PM,Tree Removal Inspection,TREEMAINTENANCE,"UF - BURKES, JEREMY","10514 TENNETA DR,HOUSTON,77099","2, ZONE",528Z,4853c,CLOSED,2022-11-20,07:47 PM
192107,Tree Removal,2022-11-21 05:24 AM,Tree Removal Inspection,TREEMAINTENANCE,"UF - ERICKSON, IAN","22000 NORTHPARK DR,HOUSTON,77365","4, ZONE",295V,5670a,CLOSED,2022-11-21,05:24 AM
192110,Tree Trim,2022-11-21 10:23 AM,Tree Trim Inspection,TREEMAINTENANCE,"UF - ERICKSON, IAN",100 ECHO LN,"4, ZONE",298Z,77336,CLOSED,2022-11-21,10:23 AM
192111,Tree Trim,2022-11-21 10:55 AM,Tree Trim Inspection,TREEMAINTENANCE,"UF - GHIMIRE, GOPAL",2425 REINERMAN ST,"3, ZONE",492C,77007,CLOSED,2022-11-21,10:55 AM
192113,Tree Removal,2022-11-21 01:58 PM,Tree Removal Inspection,TREEMAINTENANCE,"UF - BHATTARAI, NIMESH",2706 PENMERE CT,"4, ZONE",337C,77345,CLOSED,2022-11-21,01:58 PM
192114,Tree Removal,2022-11-21 02:29 PM,Tree Removal Inspection,TREEMAINTENANCE,"UF - ERICKSON, IAN",2405 KING ST,"4, ZONE",454N,77026,CLOSED,2022-11-21,02:29 PM
192116,Tree Trim,2022-11-21 03:18 PM,Tree Trim Inspection,TREEMAINTENANCE,"UF - ERICKSON, IAN",6605 BROWNSVILLE ST,"4, ZONE",494D,77020,CLOSED,2022-11-21,03:18 PM
192119,Tree Removal,2022-11-22 07:43 AM,Tree Removal Inspection,TREEMAINTENANCE,"UF - BHATTARAI, NIMESH",11319 SAGEWOOD DR,"6, ZONE",576Z,77089,CLOSED,2022-11-22,07:43 AM
192120,Tree Removal,2022-11-22 09:08 AM,Tree Removal Inspection,TREEMAINTENANCE,"UF - JONES, CODY",217 STRATFORD ST,"2, ZONE",493T,77006,CLOSED,2022-11-22,09:08 AM
192122,Tree Removal,2022-11-22 10:22 AM,Tree Removal Inspection,TREEMAINTENANCE,"UF - GHIMIRE, GOPAL",2316 W MAIN ST,"2, ZONE",492U,77098,CLOSED,2022-11-22,10:22 AM
192123,Tree Trim,2022-11-22 10:39 AM,Tree Trim Inspection,TREEMAINTENANCE,"UF - JONES, CODY",902 N WILCREST DR,"2, ZONE",489B,77079,CLOSED,2022-11-22,10:39 AM
192124,Tree Removal,2022-11-22 01:54 PM,Tree Removal Inspection,TREEMAINTENANCE,"UF - ERICKSON, IAN",2649 CALUMET ST,"6, ZONE",493U,77004,CLOSED,2022-11-22,01:54 PM
192125,Tree Removal,2022-11-22 02:33 PM,Tree Removal Inspection,TREEMAINTENANCE,"UF - JONES, CODY",1931 NORTH BLVD,"7, ZONE",492Z,77098,CLOSED,2022-11-22,02:33 PM
192130,Tree Trim,2022-11-23 08:37 AM,Tree Trim Inspection,TREEMAINTENANCE,"UF - JONES, CODY",6102 SAN FELIPE ST,"2, ZONE",491N,77057,CLOSED,2022-11-23,08:37 AM
192132,Tree Removal,2022-11-23 09:13 AM,Tree Removal Inspection,TREEMAINTENANCE,"UF - GHIMIRE, GOPAL",9400 FONDREN RD,"7, ZONE",530U,77074,CLOSED,2022-11-23,09:13 AM
192133,Tree Trim,2022-11-23 09:54 AM,Tree Trim Inspection,TREEMAINTENANCE,"UF - ERICKSON, IAN",3463 ELGIN ST,"6, ZONE",493Z,77004,CLOSED,2022-11-23,09:54 AM
192134,Tree Removal,2022-11-23 11:10 AM,Tree Removal Inspection,TREEMAINTENANCE,"UF - JONES, CODY",2411 BISSONNET ST,"7, ZONE",492Y,77005,CLOSED,2022-11-23,11:10 AM
192135,Tree Trim,2022-11-23 11:26 AM,Tree Trim Inspection,TREEMAINTENANCE,"UF - ERICKSON, IAN","3118 GREEN ST,HOUSTON,77020","4, ZONE",494E,5458d,CLOSED,2022-11-23,11:26 AM
192136,Tree Trim,2022-11-23 12:22 PM,Tree Trim Inspection,TREEMAINTENANCE,"UF - GHIMIRE, GOPAL",9980 W SAM HOUSTON PKWY S,"2, ZONE",529U,77099,CLOSED,2022-11-23,12:22 PM
192137,Tree Trim,2022-11-23 01:21 PM,Tree Trim Inspection,TREEMAINTENANCE,"UF - JONES, CODY",2219 BAYLOR ST,"3, ZONE",453T,77009,CLOSED,2022-11-23,01:21 PM
192138,Tree Removal,2022-11-23 01:55 PM,Tree Removal Inspection,TREEMAINTENANCE,"UF - GHIMIRE, GOPAL","1250 ALTHEA DR,HOUSTON,77018","3, ZONE",452K,5260c,CLOSED,2022-11-23,01:55 PM
192139,Tree Removal,2022-11-23 02:09 PM,Tree Removal Inspection,TREEMAINTENANCE,"UF - JONES, CODY",1513 CAMBRIDGE ST,"7, ZONE",533A,77030,CLOSED,2022-11-23,02:09 PM
192140,Tree Removal,2022-11-23 04:14 PM,Tree Removal Inspection,TREEMAINTENANCE,"UF - JONES, CODY",8200 PARK PLACE BLVD (CHARLTON PARK),"5, ZONE",535P,77017,CLOSED,2022-11-23,04:14 PM
192141,Tree Removal,2022-11-23 07:33 PM,Tree Removal Inspection,TREEMAINTENANCE,"UF - JONES, CODY","2230 S PINEY POINT RD,HOUSTON,77063","2, ZONE",490T,5056a,CLOSED,2022-11-23,07:33 PM
192142,Tree Removal,2022-11-24 08:32 PM,Tree Removal Inspection,TREEMAINTENANCE,"UF - GHIMIRE, GOPAL",721 W 22ND ST,"3, ZONE",452U,77008,CLOSED,2022-11-24,08:32 PM
192143,Tree Removal,2022-11-25 05:40 AM,Tree Removal Inspection,TREEMAINTENANCE,"UF - JONES, CODY",8801 BRIAR FOREST DR,"2, ZONE",490P,77024,CLOSED,2022-11-25,05:40 AM
192144,Tree Removal,2022-11-25 12:16 PM,Tree Removal Inspection,TREEMAINTENANCE,"UF - ERICKSON, IAN","4700 SHREVEPORT BLVD,HOUSTON,77028","4, ZONE",454Q,5560c,CLOSED,2022-11-25,12:16 PM
192145,Tree Trim,2022-11-25 03:02 PM,Tree Trim Inspection,TREEMAINTENANCE,"UF - BHATTARAI, NIMESH","2739 MEANDERING TRL,HOUSTON,77339","4, ZONE",297S,5770b,CLOSED,2022-11-25,03:02 PM
192146,Tree Removal,2022-11-26 05:46 AM,Tree Removal Inspection,TREEMAINTENANCE,"UF - JONES, CODY","4700 W BELLFORT AVE,HOUSTON,77096","7, ZONE",531V,5153b,CLOSED,2022-11-26,05:46 AM
192147,Tree Removal,2022-11-26 08:20 AM,Tree Removal Inspection,TREEMAINTENANCE,"UF - JONES, CODY","1325 CEDAR POST LN,HOUSTON,77055","3, ZONE",450X,5058a,CLOSED,2022-11-26,08:20 AM
192148,Tree Removal,2022-11-26 08:53 AM,Tree Removal Inspection,TREEMAINTENANCE,"UF - ERICKSON, IAN","401 WINNIE ST,HOUSTON,77009","4, ZONE",493G,5458c,CLOSED,2022-11-26,08:53 AM
192149,Tree Trim,2022-11-26 09:21 AM,Tree Trim Inspection,TREEMAINTENANCE,"UF - JONES, CODY","6255 SAN FELIPE ST,HOUSTON,77057","2, ZONE",491N,5057d,CLOSED,2022-11-26,09:21 AM
192150,Tree Removal,2022-11-26 09:29 AM,Tree Removal Inspection,TREEMAINTENANCE,"UF - GHIMIRE, GOPAL",5409 TRAFALGAR DR,"7, ZONE",571Q,77045,CLOSED,2022-11-26,09:29 AM
192151,Tree Trim,2022-11-26 10:48 AM,Tree Trim Inspection,TREEMAINTENANCE,"UF - GHIMIRE, GOPAL",W BELLFORT AVE,"7, ZONE",570C,77071,CLOSED,2022-11-26,10:48 AM
192152,Tree Trim,2022-11-26 12:01 PM,Tree Trim Inspection,TREEMAINTENANCE,"UF - JONES, CODY","6145 SAN FELIPE ST,HOUSTON,77057","2, ZONE",491N,5157c,CLOSED,2022-11-26,12:01 PM
192153,Tree Trim,2022-11-26 12:32 PM,Tree Trim Inspection,TREEMAINTENANCE,"UF - BHATTARAI, NIMESH","13335 FOREST PINES VILLAGE LN,HOUSTON,77067","3, ZONE",372K,5266c,CLOSED,2022-11-26,12:32 PM
192154,Tree Trim,2022-11-26 12:43 PM,Tree Trim Inspection,TREEMAINTENANCE,"UF - BHATTARAI, NIMESH","5101 WILEY RD,HOUSTON,77016","4, ZONE",414Y,5561a,CLOSED,2022-11-26,12:43 PM
192155,Tree Removal,2022-11-26 02:44 PM,Tree Removal Inspection,TREEMAINTENANCE,"UF - GHIMIRE, GOPAL",607 GLADYS ST,"3, ZONE",493B,77009,CLOSED,2022-11-26,02:44 PM
192156,Tree Removal,2022-11-27 07:46 AM,Tree Removal Inspection,TREEMAINTENANCE,"UF - JONES, CODY","5614 BANKSIDE DR,HOUSTON,77096","7, ZONE",531W,5153c,CLOSED,2022-11-27,07:46 AM
192158,Tree Removal,2022-11-28 07:54 AM,Tree Removal Inspection,TREEMAINTENANCE,"UF - BHATTARAI, NIMESH","7118 TUCK ST,HOUSTON,77020","5, ZONE",495J,5558d,CLOSED,2022-11-28,07:54 AM
192159,Tree Trim,2022-11-28 09:51 AM,Tree Trim Inspection,TREEMAINTENANCE,"UF - GHIMIRE, GOPAL",2200 KIRBY DR,"2, ZONE",492Q,77019,CLOSED,2022-11-28,09:51 AM
192160,Tree Trim,2022-11-28 10:34 AM,Tree Trim Inspection,TREEMAINTENANCE,"UF - ERICKSON, IAN","4504 COCHRAN ST,HOUSTON,77009","4, ZONE",453Z,5459c,CLOSED,2022-11-28,10:34 AM
192161,Tree Removal,2022-11-28 10:48 AM,Tree Removal Inspection,TREEMAINTENANCE,"UF - JONES, CODY",4403 STANFORD ST,"2, ZONE",493W,77006,CLOSED,2022-11-28,10:48 AM
192162,Tree Removal,2022-11-28 10:50 AM,Tree Removal Inspection,TREEMAINTENANCE,"UF - JONES, CODY","919 SAGE RD,HOUSTON,77056","2, ZONE",491L,5157d,CLOSED,2022-11-28,10:50 AM
192163,Tree Trim,2022-11-28 10:51 AM,Tree Trim Inspection,TREEMAINTENANCE,"UF - ERICKSON, IAN",7609 AVENUE F,"5, ZONE",495W,77012,CLOSED,2022-11-28,10:51 AM
192164,Tree Code Violation,2022-11-28 10:52 AM,Tree Code Violation Inspection,TREEPROTECTION,"UF - POLOVTSEV, SERA","615 REID ST,HOUSTON,77022","4, ZONE",453Q,5459a,CLOSED,2022-11-28,10:52 AM
192165,Tree Trim,2022-11-28 10:53 AM,Tree Trim Inspection,TREEMAINTENANCE,"UF - GHIMIRE, GOPAL","1603 SUMMER ST,HOUSTON,77007","2, ZONE",493F,5358d,CLOSED,2022-11-28,10:53 AM
192166,Tree Trim,2022-11-28 10:55 AM,Tree Trim Inspection,TREEMAINTENANCE,"UF - JONES, CODY","2123 ENGELMOHR ST,HOUSTON,77054","7, ZONE",532R,5354c,CLOSED,2022-11-28,10:55 AM
192167,Tree Removal,2022-11-28 10:58 AM,Tree Removal Inspection,TREEMAINTENANCE,"UF - GHIMIRE, GOPAL","7502 BARBERTON DR,HOUSTON,77036","2, ZONE",530L,5054a,CLOSED,2022-11-28,10:58 AM
192168,Tree Trim,2022-11-28 11:00 AM,Tree Trim Inspection,TREEMAINTENANCE,"UF - JONES, CODY","715 OAKLEY ST,HOUSTON,77006","2, ZONE",493W,5356d,CLOSED,2022-11-28,11:00 AM
192169,Tree Trim,2022-11-28 11:56 AM,Tree Trim Inspection,TREEMAINTENANCE,"UF - BURKES, JEREMY",2200 KIRBY DR,"2, ZONE",492Q,77019,CLOSED,2022-11-28,11:56 AM
192170,Tree Removal,2022-11-28 12:11 PM,Tree Removal Inspection,TREEMAINTENANCE,"UF - BHATTARAI, NIMESH",3245 ROSALIE ST,"6, ZONE",493Z,77004,CLOSED,2022-11-28,12:11 PM
192171,Tree Removal,2022-11-28 12:12 PM,Tree Removal Inspection,TREEMAINTENANCE,"UF - ERICKSON, IAN","5309 WEAVER RD,HOUSTON,77016","4, ZONE",454L,5560a,CLOSED,2022-11-28,12:12 PM
192172,Tree Trim,2022-11-28 12:32 PM,Tree Trim Inspection,TREEMAINTENANCE,"UF - ERICKSON, IAN",5802 SAM HOUSTON ST,"4, ZONE",414R,77016,CLOSED,2022-11-28,12:32 PM
192173,Tree Removal,2022-11-28 12:44 PM,Tree Removal Inspection,TREEMAINTENANCE,"UF - JONES, CODY","2534 GLEN HAVEN BLVD,HOUSTON,77030","7, ZONE",532L,5255d,CLOSED,2022-11-28,12:44 PM
192174,Tree Trim,2022-11-28 01:18 PM,Tree Trim Inspection,TREEMAINTENANCE,"UF - ERICKSON, IAN","3415 DES CHAUMES ST,HOUSTON,77026","4, ZONE",454W,5459d,CLOSED,2022-11-28,01:18 PM
192175,Tree Removal,2022-11-28 02:37 PM,Tree Removal Inspection,TREEMAINTENANCE,"UF - BHATTARAI, NIMESH",3066 PINE GULLY BLVD,"5, ZONE",535L,77017,CLOSED,2022-11-28,02:37 PM
192176,Tree Removal,2022-11-28 03:31 PM,Tree Removal Inspection,TREEMAINTENANCE,"UF - ERICKSON, IAN","4043 EUROPA ST,HOUSTON,77022","3, ZONE",453J,5360d,CLOSED,2022-11-28,03:31 PM
192177,Tree Removal,2022-11-28 03:37 PM,Tree Removal Inspection,TREEMAINTENANCE,"UF - GHIMIRE, GOPAL","4803 BROOKSTON ST,HOUSTON,77045","7, ZONE",571M,5252c,CLOSED,2022-11-28,03:37 PM
192178,Tree Removal,2022-11-28 05:01 PM,Tree Removal Inspection,TREEMAINTENANCE,"UF - ERICKSON, IAN","5202 LYONS AVE,HOUSTON,77020","4, ZONE",494G,5558c,CLOSED,2022-11-28,05:01 PM
192181,Tree Trim,2022-11-29 07:16 AM,Tree Trim Inspection,TREEMAINTENANCE,"UF - ERICKSON, IAN",121 E 16TH ST,"3, ZONE",453W,77008,CLOSED,2022-11-29,07:16 AM
192182,Tree Trim,2022-11-29 09:25 AM,Tree Trim Inspection,TREEMAINTENANCE,"UF - GHIMIRE, GOPAL",13403 ASCOT GLEN LN,"2, ZONE",528B,77082,CLOSED,2022-11-29,09:25 AM
192183,Tree Removal,2022-11-29 09:34 AM,Tree Removal Inspection,TREEMAINTENANCE,"UF - POLOVTSEV, SERA",15460 W HARDY RD,"4, ZONE",373T,77060,CLOSED,2022-11-29,09:34 AM
192185,Tree Removal,2022-11-29 10:53 AM,Tree Removal Inspection,TREEMAINTENANCE,"UF - GHIMIRE, GOPAL",1625 BONNIE BRAE ST,"2, ZONE",492Z,77006,CLOSED,2022-11-29,10:53 AM
192187,Tree Trim,2022-11-29 11:08 AM,Tree Trim Inspection,TREEMAINTENANCE,"UF - JONES, CODY",2311 CAMDEN DR,"7, ZONE",533F,77021,CLOSED,2022-11-29,11:08 AM
192188,Tree Trim,2022-11-29 11:44 AM,Tree Trim Inspection,TREEMAINTENANCE,"UF - JONES, CODY",7968 WOODWAY DR,"2, ZONE",490R,77063,CLOSED,2022-11-29,11:44 AM
192189,Tree Removal,2022-11-29 12:09 PM,Tree Removal Inspection,TREEMAINTENANCE,"UF - JONES, CODY",5134 BEECHNUT ST,"7, ZONE",531Q,77401,CLOSED,2022-11-29,12:09 PM
192191,Tree Removal,2022-11-29 01:15 PM,Tree Removal Inspection,TREEMAINTENANCE,"UF - BHATTARAI, NIMESH",5301 CARMEN ST,"6, ZONE",574A,77033,CLOSED,2022-11-29,01:15 PM
192192,Tree Removal,2022-11-29 01:42 PM,Tree Removal Inspection,TREEMAINTENANCE,"UF - BHATTARAI, NIMESH",8801 GLENCREST ST,"6, ZONE",535Y,77061,CLOSED,2022-11-29,01:42 PM
192193,Tree Removal,2022-11-29 02:31 PM,Tree Removal Inspection,TREEMAINTENANCE,"UF - JONES, CODY",2906 TIDEWATER DR,"7, ZONE",572L,77045,CLOSED,2022-11-29,02:31 PM
192194,Tree Removal,2022-11-29 03:01 PM,Tree Removal Inspection,TREEMAINTENANCE,"UF - BHATTARAI, NIMESH","5110 CRIPPLE CREEK DR,HOUSTON,77017","5, ZONE",535V,5654d,CLOSED,2022-11-29,03:01 PM
192195,Tree Removal,2022-11-29 03:07 PM,Tree Removal Inspection,TREEMAINTENANCE,"UF - JONES, CODY",11118 BURDINE ST,"7, ZONE",531X,77096,CLOSED,2022-11-29,03:07 PM
192196,Tree Trim,2022-11-29 04:32 PM,Tree Trim Inspection,TREEMAINTENANCE,"UF - JONES, CODY",14558 CINDYWOOD DR,"2, ZONE",488H,77079,CLOSED,2022-11-29,04:32 PM
192197,Tree Removal,2022-11-29 04:38 PM,Tree Removal Inspection,TREEMAINTENANCE,"UF - POLOVTSEV, SERA",4418 COLCHESTER ST,"3, ZONE",452E,77018,CLOSED,2022-11-29,04:38 PM
192198,Tree Removal,2022-11-29 04:47 PM,Tree Removal Inspection,TREEMAINTENANCE,"UF - JONES, CODY",2204 RICE BLVD,"7, ZONE",532D,77005,CLOSED,2022-11-29,04:47 PM
192199,Tree Removal,2022-11-29 11:44 PM,Tree Removal Inspection,TREEMAINTENANCE,"UF - ERICKSON, IAN",4709 SHREVEPORT BLVD,"4, ZONE",454Q,77028,CLOSED,2022-11-29,11:44 PM
192205,Tree Removal,2022-11-30 08:12 AM,Tree Removal Inspection,TREEMAINTENANCE,"UF - JONES, CODY",18203 GROSCHKE RD (CULLEN PARK),"3, ZONE",447P,77084,CLOSED,2022-11-30,08:12 AM
192208,Tree Trim,2022-11-30 08:55 AM,Tree Trim Inspection,TREEMAINTENANCE,"UF - GHIMIRE, GOPAL",3233 WESLAYAN ST,"2, ZONE",492S,77027,CLOSED,2022-11-30,08:55 AM
192211,Tree Removal,2022-11-30 10:17 AM,Tree Removal Inspection,TREEMAINTENANCE,"UF - BURKES, JEREMY",10702 BRAES FOREST DR,"7, ZONE",530Y,77071,CLOSED,2022-11-30,10:17 AM
192212,Tree Protection Rev,2022-11-30 11:09 AM,Tree Protection Review Inspection,TREEPROTECTION,"UF - JONES, CODY",11522 GLENWOLDE DR,"2, ZONE",529P,77099,CLOSED,2022-11-30,11:09 AM
192213,Tree Removal,2022-11-30 11:23 AM,Tree Removal Inspection,TREEMAINTENANCE,"UF - GHIMIRE, GOPAL",3200 WESLAYAN ST,"2, ZONE",492S,77027,CLOSED,2022-11-30,11:23 AM
192214,Tree Removal,2022-11-30 12:13 PM,Tree Removal Inspection,TREEMAINTENANCE,"UF - BHATTARAI, NIMESH",7165 SIMS DR,"6, ZONE",534Z,77061,CLOSED,2022-11-30,12:13 PM
192215,Tree Trim,2022-11-30 12:38 PM,Tree Trim Inspection,TREEMAINTENANCE,"UF - ERICKSON, IAN",4430 NICHOLS ST,"4, ZONE",494B,77020,CLOSED,2022-11-30,12:38 PM
192217,Tree Removal,2022-11-30 01:34 PM,Tree Removal Inspection,TREEMAINTENANCE,"UF - GHIMIRE, GOPAL",5846 KIAM ST,"3, ZONE",492B,77007,CLOSED,2022-11-30,01:34 PM
192219,Tree Removal,2022-11-30 02:34 PM,Tree Removal Inspection,TREEMAINTENANCE,"UF - JONES, CODY",11418 HILLCROFT AVE,"7, ZONE",571A,77035,CLOSED,2022-11-30,02:34 PM
192220,Tree Removal,2022-11-30 02:39 PM,Tree Removal Inspection,TREEMAINTENANCE,"UF - JONES, CODY",2210 STANFORD ST,"2, ZONE",493N,77006,CLOSED,2022-11-30,02:39 PM
192221,Tree Removal,2022-11-30 02:57 PM,Tree Removal Inspection,TREEMAINTENANCE,"UF - ERICKSON, IAN",12400 FONDREN RD,"7, ZONE",570G,77071,CLOSED,2022-11-30,02:57 PM
192222,Tree Removal,2022-11-30 03:55 PM,Tree Removal Inspection,TREEMAINTENANCE,"UF - BHATTARAI, NIMESH",7522 DIXIE DR,"6, ZONE",535S,77087,CLOSED,2022-11-30,03:55 PM
192223,Tree Removal,2022-11-30 04:11 PM,Tree Removal Inspection,TREEMAINTENANCE,"UF - GHIMIRE, GOPAL",9311 FONDREN RD,"7, ZONE",530V,77074,CLOSED,2022-11-30,04:11 PM
192224,Tree Trim,2022-11-30 04:17 PM,Tree Trim Inspection,TREEMAINTENANCE,"UF - GHIMIRE, GOPAL",8301 ARIEL ST,"7, ZONE",530P,77074,CLOSED,2022-11-30,04:17 PM
192225,Tree Removal,2022-11-30 10:06 PM,Tree Removal Inspection,TREEMAINTENANCE,"UF - GHIMIRE, GOPAL",3900 COLQUITT ST,"2, ZONE",492S,77027,CLOSED,2022-11-30,10:06 PM
192228,Tree Removal,2022-12-01 02:29 AM,Tree Removal Inspection,TREEMAINTENANCE,"UF - BHATTARAI, NIMESH",9100 E AVENUE L,"5, ZONE",535C,77012,CLOSED,2022-12-01,02:29 AM
192229,Tree Trim,2022-12-01 07:17 AM,Tree Trim Inspection,TREEMAINTENANCE,"UF - GHIMIRE, GOPAL",1400 SPRINGROCK LN,"3, ZONE",450X,77055,CLOSED,2022-12-01,07:17 AM
192230,Tree Trim,2022-12-01 07:23 AM,Tree Trim Inspection,TREEMAINTENANCE,"UF - BHATTARAI, NIMESH",5638 WOODGREEN ST,"6, ZONE",574A,77033,CLOSED,2022-12-01,07:23 AM
192232,Tree Removal,2022-12-01 08:40 AM,Tree Removal Inspection,TREEMAINTENANCE,"UF - BHATTARAI, NIMESH","14226 GOLF VIEW TRL,HOUSTON,77059","5, ZONE",578X,5951d,CLOSED,2022-12-01,08:40 AM
192233,Tree Removal,2022-12-01 10:53 AM,Tree Removal Inspection,TREEMAINTENANCE,"UF - JONES, CODY",12511 MOSSYCUP DR,"2, ZONE",489H,77024,CLOSED,2022-12-01,10:53 AM
192234,Tree Removal,2022-12-01 11:35 AM,Tree Removal Inspection,TREEMAINTENANCE,"UF - BHATTARAI, NIMESH",4802 WINFREE DR,"6, ZONE",534J,77021,CLOSED,2022-12-01,11:35 AM
192235,Tree Trim,2022-12-01 01:15 PM,Tree Trim Inspection,TREEMAINTENANCE,"UF - BHATTARAI, NIMESH",1100 CENTRAL ST,"5, ZONE",535C,77012,CLOSED,2022-12-01,01:15 PM
192236,Tree Removal,2022-12-01 02:49 PM,Tree Removal Inspection,TREEMAINTENANCE,"UF - JONES, CODY",10714 DEERWOOD RD,"2, ZONE",489L,77042,CLOSED,2022-12-01,02:49 PM
192237,Tree Removal,2022-12-01 02:54 PM,Tree Removal Inspection,TREEMAINTENANCE,"UF - JONES, CODY",10715 DEERWOOD RD,"2, ZONE",489L,77042,CLOSED,2022-12-01,02:54 PM
192238,Tree Removal,2022-12-01 03:27 PM,Tree Removal Inspection,TREEMAINTENANCE,"UF - JONES, CODY",1407 NEVADA ST,"2, ZONE",492R,77006,CLOSED,2022-12-01,03:27 PM
192239,Tree Removal,2022-12-01 03:28 PM,Tree Removal Inspection,TREEMAINTENANCE,"UF - BHATTARAI, NIMESH",7211 OAK HILL DR,"6, ZONE",534V,77087,CLOSED,2022-12-01,03:28 PM
192240,Tree Removal,2022-12-01 03:46 PM,Tree Removal Inspection,TREEMAINTENANCE,"UF - GHIMIRE, GOPAL",2809 GREENBRIAR ST,"2, ZONE",492U,77098,CLOSED,2022-12-01,03:46 PM
192241,Tree Removal,2022-12-01 04:31 PM,Tree Removal Inspection,TREEMAINTENANCE,"UF - JONES, CODY",5942 SPELLMAN RD,"7, ZONE",571A,77096,CLOSED,2022-12-01,04:31 PM
192242,Tree Trim,2022-12-01 04:55 PM,Tree Trim Inspection,TREEMAINTENANCE,"UF - JONES, CODY",12763 MEMORIAL DR,"2, ZONE",489H,77024,CLOSED,2022-12-01,04:55 PM
192243,Tree Trim,2022-12-02 07:48 AM,Tree Trim Inspection,TREEMAINTENANCE,"UF - BHATTARAI, NIMESH",8080 GARLAND ST,"5, ZONE",535V,77017,CLOSED,2022-12-02,07:48 AM
192244,Tree Trim,2022-12-02 09:31 AM,Tree Trim Inspection,TREEMAINTENANCE,"UF - ERICKSON, IAN",8602 COMAL ST (Sunnyside Park),"6, ZONE",533Y,77051,CLOSED,2022-12-02,09:31 AM
192245,Tree Trim,2022-12-02 10:20 AM,Tree Trim Inspection,TREEMAINTENANCE,"UF - ERICKSON, IAN",3400 MAIN ST,"2, ZONE",493T,77002,CLOSED,2022-12-02,10:20 AM
192246,Tree Trim,2022-12-02 10:34 AM,Tree Trim Inspection,TREEMAINTENANCE,"UF - ERICKSON, IAN",900 MCGOWEN ST,"2, ZONE",493T,77002,CLOSED,2022-12-02,10:34 AM
192247,Tree Trim,2022-12-02 11:53 AM,Tree Trim Inspection,TREEMAINTENANCE,"UF - JONES, CODY",2202 ROBINHOOD ST,"7, ZONE",532C,77005,CLOSED,2022-12-02,11:53 AM
192248,Tree Trim,2022-12-02 12:08 PM,Tree Trim Inspection,TREEMAINTENANCE,"UF - JONES, CODY",116 EVERTON ST,"5, ZONE",494N,77003,CLOSED,2022-12-02,12:08 PM
192249,Tree Removal,2022-12-02 12:38 PM,Tree Removal Inspection,TREEMAINTENANCE,"UF - ERICKSON, IAN",12985 GREENS BAYOU ST,"4, ZONE",496H,77015,CLOSED,2022-12-02,12:38 PM
192250,Tree Removal,2022-12-02 01:48 PM,Tree Removal Inspection,TREEMAINTENANCE,"UF - JONES, CODY",5243 VALKEITH DR,"7, ZONE",531T,77096,CLOSED,2022-12-02,01:48 PM
192251,Tree Stump Grinding,2022-12-02 02:06 PM,Tree Stump Inspection,TREEMAINTENANCE,"UF - JONES, CODY",106 EVERTON ST,"5, ZONE",494N,77003,CLOSED,2022-12-02,02:06 PM
192252,Tree Removal,2022-12-02 02:24 PM,Tree Removal Inspection,TREEMAINTENANCE,"UF - GHIMIRE, GOPAL",1035 ROBBIE ST,"3, ZONE",453T,77009,CLOSED,2022-12-02,02:24 PM
192253,Tree Trim,2022-12-02 03:12 PM,Tree Trim Inspection,TREEMAINTENANCE,"UF - ERICKSON, IAN",2300 SAKOWITZ ST,"4, ZONE",494C,77020,CLOSED,2022-12-02,03:12 PM
192254,Tree Removal,2022-12-02 04:28 PM,Tree Removal Inspection,TREEMAINTENANCE,"UF - ERICKSON, IAN",2323 SAKOWITZ ST,"4, ZONE",494C,77020,CLOSED,2022-12-02,04:28 PM
192255,Tree Removal,2022-12-02 07:58 PM,Tree Removal Inspection,TREEMAINTENANCE,"UF - GHIMIRE, GOPAL",3303 WESLAYAN ST,"2, ZONE",492S,77027,CLOSED,2022-12-02,07:58 PM
192256,Tree Trim,2022-12-02 09:22 PM,Tree Trim Inspection,TREEMAINTENANCE,"UF - BHATTARAI, NIMESH",4119 BROOK SHADOW DR,"4, ZONE",297Y,77345,CLOSED,2022-12-02,09:22 PM
192257,Tree Trim,2022-12-03 09:35 AM,Tree Trim Inspection,TREEMAINTENANCE,"UF - JONES, CODY",11000 BRIAR FOREST DR,"2, ZONE",489Q,77042,CLOSED,2022-12-03,09:35 AM
192258,Tree Trim,2022-12-04 02:20 AM,Tree Trim Inspection,TREEMAINTENANCE,"UF - JONES, CODY",SAN FELIPE ST & NANTUCKET DR,"2, ZONE",491N,77057,CLOSED,2022-12-04,02:20 AM
192259,Tree Trim,2022-12-04 05:57 PM,Tree Trim Inspection,TREEMAINTENANCE,"UF - JONES, CODY",2900 KIPLING ST,"2, ZONE",492U,77098,CLOSED,2022-12-04,05:57 PM
192260,Tree Trim,2022-12-05 03:56 AM,Tree Trim Inspection,TREEMAINTENANCE,"UF - GHIMIRE, GOPAL",15301 CRADLE ST,"7, ZONE",571Y,77053,CLOSED,2022-12-05,03:56 AM
192261,Tree Removal,2022-12-05 04:26 AM,Tree Removal Inspection,TREEMAINTENANCE,"UF - ERICKSON, IAN",1528 SUNSET LN,"4, ZONE",338C,77336,CLOSED,2022-12-05,04:26 AM
192262,Tree Removal,2022-12-05 04:38 AM,Tree Removal Inspection,TREEMAINTENANCE,"UF - GHIMIRE, GOPAL",9741 TAPPENBECK DR,"3, ZONE",450X,77055,CLOSED,2022-12-05,04:38 AM
192263,Tree Trim,2022-12-05 06:45 AM,Tree Trim Inspection,TREEMAINTENANCE,"UF - ERICKSON, IAN",5415 N WAYSIDE DR,"4, ZONE",455T,77028,CLOSED,2022-12-05,06:45 AM
192269,Tree Trim,2022-12-05 07:46 AM,Tree Trim Inspection,TREEMAINTENANCE,"UF - ERICKSON, IAN",4600 LEELAND ST,"5, ZONE",494X,77023,CLOSED,2022-12-05,07:46 AM
192273,Tree Removal,2022-12-05 08:28 AM,Tree Removal Inspection,TREEMAINTENANCE,"UF - BURKES, JEREMY",8425 GRANDVIEW ST,"6, ZONE",533X,77051,CLOSED,2022-12-05,08:28 AM
192275,Tree Removal,2022-12-05 09:23 AM,Tree Removal Inspection,TREEMAINTENANCE,"UF - ERICKSON, IAN",2424 SAKOWITZ ST,"4, ZONE",494C,77020,CLOSED,2022-12-05,09:23 AM
192276,Tree Trim,2022-12-05 09:39 AM,Tree Trim Inspection,TREEMAINTENANCE,"UF - GHIMIRE, GOPAL",11450 BARRETT BRAE DR,"2, ZONE",529P,77072,CLOSED,2022-12-05,09:39 AM
192277,Tree Removal,2022-12-05 09:47 AM,Tree Removal Inspection,TREEMAINTENANCE,"UF - ERICKSON, IAN",3207 WIPPRECHT ST,"4, ZONE",494C,77026,CLOSED,2022-12-05,09:47 AM
192278,Tree Removal,2022-12-05 10:30 AM,Tree Removal Inspection,TREEMAINTENANCE,"UF - JONES, CODY",9117 BRIAR FOREST DR,"2, ZONE",490P,77024,CLOSED,2022-12-05,10:30 AM
192279,Tree Removal,2022-12-05 10:56 AM,Tree Removal Inspection,TREEMAINTENANCE,"UF - BHATTARAI, NIMESH",3070 PINE GULLY BLVD,"5, ZONE",535L,77017,CLOSED,2022-12-05,10:56 AM
192280,Tree Removal,2022-12-05 11:12 AM,Tree Removal Inspection,TREEMAINTENANCE,"UF - ERICKSON, IAN",10601 FLEMING DR,"4, ZONE",496E,77013,CLOSED,2022-12-05,11:12 AM
192281,Tree Removal,2022-12-05 11:48 AM,Tree Removal Inspection,TREEMAINTENANCE,"UF - JONES, CODY",6627 VERA JEAN DR,"3, ZONE",411N,77088,CLOSED,2022-12-05,11:48 AM
192282,Tree Stump Grinding,2022-12-05 12:12 PM,Tree Stump Inspection,TREEMAINTENANCE,"UF - JONES, CODY",32 LANA LN,"2, ZONE",491V,77027,CLOSED,2022-12-05,12:12 PM
192283,Tree Removal,2022-12-05 12:17 PM,Tree Removal Inspection,TREEMAINTENANCE,"UF - ERICKSON, IAN",5704 N WAYSIDE DR,"4, ZONE",455P,77028,CLOSED,2022-12-05,12:17 PM
192284,Tree Trim,2022-12-05 12:49 PM,Tree Trim Inspection,TREEMAINTENANCE,"UF - JONES, CODY",4314 SCOTLAND ST,"2, ZONE",492M,77007,CLOSED,2022-12-05,12:49 PM
192285,Tree Removal,2022-12-05 12:53 PM,Tree Removal Inspection,TREEMAINTENANCE,"UF - GHIMIRE, GOPAL",6011 W OREM DR,"7, ZONE",571P,77085,CLOSED,2022-12-05,12:53 PM
192287,Tree Removal,2022-12-05 02:15 PM,Tree Removal Inspection,TREEMAINTENANCE,"UF - GHIMIRE, GOPAL",743 HEIGHTS BLVD,"3, ZONE",493A,77007,CLOSED,2022-12-05,02:15 PM
192288,Tree Trim,2022-12-05 03:54 PM,Tree Trim Inspection,TREEMAINTENANCE,"UF - GHIMIRE, GOPAL",5842 SOUTHMINSTER DR,"7, ZONE",571E,77035,CLOSED,2022-12-05,03:54 PM
192289,Tree Trim,2022-12-05 04:12 PM,Tree Trim Inspection,TREEMAINTENANCE,"UF - JONES, CODY",5806 PORTAL DR,"7, ZONE",531W,77096,CLOSED,2022-12-05,04:12 PM
192290,Tree Removal,2022-12-05 04:23 PM,Tree Removal Inspection,TREEMAINTENANCE,"UF - BHATTARAI, NIMESH",9404 E AVENUE L,"5, ZONE",535D,77012,CLOSED,2022-12-05,04:23 PM
192291,Tree Removal,2022-12-05 04:58 PM,Tree Removal Inspection,TREEMAINTENANCE,"UF - ERICKSON, IAN",1110 FAIR OAKS RD,"5, ZONE",494Y,77023,CLOSED,2022-12-05,04:58 PM
192292,Tree Trim,2022-12-05 07:11 PM,Tree Trim Inspection,TREEMAINTENANCE,"UF - ERICKSON, IAN",3016 TRUXILLO ST,"6, ZONE",493Y,77004,CLOSED,2022-12-05,07:11 PM
192293,Tree Trim,2022-12-06 06:54 AM,Tree Trim Inspection,TREEMAINTENANCE,"UF - JONES, CODY",13323 RIDGEWOOD KNOLL LN,"7, ZONE",572U,77047,CLOSED,2022-12-06,06:54 AM
192300,Tree Removal,2022-12-06 09:46 AM,Tree Removal Inspection,TREEMAINTENANCE,"UF - GHIMIRE, GOPAL",6501 MEMORIAL DR,"2, ZONE",492F,77007,CLOSED,2022-12-06,09:46 AM
192302,Tree Removal,2022-12-06 10:19 AM,Tree Removal Inspection,TREEMAINTENANCE,"UF - JONES, CODY",2056 DRYDEN RD,"7, ZONE",532H,77030,CLOSED,2022-12-06,10:19 AM
192303,Tree Removal,2022-12-06 10:24 AM,Tree Removal Inspection,TREEMAINTENANCE,"UF - ERICKSON, IAN",3806 FOX ST,"5, ZONE",494P,77003,CLOSED,2022-12-06,10:24 AM
192304,Tree Removal,2022-12-06 11:36 AM,Tree Removal Inspection,TREEMAINTENANCE,"UF - BHATTARAI, NIMESH",5414 LONGMEADOW ST,"6, ZONE",534S,77033,CLOSED,2022-12-06,11:36 AM
192307,Tree Trim,2022-12-06 12:57 PM,Tree Trim Inspection,TREEMAINTENANCE,"UF - JONES, CODY",1046 BRITTMOORE RD,"3, ZONE",489C,77043,CLOSED,2022-12-06,12:57 PM
192308,Tree Trim,2022-12-06 02:11 PM,Tree Trim Inspection,TREEMAINTENANCE,"UF - GHIMIRE, GOPAL",7355 WEST RD,"3, ZONE",410D,77086,CLOSED,2022-12-06,02:11 PM
192309,Tree Removal,2022-12-06 03:00 PM,Tree Removal Inspection,TREEMAINTENANCE,"UF - ERICKSON, IAN",13430 MOBILE ST,"4, ZONE",497F,77015,CLOSED,2022-12-06,03:00 PM
192310,Tree Trim,2022-12-06 03:11 PM,Tree Trim Inspection,TREEMAINTENANCE,"UF - BHATTARAI, NIMESH",11606 TIERRA RIDGE CT,"5, ZONE",576Q,77034,CLOSED,2022-12-06,03:11 PM
192311,Tree Removal,2022-12-06 10:56 PM,Tree Removal Inspection,TREEMAINTENANCE,"UF - JONES, CODY",11007 DUNLAP ST,"7, ZONE",531W,77096,CLOSED,2022-12-06,10:56 PM
192312,Tree Removal,2022-12-07 05:13 AM,Tree Removal Inspection,TREEMAINTENANCE,"UF - JONES, CODY",1300 BLODGETT ST,"7, ZONE",493X,77004,CLOSED,2022-12-07,05:13 AM
192317,Tree Removal,2022-12-07 08:53 AM,Tree Removal Inspection,TREEMAINTENANCE,"UF - BHATTARAI, NIMESH",4027 OAK GARDENS DR,"4, ZONE",297S,77339,CLOSED,2022-12-07,08:53 AM
192318,Tree Removal,2022-12-07 09:50 AM,Tree Removal Inspection,TREEMAINTENANCE,"UF - GHIMIRE, GOPAL",9577 NEUENS RD,"3, ZONE",450T,77080,CLOSED,2022-12-07,09:50 AM
192319,Tree Trim,2022-12-07 11:14 AM,Tree Trim Inspection,TREEMAINTENANCE,"UF - ERICKSON, IAN",2520 MCGOWEN ST,"6, ZONE",493U,77004,CLOSED,2022-12-07,11:14 AM
192321,Tree Trim,2022-12-07 12:59 PM,Tree Trim Inspection,TREEMAINTENANCE,"UF - ERICKSON, IAN",3600 FULTON ST,"4, ZONE",453Y,77009,CLOSED,2022-12-07,12:59 PM
192322,Tree Trim,2022-12-07 01:27 PM,Tree Trim Inspection,TREEMAINTENANCE,"UF - ERICKSON, IAN",13511 WILEYWOOD DR,"4, ZONE",456R,77049,CLOSED,2022-12-07,01:27 PM
192325,Tree Removal,2022-12-07 03:10 PM,Tree Removal Inspection,TREEMAINTENANCE,"UF - JONES, CODY",1819 COMMERCE ST,"1, ZONE",493M,77002,CLOSED,2022-12-07,03:10 PM
192326,Tree Removal,2022-12-07 03:15 PM,Tree Removal Inspection,TREEMAINTENANCE,"UF - GHIMIRE, GOPAL",12114 HUNTINGTON VENTURE DR,"2, ZONE",528Z,77099,CLOSED,2022-12-07,03:15 PM
192327,Tree Trim,2022-12-07 03:23 PM,Tree Trim Inspection,TREEMAINTENANCE,"UF - ERICKSON, IAN",2520 MCGOWEN ST,"6, ZONE",493U,77004,CLOSED,2022-12-07,03:23 PM
192328,Tree Trim,2022-12-07 03:24 PM,Tree Trim Inspection,TREEMAINTENANCE,"UF - GHIMIRE, GOPAL",3975 BOLIN RD,"3, ZONE",451K,77092,CLOSED,2022-12-07,03:24 PM
192329,Tree Trim,2022-12-07 03:41 PM,Tree Trim Inspection,TREEMAINTENANCE,"UF - JONES, CODY",1839 ROUND LAKE DR,"2, ZONE",488V,77077,CLOSED,2022-12-07,03:41 PM
192330,Tree Trim,2022-12-07 04:07 PM,Tree Trim Inspection,TREEMAINTENANCE,"UF - JONES, CODY",7512 FLOWERDALE ST,"3, ZONE",451X,77055,CLOSED,2022-12-07,04:07 PM
192331,Tree Trim,2022-12-07 04:54 PM,Tree Trim Inspection,TREEMAINTENANCE,"UF - ERICKSON, IAN",5100 STONEWALL DR,"5, ZONE",494T,77023,CLOSED,2022-12-07,04:54 PM
192332,Tree Trim,2022-12-07 06:00 PM,Tree Trim Inspection,TREEMAINTENANCE,"UF - GHIMIRE, GOPAL",5199 ANDERSON RD,"7, ZONE",571U,77053,CLOSED,2022-12-07,06:00 PM
192335,Tree Removal,2022-12-08 09:44 AM,Tree Removal Inspection,TREEMAINTENANCE,"UF - JONES, CODY",2103 BOLSOVER ST,"7, ZONE",532D,77005,CLOSED,2022-12-08,09:44 AM
192336,Tree Trim,2022-12-08 11:20 AM,Tree Trim Inspection,TREEMAINTENANCE,"UF - ERICKSON, IAN",5001 BOICEWOOD ST,"4, ZONE",454G,77016,CLOSED,2022-12-08,11:20 AM
192337,Tree Trim,2022-12-08 11:31 AM,Tree Trim Inspection,TREEMAINTENANCE,"UF - JONES, CODY",11907 MANORGATE DR,"7, ZONE",570A,77031,CLOSED,2022-12-08,11:31 AM
192338,Tree Trim,2022-12-08 12:12 PM,Tree Trim Inspection,TREEMAINTENANCE,"UF - ERICKSON, IAN","1200 Pinemont Dr,  Houston,  Texas,  77018","3, ZONE",452F,77091,CLOSED,2022-12-08,12:12 PM
192339,Tree Trim,2022-12-08 12:24 PM,Tree Trim Inspection,TREEMAINTENANCE,"UF - JONES, CODY",4603 KELVIN DR,"7, ZONE",532C,77005,CLOSED,2022-12-08,12:24 PM
192342,Tree Trim,2022-12-08 01:37 PM,Tree Trim Inspection,TREEMAINTENANCE,"UF - JONES, CODY",14007 BRIAR HEATH DR,"2, ZONE",488K,77077,CLOSED,2022-12-08,01:37 PM
192344,Tree Removal,2022-12-08 03:23 PM,Tree Removal Inspection,TREEMAINTENANCE,"UF - BHATTARAI, NIMESH",5931 HONEYSUCKLE DR,"6, ZONE",534V,77087,CLOSED,2022-12-08,03:23 PM
192345,Tree Protection Rev,2022-12-08 03:36 PM,Tree Protection Review Inspection,TREEPROTECTION,"UF - JONES, CODY",200 AVONDALE ST,"2, ZONE",493T,77006,CLOSED,2022-12-08,03:36 PM
192346,Tree Removal,2022-12-08 03:43 PM,Tree Removal Inspection,TREEMAINTENANCE,"UF - JONES, CODY",101 AVONDALE ST,"2, ZONE",493T,77006,CLOSED,2022-12-08,03:43 PM
192347,Tree Trim,2022-12-08 03:48 PM,Tree Trim Inspection,TREEMAINTENANCE,"UF - JONES, CODY",800 HEIGHTS BLVD,"3, ZONE",493A,77007,CLOSED,2022-12-08,03:48 PM
192351,Tree Removal,2022-12-09 09:28 AM,Tree Removal Inspection,TREEMAINTENANCE,"UF - ERICKSON, IAN",747 E CROSSTIMBERS ST,"4, ZONE",453L,77022,CLOSED,2022-12-09,09:28 AM
192352,Tree Removal,2022-12-09 11:06 AM,Tree Removal Inspection,TREEMAINTENANCE,"UF - JONES, CODY",1513 CAMBRIDGE ST,"7, ZONE",533A,77030,CLOSED,2022-12-09,11:06 AM
192353,Tree Removal,2022-12-09 12:10 PM,Tree Removal Inspection,TREEMAINTENANCE,"UF - ERICKSON, IAN",27514 HUFFMAN CLEVELAND RD,"4, ZONE",298Z,77336,CLOSED,2022-12-09,12:10 PM
192354,Tree Trim,2022-12-09 12:47 PM,Tree Trim Inspection,TREEMAINTENANCE,"UF - JONES, CODY",2029 SWIFT BLVD,"7, ZONE",532H,77030,CLOSED,2022-12-09,12:47 PM
192355,Tree Removal,2022-12-09 01:30 PM,Tree Removal Inspection,TREEMAINTENANCE,"UF - BHATTARAI, NIMESH",7115 SLOAN ST,"6, ZONE",534R,77087,CLOSED,2022-12-09,01:30 PM
192356,Tree Trim,2022-12-09 01:40 PM,Tree Trim Inspection,TREEMAINTENANCE,"UF - GHIMIRE, GOPAL",1511 BUTLERCREST ST,"3, ZONE",450W,77080,CLOSED,2022-12-09,01:40 PM
192357,Tree Trim,2022-12-09 01:50 PM,Tree Trim Inspection,TREEMAINTENANCE,"UF - GHIMIRE, GOPAL",1505 BUTLERCREST ST,"3, ZONE",450W,77080,CLOSED,2022-12-09,01:50 PM
192358,Tree Trim,2022-12-09 02:15 PM,Tree Trim Inspection,TREEMAINTENANCE,"UF - BURKES, JEREMY",1400 DU BARRY LN (OAK FOREST PARK),"3, ZONE",452N,77018,CLOSED,2022-12-09,02:15 PM
192359,Tree Trim,2022-12-09 02:47 PM,Tree Trim Inspection,TREEMAINTENANCE,"UF - JONES, CODY",5530 SPELLMAN RD,"7, ZONE",531W,77096,CLOSED,2022-12-09,02:47 PM
192360,Tree Trim,2022-12-09 02:48 PM,Tree Trim Inspection,TREEMAINTENANCE,"UF - BHATTARAI, NIMESH",5523 SPELLMAN RD,"7, ZONE",571B,77096,CLOSED,2022-12-09,02:48 PM
192361,Tree Trim,2022-12-09 02:54 PM,Tree Trim Inspection,TREEMAINTENANCE,"UF - BHATTARAI, NIMESH",5510 SPELLMAN RD,"7, ZONE",571B,77096,CLOSED,2022-12-09,02:54 PM
192362,Tree Trim,2022-12-09 02:56 PM,Tree Trim Inspection,TREEMAINTENANCE,"UF - JONES, CODY","5627 SPELLMAN RD,HOUSTON,77096","7, ZONE",571A,5153c,CLOSED,2022-12-09,02:56 PM
192363,Tree Trim,2022-12-09 02:56 PM,Tree Trim Inspection,TREEMAINTENANCE,"UF - JONES, CODY",5626 SPELLMAN RD,"7, ZONE",571A,77096,CLOSED,2022-12-09,02:56 PM
192364,Tree Trim,2022-12-09 02:58 PM,Tree Trim Inspection,TREEMAINTENANCE,"UF - JONES, CODY",5622 SPELLMAN RD,"7, ZONE",571A,77096,CLOSED,2022-12-09,02:58 PM
192365,Tree Trim,2022-12-09 02:58 PM,Tree Trim Inspection,TREEMAINTENANCE,"UF - JONES, CODY",5619 SPELLMAN RD,"7, ZONE",571A,77096,CLOSED,2022-12-09,02:58 PM
192366,Tree Trim,2022-12-09 02:59 PM,Tree Trim Inspection,TREEMAINTENANCE,"UF - JONES, CODY",5614 SPELLMAN RD,"7, ZONE",571A,77096,CLOSED,2022-12-09,02:59 PM
192367,Tree Trim,2022-12-09 03:00 PM,Tree Trim Inspection,TREEMAINTENANCE,"UF - JONES, CODY",5611 SPELLMAN RD,"7, ZONE",571A,77096,CLOSED,2022-12-09,03:00 PM
192368,Tree Trim,2022-12-09 03:01 PM,Tree Trim Inspection,TREEMAINTENANCE,"UF - JONES, CODY",5607 SPELLMAN RD,"7, ZONE",571A,77096,CLOSED,2022-12-09,03:01 PM
192369,Tree Trim,2022-12-09 03:07 PM,Tree Trim Inspection,TREEMAINTENANCE,"UF - JONES, CODY",5735 SPELLMAN RD,"7, ZONE",571A,77096,CLOSED,2022-12-09,03:07 PM
192370,Tree Trim,2022-12-09 03:09 PM,Tree Trim Inspection,TREEMAINTENANCE,"UF - JONES, CODY",5643 SPELLMAN RD,"7, ZONE",571A,77096,CLOSED,2022-12-09,03:09 PM
192371,Tree Trim,2022-12-09 03:11 PM,Tree Trim Inspection,TREEMAINTENANCE,"UF - JONES, CODY",5638 SPELLMAN RD,"7, ZONE",571A,77096,CLOSED,2022-12-09,03:11 PM
192372,Tree Trim,2022-12-09 03:14 PM,Tree Trim Inspection,TREEMAINTENANCE,"UF - JONES, CODY",5635 SPELLMAN RD,"7, ZONE",571A,77096,CLOSED,2022-12-09,03:14 PM
192373,Tree Trim,2022-12-09 03:17 PM,Tree Trim Inspection,TREEMAINTENANCE,"UF - JONES, CODY",5707 SPELLMAN RD,"7, ZONE",571A,77096,CLOSED,2022-12-09,03:17 PM
192374,Tree Trim,2022-12-09 03:19 PM,Tree Trim Inspection,TREEMAINTENANCE,"UF - JONES, CODY",5711 SPELLMAN RD,"7, ZONE",571A,77096,CLOSED,2022-12-09,03:19 PM
192375,Tree Trim,2022-12-09 03:20 PM,Tree Trim Inspection,TREEMAINTENANCE,"UF - JONES, CODY",5714 SPELLMAN RD,"7, ZONE",571A,77096,CLOSED,2022-12-09,03:20 PM
192376,Tree Trim,2022-12-09 03:22 PM,Tree Trim Inspection,TREEMAINTENANCE,"UF - JONES, CODY",5718 SPELLMAN RD,"7, ZONE",571A,77096,CLOSED,2022-12-09,03:22 PM
192377,Tree Trim,2022-12-09 03:23 PM,Tree Trim Inspection,TREEMAINTENANCE,"UF - JONES, CODY",5722 SPELLMAN RD,"7, ZONE",571A,77096,CLOSED,2022-12-09,03:23 PM
192378,Tree Trim,2022-12-09 03:23 PM,Tree Trim Inspection,TREEMAINTENANCE,"UF - JONES, CODY",5727 SPELLMAN RD,"7, ZONE",571A,77096,CLOSED,2022-12-09,03:23 PM
192379,Tree Trim,2022-12-09 03:27 PM,Tree Trim Inspection,TREEMAINTENANCE,"UF - JONES, CODY",5638 BENNING DR,"7, ZONE",531W,77096,CLOSED,2022-12-09,03:27 PM
192380,Tree Trim,2022-12-09 03:28 PM,Tree Trim Inspection,TREEMAINTENANCE,"UF - JONES, CODY",5702 SPELLMAN RD,"7, ZONE",571A,77096,CLOSED,2022-12-09,03:28 PM
192381,Tree Trim,2022-12-09 03:29 PM,Tree Trim Inspection,TREEMAINTENANCE,"UF - BURKES, JEREMY",5635 BENNING DR,"7, ZONE",531W,77096,CLOSED,2022-12-09,03:29 PM
192382,Tree Trim,2022-12-09 03:30 PM,Tree Trim Inspection,TREEMAINTENANCE,"UF - JONES, CODY",5635 BENNING DR,"7, ZONE",531W,77096,CLOSED,2022-12-09,03:30 PM
192383,Tree Trim,2022-12-09 03:35 PM,Tree Trim Inspection,TREEMAINTENANCE,"UF - JONES, CODY",5634 BENNING DR,"7, ZONE",531W,77096,CLOSED,2022-12-09,03:35 PM
192384,Tree Trim,2022-12-09 03:40 PM,Tree Trim Inspection,TREEMAINTENANCE,"UF - JONES, CODY",5622 BENNING DR,"7, ZONE",531W,77096,CLOSED,2022-12-09,03:40 PM
192385,Tree Trim,2022-12-09 03:41 PM,Tree Trim Inspection,TREEMAINTENANCE,"UF - JONES, CODY",5531 BENNING DR,"7, ZONE",531W,77096,CLOSED,2022-12-09,03:41 PM
192386,Tree Trim,2022-12-09 03:42 PM,Tree Trim Inspection,TREEMAINTENANCE,"UF - JONES, CODY",5534 BENNING DR,"7, ZONE",531W,77096,CLOSED,2022-12-09,03:42 PM
192387,Tree Trim,2022-12-09 03:42 PM,Tree Trim Inspection,TREEMAINTENANCE,"UF - JONES, CODY",5611 BENNING DR,"7, ZONE",531W,77096,CLOSED,2022-12-09,03:42 PM
192388,Tree Trim,2022-12-09 03:48 PM,Tree Trim Inspection,TREEMAINTENANCE,"UF - JONES, CODY",11119 RENWICK DR,"7, ZONE",531X,77096,CLOSED,2022-12-09,03:48 PM
192389,Tree Trim,2022-12-09 03:50 PM,Tree Trim Inspection,TREEMAINTENANCE,"UF - JONES, CODY",5522 BENNING DR,"7, ZONE",531X,77096,CLOSED,2022-12-09,03:50 PM
192390,Tree Trim,2022-12-09 03:56 PM,Tree Trim Inspection,TREEMAINTENANCE,"UF - JONES, CODY",10800 MULLINS DR,"7, ZONE",531W,77096,CLOSED,2022-12-09,03:56 PM
192391,Tree Trim,2022-12-09 03:57 PM,Tree Trim Inspection,TREEMAINTENANCE,"UF - GHIMIRE, GOPAL",10600 MULLINS DR,"7, ZONE",531W,77096,CLOSED,2022-12-09,03:57 PM
192392,Tree Trim,2022-12-09 03:57 PM,Tree Trim Inspection,TREEMAINTENANCE,"UF - BHATTARAI, NIMESH",5638 BELLFORT BLVD,"6, ZONE",534W,77033,CLOSED,2022-12-09,03:57 PM
192393,Tree Trim,2022-12-09 03:59 PM,Tree Trim Inspection,TREEMAINTENANCE,"UF - BHATTARAI, NIMESH",5510 BELLFORT ST,"6, ZONE",534W,77033,CLOSED,2022-12-09,03:59 PM
192394,Tree Trim,2022-12-09 04:10 PM,Tree Trim Inspection,TREEMAINTENANCE,"UF - JONES, CODY",10915 MULLINS DR,"7, ZONE",531W,77096,CLOSED,2022-12-09,04:10 PM
192395,Tree Trim,2022-12-09 04:14 PM,Tree Trim Inspection,TREEMAINTENANCE,"UF - JONES, CODY",10911 MULLINS DR,"7, ZONE",531W,77096,CLOSED,2022-12-09,04:14 PM
192396,Tree Trim,2022-12-09 04:18 PM,Tree Trim Inspection,TREEMAINTENANCE,"UF - JONES, CODY",11100 MULLINS DR,"7, ZONE",531W,77096,CLOSED,2022-12-09,04:18 PM
192397,Tree Trim,2022-12-09 04:22 PM,Tree Trim Inspection,TREEMAINTENANCE,"UF - JONES, CODY",11000 MULLINS DR,"7, ZONE",531W,77096,CLOSED,2022-12-09,04:22 PM
192398,Tree Trim,2022-12-09 04:25 PM,Tree Trim Inspection,TREEMAINTENANCE,"UF - GHIMIRE, GOPAL",10900 MULLINS DR,"7, ZONE",531W,77096,CLOSED,2022-12-09,04:25 PM
192399,Tree Trim,2022-12-09 04:32 PM,Tree Trim Inspection,TREEMAINTENANCE,"UF - GHIMIRE, GOPAL",11003 ATWELL DR,"7, ZONE",531X,77096,CLOSED,2022-12-09,04:32 PM
192400,Tree Trim,2022-12-09 04:33 PM,Tree Trim Inspection,TREEMAINTENANCE,"UF - GHIMIRE, GOPAL",11007 ATWELL DR,"7, ZONE",531X,77096,CLOSED,2022-12-09,04:33 PM
192401,Tree Trim,2022-12-09 04:35 PM,Tree Trim Inspection,TREEMAINTENANCE,"UF - GHIMIRE, GOPAL",11011 ATWELL DR,"7, ZONE",531X,77096,CLOSED,2022-12-09,04:35 PM
192402,Tree Trim,2022-12-09 04:35 PM,Tree Trim Inspection,TREEMAINTENANCE,"UF - GHIMIRE, GOPAL",11122 ATWELL DR,"7, ZONE",531X,77096,CLOSED,2022-12-09,04:35 PM
192403,Tree Trim,2022-12-09 04:37 PM,Tree Trim Inspection,TREEMAINTENANCE,"UF - GHIMIRE, GOPAL",11126 ATWELL DR,"7, ZONE",531X,77096,CLOSED,2022-12-09,04:37 PM
192404,Tree Trim,2022-12-09 04:39 PM,Tree Trim Inspection,TREEMAINTENANCE,"UF - JONES, CODY",10906 MULLINS DR,"7, ZONE",531W,77096,CLOSED,2022-12-09,04:39 PM
192405,Tree Trim,2022-12-09 09:51 PM,Tree Trim Inspection,TREEMAINTENANCE,"UF - JONES, CODY",2051 ELDRIDGE PKWY,"2, ZONE",488P,77077,CLOSED,2022-12-09,09:51 PM
192406,Tree Trim,2022-12-09 09:54 PM,Tree Trim Inspection,TREEMAINTENANCE,"UF - JONES, CODY",737 N ELDRIDGE PKWY,"2, ZONE",488G,77079,CLOSED,2022-12-09,09:54 PM
192407,Tree Trim,2022-12-10 09:04 AM,Tree Trim Inspection,TREEMAINTENANCE,"UF - JONES, CODY",2400 MCCUE RD,"2, ZONE",491U,77056,CLOSED,2022-12-10,09:04 AM
192408,Tree Removal,2022-12-10 02:58 PM,Tree Removal Inspection,TREEMAINTENANCE,"UF - ERICKSON, IAN",8200 N WAYSIDE DR,"4, ZONE",455F,77028,CLOSED,2022-12-10,02:58 PM
192409,Tree Removal,2022-12-10 02:58 PM,Tree Removal Inspection,TREEMAINTENANCE,"UF - ERICKSON, IAN",9000 N WAYSIDE DR,"4, ZONE",455F,77028,CLOSED,2022-12-10,02:58 PM
192410,Tree Trim,2022-12-11 12:46 AM,Tree Trim Inspection,TREEMAINTENANCE,"UF - JONES, CODY",1600 ELDRIDGE PKWY,"2, ZONE",488P,77077,CLOSED,2022-12-11,12:46 AM
192411,Tree Trim,2022-12-11 12:51 AM,Tree Trim Inspection,TREEMAINTENANCE,"UF - JONES, CODY",14211 BRIAR FOREST DR,"2, ZONE",488J,77077,CLOSED,2022-12-11,12:51 AM
192412,Tree Removal,2022-12-11 11:18 AM,Tree Removal Inspection,TREEMAINTENANCE,"UF - JONES, CODY",5874 GREENCRAIG DR,"7, ZONE",571E,77035,CLOSED,2022-12-11,11:18 AM
192413,Tree Trim,2022-12-11 11:54 AM,Tree Trim Inspection,TREEMAINTENANCE,"UF - JONES, CODY",1908 NORTH BLVD,"7, ZONE",492Z,77098,CLOSED,2022-12-11,11:54 AM
192414,Tree Trim,2022-12-11 08:05 PM,Tree Trim Inspection,TREEMAINTENANCE,"UF - ERICKSON, IAN",9007 ALLWOOD ST,"4, ZONE",454H,77016,CLOSED,2022-12-11,08:05 PM
192418,Tree Removal,2022-12-12 02:35 AM,Tree Removal Inspection,TREEMAINTENANCE,"UF - BURKES, JEREMY",10514 TENNETA DR,"2, ZONE",528Z,77099,CLOSED,2022-12-12,02:35 AM
192419,Tree Removal,2022-12-12 08:24 AM,Tree Removal Inspection,TREEMAINTENANCE,"UF - JONES, CODY",11703 PENDER LN,"2, ZONE",529W,77477,CLOSED,2022-12-12,08:24 AM
192421,Tree Removal,2022-12-12 09:39 AM,Tree Removal Inspection,TREEMAINTENANCE,"UF - JONES, CODY",2324 WATTS ST,"7, ZONE",532G,77030,CLOSED,2022-12-12,09:39 AM
192422,Tree Trim,2022-12-12 09:42 AM,Tree Trim Inspection,TREEMAINTENANCE,"UF - BHATTARAI, NIMESH",7634 LADY ST,"6, ZONE",533P,77021,CLOSED,2022-12-12,09:42 AM
192423,Tree Trim,2022-12-12 10:30 AM,Tree Trim Inspection,TREEMAINTENANCE,"UF - JONES, CODY",16607 PARK MANOR ST,"7, ZONE",611C,77053,CLOSED,2022-12-12,10:30 AM
192424,Tree Removal,2022-12-12 10:36 AM,Tree Removal Inspection,TREEMAINTENANCE,"UF - BHATTARAI, NIMESH",8950 GLENCREST ST,"6, ZONE",575B,77061,CLOSED,2022-12-12,10:36 AM
192426,Tree Removal,2022-12-12 12:59 PM,Tree Removal Inspection,TREEMAINTENANCE,"UF - BHATTARAI, NIMESH",7705 BUENA VISTA ST,"6, ZONE",535N,77087,CLOSED,2022-12-12,12:59 PM
192427,Tree Trim,2022-12-12 12:59 PM,Tree Trim Inspection,TREEMAINTENANCE,"UF - BHATTARAI, NIMESH",7725 BUENA VISTA ST,"6, ZONE",535N,77087,CLOSED,2022-12-12,12:59 PM
192428,Tree Trim,2022-12-12 01:01 PM,Tree Trim Inspection,TREEMAINTENANCE,"UF - BHATTARAI, NIMESH",7605 BUENA VISTA ST,"6, ZONE",535N,77087,CLOSED,2022-12-12,01:01 PM
192429,Tree Removal,2022-12-12 01:02 PM,Tree Removal Inspection,TREEMAINTENANCE,"UF - BHATTARAI, NIMESH",7715 BUENA VISTA ST,"6, ZONE",535N,77087,CLOSED,2022-12-12,01:02 PM
192430,Tree Trim,2022-12-12 01:53 PM,Tree Trim Inspection,TREEMAINTENANCE,"UF - ERICKSON, IAN",1920 EVERETT ST,"4, ZONE",493H,77009,CLOSED,2022-12-12,01:53 PM
192432,Tree Removal,2022-12-12 02:21 PM,Tree Removal Inspection,TREEMAINTENANCE,"UF - BHATTARAI, NIMESH",8943 INTERVALE ST,"6, ZONE",575M,77075,CLOSED,2022-12-12,02:21 PM
192433,Tree Removal,2022-12-12 02:23 PM,Tree Removal Inspection,TREEMAINTENANCE,"UF - JONES, CODY",14103 HILLVALE DR,"2, ZONE",488K,77077,CLOSED,2022-12-12,02:23 PM
192434,Tree Removal,2022-12-12 02:37 PM,Tree Removal Inspection,TREEMAINTENANCE,"UF - GHIMIRE, GOPAL",840 W 20TH ST,"3, ZONE",452U,77008,CLOSED,2022-12-12,02:37 PM
192435,Tree Trim,2022-12-12 02:49 PM,Tree Trim Inspection,TREEMAINTENANCE,"UF - JONES, CODY",9703 RIDDLEWOOD LN,"7, ZONE",532S,77025,CLOSED,2022-12-12,02:49 PM
192436,Tree Removal,2022-12-12 03:43 PM,Tree Removal Inspection,TREEMAINTENANCE,"UF - JONES, CODY",5119 QUEENSLOCH DR,"7, ZONE",531U,77096,CLOSED,2022-12-12,03:43 PM
192437,Tree Trim,2022-12-12 04:55 PM,Tree Trim Inspection,TREEMAINTENANCE,"UF - BHATTARAI, NIMESH",9421 ALMEDA GENOA RD,"6, ZONE",575R,77075,CLOSED,2022-12-12,04:55 PM
192438,Tree Removal,2022-12-13 12:11 AM,Tree Removal Inspection,TREEMAINTENANCE,"UF - BURKES, JEREMY",10514 TENNETA DR,"2, ZONE",528Z,77099,CLOSED,2022-12-13,12:11 AM
192440,Tree Removal,2022-12-13 07:59 AM,Tree Removal Inspection,TREEMAINTENANCE,"UF - BHATTARAI, NIMESH",200 BURR ST,"5, ZONE",494T,77011,CLOSED,2022-12-13,07:59 AM
192441,Tree Trim,2022-12-13 08:08 AM,Tree Trim Inspection,TREEMAINTENANCE,"UF - ERICKSON, IAN",201 65TH ST,"5, ZONE",494U,77011,CLOSED,2022-12-13,08:08 AM
192442,Tree Trim,2022-12-13 09:06 AM,Tree Trim Inspection,TREEMAINTENANCE,"UF - JONES, CODY",1515 BINZ ST,"7, ZONE",533B,77004,CLOSED,2022-12-13,09:06 AM
192443,Tree Trim,2022-12-13 09:27 AM,Tree Trim Inspection,TREEMAINTENANCE,"UF - JONES, CODY",14800 WHITE HEATHER DR,"7, ZONE",572S,77053,CLOSED,2022-12-13,09:27 AM
192445,Tree Removal,2022-12-13 10:22 AM,Tree Removal Inspection,TREEMAINTENANCE,"UF - JONES, CODY",1838 MARSHALL ST,"2, ZONE",492V,77098,CLOSED,2022-12-13,10:22 AM
192446,Tree Trim,2022-12-13 11:04 AM,Tree Trim Inspection,TREEMAINTENANCE,"UF - ERICKSON, IAN",1112 E 16TH ST,"3, ZONE",453W,77009,CLOSED,2022-12-13,11:04 AM
192447,Tree Code Violation,2022-12-13 11:49 AM,Tree Code Violation Inspection,TREEPROTECTION,"UF - JONES, CODY",7800 EASTHAVEN BLVD,"5, ZONE",575D,77017,CLOSED,2022-12-13,11:49 AM
192448,Tree Removal,2022-12-13 11:56 AM,Tree Removal Inspection,TREEMAINTENANCE,"UF - BHATTARAI, NIMESH",9611 E AVENUE J,"5, ZONE",535D,77012,CLOSED,2022-12-13,11:56 AM
192449,Tree Removal,2022-12-13 12:05 PM,Tree Removal Inspection,TREEMAINTENANCE,"UF - JONES, CODY",808 LOVETT BLVD,"2, ZONE",493S,77006,CLOSED,2022-12-13,12:05 PM
192451,Tree Trim,2022-12-13 01:30 PM,Tree Trim Inspection,TREEMAINTENANCE,"UF - JONES, CODY",8020 BRAESMAIN DR,"7, ZONE",532L,77025,CLOSED,2022-12-13,01:30 PM
192452,Tree Removal,2022-12-13 01:50 PM,Tree Removal Inspection,TREEMAINTENANCE,"UF - GHIMIRE, GOPAL",5747 HUMMINGBIRD ST,"7, ZONE",531W,77096,CLOSED,2022-12-13,01:50 PM
192453,Tree Trim,2022-12-13 01:52 PM,Tree Trim Inspection,TREEMAINTENANCE,"UF - BHATTARAI, NIMESH",5111 DICKENS RD,"6, ZONE",534F,77021,CLOSED,2022-12-13,01:52 PM
192454,Tree Removal,2022-12-13 01:58 PM,Tree Removal Inspection,TREEMAINTENANCE,"UF - BURKES, JEREMY",10514 TENNETA DR,"2, ZONE",528Z,77099,CLOSED,2022-12-13,01:58 PM
192455,Tree Removal,2022-12-13 02:20 PM,Tree Removal Inspection,TREEMAINTENANCE,"UF - BHATTARAI, NIMESH",5417 SOUTHLEA ST,"6, ZONE",534N,77033,CLOSED,2022-12-13,02:20 PM
192457,Tree Removal,2022-12-13 02:31 PM,Tree Removal Inspection,TREEMAINTENANCE,"UF - BHATTARAI, NIMESH",5031 HULL ST,"6, ZONE",534N,77021,CLOSED,2022-12-13,02:31 PM
192459,Tree Stump Grinding,2022-12-13 03:15 PM,Tree Stump Inspection,TREEMAINTENANCE,"UF - ERICKSON, IAN",403 WOODARD ST,"4, ZONE",453U,77009,CLOSED,2022-12-13,03:15 PM
192460,Tree Trim,2022-12-13 03:45 PM,Tree Trim Inspection,TREEMAINTENANCE,"UF - JONES, CODY",3500 ENGELKE ST,"5, ZONE",494N,77003,CLOSED,2022-12-13,03:45 PM
192461,Tree Removal,2022-12-13 04:39 PM,Tree Removal Inspection,TREEMAINTENANCE,"UF - BURKES, JEREMY",10514 TENNETA DR,"2, ZONE",528Z,77099,CLOSED,2022-12-13,04:39 PM
192462,Tree Removal,2022-12-13 06:07 PM,Tree Removal Inspection,TREEMAINTENANCE,"UF - BURKES, JEREMY",10514 TENNETA DR,"2, ZONE",528Z,77099,CLOSED,2022-12-13,06:07 PM
192463,Tree Removal,2022-12-13 07:48 PM,Tree Removal Inspection,TREEMAINTENANCE,"UF - BURKES, JEREMY",4704 INDEPENDENCE HEIGHTS LN,"3, ZONE",452M,77018,CLOSED,2022-12-13,07:48 PM
192465,Tree Trim,2022-12-14 08:19 AM,Tree Trim Inspection,TREEMAINTENANCE,"UF - ERICKSON, IAN",1418 E 33RD ST,"3, ZONE",453P,77022,CLOSED,2022-12-14,08:19 AM
192466,Tree Trim,2022-12-14 08:39 AM,Tree Trim Inspection,TREEMAINTENANCE,"UF - ERICKSON, IAN",27919 HUFFMAN CLEVELAND RD,"4, ZONE",298Z,77336,CLOSED,2022-12-14,08:39 AM
192467,Tree Removal,2022-12-14 09:22 AM,Tree Removal Inspection,TREEMAINTENANCE,"UF - JONES, CODY",9900 BRIAR FOREST DR,"2, ZONE",490N,77042,CLOSED,2022-12-14,09:22 AM
192468,Tree Removal,2022-12-14 09:31 AM,Tree Removal Inspection,TREEMAINTENANCE,"UF - GHIMIRE, GOPAL",2204 ARLINGTON ST,"3, ZONE",453S,77008,CLOSED,2022-12-14,09:31 AM
192469,Tree Removal,2022-12-14 09:35 AM,Tree Removal Inspection,TREEMAINTENANCE,"UF - BHATTARAI, NIMESH",7000 SANTA FE DR,"6, ZONE",574D,77061,CLOSED,2022-12-14,09:35 AM
192470,Tree Trim,2022-12-14 10:00 AM,Tree Trim Inspection,TREEMAINTENANCE,"UF - BHATTARAI, NIMESH",5000 TIMBER SHADE DR,"4, ZONE",337C,77345,CLOSED,2022-12-14,10:00 AM
192471,Tree Removal,2022-12-14 10:56 AM,Tree Removal Inspection,TREEMAINTENANCE,"UF - GHIMIRE, GOPAL",6817 CARVER RD,"3, ZONE",412W,77091,CLOSED,2022-12-14,10:56 AM
192472,Tree Removal,2022-12-14 11:08 AM,Tree Removal Inspection,TREEMAINTENANCE,"UF - JONES, CODY",8522 PRICHETT DR,"7, ZONE",531Q,77096,CLOSED,2022-12-14,11:08 AM
192473,Tree Trim,2022-12-14 12:33 PM,Tree Trim Inspection,TREEMAINTENANCE,"UF - ERICKSON, IAN",2322 GENTRY ST,"4, ZONE",493C,77009,CLOSED,2022-12-14,12:33 PM
192477,Tree Removal,2022-12-14 02:12 PM,Tree Removal Inspection,TREEMAINTENANCE,"UF - BHATTARAI, NIMESH",6129 CHAFFIN ST,"6, ZONE",534V,77087,CLOSED,2022-12-14,02:12 PM
192479,Tree Removal,2022-12-14 05:41 PM,Tree Removal Inspection,TREEMAINTENANCE,"UF - ERICKSON, IAN",905 SOLO ST,"5, ZONE",494G,77020,CLOSED,2022-12-14,05:41 PM
192481,Tree Trim,2022-12-15 09:00 AM,Tree Trim Inspection,TREEMAINTENANCE,"UF - BHATTARAI, NIMESH",8162 NILES ST,"5, ZONE",535Q,77017,CLOSED,2022-12-15,09:00 AM
192483,Tree Trim,2022-12-15 11:08 AM,Tree Trim Inspection,TREEMAINTENANCE,"UF - ERICKSON, IAN",808 WOODROW ST,"2, ZONE",493W,77006,CLOSED,2022-12-15,11:08 AM
192484,Tree Trim,2022-12-15 11:13 AM,Tree Trim Inspection,TREEMAINTENANCE,"UF - BHATTARAI, NIMESH",6900 BELLFORT ST,"6, ZONE",534Z,77087,CLOSED,2022-12-15,11:13 AM
192487,Tree Trim,2022-12-15 02:01 PM,Tree Trim Inspection,TREEMAINTENANCE,"UF - GHIMIRE, GOPAL","6603 MINOLA ST,HOUSTON,77007","2, ZONE",492F,5258d,CLOSED,2022-12-15,02:01 PM
192488,Tree Removal,2022-12-15 02:39 PM,Tree Removal Inspection,TREEMAINTENANCE,"UF - JONES, CODY",13910 AMBROSE ST,"7, ZONE",572P,77045,CLOSED,2022-12-15,02:39 PM
192489,Tree Trim,2022-12-15 03:18 PM,Tree Trim Inspection,TREEMAINTENANCE,"UF - ERICKSON, IAN",5750 GOLDEN FOREST DR,"3, ZONE",451F,77092,CLOSED,2022-12-15,03:18 PM
192490,Tree Trim,2022-12-15 03:19 PM,Tree Trim Inspection,TREEMAINTENANCE,"UF - GHIMIRE, GOPAL",7726 HOLLOW GLEN LN,"2, ZONE",528L,77072,CLOSED,2022-12-15,03:19 PM
192491,Tree Removal,2022-12-15 04:20 PM,Tree Removal Inspection,TREEMAINTENANCE,"UF - JONES, CODY",8747 SCHUMACHER LN,"2, ZONE",490Y,77063,CLOSED,2022-12-15,04:20 PM
192492,Tree Code Violation,2022-12-15 06:04 PM,Tree Code Violation Inspection,TREEPROTECTION,"UF - POLOVTSEV, SERA",3206 BOSTIC ST,"4, ZONE",454E,77093,CLOSED,2022-12-15,06:04 PM
192495,Tree Removal,2022-12-16 06:35 AM,Tree Removal Inspection,TREEMAINTENANCE,"UF - GHIMIRE, GOPAL",12299 BEECHNUT ST,"2, ZONE",529N,77072,CLOSED,2022-12-16,06:35 AM
192496,Tree Removal,2022-12-16 06:36 AM,Tree Removal Inspection,TREEMAINTENANCE,"UF - JONES, CODY",9575 Wilcrest Dr,"2, ZONE",529U,77099,CLOSED,2022-12-16,06:36 AM
192498,Tree Removal,2022-12-16 09:03 AM,Tree Removal Inspection,TREEMAINTENANCE,"UF - BHATTARAI, NIMESH",7634 LADY ST,"6, ZONE",533P,77021,CLOSED,2022-12-16,09:03 AM
192499,Tree Trim,2022-12-16 11:46 AM,Tree Trim Inspection,TREEMAINTENANCE,"UF - ERICKSON, IAN","3669 Eastex Fwy,  Houston,  Texas,  77026","4, ZONE",454W,77026,CLOSED,2022-12-16,11:46 AM
192500,Tree Removal,2022-12-16 12:41 PM,Tree Removal Inspection,TREEMAINTENANCE,"UF - BHATTARAI, NIMESH",9437 MERLE ST,"6, ZONE",574A,77033,CLOSED,2022-12-16,12:41 PM
192501,Tree Removal,2022-12-16 01:24 PM,Tree Removal Inspection,TREEMAINTENANCE,"UF - GHIMIRE, GOPAL",9623 LONG POINT RD,"3, ZONE",450X,77055,CLOSED,2022-12-16,01:24 PM
192502,Tree Trim,2022-12-16 10:32 PM,Tree Trim Inspection,TREEMAINTENANCE,"UF - BHATTARAI, NIMESH",1600 FLOWERS ST,"5, ZONE",534H,77087,CLOSED,2022-12-16,10:32 PM
192503,Tree Trim,2022-12-18 09:04 PM,Tree Trim Inspection,TREEMAINTENANCE,"UF - JONES, CODY",4103 LEMON TREE LN,"3, ZONE",411U,77088,CLOSED,2022-12-18,09:04 PM
192504,Tree Trim,2022-12-18 10:20 PM,Tree Trim Inspection,TREEMAINTENANCE,"UF - BHATTARAI, NIMESH",3000 BELLFORT ST,"6, ZONE",533X,77051,CLOSED,2022-12-18,10:20 PM
192506,Tree Removal,2022-12-19 07:34 AM,Tree Removal Inspection,TREEMAINTENANCE,"UF - BHATTARAI, NIMESH",3501 SOUTHMORE BLVD,"6, ZONE",533D,77004,CLOSED,2022-12-19,07:34 AM
192507,Tree Removal,2022-12-19 08:29 AM,Tree Removal Inspection,TREEMAINTENANCE,"UF - BHATTARAI, NIMESH",650 W RANKIN RD,"3, ZONE",372F,77014,CLOSED,2022-12-19,08:29 AM
192511,Tree Removal,2022-12-19 12:16 PM,Tree Removal Inspection,TREEMAINTENANCE,"UF - BHATTARAI, NIMESH",9305 INTERVALE ST,"6, ZONE",575M,77075,CLOSED,2022-12-19,12:16 PM
192512,Tree Removal,2022-12-19 12:43 PM,Tree Removal Inspection,TREEMAINTENANCE,"UF - BHATTARAI, NIMESH",8438 GULICK LN,"6, ZONE",575Q,77075,CLOSED,2022-12-19,12:43 PM
192514,Tree Trim,2022-12-19 02:23 PM,Tree Trim Inspection,TREEMAINTENANCE,"UF - BHATTARAI, NIMESH",13026 ROSECREST DR,"7, ZONE",571G,77045,CLOSED,2022-12-19,02:23 PM
192516,Tree Removal,2022-12-19 06:52 PM,Tree Removal Inspection,TREEMAINTENANCE,"UF - ERICKSON, IAN",700 UVALDE RD,"4, ZONE",497A,77015,CLOSED,2022-12-19,06:52 PM
192520,Tree Trim,2022-12-20 11:24 AM,Tree Trim Inspection,TREEMAINTENANCE,"UF - JONES, CODY",5346 PAISLEY ST,"7, ZONE",531T,77096,CLOSED,2022-12-20,11:24 AM
192521,Tree Trim,2022-12-20 12:52 PM,Tree Trim Inspection,TREEMAINTENANCE,"UF - ERICKSON, IAN",4001 SAN JACINTO ST,"2, ZONE",493X,77004,CLOSED,2022-12-20,12:52 PM
192524,Tree Removal,2022-12-20 02:14 PM,Tree Removal Inspection,TREEMAINTENANCE,"UF - BHATTARAI, NIMESH",5563 WINDING CREEK WAY,"5, ZONE",536S,77017,CLOSED,2022-12-20,02:14 PM
192526,Tree Planting,2022-12-20 02:39 PM,Tree Planting Inspection,TREEPROTECTION,"UF - POLOVTSEV, SERA","537 Frasier St,  Houston,  Texas,  77007","3, ZONE",493A,77007,CLOSED,2022-12-20,02:39 PM
192527,Tree Removal,2022-12-20 03:21 PM,Tree Removal Inspection,TREEMAINTENANCE,"UF - BHATTARAI, NIMESH",2037 PASADENA ST,"5, ZONE",534D,77023,CLOSED,2022-12-20,03:21 PM
192528,Tree Removal,2022-12-20 03:59 PM,Tree Removal Inspection,TREEMAINTENANCE,"UF - JONES, CODY",5131 BEECHNUT ST,"7, ZONE",531Q,77096,CLOSED,2022-12-20,03:59 PM
192529,Tree Removal,2022-12-20 04:53 PM,Tree Removal Inspection,TREEMAINTENANCE,"UF - ERICKSON, IAN",500 MAXEY RD,"4, ZONE",496C,77013,CLOSED,2022-12-20,04:53 PM
192532,Tree Removal,2022-12-21 09:56 AM,Tree Removal Inspection,TREEMAINTENANCE,"UF - BURKES, JEREMY",5619 STILLBROOKE DR,"7, ZONE",531W,77096,CLOSED,2022-12-21,09:56 AM
192533,Tree Removal,2022-12-21 10:27 AM,Tree Removal Inspection,TREEMAINTENANCE,"UF - JONES, CODY",2220 NAOMI ST,"7, ZONE",532R,77054,CLOSED,2022-12-21,10:27 AM
192535,Tree Removal,2022-12-21 11:30 AM,Tree Removal Inspection,TREEMAINTENANCE,"UF - JONES, CODY",3110 DRUID ST,"3, ZONE",411Z,77091,CLOSED,2022-12-21,11:30 AM
192536,Tree Trim,2022-12-21 12:06 PM,Tree Trim Inspection,TREEMAINTENANCE,"UF - BHATTARAI, NIMESH",2310 HIALEAH DR,"3, ZONE",451M,77018,CLOSED,2022-12-21,12:06 PM
192538,Tree Removal,2022-12-21 01:55 PM,Tree Removal Inspection,TREEMAINTENANCE,"UF - JONES, CODY",11100 PLAINFIELD RD,"7, ZONE",570A,77031,CLOSED,2022-12-21,01:55 PM
192541,Tree Removal,2022-12-21 02:48 PM,Tree Removal Inspection,TREEMAINTENANCE,"UF - JONES, CODY",7000 SANTA FE DR,"6, ZONE",574D,77061,CLOSED,2022-12-21,02:48 PM
192542,Tree Removal,2022-12-21 03:04 PM,Tree Removal Inspection,TREEMAINTENANCE,"UF - ERICKSON, IAN",7213 BYWOOD ST,"4, ZONE",454H,77028,CLOSED,2022-12-21,03:04 PM
192543,Tree Stump Grinding,2022-12-22 12:54 AM,Tree Stump Inspection,TREEMAINTENANCE,"UF - ERICKSON, IAN",612 E 12TH ST,"3, ZONE",453W,77008,CLOSED,2022-12-22,12:54 AM
192544,Tree Removal,2022-12-22 01:26 AM,Tree Removal Inspection,TREEMAINTENANCE,"UF - POLOVTSEV, SERA",6223 HOLLY SPRINGS DR,"2, ZONE",491N,77057,CLOSED,2022-12-22,01:26 AM
192545,Tree Trim,2022-12-22 03:34 AM,Tree Trim Inspection,TREEMAINTENANCE,"UF - GHIMIRE, GOPAL",1802 W 25TH ST,"3, ZONE",452T,77008,CLOSED,2022-12-22,03:34 AM
192546,Tree Removal,2022-12-22 05:19 AM,Tree Removal Inspection,TREEMAINTENANCE,"UF - BURKES, JEREMY",5619 STILLBROOKE DR,"7, ZONE",531W,77096,CLOSED,2022-12-22,05:19 AM
192548,Tree Trim,2022-12-22 09:57 AM,Tree Trim Inspection,TREEMAINTENANCE,"UF - GHIMIRE, GOPAL",1802 W 25TH ST,"3, ZONE",452T,77008,CLOSED,2022-12-22,09:57 AM
192566,Tree Removal,2022-12-22 03:20 PM,Tree Removal Inspection,TREEMAINTENANCE,"UF - GHIMIRE, GOPAL",857 GRANVILLE DR,"3, ZONE",412Y,77091,CLOSED,2022-12-22,03:20 PM
192567,Tree Removal,2022-12-22 07:33 PM,Tree Removal Inspection,TREEMAINTENANCE,"UF - JONES, CODY",200 VANDERPOOL LN,"2, ZONE",490J,77024,CLOSED,2022-12-22,07:33 PM
192568,Tree Removal,2022-12-24 04:08 AM,Tree Removal Inspection,TREEMAINTENANCE,"UF - JONES, CODY",8101 MAIN ST,"7, ZONE",532L,77025,CLOSED,2022-12-24,04:08 AM
192569,Tree Removal,2022-12-24 04:09 AM,Tree Removal Inspection,TREEMAINTENANCE,"UF - JONES, CODY",15115 WESTHEIMER RD,"2, ZONE",487V,77082,CLOSED,2022-12-24,04:09 AM
192570,Tree Removal,2022-12-24 01:58 PM,Tree Removal Inspection,TREEMAINTENANCE,"UF - BHATTARAI, NIMESH",6657 NORTHDALE ST,"6, ZONE",534Y,77087,CLOSED,2022-12-24,01:58 PM
192571,Tree Removal,2022-12-24 04:48 PM,Tree Removal Inspection,TREEMAINTENANCE,"UF - ERICKSON, IAN",414 E CROSSTIMBERS ST,"4, ZONE",453L,77022,CLOSED,2022-12-24,04:48 PM
192572,Tree Removal,2022-12-24 04:49 PM,Tree Removal Inspection,TREEMAINTENANCE,"UF - ERICKSON, IAN",98 E CROSSTIMBERS ST,"4, ZONE",453K,77022,CLOSED,2022-12-24,04:49 PM
192573,Tree Trim,2022-12-24 06:50 PM,Tree Trim Inspection,TREEMAINTENANCE,"UF - GHIMIRE, GOPAL",1802 W 25TH ST,"3, ZONE",452T,77008,CLOSED,2022-12-24,06:50 PM
192574,Tree Stump Grinding,2022-12-24 06:51 PM,Tree Stump Inspection,TREEMAINTENANCE,"UF - GHIMIRE, GOPAL",612 E 12TH ST,"3, ZONE",453W,77008,CLOSED,2022-12-24,06:51 PM
192575,Tree Removal,2022-12-24 06:55 PM,Tree Removal Inspection,TREEMAINTENANCE,"UF - JONES, CODY",8101 MAIN ST,"7, ZONE",532L,77025,CLOSED,2022-12-24,06:55 PM
192576,Tree Removal,2022-12-24 06:56 PM,Tree Removal Inspection,TREEMAINTENANCE,"UF - JONES, CODY",15115 WESTHEIMER RD,"2, ZONE",487V,77082,CLOSED,2022-12-24,06:56 PM
192577,Tree Removal,2022-12-24 06:56 PM,Tree Removal Inspection,TREEMAINTENANCE,"UF - BURKES, JEREMY",200 VANDERPOOL LN,"2, ZONE",490J,77024,CLOSED,2022-12-24,06:56 PM
192578,Tree Removal,2022-12-24 06:56 PM,Tree Removal Inspection,TREEMAINTENANCE,"UF - GHIMIRE, GOPAL",857 GRANVILLE DR,"3, ZONE",412Y,77091,CLOSED,2022-12-24,06:56 PM
192579,Tree Removal,2022-12-24 06:57 PM,Tree Removal Inspection,TREEMAINTENANCE,"UF - JONES, CODY",5619 STILLBROOKE DR,"7, ZONE",531W,77096,CLOSED,2022-12-24,06:57 PM
192580,Tree Removal,2022-12-24 06:57 PM,Tree Removal Inspection,TREEMAINTENANCE,"UF - POLOVTSEV, SERA",6223 HOLLY SPRINGS DR,"2, ZONE",491N,77057,CLOSED,2022-12-24,06:57 PM
192581,Tree Removal,2022-12-25 12:11 PM,Tree Removal Inspection,TREEMAINTENANCE,"UF - JONES, CODY",11799 HIGHGROVE DR,"2, ZONE",489N,77077,CLOSED,2022-12-25,12:11 PM
192582,Tree Removal,2022-12-26 01:58 PM,Tree Removal Inspection,TREEMAINTENANCE,"UF - BHATTARAI, NIMESH",2319 BREWSTER ST,"4, ZONE",494A,77026,CLOSED,2022-12-26,01:58 PM
192583,Tree Trim,2022-12-27 01:02 AM,Tree Trim Inspection,TREEMAINTENANCE,"UF - JONES, CODY",3000 MURWORTH DR,"7, ZONE",532P,77025,CLOSED,2022-12-27,01:02 AM
192591,Tree Removal,2022-12-27 11:08 AM,Tree Removal Inspection,TREEMAINTENANCE,"UF - ERICKSON, IAN",4423 NOBLE ST,"4, ZONE",494B,77020,CLOSED,2022-12-27,11:08 AM
192594,Tree Removal,2022-12-27 12:27 PM,Tree Removal Inspection,TREEMAINTENANCE,"UF - BHATTARAI, NIMESH",5255 COSBY ST,"6, ZONE",534N,77021,CLOSED,2022-12-27,12:27 PM
192595,Tree Trim,2022-12-27 01:22 PM,Tree Trim Inspection,TREEMAINTENANCE,"UF - BHATTARAI, NIMESH",13215 FOREST PINES VILLAGE LN,"3, ZONE",372K,77067,CLOSED,2022-12-27,01:22 PM
192596,Tree Removal,2022-12-27 03:00 PM,Tree Removal Inspection,TREEMAINTENANCE,"UF - ERICKSON, IAN",3515 ROSALIE ST,"6, ZONE",493Z,77004,CLOSED,2022-12-27,03:00 PM
192597,Tree Trim,2022-12-27 04:10 PM,Tree Trim Inspection,TREEMAINTENANCE,"UF - JONES, CODY",770 N ELDRIDGE PKWY,"2, ZONE",488G,77079,CLOSED,2022-12-27,04:10 PM
192598,Tree Removal,2022-12-27 05:12 PM,Tree Removal Inspection,TREEMAINTENANCE,"UF - GHIMIRE, GOPAL",525 HEIGHTS BLVD,"3, ZONE",493A,77007,CLOSED,2022-12-27,05:12 PM
192609,Tree Removal,2022-12-28 08:59 AM,Tree Removal Inspection,TREEMAINTENANCE,"UF - GHIMIRE, GOPAL",11200 STANCLIFF RD,"2, ZONE",529X,77099,CLOSED,2022-12-28,08:59 AM
192610,Tree Removal,2022-12-28 09:25 AM,Tree Removal Inspection,TREEMAINTENANCE,"UF - POLOVTSEV, SERA",12022 WHITTINGTON DR,"2, ZONE",489N,77077,CLOSED,2022-12-28,09:25 AM
192611,Tree Trim,2022-12-28 09:53 AM,Tree Trim Inspection,TREEMAINTENANCE,"UF - GHIMIRE, GOPAL",1407 SPRINGROCK LN,"3, ZONE",450X,77055,CLOSED,2022-12-28,09:53 AM
192613,Tree Removal,2022-12-28 10:10 AM,Tree Removal Inspection,TREEMAINTENANCE,"UF - ERICKSON, IAN",204 ROYDER ST,"4, ZONE",453Y,77009,CLOSED,2022-12-28,10:10 AM
192615,Tree Removal,2022-12-28 01:43 PM,Tree Removal Inspection,TREEMAINTENANCE,"UF - BHATTARAI, NIMESH",5234 COSBY ST,"6, ZONE",534N,77021,CLOSED,2022-12-28,01:43 PM
192617,Tree Removal,2022-12-28 04:01 PM,Tree Removal Inspection,TREEMAINTENANCE,"UF - BHATTARAI, NIMESH",12005 LOMCREST ST,"7, ZONE",570M,77085,CLOSED,2022-12-28,04:01 PM
192619,Tree Removal,2022-12-29 09:37 AM,Tree Removal Inspection,TREEMAINTENANCE,"UF - JONES, CODY",3501 CHENEVERT ST,"2, ZONE",493Y,77004,CLOSED,2022-12-29,09:37 AM
192620,Tree Removal,2022-12-29 11:04 AM,Tree Removal Inspection,TREEMAINTENANCE,"UF - GHIMIRE, GOPAL","1212 REINERMAN ST,HOUSTON,77007","2, ZONE",492G,5258d,CLOSED,2022-12-29,11:04 AM
192621,Tree Trim,2022-12-29 11:36 AM,Tree Trim Inspection,TREEMAINTENANCE,"UF - GHIMIRE, GOPAL",HEIGHTS BLVD & W 10TH ST,"3, ZONE",493A,77008,CLOSED,2022-12-29,11:36 AM
192622,Tree Removal,2022-12-29 12:34 PM,Tree Removal Inspection,TREEMAINTENANCE,"UF - BHATTARAI, NIMESH",12530 N GARDEN ST,"7, ZONE",570F,77071,CLOSED,2022-12-29,12:34 PM
192625,Tree Stump Grinding,2022-12-29 02:41 PM,Tree Stump Inspection,TREEMAINTENANCE,"UF - ERICKSON, IAN",803 CROSSTIMBERS ST,"3, ZONE",453J,77022,CLOSED,2022-12-29,02:41 PM
192626,Tree Removal,2022-12-29 03:21 PM,Tree Removal Inspection,TREEMAINTENANCE,"UF - BHATTARAI, NIMESH",5607 MAPLE SQUARE DR,"4, ZONE",297N,77339,CLOSED,2022-12-29,03:21 PM
192627,Tree Removal,2022-12-29 04:10 PM,Tree Removal Inspection,TREEMAINTENANCE,"UF - JONES, CODY",1501 ENNIS ST,"5, ZONE",493V,77003,CLOSED,2022-12-29,04:10 PM
192630,Tree Removal,2022-12-30 09:07 AM,Tree Removal Inspection,TREEMAINTENANCE,"UF - BHATTARAI, NIMESH",109 LUETTA ST,"4, ZONE",453B,77076,CLOSED,2022-12-30,09:07 AM
192631,Tree Trim,2022-12-30 10:14 AM,Tree Trim Inspection,TREEMAINTENANCE,"UF - ERICKSON, IAN",4609 MCKINNEY ST,"5, ZONE",494T,77023,CLOSED,2022-12-30,10:14 AM
192632,Tree Trim,2022-12-30 10:26 AM,Tree Trim Inspection,TREEMAINTENANCE,"UF - GHIMIRE, GOPAL",5814 CLAREWOOD DR,"7, ZONE",531F,77081,CLOSED,2022-12-30,10:26 AM
192633,Tree Trim,2022-12-30 11:36 AM,Tree Trim Inspection,TREEMAINTENANCE,"UF - ERICKSON, IAN",7011 CAPITOL ST,"5, ZONE",494Z,77011,CLOSED,2022-12-30,11:36 AM
192634,Tree Trim,2022-12-30 12:21 PM,Tree Trim Inspection,TREEMAINTENANCE,"UF - ERICKSON, IAN",1033 KRESS ST,"5, ZONE",494H,77020,CLOSED,2022-12-30,12:21 PM
192635,Tree Removal,2022-12-30 01:50 PM,Tree Removal Inspection,TREEMAINTENANCE,"UF - ERICKSON, IAN","110 SANDY LN,HOUSTON,77336","4, ZONE",299W,6070a,CLOSED,2022-12-30,01:50 PM
192636,Tree Trim,2022-12-30 03:06 PM,Tree Trim Inspection,TREEMAINTENANCE,"UF - JONES, CODY",11034 ENSBROOK DR,"2, ZONE",569B,77099,CLOSED,2022-12-30,03:06 PM
192637,Tree Stump Grinding,2022-12-30 03:53 PM,Tree Stump Inspection,TREEMAINTENANCE,"UF - JONES, CODY",1931 NORTH BLVD,"7, ZONE",492Z,77098,CLOSED,2022-12-30,03:53 PM
192638,Tree Removal,2022-12-30 04:53 PM,Tree Removal Inspection,TREEMAINTENANCE,"UF - BHATTARAI, NIMESH",11707 MARTIN LUTHER KING BLVD,"6, ZONE",574J,77048,CLOSED,2022-12-30,04:53 PM
