"sr_num","service_type","days_to_service"
"170496",Tree Removal,51
"196180",Tree Removal,51
"196514",Tree Trim,75
"194566",Tree Removal,51
"222843",Tree Trim,75
"222842",Tree Trim,75
"194468",Tree Removal,51
"195815",Tree Removal,51
"222834",Tree Removal,51
"203686",Tree Removal,51
"222830",Tree Trim,75
"222829",Tree Trim,75
"194213",Tree Removal,51
"222827",Tree Trim,75
"197686",Tree Removal,51
"170268",Tree Trim,75
"222824",Tree Trim,75
"193972",Tree Trim,75
"196542",Tree Trim,75
"222820",Tree Removal,51
"195334",Tree Removal,51
"222815",Tree Removal,51
"222810",Tree Trim,75
"171913",Tree Removal,51
"179228",Tree Trim,38
"185129",Tree Removal,51
"195575",Tree Removal,51
"222806",Tree Removal,51
"194961",Tree Trim,75
"222804",Tree Removal,51
"197977",Tree Removal,51
"171233",Tree Trim,75
"222798",Tree Removal,51
"199586",Tree Removal,51
"199570",Tree Trim,75
"222794",Tree Trim,75
"194277",Tree Trim,75
"171146",Tree Trim,75
"194676",Tree Trim,75
"170905",Tree Removal,51
"197988",Tree Trim,75
"222789",Tree Removal,51
"222788",Tree Trim,75
"222787",Tree Trim,75
"222783",Tree Trim,75
"195122",Tree Removal,51
"195355",Tree Removal,51
"222777",Tree Removal,51
"171609",Tree Removal,51
"186930",Tree Trim,75
"171766",Tree Removal,51
"172906",Tree Trim,75
"173122",Tree Trim,75
"222775",Tree Stump Grinding,116
"179171",Tree Removal,
"179276",Tree Trim,
"196886",Tree Removal,51
"180177",Tree Trim,
"222771",Tree Trim,75
"195789",Tree Removal,51
"195782",Tree Removal,51
"196302",Tree Removal,51
"222763",Tree Trim,75
"222765",Tree Removal,51
"196005",Tree Trim,75
"222761",Tree Trim,75
"196070",Tree Trim,75
"196735",Tree Trim,75
"197216",Tree Trim,75
"222754",Tree Trim,75
"197607",Tree Trim,75
"180565",Tree Trim,75
"222750",Tree Removal,51
"222748",Tree Removal,51
"180491",Tree Trim,75
"198192",Tree Trim,75
"200170",Tree Stump Grinding,116
"222744",Tree Trim,75
"198363",Tree Removal,51
"203189",Tree Removal,51
"198067",Tree Removal,51
"182741",Tree Trim,75
"183053",Tree Trim,75
"182803",Tree Trim,75
"205176",Tree Trim,75
"199900",Tree Removal,51
"199883",Tree Removal,51
"198109",Tree Trim,75
"208805",Tree Removal,51
"200946",Tree Removal,51
"201438",Tree Trim,75
"201943",Tree Removal,51
"182978",Tree Trim,75
"184477",Tree Trim,75
"202115",Tree Removal,51
"209437",Tree Stump Grinding,116
"182786",Tree Removal,51
"217758",Tree Removal,51
"214910",Tree Removal,51
"184659",Tree Trim,75
"222708",Tree Removal,51
"222706",Tree Removal,51
"184675",Tree Removal,51
"185319",Tree Removal,51
"202955",Tree Trim,75
"205348",Tree Stump Grinding,116
"171275",Tree Removal,51
"222701",Tree Code Violation,52
"222700",Tree Removal,51
"209759",Tree Removal,51
"203634",Tree Trim,75
"222693",Tree Removal,51
"206217",Tree Trim,75
"222689",Tree Removal,51
"203839",Tree Trim,75
"215239",Tree Trim,75
"212847",Tree Removal,51
"222683",Tree Removal,51
"218286",Tree Trim,75
"212582",Tree Trim,75
"211438",Tree Removal,51
"206101",Tree Trim,75
"222677",Tree Trim,75
"222676",Tree Trim,75
"210073",Tree Removal,51
"211612",Tree Removal,51
"207106",Tree Removal,51
"222671",Tree Trim,75
"207874",Tree Trim,75
"222669",Tree Trim,75
"222667",Tree Trim,75
"170427",Tree Trim,75
"221832",Tree Removal,51
"214954",Tree Trim,75
"222662",Tree Trim,75
"222661",Tree Trim,75
"207634",Tree Removal,51
"210869",Tree Removal,51
"186755",Tree Trim,75
"209760",Tree Trim,75
"170420",Tree Trim,75
"171277",Tree Removal,51
"222657",Tree Trim,75
"222654",Tree Trim,75
"208768",Tree Removal,51
"208149",Tree Removal,51
"208816",Tree Removal,51
"222650",Tree Trim,75
"218458",Tree Removal,51
"170762",Tree Removal,51
"222645",Tree Trim,75
"214252",Tree Removal,51
"222644",Tree Removal,51
"216052",Tree Trim,75
"222694",Tree Removal,55
"214341",Tree Removal,51
"208914",Tree Trim,75
"222631",Tree Trim,75
"212420",Tree Trim,75
"186708",Tree Trim,75
"222625",Tree Removal,51
"210082",Tree Removal,51
"211411",Tree Removal,51
"186727",Tree Removal,51
"222612",Tree Trim,75
"218071",Tree Removal,51
"210786",Tree Removal,51
"222608",Tree Trim,75
"187066",Tree Trim,75
"213123",Tree Trim,75
"211107",Tree Removal,52
"171374",Tree Removal,51
"214928",Tree Removal,121
"170421",Tree Trim,75
"222602",Tree Trim,75
"217059",Tree Removal,51
"219467",Tree Stump Grinding,116
"170527",Tree Trim,75
"170763",Tree Trim,75
"222595",Tree Code Violation,52
"171338",Tree Trim,75
"170533",Tree Trim,75
"222622",Tree Removal,51
"171527",Tree Trim,75
"170033",Tree Trim,75
"170076",Tree Removal,51
"170078",Tree Removal,51
"170075",Tree Removal,51
"170008",Tree Removal,51
"170158",Tree Trim,75
"212080",Tree Removal,51
"211696",Tree Removal,51
"212551",Tree Stump Grinding,116
"213922",Tree Removal,51
"222574",Tree Trim,75
"170970",Tree Removal,51
"215698",Tree Removal,51
"215140",Tree Removal,51
"209840",Tree Trim,75
"212893",Tree Trim,75
"170095",Tree Trim,75
"222559",Tree Trim,75
"215637",Tree Removal,51
"216258",Tree Trim,75
"221158",Tree Trim,75
"213522",Tree Trim,75
"222548",Tree Removal,51
"216316",Tree Trim,75
"170186",Tree Removal,51
"170181",Tree Removal,51
"213819",Tree Trim,75
"222541",Tree Trim,75
"217933",Tree Trim,75
"216383",Tree Trim,75
"222534",Tree Trim,75
"222535",Tree Trim,75
"170245",Tree Removal,51
"170091",Tree Removal,51
"169960",Tree Trim,75
"222533",Tree Trim,75
"222531",Tree Trim,75
"222519",Tree Trim,75
"222518",Tree Trim,75
"215521",Tree Removal,51
"170052",Tree Trim,75
"216090",Tree Trim,75
"216825",Tree Trim,75
"222511",Tree Trim,75
"222508",Tree Trim,75
"170338",Tree Trim,75
"222509",Tree Trim,75
"170243",Tree Removal,51
"217988",Tree Removal,51
"216612",Tree Trim,75
"222772",Tree Removal,51
"222504",Tree Planting,25
"170046",Tree Removal,51
"170463",Tree Removal,51
"170487",Tree Removal,51
"222500",Tree Removal,51
"169965",Tree Removal,51
"169966",Tree Removal,51
"170607",Tree Removal,51
"169938",Tree Removal,51
"170635",Tree Removal,51
"221167",Tree Trim,75
"217356",Tree Trim,75
"222490",Tree Trim,75
"170495",Tree Removal,51
"169969",Tree Trim,75
"170572",Tree Removal,51
"169961",Tree Removal,51
"217361",Tree Removal,51
"217828",Tree Trim,75
"170020",Tree Trim,75
"170631",Tree Trim,75
"170188",Tree Removal,51
"170036",Tree Trim,75
"219037",Tree Trim,75
"222482",Tree Trim,75
"222481",Tree Trim,75
"170044",Tree Removal,51
"222647",Tree Removal,51
"222479",Tree Removal,51
"222707",Tree Trim,75
"170102",Tree Removal,51
"222473",Tree Removal,51
"216751",Tree Removal,51
"170004",Tree Trim,75
"170709",Tree Removal,51
"169973",Tree Removal,51
"170065",Tree Removal,51
"220241",Tree Removal,51
"222220",Tree Trim,75
"170730",Tree Removal,51
"222469",Tree Removal,51
"170064",Tree Removal,51
"170742",Tree Removal,51
"170034",Tree Trim,75
"222459",Tree Removal,51
"170654",Tree Trim,75
"222467",Tree Removal,51
"170692",Tree Trim,75
"169980",Tree Trim,75
"170090",Tree Removal,51
"170153",Tree Trim,75
"169956",Tree Trim,75
"169974",Tree Trim,75
"170066",Tree Removal,51
"219432",Tree Removal,51
"170756",Tree Removal,51
"170803",Tree Removal,51
"219518",Tree Trim,75
"221079",Tree Removal,51
"222457",Tree Trim,75
"222456",Tree Trim,75
"222455",Tree Trim,75
"222454",Tree Trim,75
"222450",Tree Trim,75
"222648",Tree Removal,51
"221130",Tree Removal,51
"222446",Tree Trim,75
"169943",Tree Trim,75
"222599",Tree Removal,51
"221466",Tree Removal,51
"221727",Tree Removal,51
"222507",Tree Trim,75
"222485",Tree Removal,51
"222503",Tree Removal,51
"222681",Tree Trim,75
"222491",Tree Trim,77
"222492",Tree Trim,77
"222428",Tree Trim,75
"222668",Tree Removal,51
"170345",Tree Trim,75
"222770",Tree Trim,75
"222425",Tree Removal,51
"222423",Tree Trim,75
"222422",Tree Trim,75
"222421",Tree Trim,75
"222709",Tree Trim,75
"220093",Tree Removal,51
"222418",Tree Removal,51
"194227",Tree Trim,75
"222416",Tree Removal,51
"197327",Tree Trim,75
"200133",Tree Trim,75
"200328",Tree Removal,51
"222411",Tree Trim,75
"170176",Tree Trim,75
"170586",Tree Trim,75
"170200",Tree Removal,51
"170662",Tree Trim,75
"222408",Tree Trim,75
"219260",Tree Trim,75
"222406",Tree Trim,75
"222495",Tree Trim,78
"222405",Tree Removal,51
"170160",Tree Removal,51
"222404",Tree Trim,75
"208817",Tree Trim,75
"222729",Tree Removal,51
"215845",Tree Trim,75
"222004",Tree Removal,51
"205936",Tree Removal,51
"212923",Tree Removal,51
"222395",Tree Trim,75
"222435",Tree Trim,75
"222384",Tree Removal,51
"222375",Tree Trim,75
"222370",Tree Trim,75
"212735",Tree Trim,75
"216586",Tree Removal,51
"222367",Tree Trim,75
"222348",Tree Removal,51
"222345",Tree Trim,75
"222344",Tree Trim,75
"222338",Tree Trim,75
"222333",Tree Removal,51
"222335",Tree Trim,75
"169983",Tree Trim,75
"222328",Tree Trim,75
"222330",Tree Removal,51
"222307",Tree Stump Grinding,116
"222315",Tree Removal,51
"222284",Tree Removal,51
"222311",Tree Trim,75
"222310",Tree Trim,75
"222283",Tree Trim,75
"222294",Tree Trim,75
"222286",Tree Trim,75
"222285",Tree Trim,75
"169984",Tree Trim,75
"222279",Tree Trim,75
"222278",Tree Removal,51
"222223",Tree Trim,75
"170826",Tree Trim,75
"222265",Tree Removal,51
"170026",Tree Trim,75
"222236",Tree Trim,75
"222227",Tree Removal,51
"222217",Tree Removal,51
"222213",Tree Trim,75
"222209",Tree Trim,75
"222215",Tree Trim,75
"222189",Tree Stump Grinding,116
"222184",Tree Trim,75
"222185",Tree Removal,51
"222180",Tree Removal,51
"222169",Tree Removal,51
"222158",Tree Removal,51
"222159",Tree Trim,75
"222145",Tree Removal,51
"222143",Tree Removal,51
"222139",Tree Trim,75
"222138",Tree Trim,75
"222137",Tree Trim,75
"222136",Tree Removal,51
"222135",Tree Removal,51
"222133",Tree Trim,75
"222130",Tree Trim,75
"222129",Tree Trim,75
"169979",Tree Trim,75
"222126",Tree Trim,75
"222124",Tree Removal,51
"222123",Tree Trim,75
"222122",Tree Trim,75
"222110",Tree Trim,75
"222118",Tree Trim,75
"222115",Tree Trim,75
"222107",Tree Removal,51
"222102",Tree Trim,75
"222096",Tree Removal,51
"222092",Tree Removal,51
"222085",Tree Removal,51
"222080",Tree Removal,51
"222079",Tree Removal,51
"222057",Tree Trim,75
"222075",Tree Stump Grinding,116
"222062",Tree Removal,51
"222058",Tree Trim,75
"222050",Tree Removal,51
"222042",Tree Trim,75
"222008",Tree Trim,75
"221982",Tree Trim,75
"222002",Tree Trim,75
"221973",Tree Removal,51
"221990",Tree Trim,75
"221987",Tree Trim,75
"170128",Tree Trim,75
"221983",Tree Trim,75
"170083",Tree Removal,51
"221975",Tree Removal,51
"221971",Tree Removal,51
"221927",Tree Removal,51
"221962",Tree Trim,75
"221961",Tree Stump Grinding,116
"221960",Tree Trim,75
"221959",Tree Trim,75
"221954",Tree Trim,75
"221998",Tree Code Violation,53
"221948",Tree Removal,51
"221945",Tree Removal,51
"221939",Tree Code Violation,52
"221935",Tree Trim,75
"221926",Tree Trim,75
"221925",Tree Trim,75
"221922",Tree Trim,75
"221910",Tree Removal,51
"221917",Tree Removal,51
"170209",Tree Trim,75
"170242",Tree Trim,75
"170577",Tree Removal,51
"170271",Tree Removal,51
"170785",Tree Removal,51
"170045",Tree Trim,75
"170202",Tree Removal,51
"170262",Tree Removal,51
"169972",Tree Trim,75
"170173",Tree Trim,75
"170358",Tree Removal,51
"170406",Tree Trim,75
"170476",Tree Removal,51
"170201",Tree Removal,51
"170491",Tree Trim,75
"170489",Tree Trim,75
"170500",Tree Removal,51
"170641",Tree Trim,75
"221908",Tree Trim,75
"221909",Tree Trim,75
"170218",Tree Trim,75
"221902",Tree Trim,75
"170605",Tree Trim,75
"221901",Tree Trim,75
"221899",Tree Removal,51
"221897",Tree Removal,51
"221894",Tree Trim,75
"221885",Tree Removal,51
"170664",Tree Trim,75
"221882",Tree Trim,75
"221883",Tree Removal,51
"221874",Tree Trim,75
"221871",Tree Trim,75
"221870",Tree Removal,51
"170595",Tree Trim,75
"221866",Tree Trim,75
"170057",Tree Trim,75
"170350",Tree Removal,51
"170594",Tree Trim,75
"170235",Tree Removal,51
"170845",Tree Removal,51
"221858",Tree Trim,75
"221859",Tree Removal,51
"221857",Tree Removal,51
"221855",Tree Trim,75
"221848",Tree Stump Grinding,116
"221821",Tree Trim,75
"221833",Tree Trim,75
"221851",Tree Trim,75
"221847",Tree Trim,75
"221844",Tree Trim,75
"221839",Tree Trim,75
"221834",Tree Removal,51
"221831",Tree Removal,51
"170843",Tree Removal,51
"170098",Tree Trim,75
"221819",Tree Removal,51
"221810",Tree Trim,75
"221801",Tree Stump Grinding,116
"221788",Tree Trim,75
"170035",Tree Trim,75
"221802",Tree Trim,75
"169964",Tree Trim,75
"221799",Tree Removal,51
"221795",Tree Removal,51
"221794",Tree Removal,51
"221793",Tree Trim,75
"221792",Tree Trim,75
"221784",Tree Trim,75
"221774",Tree Trim,75
"221773",Tree Removal,51
"221737",Tree Trim,75
"221770",Tree Trim,75
"221765",Tree Removal,51
"221745",Tree Removal,51
"221733",Tree Trim,75
"221757",Tree Trim,75
"221772",Tree Trim,75
"221746",Tree Code Violation,52
"221747",Tree Trim,75
"221736",Tree Removal,51
"221728",Tree Trim,75
"221720",Tree Trim,75
"221710",Tree Trim,75
"221705",Tree Trim,75
"221704",Tree Trim,75
"221693",Tree Stump Grinding,116
"170846",Tree Trim,75
"170070",Tree Trim,75
"221679",Tree Trim,75
"221676",Tree Trim,75
"221675",Tree Trim,75
"221665",Tree Trim,75
"221656",Tree Stump Grinding,116
"221654",Tree Removal,51
"170114",Tree Removal,51
"221652",Tree Trim,75
"221648",Tree Trim,75
"170250",Tree Removal,51
"221645",Tree Trim,75
"221655",Tree Trim,75
"221615",Tree Removal,51
"221624",Tree Removal,51
"221623",Tree Removal,51
"221622",Tree Trim,75
"221609",Tree Removal,51
"221610",Tree Trim,75
"170670",Tree Stump Grinding,116
"221604",Tree Trim,75
"170950",Tree Trim,75
"169978",Tree Trim,75
"170246",Tree Trim,75
"221593",Tree Trim,75
"221592",Tree Trim,75
"170264",Tree Removal,51
"170238",Tree Removal,51
"170216",Tree Trim,75
"221591",Tree Code Violation,52
"170143",Tree Trim,75
"170127",Tree Trim,75
"170620",Tree Removal,51
"170212",Tree Trim,75
"170261",Tree Removal,51
"170115",Tree Trim,75
"221589",Tree Removal,51
"170278",Tree Removal,51
"170393",Tree Removal,51
"221578",Tree Trim,75
"221579",Tree Trim,75
"170449",Tree Trim,75
"170419",Tree Removal,51
"221574",Tree Trim,75
"170999",Tree Removal,51
"221572",Tree Trim,75
"170884",Tree Trim,75
"170621",Tree Trim,75
"221825",Tree Trim,82
"221548",Tree Removal,51
"170974",Tree Trim,75
"169991",Tree Trim,75
"221569",Tree Trim,75
"221570",Tree Trim,75
"221567",Tree Trim,75
"170913",Tree Removal,51
"221566",Tree Removal,51
"221573",Tree Trim,75
"170715",Tree Removal,51
"221550",Tree Removal,51
"170633",Tree Trim,75
"221546",Tree Code Violation,52
"170347",Tree Trim,75
"221499",Tree Removal,51
"221544",Tree Removal,51
"170324",Tree Removal,51
"221534",Tree Trim,75
"170337",Tree Removal,51
"170343",Tree Trim,75
"221530",Tree Removal,51
"221529",Tree Trim,75
"170222",Tree Trim,75
"221500",Tree Removal,51
"170217",Tree Trim,75
"170028",Tree Trim,75
"170866",Tree Trim,75
"221497",Tree Planting,25
"170712",Tree Removal,51
"221495",Tree Trim,75
"221488",Tree Removal,51
"170333",Tree Removal,51
"221491",Tree Trim,75
"221487",Tree Removal,51
"170189",Tree Trim,75
"170154",Tree Trim,75
"171096",Tree Removal,51
"170252",Tree Trim,75
"170274",Tree Trim,75
"170313",Tree Trim,75
"221469",Tree Trim,75
"171070",Tree Removal,51
"171064",Tree Trim,75
"170460",Tree Trim,75
"170375",Tree Trim,75
"221468",Tree Removal,51
"170542",Tree Removal,51
"221467",Tree Removal,51
"221464",Tree Removal,51
"171124",Tree Trim,75
"170532",Tree Trim,75
"171030",Tree Removal,51
"170323",Tree Removal,51
"170536",Tree Trim,75
"221460",Tree Trim,75
"221461",Tree Removal,51
"221442",Tree Removal,51
"221425",Tree Removal,51
"221437",Tree Code Violation,52
"170439",Tree Removal,51
"221419",Tree Removal,51
"171067",Tree Removal,51
"221415",Tree Removal,51
"221410",Tree Removal,51
"221403",Tree Removal,51
"221386",Tree Removal,51
"170258",Tree Trim,75
"221381",Tree Removal,51
"170626",Tree Trim,75
"221355",Tree Removal,51
"171079",Tree Trim,75
"221372",Tree Removal,51
"221367",Tree Trim,75
"221364",Tree Code Violation,52
"221363",Tree Trim,75
"221361",Tree Removal,51
"221347",Tree Removal,51
"221340",Tree Trim,75
"221339",Tree Removal,51
"221338",Tree Trim,75
"221334",Tree Trim,75
"221330",Tree Code Violation,52
"221315",Tree Trim,75
"221314",Tree Trim,75
"221311",Tree Trim,75
"221310",Tree Trim,75
"221306",Tree Trim,75
"221284",Tree Trim,75
"221283",Tree Stump Grinding,116
"221276",Tree Trim,75
"221275",Tree Trim,75
"221268",Tree Trim,75
"170499",Tree Trim,75
"171164",Tree Trim,75
"221263",Tree Trim,75
"221287",Tree Removal,52
"221234",Tree Trim,75
"221192",Tree Trim,75
"221201",Tree Stump Grinding,116
"221221",Tree Trim,75
"221218",Tree Trim,75
"221191",Tree Removal,51
"221155",Tree Trim,75
"221169",Tree Removal,51
"221168",Tree Trim,75
"221161",Tree Trim,75
"221154",Tree Removal,51
"221151",Tree Removal,51
"221150",Tree Trim,75
"221149",Tree Trim,75
"170221",Tree Trim,75
"221136",Tree Trim,75
"221118",Tree Removal,51
"221083",Tree Trim,75
"221121",Tree Removal,51
"221120",Tree Trim,75
"221101",Tree Removal,51
"221100",Tree Trim,75
"221097",Tree Trim,75
"221080",Tree Removal,51
"221072",Tree Trim,75
"221075",Tree Trim,75
"221063",Tree Trim,75
"221048",Tree Removal,51
"221027",Tree Removal,51
"221001",Tree Trim,75
"221019",Tree Removal,51
"221017",Tree Stump Grinding,116
"221018",Tree Trim,75
"221014",Tree Removal,51
"221024",Tree Code Violation,52
"221012",Tree Removal,51
"221011",Tree Code Violation,52
"221008",Tree Trim,75
"170348",Tree Trim,75
"171112",Tree Trim,75
"170752",Tree Trim,75
"220984",Tree Removal,51
"220950",Tree Trim,75
"221009",Tree Removal,52
"220959",Tree Removal,51
"220945",Tree Removal,51
"171169",Tree Removal,51
"220932",Tree Stump Grinding,116
"220931",Tree Trim,75
"220906",Tree Trim,75
"220907",Tree Removal,51
"220902",Tree Trim,75
"220882",Tree Trim,75
"170388",Tree Removal,51
"220877",Tree Removal,51
"220873",Tree Trim,75
"220872",Tree Trim,75
"220861",Tree Trim,75
"220836",Tree Trim,75
"220844",Tree Removal,51
"220853",Tree Removal,51
"220842",Tree Trim,75
"220837",Tree Code Violation,52
"220838",Tree Removal,51
"220832",Tree Removal,51
"170088",Tree Trim,75
"170870",Tree Trim,75
"220825",Tree Trim,75
"220804",Tree Trim,75
"220812",Tree Removal,51
"220821",Tree Removal,52
"220796",Tree Removal,51
"220803",Tree Stump Grinding,116
"171207",Tree Trim,75
"170609",Tree Trim,75
"220801",Tree Removal,51
"220799",Tree Trim,75
"220797",Tree Removal,51
"171217",Tree Trim,75
"171223",Tree Trim,75
"171246",Tree Removal,51
"171281",Tree Removal,51
"220792",Tree Trim,75
"220790",Tree Trim,75
"171166",Tree Trim,75
"220753",Tree Removal,51
"170823",Tree Removal,51
"220783",Tree Trim,75
"171143",Tree Trim,75
"220782",Tree Removal,51
"220781",Tree Removal,51
"220766",Tree Removal,51
"170319",Tree Trim,75
"220756",Tree Stump Grinding,116
"220755",Tree Trim,75
"220752",Tree Trim,75
"220719",Tree Removal,51
"220688",Tree Removal,51
"220693",Tree Removal,51
"170321",Tree Trim,75
"170322",Tree Trim,75
"220709",Tree Trim,75
"220707",Tree Removal,51
"220704",Tree Stump Grinding,116
"171283",Tree Trim,75
"220703",Tree Trim,75
"220683",Tree Trim,75
"220701",Tree Removal,51
"170050",Tree Removal,51
"171265",Tree Removal,51
"171136",Tree Trim,75
"220696",Tree Trim,75
"220695",Tree Removal,51
"220691",Tree Removal,51
"220649",Tree Removal,51
"220669",Tree Trim,75
"220656",Tree Stump Grinding,116
"171294",Tree Removal,51
"171327",Tree Removal,51
"171245",Tree Removal,51
"170932",Tree Trim,75
"171312",Tree Removal,51
"170472",Tree Trim,75
"170650",Tree Trim,75
"171264",Tree Removal,51
"171198",Tree Removal,51
"170689",Tree Trim,75
"220657",Tree Trim,75
"220651",Tree Removal,51
"220650",Tree Removal,51
"220619",Tree Trim,75
"220646",Tree Trim,75
"220645",Tree Removal,51
"220637",Tree Removal,51
"220627",Tree Removal,51
"220643",Tree Stump Grinding,116
"220638",Tree Planting,25
"220647",Tree Removal,51
"170683",Tree Trim,75
"220625",Tree Trim,75
"171357",Tree Removal,51
"220616",Tree Trim,75
"220614",Tree Removal,51
"220608",Tree Trim,75
"220609",Tree Removal,51
"220607",Tree Removal,51
"220604",Tree Stump Grinding,116
"220594",Tree Trim,75
"220598",Tree Trim,75
"220582",Tree Removal,51
"220574",Tree Trim,75
"220570",Tree Trim,75
"220569",Tree Code Violation,52
"220568",Tree Removal,51
"220561",Tree Removal,51
"220560",Tree Trim,75
"220567",Tree Removal,51
"170417",Tree Trim,75
"220554",Tree Removal,51
"220548",Tree Removal,51
"220542",Tree Removal,51
"220541",Tree Removal,51
"220538",Tree Removal,51
"220537",Tree Removal,51
"171056",Tree Removal,51
"220540",Tree Planting,26
"220529",Tree Removal,51
"220472",Tree Removal,51
"220515",Tree Removal,51
"220508",Tree Trim,75
"220504",Tree Stump Grinding,116
"170346",Tree Trim,75
"220530",Tree Trim,76
"171366",Tree Trim,75
"220484",Tree Removal,51
"170461",Tree Trim,75
"220480",Tree Trim,75
"220475",Tree Trim,75
"170359",Tree Trim,75
"170351",Tree Trim,75
"220375",Tree Removal,51
"220456",Tree Removal,51
"220436",Tree Removal,51
"220389",Tree Removal,51
"220372",Tree Trim,75
"220368",Tree Trim,75
"220358",Tree Trim,75
"170745",Tree Removal,51
"220357",Tree Trim,75
"220339",Tree Stump Grinding,116
"220332",Tree Trim,75
"220304",Tree Trim,75
"220320",Tree Removal,51
"170774",Tree Removal,51
"220314",Tree Trim,75
"220310",Tree Trim,75
"220313",Tree Removal,51
"220309",Tree Trim,75
"220356",Tree Trim,75
"220302",Tree Trim,75
"220300",Tree Trim,75
"220303",Tree Trim,75
"220296",Tree Removal,51
"220284",Tree Trim,75
"220291",Tree Stump Grinding,116
"220286",Tree Trim,75
"220281",Tree Trim,75
"220266",Tree Code Violation,52
"220276",Tree Trim,75
"220258",Tree Trim,75
"220250",Tree Removal,51
"220208",Tree Stump Grinding,116
"220238",Tree Stump Grinding,117
"220225",Tree Removal,51
"220223",Tree Trim,75
"220222",Tree Code Violation,52
"220216",Tree Trim,75
"220210",Tree Removal,51
"220202",Tree Trim,75
"220200",Tree Removal,51
"220199",Tree Trim,75
"220197",Tree Trim,75
"170746",Tree Removal,51
"170741",Tree Removal,51
"220186",Tree Removal,51
"171369",Tree Removal,51
"170751",Tree Removal,51
"220172",Tree Trim,75
"220168",Tree Trim,75
"220165",Tree Trim,75
"220163",Tree Removal,51
"220160",Tree Removal,51
"220159",Tree Trim,75
"220157",Tree Removal,51
"220145",Tree Removal,51
"220090",Tree Removal,51
"220101",Tree Stump Grinding,116
"220128",Tree Removal,51
"170766",Tree Removal,51
"220127",Tree Trim,75
"171399",Tree Removal,51
"220072",Tree Trim,75
"220099",Tree Removal,51
"220096",Tree Stump Grinding,116
"220086",Tree Trim,75
"220078",Tree Code Violation,52
"170344",Tree Trim,75
"220074",Tree Removal,51
"220068",Tree Trim,75
"220067",Tree Removal,51
"220066",Tree Trim,75
"220065",Tree Trim,75
"220041",Tree Removal,51
"220063",Tree Trim,75
"170781",Tree Removal,51
"220057",Tree Trim,75
"220053",Tree Trim,75
"220052",Tree Removal,51
"220049",Tree Removal,51
"220047",Tree Code Violation,52
"220038",Tree Removal,51
"220033",Tree Removal,51
"219993",Tree Removal,51
"219982",Tree Removal,51
"220025",Tree Trim,75
"220024",Tree Trim,75
"219976",Tree Stump Grinding,116
"220012",Tree Removal,51
"220002",Tree Removal,51
"219980",Tree Removal,51
"171323",Tree Trim,75
"219998",Tree Code Violation,52
"219991",Tree Removal,51
"219992",Tree Stump Grinding,116
"219979",Tree Trim,75
"219978",Tree Trim,75
"219970",Tree Trim,75
"219967",Tree Trim,75
"219951",Tree Removal,51
"219972",Tree Code Violation,52
"220094",Tree Removal,57
"220016",Tree Removal,53
"219942",Tree Trim,75
"219973",Tree Removal,51
"219931",Tree Code Violation,52
"170765",Tree Removal,51
"171257",Tree Trim,75
"171415",Tree Removal,51
"171431",Tree Removal,51
"170685",Tree Trim,75
"170502",Tree Trim,75
"170453",Tree Stump Grinding,116
"170428",Tree Trim,75
"219896",Tree Trim,75
"171470",Tree Trim,75
"170488",Tree Trim,75
"170490",Tree Stump Grinding,116
"171287",Tree Trim,75
"170402",Tree Stump Grinding,116
"171376",Tree Removal,51
"170503",Tree Trim,75
"219881",Tree Removal,51
"171500",Tree Removal,51
"219882",Tree Removal,51
"170923",Tree Removal,51
"171247",Tree Trim,75
"171393",Tree Removal,51
"170808",Tree Removal,51
"170907",Tree Removal,51
"171446",Tree Removal,51
"171515",Tree Removal,51
"171380",Tree Removal,51
"171212",Tree Trim,75
"171199",Tree Trim,75
"219848",Tree Trim,75
"170834",Tree Removal,51
"219868",Tree Trim,75
"219898",Tree Removal,51
"219865",Tree Trim,75
"219863",Tree Removal,51
"219860",Tree Trim,75
"219856",Tree Trim,75
"219853",Tree Trim,75
"219849",Tree Removal,51
"219844",Tree Removal,51
"219842",Tree Removal,51
"219847",Tree Stump Grinding,118
"219839",Tree Trim,75
"219838",Tree Trim,75
"219837",Tree Trim,75
"219832",Tree Stump Grinding,116
"219831",Tree Trim,75
"219801",Tree Trim,75
"219826",Tree Removal,51
"219811",Tree Trim,75
"219800",Tree Removal,51
"219797",Tree Removal,51
"219786",Tree Trim,75
"219781",Tree Trim,75
"219780",Tree Trim,75
"219764",Tree Removal,51
"219769",Tree Removal,51
"219766",Tree Trim,75
"219760",Tree Removal,51
"219740",Tree Removal,51
"219773",Tree Removal,51
"219772",Tree Trim,75
"219761",Tree Trim,75
"219759",Tree Trim,75
"219756",Tree Removal,51
"219748",Tree Trim,75
"219739",Tree Trim,75
"219737",Tree Trim,75
"219736",Tree Trim,75
"219734",Tree Removal,51
"219733",Tree Removal,51
"219744",Tree Removal,51
"219682",Tree Removal,51
"219708",Tree Code Violation,52
"219718",Tree Removal,51
"219720",Tree Trim,75
"219716",Tree Trim,75
"219714",Tree Trim,75
"171435",Tree Trim,75
"219691",Tree Removal,51
"219692",Tree Trim,75
"219689",Tree Trim,75
"219685",Tree Trim,75
"219684",Tree Trim,75
"219679",Tree Removal,51
"219663",Tree Removal,51
"219676",Tree Trim,75
"171460",Tree Trim,75
"219626",Tree Trim,75
"171473",Tree Removal,51
"219671",Tree Removal,51
"170878",Tree Removal,51
"219667",Tree Stump Grinding,116
"219666",Tree Trim,75
"219641",Tree Trim,75
"219637",Tree Code Violation,52
"170860",Tree Removal,51
"219632",Tree Trim,75
"170588",Tree Trim,75
"219629",Tree Removal,51
"219630",Tree Removal,51
"219608",Tree Trim,75
"219602",Tree Removal,51
"219568",Tree Removal,51
"171131",Tree Trim,75
"219551",Tree Removal,51
"219543",Tree Stump Grinding,116
"219514",Tree Code Violation,52
"219531",Tree Trim,75
"219519",Tree Trim,75
"219493",Tree Stump Grinding,116
"219520",Tree Trim,75
"219512",Tree Trim,75
"219515",Tree Removal,51
"170535",Tree Trim,75
"219504",Tree Trim,75
"171509",Tree Trim,75
"219497",Tree Removal,51
"219494",Tree Removal,51
"219480",Tree Trim,75
"219461",Tree Trim,75
"219474",Tree Removal,51
"219468",Tree Removal,51
"219447",Tree Removal,51
"219465",Tree Removal,51
"219464",Tree Planting,25
"219462",Tree Code Violation,52
"171544",Tree Trim,75
"170941",Tree Removal,51
"219430",Tree Trim,75
"219421",Tree Trim,75
"170893",Tree Removal,51
"219370",Tree Removal,51
"219401",Tree Removal,51
"219399",Tree Trim,75
"219398",Tree Removal,51
"219397",Tree Trim,75
"219396",Tree Removal,51
"219410",Tree Removal,51
"219392",Tree Trim,75
"219388",Tree Removal,51
"219386",Tree Trim,75
"219409",Tree Trim,75
"219380",Tree Trim,76
"219369",Tree Trim,75
"219359",Tree Trim,75
"219353",Tree Removal,51
"219352",Tree Stump Grinding,116
"219351",Tree Trim,75
"219349",Tree Removal,51
"219327",Tree Stump Grinding,116
"219330",Tree Trim,75
"219346",Tree Trim,75
"219333",Tree Removal,51
"219340",Tree Trim,75
"170904",Tree Trim,75
"219339",Tree Trim,75
"219328",Tree Stump Grinding,116
"219336",Tree Trim,75
"171173",Tree Trim,75
"219334",Tree Removal,51
"219324",Tree Removal,51
"219323",Tree Removal,51
"219322",Tree Removal,51
"171461",Tree Trim,75
"219313",Tree Trim,75
"219279",Tree Stump Grinding,116
"219308",Tree Code Violation,52
"219302",Tree Removal,51
"219297",Tree Removal,51
"219289",Tree Removal,51
"219285",Tree Removal,51
"219280",Tree Trim,75
"219264",Tree Trim,76
"219265",Tree Trim,76
"219261",Tree Removal,51
"219259",Tree Removal,51
"219256",Tree Removal,51
"219215",Tree Code Violation,52
"219253",Tree Removal,53
"219250",Tree Trim,75
"219249",Tree Removal,51
"219244",Tree Trim,75
"219245",Tree Removal,51
"170835",Tree Trim,75
"219240",Tree Trim,75
"219237",Tree Trim,75
"219231",Tree Removal,51
"219220",Tree Removal,51
"170705",Tree Trim,75
"219214",Tree Trim,75
"219213",Tree Stump Grinding,116
"219212",Tree Trim,75
"219203",Tree Trim,75
"219157",Tree Removal,51
"219193",Tree Trim,75
"219191",Tree Trim,75
"219140",Tree Removal,52
"219144",Tree Removal,51
"219150",Tree Removal,51
"219173",Tree Trim,75
"219158",Tree Trim,75
"219148",Tree Trim,75
"219142",Tree Removal,51
"219139",Tree Removal,51
"219118",Tree Trim,75
"219125",Tree Removal,51
"219123",Tree Removal,51
"219052",Tree Stump Grinding,116
"219121",Tree Trim,75
"219073",Tree Removal,51
"219069",Tree Trim,75
"219105",Tree Removal,51
"219108",Tree Stump Grinding,116
"219091",Tree Removal,51
"219085",Tree Trim,75
"219066",Tree Trim,75
"219044",Tree Removal,51
"219040",Tree Removal,51
"219025",Tree Stump Grinding,116
"219026",Tree Trim,75
"219041",Tree Code Violation,53
"219028",Tree Removal,51
"219013",Tree Trim,75
"219004",Tree Removal,51
"218999",Tree Trim,75
"218997",Tree Trim,75
"218991",Tree Trim,75
"171403",Tree Trim,75
"218990",Tree Removal,51
"218955",Tree Removal,51
"218988",Tree Trim,75
"218983",Tree Trim,75
"218980",Tree Trim,75
"218979",Tree Trim,75
"218961",Tree Removal,51
"218969",Tree Removal,51
"218975",Tree Removal,51
"218966",Tree Trim,75
"170903",Tree Trim,75
"171519",Tree Trim,75
"218949",Tree Trim,75
"218911",Tree Stump Grinding,116
"218910",Tree Trim,75
"218937",Tree Trim,75
"218923",Tree Removal,51
"218904",Tree Removal,51
"218918",Tree Removal,51
"218916",Tree Removal,51
"218915",Tree Removal,51
"218913",Tree Removal,51
"218909",Tree Removal,51
"171558",Tree Removal,51
"218906",Tree Stump Grinding,116
"218905",Tree Removal,51
"218896",Tree Removal,51
"218894",Tree Removal,51
"218892",Tree Removal,51
"218882",Tree Trim,75
"218879",Tree Trim,75
"218877",Tree Stump Grinding,116
"218853",Tree Removal,51
"218872",Tree Removal,51
"218856",Tree Removal,51
"218863",Tree Removal,51
"171426",Tree Trim,75
"170854",Tree Trim,75
"218840",Tree Stump Grinding,116
"218855",Tree Trim,75
"218851",Tree Stump Grinding,116
"218850",Tree Removal,51
"218862",Tree Removal,51
"218838",Tree Removal,51
"171045",Tree Trim,75
"218789",Tree Removal,51
"218828",Tree Removal,51
"218798",Tree Removal,51
"218799",Tree Removal,51
"218818",Tree Removal,51
"218803",Tree Trim,75
"218801",Tree Removal,51
"218791",Tree Removal,51
"218787",Tree Planting,25
"171572",Tree Removal,51
"171346",Tree Trim,75
"218768",Tree Trim,75
"218717",Tree Removal,51
"218767",Tree Trim,75
"218760",Tree Removal,51
"218703",Tree Stump Grinding,116
"218753",Tree Removal,51
"218729",Tree Trim,75
"218751",Tree Trim,75
"218728",Tree Removal,51
"218722",Tree Removal,51
"171305",Tree Trim,75
"218719",Tree Removal,51
"218720",Tree Trim,75
"218565",Tree Removal,51
"218663",Tree Stump Grinding,116
"218645",Tree Removal,51
"218644",Tree Trim,75
"218634",Tree Trim,75
"170743",Tree Trim,75
"218623",Tree Removal,51
"218624",Tree Removal,51
"218620",Tree Trim,75
"218600",Tree Removal,51
"218589",Tree Trim,75
"218563",Tree Trim,75
"218524",Tree Removal,51
"218520",Tree Trim,75
"218518",Tree Removal,51
"218510",Tree Removal,51
"218509",Tree Trim,75
"218508",Tree Trim,75
"218506",Tree Trim,75
"218505",Tree Trim,75
"218492",Tree Removal,51
"218479",Tree Trim,75
"171568",Tree Trim,75
"218471",Tree Removal,51
"171430",Tree Trim,75
"218467",Tree Trim,75
"218443",Tree Stump Grinding,116
"218457",Tree Removal,51
"218454",Tree Trim,75
"218463",Tree Trim,75
"218449",Tree Trim,75
"218448",Tree Trim,75
"218436",Tree Trim,75
"218435",Tree Trim,75
"171343",Tree Trim,75
"218433",Tree Trim,75
"218431",Tree Trim,75
"218429",Tree Trim,75
"171594",Tree Trim,75
"218442",Tree Trim,76
"170947",Tree Removal,51
"218421",Tree Removal,51
"218419",Tree Code Violation,52
"218418",Tree Code Violation,52
"218340",Tree Removal,51
"218345",Tree Trim,75
"218356",Tree Trim,75
"218395",Tree Removal,51
"218332",Tree Removal,51
"218384",Tree Trim,75
"170949",Tree Removal,51
"170987",Tree Removal,51
"171584",Tree Trim,75
"170948",Tree Removal,51
"218378",Tree Removal,51
"170640",Tree Trim,75
"218319",Tree Removal,51
"218308",Tree Removal,51
"218269",Tree Removal,51
"218304",Tree Removal,51
"218301",Tree Removal,51
"218267",Tree Trim,75
"218266",Tree Removal,52
"218264",Tree Trim,75
"218224",Tree Trim,75
"218191",Tree Trim,75
"218214",Tree Removal,51
"218215",Tree Stump Grinding,116
"218220",Tree Trim,75
"218202",Tree Removal,51
"218188",Tree Trim,75
"170827",Tree Removal,51
"218168",Tree Removal,51
"218163",Tree Removal,51
"218162",Tree Removal,51
"218159",Tree Code Violation,52
"170629",Tree Trim,75
"218153",Tree Trim,75
"218152",Tree Removal,51
"218149",Tree Removal,51
"218112",Tree Removal,51
"218105",Tree Trim,75
"218146",Tree Removal,51
"218139",Tree Removal,51
"218137",Tree Removal,51
"218136",Tree Removal,51
"218127",Tree Removal,51
"218124",Tree Removal,51
"218114",Tree Removal,51
"218113",Tree Removal,51
"171603",Tree Trim,75
"218092",Tree Trim,75
"218056",Tree Stump Grinding,116
"170611",Tree Trim,75
"218089",Tree Trim,75
"218094",Tree Removal,51
"218095",Tree Removal,51
"218091",Tree Trim,75
"218088",Tree Trim,75
"218081",Tree Removal,51
"218076",Tree Removal,51
"218070",Tree Removal,51
"218053",Tree Removal,51
"218033",Tree Removal,51
"218048",Tree Trim,75
"218040",Tree Removal,51
"170956",Tree Removal,51
"218038",Tree Trim,75
"218037",Tree Trim,75
,Tree Removal,51
"170606",Tree Trim,75
"171590",Tree Removal,51
,Tree Removal,51
,Tree Trim,75
,Tree Removal,51
,Tree Trim,75
,Tree Trim,75
,Tree Removal,51
,Tree Removal,51
,Tree Removal,51
,Tree Removal,51
,Tree Removal,51
,Tree Trim,75
,Tree Trim,75
"218035",Tree Removal,51
,Tree Trim,75
,Tree Removal,51
,Tree Trim,75
,Tree Removal,51
,Tree Trim,75
,Tree Removal,51
,Tree Removal,51
,Tree Trim,75
,Tree Removal,51
,Tree Removal,51
,Tree Removal,51
,Tree Trim,75
,Tree Trim,75
,Tree Removal,51
,Tree Removal,51
,Tree Trim,75
,Tree Trim,75
,Tree Trim,75
,Tree Trim,75
,Tree Removal,51
,Tree Trim,75
,Tree Trim,75
,Tree Trim,75
,Tree Removal,51
,Tree Removal,51
,Tree Stump Grinding,116
,Tree Trim,75
,Tree Trim,75
,Tree Trim,75
,Tree Trim,75
,Tree Removal,51
,Tree Removal,51
,Tree Trim,75
,Tree Trim,75
,Tree Trim,75
,Tree Trim,75
,Tree Trim,75
,Tree Removal,51
,Tree Removal,51
,Tree Trim,75
,Tree Trim,75
,Tree Removal,51
,Tree Trim,75
,Tree Trim,75
,Tree Trim,75
,Tree Trim,75
,Tree Trim,75
,Tree Trim,75
,Tree Stump Grinding,116
,Tree Removal,51
,Tree Removal,51
"171602",Tree Trim,75
,Tree Trim,75
,Tree Trim,75
,Tree Trim,75
,Tree Removal,51
,Tree Removal,51
,Tree Removal,51
,Tree Removal,51
,Tree Removal,51
,Tree Removal,51
,Tree Removal,51
,Tree Trim,75
,Tree Removal,51
,Tree Trim,75
,Tree Trim,75
,Tree Trim,75
,Tree Trim,75
,Tree Trim,75
,Tree Trim,75
,Tree Removal,51
,Tree Trim,75
,Tree Trim,75
,Tree Trim,75
,Tree Trim,75
,Tree Trim,75
"170802",Tree Trim,75
,Tree Trim,75
,Tree Trim,75
,Tree Removal,51
,Tree Removal,51
,Tree Trim,75
,Tree Trim,75
,Tree Removal,51
,Tree Trim,75
,Tree Trim,75
,Tree Trim,75
,Tree Removal,51
,Tree Removal,51
,Tree Removal,51
,Tree Removal,51
,Tree Removal,51
,Tree Removal,51
,Tree Trim,75
,Tree Trim,75
"170868",Tree Trim,75
,Tree Removal,51
,Tree Trim,75
,Tree Removal,51
"170909",Tree Trim,75
,Tree Removal,51
,Tree Removal,51
,Tree Removal,51
,Tree Removal,51
,Tree Trim,75
,Tree Trim,75
,Tree Trim,75
,Tree Trim,75
,Tree Trim,75
,Tree Trim,75
,Tree Trim,
,Tree Removal,51
,Tree Removal,51
,Tree Trim,75
,Tree Trim,75
,Tree Trim,75
,Tree Trim,75
,Tree Removal,51
,Tree Trim,75
,Tree Trim,75
,Tree Trim,75
,Tree Removal,51
,Tree Trim,75
,Tree Trim,75
,Tree Trim,75
,Tree Removal,51
,Tree Trim,75
,Tree Trim,74
,Tree Removal,51
,Tree Trim,75
,Tree Trim,75
"171621",Tree Removal,51
,Tree Stump Grinding,116
,Tree Trim,75
,Tree Removal,51
,Tree Trim,75
,Tree Trim,75
,Tree Trim,75
,Tree Removal,51
,Tree Removal,51
"170800",Tree Stump Grinding,116
,Tree Removal,51
,Tree Removal,51
,Tree Trim,75
,Tree Trim,75
,Tree Trim,75
,Tree Trim,75
,Tree Trim,75
,Tree Removal,51
,Tree Removal,51
,Tree Trim,75
,Tree Trim,75
,Tree Trim,75
,Tree Trim,75
,Tree Removal,51
,Tree Trim,75
,Tree Trim,75
"170917",Tree Trim,75
,Tree Trim,75
,Tree Trim,75
"171637",Tree Removal,51
,Tree Code Violation,52
,Tree Trim,75
,Tree Trim,75
"170865",Tree Trim,75
,Tree Trim,75
,Tree Trim,75
,Tree Trim,75
,Tree Removal,51
,Tree Trim,75
,Tree Trim,75
,Tree Removal,51
,Tree Trim,75
,Tree Trim,75
,Tree Trim,75
,Tree Trim,75
,Tree Trim,75
,Tree Trim,75
,Tree Removal,51
,Tree Trim,75
,Tree Trim,75
,Tree Removal,51
,Tree Removal,51
,Tree Trim,75
,Tree Trim,75
,Tree Trim,75
,Tree Removal,51
,Tree Trim,75
,Tree Trim,75
,Tree Trim,75
,Tree Trim,75
,Tree Removal,51
,Tree Removal,51
,Tree Removal,51
,Tree Removal,51
,Tree Trim,75
,Tree Trim,75
,Tree Trim,75
,Tree Trim,75
,Tree Trim,75
,Tree Trim,75
,Tree Trim,75
,Tree Trim,75
,Tree Removal,51
,Tree Trim,75
,Tree Removal,51
,Tree Trim,75
,Tree Planting,25
,Tree Planting,25
,Tree Removal,51
,Tree Trim,75
,Tree Trim,75
"171300",Tree Trim,75
,Tree Trim,75
,Tree Removal,51
,Tree Trim,75
,Tree Trim,75
,Tree Trim,75
,Tree Removal,51
,Tree Removal,51
,Tree Removal,51
,Tree Trim,75
,Tree Trim,75
,Tree Removal,51
,Tree Removal,51
,Tree Trim,75
,Tree Trim,75
,Tree Removal,51
,Tree Trim,75
,Tree Trim,75
,Tree Removal,51
,Tree Trim,75
,Tree Removal,51
,Tree Trim,75
,Tree Trim,75
,Tree Trim,75
,Tree Removal,51
,Tree Removal,51
,Tree Removal,51
,Tree Planting,25
,Tree Removal,51
,Tree Trim,75
,Tree Trim,75
,Tree Removal,51
,Tree Trim,75
,Tree Trim,75
,Tree Removal,51
,Tree Trim,75
,Tree Trim,75
,Tree Trim,75
,Tree Trim,74
,Tree Removal,51
,Tree Trim,75
,Tree Planting,25
,Tree Trim,75
,Tree Trim,75
,Tree Removal,51
,Tree Removal,51
,Tree Trim,75
,Tree Trim,75
,Tree Removal,51
,Tree Trim,75
,Tree Removal,51
,Tree Trim,75
,Tree Trim,75
,Tree Removal,51
,Tree Removal,
,Tree Trim,75
,Tree Trim,75
,Tree Removal,51
,Tree Trim,75
,Tree Removal,51
,Tree Trim,75
,Tree Trim,75
,Tree Trim,75
,Tree Trim,75
,Tree Trim,75
,Tree Removal,51
,Tree Removal,51
,Tree Trim,75
,Tree Removal,51
,Tree Trim,75
,Tree Trim,75
,Tree Trim,75
,Tree Trim,75
,Tree Trim,75
,Tree Trim,75
,Tree Trim,75
,Tree Removal,51
,Tree Trim,75
,Tree Removal,51
,Tree Trim,75
,Tree Removal,51
,Tree Trim,75
,Tree Trim,75
,Tree Removal,51
,Tree Removal,51
,Tree Trim,75
,Tree Trim,75
,Tree Trim,75
,Tree Trim,75
,Tree Removal,51
,Tree Trim,75
"171080",Tree Removal,51
,Tree Trim,75
,Tree Trim,75
,Tree Removal,51
,Tree Trim,75
,Tree Removal,51
"171563",Tree Trim,75
"170828",Tree Trim,75
"170556",Tree Removal,51
,Tree Trim,75
,Tree Removal,51
"171175",Tree Trim,75
,Tree Trim,75
,Tree Trim,75
,Tree Trim,75
,Tree Trim,75
,Tree Trim,75
,Tree Removal,51
,Tree Trim,75
,Tree Trim,75
,Tree Trim,75
,Tree Code Violation,52
,Tree Trim,75
,Tree Trim,75
,Tree Trim,75
,Tree Trim,75
,Tree Removal,51
,Tree Trim,75
,Tree Removal,51
,Tree Trim,75
,Tree Trim,75
,Tree Trim,75
,Tree Trim,75
,Tree Removal,51
,Tree Trim,75
,Tree Trim,75
,Tree Removal,51
,Tree Removal,51
,Tree Removal,51
,Tree Trim,75
,Tree Removal,51
,Tree Removal,51
,Tree Trim,75
,Tree Trim,75
,Tree Trim,75
,Tree Removal,51
,Tree Removal,51
,Tree Removal,51
,Tree Trim,75
,Tree Trim,75
,Tree Trim,75
,Tree Trim,75
,Tree Removal,51
,Tree Trim,75
,Tree Removal,51
,Tree Trim,75
,Tree Trim,75
,Tree Removal,51
,Tree Removal,51
,Tree Trim,75
,Tree Trim,75
,Tree Removal,51
,Tree Removal,51
,Tree Removal,51
,Tree Trim,75
,Tree Removal,51
,Tree Removal,51
,Tree Trim,75
,Tree Trim,75
,Tree Removal,51
,Tree Removal,51
,Tree Trim,75
,Tree Removal,51
,Tree Trim,75
,Tree Removal,51
,Tree Removal,51
,Tree Removal,51
,Tree Trim,75
,Tree Removal,51
,Tree Trim,75
"171208",Tree Removal,51
,Tree Removal,51
,Tree Trim,75
,Tree Trim,75
,Tree Removal,51
,Tree Trim,75
,Tree Removal,51
,Tree Stump Grinding,116
,Tree Trim,75
,Tree Code Violation,52
,Tree Trim,75
,Tree Trim,75
,Tree Trim,75
,Tree Removal,51
,Tree Trim,75
,Tree Trim,75
,Tree Removal,51
,Tree Trim,75
,Tree Trim,75
,Tree Trim,75
,Tree Trim,76
,Tree Trim,75
,Tree Removal,51
,Tree Trim,75
"171234",Tree Removal,51
,Tree Removal,51
,Tree Trim,75
,Tree Code Violation,52
,Tree Trim,75
,Tree Trim,75
,Tree Removal,51
,Tree Trim,75
,Tree Trim,75
,Tree Removal,51
,Tree Trim,75
,Tree Removal,51
,Tree Removal,51
,Tree Removal,51
,Tree Removal,51
,Tree Removal,51
,Tree Trim,75
,Tree Removal,51
,Tree Trim,75
,Tree Removal,51
,Tree Trim,75
,Tree Removal,
,Tree Trim,75
,Tree Removal,51
,Tree Removal,51
,Tree Removal,51
,Tree Trim,
,Tree Trim,75
,Tree Trim,75
,Tree Trim,75
,Tree Trim,75
,Tree Removal,51
,Tree Removal,51
,Tree Removal,51
,Tree Removal,51
,Tree Removal,51
,Tree Code Violation,52
,Tree Code Violation,52
,Tree Trim,75
,Tree Stump Grinding,116
,Tree Trim,75
,Tree Trim,75
,Tree Trim,75
,Tree Removal,51
,Tree Trim,75
,Tree Trim,75
,Tree Removal,51
,Tree Removal,51
,Tree Trim,75
"171611",Tree Removal,51
,Tree Removal,51
,Tree Removal,51
,Tree Trim,75
,Tree Trim,75
,Tree Code Violation,52
,Tree Removal,51
,Tree Trim,75
,Tree Trim,75
,Tree Removal,51
,Tree Removal,51
,Tree Removal,51
,Tree Trim,75
,Tree Removal,51
,Tree Removal,51
,Tree Trim,75
,Tree Removal,51
,Tree Removal,51
,Tree Trim,75
,Tree Trim,75
,Tree Removal,51
,Tree Removal,51
,Tree Trim,75
"170943",Tree Trim,75
"171051",Tree Removal,51
,Tree Trim,75
,Tree Removal,51
,Tree Trim,75
,Tree Trim,75
,Tree Removal,51
,Tree Removal,51
,Tree Trim,75
,Tree Removal,51
,Tree Trim,75
,Tree Trim,75
,Tree Trim,75
,Tree Trim,75
,Tree Removal,51
,Tree Trim,75
,Tree Code Violation,52
,Tree Trim,75
,Tree Removal,51
,Tree Trim,75
,Tree Stump Grinding,116
,Tree Removal,51
,Tree Trim,75
,Tree Trim,75
,Tree Trim,75
"171617",Tree Trim,75
,Tree Trim,75
,Tree Trim,75
,Tree Trim,75
,Tree Trim,75
,Tree Trim,75
,Tree Trim,75
,Tree Trim,75
,Tree Trim,75
,Tree Trim,75
,Tree Trim,75
,Tree Trim,75
,Tree Trim,75
,Tree Trim,75
,Tree Trim,75
,Tree Trim,75
,Tree Removal,51
,Tree Trim,75
,Tree Removal,51
"170777",Tree Trim,75
"171178",Tree Removal,51
"171130",Tree Removal,51
"171631",Tree Removal,51
"171657",Tree Trim,75
"171653",Tree Trim,75
,Tree Trim,75
,Tree Trim,75
,Tree Trim,75
,Tree Removal,51
,Tree Removal,51
,Tree Removal,51
,Tree Trim,75
,Tree Trim,75
,Tree Removal,51
,Tree Removal,51
,Tree Trim,75
,Tree Removal,51
,Tree Trim,75
,Tree Removal,51
,Tree Removal,51
,Tree Removal,51
,Tree Trim,75
,Tree Trim,75
,Tree Trim,75
,Tree Trim,75
,Tree Removal,51
,Tree Trim,75
,Tree Removal,51
,Tree Trim,75
"170210",Tree Removal,51
,Tree Removal,51
,Tree Code Violation,52
,Tree Removal,51
,Tree Stump Grinding,116
,Tree Removal,51
,Tree Trim,75
,Tree Trim,75
,Tree Code Violation,52
,Tree Removal,51
,Tree Removal,51
,Tree Trim,75
,Tree Trim,75
,Tree Trim,75
,Tree Trim,75
,Tree Trim,75
"171238",Tree Removal,51
"171280",Tree Trim,75
"171028",Tree Removal,51
"171419",Tree Removal,51
"171036",Tree Trim,75
"171715",Tree Removal,51
"171725",Tree Removal,51
"171709",Tree Removal,51
"171736",Tree Removal,51
,Tree Trim,75
,Tree Trim,75
,Tree Trim,75
,Tree Trim,75
,Tree Removal,51
,Tree Trim,75
,Tree Removal,51
,Tree Trim,75
,Tree Trim,75
,Tree Stump Grinding,116
,Tree Trim,75
,Tree Removal,51
,Tree Removal,51
,Tree Removal,51
,Tree Trim,75
,Tree Trim,75
,Tree Trim,75
,Tree Trim,75
,Tree Trim,75
,Tree Removal,51
,Tree Trim,75
"171730",Tree Removal,51
"171723",Tree Removal,51
"171716",Tree Removal,51
,Tree Trim,75
,Tree Trim,75
,Tree Removal,51
,Tree Stump Grinding,116
,Tree Removal,51
,Tree Removal,51
,Tree Trim,75
,Tree Removal,56
,Tree Removal,51
,Tree Trim,75
,Tree Trim,75
,Tree Removal,51
,Tree Removal,51
,Tree Removal,51
,Tree Removal,51
,Tree Trim,75
,Tree Trim,75
,Tree Trim,75
,Tree Removal,51
,Tree Trim,75
,Tree Trim,75
,Tree Trim,75
,Tree Trim,75
,Tree Trim,75
,Tree Trim,75
,Tree Trim,75
,Tree Removal,51
,Tree Trim,75
,Tree Trim,75
,Tree Trim,75
,Tree Trim,75
,Tree Removal,51
,Tree Removal,51
,Tree Trim,75
,Tree Trim,75
,Tree Trim,75
,Tree Trim,75
,Tree Trim,75
,Tree Trim,75
,Tree Removal,51
,Tree Trim,75
,Tree Trim,75
,Tree Removal,51
,Tree Trim,76
,Tree Trim,75
,Tree Removal,51
,Tree Removal,51
,Tree Trim,75
,Tree Trim,75
,Tree Removal,51
,Tree Trim,75
,Tree Removal,51
,Tree Trim,75
,Tree Removal,51
,Tree Trim,75
,Tree Trim,75
,Tree Stump Grinding,116
,Tree Trim,75
,Tree Trim,75
,Tree Trim,75
,Tree Removal,51
,Tree Trim,75
,Tree Trim,75
,Tree Removal,51
,Tree Trim,75
,Tree Trim,75
,Tree Trim,75
,Tree Trim,75
,Tree Removal,51
,Tree Removal,51
,Tree Removal,51
,Tree Removal,51
,Tree Trim,75
,Tree Removal,51
"171722",Tree Removal,51
,Tree Trim,75
,Tree Removal,51
,Tree Trim,75
,Tree Trim,75
,Tree Removal,51
,Tree Removal,51
,Tree Removal,51
,Tree Trim,75
,Tree Trim,75
,Tree Removal,51
,Tree Removal,51
,Tree Removal,51
,Tree Removal,51
,Tree Trim,75
,Tree Trim,75
,Tree Trim,75
,Tree Trim,75
,Tree Trim,75
,Tree Trim,75
,Tree Removal,51
,Tree Trim,75
,Tree Trim,75
,Tree Trim,75
,Tree Trim,75
,Tree Trim,75
,Tree Removal,51
,Tree Trim,75
,Tree Trim,75
,Tree Trim,75
,Tree Trim,75
,Tree Trim,75
,Tree Trim,75
,Tree Trim,75
,Tree Trim,75
,Tree Trim,75
,Tree Trim,75
,Tree Trim,75
,Tree Removal,51
,Tree Trim,75
,Tree Trim,75
,Tree Trim,75
,Tree Code Violation,52
,Tree Removal,51
,Tree Trim,75
,Tree Removal,51
,Tree Removal,51
"171711",Tree Removal,51
"171748",Tree Removal,51
"171705",Tree Trim,75
,Tree Removal,51
,Tree Removal,51
,Tree Trim,75
,Tree Removal,51
,Tree Trim,75
,Tree Trim,75
,Tree Removal,51
,Tree Trim,75
,Tree Trim,75
,Tree Removal,51
,Tree Trim,75
,Tree Removal,51
,Tree Trim,75
,Tree Trim,75
,Tree Trim,75
,Tree Removal,
,Tree Trim,75
,Tree Trim,75
,Tree Removal,51
,Tree Trim,75
,Tree Trim,75
,Tree Trim,75
,Tree Trim,75
"171648",Tree Trim,75
"171706",Tree Removal,51
,Tree Planting,25
,Tree Removal,51
,Tree Trim,75
,Tree Trim,75
,Tree Removal,51
,Tree Trim,75
,Tree Removal,51
,Tree Planting,25
,Tree Trim,75
,Tree Trim,75
,Tree Trim,75
,Tree Trim,75
,Tree Trim,76
,Tree Trim,75
,Tree Removal,
,Tree Removal,51
,Tree Trim,75
,Tree Trim,75
,Tree Trim,75
,Tree Removal,51
,Tree Removal,51
"171753",Tree Removal,51
"171762",Tree Removal,51
"171727",Tree Removal,51
"171026",Tree Removal,51
,Tree Trim,75
,Tree Trim,75
,Tree Trim,75
,Tree Trim,75
,Tree Code Violation,52
,Tree Removal,51
,Tree Removal,51
,Tree Removal,51
,Tree Trim,75
,Tree Trim,75
,Tree Trim,75
,Tree Trim,75
,Tree Removal,51
,Tree Removal,51
,Tree Trim,75
,Tree Removal,51
,Tree Removal,51
,Tree Removal,51
,Tree Trim,75
,Tree Trim,75
,Tree Trim,75
,Tree Trim,75
,Tree Removal,51
,Tree Trim,75
,Tree Trim,75
,Tree Trim,75
,Tree Trim,75
,Tree Removal,51
,Tree Trim,75
,Tree Trim,75
,Tree Trim,75
,Tree Removal,51
,Tree Trim,75
,Tree Trim,75
,Tree Trim,75
,Tree Removal,51
,Tree Trim,75
,Tree Trim,75
,Tree Code Violation,52
,Tree Trim,75
,Tree Removal,51
,Tree Trim,80
,Tree Removal,51
,Tree Removal,51
,Tree Removal,51
,Tree Removal,51
,Tree Removal,51
,Tree Trim,75
,Tree Trim,75
,Tree Removal,51
,Tree Trim,75
,Tree Trim,75
,Tree Trim,75
,Tree Removal,51
,Tree Removal,51
,Tree Removal,51
,Tree Trim,75
,Tree Trim,75
,Tree Trim,75
,Tree Removal,51
,Tree Trim,75
,Tree Trim,75
,Tree Trim,75
,Tree Trim,75
,Tree Removal,51
,Tree Trim,75
,Tree Trim,75
"171738",Tree Removal,51
"171742",Tree Removal,51
"171759",Tree Trim,75
"171707",Tree Trim,75
"171757",Tree Removal,51
"171767",Tree Trim,75
,Tree Trim,75
,Tree Trim,75
,Tree Trim,75
,Tree Stump Grinding,116
,Tree Removal,51
,Tree Trim,75
,Tree Trim,75
,Tree Code Violation,52
,Tree Trim,75
,Tree Trim,75
,Tree Trim,75
,Tree Removal,51
,Tree Removal,51
,Tree Trim,75
,Tree Trim,75
,Tree Trim,75
,Tree Trim,75
,Tree Trim,75
,Tree Trim,75
,Tree Trim,75
,Tree Trim,75
,Tree Trim,75
,Tree Trim,75
"171782",Tree Trim,75
"171764",Tree Removal,51
,Tree Removal,51
,Tree Trim,75
,Tree Trim,75
,Tree Removal,51
,Tree Trim,75
,Tree Trim,75
,Tree Removal,51
,Tree Trim,75
,Tree Trim,75
,Tree Removal,51
,Tree Removal,51
,Tree Trim,75
,Tree Trim,75
,Tree Removal,51
,Tree Trim,75
,Tree Removal,51
,Tree Removal,51
,Tree Trim,75
,Tree Code Violation,52
,Tree Trim,75
,Tree Removal,51
,Tree Trim,75
,Tree Removal,51
,Tree Removal,51
,Tree Trim,75
,Tree Trim,75
,Tree Planting,25
,Tree Trim,75
,Tree Trim,75
,Tree Trim,75
,Tree Trim,75
,Tree Trim,75
,Tree Trim,75
,Tree Trim,75
,Tree Removal,51
,Tree Trim,75
,Tree Trim,75
,Tree Trim,75
,Tree Trim,75
,Tree Trim,75
,Tree Removal,51
,Tree Trim,75
,Tree Removal,51
,Tree Trim,75
,Tree Trim,75
,Tree Trim,75
,Tree Trim,75
,Tree Trim,75
,Tree Removal,51
,Tree Removal,51
,Tree Trim,75
,Tree Trim,75
,Tree Removal,51
,Tree Trim,75
,Tree Removal,51
,Tree Trim,75
,Tree Removal,51
,Tree Removal,51
,Tree Trim,75
,Tree Removal,51
,Tree Removal,51
,Tree Trim,75
,Tree Trim,75
,Tree Removal,51
,Tree Trim,75
,Tree Trim,75
,Tree Trim,75
,Tree Trim,75
,Tree Trim,75
,Tree Trim,75
,Tree Trim,75
,Tree Trim,75
,Tree Removal,51
,Tree Trim,75
,Tree Removal,51
,Tree Trim,75
,Tree Removal,
,Tree Trim,75
,Tree Removal,51
,Tree Trim,75
,Tree Trim,75
,Tree Trim,75
,Tree Removal,51
,Tree Removal,51
,Tree Trim,75
,Tree Removal,51
,Tree Removal,51
,Tree Trim,75
,Tree Trim,75
,Tree Trim,75
,Tree Removal,51
,Tree Trim,75
,Tree Trim,75
,Tree Trim,75
,Tree Removal,51
,Tree Trim,75
,Tree Code Violation,52
,Tree Removal,51
,Tree Removal,51
,Tree Trim,75
,Tree Removal,51
,Tree Removal,51
,Tree Removal,51
,Tree Trim,75
,Tree Trim,75
,Tree Trim,75
,Tree Trim,75
,Tree Trim,75
,Tree Trim,75
,Tree Trim,75
,Tree Trim,75
,Tree Removal,51
,Tree Trim,75
,Tree Removal,51
,Tree Trim,75
,Tree Removal,51
,Tree Trim,75
,Tree Trim,75
,Tree Trim,75
,Tree Removal,51
,Tree Removal,51
,Tree Trim,75
"171646",Tree Trim,75
,Tree Trim,75
,Tree Trim,75
,Tree Trim,75
,Tree Trim,75
,Tree Trim,75
,Tree Stump Grinding,116
,Tree Removal,51
,Tree Removal,51
,Tree Trim,75
,Tree Removal,51
,Tree Removal,51
,Tree Trim,75
,Tree Removal,51
,Tree Removal,51
,Tree Trim,75
,Tree Trim,75
,Tree Removal,51
,Tree Trim,75
,Tree Trim,75
,Tree Trim,
,Tree Removal,51
,Tree Removal,51
,Tree Trim,75
"171556",Tree Trim,75
,Tree Removal,51
,Tree Removal,51
,Tree Trim,75
,Tree Trim,75
,Tree Trim,75
,Tree Removal,51
,Tree Trim,75
,Tree Removal,51
,Tree Removal,51
,Tree Trim,75
,Tree Removal,51
,Tree Removal,51
,Tree Trim,75
,Tree Trim,75
,Tree Removal,51
,Tree Trim,75
,Tree Removal,51
,Tree Trim,75
,Tree Trim,75
,Tree Trim,75
,Tree Trim,75
,Tree Trim,75
,Tree Removal,51
,Tree Removal,51
,Tree Trim,75
,Tree Trim,75
,Tree Trim,75
,Tree Trim,75
,Tree Trim,75
,Tree Trim,75
,Tree Removal,51
,Tree Trim,75
,Tree Trim,75
,Tree Removal,51
,Tree Trim,75
,Tree Trim,75
,Tree Trim,75
,Tree Trim,75
,Tree Removal,51
,Tree Removal,51
,Tree Trim,75
,Tree Removal,51
,Tree Removal,51
,Tree Removal,51
,Tree Removal,51
,Tree Removal,51
,Tree Trim,75
"171815",Tree Removal,51
"171211",Tree Trim,75
,Tree Trim,75
,Tree Removal,
,Tree Removal,51
,Tree Trim,75
,Tree Trim,75
,Tree Trim,75
,Tree Trim,75
,Tree Trim,75
,Tree Trim,75
,Tree Trim,75
,Tree Code Violation,52
,Tree Trim,
,Tree Stump Grinding,116
,Tree Trim,75
,Tree Removal,51
,Tree Trim,75
,Tree Trim,75
,Tree Trim,75
,Tree Removal,51
,Tree Stump Grinding,116
,Tree Removal,51
,Tree Trim,75
,Tree Trim,75
,Tree Removal,51
,Tree Trim,75
,Tree Removal,51
,Tree Trim,
,Tree Removal,51
,Tree Removal,51
,Tree Trim,75
,Tree Removal,51
,Tree Removal,51
,Tree Removal,51
,Tree Trim,75
,Tree Trim,75
,Tree Stump Grinding,116
,Tree Trim,75
,Tree Trim,75
,Tree Removal,50
,Tree Removal,51
,Tree Removal,51
,Tree Removal,51
,Tree Removal,51
,Tree Removal,51
,Tree Trim,75
,Tree Removal,51
,Tree Trim,75
,Tree Trim,75
,Tree Removal,51
,Tree Trim,75
,Tree Trim,75
,Tree Removal,51
,Tree Trim,75
,Tree Trim,75
,Tree Trim,75
,Tree Removal,51
,Tree Removal,51
,Tree Removal,51
,Tree Trim,75
,Tree Removal,51
,Tree Removal,51
,Tree Trim,75
,Tree Removal,51
,Tree Trim,75
,Tree Trim,75
,Tree Trim,75
,Tree Removal,51
,Tree Trim,75
,Tree Trim,75
,Tree Trim,75
,Tree Removal,51
,Tree Trim,75
,Tree Code Violation,52
,Tree Removal,51
,Tree Trim,75
,Tree Removal,51
,Tree Trim,75
,Tree Trim,75
,Tree Trim,75
,Tree Trim,75
,Tree Trim,75
,Tree Removal,51
,Tree Trim,75
,Tree Trim,75
,Tree Removal,51
,Tree Removal,51
,Tree Trim,75
,Tree Removal,51
,Tree Removal,51
,Tree Trim,83
,Tree Planting,25
,Tree Trim,75
,Tree Removal,51
,Tree Trim,75
,Tree Trim,75
,Tree Removal,51
,Tree Removal,51
,Tree Trim,75
,Tree Trim,75
,Tree Removal,51
,Tree Removal,51
,Tree Trim,75
,Tree Trim,75
,Tree Trim,75
,Tree Trim,75
,Tree Trim,75
,Tree Trim,75
,Tree Trim,75
,Tree Removal,51
,Tree Trim,75
,Tree Trim,75
,Tree Trim,75
,Tree Removal,51
,Tree Trim,75
,Tree Trim,75
,Tree Trim,75
,Tree Stump Grinding,116
,Tree Removal,51
,Tree Trim,75
,Tree Trim,75
"171785",Tree Trim,75
"171763",Tree Trim,75
,Tree Removal,51
,Tree Removal,51
,Tree Trim,75
,Tree Trim,75
,Tree Removal,51
,Tree Removal,51
,Tree Removal,51
,Tree Removal,51
,Tree Trim,75
,Tree Trim,75
,Tree Trim,75
,Tree Trim,75
,Tree Trim,75
,Tree Trim,75
,Tree Trim,75
,Tree Trim,75
,Tree Removal,51
,Tree Trim,75
,Tree Trim,75
,Tree Removal,50
,Tree Trim,75
,Tree Trim,75
,Tree Trim,75
"171518",Tree Trim,75
"171814",Tree Trim,75
,Tree Trim,75
,Tree Trim,75
,Tree Trim,75
,Tree Trim,75
,Tree Trim,75
,Tree Removal,51
,Tree Planting,25
,Tree Trim,75
,Tree Trim,75
,Tree Removal,51
,Tree Trim,75
,Tree Removal,51
,Tree Removal,51
,Tree Trim,75
,Tree Trim,75
,Tree Removal,51
,Tree Trim,75
,Tree Trim,75
,Tree Trim,75
,Tree Trim,75
,Tree Trim,75
,Tree Removal,51
,Tree Removal,51
"171739",Tree Trim,75
,Tree Trim,75
,Tree Trim,75
,Tree Trim,75
,Tree Removal,51
,Tree Trim,75
,Tree Removal,51
,Tree Trim,75
,Tree Trim,75
,Tree Trim,75
,Tree Trim,75
,Tree Trim,75
,Tree Trim,75
,Tree Trim,75
,Tree Removal,51
,Tree Trim,75
,Tree Trim,75
,Tree Removal,51
,Tree Trim,75
,Tree Trim,75
,Tree Trim,75
,Tree Trim,75
,Tree Removal,51
,Tree Removal,51
,Tree Trim,75
"171719",Tree Removal,51
,Tree Trim,75
,Tree Trim,75
,Tree Trim,75
,Tree Removal,51
,Tree Trim,75
,Tree Removal,51
,Tree Trim,75
,Tree Trim,75
,Tree Trim,75
,Tree Removal,51
,Tree Removal,53
,Tree Removal,51
,Tree Trim,75
,Tree Removal,51
,Tree Trim,75
,Tree Planting,25
,Tree Trim,75
,Tree Trim,75
,Tree Removal,51
,Tree Trim,75
,Tree Removal,51
,Tree Trim,75
,Tree Removal,51
,Tree Trim,75
,Tree Removal,51
,Tree Trim,75
,Tree Removal,51
,Tree Trim,75
,Tree Trim,75
,Tree Trim,75
,Tree Removal,51
,Tree Trim,75
,Tree Trim,75
,Tree Trim,75
,Tree Trim,75
,Tree Trim,75
,Tree Removal,51
,Tree Trim,75
,Tree Trim,75
,Tree Trim,75
,Tree Trim,75
,Tree Removal,51
,Tree Code Violation,52
,Tree Code Violation,52
,Tree Code Violation,52
,Tree Code Violation,52
,Tree Code Violation,52
"171761",Tree Removal,51
"171769",Tree Removal,51
,Tree Removal,51
,Tree Trim,75
,Tree Trim,75
,Tree Trim,75
,Tree Trim,75
,Tree Removal,51
,Tree Removal,51
,Tree Trim,
,Tree Removal,51
,Tree Removal,51
,Tree Removal,51
,Tree Removal,51
,Tree Removal,51
,Tree Removal,51
,Tree Removal,51
,Tree Removal,51
,Tree Removal,51
,Tree Trim,75
,Tree Trim,75
,Tree Removal,51
,Tree Removal,51
,Tree Removal,51
,Tree Trim,75
"170931",Tree Trim,75
,Tree Removal,51
,Tree Removal,51
,Tree Removal,51
,Tree Trim,75
,Tree Trim,75
,Tree Trim,75
,Tree Removal,51
,Tree Removal,51
,Tree Trim,75
,Tree Removal,51
,Tree Trim,75
,Tree Removal,51
,Tree Trim,75
,Tree Trim,75
,Tree Removal,51
,Tree Removal,51
,Tree Trim,75
,Tree Trim,75
,Tree Removal,51
,Tree Trim,75
,Tree Trim,75
,Tree Removal,51
,Tree Trim,75
"171063",Tree Trim,75
,Tree Trim,75
,Tree Removal,51
,Tree Trim,75
,Tree Trim,75
,Tree Trim,
,Tree Trim,75
,Tree Trim,75
,Tree Trim,75
,Tree Trim,75
,Tree Removal,51
,Tree Trim,74
,Tree Stump Grinding,116
,Tree Trim,75
,Tree Removal,51
,Tree Removal,51
,Tree Trim,75
,Tree Removal,51
,Tree Trim,75
,Tree Trim,75
,Tree Trim,75
,Tree Trim,75
,Tree Removal,51
,Tree Trim,75
"171134",Tree Trim,75
,Tree Trim,75
,Tree Removal,51
,Tree Removal,51
,Tree Trim,75
,Tree Trim,75
,Tree Trim,75
,Tree Removal,51
,Tree Removal,51
,Tree Removal,51
,Tree Code Violation,52
,Tree Trim,75
,Tree Removal,51
,Tree Removal,51
,Tree Trim,75
,Tree Trim,75
,Tree Trim,75
,Tree Removal,51
,Tree Removal,51
,Tree Trim,75
,Tree Trim,75
,Tree Trim,75
,Tree Trim,75
,Tree Removal,51
,Tree Trim,75
,Tree Trim,75
,Tree Trim,75
,Tree Trim,75
,Tree Trim,75
,Tree Trim,75
,Tree Trim,75
,Tree Trim,75
,Tree Code Violation,52
,Tree Trim,75
,Tree Trim,75
,Tree Trim,75
,Tree Trim,75
,Tree Removal,51
,Tree Trim,75
,Tree Trim,75
,Tree Trim,75
,Tree Trim,75
,Tree Removal,51
,Tree Trim,75
,Tree Trim,75
,Tree Trim,75
,Tree Trim,75
,Tree Trim,75
,Tree Trim,75
,Tree Removal,51
,Tree Trim,75
,Tree Trim,75
,Tree Removal,51
,Tree Stump Grinding,116
,Tree Removal,51
,Tree Trim,75
,Tree Trim,75
,Tree Trim,75
,Tree Removal,51
,Tree Removal,51
,Tree Trim,75
,Tree Trim,75
,Tree Trim,75
,Tree Trim,75
,Tree Trim,75
,Tree Trim,75
,Tree Trim,75
,Tree Trim,75
,Tree Trim,75
,Tree Trim,75
,Tree Trim,75
,Tree Removal,51
,Tree Trim,75
"171496",Tree Trim,75
"171743",Tree Trim,75
,Tree Removal,51
,Tree Trim,75
,Tree Removal,51
,Tree Removal,51
,Tree Trim,75
,Tree Trim,75
,Tree Trim,75
,Tree Trim,75
,Tree Trim,75
,Tree Trim,75
,Tree Trim,75
,Tree Removal,51
,Tree Trim,75
,Tree Removal,51
,Tree Stump Grinding,116
,Tree Trim,75
,Tree Removal,51
,Tree Removal,51
,Tree Removal,51
,Tree Trim,75
,Tree Removal,51
,Tree Trim,75
,Tree Trim,75
,Tree Trim,75
,Tree Trim,75
,Tree Removal,51
,Tree Trim,75
,Tree Removal,51
,Tree Trim,75
,Tree Trim,75
,Tree Removal,51
,Tree Trim,75
,Tree Trim,75
,Tree Trim,75
,Tree Trim,75
,Tree Removal,51
,Tree Removal,51
,Tree Trim,75
,Tree Removal,51
,Tree Removal,51
,Tree Trim,75
,Tree Removal,51
,Tree Trim,75
,Tree Trim,75
,Tree Removal,54
,Tree Removal,51
,Tree Trim,75
,Tree Trim,75
,Tree Trim,75
,Tree Trim,75
,Tree Trim,75
,Tree Removal,51
,Tree Trim,75
,Tree Removal,51
,Tree Trim,75
,Tree Removal,51
,Tree Trim,75
,Tree Trim,75
,Tree Trim,75
,Tree Trim,75
,Tree Removal,51
,Tree Trim,75
,Tree Trim,75
,Tree Removal,51
,Tree Trim,75
,Tree Trim,75
,Tree Trim,75
,Tree Removal,51
,Tree Removal,51
,Tree Trim,75
,Tree Removal,51
,Tree Removal,51
,Tree Trim,75
"171492",Tree Stump Grinding,116
,Tree Removal,51
,Tree Trim,75
,Tree Trim,75
,Tree Trim,75
,Tree Trim,75
,Tree Trim,75
,Tree Removal,51
,Tree Trim,74
,Tree Trim,74
,Tree Removal,51
,Tree Trim,75
,Tree Trim,76
,Tree Removal,51
,Tree Removal,51
,Tree Trim,75
,Tree Trim,75
,Tree Trim,75
,Tree Stump Grinding,116
,Tree Trim,75
,Tree Trim,75
,Tree Removal,51
,Tree Removal,51
,Tree Removal,51
,Tree Removal,51
,Tree Removal,51
,Tree Planting,25
,Tree Removal,51
,Tree Removal,51
,Tree Trim,75
,Tree Removal,51
,Tree Removal,51
,Tree Trim,75
,Tree Trim,75
,Tree Removal,51
,Tree Removal,51
,Tree Trim,75
,Tree Trim,75
,Tree Trim,75
,Tree Trim,75
,Tree Trim,75
,Tree Removal,51
,Tree Trim,75
,Tree Trim,75
,Tree Removal,
,Tree Trim,75
,Tree Removal,51
,Tree Trim,75
"170049",Tree Removal,51
"171840",Tree Trim,75
,Tree Trim,75
,Tree Trim,75
,Tree Trim,75
,Tree Removal,51
,Tree Trim,75
,Tree Trim,75
,Tree Trim,75
,Tree Trim,75
,Tree Trim,75
,Tree Trim,75
,Tree Trim,75
,Tree Removal,51
,Tree Removal,51
,Tree Trim,75
,Tree Trim,75
,Tree Trim,75
,Tree Trim,75
,Tree Stump Grinding,116
,Tree Removal,51
,Tree Trim,75
"171003",Tree Trim,75
"171543",Tree Removal,51
"171372",Tree Trim,75
"171850",Tree Trim,75
,Tree Removal,51
,Tree Trim,75
,Tree Removal,51
,Tree Trim,75
,Tree Stump Grinding,116
,Tree Removal,51
,Tree Removal,51
,Tree Trim,75
,Tree Trim,75
,Tree Trim,75
,Tree Trim,75
,Tree Trim,75
,Tree Trim,75
,Tree Removal,51
,Tree Trim,75
,Tree Trim,75
,Tree Removal,51
,Tree Removal,51
,Tree Removal,51
,Tree Trim,75
,Tree Removal,51
,Tree Trim,75
,Tree Removal,51
"171076",Tree Trim,75
,Tree Removal,51
,Tree Trim,75
,Tree Trim,75
,Tree Trim,75
,Tree Trim,75
,Tree Trim,75
,Tree Trim,75
,Tree Trim,75
,Tree Removal,51
,Tree Removal,51
,Tree Trim,75
,Tree Trim,75
,Tree Trim,75
,Tree Trim,75
,Tree Trim,75
,Tree Trim,75
,Tree Trim,75
,Tree Trim,75
,Tree Removal,51
,Tree Trim,75
,Tree Trim,75
,Tree Trim,75
,Tree Trim,75
"171805",Tree Trim,75
,Tree Trim,75
,Tree Removal,51
,Tree Removal,51
,Tree Removal,51
,Tree Trim,75
,Tree Removal,51
,Tree Removal,51
,Tree Trim,75
,Tree Trim,75
,Tree Trim,75
,Tree Trim,75
,Tree Trim,75
,Tree Removal,51
,Tree Trim,75
,Tree Trim,75
,Tree Trim,75
,Tree Removal,51
,Tree Trim,75
,Tree Trim,75
,Tree Trim,75
,Tree Trim,75
,Tree Trim,75
,Tree Trim,75
,Tree Trim,75
,Tree Removal,51
,Tree Trim,75
,Tree Trim,75
,Tree Trim,75
,Tree Removal,51
,Tree Removal,51
,Tree Stump Grinding,116
,Tree Removal,51
,Tree Trim,75
,Tree Trim,75
,Tree Trim,75
,Tree Removal,51
,Tree Trim,75
,Tree Trim,75
,Tree Trim,75
,Tree Trim,75
,Tree Trim,75
,Tree Removal,51
,Tree Trim,75
,Tree Trim,75
,Tree Trim,75
,Tree Trim,75
,Tree Stump Grinding,116
,Tree Trim,75
,Tree Trim,75
,Tree Trim,75
,Tree Trim,75
,Tree Removal,51
,Tree Trim,75
,Tree Removal,51
,Tree Trim,75
,Tree Trim,75
,Tree Trim,75
,Tree Trim,75
,Tree Removal,51
,Tree Trim,
,Tree Trim,75
,Tree Trim,75
,Tree Trim,75
,Tree Trim,75
,Tree Trim,75
,Tree Trim,75
,Tree Trim,75
,Tree Trim,75
,Tree Trim,75
,Tree Trim,75
,Tree Trim,75
,Tree Removal,51
,Tree Trim,75
,Tree Trim,75
"171209",Tree Removal,51
,Tree Trim,75
,Tree Stump Grinding,116
,Tree Stump Grinding,116
,Tree Trim,75
,Tree Trim,75
,Tree Trim,75
,Tree Trim,75
,Tree Trim,75
,Tree Trim,75
,Tree Trim,75
,Tree Trim,75
,Tree Trim,75
,Tree Trim,75
,Tree Trim,77
,Tree Trim,75
,Tree Trim,75
,Tree Trim,75
,Tree Removal,51
,Tree Removal,51
,Tree Trim,75
,Tree Removal,51
,Tree Removal,51
,Tree Trim,75
,Tree Trim,75
,Tree Code Violation,52
,Tree Trim,75
,Tree Trim,75
,Tree Trim,
,Tree Trim,75
,Tree Trim,75
,Tree Trim,75
,Tree Trim,75
,Tree Trim,75
,Tree Trim,75
,Tree Trim,75
,Tree Removal,51
,Tree Trim,75
,Tree Trim,75
,Tree Trim,75
,Tree Stump Grinding,116
,Tree Trim,75
,Tree Trim,75
,Tree Trim,75
,Tree Trim,75
,Tree Trim,75
,Tree Trim,75
,Tree Removal,51
,Tree Trim,75
,Tree Trim,75
,Tree Removal,51
,Tree Trim,75
,Tree Stump Grinding,116
,Tree Trim,75
,Tree Removal,51
,Tree Trim,75
,Tree Removal,51
,Tree Trim,75
,Tree Trim,75
,Tree Trim,75
,Tree Trim,75
,Tree Trim,75
,Tree Trim,75
,Tree Trim,75
,Tree Trim,75
,Tree Trim,75
,Tree Removal,51
,Tree Trim,75
,Tree Trim,75
,Tree Trim,75
,Tree Trim,75
,Tree Trim,75
,Tree Trim,75
"171842",Tree Removal,51
"171161",Tree Trim,75
,Tree Trim,75
,Tree Removal,51
,Tree Removal,51
,Tree Removal,51
,Tree Trim,75
,Tree Trim,75
,Tree Trim,75
,Tree Trim,75
,Tree Trim,75
,Tree Removal,51
,Tree Trim,75
,Tree Trim,75
,Tree Removal,51
,Tree Trim,75
,Tree Trim,75
,Tree Trim,75
,Tree Trim,75
,Tree Trim,75
,Tree Trim,75
,Tree Trim,75
,Tree Removal,51
,Tree Code Violation,52
,Tree Removal,51
,Tree Trim,75
,Tree Stump Grinding,
,Tree Removal,51
,Tree Removal,51
,Tree Trim,75
,Tree Removal,51
,Tree Trim,75
,Tree Trim,75
,Tree Trim,75
,Tree Removal,51
,Tree Trim,75
,Tree Trim,75
,Tree Trim,75
,Tree Removal,51
,Tree Trim,75
,Tree Removal,51
,Tree Trim,75
,Tree Trim,75
,Tree Removal,51
,Tree Trim,75
,Tree Trim,75
,Tree Removal,51
,Tree Trim,75
,Tree Trim,75
,Tree Trim,75
,Tree Trim,75
,Tree Trim,75
,Tree Trim,75
,Tree Trim,75
,Tree Trim,75
,Tree Trim,75
,Tree Trim,75
,Tree Trim,75
,Tree Trim,75
,Tree Removal,51
,Tree Trim,75
,Tree Trim,75
,Tree Removal,51
,Tree Trim,75
,Tree Trim,75
,Tree Trim,75
,Tree Trim,75
,Tree Trim,75
,Tree Trim,75
,Tree Trim,75
,Tree Removal,50
,Tree Trim,75
,Tree Trim,75
"171673",Tree Removal,51
,Tree Removal,51
,Tree Trim,75
,Tree Trim,75
,Tree Trim,75
,Tree Trim,75
,Tree Trim,75
,Tree Trim,75
,Tree Trim,75
,Tree Trim,75
,Tree Removal,51
,Tree Removal,51
,Tree Trim,75
,Tree Trim,75
,Tree Trim,75
,Tree Trim,75
,Tree Removal,51
,Tree Removal,51
,Tree Trim,75
,Tree Trim,75
,Tree Trim,75
,Tree Trim,75
,Tree Code Violation,52
,Tree Trim,75
"170966",Tree Trim,75
,Tree Trim,75
,Tree Trim,75
,Tree Trim,75
,Tree Trim,75
,Tree Stump Grinding,
,Tree Trim,75
,Tree Trim,75
,Tree Trim,75
,Tree Trim,75
,Tree Trim,75
,Tree Removal,51
,Tree Trim,75
,Tree Trim,75
,Tree Trim,75
,Tree Trim,75
,Tree Trim,75
,Tree Trim,75
,Tree Trim,75
,Tree Trim,75
,Tree Trim,75
,Tree Trim,75
,Tree Trim,75
,Tree Trim,75
"170967",Tree Trim,75
,Tree Trim,75
,Tree Trim,75
,Tree Removal,51
,Tree Trim,75
,Tree Trim,75
,Tree Trim,75
,Tree Removal,51
,Tree Trim,75
,Tree Removal,51
,Tree Removal,51
,Tree Trim,75
,Tree Removal,51
,Tree Trim,75
,Tree Trim,75
,Tree Trim,75
,Tree Trim,75
,Tree Removal,51
,Tree Trim,75
,Tree Trim,75
,Tree Trim,75
,Tree Trim,75
,Tree Trim,75
"171298",Tree Trim,75
"171297",Tree Trim,75
,Tree Stump Grinding,116
,Tree Removal,51
,Tree Trim,75
,Tree Trim,75
,Tree Trim,75
,Tree Removal,51
,Tree Removal,51
,Tree Trim,75
,Tree Removal,51
,Tree Trim,75
,Tree Trim,75
,Tree Removal,51
,Tree Trim,75
,Tree Trim,75
,Tree Trim,75
,Tree Trim,75
,Tree Removal,51
,Tree Removal,51
,Tree Trim,75
,Tree Trim,75
,Tree Removal,51
,Tree Trim,75
"171859",Tree Trim,75
"171299",Tree Trim,75
,Tree Trim,75
,Tree Removal,51
,Tree Trim,75
,Tree Trim,75
,Tree Trim,75
,Tree Trim,75
,Tree Trim,75
,Tree Trim,75
,Tree Trim,75
,Tree Trim,75
,Tree Trim,75
,Tree Removal,51
,Tree Trim,75
,Tree Trim,75
,Tree Removal,51
,Tree Trim,75
,Tree Planting,25
,Tree Trim,75
,Tree Removal,51
,Tree Trim,75
,Tree Trim,75
,Tree Trim,75
,Tree Trim,75
,Tree Trim,75
"171873",Tree Trim,75
,Tree Trim,75
,Tree Trim,75
,Tree Trim,75
,Tree Removal,51
,Tree Trim,75
,Tree Trim,75
,Tree Trim,75
,Tree Removal,51
,Tree Removal,51
,Tree Trim,75
,Tree Trim,75
,Tree Trim,75
,Tree Trim,75
,Tree Trim,75
,Tree Trim,75
,Tree Trim,75
,Tree Trim,75
,Tree Removal,51
,Tree Trim,75
,Tree Trim,75
,Tree Trim,75
,Tree Trim,75
,Tree Removal,51
"171872",Tree Trim,75
"171845",Tree Trim,75
,Tree Trim,75
,Tree Removal,51
,Tree Trim,75
,Tree Trim,75
,Tree Code Violation,52
,Tree Planting,25
,Tree Trim,75
,Tree Trim,75
,Tree Removal,51
,Tree Trim,75
,Tree Trim,75
,Tree Trim,75
,Tree Removal,51
,Tree Trim,75
,Tree Code Violation,52
,Tree Trim,75
,Tree Trim,75
,Tree Trim,75
,Tree Removal,51
,Tree Trim,75
,Tree Trim,75
,Tree Removal,51
,Tree Trim,75
,Tree Trim,75
"171313",Tree Removal,51
,Tree Removal,51
,Tree Removal,51
,Tree Planting,25
,Tree Removal,51
,Tree Trim,75
,Tree Stump Grinding,116
,Tree Removal,51
,Tree Trim,75
,Tree Trim,75
,Tree Trim,75
,Tree Trim,75
,Tree Removal,51
,Tree Trim,75
,Tree Removal,51
,Tree Trim,75
,Tree Trim,75
,Tree Removal,51
,Tree Trim,75
,Tree Removal,51
,Tree Removal,51
,Tree Trim,75
,Tree Trim,75
,Tree Removal,51
"171910",Tree Trim,75
,Tree Trim,75
,Tree Trim,75
,Tree Trim,75
,Tree Trim,75
,Tree Removal,51
,Tree Trim,75
,Tree Trim,75
,Tree Removal,51
,Tree Trim,75
,Tree Removal,51
,Tree Trim,75
,Tree Trim,75
,Tree Trim,75
,Tree Removal,51
,Tree Trim,75
,Tree Trim,75
,Tree Trim,75
,Tree Trim,75
,Tree Removal,51
,Tree Trim,75
,Tree Trim,75
,Tree Trim,75
,Tree Trim,75
,Tree Removal,51
"171566",Tree Trim,75
,Tree Trim,75
,Tree Removal,51
,Tree Trim,75
,Tree Trim,75
,Tree Trim,75
,Tree Trim,75
,Tree Trim,75
,Tree Trim,75
,Tree Removal,51
,Tree Trim,75
,Tree Removal,51
,Tree Removal,51
,Tree Trim,75
,Tree Trim,75
,Tree Trim,75
,Tree Trim,75
,Tree Trim,75
,Tree Removal,51
,Tree Removal,51
,Tree Trim,75
,Tree Trim,75
,Tree Trim,75
,Tree Trim,75
"171870",Tree Removal,51
"171908",Tree Trim,75
,Tree Trim,75
,Tree Trim,75
,Tree Trim,75
,Tree Trim,75
,Tree Removal,51
,Tree Removal,51
,Tree Trim,75
,Tree Trim,75
,Tree Trim,75
,Tree Trim,75
,Tree Trim,75
,Tree Code Violation,
,Tree Code Violation,52
,Tree Removal,51
,Tree Trim,75
,Tree Trim,75
,Tree Trim,75
,Tree Trim,75
,Tree Removal,51
,Tree Trim,75
,Tree Removal,51
,Tree Trim,75
,Tree Removal,51
,Tree Removal,51
,Tree Trim,75
,Tree Planting,25
,Tree Trim,81
,Tree Trim,75
,Tree Trim,75
,Tree Trim,75
,Tree Trim,75
,Tree Trim,75
,Tree Trim,75
,Tree Trim,75
,Tree Removal,51
,Tree Trim,75
,Tree Trim,75
,Tree Trim,75
,Tree Trim,75
,Tree Trim,75
,Tree Removal,51
,Tree Removal,51
,Tree Trim,
,Tree Trim,75
,Tree Trim,75
,Tree Removal,51
,Tree Removal,51
,Tree Trim,75
,Tree Removal,51
"171266",Tree Trim,75
,Tree Trim,75
,Tree Removal,51
,Tree Trim,76
,Tree Removal,51
,Tree Removal,51
,Tree Trim,75
,Tree Trim,75
,Tree Trim,75
,Tree Removal,51
,Tree Removal,51
,Tree Removal,51
,Tree Trim,75
,Tree Code Violation,52
,Tree Trim,75
,Tree Trim,75
,Tree Trim,75
,Tree Trim,75
,Tree Trim,75
,Tree Trim,75
,Tree Trim,75
,Tree Removal,51
,Tree Trim,75
,Tree Trim,75
,Tree Trim,75
"171467",Tree Trim,75
,Tree Removal,51
,Tree Trim,75
,Tree Stump Grinding,
,Tree Trim,75
,Tree Trim,75
,Tree Trim,75
,Tree Trim,75
,Tree Trim,75
,Tree Removal,51
,Tree Trim,75
,Tree Removal,51
,Tree Trim,75
,Tree Trim,
,Tree Trim,75
,Tree Trim,75
,Tree Trim,75
,Tree Trim,75
,Tree Trim,75
,Tree Trim,75
,Tree Trim,75
,Tree Removal,51
,Tree Trim,75
,Tree Trim,75
"171619",Tree Trim,75
"171125",Tree Trim,75
,Tree Trim,75
,Tree Trim,75
,Tree Trim,75
,Tree Trim,75
,Tree Trim,75
,Tree Trim,75
,Tree Trim,75
,Tree Trim,75
,Tree Trim,75
,Tree Trim,75
,Tree Trim,75
,Tree Trim,75
,Tree Stump Grinding,
,Tree Trim,75
,Tree Removal,51
,Tree Trim,75
,Tree Trim,75
,Tree Trim,75
,Tree Trim,75
,Tree Trim,75
,Tree Trim,75
,Tree Removal,51
,Tree Trim,75
,Tree Trim,75
"171548",Tree Removal,51
,Tree Trim,75
,Tree Trim,75
,Tree Trim,75
,Tree Trim,75
,Tree Trim,75
,Tree Trim,75
,Tree Trim,75
,Tree Removal,51
,Tree Trim,75
,Tree Removal,51
,Tree Trim,75
,Tree Trim,75
,Tree Removal,51
,Tree Trim,75
,Tree Removal,51
,Tree Trim,75
,Tree Removal,51
,Tree Trim,75
,Tree Removal,51
,Tree Removal,51
,Tree Removal,51
,Tree Trim,75
,Tree Removal,51
,Tree Trim,75
"172097",Tree Trim,75
,Tree Removal,51
,Tree Trim,75
,Tree Trim,75
,Tree Removal,51
,Tree Trim,75
,Tree Trim,75
,Tree Removal,51
,Tree Trim,75
,Tree Trim,75
,Tree Removal,51
,Tree Removal,51
,Tree Trim,75
,Tree Trim,75
,Tree Trim,75
,Tree Removal,51
,Tree Trim,75
,Tree Removal,51
,Tree Trim,75
,Tree Trim,75
,Tree Removal,51
,Tree Removal,51
,Tree Removal,51
,Tree Trim,75
,Tree Trim,75
,Tree Trim,75
,Tree Trim,75
,Tree Removal,51
,Tree Trim,75
,Tree Trim,75
,Tree Trim,75
,Tree Removal,51
,Tree Removal,51
,Tree Removal,51
,Tree Removal,51
,Tree Trim,75
,Tree Trim,75
,Tree Removal,51
,Tree Removal,51
,Tree Trim,75
,Tree Trim,74
,Tree Trim,74
,Tree Trim,74
,Tree Removal,51
,Tree Removal,51
,Tree Trim,75
,Tree Removal,51
,Tree Trim,
,Tree Trim,75
,Tree Trim,75
"171404",Tree Removal,51
,Tree Removal,51
,Tree Trim,75
,Tree Trim,75
,Tree Trim,75
,Tree Removal,51
,Tree Trim,75
,Tree Trim,75
,Tree Removal,51
,Tree Removal,51
,Tree Trim,75
,Tree Removal,51
,Tree Removal,51
,Tree Trim,75
,Tree Removal,51
,Tree Trim,75
,Tree Trim,75
,Tree Trim,75
,Tree Trim,75
,Tree Trim,75
,Tree Removal,51
,Tree Trim,75
,Tree Trim,75
,Tree Trim,75
"171894",Tree Trim,75
,Tree Trim,75
,Tree Removal,51
,Tree Trim,75
,Tree Trim,75
,Tree Removal,51
,Tree Trim,75
,Tree Trim,75
,Tree Trim,75
,Tree Trim,75
,Tree Trim,75
,Tree Removal,51
,Tree Trim,75
,Tree Removal,51
,Tree Stump Grinding,
,Tree Trim,75
,Tree Trim,75
,Tree Removal,51
,Tree Trim,75
,Tree Trim,75
,Tree Trim,75
,Tree Trim,75
,Tree Removal,51
,Tree Removal,51
"171382",Tree Trim,75
,Tree Trim,75
,Tree Removal,51
,Tree Trim,75
,Tree Stump Grinding,116
,Tree Removal,51
,Tree Removal,51
,Tree Removal,51
,Tree Trim,75
,Tree Removal,51
,Tree Removal,51
,Tree Removal,51
,Tree Removal,51
,Tree Removal,51
,Tree Removal,51
,Tree Removal,51
,Tree Trim,75
,Tree Removal,51
,Tree Trim,75
,Tree Trim,75
,Tree Trim,75
,Tree Trim,75
,Tree Removal,51
,Tree Trim,75
,Tree Trim,75
"171410",Tree Trim,75
,Tree Trim,75
,Tree Trim,75
,Tree Trim,75
,Tree Removal,51
,Tree Trim,75
,Tree Trim,75
,Tree Trim,75
,Tree Trim,75
,Tree Trim,75
,Tree Trim,75
,Tree Trim,75
,Tree Removal,51
,Tree Trim,75
,Tree Trim,75
,Tree Trim,75
,Tree Trim,75
,Tree Trim,75
,Tree Trim,75
,Tree Trim,75
,Tree Removal,51
,Tree Trim,75
"170930",Tree Trim,75
"171892",Tree Trim,75
"171306",Tree Removal,51
,Tree Removal,51
,Tree Trim,75
,Tree Removal,51
,Tree Removal,51
,Tree Trim,75
,Tree Removal,51
,Tree Trim,75
,Tree Removal,51
,Tree Removal,51
,Tree Trim,75
,Tree Trim,75
,Tree Stump Grinding,
,Tree Trim,75
,Tree Trim,75
,Tree Trim,75
,Tree Trim,75
,Tree Trim,75
,Tree Stump Grinding,116
,Tree Trim,75
,Tree Trim,75
,Tree Trim,75
,Tree Trim,75
,Tree Removal,51
,Tree Removal,51
,Tree Trim,75
,Tree Removal,51
,Tree Trim,75
,Tree Trim,75
,Tree Trim,75
,Tree Trim,75
,Tree Trim,75
,Tree Trim,75
,Tree Trim,
,Tree Removal,51
,Tree Trim,75
,Tree Trim,75
,Tree Trim,75
,Tree Trim,75
,Tree Removal,51
,Tree Trim,75
,Tree Trim,75
,Tree Trim,75
,Tree Removal,51
,Tree Trim,75
,Tree Trim,75
,Tree Trim,75
,Tree Trim,75
,Tree Removal,51
"171293",Tree Removal,51
"171880",Tree Removal,51
,Tree Code Violation,52
,Tree Trim,75
,Tree Trim,75
,Tree Trim,75
,Tree Removal,51
,Tree Trim,75
,Tree Code Violation,52
,Tree Removal,51
,Tree Trim,75
,Tree Removal,51
,Tree Trim,75
,Tree Trim,76
,Tree Trim,75
,Tree Trim,75
,Tree Removal,51
,Tree Removal,51
,Tree Removal,51
,Tree Removal,51
,Tree Trim,75
,Tree Trim,75
,Tree Removal,51
,Tree Removal,51
,Tree Removal,51
,Tree Removal,51
"171094",Tree Trim,75
,Tree Removal,51
,Tree Trim,75
,Tree Trim,75
,Tree Trim,75
,Tree Trim,75
,Tree Stump Grinding,116
,Tree Removal,51
,Tree Removal,51
,Tree Trim,75
,Tree Removal,
,Tree Trim,75
,Tree Removal,51
,Tree Trim,75
,Tree Trim,75
,Tree Trim,75
,Tree Trim,75
,Tree Removal,51
,Tree Trim,75
,Tree Removal,51
,Tree Removal,51
,Tree Trim,75
,Tree Trim,75
"171053",Tree Trim,75
"171816",Tree Removal,51
,Tree Trim,75
,Tree Removal,51
,Tree Removal,51
,Tree Trim,75
,Tree Trim,75
,Tree Trim,75
,Tree Trim,75
,Tree Trim,75
,Tree Trim,75
,Tree Trim,75
,Tree Removal,51
,Tree Trim,75
,Tree Removal,51
,Tree Trim,75
,Tree Trim,75
,Tree Trim,75
,Tree Removal,51
,Tree Trim,75
,Tree Trim,75
,Tree Trim,75
,Tree Trim,75
,Tree Trim,75
,Tree Trim,75
,Tree Trim,75
,Tree Trim,75
,Tree Trim,75
,Tree Trim,75
,Tree Trim,75
,Tree Trim,75
,Tree Removal,51
,Tree Trim,75
,Tree Trim,75
,Tree Trim,75
,Tree Trim,75
,Tree Trim,75
,Tree Trim,75
,Tree Trim,75
,Tree Removal,51
,Tree Trim,75
,Tree Trim,75
,Tree Trim,75
,Tree Trim,75
,Tree Trim,75
,Tree Trim,75
,Tree Trim,75
,Tree Trim,75
,Tree Removal,51
,Tree Trim,75
,Tree Trim,75
,Tree Trim,75
,Tree Removal,51
,Tree Trim,75
,Tree Code Violation,52
,Tree Removal,51
,Tree Removal,51
,Tree Removal,51
,Tree Removal,
,Tree Stump Grinding,116
,Tree Trim,75
,Tree Trim,75
,Tree Trim,75
,Tree Trim,75
,Tree Code Violation,52
,Tree Trim,75
,Tree Trim,75
,Tree Trim,75
,Tree Trim,75
,Tree Trim,75
,Tree Trim,75
,Tree Trim,75
,Tree Trim,75
,Tree Removal,51
,Tree Trim,75
,Tree Removal,51
,Tree Removal,51
,Tree Trim,75
,Tree Trim,75
,Tree Trim,75
,Tree Trim,75
,Tree Trim,75
,Tree Trim,75
,Tree Removal,51
,Tree Removal,51
,Tree Removal,51
,Tree Trim,75
,Tree Trim,75
,Tree Trim,75
,Tree Trim,75
,Tree Trim,75
,Tree Trim,75
,Tree Stump Grinding,116
,Tree Removal,51
,Tree Trim,75
,Tree Trim,75
,Tree Removal,51
,Tree Trim,75
,Tree Trim,75
,Tree Trim,75
,Tree Trim,75
,Tree Removal,51
,Tree Removal,51
,Tree Removal,51
,Tree Trim,75
,Tree Removal,51
,Tree Removal,51
,Tree Removal,51
,Tree Trim,75
,Tree Removal,51
,Tree Trim,75
,Tree Trim,75
,Tree Removal,51
,Tree Trim,75
,Tree Removal,51
,Tree Removal,51
,Tree Removal,51
,Tree Removal,51
,Tree Removal,51
,Tree Removal,51
,Tree Trim,75
,Tree Trim,75
,Tree Removal,51
,Tree Removal,51
,Tree Removal,51
,Tree Trim,75
"171069",Tree Trim,75
,Tree Trim,97
,Tree Trim,75
,Tree Trim,75
,Tree Trim,75
,Tree Trim,75
,Tree Removal,51
,Tree Removal,51
,Tree Removal,51
,Tree Trim,75
,Tree Removal,51
,Tree Trim,75
,Tree Trim,75
,Tree Trim,75
,Tree Removal,51
,Tree Trim,75
,Tree Stump Grinding,116
,Tree Trim,75
,Tree Trim,
,Tree Trim,75
"171163",Tree Trim,75
"171476",Tree Trim,75
"171442",Tree Trim,75
"171422",Tree Trim,75
"171481",Tree Trim,75
,Tree Trim,75
,Tree Trim,75
,Tree Trim,75
,Tree Code Violation,
,Tree Code Violation,52
,Tree Trim,75
,Tree Removal,51
,Tree Trim,75
,Tree Trim,75
,Tree Planting,25
,Tree Removal,51
,Tree Trim,75
,Tree Trim,75
,Tree Trim,75
,Tree Removal,51
,Tree Trim,75
,Tree Trim,75
,Tree Trim,75
,Tree Trim,75
,Tree Removal,51
,Tree Removal,51
,Tree Trim,75
,Tree Trim,75
,Tree Trim,75
,Tree Trim,75
,Tree Removal,51
,Tree Trim,75
,Tree Trim,75
,Tree Trim,75
,Tree Removal,51
,Tree Removal,51
,Tree Removal,51
,Tree Removal,51
,Tree Trim,75
,Tree Trim,75
,Tree Removal,51
,Tree Trim,75
,Tree Removal,51
,Tree Trim,75
,Tree Removal,51
,Tree Trim,75
,Tree Removal,51
,Tree Trim,75
,Tree Removal,51
,Tree Trim,75
,Tree Trim,75
,Tree Trim,75
,Tree Trim,75
,Tree Trim,75
,Tree Trim,75
,Tree Trim,75
,Tree Trim,75
,Tree Code Violation,52
,Tree Removal,51
,Tree Trim,75
,Tree Removal,51
,Tree Trim,75
,Tree Trim,75
,Tree Removal,51
,Tree Trim,75
,Tree Removal,51
,Tree Removal,51
,Tree Trim,75
,Tree Trim,75
,Tree Trim,75
,Tree Trim,75
,Tree Trim,75
,Tree Removal,51
,Tree Trim,75
,Tree Trim,75
,Tree Trim,75
,Tree Trim,75
,Tree Trim,75
,Tree Trim,75
,Tree Trim,75
,Tree Trim,75
,Tree Trim,75
,Tree Removal,51
,Tree Removal,51
,Tree Trim,75
,Tree Trim,75
,Tree Removal,51
,Tree Trim,75
,Tree Removal,51
,Tree Removal,51
,Tree Trim,75
,Tree Trim,75
,Tree Trim,75
,Tree Trim,75
,Tree Trim,75
,Tree Removal,51
,Tree Trim,75
,Tree Removal,51
,Tree Trim,75
,Tree Trim,75
,Tree Removal,51
,Tree Trim,75
,Tree Trim,75
,Tree Trim,75
,Tree Removal,51
,Tree Removal,51
,Tree Trim,75
,Tree Removal,51
,Tree Removal,51
,Tree Trim,75
,Tree Trim,75
,Tree Trim,75
,Tree Trim,75
,Tree Trim,75
,Tree Trim,75
,Tree Trim,75
,Tree Trim,75
,Tree Trim,75
,Tree Removal,51
,Tree Trim,75
,Tree Trim,75
,Tree Trim,75
,Tree Removal,51
,Tree Trim,75
,Tree Removal,51
,Tree Trim,75
,Tree Removal,51
,Tree Trim,75
,Tree Trim,75
,Tree Trim,75
,Tree Trim,
,Tree Removal,
,Tree Removal,51
,Tree Removal,51
,Tree Trim,75
,Tree Removal,51
,Tree Trim,75
,Tree Removal,51
,Tree Trim,75
,Tree Removal,
,Tree Trim,75
,Tree Removal,51
,Tree Removal,
,Tree Removal,51
,Tree Removal,51
,Tree Removal,51
,Tree Removal,51
,Tree Trim,75
,Tree Removal,51
,Tree Code Violation,52
,Tree Removal,51
,Tree Stump Grinding,116
,Tree Removal,51
"171848",Tree Trim,75
"171950",Tree Trim,75
,Tree Trim,
,Tree Code Violation,52
,Tree Trim,
,Tree Trim,75
,Tree Trim,75
,Tree Trim,75
,Tree Removal,51
,Tree Removal,51
,Tree Trim,75
,Tree Removal,51
,Tree Removal,51
,Tree Code Violation,52
,Tree Removal,51
,Tree Trim,75
,Tree Trim,75
,Tree Trim,75
,Tree Trim,75
,Tree Removal,51
,Tree Trim,75
,Tree Trim,75
,Tree Removal,51
,Tree Trim,75
"171921",Tree Trim,75
"171922",Tree Trim,75
,Tree Trim,
,Tree Removal,51
,Tree Removal,51
,Tree Trim,75
,Tree Trim,75
,Tree Trim,75
,Tree Trim,75
,Tree Trim,75
,Tree Trim,75
,Tree Trim,75
,Tree Removal,51
,Tree Removal,51
,Tree Removal,51
,Tree Trim,75
,Tree Trim,75
,Tree Trim,75
,Tree Removal,
,Tree Removal,51
,Tree Trim,75
,Tree Code Violation,52
,Tree Trim,75
,Tree Removal,51
,Tree Trim,75
,Tree Removal,51
"171438",Tree Trim,75
,Tree Trim,75
,Tree Trim,75
,Tree Removal,51
,Tree Trim,75
,Tree Removal,51
,Tree Trim,75
,Tree Removal,51
,Tree Trim,75
,Tree Trim,75
,Tree Removal,51
,Tree Removal,51
,Tree Removal,51
,Tree Trim,75
,Tree Trim,75
,Tree Removal,51
,Tree Trim,75
,Tree Trim,78
,Tree Trim,75
,Tree Trim,75
,Tree Removal,51
,Tree Trim,75
,Tree Trim,75
,Tree Removal,51
,Tree Trim,75
,Tree Removal,51
,Tree Removal,
,Tree Trim,75
,Tree Trim,75
,Tree Stump Grinding,
,Tree Trim,75
,Tree Trim,75
,Tree Trim,75
,Tree Removal,51
,Tree Trim,75
,Tree Trim,75
,Tree Trim,75
,Tree Trim,75
,Tree Removal,
,Tree Trim,75
,Tree Removal,51
,Tree Removal,51
,Tree Trim,75
,Tree Removal,51
,Tree Removal,51
,Tree Code Violation,52
,Tree Removal,51
,Tree Removal,51
,Tree Trim,75
,Tree Trim,75
"171919",Tree Trim,75
,Tree Trim,75
,Tree Removal,51
,Tree Trim,75
,Tree Trim,75
,Tree Trim,75
,Tree Trim,75
,Tree Removal,51
,Tree Trim,75
,Tree Removal,51
,Tree Trim,75
,Tree Removal,51
,Tree Trim,75
,Tree Removal,51
,Tree Removal,51
,Tree Removal,51
,Tree Trim,75
,Tree Trim,75
,Tree Trim,75
,Tree Trim,75
,Tree Trim,75
,Tree Removal,51
,Tree Trim,75
,Tree Removal,51
,Tree Removal,
,Tree Trim,
,Tree Trim,
,Tree Removal,51
,Tree Stump Grinding,116
,Tree Removal,51
,Tree Removal,51
,Tree Removal,51
,Tree Trim,75
,Tree Trim,75
,Tree Trim,75
,Tree Removal,51
,Tree Trim,75
,Tree Trim,75
,Tree Removal,51
,Tree Trim,75
,Tree Trim,75
,Tree Trim,75
,Tree Removal,51
,Tree Removal,51
,Tree Removal,51
,Tree Removal,51
,Tree Trim,75
,Tree Trim,75
,Tree Trim,75
,Tree Trim,75
,Tree Trim,
,Tree Trim,
,Tree Removal,51
,Tree Removal,51
,Tree Trim,75
,Tree Trim,75
,Tree Removal,51
,Tree Trim,75
,Tree Trim,75
,Tree Trim,75
,Tree Removal,51
,Tree Removal,51
,Tree Removal,51
,Tree Removal,51
,Tree Trim,75
,Tree Code Violation,52
,Tree Trim,75
,Tree Trim,75
,Tree Removal,51
,Tree Trim,75
,Tree Trim,75
,Tree Removal,51
,Tree Removal,51
"171596",Tree Trim,75
,Tree Removal,51
,Tree Trim,75
,Tree Removal,51
,Tree Removal,51
,Tree Trim,75
,Tree Trim,75
,Tree Removal,51
,Tree Trim,75
,Tree Removal,51
,Tree Trim,75
,Tree Removal,51
,Tree Trim,75
,Tree Trim,75
,Tree Trim,75
,Tree Trim,75
,Tree Removal,51
,Tree Trim,75
,Tree Removal,51
,Tree Trim,75
,Tree Trim,76
,Tree Removal,51
,Tree Trim,75
,Tree Trim,75
,Tree Removal,51
,Tree Trim,75
,Tree Removal,
,Tree Removal,
,Tree Trim,
,Tree Trim,75
,Tree Trim,75
,Tree Trim,75
,Tree Trim,75
,Tree Trim,75
,Tree Removal,51
,Tree Trim,75
,Tree Removal,51
,Tree Removal,51
,Tree Trim,75
,Tree Removal,51
,Tree Trim,75
,Tree Trim,75
,Tree Trim,75
,Tree Trim,75
,Tree Trim,75
,Tree Removal,51
,Tree Trim,75
,Tree Trim,75
"171781",Tree Trim,75
"171365",Tree Trim,75
"171589",Tree Trim,75
,Tree Removal,
,Tree Removal,
,Tree Removal,
,Tree Trim,75
,Tree Trim,75
,Tree Trim,75
,Tree Trim,75
,Tree Trim,75
,Tree Trim,75
,Tree Removal,51
,Tree Removal,51
,Tree Removal,51
,Tree Trim,75
,Tree Trim,75
,Tree Removal,51
,Tree Trim,75
,Tree Removal,51
,Tree Trim,75
,Tree Trim,75
,Tree Trim,75
,Tree Trim,75
,Tree Removal,51
"171973",Tree Trim,75
"171420",Tree Trim,75
"171899",Tree Trim,75
,Tree Trim,
,Tree Trim,75
,Tree Trim,75
,Tree Trim,75
,Tree Trim,75
,Tree Trim,75
,Tree Trim,75
,Tree Trim,75
,Tree Trim,75
,Tree Trim,75
,Tree Trim,75
,Tree Trim,75
,Tree Trim,75
,Tree Trim,75
,Tree Removal,51
,Tree Trim,75
,Tree Trim,75
,Tree Removal,51
,Tree Trim,75
,Tree Removal,51
,Tree Trim,75
,Tree Removal,51
,Tree Removal,51
,Tree Trim,75
"171952",Tree Trim,75
,Tree Trim,
,Tree Removal,
,Tree Trim,75
,Tree Trim,75
,Tree Trim,75
,Tree Trim,75
,Tree Removal,51
,Tree Removal,51
,Tree Removal,51
,Tree Trim,75
,Tree Trim,75
,Tree Removal,51
,Tree Trim,75
,Tree Trim,75
,Tree Trim,75
,Tree Trim,75
,Tree Trim,75
,Tree Trim,75
,Tree Trim,75
,Tree Trim,75
,Tree Removal,51
,Tree Trim,75
,Tree Removal,51
"171980",Tree Removal,51
"171995",Tree Trim,75
,Tree Trim,
,Tree Trim,75
,Tree Removal,
,Tree Trim,
,Tree Trim,75
,Tree Trim,75
,Tree Trim,75
,Tree Stump Grinding,116
,Tree Removal,51
,Tree Removal,51
,Tree Removal,51
,Tree Trim,75
,Tree Removal,51
,Tree Trim,75
,Tree Trim,75
,Tree Trim,75
,Tree Removal,51
,Tree Trim,75
,Tree Trim,75
,Tree Trim,75
,Tree Trim,75
"172008",Tree Removal,51
"172022",Tree Trim,75
"171073",Tree Trim,75
"171099",Tree Trim,75
,Tree Removal,
,Tree Removal,
,Tree Trim,
,Tree Trim,75
,Tree Trim,75
,Tree Trim,75
,Tree Trim,75
,Tree Trim,75
,Tree Trim,75
,Tree Removal,51
,Tree Trim,75
,Tree Removal,51
,Tree Removal,51
,Tree Trim,75
,Tree Removal,51
,Tree Removal,51
,Tree Trim,75
,Tree Trim,75
,Tree Trim,75
,Tree Trim,75
,Tree Trim,75
,Tree Trim,75
"172007",Tree Removal,51
"171392",Tree Removal,51
"171411",Tree Removal,51
,Tree Stump Grinding,
,Tree Removal,
,Tree Trim,
,Tree Removal,51
,Tree Trim,75
,Tree Trim,75
,Tree Trim,75
,Tree Trim,75
,Tree Trim,75
,Tree Trim,75
,Tree Trim,75
,Tree Trim,75
,Tree Trim,75
,Tree Trim,75
,Tree Trim,75
,Tree Removal,51
,Tree Trim,75
,Tree Trim,75
,Tree Removal,51
,Tree Trim,75
,Tree Trim,75
,Tree Removal,51
"172014",Tree Trim,75
"171687",Tree Trim,75
,Tree Trim,
,Tree Removal,
,Tree Trim,
,Tree Trim,
,Tree Removal,
,Tree Trim,75
,Tree Trim,75
,Tree Trim,75
,Tree Trim,75
,Tree Trim,75
,Tree Removal,51
,Tree Trim,75
,Tree Trim,75
,Tree Trim,75
,Tree Trim,75
,Tree Trim,75
,Tree Trim,75
,Tree Trim,75
,Tree Trim,75
,Tree Trim,75
"172035",Tree Trim,75
"171654",Tree Removal,51
"172001",Tree Removal,51
"172044",Tree Removal,51
"171981",Tree Trim,75
,Tree Trim,
,Tree Removal,
,Tree Removal,
,Tree Trim,75
,Tree Trim,75
,Tree Trim,75
,Tree Removal,51
,Tree Trim,75
,Tree Trim,75
,Tree Trim,75
,Tree Trim,75
,Tree Trim,75
,Tree Trim,75
,Tree Removal,51
,Tree Removal,51
,Tree Removal,51
,Tree Trim,75
,Tree Removal,51
,Tree Trim,75
,Tree Trim,75
,Tree Trim,75
,Tree Trim,75
"171220",Tree Trim,75
"172059",Tree Removal,51
"172065",Tree Removal,51
,Tree Removal,
,Tree Removal,51
,Tree Trim,75
,Tree Trim,75
,Tree Trim,75
,Tree Trim,75
,Tree Trim,75
,Tree Trim,75
,Tree Trim,75
,Tree Removal,
,Tree Trim,75
,Tree Trim,75
,Tree Removal,51
,Tree Removal,51
,Tree Removal,51
,Tree Trim,75
,Tree Trim,
,Tree Trim,
,Tree Code Violation,52
,Tree Trim,75
,Tree Stump Grinding,116
,Tree Removal,51
,Tree Trim,75
,Tree Trim,75
"172055",Tree Trim,75
,Tree Removal,51
,Tree Removal,51
,Tree Removal,51
,Tree Trim,75
,Tree Trim,75
,Tree Trim,75
,Tree Removal,51
,Tree Trim,75
,Tree Removal,51
,Tree Trim,75
,Tree Trim,75
,Tree Removal,51
,Tree Trim,75
,Tree Removal,51
,Tree Removal,51
,Tree Trim,75
,Tree Trim,75
,Tree Trim,75
,Tree Trim,75
,Tree Trim,75
,Tree Trim,75
,Tree Removal,51
,Tree Removal,51
,Tree Stump Grinding,116
,Tree Trim,75
,Tree Trim,
,Tree Removal,
,Tree Removal,
,Tree Trim,75
,Tree Trim,75
,Tree Trim,75
,Tree Trim,77
,Tree Trim,75
,Tree Trim,75
,Tree Trim,75
,Tree Trim,75
,Tree Trim,75
,Tree Trim,75
,Tree Trim,75
,Tree Removal,51
,Tree Removal,51
,Tree Removal,51
,Tree Trim,75
,Tree Trim,75
,Tree Trim,75
,Tree Trim,75
,Tree Removal,51
"171780",Tree Trim,75
"172023",Tree Removal,51
"171647",Tree Removal,51
,Tree Removal,
,Tree Trim,
,Tree Removal,51
,Tree Code Violation,52
,Tree Trim,75
,Tree Removal,51
,Tree Trim,75
,Tree Trim,75
,Tree Trim,75
,Tree Trim,75
,Tree Trim,75
,Tree Removal,51
,Tree Trim,75
,Tree Trim,75
,Tree Trim,75
,Tree Removal,51
,Tree Trim,75
,Tree Trim,75
,Tree Trim,75
,Tree Trim,75
,Tree Trim,75
,Tree Removal,51
,Tree Trim,75
"172060",Tree Removal,51
"171550",Tree Removal,51
,Tree Trim,75
,Tree Removal,51
,Tree Trim,75
,Tree Trim,75
,Tree Trim,75
,Tree Removal,51
,Tree Removal,51
,Tree Trim,75
,Tree Trim,75
,Tree Stump Grinding,
,Tree Removal,51
,Tree Removal,51
,Tree Trim,75
,Tree Trim,75
,Tree Trim,75
,Tree Removal,51
,Tree Trim,75
,Tree Trim,75
,Tree Trim,75
,Tree Removal,51
,Tree Trim,75
,Tree Trim,75
,Tree Removal,51
,Tree Removal,
,Tree Removal,51
,Tree Trim,75
,Tree Trim,75
,Tree Trim,75
,Tree Trim,75
,Tree Trim,75
,Tree Removal,51
,Tree Trim,75
,Tree Trim,75
,Tree Trim,75
,Tree Removal,51
,Tree Removal,51
,Tree Removal,51
,Tree Trim,75
,Tree Removal,51
,Tree Trim,75
,Tree Removal,51
,Tree Removal,51
,Tree Trim,75
,Tree Removal,51
,Tree Stump Grinding,116
,Tree Trim,75
,Tree Trim,75
,Tree Trim,75
,Tree Trim,75
,Tree Trim,75
,Tree Trim,
,Tree Removal,
,Tree Trim,75
,Tree Trim,75
,Tree Trim,75
,Tree Trim,75
,Tree Trim,75
,Tree Trim,75
,Tree Removal,51
,Tree Trim,75
,Tree Trim,75
,Tree Trim,75
,Tree Trim,75
,Tree Removal,51
,Tree Trim,75
,Tree Trim,75
,Tree Trim,75
,Tree Removal,51
,Tree Trim,75
,Tree Trim,75
,Tree Trim,75
,Tree Trim,75
,Tree Removal,51
"171465",Tree Trim,75
"171632",Tree Trim,75
,Tree Trim,
,Tree Trim,75
,Tree Trim,75
,Tree Removal,51
,Tree Removal,51
,Tree Trim,75
,Tree Trim,75
,Tree Trim,75
,Tree Trim,75
,Tree Trim,75
,Tree Trim,75
,Tree Trim,75
,Tree Trim,75
,Tree Trim,75
,Tree Trim,75
,Tree Trim,75
,Tree Trim,75
,Tree Trim,75
,Tree Trim,75
,Tree Removal,51
,Tree Trim,75
,Tree Removal,51
,Tree Trim,75
,Tree Removal,51
"171854",Tree Trim,75
,Tree Trim,
,Tree Trim,
,Tree Trim,75
,Tree Removal,51
,Tree Trim,75
,Tree Trim,75
,Tree Stump Grinding,116
,Tree Trim,75
,Tree Removal,51
,Tree Removal,51
,Tree Trim,75
,Tree Trim,75
,Tree Trim,75
,Tree Trim,75
,Tree Removal,51
,Tree Removal,51
,Tree Removal,51
,Tree Removal,51
,Tree Removal,51
,Tree Trim,75
,Tree Trim,75
,Tree Trim,75
,Tree Trim,75
"171765",Tree Trim,75
"171971",Tree Trim,75
,Tree Trim,
,Tree Removal,
,Tree Trim,75
,Tree Trim,75
,Tree Trim,75
,Tree Trim,75
,Tree Trim,75
,Tree Removal,51
,Tree Trim,75
,Tree Trim,75
,Tree Trim,75
,Tree Trim,75
,Tree Trim,75
,Tree Removal,51
,Tree Trim,75
,Tree Removal,51
,Tree Trim,75
,Tree Removal,51
,Tree Removal,51
,Tree Trim,75
,Tree Removal,51
,Tree Trim,75
,Tree Removal,51
"171888",Tree Trim,75
"171749",Tree Removal,51
,Tree Removal,
,Tree Trim,
,Tree Trim,
,Tree Trim,75
,Tree Trim,75
,Tree Trim,75
,Tree Removal,51
,Tree Trim,
,Tree Removal,51
,Tree Trim,75
,Tree Trim,75
,Tree Removal,51
,Tree Trim,75
,Tree Trim,75
,Tree Removal,51
,Tree Trim,75
,Tree Trim,75
,Tree Trim,75
,Tree Trim,75
,Tree Trim,75
,Tree Trim,75
,Tree Trim,75
,Tree Trim,75
"171721",Tree Trim,75
"171904",Tree Removal,51
,Tree Removal,
,Tree Removal,
,Tree Removal,51
,Tree Trim,75
,Tree Removal,51
,Tree Trim,75
,Tree Removal,51
,Tree Removal,51
,Tree Trim,75
,Tree Removal,51
,Tree Removal,51
,Tree Trim,75
,Tree Trim,77
,Tree Removal,51
,Tree Removal,51
,Tree Removal,51
,Tree Trim,75
,Tree Removal,51
,Tree Trim,75
,Tree Trim,75
,Tree Trim,75
,Tree Removal,51
,Tree Removal,51
"171618",Tree Removal,51
"171930",Tree Trim,75
,Tree Trim,75
,Tree Removal,51
,Tree Trim,75
,Tree Trim,75
,Tree Trim,75
,Tree Trim,75
,Tree Removal,51
,Tree Trim,75
,Tree Removal,51
,Tree Trim,75
,Tree Trim,75
,Tree Removal,51
,Tree Trim,75
,Tree Trim,75
,Tree Trim,75
,Tree Trim,75
,Tree Removal,51
,Tree Trim,75
,Tree Removal,51
,Tree Removal,51
,Tree Trim,75
,Tree Removal,51
,Tree Trim,75
,Tree Trim,75
,Tree Removal,51
,Tree Removal,
,Tree Removal,
,Tree Removal,51
,Tree Trim,75
,Tree Trim,75
,Tree Trim,75
,Tree Removal,51
,Tree Removal,51
,Tree Trim,75
,Tree Removal,51
,Tree Removal,51
,Tree Removal,51
,Tree Removal,51
,Tree Removal,51
,Tree Trim,75
,Tree Trim,75
,Tree Removal,51
,Tree Removal,51
,Tree Removal,51
,Tree Removal,51
,Tree Trim,75
,Tree Removal,51
,Tree Trim,75
"171901",Tree Trim,75
"171898",Tree Trim,75
,Tree Trim,75
,Tree Trim,75
,Tree Trim,75
,Tree Trim,75
,Tree Removal,51
,Tree Trim,75
,Tree Trim,75
,Tree Trim,75
,Tree Trim,75
,Tree Trim,75
,Tree Trim,75
,Tree Removal,51
,Tree Trim,75
,Tree Trim,75
,Tree Trim,75
,Tree Trim,75
,Tree Code Violation,52
,Tree Removal,51
,Tree Trim,75
,Tree Trim,
,Tree Trim,75
,Tree Removal,51
,Tree Removal,51
,Tree Trim,75
,Tree Removal,51
,Tree Removal,
,Tree Trim,
,Tree Trim,
,Tree Trim,75
,Tree Trim,75
,Tree Trim,75
,Tree Trim,75
,Tree Trim,75
,Tree Trim,75
,Tree Removal,51
,Tree Removal,51
,Tree Removal,51
,Tree Trim,75
,Tree Trim,75
,Tree Trim,75
,Tree Trim,75
,Tree Trim,75
,Tree Trim,75
,Tree Trim,75
,Tree Code Violation,52
,Tree Trim,75
,Tree Trim,75
"172113",Tree Removal,51
"172103",Tree Trim,75
"171967",Tree Trim,75
,Tree Trim,75
,Tree Trim,
,Tree Trim,75
,Tree Trim,75
,Tree Removal,
,Tree Removal,51
,Tree Trim,75
,Tree Removal,51
,Tree Trim,75
,Tree Trim,75
,Tree Trim,75
,Tree Trim,75
,Tree Trim,75
,Tree Trim,75
,Tree Trim,75
,Tree Trim,75
,Tree Trim,75
,Tree Planting,25
,Tree Trim,75
,Tree Removal,51
,Tree Trim,75
,Tree Trim,75
,Tree Removal,51
"171836",Tree Trim,75
"172062",Tree Trim,75
,Tree Trim,
,Tree Removal,51
,Tree Trim,75
,Tree Trim,75
,Tree Removal,51
,Tree Removal,51
,Tree Trim,75
,Tree Trim,75
,Tree Removal,51
,Tree Stump Grinding,
,Tree Trim,75
,Tree Trim,75
,Tree Trim,75
,Tree Trim,75
,Tree Trim,75
,Tree Trim,75
,Tree Removal,51
,Tree Removal,51
,Tree Trim,75
,Tree Removal,51
,Tree Removal,51
,Tree Removal,51
,Tree Trim,75
,Tree Trim,75
"172101",Tree Trim,75
,Tree Removal,
,Tree Trim,75
,Tree Trim,75
,Tree Trim,75
,Tree Trim,75
,Tree Trim,75
,Tree Trim,75
,Tree Trim,75
,Tree Removal,51
,Tree Trim,75
,Tree Trim,75
,Tree Planting,25
,Tree Trim,75
,Tree Removal,51
,Tree Removal,51
,Tree Trim,
,Tree Trim,75
,Tree Trim,75
,Tree Trim,75
,Tree Trim,75
,Tree Trim,75
,Tree Trim,75
,Tree Trim,75
,Tree Trim,75
"171511",Tree Trim,75
,Tree Removal,
,Tree Trim,75
,Tree Trim,75
,Tree Trim,75
,Tree Trim,75
,Tree Trim,75
,Tree Removal,51
,Tree Removal,51
,Tree Removal,51
,Tree Trim,75
,Tree Trim,
,Tree Removal,51
,Tree Trim,75
,Tree Trim,75
,Tree Trim,75
,Tree Trim,75
,Tree Trim,75
,Tree Trim,75
,Tree Trim,75
,Tree Trim,75
,Tree Trim,75
,Tree Removal,51
,Tree Trim,75
,Tree Trim,75
"172141",Tree Removal,51
,Tree Removal,
,Tree Trim,
,Tree Trim,
,Tree Trim,
,Tree Trim,75
,Tree Trim,75
,Tree Trim,75
,Tree Trim,75
,Tree Removal,51
,Tree Trim,75
,Tree Trim,75
,Tree Trim,75
,Tree Trim,75
,Tree Removal,51
,Tree Trim,75
,Tree Trim,75
,Tree Trim,75
,Tree Removal,51
,Tree Removal,51
,Tree Trim,75
,Tree Trim,75
,Tree Trim,75
"172056",Tree Removal,51
"172118",Tree Removal,51
"171623",Tree Trim,75
,Tree Removal,
,Tree Trim,
,Tree Trim,75
,Tree Removal,51
,Tree Trim,75
,Tree Stump Grinding,116
,Tree Removal,51
,Tree Trim,75
,Tree Trim,75
,Tree Trim,75
,Tree Trim,75
,Tree Trim,75
,Tree Removal,51
,Tree Removal,51
,Tree Removal,51
,Tree Trim,75
,Tree Trim,75
,Tree Trim,75
,Tree Trim,75
,Tree Trim,75
,Tree Trim,75
,Tree Removal,51
,Tree Trim,75
"171227",Tree Trim,75
"171377",Tree Trim,75
,Tree Removal,
,Tree Trim,
,Tree Removal,
,Tree Removal,51
,Tree Trim,75
,Tree Removal,51
,Tree Trim,75
,Tree Trim,75
,Tree Trim,75
,Tree Trim,75
,Tree Trim,75
,Tree Removal,51
,Tree Trim,75
,Tree Trim,75
,Tree Trim,75
,Tree Trim,75
,Tree Trim,75
,Tree Trim,75
,Tree Trim,75
,Tree Removal,51
,Tree Trim,75
,Tree Removal,
"171823",Tree Removal,51
"171368",Tree Trim,75
,Tree Trim,
,Tree Trim,
,Tree Trim,75
,Tree Trim,75
,Tree Removal,51
,Tree Trim,75
,Tree Trim,75
,Tree Trim,75
,Tree Trim,75
,Tree Trim,75
,Tree Trim,75
,Tree Planting,25
,Tree Trim,75
,Tree Trim,75
,Tree Stump Grinding,116
,Tree Trim,75
,Tree Trim,75
,Tree Trim,75
,Tree Removal,51
,Tree Trim,75
,Tree Removal,51
,Tree Removal,51
,Tree Trim,75
"171350",Tree Trim,75
"171332",Tree Trim,75
,Tree Removal,51
,Tree Removal,51
,Tree Removal,51
,Tree Trim,75
,Tree Trim,75
,Tree Trim,75
,Tree Trim,75
,Tree Trim,75
,Tree Removal,51
,Tree Removal,51
,Tree Removal,51
,Tree Removal,51
,Tree Trim,75
,Tree Trim,75
,Tree Trim,75
,Tree Trim,75
,Tree Trim,75
,Tree Trim,75
,Tree Trim,75
,Tree Removal,51
,Tree Removal,51
,Tree Trim,75
,Tree Removal,51
,Tree Trim,75
,Tree Removal,51
,Tree Removal,
,Tree Removal,51
,Tree Trim,75
,Tree Trim,75
,Tree Trim,75
,Tree Trim,75
,Tree Removal,51
,Tree Removal,51
,Tree Trim,75
,Tree Removal,51
,Tree Trim,75
,Tree Trim,75
,Tree Trim,75
,Tree Trim,75
,Tree Trim,75
,Tree Removal,51
,Tree Stump Grinding,116
,Tree Removal,51
,Tree Removal,51
,Tree Trim,75
,Tree Removal,51
,Tree Trim,75
,Tree Removal,51
,Tree Trim,75
"171333",Tree Trim,75
,Tree Stump Grinding,
,Tree Stump Grinding,
,Tree Trim,
,Tree Trim,75
,Tree Removal,51
,Tree Trim,75
,Tree Trim,75
,Tree Trim,75
,Tree Trim,75
,Tree Trim,75
,Tree Trim,75
,Tree Trim,75
,Tree Removal,51
,Tree Removal,51
,Tree Trim,75
,Tree Trim,75
,Tree Trim,75
,Tree Trim,75
,Tree Trim,75
,Tree Removal,51
,Tree Trim,75
,Tree Trim,75
"171992",Tree Trim,75
"171498",Tree Trim,75
"171494",Tree Trim,75
,Tree Trim,75
,Tree Trim,75
,Tree Trim,75
,Tree Trim,75
,Tree Trim,75
,Tree Trim,75
,Tree Trim,75
,Tree Removal,51
,Tree Trim,75
,Tree Removal,51
,Tree Removal,51
,Tree Trim,75
,Tree Trim,75
,Tree Trim,75
,Tree Removal,51
,Tree Stump Grinding,116
,Tree Trim,75
,Tree Trim,75
,Tree Trim,75
,Tree Trim,75
,Tree Trim,75
,Tree Removal,51
,Tree Trim,75
,Tree Trim,75
,Tree Removal,51
,Tree Trim,75
,Tree Trim,75
,Tree Removal,51
,Tree Trim,75
,Tree Removal,51
,Tree Removal,51
,Tree Removal,51
,Tree Trim,76
,Tree Removal,51
,Tree Trim,75
,Tree Trim,75
,Tree Removal,51
,Tree Trim,75
,Tree Trim,75
,Tree Removal,51
,Tree Removal,51
,Tree Removal,51
,Tree Stump Grinding,116
,Tree Trim,75
,Tree Trim,75
,Tree Trim,75
,Tree Trim,75
,Tree Trim,75
,Tree Trim,75
"172108",Tree Trim,75
,Tree Trim,89
,Tree Removal,51
,Tree Trim,75
,Tree Trim,75
,Tree Trim,75
,Tree Trim,75
,Tree Trim,75
,Tree Removal,51
,Tree Trim,75
,Tree Removal,51
,Tree Removal,51
,Tree Trim,75
,Tree Removal,51
,Tree Trim,75
,Tree Trim,75
,Tree Removal,51
,Tree Trim,75
,Tree Removal,51
,Tree Trim,75
,Tree Removal,51
,Tree Removal,51
,Tree Removal,51
,Tree Stump Grinding,116
,Tree Trim,75
"172148",Tree Trim,75
,Tree Removal,51
,Tree Trim,75
,Tree Removal,51
,Tree Trim,75
,Tree Trim,75
,Tree Removal,51
,Tree Trim,75
,Tree Trim,75
,Tree Trim,75
,Tree Trim,75
,Tree Removal,51
,Tree Trim,75
,Tree Removal,51
,Tree Trim,75
,Tree Trim,75
,Tree Removal,51
,Tree Removal,51
,Tree Trim,75
,Tree Trim,75
,Tree Trim,75
,Tree Trim,75
,Tree Trim,75
,Tree Trim,75
,Tree Trim,75
,Tree Trim,75
,Tree Removal,
,Tree Removal,
,Tree Trim,75
,Tree Removal,51
,Tree Trim,75
,Tree Trim,75
,Tree Trim,75
,Tree Removal,51
,Tree Trim,75
,Tree Trim,75
,Tree Trim,75
,Tree Removal,51
,Tree Trim,75
,Tree Trim,75
,Tree Removal,51
,Tree Trim,75
,Tree Trim,75
,Tree Trim,75
,Tree Trim,75
,Tree Removal,51
,Tree Removal,51
,Tree Removal,51
,Tree Trim,
"171879",Tree Removal,51
"171939",Tree Trim,75
,Tree Removal,
,Tree Trim,
,Tree Trim,
,Tree Trim,
,Tree Trim,75
,Tree Removal,51
,Tree Trim,75
,Tree Removal,51
,Tree Trim,75
,Tree Removal,51
,Tree Removal,51
,Tree Trim,75
,Tree Trim,75
,Tree Stump Grinding,116
,Tree Trim,75
,Tree Removal,51
,Tree Removal,51
,Tree Trim,75
,Tree Trim,75
,Tree Trim,75
,Tree Trim,75
"172024",Tree Trim,75
"172094",Tree Removal,51
"172211",Tree Trim,75
"172180",Tree Removal,51
,Tree Removal,51
,Tree Trim,75
,Tree Removal,51
,Tree Removal,51
,Tree Trim,75
,Tree Trim,75
,Tree Removal,51
,Tree Trim,75
,Tree Trim,75
,Tree Trim,75
,Tree Trim,75
,Tree Trim,75
,Tree Removal,51
,Tree Trim,75
,Tree Trim,75
,Tree Trim,75
,Tree Trim,75
,Tree Code Violation,52
,Tree Removal,51
,Tree Trim,75
,Tree Removal,51
,Tree Trim,75
,Tree Stump Grinding,116
,Tree Trim,75
,Tree Trim,75
,Tree Removal,51
,Tree Trim,75
,Tree Trim,75
,Tree Trim,75
,Tree Removal,51
,Tree Removal,51
,Tree Removal,51
,Tree Removal,51
,Tree Removal,51
,Tree Trim,
,Tree Trim,75
,Tree Stump Grinding,116
,Tree Removal,51
,Tree Removal,51
,Tree Trim,75
,Tree Trim,75
,Tree Removal,51
,Tree Removal,51
,Tree Trim,75
,Tree Stump Grinding,116
,Tree Removal,51
,Tree Removal,51
,Tree Removal,51
,Tree Trim,75
,Tree Trim,75
,Tree Removal,
,Tree Trim,75
,Tree Removal,51
,Tree Trim,75
,Tree Trim,75
,Tree Trim,75
,Tree Removal,51
,Tree Trim,75
,Tree Removal,51
,Tree Trim,75
,Tree Removal,51
,Tree Trim,75
,Tree Trim,75
,Tree Removal,51
,Tree Removal,51
,Tree Trim,75
,Tree Removal,51
,Tree Trim,75
,Tree Trim,75
,Tree Trim,75
,Tree Trim,75
,Tree Removal,51
,Tree Trim,75
,Tree Trim,75
"171886",Tree Trim,75
,Tree Trim,
,Tree Removal,
,Tree Trim,75
,Tree Trim,75
,Tree Removal,51
,Tree Trim,75
,Tree Removal,51
,Tree Removal,51
,Tree Trim,75
,Tree Trim,75
,Tree Trim,75
,Tree Removal,51
,Tree Trim,75
,Tree Trim,75
,Tree Removal,51
,Tree Stump Grinding,116
,Tree Removal,51
,Tree Trim,75
,Tree Trim,75
,Tree Removal,51
,Tree Trim,75
,Tree Trim,75
,Tree Trim,75
"171943",Tree Removal,51
"172155",Tree Removal,51
,Tree Removal,
,Tree Removal,
,Tree Removal,
,Tree Trim,75
,Tree Removal,51
,Tree Trim,75
,Tree Removal,51
,Tree Trim,77
,Tree Trim,75
,Tree Trim,75
,Tree Removal,51
,Tree Trim,75
,Tree Trim,75
,Tree Trim,75
,Tree Trim,75
,Tree Trim,75
,Tree Trim,75
,Tree Removal,51
,Tree Stump Grinding,116
,Tree Removal,51
,Tree Removal,51
,Tree Removal,51
"171561",Tree Trim,75
"172194",Tree Removal,51
"171309",Tree Trim,75
,Tree Removal,
,Tree Trim,75
,Tree Stump Grinding,116
,Tree Planting,25
,Tree Trim,75
,Tree Trim,75
,Tree Removal,51
,Tree Trim,75
,Tree Trim,75
,Tree Removal,51
,Tree Removal,51
,Tree Removal,51
,Tree Stump Grinding,116
,Tree Removal,51
,Tree Trim,75
,Tree Trim,75
,Tree Removal,51
,Tree Removal,51
,Tree Removal,51
,Tree Removal,51
,Tree Trim,75
,Tree Removal,51
,Tree Removal,51
,Tree Removal,51
"172188",Tree Removal,51
,Tree Removal,882
,Tree Trim,
,Tree Trim,75
,Tree Removal,51
,Tree Trim,75
,Tree Trim,75
,Tree Trim,75
,Tree Trim,75
,Tree Trim,75
,Tree Trim,75
,Tree Trim,75
,Tree Removal,51
,Tree Stump Grinding,116
,Tree Stump Grinding,116
,Tree Trim,75
,Tree Trim,75
,Tree Trim,75
,Tree Removal,51
,Tree Removal,51
,Tree Removal,51
,Tree Trim,75
,Tree Trim,75
,Tree Trim,75
"172199",Tree Removal,51
"172193",Tree Trim,75
,Tree Trim,
,Tree Trim,75
,Tree Trim,75
,Tree Trim,75
,Tree Removal,51
,Tree Trim,75
,Tree Trim,75
,Tree Removal,51
,Tree Trim,75
,Tree Removal,51
,Tree Trim,75
,Tree Trim,75
,Tree Trim,
,Tree Trim,75
,Tree Trim,75
,Tree Trim,75
,Tree Trim,75
,Tree Trim,75
,Tree Removal,51
,Tree Trim,75
,Tree Removal,51
,Tree Removal,51
,Tree Trim,75
,Tree Removal,51
"172201",Tree Removal,51
,Tree Removal,
,Tree Removal,51
,Tree Trim,75
,Tree Removal,51
,Tree Removal,51
,Tree Removal,51
,Tree Trim,75
,Tree Trim,75
,Tree Trim,75
,Tree Trim,75
,Tree Trim,75
,Tree Trim,75
,Tree Trim,75
,Tree Removal,51
,Tree Removal,51
,Tree Trim,75
,Tree Stump Grinding,116
,Tree Removal,51
,Tree Trim,75
,Tree Trim,75
,Tree Trim,75
,Tree Trim,75
,Tree Stump Grinding,116
,Tree Trim,75
"171322",Tree Trim,75
,Tree Stump Grinding,
,Tree Trim,75
,Tree Removal,51
,Tree Trim,75
,Tree Trim,75
,Tree Trim,75
,Tree Removal,51
,Tree Trim,75
,Tree Trim,75
,Tree Trim,75
,Tree Removal,51
,Tree Removal,51
,Tree Trim,75
,Tree Trim,75
,Tree Trim,75
,Tree Removal,51
,Tree Removal,51
,Tree Removal,51
,Tree Removal,51
,Tree Removal,51
,Tree Trim,75
,Tree Trim,75
,Tree Trim,75
,Tree Removal,51
"172230",Tree Trim,75
,Tree Trim,
,Tree Trim,
,Tree Trim,
,Tree Trim,75
,Tree Removal,51
,Tree Removal,51
,Tree Removal,51
,Tree Trim,75
,Tree Trim,75
,Tree Trim,75
,Tree Removal,51
,Tree Trim,75
,Tree Removal,51
,Tree Removal,51
,Tree Trim,75
,Tree Trim,75
,Tree Trim,75
,Tree Trim,75
,Tree Trim,75
,Tree Trim,75
,Tree Trim,75
,Tree Trim,75
"172191",Tree Removal,51
"172167",Tree Trim,75
"172017",Tree Removal,51
,Tree Stump Grinding,
,Tree Trim,
,Tree Trim,75
,Tree Trim,75
,Tree Removal,51
,Tree Removal,51
,Tree Removal,51
,Tree Removal,51
,Tree Removal,51
,Tree Trim,75
,Tree Trim,75
,Tree Trim,75
,Tree Removal,51
,Tree Trim,75
,Tree Code Violation,52
,Tree Removal,61
,Tree Trim,75
,Tree Trim,75
,Tree Trim,75
,Tree Trim,75
,Tree Removal,51
,Tree Trim,75
,Tree Removal,51
"171794",Tree Removal,51
"172190",Tree Removal,51
,Tree Removal,
,Tree Removal,
,Tree Removal,
,Tree Removal,
,Tree Removal,51
,Tree Trim,75
,Tree Trim,75
,Tree Trim,75
,Tree Removal,51
,Tree Trim,75
,Tree Removal,51
,Tree Trim,75
,Tree Trim,75
,Tree Removal,51
,Tree Trim,75
,Tree Removal,51
,Tree Trim,75
,Tree Trim,75
,Tree Trim,75
,Tree Removal,51
,Tree Stump Grinding,116
"171881",Tree Trim,75
"171303",Tree Trim,75
"172047",Tree Trim,75
"172210",Tree Trim,75
,Tree Trim,
,Tree Removal,51
,Tree Trim,75
,Tree Removal,51
,Tree Trim,75
,Tree Trim,75
,Tree Trim,75
,Tree Trim,75
,Tree Removal,51
,Tree Trim,75
,Tree Trim,75
,Tree Removal,51
,Tree Trim,75
,Tree Removal,51
,Tree Trim,75
,Tree Removal,51
,Tree Trim,75
,Tree Removal,51
,Tree Trim,75
,Tree Trim,75
,Tree Trim,75
,Tree Trim,75
,Tree Trim,75
,Tree Trim,75
"171793",Tree Trim,75
,Tree Trim,
,Tree Trim,
,Tree Trim,75
,Tree Removal,51
,Tree Trim,75
,Tree Trim,75
,Tree Trim,75
,Tree Removal,51
,Tree Trim,75
,Tree Removal,51
,Tree Trim,75
,Tree Trim,75
,Tree Trim,75
,Tree Removal,51
,Tree Trim,75
,Tree Trim,75
,Tree Trim,75
,Tree Trim,75
,Tree Trim,75
,Tree Removal,51
,Tree Trim,75
,Tree Trim,75
,Tree Removal,51
"172025",Tree Trim,75
"172126",Tree Removal,51
,Tree Trim,75
,Tree Trim,75
,Tree Removal,51
,Tree Stump Grinding,116
,Tree Trim,75
,Tree Trim,75
,Tree Trim,75
,Tree Removal,51
,Tree Removal,51
,Tree Trim,75
,Tree Trim,75
,Tree Trim,75
,Tree Trim,75
,Tree Trim,75
,Tree Trim,75
,Tree Removal,51
,Tree Trim,75
,Tree Trim,75
,Tree Trim,75
,Tree Removal,51
,Tree Removal,51
,Tree Removal,51
"171186",Tree Trim,75
"172093",Tree Trim,75
"172240",Tree Trim,75
,Tree Trim,
,Tree Trim,
,Tree Removal,
"172245",Tree Trim,75
"172234",Tree Removal,51
"172156",Tree Trim,75
"172162",Tree Trim,75
"171990",Tree Trim,75
"172258",Tree Trim,75
"171837",Tree Removal,51
"171466",Tree Trim,75
"172110",Tree Removal,51
"172146",Tree Trim,75
"171944",Tree Trim,75
"172229",Tree Removal,51
"172092",Tree Trim,75
"172200",Tree Removal,51
"171875",Tree Trim,75
"172163",Tree Trim,75
"172226",Tree Removal,51
"172099",Tree Trim,75
"172197",Tree Trim,75
"171732",Tree Trim,75
"172124",Tree Trim,75
,Tree Trim,
,Tree Trim,
"171477",Tree Trim,75
"172293",Tree Trim,75
"172125",Tree Trim,75
"171586",Tree Trim,75
"172145",Tree Trim,75
"171852",Tree Trim,75
"171917",Tree Trim,75
"171849",Tree Trim,75
"171627",Tree Trim,75
"172292",Tree Removal,51
"172046",Tree Removal,51
"172254",Tree Trim,75
"172186",Tree Removal,51
"172256",Tree Trim,75
"172273",Tree Removal,51
"172337",Tree Removal,51
"172282",Tree Trim,75
"172248",Tree Removal,51
"172251",Tree Removal,51
"172095",Tree Trim,75
"171638",Tree Trim,75
,Tree Removal,
,Tree Removal,
"171701",Tree Trim,75
"172235",Tree Removal,51
"171702",Tree Trim,75
"171491",Tree Trim,75
"172377",Tree Removal,51
"171488",Tree Trim,75
"171534",Tree Trim,75
"171533",Tree Trim,75
"171599",Tree Trim,75
"171490",Tree Trim,75
"171479",Tree Trim,75
"171947",Tree Removal,51
"171484",Tree Trim,75
"171975",Tree Removal,51
"172341",Tree Removal,51
"171974",Tree Removal,51
"172078",Tree Removal,51
"172013",Tree Trim,75
"171909",Tree Removal,51
"171413",Tree Trim,75
"172333",Tree Trim,75
,Tree Removal,
,Tree Removal,
"171801",Tree Removal,51
"172351",Tree Removal,51
"171495",Tree Trim,75
"171851",Tree Removal,51
"172390",Tree Removal,51
"172386",Tree Trim,75
"171671",Tree Trim,75
"172349",Tree Trim,75
"171729",Tree Trim,75
"172316",Tree Removal,51
"172221",Tree Removal,51
"171512",Tree Trim,75
"171510",Tree Trim,75
"172338",Tree Removal,51
"172353",Tree Removal,51
"172135",Tree Stump Grinding,116
"172270",Tree Trim,75
"172371",Tree Trim,75
"172207",Tree Removal,51
"172352",Tree Trim,75
"172330",Tree Trim,75
"172328",Tree Trim,75
,Tree Trim,
,Tree Removal,
"171286",Tree Trim,75
"171887",Tree Trim,75
"171976",Tree Removal,51
"172462",Tree Removal,51
"172287",Tree Trim,75
"172442",Tree Removal,51
"172214",Tree Trim,75
"172381",Tree Removal,51
"172446",Tree Removal,51
"172452",Tree Removal,51
"172295",Tree Removal,51
"172411",Tree Trim,75
"172467",Tree Removal,51
"172313",Tree Removal,51
"172453",Tree Removal,51
"172366",Tree Removal,51
"172409",Tree Removal,51
"172401",Tree Trim,75
"172458",Tree Removal,51
"172465",Tree Removal,51
"172447",Tree Removal,51
"172115",Tree Trim,75
,Tree Trim,
"172450",Tree Removal,51
"172524",Tree Trim,75
"172457",Tree Trim,75
"172510",Tree Removal,51
"172484",Tree Removal,51
"172428",Tree Trim,75
"172512",Tree Removal,51
"172502",Tree Trim,75
"172506",Tree Removal,51
"172433",Tree Trim,75
"172438",Tree Removal,51
"172521",Tree Removal,51
"172553",Tree Trim,75
"172604",Tree Removal,51
"172605",Tree Removal,51
"172485",Tree Trim,75
"172541",Tree Removal,51
"172487",Tree Removal,51
"172568",Tree Removal,51
"171524",Tree Trim,75
"172359",Tree Removal,51
"172246",Tree Trim,75
"172276",Tree Removal,51
,Tree Removal,
"172582",Tree Trim,75
"172525",Tree Removal,51
"172571",Tree Removal,51
"172613",Tree Stump Grinding,116
"172545",Tree Removal,51
"172519",Tree Trim,75
"172586",Tree Trim,75
"172547",Tree Trim,75
"172602",Tree Trim,75
"172785",Tree Removal,51
"172565",Tree Removal,51
"172638",Tree Removal,51
"172581",Tree Trim,75
"172365",Tree Trim,75
"172572",Tree Trim,75
"172514",Tree Trim,75
"172573",Tree Trim,75
"172431",Tree Trim,75
"172621",Tree Removal,51
"172267",Tree Trim,75
"172425",Tree Removal,51
"172614",Tree Trim,75
"172583",Tree Removal,51
"172649",Tree Removal,51
"172443",Tree Removal,51
"172520",Tree Trim,75
"172588",Tree Trim,75
"172618",Tree Trim,75
"172540",Tree Removal,51
"172550",Tree Trim,75
"172561",Tree Removal,51
"172680",Tree Removal,51
"172697",Tree Removal,51
"172689",Tree Trim,75
"171923",Tree Trim,75
"172612",Tree Trim,75
"172239",Tree Trim,75
"172757",Tree Removal,51
"172707",Tree Stump Grinding,116
"172585",Tree Removal,51
"172673",Tree Trim,75
"172408",Tree Trim,75
"172648",Tree Trim,75
"171937",Tree Trim,75
"172560",Tree Removal,51
,Tree Removal,
,Tree Removal,
"172523",Tree Trim,75
"172770",Tree Removal,51
"172441",Tree Trim,75
"172530",Tree Trim,75
"172756",Tree Removal,51
"172362",Tree Trim,75
"172098",Tree Removal,51
"172334",Tree Removal,51
"172034",Tree Removal,51
"172019",Tree Trim,75
"172734",Tree Trim,75
"172816",Tree Trim,75
"172559",Tree Removal,51
"172378",Tree Removal,51
"172705",Tree Removal,51
"172404",Tree Trim,75
"172771",Tree Removal,51
"172238",Tree Removal,51
"172782",Tree Removal,51
"172430",Tree Removal,51
"172373",Tree Trim,75
"172232",Tree Removal,51
,Tree Trim,
"172776",Tree Removal,51
"172718",Tree Trim,75
"172504",Tree Trim,75
"172123",Tree Trim,75
"172642",Tree Removal,51
"172804",Tree Trim,75
"172876",Tree Removal,51
"172315",Tree Trim,75
"172815",Tree Trim,75
"172781",Tree Removal,51
"172903",Tree Removal,51
"172713",Tree Trim,75
"172599",Tree Removal,51
"171883",Tree Trim,75
"171882",Tree Trim,75
"172806",Tree Removal,51
"172719",Tree Trim,75
"172717",Tree Removal,51
"172777",Tree Trim,75
"172896",Tree Trim,75
"171966",Tree Trim,75
"172342",Tree Removal,51
,Tree Trim,
,Tree Removal,
"172809",Tree Removal,51
"172868",Tree Trim,75
"172894",Tree Removal,51
"172515",Tree Trim,75
"172640",Tree Trim,75
"171951",Tree Trim,75
"172873",Tree Trim,75
"172639",Tree Trim,75
"172830",Tree Trim,75
"172518",Tree Trim,75
"171896",Tree Trim,75
"172739",Tree Removal,51
"172294",Tree Trim,75
"172326",Tree Trim,75
"172811",Tree Trim,75
"172364",Tree Trim,75
"172842",Tree Trim,75
"172509",Tree Trim,75
"172250",Tree Trim,75
"172872",Tree Trim,75
"172592",Tree Trim,75
"172451",Tree Removal,51
,Tree Removal,
,Tree Trim,
,Tree Trim,
,Tree Removal,
"172919",Tree Trim,75
"172563",Tree Removal,51
"172219",Tree Trim,75
"172703",Tree Removal,51
"172865",Tree Trim,75
"172813",Tree Removal,51
"172964",Tree Trim,75
"171520",Tree Trim,75
"172641",Tree Trim,75
"172533",Tree Trim,75
"172851",Tree Trim,75
"172749",Tree Trim,75
"172885",Tree Trim,75
"172402",Tree Removal,51
"172864",Tree Trim,75
"172755",Tree Removal,51
"171955",Tree Trim,75
"172551",Tree Removal,51
"172780",Tree Trim,75
,Tree Trim,75
,Tree Removal,
"172954",Tree Removal,51
"172847",Tree Trim,75
"172912",Tree Trim,75
"172472",Tree Removal,51
"171546",Tree Trim,75
"172759",Tree Trim,75
"171569",Tree Trim,75
"171821",Tree Trim,75
"171954",Tree Trim,75
"171553",Tree Trim,75
"172006",Tree Trim,75
"172104",Tree Removal,51
"172439",Tree Removal,51
"172900",Tree Code Violation,52
"172829",Tree Trim,75
"172700",Tree Trim,75
"172875",Tree Trim,75
"172218",Tree Trim,75
"172832",Tree Removal,51
"172998",Tree Removal,51
"172089",Tree Trim,75
"173014",Tree Removal,51
,Tree Trim,
"171940",Tree Trim,75
"172930",Tree Trim,75
"173019",Tree Trim,75
"172054",Tree Trim,75
"172850",Tree Trim,75
"172753",Tree Trim,75
"172702",Tree Trim,75
"173009",Tree Trim,75
"172018",Tree Trim,75
"172859",Tree Trim,75
"172724",Tree Trim,75
"172939",Tree Trim,75
"171790",Tree Trim,75
"172591",Tree Trim,75
"171678",Tree Trim,75
"172834",Tree Trim,75
"173084",Tree Removal,51
"172178",Tree Trim,75
"171936",Tree Trim,75
"173092",Tree Removal,51
"171906",Tree Trim,75
"172281",Tree Trim,75
"173045",Tree Removal,51
,Tree Removal,
,Tree Trim,
,Tree Removal,
,Tree Trim,
,Tree Trim,
"173062",Tree Trim,75
"172805",Tree Removal,51
"172527",Tree Trim,75
"172836",Tree Trim,75
"172435",Tree Trim,75
"173057",Tree Trim,75
"172607",Tree Removal,51
"172652",Tree Trim,75
"172685",Tree Removal,51
"172843",Tree Trim,75
"173112",Tree Trim,75
"172898",Tree Trim,75
"172937",Tree Trim,75
"172444",Tree Trim,75
"172486",Tree Trim,75
"172463",Tree Trim,75
"172971",Tree Trim,75
"172812",Tree Trim,75
"172596",Tree Removal,51
,Tree Trim,
"172839",Tree Removal,51
"172492",Tree Trim,75
"172863",Tree Trim,75
"172858",Tree Removal,51
"172589",Tree Trim,75
"172838",Tree Trim,75
"172528",Tree Trim,75
"172837",Tree Removal,51
"172387",Tree Trim,75
"172789",Tree Trim,75
"172997",Tree Removal,51
"173058",Tree Trim,75
"172860",Tree Trim,75
"172970",Tree Trim,75
"172558",Tree Trim,75
"173147",Tree Trim,75
"173134",Tree Removal,51
"172783",Tree Removal,51
"173132",Tree Trim,75
"172831",Tree Trim,75
"172908",Tree Trim,75
"172794",Tree Trim,75
"173027",Tree Trim,75
,Tree Removal,
,Tree Removal,
,Tree Removal,
"173180",Tree Trim,75
"173194",Tree Trim,75
"173176",Tree Trim,75
"172845",Tree Trim,75
"173166",Tree Trim,75
"172854",Tree Trim,75
"173161",Tree Removal,51
"173188",Tree Removal,51
"173183",Tree Removal,51
"172878",Tree Trim,75
"173199",Tree Removal,51
"172746",Tree Trim,75
"172944",Tree Trim,75
"173192",Tree Removal,51
"173124",Tree Trim,75
"173210",Tree Removal,51
"173123",Tree Trim,75
"173177",Tree Trim,75
"173121",Tree Trim,75
"173085",Tree Removal,51
"173120",Tree Trim,75
,Tree Trim,75
,Tree Removal,
,Tree Trim,
"172432",Tree Trim,75
"173006",Tree Trim,75
"173013",Tree Trim,75
"172914",Tree Trim,75
"173118",Tree Removal,51
"173172",Tree Trim,75
"172955",Tree Removal,51
"172765",Tree Trim,75
"173029",Tree Trim,75
"173133",Tree Removal,51
"172721",Tree Trim,75
"173151",Tree Trim,75
"173171",Tree Stump Grinding,116
"172738",Tree Trim,75
"172889",Tree Trim,75
"172768",Tree Trim,75
"172929",Tree Trim,75
"173211",Tree Trim,75
"173233",Tree Removal,51
"173100",Tree Trim,75
"173105",Tree Trim,75
,Tree Trim,
,Tree Removal,
,Tree Trim,
"173186",Tree Trim,75
"172969",Tree Trim,75
"173072",Tree Removal,51
"173138",Tree Trim,75
"173200",Tree Trim,75
"173222",Tree Removal,51
"172686",Tree Trim,75
"172995",Tree Removal,51
"172636",Tree Removal,51
"172635",Tree Removal,51
"172427",Tree Trim,75
"173255",Tree Removal,51
"172928",Tree Trim,75
"173214",Tree Removal,51
"173250",Tree Trim,75
"173251",Tree Trim,75
"173248",Tree Trim,75
"173075",Tree Removal,51
"173164",Tree Trim,75
"173246",Tree Trim,75
"172871",Tree Trim,75
"173258",Tree Removal,51
"173242",Tree Trim,75
"173239",Tree Trim,75
"173261",Tree Removal,51
"173269",Tree Planting,25
"173236",Tree Trim,75
"172810",Tree Trim,75
"173150",Tree Trim,75
"173139",Tree Trim,75
"172940",Tree Trim,75
"172611",Tree Trim,75
"173144",Tree Trim,75
"173267",Tree Trim,75
"173143",Tree Trim,75
"172692",Tree Trim,75
"173024",Tree Trim,75
"173272",Tree Removal,51
"173235",Tree Trim,75
"172950",Tree Trim,75
"173244",Tree Trim,75
"173018",Tree Trim,75
"173205",Tree Trim,75
"172966",Tree Trim,75
,Tree Trim,76
,Tree Removal,
,Tree Trim,
"172923",Tree Trim,75
"173116",Tree Trim,75
"172924",Tree Trim,75
"173127",Tree Removal,51
"172693",Tree Trim,75
"173149",Tree Removal,51
"173284",Tree Trim,75
"173291",Tree Removal,51
"173238",Tree Stump Grinding,116
"173276",Tree Trim,75
"173317",Tree Removal,51
"173265",Tree Removal,51
"173060",Tree Trim,75
"172808",Tree Removal,51
"173286",Tree Removal,51
"172778",Tree Trim,75
"173321",Tree Trim,75
"173283",Tree Trim,75
"172587",Tree Trim,75
"173271",Tree Trim,75
"172742",Tree Removal,51
,Tree Trim,
,Tree Trim,
"173302",Tree Removal,51
"173208",Tree Trim,75
"173303",Tree Trim,75
"172866",Tree Trim,75
"173193",Tree Trim,75
"173219",Tree Removal,51
"173296",Tree Removal,51
"173165",Tree Trim,75
"173285",Tree Trim,75
"173091",Tree Removal,51
"173343",Tree Removal,51
"173344",Tree Trim,75
"173273",Tree Removal,51
"173111",Tree Trim,75
"173350",Tree Trim,75
"173334",Tree Removal,51
"173340",Tree Removal,51
"173333",Tree Trim,75
"173365",Tree Trim,75
"173362",Tree Removal,51
"173379",Tree Trim,75
"173372",Tree Trim,75
"173378",Tree Trim,75
"173358",Tree Trim,75
"173357",Tree Trim,75
"173373",Tree Trim,75
"173360",Tree Trim,75
"173383",Tree Removal,51
"173377",Tree Trim,75
"173359",Tree Trim,75
"173420",Tree Trim,75
"173401",Tree Removal,51
"173388",Tree Trim,75
"173381",Tree Removal,51
"173407",Tree Trim,75
"173398",Tree Trim,75
"173394",Tree Trim,75
"173406",Tree Trim,75
"173390",Tree Trim,75
"173415",Tree Removal,51
"173389",Tree Trim,75
"173409",Tree Trim,75
"173419",Tree Trim,75
"173395",Tree Removal,51
"173471",Tree Removal,51
,Tree Removal,
,Tree Removal,
"173480",Tree Removal,51
"173473",Tree Removal,51
"173477",Tree Trim,75
"173469",Tree Removal,51
"173464",Tree Trim,75
"173441",Tree Trim,75
"173435",Tree Trim,75
"173402",Tree Trim,75
"173455",Tree Removal,51
"173458",Tree Trim,75
"173433",Tree Trim,75
"173449",Tree Trim,75
"173491",Tree Trim,75
"173457",Tree Trim,75
"173492",Tree Trim,75
"173476",Tree Removal,51
"173489",Tree Removal,51
"173515",Tree Trim,75
"173500",Tree Trim,75
"173529",Tree Removal,51
"173485",Tree Removal,51
"173502",Tree Trim,75
,Tree Code Violation,
,Tree Trim,
"173527",Tree Trim,75
"173482",Tree Trim,75
"173493",Tree Removal,51
"173525",Tree Trim,75
"173534",Tree Trim,75
"173542",Tree Removal,51
"173520",Tree Trim,75
"173539",Tree Trim,75
"173559",Tree Removal,51
"173571",Tree Removal,51
"173583",Tree Trim,75
"173601",Tree Trim,75
"173621",Tree Removal,51
"173575",Tree Trim,75
"173566",Tree Trim,75
"173587",Tree Removal,51
"173556",Tree Removal,51
"173618",Tree Removal,51
"173568",Tree Trim,75
"173538",Tree Trim,75
"173596",Tree Trim,75
"173638",Tree Removal,51
,Tree Trim,
,Tree Code Violation,
"173642",Tree Removal,51
"173633",Tree Trim,75
"173629",Tree Trim,75
"173632",Tree Removal,51
"173639",Tree Trim,75
"173648",Tree Trim,75
"173645",Tree Trim,75
"173582",Tree Trim,75
"173562",Tree Trim,75
"173522",Tree Trim,75
"173616",Tree Trim,75
"173603",Tree Removal,51
"173615",Tree Trim,75
"173634",Tree Trim,75
"173563",Tree Trim,75
"173604",Tree Trim,75
"173578",Tree Trim,75
"173623",Tree Trim,75
"173650",Tree Removal,51
"173665",Tree Trim,75
"173658",Tree Trim,75
"171798",Tree Removal,51
,Tree Trim,
"173668",Tree Trim,75
"173661",Tree Trim,75
"173680",Tree Trim,75
"173660",Tree Trim,75
"173678",Tree Stump Grinding,116
"173689",Tree Trim,75
"173688",Tree Trim,75
"173690",Tree Trim,75
"173697",Tree Trim,75
"173567",Tree Trim,75
"173657",Tree Trim,75
"173685",Tree Trim,75
"173703",Tree Stump Grinding,116
"173704",Tree Removal,51
"173667",Tree Trim,75
"173692",Tree Removal,51
"173729",Tree Trim,75
"173713",Tree Trim,75
"173714",Tree Trim,75
"173716",Tree Trim,75
"173785",Tree Trim,75
"173757",Tree Trim,75
"173748",Tree Trim,75
"173736",Tree Trim,75
"173740",Tree Trim,75
"173741",Tree Trim,75
"173738",Tree Trim,75
"173759",Tree Trim,75
"173754",Tree Trim,75
"173746",Tree Trim,75
"173753",Tree Trim,75
"173783",Tree Trim,75
"173781",Tree Trim,75
"173767",Tree Trim,75
"173708",Tree Removal,51
"173789",Tree Trim,75
"173798",Tree Trim,75
"173776",Tree Trim,75
"173775",Tree Trim,75
"173771",Tree Trim,75
"173782",Tree Trim,75
"173804",Tree Removal,51
"173825",Tree Removal,51
"173837",Tree Trim,75
"173803",Tree Removal,51
"173762",Tree Trim,75
,Tree Removal,
,Tree Trim,
,Tree Removal,
"173778",Tree Trim,75
"173797",Tree Trim,75
"173758",Tree Trim,75
"173727",Tree Trim,75
"173790",Tree Removal,51
"173717",Tree Trim,75
"173761",Tree Trim,75
"173824",Tree Trim,75
"173822",Tree Trim,75
"173821",Tree Removal,51
"173834",Tree Trim,75
"173810",Tree Trim,75
"173871",Tree Removal,51
"173838",Tree Trim,75
"173858",Tree Trim,75
"173846",Tree Trim,75
"173862",Tree Removal,51
"173835",Tree Trim,75
"173887",Tree Trim,75
"173891",Tree Trim,75
"173733",Tree Trim,75
,Tree Removal,
,Tree Removal,
"173745",Tree Trim,75
"173899",Tree Removal,51
"173744",Tree Trim,75
"173831",Tree Removal,51
"173895",Tree Trim,75
"173879",Tree Trim,75
"173883",Tree Trim,75
"173880",Tree Trim,75
"173913",Tree Removal,51
"173920",Tree Trim,75
"173929",Tree Removal,51
"173935",Tree Removal,51
"173907",Tree Trim,75
"173794",Tree Trim,75
"173912",Tree Removal,51
"173900",Tree Removal,51
"173947",Tree Trim,75
"173901",Tree Trim,75
"173925",Tree Removal,51
"173944",Tree Trim,75
"173956",Tree Removal,51
,Tree Trim,
,Tree Removal,
,Tree Removal,
"173996",Tree Trim,75
"173849",Tree Trim,75
"173918",Tree Trim,75
"173955",Tree Trim,75
"173961",Tree Trim,75
"173977",Tree Trim,75
"173981",Tree Trim,75
"173957",Tree Trim,75
"173933",Tree Removal,51
"173919",Tree Trim,75
"173946",Tree Trim,75
"173953",Tree Trim,75
"173916",Tree Removal,51
"174009",Tree Trim,75
"174007",Tree Trim,75
"174026",Tree Trim,75
"173936",Tree Removal,51
"173987",Tree Removal,51
"173917",Tree Removal,51
"173993",Tree Trim,75
"174076",Tree Trim,75
,Tree Trim,75
,Tree Trim,
"174001",Tree Removal,51
"174000",Tree Removal,51
"174016",Tree Trim,75
"174011",Tree Trim,75
"173959",Tree Removal,51
"174025",Tree Trim,75
"174012",Tree Removal,51
"174029",Tree Trim,75
"174057",Tree Removal,51
"174044",Tree Removal,51
"173997",Tree Removal,51
"174054",Tree Trim,75
"174042",Tree Removal,51
"174050",Tree Trim,75
"174051",Tree Removal,51
"174046",Tree Trim,75
"174038",Tree Removal,51
"174040",Tree Removal,51
"174081",Tree Trim,75
"174062",Tree Trim,75
"174071",Tree Trim,75
,Tree Trim,
"174084",Tree Stump Grinding,116
"174077",Tree Removal,51
"174108",Tree Removal,51
"174056",Tree Trim,75
"174031",Tree Trim,75
"174112",Tree Trim,75
"174114",Tree Trim,75
"173998",Tree Trim,75
"174100",Tree Removal,51
"174103",Tree Removal,51
"174113",Tree Trim,75
"174092",Tree Trim,75
"174099",Tree Trim,75
"174130",Tree Removal,51
"174119",Tree Removal,51
"174115",Tree Trim,75
"174088",Tree Removal,51
"174086",Tree Removal,51
"174085",Tree Removal,51
"174142",Tree Removal,51
"174151",Tree Removal,51
"174145",Tree Trim,75
,Tree Trim,
,Tree Trim,
"174127",Tree Trim,75
"174139",Tree Removal,51
"174443",Tree Trim,75
"174082",Tree Removal,51
"174117",Tree Removal,51
"174126",Tree Trim,75
"174138",Tree Trim,75
"174132",Tree Trim,75
"174152",Tree Stump Grinding,116
"174098",Tree Removal,51
"174167",Tree Trim,75
"174181",Tree Removal,51
"174125",Tree Trim,75
"174133",Tree Trim,75
"174170",Tree Trim,75
"174166",Tree Trim,75
"174095",Tree Trim,75
"174161",Tree Trim,75
"174172",Tree Trim,75
"174187",Tree Trim,75
"174087",Tree Removal,51
"174160",Tree Removal,51
,Tree Removal,
"174158",Tree Trim,75
"174164",Tree Trim,75
"174189",Tree Removal,51
"174195",Tree Trim,75
"174194",Tree Trim,75
"174202",Tree Trim,75
"174214",Tree Trim,75
"174192",Tree Removal,51
"174162",Tree Trim,75
"174191",Tree Trim,75
"174201",Tree Trim,75
"174175",Tree Removal,51
"174094",Tree Trim,75
"174255",Tree Removal,51
"174169",Tree Removal,51
"174269",Tree Trim,75
"174186",Tree Trim,75
"174253",Tree Trim,75
"174198",Tree Trim,75
"174256",Tree Trim,75
"174215",Tree Trim,75
"174294",Tree Trim,75
"174293",Tree Trim,75
"174213",Tree Trim,75
"174292",Tree Trim,75
"174288",Tree Trim,75
"174287",Tree Trim,75
"174182",Tree Trim,75
"174286",Tree Trim,75
"174298",Tree Trim,75
"174249",Tree Removal,51
"174302",Tree Removal,51
"174260",Tree Removal,51
"174275",Tree Trim,75
"174284",Tree Removal,51
"174203",Tree Trim,75
"174266",Tree Trim,75
"174323",Tree Removal,51
"174208",Tree Trim,75
"174247",Tree Removal,51
"174318",Tree Trim,75
"174248",Tree Trim,75
"174306",Tree Trim,75
"174431",Tree Trim,75
"174336",Tree Removal,51
,Tree Trim,
,Tree Trim,
"174333",Tree Trim,75
"174307",Tree Trim,75
"174358",Tree Trim,75
"174362",Tree Trim,75
"174359",Tree Trim,75
"174379",Tree Trim,75
"174317",Tree Trim,75
"174316",Tree Trim,75
"174363",Tree Trim,75
"174315",Tree Trim,75
"174312",Tree Trim,75
"174311",Tree Trim,75
"174371",Tree Removal,51
"174369",Tree Trim,75
"174360",Tree Trim,75
"174319",Tree Trim,75
"174344",Tree Trim,75
"174329",Tree Trim,75
"174394",Tree Trim,75
"174339",Tree Trim,75
"174301",Tree Trim,75
"174395",Tree Trim,75
,Tree Removal,
,Tree Trim,
"174327",Tree Trim,75
"174354",Tree Removal,51
"174432",Tree Trim,75
"174382",Tree Trim,75
"174270",Tree Trim,75
"174460",Tree Trim,75
"174407",Tree Trim,75
"174297",Tree Trim,75
"174403",Tree Trim,75
"174404",Tree Trim,75
"174337",Tree Removal,51
"174406",Tree Trim,75
"174376",Tree Trim,75
"174442",Tree Trim,75
"174447",Tree Removal,51
"174444",Tree Trim,75
"174416",Tree Trim,75
"174436",Tree Trim,75
"174415",Tree Trim,75
"174414",Tree Trim,75
"174384",Tree Trim,75
"174453",Tree Trim,75
"174412",Tree Trim,75
"174452",Tree Trim,75
"174230",Tree Trim,75
"174421",Tree Trim,75
"174420",Tree Trim,75
"174268",Tree Trim,75
"174418",Tree Trim,75
"174419",Tree Trim,75
"174417",Tree Trim,75
"174411",Tree Trim,75
"174398",Tree Trim,75
"174252",Tree Trim,75
"174396",Tree Trim,75
"174218",Tree Trim,75
"174399",Tree Removal,51
"174305",Tree Removal,51
"174465",Tree Trim,75
"174200",Tree Removal,51
"174501",Tree Removal,51
"174483",Tree Removal,51
"174504",Tree Trim,75
"174555",Tree Trim,75
"174368",Tree Trim,75
"174512",Tree Removal,51
"174468",Tree Removal,51
"174473",Tree Trim,75
"174481",Tree Trim,75
"174472",Tree Removal,51
"174440",Tree Trim,75
"174450",Tree Trim,75
"174227",Tree Removal,51
"174517",Tree Removal,51
"174449",Tree Trim,75
"174467",Tree Trim,75
"174486",Tree Trim,75
"174340",Tree Removal,51
"174478",Tree Trim,75
"174439",Tree Removal,51
"174497",Tree Removal,51
"174535",Tree Trim,75
"174519",Tree Trim,75
"174277",Tree Trim,75
"174364",Tree Removal,51
"174457",Tree Trim,75
"174518",Tree Removal,51
"174496",Tree Removal,51
"174484",Tree Trim,75
"174480",Tree Trim,75
"174516",Tree Trim,75
"174463",Tree Trim,75
"174527",Tree Removal,51
"174493",Tree Trim,75
"174522",Tree Trim,75
"174488",Tree Trim,75
"174477",Tree Removal,51
"174520",Tree Trim,75
"174495",Tree Trim,75
"174534",Tree Removal,51
"174528",Tree Trim,75
"174571",Tree Trim,75
"174568",Tree Trim,75
"174557",Tree Trim,75
"174584",Tree Trim,75
"174566",Tree Trim,75
"174567",Tree Trim,75
"174532",Tree Trim,75
"174548",Tree Trim,75
"174579",Tree Trim,75
"174550",Tree Removal,51
"174565",Tree Trim,75
"174561",Tree Trim,75
"174564",Tree Trim,75
"174580",Tree Trim,75
"174581",Tree Trim,75
"174435",Tree Removal,51
"174489",Tree Trim,75
"174623",Tree Trim,75
"174622",Tree Removal,51
"174551",Tree Trim,75
"174614",Tree Trim,75
"174629",Tree Removal,51
"174409",Tree Trim,75
"174609",Tree Trim,75
"174530",Tree Trim,75
"174434",Tree Stump Grinding,116
"174345",Tree Trim,75
"174599",Tree Trim,75
"174508",Tree Trim,75
"174627",Tree Trim,75
"174604",Tree Trim,75
"174602",Tree Trim,75
"174621",Tree Trim,75
"174600",Tree Trim,75
"174448",Tree Removal,51
"174687",Tree Trim,75
"174635",Tree Removal,51
"174681",Tree Removal,51
"174666",Tree Trim,75
"174680",Tree Trim,75
"174660",Tree Trim,75
"174653",Tree Trim,75
"174636",Tree Trim,75
"174397",Tree Trim,75
"174701",Tree Removal,51
"174711",Tree Trim,75
"174698",Tree Removal,51
"174700",Tree Trim,75
"174691",Tree Trim,75
"174659",Tree Trim,75
"174644",Tree Trim,75
"174539",Tree Trim,75
"174664",Tree Removal,51
"174586",Tree Trim,75
"174699",Tree Trim,75
"174662",Tree Trim,75
"174695",Tree Trim,75
,Tree Trim,
"174598",Tree Trim,75
"174663",Tree Trim,75
"174670",Tree Removal,51
"174650",Tree Trim,75
"174633",Tree Removal,51
"174708",Tree Removal,51
"174647",Tree Removal,51
"174661",Tree Removal,51
"174569",Tree Removal,51
"174751",Tree Removal,51
"174612",Tree Trim,75
"174732",Tree Trim,75
"174593",Tree Trim,75
"174637",Tree Trim,75
"174724",Tree Trim,75
"174766",Tree Removal,51
"174722",Tree Trim,75
"174735",Tree Removal,51
"174734",Tree Trim,75
"174739",Tree Removal,51
"174768",Tree Trim,75
"174703",Tree Trim,75
,Tree Trim,
,Tree Trim,
,Tree Trim,
,Tree Removal,
,Tree Removal,
"175016",Tree Removal,51
"174788",Tree Trim,75
"174775",Tree Removal,51
"174801",Tree Trim,75
"174779",Tree Removal,51
"174723",Tree Removal,51
"174729",Tree Trim,75
"174781",Tree Trim,75
"174702",Tree Removal,51
"174726",Tree Trim,75
"174823",Tree Removal,51
"174821",Tree Trim,75
"174829",Tree Removal,51
"174817",Tree Trim,75
"174809",Tree Removal,51
"174718",Tree Trim,75
"174818",Tree Removal,51
"174826",Tree Removal,51
"174814",Tree Removal,51
"175025",Tree Removal,51
"174848",Tree Removal,51
"174839",Tree Trim,75
"174819",Tree Trim,75
"174727",Tree Removal,51
"174678",Tree Trim,75
"174813",Tree Removal,51
"174846",Tree Removal,51
"174791",Tree Trim,75
"174978",Tree Trim,75
"174833",Tree Trim,75
"174822",Tree Trim,75
"174841",Tree Removal,51
"174837",Tree Removal,51
"174794",Tree Trim,75
"175084",Tree Stump Grinding,116
"174843",Tree Trim,75
"174840",Tree Trim,75
"174869",Tree Removal,51
"174870",Tree Trim,75
"174867",Tree Trim,75
"174886",Tree Trim,75
,Tree Trim,
"174877",Tree Trim,75
"174866",Tree Removal,51
"174891",Tree Removal,51
"174882",Tree Removal,51
"174865",Tree Removal,51
"174845",Tree Trim,75
"174901",Tree Trim,75
"174832",Tree Trim,75
"174916",Tree Trim,75
"172367",Tree Trim,75
"172149",Tree Trim,75
"174909",Tree Removal,51
"174904",Tree Removal,51
"174853",Tree Trim,75
"174908",Tree Removal,51
"174883",Tree Trim,75
"174922",Tree Trim,75
"174941",Tree Trim,75
"174925",Tree Trim,75
"174926",Tree Trim,75
"174923",Tree Trim,75
"174933",Tree Trim,75
,Tree Trim,
"174945",Tree Trim,75
"174974",Tree Trim,75
"174949",Tree Trim,75
"174934",Tree Removal,51
"174935",Tree Removal,51
"175290",Tree Removal,51
"174947",Tree Trim,75
"174943",Tree Trim,75
"174939",Tree Trim,75
"175046",Tree Trim,75
"174962",Tree Trim,75
"174940",Tree Removal,51
"174960",Tree Trim,75
"174954",Tree Trim,75
"174968",Tree Trim,75
"174961",Tree Trim,75
"174942",Tree Trim,75
"174955",Tree Trim,75
"174957",Tree Removal,51
"174989",Tree Removal,51
"174995",Tree Removal,51
"174936",Tree Trim,75
"175017",Tree Removal,51
"175049",Tree Trim,75
"175024",Tree Trim,75
"175022",Tree Removal,51
"174988",Tree Removal,51
"175027",Tree Trim,75
"175033",Tree Trim,75
"175047",Tree Trim,75
"175052",Tree Trim,75
"175035",Tree Trim,75
"175073",Tree Trim,75
"174994",Tree Removal,51
"174928",Tree Trim,75
"175010",Tree Trim,75
"175058",Tree Trim,75
"175051",Tree Trim,75
"175013",Tree Trim,75
"175007",Tree Trim,75
"175056",Tree Trim,75
"175008",Tree Trim,75
"174992",Tree Trim,75
"175095",Tree Removal,51
"175087",Tree Removal,51
"175106",Tree Removal,51
,Tree Removal,
"175093",Tree Trim,75
"175006",Tree Trim,75
"175072",Tree Removal,51
"175082",Tree Trim,75
"175057",Tree Trim,75
"175110",Tree Trim,75
"175100",Tree Trim,75
"175109",Tree Trim,75
"175085",Tree Removal,51
"175098",Tree Trim,75
"175077",Tree Trim,75
"175108",Tree Trim,75
"175121",Tree Removal,51
"175136",Tree Removal,51
"175113",Tree Removal,51
"175031",Tree Trim,75
"175097",Tree Removal,51
"175128",Tree Trim,75
"175089",Tree Trim,75
"175043",Tree Trim,75
,Tree Trim,
"175118",Tree Trim,75
"175091",Tree Trim,75
,Tree Stump Grinding,
,Tree Stump Grinding,
,Tree Stump Grinding,
"175124",Tree Removal,51
"175123",Tree Trim,75
"175157",Tree Trim,75
"175145",Tree Removal,51
"175141",Tree Trim,75
"175147",Tree Removal,51
"175159",Tree Trim,75
"175158",Tree Trim,75
"175591",Tree Trim,75
"175142",Tree Removal,51
"175126",Tree Trim,75
"175185",Tree Trim,75
"175179",Tree Trim,75
"175167",Tree Trim,75
"175174",Tree Trim,75
"175182",Tree Trim,75
"175272",Tree Removal,51
"175177",Tree Trim,75
"175163",Tree Trim,75
"175178",Tree Trim,75
,Tree Removal,
"175156",Tree Removal,51
"175180",Tree Trim,75
"175197",Tree Trim,75
"175189",Tree Trim,75
"175171",Tree Trim,75
"175181",Tree Trim,75
"175190",Tree Trim,75
"175195",Tree Trim,75
"175191",Tree Trim,75
"175216",Tree Removal,51
"175214",Tree Trim,75
"175213",Tree Removal,51
"175239",Tree Trim,75
"175215",Tree Removal,51
"175229",Tree Trim,75
"175232",Tree Trim,75
"175435",Tree Trim,75
"175227",Tree Trim,75
"175228",Tree Trim,75
"175267",Tree Removal,51
"175226",Tree Removal,51
"175266",Tree Trim,75
"175268",Tree Removal,51
,Tree Trim,
"175264",Tree Trim,75
"175262",Tree Removal,51
"175294",Tree Removal,51
"175289",Tree Trim,75
"175297",Tree Trim,75
"175287",Tree Stump Grinding,116
"175303",Tree Removal,51
"175313",Tree Trim,75
"175285",Tree Trim,75
"175286",Tree Trim,75
"175298",Tree Removal,51
"175299",Tree Trim,75
"175307",Tree Removal,51
"175284",Tree Trim,75
"175265",Tree Removal,51
"175459",Tree Trim,75
"175249",Tree Trim,75
"175305",Tree Removal,51
"175310",Tree Trim,74
"175270",Tree Removal,51
"175352",Tree Removal,51
,Tree Trim,
,Tree Trim,75
,Tree Trim,
"175363",Tree Removal,51
"175351",Tree Removal,51
"175333",Tree Removal,51
"175374",Tree Removal,51
"175327",Tree Removal,51
"175356",Tree Removal,51
"175389",Tree Removal,51
"175411",Tree Removal,51
"175388",Tree Removal,51
"175365",Tree Removal,51
"175331",Tree Trim,75
"175366",Tree Trim,75
"175300",Tree Trim,75
"175395",Tree Removal,51
"175340",Tree Trim,75
"175405",Tree Trim,75
"175315",Tree Trim,75
"175304",Tree Trim,75
"175335",Tree Trim,75
"175408",Tree Removal,51
"175334",Tree Trim,75
"175386",Tree Trim,75
"175321",Tree Removal,51
"175417",Tree Removal,51
"175359",Tree Trim,75
"175320",Tree Removal,51
"175450",Tree Trim,75
"175398",Tree Trim,75
"175461",Tree Removal,51
"175423",Tree Removal,51
"175421",Tree Removal,51
"175452",Tree Trim,75
"175446",Tree Trim,75
"175427",Tree Trim,75
"175343",Tree Trim,75
"175431",Tree Trim,75
"175432",Tree Removal,51
"175466",Tree Trim,75
"175500",Tree Removal,51
"175442",Tree Trim,75
"175425",Tree Trim,75
"175463",Tree Removal,51
"175447",Tree Trim,75
,Tree Removal,
"175434",Tree Removal,51
"175473",Tree Trim,75
"175429",Tree Trim,75
"175325",Tree Trim,75
"175426",Tree Trim,75
,Tree Trim,
"175444",Tree Trim,75
"175480",Tree Removal,51
"175499",Tree Trim,75
"175393",Tree Trim,75
"175521",Tree Trim,75
"175513",Tree Trim,75
"175514",Tree Trim,75
"175384",Tree Trim,75
"175502",Tree Removal,51
"175472",Tree Removal,51
"175479",Tree Trim,75
"175523",Tree Trim,75
"175422",Tree Trim,75
"175507",Tree Trim,75
"175478",Tree Removal,51
"175509",Tree Removal,51
"175535",Tree Trim,75
"175448",Tree Trim,75
,Tree Removal,
,Tree Trim,
"175566",Tree Removal,51
"175441",Tree Trim,75
"175440",Tree Trim,75
"175541",Tree Trim,75
"175546",Tree Trim,75
"175556",Tree Trim,
"175517",Tree Removal,51
"175564",Tree Trim,75
"175588",Tree Trim,75
"175206",Tree Trim,75
"175607",Tree Removal,51
"175485",Tree Trim,75
"175590",Tree Trim,75
"175505",Tree Trim,75
"175558",Tree Removal,51
"175557",Tree Trim,75
"175551",Tree Removal,51
"175506",Tree Trim,75
"175525",Tree Removal,51
"175476",Tree Removal,51
"175504",Tree Removal,51
"175543",Tree Trim,75
,Tree Trim,
,Tree Removal,
"175581",Tree Trim,75
"175475",Tree Trim,75
"175622",Tree Removal,51
"175583",Tree Trim,75
"175601",Tree Trim,75
"175414",Tree Trim,75
"175544",Tree Trim,75
"175552",Tree Trim,75
"175642",Tree Trim,75
"175637",Tree Removal,51
"175638",Tree Removal,51
"175562",Tree Removal,51
"175416",Tree Trim,75
"175415",Tree Trim,75
"175406",Tree Trim,75
"175605",Tree Trim,75
"175639",Tree Removal,51
"175597",Tree Trim,75
"175674",Tree Trim,75
"175633",Tree Removal,51
"175684",Tree Trim,75
,Tree Removal,
"175677",Tree Removal,51
"175645",Tree Trim,75
"175669",Tree Removal,51
"175656",Tree Trim,75
"175664",Tree Removal,51
"175624",Tree Trim,75
"175673",Tree Removal,51
"175636",Tree Removal,51
"175600",Tree Removal,51
"175628",Tree Trim,75
"175676",Tree Trim,75
"175662",Tree Trim,75
"175685",Tree Trim,75
"175675",Tree Trim,75
"175599",Tree Trim,75
"175671",Tree Trim,75
"175686",Tree Trim,75
"175688",Tree Removal,51
"175554",Tree Trim,75
"175516",Tree Removal,51
"175731",Tree Trim,75
"175692",Tree Removal,51
,Tree Trim,
"175428",Tree Trim,75
"175727",Tree Removal,51
"175718",Tree Removal,51
"175730",Tree Trim,75
"175634",Tree Trim,75
"175724",Tree Trim,75
"175560",Tree Removal,51
"175464",Tree Removal,51
"175474",Tree Trim,75
"175538",Tree Trim,75
"172203",Tree Removal,51
"175735",Tree Removal,51
"175734",Tree Trim,75
"175715",Tree Removal,51
"175742",Tree Removal,51
"175678",Tree Trim,75
"175751",Tree Removal,51
"175482",Tree Trim,75
"175767",Tree Trim,75
"175749",Tree Trim,75
"175737",Tree Trim,75
"175739",Tree Removal,51
,Tree Trim,
,Tree Removal,
"175539",Tree Removal,51
"175776",Tree Trim,75
"175565",Tree Removal,51
"175782",Tree Trim,75
"175757",Tree Trim,75
"175772",Tree Removal,51
"175758",Tree Removal,51
"175771",Tree Removal,51
"175756",Tree Removal,51
"175789",Tree Removal,51
"175786",Tree Trim,75
"175799",Tree Removal,50
"175810",Tree Trim,75
"175788",Tree Trim,75
"175803",Tree Removal,51
"175834",Tree Removal,51
"175842",Tree Trim,75
"175785",Tree Removal,51
"175822",Tree Removal,51
"175836",Tree Trim,75
"175839",Tree Trim,75
"175797",Tree Trim,75
,Tree Trim,
,Tree Trim,
"175812",Tree Removal,51
"175808",Tree Removal,51
"175748",Tree Trim,75
"175811",Tree Removal,51
"175804",Tree Trim,75
"175813",Tree Trim,75
"175814",Tree Trim,75
"175798",Tree Trim,75
"175774",Tree Removal,51
"175853",Tree Removal,51
"175820",Tree Removal,51
"175816",Tree Trim,75
"175795",Tree Trim,75
"175809",Tree Trim,75
"175817",Tree Trim,75
"175837",Tree Trim,75
"175872",Tree Removal,51
"175876",Tree Removal,51
"175873",Tree Trim,75
"175974",Tree Trim,75
"175894",Tree Trim,75
,Tree Trim,
"175905",Tree Trim,75
"175904",Tree Trim,75
"175892",Tree Trim,75
"175925",Tree Trim,75
"175903",Tree Removal,51
"175923",Tree Trim,75
"175937",Tree Trim,75
"175936",Tree Trim,75
"175934",Tree Trim,75
"175926",Tree Trim,75
"175978",Tree Removal,51
"175913",Tree Trim,75
"175912",Tree Trim,75
"175930",Tree Trim,75
"175941",Tree Trim,75
"175915",Tree Trim,75
"175943",Tree Trim,75
"175962",Tree Trim,75
"175949",Tree Trim,75
"175953",Tree Trim,75
"175970",Tree Trim,75
"175986",Tree Removal,51
,Tree Trim,
"175989",Tree Trim,75
"175973",Tree Removal,51
"175952",Tree Trim,75
"175987",Tree Trim,75
"175998",Tree Trim,75
"176002",Tree Trim,75
"175994",Tree Trim,75
"176011",Tree Trim,75
"176058",Tree Trim,75
"176005",Tree Trim,75
"175999",Tree Trim,75
"176013",Tree Trim,75
"175919",Tree Removal,51
"176510",Tree Trim,75
"175971",Tree Removal,51
"176028",Tree Trim,75
"176021",Tree Trim,75
"176018",Tree Trim,75
"176019",Tree Trim,75
"176024",Tree Removal,51
"176031",Tree Trim,75
"176042",Tree Trim,75
"176049",Tree Removal,51
"176045",Tree Stump Grinding,116
"176015",Tree Removal,51
"176055",Tree Removal,51
"176038",Tree Removal,51
"176073",Tree Trim,75
"176063",Tree Trim,75
"176076",Tree Trim,75
"176075",Tree Removal,51
"176068",Tree Trim,75
"176057",Tree Trim,75
"176056",Tree Removal,51
"176090",Tree Trim,75
"176084",Tree Removal,51
"176086",Tree Trim,75
"176060",Tree Trim,75
"176064",Tree Trim,75
"176092",Tree Trim,75
"176098",Tree Removal,51
"176030",Tree Trim,75
"176091",Tree Trim,75
"176124",Tree Trim,75
"176117",Tree Trim,75
"176105",Tree Trim,75
,Tree Trim,
"176115",Tree Trim,75
"176156",Tree Trim,75
"176104",Tree Trim,75
"176145",Tree Removal,51
"176141",Tree Trim,75
"176132",Tree Trim,75
"176157",Tree Trim,75
"176119",Tree Trim,75
"176128",Tree Trim,75
"176106",Tree Trim,75
"176123",Tree Removal,51
"176103",Tree Trim,75
"176143",Tree Trim,75
"176127",Tree Trim,75
"176166",Tree Trim,75
"176138",Tree Trim,75
"176136",Tree Trim,75
"176215",Tree Trim,75
"176071",Tree Removal,51
"176182",Tree Removal,51
"176179",Tree Trim,75
"176467",Tree Removal,51
,Tree Trim,
"176197",Tree Trim,75
"176196",Tree Trim,75
"176183",Tree Removal,51
"176186",Tree Trim,74
"176184",Tree Removal,51
"176139",Tree Trim,75
"176168",Tree Trim,75
"176201",Tree Trim,75
"176178",Tree Trim,75
"176160",Tree Trim,75
"176207",Tree Trim,75
"176148",Tree Removal,51
"176202",Tree Removal,51
"176250",Tree Trim,75
"176225",Tree Removal,51
"176238",Tree Removal,51
"176257",Tree Trim,75
"176249",Tree Removal,51
"176185",Tree Trim,74
"176267",Tree Trim,75
"176254",Tree Removal,51
"176292",Tree Removal,51
,Tree Trim,
,Tree Trim,
"176304",Tree Trim,75
"176301",Tree Trim,75
"176303",Tree Trim,75
"176299",Tree Trim,75
"176243",Tree Removal,51
"176293",Tree Removal,51
"176296",Tree Trim,75
"176275",Tree Trim,75
"176308",Tree Trim,75
"176330",Tree Trim,75
"176313",Tree Removal,51
"176415",Tree Trim,75
"176325",Tree Trim,75
"176321",Tree Code Violation,52
"176315",Tree Trim,75
"176311",Tree Trim,75
"176307",Tree Trim,75
"176349",Tree Trim,75
"176335",Tree Removal,51
"176326",Tree Removal,51
"176366",Tree Trim,75
"176371",Tree Trim,75
"176358",Tree Trim,75
"176352",Tree Removal,51
"176339",Tree Trim,75
"176365",Tree Trim,75
"176373",Tree Trim,75
"176341",Tree Trim,75
"176354",Tree Removal,51
"176367",Tree Trim,75
"176357",Tree Removal,51
"176353",Tree Trim,75
"176384",Tree Trim,75
"176387",Tree Trim,75
"176393",Tree Trim,75
"176385",Tree Trim,75
"176395",Tree Trim,75
"176382",Tree Trim,75
"176398",Tree Trim,75
"176388",Tree Trim,75
"176394",Tree Trim,75
"176421",Tree Trim,75
"176417",Tree Removal,51
"176418",Tree Removal,51
,Tree Removal,
,Tree Trim,
,Tree Trim,
,Tree Trim,75
,Tree Removal,
"176453",Tree Trim,75
"176428",Tree Removal,51
"176408",Tree Trim,75
"176402",Tree Trim,75
"176411",Tree Trim,75
"176429",Tree Removal,51
"176441",Tree Trim,75
"176404",Tree Trim,75
"176424",Tree Trim,75
"176456",Tree Trim,75
"176455",Tree Trim,75
"176488",Tree Removal,51
"176458",Tree Trim,75
"176445",Tree Trim,75
"174601",Tree Removal,51
"176462",Tree Trim,75
"176490",Tree Trim,75
"176405",Tree Trim,75
"176498",Tree Trim,75
,Tree Trim,
"176513",Tree Removal,51
"176517",Tree Removal,51
"176416",Tree Removal,51
"176515",Tree Removal,51
"176481",Tree Trim,75
"176537",Tree Trim,75
"176528",Tree Trim,75
"176551",Tree Trim,75
"176548",Tree Trim,75
"176576",Tree Removal,51
"176546",Tree Trim,75
"176567",Tree Removal,51
"176568",Tree Trim,75
"176585",Tree Removal,51
"176561",Tree Trim,75
"176573",Tree Trim,75
"176610",Tree Removal,51
"176601",Tree Removal,51
"172132",Tree Removal,51
"176605",Tree Removal,51
"176627",Tree Trim,75
"176630",Tree Removal,51
,Tree Code Violation,
"176646",Tree Removal,51
"176644",Tree Trim,75
"176640",Tree Removal,51
"176648",Tree Trim,75
"176659",Tree Trim,75
"176670",Tree Trim,75
"176669",Tree Trim,75
"176664",Tree Trim,75
"176657",Tree Trim,75
"176679",Tree Trim,75
"176689",Tree Removal,51
"176677",Tree Trim,75
"176690",Tree Trim,75
"176692",Tree Removal,51
"176703",Tree Trim,75
"176706",Tree Removal,51
"176712",Tree Trim,75
"176522",Tree Trim,75
"176720",Tree Trim,75
"176736",Tree Removal,51
"176731",Tree Trim,75
"176740",Tree Removal,51
,Tree Trim,
"176751",Tree Stump Grinding,116
"176745",Tree Removal,51
"176743",Tree Removal,51
"176754",Tree Removal,51
"176755",Tree Trim,75
"176747",Tree Trim,75
"176748",Tree Trim,75
"176744",Tree Removal,51
"176742",Tree Removal,51
"176758",Tree Trim,75
"176766",Tree Trim,75
"176769",Tree Trim,75
"176762",Tree Removal,51
"176770",Tree Removal,51
"176761",Tree Trim,75
"176779",Tree Removal,51
"176794",Tree Removal,51
"176797",Tree Trim,75
"176784",Tree Removal,51
"177563",Tree Removal,51
"176788",Tree Trim,75
"176796",Tree Trim,75
,Tree Code Violation,
,Tree Trim,
"176771",Tree Removal,51
"176765",Tree Trim,75
"176798",Tree Trim,75
"176801",Tree Trim,75
"176821",Tree Trim,75
"176830",Tree Trim,75
"176855",Tree Removal,51
"176840",Tree Trim,75
"176841",Tree Trim,75
"176842",Tree Trim,75
"176850",Tree Removal,51
"176833",Tree Trim,75
"176857",Tree Removal,51
"176865",Tree Trim,75
"176877",Tree Removal,51
"176871",Tree Trim,75
"176868",Tree Trim,75
"176860",Tree Removal,51
"176884",Tree Removal,51
"176888",Tree Removal,51
"176893",Tree Trim,75
,Tree Planting,25
,Tree Trim,75
,Tree Trim,75
,Tree Removal,45
"176905",Tree Trim,75
"176899",Tree Trim,75
"176911",Tree Trim,75
"176909",Tree Trim,75
"176903",Tree Trim,75
"176920",Tree Trim,75
"176918",Tree Trim,75
"176954",Tree Removal,51
"176969",Tree Removal,51
"176945",Tree Removal,51
"176953",Tree Trim,75
"176987",Tree Removal,51
"176960",Tree Trim,75
"176981",Tree Removal,51
"176970",Tree Trim,75
"176872",Tree Removal,51
"176988",Tree Trim,75
"177025",Tree Trim,75
"177014",Tree Trim,75
"177041",Tree Trim,75
,Tree Removal,12
"177052",Tree Removal,51
"177006",Tree Trim,75
"177045",Tree Removal,51
"176819",Tree Planting,25
"177029",Tree Trim,75
"177061",Tree Trim,75
"177055",Tree Trim,75
"177048",Tree Trim,75
"177036",Tree Trim,75
"177032",Tree Removal,51
"177063",Tree Trim,75
"177053",Tree Removal,51
"177080",Tree Removal,51
"177056",Tree Trim,75
"177095",Tree Removal,51
"177119",Tree Removal,51
"177067",Tree Trim,75
"177104",Tree Trim,75
"177070",Tree Removal,51
"177110",Tree Trim,75
"177108",Tree Trim,75
"177058",Tree Trim,75
,Tree Removal,12
"177083",Tree Removal,51
"177136",Tree Removal,51
"177140",Tree Removal,51
"177128",Tree Trim,75
"177149",Tree Trim,75
"177147",Tree Trim,75
"177148",Tree Trim,75
"178475",Tree Trim,
"177185",Tree Trim,75
"177184",Tree Trim,75
"177150",Tree Trim,75
"177151",Tree Trim,75
"177170",Tree Trim,75
"177159",Tree Removal,51
"177137",Tree Removal,51
"177168",Tree Removal,51
"177160",Tree Trim,75
"177214",Tree Removal,51
"177247",Tree Trim,75
"177255",Tree Removal,51
"177228",Tree Removal,51
"177273",Tree Trim,75
"177258",Tree Removal,51
"177282",Tree Trim,75
"177245",Tree Trim,75
"177298",Tree Stump Grinding,116
"177293",Tree Trim,75
"177249",Tree Removal,51
"177279",Tree Trim,75
"177285",Tree Trim,75
"177313",Tree Trim,75
"177222",Tree Removal,51
"177274",Tree Trim,75
"177263",Tree Removal,51
"177271",Tree Removal,51
"177306",Tree Trim,75
"177332",Tree Trim,75
"177317",Tree Removal,51
"177358",Tree Trim,75
"177337",Tree Removal,51
"177388",Tree Trim,75
"177378",Tree Trim,75
"177390",Tree Trim,75
"177355",Tree Trim,75
"177356",Tree Trim,75
,Tree Trim,75
,Tree Trim,75
"177423",Tree Trim,75
"177338",Tree Removal,51
"177413",Tree Trim,75
"177377",Tree Trim,75
"177375",Tree Trim,75
"177376",Tree Trim,75
"177412",Tree Trim,75
"177440",Tree Trim,75
"177340",Tree Trim,75
"177433",Tree Removal,51
"177426",Tree Removal,51
"177379",Tree Trim,75
"177373",Tree Trim,75
"177442",Tree Removal,51
"177462",Tree Trim,75
"177451",Tree Trim,75
"177450",Tree Removal,51
"177554",Tree Trim,75
"177468",Tree Trim,75
"177499",Tree Trim,75
"177501",Tree Trim,75
"177530",Tree Trim,75
,Tree Trim,
"177539",Tree Trim,75
"177526",Tree Trim,75
"177509",Tree Trim,75
"177500",Tree Trim,75
"177547",Tree Trim,75
"177587",Tree Trim,75
"177443",Tree Trim,75
"177556",Tree Trim,75
"177555",Tree Removal,51
"177597",Tree Trim,75
"177503",Tree Removal,51
"177609",Tree Trim,75
"177595",Tree Removal,51
"177589",Tree Removal,51
"177354",Tree Removal,51
"177680",Tree Removal,51
"177533",Tree Removal,51
"177636",Tree Removal,51
"177642",Tree Trim,75
"177608",Tree Trim,75
"177645",Tree Removal,51
"177644",Tree Trim,75
"177665",Tree Removal,51
"177661",Tree Trim,75
"177518",Tree Removal,51
"177660",Tree Removal,51
"185931",Tree Trim,75
"177671",Tree Removal,51
"177669",Tree Removal,51
"177668",Tree Trim,75
"177666",Tree Removal,51
"177667",Tree Removal,51
"177686",Tree Trim,75
"177696",Tree Trim,75
"177674",Tree Trim,75
"177694",Tree Trim,75
"177695",Tree Trim,75
"177688",Tree Trim,75
"177697",Tree Trim,75
"177702",Tree Removal,51
"177704",Tree Trim,75
"177712",Tree Removal,51
"177698",Tree Removal,51
"177706",Tree Trim,75
"177707",Tree Trim,75
"177713",Tree Trim,75
"177711",Tree Trim,75
,Tree Trim,75
,Tree Trim,
"177717",Tree Removal,51
"177716",Tree Removal,51
"179976",Tree Removal,
"177741",Tree Removal,51
"177748",Tree Removal,51
"177754",Tree Trim,75
"177762",Tree Trim,75
"177746",Tree Trim,75
"177773",Tree Trim,75
"177756",Tree Removal,51
"177800",Tree Trim,75
"177798",Tree Trim,75
"177805",Tree Removal,51
"177824",Tree Trim,75
"177810",Tree Removal,51
"177840",Tree Removal,51
"177818",Tree Removal,51
"177841",Tree Removal,51
"177864",Tree Removal,51
"177859",Tree Trim,75
"177842",Tree Removal,51
"177830",Tree Removal,51
,Tree Trim,75
"177886",Tree Trim,75
"177867",Tree Removal,51
"177888",Tree Removal,51
"177920",Tree Trim,75
"177880",Tree Trim,75
"177956",Tree Removal,51
"177985",Tree Removal,51
"177908",Tree Removal,51
"177972",Tree Removal,51
"177962",Tree Removal,51
"177947",Tree Trim,75
"177963",Tree Trim,75
"177960",Tree Trim,75
"177909",Tree Removal,51
"177915",Tree Removal,51
"178004",Tree Trim,75
"178007",Tree Trim,75
"177883",Tree Trim,75
"177907",Tree Removal,51
"177999",Tree Stump Grinding,116
"177977",Tree Removal,51
"177948",Tree Removal,51
"177957",Tree Stump Grinding,116
,Tree Planting,25
,Tree Removal,
"177994",Tree Removal,51
"177984",Tree Removal,51
"177970",Tree Trim,75
"178006",Tree Removal,51
"178011",Tree Removal,51
"177911",Tree Trim,75
"177921",Tree Trim,75
"178012",Tree Trim,75
"178039",Tree Removal,51
"178010",Tree Removal,51
"177901",Tree Removal,51
"178027",Tree Trim,75
"177983",Tree Trim,75
"178051",Tree Trim,75
"178063",Tree Removal,51
"178062",Tree Trim,75
"178160",Tree Trim,75
"178068",Tree Removal,51
"178008",Tree Removal,51
"178019",Tree Trim,75
"178029",Tree Removal,51
"178072",Tree Removal,51
,Tree Removal,
"178044",Tree Trim,75
"178013",Tree Trim,75
"178038",Tree Removal,51
"177966",Tree Trim,75
"177973",Tree Removal,51
"178069",Tree Trim,75
"178053",Tree Removal,51
"177834",Tree Removal,51
"178031",Tree Trim,75
"178097",Tree Removal,51
"178082",Tree Removal,51
"178057",Tree Removal,51
"178058",Tree Trim,75
"177969",Tree Trim,75
"178059",Tree Removal,51
"178149",Tree Trim,75
"178110",Tree Trim,75
"178099",Tree Removal,51
"178111",Tree Removal,51
"178102",Tree Removal,51
"178115",Tree Removal,51
"178077",Tree Removal,51
,Tree Trim,
"178104",Tree Trim,75
"178101",Tree Removal,51
"178107",Tree Removal,51
"178208",Tree Trim,75
"178106",Tree Trim,75
"178134",Tree Removal,51
"178108",Tree Removal,51
"178086",Tree Trim,75
"178143",Tree Trim,75
"178103",Tree Trim,75
"178088",Tree Trim,75
"178098",Tree Removal,51
"178138",Tree Trim,75
"178089",Tree Removal,51
"178096",Tree Trim,75
"178152",Tree Removal,51
"178234",Tree Trim,75
"178147",Tree Trim,75
"178166",Tree Trim,75
"178145",Tree Trim,75
"178158",Tree Removal,51
"178178",Tree Trim,75
"178189",Tree Removal,51
"178190",Tree Removal,51
"178186",Tree Trim,75
"178175",Tree Trim,75
"178198",Tree Trim,75
"178200",Tree Trim,75
"178169",Tree Trim,75
"178180",Tree Trim,75
"178194",Tree Trim,75
"178206",Tree Trim,75
"178221",Tree Trim,75
"178177",Tree Trim,75
"178214",Tree Trim,75
"178179",Tree Trim,75
"178172",Tree Trim,75
"178165",Tree Stump Grinding,116
"178215",Tree Removal,51
"178197",Tree Trim,75
"178128",Tree Removal,51
"178249",Tree Removal,51
"178246",Tree Trim,75
"178245",Tree Removal,51
"178188",Tree Removal,51
"178279",Tree Trim,75
"178280",Tree Trim,75
"178257",Tree Trim,75
"178263",Tree Trim,75
"178244",Tree Trim,75
"178211",Tree Trim,75
"178258",Tree Removal,51
"178267",Tree Trim,75
"178278",Tree Trim,75
"178269",Tree Removal,51
"178297",Tree Removal,51
"178287",Tree Removal,51
"178309",Tree Trim,75
"178304",Tree Trim,75
"178283",Tree Trim,75
"178274",Tree Trim,75
"178411",Tree Trim,
"178285",Tree Trim,75
"178320",Tree Removal,51
"178323",Tree Trim,75
"178247",Tree Trim,75
"178334",Tree Removal,51
"178319",Tree Removal,51
"178422",Tree Trim,
"178289",Tree Trim,75
"178342",Tree Trim,75
,Tree Trim,
,Tree Code Violation,
,Tree Removal,
,Tree Removal,
,Tree Removal,
"178356",Tree Trim,
"178351",Tree Trim,
"178364",Tree Removal,
"178355",Tree Removal,
"178354",Tree Trim,
"178346",Tree Trim,75
"178370",Tree Removal,
"178399",Tree Trim,
"178380",Tree Trim,
"178388",Tree Trim,
"178402",Tree Trim,
"178408",Tree Trim,
"178416",Tree Trim,
"183754",Tree Trim,75
"178348",Tree Trim,
"178438",Tree Removal,
"178350",Tree Trim,
"178403",Tree Removal,
"178429",Tree Trim,
"178415",Tree Trim,
,Tree Trim,
,Tree Trim,
"178410",Tree Removal,
"178421",Tree Trim,
"178420",Tree Trim,
"178407",Tree Trim,6
"178449",Tree Removal,
"178452",Tree Trim,
"178447",Tree Trim,
"178376",Tree Trim,
"178446",Tree Removal,
"178219",Tree Trim,75
"178433",Tree Trim,
"178443",Tree Trim,
"178535",Tree Trim,
"178440",Tree Removal,
"178379",Tree Trim,
"178456",Tree Trim,75
"178444",Tree Removal,
"178425",Tree Trim,
"178445",Tree Trim,
"178471",Tree Trim,
"178453",Tree Trim,
"178466",Tree Trim,75
"178481",Tree Removal,
"178437",Tree Trim,
"178442",Tree Trim,
"178468",Tree Removal,
"178454",Tree Trim,
"178497",Tree Trim,
"178492",Tree Trim,
"178499",Tree Trim,
"178490",Tree Removal,
"178505",Tree Trim,
"178502",Tree Trim,
"178419",Tree Trim,
"178476",Tree Trim,
"178510",Tree Trim,
"178500",Tree Trim,75
"178451",Tree Trim,75
"178467",Tree Trim,
"178353",Tree Trim,
"178536",Tree Trim,
"178514",Tree Removal,
"178405",Tree Trim,
"178525",Tree Trim,
"178448",Tree Removal,
"178506",Tree Trim,
"178529",Tree Trim,
"178546",Tree Trim,
"178564",Tree Removal,
"178511",Tree Removal,
"178553",Tree Trim,
"178550",Tree Trim,
"178513",Tree Trim,
"178565",Tree Trim,
"178542",Tree Trim,
"178470",Tree Trim,
"178552",Tree Trim,
"178526",Tree Trim,
"178540",Tree Trim,
"178571",Tree Trim,
"178545",Tree Removal,
"178592",Tree Removal,
"178610",Tree Removal,
"178577",Tree Removal,
"178482",Tree Trim,75
"178566",Tree Trim,
"178519",Tree Trim,
"178611",Tree Trim,
"178568",Tree Trim,
"178484",Tree Trim,
"178799",Tree Removal,
,Tree Removal,
"178583",Tree Removal,
"178620",Tree Trim,
"178748",Tree Trim,
"178512",Tree Trim,75
"178665",Tree Removal,
"178572",Tree Trim,
"178625",Tree Trim,
"178653",Tree Trim,
"178657",Tree Removal,
"178647",Tree Trim,
"178651",Tree Trim,75
"178660",Tree Removal,
"178494",Tree Trim,
"178711",Tree Removal,
"178646",Tree Trim,
"178703",Tree Removal,
"178699",Tree Trim,
"178705",Tree Trim,
"178579",Tree Removal,
"178706",Tree Removal,
"178700",Tree Trim,
"178609",Tree Trim,75
"178724",Tree Removal,
,Tree Trim,
"178975",Tree Removal,
"178666",Tree Trim,
"178561",Tree Trim,75
"177670",Tree Removal,51
"178730",Tree Removal,
"178681",Tree Trim,
"178715",Tree Removal,
"178567",Tree Trim,
"178708",Tree Trim,
"178638",Tree Removal,-8
"178668",Tree Trim,
"178977",Tree Removal,51
"178626",Tree Removal,
"178629",Tree Trim,
"178709",Tree Trim,
"178673",Tree Removal,-6
"178740",Tree Trim,
"178733",Tree Trim,
"178697",Tree Trim,
"178694",Tree Removal,
"178763",Tree Removal,
"178644",Tree Trim,
"178762",Tree Removal,
"178767",Tree Trim,
"178648",Tree Removal,
"178621",Tree Trim,
"178597",Tree Trim,
"178682",Tree Trim,75
"178717",Tree Trim,
"178658",Tree Trim,
"178753",Tree Trim,
"178750",Tree Trim,
"178720",Tree Trim,
"178732",Tree Trim,
"178521",Tree Trim,
"178731",Tree Removal,
"178663",Tree Trim,
"178727",Tree Removal,
"178785",Tree Removal,-1
"178702",Tree Trim,
"178790",Tree Removal,
"178667",Tree Trim,75
"178680",Tree Removal,
"178788",Tree Removal,
"178742",Tree Removal,
"178685",Tree Removal,
"178805",Tree Trim,23
"178701",Tree Removal,
"178784",Tree Removal,
"178619",Tree Removal,
"178689",Tree Trim,
"178728",Tree Trim,
"178652",Tree Trim,
"178751",Tree Removal,
"178696",Tree Trim,
"178628",Tree Trim,
"178786",Tree Removal,
"178770",Tree Trim,
"178778",Tree Trim,
"178756",Tree Removal,
"178793",Tree Trim,
"178741",Tree Trim,
"178758",Tree Trim,
"178746",Tree Removal,
"178806",Tree Removal,
"178747",Tree Trim,
"178804",Tree Trim,
"178739",Tree Removal,
"178843",Tree Removal,
"178801",Tree Trim,
"178861",Tree Trim,
"178744",Tree Trim,
,Tree Trim,
"178852",Tree Removal,
"178826",Tree Removal,
"178841",Tree Removal,
"178775",Tree Trim,
"178867",Tree Removal,
"178844",Tree Removal,
"178726",Tree Removal,
"178878",Tree Removal,
"178903",Tree Trim,75
"178899",Tree Trim,
"178891",Tree Trim,
"178892",Tree Trim,
"178866",Tree Trim,
"178893",Tree Trim,75
"178781",Tree Removal,
"178768",Tree Removal,
"178840",Tree Trim,
"178716",Tree Removal,
"178877",Tree Trim,
"178837",Tree Removal,
"178925",Tree Trim,
"178779",Tree Trim,
"178895",Tree Stump Grinding,69
"178922",Tree Removal,
"178848",Tree Trim,
"178803",Tree Trim,
"178851",Tree Trim,
"178849",Tree Trim,
"178920",Tree Removal,
"178857",Tree Removal,
"178939",Tree Trim,
"178908",Tree Trim,
"178865",Tree Trim,
"178858",Tree Trim,
"178943",Tree Removal,51
"178871",Tree Trim,27
"178940",Tree Trim,
"178921",Tree Trim,
"178769",Tree Removal,51
"178906",Tree Trim,
"178777",Tree Removal,
"178910",Tree Removal,
"178911",Tree Trim,75
"178936",Tree Trim,
"178868",Tree Trim,
"178966",Tree Trim,
"178959",Tree Trim,
"178934",Tree Removal,
"178951",Tree Trim,
"178875",Tree Trim,
"178937",Tree Trim,
"178987",Tree Removal,
"178847",Tree Removal,
"178945",Tree Trim,
"178813",Tree Removal,
"178914",Tree Removal,
"178930",Tree Removal,
"178993",Tree Removal,
"178997",Tree Trim,
"179003",Tree Trim,
"178976",Tree Removal,
"179034",Tree Removal,
"179014",Tree Removal,
"178985",Tree Trim,
"179007",Tree Trim,
"178822",Tree Trim,
"179009",Tree Trim,
"178982",Tree Trim,
"179022",Tree Removal,
"179010",Tree Trim,
"178990",Tree Removal,
"179018",Tree Trim,
"178988",Tree Trim,
"179057",Tree Removal,
"178980",Tree Removal,
"178991",Tree Trim,31
"178915",Tree Trim,
"179020",Tree Removal,
"178992",Tree Removal,
"179086",Tree Removal,
"179044",Tree Removal,
"179033",Tree Trim,
"179011",Tree Trim,
"178981",Tree Removal,
"179037",Tree Trim,
"179019",Tree Trim,
"179056",Tree Trim,
"179063",Tree Trim,
"179013",Tree Trim,75
"179096",Tree Removal,
"178894",Tree Trim,
"179102",Tree Trim,36
"179073",Tree Trim,
"179099",Tree Removal,
"179106",Tree Removal,
,Tree Trim,75
"178983",Tree Trim,
"179015",Tree Trim,
"179100",Tree Removal,
"179059",Tree Trim,
"179023",Tree Trim,75
"179119",Tree Trim,36
"179041",Tree Trim,
"178963",Tree Trim,
"179050",Tree Trim,33
"179112",Tree Removal,
"179144",Tree Removal,51
"179036",Tree Trim,32
"179121",Tree Trim,
"179047",Tree Trim,
"179046",Tree Trim,
"179147",Tree Removal,
"179155",Tree Removal,
"179146",Tree Removal,12
"179045",Tree Stump Grinding,
"179118",Tree Removal,
"179029",Tree Trim,
"179087",Tree Removal,
"179151",Tree Trim,
,Tree Removal,
"179111",Tree Trim,
"179170",Tree Removal,
"179093",Tree Trim,
"179162",Tree Removal,
"179120",Tree Trim,36
"179179",Tree Removal,
"179141",Tree Trim,
"179159",Tree Trim,75
"179133",Tree Stump Grinding,
"179108",Tree Trim,
"179090",Tree Removal,
"179208",Tree Removal,
"179202",Tree Trim,75
"179188",Tree Removal,
"179204",Tree Trim,
"179098",Tree Trim,
"179193",Tree Removal,
"179161",Tree Trim,
"179189",Tree Removal,51
"179201",Tree Removal,
"179070",Tree Trim,
"179219",Tree Removal,
"179024",Tree Removal,
"179184",Tree Removal,
"179172",Tree Trim,
"179167",Tree Removal,51
"179476",Tree Trim,75
"179215",Tree Removal,
"179182",Tree Trim,
"179088",Tree Trim,
"179158",Tree Trim,
"179216",Tree Removal,
"179181",Tree Removal,
"179030",Tree Trim,
"179004",Tree Removal,
"179249",Tree Removal,
"179226",Tree Trim,
"179064",Tree Trim,
"179217",Tree Removal,
"179058",Tree Trim,75
"179060",Tree Trim,
"179175",Tree Removal,
"179271",Tree Trim,
"179234",Tree Trim,
"179242",Tree Trim,
"179125",Tree Trim,
"179237",Tree Trim,
"179048",Tree Trim,
"179223",Tree Trim,
"179209",Tree Removal,
"179195",Tree Removal,
"179139",Tree Trim,
"179241",Tree Trim,
"179145",Tree Trim,
"179253",Tree Removal,51
"179190",Tree Trim,
"179229",Tree Trim,38
"179263",Tree Trim,75
"179262",Tree Trim,75
"179302",Tree Trim,
"179312",Tree Removal,
"179308",Tree Trim,
"179163",Tree Trim,
"179310",Tree Trim,
"179295",Tree Trim,
"179301",Tree Trim,
"179230",Tree Trim,38
"179231",Tree Trim,38
"179319",Tree Removal,
"179233",Tree Trim,38
"179264",Tree Trim,
"179077",Tree Removal,
"179114",Tree Trim,
"179186",Tree Trim,
"179278",Tree Trim,
"179261",Tree Trim,
"179270",Tree Trim,
"179335",Tree Trim,
"179345",Tree Removal,
"179040",Tree Removal,
"179350",Tree Trim,
"179072",Tree Trim,35
"179300",Tree Trim,
"179080",Tree Trim,
"179349",Tree Trim,
"179224",Tree Removal,
"179309",Tree Trim,
"179035",Tree Trim,
"179317",Tree Stump Grinding,
"179191",Tree Removal,
"179265",Tree Trim,75
"179400",Tree Removal,51
"179355",Tree Trim,
"179166",Tree Trim,
"179164",Tree Trim,
,Tree Removal,
"179239",Tree Removal,
"179289",Tree Removal,
"179386",Tree Trim,75
"179391",Tree Trim,43
"179269",Tree Trim,
"179353",Tree Trim,
"179132",Tree Trim,
"179354",Tree Trim,
"179379",Tree Trim,
"179196",Tree Trim,
"179149",Tree Trim,75
"179232",Tree Trim,
"179366",Tree Trim,
"179135",Tree Trim,
"179203",Tree Removal,
"179314",Tree Removal,
"179334",Tree Trim,
"179266",Tree Trim,75
"179378",Tree Trim,
"179282",Tree Removal,
"179388",Tree Trim,
"179286",Tree Trim,75
"179371",Tree Trim,
"179352",Tree Trim,
"179200",Tree Trim,
"179412",Tree Trim,43
"179227",Tree Trim,75
"179360",Tree Trim,
"179296",Tree Removal,
"179320",Tree Removal,
"179450",Tree Removal,
"179168",Tree Trim,
"179405",Tree Removal,
"179344",Tree Trim,
"179174",Tree Trim,
"179399",Tree Trim,
"179444",Tree Trim,
"179240",Tree Trim,
"179398",Tree Removal,
"179252",Tree Removal,
"179403",Tree Trim,43
"179441",Tree Trim,
"179435",Tree Trim,
"179469",Tree Removal,
"179432",Tree Removal,
"179275",Tree Trim,
"179235",Tree Trim,
"179428",Tree Removal,
"179176",Tree Trim,
"179268",Tree Removal,
"179079",Tree Trim,
"179431",Tree Trim,
"179343",Tree Removal,
"179417",Tree Trim,
"179447",Tree Removal,
"179322",Tree Trim,
"179434",Tree Trim,
"179348",Tree Trim,
"179440",Tree Removal,
"179358",Tree Removal,
"179393",Tree Trim,
"179415",Tree Trim,
"179367",Tree Trim,
"179362",Tree Trim,
"179506",Tree Trim,
"179336",Tree Removal,51
"179496",Tree Removal,
"179464",Tree Removal,
"179480",Tree Removal,
"179247",Tree Removal,
"179303",Tree Removal,
"179206",Tree Trim,
,Tree Trim,
"179372",Tree Trim,
"179545",Tree Trim,
"179330",Tree Trim,
"179380",Tree Removal,
"179579",Tree Removal,51
"179281",Tree Removal,
"179553",Tree Trim,46
"179285",Tree Removal,
"179578",Tree Trim,
"179557",Tree Removal,
"179570",Tree Removal,
"179559",Tree Trim,
"179549",Tree Trim,
"179478",Tree Trim,
"179631",Tree Removal,
"179404",Tree Trim,43
"179397",Tree Trim,
"179294",Tree Trim,39
"179492",Tree Removal,
"179329",Tree Trim,
"179513",Tree Trim,
"179465",Tree Trim,
"179439",Tree Trim,
"179575",Tree Trim,
"179599",Tree Trim,
"179311",Tree Trim,
"179225",Tree Trim,
"179595",Tree Removal,
"179592",Tree Removal,
"179436",Tree Trim,44
"179572",Tree Removal,
"179560",Tree Trim,75
"179481",Tree Removal,51
"179547",Tree Removal,
"179639",Tree Removal,
"179667",Tree Trim,
"179488",Tree Trim,
"179419",Tree Trim,
"179484",Tree Trim,
"179696",Tree Removal,
"179659",Tree Removal,
"179437",Tree Stump Grinding,85
"179591",Tree Trim,
"179551",Tree Removal,
"179548",Tree Trim,
"179390",Tree Removal,
"179472",Tree Trim,75
"179338",Tree Removal,
"179670",Tree Removal,
"179597",Tree Trim,
"179449",Tree Removal,
"179648",Tree Trim,
"179608",Tree Trim,
"179565",Tree Trim,
"179661",Tree Trim,
"179418",Tree Trim,43
"179509",Tree Trim,
"179719",Tree Removal,51
"179716",Tree Removal,
"179690",Tree Removal,27
"179688",Tree Removal,
"179712",Tree Removal,
"179550",Tree Trim,
"179757",Tree Removal,51
"179682",Tree Trim,75
"179703",Tree Removal,
"179604",Tree Trim,
"179782",Tree Removal,
"179783",Tree Removal,
"179467",Tree Trim,
"179775",Tree Removal,
"179473",Tree Stump Grinding,
"179737",Tree Trim,
"179571",Tree Trim,47
"179784",Tree Removal,
"179382",Tree Trim,
"179613",Tree Trim,
"179499",Tree Removal,
"179637",Tree Trim,
"179588",Tree Removal,
"179567",Tree Trim,
"179628",Tree Trim,
"179456",Tree Removal,
"179748",Tree Removal,
"179636",Tree Removal,
"179704",Tree Removal,
"179459",Tree Trim,
"179669",Tree Removal,
"179714",Tree Removal,
"179694",Tree Trim,52
"179830",Tree Removal,
"179798",Tree Trim,
"179834",Tree Removal,51
"179736",Tree Trim,
"179802",Tree Trim,
,Tree Trim,
,Tree Trim,
"179537",Tree Trim,
"179699",Tree Trim,52
"179700",Tree Trim,52
"179697",Tree Removal,
"179401",Tree Removal,
"179479",Tree Trim,
"179508",Tree Trim,
"179804",Tree Removal,
"179451",Tree Trim,
"179339",Tree Removal,51
"179708",Tree Trim,
"179761",Tree Removal,
"179658",Tree Trim,
"179790",Tree Trim,75
"179702",Tree Trim,
"179743",Tree Removal,
"179733",Tree Trim,
"179795",Tree Removal,
"179799",Tree Removal,
"179516",Tree Trim,
"179794",Tree Removal,
"179477",Tree Trim,
,Tree Removal,
,Tree Removal,
"179518",Tree Trim,
"179616",Tree Removal,
"179724",Tree Trim,
"179529",Tree Trim,
"179745",Tree Trim,
"179789",Tree Trim,
"179656",Tree Removal,
"179580",Tree Stump Grinding,
"179663",Tree Trim,
"179826",Tree Trim,
"179827",Tree Trim,
"179511",Tree Trim,
"179791",Tree Trim,
"179750",Tree Trim,
"179884",Tree Trim,
"179760",Tree Trim,75
"179675",Tree Removal,
"179829",Tree Trim,75
"179871",Tree Trim,
"179835",Tree Removal,
"179949",Tree Removal,
"179823",Tree Trim,
,Tree Trim,
,Tree Removal,
,Tree Removal,
,Tree Removal,
"179869",Tree Removal,
"179633",Tree Removal,
"179801",Tree Trim,
"179932",Tree Removal,
"179886",Tree Removal,
"179819",Tree Removal,
"179585",Tree Trim,
"179935",Tree Removal,
"179706",Tree Removal,
"179522",Tree Trim,
"179521",Tree Trim,
"179520",Tree Trim,
"179664",Tree Removal,
"179848",Tree Trim,
"179519",Tree Trim,
"179517",Tree Trim,
"179808",Tree Trim,75
"179965",Tree Trim,
"179755",Tree Removal,
"179862",Tree Trim,
"179740",Tree Trim,
,Tree Trim,
"179807",Tree Removal,
"179606",Tree Trim,
"179711",Tree Removal,
"179721",Tree Trim,
"179685",Tree Trim,51
"179952",Tree Trim,75
"179680",Tree Trim,
"179872",Tree Trim,
"179523",Tree Removal,
"179831",Tree Trim,
"179987",Tree Trim,
"180019",Tree Trim,
"179972",Tree Trim,
"179955",Tree Trim,
"179873",Tree Removal,
"180003",Tree Removal,
"179928",Tree Trim,
"179944",Tree Trim,
"180037",Tree Trim,
"179507",Tree Trim,
"179766",Tree Trim,
"180026",Tree Trim,
"179662",Tree Removal,
"179954",Tree Code Violation,
"180023",Tree Trim,
"180120",Tree Removal,
"180027",Tree Trim,
"179999",Tree Trim,
"179723",Tree Trim,
"179973",Tree Trim,
"179514",Tree Trim,
"179527",Tree Trim,
"180126",Tree Trim,
"180036",Tree Trim,
"179934",Tree Removal,
"180100",Tree Trim,
"179787",Tree Removal,51
"179959",Tree Trim,75
"180141",Tree Removal,51
"179962",Tree Trim,
"180002",Tree Trim,
"180109",Tree Trim,64
"179971",Tree Removal,
"179977",Tree Trim,75
"180152",Tree Removal,
"180108",Tree Trim,
"179707",Tree Trim,
,Tree Trim,
"180000",Tree Trim,
"179991",Tree Trim,
"180134",Tree Removal,
"180149",Tree Removal,
"180169",Tree Removal,
"180159",Tree Trim,
"179924",Tree Trim,
"180165",Tree Removal,
"179811",Tree Removal,
"179852",Tree Trim,
"180186",Tree Trim,
"179995",Tree Trim,75
"179841",Tree Trim,
"180206",Tree Removal,41
"179844",Tree Trim,57
"180139",Tree Trim,
"179946",Tree Trim,75
"180190",Tree Trim,
"179922",Tree Trim,
"179993",Tree Trim,59
"180158",Tree Removal,
"179986",Tree Trim,
"180188",Tree Removal,
"180223",Tree Trim,66
"179764",Tree Removal,
"179956",Tree Trim,
"179974",Tree Trim,
"179814",Tree Removal,
"180227",Tree Removal,
"180153",Tree Trim,
"180006",Tree Trim,
"180194",Tree Trim,
"179929",Tree Trim,75
"180246",Tree Removal,
"180187",Tree Trim,
"180214",Tree Trim,
"178520",Tree Removal,
"179837",Tree Removal,
"180035",Tree Trim,
"180045",Tree Trim,
"180260",Tree Trim,
"180137",Tree Removal,
"180111",Tree Trim,
"180123",Tree Trim,
"179950",Tree Trim,58
"180047",Tree Trim,
"180289",Tree Removal,
"180306",Tree Removal,
"180040",Tree Removal,
"180299",Tree Removal,
"180230",Tree Removal,
"180267",Tree Trim,
"180161",Tree Trim,
"180314",Tree Removal,
"180305",Tree Trim,
"180296",Tree Trim,
"180278",Tree Removal,
"180265",Tree Trim,
"180163",Tree Trim,75
"180312",Tree Trim,70
"180300",Tree Trim,
"180119",Tree Trim,
"180303",Tree Removal,
"180216",Tree Removal,
"180287",Tree Trim,
"180215",Tree Trim,
"180034",Tree Trim,
"180038",Tree Removal,
"180336",Tree Trim,
"180247",Tree Trim,
"179941",Tree Trim,
"180056",Tree Trim,
"180294",Tree Trim,
"179865",Tree Removal,
"180055",Tree Trim,
"180335",Tree Removal,
"180328",Tree Trim,
"180156",Tree Removal,
"180310",Tree Removal,
"179968",Tree Trim,
"180318",Tree Removal,
"180199",Tree Trim,
"180325",Tree Trim,
"180291",Tree Trim,
"180322",Tree Removal,
"180162",Tree Trim,
"180297",Tree Trim,
"180257",Tree Trim,
"179709",Tree Trim,
"180025",Tree Trim,
"180272",Tree Trim,
"180232",Tree Trim,
"180140",Tree Removal,
"180147",Tree Removal,
"180166",Tree Removal,
"180364",Tree Trim,
,Tree Trim,
"180377",Tree Removal,
"180398",Tree Trim,75
"180338",Tree Removal,
"180058",Tree Trim,
"179914",Tree Trim,75
"180403",Tree Trim,
"180394",Tree Trim,
"180266",Tree Trim,75
"180249",Tree Trim,
"180436",Tree Removal,
"180405",Tree Trim,75
"180430",Tree Trim,73
"180413",Tree Trim,
"180340",Tree Removal,51
"180410",Tree Trim,
"180462",Tree Removal,51
"179997",Tree Trim,59
"180292",Tree Trim,75
"180466",Tree Trim,75
"180222",Tree Trim,75
"180010",Tree Removal,51
"180400",Tree Trim,72
"180395",Tree Trim,75
,Tree Trim,
,Tree Removal,
"180193",Tree Removal,51
"180191",Tree Trim,75
"180181",Tree Trim,75
"180420",Tree Trim,75
"180130",Tree Trim,75
"179927",Tree Trim,75
"179774",Tree Trim,75
"180457",Tree Removal,51
"180416",Tree Trim,72
"180196",Tree Trim,75
"180264",Tree Trim,75
"180487",Tree Trim,75
"180127",Tree Trim,75
"180425",Tree Trim,75
"180121",Tree Trim,75
"180283",Tree Removal,51
"180478",Tree Removal,51
"180376",Tree Trim,75
"180029",Tree Trim,75
"180412",Tree Trim,75
"180160",Tree Removal,51
,Tree Trim,
,Tree Trim,
,Tree Trim,
,Tree Trim,
"180443",Tree Removal,49
"180504",Tree Stump Grinding,116
"180468",Tree Trim,75
"180381",Tree Trim,75
"180254",Tree Removal,51
"180488",Tree Removal,51
"180220",Tree Trim,75
"180411",Tree Trim,75
"180380",Tree Trim,75
"180327",Tree Trim,75
"180369",Tree Trim,75
"180057",Tree Trim,75
"180274",Tree Removal,51
"180389",Tree Trim,75
"180415",Tree Removal,51
"180352",Tree Trim,75
"180476",Tree Trim,75
"180516",Tree Removal,51
"180517",Tree Trim,75
"180182",Tree Trim,75
,Tree Removal,
"180501",Tree Trim,75
"180354",Tree Trim,75
"180530",Tree Trim,75
"180485",Tree Removal,51
"180375",Tree Trim,75
"180537",Tree Removal,51
"180452",Tree Removal,49
"180540",Tree Trim,75
"180539",Tree Trim,75
"180281",Tree Removal,43
"180396",Tree Trim,75
"180391",Tree Trim,75
"180197",Tree Trim,75
"180486",Tree Removal,51
"180039",Tree Removal,51
"180558",Tree Trim,75
"180277",Tree Trim,75
"180390",Tree Trim,75
"180526",Tree Trim,75
"180451",Tree Trim,75
"180506",Tree Trim,75
"180269",Tree Trim,75
,Tree Removal,
,Tree Trim,
,Tree Removal,
,Tree Removal,
,Tree Removal,
,Tree Removal,51
,Tree Trim,
"180544",Tree Removal,51
"180566",Tree Removal,51
"180523",Tree Stump Grinding,116
"180581",Tree Trim,75
"180489",Tree Removal,51
"180345",Tree Trim,75
"180554",Tree Trim,75
"180387",Tree Removal,51
"180463",Tree Removal,51
"180548",Tree Trim,75
"180549",Tree Trim,75
"180511",Tree Trim,75
"180424",Tree Removal,51
"180586",Tree Trim,75
"180356",Tree Removal,51
"180343",Tree Trim,75
"180605",Tree Trim,75
,Tree Trim,
"180942",Tree Removal,51
"180934",Tree Trim,75
"180528",Tree Removal,51
"180388",Tree Removal,51
"180601",Tree Removal,51
"180542",Tree Trim,75
"180532",Tree Trim,75
"180495",Tree Removal,51
"180497",Tree Trim,75
"180943",Tree Trim,75
"180583",Tree Trim,75
"180597",Tree Removal,51
"180574",Tree Trim,75
"180592",Tree Trim,75
"180952",Tree Removal,51
"180972",Tree Removal,51
"180982",Tree Trim,75
"180960",Tree Trim,75
"180970",Tree Trim,75
"180966",Tree Trim,75
"180977",Tree Removal,51
"180962",Tree Removal,51
"180568",Tree Trim,75
,Tree Removal,
,Tree Trim,75
,Tree Removal,
"180596",Tree Trim,75
"180573",Tree Removal,51
"180591",Tree Trim,75
"180536",Tree Trim,75
"180987",Tree Removal,51
"180261",Tree Trim,75
"180048",Tree Trim,75
"180366",Tree Trim,75
"180946",Tree Trim,75
"180499",Tree Trim,75
"180446",Tree Trim,75
"180498",Tree Trim,75
"180477",Tree Trim,75
"180136",Tree Trim,75
"180579",Tree Trim,75
"180500",Tree Trim,75
"180595",Tree Removal,51
"180611",Tree Trim,75
"180534",Tree Trim,75
"180950",Tree Trim,75
"181024",Tree Removal,51
"180449",Tree Removal,51
"180986",Tree Trim,75
"180969",Tree Trim,75
"180368",Tree Trim,75
"180576",Tree Trim,75
"180941",Tree Trim,75
"180935",Tree Removal,51
"180925",Tree Trim,75
"180983",Tree Trim,75
"181007",Tree Trim,75
"180990",Tree Removal,51
"181038",Tree Removal,51
"180460",Tree Trim,75
"180974",Tree Removal,51
"180533",Tree Trim,75
"181025",Tree Trim,75
"181037",Tree Stump Grinding,116
"181062",Tree Trim,75
"180919",Tree Trim,75
"181046",Tree Trim,75
"181000",Tree Removal,51
"181021",Tree Removal,51
"181035",Tree Trim,75
"181045",Tree Trim,75
"180600",Tree Trim,75
"181055",Tree Trim,75
"180980",Tree Trim,75
"180963",Tree Trim,75
"181041",Tree Removal,51
"180572",Tree Stump Grinding,116
"181042",Tree Removal,51
"180315",Tree Trim,75
"181034",Tree Removal,51
"180975",Tree Trim,75
"180988",Tree Trim,75
"181019",Tree Trim,75
"181092",Tree Trim,75
"181047",Tree Removal,51
"181053",Tree Trim,75
"181099",Tree Removal,51
"181126",Tree Removal,51
"180610",Tree Trim,75
"180514",Tree Removal,51
"181051",Tree Trim,75
"180584",Tree Trim,75
"181095",Tree Removal,51
"180604",Tree Removal,51
"181111",Tree Trim,75
,Tree Removal,
,Tree Trim,
,Tree Removal,
"181102",Tree Trim,75
"181098",Tree Trim,75
"181002",Tree Trim,75
"181058",Tree Trim,75
"181077",Tree Trim,75
"181142",Tree Removal,51
"181179",Tree Trim,75
"181027",Tree Trim,75
"181093",Tree Trim,75
"181160",Tree Removal,51
"181123",Tree Trim,75
"181181",Tree Removal,51
"181028",Tree Trim,75
"180562",Tree Removal,51
"181018",Tree Trim,75
"181089",Tree Trim,75
"181121",Tree Trim,75
"180993",Tree Trim,75
"181216",Tree Trim,75
"181201",Tree Trim,75
"181022",Tree Trim,75
,Tree Trim,
"181198",Tree Removal,51
"181170",Tree Trim,75
"181194",Tree Removal,51
"181185",Tree Removal,51
"181199",Tree Trim,75
"181104",Tree Trim,75
"181109",Tree Removal,51
"181233",Tree Removal,51
"181138",Tree Trim,75
"181192",Tree Trim,75
"181240",Tree Trim,75
"181231",Tree Removal,51
"180527",Tree Removal,51
"181241",Tree Removal,51
"181172",Tree Removal,51
"180965",Tree Trim,75
"180933",Tree Trim,75
"181043",Tree Trim,75
"180985",Tree Trim,75
"181262",Tree Removal,51
"181236",Tree Removal,51
"180981",Tree Removal,51
"180961",Tree Trim,75
"178493",Tree Trim,
"181174",Tree Removal,51
"181264",Tree Trim,75
"181242",Tree Removal,51
"181167",Tree Trim,75
"180994",Tree Trim,75
"181208",Tree Trim,75
"181281",Tree Trim,75
"180550",Tree Trim,75
"181135",Tree Removal,51
"181252",Tree Removal,51
"181124",Tree Trim,75
"181265",Tree Removal,51
"181183",Tree Trim,75
"181267",Tree Removal,51
"181210",Tree Removal,51
"181085",Tree Trim,75
"181088",Tree Removal,51
"181319",Tree Trim,75
"181188",Tree Trim,75
"181238",Tree Removal,51
"181116",Tree Removal,51
"181214",Tree Removal,51
"181224",Tree Trim,75
,Tree Trim,
,Tree Trim,
"181023",Tree Trim,75
"181190",Tree Trim,75
"181329",Tree Removal,51
"181152",Tree Trim,75
"181159",Tree Trim,75
"181306",Tree Trim,75
"181196",Tree Removal,51
"181307",Tree Removal,51
"181310",Tree Removal,51
"181343",Tree Removal,51
"181330",Tree Trim,75
"181056",Tree Trim,75
"180999",Tree Trim,75
"181052",Tree Trim,75
"181178",Tree Trim,75
"181193",Tree Trim,75
"181182",Tree Trim,75
"181044",Tree Removal,51
"181113",Tree Removal,51
"181335",Tree Removal,51
"181388",Tree Removal,51
"181251",Tree Trim,75
,Tree Removal,
,Tree Removal,
"181384",Tree Removal,51
"181266",Tree Trim,75
"181387",Tree Removal,51
"181299",Tree Trim,75
"181275",Tree Trim,75
"181321",Tree Trim,75
"181369",Tree Trim,75
"181285",Tree Trim,75
"181184",Tree Trim,75
"181373",Tree Trim,75
"181312",Tree Trim,75
"181413",Tree Trim,75
"181412",Tree Trim,75
"181411",Tree Trim,75
"181454",Tree Trim,75
"181452",Tree Removal,51
"181365",Tree Trim,75
"181434",Tree Removal,51
"181270",Tree Trim,75
"181399",Tree Removal,51
"181227",Tree Trim,75
"181279",Tree Trim,75
,Tree Trim,
,Tree Removal,
"181403",Tree Trim,75
"181272",Tree Trim,75
"181405",Tree Removal,51
"181419",Tree Trim,75
"181417",Tree Removal,51
"181407",Tree Trim,75
"181437",Tree Trim,75
"181421",Tree Trim,75
"181394",Tree Trim,75
"181427",Tree Trim,75
"181423",Tree Removal,51
"181397",Tree Trim,75
"181326",Tree Removal,51
"181315",Tree Trim,75
"181489",Tree Trim,75
"180998",Tree Trim,75
"181438",Tree Trim,75
"180995",Tree Trim,75
"181414",Tree Trim,75
"181364",Tree Trim,75
"181409",Tree Trim,75
"181287",Tree Trim,75
"181401",Tree Removal,51
"181432",Tree Trim,75
"181040",Tree Trim,75
"181445",Tree Trim,75
"181433",Tree Trim,75
"181509",Tree Trim,75
"181400",Tree Removal,51
"181382",Tree Trim,75
"181355",Tree Trim,75
"181535",Tree Trim,75
"181398",Tree Trim,75
"181483",Tree Removal,51
"181550",Tree Removal,51
"181566",Tree Trim,75
"181359",Tree Trim,75
"181333",Tree Trim,75
"181523",Tree Trim,75
"181339",Tree Trim,75
"181342",Tree Removal,51
"181337",Tree Trim,75
"181260",Tree Removal,51
"181168",Tree Removal,51
"181336",Tree Trim,75
"181522",Tree Trim,75
,Tree Removal,51
"181565",Tree Removal,51
"181521",Tree Trim,75
"181575",Tree Trim,75
"181502",Tree Trim,75
"181340",Tree Trim,75
"181318",Tree Removal,51
"181317",Tree Trim,75
"181514",Tree Removal,51
"181572",Tree Trim,75
"181532",Tree Trim,75
"181478",Tree Trim,75
"181447",Tree Trim,75
"181371",Tree Trim,75
"181235",Tree Trim,75
"181569",Tree Trim,75
"181576",Tree Removal,51
"181368",Tree Trim,75
"181426",Tree Trim,75
"181635",Tree Removal,51
"181464",Tree Removal,51
"181639",Tree Removal,51
"181429",Tree Trim,75
"181406",Tree Trim,75
"181420",Tree Removal,51
"181422",Tree Removal,51
"181475",Tree Trim,75
"181253",Tree Removal,51
"181643",Tree Trim,75
"181557",Tree Trim,75
"181166",Tree Trim,75
"181424",Tree Removal,51
"181453",Tree Trim,75
"181587",Tree Trim,75
"181568",Tree Stump Grinding,116
"181581",Tree Trim,75
"181548",Tree Removal,51
"181625",Tree Removal,51
"181261",Tree Removal,51
"181258",Tree Trim,75
"181628",Tree Trim,75
"181544",Tree Removal,51
"181681",Tree Trim,75
"181552",Tree Trim,75
"181547",Tree Trim,75
"181203",Tree Trim,75
"181626",Tree Trim,75
"181616",Tree Trim,75
,Tree Trim,75
,Tree Trim,75
,Tree Removal,51
"181701",Tree Removal,51
"181698",Tree Removal,51
"181684",Tree Removal,51
"181688",Tree Trim,75
"181591",Tree Trim,75
"181580",Tree Removal,51
"181517",Tree Trim,75
"181633",Tree Trim,75
"181531",Tree Trim,75
"181524",Tree Trim,75
"181804",Tree Trim,75
"181724",Tree Trim,75
"181536",Tree Trim,75
"181554",Tree Trim,75
"181511",Tree Removal,51
"181658",Tree Trim,75
"181617",Tree Trim,75
"181732",Tree Trim,75
"181668",Tree Trim,75
"181488",Tree Removal,51
"181620",Tree Removal,51
,Tree Removal,51
"181619",Tree Trim,75
"181667",Tree Trim,75
"181600",Tree Trim,75
"181482",Tree Removal,51
"181596",Tree Trim,75
"181715",Tree Trim,75
"183233",Tree Trim,75
"181709",Tree Trim,75
"181705",Tree Trim,75
"181570",Tree Removal,51
"181486",Tree Removal,51
"181769",Tree Removal,51
"181763",Tree Trim,75
"181534",Tree Removal,51
"181344",Tree Removal,51
"181660",Tree Trim,75
"181579",Tree Trim,75
"181353",Tree Trim,75
"181515",Tree Removal,51
"181768",Tree Removal,51
"181829",Tree Removal,51
"181819",Tree Trim,75
"181441",Tree Trim,75
,Tree Trim,75
,Tree Removal,51
,Tree Trim,75
,Tree Removal,51
,Tree Removal,51
,Tree Planting,25
,Tree Removal,51
"181788",Tree Trim,75
"181430",Tree Trim,75
"181589",Tree Trim,75
"181341",Tree Trim,75
"181810",Tree Removal,51
"181694",Tree Trim,75
"181854",Tree Trim,75
"181734",Tree Trim,75
"181798",Tree Trim,75
"181817",Tree Removal,51
"181615",Tree Trim,75
"181345",Tree Removal,51
"181863",Tree Trim,75
"182147",Tree Trim,75
"181801",Tree Trim,75
"181363",Tree Trim,75
"181675",Tree Trim,75
,Tree Trim,75
,Tree Removal,51
,Tree Trim,75
"181549",Tree Trim,75
"181676",Tree Removal,51
"181816",Tree Trim,75
"181721",Tree Removal,51
"181841",Tree Trim,75
"181844",Tree Trim,75
"181706",Tree Stump Grinding,116
"181136",Tree Trim,75
"181543",Tree Stump Grinding,116
"181655",Tree Trim,75
"181512",Tree Trim,75
"181871",Tree Trim,75
"182946",Tree Trim,75
"181710",Tree Removal,51
"181702",Tree Trim,75
"181971",Tree Removal,51
"182007",Tree Trim,75
"182001",Tree Removal,51
"181970",Tree Trim,75
"181806",Tree Trim,75
"181779",Tree Trim,75
,Tree Trim,75
,Tree Removal,51
,Tree Trim,75
,Tree Removal,51
"181793",Tree Removal,51
"181849",Tree Trim,75
"181891",Tree Removal,51
"181749",Tree Trim,75
"181577",Tree Trim,75
"181776",Tree Removal,51
"181516",Tree Trim,75
"181606",Tree Trim,75
"181966",Tree Trim,75
"181599",Tree Trim,75
"181913",Tree Removal,51
"181963",Tree Trim,75
"182029",Tree Removal,51
"181893",Tree Removal,51
"181894",Tree Removal,51
"182132",Tree Removal,51
"181903",Tree Removal,51
"181855",Tree Trim,75
"181760",Tree Trim,75
"181875",Tree Trim,75
,Tree Trim,75
,Tree Trim,75
"181777",Tree Trim,75
"181929",Tree Trim,75
"182368",Tree Trim,75
"182095",Tree Trim,75
"182092",Tree Trim,75
"182009",Tree Removal,51
"181935",Tree Trim,75
"182188",Tree Removal,51
"181753",Tree Removal,51
"181728",Tree Trim,75
"182175",Tree Removal,51
"181997",Tree Trim,75
"181981",Tree Trim,75
"181874",Tree Trim,75
"182180",Tree Removal,51
"181876",Tree Trim,75
"182205",Tree Removal,51
"182166",Tree Trim,75
"182242",Tree Trim,75
"182250",Tree Removal,51
"181974",Tree Trim,75
"182041",Tree Removal,51
"182240",Tree Removal,51
"182213",Tree Trim,75
"181723",Tree Trim,75
"182044",Tree Trim,75
"181729",Tree Trim,75
"181584",Tree Trim,75
"182227",Tree Removal,51
"182196",Tree Trim,75
"182031",Tree Trim,75
"182030",Tree Trim,75
"181689",Tree Removal,51
"182224",Tree Trim,75
"181659",Tree Trim,75
"182125",Tree Trim,75
"182185",Tree Removal,51
"182011",Tree Trim,75
"182226",Tree Trim,75
"181902",Tree Removal,51
"182267",Tree Trim,75
"181877",Tree Trim,75
"182046",Tree Trim,75
"182037",Tree Removal,51
"181784",Tree Trim,75
"182080",Tree Trim,75
,Tree Trim,75
"182094",Tree Trim,75
"182131",Tree Trim,75
"181972",Tree Trim,75
"182329",Tree Removal,51
"182115",Tree Removal,51
"182117",Tree Trim,75
"181884",Tree Trim,75
"181542",Tree Trim,75
"181936",Tree Trim,75
"182344",Tree Removal,51
"181805",Tree Trim,75
"181912",Tree Removal,51
"181955",Tree Removal,51
"181761",Tree Trim,75
"182016",Tree Removal,51
"182039",Tree Trim,75
"182103",Tree Trim,75
"181678",Tree Trim,75
"181699",Tree Trim,75
"182377",Tree Removal,51
"182353",Tree Trim,75
"182086",Tree Trim,75
"181671",Tree Trim,75
,Tree Trim,75
,Tree Trim,75
,Tree Removal,51
,Tree Removal,51
,Tree Removal,51
,Tree Trim,75
"181766",Tree Trim,75
"182416",Tree Trim,75
"182441",Tree Removal,51
"182111",Tree Removal,51
"182332",Tree Trim,75
"182448",Tree Removal,51
"181872",Tree Trim,75
"182403",Tree Removal,51
"181907",Tree Trim,75
"182271",Tree Trim,75
"182387",Tree Removal,51
"182223",Tree Trim,75
"182235",Tree Trim,75
"182268",Tree Trim,75
"181820",Tree Trim,75
"181687",Tree Trim,75
"181883",Tree Removal,51
"181838",Tree Removal,51
,Tree Trim,75
,Tree Removal,51
"181743",Tree Removal,51
"181775",Tree Trim,75
"182486",Tree Removal,51
"181673",Tree Trim,75
"181670",Tree Trim,75
"182406",Tree Trim,75
"181672",Tree Trim,75
"182394",Tree Trim,75
"182374",Tree Removal,51
"182427",Tree Trim,75
"182453",Tree Removal,51
"182452",Tree Removal,51
"182574",Tree Removal,51
"182366",Tree Removal,51
"182593",Tree Removal,51
"182191",Tree Trim,75
"182597",Tree Trim,75
"182595",Tree Trim,75
"181878",Tree Trim,75
"182362",Tree Removal,51
"182671",Tree Trim,75
"182211",Tree Trim,75
,Tree Trim,75
,Tree Removal,51
,Tree Removal,51
"182733",Tree Removal,51
"182728",Tree Removal,51
"182052",Tree Removal,51
"182343",Tree Trim,75
"182709",Tree Removal,51
"181851",Tree Removal,51
"182104",Tree Removal,51
"181956",Tree Removal,51
"181796",Tree Trim,75
"181977",Tree Removal,51
"182742",Tree Trim,75
"181993",Tree Trim,75
"181752",Tree Trim,75
"182543",Tree Trim,75
"182203",Tree Trim,75
"182794",Tree Removal,51
"182822",Tree Removal,51
"182928",Tree Trim,75
"182847",Tree Trim,75
"182863",Tree Removal,51
"182893",Tree Removal,51
,Tree Trim,75
,Tree Removal,51
,Tree Trim,75
,Tree Removal,51
,Tree Trim,75
,Tree Trim,75
,Tree Removal,51
"182904",Tree Trim,75
"182852",Tree Trim,75
"182948",Tree Trim,75
"182902",Tree Trim,75
"182908",Tree Removal,51
"182927",Tree Removal,51
"182884",Tree Removal,51
"182855",Tree Removal,51
"182917",Tree Removal,51
"182898",Tree Removal,51
"182921",Tree Trim,75
"182879",Tree Removal,51
"182873",Tree Removal,51
"182909",Tree Trim,75
"182910",Tree Trim,75
"182969",Tree Removal,51
"182763",Tree Removal,51
,Tree Trim,76
,Tree Trim,75
"182952",Tree Removal,51
"182864",Tree Removal,51
"182963",Tree Removal,51
"182932",Tree Trim,75
"182897",Tree Removal,51
"182883",Tree Removal,51
"182915",Tree Trim,75
"182967",Tree Trim,75
"182890",Tree Removal,51
"182953",Tree Removal,51
"182931",Tree Trim,75
"182862",Tree Removal,51
"182899",Tree Removal,51
"182959",Tree Trim,75
"182960",Tree Removal,51
"182853",Tree Removal,51
"182851",Tree Trim,75
"182868",Tree Removal,51
"182979",Tree Removal,51
"182889",Tree Trim,75
"182940",Tree Trim,75
"183034",Tree Trim,75
,Tree Trim,75
,Tree Removal,51
,Tree Trim,75
,Tree Trim,75
,Tree Removal,51
,Tree Removal,51
"183024",Tree Trim,75
"182964",Tree Removal,51
"182840",Tree Removal,51
"182903",Tree Removal,51
"183016",Tree Removal,51
"183015",Tree Removal,51
"182998",Tree Removal,51
"182986",Tree Removal,51
"182997",Tree Trim,75
"182726",Tree Removal,51
"183049",Tree Removal,51
"182983",Tree Removal,51
"183001",Tree Removal,51
"182982",Tree Removal,51
"183089",Tree Trim,75
"182973",Tree Removal,51
"182972",Tree Removal,51
"182846",Tree Trim,75
,Tree Removal,51
,Tree Removal,51
,Tree Removal,51
,Tree Removal,51
"182843",Tree Trim,75
"183061",Tree Removal,51
"183021",Tree Removal,51
"183058",Tree Removal,51
"183059",Tree Removal,51
"183046",Tree Removal,51
"183124",Tree Removal,51
"183047",Tree Removal,51
"183026",Tree Removal,51
"183072",Tree Removal,51
"183085",Tree Removal,51
"183128",Tree Removal,51
"183018",Tree Removal,51
"182867",Tree Removal,51
"183098",Tree Removal,51
"183087",Tree Removal,51
"183063",Tree Removal,51
"182569",Tree Removal,51
"182870",Tree Removal,51
,Tree Removal,51
,Tree Stump Grinding,116
,Tree Removal,51
,Tree Trim,75
,Tree Removal,51
,Tree Removal,51
"183111",Tree Removal,51
"182961",Tree Removal,51
"182892",Tree Trim,75
"183093",Tree Removal,51
"183054",Tree Trim,75
"183168",Tree Trim,75
"182076",Tree Removal,51
"183145",Tree Removal,51
"182936",Tree Trim,75
"183032",Tree Removal,51
"183187",Tree Removal,51
"183223",Tree Removal,51
"183153",Tree Trim,75
"182277",Tree Trim,75
"183055",Tree Trim,75
"182010",Tree Trim,75
"181947",Tree Removal,51
"182826",Tree Removal,51
,Tree Trim,75
,Tree Removal,51
,Tree Removal,51
,Tree Removal,51
"182143",Tree Trim,75
"182278",Tree Trim,75
"182450",Tree Removal,51
"182538",Tree Trim,75
"181928",Tree Trim,75
"182327",Tree Trim,75
"183219",Tree Trim,75
"181843",Tree Trim,75
"183305",Tree Removal,51
"183237",Tree Removal,51
"183260",Tree Removal,51
"183088",Tree Removal,51
"183163",Tree Removal,51
"183114",Tree Trim,75
"181725",Tree Trim,75
"183261",Tree Removal,51
"183224",Tree Removal,51
"182038",Tree Trim,75
"182036",Tree Trim,75
"181809",Tree Trim,75
,Tree Removal,51
,Tree Trim,75
,Tree Removal,51
,Tree Trim,75
,Tree Trim,75
,Tree Removal,51
"183152",Tree Removal,51
"183281",Tree Trim,75
"183300",Tree Removal,51
"183135",Tree Removal,51
"183097",Tree Removal,51
"183326",Tree Removal,51
"183178",Tree Removal,51
"183356",Tree Removal,51
"183366",Tree Removal,51
"182067",Tree Removal,51
"181842",Tree Trim,75
"183324",Tree Trim,75
"183391",Tree Removal,51
"183352",Tree Trim,75
"183349",Tree Removal,51
"183225",Tree Removal,51
"183125",Tree Removal,51
"183244",Tree Removal,51
,Tree Trim,75
,Tree Trim,75
,Tree Trim,75
,Tree Trim,75
,Tree Trim,75
,Tree Trim,75
,Tree Trim,75
,Tree Trim,75
,Tree Trim,75
"182088",Tree Trim,75
"182447",Tree Removal,51
"183382",Tree Trim,75
"181850",Tree Trim,75
"182357",Tree Trim,75
"182032",Tree Trim,75
"183381",Tree Removal,51
"181897",Tree Trim,75
"182120",Tree Removal,51
"182229",Tree Trim,75
"181869",Tree Trim,75
"181880",Tree Trim,75
"181892",Tree Trim,75
"182064",Tree Trim,75
"182408",Tree Trim,75
,Tree Trim,75
,Tree Removal,51
,Tree Removal,51
,Tree Planting,25
,Tree Trim,75
,Tree Trim,75
,Tree Removal,51
"181895",Tree Trim,75
"181800",Tree Trim,75
"181879",Tree Trim,75
"182478",Tree Trim,75
"181953",Tree Trim,75
"182176",Tree Trim,75
"182106",Tree Trim,75
"181960",Tree Trim,75
"181945",Tree Removal,51
"182331",Tree Trim,75
"182809",Tree Trim,75
"182833",Tree Removal,51
"183417",Tree Removal,51
"183519",Tree Removal,51
"183528",Tree Removal,51
"183351",Tree Removal,51
"183452",Tree Removal,51
,Tree Removal,51
,Tree Trim,75
"183508",Tree Removal,51
"181937",Tree Trim,75
"183492",Tree Removal,51
"183438",Tree Removal,51
"182160",Tree Trim,75
"183489",Tree Trim,75
"182249",Tree Removal,51
"182139",Tree Trim,75
"182325",Tree Removal,51
"182066",Tree Trim,75
"182364",Tree Removal,51
"183493",Tree Removal,51
"183462",Tree Removal,51
"183499",Tree Removal,51
"183483",Tree Removal,51
"183468",Tree Trim,75
"182484",Tree Removal,51
"183500",Tree Removal,51
"182363",Tree Removal,51
"182504",Tree Trim,75
"182241",Tree Removal,51
"183544",Tree Removal,51
,Tree Removal,51
,Tree Trim,75
,Tree Stump Grinding,116
,Tree Trim,75
,Tree Trim,75
,Tree Removal,51
"182420",Tree Trim,75
"182292",Tree Removal,51
"182421",Tree Trim,75
"182335",Tree Removal,51
"183617",Tree Removal,51
"182285",Tree Removal,51
"183317",Tree Removal,51
"183605",Tree Removal,51
"183615",Tree Removal,51
"182149",Tree Trim,75
"182107",Tree Trim,75
"183565",Tree Removal,51
"182842",Tree Trim,75
"182112",Tree Trim,75
"183474",Tree Removal,51
"183578",Tree Trim,75
"183476",Tree Trim,75
"183551",Tree Removal,51
,Tree Removal,51
,Tree Trim,75
,Tree Removal,51
"183548",Tree Removal,51
"183523",Tree Trim,75
"182212",Tree Removal,51
"182034",Tree Trim,75
"183584",Tree Removal,51
"181865",Tree Trim,75
"183569",Tree Trim,75
"183567",Tree Trim,75
"183647",Tree Removal,51
"182489",Tree Trim,75
"182469",Tree Removal,51
"183555",Tree Removal,51
"182425",Tree Trim,75
"181882",Tree Trim,75
"181984",Tree Trim,75
"181983",Tree Trim,75
"182369",Tree Trim,75
"182264",Tree Trim,75
"182370",Tree Trim,75
"181885",Tree Trim,75
,Tree Trim,75
,Tree Trim,75
,Tree Removal,51
,Tree Trim,75
,Tree Removal,51
,Tree Trim,75
"183635",Tree Removal,51
"181962",Tree Trim,75
"183012",Tree Trim,75
"183079",Tree Removal,51
"183067",Tree Trim,75
"182324",Tree Trim,75
"183650",Tree Removal,51
"182334",Tree Trim,75
"181959",Tree Trim,75
"182126",Tree Removal,51
"183096",Tree Trim,75
"182282",Tree Trim,75
"182385",Tree Trim,75
"183649",Tree Removal,51
"182775",Tree Removal,51
"183602",Tree Removal,50
"181797",Tree Trim,75
"182776",Tree Removal,51
,Tree Removal,51
,Tree Code Violation,52
,Tree Trim,75
,Tree Trim,75
"183027",Tree Trim,75
"182221",Tree Removal,51
"182322",Tree Removal,51
"183579",Tree Removal,51
"181886",Tree Trim,75
"182110",Tree Removal,51
"182835",Tree Removal,51
"183396",Tree Removal,51
"182718",Tree Trim,75
"182816",Tree Trim,75
"182006",Tree Trim,75
"181789",Tree Removal,51
"182474",Tree Removal,51
"182570",Tree Trim,75
"182575",Tree Trim,75
"182047",Tree Removal,51
"182230",Tree Trim,75
"183066",Tree Removal,51
"181995",Tree Trim,75
,Tree Code Violation,52
,Tree Removal,51
,Tree Trim,75
,Tree Removal,51
,Tree Removal,51
"182539",Tree Removal,51
"181964",Tree Removal,51
"183707",Tree Code Violation,52
"182434",Tree Stump Grinding,116
"182694",Tree Trim,75
"182765",Tree Trim,75
"182297",Tree Trim,75
"182319",Tree Trim,75
"183262",Tree Trim,75
"183718",Tree Trim,75
"183502",Tree Removal,51
"182099",Tree Removal,51
"182373",Tree Trim,75
"182831",Tree Trim,75
"182361",Tree Removal,51
"182330",Tree Trim,75
"181881",Tree Trim,75
"183767",Tree Removal,51
"182084",Tree Stump Grinding,116
,Tree Trim,76
,Tree Removal,51
,Tree Removal,51
,Tree Removal,51
,Tree Removal,51
,Tree Trim,75
"183744",Tree Trim,75
"183712",Tree Removal,51
"183719",Tree Trim,75
"183713",Tree Removal,51
"182105",Tree Removal,51
"182413",Tree Trim,75
"182237",Tree Trim,75
"182124",Tree Trim,75
"182134",Tree Trim,75
"182562",Tree Trim,75
"182225",Tree Removal,51
"182135",Tree Trim,75
"182284",Tree Removal,51
"182245",Tree Trim,75
"182244",Tree Trim,75
"182467",Tree Trim,75
"182500",Tree Trim,75
"182476",Tree Removal,51
,Tree Removal,51
,Tree Trim,75
"183739",Tree Removal,51
"182426",Tree Removal,51
"182462",Tree Trim,75
"182424",Tree Trim,75
"182683",Tree Removal,51
"182516",Tree Removal,51
"182473",Tree Removal,51
"182719",Tree Trim,75
"182458",Tree Trim,75
"182384",Tree Trim,75
"183524",Tree Trim,75
"182402",Tree Trim,75
"182540",Tree Trim,75
"182341",Tree Trim,75
"183084",Tree Trim,75
"183190",Tree Planting,25
"182533",Tree Trim,75
"183825",Tree Trim,75
"182551",Tree Trim,75
"183688",Tree Removal,51
"183853",Tree Removal,51
,Tree Removal,51
,Tree Trim,75
"183757",Tree Removal,51
"182454",Tree Removal,51
"183743",Tree Trim,75
"183343",Tree Trim,75
"182276",Tree Trim,75
"182841",Tree Removal,51
"181992",Tree Removal,51
"183851",Tree Trim,75
"182836",Tree Removal,51
"182392",Tree Trim,75
"183845",Tree Trim,75
"183859",Tree Removal,51
"182468",Tree Removal,51
"183852",Tree Removal,51
"182526",Tree Removal,51
"183780",Tree Removal,51
"182272",Tree Removal,51
"182499",Tree Trim,75
"182774",Tree Trim,75
"182269",Tree Trim,75
"182704",Tree Trim,75
"182345",Tree Trim,75
"182101",Tree Trim,75
"183705",Tree Removal,51
"182729",Tree Trim,75
"183862",Tree Removal,51
"183039",Tree Removal,51
"183907",Tree Removal,51
"182423",Tree Trim,75
"182770",Tree Trim,75
"183872",Tree Removal,51
"182947",Tree Trim,75
"182665",Tree Trim,75
"182422",Tree Removal,51
"182810",Tree Trim,75
"182689",Tree Trim,75
"182698",Tree Trim,75
"182521",Tree Removal,51
"182524",Tree Trim,75
"182734",Tree Removal,51
"182529",Tree Trim,75
"182974",Tree Trim,75
"182498",Tree Trim,75
"182530",Tree Removal,51
"183129",Tree Trim,75
"182560",Tree Trim,75
,Tree Trim,
,Tree Stump Grinding,
"182587",Tree Trim,75
"183932",Tree Removal,51
"182838",Tree Removal,51
"182788",Tree Trim,75
"182861",Tree Trim,75
"182808",Tree Trim,75
"182556",Tree Removal,51
"182279",Tree Trim,75
"183454",Tree Removal,51
"183920",Tree Trim,75
"182782",Tree Removal,51
"183037",Tree Trim,75
"183194",Tree Removal,51
"183009",Tree Trim,75
"183977",Tree Trim,75
"182790",Tree Removal,51
"182966",Tree Trim,75
"183048",Tree Trim,75
"183659",Tree Trim,75
"182415",Tree Trim,75
"183922",Tree Trim,75
"182148",Tree Trim,75
,Tree Removal,
,Tree Removal,51
,Tree Removal,51
"182737",Tree Trim,75
"183082",Tree Removal,51
"182766",Tree Trim,75
"182811",Tree Trim,75
"182949",Tree Trim,75
"183997",Tree Trim,75
"183950",Tree Removal,51
"183487",Tree Trim,75
"182760",Tree Trim,75
"182736",Tree Trim,75
"183328",Tree Trim,75
"183985",Tree Trim,75
"182821",Tree Stump Grinding,116
"183656",Tree Trim,75
"183526",Tree Removal,51
"183561",Tree Trim,75
"184041",Tree Removal,51
"183070",Tree Trim,75
"182707",Tree Trim,75
"183372",Tree Removal,51
"184010",Tree Trim,75
"184047",Tree Removal,51
"182727",Tree Trim,75
"183307",Tree Trim,75
"182563",Tree Trim,75
"182667",Tree Trim,75
"183029",Tree Removal,51
"182697",Tree Trim,75
"184039",Tree Trim,75
"182938",Tree Trim,75
"183025",Tree Trim,75
"184065",Tree Trim,75
"182815",Tree Removal,51
"182772",Tree Trim,75
"183109",Tree Trim,75
"183112",Tree Trim,75
"182773",Tree Removal,51
"182793",Tree Stump Grinding,116
"183092",Tree Trim,75
"184035",Tree Trim,75
"184067",Tree Removal,51
"183336",Tree Removal,51
"183329",Tree Removal,51
"184015",Tree Trim,75
,Tree Trim,
"183108",Tree Removal,51
"183107",Tree Removal,51
"184247",Tree Removal,51
"184060",Tree Removal,51
"182925",Tree Trim,75
"183290",Tree Trim,75
"182882",Tree Removal,51
"182674",Tree Removal,51
"182802",Tree Trim,75
"182669",Tree Trim,75
"183654",Tree Stump Grinding,116
"183249",Tree Removal,51
"182918",Tree Stump Grinding,116
"183139",Tree Trim,75
"183303",Tree Removal,51
"183991",Tree Trim,75
"183380",Tree Trim,75
"182812",Tree Removal,51
"182756",Tree Trim,75
"183996",Tree Code Violation,52
"183094",Tree Removal,51
"183408",Tree Trim,75
"184045",Tree Trim,75
"183357",Tree Removal,51
"183414",Tree Trim,75
"183252",Tree Removal,51
"184166",Tree Removal,51
"183155",Tree Removal,51
"183304",Tree Trim,75
"183278",Tree Trim,75
"184621",Tree Removal,51
"183272",Tree Trim,75
"183344",Tree Trim,75
"183306",Tree Trim,75
"183331",Tree Trim,75
"183222",Tree Removal,51
"183132",Tree Stump Grinding,116
"182767",Tree Trim,75
"184128",Tree Removal,51
"184175",Tree Trim,75
"183090",Tree Trim,75
"184157",Tree Removal,51
"184172",Tree Removal,51
"184194",Tree Removal,51
"184159",Tree Trim,75
"184243",Tree Trim,75
"184193",Tree Removal,51
"184192",Tree Removal,51
"182762",Tree Trim,75
"184202",Tree Removal,51
"184233",Tree Removal,51
"184195",Tree Removal,51
"184246",Tree Removal,51
"184165",Tree Trim,75
"184230",Tree Removal,51
"184236",Tree Removal,51
"184204",Tree Trim,75
"184215",Tree Removal,51
"183217",Tree Removal,51
"184212",Tree Removal,51
"183147",Tree Removal,51
"184248",Tree Trim,75
"184229",Tree Removal,51
"184131",Tree Trim,75
"184257",Tree Removal,51
"184240",Tree Removal,51
"184079",Tree Trim,75
"183160",Tree Trim,75
"184263",Tree Removal,51
"183102",Tree Trim,75
"184228",Tree Removal,51
"184221",Tree Removal,51
"184277",Tree Removal,51
"184268",Tree Removal,51
"182598",Tree Removal,51
"182505",Tree Trim,75
"182314",Tree Trim,75
"182316",Tree Trim,75
"184155",Tree Removal,51
"184265",Tree Removal,51
"183182",Tree Removal,51
"183215",Tree Trim,75
"182333",Tree Trim,75
"184264",Tree Removal,51
"184295",Tree Removal,51
"182233",Tree Removal,51
"183140",Tree Removal,50
"182289",Tree Trim,75
"184290",Tree Removal,51
"183297",Tree Trim,75
"184299",Tree Trim,75
"183299",Tree Stump Grinding,116
,Tree Removal,
"184298",Tree Removal,51
"183279",Tree Trim,75
"183136",Tree Trim,75
"183126",Tree Trim,75
"183185",Tree Removal,51
"183277",Tree Trim,75
"182944",Tree Trim,75
"184324",Tree Removal,51
"184286",Tree Removal,51
"183148",Tree Removal,51
"182753",Tree Trim,75
"182670",Tree Trim,75
"183119",Tree Removal,51
"183149",Tree Trim,75
"184318",Tree Removal,51
"183582",Tree Trim,75
"184389",Tree Removal,51
"184385",Tree Removal,51
"184223",Tree Removal,51
"184136",Tree Trim,75
"183216",Tree Trim,75
"183117",Tree Trim,75
"182975",Tree Trim,75
"183337",Tree Trim,75
"184273",Tree Trim,75
"184386",Tree Trim,75
"183257",Tree Trim,75
"183308",Tree Removal,51
"183340",Tree Removal,51
"183371",Tree Trim,75
"184207",Tree Trim,75
"183437",Tree Removal,51
"183248",Tree Trim,75
"183541",Tree Trim,75
"183234",Tree Trim,75
"183545",Tree Removal,51
"183228",Tree Removal,51
"182778",Tree Trim,75
"183327",Tree Trim,75
"183333",Tree Trim,75
"184412",Tree Trim,75
"184419",Tree Removal,51
"183623",Tree Trim,75
"183517",Tree Removal,51
"184224",Tree Removal,51
"184418",Tree Removal,51
"183527",Tree Trim,75
,Tree Trim,
"183892",Tree Removal,51
"183253",Tree Trim,75
"183316",Tree Trim,75
"184417",Tree Removal,51
"184452",Tree Trim,75
"184026",Tree Trim,75
"183427",Tree Removal,51
"183154",Tree Removal,51
"182445",Tree Trim,75
"184177",Tree Trim,75
"183750",Tree Trim,75
"184461",Tree Removal,51
"183369",Tree Removal,51
"183057",Tree Removal,51
"184306",Tree Trim,75
"183463",Tree Removal,51
"183402",Tree Removal,51
"183431",Tree Trim,75
"183715",Tree Removal,51
"183284",Tree Trim,75
"183197",Tree Trim,75
"183884",Tree Trim,75
"183121",Tree Removal,51
"183753",Tree Trim,75
"183667",Tree Trim,75
"183752",Tree Trim,75
"183522",Tree Removal,51
"184356",Tree Trim,75
"183972",Tree Removal,51
"183339",Tree Trim,75
"183557",Tree Trim,75
"183387",Tree Trim,75
"183505",Tree Trim,75
"184421",Tree Trim,75
"183407",Tree Trim,75
"183471",Tree Removal,51
"184485",Tree Removal,51
"183899",Tree Trim,75
"183401",Tree Removal,51
"184272",Tree Removal,51
"184469",Tree Trim,75
"183636",Tree Trim,75
"183685",Tree Trim,75
"183538",Tree Trim,75
"183634",Tree Trim,75
"183189",Tree Removal,51
"183574",Tree Trim,75
,Tree Trim,
"183443",Tree Stump Grinding,116
"183393",Tree Removal,51
"183666",Tree Trim,75
"183122",Tree Trim,75
"183676",Tree Trim,75
"183674",Tree Trim,75
"184522",Tree Removal,51
"183518",Tree Removal,51
"184560",Tree Removal,51
"183581",Tree Trim,75
"184123",Tree Trim,75
"184494",Tree Removal,51
"183374",Tree Removal,51
"183539",Tree Trim,75
"183641",Tree Trim,75
"183503",Tree Trim,75
"184546",Tree Trim,75
"183536",Tree Trim,75
"183379",Tree Trim,75
"183598",Tree Trim,75
"183315",Tree Removal,51
"183531",Tree Trim,75
,Tree Trim,
,Tree Trim,
"183459",Tree Removal,51
"183599",Tree Trim,75
"183291",Tree Trim,75
"183173",Tree Trim,75
"183270",Tree Trim,75
"183620",Tree Removal,51
"183709",Tree Trim,75
"183570",Tree Trim,74
"183675",Tree Trim,75
"184573",Tree Removal,51
"183274",Tree Trim,75
"183613",Tree Trim,75
"183433",Tree Trim,75
"183716",Tree Removal,51
"183365",Tree Trim,75
"183564",Tree Trim,75
"183392",Tree Trim,75
"183644",Tree Removal,51
"183590",Tree Removal,51
"183632",Tree Trim,75
"184062",Tree Removal,51
"183758",Tree Trim,75
"183560",Tree Trim,75
"183711",Tree Trim,75
"183803",Tree Trim,75
"183787",Tree Trim,75
"183918",Tree Removal,51
"184636",Tree Removal,51
"183689",Tree Trim,75
"184402",Tree Removal,51
"184488",Tree Trim,75
"183797",Tree Trim,75
"183786",Tree Removal,51
"183820",Tree Trim,75
"183788",Tree Removal,51
"183801",Tree Removal,51
"183031",Tree Removal,51
"182860",Tree Removal,51
"183458",Tree Removal,51
"183006",Tree Trim,75
"183494",Tree Removal,51
"183271",Tree Trim,75
"183268",Tree Trim,75
"183370",Tree Trim,75
"183799",Tree Trim,75
,Tree Removal,
,Tree Stump Grinding,
"183700",Tree Trim,75
"182914",Tree Trim,75
"184651",Tree Removal,51
"183547",Tree Stump Grinding,116
"182715",Tree Trim,75
"183265",Tree Removal,51
"184208",Tree Removal,51
"183891",Tree Removal,51
"184647",Tree Removal,51
"183562",Tree Stump Grinding,116
"183553",Tree Trim,75
"184572",Tree Trim,75
"184077",Tree Removal,51
"183484",Tree Trim,75
"183506",Tree Trim,75
"183011",Tree Trim,75
"183927",Tree Trim,75
"184479",Tree Code Violation,52
"183821",Tree Trim,75
"183796",Tree Trim,75
"183275",Tree Trim,75
"183824",Tree Trim,75
,Tree Stump Grinding,
"183181",Tree Trim,75
"184044",Tree Removal,51
"183473",Tree Trim,75
"183702",Tree Trim,75
"183665",Tree Trim,75
"184058",Tree Trim,75
"183900",Tree Trim,75
"183939",Tree Removal,51
"183395",Tree Removal,51
"183385",Tree Trim,75
"184052",Tree Trim,75
"183888",Tree Trim,75
"183335",Tree Trim,75
"183911",Tree Trim,75
"183934",Tree Trim,75
"184673",Tree Removal,51
"183481",Tree Removal,51
"183318",Tree Trim,75
"183378",Tree Trim,75
"184069",Tree Removal,51
"183639",Tree Trim,75
"183740",Tree Trim,75
"183914",Tree Removal,51
"184103",Tree Removal,51
"184689",Tree Trim,75
"184311",Tree Removal,51
"183863",Tree Removal,51
"183749",Tree Removal,50
"183916",Tree Trim,75
"184571",Tree Removal,51
"184087",Tree Trim,75
"183698",Tree Trim,75
"184021",Tree Trim,75
"184581",Tree Trim,75
"184138",Tree Trim,75
"183877",Tree Removal,51
"184108",Tree Removal,51
"184196",Tree Trim,75
"183881",Tree Removal,51
"184070",Tree Trim,75
"183593",Tree Trim,75
"183838",Tree Trim,75
"183937",Tree Trim,75
"184135",Tree Trim,75
"184182",Tree Trim,75
"183628",Tree Trim,75
"184141",Tree Trim,75
,Tree Removal,
,Tree Removal,
"184178",Tree Removal,51
"184064",Tree Removal,51
"184331",Tree Removal,51
"184787",Tree Trim,75
"183783",Tree Trim,75
"183837",Tree Trim,75
"184353",Tree Removal,51
"183673",Tree Removal,51
"183962",Tree Trim,75
"184000",Tree Trim,75
"183921",Tree Removal,51
"183905",Tree Removal,51
"183819",Tree Trim,75
"183521",Tree Removal,51
"184730",Tree Trim,75
"184011",Tree Removal,51
"184017",Tree Trim,75
"184012",Tree Removal,51
"184152",Tree Trim,75
"184363",Tree Trim,75
"184391",Tree Trim,75
"183781",Tree Trim,75
"184366",Tree Removal,51
"184780",Tree Trim,75
"183653",Tree Removal,51
"184446",Tree Trim,75
"184723",Tree Trim,75
"184110",Tree Trim,75
"183858",Tree Trim,75
"183976",Tree Trim,75
"184434",Tree Removal,51
"184664",Tree Removal,51
"183984",Tree Trim,75
"184327",Tree Trim,75
"183609",Tree Trim,75
"183608",Tree Trim,75
"184800",Tree Trim,75
"184252",Tree Removal,51
"183648",Tree Removal,51
"184285",Tree Removal,51
"183411",Tree Removal,51
"183981",Tree Stump Grinding,116
"183663",Tree Trim,75
"184333",Tree Trim,75
"183585",Tree Trim,75
"184792",Tree Trim,75
,Tree Removal,
"183670",Tree Removal,51
"184425",Tree Removal,51
"184255",Tree Removal,51
"183948",Tree Trim,75
"184422",Tree Trim,75
"184313",Tree Removal,51
"184790",Tree Removal,51
"183949",Tree Trim,75
"184448",Tree Trim,75
"184652",Tree Removal,51
"184185",Tree Removal,51
"184174",Tree Removal,51
"183965",Tree Trim,74
"184556",Tree Trim,75
"184143",Tree Trim,75
"183902",Tree Trim,75
"183771",Tree Trim,75
"183886",Tree Trim,75
"184802",Tree Removal,51
"183992",Tree Removal,51
"184462",Tree Trim,75
"183839",Tree Trim,75
"183826",Tree Trim,75
"184731",Tree Removal,51
"184239",Tree Removal,51
"184287",Tree Trim,75
"184801",Tree Removal,51
"183342",Tree Trim,75
"184082",Tree Trim,75
"184753",Tree Trim,75
"184456",Tree Trim,75
"184449",Tree Removal,51
"184674",Tree Trim,75
"183142",Tree Removal,51
"184752",Tree Trim,75
"184237",Tree Removal,51
"183868",Tree Removal,51
"184168",Tree Trim,75
"184814",Tree Removal,51
"184033",Tree Removal,51
"183909",Tree Removal,51
"184709",Tree Trim,75
"184323",Tree Stump Grinding,116
"184722",Tree Trim,75
"183792",Tree Trim,75
"184489",Tree Trim,75
"183971",Tree Trim,75
,Tree Removal,
"184076",Tree Removal,51
"184267",Tree Removal,51
"184345",Tree Removal,51
"184580",Tree Trim,75
"184280",Tree Trim,75
"183606",Tree Removal,51
"184005",Tree Trim,75
"183513",Tree Removal,51
"183637",Tree Removal,51
"184404",Tree Trim,75
"184660",Tree Trim,75
"184381",Tree Trim,75
"184491",Tree Removal,51
"184406",Tree Trim,75
"184507",Tree Trim,75
"184663",Tree Trim,75
"184055",Tree Trim,75
"184608",Tree Stump Grinding,116
"184654",Tree Removal,51
"183961",Tree Removal,51
"184362",Tree Removal,51
"184574",Tree Trim,75
"184042",Tree Trim,75
"183763",Tree Removal,51
"184086",Tree Trim,75
"184537",Tree Trim,75
"184457",Tree Trim,75
"184426",Tree Trim,75
"184125",Tree Trim,75
"183537",Tree Trim,75
"184596",Tree Removal,51
"184640",Tree Trim,75
"184712",Tree Trim,75
"184747",Tree Stump Grinding,116
"184685",Tree Trim,75
"184283",Tree Trim,75
"184398",Tree Trim,75
"184639",Tree Removal,51
"184847",Tree Removal,51
"184849",Tree Removal,51
"184486",Tree Removal,51
"184698",Tree Removal,51
"184149",Tree Trim,75
"184812",Tree Removal,51
"183936",Tree Removal,51
"184292",Tree Trim,75
"184691",Tree Removal,51
"184721",Tree Trim,75
"184114",Tree Trim,75
"184692",Tree Removal,51
"184694",Tree Removal,51
"184759",Tree Trim,75
"184513",Tree Removal,51
"184788",Tree Trim,75
"184695",Tree Removal,51
"184562",Tree Trim,75
"184696",Tree Removal,51
"184697",Tree Removal,51
"184813",Tree Removal,51
"184761",Tree Trim,75
"184763",Tree Trim,75
"184778",Tree Trim,75
"184496",Tree Removal,51
"183895",Tree Trim,75
"184719",Tree Trim,75
"184317",Tree Removal,51
"184727",Tree Trim,75
"183035",Tree Removal,51
"184720",Tree Removal,51
"184443",Tree Removal,51
"184862",Tree Removal,51
"184054",Tree Trim,75
"183959",Tree Trim,75
"183814",Tree Trim,75
"184921",Tree Removal,51
"183978",Tree Trim,75
"184377",Tree Stump Grinding,116
"184245",Tree Removal,51
"184757",Tree Trim,75
"184490",Tree Trim,75
"183708",Tree Trim,75
"184431",Tree Removal,51
"184352",Tree Trim,75
"184650",Tree Trim,75
"183964",Tree Removal,51
"183818",Tree Trim,75
"184084",Tree Trim,75
"184151",Tree Trim,75
"183854",Tree Trim,75
"184623",Tree Trim,75
"184387",Tree Trim,75
"184873",Tree Trim,75
"184460",Tree Trim,75
"184769",Tree Trim,75
"184845",Tree Trim,75
"184690",Tree Trim,75
"184785",Tree Removal,51
"184527",Tree Trim,75
"184941",Tree Removal,51
"184563",Tree Removal,51
"184466",Tree Removal,51
"184344",Tree Trim,75
"183999",Tree Trim,75
"184346",Tree Trim,75
"184793",Tree Trim,75
"184498",Tree Trim,75
"184338",Tree Trim,75
"184779",Tree Removal,51
"184544",Tree Trim,75
"184530",Tree Trim,75
"184197",Tree Trim,75
"184854",Tree Trim,75
"184713",Tree Trim,75
"184534",Tree Trim,75
"184524",Tree Trim,75
"184548",Tree Trim,75
"184288",Tree Trim,75
,Tree Code Violation,
"184944",Tree Trim,75
"184441",Tree Trim,75
"184432",Tree Trim,75
"184637",Tree Removal,51
"184532",Tree Trim,75
"183823",Tree Trim,75
"184100",Tree Removal,51
"184751",Tree Removal,51
"184655",Tree Trim,75
"183794",Tree Trim,75
"184453",Tree Trim,75
"184679",Tree Trim,75
"183736",Tree Trim,75
"184433",Tree Trim,75
"184072",Tree Trim,75
"184839",Tree Removal,51
"184262",Tree Trim,75
"184503",Tree Trim,75
"184476",Tree Trim,75
"184022",Tree Trim,75
"184561",Tree Trim,75
"184024",Tree Trim,75
"183923",Tree Removal,51
"184657",Tree Trim,75
"184948",Tree Trim,75
"184686",Tree Trim,75
"184043",Tree Removal,51
"184105",Tree Removal,51
"184680",Tree Removal,51
"184897",Tree Trim,75
"184501",Tree Removal,51
"184051",Tree Removal,51
"184896",Tree Trim,75
"184375",Tree Removal,51
"184578",Tree Trim,75
"184700",Tree Trim,75
"183893",Tree Trim,75
"184925",Tree Trim,75
"184908",Tree Removal,51
"184972",Tree Removal,51
"184142",Tree Trim,75
"184898",Tree Stump Grinding,116
"184156",Tree Trim,75
"184840",Tree Removal,51
"184936",Tree Removal,51
"184646",Tree Removal,51
"184841",Tree Removal,51
"184516",Tree Removal,51
"184609",Tree Removal,51
"184870",Tree Trim,75
"184969",Tree Trim,75
"184823",Tree Removal,51
"184966",Tree Trim,75
"184648",Tree Removal,51
"184499",Tree Trim,75
"184786",Tree Trim,75
"184928",Tree Trim,75
"184946",Tree Removal,51
"184589",Tree Trim,75
"179824",Tree Trim,
"184653",Tree Removal,51
"184088",Tree Trim,75
"184531",Tree Trim,75
"184226",Tree Trim,75
"184955",Tree Trim,75
"184665",Tree Trim,75
"184559",Tree Trim,75
"184211",Tree Removal,51
"184688",Tree Trim,75
"184754",Tree Trim,75
"185008",Tree Trim,75
,Tree Removal,
"184613",Tree Trim,75
"184980",Tree Removal,51
"184539",Tree Trim,75
"184818",Tree Trim,75
"184776",Tree Trim,75
"185004",Tree Trim,75
"184997",Tree Trim,75
"184935",Tree Trim,75
"184882",Tree Removal,51
"184971",Tree Trim,75
"184729",Tree Trim,75
"184113",Tree Trim,75
"184617",Tree Trim,75
"184986",Tree Trim,75
"184629",Tree Trim,75
"184867",Tree Trim,75
"184913",Tree Removal,51
"184638",Tree Removal,51
"185017",Tree Removal,51
"184815",Tree Removal,51
"185007",Tree Trim,75
"185005",Tree Removal,51
"185015",Tree Trim,75
,Tree Code Violation,
"184850",Tree Stump Grinding,116
"185012",Tree Removal,51
"185006",Tree Trim,75
"184393",Tree Trim,75
"184645",Tree Removal,51
"184827",Tree Trim,75
"184575",Tree Removal,51
"184475",Tree Trim,75
"184995",Tree Trim,75
"185001",Tree Removal,51
"184515",Tree Trim,75
"184439",Tree Trim,75
"184781",Tree Trim,75
"184627",Tree Trim,75
"184987",Tree Trim,75
"184806",Tree Removal,51
"185009",Tree Removal,51
"184989",Tree Trim,75
"185029",Tree Trim,75
"184998",Tree Removal,51
"185023",Tree Removal,51
"184661",Tree Trim,75
"185019",Tree Removal,51
"185028",Tree Removal,51
"184956",Tree Trim,75
"184746",Tree Trim,75
"184097",Tree Trim,75
"184988",Tree Removal,51
"185035",Tree Removal,51
"185040",Tree Removal,51
"184863",Tree Trim,75
"184468",Tree Trim,75
"183931",Tree Trim,75
"185036",Tree Removal,51
"185021",Tree Removal,51
"184117",Tree Trim,75
"185047",Tree Removal,51
"185038",Tree Removal,51
"185022",Tree Trim,75
"185034",Tree Trim,75
"185049",Tree Removal,51
"185063",Tree Trim,75
"184782",Tree Trim,75
"185056",Tree Removal,51
"184888",Tree Trim,75
"185025",Tree Trim,76
"185058",Tree Trim,75
"185046",Tree Removal,51
"184889",Tree Trim,75
"185068",Tree Removal,51
"185069",Tree Trim,75
"185075",Tree Removal,51
"185073",Tree Removal,51
"185079",Tree Removal,51
"185061",Tree Trim,75
"185050",Tree Stump Grinding,116
"185081",Tree Removal,51
"185070",Tree Trim,75
"185091",Tree Trim,75
"185080",Tree Trim,75
"185083",Tree Removal,51
"185039",Tree Removal,51
"185085",Tree Removal,51
"185090",Tree Trim,75
"185103",Tree Trim,75
"185132",Tree Trim,75
"185134",Tree Removal,51
"185137",Tree Removal,51
"185124",Tree Trim,75
"185113",Tree Trim,75
"185116",Tree Trim,75
"185128",Tree Trim,75
"185148",Tree Removal,51
"185145",Tree Removal,51
"184450",Tree Trim,75
"185153",Tree Trim,75
"185154",Tree Trim,75
"185162",Tree Trim,75
"185164",Tree Removal,51
"185169",Tree Trim,75
"185146",Tree Trim,75
"185168",Tree Trim,75
"185167",Tree Trim,75
"185156",Tree Trim,75
"185161",Tree Removal,51
"185176",Tree Removal,51
"185187",Tree Removal,51
"185199",Tree Removal,51
"185188",Tree Removal,51
"185191",Tree Removal,51
"185196",Tree Removal,51
"185185",Tree Trim,75
"185209",Tree Trim,75
"185193",Tree Trim,75
"185206",Tree Trim,75
,Tree Trim,
,Tree Trim,
"185186",Tree Removal,51
"185197",Tree Removal,51
"185203",Tree Removal,51
"185195",Tree Trim,75
"185211",Tree Trim,76
"185219",Tree Trim,75
"185215",Tree Removal,51
"185230",Tree Removal,51
"185238",Tree Trim,75
"185239",Tree Trim,75
"185229",Tree Trim,75
"185278",Tree Removal,51
"185248",Tree Removal,51
"185253",Tree Removal,51
"185256",Tree Trim,75
"185259",Tree Removal,51
"185231",Tree Trim,75
"185244",Tree Trim,75
"185240",Tree Trim,75
"185247",Tree Trim,75
"185249",Tree Stump Grinding,116
"185260",Tree Trim,75
"185281",Tree Removal,51
"185280",Tree Trim,75
"185241",Tree Trim,75
"185274",Tree Removal,51
"185277",Tree Trim,75
"185267",Tree Stump Grinding,116
"185289",Tree Trim,75
"185183",Tree Trim,75
"185288",Tree Removal,51
"185283",Tree Removal,51
"185295",Tree Removal,51
"185293",Tree Removal,51
"185268",Tree Removal,51
"185291",Tree Trim,75
"185318",Tree Trim,75
"185312",Tree Trim,75
"185306",Tree Removal,51
"185311",Tree Removal,51
"185309",Tree Trim,75
"185304",Tree Trim,75
"185315",Tree Trim,75
"185455",Tree Removal,51
"185388",Tree Removal,51
"185330",Tree Trim,75
"183345",Tree Trim,75
"185351",Tree Trim,75
"185387",Tree Trim,75
"185380",Tree Removal,51
"185340",Tree Trim,75
"185369",Tree Trim,75
"185333",Tree Trim,75
"185368",Tree Trim,75
"185346",Tree Trim,75
"185423",Tree Removal,51
"185399",Tree Removal,51
"183201",Tree Trim,75
"185392",Tree Code Violation,52
"185323",Tree Trim,75
"185386",Tree Removal,51
"185413",Tree Removal,51
"185331",Tree Trim,75
"185353",Tree Removal,51
"185424",Tree Trim,75
"185398",Tree Removal,51
"185391",Tree Removal,51
"185408",Tree Trim,75
"185417",Tree Removal,51
"185336",Tree Stump Grinding,116
"185420",Tree Trim,75
"185328",Tree Trim,75
"185301",Tree Trim,75
"185332",Tree Removal,51
"185410",Tree Trim,75
"185468",Tree Removal,51
"185407",Tree Trim,75
"177975",Tree Planting,25
"178759",Tree Planting,
"185449",Tree Trim,75
"185452",Tree Trim,75
"185437",Tree Stump Grinding,116
"185443",Tree Trim,75
"185382",Tree Trim,75
"185341",Tree Removal,51
"185355",Tree Removal,51
"185474",Tree Removal,51
"185426",Tree Trim,75
"185456",Tree Trim,75
"185403",Tree Trim,75
"185486",Tree Removal,51
"185501",Tree Trim,75
"185415",Tree Removal,51
"185499",Tree Trim,75
,Tree Removal,51
"185503",Tree Trim,75
"185495",Tree Trim,75
"185566",Tree Removal,51
"185514",Tree Removal,51
"185518",Tree Trim,75
"185490",Tree Trim,75
"186522",Tree Trim,75
"185505",Tree Removal,51
"185511",Tree Trim,75
"185435",Tree Trim,75
"185509",Tree Removal,51
"185548",Tree Trim,75
"184817",Tree Removal,51
"185529",Tree Trim,75
"185603",Tree Removal,51
"185544",Tree Removal,51
"185596",Tree Removal,51
"185552",Tree Removal,51
"187042",Tree Trim,75
"185577",Tree Trim,75
"185549",Tree Stump Grinding,116
"185576",Tree Trim,75
"185663",Tree Trim,75
,Tree Trim,
"185629",Tree Trim,75
"185600",Tree Trim,75
"185547",Tree Trim,75
"185546",Tree Removal,51
"185597",Tree Removal,51
"185282",Tree Trim,75
"185579",Tree Trim,75
"185690",Tree Trim,75
"185686",Tree Trim,75
"185637",Tree Removal,51
"185697",Tree Trim,75
"185703",Tree Trim,75
"185715",Tree Removal,51
"185730",Tree Trim,75
"185731",Tree Trim,75
"185841",Tree Removal,51
"185743",Tree Removal,51
"185764",Tree Trim,75
"185738",Tree Trim,75
"185754",Tree Removal,51
"185751",Tree Removal,51
"185756",Tree Trim,75
"185774",Tree Trim,75
"185772",Tree Removal,51
"185770",Tree Trim,75
"185768",Tree Removal,51
"185769",Tree Planting,25
"185771",Tree Trim,75
"185784",Tree Trim,75
"185785",Tree Removal,51
"185779",Tree Stump Grinding,116
"185781",Tree Removal,51
"185786",Tree Trim,75
"185806",Tree Removal,51
"185803",Tree Trim,75
"185804",Tree Trim,75
"185808",Tree Trim,75
"185805",Tree Removal,51
"185480",Tree Trim,75
"185817",Tree Removal,51
"185818",Tree Trim,75
"185828",Tree Trim,75
"185830",Tree Trim,75
"185829",Tree Trim,75
"185827",Tree Removal,51
"185821",Tree Trim,75
"185824",Tree Removal,51
,Tree Trim,
"185835",Tree Trim,75
"185861",Tree Trim,75
"185863",Tree Trim,75
"185875",Tree Removal,51
"185845",Tree Removal,51
"185884",Tree Trim,75
"185880",Tree Trim,75
"185874",Tree Trim,75
"185882",Tree Removal,51
"185848",Tree Trim,75
"185877",Tree Removal,51
"186238",Tree Removal,51
"185898",Tree Trim,75
"185891",Tree Trim,75
"185901",Tree Trim,75
"185886",Tree Removal,51
"185896",Tree Trim,75
"185894",Tree Trim,75
"185887",Tree Removal,51
"185902",Tree Removal,51
"185864",Tree Removal,51
"184962",Tree Stump Grinding,116
"185895",Tree Removal,51
,Tree Removal,
"185904",Tree Removal,51
"186047",Tree Trim,75
"185905",Tree Trim,75
"185913",Tree Trim,75
"185919",Tree Removal,51
"185914",Tree Trim,75
"185912",Tree Removal,51
"185893",Tree Trim,75
"185907",Tree Removal,51
"185908",Tree Removal,51
"185872",Tree Trim,75
"185873",Tree Trim,75
"185906",Tree Trim,75
"185927",Tree Removal,51
"185939",Tree Trim,75
"185940",Tree Removal,51
"185947",Tree Removal,51
"185944",Tree Removal,51
"185953",Tree Removal,51
"186031",Tree Removal,51
"186046",Tree Removal,51
"185974",Tree Removal,51
"185987",Tree Trim,75
"185982",Tree Trim,75
"185954",Tree Removal,51
"185969",Tree Removal,51
"185948",Tree Trim,75
"185977",Tree Trim,75
"185964",Tree Trim,75
"185976",Tree Trim,75
"186118",Tree Trim,75
"186002",Tree Removal,51
"185991",Tree Removal,51
"185958",Tree Removal,51
"185986",Tree Removal,51
"186000",Tree Removal,51
"185995",Tree Removal,51
"186019",Tree Removal,51
"186013",Tree Trim,75
"185952",Tree Trim,75
"186001",Tree Trim,75
"186035",Tree Trim,75
"186030",Tree Removal,51
"186007",Tree Trim,75
"186011",Tree Removal,51
"186036",Tree Removal,51
"186044",Tree Removal,51
"186057",Tree Removal,51
"186027",Tree Removal,51
"186058",Tree Removal,51
"186014",Tree Removal,51
"186071",Tree Removal,51
"186072",Tree Trim,75
"186063",Tree Trim,75
"186054",Tree Removal,51
"186077",Tree Trim,75
"186060",Tree Trim,75
"186083",Tree Trim,75
"186086",Tree Trim,75
"186098",Tree Removal,51
"186105",Tree Removal,51
"186103",Tree Removal,51
"186122",Tree Removal,51
"186123",Tree Removal,51
"186102",Tree Removal,51
"186109",Tree Trim,75
"186124",Tree Removal,51
"186095",Tree Trim,75
"186114",Tree Trim,75
"186115",Tree Removal,51
"186117",Tree Removal,51
"186129",Tree Removal,51
"186125",Tree Trim,75
"186134",Tree Removal,51
"186334",Tree Removal,51
"186149",Tree Trim,75
"186126",Tree Trim,75
"186139",Tree Stump Grinding,116
"186093",Tree Trim,75
"186146",Tree Removal,51
"186154",Tree Removal,51
"186128",Tree Trim,75
"186198",Tree Removal,51
"186167",Tree Trim,75
"186204",Tree Removal,51
"186211",Tree Trim,75
"186220",Tree Removal,51
"186191",Tree Trim,75
"186202",Tree Removal,51
"186218",Tree Trim,75
"186205",Tree Trim,75
"186162",Tree Trim,75
"186194",Tree Removal,51
"186213",Tree Removal,51
"186221",Tree Removal,51
"186195",Tree Trim,75
"186217",Tree Removal,51
"186243",Tree Removal,51
"186235",Tree Removal,51
"186246",Tree Trim,75
"186231",Tree Removal,51
"186249",Tree Removal,51
"186171",Tree Removal,51
"186244",Tree Trim,75
"186209",Tree Trim,75
"186188",Tree Stump Grinding,116
"186248",Tree Removal,51
"186265",Tree Removal,51
"186259",Tree Removal,51
"186262",Tree Removal,51
"186256",Tree Removal,51
"186153",Tree Trim,75
"186168",Tree Trim,75
"186215",Tree Trim,75
"186242",Tree Trim,75
"186180",Tree Removal,51
"186004",Tree Trim,75
"186271",Tree Trim,75
"186247",Tree Removal,51
"186181",Tree Removal,51
"186200",Tree Trim,75
"186278",Tree Removal,51
"186270",Tree Removal,51
"186285",Tree Trim,75
"186293",Tree Trim,75
"186225",Tree Removal,51
"186302",Tree Trim,75
"186289",Tree Trim,75
"186309",Tree Trim,75
"186305",Tree Removal,51
"186286",Tree Removal,51
"186310",Tree Removal,51
"186290",Tree Removal,51
"186245",Tree Removal,51
"186327",Tree Trim,75
"186316",Tree Trim,75
"186317",Tree Trim,75
"186321",Tree Removal,51
"186307",Tree Removal,51
"186348",Tree Trim,75
"186337",Tree Trim,75
"186343",Tree Trim,77
"186356",Tree Removal,51
"186351",Tree Trim,75
"186347",Tree Removal,51
"186338",Tree Trim,75
"186342",Tree Removal,51
"186350",Tree Removal,51
"186373",Tree Trim,75
"186367",Tree Trim,75
"186380",Tree Removal,51
"186383",Tree Removal,51
"186388",Tree Removal,51
"186389",Tree Removal,51
"186306",Tree Removal,51
"186401",Tree Trim,75
"186396",Tree Trim,75
"186404",Tree Stump Grinding,116
"186399",Tree Trim,75
"186400",Tree Removal,51
"186413",Tree Removal,51
"186416",Tree Trim,75
"186437",Tree Trim,75
"186417",Tree Trim,75
"186423",Tree Removal,51
"186431",Tree Removal,51
"186421",Tree Trim,75
,Tree Removal,
"186428",Tree Trim,75
"186422",Tree Removal,51
"186438",Tree Removal,51
"186424",Tree Trim,75
"186434",Tree Trim,75
"186411",Tree Trim,75
"186432",Tree Removal,51
"186459",Tree Trim,75
"186447",Tree Trim,75
"186453",Tree Removal,51
"186450",Tree Trim,75
"186454",Tree Removal,51
"186461",Tree Removal,51
"186445",Tree Trim,75
"186452",Tree Trim,75
"186465",Tree Removal,51
"186464",Tree Removal,51
"186462",Tree Removal,51
"186466",Tree Removal,51
"186487",Tree Removal,51
"186504",Tree Removal,51
"186485",Tree Trim,75
"186490",Tree Trim,75
"186501",Tree Removal,51
"186469",Tree Removal,51
"186135",Tree Removal,51
"186500",Tree Removal,51
"186526",Tree Removal,51
"186527",Tree Removal,51
"186520",Tree Removal,51
"186486",Tree Removal,51
"186555",Tree Removal,51
"186564",Tree Removal,51
"186524",Tree Removal,51
"186556",Tree Removal,51
"186549",Tree Removal,51
"186521",Tree Removal,51
"186535",Tree Trim,93
"186539",Tree Trim,75
"186561",Tree Trim,75
"186558",Tree Trim,75
"186569",Tree Trim,75
"186551",Tree Trim,75
"186548",Tree Removal,51
"186581",Tree Trim,75
"186572",Tree Trim,75
"186567",Tree Removal,51
,Tree Trim,
"186571",Tree Trim,75
"186528",Tree Removal,51
"186752",Tree Trim,75
"186559",Tree Trim,75
"186562",Tree Removal,51
"186543",Tree Trim,75
"186523",Tree Trim,75
"186550",Tree Trim,75
"186582",Tree Trim,75
"186583",Tree Removal,51
"186514",Tree Trim,75
"186616",Tree Removal,51
"186615",Tree Trim,75
"186612",Tree Trim,75
"186537",Tree Trim,75
"186577",Tree Trim,75
"186491",Tree Trim,75
"186578",Tree Trim,75
"186579",Tree Trim,75
"186600",Tree Trim,75
"186536",Tree Removal,51
"186545",Tree Trim,75
"186525",Tree Trim,75
"186628",Tree Removal,51
"186513",Tree Trim,75
"186592",Tree Removal,51
"186624",Tree Removal,51
"186585",Tree Trim,75
"186651",Tree Removal,51
"186668",Tree Removal,51
"186656",Tree Trim,75
"186613",Tree Removal,51
"186635",Tree Trim,75
"186611",Tree Removal,51
"186644",Tree Removal,51
"186646",Tree Removal,51
"186652",Tree Removal,51
"186691",Tree Removal,51
"186641",Tree Trim,75
"186681",Tree Trim,75
"186692",Tree Trim,75
"186596",Tree Removal,51
"186675",Tree Trim,75
"186658",Tree Trim,75
"186683",Tree Trim,75
"186682",Tree Trim,75
"186717",Tree Trim,75
"186679",Tree Trim,75
"186677",Tree Trim,75
"186678",Tree Trim,75
"186716",Tree Trim,75
"186700",Tree Trim,75
"186735",Tree Stump Grinding,116
"186649",Tree Removal,51
"186694",Tree Removal,51
"186699",Tree Trim,75
"186766",Tree Removal,51
"186732",Tree Trim,75
"186610",Tree Trim,75
"186745",Tree Trim,75
"186771",Tree Removal,51
"186776",Tree Trim,75
"186709",Tree Trim,75
"186768",Tree Removal,51
"186803",Tree Removal,51
"186756",Tree Trim,75
"186809",Tree Trim,75
"186791",Tree Trim,75
"186778",Tree Trim,75
"186832",Tree Trim,75
"186780",Tree Trim,75
,Tree Trim,
"186808",Tree Trim,75
"186824",Tree Removal,51
"186798",Tree Trim,75
"186765",Tree Trim,75
"186814",Tree Trim,75
"186764",Tree Removal,51
"186825",Tree Removal,51
"186718",Tree Removal,51
"186744",Tree Trim,75
"186821",Tree Removal,51
"186779",Tree Trim,75
"186797",Tree Removal,51
"186858",Tree Removal,51
"186855",Tree Removal,51
"186827",Tree Trim,75
"186849",Tree Removal,51
"186754",Tree Removal,51
"186835",Tree Removal,51
"186828",Tree Removal,51
"186823",Tree Trim,75
"186826",Tree Removal,51
"186834",Tree Trim,75
"186859",Tree Trim,75
"186874",Tree Trim,75
"186863",Tree Removal,51
"186850",Tree Trim,75
"186911",Tree Trim,75
"186889",Tree Trim,75
"186761",Tree Trim,75
"186890",Tree Trim,75
"186790",Tree Removal,51
"186888",Tree Removal,51
"186893",Tree Trim,75
"186807",Tree Trim,75
"186891",Tree Trim,75
"186886",Tree Trim,75
"186781",Tree Removal,51
"186837",Tree Trim,75
"186838",Tree Trim,75
"186885",Tree Removal,51
"186875",Tree Removal,51
"186940",Tree Removal,51
"186912",Tree Trim,75
"186866",Tree Removal,51
"186830",Tree Removal,51
"186902",Tree Trim,75
"186918",Tree Removal,51
"186939",Tree Removal,51
"186903",Tree Trim,75
"186933",Tree Trim,75
"186869",Tree Trim,75
"186947",Tree Trim,75
"186905",Tree Removal,51
"186901",Tree Trim,75
"186968",Tree Removal,51
"186920",Tree Removal,51
"186964",Tree Trim,75
"186951",Tree Removal,51
"186973",Tree Trim,75
"186975",Tree Removal,51
"186879",Tree Removal,51
"186852",Tree Removal,51
"186908",Tree Trim,75
"186892",Tree Removal,51
"186943",Tree Removal,51
"186784",Tree Trim,75
"186993",Tree Trim,75
"186959",Tree Trim,75
"187002",Tree Removal,51
"186965",Tree Trim,76
"186967",Tree Trim,75
"186815",Tree Removal,51
"186915",Tree Removal,51
"186782",Tree Trim,75
"186929",Tree Trim,75
"187030",Tree Trim,75
"187001",Tree Removal,51
"187038",Tree Trim,75
"186751",Tree Trim,75
"186950",Tree Removal,51
"186647",Tree Trim,75
"186949",Tree Trim,75
"187058",Tree Trim,75
"186702",Tree Removal,51
"186924",Tree Trim,75
"186846",Tree Trim,75
"187083",Tree Removal,51
"187023",Tree Trim,75
"186979",Tree Trim,75
"186962",Tree Removal,51
"187000",Tree Removal,51
"187039",Tree Removal,51
"187032",Tree Trim,75
"186942",Tree Removal,51
"187084",Tree Trim,75
,Tree Removal,
,Tree Trim,
,Tree Removal,
"186643",Tree Removal,51
"186970",Tree Removal,51
"187104",Tree Trim,75
"187055",Tree Trim,75
"187091",Tree Removal,51
"186994",Tree Removal,51
"187053",Tree Removal,51
"187017",Tree Trim,75
"187090",Tree Trim,75
"187089",Tree Removal,51
"187062",Tree Trim,75
"186956",Tree Trim,75
"187019",Tree Trim,75
"187121",Tree Trim,75
"187031",Tree Removal,51
"186934",Tree Trim,75
"187013",Tree Trim,75
"187024",Tree Trim,75
"186971",Tree Trim,75
"187085",Tree Removal,51
"187015",Tree Trim,75
"187118",Tree Removal,51
"187079",Tree Removal,51
"186996",Tree Removal,51
"187151",Tree Trim,75
"187092",Tree Removal,51
"187080",Tree Trim,75
"187144",Tree Removal,51
"187123",Tree Trim,75
"187139",Tree Trim,75
"187161",Tree Removal,51
"187120",Tree Removal,51
"187147",Tree Removal,51
"187136",Tree Trim,75
"187105",Tree Removal,51
"187007",Tree Trim,75
"187148",Tree Removal,51
"187020",Tree Trim,75
"187157",Tree Removal,51
"187195",Tree Trim,75
"187203",Tree Trim,75
"187093",Tree Trim,75
"187021",Tree Trim,75
"187114",Tree Trim,75
"187194",Tree Trim,75
,Tree Removal,
"187150",Tree Trim,75
"187208",Tree Removal,51
"187171",Tree Trim,75
"187231",Tree Trim,75
"187159",Tree Trim,75
"187210",Tree Removal,51
"187155",Tree Trim,75
"187167",Tree Trim,75
"187113",Tree Removal,51
"187108",Tree Removal,51
"187122",Tree Trim,75
"187242",Tree Trim,75
"187153",Tree Trim,75
"187204",Tree Trim,75
"187075",Tree Removal,51
"187069",Tree Trim,75
"187061",Tree Trim,75
"187245",Tree Trim,75
"186977",Tree Trim,75
"187261",Tree Stump Grinding,116
"187234",Tree Trim,75
"187191",Tree Removal,51
"187078",Tree Removal,51
,Tree Trim,
"186974",Tree Trim,75
"186922",Tree Trim,75
"187267",Tree Trim,75
"187067",Tree Removal,51
"187198",Tree Removal,51
"187243",Tree Trim,75
"187027",Tree Removal,51
"187244",Tree Removal,51
"187008",Tree Trim,75
"186990",Tree Trim,75
"187217",Tree Trim,75
"187186",Tree Trim,75
"187128",Tree Stump Grinding,116
"187163",Tree Removal,51
"187277",Tree Removal,51
"187235",Tree Trim,75
"187295",Tree Trim,75
"187306",Tree Trim,75
"187274",Tree Trim,75
"187345",Tree Trim,75
"187339",Tree Trim,75
"187223",Tree Trim,75
"187319",Tree Trim,75
"187230",Tree Trim,75
"187326",Tree Trim,75
"187344",Tree Trim,75
"187303",Tree Trim,75
"187276",Tree Removal,51
"187343",Tree Removal,51
"187315",Tree Removal,51
"187169",Tree Trim,75
"187486",Tree Trim,75
"187279",Tree Removal,51
"187374",Tree Removal,51
"187290",Tree Trim,75
"187382",Tree Removal,51
"187360",Tree Trim,75
"187332",Tree Removal,51
"187310",Tree Trim,75
"187353",Tree Removal,51
"187334",Tree Removal,51
"187349",Tree Trim,75
"187233",Tree Trim,75
"187312",Tree Trim,75
"187636",Tree Removal,51
"187316",Tree Removal,51
"187270",Tree Removal,51
,Tree Trim,
,Tree Trim,
"187364",Tree Trim,75
"187415",Tree Removal,51
"187405",Tree Trim,75
"187368",Tree Trim,75
"187351",Tree Trim,75
"187411",Tree Removal,51
"187389",Tree Trim,75
"187372",Tree Trim,75
"187232",Tree Removal,51
"187398",Tree Removal,51
"187404",Tree Trim,75
"187384",Tree Removal,51
"187390",Tree Trim,75
"187392",Tree Trim,75
"187327",Tree Trim,75
"187454",Tree Trim,75
"187320",Tree Removal,51
"187425",Tree Trim,75
"187400",Tree Trim,80
"187313",Tree Trim,75
"187347",Tree Trim,75
"187394",Tree Trim,75
"187402",Tree Removal,51
"187441",Tree Trim,75
"187328",Tree Removal,51
"187352",Tree Trim,75
"187473",Tree Trim,75
"187492",Tree Removal,51
"187490",Tree Trim,75
"187503",Tree Trim,75
"187397",Tree Trim,75
"187493",Tree Trim,75
"187482",Tree Trim,75
"187417",Tree Removal,51
"187396",Tree Trim,75
"187483",Tree Removal,51
"187424",Tree Trim,75
"187225",Tree Trim,75
"187470",Tree Trim,75
"187494",Tree Removal,51
"187291",Tree Trim,75
"187511",Tree Trim,75
"187510",Tree Trim,75
"187504",Tree Removal,51
"187463",Tree Trim,75
"187544",Tree Removal,51
"187530",Tree Trim,75
"187541",Tree Trim,75
"187456",Tree Removal,51
"187561",Tree Removal,51
"187472",Tree Removal,51
"187556",Tree Removal,51
"187524",Tree Trim,75
"187660",Tree Trim,75
"187302",Tree Trim,75
"187308",Tree Trim,75
"187407",Tree Trim,75
"187551",Tree Trim,75
"187517",Tree Trim,75
"187496",Tree Removal,51
"187552",Tree Removal,51
"187533",Tree Removal,51
"187578",Tree Removal,51
"187597",Tree Removal,51
"187592",Tree Removal,51
"187577",Tree Removal,51
"187604",Tree Removal,51
"187594",Tree Trim,75
"187611",Tree Removal,51
"187562",Tree Trim,75
,Tree Stump Grinding,
"187563",Tree Removal,51
"187623",Tree Removal,51
"187618",Tree Removal,51
"187619",Tree Removal,51
"187628",Tree Removal,51
"187548",Tree Trim,75
"187516",Tree Trim,75
"187582",Tree Removal,51
"187579",Tree Removal,51
"187658",Tree Removal,51
"187654",Tree Removal,51
"187640",Tree Removal,51
"187621",Tree Trim,75
"187630",Tree Removal,51
"187606",Tree Removal,51
"187608",Tree Trim,75
"187536",Tree Trim,75
"187638",Tree Trim,75
"187550",Tree Removal,51
"187596",Tree Trim,75
"187650",Tree Trim,75
"187498",Tree Trim,75
"187644",Tree Removal,51
"187560",Tree Removal,51
"187622",Tree Trim,75
"187547",Tree Trim,75
"187584",Tree Trim,75
"187462",Tree Trim,75
"187423",Tree Trim,75
"187502",Tree Removal,51
"187527",Tree Removal,51
"187613",Tree Removal,51
"187677",Tree Removal,51
"187669",Tree Trim,75
"187691",Tree Removal,51
"187542",Tree Removal,51
"187699",Tree Removal,51
"187686",Tree Trim,75
"187566",Tree Trim,75
"187365",Tree Trim,75
"187615",Tree Trim,75
"187694",Tree Removal,51
"187663",Tree Removal,51
"187519",Tree Removal,51
"187662",Tree Removal,51
"187401",Tree Trim,77
"187465",Tree Trim,75
,Tree Removal,
"187395",Tree Trim,75
"187678",Tree Trim,75
"187657",Tree Removal,51
"187788",Tree Trim,75
"187576",Tree Trim,75
"187717",Tree Trim,75
"187609",Tree Trim,75
"187545",Tree Removal,51
"187617",Tree Trim,75
"187376",Tree Removal,51
"187706",Tree Trim,75
"187695",Tree Removal,51
"187528",Tree Removal,51
"187692",Tree Removal,51
"187555",Tree Trim,75
"187713",Tree Trim,75
"187733",Tree Removal,51
"187595",Tree Trim,75
"187759",Tree Removal,51
"187722",Tree Trim,75
"187738",Tree Trim,75
"187727",Tree Removal,51
"187768",Tree Trim,75
,Tree Trim,
"187792",Tree Trim,75
"187647",Tree Trim,75
"187778",Tree Trim,75
"187648",Tree Trim,75
"187769",Tree Trim,75
"187553",Tree Stump Grinding,116
"187480",Tree Trim,75
"187723",Tree Removal,51
"187704",Tree Trim,75
"187718",Tree Trim,75
"187436",Tree Trim,75
"187525",Tree Trim,75
"187726",Tree Trim,75
"187665",Tree Trim,75
"187444",Tree Trim,75
"187443",Tree Trim,75
"187789",Tree Removal,51
"187460",Tree Trim,75
"187710",Tree Removal,51
"187724",Tree Trim,75
"187458",Tree Trim,75
"187430",Tree Removal,51
"187626",Tree Trim,75
,Tree Removal,
"187739",Tree Trim,75
"187447",Tree Trim,75
"187747",Tree Removal,51
"187449",Tree Trim,75
"187800",Tree Trim,75
"187785",Tree Trim,75
"187834",Tree Removal,51
"187767",Tree Removal,51
"187676",Tree Trim,75
"187440",Tree Trim,75
"187707",Tree Removal,51
"187568",Tree Trim,75
"187459",Tree Trim,75
"187701",Tree Trim,75
"187751",Tree Trim,75
"187698",Tree Trim,75
"187825",Tree Trim,75
"187832",Tree Removal,51
"187818",Tree Trim,75
"187409",Tree Removal,51
"187831",Tree Removal,51
"187839",Tree Trim,75
"187777",Tree Trim,75
"187671",Tree Trim,75
"187864",Tree Removal,51
"187856",Tree Removal,51
"187850",Tree Trim,75
"187883",Tree Removal,51
"187804",Tree Trim,75
"187874",Tree Removal,51
"187668",Tree Removal,51
"187863",Tree Removal,51
"187859",Tree Trim,75
"187868",Tree Trim,75
"187875",Tree Trim,75
"187889",Tree Removal,51
"187815",Tree Removal,51
"187853",Tree Trim,75
"187803",Tree Trim,75
"187806",Tree Trim,75
"187851",Tree Trim,75
"187841",Tree Trim,75
"187852",Tree Trim,75
"187580",Tree Trim,75
"187681",Tree Stump Grinding,116
"187886",Tree Removal,51
"187799",Tree Trim,75
,Tree Removal,
"187854",Tree Trim,75
"187861",Tree Trim,75
"187814",Tree Trim,75
"187890",Tree Removal,51
"187567",Tree Trim,75
"187572",Tree Removal,51
"187829",Tree Removal,51
"187870",Tree Trim,75
"187051",Tree Removal,51
"187934",Tree Trim,75
"187916",Tree Trim,75
"187845",Tree Trim,75
"187469",Tree Trim,75
"187945",Tree Removal,51
"187941",Tree Removal,51
"187930",Tree Trim,75
"187927",Tree Trim,75
"187959",Tree Removal,51
"187735",Tree Trim,75
"187973",Tree Removal,51
"187744",Tree Trim,75
"187871",Tree Removal,51
"187918",Tree Trim,75
"187904",Tree Trim,75
"187855",Tree Trim,75
"187943",Tree Removal,51
"187474",Tree Removal,51
"187980",Tree Removal,51
"187948",Tree Removal,51
"187920",Tree Trim,75
"187949",Tree Trim,75
"187802",Tree Removal,51
"187950",Tree Trim,75
"187971",Tree Trim,76
"187955",Tree Trim,75
"187896",Tree Trim,75
"187862",Tree Trim,75
"188595",Tree Removal,51
"187987",Tree Trim,75
"187842",Tree Removal,51
"187846",Tree Trim,75
"188004",Tree Trim,75
"188025",Tree Removal,51
"187848",Tree Trim,75
"187942",Tree Removal,51
"187866",Tree Removal,51
"187897",Tree Removal,51
"187989",Tree Trim,75
"187840",Tree Trim,75
"187978",Tree Trim,75
"187823",Tree Trim,75
"187962",Tree Removal,51
"187892",Tree Trim,75
"187888",Tree Trim,75
"188019",Tree Trim,75
"187917",Tree Trim,75
"188016",Tree Removal,51
"188018",Tree Trim,75
"188032",Tree Removal,51
"187979",Tree Removal,51
"188038",Tree Removal,51
"188057",Tree Removal,51
"188030",Tree Trim,75
"188022",Tree Trim,75
"188006",Tree Trim,75
"188012",Tree Removal,51
"188043",Tree Removal,52
"188039",Tree Trim,75
"188060",Tree Removal,51
"188053",Tree Trim,75
"188087",Tree Removal,51
,Tree Stump Grinding,
"188064",Tree Trim,75
"188017",Tree Removal,51
"187963",Tree Removal,51
"188007",Tree Trim,75
"187969",Tree Trim,75
"188023",Tree Removal,51
"188036",Tree Trim,75
"188096",Tree Removal,51
"188044",Tree Trim,75
"188085",Tree Removal,51
"188090",Tree Trim,75
"188045",Tree Trim,75
"188074",Tree Trim,75
"188010",Tree Trim,75
"187984",Tree Removal,51
"188062",Tree Removal,51
"187977",Tree Removal,51
"188037",Tree Removal,51
"188046",Tree Trim,75
"188088",Tree Removal,51
"188118",Tree Code Violation,52
"188003",Tree Trim,75
"188132",Tree Removal,51
,Tree Removal,
"188117",Tree Trim,75
"187923",Tree Trim,75
"187901",Tree Trim,75
"187983",Tree Trim,75
"188073",Tree Trim,75
"188054",Tree Trim,75
"188095",Tree Trim,75
"188066",Tree Removal,51
"188068",Tree Removal,51
"188109",Tree Removal,51
"188160",Tree Trim,75
"188070",Tree Removal,51
"188140",Tree Removal,51
"188177",Tree Removal,51
"188205",Tree Trim,75
"188191",Tree Removal,51
"188182",Tree Trim,75
"188211",Tree Removal,51
"188151",Tree Removal,51
"188195",Tree Trim,75
"188108",Tree Removal,51
"188121",Tree Removal,51
"188220",Tree Removal,51
,Tree Removal,
"188249",Tree Trim,75
"188229",Tree Removal,51
"188245",Tree Removal,51
"188152",Tree Trim,75
"188130",Tree Removal,51
"188204",Tree Trim,75
"188127",Tree Trim,75
"188009",Tree Trim,75
"187961",Tree Trim,75
"188138",Tree Trim,75
"188159",Tree Trim,75
"188290",Tree Trim,75
"188299",Tree Removal,51
"188295",Tree Removal,51
"188125",Tree Removal,51
"188144",Tree Removal,51
"188298",Tree Trim,75
"188209",Tree Removal,51
"188297",Tree Trim,75
"187957",Tree Trim,75
"188120",Tree Trim,75
"188312",Tree Removal,51
"188128",Tree Trim,75
"188219",Tree Removal,51
"188347",Tree Trim,75
"188371",Tree Removal,51
"188346",Tree Removal,51
"188372",Tree Removal,51
"188279",Tree Trim,75
"188272",Tree Trim,75
"188102",Tree Trim,75
"188252",Tree Trim,75
"188360",Tree Removal,51
"188369",Tree Removal,51
"188373",Tree Removal,51
"188319",Tree Trim,75
"188380",Tree Trim,75
"188284",Tree Trim,75
"187835",Tree Code Violation,52
"188376",Tree Removal,51
"188199",Tree Trim,75
"188065",Tree Trim,75
"188412",Tree Removal,51
"188281",Tree Removal,51
"188436",Tree Removal,51
"188280",Tree Removal,51
"188422",Tree Removal,51
"188264",Tree Trim,75
"188296",Tree Removal,51
"188448",Tree Removal,51
"188463",Tree Removal,51
"188059",Tree Removal,51
"188443",Tree Trim,75
"188145",Tree Removal,51
"188455",Tree Trim,75
"187922",Tree Trim,75
"188104",Tree Removal,51
"188124",Tree Removal,51
"188466",Tree Removal,51
"188254",Tree Trim,75
"188453",Tree Removal,51
"188430",Tree Removal,51
"188473",Tree Trim,75
"188350",Tree Trim,75
"188216",Tree Removal,51
"188421",Tree Removal,51
"188479",Tree Trim,75
"188200",Tree Trim,75
"188431",Tree Removal,51
"188509",Tree Removal,51
"188482",Tree Removal,51
"188510",Tree Removal,51
"188352",Tree Removal,51
"188492",Tree Removal,51
"188269",Tree Removal,51
"188417",Tree Trim,75
"188409",Tree Trim,75
"188415",Tree Trim,75
"188326",Tree Removal,51
"188303",Tree Trim,75
"188501",Tree Trim,75
"188400",Tree Trim,75
"188259",Tree Removal,51
"188559",Tree Removal,51
"188549",Tree Removal,51
"188273",Tree Removal,51
"188365",Tree Trim,75
"188570",Tree Removal,51
"188166",Tree Trim,75
"188353",Tree Trim,75
"188393",Tree Trim,75
"188601",Tree Removal,51
"188604",Tree Trim,75
"188573",Tree Removal,51
"188433",Tree Removal,51
"188318",Tree Stump Grinding,116
"188370",Tree Trim,75
"188402",Tree Trim,75
"188606",Tree Removal,51
"188283",Tree Trim,75
"188395",Tree Removal,51
"188411",Tree Trim,75
"188379",Tree Trim,75
"188170",Tree Trim,75
"188605",Tree Removal,51
"188617",Tree Removal,51
"188566",Tree Removal,51
"188540",Tree Removal,51
"188330",Tree Trim,75
"188285",Tree Trim,75
"188392",Tree Trim,75
"188399",Tree Trim,75
"188600",Tree Removal,51
"188640",Tree Removal,51
"188423",Tree Removal,51
"188581",Tree Trim,75
"188659",Tree Removal,51
"188690",Tree Removal,51
"188634",Tree Removal,51
"188682",Tree Removal,51
"188685",Tree Removal,51
"188774",Tree Removal,51
"188691",Tree Removal,51
"188546",Tree Removal,53
"188386",Tree Removal,51
"188759",Tree Removal,51
"188728",Tree Removal,51
"188744",Tree Removal,51
"188763",Tree Removal,51
"188702",Tree Trim,75
"188666",Tree Removal,51
"188780",Tree Removal,51
"188733",Tree Removal,51
"188598",Tree Removal,51
"188643",Tree Trim,75
"188785",Tree Trim,75
"188681",Tree Removal,51
"188709",Tree Removal,51
"188839",Tree Removal,51
"188828",Tree Trim,75
"188793",Tree Trim,75
"188515",Tree Trim,75
"188667",Tree Removal,51
,Tree Stump Grinding,
"188154",Tree Removal,51
"188215",Tree Removal,51
"188446",Tree Trim,75
"188851",Tree Removal,51
"188451",Tree Removal,51
"188442",Tree Trim,75
"188454",Tree Removal,51
"188261",Tree Trim,75
"188487",Tree Removal,51
"188311",Tree Removal,51
"188878",Tree Removal,51
"188875",Tree Removal,51
"188445",Tree Removal,51
"188468",Tree Removal,51
"188832",Tree Removal,51
"188584",Tree Trim,75
"188756",Tree Trim,75
"188538",Tree Trim,75
"188434",Tree Removal,51
"188223",Tree Trim,75
"188564",Tree Trim,75
"188563",Tree Trim,75
"188398",Tree Trim,75
"188450",Tree Trim,75
"188389",Tree Removal,51
"188551",Tree Trim,75
"188429",Tree Removal,51
"188899",Tree Removal,51
"188592",Tree Trim,75
"188906",Tree Removal,51
"188923",Tree Trim,75
"188511",Tree Removal,51
"188858",Tree Trim,75
"188922",Tree Removal,51
"188927",Tree Trim,75
"188542",Tree Removal,51
"188497",Tree Removal,51
"188548",Tree Trim,75
"188519",Tree Trim,75
"188320",Tree Removal,51
"188555",Tree Trim,75
"188673",Tree Removal,51
"188656",Tree Trim,75
"188935",Tree Trim,75
"190434",Tree Trim,75
"188846",Tree Removal,51
"188892",Tree Trim,75
,Tree Removal,
"188577",Tree Removal,51
"188665",Tree Trim,75
"188963",Tree Trim,75
"188698",Tree Removal,51
"188383",Tree Trim,75
"188712",Tree Trim,75
"188638",Tree Removal,51
"188761",Tree Trim,75
"188706",Tree Trim,75
"188805",Tree Removal,51
"188789",Tree Trim,75
"188694",Tree Removal,51
"188982",Tree Removal,51
"188760",Tree Trim,75
"188775",Tree Removal,51
"188807",Tree Trim,75
"189013",Tree Removal,51
"188985",Tree Trim,75
"188594",Tree Trim,75
"188593",Tree Trim,75
"188327",Tree Trim,75
"188560",Tree Trim,75
"188986",Tree Trim,75
"188287",Tree Trim,75
"188554",Tree Removal,51
"188567",Tree Trim,75
"188580",Tree Trim,75
"188886",Tree Removal,51
"188614",Tree Trim,75
"188808",Tree Removal,51
"189026",Tree Removal,51
"188838",Tree Removal,51
"189016",Tree Removal,51
"188749",Tree Trim,75
"188657",Tree Removal,51
"189022",Tree Removal,51
"189021",Tree Trim,75
"188787",Tree Trim,75
"189045",Tree Removal,51
"188854",Tree Removal,51
"189419",Tree Trim,75
"188718",Tree Removal,51
"189068",Tree Removal,51
"188500",Tree Removal,51
"188822",Tree Trim,75
"189025",Tree Planting,25
"188494",Tree Removal,51
"188660",Tree Trim,75
"189091",Tree Removal,51
"188697",Tree Removal,51
"188993",Tree Removal,51
"188523",Tree Removal,51
"188716",Tree Trim,78
"188475",Tree Removal,51
"188382",Tree Trim,75
"188916",Tree Trim,75
"188983",Tree Trim,75
"188629",Tree Trim,75
"188769",Tree Trim,75
"188627",Tree Trim,75
"188955",Tree Trim,75
"188624",Tree Removal,51
"188844",Tree Removal,51
"188973",Tree Trim,75
"189126",Tree Trim,75
"189116",Tree Trim,78
"188583",Tree Trim,75
"188623",Tree Trim,75
"189166",Tree Removal,51
"189054",Tree Trim,75
"188746",Tree Trim,75
"188745",Tree Trim,75
"189187",Tree Removal,51
"188458",Tree Removal,51
"188457",Tree Removal,51
"189167",Tree Trim,75
"188703",Tree Trim,75
"188701",Tree Removal,51
"189260",Tree Removal,51
"188815",Tree Trim,75
"188816",Tree Trim,75
"189234",Tree Removal,51
"188757",Tree Removal,51
"188860",Tree Trim,75
"188934",Tree Trim,75
"188837",Tree Trim,75
"189052",Tree Trim,75
"189164",Tree Trim,75
"189264",Tree Removal,51
"188848",Tree Trim,75
"189208",Tree Trim,75
"189239",Tree Removal,51
"188618",Tree Removal,51
"189099",Tree Trim,75
"189240",Tree Removal,53
,Tree Trim,
"188876",Tree Removal,51
"189308",Tree Trim,75
"188940",Tree Trim,75
"188974",Tree Removal,51
"188836",Tree Removal,51
"188998",Tree Trim,75
"189124",Tree Trim,75
"189315",Tree Removal,51
"189361",Tree Removal,51
"189255",Tree Removal,51
"189358",Tree Removal,51
"189383",Tree Removal,51
"188841",Tree Trim,75
"188587",Tree Trim,75
"189280",Tree Trim,75
"188471",Tree Removal,51
"189417",Tree Removal,51
"189450",Tree Removal,51
"189449",Tree Removal,51
"189437",Tree Removal,51
"189373",Tree Removal,51
"189454",Tree Trim,75
"189443",Tree Removal,51
"189407",Tree Removal,51
"189412",Tree Removal,51
"189406",Tree Removal,51
"189456",Tree Trim,75
"189404",Tree Removal,51
"188867",Tree Trim,75
"189386",Tree Removal,51
"189387",Tree Removal,51
"189371",Tree Removal,51
"189469",Tree Removal,51
"188855",Tree Trim,75
"188954",Tree Removal,51
"189472",Tree Removal,51
"189491",Tree Removal,51
"189490",Tree Removal,51
"189496",Tree Removal,51
"189521",Tree Removal,51
"189488",Tree Removal,51
"189493",Tree Removal,51
"189517",Tree Removal,51
"189423",Tree Removal,51
"189512",Tree Trim,75
"189442",Tree Trim,75
"189312",Tree Trim,75
,Tree Trim,
"189396",Tree Removal,51
"189547",Tree Trim,75
"189575",Tree Removal,51
"189473",Tree Removal,51
"189409",Tree Removal,51
"189036",Tree Removal,51
"189579",Tree Removal,51
"189415",Tree Trim,75
"189529",Tree Trim,75
"189527",Tree Trim,75
"189566",Tree Removal,51
"188980",Tree Trim,75
"188611",Tree Trim,75
"188498",Tree Trim,75
"189489",Tree Removal,51
"188952",Tree Removal,51
"188771",Tree Trim,75
"189178",Tree Trim,75
"188909",Tree Removal,51
"189514",Tree Trim,75
"189012",Tree Removal,51
"188765",Tree Trim,75
"189032",Tree Trim,75
"188943",Tree Trim,75
"189465",Tree Removal,51
"189274",Tree Removal,51
"189649",Tree Removal,51
"189686",Tree Removal,51
"189661",Tree Removal,51
"189696",Tree Removal,51
"189701",Tree Trim,75
"189015",Tree Trim,75
"189699",Tree Removal,51
"189713",Tree Removal,51
"189610",Tree Removal,51
"189614",Tree Trim,75
"189710",Tree Removal,51
"189156",Tree Trim,75
"189709",Tree Removal,51
"189660",Tree Removal,51
"189609",Tree Trim,75
"189756",Tree Removal,51
"189731",Tree Trim,75
"189748",Tree Removal,51
"188919",Tree Trim,75
"189754",Tree Trim,75
"188950",Tree Trim,75
"189611",Tree Removal,51
"189618",Tree Removal,51
"189727",Tree Trim,75
"189595",Tree Removal,51
"189745",Tree Removal,51
"189763",Tree Trim,75
"189750",Tree Removal,51
"189774",Tree Trim,75
"189782",Tree Removal,53
"189669",Tree Removal,51
"189827",Tree Removal,51
"189749",Tree Removal,51
"189683",Tree Trim,75
"189844",Tree Removal,51
"189824",Tree Trim,75
"189876",Tree Trim,75
"189830",Tree Removal,51
"189891",Tree Removal,51
"189020",Tree Removal,51
"189010",Tree Removal,51
"189831",Tree Removal,51
"189887",Tree Removal,51
"189903",Tree Trim,75
"189913",Tree Removal,51
,Tree Trim,
"189924",Tree Trim,75
"189888",Tree Removal,51
"189910",Tree Trim,75
"189752",Tree Removal,51
"189898",Tree Trim,75
"189867",Tree Trim,75
"190029",Tree Removal,51
"189941",Tree Removal,51
"189961",Tree Trim,75
"189922",Tree Removal,51
"189893",Tree Removal,51
"186673",Tree Stump Grinding,116
"189976",Tree Trim,75
"190064",Tree Removal,51
"189896",Tree Removal,51
"190094",Tree Removal,51
"190026",Tree Removal,51
"189247",Tree Removal,51
"189956",Tree Removal,51
"189959",Tree Removal,51
"190149",Tree Removal,51
"190095",Tree Removal,51
"189573",Tree Removal,51
"190139",Tree Removal,51
"189944",Tree Trim,75
"190152",Tree Trim,75
"190177",Tree Trim,75
"189966",Tree Removal,51
"189974",Tree Trim,75
"190182",Tree Trim,75
"190035",Tree Trim,75
"190172",Tree Removal,51
"189058",Tree Trim,75
"190146",Tree Removal,51
"190209",Tree Removal,51
"190211",Tree Removal,51
"190266",Tree Trim,75
"189236",Tree Removal,51
"190241",Tree Removal,51
"190328",Tree Removal,51
"189965",Tree Trim,75
"190255",Tree Trim,75
"189964",Tree Removal,51
"190228",Tree Removal,51
"190275",Tree Removal,51
"190175",Tree Removal,51
"190169",Tree Trim,75
,Tree Removal,
"190185",Tree Trim,75
"189088",Tree Trim,75
"190296",Tree Removal,51
"190352",Tree Removal,51
"190318",Tree Removal,51
"190363",Tree Removal,51
"189017",Tree Removal,51
"190280",Tree Removal,51
"190147",Tree Trim,75
"190301",Tree Code Violation,52
"190096",Tree Trim,75
"189885",Tree Removal,51
"190395",Tree Removal,51
"190076",Tree Removal,51
"190398",Tree Removal,51
"189038",Tree Trim,75
"189111",Tree Trim,75
"190474",Tree Trim,75
"190342",Tree Removal,51
"190329",Tree Trim,75
"188619",Tree Removal,51
"190453",Tree Removal,51
"190451",Tree Removal,51
"190452",Tree Removal,51
"190461",Tree Removal,51
"190402",Tree Removal,51
"190463",Tree Removal,51
"189390",Tree Removal,51
"190457",Tree Removal,51
"190467",Tree Removal,51
"190292",Tree Trim,75
"190447",Tree Removal,51
"189049",Tree Removal,51
"189377",Tree Planting,28
"190326",Tree Trim,75
"190159",Tree Trim,75
"189652",Tree Trim,75
"189695",Tree Removal,51
"189128",Tree Removal,51
"189118",Tree Removal,51
"189051",Tree Trim,75
"189134",Tree Removal,51
"189159",Tree Trim,75
"190496",Tree Removal,51
"190532",Tree Removal,51
"189133",Tree Removal,51
"189082",Tree Removal,51
,Tree Removal,
"189139",Tree Removal,51
"189224",Tree Trim,75
"189127",Tree Removal,51
"188818",Tree Removal,51
"188648",Tree Trim,75
"189136",Tree Removal,51
"189420",Tree Trim,75
"189121",Tree Trim,75
"189198",Tree Trim,75
"190489",Tree Trim,75
"190281",Tree Trim,75
"190098",Tree Trim,75
"189250",Tree Removal,51
"189104",Tree Removal,51
"190158",Tree Removal,51
"190279",Tree Trim,75
"190312",Tree Trim,75
"188988",Tree Trim,75
"189079",Tree Removal,51
"189399",Tree Stump Grinding,116
"188902",Tree Trim,75
"190087",Tree Removal,51
"189059",Tree Trim,75
"188834",Tree Trim,75
"190396",Tree Removal,51
"188574",Tree Trim,75
"190187",Tree Removal,51
"190370",Tree Removal,51
"189287",Tree Removal,51
"190400",Tree Trim,75
"189170",Tree Trim,75
"189245",Tree Removal,51
"189206",Tree Trim,75
"189283",Tree Removal,51
"189445",Tree Trim,75
"189212",Tree Removal,51
"189158",Tree Trim,75
"189397",Tree Trim,75
"189117",Tree Trim,75
"189525",Tree Removal,51
"189292",Tree Trim,75
"189663",Tree Trim,75
"189172",Tree Trim,75
"189192",Tree Trim,75
"189084",Tree Trim,75
"189086",Tree Trim,75
"189152",Tree Removal,51
"189320",Tree Removal,51
"189526",Tree Trim,75
"189263",Tree Trim,75
"189305",Tree Removal,51
"189261",Tree Removal,51
"189868",Tree Trim,75
"190086",Tree Stump Grinding,116
"189195",Tree Trim,75
"189655",Tree Trim,75
"190299",Tree Trim,75
"189743",Tree Trim,75
"189298",Tree Removal,51
"189265",Tree Trim,75
"189267",Tree Trim,75
"189471",Tree Removal,51
"189451",Tree Trim,75
"189063",Tree Removal,51
"189379",Tree Removal,51
"189281",Tree Trim,75
"189242",Tree Removal,51
"189446",Tree Trim,75
"189345",Tree Removal,51
"189685",Tree Trim,75
"189684",Tree Trim,75
"189657",Tree Removal,51
"189751",Tree Removal,51
"189586",Tree Trim,75
"189294",Tree Removal,51
"189385",Tree Trim,75
"190366",Tree Trim,75
"190491",Tree Trim,75
"189551",Tree Removal,51
"189906",Tree Trim,75
"189143",Tree Removal,51
"190309",Tree Trim,75
"189571",Tree Removal,51
"189458",Tree Trim,75
"190365",Tree Trim,75
"189402",Tree Trim,75
"190361",Tree Removal,51
"189607",Tree Removal,51
"190235",Tree Trim,75
"189557",Tree Removal,51
"190287",Tree Removal,51
"189591",Tree Removal,51
"190894",Tree Removal,51
"189478",Tree Trim,75
"189590",Tree Trim,75
"189182",Tree Removal,51
"189798",Tree Removal,51
"190025",Tree Removal,51
"189599",Tree Trim,75
"189792",Tree Removal,51
"189433",Tree Removal,51
"189789",Tree Removal,51
"189835",Tree Trim,75
"190019",Tree Removal,51
"189357",Tree Trim,75
"189581",Tree Removal,51
"189421",Tree Trim,75
"189275",Tree Removal,51
"189414",Tree Trim,75
"189553",Tree Removal,51
"189290",Tree Removal,51
"189439",Tree Removal,51
"189555",Tree Trim,75
"189271",Tree Removal,51
"189519",Tree Removal,51
"189252",Tree Removal,51
"189418",Tree Trim,75
"189356",Tree Trim,75
"190277",Tree Trim,75
"190191",Tree Trim,75
"189370",Tree Removal,51
"189843",Tree Trim,75
"189616",Tree Removal,51
"189304",Tree Removal,51
"189639",Tree Trim,75
"189641",Tree Trim,75
"190619",Tree Trim,75
"190357",Tree Removal,51
"190747",Tree Removal,51
"190488",Tree Removal,51
"190584",Tree Removal,51
"190617",Tree Trim,75
"189870",Tree Removal,51
"189946",Tree Removal,51
"189650",Tree Removal,51
"190670",Tree Trim,75
"189690",Tree Removal,51
"190618",Tree Removal,51
"189833",Tree Trim,75
"189918",Tree Removal,51
"189919",Tree Removal,51
"189920",Tree Removal,51
"190337",Tree Removal,51
"189949",Tree Trim,75
"190810",Tree Trim,75
"189679",Tree Trim,75
"190680",Tree Removal,51
"189742",Tree Trim,75
"189687",Tree Trim,75
"190101",Tree Trim,75
"189559",Tree Trim,75
"190351",Tree Trim,75
"190387",Tree Removal,51
"190284",Tree Trim,75
"189938",Tree Removal,51
"190140",Tree Trim,75
"190883",Tree Removal,51
"191161",Tree Trim,75
"190638",Tree Trim,75
"189507",Tree Removal,51
"190556",Tree Trim,75
"190092",Tree Trim,75
"189718",Tree Trim,75
"190930",Tree Trim,75
"189983",Tree Trim,75
"190687",Tree Trim,75
"190546",Tree Trim,75
"190436",Tree Removal,51
"191145",Tree Trim,75
"190927",Tree Removal,51
"189900",Tree Removal,51
"190268",Tree Removal,51
"190956",Tree Removal,51
"191178",Tree Trim,75
"191508",Tree Removal,51
"190917",Tree Removal,51
"191735",Tree Trim,75
"191500",Tree Removal,52
"191503",Tree Removal,51
"189744",Tree Trim,75
"189793",Tree Trim,75
"191118",Tree Removal,51
"191596",Tree Removal,51
"191587",Tree Removal,51
"191565",Tree Trim,75
"191605",Tree Trim,75
"191548",Tree Trim,75
"191581",Tree Removal,52
"191612",Tree Trim,75
"191434",Tree Removal,51
"189747",Tree Trim,75
"191580",Tree Removal,51
"191663",Tree Removal,51
"191546",Tree Trim,75
"190487",Tree Trim,75
"191608",Tree Removal,51
"189936",Tree Trim,75
"189608",Tree Removal,51
"189967",Tree Trim,75
"191639",Tree Removal,51
"189962",Tree Trim,75
"189878",Tree Removal,51
"189917",Tree Removal,51
"189921",Tree Removal,51
"189796",Tree Stump Grinding,116
"189570",Tree Trim,75
"189889",Tree Removal,51
"191641",Tree Trim,75
"191300",Tree Code Violation,52
"191654",Tree Removal,51
"189884",Tree Trim,75
"191674",Tree Removal,51
"191723",Tree Removal,51
"191719",Tree Removal,51
"191430",Tree Removal,51
"190137",Tree Removal,51
"191710",Tree Trim,75
"191763",Tree Removal,51
"191783",Tree Removal,51
"191661",Tree Removal,51
"191671",Tree Removal,51
"190022",Tree Removal,51
"190923",Tree Removal,51
"191726",Tree Removal,51
"191635",Tree Removal,51
"190793",Tree Removal,51
"190210",Tree Trim,75
"190535",Tree Removal,51
"190144",Tree Trim,75
"190797",Tree Removal,51
"191371",Tree Removal,51
"190866",Tree Removal,51
"191672",Tree Removal,51
"190391",Tree Trim,75
"191048",Tree Trim,75
"191035",Tree Trim,75
"191033",Tree Trim,75
"191036",Tree Trim,75
"191037",Tree Trim,75
"191034",Tree Trim,75
"190763",Tree Trim,75
"190542",Tree Trim,75
"189258",Tree Removal,51
"192010",Tree Removal,51
"190702",Tree Trim,75
"191919",Tree Trim,75
"191918",Tree Trim,75
"190207",Tree Trim,75
"190615",Tree Trim,75
"190544",Tree Trim,75
"191352",Tree Trim,75
"190531",Tree Removal,51
"190085",Tree Removal,51
"190020",Tree Trim,75
"189950",Tree Removal,51
"192120",Tree Removal,51
"190842",Tree Removal,51
"189911",Tree Removal,51
"189892",Tree Trim,75
"189991",Tree Trim,75
"190001",Tree Trim,75
"190514",Tree Trim,75
"191704",Tree Trim,75
"191922",Tree Removal,51
"192639",Tree Trim,75
"192089",Tree Removal,51
"192205",Tree Removal,51
"191879",Tree Removal,51
"191684",Tree Removal,51
"191538",Tree Removal,51
"192162",Tree Removal,51
"189839",Tree Trim,75
"190906",Tree Removal,51
"191926",Tree Removal,51
"190685",Tree Trim,75
"190156",Tree Removal,51
"190105",Tree Trim,75
"190119",Tree Trim,75
"191138",Tree Removal,51
"192161",Tree Removal,51
"191866",Tree Removal,51
"190176",Tree Trim,75
"190433",Tree Trim,75
"190322",Tree Removal,51
"190157",Tree Trim,75
"190155",Tree Removal,51
"191113",Tree Trim,75
"192358",Tree Trim,75
"191727",Tree Removal,51
"190765",Tree Trim,75
"192125",Tree Removal,51
"192541",Tree Removal,51
"190126",Tree Trim,75
"190450",Tree Removal,51
"190778",Tree Trim,75
"190988",Tree Removal,51
"192251",Tree Stump Grinding,116
"188852",Tree Removal,51
"191147",Tree Removal,51
"190661",Tree Trim,75
"192248",Tree Trim,75
"192460",Tree Trim,75
"190267",Tree Removal,51
"190623",Tree Removal,51
"190549",Tree Trim,75
"190082",Tree Trim,75
"190081",Tree Removal,51
"192448",Tree Removal,51
"191402",Tree Removal,51
,Tree Removal,
"190194",Tree Removal,51
"194165",Tree Removal,51
"190305",Tree Trim,75
"190303",Tree Removal,51
"190203",Tree Removal,51
"190762",Tree Removal,51
"190073",Tree Trim,75
"190672",Tree Trim,75
"190745",Tree Removal,53
"190062",Tree Trim,75
"190829",Tree Removal,51
"190166",Tree Trim,75
"192651",Tree Removal,52
"190321",Tree Removal,51
"190570",Tree Removal,51
"190084",Tree Trim,75
"191504",Tree Removal,51
"190416",Tree Trim,75
"190460",Tree Removal,51
"190508",Tree Trim,75
"190853",Tree Trim,75
"190501",Tree Removal,51
"190216",Tree Trim,75
,Tree Removal,
"190369",Tree Removal,51
"190032",Tree Removal,51
"190403",Tree Trim,75
"190202",Tree Removal,51
"190479",Tree Removal,51
"190673",Tree Trim,75
"190795",Tree Trim,75
"190626",Tree Trim,75
"190942",Tree Trim,75
"190606",Tree Removal,51
"191026",Tree Trim,86
"190471",Tree Removal,51
"190573",Tree Trim,75
"190470",Tree Removal,51
"190330",Tree Trim,75
"190605",Tree Trim,75
"190524",Tree Trim,75
"192776",Tree Trim,75
"190621",Tree Trim,75
"191526",Tree Removal,51
"190760",Tree Trim,75
"190507",Tree Trim,75
"190184",Tree Trim,75
"191357",Tree Removal,51
"190414",Tree Trim,75
"191419",Tree Removal,51
"190593",Tree Trim,75
"191040",Tree Trim,75
"190517",Tree Removal,51
"190790",Tree Removal,51
"191012",Tree Removal,51
"190640",Tree Removal,51
"190554",Tree Trim,75
"190977",Tree Removal,51
"190410",Tree Removal,51
"190937",Tree Removal,51
"190900",Tree Removal,51
"190308",Tree Trim,75
"190858",Tree Removal,51
"190564",Tree Removal,51
"192627",Tree Removal,51
"190480",Tree Trim,75
"190814",Tree Trim,75
"190627",Tree Removal,51
"192074",Tree Removal,57
"192470",Tree Trim,75
"190274",Tree Trim,75
,Tree Trim,75
"190297",Tree Removal,51
"190667",Tree Trim,74
"190539",Tree Trim,75
"190540",Tree Trim,75
"190944",Tree Removal,51
"191050",Tree Trim,75
"192630",Tree Removal,51
"190563",Tree Trim,75
"190811",Tree Trim,75
"190852",Tree Trim,75
"190823",Tree Trim,75
"191255",Tree Removal,51
"190970",Tree Removal,51
"192804",Tree Removal,51
"192154",Tree Trim,75
"191388",Tree Trim,75
"192335",Tree Removal,96
"192198",Tree Removal,51
"191270",Tree Removal,52
"191452",Tree Trim,75
"193001",Tree Trim,75
"193002",Tree Removal,51
"192993",Tree Trim,75
"193000",Tree Removal,51
"192999",Tree Removal,51
"191986",Tree Trim,75
"192994",Tree Removal,51
"192989",Tree Trim,75
"192991",Tree Removal,51
"193006",Tree Removal,51
"191384",Tree Trim,75
"191396",Tree Removal,51
"192997",Tree Removal,51
"193003",Tree Removal,51
"190609",Tree Trim,75
"191189",Tree Trim,75
"193007",Tree Removal,51
"191983",Tree Trim,75
"190798",Tree Trim,75
"190557",Tree Removal,51
"191972",Tree Trim,75
"192507",Tree Removal,51
"191535",Tree Trim,75
"192575",Tree Removal,51
"193008",Tree Removal,51
"192451",Tree Trim,75
"191691",Tree Trim,75
"191276",Tree Removal,52
"191400",Tree Trim,75
"190693",Tree Trim,75
"191687",Tree Removal,51
"193014",Tree Removal,51
"191418",Tree Trim,75
"193015",Tree Removal,51
"191399",Tree Removal,51
"193039",Tree Removal,51
"191529",Tree Trim,75
"191924",Tree Trim,75
"191562",Tree Trim,75
"193044",Tree Removal,51
"192877",Tree Removal,51
"192748",Tree Trim,75
"190968",Tree Removal,51
"190804",Tree Trim,75
"192976",Tree Trim,75
"190931",Tree Removal,51
"191395",Tree Trim,75
"191334",Tree Removal,51
"190913",Tree Trim,75
"191373",Tree Trim,75
"191080",Tree Removal,51
,Tree Removal,
"192977",Tree Stump Grinding,116
"193064",Tree Removal,52
"190766",Tree Trim,75
"193092",Tree Removal,51
"190802",Tree Removal,51
"193082",Tree Removal,51
"190828",Tree Trim,75
"191007",Tree Stump Grinding,116
"191171",Tree Trim,75
"190679",Tree Trim,75
"191304",Tree Trim,77
"190662",Tree Trim,75
"193078",Tree Removal,51
"193063",Tree Removal,51
"190579",Tree Trim,75
"190932",Tree Removal,51
"191379",Tree Removal,51
"191833",Tree Removal,51
"190939",Tree Trim,75
"191052",Tree Removal,51
"193062",Tree Removal,51
"191941",Tree Trim,75
"192337",Tree Trim,75
,Tree Removal,
"191931",Tree Removal,51
"193076",Tree Removal,51
"191175",Tree Trim,75
"191653",Tree Removal,51
"192636",Tree Trim,75
"191184",Tree Trim,75
"192653",Tree Trim,77
"192489",Tree Trim,75
"191738",Tree Stump Grinding,116
"193102",Tree Removal,51
"192591",Tree Removal,51
"192215",Tree Trim,75
"192277",Tree Removal,51
"190855",Tree Removal,51
"190910",Tree Removal,51
"193109",Tree Removal,51
"190664",Tree Removal,51
"192529",Tree Removal,51
"190884",Tree Trim,75
"190792",Tree Removal,51
"193126",Tree Removal,51
"192738",Tree Trim,75
"190856",Tree Trim,79
,Tree Removal,
"190714",Tree Removal,51
"190840",Tree Trim,75
"190684",Tree Removal,51
"191273",Tree Removal,52
"190635",Tree Trim,75
"191132",Tree Removal,51
"191212",Tree Removal,51
"191165",Tree Trim,75
"191655",Tree Trim,75
"191179",Tree Removal,51
"190950",Tree Trim,75
"191339",Tree Removal,51
"191393",Tree Trim,75
"191317",Tree Trim,75
"191615",Tree Trim,75
"193158",Tree Trim,75
"193168",Tree Removal,51
"191084",Tree Trim,75
"191190",Tree Trim,75
"193172",Tree Removal,51
"191001",Tree Trim,75
"193171",Tree Removal,51
"193179",Tree Removal,51
,Tree Trim,
,Tree Removal,
,Tree Removal,
"190583",Tree Removal,51
"191737",Tree Removal,51
"192061",Tree Removal,51
"190909",Tree Trim,75
"192909",Tree Removal,51
"193210",Tree Removal,51
"191116",Tree Trim,75
"190868",Tree Removal,51
"190980",Tree Removal,51
"191553",Tree Removal,51
"192635",Tree Removal,51
"191257",Tree Trim,77
"191914",Tree Removal,51
"193108",Tree Removal,51
"191346",Tree Trim,75
"191403",Tree Trim,75
"191973",Tree Removal,51
"191840",Tree Trim,75
"190310",Tree Removal,51
"190770",Tree Removal,51
"193211",Tree Trim,75
"193166",Tree Removal,51
"191302",Tree Removal,51
"193196",Tree Removal,51
"191552",Tree Trim,75
"191594",Tree Trim,75
"191728",Tree Trim,75
"191323",Tree Removal,51
"191183",Tree Trim,75
"191180",Tree Removal,51
"191790",Tree Trim,75
"193214",Tree Removal,51
"191263",Tree Trim,76
"193261",Tree Removal,51
"191858",Tree Trim,78
"193235",Tree Removal,51
"191884",Tree Removal,51
"193254",Tree Removal,51
"192336",Tree Trim,75
"192199",Tree Removal,51
"192114",Tree Removal,51
"191176",Tree Trim,75
"192009",Tree Removal,51
"191960",Tree Removal,51
"191893",Tree Trim,75
"191316",Tree Trim,75
"191662",Tree Removal,51
"191456",Tree Removal,51
"193256",Tree Removal,51
"191425",Tree Removal,51
"190604",Tree Removal,51
"193150",Tree Trim,75
"192826",Tree Trim,75
"193217",Tree Removal,51
"191621",Tree Removal,51
"193173",Tree Trim,75
"192672",Tree Removal,53
"192321",Tree Trim,75
"192613",Tree Removal,51
"192310",Tree Trim,75
"191294",Tree Trim,75
"192160",Tree Trim,75
"191217",Tree Trim,75
"192423",Tree Trim,75
"192572",Tree Removal,51
"191361",Tree Removal,51
"192963",Tree Removal,51
"191554",Tree Trim,75
"192986",Tree Trim,75
"191078",Tree Trim,75
"191440",Tree Trim,75
"192820",Tree Removal,51
"193286",Tree Removal,51
"192351",Tree Removal,51
"191942",Tree Removal,51
"192831",Tree Removal,51
"193298",Tree Removal,51
"191337",Tree Trim,75
"192283",Tree Removal,51
"191355",Tree Trim,75
"190984",Tree Removal,51
"190978",Tree Trim,75
"192222",Tree Removal,51
"191200",Tree Removal,51
"192281",Tree Removal,51
"191045",Tree Removal,51
"191164",Tree Trim,75
"192087",Tree Trim,75
"191005",Tree Removal,51
"192063",Tree Trim,80
"191131",Tree Trim,78
"192017",Tree Trim,75
"192016",Tree Trim,75
,Tree Trim,
"190949",Tree Removal,51
"191004",Tree Trim,75
"193323",Tree Removal,51
"192752",Tree Removal,51
"193236",Tree Trim,75
"191689",Tree Trim,75
"191198",Tree Trim,75
"192499",Tree Trim,75
"192754",Tree Trim,75
"193018",Tree Removal,51
"191715",Tree Removal,51
"192718",Tree Trim,75
"193348",Tree Removal,51
"192929",Tree Removal,51
"191869",Tree Trim,75
"191128",Tree Trim,75
"193287",Tree Trim,75
"192111",Tree Trim,75
"190985",Tree Trim,75
"192971",Tree Trim,75
"192703",Tree Removal,51
"192174",Tree Trim,75
"191261",Tree Removal,52
"193345",Tree Removal,51
"192135",Tree Trim,75
"191207",Tree Trim,75
"191449",Tree Trim,75
"191196",Tree Removal,51
"191933",Tree Trim,75
"192693",Tree Removal,51
"191091",Tree Trim,75
"191595",Tree Trim,75
"191707",Tree Trim,75
"192931",Tree Trim,75
"191081",Tree Trim,75
"192895",Tree Trim,75
"191424",Tree Trim,75
"192722",Tree Removal,51
"193376",Tree Removal,51
"191306",Tree Trim,75
"191610",Tree Removal,51
"192927",Tree Removal,51
"193255",Tree Removal,51
"193083",Tree Trim,75
"192441",Tree Trim,75
"193377",Tree Removal,51
"192187",Tree Trim,75
"192442",Tree Trim,75
"193330",Tree Trim,75
"192042",Tree Removal,51
"192924",Tree Removal,51
"193391",Tree Removal,51
"192656",Tree Removal,51
"191697",Tree Trim,75
"191781",Tree Trim,75
"191679",Tree Trim,75
"192181",Tree Trim,75
"192446",Tree Trim,75
"191527",Tree Trim,75
"191682",Tree Removal,51
"193375",Tree Trim,75
"191659",Tree Removal,51
"191874",Tree Trim,75
"193421",Tree Trim,75
"193222",Tree Code Violation,52
"191916",Tree Removal,51
"191921",Tree Removal,51
"191299",Tree Trim,75
"192791",Tree Trim,75
"192659",Tree Trim,75
"191125",Tree Trim,75
"193258",Tree Removal,51
"191881",Tree Trim,75
"191066",Tree Removal,51
"191606",Tree Trim,75
"193390",Tree Trim,75
"192707",Tree Removal,51
"192677",Tree Trim,77
"193181",Tree Trim,75
"193251",Tree Removal,51
"190846",Tree Removal,51
"193383",Tree Removal,51
"192883",Tree Removal,51
"193447",Tree Removal,55
"192719",Tree Trim,75
"193234",Tree Removal,51
"192907",Tree Trim,75
"192012",Tree Trim,75
"192449",Tree Removal,51
"193461",Tree Removal,51
"191901",Tree Removal,51
"191765",Tree Trim,75
"191545",Tree Removal,51
"191542",Tree Trim,75
"191604",Tree Removal,51
"191365",Tree Trim,75
"191696",Tree Trim,75
"191549",Tree Trim,75
"191383",Tree Removal,51
"193425",Tree Removal,51
"193478",Tree Trim,75
"193502",Tree Removal,51
"193321",Tree Trim,75
"193492",Tree Removal,52
"192966",Tree Removal,51
"192951",Tree Removal,51
"193394",Tree Removal,51
"193484",Tree Removal,51
"193497",Tree Trim,75
"191044",Tree Trim,75
"192455",Tree Removal,51
"192262",Tree Removal,51
"191083",Tree Trim,75
"192357",Tree Trim,75
"193237",Tree Trim,75
"193543",Tree Removal,51
"193528",Tree Removal,51
"192217",Tree Removal,51
"192062",Tree Removal,53
,Tree Trim,
"192093",Tree Removal,51
"192098",Tree Removal,51
"191880",Tree Trim,75
"191313",Tree Trim,75
"193546",Tree Trim,75
"193567",Tree Removal,51
"192155",Tree Removal,51
"192838",Tree Removal,51
"193572",Tree Trim,75
"193663",Tree Removal,51
"193498",Tree Removal,51
"193449",Tree Removal,51
"191747",Tree Removal,51
"193506",Tree Trim,75
"192479",Tree Removal,51
"191789",Tree Removal,51
"193523",Tree Removal,51
"192634",Tree Trim,75
"193219",Tree Trim,75
"191744",Tree Removal,51
"191431",Tree Removal,51
"191945",Tree Trim,75
"192633",Tree Trim,75
,Tree Trim,
"192291",Tree Removal,51
"191950",Tree Removal,51
"192665",Tree Removal,51
"191457",Tree Trim,75
"193559",Tree Removal,51
"192412",Tree Removal,51
"191786",Tree Removal,52
"192331",Tree Trim,75
"191657",Tree Removal,51
"193402",Tree Trim,75
"193349",Tree Trim,75
"192898",Tree Trim,75
"193056",Tree Trim,75
"192697",Tree Removal,51
"193615",Tree Removal,55
"192773",Tree Removal,51
"193587",Tree Removal,51
"193611",Tree Removal,55
"192799",Tree Removal,51
"191902",Tree Trim,75
"192886",Tree Removal,51
"193297",Tree Removal,51
"192661",Tree Trim,75
,Tree Removal,
"192767",Tree Removal,51
"192188",Tree Trim,75
"191904",Tree Removal,51
"193415",Tree Stump Grinding,116
"192878",Tree Trim,76
"192904",Tree Removal,51
"193613",Tree Removal,55
"193520",Tree Trim,75
"193454",Tree Removal,51
"193188",Tree Trim,75
"193299",Tree Trim,75
"193622",Tree Trim,75
"193598",Tree Removal,51
"192899",Tree Trim,75
"193438",Tree Trim,75
"191740",Tree Removal,51
"192387",Tree Trim,75
"193628",Tree Removal,51
"192858",Tree Trim,75
"191115",Tree Removal,50
"191701",Tree Trim,75
"193337",Tree Trim,75
"193599",Tree Trim,75
"192779",Tree Removal,51
"193581",Tree Trim,75
"193504",Tree Trim,75
"192664",Tree Removal,51
"192903",Tree Removal,51
"192965",Tree Removal,51
"192621",Tree Trim,75
"191716",Tree Removal,51
"191838",Tree Removal,51
"192894",Tree Removal,51
"193342",Tree Removal,51
"192163",Tree Trim,75
"191149",Tree Trim,74
"192830",Tree Removal,51
"193630",Tree Trim,75
"193282",Tree Removal,51
"193556",Tree Removal,51
"191327",Tree Trim,75
"193560",Tree Removal,51
"192780",Tree Removal,51
"193350",Tree Trim,75
"192943",Tree Removal,51
"191752",Tree Trim,75
"193627",Tree Removal,51
,Tree Removal,
,Tree Trim,
"193657",Tree Trim,75
"193212",Tree Trim,75
"193285",Tree Removal,51
"192487",Tree Trim,75
"192428",Tree Trim,75
"193505",Tree Trim,75
"193169",Tree Removal,51
"193148",Tree Trim,75
"192405",Tree Trim,75
"193558",Tree Trim,75
"192410",Tree Trim,75
"193088",Tree Trim,75
"193174",Tree Trim,75
"193089",Tree Trim,75
"192327",Tree Trim,75
"193401",Tree Trim,75
"193315",Tree Trim,75
"193157",Tree Trim,75
"193584",Tree Removal,51
"193077",Tree Removal,51
"192988",Tree Removal,51
"193686",Tree Trim,75
"193679",Tree Trim,75
"193647",Tree Trim,75
"192910",Tree Removal,51
"193541",Tree Removal,51
"192133",Tree Trim,75
"193604",Tree Trim,75
"192406",Tree Trim,75
"193690",Tree Removal,51
"193649",Tree Trim,75
"192736",Tree Removal,51
"193278",Tree Trim,75
"192235",Tree Trim,75
"193643",Tree Removal,51
"192818",Tree Trim,75
"193517",Tree Removal,51
"191054",Tree Removal,51
"193638",Tree Removal,51
"192900",Tree Trim,75
"193654",Tree Trim,75
"191694",Tree Removal,51
"192078",Tree Removal,57
"192772",Tree Removal,51
"192483",Tree Trim,78
"192092",Tree Trim,75
"193656",Tree Trim,75
"192521",Tree Trim,75
"191793",Tree Removal,51
"193355",Tree Trim,75
"192860",Tree Trim,75
"193648",Tree Trim,75
"191574",Tree Removal,52
"193403",Tree Trim,75
"192524",Tree Removal,51
"192654",Tree Removal,53
"193592",Tree Removal,51
"192245",Tree Trim,75
"192762",Tree Trim,75
"193680",Tree Removal,51
"192246",Tree Trim,75
"192435",Tree Trim,75
"193712",Tree Removal,51
"191961",Tree Removal,51
"192638",Tree Removal,51
"193085",Tree Removal,51
"192208",Tree Trim,75
"192096",Tree Removal,51
"191981",Tree Trim,75
"192388",Tree Trim,75
"193768",Tree Removal,51
"193758",Tree Removal,51
"192386",Tree Trim,75
"192359",Tree Trim,75
"192657",Tree Removal,51
"192684",Tree Removal,51
"192383",Tree Trim,75
"192685",Tree Removal,51
"192674",Tree Trim,75
"192390",Tree Trim,75
"193772",Tree Removal,51
"192250",Tree Removal,51
"192477",Tree Removal,51
"192949",Tree Removal,51
"192723",Tree Trim,75
"192906",Tree Trim,76
"192156",Tree Removal,51
"193774",Tree Trim,75
"193767",Tree Trim,75
"192394",Tree Trim,75
"193739",Tree Removal,51
"192457",Tree Removal,51
"193779",Tree Removal,51
"193802",Tree Removal,51
"193736",Tree Removal,51
"193808",Tree Trim,75
"193811",Tree Removal,51
"192787",Tree Removal,51
"192950",Tree Removal,51
"193783",Tree Removal,51
"193798",Tree Removal,51
"193820",Tree Removal,51
"193814",Tree Trim,75
"193800",Tree Removal,51
"193799",Tree Removal,51
"193815",Tree Removal,51
"192081",Tree Trim,75
"193795",Tree Removal,51
"192436",Tree Removal,51
"193658",Tree Trim,75
"193711",Tree Trim,75
"192520",Tree Trim,75
"193734",Tree Trim,75
"192177",Tree Removal,51
"193827",Tree Trim,75
"193562",Tree Trim,75
"193843",Tree Removal,51
"193842",Tree Removal,51
"193538",Tree Trim,75
"193623",Tree Removal,51
"193824",Tree Removal,51
"193590",Tree Removal,51
"192704",Tree Removal,51
"193302",Tree Removal,51
"193448",Tree Removal,51
"192737",Tree Removal,51
"192467",Tree Removal,51
"191947",Tree Trim,75
"193259",Tree Trim,75
"193612",Tree Trim,79
"194419",Tree Removal,51
"193141",Tree Trim,75
"192260",Tree Trim,75
"192852",Tree Removal,51
"192710",Tree Trim,75
"193304",Tree Trim,75
"192332",Tree Trim,75
"193597",Tree Trim,75
"193675",Tree Removal,51
"192970",Tree Removal,51
"191669",Tree Trim,75
"192424",Tree Removal,51
"193634",Tree Trim,75
"192288",Tree Trim,75
"193913",Tree Trim,75
"192916",Tree Removal,51
"193682",Tree Removal,51
"192244",Tree Trim,75
"193876",Tree Removal,51
"193781",Tree Trim,75
"193857",Tree Removal,51
"193713",Tree Trim,75
"193493",Tree Trim,75
"193595",Tree Trim,75
"193881",Tree Trim,75
"192691",Tree Trim,75
"192165",Tree Trim,75
"190683",Tree Removal,51
"193677",Tree Trim,75
"193780",Tree Removal,52
"192367",Tree Trim,75
"192366",Tree Trim,75
"193863",Tree Trim,75
"192365",Tree Trim,75
"193856",Tree Removal,51
"192364",Tree Trim,75
,Tree Trim,
"193409",Tree Stump Grinding,116
"193853",Tree Removal,51
"193877",Tree Trim,75
"192369",Tree Trim,75
"193908",Tree Removal,51
"193839",Tree Removal,51
"193161",Tree Removal,51
"193866",Tree Trim,75
"193874",Tree Removal,51
"193794",Tree Removal,51
"193879",Tree Removal,51
"193847",Tree Trim,75
"193662",Tree Trim,75
"193764",Tree Trim,75
"193717",Tree Trim,75
"192220",Tree Removal,51
"193709",Tree Removal,51
"193719",Tree Trim,75
"193854",Tree Removal,51
"192706",Tree Trim,75
"193687",Tree Trim,75
"193501",Tree Removal,51
"193726",Tree Trim,75
,Tree Code Violation,
"193744",Tree Removal,51
"193868",Tree Removal,51
"193952",Tree Removal,51
"193955",Tree Removal,51
"193848",Tree Removal,51
"193013",Tree Trim,75
"193844",Tree Trim,75
"193911",Tree Removal,51
"193931",Tree Trim,75
"192640",Tree Removal,51
"193883",Tree Removal,51
"192490",Tree Trim,75
"193912",Tree Trim,75
"192897",Tree Trim,75
"193238",Tree Removal,51
"193930",Tree Removal,51
"193907",Tree Removal,51
"194013",Tree Trim,75
"193934",Tree Trim,78
"193922",Tree Trim,75
"194029",Tree Trim,75
"194028",Tree Trim,75
"194027",Tree Trim,75
"194023",Tree Trim,88
"193949",Tree Removal,51
"193995",Tree Trim,75
"194012",Tree Removal,53
"194004",Tree Removal,63
"193732",Tree Removal,51
"193956",Tree Trim,75
"193917",Tree Trim,75
"193925",Tree Trim,75
"193975",Tree Removal,51
"194057",Tree Removal,51
"192167",Tree Removal,51
"194064",Tree Removal,51
"194060",Tree Removal,51
"194036",Tree Removal,51
"193968",Tree Trim,75
"194000",Tree Trim,75
"194087",Tree Removal,51
"194021",Tree Trim,82
"194096",Tree Removal,51
"194069",Tree Removal,51
"194085",Tree Trim,75
"194075",Tree Trim,75
"194070",Tree Removal,51
"194076",Tree Trim,75
"194114",Tree Trim,75
"194107",Tree Removal,51
"194119",Tree Removal,51
"194032",Tree Removal,51
"194062",Tree Trim,75
"194108",Tree Trim,75
"193939",Tree Removal,54
"192134",Tree Removal,51
"194130",Tree Removal,51
"193946",Tree Removal,51
"194088",Tree Removal,51
"189873",Tree Removal,51
"192632",Tree Trim,75
"194137",Tree Removal,51
"192919",Tree Removal,51
"193865",Tree Trim,75
"193380",Tree Trim,75
"194115",Tree Trim,75
"194105",Tree Trim,75
"193740",Tree Trim,75
"193826",Tree Trim,75
"193730",Tree Removal,51
"193927",Tree Trim,75
"191930",Tree Trim,75
"192889",Tree Removal,51
"194163",Tree Removal,51
"192682",Tree Removal,51
"194142",Tree Trim,76
"194135",Tree Removal,51
"194154",Tree Removal,51
"194156",Tree Removal,51
"193451",Tree Removal,51
"194089",Tree Trim,75
"194150",Tree Trim,75
"194155",Tree Trim,75
"194095",Tree Trim,75
"193932",Tree Removal,51
"192803",Tree Removal,51
"193576",Tree Trim,75
"192391",Tree Trim,75
"192398",Tree Trim,75
"194024",Tree Trim,75
"192452",Tree Removal,51
"192399",Tree Trim,75
"193216",Tree Removal,51
"192401",Tree Trim,75
"192403",Tree Trim,75
"193936",Tree Trim,78
"193976",Tree Trim,75
"193650",Tree Removal,51
"193666",Tree Trim,75
"193142",Tree Removal,51
"194197",Tree Removal,51
"193836",Tree Trim,75
"193583",Tree Trim,75
"193263",Tree Removal,51
"194210",Tree Removal,51
"191841",Tree Trim,75
"194186",Tree Trim,75
"193632",Tree Removal,51
"192360",Tree Trim,75
"194164",Tree Removal,51
"194033",Tree Removal,51
"194166",Tree Trim,75
"194188",Tree Trim,75
"194207",Tree Removal,51
"194214",Tree Removal,51
"194117",Tree Removal,51
"194094",Tree Trim,75
"194077",Tree Removal,51
"194209",Tree Removal,51
,Tree Removal,
"194168",Tree Trim,75
"194136",Tree Removal,51
"192854",Tree Removal,51
"193835",Tree Removal,51
"193689",Tree Removal,51
"191233",Tree Stump Grinding,116
"194158",Tree Removal,51
"193914",Tree Removal,51
"194198",Tree Stump Grinding,116
"193218",Tree Trim,287
"193966",Tree Trim,76
"193561",Tree Removal,51
"194230",Tree Removal,51
"193453",Tree Removal,51
"194238",Tree Trim,75
"194217",Tree Removal,51
"194143",Tree Trim,75
"194215",Tree Removal,51
"194118",Tree Stump Grinding,116
"194144",Tree Removal,51
"194030",Tree Removal,51
"193443",Tree Removal,51
"194157",Tree Trim,75
"194221",Tree Removal,51
"194097",Tree Trim,75
"194250",Tree Removal,51
"194134",Tree Trim,75
"194068",Tree Trim,75
"194231",Tree Trim,75
"194128",Tree Trim,75
"194080",Tree Trim,75
"194058",Tree Trim,75
"194083",Tree Removal,51
"194133",Tree Removal,51
"193110",Tree Trim,75
"194236",Tree Removal,51
"193081",Tree Removal,51
"193969",Tree Removal,51
"192964",Tree Trim,75
"194153",Tree Trim,75
"192968",Tree Trim,75
"192881",Tree Removal,51
"192741",Tree Removal,51
"193455",Tree Removal,51
"193175",Tree Trim,75
"194251",Tree Removal,51
"192749",Tree Trim,75
"194294",Tree Removal,51
"193153",Tree Removal,51
"194193",Tree Trim,75
"193963",Tree Trim,75
"194279",Tree Removal,51
"194056",Tree Removal,51
"192932",Tree Removal,51
"194241",Tree Trim,75
"192873",Tree Trim,75
"194181",Tree Removal,51
"193472",Tree Trim,75
"192925",Tree Trim,75
"194239",Tree Removal,51
"193283",Tree Removal,51
"193928",Tree Removal,51
"193640",Tree Removal,51
"193420",Tree Removal,51
"194005",Tree Trim,75
"193346",Tree Trim,75
"193747",Tree Trim,75
"193749",Tree Trim,75
"194290",Tree Trim,75
,Tree Code Violation,
"194299",Tree Trim,75
"193748",Tree Trim,75
"193470",Tree Removal,51
"193653",Tree Removal,51
"194259",Tree Trim,75
"193958",Tree Trim,75
"194257",Tree Removal,51
"194237",Tree Removal,51
"194222",Tree Removal,51
"194263",Tree Removal,51
"193741",Tree Removal,51
"194073",Tree Trim,75
"194247",Tree Trim,75
"193776",Tree Trim,75
"193948",Tree Trim,75
"194308",Tree Removal,51
"194321",Tree Removal,51
"194284",Tree Trim,75
"194307",Tree Stump Grinding,116
"194306",Tree Trim,75
"194102",Tree Removal,51
"193414",Tree Removal,51
"194124",Tree Trim,75
"193113",Tree Trim,75
"193114",Tree Trim,75
"194399",Tree Trim,75
"193937",Tree Trim,79
"193115",Tree Trim,75
"194289",Tree Trim,75
"195208",Tree Trim,75
"193873",Tree Trim,75
"194248",Tree Removal,51
"194288",Tree Trim,75
"193769",Tree Trim,75
"192123",Tree Trim,75
"194270",Tree Removal,51
"194309",Tree Trim,75
"194291",Tree Trim,75
"194228",Tree Trim,75
"193086",Tree Trim,75
"193087",Tree Trim,75
"193670",Tree Removal,51
"193049",Tree Trim,75
"193659",Tree Trim,75
"194344",Tree Removal,51
"194322",Tree Trim,75
"193974",Tree Trim,75
,Tree Code Violation,
"194104",Tree Removal,51
"194252",Tree Removal,51
"194100",Tree Trim,75
"193841",Tree Removal,51
"194177",Tree Removal,51
"194333",Tree Removal,51
"193991",Tree Removal,51
"194338",Tree Removal,51
"193755",Tree Trim,75
"194332",Tree Trim,75
"193753",Tree Trim,75
"193761",Tree Trim,75
"194339",Tree Trim,75
"193322",Tree Trim,75
"193759",Tree Trim,75
"193766",Tree Trim,75
"194009",Tree Removal,51
"193942",Tree Removal,53
"194362",Tree Removal,51
"193855",Tree Trim,75
"194254",Tree Removal,51
"194370",Tree Trim,75
,Tree Code Violation,
"194345",Tree Trim,75
"193743",Tree Trim,75
"193905",Tree Removal,51
"194132",Tree Removal,51
"194373",Tree Trim,75
"194401",Tree Removal,51
"194016",Tree Trim,75
"194020",Tree Trim,75
"194395",Tree Removal,51
"193537",Tree Removal,51
"194389",Tree Trim,75
"194342",Tree Removal,51
"194381",Tree Removal,51
"194382",Tree Trim,75
"194325",Tree Trim,75
"194398",Tree Removal,51
"193994",Tree Trim,75
"194354",Tree Removal,51
"194412",Tree Trim,75
"194384",Tree Removal,51
"194426",Tree Trim,75
"193971",Tree Removal,51
"194415",Tree Trim,75
,Tree Removal,
"194376",Tree Trim,75
"194454",Tree Removal,51
"194343",Tree Trim,75
"193806",Tree Trim,75
"194169",Tree Trim,75
"194091",Tree Trim,75
"194445",Tree Trim,75
"194065",Tree Trim,75
"194458",Tree Removal,51
"194459",Tree Trim,75
"194357",Tree Trim,75
"194428",Tree Removal,51
"194446",Tree Trim,75
"194098",Tree Trim,75
"194464",Tree Removal,51
"194274",Tree Trim,75
"194452",Tree Removal,51
"194131",Tree Removal,51
"194352",Tree Trim,75
"194421",Tree Trim,75
"194380",Tree Trim,75
"194363",Tree Trim,75
"194312",Tree Trim,75
"194460",Tree Removal,51
"194431",Tree Trim,75
"194441",Tree Trim,75
"194019",Tree Trim,75
"190426",Tree Removal,51
"194479",Tree Removal,51
"194461",Tree Removal,51
"194440",Tree Trim,75
"194443",Tree Trim,75
"194375",Tree Trim,75
"194467",Tree Trim,83
"194424",Tree Removal,51
"194492",Tree Trim,75
"194498",Tree Removal,51
"194276",Tree Trim,75
"194434",Tree Trim,75
"194364",Tree Trim,75
"193953",Tree Trim,75
"193486",Tree Removal,51
"194465",Tree Trim,76
"194449",Tree Trim,75
"194471",Tree Removal,51
"194432",Tree Removal,51
"194218",Tree Trim,75
"193665",Tree Removal,51
"193154",Tree Removal,51
"194410",Tree Trim,75
"194514",Tree Removal,51
"194507",Tree Removal,51
"194504",Tree Trim,75
"194532",Tree Removal,51
"194524",Tree Trim,75
"194502",Tree Removal,51
"194520",Tree Trim,75
"194390",Tree Trim,75
"194015",Tree Trim,75
"194508",Tree Trim,75
"194422",Tree Removal,51
"194418",Tree Removal,51
"194372",Tree Removal,51
"194359",Tree Removal,51
"194495",Tree Trim,75
"194437",Tree Trim,75
"194515",Tree Trim,75
"194564",Tree Removal,51
"194557",Tree Removal,51
"194569",Tree Removal,51
,Tree Removal,
"194565",Tree Removal,51
"194531",Tree Removal,52
"194535",Tree Trim,75
"194541",Tree Trim,75
"194490",Tree Removal,51
"194503",Tree Removal,51
"194497",Tree Trim,75
"194527",Tree Removal,51
"194583",Tree Trim,75
"194587",Tree Trim,75
"194579",Tree Trim,75
"194585",Tree Trim,75
"194386",Tree Trim,75
"194500",Tree Trim,75
"194548",Tree Trim,75
"194327",Tree Trim,75
"194560",Tree Removal,51
"194577",Tree Removal,51
"194472",Tree Trim,75
"194588",Tree Removal,51
"194614",Tree Removal,51
"194570",Tree Trim,75
"194626",Tree Removal,51
"194634",Tree Removal,51
"194623",Tree Trim,75
"194617",Tree Removal,51
"194630",Tree Trim,75
"194624",Tree Removal,51
"194621",Tree Removal,51
"194631",Tree Trim,75
"194619",Tree Trim,75
"194353",Tree Trim,75
"194639",Tree Removal,51
"194644",Tree Removal,51
"194638",Tree Trim,75
"194558",Tree Trim,75
"194616",Tree Trim,75
"194542",Tree Removal,51
"194632",Tree Trim,75
"194608",Tree Trim,75
"194591",Tree Trim,75
"193950",Tree Trim,75
"194661",Tree Trim,75
"194685",Tree Trim,75
"194681",Tree Trim,75
"194593",Tree Trim,75
,Tree Trim,
"194675",Tree Trim,75
"194666",Tree Removal,51
"194670",Tree Removal,51
"194655",Tree Removal,51
"194689",Tree Removal,51
"194692",Tree Trim,75
"194657",Tree Trim,75
"194678",Tree Trim,75
"194667",Tree Removal,51
"194704",Tree Removal,51
"194695",Tree Removal,51
"194713",Tree Removal,51
"194717",Tree Removal,51
"194650",Tree Trim,75
"194725",Tree Removal,51
"194712",Tree Removal,51
"194705",Tree Removal,51
"194731",Tree Trim,75
"194668",Tree Trim,75
"194732",Tree Removal,51
"194743",Tree Trim,75
,Tree Removal,
"194698",Tree Trim,75
"194720",Tree Trim,75
"194707",Tree Removal,51
"194726",Tree Removal,51
"194589",Tree Removal,51
"194739",Tree Removal,51
"194710",Tree Removal,51
"194752",Tree Trim,75
"194769",Tree Removal,51
"194763",Tree Removal,51
"194773",Tree Trim,75
"194759",Tree Removal,51
"194764",Tree Removal,51
"194761",Tree Removal,51
"194777",Tree Trim,75
"194760",Tree Trim,75
"194749",Tree Removal,51
"194758",Tree Trim,75
"194737",Tree Removal,51
"194774",Tree Removal,51
"194775",Tree Trim,75
"194766",Tree Removal,51
"194755",Tree Removal,51
"194770",Tree Trim,75
"194767",Tree Trim,75
"194723",Tree Removal,51
"194750",Tree Trim,75
"194747",Tree Trim,75
"194785",Tree Trim,75
"194795",Tree Trim,75
"194789",Tree Removal,51
"194800",Tree Removal,51
"194658",Tree Removal,51
"194812",Tree Removal,51
"194042",Tree Trim,75
"194665",Tree Trim,75
"194780",Tree Trim,75
"194827",Tree Removal,51
"194791",Tree Removal,51
"194801",Tree Removal,51
"194803",Tree Trim,75
"194787",Tree Trim,75
"194807",Tree Removal,51
"194798",Tree Trim,75
"194825",Tree Removal,51
"194844",Tree Removal,51
"194840",Tree Removal,51
"194853",Tree Removal,51
"194811",Tree Trim,75
"194831",Tree Removal,51
"194847",Tree Removal,51
"194860",Tree Removal,51
"194850",Tree Removal,51
"194866",Tree Removal,51
"194870",Tree Removal,51
"194851",Tree Removal,51
"194867",Tree Removal,51
"194843",Tree Removal,51
"194863",Tree Removal,51
"194874",Tree Removal,51
"194911",Tree Trim,75
"194842",Tree Removal,51
"194841",Tree Removal,51
"194856",Tree Removal,51
"194861",Tree Removal,51
"194822",Tree Removal,172
"194834",Tree Removal,51
"194888",Tree Removal,51
"194891",Tree Removal,51
"194819",Tree Trim,75
"194865",Tree Removal,51
"194835",Tree Trim,75
"194824",Tree Removal,51
"194875",Tree Trim,75
"194876",Tree Trim,75
"194889",Tree Trim,75
"194882",Tree Removal,51
"194900",Tree Removal,51
"194925",Tree Removal,51
"194893",Tree Removal,51
"194923",Tree Removal,51
"194928",Tree Trim,75
"194808",Tree Trim,75
"194914",Tree Removal,51
"194927",Tree Trim,75
"194823",Tree Trim,75
"194833",Tree Trim,75
"194924",Tree Removal,51
"194912",Tree Trim,75
"194873",Tree Trim,75
"194880",Tree Removal,51
"194918",Tree Trim,75
"194958",Tree Removal,51
"194969",Tree Removal,51
"194960",Tree Trim,75
,Tree Removal,
"194963",Tree Removal,51
"194913",Tree Trim,75
"194974",Tree Trim,75
"194970",Tree Removal,51
"194950",Tree Removal,51
"194916",Tree Trim,75
"194965",Tree Trim,75
"194995",Tree Trim,75
"194979",Tree Trim,75
"194968",Tree Removal,51
"194943",Tree Removal,51
"194906",Tree Trim,75
"194956",Tree Trim,75
"194930",Tree Trim,75
"195017",Tree Removal,51
"194978",Tree Removal,51
"194955",Tree Trim,75
"195010",Tree Trim,75
"195015",Tree Trim,75
"194973",Tree Trim,75
"194934",Tree Removal,51
"194957",Tree Trim,75
"194820",Tree Removal,51
"194988",Tree Removal,51
"194996",Tree Removal,51
"194903",Tree Removal,51
"195032",Tree Removal,51
"195000",Tree Removal,51
"195041",Tree Removal,51
"195039",Tree Removal,51
"195043",Tree Trim,75
"195016",Tree Removal,51
"195024",Tree Trim,75
"194954",Tree Removal,51
"195019",Tree Removal,51
"195042",Tree Removal,51
"194991",Tree Removal,51
"195040",Tree Removal,51
"194999",Tree Removal,51
"194935",Tree Trim,75
"194983",Tree Removal,51
"194990",Tree Trim,75
"194895",Tree Trim,75
"194894",Tree Trim,75
"194926",Tree Removal,51
"195067",Tree Trim,75
"194474",Tree Trim,75
"194929",Tree Removal,51
"194804",Tree Planting,25
"194942",Tree Removal,51
"195075",Tree Trim,75
"194890",Tree Trim,75
"195144",Tree Removal,51
"194977",Tree Trim,75
"195124",Tree Removal,51
"195132",Tree Removal,51
"195170",Tree Removal,51
"195138",Tree Trim,75
"195149",Tree Trim,75
"194993",Tree Trim,75
"195047",Tree Trim,75
"195155",Tree Trim,75
"194971",Tree Trim,75
"195159",Tree Removal,51
"195116",Tree Trim,75
"195097",Tree Removal,51
"195062",Tree Trim,75
"195101",Tree Removal,51
"195077",Tree Trim,75
"195100",Tree Removal,51
"195137",Tree Trim,75
,Tree Trim,
"195151",Tree Removal,51
"195187",Tree Removal,51
"195135",Tree Removal,51
"195052",Tree Trim,75
"195203",Tree Removal,51
"195113",Tree Removal,51
"195160",Tree Trim,75
"195120",Tree Removal,51
"195117",Tree Trim,75
"195178",Tree Removal,51
"195204",Tree Removal,51
"195219",Tree Removal,51
"195199",Tree Removal,51
"195214",Tree Removal,51
"195198",Tree Removal,51
"195210",Tree Removal,51
"195102",Tree Trim,75
"195104",Tree Removal,51
"195003",Tree Removal,55
"195106",Tree Trim,75
"194994",Tree Trim,75
"194972",Tree Trim,75
"195134",Tree Removal,51
"195126",Tree Trim,75
"195191",Tree Removal,51
"195150",Tree Trim,75
"195008",Tree Trim,75
"195186",Tree Trim,75
"195222",Tree Removal,51
"195220",Tree Removal,51
"195237",Tree Removal,51
"195248",Tree Trim,75
"195234",Tree Trim,75
"195136",Tree Removal,51
"195129",Tree Removal,51
"195229",Tree Trim,75
"194976",Tree Removal,51
"195232",Tree Trim,75
"195141",Tree Trim,75
"195241",Tree Removal,51
"195280",Tree Trim,75
"195250",Tree Removal,51
"195216",Tree Trim,75
"195281",Tree Removal,51
"195239",Tree Trim,75
"195165",Tree Trim,75
"195238",Tree Removal,51
"195081",Tree Removal,51
"195271",Tree Trim,75
"194864",Tree Trim,75
"195192",Tree Trim,75
"194959",Tree Removal,51
"195256",Tree Trim,75
"195236",Tree Trim,75
"195123",Tree Trim,75
"195211",Tree Trim,75
"195278",Tree Removal,51
"195273",Tree Removal,51
"195212",Tree Removal,51
"195182",Tree Trim,75
"195228",Tree Removal,51
"195205",Tree Trim,75
"195058",Tree Trim,75
"195309",Tree Removal,51
"195282",Tree Trim,75
"195312",Tree Removal,51
"195323",Tree Removal,51
"194335",Tree Trim,75
"195247",Tree Trim,75
"195154",Tree Trim,75
"195300",Tree Removal,51
"195324",Tree Trim,75
"194992",Tree Trim,75
"195296",Tree Trim,75
"195272",Tree Removal,52
"195284",Tree Trim,75
"195301",Tree Trim,75
"195345",Tree Removal,51
"195288",Tree Trim,75
"195291",Tree Trim,75
"195331",Tree Removal,52
"195338",Tree Trim,75
"195295",Tree Removal,51
"195353",Tree Trim,75
"195257",Tree Trim,75
"195349",Tree Trim,75
"195322",Tree Trim,75
"195344",Tree Trim,75
"195319",Tree Removal,51
"195347",Tree Removal,51
"195148",Tree Trim,75
"195330",Tree Trim,75
"195249",Tree Trim,75
,Tree Removal,
"195246",Tree Removal,51
"195076",Tree Trim,75
"195359",Tree Trim,75
"195351",Tree Removal,51
"195378",Tree Removal,51
"195379",Tree Trim,75
"195381",Tree Trim,75
"195404",Tree Trim,75
"195368",Tree Trim,75
"195163",Tree Trim,75
"195384",Tree Trim,75
"195362",Tree Trim,75
"195386",Tree Removal,51
"195380",Tree Trim,75
"195382",Tree Trim,75
"195226",Tree Removal,51
"195289",Tree Trim,75
"195370",Tree Removal,51
"195414",Tree Removal,51
"195020",Tree Removal,51
"195374",Tree Trim,75
"195395",Tree Trim,75
"195420",Tree Trim,75
"195287",Tree Trim,75
"195376",Tree Trim,75
"195377",Tree Trim,75
"195207",Tree Trim,75
"195392",Tree Trim,75
"195369",Tree Trim,75
"195348",Tree Trim,75
"195292",Tree Removal,51
"195329",Tree Planting,25
"195449",Tree Removal,51
"195196",Tree Trim,75
"195336",Tree Trim,75
"195417",Tree Trim,75
"195419",Tree Trim,75
"195437",Tree Removal,51
"195183",Tree Trim,75
"195413",Tree Trim,75
"195433",Tree Stump Grinding,116
"195434",Tree Trim,75
"195458",Tree Removal,51
"195327",Tree Trim,75
"195389",Tree Trim,75
,Tree Trim,
"195360",Tree Trim,75
"195408",Tree Removal,51
"195423",Tree Removal,51
"195415",Tree Trim,75
"195168",Tree Trim,75
"195460",Tree Code Violation,52
"195438",Tree Trim,75
"195462",Tree Removal,51
"195475",Tree Removal,51
"195474",Tree Trim,75
"195427",Tree Removal,51
"195422",Tree Trim,75
"195428",Tree Trim,75
"195398",Tree Trim,75
"195995",Tree Removal,51
"195472",Tree Trim,75
"195481",Tree Removal,51
"195545",Tree Removal,51
"195546",Tree Removal,51
"195547",Tree Trim,75
"195444",Tree Removal,51
"195540",Tree Removal,51
"195542",Tree Removal,51
"195510",Tree Removal,51
"195557",Tree Removal,51
"195508",Tree Trim,75
"195465",Tree Removal,51
"195539",Tree Stump Grinding,116
"195501",Tree Trim,75
"195543",Tree Removal,51
"195459",Tree Removal,51
"195538",Tree Removal,51
"195504",Tree Trim,75
"195525",Tree Removal,51
"195524",Tree Trim,75
"195576",Tree Removal,51
"195574",Tree Trim,75
"195583",Tree Trim,75
"195494",Tree Trim,75
"195598",Tree Removal,51
"195569",Tree Removal,51
"195505",Tree Trim,75
"195455",Tree Removal,51
"195573",Tree Trim,75
"195566",Tree Removal,51
"195466",Tree Trim,75
"195541",Tree Trim,75
"195526",Tree Trim,75
"195591",Tree Removal,51
"195014",Tree Trim,75
"195487",Tree Trim,75
"195235",Tree Removal,51
"195581",Tree Removal,51
"195561",Tree Trim,75
"195513",Tree Trim,75
"195580",Tree Removal,51
"195621",Tree Removal,51
"195807",Tree Removal,51
"195615",Tree Removal,51
"195568",Tree Trim,75
"195609",Tree Removal,51
"195520",Tree Trim,75
"195514",Tree Trim,75
"195601",Tree Removal,51
"195662",Tree Removal,51
"195626",Tree Removal,51
"195648",Tree Trim,75
"195548",Tree Removal,51
"195691",Tree Trim,75
"195689",Tree Trim,75
,Tree Code Violation,
"195683",Tree Trim,75
"195677",Tree Trim,75
"195670",Tree Trim,75
"195706",Tree Removal,51
"195730",Tree Trim,75
"195635",Tree Trim,75
"195616",Tree Trim,75
"195678",Tree Removal,51
"195521",Tree Trim,75
"195534",Tree Trim,75
"195639",Tree Trim,75
"195638",Tree Trim,75
"195754",Tree Removal,51
"195550",Tree Trim,75
"195764",Tree Removal,51
"195752",Tree Removal,51
"195765",Tree Removal,51
"195834",Tree Removal,51
"195746",Tree Removal,51
"195846",Tree Removal,51
"195738",Tree Removal,51
"195841",Tree Removal,51
,Tree Trim,
,Tree Removal,
"195768",Tree Removal,51
"195817",Tree Removal,51
"195798",Tree Removal,51
"195776",Tree Removal,51
"195818",Tree Trim,75
"195861",Tree Removal,51
"195849",Tree Removal,51
"195736",Tree Trim,75
"195803",Tree Removal,51
"195869",Tree Removal,51
"195854",Tree Removal,51
"195804",Tree Removal,51
"195690",Tree Trim,75
"195828",Tree Removal,51
"195850",Tree Removal,51
"195827",Tree Removal,51
"195860",Tree Trim,75
"195858",Tree Removal,51
"195835",Tree Removal,51
"195867",Tree Removal,51
"195826",Tree Removal,51
,Tree Removal,
"195890",Tree Removal,51
"195813",Tree Removal,51
"195747",Tree Trim,75
"195909",Tree Removal,51
"195882",Tree Trim,75
"195887",Tree Trim,75
"195588",Tree Removal,51
"195761",Tree Removal,51
"195930",Tree Removal,51
"195886",Tree Trim,75
"195888",Tree Removal,51
"195604",Tree Removal,51
"195926",Tree Removal,51
"195641",Tree Removal,51
"195936",Tree Removal,51
"195733",Tree Trim,75
"195953",Tree Removal,51
"195966",Tree Removal,51
"195915",Tree Removal,51
"195934",Tree Removal,51
"195949",Tree Removal,51
,Tree Trim,
,Tree Code Violation,
,Tree Code Violation,
"192354",Tree Trim,75
"195929",Tree Removal,51
"195999",Tree Removal,51
"195958",Tree Trim,75
"195720",Tree Removal,51
"195397",Tree Trim,75
"195498",Tree Trim,75
"195536",Tree Trim,75
"195967",Tree Trim,75
"195681",Tree Stump Grinding,116
"195942",Tree Trim,75
"195945",Tree Removal,51
"195696",Tree Trim,75
"195447",Tree Trim,75
"195780",Tree Trim,75
"195497",Tree Removal,51
"195788",Tree Removal,51
"195998",Tree Removal,51
"196007",Tree Removal,51
"195741",Tree Trim,75
"195742",Tree Trim,75
"196043",Tree Removal,51
"195743",Tree Trim,75
"195634",Tree Trim,75
"196025",Tree Removal,51
"193830",Tree Removal,51
"195922",Tree Trim,75
"195066",Tree Code Violation,52
"196013",Tree Removal,51
"195473",Tree Removal,51
"196036",Tree Removal,51
"195941",Tree Removal,51
"195792",Tree Removal,51
"196086",Tree Trim,75
"196066",Tree Removal,51
"196083",Tree Removal,51
"196088",Tree Removal,51
"195590",Tree Removal,51
"196085",Tree Trim,75
"195917",Tree Removal,51
"196279",Tree Removal,51
"195946",Tree Trim,75
"196117",Tree Removal,51
"195787",Tree Removal,51
"195613",Tree Removal,51
"196176",Tree Removal,51
"195911",Tree Removal,51
"195881",Tree Trim,75
"196152",Tree Trim,75
"196171",Tree Trim,75
"196175",Tree Removal,51
"196378",Tree Trim,75
"195863",Tree Trim,75
"196080",Tree Removal,51
"196179",Tree Removal,51
"196198",Tree Removal,51
"195777",Tree Removal,51
"196128",Tree Trim,75
"196008",Tree Trim,75
"195716",Tree Trim,75
"196172",Tree Trim,75
"196170",Tree Trim,75
"196034",Tree Trim,75
"195773",Tree Removal,51
"196235",Tree Removal,51
"196216",Tree Removal,51
"196053",Tree Removal,51
"196054",Tree Trim,75
,Tree Trim,
,Tree Removal,
"196789",Tree Removal,51
"195800",Tree Removal,51
"196227",Tree Removal,51
"196084",Tree Trim,75
"196139",Tree Trim,75
"196244",Tree Removal,51
"196191",Tree Trim,75
"196201",Tree Trim,75
"196226",Tree Removal,51
"196242",Tree Trim,75
"195623",Tree Removal,51
"195643",Tree Removal,51
"195649",Tree Trim,75
"196225",Tree Trim,75
"196251",Tree Trim,75
"195900",Tree Removal,51
"196261",Tree Removal,51
"196257",Tree Removal,51
"196262",Tree Removal,51
"196230",Tree Trim,75
"195923",Tree Trim,75
"196264",Tree Removal,51
"196260",Tree Removal,51
"196186",Tree Trim,75
"196278",Tree Trim,75
"196033",Tree Trim,75
"196040",Tree Trim,75
"196177",Tree Trim,75
"196167",Tree Trim,75
"195994",Tree Removal,51
"196071",Tree Removal,51
"196245",Tree Trim,75
"195996",Tree Trim,75
"196169",Tree Trim,75
"196097",Tree Trim,75
"196122",Tree Trim,75
"196134",Tree Trim,75
"196294",Tree Trim,75
"195823",Tree Trim,75
"196045",Tree Trim,75
"196358",Tree Removal,51
"196332",Tree Removal,51
"196236",Tree Removal,51
"196254",Tree Removal,51
"196024",Tree Trim,75
"195636",Tree Trim,75
"196138",Tree Trim,75
"195912",Tree Trim,75
"195910",Tree Trim,75
"196352",Tree Trim,75
"195633",Tree Removal,51
"195562",Tree Removal,51
"195578",Tree Trim,75
"196309",Tree Removal,51
"196247",Tree Removal,51
"196127",Tree Trim,75
"195551",Tree Removal,51
"194921",Tree Trim,75
"195632",Tree Trim,75
"196367",Tree Removal,51
"195795",Tree Removal,51
"196369",Tree Trim,75
"196364",Tree Removal,51
"196376",Tree Trim,75
"196394",Tree Removal,51
"196406",Tree Trim,75
"196387",Tree Removal,51
"196149",Tree Trim,75
"194985",Tree Trim,75
"195988",Tree Removal,51
"195985",Tree Trim,75
"196099",Tree Trim,75
"195718",Tree Trim,75
"196166",Tree Trim,75
"196209",Tree Trim,75
"196214",Tree Trim,75
"196213",Tree Trim,75
"196010",Tree Stump Grinding,116
"195627",Tree Trim,75
"196419",Tree Removal,51
"195393",Tree Trim,75
"196370",Tree Removal,52
"196420",Tree Removal,51
"196341",Tree Removal,51
"196439",Tree Removal,51
"196425",Tree Removal,51
"196472",Tree Trim,75
"196455",Tree Removal,51
"196412",Tree Trim,75
"195875",Tree Removal,51
"197372",Tree Trim,75
"196115",Tree Trim,75
"196196",Tree Trim,75
"196401",Tree Trim,75
"195876",Tree Trim,75
"196330",Tree Trim,75
"196356",Tree Trim,75
"196483",Tree Removal,51
"195753",Tree Removal,51
"196531",Tree Removal,51
"196433",Tree Stump Grinding,116
"196157",Tree Trim,75
"196077",Tree Removal,51
"195978",Tree Trim,75
"196039",Tree Trim,75
"196181",Tree Trim,75
"195878",Tree Trim,75
"196492",Tree Removal,51
"196491",Tree Removal,51
"196467",Tree Removal,51
"196521",Tree Trim,75
"196426",Tree Removal,51
"196525",Tree Trim,75
"196121",Tree Removal,51
,Tree Trim,
"196537",Tree Trim,75
"196541",Tree Removal,51
"196527",Tree Removal,51
"196550",Tree Trim,75
"196561",Tree Trim,75
"196478",Tree Removal,51
"196558",Tree Removal,51
"196575",Tree Trim,75
"196301",Tree Trim,75
"196590",Tree Trim,75
"196596",Tree Trim,75
"196468",Tree Removal,51
"196583",Tree Removal,51
"195832",Tree Trim,75
"199258",Tree Trim,75
"195544",Tree Trim,75
"196280",Tree Trim,75
"195653",Tree Trim,75
"196611",Tree Trim,75
"196598",Tree Removal,51
"196602",Tree Removal,51
"196564",Tree Trim,75
"196599",Tree Trim,75
"196612",Tree Trim,75
"196511",Tree Removal,51
"196559",Tree Trim,75
"196351",Tree Trim,75
"196365",Tree Trim,75
"195991",Tree Removal,51
"195506",Tree Removal,51
"196446",Tree Removal,51
"195699",Tree Trim,75
"196551",Tree Trim,75
"195816",Tree Trim,75
"195719",Tree Trim,75
"196474",Tree Trim,75
"196563",Tree Trim,75
"195785",Tree Removal,51
"196549",Tree Trim,75
"196031",Tree Trim,75
"196314",Tree Trim,75
"196624",Tree Removal,51
"196619",Tree Removal,51
"196637",Tree Trim,75
"195824",Tree Removal,51
"196614",Tree Trim,75
,Tree Removal,51
,Tree Removal,
"196648",Tree Trim,75
"195976",Tree Trim,75
"196557",Tree Trim,75
"196424",Tree Trim,75
"196444",Tree Trim,75
"196605",Tree Trim,75
"196116",Tree Trim,75
"196160",Tree Trim,75
"196487",Tree Trim,75
"196324",Tree Trim,76
"196554",Tree Trim,75
"196271",Tree Trim,75
"195842",Tree Removal,51
"196076",Tree Trim,75
"195763",Tree Trim,75
"200837",Tree Removal,51
"196479",Tree Trim,75
"196326",Tree Trim,75
"196459",Tree Trim,75
"196671",Tree Removal,51
"196657",Tree Removal,51
"196655",Tree Removal,51
,Tree Code Violation,
,Tree Planting,
,Tree Removal,
"196659",Tree Trim,75
"194738",Tree Trim,75
"196639",Tree Removal,51
"196663",Tree Trim,75
"195935",Tree Trim,75
"196698",Tree Removal,51
"196212",Tree Removal,51
"196676",Tree Trim,75
"196681",Tree Removal,60
"196673",Tree Removal,51
"196767",Tree Removal,51
"196755",Tree Trim,75
"196702",Tree Trim,75
"196421",Tree Trim,75
"195702",Tree Stump Grinding,116
"195952",Tree Trim,75
"196758",Tree Trim,75
"196774",Tree Trim,75
"196320",Tree Trim,75
"196769",Tree Removal,51
"196748",Tree Removal,51
"196693",Tree Removal,51
"196684",Tree Trim,75
"196714",Tree Trim,75
"196760",Tree Trim,75
"196499",Tree Trim,75
"196796",Tree Trim,75
"196699",Tree Removal,51
"196803",Tree Removal,51
"196756",Tree Removal,51
"196800",Tree Trim,75
"196744",Tree Removal,51
"196620",Tree Trim,75
"195676",Tree Trim,75
"196687",Tree Trim,75
"196783",Tree Trim,75
"196829",Tree Trim,75
"196822",Tree Removal,51
"196642",Tree Removal,51
"195628",Tree Removal,51
"196734",Tree Trim,75
"196328",Tree Trim,75
"196872",Tree Trim,75
"196806",Tree Removal,51
"196765",Tree Removal,51
"196700",Tree Trim,75
"196384",Tree Trim,75
"196219",Tree Trim,75
"196831",Tree Removal,51
"195571",Tree Removal,51
"196623",Tree Removal,51
"196706",Tree Trim,75
"196790",Tree Trim,75
"196878",Tree Trim,75
"196804",Tree Trim,75
"195518",Tree Trim,75
"196740",Tree Trim,75
"195790",Tree Removal,51
"196815",Tree Trim,75
"196814",Tree Trim,75
"196874",Tree Removal,51
"196664",Tree Trim,75
"196751",Tree Removal,51
"195642",Tree Removal,51
"196913",Tree Removal,51
"196749",Tree Removal,51
"196750",Tree Removal,51
"195778",Tree Trim,75
"195772",Tree Trim,75
"196798",Tree Trim,75
"195620",Tree Trim,75
"196821",Tree Removal,51
"196938",Tree Removal,51
"196148",Tree Removal,51
"196690",Tree Trim,75
"195698",Tree Trim,75
"196888",Tree Removal,51
"196249",Tree Removal,51
"195697",Tree Trim,75
"196920",Tree Trim,75
"196006",Tree Removal,51
"196048",Tree Trim,75
"196901",Tree Trim,75
"195600",Tree Removal,51
"196862",Tree Trim,75
"195961",Tree Trim,75
"196910",Tree Trim,75
"196818",Tree Removal,51
"195644",Tree Removal,51
"196689",Tree Trim,75
"196794",Tree Trim,75
"196452",Tree Trim,75
"196108",Tree Trim,75
"196969",Tree Trim,75
"195963",Tree Removal,51
"196011",Tree Trim,75
"196056",Tree Trim,75
"195809",Tree Trim,75
"196961",Tree Removal,51
"196982",Tree Trim,75
"196952",Tree Trim,75
"195617",Tree Trim,75
"195781",Tree Trim,75
"195665",Tree Trim,75
"196947",Tree Trim,75
"195951",Tree Removal,51
"195486",Tree Removal,51
"195908",Tree Trim,75
"195675",Tree Removal,51
"197013",Tree Removal,51
"197016",Tree Removal,51
"197006",Tree Removal,51
"197017",Tree Trim,75
"196974",Tree Removal,51
"195897",Tree Trim,75
"195757",Tree Removal,51
,Tree Code Violation,
,Tree Code Violation,
,Tree Code Violation,
"195577",Tree Removal,51
"196560",Tree Trim,75
"195799",Tree Trim,75
"196508",Tree Planting,25
"197053",Tree Removal,51
"195646",Tree Trim,75
"195688",Tree Removal,51
"196466",Tree Trim,75
"196458",Tree Trim,75
"197055",Tree Removal,51
"196101",Tree Removal,51
"196930",Tree Trim,75
"196951",Tree Trim,75
"196884",Tree Trim,75
"196063",Tree Trim,75
"197056",Tree Removal,51
"197077",Tree Trim,75
"197070",Tree Removal,51
"196662",Tree Trim,75
"196507",Tree Removal,51
"197060",Tree Removal,51
"195964",Tree Trim,75
"195965",Tree Trim,75
"196137",Tree Removal,51
"195962",Tree Trim,75
"196966",Tree Removal,51
"196924",Tree Trim,75
"196925",Tree Trim,75
"196881",Tree Trim,75
"197072",Tree Removal,51
"197050",Tree Removal,51
"197039",Tree Trim,75
"195853",Tree Removal,51
"196906",Tree Trim,75
"197086",Tree Trim,75
"196460",Tree Trim,75
"196019",Tree Removal,54
"196218",Tree Trim,75
"196422",Tree Trim,75
"196854",Tree Trim,75
"196899",Tree Trim,75
"197119",Tree Trim,75
"196793",Tree Trim,75
"196493",Tree Removal,51
"196348",Tree Trim,75
"197112",Tree Removal,51
"196437",Tree Trim,77
"196853",Tree Trim,75
"196061",Tree Stump Grinding,116
"196844",Tree Removal,51
"194470",Tree Trim,75
"195977",Tree Trim,75
"196381",Tree Removal,51
"196295",Tree Removal,52
"197054",Tree Removal,51
"197162",Tree Removal,51
"197120",Tree Removal,51
"197201",Tree Trim,75
"196983",Tree Removal,51
"197191",Tree Removal,51
"197198",Tree Removal,51
"197133",Tree Removal,51
"197202",Tree Trim,75
"195980",Tree Removal,51
"197196",Tree Removal,51
"197025",Tree Trim,75
"196593",Tree Trim,75
"197169",Tree Removal,51
"195896",Tree Trim,75
,Tree Trim,
,Tree Trim,
"196622",Tree Removal,51
"196189",Tree Trim,75
"197223",Tree Removal,51
"197219",Tree Removal,51
"197178",Tree Trim,75
"197232",Tree Trim,75
"195572",Tree Removal,51
"196817",Tree Trim,75
"196953",Tree Trim,75
"195682",Tree Trim,75
"195783",Tree Trim,75
"195710",Tree Trim,75
"197204",Tree Trim,75
"196847",Tree Trim,75
"196346",Tree Trim,75
"196933",Tree Trim,75
"196788",Tree Trim,75
"196594",Tree Removal,51
"196616",Tree Trim,75
"196809",Tree Trim,75
"197237",Tree Removal,51
"196363",Tree Trim,75
"196431",Tree Trim,75
"197302",Tree Removal,51
"197281",Tree Trim,75
"197300",Tree Removal,526
"195721",Tree Trim,75
"201007",Tree Trim,75
"196069",Tree Trim,75
"197311",Tree Removal,51
"197172",Tree Trim,75
"197242",Tree Trim,75
"197336",Tree Removal,51
"197338",Tree Removal,51
"197324",Tree Removal,51
"196512",Tree Removal,51
"197328",Tree Removal,51
"197312",Tree Removal,52
"196457",Tree Removal,51
"196064",Tree Trim,75
"197295",Tree Stump Grinding,116
"195885",Tree Trim,75
"196413",Tree Trim,75
"196318",Tree Trim,75
"197309",Tree Removal,51
"197301",Tree Removal,51
"196204",Tree Removal,51
"193954",Tree Removal,51
"195701",Tree Removal,51
"196248",Tree Trim,75
"196044",Tree Removal,51
"197097",Tree Trim,75
"197225",Tree Trim,75
"197350",Tree Removal,51
"197398",Tree Removal,51
"197102",Tree Trim,76
"197215",Tree Removal,52
"197391",Tree Trim,75
"196828",Tree Trim,75
"197118",Tree Trim,75
"197366",Tree Trim,75
"196868",Tree Trim,75
"196522",Tree Trim,75
"197385",Tree Trim,75
"197380",Tree Trim,75
"197410",Tree Removal,51
"197435",Tree Removal,51
"197409",Tree Trim,75
"197412",Tree Removal,51
"196979",Tree Trim,75
"196911",Tree Trim,75
"197491",Tree Trim,75
"196543",Tree Trim,75
"197413",Tree Removal,51
"197488",Tree Removal,51
"196020",Tree Removal,51
"196347",Tree Trim,75
"196299",Tree Trim,75
"195903",Tree Removal,51
"197431",Tree Removal,51
"197406",Tree Trim,75
"197397",Tree Trim,75
"197466",Tree Removal,51
"197425",Tree Trim,75
"197530",Tree Removal,51
"197484",Tree Removal,51
"196981",Tree Removal,51
"197781",Tree Removal,52
"197551",Tree Removal,51
"197132",Tree Trim,75
"197267",Tree Removal,51
"197245",Tree Trim,75
"196776",Tree Trim,75
"197221",Tree Trim,75
"196667",Tree Trim,75
"197596",Tree Removal,51
"197578",Tree Trim,75
"196428",Tree Trim,75
"196281",Tree Trim,75
"197251",Tree Trim,75
"197619",Tree Trim,75
"197503",Tree Trim,75
"197527",Tree Trim,75
"196597",Tree Removal,51
"197577",Tree Removal,51
"204097",Tree Removal,51
"197663",Tree Removal,51
"197676",Tree Trim,75
"197672",Tree Removal,51
"197698",Tree Removal,51
"197685",Tree Removal,51
"197637",Tree Trim,75
"197668",Tree Removal,51
"197694",Tree Removal,51
"197666",Tree Trim,75
"197582",Tree Trim,75
"197673",Tree Removal,51
"196866",Tree Removal,51
"196272",Tree Removal,51
"196669",Tree Trim,75
"197293",Tree Trim,75
"197757",Tree Trim,75
"197692",Tree Removal,51
"197560",Tree Removal,51
"197794",Tree Removal,51
"197756",Tree Removal,51
"197730",Tree Trim,75
"197807",Tree Trim,83
"197654",Tree Trim,75
"197630",Tree Trim,75
"196443",Tree Trim,75
"197831",Tree Removal,51
"196627",Tree Trim,75
"197628",Tree Trim,75
"197848",Tree Trim,75
"197830",Tree Removal,51
"197819",Tree Trim,75
"197536",Tree Removal,51
"197854",Tree Removal,51
,Tree Planting,
"197402",Tree Removal,51
"197116",Tree Trim,75
"197837",Tree Trim,75
"197868",Tree Trim,75
"197864",Tree Removal,51
"195954",Tree Removal,51
"197875",Tree Removal,51
"197855",Tree Removal,51
"197330",Tree Trim,75
"197773",Tree Removal,51
"197873",Tree Removal,51
"197863",Tree Trim,75
"197928",Tree Trim,75
"196989",Tree Removal,51
"196682",Tree Trim,75
"196052",Tree Trim,75
"197917",Tree Trim,75
"197669",Tree Trim,75
"197904",Tree Trim,75
"197649",Tree Trim,75
"197914",Tree Trim,75
"196823",Tree Trim,75
,Tree Trim,75
"197509",Tree Trim,75
"196513",Tree Removal,51
"195968",Tree Trim,286
"197498",Tree Removal,51
"197900",Tree Removal,51
"197957",Tree Removal,51
"196469",Tree Removal,51
"197925",Tree Trim,75
"197643",Tree Trim,75
"197962",Tree Removal,51
"198002",Tree Removal,51
"197987",Tree Removal,51
"197861",Tree Trim,75
"197979",Tree Trim,75
"197891",Tree Trim,75
"198069",Tree Removal,51
"197759",Tree Trim,75
"198062",Tree Removal,51
"198056",Tree Removal,51
"198078",Tree Trim,75
"197177",Tree Trim,75
"197744",Tree Removal,51
,Tree Trim,
,Tree Code Violation,
"198030",Tree Removal,51
"198063",Tree Trim,75
"197968",Tree Trim,75
"198045",Tree Trim,75
"197641",Tree Removal,51
"197846",Tree Trim,75
"198108",Tree Trim,75
"196842",Tree Removal,51
"198097",Tree Removal,51
"198128",Tree Removal,51
"198122",Tree Trim,75
"196652",Tree Trim,75
"196552",Tree Removal,51
"198049",Tree Removal,51
"196606",Tree Removal,51
"196572",Tree Trim,75
"196569",Tree Trim,75
"198173",Tree Trim,75
"198134",Tree Trim,75
"197600",Tree Trim,75
"198116",Tree Removal,51
"198158",Tree Trim,75
,Tree Stump Grinding,
"198005",Tree Trim,75
"197348",Tree Trim,75
"198083",Tree Removal,51
"196584",Tree Removal,51
"196403",Tree Removal,51
"196640",Tree Trim,75
"198160",Tree Removal,51
"196880",Tree Trim,75
"198095",Tree Removal,51
"196813",Tree Removal,51
"197650",Tree Trim,75
"197206",Tree Removal,51
"198087",Tree Removal,51
"197810",Tree Trim,75
"197265",Tree Removal,51
"198213",Tree Trim,75
"198196",Tree Trim,75
"196325",Tree Trim,76
"196632",Tree Trim,75
"198029",Tree Trim,75
"197852",Tree Removal,51
"197109",Tree Trim,75
"197084",Tree Trim,75
"196754",Tree Trim,75
"196762",Tree Trim,75
"196781",Tree Removal,51
"196285",Tree Trim,75
"198191",Tree Trim,75
"197155",Tree Removal,51
"198123",Tree Trim,75
"198102",Tree Trim,75
"196703",Tree Trim,75
"197644",Tree Trim,75
"198244",Tree Removal,51
"197078",Tree Trim,75
"198243",Tree Trim,75
"197703",Tree Trim,75
"198294",Tree Trim,75
"197149",Tree Trim,75
"198190",Tree Trim,75
"196991",Tree Trim,75
"196812",Tree Removal,51
"198242",Tree Removal,51
"196841",Tree Removal,51
"198251",Tree Trim,75
"197282",Tree Trim,75
,Tree Removal,51
"198201",Tree Removal,51
"197044",Tree Stump Grinding,116
"198260",Tree Removal,51
"197585",Tree Trim,75
"197460",Tree Removal,51
"198080",Tree Trim,75
"197220",Tree Removal,51
"198040",Tree Removal,51
"197975",Tree Trim,75
"198171",Tree Trim,75
"198273",Tree Trim,75
"198288",Tree Removal,51
"198317",Tree Trim,75
"197887",Tree Trim,75
"197344",Tree Trim,75
"198300",Tree Removal,51
"198319",Tree Trim,75
"198324",Tree Removal,51
"197583",Tree Trim,75
"197205",Tree Removal,51
"197239",Tree Removal,51
"197249",Tree Trim,75
"196944",Tree Trim,78
,Tree Trim,
"197153",Tree Removal,51
"197507",Tree Trim,75
"198332",Tree Removal,51
"198350",Tree Removal,51
"197193",Tree Trim,75
"198321",Tree Trim,75
"198308",Tree Trim,75
"198323",Tree Removal,51
"197305",Tree Trim,75
"198181",Tree Trim,75
"197272",Tree Trim,75
"196312",Tree Removal,51
"197716",Tree Trim,75
"197192",Tree Trim,75
"197049",Tree Removal,51
"198367",Tree Trim,75
"197379",Tree Removal,51
"197464",Tree Trim,75
"197353",Tree Removal,51
"197559",Tree Trim,75
"198402",Tree Trim,75
"198391",Tree Trim,75
"198418",Tree Removal,51
"198369",Tree Removal,51
"197541",Tree Trim,75
"196337",Tree Trim,75
"197594",Tree Trim,75
"198275",Tree Removal,51
"198472",Tree Removal,51
"197396",Tree Removal,51
"198460",Tree Trim,75
"197972",Tree Trim,75
"198474",Tree Removal,51
"198462",Tree Removal,51
"198426",Tree Removal,51
"198421",Tree Trim,75
"198457",Tree Trim,75
"196267",Tree Removal,51
"198450",Tree Trim,75
"198469",Tree Trim,75
"198415",Tree Trim,75
"198259",Tree Trim,75
"198467",Tree Removal,51
"198520",Tree Removal,51
"198508",Tree Removal,51
"198492",Tree Removal,51
"198377",Tree Trim,75
,Tree Trim,
,Tree Trim,
"198485",Tree Trim,75
"197497",Tree Trim,75
"198359",Tree Trim,75
"198517",Tree Removal,51
"198515",Tree Removal,51
"198238",Tree Removal,51
"198506",Tree Trim,75
"198285",Tree Trim,75
"198430",Tree Removal,51
"198525",Tree Trim,74
"198551",Tree Removal,51
"196129",Tree Removal,51
"196382",Tree Removal,51
"199021",Tree Trim,75
"198592",Tree Removal,51
"198491",Tree Removal,51
"198540",Tree Removal,51
"198530",Tree Removal,51
"198370",Tree Trim,75
"198258",Tree Trim,75
"198555",Tree Removal,51
"198546",Tree Removal,51
"198572",Tree Removal,51
"198538",Tree Removal,51
"198624",Tree Removal,51
"198455",Tree Trim,75
"197316",Tree Trim,75
"197836",Tree Trim,75
"197712",Tree Trim,75
"196836",Tree Trim,75
"197960",Tree Trim,75
"197959",Tree Trim,75
"197710",Tree Trim,75
"198226",Tree Trim,75
"197175",Tree Trim,75
"196985",Tree Trim,75
"197369",Tree Trim,75
"196089",Tree Trim,75
"196500",Tree Trim,75
"197951",Tree Trim,75
"197937",Tree Trim,75
"198163",Tree Trim,75
"197702",Tree Trim,75
"197678",Tree Trim,75
"197940",Tree Trim,75
"196742",Tree Trim,75
,Tree Trim,
"198237",Tree Trim,75
"196968",Tree Trim,75
"197684",Tree Trim,75
"198383",Tree Trim,75
"198639",Tree Trim,75
"198642",Tree Removal,51
"198660",Tree Removal,51
"198507",Tree Trim,75
"196484",Tree Trim,75
"198575",Tree Trim,75
"198504",Tree Trim,75
"198587",Tree Trim,76
"196215",Tree Trim,75
"196252",Tree Removal,51
"198565",Tree Removal,51
"198631",Tree Removal,51
"198697",Tree Trim,75
"198689",Tree Removal,51
"198728",Tree Removal,51
"198567",Tree Trim,75
"198670",Tree Removal,51
"198655",Tree Removal,51
"198709",Tree Removal,51
,Tree Removal,
,Tree Removal,
,Tree Removal,
"198724",Tree Trim,75
"198676",Tree Removal,51
"198390",Tree Trim,75
"196540",Tree Removal,51
"198688",Tree Removal,51
"196902",Tree Removal,51
"198667",Tree Trim,75
"198671",Tree Removal,51
"198656",Tree Trim,75
"198706",Tree Removal,392
"198721",Tree Trim,75
"198797",Tree Removal,51
"198784",Tree Trim,75
"198795",Tree Trim,75
"196782",Tree Removal,51
"196914",Tree Trim,75
"197368",Tree Planting,25
"197365",Tree Removal,51
"197209",Tree Removal,51
"198531",Tree Trim,75
"197195",Tree Removal,51
,Tree Removal,
"198633",Tree Trim,75
"196445",Tree Removal,51
"198806",Tree Removal,51
"196317",Tree Removal,51
"198057",Tree Trim,75
"196211",Tree Trim,75
"196867",Tree Trim,75
"197343",Tree Trim,75
"198149",Tree Trim,75
"197789",Tree Trim,75
"197504",Tree Trim,75
"197323",Tree Trim,79
"198386",Tree Trim,75
"204386",Tree Trim,75
"198051",Tree Trim,75
"198254",Tree Trim,75
"198286",Tree Trim,75
"198452",Tree Trim,75
"198287",Tree Trim,75
"198129",Tree Trim,75
"198451",Tree Trim,75
"197187",Tree Trim,75
"197236",Tree Trim,75
,Tree Removal,
"198336",Tree Trim,75
"197019",Tree Trim,75
"198392",Tree Trim,75
"198879",Tree Trim,75
"198569",Tree Trim,75
"196203",Tree Trim,75
"198794",Tree Trim,75
"198168",Tree Trim,75
"198351",Tree Trim,75
"197638",Tree Removal,51
"198615",Tree Trim,75
"198793",Tree Removal,51
"197508",Tree Trim,75
"197829",Tree Removal,51
"198842",Tree Trim,75
"198924",Tree Removal,51
"197076",Tree Removal,51
"198896",Tree Removal,51
"198848",Tree Removal,51
"196977",Tree Removal,51
"196480",Tree Trim,75
"198926",Tree Trim,75
"198914",Tree Trim,75
"198859",Tree Trim,75
"198850",Tree Removal,51
"196723",Tree Trim,75
"199142",Tree Trim,75
"198932",Tree Trim,75
"198681",Tree Trim,75
"198933",Tree Trim,75
"198905",Tree Trim,126
"198889",Tree Removal,51
"198844",Tree Trim,75
"198880",Tree Removal,51
"198861",Tree Trim,75
"198899",Tree Removal,51
"197234",Tree Trim,75
"198938",Tree Trim,75
"198967",Tree Removal,51
"198862",Tree Removal,51
"198942",Tree Trim,75
"198901",Tree Trim,75
"196098",Tree Trim,75
"198872",Tree Trim,75
"198950",Tree Trim,75
"198827",Tree Removal,51
"198911",Tree Trim,75
"198961",Tree Removal,51
"197613",Tree Removal,51
"196996",Tree Trim,75
"197284",Tree Stump Grinding,116
"196987",Tree Removal,51
"197661",Tree Trim,75
"197111",Tree Trim,75
"199000",Tree Removal,51
"198990",Tree Trim,75
"198995",Tree Removal,51
"198996",Tree Removal,51
"197575",Tree Trim,75
"199001",Tree Removal,51
"198971",Tree Trim,75
"198994",Tree Removal,51
"198954",Tree Trim,75
"199030",Tree Removal,51
"198586",Tree Trim,75
"185257",Tree Removal,51
"198975",Tree Trim,75
"197313",Tree Trim,75
"198617",Tree Trim,75
"197181",Tree Removal,51
"196770",Tree Removal,51
"199014",Tree Trim,75
"196694",Tree Removal,51
"197319",Tree Removal,51
"199032",Tree Removal,51
"197439",Tree Trim,75
"197457",Tree Removal,51
"199049",Tree Removal,51
"197459",Tree Removal,51
"196970",Tree Removal,51
"199018",Tree Removal,51
"199054",Tree Removal,51
"198024",Tree Trim,75
"198331",Tree Trim,75
"197849",Tree Trim,75
"198257",Tree Trim,75
"198256",Tree Trim,75
"197717",Tree Trim,75
"197625",Tree Trim,75
"198252",Tree Trim,76
"198385",Tree Trim,75
"197657",Tree Trim,75
"196618",Tree Trim,75
"197682",Tree Trim,75
"198279",Tree Trim,75
"198204",Tree Trim,75
"196887",Tree Trim,75
"197998",Tree Trim,76
"197766",Tree Trim,75
"197866",Tree Trim,75
"197360",Tree Trim,75
"198021",Tree Trim,75
"196529",Tree Trim,75
"196835",Tree Trim,75
"198094",Tree Trim,75
"198112",Tree Trim,75
"199063",Tree Trim,75
"199076",Tree Trim,75
"199052",Tree Trim,75
"198998",Tree Removal,51
"199009",Tree Removal,51
"199062",Tree Removal,51
"199051",Tree Removal,51
"199047",Tree Removal,51
"196651",Tree Trim,76
"197986",Tree Trim,75
"196915",Tree Trim,75
"197139",Tree Removal,51
"197227",Tree Trim,75
"199103",Tree Trim,75
"199098",Tree Trim,75
"198969",Tree Trim,75
"197051",Tree Removal,51
"197515",Tree Trim,75
"197065",Tree Trim,75
"197064",Tree Trim,75
"197066",Tree Trim,75
"198042",Tree Removal,51
"199099",Tree Trim,75
"197061",Tree Trim,75
"197062",Tree Trim,75
"197573",Tree Trim,75
"197748",Tree Removal,51
"199093",Tree Trim,75
"197608",Tree Removal,51
"196893",Tree Trim,75
"198246",Tree Trim,75
"197043",Tree Trim,75
"197415",Tree Removal,51
"198824",Tree Trim,75
"198738",Tree Trim,74
"196959",Tree Removal,51
"197036",Tree Trim,75
"197471",Tree Trim,75
"199025",Tree Trim,75
"199095",Tree Removal,51
"197713",Tree Removal,51
"198767",Tree Trim,75
"198825",Tree Trim,75
"198847",Tree Removal,51
"198334",Tree Trim,75
"197416",Tree Removal,51
"199161",Tree Removal,51
"199170",Tree Trim,75
"197825",Tree Removal,51
"199185",Tree Trim,75
"199148",Tree Removal,51
"198499",Tree Trim,75
"198521",Tree Trim,75
"199073",Tree Removal,51
"198966",Tree Trim,75
"199089",Tree Trim,75
"197115",Tree Removal,51
"198548",Tree Removal,51
"198291",Tree Trim,75
"198326",Tree Trim,75
"199119",Tree Trim,75
"197513",Tree Trim,75
"197704",Tree Trim,75
"199141",Tree Trim,75
"199152",Tree Trim,75
"199197",Tree Trim,75
"199224",Tree Removal,51
"199146",Tree Trim,75
"199220",Tree Removal,51
"199225",Tree Trim,75
"197524",Tree Removal,51
"199219",Tree Removal,51
"199137",Tree Trim,75
"199150",Tree Trim,75
"198970",Tree Removal,51
"199154",Tree Trim,75
"199113",Tree Trim,75
"197135",Tree Removal,51
"198282",Tree Trim,75
"199210",Tree Trim,75
"199074",Tree Trim,75
"197224",Tree Trim,75
"199187",Tree Removal,51
"197176",Tree Trim,75
"196753",Tree Trim,75
"196613",Tree Trim,75
"199250",Tree Removal,51
"197001",Tree Trim,75
"198206",Tree Trim,75
"198230",Tree Trim,75
"197894",Tree Trim,75
"197547",Tree Trim,75
"198220",Tree Trim,75
"197933",Tree Trim,75
"198289",Tree Trim,75
"196282",Tree Trim,75
"197936",Tree Trim,75
"196373",Tree Trim,75
"197154",Tree Trim,77
"197485",Tree Trim,75
"197528",Tree Trim,75
"196629",Tree Trim,75
"197652",Tree Trim,75
"197632",Tree Trim,75
"199242",Tree Trim,75
"197671",Tree Trim,75
"197092",Tree Trim,75
,Tree Trim,
"197574",Tree Trim,75
"197838",Tree Trim,75
"197760",Tree Trim,75
"197622",Tree Trim,75
"196041",Tree Trim,75
"197618",Tree Trim,75
"199118",Tree Trim,75
"199249",Tree Removal,51
"199221",Tree Trim,75
"197306",Tree Removal,51
"197621",Tree Removal,51
"196993",Tree Removal,51
"197335",Tree Trim,75
"199254",Tree Trim,75
"196604",Tree Trim,75
"199273",Tree Removal,51
"198983",Tree Trim,75
"199266",Tree Trim,75
"197597",Tree Removal,51
"198940",Tree Trim,75
"197808",Tree Removal,51
"197912",Tree Removal,51
"197646",Tree Removal,51
"198708",Tree Removal,51
"197599",Tree Removal,51
"198959",Tree Trim,75
"198234",Tree Trim,75
"196678",Tree Removal,51
"197210",Tree Trim,75
"196764",Tree Trim,75
"198741",Tree Trim,75
"197520",Tree Stump Grinding,116
"197136",Tree Removal,51
"199336",Tree Trim,75
"199096",Tree Removal,52
"199040",Tree Trim,75
"198654",Tree Trim,75
"197651",Tree Trim,75
"199326",Tree Trim,75
"198198",Tree Trim,75
"197584",Tree Trim,75
"197352",Tree Trim,75
"199024",Tree Removal,51
"198748",Tree Removal,51
"198895",Tree Trim,75
"199207",Tree Removal,51
"198616",Tree Trim,75
"197098",Tree Removal,51
"198578",Tree Removal,51
"196288",Tree Removal,51
"197860",Tree Removal,51
"197011",Tree Removal,51
"199087",Tree Trim,75
"198788",Tree Trim,75
"197774",Tree Stump Grinding,116
"198558",Tree Trim,75
"199360",Tree Trim,75
"199338",Tree Removal,51
"199275",Tree Trim,75
"197961",Tree Removal,51
"199368",Tree Removal,51
"199365",Tree Removal,51
"198207",Tree Removal,51
"196939",Tree Trim,75
"196708",Tree Trim,75
"199323",Tree Removal,51
"198556",Tree Removal,51
"198659",Tree Removal,51
"199331",Tree Removal,51
"198145",Tree Trim,75
,Tree Code Violation,
,Tree Code Violation,
,Tree Code Violation,
"198902",Tree Removal,51
"198982",Tree Trim,75
"197745",Tree Removal,51
"199213",Tree Trim,75
"199183",Tree Trim,75
"199377",Tree Trim,75
"198946",Tree Trim,75
"197683",Tree Removal,52
"198184",Tree Trim,75
"198223",Tree Trim,75
"197795",Tree Removal,51
"198479",Tree Trim,75
"199403",Tree Trim,75
"199010",Tree Trim,75
"199391",Tree Trim,75
"198349",Tree Trim,75
"198930",Tree Removal,51
"199324",Tree Removal,51
"198707",Tree Trim,75
"198316",Tree Trim,75
"198262",Tree Removal,51
"198355",Tree Removal,51
"199145",Tree Removal,51
"199174",Tree Trim,75
"198831",Tree Removal,51
"199416",Tree Trim,75
"198645",Tree Trim,75
"198625",Tree Removal,51
"198082",Tree Trim,75
"199153",Tree Trim,75
"199318",Tree Trim,75
"199454",Tree Removal,51
"198550",Tree Trim,75
"199473",Tree Trim,75
"198591",Tree Removal,51
"199503",Tree Removal,51
"199498",Tree Trim,75
"199423",Tree Trim,75
"199493",Tree Removal,51
"197747",Tree Removal,51
"199430",Tree Removal,51
"199512",Tree Removal,51
"199313",Tree Trim,75
"199112",Tree Trim,75
"199390",Tree Trim,75
"199469",Tree Trim,75
"199521",Tree Trim,75
"199322",Tree Trim,75
"197468",Tree Trim,75
"199542",Tree Removal,51
"199486",Tree Removal,51
"199524",Tree Trim,75
"199543",Tree Removal,51
"199329",Tree Removal,51
"199568",Tree Trim,75
"199583",Tree Removal,52
"199571",Tree Trim,75
"198635",Tree Trim,75
"199601",Tree Trim,75
"199603",Tree Trim,75
"198299",Tree Trim,75
"199587",Tree Removal,51
"199581",Tree Removal,51
"197874",Tree Stump Grinding,116
"198789",Tree Trim,75
"198126",Tree Removal,51
"198753",Tree Trim,75
"199539",Tree Removal,51
,Tree Trim,75
,Tree Trim,75
"199575",Tree Removal,51
"199302",Tree Removal,51
"199584",Tree Removal,51
"197565",Tree Trim,75
"199485",Tree Trim,75
"199506",Tree Trim,75
"199648",Tree Removal,51
"198397",Tree Trim,75
"199538",Tree Trim,75
"199634",Tree Removal,51
"199131",Tree Removal,50
"199649",Tree Removal,51
"199621",Tree Trim,75
"199520",Tree Removal,51
"199690",Tree Removal,51
"196967",Tree Removal,51
"198037",Tree Removal,51
"199696",Tree Removal,51
"197946",Tree Trim,75
"197079",Tree Removal,51
"197753",Tree Removal,51
"199464",Tree Trim,75
,Tree Removal,
"197218",Tree Trim,75
"199683",Tree Removal,51
"199686",Tree Removal,51
"199678",Tree Removal,51
"199511",Tree Trim,75
"199697",Tree Trim,75
"197433",Tree Removal,51
"199694",Tree Removal,51
"199663",Tree Removal,51
"198007",Tree Trim,75
"198634",Tree Trim,75
"197104",Tree Trim,75
"198022",Tree Removal,51
"198643",Tree Trim,75
"197103",Tree Trim,75
"199466",Tree Trim,75
"198665",Tree Removal,51
"198647",Tree Trim,75
"198544",Tree Trim,75
"198293",Tree Removal,51
"198330",Tree Trim,75
"197932",Tree Trim,75
"198622",Tree Removal,51
"198610",Tree Trim,75
"197240",Tree Trim,75
"198568",Tree Removal,51
"199729",Tree Removal,51
"198071",Tree Removal,51
"199710",Tree Trim,75
"198782",Tree Trim,75
"199664",Tree Removal,51
"198528",Tree Trim,75
"199127",Tree Trim,75
"199128",Tree Trim,75
"199611",Tree Trim,75
"199204",Tree Trim,75
"199655",Tree Trim,75
"199656",Tree Trim,75
"199514",Tree Trim,75
"197009",Tree Trim,75
"198699",Tree Removal,51
"198066",Tree Removal,51
"198298",Tree Trim,75
"198036",Tree Removal,51
"199747",Tree Trim,75
"198750",Tree Removal,51
"199724",Tree Trim,75
"199291",Tree Removal,51
"199725",Tree Trim,75
"198731",Tree Trim,75
"199642",Tree Trim,75
"199707",Tree Trim,75
"199558",Tree Trim,75
"198105",Tree Removal,51
"198164",Tree Removal,51
"198749",Tree Removal,51
"199572",Tree Removal,51
"199659",Tree Trim,75
"199475",Tree Trim,75
"198958",Tree Trim,75
"199515",Tree Trim,75
"199516",Tree Stump Grinding,116
"197913",Tree Removal,51
"198588",Tree Removal,51
"196876",Tree Trim,75
"198611",Tree Trim,75
"199644",Tree Trim,75
"199176",Tree Trim,75
"198730",Tree Removal,51
"199374",Tree Trim,75
"199181",Tree Trim,75
"199359",Tree Trim,75
"198691",Tree Removal,51
"198596",Tree Removal,51
"198735",Tree Trim,75
"198583",Tree Removal,51
"198012",Tree Trim,75
"198533",Tree Removal,51
"198838",Tree Trim,75
"198661",Tree Removal,51
"199626",Tree Removal,51
"198804",Tree Trim,75
"198564",Tree Trim,75
"197568",Tree Removal,51
"198867",Tree Removal,51
"198632",Tree Trim,75
"199705",Tree Removal,51
"199627",Tree Removal,51
"198837",Tree Trim,75
"199353",Tree Trim,75
"199354",Tree Trim,75
"199351",Tree Trim,75
"199199",Tree Trim,75
"198510",Tree Removal,51
,Tree Trim,
"199080",Tree Trim,75
"199499",Tree Removal,51
"199019",Tree Trim,75
"198702",Tree Trim,75
"199476",Tree Trim,75
"198628",Tree Trim,75
"199262",Tree Removal,51
"198807",Tree Trim,75
"198927",Tree Removal,51
"198868",Tree Trim,75
"196932",Tree Trim,77
"199448",Tree Trim,75
"198604",Tree Removal,51
"199297",Tree Removal,51
"198696",Tree Trim,75
"198470",Tree Trim,75
"198690",Tree Removal,51
"198657",Tree Trim,75
"199786",Tree Trim,75
"199310",Tree Trim,75
"198498",Tree Trim,75
"198497",Tree Trim,75
"198646",Tree Trim,75
"198581",Tree Trim,75
"198400",Tree Trim,75
"198004",Tree Trim,75
"197531",Tree Removal,51
"198205",Tree Removal,51
"198649",Tree Trim,75
"199526",Tree Trim,75
"199345",Tree Trim,75
"198882",Tree Trim,75
"199548",Tree Removal,51
"198792",Tree Removal,51
"199243",Tree Trim,75
"199449",Tree Trim,75
"199347",Tree Trim,75
"199309",Tree Trim,75
"199609",Tree Removal,51
"199746",Tree Trim,75
"199741",Tree Removal,51
"199081",Tree Removal,51
"199214",Tree Trim,75
"199745",Tree Removal,51
"199387",Tree Trim,75
"199457",Tree Removal,51
"198674",Tree Trim,75
"199399",Tree Trim,75
"198978",Tree Removal,51
"198375",Tree Removal,51
"199442",Tree Trim,75
"198407",Tree Trim,75
"197902",Tree Trim,75
"198917",Tree Removal,51
"197442",Tree Removal,51
"199813",Tree Removal,51
"212875",Tree Trim,75
"198387",Tree Stump Grinding,116
"199754",Tree Removal,51
"197667",Tree Removal,51
"198553",Tree Trim,75
"199205",Tree Trim,75
"198887",Tree Trim,75
"199487",Tree Trim,75
"199783",Tree Removal,51
"199636",Tree Removal,51
"198828",Tree Trim,75
"199439",Tree Trim,75
"199531",Tree Trim,75
"199522",Tree Trim,75
"199523",Tree Trim,75
"199718",Tree Removal,51
"199491",Tree Trim,75
"199417",Tree Trim,75
"198937",Tree Removal,51
"198715",Tree Trim,75
"199325",Tree Removal,51
"199465",Tree Removal,51
"199278",Tree Trim,75
"197499",Tree Removal,51
"198756",Tree Trim,75
"199536",Tree Trim,75
"196453",Tree Trim,75
"199778",Tree Removal,51
"198176",Tree Trim,75
"198534",Tree Trim,75
"199518",Tree Trim,75
"199873",Tree Trim,75
"198371",Tree Trim,75
"199714",Tree Removal,51
"198836",Tree Trim,75
"199660",Tree Trim,75
"199810",Tree Removal,51
"198231",Tree Removal,51
"199026",Tree Trim,75
"198881",Tree Removal,51
"198725",Tree Trim,75
"199443",Tree Trim,75
"199871",Tree Trim,75
"198118",Tree Removal,51
"198413",Tree Removal,161
"198786",Tree Trim,75
"198745",Tree Trim,75
"198584",Tree Removal,51
"199011",Tree Removal,51
"199017",Tree Trim,75
"197674",Tree Removal,51
"199901",Tree Removal,51
"199859",Tree Removal,51
"199850",Tree Trim,75
"199899",Tree Removal,51
"199866",Tree Removal,51
"199886",Tree Removal,51
"199916",Tree Removal,51
"199913",Tree Trim,75
"199936",Tree Removal,51
"198839",Tree Removal,51
"199908",Tree Removal,51
"198732",Tree Removal,51
"199924",Tree Removal,51
"198884",Tree Removal,51
"199831",Tree Removal,51
"199179",Tree Trim,75
"198274",Tree Removal,51
"199781",Tree Trim,75
"199926",Tree Removal,51
"199346",Tree Trim,75
"198951",Tree Trim,75
"199604",Tree Trim,75
"199854",Tree Trim,75
"199147",Tree Trim,75
"198522",Tree Trim,75
"198519",Tree Trim,75
"197996",Tree Trim,75
"197997",Tree Trim,75
"199178",Tree Removal,51
"198658",Tree Trim,75
"199406",Tree Trim,75
"199209",Tree Trim,75
"199402",Tree Trim,75
"199763",Tree Trim,75
"198820",Tree Trim,75
"199367",Tree Trim,75
"198757",Tree Trim,75
"199819",Tree Trim,75
"197948",Tree Trim,75
"198501",Tree Trim,75
"199943",Tree Trim,75
"199296",Tree Trim,75
"198739",Tree Trim,75
"199788",Tree Removal,51
"199321",Tree Removal,51
"197910",Tree Trim,75
"199730",Tree Trim,75
"199950",Tree Removal,51
"199090",Tree Trim,75
"198502",Tree Trim,75
"199577",Tree Removal,51
"199918",Tree Trim,75
"198907",Tree Removal,52
"198174",Tree Trim,75
"198871",Tree Removal,51
"199841",Tree Removal,51
"198644",Tree Trim,75
"198099",Tree Trim,75
,Tree Planting,
"198613",Tree Trim,75
"199974",Tree Removal,51
"198526",Tree Trim,75
"199961",Tree Removal,51
"199980",Tree Removal,51
"199817",Tree Removal,51
"198542",Tree Trim,75
"199823",Tree Trim,75
"199869",Tree Trim,75
"199930",Tree Trim,75
"199917",Tree Removal,51
"199998",Tree Trim,75
"199964",Tree Removal,51
"200000",Tree Trim,75
"199222",Tree Trim,75
"198960",Tree Trim,75
"199308",Tree Trim,75
"199231",Tree Removal,51
"198746",Tree Removal,51
"199530",Tree Trim,75
"199175",Tree Trim,75
"198742",Tree Trim,75
"199441",Tree Trim,75
"199455",Tree Removal,51
"198703",Tree Trim,75
"199055",Tree Trim,75
"199339",Tree Removal,51
"198772",Tree Trim,75
"198751",Tree Trim,75
"198059",Tree Trim,75
"199791",Tree Trim,75
"199361",Tree Trim,75
"198956",Tree Trim,75
"199332",Tree Removal,51
"199189",Tree Trim,75
"199129",Tree Removal,51
"199180",Tree Trim,75
"199239",Tree Removal,51
"199632",Tree Trim,75
"199138",Tree Removal,51
"199919",Tree Trim,75
"199349",Tree Trim,75
"199962",Tree Trim,75
"200009",Tree Trim,75
"199934",Tree Removal,51
"199728",Tree Trim,75
,Tree Removal,
"199933",Tree Trim,75
"199923",Tree Trim,75
"199509",Tree Trim,75
"198993",Tree Trim,75
"199574",Tree Removal,51
"199043",Tree Trim,75
"199042",Tree Trim,75
"199041",Tree Trim,75
"199071",Tree Trim,75
"199967",Tree Removal,51
"200022",Tree Removal,51
"199488",Tree Trim,75
"199612",Tree Trim,75
"199608",Tree Removal,51
"199793",Tree Trim,75
"199979",Tree Trim,75
"199814",Tree Removal,51
"200026",Tree Trim,75
"199803",Tree Trim,75
"199306",Tree Trim,75
"199304",Tree Trim,75
"199847",Tree Removal,51
"199668",Tree Trim,75
,Tree Removal,
"199877",Tree Removal,51
"199376",Tree Trim,75
"199122",Tree Trim,75
"199669",Tree Trim,75
"199643",Tree Removal,50
"198461",Tree Trim,75
"199968",Tree Removal,51
"199938",Tree Trim,75
"199939",Tree Removal,51
"199371",Tree Trim,75
"198406",Tree Removal,51
"199617",Tree Removal,51
"200001",Tree Removal,51
"199566",Tree Trim,75
"199196",Tree Trim,75
"198554",Tree Trim,75
"197697",Tree Trim,75
"198919",Tree Removal,51
"199829",Tree Removal,51
"199840",Tree Removal,51
"198590",Tree Trim,75
"199796",Tree Removal,51
"199767",Tree Trim,75
"198443",Tree Trim,75
"199257",Tree Trim,75
"199238",Tree Trim,75
"199654",Tree Trim,75
"198812",Tree Trim,75
"199885",Tree Removal,51
"199679",Tree Trim,75
"200018",Tree Removal,51
"198817",Tree Trim,75
"199328",Tree Trim,75
"199846",Tree Trim,75
"199837",Tree Trim,75
"199946",Tree Removal,51
"199195",Tree Trim,75
"200004",Tree Removal,51
"198964",Tree Trim,75
"199192",Tree Trim,75
"198968",Tree Trim,75
"199868",Tree Trim,75
"198909",Tree Trim,75
"198883",Tree Trim,75
"199478",Tree Removal,51
"200073",Tree Trim,75
"199688",Tree Removal,51
"199671",Tree Removal,51
"199693",Tree Trim,75
"199878",Tree Trim,75
"199864",Tree Trim,75
"198835",Tree Trim,75
"199550",Tree Removal,51
"199364",Tree Trim,75
"199799",Tree Removal,51
"200043",Tree Removal,51
"199444",Tree Removal,51
"199105",Tree Removal,51
"199126",Tree Trim,75
"200045",Tree Trim,75
"198762",Tree Removal,51
"199695",Tree Removal,51
"199144",Tree Trim,75
"199031",Tree Removal,51
"200061",Tree Trim,75
"200055",Tree Removal,51
"200036",Tree Trim,75
"200063",Tree Trim,75
"200040",Tree Trim,75
"200037",Tree Trim,75
"199680",Tree Removal,51
"200060",Tree Removal,51
"198965",Tree Trim,75
"199735",Tree Trim,75
"199672",Tree Trim,75
"199973",Tree Removal,51
"199232",Tree Trim,75
"200039",Tree Trim,75
"200041",Tree Trim,75
"199904",Tree Trim,75
"199903",Tree Trim,75
"199902",Tree Trim,75
"199513",Tree Trim,75
"198361",Tree Trim,75
"200077",Tree Trim,75
"200023",Tree Removal,51
"200012",Tree Trim,75
"199557",Tree Trim,75
"200087",Tree Trim,75
"197768",Tree Trim,75
"197772",Tree Trim,75
"200134",Tree Trim,75
"197059",Tree Trim,75
"196289",Tree Trim,75
"199986",Tree Trim,75
"200064",Tree Trim,75
"199881",Tree Removal,51
"200056",Tree Removal,51
"200052",Tree Removal,51
"199925",Tree Trim,75
"198864",Tree Trim,75
"200038",Tree Removal,51
"200025",Tree Removal,51
"200105",Tree Trim,75
"200072",Tree Removal,51
"200104",Tree Trim,75
"200102",Tree Trim,75
"200111",Tree Trim,75
"200090",Tree Trim,75
"199489",Tree Trim,75
"200131",Tree Removal,51
"200113",Tree Trim,75
"200034",Tree Removal,51
"200107",Tree Trim,75
"200050",Tree Removal,51
"199028",Tree Trim,75
"199352",Tree Trim,75
,Tree Stump Grinding,
,Tree Removal,
,Tree Removal,
"199662",Tree Trim,75
"199889",Tree Trim,75
"200108",Tree Trim,75
"199419",Tree Removal,51
"200119",Tree Trim,75
"200153",Tree Trim,75
"200106",Tree Removal,51
"199007",Tree Trim,75
"200117",Tree Removal,51
"199393",Tree Trim,75
"200069",Tree Trim,75
"199447",Tree Trim,75
"199749",Tree Trim,75
"199766",Tree Removal,51
"200132",Tree Trim,75
"200158",Tree Trim,75
"199341",Tree Stump Grinding,116
"200031",Tree Removal,51
"199821",Tree Removal,51
"199556",Tree Removal,51
,Tree Removal,
"199825",Tree Removal,51
"199392",Tree Removal,51
"199440",Tree Removal,51
"200092",Tree Trim,75
"199624",Tree Removal,51
"199248",Tree Trim,75
"200067",Tree Trim,75
"200150",Tree Trim,75
"199989",Tree Trim,75
"200161",Tree Trim,75
"200027",Tree Trim,75
"200042",Tree Removal,51
"199133",Tree Removal,51
"200066",Tree Trim,75
"199340",Tree Removal,51
"200177",Tree Removal,51
"199921",Tree Removal,51
"199156",Tree Removal,52
"200136",Tree Trim,75
"200032",Tree Trim,75
"199830",Tree Trim,75
"199048",Tree Trim,75
"199135",Tree Trim,75
"198302",Tree Trim,75
"199764",Tree Removal,51
"199882",Tree Removal,51
"199733",Tree Removal,51
"200148",Tree Removal,51
"200128",Tree Removal,51
"198264",Tree Trim,75
"199842",Tree Trim,75
"199596",Tree Trim,75
"196919",Tree Trim,75
"197589",Tree Trim,75
"200155",Tree Trim,75
"200071",Tree Removal,51
"198329",Tree Trim,75
"199874",Tree Removal,51
"200096",Tree Trim,75
"200080",Tree Trim,75
"200075",Tree Trim,75
"198161",Tree Trim,75
"200054",Tree Trim,75
"199615",Tree Removal,51
"196745",Tree Trim,75
"196199",Tree Trim,75
"200204",Tree Trim,75
"200053",Tree Removal,51
"200213",Tree Removal,51
"196297",Tree Trim,75
"199977",Tree Trim,75
"198509",Tree Trim,75
"199940",Tree Removal,51
"198283",Tree Trim,75
"197188",Tree Trim,75
"197273",Tree Trim,75
"200197",Tree Trim,75
"197869",Tree Trim,75
"198429",Tree Trim,75
"198208",Tree Trim,75
"197381",Tree Trim,75
"197290",Tree Trim,75
"199497",Tree Trim,75
"200229",Tree Removal,51
"199937",Tree Trim,75
"199540",Tree Trim,75
"197633",Tree Trim,75
"199070",Tree Trim,75
"198211",Tree Trim,75
"198527",Tree Trim,75
"199691",Tree Trim,75
"199692",Tree Trim,75
"200028",Tree Trim,75
"198404",Tree Trim,75
"197681",Tree Trim,75
"197299",Tree Trim,75
"198113",Tree Trim,75
"197199",Tree Trim,75
"197631",Tree Trim,75
"200191",Tree Removal,51
"198318",Tree Trim,75
"198014",Tree Trim,75
"198396",Tree Trim,75
"197382",Tree Trim,75
"198453",Tree Trim,75
"197751",Tree Trim,81
"197893",Tree Trim,75
"198447",Tree Trim,75
"198378",Tree Trim,75
"198016",Tree Trim,75
"199959",Tree Removal,51
"198032",Tree Trim,75
"197969",Tree Trim,75
"199958",Tree Removal,51
"200242",Tree Removal,51
"200237",Tree Trim,75
"197805",Tree Trim,76
"198000",Tree Trim,77
"200266",Tree Removal,51
"200225",Tree Trim,75
"196797",Tree Trim,75
"197978",Tree Trim,75
"186719",Tree Planting,25
"198354",Tree Trim,76
"200200",Tree Removal,51
"196625",Tree Trim,77
"197554",Tree Trim,75
"197761",Tree Trim,75
"197388",Tree Trim,75
"198248",Tree Trim,75
"198309",Tree Trim,75
"197602",Tree Trim,75
"200100",Tree Trim,75
"198027",Tree Trim,75
"200146",Tree Removal,51
"199828",Tree Removal,51
"200165",Tree Trim,75
"198233",Tree Trim,75
"200274",Tree Removal,51
"200193",Tree Trim,75
"198178",Tree Trim,75
"200232",Tree Removal,51
"198373",Tree Trim,75
"198179",Tree Trim,75
"200046",Tree Removal,51
"198143",Tree Trim,75
"200180",Tree Removal,51
"200201",Tree Removal,51
"200156",Tree Removal,51
"198144",Tree Trim,75
"198169",Tree Trim,75
"198441",Tree Trim,75
"197662",Tree Trim,75
"200252",Tree Removal,51
"196805",Tree Trim,75
"200241",Tree Trim,75
"200110",Tree Trim,75
"200275",Tree Removal,51
"197985",Tree Trim,75
"198384",Tree Trim,75
"200172",Tree Trim,75
"200095",Tree Removal,51
,Tree Trim,
"200099",Tree Removal,51
"200187",Tree Trim,75
"200112",Tree Removal,51
"200294",Tree Removal,51
"200120",Tree Removal,51
"200116",Tree Trim,75
"200115",Tree Trim,75
"198053",Tree Trim,75
"197991",Tree Trim,75
"200272",Tree Trim,75
"200250",Tree Trim,75
"197898",Tree Trim,75
"200277",Tree Removal,51
"197919",Tree Trim,75
"198154",Tree Trim,75
"200195",Tree Removal,51
"197653",Tree Trim,75
"200288",Tree Removal,51
"200114",Tree Removal,51
"200163",Tree Trim,75
"196975",Tree Trim,75
"197604",Tree Trim,75
"200159",Tree Trim,75
,Tree Removal,
"200325",Tree Removal,51
"198280",Tree Trim,75
"200326",Tree Removal,51
"200101",Tree Removal,51
"200198",Tree Trim,75
"200292",Tree Removal,51
"200145",Tree Trim,75
"200322",Tree Removal,51
"199593",Tree Trim,75
"197358",Tree Trim,75
"200257",Tree Trim,75
"200215",Tree Trim,75
"200223",Tree Removal,51
"200246",Tree Removal,52
"200295",Tree Removal,51
"198245",Tree Trim,75
"200192",Tree Removal,51
"200251",Tree Removal,51
"199991",Tree Trim,75
"200185",Tree Trim,75
"200342",Tree Removal,51
"200337",Tree Removal,51
"200240",Tree Removal,51
,Tree Stump Grinding,
"200289",Tree Removal,51
"200314",Tree Trim,75
"196644",Tree Trim,75
"200348",Tree Removal,51
"200157",Tree Trim,75
"200263",Tree Removal,51
"200349",Tree Removal,51
"200331",Tree Trim,75
"200355",Tree Removal,51
"200338",Tree Trim,75
"200011",Tree Trim,75
"200293",Tree Trim,75
"200354",Tree Removal,51
"200235",Tree Trim,75
"200324",Tree Removal,51
"200224",Tree Removal,51
"190668",Tree Planting,25
"200377",Tree Removal,51
"200410",Tree Removal,51
"200412",Tree Removal,51
"200422",Tree Removal,51
"200378",Tree Removal,51
"200413",Tree Removal,51
"200296",Tree Removal,51
"200367",Tree Trim,75
"200404",Tree Removal,51
"200360",Tree Removal,51
"200406",Tree Trim,75
"196858",Tree Trim,75
"200345",Tree Trim,75
"200425",Tree Trim,75
"200346",Tree Removal,51
"200270",Tree Trim,75
"196154",Tree Trim,75
"200438",Tree Removal,51
"200421",Tree Trim,75
"198070",Tree Trim,74
"197394",Tree Trim,75
"197137",Tree Trim,75
"200595",Tree Trim,75
"200297",Tree Removal,51
"200330",Tree Removal,51
"198442",Tree Trim,75
"200336",Tree Trim,75
"200347",Tree Removal,51
"200471",Tree Trim,75
"200419",Tree Trim,75
"200491",Tree Removal,51
"200466",Tree Removal,51
"199721",Tree Removal,51
"200372",Tree Removal,51
"200450",Tree Trim,75
"200408",Tree Removal,51
"198139",Tree Trim,75
"200376",Tree Removal,51
"200449",Tree Trim,75
"200417",Tree Removal,51
"200407",Tree Trim,75
"200497",Tree Trim,75
"197715",Tree Trim,75
"200424",Tree Trim,75
"200495",Tree Removal,51
"197752",Tree Trim,75
"200498",Tree Removal,51
"198039",Tree Trim,75
"197700",Tree Trim,75
"200426",Tree Removal,51
"200261",Tree Removal,51
"200516",Tree Trim,75
"200502",Tree Trim,75
"200494",Tree Removal,51
"200520",Tree Removal,51
"200521",Tree Removal,51
"200507",Tree Trim,75
"200482",Tree Trim,75
"200513",Tree Removal,51
"200492",Tree Removal,51
"200238",Tree Removal,51
"200306",Tree Trim,75
"200365",Tree Trim,75
"200490",Tree Trim,75
"200222",Tree Trim,75
"200534",Tree Trim,75
"200565",Tree Trim,75
"200536",Tree Trim,75
"200254",Tree Trim,75
"200512",Tree Trim,75
"200514",Tree Removal,51
"200439",Tree Removal,51
"197529",Tree Trim,75
"200358",Tree Trim,75
"200535",Tree Trim,75
"200592",Tree Removal,51
"200540",Tree Removal,52
"200597",Tree Removal,51
"200570",Tree Trim,75
"200559",Tree Trim,75
"200510",Tree Removal,51
"200600",Tree Removal,51
"200593",Tree Stump Grinding,116
"200636",Tree Trim,75
"200511",Tree Removal,51
"200575",Tree Removal,51
"200628",Tree Trim,75
"200273",Tree Trim,75
"200359",Tree Trim,75
"200483",Tree Planting,25
"200645",Tree Removal,51
"200653",Tree Removal,51
"200374",Tree Removal,51
"200569",Tree Trim,75
"200541",Tree Removal,51
"200563",Tree Trim,75
"200656",Tree Trim,75
"200594",Tree Trim,75
"200626",Tree Trim,75
"200630",Tree Trim,75
"200647",Tree Removal,51
"200588",Tree Removal,51
,Tree Trim,
"200300",Tree Trim,75
"200684",Tree Trim,75
"200599",Tree Removal,51
"200596",Tree Trim,75
"200698",Tree Trim,75
"200695",Tree Trim,122
"200655",Tree Removal,51
"200537",Tree Trim,75
"200460",Tree Trim,75
"200689",Tree Removal,51
"198225",Tree Trim,75
"200715",Tree Trim,75
"200515",Tree Trim,75
"200586",Tree Trim,75
"200486",Tree Trim,75
"200590",Tree Trim,75
"200699",Tree Trim,75
"200686",Tree Trim,75
"200602",Tree Trim,75
"200712",Tree Removal,51
"200743",Tree Removal,51
"199418",Tree Trim,75
"200567",Tree Removal,51
"200703",Tree Trim,75
"200705",Tree Trim,75
"199370",Tree Trim,75
"200733",Tree Removal,51
"200745",Tree Trim,75
"200578",Tree Trim,75
"200673",Tree Trim,75
"200759",Tree Trim,75
"200577",Tree Trim,75
"200768",Tree Trim,75
"199952",Tree Removal,51
"200562",Tree Removal,51
"200423",Tree Removal,51
"200754",Tree Trim,75
"200843",Tree Removal,51
"200760",Tree Trim,75
"200779",Tree Removal,51
"200788",Tree Removal,51
"200790",Tree Code Violation,52
"200801",Tree Trim,75
"200601",Tree Removal,51
"200729",Tree Trim,75
"200719",Tree Removal,51
,Tree Trim,
"200813",Tree Removal,51
"200819",Tree Removal,51
"200815",Tree Removal,51
"200838",Tree Trim,75
"200844",Tree Removal,51
"200845",Tree Removal,51
"200831",Tree Removal,51
"199650",Tree Trim,75
"200866",Tree Trim,75
"200857",Tree Trim,75
"200896",Tree Removal,51
"200918",Tree Removal,51
"200920",Tree Removal,51
"200907",Tree Removal,51
"200927",Tree Removal,51
"200906",Tree Removal,51
"200902",Tree Removal,51
"200913",Tree Removal,51
"200924",Tree Removal,51
"200900",Tree Removal,51
"200935",Tree Removal,51
"200922",Tree Removal,51
"200919",Tree Removal,51
"199915",Tree Removal,51
"200950",Tree Trim,75
"200974",Tree Trim,75
"200977",Tree Trim,75
"200968",Tree Trim,75
"201003",Tree Removal,51
"197080",Tree Trim,75
"200830",Tree Removal,51
"200965",Tree Removal,51
"200880",Tree Removal,51
"201000",Tree Trim,75
"200985",Tree Trim,75
"200969",Tree Removal,51
"200975",Tree Removal,51
"200967",Tree Removal,51
"200980",Tree Removal,51
"201023",Tree Trim,75
"200881",Tree Trim,75
"201033",Tree Trim,75
"200868",Tree Trim,75
"201013",Tree Trim,75
"201039",Tree Removal,51
"201027",Tree Removal,51
,Tree Removal,
"200905",Tree Removal,51
"200869",Tree Removal,51
"200941",Tree Removal,51
"200989",Tree Removal,51
"200875",Tree Trim,75
"201044",Tree Removal,51
"201025",Tree Removal,51
"200994",Tree Trim,75
"201046",Tree Trim,75
"200894",Tree Removal,51
"201077",Tree Removal,51
"200951",Tree Trim,75
"201051",Tree Removal,51
"201061",Tree Removal,51
"200934",Tree Trim,75
"201081",Tree Removal,51
"200931",Tree Trim,76
"201075",Tree Trim,75
"201063",Tree Trim,75
"201049",Tree Removal,51
"201069",Tree Removal,51
"200978",Tree Trim,75
"200995",Tree Trim,75
"201082",Tree Removal,51
"200982",Tree Removal,51
"201087",Tree Trim,75
"201138",Tree Trim,75
"201121",Tree Removal,51
"201072",Tree Removal,51
"201060",Tree Removal,51
"201096",Tree Removal,51
"201122",Tree Removal,51
"201100",Tree Removal,51
"201162",Tree Trim,75
"201140",Tree Trim,75
"201144",Tree Trim,75
"201137",Tree Removal,51
"200996",Tree Removal,51
"201109",Tree Removal,51
"198284",Tree Trim,75
"201135",Tree Removal,51
"200871",Tree Trim,75
"201171",Tree Trim,75
"200853",Tree Removal,51
"201129",Tree Removal,51
"201611",Tree Trim,75
"201210",Tree Trim,75
,Tree Trim,
"201239",Tree Removal,52
"214120",Tree Trim,75
"201291",Tree Trim,75
"200914",Tree Trim,75
"200952",Tree Trim,75
"201128",Tree Removal,51
"201279",Tree Trim,75
"201101",Tree Trim,75
"201054",Tree Trim,75
"201074",Tree Trim,75
"201145",Tree Trim,75
"201243",Tree Trim,75
"201310",Tree Trim,75
"201294",Tree Removal,51
"201269",Tree Trim,75
"201295",Tree Trim,75
"201301",Tree Trim,75
"201150",Tree Trim,75
"201296",Tree Removal,51
"201248",Tree Trim,75
"198307",Tree Trim,75
"201376",Tree Trim,75
"201643",Tree Removal,51
"201362",Tree Removal,51
"201371",Tree Removal,51
"201317",Tree Removal,51
"201358",Tree Trim,75
"201356",Tree Trim,75
"201350",Tree Removal,51
"201348",Tree Trim,75
"201092",Tree Trim,75
"201342",Tree Trim,75
"201293",Tree Trim,75
"201261",Tree Trim,75
"201379",Tree Removal,51
"201405",Tree Removal,51
"201380",Tree Removal,51
"201460",Tree Removal,51
"201428",Tree Removal,51
"201442",Tree Removal,51
"201497",Tree Removal,51
"201495",Tree Removal,51
"201473",Tree Removal,51
"201334",Tree Trim,75
"201513",Tree Removal,51
"201500",Tree Trim,75
"201445",Tree Trim,75
"201448",Tree Removal,51
"201426",Tree Trim,75
"201330",Tree Trim,75
"201404",Tree Trim,75
"201520",Tree Removal,51
"201462",Tree Removal,51
"201476",Tree Removal,51
"201537",Tree Trim,75
"201521",Tree Trim,75
"201510",Tree Trim,75
"201370",Tree Removal,51
"201549",Tree Removal,51
"201577",Tree Trim,75
"201530",Tree Trim,75
"201539",Tree Removal,51
"201465",Tree Trim,76
"201583",Tree Removal,51
"201475",Tree Trim,75
"201590",Tree Removal,51
"201457",Tree Trim,75
"201449",Tree Trim,75
"201585",Tree Trim,75
"201565",Tree Trim,75
"201479",Tree Removal,51
,Tree Trim,75
"201576",Tree Removal,51
"201463",Tree Stump Grinding,116
"201640",Tree Trim,75
"201528",Tree Trim,75
"201617",Tree Removal,51
"201609",Tree Trim,75
"201546",Tree Removal,51
"201618",Tree Trim,75
"201616",Tree Trim,75
"201446",Tree Removal,51
"201572",Tree Trim,75
"201065",Tree Removal,51
"201588",Tree Trim,75
"201559",Tree Removal,51
"201580",Tree Removal,51
"201630",Tree Trim,75
"201736",Tree Removal,51
"201707",Tree Removal,51
"201685",Tree Trim,75
"201725",Tree Stump Grinding,116
"201722",Tree Removal,51
"201779",Tree Removal,51
"201778",Tree Removal,51
"201776",Tree Trim,75
"201637",Tree Trim,75
"201701",Tree Trim,75
"201738",Tree Removal,51
"201824",Tree Removal,51
"201774",Tree Trim,75
"201798",Tree Trim,75
"201823",Tree Removal,51
"201691",Tree Removal,51
"201819",Tree Trim,75
"201671",Tree Removal,51
"201761",Tree Trim,75
"201801",Tree Trim,75
"201727",Tree Trim,75
"201728",Tree Removal,51
"201789",Tree Removal,51
"201811",Tree Trim,76
"201810",Tree Removal,52
"201815",Tree Removal,51
"201773",Tree Trim,75
"201836",Tree Removal,51
"201679",Tree Removal,51
"201867",Tree Removal,51
"201825",Tree Trim,75
"201903",Tree Trim,75
"201863",Tree Removal,51
"201813",Tree Stump Grinding,116
"201868",Tree Removal,51
"201842",Tree Removal,51
"201856",Tree Trim,75
"201714",Tree Trim,75
"201895",Tree Trim,75
"201775",Tree Trim,75
"201860",Tree Trim,75
"201910",Tree Removal,51
"201902",Tree Removal,51
"201913",Tree Removal,51
"201882",Tree Trim,75
"201887",Tree Removal,51
"201841",Tree Trim,75
"201641",Tree Removal,51
"201839",Tree Removal,51
"201897",Tree Trim,75
"201876",Tree Trim,75
"201893",Tree Removal,51
"201954",Tree Trim,75
"201919",Tree Trim,75
,Tree Trim,
"201816",Tree Removal,51
"201941",Tree Removal,51
"201822",Tree Trim,75
"201786",Tree Trim,75
"201983",Tree Trim,75
"201970",Tree Trim,75
"201820",Tree Removal,51
"202003",Tree Removal,51
"201947",Tree Trim,75
"201953",Tree Trim,75
"201972",Tree Trim,75
"201788",Tree Trim,75
"201843",Tree Removal,51
"202021",Tree Trim,75
"201859",Tree Trim,75
"201992",Tree Trim,75
"202032",Tree Trim,75
"202040",Tree Trim,75
"201942",Tree Trim,75
"202018",Tree Removal,51
"202030",Tree Removal,51
"202004",Tree Removal,51
"202046",Tree Removal,51
"201997",Tree Trim,75
"202051",Tree Trim,75
"202037",Tree Removal,51
"202035",Tree Removal,51
"202052",Tree Trim,75
"202056",Tree Trim,75
"201472",Tree Removal,51
"202055",Tree Trim,75
"201987",Tree Trim,75
"202054",Tree Removal,51
"201632",Tree Trim,75
"201969",Tree Removal,51
"201753",Tree Removal,51
"202036",Tree Trim,75
"202025",Tree Trim,75
"201926",Tree Trim,75
"202027",Tree Removal,51
"202064",Tree Trim,75
"202134",Tree Removal,51
"202041",Tree Removal,51
"202153",Tree Removal,51
"201936",Tree Removal,51
"202125",Tree Trim,75
"202114",Tree Trim,75
"202131",Tree Trim,75
"202067",Tree Trim,75
"202090",Tree Trim,75
"202097",Tree Removal,51
"201642",Tree Trim,75
"202012",Tree Trim,75
"202197",Tree Removal,51
"202168",Tree Trim,75
"202140",Tree Removal,51
"202200",Tree Removal,51
"202100",Tree Removal,51
"202162",Tree Removal,51
"202095",Tree Removal,51
"202016",Tree Trim,75
"202104",Tree Removal,51
"202170",Tree Removal,51
"202191",Tree Trim,75
"202157",Tree Removal,51
"202226",Tree Removal,51
"203390",Tree Trim,75
"202212",Tree Trim,75
"202227",Tree Trim,75
"202205",Tree Trim,75
"202213",Tree Trim,75
"202242",Tree Removal,51
"202264",Tree Trim,75
"202106",Tree Trim,76
"202263",Tree Removal,51
"202259",Tree Removal,51
"202270",Tree Removal,51
"202182",Tree Trim,75
"202180",Tree Trim,75
"202204",Tree Trim,76
"202300",Tree Removal,51
"202161",Tree Trim,75
"202245",Tree Trim,75
"202273",Tree Removal,51
"202167",Tree Trim,75
"202248",Tree Trim,75
"201689",Tree Trim,75
"201937",Tree Trim,75
"202373",Tree Trim,75
"202327",Tree Removal,51
"202319",Tree Removal,51
"202257",Tree Removal,51
"202293",Tree Trim,75
"202176",Tree Trim,75
"202186",Tree Trim,75
"202325",Tree Trim,75
"202298",Tree Trim,75
"202316",Tree Removal,51
"202190",Tree Removal,51
"202231",Tree Removal,51
"203223",Tree Removal,51
"202308",Tree Trim,75
"202332",Tree Trim,75
"202350",Tree Trim,75
"201757",Tree Trim,75
"202374",Tree Stump Grinding,116
"202142",Tree Trim,75
"202346",Tree Stump Grinding,116
"202359",Tree Trim,75
"200955",Tree Trim,75
"197871",Tree Removal,51
"202410",Tree Removal,51
"202225",Tree Trim,75
"202333",Tree Trim,75
"202402",Tree Removal,51
"202366",Tree Trim,75
"202411",Tree Removal,51
"202363",Tree Trim,75
"202425",Tree Removal,51
"202422",Tree Trim,75
"202468",Tree Removal,51
"202323",Tree Removal,51
"202482",Tree Removal,51
"202524",Tree Removal,51
"202533",Tree Removal,51
"202506",Tree Removal,51
"202437",Tree Trim,75
"202404",Tree Trim,75
"202536",Tree Trim,75
"202271",Tree Trim,75
"202617",Tree Removal,51
"202405",Tree Removal,51
"202548",Tree Trim,75
"202556",Tree Trim,75
"202557",Tree Trim,75
"202558",Tree Trim,75
"202588",Tree Removal,51
"202496",Tree Removal,51
"202546",Tree Removal,51
"202594",Tree Removal,51
"202610",Tree Trim,75
,Tree Trim,
,Tree Code Violation,
"202636",Tree Removal,51
"202643",Tree Removal,51
"202566",Tree Removal,51
"202664",Tree Removal,51
"202571",Tree Trim,75
"202671",Tree Removal,51
"202702",Tree Removal,51
"202689",Tree Removal,51
"202693",Tree Removal,51
"202820",Tree Trim,75
"202700",Tree Trim,75
"202357",Tree Trim,75
"202629",Tree Removal,51
"202721",Tree Trim,75
"202745",Tree Trim,75
"202732",Tree Removal,51
"202681",Tree Removal,51
"202713",Tree Removal,51
"202758",Tree Removal,51
"202730",Tree Trim,75
"202433",Tree Removal,51
"202639",Tree Trim,75
,Tree Trim,
,Tree Stump Grinding,
,Tree Trim,
"202602",Tree Removal,51
"202776",Tree Removal,51
"202463",Tree Trim,75
"202789",Tree Trim,75
"202780",Tree Trim,75
"202674",Tree Removal,51
"202675",Tree Removal,51
"202748",Tree Removal,51
"202619",Tree Trim,75
"202048",Tree Removal,51
"202810",Tree Removal,51
"202843",Tree Removal,51
"202697",Tree Stump Grinding,116
"202824",Tree Removal,51
"202811",Tree Removal,51
"202472",Tree Trim,75
"202862",Tree Trim,75
"202823",Tree Removal,51
"202814",Tree Removal,51
"202694",Tree Removal,51
"202599",Tree Trim,75
"202853",Tree Removal,51
"202427",Tree Trim,75
"202731",Tree Removal,51
"202918",Tree Trim,75
"202876",Tree Trim,75
"202535",Tree Removal,51
"202802",Tree Trim,75
"202815",Tree Trim,75
"202917",Tree Trim,75
"202928",Tree Trim,75
"202873",Tree Removal,51
"202969",Tree Removal,51
"202959",Tree Removal,51
"202949",Tree Removal,51
"202830",Tree Trim,75
"202929",Tree Trim,75
"202933",Tree Removal,51
"202987",Tree Removal,51
"202813",Tree Stump Grinding,116
"202831",Tree Stump Grinding,116
"215358",Tree Removal,51
"202947",Tree Removal,51
"202845",Tree Trim,75
"202803",Tree Trim,75
"202963",Tree Trim,75
"202923",Tree Trim,75
"202994",Tree Trim,75
"202983",Tree Trim,75
"202982",Tree Trim,75
"202944",Tree Removal,51
"202915",Tree Removal,51
"202940",Tree Trim,75
"203091",Tree Trim,75
"202818",Tree Trim,75
"202833",Tree Trim,75
"202961",Tree Trim,75
"203110",Tree Removal,51
"202975",Tree Trim,75
"203089",Tree Removal,51
"202856",Tree Trim,79
"202952",Tree Removal,51
"202990",Tree Trim,75
"203127",Tree Trim,75
"203135",Tree Trim,75
"203139",Tree Trim,75
"203138",Tree Removal,51
"202937",Tree Trim,75
"203004",Tree Trim,75
"221216",Tree Trim,75
"202759",Tree Removal,51
"203166",Tree Trim,75
"203106",Tree Trim,75
"203157",Tree Trim,75
"203159",Tree Trim,75
"203069",Tree Removal,51
"203064",Tree Trim,75
"203068",Tree Removal,51
"203053",Tree Trim,75
"203190",Tree Trim,75
"203102",Tree Removal,51
"203222",Tree Removal,51
"203217",Tree Removal,51
"203156",Tree Trim,75
"202841",Tree Removal,51
"203090",Tree Trim,75
"203031",Tree Removal,51
"203251",Tree Trim,75
"203018",Tree Removal,51
"222014",Tree Trim,75
"203126",Tree Trim,75
"203191",Tree Trim,75
,Tree Trim,
"198114",Tree Removal,51
"203276",Tree Removal,51
"203125",Tree Trim,75
"203112",Tree Trim,75
"203154",Tree Trim,75
"203280",Tree Removal,51
"203227",Tree Removal,51
"203224",Tree Removal,51
"203078",Tree Trim,75
"203100",Tree Removal,51
"203123",Tree Removal,51
"203296",Tree Removal,51
"203317",Tree Removal,51
"203113",Tree Trim,75
"203283",Tree Trim,75
"203311",Tree Removal,51
"203209",Tree Trim,75
"203315",Tree Removal,51
"203323",Tree Trim,75
"203297",Tree Removal,51
"203328",Tree Trim,75
"203309",Tree Trim,75
"203197",Tree Trim,75
"203327",Tree Removal,51
"203394",Tree Removal,51
"203322",Tree Trim,75
"203375",Tree Removal,51
"203367",Tree Trim,75
"203340",Tree Trim,75
"203266",Tree Trim,75
"203388",Tree Trim,75
"203343",Tree Removal,51
"203408",Tree Removal,51
"203170",Tree Trim,75
"203450",Tree Removal,51
"203132",Tree Trim,75
"203358",Tree Trim,75
"203360",Tree Removal,51
"203362",Tree Trim,75
"203445",Tree Removal,51
"203235",Tree Trim,75
"203040",Tree Removal,51
"203194",Tree Trim,75
"203107",Tree Removal,51
"203312",Tree Removal,51
"203404",Tree Removal,51
"203465",Tree Removal,51
"203318",Tree Removal,51
"203422",Tree Removal,51
"203339",Tree Trim,75
"203369",Tree Trim,75
"203434",Tree Removal,51
"203522",Tree Removal,51
"203515",Tree Removal,51
"203537",Tree Removal,51
"203539",Tree Removal,51
"204204",Tree Trim,75
"203519",Tree Removal,51
"203533",Tree Removal,51
"203524",Tree Removal,51
"203523",Tree Removal,51
"203492",Tree Trim,75
"203543",Tree Removal,51
"203528",Tree Removal,51
"203540",Tree Removal,51
"203581",Tree Removal,51
"203570",Tree Removal,51
"203562",Tree Removal,51
"203576",Tree Removal,51
"203518",Tree Trim,75
"203575",Tree Removal,51
"203550",Tree Trim,75
"203572",Tree Removal,51
"203439",Tree Removal,51
"203574",Tree Removal,51
"203642",Tree Removal,51
"203567",Tree Removal,51
"203633",Tree Trim,75
"203541",Tree Trim,75
"203613",Tree Removal,51
"203657",Tree Removal,53
"203618",Tree Removal,51
"203617",Tree Trim,75
"203616",Tree Trim,75
"203607",Tree Removal,51
"203583",Tree Removal,51
"203610",Tree Trim,75
"203687",Tree Trim,75
"203658",Tree Removal,51
"203586",Tree Removal,51
"203688",Tree Removal,51
"203481",Tree Removal,51
"203480",Tree Trim,75
"203597",Tree Removal,51
"203545",Tree Trim,75
"203669",Tree Removal,51
"203604",Tree Trim,75
"203587",Tree Trim,75
"203349",Tree Trim,75
"203622",Tree Removal,51
"203678",Tree Removal,51
"203766",Tree Removal,51
"203763",Tree Removal,51
"203709",Tree Removal,51
"203629",Tree Trim,75
"203673",Tree Trim,75
"203772",Tree Trim,75
"203747",Tree Removal,51
"203761",Tree Trim,75
"203806",Tree Removal,51
"203787",Tree Removal,51
"203740",Tree Trim,75
"203429",Tree Trim,75
"203770",Tree Trim,75
"203146",Tree Removal,51
"203639",Tree Trim,75
"203259",Tree Trim,75
"203683",Tree Removal,51
"203437",Tree Removal,51
"203473",Tree Removal,51
"203869",Tree Removal,51
"203598",Tree Removal,51
"203850",Tree Removal,51
"203325",Tree Removal,51
"203446",Tree Trim,75
"203798",Tree Removal,51
"203494",Tree Trim,75
"203502",Tree Trim,75
"203908",Tree Removal,51
"203923",Tree Trim,75
"203789",Tree Trim,75
"203769",Tree Trim,75
"203637",Tree Removal,51
"203792",Tree Trim,75
"203589",Tree Removal,51
"203684",Tree Trim,75
"203665",Tree Removal,51
"203779",Tree Removal,51
"203956",Tree Removal,51
"203919",Tree Trim,75
"203759",Tree Trim,75
"203845",Tree Removal,51
,Tree Trim,
"203757",Tree Trim,75
"203667",Tree Removal,51
"203674",Tree Trim,75
"203478",Tree Trim,75
"204167",Tree Removal,51
"203744",Tree Removal,51
"222536",Tree Removal,51
"203966",Tree Trim,75
"203101",Tree Removal,51
"204005",Tree Removal,51
"203430",Tree Trim,75
"203457",Tree Removal,51
"204008",Tree Removal,51
"203632",Tree Removal,51
"204046",Tree Removal,51
"204014",Tree Trim,75
"203753",Tree Trim,75
"203837",Tree Trim,75
"203843",Tree Removal,51
"203517",Tree Trim,75
"203941",Tree Stump Grinding,116
"203605",Tree Trim,75
"200560",Tree Code Violation,52
"203451",Tree Removal,51
"203671",Tree Trim,75
"203901",Tree Removal,51
"203672",Tree Removal,51
"203641",Tree Trim,75
"203619",Tree Removal,51
"203871",Tree Trim,75
"203184",Tree Planting,25
"203663",Tree Trim,75
"203592",Tree Removal,51
"203950",Tree Trim,75
"204117",Tree Removal,52
"203653",Tree Trim,75
"204049",Tree Removal,51
"204198",Tree Trim,75
"203916",Tree Removal,51
"204176",Tree Trim,75
"203862",Tree Trim,75
"203861",Tree Trim,75
"203954",Tree Trim,75
"204135",Tree Removal,51
"203933",Tree Removal,51
"203926",Tree Trim,75
"204042",Tree Trim,75
"203927",Tree Trim,75
"203564",Tree Trim,75
"203563",Tree Removal,51
"203928",Tree Trim,75
"203666",Tree Removal,51
"203693",Tree Trim,75
"203930",Tree Trim,75
"204150",Tree Trim,75
"203872",Tree Removal,51
"203929",Tree Trim,75
"204175",Tree Removal,51
"203501",Tree Trim,75
"203606",Tree Trim,75
"203615",Tree Trim,75
"203943",Tree Trim,75
"204203",Tree Removal,51
"204165",Tree Removal,51
"204051",Tree Trim,75
"203702",Tree Removal,51
"204249",Tree Trim,75
"204181",Tree Trim,75
"204451",Tree Trim,75
"203643",Tree Stump Grinding,116
"203738",Tree Removal,51
,Tree Trim,
"203885",Tree Trim,75
"203748",Tree Removal,51
"203729",Tree Removal,51
"203549",Tree Trim,75
"203726",Tree Trim,75
"204243",Tree Removal,51
"203949",Tree Removal,51
"204083",Tree Trim,75
"203802",Tree Trim,75
"203737",Tree Trim,75
"203818",Tree Removal,51
"204024",Tree Trim,75
"204217",Tree Removal,51
"204364",Tree Removal,51
"203730",Tree Trim,75
"204277",Tree Removal,51
"204286",Tree Removal,51
"204333",Tree Removal,51
"204348",Tree Removal,51
"203831",Tree Removal,51
"204373",Tree Trim,75
"203775",Tree Removal,51
"204301",Tree Trim,75
"204293",Tree Trim,75
"204380",Tree Trim,75
"204193",Tree Trim,75
"204381",Tree Removal,51
"203749",Tree Trim,75
"204171",Tree Trim,75
"204390",Tree Trim,75
"204021",Tree Trim,75
"203720",Tree Trim,75
"204411",Tree Removal,51
"204210",Tree Trim,75
"204207",Tree Trim,75
"204431",Tree Removal,51
"204444",Tree Trim,75
"204433",Tree Removal,51
"204415",Tree Removal,51
"204354",Tree Trim,75
"204425",Tree Removal,51
"204446",Tree Trim,75
"204434",Tree Removal,51
"204173",Tree Removal,51
"203844",Tree Trim,75
"203503",Tree Trim,75
"203675",Tree Trim,75
"203883",Tree Trim,75
"204424",Tree Trim,75
"204290",Tree Removal,51
"204407",Tree Trim,75
"222578",Tree Trim,75
"204251",Tree Trim,75
"204556",Tree Removal,51
"204058",Tree Removal,51
"203704",Tree Removal,51
"204367",Tree Trim,75
"204477",Tree Removal,51
"204481",Tree Removal,51
"204465",Tree Removal,51
"203644",Tree Removal,51
"204507",Tree Trim,75
"203732",Tree Removal,51
"204395",Tree Removal,51
"204403",Tree Trim,75
"204191",Tree Trim,75
"204554",Tree Removal,51
"203877",Tree Removal,51
"204549",Tree Removal,51
"204555",Tree Removal,51
"204441",Tree Trim,75
"203819",Tree Removal,51
"203984",Tree Trim,75
"203725",Tree Trim,75
"204461",Tree Trim,75
"203886",Tree Trim,75
"204035",Tree Trim,75
"204551",Tree Removal,51
"204540",Tree Removal,51
"204447",Tree Removal,51
"204635",Tree Removal,51
"203985",Tree Trim,75
"204629",Tree Removal,51
"203925",Tree Trim,75
"203788",Tree Trim,75
"204268",Tree Trim,75
"203828",Tree Trim,75
"204071",Tree Trim,75
"204316",Tree Removal,51
"203874",Tree Trim,75
"203922",Tree Trim,75
"203875",Tree Trim,75
"203878",Tree Removal,51
"204570",Tree Removal,51
"204084",Tree Trim,75
"204061",Tree Trim,75
"203685",Tree Removal,51
"203820",Tree Trim,75
"203455",Tree Planting,25
"203902",Tree Trim,75
"204225",Tree Removal,51
"204081",Tree Trim,75
"204123",Tree Removal,51
"204479",Tree Removal,51
"204450",Tree Trim,75
"204667",Tree Removal,51
"204452",Tree Removal,51
"204437",Tree Trim,75
"203904",Tree Trim,75
"204464",Tree Trim,75
"204613",Tree Removal,51
"204474",Tree Trim,75
"204229",Tree Removal,51
"204587",Tree Removal,51
"203988",Tree Trim,75
"204564",Tree Trim,75
"204006",Tree Removal,51
"203944",Tree Removal,51
"204668",Tree Removal,51
"204687",Tree Trim,75
"204675",Tree Removal,51
"204651",Tree Removal,51
"204109",Tree Trim,75
"203676",Tree Removal,51
"204599",Tree Trim,75
"204696",Tree Removal,51
"203915",Tree Removal,51
"204769",Tree Removal,51
"204604",Tree Trim,75
"204092",Tree Removal,51
"204158",Tree Removal,51
"204157",Tree Trim,75
"204156",Tree Trim,75
"204749",Tree Trim,75
"204091",Tree Trim,75
"204163",Tree Removal,51
"204800",Tree Trim,75
"204180",Tree Trim,75
"204797",Tree Trim,75
"203727",Tree Trim,75
"203830",Tree Trim,75
"204436",Tree Trim,75
"204276",Tree Removal,51
"204298",Tree Trim,75
"204059",Tree Trim,75
"203989",Tree Removal,51
"203911",Tree Trim,75
"204076",Tree Trim,75
"203917",Tree Removal,51
"204819",Tree Removal,51
"204754",Tree Trim,75
"204743",Tree Trim,75
"204811",Tree Removal,51
"204211",Tree Trim,75
"204858",Tree Trim,75
"204853",Tree Removal,51
"204057",Tree Trim,75
"203841",Tree Trim,75
"203997",Tree Trim,75
"204009",Tree Removal,51
"204868",Tree Removal,51
"204107",Tree Trim,75
"204904",Tree Removal,51
,Tree Removal,
"204733",Tree Trim,75
"204096",Tree Removal,51
"204895",Tree Removal,51
"204170",Tree Removal,51
"204768",Tree Removal,51
"204486",Tree Trim,75
"204485",Tree Trim,75
"204108",Tree Trim,75
"204499",Tree Trim,75
"204497",Tree Trim,75
"204144",Tree Trim,75
"204500",Tree Trim,75
"204116",Tree Stump Grinding,116
"204707",Tree Removal,51
"204884",Tree Trim,75
"204875",Tree Trim,75
"204603",Tree Removal,51
"204257",Tree Trim,75
"204794",Tree Trim,75
"204936",Tree Removal,51
"204114",Tree Trim,75
"204363",Tree Trim,75
"204602",Tree Trim,75
"204015",Tree Trim,75
"203921",Tree Trim,75
"204678",Tree Trim,75
"204899",Tree Trim,75
"204558",Tree Removal,51
"204223",Tree Trim,75
"204093",Tree Trim,75
"204007",Tree Removal,51
"204683",Tree Removal,51
"204516",Tree Removal,51
"204079",Tree Trim,75
"204685",Tree Trim,75
"204448",Tree Trim,75
"204996",Tree Removal,51
"205013",Tree Trim,75
"204278",Tree Trim,75
"204990",Tree Trim,75
"204731",Tree Removal,51
"204242",Tree Removal,51
"204720",Tree Trim,75
"204029",Tree Removal,51
"204438",Tree Trim,75
"204881",Tree Removal,51
"204213",Tree Removal,51
"205008",Tree Trim,75
"204241",Tree Removal,51
"204818",Tree Trim,75
"204999",Tree Trim,75
"204954",Tree Trim,75
"204226",Tree Trim,75
"204679",Tree Trim,75
"204729",Tree Trim,75
"204988",Tree Trim,75
"205048",Tree Trim,75
"204280",Tree Trim,75
"204991",Tree Removal,51
"204372",Tree Trim,76
"204319",Tree Trim,75
"204524",Tree Trim,75
"205103",Tree Removal,51
"204559",Tree Trim,75
"204829",Tree Removal,51
"204535",Tree Removal,51
"205007",Tree Trim,75
"204705",Tree Removal,51
"204282",Tree Trim,75
"204864",Tree Removal,51
"204162",Tree Removal,51
"204202",Tree Trim,75
"204680",Tree Trim,75
"205111",Tree Removal,51
"204846",Tree Removal,51
"204626",Tree Trim,75
"204596",Tree Removal,51
"205120",Tree Removal,51
"205104",Tree Removal,51
"205122",Tree Removal,51
"204159",Tree Trim,75
"204233",Tree Trim,75
"204377",Tree Trim,75
"204295",Tree Removal,51
"205175",Tree Removal,51
"205151",Tree Removal,51
"205112",Tree Trim,75
"204879",Tree Trim,75
"204324",Tree Trim,75
"204600",Tree Trim,75
"205147",Tree Trim,75
"205157",Tree Removal,51
"205560",Tree Trim,75
"205119",Tree Removal,51
,Tree Removal,
"205089",Tree Removal,51
"205018",Tree Trim,75
"205182",Tree Trim,75
"205178",Tree Trim,75
"204312",Tree Removal,51
"204822",Tree Removal,51
"204730",Tree Removal,51
"205219",Tree Removal,51
"205285",Tree Trim,75
"205079",Tree Trim,75
"205057",Tree Removal,51
"204935",Tree Trim,75
"205142",Tree Removal,51
"205256",Tree Removal,51
"205265",Tree Removal,51
"205280",Tree Stump Grinding,116
"204890",Tree Removal,51
"205281",Tree Removal,51
"205278",Tree Removal,51
"205139",Tree Trim,75
"204378",Tree Trim,75
"205207",Tree Removal,51
"204861",Tree Removal,51
"205232",Tree Trim,75
"204870",Tree Removal,51
"205199",Tree Trim,75
"204871",Tree Removal,51
"204620",Tree Trim,75
"205188",Tree Removal,51
"204235",Tree Removal,51
"204432",Tree Trim,75
"204543",Tree Removal,51
"205001",Tree Trim,75
"205310",Tree Trim,75
"204199",Tree Trim,75
"204515",Tree Trim,75
"204279",Tree Removal,51
"205215",Tree Removal,51
"204866",Tree Trim,75
"205020",Tree Removal,51
"204120",Tree Trim,75
"204548",Tree Removal,51
"204536",Tree Trim,75
"205249",Tree Removal,51
"205236",Tree Removal,51
"205248",Tree Removal,51
"205378",Tree Removal,51
,Tree Trim,
"205387",Tree Trim,75
"205428",Tree Removal,51
"205305",Tree Trim,75
"205080",Tree Trim,75
"204366",Tree Removal,51
"205313",Tree Trim,75
"204476",Tree Trim,75
"205485",Tree Trim,75
"205473",Tree Removal,51
"205475",Tree Removal,51
"205224",Tree Removal,51
"205440",Tree Trim,75
"205488",Tree Removal,51
"204314",Tree Trim,75
"205450",Tree Removal,51
"205467",Tree Removal,51
"204404",Tree Removal,51
"204643",Tree Removal,51
"205482",Tree Removal,51
"204628",Tree Trim,75
"205230",Tree Removal,51
"205287",Tree Trim,75
"205303",Tree Trim,75
"204246",Tree Trim,75
"205432",Tree Removal,51
"204824",Tree Removal,51
"204190",Tree Removal,51
"205534",Tree Removal,51
"205521",Tree Removal,51
"205543",Tree Removal,51
"204585",Tree Removal,51
"205418",Tree Removal,51
"205557",Tree Removal,51
"205470",Tree Removal,51
"205572",Tree Removal,51
"204734",Tree Removal,51
"205494",Tree Removal,51
"205539",Tree Removal,51
"205596",Tree Trim,75
"204653",Tree Trim,223
"205149",Tree Trim,75
"205389",Tree Trim,75
"205614",Tree Removal,51
"205574",Tree Removal,51
"205554",Tree Trim,75
"205588",Tree Removal,51
"204652",Tree Removal,51
"204567",Tree Removal,51
"205468",Tree Trim,75
"205542",Tree Removal,51
"205483",Tree Removal,51
"204739",Tree Trim,75
"205657",Tree Removal,51
"205648",Tree Removal,51
"205661",Tree Removal,51
"204644",Tree Removal,51
"204682",Tree Removal,51
"204745",Tree Stump Grinding,116
"205401",Tree Removal,51
"205123",Tree Trim,75
"204709",Tree Trim,75
"205633",Tree Removal,51
"205455",Tree Trim,75
"205504",Tree Removal,51
"205610",Tree Removal,51
"205404",Tree Trim,75
"205655",Tree Removal,51
"205295",Tree Trim,75
"205035",Tree Removal,51
"204453",Tree Trim,75
"205555",Tree Removal,51
"205747",Tree Removal,51
"205745",Tree Removal,51
"205736",Tree Trim,75
"206255",Tree Trim,75
"205202",Tree Removal,54
"205715",Tree Trim,75
"204844",Tree Removal,51
"205252",Tree Trim,75
"205452",Tree Trim,75
"205364",Tree Trim,75
"204867",Tree Trim,75
"204455",Tree Removal,51
"204854",Tree Removal,51
"205720",Tree Trim,75
"201289",Tree Removal,51
"204917",Tree Removal,51
"204568",Tree Removal,51
"204660",Tree Trim,75
"204956",Tree Removal,51
"205746",Tree Removal,51
"204650",Tree Trim,161
"205766",Tree Removal,51
"205753",Tree Removal,51
"206322",Tree Trim,75
"204273",Tree Trim,75
"203842",Tree Removal,51
"204918",Tree Removal,51
"204915",Tree Trim,75
"204566",Tree Trim,75
"205538",Tree Trim,75
"205338",Tree Removal,51
"205880",Tree Removal,51
"204522",Tree Removal,51
"204816",Tree Trim,75
"205676",Tree Removal,51
"205050",Tree Removal,51
"204823",Tree Removal,51
"205276",Tree Removal,51
"205656",Tree Trim,75
"205829",Tree Removal,51
"204830",Tree Trim,75
"205665",Tree Trim,75
"205825",Tree Trim,75
"205845",Tree Removal,51
"205274",Tree Trim,75
"205086",Tree Trim,75
"206064",Tree Removal,51
,Tree Trim,
"205638",Tree Removal,51
"205344",Tree Removal,51
"205854",Tree Removal,51
"205811",Tree Trim,75
"205293",Tree Trim,75
"205922",Tree Removal,51
"205887",Tree Removal,51
"205904",Tree Trim,75
"205907",Tree Trim,75
"205373",Tree Trim,75
"205298",Tree Trim,75
"205928",Tree Trim,75
"204883",Tree Trim,75
"205955",Tree Removal,51
"205858",Tree Removal,51
"205912",Tree Trim,75
"205451",Tree Removal,51
"204784",Tree Trim,75
"204792",Tree Trim,75
"204740",Tree Removal,51
"205394",Tree Removal,51
"206038",Tree Removal,51
"206044",Tree Removal,51
,Tree Removal,
"205974",Tree Removal,51
"205944",Tree Removal,51
"204562",Tree Trim,75
"206060",Tree Removal,51
"205964",Tree Removal,51
"204565",Tree Trim,75
"204569",Tree Trim,75
"206036",Tree Trim,75
"204805",Tree Stump Grinding,116
"204724",Tree Removal,51
"205349",Tree Removal,51
"206055",Tree Removal,51
"206022",Tree Removal,51
"204681",Tree Removal,51
"205962",Tree Removal,51
"204958",Tree Trim,75
"205844",Tree Trim,75
"206084",Tree Removal,51
"206058",Tree Trim,75
"206091",Tree Removal,51
"204902",Tree Trim,75
"206063",Tree Removal,51
"204801",Tree Trim,75
"205651",Tree Removal,51
"204877",Tree Trim,75
"205630",Tree Removal,51
"204921",Tree Stump Grinding,116
"204914",Tree Removal,51
"205367",Tree Trim,75
"206054",Tree Trim,75
"206078",Tree Removal,51
"206118",Tree Trim,75
"206124",Tree Removal,51
"217676",Tree Removal,51
"205810",Tree Trim,75
"204992",Tree Trim,75
"206047",Tree Removal,51
"205400",Tree Trim,75
"205011",Tree Removal,51
"206164",Tree Trim,75
"206160",Tree Removal,51
"205537",Tree Trim,75
"206004",Tree Trim,75
"206152",Tree Trim,75
"206242",Tree Removal,51
"206209",Tree Removal,51
"205563",Tree Trim,75
"206237",Tree Removal,51
"206146",Tree Removal,51
"205950",Tree Removal,51
"206148",Tree Removal,51
"206296",Tree Removal,51
"206339",Tree Trim,75
"206307",Tree Removal,51
"206300",Tree Trim,75
"206297",Tree Removal,51
"206388",Tree Removal,51
"206301",Tree Removal,51
"206346",Tree Trim,75
"206310",Tree Removal,51
"206314",Tree Removal,51
"206358",Tree Removal,51
"206329",Tree Trim,75
"206337",Tree Trim,75
"206442",Tree Removal,51
"206336",Tree Removal,51
"206303",Tree Removal,51
"206035",Tree Trim,75
"206308",Tree Trim,75
"206228",Tree Removal,51
"206345",Tree Removal,51
"206333",Tree Removal,51
"206270",Tree Removal,51
"206340",Tree Trim,75
"206508",Tree Removal,51
"206305",Tree Removal,51
"206370",Tree Removal,51
"206438",Tree Removal,51
"206099",Tree Trim,75
"206352",Tree Removal,51
"206405",Tree Removal,51
"206335",Tree Removal,51
"206332",Tree Removal,51
"206318",Tree Removal,51
"206386",Tree Removal,51
"206327",Tree Removal,51
"206367",Tree Removal,51
"206326",Tree Trim,75
"206299",Tree Removal,51
"206151",Tree Removal,51
"206434",Tree Removal,51
"206440",Tree Removal,51
"206330",Tree Trim,75
"206479",Tree Removal,51
"206435",Tree Removal,51
"206316",Tree Removal,51
"206413",Tree Removal,51
"206414",Tree Removal,51
"206349",Tree Trim,75
"206286",Tree Trim,75
"206287",Tree Removal,51
"206437",Tree Trim,75
"206481",Tree Trim,75
"206448",Tree Trim,75
"206351",Tree Removal,51
"206475",Tree Removal,51
"206563",Tree Trim,75
"206402",Tree Trim,75
"206399",Tree Trim,75
"206365",Tree Removal,51
"206500",Tree Removal,51
"206347",Tree Removal,51
"206362",Tree Removal,51
"206445",Tree Removal,51
"206536",Tree Removal,51
"206312",Tree Removal,51
"206357",Tree Removal,51
"206315",Tree Removal,51
,Tree Removal,
"206379",Tree Removal,51
"206368",Tree Removal,51
"206468",Tree Removal,51
"206356",Tree Removal,51
"206506",Tree Trim,75
"206544",Tree Removal,51
"206382",Tree Removal,51
"206517",Tree Removal,51
"206450",Tree Trim,75
"206389",Tree Removal,51
"206372",Tree Removal,51
"206369",Tree Trim,75
"206363",Tree Trim,75
"206383",Tree Removal,51
"206306",Tree Removal,51
"206390",Tree Trim,75
"206375",Tree Removal,51
"206460",Tree Removal,51
"206528",Tree Removal,51
"206497",Tree Removal,51
"206480",Tree Removal,51
"206509",Tree Removal,51
"206494",Tree Removal,51
"206459",Tree Removal,51
"206447",Tree Removal,51
"206451",Tree Trim,75
"206476",Tree Trim,75
"206511",Tree Removal,51
"206483",Tree Trim,75
"206458",Tree Trim,75
"206391",Tree Removal,51
"206342",Tree Removal,51
"206443",Tree Removal,51
"206360",Tree Removal,51
"206465",Tree Trim,75
"206452",Tree Removal,51
"206484",Tree Removal,51
"206489",Tree Removal,51
"206467",Tree Removal,51
"206455",Tree Removal,51
"206546",Tree Removal,51
"206309",Tree Removal,51
"206411",Tree Removal,51
"206387",Tree Trim,75
"206518",Tree Removal,51
"206663",Tree Removal,51
"206568",Tree Removal,51
,Tree Removal,
"206659",Tree Trim,75
"206535",Tree Removal,51
"206777",Tree Removal,51
"206648",Tree Trim,75
"206457",Tree Removal,51
"206343",Tree Trim,75
"206531",Tree Removal,51
"206417",Tree Removal,51
"206685",Tree Removal,51
"206551",Tree Removal,51
"206562",Tree Removal,51
"206422",Tree Trim,75
"206395",Tree Removal,51
"206533",Tree Trim,75
"206540",Tree Trim,75
"206642",Tree Removal,51
"206701",Tree Removal,51
"206654",Tree Trim,75
"206636",Tree Removal,51
"206578",Tree Trim,75
"206630",Tree Removal,51
"206720",Tree Removal,51
"206604",Tree Removal,51
,Tree Removal,
"206619",Tree Trim,75
"206615",Tree Trim,75
"206603",Tree Removal,51
"206632",Tree Removal,51
"206697",Tree Removal,51
"206464",Tree Trim,75
"206742",Tree Trim,75
"206759",Tree Removal,51
"206756",Tree Removal,51
"206753",Tree Removal,51
"206495",Tree Trim,75
"206398",Tree Removal,51
"206617",Tree Removal,51
"206505",Tree Removal,51
"206477",Tree Removal,51
"206640",Tree Removal,51
"206665",Tree Removal,51
"206430",Tree Removal,51
"206656",Tree Trim,103
"206584",Tree Removal,51
"206680",Tree Removal,51
"206674",Tree Trim,75
"206519",Tree Removal,51
,Tree Removal,
,Tree Trim,
"206165",Tree Removal,51
"206646",Tree Removal,51
"206828",Tree Trim,75
"206872",Tree Removal,51
"206673",Tree Removal,51
"206618",Tree Removal,51
"206492",Tree Removal,51
"206324",Tree Trim,75
"206687",Tree Trim,75
"206785",Tree Removal,51
"206713",Tree Removal,51
"206589",Tree Removal,51
"206804",Tree Removal,51
"206595",Tree Removal,51
"206762",Tree Removal,51
"206641",Tree Removal,51
"206541",Tree Removal,51
"206670",Tree Trim,75
"206698",Tree Trim,75
"206711",Tree Trim,75
"206820",Tree Removal,51
"206724",Tree Trim,75
,Tree Stump Grinding,
"206805",Tree Trim,75
"206793",Tree Removal,51
"205081",Tree Removal,51
"206817",Tree Removal,51
"205082",Tree Removal,51
"206830",Tree Removal,51
"206716",Tree Removal,51
"206684",Tree Trim,75
"204634",Tree Removal,51
"206888",Tree Removal,51
"206612",Tree Removal,51
"206786",Tree Trim,75
"206802",Tree Trim,75
"206752",Tree Trim,97
"206361",Tree Removal,51
"206760",Tree Removal,51
"204712",Tree Removal,51
"206803",Tree Removal,51
"206554",Tree Trim,75
"205462",Tree Removal,51
"206514",Tree Trim,75
"205528",Tree Removal,51
"206810",Tree Removal,51
"206957",Tree Trim,75
"206498",Tree Removal,51
"206737",Tree Stump Grinding,116
"206649",Tree Trim,75
"206466",Tree Removal,51
"206279",Tree Trim,75
"206816",Tree Trim,75
"205085",Tree Trim,75
"206736",Tree Removal,51
"205914",Tree Removal,51
"204718",Tree Removal,51
"206799",Tree Trim,75
"206952",Tree Removal,51
"206751",Tree Removal,51
"205913",Tree Removal,51
"205162",Tree Trim,75
"205434",Tree Removal,51
"206841",Tree Trim,75
"206829",Tree Trim,75
"205014",Tree Trim,75
"205937",Tree Removal,51
"205005",Tree Trim,75
"206807",Tree Trim,75
"205809",Tree Removal,51
"205273",Tree Removal,51
"206780",Tree Removal,51
"205668",Tree Removal,51
"205133",Tree Trim,75
"204810",Tree Trim,75
"205549",Tree Trim,75
"206788",Tree Removal,51
"206790",Tree Trim,75
"206824",Tree Removal,51
"206676",Tree Removal,51
"205743",Tree Trim,75
"206821",Tree Trim,75
"206964",Tree Removal,51
"205606",Tree Removal,51
"205415",Tree Trim,75
"205257",Tree Removal,51
"206968",Tree Trim,75
"206706",Tree Trim,75
"205357",Tree Trim,75
"206935",Tree Trim,75
"205737",Tree Removal,51
"206193",Tree Removal,51
"206856",Tree Trim,75
"206962",Tree Removal,51
"205070",Tree Trim,75
"206961",Tree Trim,75
"205003",Tree Removal,51
"206969",Tree Removal,51
"206903",Tree Trim,75
"205956",Tree Trim,75
"206930",Tree Trim,75
"204859",Tree Trim,75
"205691",Tree Trim,75
"205002",Tree Removal,51
"207008",Tree Trim,75
"206815",Tree Removal,51
"207012",Tree Removal,51
"207019",Tree Removal,51
"206826",Tree Removal,51
"207059",Tree Removal,51
"206838",Tree Removal,51
"206170",Tree Trim,75
"206746",Tree Removal,51
"206046",Tree Trim,75
"205016",Tree Trim,75
"204821",Tree Removal,51
"204855",Tree Trim,75
,Tree Trim,
"205822",Tree Trim,75
"206956",Tree Trim,75
"206837",Tree Trim,75
"206941",Tree Trim,75
"206881",Tree Removal,51
"205447",Tree Trim,75
"205427",Tree Trim,75
"205091",Tree Trim,75
"207031",Tree Removal,51
"205708",Tree Trim,75
"205756",Tree Trim,75
"205092",Tree Trim,75
"205288",Tree Trim,75
"205015",Tree Removal,51
"205059",Tree Trim,75
"205135",Tree Trim,75
"206032",Tree Trim,75
"206887",Tree Trim,75
"204953",Tree Removal,51
"206892",Tree Removal,51
"207124",Tree Removal,51
"207145",Tree Trim,75
"205454",Tree Trim,75
"207143",Tree Trim,75
"205306",Tree Removal,51
"207122",Tree Removal,52
"206635",Tree Trim,75
"206901",Tree Removal,51
"207148",Tree Trim,75
"206705",Tree Trim,75
"205227",Tree Removal,51
"205088",Tree Trim,75
"206416",Tree Removal,51
"204993",Tree Trim,75
"205523",Tree Trim,75
"205512",Tree Trim,75
"206835",Tree Removal,51
"205301",Tree Trim,75
"207006",Tree Removal,51
"205679",Tree Trim,75
"205036",Tree Trim,75
"206904",Tree Removal,51
"206989",Tree Trim,75
"204934",Tree Removal,51
"206934",Tree Removal,51
"207017",Tree Removal,51
"207193",Tree Removal,51
"206184",Tree Trim,75
"206401",Tree Trim,75
"205536",Tree Removal,51
"205217",Tree Removal,51
"205885",Tree Removal,51
"205683",Tree Trim,75
"207168",Tree Removal,51
"206813",Tree Trim,75
"206833",Tree Removal,51
"206809",Tree Removal,51
"205544",Tree Removal,51
"205351",Tree Trim,75
"204989",Tree Stump Grinding,116
"205551",Tree Trim,75
"206131",Tree Trim,75
"206798",Tree Removal,51
"207027",Tree Removal,51
"207044",Tree Removal,51
"206758",Tree Trim,75
"205714",Tree Trim,75
"206947",Tree Trim,75
"205975",Tree Trim,75
"206190",Tree Trim,75
"206895",Tree Removal,51
"207087",Tree Trim,75
"206840",Tree Trim,75
"207015",Tree Removal,51
"206791",Tree Removal,51
"207051",Tree Trim,75
"205315",Tree Removal,51
"207244",Tree Removal,51
"205286",Tree Trim,75
"206844",Tree Removal,51
"205385",Tree Removal,51
"205836",Tree Trim,75
"205612",Tree Removal,51
"205267",Tree Removal,51
"206938",Tree Trim,75
"206681",Tree Removal,51
"206406",Tree Removal,51
"207189",Tree Removal,51
"207250",Tree Trim,75
"205046",Tree Trim,75
"205426",Tree Removal,51
"205889",Tree Trim,75
"206415",Tree Removal,51
"206020",Tree Trim,75
"206062",Tree Trim,75
"206294",Tree Trim,75
"206238",Tree Trim,75
"206162",Tree Removal,51
"207162",Tree Trim,75
"205433",Tree Trim,75
"207302",Tree Trim,75
"206207",Tree Trim,75
"207208",Tree Removal,51
"205711",Tree Removal,51
"206274",Tree Trim,75
"205667",Tree Trim,75
"205663",Tree Trim,75
"205662",Tree Trim,75
"207095",Tree Trim,75
"205516",Tree Trim,75
"206026",Tree Trim,75
"207187",Tree Removal,51
"207445",Tree Removal,51
"206354",Tree Removal,51
"205302",Tree Trim,75
"207072",Tree Removal,51
"207448",Tree Removal,51
"217095",Tree Removal,51
"206795",Tree Trim,75
"206834",Tree Trim,75
"205865",Tree Trim,75
"206794",Tree Trim,75
"205859",Tree Trim,75
"207107",Tree Trim,75
"207068",Tree Removal,51
"207499",Tree Removal,51
"205107",Tree Trim,75
"207501",Tree Removal,51
"205246",Tree Removal,51
"206159",Tree Trim,75
"207058",Tree Trim,75
"207055",Tree Trim,75
"207447",Tree Removal,51
"207050",Tree Trim,75
"206201",Tree Removal,51
"207497",Tree Trim,75
"205174",Tree Trim,75
"206683",Tree Removal,51
"207236",Tree Trim,75
"207090",Tree Trim,75
"207103",Tree Removal,51
"207222",Tree Removal,51
"205533",Tree Trim,75
"206149",Tree Trim,75
"205449",Tree Trim,75
"207092",Tree Trim,75
"205405",Tree Removal,51
"207233",Tree Trim,75
"207082",Tree Removal,51
"205334",Tree Trim,75
"206749",Tree Trim,75
"205393",Tree Trim,75
"206772",Tree Trim,75
"205402",Tree Trim,75
"207480",Tree Removal,51
"207179",Tree Removal,51
"205262",Tree Removal,51
"207285",Tree Removal,51
"205291",Tree Removal,51
"205118",Tree Trim,75
"207057",Tree Trim,75
"206963",Tree Removal,51
"207495",Tree Trim,75
"207328",Tree Removal,51
"207343",Tree Trim,75
"205690",Tree Trim,75
"207419",Tree Removal,51
"207395",Tree Removal,54
"206028",Tree Removal,51
"207332",Tree Trim,75
"207531",Tree Removal,51
"207283",Tree Trim,75
"207310",Tree Trim,75
"207052",Tree Trim,75
"207102",Tree Trim,75
"207331",Tree Removal,51
"207297",Tree Removal,51
"207326",Tree Trim,75
"207254",Tree Trim,75
"207315",Tree Trim,75
"207474",Tree Removal,51
"205205",Tree Trim,75
"207211",Tree Trim,75
"205465",Tree Trim,75
"207109",Tree Removal,51
"206470",Tree Removal,51
"207399",Tree Trim,75
"207156",Tree Trim,75
"207460",Tree Trim,75
"206404",Tree Trim,75
"207533",Tree Trim,75
"205881",Tree Trim,75
"205930",Tree Trim,75
"205631",Tree Trim,75
"207542",Tree Removal,51
"205290",Tree Trim,75
"207358",Tree Removal,51
"205900",Tree Removal,51
"207437",Tree Trim,75
"205213",Tree Trim,75
"205397",Tree Trim,75
"207373",Tree Trim,75
"207311",Tree Removal,51
"207301",Tree Trim,75
"207281",Tree Removal,51
"206743",Tree Trim,75
"205131",Tree Stump Grinding,116
"206169",Tree Removal,51
"205096",Tree Trim,75
"207602",Tree Trim,75
"207364",Tree Removal,51
"205616",Tree Trim,75
"207453",Tree Removal,51
"207324",Tree Removal,51
"206145",Tree Trim,75
"207125",Tree Removal,51
"207172",Tree Removal,51
"206784",Tree Removal,51
"207342",Tree Trim,75
"207552",Tree Removal,51
"207097",Tree Trim,75
"207114",Tree Trim,75
"205461",Tree Removal,51
"207098",Tree Trim,75
"207614",Tree Removal,51
"206082",Tree Removal,51
"207362",Tree Trim,75
"207508",Tree Removal,51
"207465",Tree Trim,75
"206921",Tree Removal,51
"207502",Tree Trim,75
"207461",Tree Removal,51
"207529",Tree Trim,75
"206522",Tree Removal,51
"206313",Tree Removal,51
"206206",Tree Trim,75
"206186",Tree Trim,75
"207560",Tree Removal,51
,Tree Removal,
"207378",Tree Trim,75
"205136",Tree Trim,75
"206800",Tree Trim,75
"207661",Tree Trim,75
"206441",Tree Trim,75
"207547",Tree Removal,51
"207498",Tree Removal,51
"205541",Tree Removal,51
"207199",Tree Trim,75
"207652",Tree Trim,75
"207532",Tree Trim,75
"206616",Tree Trim,75
"205128",Tree Removal,51
"205689",Tree Removal,51
"205480",Tree Trim,75
"207232",Tree Trim,75
"207149",Tree Trim,75
"206692",Tree Removal,51
"206122",Tree Removal,51
"207206",Tree Trim,75
"207421",Tree Removal,51
"206040",Tree Removal,51
"205621",Tree Trim,75
"207363",Tree Trim,75
"207520",Tree Removal,51
"207512",Tree Removal,51
"206268",Tree Removal,51
"206482",Tree Removal,51
"207473",Tree Trim,75
"206168",Tree Trim,97
"207318",Tree Trim,75
"205821",Tree Trim,75
"207660",Tree Removal,51
"207100",Tree Removal,51
"205491",Tree Trim,75
"205659",Tree Trim,75
"207767",Tree Removal,51
"207688",Tree Removal,51
"207763",Tree Removal,51
"206110",Tree Removal,51
"206030",Tree Trim,75
"205505",Tree Removal,51
"206702",Tree Removal,51
"207665",Tree Removal,51
"206661",Tree Removal,51
"205939",Tree Removal,51
"207178",Tree Trim,75
,Tree Trim,
,Tree Trim,
"206774",Tree Trim,75
"206289",Tree Trim,75
"206740",Tree Trim,75
"206767",Tree Trim,75
"207041",Tree Trim,75
"205597",Tree Trim,75
"206979",Tree Trim,75
"207701",Tree Removal,51
"206067",Tree Trim,75
"205719",Tree Trim,75
"206068",Tree Trim,75
"206503",Tree Removal,51
"205967",Tree Trim,75
"206188",Tree Removal,51
"205694",Tree Trim,75
"205968",Tree Trim,75
"206241",Tree Trim,75
"205965",Tree Trim,75
"205905",Tree Planting,25
"205966",Tree Trim,75
"207411",Tree Trim,77
"206205",Tree Removal,51
"205718",Tree Trim,75
"206171",Tree Trim,75
"206210",Tree Trim,75
"207016",Tree Trim,75
"205909",Tree Trim,75
"207782",Tree Removal,51
"206865",Tree Removal,51
"206189",Tree Removal,51
"207418",Tree Removal,51
"207711",Tree Trim,75
"207466",Tree Trim,75
"206130",Tree Trim,75
"206103",Tree Trim,75
"207404",Tree Removal,51
"206432",Tree Removal,51
"207596",Tree Removal,51
"207801",Tree Trim,75
"207778",Tree Trim,75
"206117",Tree Removal,51
"206955",Tree Removal,51
"207975",Tree Removal,51
"207631",Tree Trim,75
,Tree Trim,
"207523",Tree Removal,51
"207293",Tree Trim,75
"206597",Tree Trim,75
"207346",Tree Trim,75
"205680",Tree Trim,75
"206321",Tree Removal,51
"206825",Tree Trim,75
"207129",Tree Removal,51
"207813",Tree Trim,75
"206116",Tree Trim,75
"207080",Tree Trim,75
"206857",Tree Removal,51
"205503",Tree Trim,75
"207772",Tree Trim,75
"207667",Tree Trim,75
"205946",Tree Trim,75
"207620",Tree Removal,51
"207908",Tree Trim,75
"207619",Tree Trim,75
"207578",Tree Code Violation,52
"207177",Tree Removal,51
"207818",Tree Trim,75
"207637",Tree Trim,75
"207787",Tree Removal,51
"207719",Tree Removal,51
"207891",Tree Removal,51
"207841",Tree Removal,51
"207805",Tree Removal,51
"207950",Tree Removal,51
"207722",Tree Removal,51
"207132",Tree Removal,51
"207136",Tree Trim,75
"207942",Tree Trim,78
"207900",Tree Trim,75
"207645",Tree Trim,75
"207159",Tree Trim,75
"207551",Tree Trim,75
"207579",Tree Trim,75
"207951",Tree Removal,54
"207598",Tree Trim,75
"207653",Tree Trim,75
"207723",Tree Trim,75
"207945",Tree Trim,75
"207876",Tree Removal,51
"207910",Tree Removal,51
"207762",Tree Removal,51
"207770",Tree Removal,51
,Tree Removal,
,Tree Removal,
"207717",Tree Removal,51
"207678",Tree Removal,51
"207821",Tree Removal,51
"207737",Tree Removal,51
"207693",Tree Trim,75
"207680",Tree Removal,51
"207775",Tree Trim,75
"207783",Tree Removal,51
"207546",Tree Removal,51
"207337",Tree Trim,75
"207923",Tree Trim,75
"207692",Tree Trim,75
"208010",Tree Removal,51
"207636",Tree Removal,51
"207493",Tree Trim,75
"207892",Tree Removal,51
"207627",Tree Trim,75
"207817",Tree Trim,75
"207931",Tree Removal,51
"208047",Tree Trim,75
"208130",Tree Removal,51
"208034",Tree Trim,75
,Tree Removal,5
"208079",Tree Trim,75
"208008",Tree Trim,75
"205779",Tree Trim,75
"207491",Tree Removal,51
"207500",Tree Removal,52
"207715",Tree Trim,75
"207623",Tree Removal,51
"208086",Tree Trim,75
"207788",Tree Trim,75
"207861",Tree Trim,75
"207386",Tree Removal,51
"207644",Tree Trim,75
"208004",Tree Removal,51
"207481",Tree Removal,51
"208048",Tree Trim,75
"208018",Tree Removal,51
"208046",Tree Trim,75
"207127",Tree Removal,51
"207726",Tree Removal,51
"205824",Tree Removal,51
"208050",Tree Removal,51
"208087",Tree Removal,51
"207759",Tree Trim,75
"207229",Tree Removal,51
"208070",Tree Trim,75
"207139",Tree Removal,51
"208166",Tree Trim,75
"206973",Tree Trim,75
"207353",Tree Trim,75
"207438",Tree Removal,51
"207316",Tree Removal,51
"208136",Tree Removal,51
"207292",Tree Trim,75
"207779",Tree Removal,51
"208143",Tree Removal,51
"207340",Tree Trim,75
"206954",Tree Removal,51
"208219",Tree Trim,75
"207198",Tree Removal,51
"206918",Tree Removal,51
"208102",Tree Removal,51
"208146",Tree Trim,75
"208181",Tree Removal,51
"206974",Tree Trim,75
"208115",Tree Removal,51
"206929",Tree Trim,75
"208153",Tree Removal,51
"208114",Tree Removal,51
"208089",Tree Trim,75
"208080",Tree Trim,75
"208162",Tree Trim,75
"207832",Tree Trim,75
"208207",Tree Removal,51
"208063",Tree Removal,51
"208147",Tree Removal,51
"208030",Tree Trim,75
"207209",Tree Removal,51
"207735",Tree Removal,51
"208312",Tree Removal,51
"207901",Tree Removal,65
"207190",Tree Trim,75
"208177",Tree Removal,51
"207647",Tree Removal,51
"205738",Tree Trim,75
"208294",Tree Trim,75
"208256",Tree Removal,51
"207741",Tree Removal,51
"208309",Tree Trim,75
"207721",Tree Stump Grinding,116
"207126",Tree Trim,75
,Tree Trim,
,Tree Removal,
"208286",Tree Trim,75
"208039",Tree Trim,75
"207329",Tree Removal,51
"208104",Tree Removal,51
"208151",Tree Removal,51
"208068",Tree Trim,75
"208073",Tree Removal,51
"208240",Tree Removal,51
"207927",Tree Trim,75
"208283",Tree Removal,52
"207134",Tree Removal,51
"206814",Tree Removal,51
"205765",Tree Trim,75
"205855",Tree Trim,75
"208203",Tree Trim,75
"207197",Tree Trim,75
"208429",Tree Removal,51
"208387",Tree Removal,51
"208304",Tree Removal,51
"208422",Tree Trim,75
"208297",Tree Trim,75
"208408",Tree Removal,51
"208385",Tree Removal,51
"208352",Tree Trim,75
"208311",Tree Removal,51
"208303",Tree Trim,75
"206601",Tree Removal,51
"204421",Tree Trim,75
"205973",Tree Removal,51
"207589",Tree Trim,75
"208338",Tree Trim,75
"205953",Tree Trim,75
"208137",Tree Trim,75
"208285",Tree Trim,75
"208279",Tree Removal,51
"208358",Tree Removal,51
"208315",Tree Trim,75
"206243",Tree Trim,75
"207065",Tree Trim,75
"207980",Tree Removal,51
"206086",Tree Trim,75
"206253",Tree Trim,75
"205755",Tree Trim,75
"208065",Tree Removal,51
"206096",Tree Removal,51
,Tree Trim,
"207176",Tree Removal,51
"208306",Tree Removal,51
"208467",Tree Removal,51
"208458",Tree Removal,51
"208459",Tree Trim,75
"207066",Tree Removal,51
"205860",Tree Removal,51
"208412",Tree Removal,51
"208409",Tree Trim,75
"208316",Tree Trim,75
"208380",Tree Trim,75
"206075",Tree Trim,75
"205940",Tree Trim,75
"208487",Tree Removal,51
"207174",Tree Removal,51
"208475",Tree Removal,51
"206153",Tree Removal,51
"206195",Tree Trim,75
"208503",Tree Removal,239
"206057",Tree Trim,75
"207938",Tree Trim,75
"205776",Tree Trim,75
"206112",Tree Trim,75
,Tree Trim,
"207728",Tree Trim,75
"208194",Tree Trim,75
"206781",Tree Trim,75
"208464",Tree Removal,51
"208328",Tree Trim,75
"207615",Tree Removal,51
"207511",Tree Trim,75
"208538",Tree Trim,75
"208340",Tree Trim,75
"208485",Tree Stump Grinding,116
"208348",Tree Trim,75
"207978",Tree Removal,51
"208572",Tree Removal,51
"208495",Tree Code Violation,52
"208431",Tree Trim,75
"208442",Tree Removal,51
"207392",Tree Trim,75
"208460",Tree Removal,51
"208588",Tree Removal,51
"208560",Tree Removal,51
"207548",Tree Trim,75
"207361",Tree Trim,75
"207798",Tree Trim,75
,Tree Trim,
,Tree Removal,
,Tree Removal,
,Tree Trim,
"208448",Tree Trim,75
"208452",Tree Trim,75
"208576",Tree Removal,51
"208388",Tree Removal,51
"208292",Tree Trim,75
"205960",Tree Trim,75
"208331",Tree Removal,51
"208542",Tree Trim,75
"208655",Tree Trim,75
"208478",Tree Trim,75
"205875",Tree Removal,51
"208401",Tree Trim,75
"208483",Tree Removal,51
"206276",Tree Trim,75
"208345",Tree Removal,51
"208642",Tree Removal,51
"206224",Tree Trim,75
"205870",Tree Trim,75
"207261",Tree Trim,75
"208424",Tree Trim,75
"206167",Tree Removal,51
"208298",Tree Trim,75
"207387",Tree Trim,75
"207740",Tree Removal,51
"208400",Tree Trim,75
"208697",Tree Removal,51
"208605",Tree Removal,51
"207053",Tree Removal,51
"206425",Tree Removal,51
"208741",Tree Removal,51
"208329",Tree Trim,75
"206592",Tree Removal,51
"206855",Tree Trim,75
"208438",Tree Trim,75
"207147",Tree Trim,75
"206926",Tree Removal,51
"207105",Tree Trim,75
"206283",Tree Trim,75
"208415",Tree Trim,96
"206499",Tree Trim,75
"206896",Tree Removal,51
"207676",Tree Trim,75
"207451",Tree Removal,51
"208514",Tree Removal,51
"208436",Tree Trim,75
"207666",Tree Removal,51
"207153",Tree Removal,51
"207154",Tree Trim,75
"208611",Tree Trim,75
"208426",Tree Removal,51
"205941",Tree Removal,51
"206293",Tree Removal,51
"208663",Tree Removal,51
"208516",Tree Trim,75
"208905",Tree Removal,51
"208481",Tree Removal,51
"207515",Tree Trim,75
"206950",Tree Removal,51
"208423",Tree Trim,75
"208620",Tree Trim,75
"205916",Tree Trim,75
"208715",Tree Removal,51
"206863",Tree Trim,75
"208500",Tree Trim,75
"205431",Tree Trim,75
"206204",Tree Trim,75
"208621",Tree Removal,51
"207278",Tree Trim,356
"208746",Tree Code Violation,53
"208713",Tree Removal,51
"207642",Tree Removal,51
"206967",Tree Trim,75
"206129",Tree Removal,51
"207289",Tree Trim,75
"207298",Tree Trim,75
"208476",Tree Trim,75
"208161",Tree Trim,75
"207765",Tree Removal,51
"208117",Tree Trim,75
"207867",Tree Removal,51
"207384",Tree Removal,51
"207164",Tree Trim,75
"208613",Tree Trim,75
"206251",Tree Trim,75
"207700",Tree Removal,51
"208604",Tree Trim,75
"208672",Tree Trim,75
"208724",Tree Trim,75
"206002",Tree Trim,75
"207380",Tree Trim,75
"208627",Tree Removal,51
"207757",Tree Removal,51
"207230",Tree Removal,51
"207483",Tree Trim,75
"207385",Tree Trim,75
"207837",Tree Removal,51
"208601",Tree Trim,75
"207990",Tree Trim,75
"206741",Tree Trim,75
"207799",Tree Trim,75
"206937",Tree Trim,75
"207227",Tree Trim,75
"207930",Tree Removal,51
"207272",Tree Removal,51
"208281",Tree Trim,75
"208324",Tree Trim,75
"208769",Tree Trim,75
"208796",Tree Trim,75
"206576",Tree Removal,51
"208690",Tree Removal,51
"208815",Tree Removal,51
"207391",Tree Removal,51
"208745",Tree Removal,51
"207744",Tree Removal,51
"207273",Tree Removal,51
"209174",Tree Trim,75
"208864",Tree Removal,51
"208755",Tree Removal,51
"207430",Tree Trim,75
"206140",Tree Trim,75
"208359",Tree Removal,51
"207368",Tree Trim,75
"208617",Tree Trim,75
"208733",Tree Removal,51
"208308",Tree Trim,75
"208656",Tree Removal,51
"208765",Tree Stump Grinding,116
"208743",Tree Trim,75
"207564",Tree Removal,51
"208846",Tree Removal,51
"208937",Tree Removal,51
"207684",Tree Trim,75
"207681",Tree Trim,75
"208984",Tree Trim,75
"208794",Tree Trim,75
"207707",Tree Trim,76
"207469",Tree Removal,51
"207677",Tree Trim,75
"207670",Tree Trim,75
"207685",Tree Trim,75
"208863",Tree Removal,51
"208723",Tree Removal,51
"208910",Tree Trim,75
"207854",Tree Trim,75
"207819",Tree Trim,75
"207812",Tree Removal,51
"207485",Tree Trim,75
"208913",Tree Trim,75
"207824",Tree Trim,75
"207714",Tree Trim,75
"207747",Tree Trim,75
"207764",Tree Trim,75
"208764",Tree Trim,75
"209018",Tree Removal,51
"207785",Tree Trim,75
"209003",Tree Removal,51
"209010",Tree Trim,75
"208488",Tree Trim,75
"208946",Tree Removal,51
"209013",Tree Trim,75
,Tree Removal,
"207664",Tree Trim,75
"208789",Tree Trim,75
"208788",Tree Trim,75
"208372",Tree Trim,75
"208997",Tree Trim,75
"208028",Tree Removal,51
"209090",Tree Removal,51
"208818",Tree Removal,51
"208128",Tree Removal,51
"209060",Tree Removal,51
"208024",Tree Trim,75
"208859",Tree Trim,75
"208806",Tree Removal,51
"208840",Tree Trim,75
"207509",Tree Removal,51
"208991",Tree Trim,75
"209058",Tree Trim,75
"207538",Tree Removal,51
"208992",Tree Removal,51
"208091",Tree Trim,75
"207600",Tree Removal,51
"207349",Tree Removal,51
"209085",Tree Removal,51
"207897",Tree Trim,75
"208122",Tree Removal,51
"207494",Tree Trim,75
"207607",Tree Removal,51
"209068",Tree Trim,75
"208120",Tree Trim,75
"207844",Tree Trim,75
"209069",Tree Trim,75
"207905",Tree Removal,51
"207734",Tree Trim,75
"208820",Tree Removal,51
"209071",Tree Removal,51
"208310",Tree Removal,51
"209091",Tree Trim,75
"207889",Tree Trim,75
"207524",Tree Removal,51
"208762",Tree Trim,75
"207173",Tree Trim,75
"208553",Tree Removal,51
"208290",Tree Stump Grinding,116
"208212",Tree Trim,75
"208211",Tree Trim,75
"208799",Tree Removal,51
,Tree Trim,
"206818",Tree Removal,51
"208567",Tree Trim,75
"208754",Tree Trim,75
"207640",Tree Removal,51
"207941",Tree Trim,75
"209036",Tree Removal,51
"209332",Tree Trim,75
"209177",Tree Removal,51
"209087",Tree Removal,51
"207816",Tree Trim,75
"209125",Tree Removal,51
"207890",Tree Removal,51
"207885",Tree Trim,75
"209176",Tree Stump Grinding,116
"209074",Tree Trim,75
"207802",Tree Trim,75
"209078",Tree Removal,51
"207917",Tree Trim,75
"209066",Tree Trim,75
"208182",Tree Trim,75
"208031",Tree Removal,57
"209072",Tree Removal,51
"209157",Tree Removal,51
,Tree Removal,
"209042",Tree Removal,51
"208171",Tree Removal,51
"207641",Tree Trim,75
"207982",Tree Removal,51
"208953",Tree Trim,75
"209073",Tree Removal,51
"207774",Tree Trim,75
"207768",Tree Trim,75
"208786",Tree Removal,51
"209019",Tree Removal,51
"207794",Tree Trim,75
"207914",Tree Removal,51
"207907",Tree Trim,75
"208920",Tree Trim,75
"207427",Tree Removal,51
"207887",Tree Removal,51
"208169",Tree Removal,51
"208313",Tree Trim,75
"208602",Tree Trim,75
"208335",Tree Trim,75
"209235",Tree Removal,51
"208866",Tree Trim,75
"208371",Tree Removal,51
"208543",Tree Trim,75
"209397",Tree Removal,51
"208606",Tree Removal,51
"207766",Tree Stump Grinding,116
"209261",Tree Removal,51
"209180",Tree Trim,75
"209063",Tree Trim,75
"209200",Tree Trim,75
"209067",Tree Trim,75
"209148",Tree Removal,51
"208425",Tree Removal,51
"209096",Tree Removal,51
"207724",Tree Trim,75
"209192",Tree Trim,75
"208573",Tree Removal,51
"207903",Tree Trim,75
"208906",Tree Removal,51
"208608",Tree Trim,75
"207471",Tree Trim,75
"208999",Tree Removal,51
"209185",Tree Trim,75
"208597",Tree Removal,51
"209161",Tree Removal,51
"208833",Tree Trim,75
"209244",Tree Trim,75
"209318",Tree Trim,75
"209268",Tree Trim,75
"209231",Tree Trim,75
"209145",Tree Trim,75
"209319",Tree Trim,75
"209233",Tree Trim,75
"209196",Tree Removal,51
"208465",Tree Removal,51
"208287",Tree Trim,75
"207820",Tree Trim,75
"208519",Tree Trim,75
"208332",Tree Trim,75
"208706",Tree Trim,75
"208420",Tree Stump Grinding,116
"208336",Tree Trim,75
"208337",Tree Trim,75
"209307",Tree Trim,75
"209405",Tree Trim,75
"208334",Tree Trim,75
"209045",Tree Trim,75
"208740",Tree Trim,75
"208930",Tree Removal,51
,Tree Removal,
"207865",Tree Trim,75
"209181",Tree Trim,75
"209002",Tree Trim,75
"209041",Tree Trim,75
"209104",Tree Removal,51
"209092",Tree Trim,75
"209237",Tree Removal,54
"209290",Tree Removal,51
"209143",Tree Trim,75
"209294",Tree Removal,51
"208669",Tree Trim,75
"209038",Tree Trim,75
"209279",Tree Trim,75
"207830",Tree Trim,75
"208291",Tree Removal,51
"208293",Tree Trim,75
"209149",Tree Trim,75
"208736",Tree Trim,75
"209370",Tree Removal,51
"207902",Tree Removal,51
"209392",Tree Trim,75
"209372",Tree Removal,51
"208714",Tree Trim,75
"209293",Tree Removal,51
"208927",Tree Trim,75
"209343",Tree Removal,51
"209182",Tree Trim,75
"209377",Tree Removal,51
"208168",Tree Trim,75
"208592",Tree Removal,51
"209007",Tree Trim,75
"209353",Tree Removal,51
"209398",Tree Removal,51
"209363",Tree Removal,51
"208512",Tree Removal,51
"208156",Tree Trim,75
"209374",Tree Removal,51
"208965",Tree Removal,51
"209453",Tree Trim,75
"209424",Tree Trim,75
"208579",Tree Trim,75
"209454",Tree Trim,75
"209022",Tree Trim,75
"208701",Tree Trim,75
"208691",Tree Removal,51
"208931",Tree Trim,75
"208831",Tree Trim,75
,Tree Removal,
"209463",Tree Removal,51
"208719",Tree Trim,75
"209425",Tree Removal,51
"208180",Tree Trim,75
"209263",Tree Trim,75
"209183",Tree Trim,75
"208983",Tree Removal,51
"209380",Tree Removal,51
"208118",Tree Removal,51
"209355",Tree Removal,51
"209433",Tree Removal,51
"209134",Tree Removal,51
"208834",Tree Trim,75
"209140",Tree Removal,51
"207624",Tree Trim,75
"209415",Tree Removal,52
"209100",Tree Trim,75
"209351",Tree Removal,51
"209434",Tree Trim,75
"208915",Tree Trim,75
"208943",Tree Removal,51
"208865",Tree Trim,75
"209384",Tree Trim,75
"209440",Tree Removal,51
"208985",Tree Removal,51
"209472",Tree Removal,51
"208674",Tree Trim,75
"208721",Tree Trim,75
"209450",Tree Trim,75
"208737",Tree Trim,75
"208546",Tree Trim,75
"207452",Tree Removal,51
"208584",Tree Trim,75
"208675",Tree Trim,75
"209532",Tree Trim,75
"208239",Tree Removal,51
"207639",Tree Trim,75
"208631",Tree Trim,75
"209491",Tree Trim,75
"208245",Tree Trim,75
"208244",Tree Trim,75
"208246",Tree Trim,75
"209202",Tree Trim,75
"207984",Tree Trim,75
"209009",Tree Removal,51
"209458",Tree Trim,75
"208186",Tree Removal,51
"209084",Tree Removal,51
"208644",Tree Trim,75
"209509",Tree Removal,51
"208006",Tree Trim,75
"209186",Tree Removal,51
"209388",Tree Trim,75
"209111",Tree Trim,75
"208989",Tree Trim,75
"208696",Tree Removal,51
"207833",Tree Removal,51
"209089",Tree Removal,51
"210045",Tree Trim,75
"209575",Tree Removal,51
"209432",Tree Trim,75
"208981",Tree Trim,75
"209465",Tree Trim,75
"209574",Tree Trim,75
"209506",Tree Trim,75
"209517",Tree Removal,51
"209564",Tree Stump Grinding,116
"208062",Tree Trim,75
"207913",Tree Trim,75
"208209",Tree Trim,75
"208705",Tree Trim,75
"208110",Tree Stump Grinding,116
"209479",Tree Removal,51
"209272",Tree Trim,75
"207871",Tree Trim,75
"208479",Tree Trim,108
"208201",Tree Trim,75
"208626",Tree Trim,75
"207834",Tree Trim,75
"208720",Tree Trim,75
"209576",Tree Trim,75
"208327",Tree Trim,75
"209541",Tree Removal,51
"208677",Tree Trim,75
"208949",Tree Trim,75
"208317",Tree Trim,75
"209094",Tree Removal,51
"209428",Tree Removal,51
"209548",Tree Trim,75
"208224",Tree Trim,75
"209613",Tree Removal,51
"208482",Tree Removal,51
"208434",Tree Trim,75
"209000",Tree Removal,51
"209198",Tree Trim,75
,Tree Removal,
"208548",Tree Removal,51
"209406",Tree Trim,75
"208832",Tree Trim,75
"208314",Tree Trim,75
"209585",Tree Trim,75
"209591",Tree Trim,75
"208468",Tree Removal,51
"208574",Tree Removal,51
"209681",Tree Trim,75
"208732",Tree Removal,51
"210196",Tree Removal,51
"208499",Tree Trim,75
"208660",Tree Trim,75
"209697",Tree Removal,51
"208108",Tree Trim,75
"208618",Tree Removal,51
"208856",Tree Removal,51
"209527",Tree Trim,75
"208344",Tree Trim,75
"208173",Tree Trim,75
"208261",Tree Removal,51
"209310",Tree Removal,51
"209362",Tree Removal,51
"208216",Tree Trim,75
"209621",Tree Removal,51
"207987",Tree Trim,75
"209238",Tree Removal,51
"209565",Tree Trim,75
"209531",Tree Trim,75
"209471",Tree Trim,75
"209562",Tree Trim,75
"209542",Tree Trim,75
"208552",Tree Removal,51
"208748",Tree Removal,51
"208841",Tree Trim,75
"209773",Tree Trim,75
"209717",Tree Removal,51
"209468",Tree Trim,75
"209047",Tree Trim,75
"209524",Tree Trim,75
"209704",Tree Trim,75
"208616",Tree Removal,51
"209703",Tree Trim,75
"209184",Tree Removal,51
"209793",Tree Removal,51
"209706",Tree Trim,75
"209522",Tree Trim,75
"209794",Tree Removal,51
"209645",Tree Removal,51
"209736",Tree Removal,51
"209178",Tree Removal,51
"209588",Tree Removal,51
"209427",Tree Trim,75
"209785",Tree Trim,75
"209824",Tree Trim,75
"209606",Tree Removal,51
"209563",Tree Trim,76
"209499",Tree Trim,75
"209724",Tree Removal,51
"209530",Tree Trim,75
"209746",Tree Removal,51
"209796",Tree Trim,75
"209904",Tree Removal,51
"209957",Tree Removal,51
"209950",Tree Removal,51
"209979",Tree Removal,51
"209942",Tree Removal,51
"209934",Tree Removal,51
"209827",Tree Removal,51
"209936",Tree Trim,75
"209888",Tree Removal,51
"209911",Tree Trim,75
"209859",Tree Removal,51
"209901",Tree Removal,51
"209940",Tree Removal,51
"209981",Tree Removal,51
"210812",Tree Removal,51
"209916",Tree Trim,75
"209974",Tree Removal,51
"209915",Tree Trim,75
"209896",Tree Trim,75
"209933",Tree Removal,51
"209946",Tree Trim,75
"209851",Tree Removal,51
"209921",Tree Removal,51
"209926",Tree Trim,75
"209917",Tree Removal,51
"209969",Tree Removal,51
"209953",Tree Removal,51
"209952",Tree Removal,51
"209913",Tree Trim,75
"209925",Tree Removal,51
"209891",Tree Trim,75
"209661",Tree Removal,51
"209985",Tree Removal,51
"209961",Tree Removal,51
"209941",Tree Removal,51
"209943",Tree Removal,51
"209905",Tree Removal,51
"209980",Tree Removal,51
"210026",Tree Removal,51
"210027",Tree Removal,51
"210024",Tree Removal,51
"209512",Tree Trim,75
"209883",Tree Trim,75
"209836",Tree Removal,51
"209968",Tree Removal,51
"209850",Tree Removal,51
"209970",Tree Removal,51
"209971",Tree Removal,51
"209910",Tree Removal,51
"209954",Tree Trim,75
"209894",Tree Removal,51
"209991",Tree Removal,51
"209608",Tree Trim,75
"210032",Tree Removal,51
"210092",Tree Removal,51
"209912",Tree Removal,51
"210086",Tree Removal,51
"209568",Tree Trim,75
"210006",Tree Trim,75
"209962",Tree Removal,51
"209920",Tree Removal,51
"210103",Tree Removal,51
"209932",Tree Removal,51
"209938",Tree Removal,51
"209937",Tree Removal,51
"209752",Tree Trim,75
"209887",Tree Removal,51
"209908",Tree Trim,75
"210028",Tree Removal,51
"210064",Tree Removal,51
"210127",Tree Removal,51
"210109",Tree Removal,51
"210072",Tree Removal,51
"210057",Tree Removal,51
"209718",Tree Removal,51
"210112",Tree Removal,51
"210093",Tree Trim,75
"209298",Tree Removal,51
"210100",Tree Trim,75
"210118",Tree Removal,51
"210120",Tree Removal,51
"208404",Tree Trim,75
"209830",Tree Removal,51
"210037",Tree Trim,75
"210055",Tree Removal,51
"210134",Tree Removal,51
"210096",Tree Removal,51
"210104",Tree Removal,51
"210247",Tree Removal,51
"210005",Tree Removal,51
"210130",Tree Removal,51
"210074",Tree Removal,51
"210053",Tree Removal,51
"208904",Tree Removal,51
"210091",Tree Removal,51
"209757",Tree Removal,51
"209967",Tree Removal,51
"210121",Tree Removal,51
"209890",Tree Trim,75
"209179",Tree Removal,51
"209906",Tree Trim,75
"210131",Tree Trim,75
,Tree Stump Grinding,
"210125",Tree Removal,51
"210273",Tree Removal,51
"210003",Tree Removal,51
"210246",Tree Removal,51
"210153",Tree Removal,51
"210150",Tree Removal,51
"210209",Tree Removal,51
"210287",Tree Trim,75
"210263",Tree Removal,51
"210197",Tree Removal,51
"209922",Tree Trim,75
"210231",Tree Removal,51
"210297",Tree Removal,51
"210176",Tree Removal,51
"210296",Tree Trim,75
"210260",Tree Removal,51
"210169",Tree Trim,130
"210267",Tree Removal,51
"210048",Tree Removal,51
"210077",Tree Removal,51
"209960",Tree Removal,51
"210238",Tree Removal,51
"210262",Tree Trim,75
"210177",Tree Removal,51
"210179",Tree Removal,51
"210208",Tree Removal,51
"210274",Tree Removal,51
"209972",Tree Trim,75
"210692",Tree Trim,75
"209973",Tree Trim,75
"210204",Tree Removal,51
"210144",Tree Removal,51
"210163",Tree Trim,75
"210159",Tree Trim,75
"209965",Tree Removal,51
"210290",Tree Removal,51
"210161",Tree Removal,51
"210293",Tree Removal,51
"210330",Tree Removal,51
"210184",Tree Removal,51
"210185",Tree Trim,75
"210413",Tree Trim,75
"210451",Tree Removal,51
"209778",Tree Trim,75
"210113",Tree Trim,75
"210147",Tree Removal,51
"211301",Tree Removal,51
,Tree Removal,137
"210051",Tree Removal,51
"210313",Tree Trim,75
"210129",Tree Removal,51
"210282",Tree Removal,51
"210410",Tree Removal,51
"210422",Tree Trim,75
"210065",Tree Trim,75
"210188",Tree Removal,51
"210210",Tree Trim,75
"210306",Tree Removal,51
"210291",Tree Removal,51
"210154",Tree Removal,51
"210230",Tree Trim,75
"210229",Tree Trim,75
"210166",Tree Removal,51
"210332",Tree Removal,51
"209975",Tree Removal,51
"209948",Tree Removal,51
"210375",Tree Removal,51
"210349",Tree Removal,53
"210430",Tree Removal,51
"210309",Tree Trim,75
"210397",Tree Removal,51
"210358",Tree Removal,51
"210292",Tree Trim,75
"209963",Tree Removal,51
"210245",Tree Trim,75
"210162",Tree Removal,51
"210117",Tree Trim,75
"209995",Tree Removal,51
"210363",Tree Trim,75
"210361",Tree Trim,75
"210373",Tree Trim,75
"210200",Tree Removal,51
"210304",Tree Removal,51
"210400",Tree Removal,51
"210374",Tree Trim,75
"210308",Tree Trim,75
"210080",Tree Removal,51
"210403",Tree Removal,51
"210254",Tree Removal,51
"210434",Tree Removal,51
"210494",Tree Removal,51
"210388",Tree Removal,51
"210298",Tree Removal,51
"210062",Tree Removal,51
"210631",Tree Removal,51
,Tree Removal,51
,Tree Code Violation,
"210503",Tree Removal,51
"210579",Tree Removal,51
"210562",Tree Removal,51
"210340",Tree Removal,51
"210078",Tree Trim,75
"210523",Tree Removal,51
"210576",Tree Code Violation,52
"210333",Tree Trim,75
"210551",Tree Removal,51
"210395",Tree Trim,75
"210560",Tree Trim,75
"210081",Tree Removal,51
"210235",Tree Trim,75
"210315",Tree Trim,75
"210391",Tree Trim,75
"210110",Tree Removal,51
"210405",Tree Removal,51
"210393",Tree Trim,75
"210399",Tree Trim,75
"210016",Tree Removal,51
"210276",Tree Removal,51
"210257",Tree Removal,51
"210726",Tree Trim,75
"210587",Tree Removal,51
"210700",Tree Removal,51
"210538",Tree Removal,51
"210572",Tree Removal,51
"210468",Tree Removal,51
"209994",Tree Removal,51
"210321",Tree Trim,75
"209537",Tree Removal,51
"210592",Tree Removal,51
"210352",Tree Trim,75
"210573",Tree Trim,75
"210464",Tree Removal,51
"209075",Tree Removal,51
"210116",Tree Removal,51
"210711",Tree Removal,51
"209141",Tree Removal,51
"210033",Tree Removal,51
"210407",Tree Removal,51
"209626",Tree Removal,51
"210655",Tree Trim,75
"210054",Tree Removal,51
"210581",Tree Removal,51
"210675",Tree Removal,51
"210528",Tree Removal,51
"210616",Tree Trim,75
"210491",Tree Trim,75
"210609",Tree Trim,75
"210647",Tree Trim,75
"210514",Tree Removal,51
"210461",Tree Removal,51
"206806",Tree Removal,51
"210634",Tree Removal,51
"210438",Tree Trim,75
"210487",Tree Removal,53
"210545",Tree Removal,51
"210574",Tree Removal,51
"210328",Tree Removal,51
"210719",Tree Removal,51
"210522",Tree Removal,51
"210429",Tree Removal,51
"210777",Tree Removal,51
"210432",Tree Trim,75
"210818",Tree Trim,75
"210842",Tree Removal,51
"210845",Tree Removal,51
"210822",Tree Removal,51
"210580",Tree Removal,51
,Tree Stump Grinding,
,Tree Removal,
"210817",Tree Removal,51
"210215",Tree Removal,51
"210665",Tree Removal,51
"210377",Tree Removal,51
"210627",Tree Removal,51
"210232",Tree Removal,51
"210661",Tree Removal,51
"210597",Tree Removal,51
"210643",Tree Trim,75
"210747",Tree Removal,51
"210674",Tree Removal,51
"210590",Tree Removal,51
"210502",Tree Removal,51
"210678",Tree Removal,51
"210289",Tree Removal,51
"210702",Tree Trim,75
"210701",Tree Trim,75
"210679",Tree Removal,51
"210684",Tree Trim,75
"210515",Tree Removal,51
"210682",Tree Trim,75
"210687",Tree Trim,75
"210693",Tree Trim,75
"210738",Tree Removal,51
"210846",Tree Trim,75
"210529",Tree Removal,51
"210505",Tree Trim,75
"210751",Tree Removal,51
"210578",Tree Trim,75
"210214",Tree Trim,75
"210831",Tree Trim,75
"210758",Tree Trim,75
"210357",Tree Removal,51
"210646",Tree Removal,51
"210470",Tree Removal,51
"210431",Tree Removal,52
"210763",Tree Trim,75
"210720",Tree Trim,75
"210861",Tree Removal,51
"210108",Tree Trim,75
"210192",Tree Removal,51
"210662",Tree Trim,75
"210645",Tree Removal,51
"210566",Tree Trim,75
"210886",Tree Trim,75
"210876",Tree Removal,51
,Tree Removal,
,Tree Removal,
"210902",Tree Removal,51
"210877",Tree Trim,75
"210924",Tree Trim,75
"210894",Tree Removal,51
"210888",Tree Trim,75
"210642",Tree Trim,75
"210879",Tree Removal,51
"210950",Tree Removal,51
"210963",Tree Removal,51
"210929",Tree Removal,51
"210327",Tree Trim,75
"210785",Tree Removal,51
"210913",Tree Removal,51
"210443",Tree Removal,51
"210810",Tree Removal,51
"210979",Tree Removal,51
"210126",Tree Removal,51
"210533",Tree Removal,51
"210670",Tree Removal,51
"210960",Tree Trim,75
"210884",Tree Trim,75
"210955",Tree Removal,51
"210971",Tree Removal,51
"210838",Tree Trim,75
"210940",Tree Trim,75
"210976",Tree Removal,51
"210803",Tree Removal,51
"210945",Tree Trim,75
"210898",Tree Removal,51
"210878",Tree Removal,51
"210986",Tree Trim,76
"210656",Tree Removal,51
"210047",Tree Trim,75
"210949",Tree Trim,75
"210765",Tree Trim,75
"210284",Tree Removal,51
"210563",Tree Removal,51
"210981",Tree Removal,51
"211060",Tree Removal,51
"211043",Tree Removal,51
"211027",Tree Removal,51
"211029",Tree Removal,51
"209797",Tree Trim,75
"211066",Tree Removal,51
"210914",Tree Trim,75
"211039",Tree Removal,51
"209158",Tree Trim,75
"210488",Tree Removal,53
"211072",Tree Removal,51
"211070",Tree Trim,75
"210895",Tree Removal,51
"211075",Tree Removal,51
"209787",Tree Code Violation,52
"210813",Tree Trim,75
"210893",Tree Removal,51
"210521",Tree Trim,75
"210737",Tree Trim,75
"211058",Tree Trim,75
"209804",Tree Trim,75
"211020",Tree Removal,51
"210897",Tree Removal,51
"211021",Tree Removal,51
"210937",Tree Trim,75
"210722",Tree Trim,75
"210031",Tree Removal,51
"211012",Tree Trim,75
"209642",Tree Removal,51
"211106",Tree Removal,51
"210607",Tree Removal,51
"211062",Tree Removal,51
"211100",Tree Removal,51
"211126",Tree Trim,75
"209761",Tree Stump Grinding,116
"211085",Tree Trim,75
"211128",Tree Trim,75
"210983",Tree Trim,75
"210770",Tree Removal,51
"211032",Tree Removal,51
"210483",Tree Removal,53
"210139",Tree Removal,51
"210544",Tree Removal,51
"211211",Tree Removal,51
"208760",Tree Trim,75
"211187",Tree Removal,51
"211217",Tree Trim,75
"211080",Tree Trim,75
"211183",Tree Removal,51
"211079",Tree Removal,51
"211054",Tree Removal,51
"211124",Tree Removal,51
"208702",Tree Trim,75
"209735",Tree Trim,75
"209484",Tree Trim,75
,Tree Removal,
"209817",Tree Removal,51
"209614",Tree Removal,51
"209195",Tree Trim,75
"209259",Tree Removal,51
"190258",Tree Removal,51
"210244",Tree Removal,51
"211035",Tree Removal,51
"211182",Tree Trim,75
"211163",Tree Removal,51
"211191",Tree Trim,75
"211164",Tree Trim,75
"208842",Tree Removal,51
"211061",Tree Removal,51
"210536",Tree Trim,75
"211078",Tree Trim,75
"210996",Tree Trim,75
"210710",Tree Trim,75
"210673",Tree Trim,75
"208792",Tree Trim,75
"211138",Tree Trim,75
"211230",Tree Removal,51
"211105",Tree Removal,51
"209799",Tree Trim,75
"211184",Tree Removal,51
"208633",Tree Trim,75
"209714",Tree Trim,75
"210326",Tree Trim,75
"211031",Tree Trim,75
"210174",Tree Removal,51
"211203",Tree Trim,75
"211398",Tree Trim,75
"210669",Tree Trim,75
"211162",Tree Trim,75
"211279",Tree Removal,51
"211139",Tree Removal,51
"211223",Tree Removal,51
"211345",Tree Removal,51
"211269",Tree Removal,51
"211006",Tree Removal,51
"211276",Tree Removal,51
"211286",Tree Removal,51
"211240",Tree Removal,51
"211389",Tree Trim,75
"209190",Tree Trim,75
"211225",Tree Trim,75
"211229",Tree Removal,51
"210917",Tree Removal,51
"210918",Tree Removal,51
"211215",Tree Removal,51
"210989",Tree Removal,51
"211273",Tree Trim,75
"211277",Tree Trim,75
"211291",Tree Trim,75
"211433",Tree Trim,75
"210795",Tree Removal,51
"211292",Tree Removal,51
"211260",Tree Removal,51
"211271",Tree Removal,51
"210099",Tree Removal,51
"211245",Tree Trim,75
"211494",Tree Trim,75
"209082",Tree Trim,75
"211272",Tree Trim,75
"208912",Tree Removal,51
"211451",Tree Removal,51
"211478",Tree Removal,51
"211489",Tree Trim,75
"211469",Tree Removal,51
"211443",Tree Removal,51
"211261",Tree Removal,51
"211228",Tree Removal,51
,Tree Trim,
"211450",Tree Trim,75
"211328",Tree Removal,51
"211459",Tree Removal,51
"211338",Tree Removal,51
"211294",Tree Trim,75
"211281",Tree Removal,51
"211306",Tree Trim,75
"211464",Tree Trim,75
"211383",Tree Trim,75
"211482",Tree Removal,51
"211180",Tree Removal,51
"211297",Tree Removal,51
"211178",Tree Removal,51
"211455",Tree Trim,75
"211158",Tree Removal,51
"211388",Tree Removal,51
"209048",Tree Removal,51
"211363",Tree Trim,75
"211243",Tree Trim,75
"211275",Tree Trim,75
"211326",Tree Removal,51
"211268",Tree Removal,51
"211481",Tree Trim,75
"211396",Tree Trim,75
"211367",Tree Removal,51
"211439",Tree Trim,75
"211370",Tree Removal,51
"209848",Tree Removal,51
"211567",Tree Removal,51
"211569",Tree Trim,75
"211196",Tree Trim,75
"210445",Tree Removal,51
"211501",Tree Removal,51
"211009",Tree Removal,51
"211578",Tree Removal,51
"211051",Tree Removal,51
"211296",Tree Trim,75
"211552",Tree Removal,51
"210233",Tree Removal,51
"211589",Tree Removal,51
"211378",Tree Trim,75
"210640",Tree Removal,51
"211440",Tree Trim,75
"211517",Tree Trim,75
"211506",Tree Stump Grinding,116
"211584",Tree Removal,51
"211676",Tree Trim,75
,Tree Removal,
"211677",Tree Removal,51
"211591",Tree Removal,51
"211662",Tree Removal,51
"211673",Tree Removal,51
"211711",Tree Trim,75
"211712",Tree Removal,51
"211689",Tree Removal,51
"211542",Tree Removal,51
"211615",Tree Removal,121
"211604",Tree Trim,75
"211579",Tree Removal,51
"211669",Tree Removal,51
"211720",Tree Removal,114
"210463",Tree Trim,75
"211554",Tree Removal,51
"211695",Tree Trim,75
"208749",Tree Trim,75
"208986",Tree Trim,75
"209011",Tree Removal,51
"211699",Tree Removal,51
"209199",Tree Trim,75
"211745",Tree Trim,75
"209160",Tree Removal,51
"211691",Tree Trim,75
"209546",Tree Trim,75
"208867",Tree Trim,75
"209449",Tree Trim,75
"211651",Tree Removal,51
"211064",Tree Stump Grinding,116
"209876",Tree Trim,75
"211688",Tree Trim,75
"209119",Tree Removal,51
"208489",Tree Trim,75
"211620",Tree Removal,51
"210857",Tree Trim,75
"209207",Tree Trim,75
"211355",Tree Trim,75
"210774",Tree Removal,51
"209014",Tree Trim,75
"208923",Tree Trim,75
"211671",Tree Trim,75
"211719",Tree Trim,75
"210827",Tree Trim,75
"211765",Tree Removal,51
"211776",Tree Trim,75
"211655",Tree Trim,75
"211627",Tree Trim,75
"209061",Tree Removal,51
"211295",Tree Trim,75
"211777",Tree Trim,75
"211165",Tree Removal,51
"211770",Tree Removal,51
"208994",Tree Removal,51
"211801",Tree Removal,51
"211827",Tree Removal,51
"211817",Tree Removal,51
"210944",Tree Removal,51
"211454",Tree Removal,51
"211456",Tree Trim,75
"211672",Tree Removal,51
"209818",Tree Trim,75
"211822",Tree Trim,75
"209819",Tree Removal,51
"211849",Tree Removal,51
"211197",Tree Removal,51
"209835",Tree Trim,78
"211508",Tree Trim,75
"210594",Tree Trim,75
"211850",Tree Trim,75
"211791",Tree Trim,75
"211771",Tree Removal,51
"211661",Tree Trim,75
"213195",Tree Trim,75
"211872",Tree Removal,51
"211781",Tree Trim,75
"212127",Tree Trim,99
"210300",Tree Removal,51
"211821",Tree Removal,51
"211756",Tree Removal,51
"209189",Tree Trim,75
"211628",Tree Removal,51
"211928",Tree Removal,51
"209455",Tree Trim,75
"210107",Tree Removal,51
"211778",Tree Trim,75
"211759",Tree Removal,51
"211758",Tree Trim,75
"211967",Tree Trim,75
"211574",Tree Trim,75
"211617",Tree Removal,51
"211351",Tree Trim,75
"211366",Tree Removal,51
"209861",Tree Removal,51
"211369",Tree Trim,75
"210145",Tree Stump Grinding,116
"211955",Tree Removal,51
"211814",Tree Removal,51
"211860",Tree Removal,51
"211939",Tree Removal,51
"211918",Tree Trim,75
"211563",Tree Trim,75
"209146",Tree Trim,75
"209229",Tree Removal,51
"211599",Tree Trim,82
"211953",Tree Removal,51
"211965",Tree Removal,51
"211954",Tree Removal,51
"211722",Tree Removal,122
"211880",Tree Removal,51
"211866",Tree Removal,51
"211961",Tree Trim,75
"211963",Tree Removal,51
"211824",Tree Trim,75
"209305",Tree Stump Grinding,116
"211267",Tree Removal,51
"211764",Tree Removal,51
"210567",Tree Trim,75
"211948",Tree Removal,51
"211177",Tree Removal,51
"211958",Tree Removal,51
"211514",Tree Removal,51
"210111",Tree Trim,75
"211081",Tree Trim,75
"211952",Tree Removal,51
"211516",Tree Removal,51
"211690",Tree Trim,75
"211387",Tree Removal,51
"212056",Tree Trim,75
"210286",Tree Removal,51
"209560",Tree Trim,75
"211491",Tree Removal,51
"209898",Tree Removal,51
"211334",Tree Removal,51
"210148",Tree Removal,51
"211040",Tree Trim,75
"211883",Tree Removal,51
"212310",Tree Trim,75
"211534",Tree Removal,51
"209884",Tree Trim,75
"211950",Tree Trim,75
"211964",Tree Trim,75
"210942",Tree Trim,75
"211537",Tree Trim,75
"209647",Tree Removal,51
"211343",Tree Removal,51
"212059",Tree Removal,51
"212058",Tree Removal,51
"212057",Tree Removal,51
"212033",Tree Removal,51
"210660",Tree Trim,75
"211992",Tree Removal,51
"210925",Tree Removal,51
"211077",Tree Removal,51
"210814",Tree Removal,51
"212039",Tree Removal,51
"211993",Tree Removal,51
"211736",Tree Removal,51
"211262",Tree Removal,51
"210824",Tree Removal,51
"211417",Tree Trim,75
"210723",Tree Removal,52
"211176",Tree Trim,75
"210599",Tree Trim,75
"211744",Tree Removal,51
"212117",Tree Removal,51
"209786",Tree Trim,75
"212122",Tree Removal,51
"210954",Tree Trim,75
"211283",Tree Removal,51
"212098",Tree Removal,51
"211988",Tree Removal,51
"212009",Tree Removal,51
"209984",Tree Removal,51
"212008",Tree Removal,51
"212100",Tree Removal,51
"212131",Tree Trim,75
"212061",Tree Removal,51
"212099",Tree Trim,75
"211768",Tree Trim,75
"211983",Tree Trim,75
"209643",Tree Removal,51
"212012",Tree Removal,51
"212081",Tree Removal,51
"212077",Tree Removal,51
"212152",Tree Removal,51
"209798",Tree Trim,75
"212174",Tree Removal,51
"211760",Tree Removal,51
"212085",Tree Trim,75
"211969",Tree Removal,51
"211907",Tree Removal,51
"212087",Tree Removal,51
"212144",Tree Removal,51
"212165",Tree Removal,51
"212114",Tree Removal,51
"209826",Tree Trim,75
"211708",Tree Trim,75
"211453",Tree Removal,51
"212163",Tree Trim,75
"210425",Tree Removal,51
"209580",Tree Trim,75
"209559",Tree Removal,51
"209729",Tree Removal,51
"209644",Tree Trim,75
"212193",Tree Trim,75
"212187",Tree Trim,75
"211975",Tree Removal,51
"212007",Tree Trim,75
"210718",Tree Removal,51
"210546",Tree Removal,51
"210102",Tree Removal,51
,Tree Trim,
"211493",Tree Removal,170
"211709",Tree Trim,75
"210984",Tree Trim,75
"210991",Tree Trim,75
"210013",Tree Trim,75
"210768",Tree Removal,51
"209929",Tree Trim,75
"212203",Tree Removal,51
"212190",Tree Trim,75
"212142",Tree Removal,51
"212014",Tree Removal,51
"209464",Tree Removal,51
"212156",Tree Trim,75
"212172",Tree Trim,75
"209246",Tree Trim,75
"211488",Tree Trim,75
"211224",Tree Removal,51
"210618",Tree Trim,75
"211941",Tree Removal,51
"211974",Tree Trim,75
"212000",Tree Stump Grinding,116
"211545",Tree Removal,51
"212175",Tree Removal,51
"212026",Tree Removal,51
"209812",Tree Trim,75
"211633",Tree Trim,75
"211565",Tree Removal,51
"212157",Tree Removal,51
"212129",Tree Removal,51
"212130",Tree Stump Grinding,116
"210904",Tree Trim,75
"211432",Tree Trim,75
"210611",Tree Removal,51
"211304",Tree Trim,75
"211150",Tree Removal,51
"210417",Tree Trim,75
"211687",Tree Trim,75
"211480",Tree Trim,75
"212089",Tree Trim,75
"212325",Tree Removal,51
"211985",Tree Trim,75
"211748",Tree Trim,75
"211999",Tree Trim,75
"209476",Tree Removal,51
"209755",Tree Trim,75
"212160",Tree Removal,51
"211359",Tree Trim,75
"209544",Tree Trim,75
"209224",Tree Removal,51
"209590",Tree Removal,51
"212271",Tree Trim,75
"212184",Tree Trim,75
"209716",Tree Trim,75
"212299",Tree Removal,51
"211017",Tree Trim,75
"212298",Tree Removal,51
"211386",Tree Removal,51
"212241",Tree Removal,51
"212228",Tree Trim,75
"209511",Tree Trim,75
"209376",Tree Removal,51
"212215",Tree Trim,75
"212230",Tree Removal,51
"211117",Tree Removal,51
"212244",Tree Trim,75
"212307",Tree Trim,75
"209387",Tree Trim,75
"210435",Tree Removal,51
"208233",Tree Removal,51
"212233",Tree Trim,75
"212344",Tree Removal,51
"212322",Tree Removal,51
"210476",Tree Trim,75
"211449",Tree Trim,75
"212252",Tree Trim,75
"209674",Tree Trim,75
"212296",Tree Trim,75
"209336",Tree Trim,75
"212362",Tree Trim,75
"212285",Tree Removal,51
"212337",Tree Removal,51
"211198",Tree Stump Grinding,116
"212302",Tree Removal,51
"212301",Tree Removal,51
"211427",Tree Trim,75
"210256",Tree Trim,75
"210513",Tree Trim,75
"212324",Tree Removal,54
"209628",Tree Trim,75
"211000",Tree Trim,75
"208770",Tree Trim,75
"209715",Tree Trim,75
"212405",Tree Trim,75
"203103",Tree Planting,25
"209535",Tree Trim,75
"210018",Tree Trim,75
"211110",Tree Removal,51
"212352",Tree Trim,75
"210356",Tree Trim,75
"212154",Tree Trim,75
"210266",Tree Removal,51
"212408",Tree Trim,75
"212284",Tree Trim,75
"212332",Tree Trim,75
"212280",Tree Trim,75
"211908",Tree Trim,75
"210966",Tree Trim,75
"209610",Tree Trim,75
"212341",Tree Trim,75
"212336",Tree Removal,51
"211499",Tree Trim,75
"213106",Tree Removal,51
"212278",Tree Removal,51
"212277",Tree Stump Grinding,116
"210020",Tree Removal,51
"212216",Tree Trim,75
"210778",Tree Removal,51
"212397",Tree Trim,75
,Tree Trim,
"210858",Tree Removal,51
"209538",Tree Trim,75
"211848",Tree Removal,51
"209810",Tree Trim,75
"210744",Tree Trim,75
"212387",Tree Trim,75
"212456",Tree Trim,75
"209816",Tree Trim,75
"212349",Tree Removal,51
"212393",Tree Removal,51
"210466",Tree Trim,75
"210663",Tree Trim,75
"209749",Tree Removal,51
"209813",Tree Trim,75
"211069",Tree Trim,75
"209733",Tree Trim,75
"209802",Tree Trim,75
"211221",Tree Removal,51
"212170",Tree Removal,51
"212221",Tree Trim,75
"210830",Tree Removal,51
"210115",Tree Trim,75
"212198",Tree Stump Grinding,116
"209520",Tree Removal,51
"210199",Tree Trim,75
"211940",Tree Removal,51
"210850",Tree Stump Grinding,116
"210132",Tree Trim,75
"209612",Tree Removal,51
"211750",Tree Trim,75
"211752",Tree Trim,75
"209983",Tree Trim,75
"212065",Tree Trim,75
"210216",Tree Trim,75
"211823",Tree Removal,51
"210962",Tree Removal,51
"212399",Tree Removal,51
"211167",Tree Trim,75
"212398",Tree Removal,51
"212532",Tree Removal,51
"212572",Tree Trim,75
"212426",Tree Removal,51
"210705",Tree Removal,51
"212477",Tree Trim,75
"209856",Tree Trim,75
"211990",Tree Trim,75
"212571",Tree Removal,51
"212495",Tree Removal,51
"209631",Tree Trim,75
"210667",Tree Removal,51
"210708",Tree Removal,51
"210696",Tree Trim,75
"212511",Tree Trim,75
"210698",Tree Trim,75
"210691",Tree Trim,75
"210703",Tree Trim,75
"210704",Tree Removal,51
"210713",Tree Trim,75
"210517",Tree Removal,51
"212115",Tree Removal,51
"211008",Tree Removal,51
"210539",Tree Trim,75
"210278",Tree Removal,51
"209882",Tree Removal,51
"211513",Tree Removal,51
"210635",Tree Trim,75
"211803",Tree Trim,75
"212605",Tree Removal,51
"210041",Tree Removal,51
"212533",Tree Removal,51
"212143",Tree Trim,75
"210612",Tree Trim,75
"211288",Tree Removal,51
"212516",Tree Trim,75
"212379",Tree Removal,51
"210547",Tree Trim,75
"210524",Tree Removal,51
"212581",Tree Stump Grinding,116
"211523",Tree Trim,75
"211587",Tree Stump Grinding,116
"212385",Tree Trim,75
"212623",Tree Trim,75
"210342",Tree Trim,75
"210288",Tree Removal,51
"212400",Tree Trim,75
"211330",Tree Removal,51
"211906",Tree Trim,75
"212570",Tree Removal,51
"211156",Tree Removal,51
"212510",Tree Trim,75
"211729",Tree Trim,75
"211298",Tree Removal,51
"212505",Tree Trim,75
"212500",Tree Removal,51
,Tree Code Violation,
"211470",Tree Trim,75
"212390",Tree Trim,75
"212181",Tree Trim,75
"212670",Tree Removal,54
"212051",Tree Removal,51
"212640",Tree Trim,75
"211490",Tree Trim,75
"212719",Tree Trim,75
"212730",Tree Removal,51
"212691",Tree Removal,51
"210632",Tree Trim,75
"207823",Tree Removal,51
"211867",Tree Removal,51
"212132",Tree Removal,51
"212110",Tree Removal,51
"212153",Tree Trim,75
"212586",Tree Removal,51
"212648",Tree Trim,75
"211131",Tree Trim,75
"211457",Tree Removal,51
"212682",Tree Removal,51
"210195",Tree Removal,51
"210548",Tree Trim,75
"212711",Tree Removal,51
"211255",Tree Trim,75
"212613",Tree Trim,75
"210990",Tree Trim,75
"210507",Tree Trim,75
"211994",Tree Removal,51
"211192",Tree Trim,75
"211601",Tree Trim,75
"212778",Tree Removal,51
"212660",Tree Trim,75
"211171",Tree Trim,75
"211966",Tree Trim,75
"210792",Tree Trim,75
"212575",Tree Removal,51
"211505",Tree Removal,51
"211842",Tree Trim,75
"211497",Tree Trim,75
"211869",Tree Trim,75
"211372",Tree Trim,75
"211116",Tree Removal,51
"211580",Tree Removal,51
,Tree Removal,
,Tree Trim,
,Tree Removal,
"212005",Tree Removal,51
"211447",Tree Trim,75
"211484",Tree Trim,75
"211492",Tree Removal,51
"212162",Tree Trim,75
"212765",Tree Removal,51
"211798",Tree Trim,75
"211805",Tree Trim,75
"211839",Tree Removal,51
"211201",Tree Trim,75
"212815",Tree Trim,75
"211809",Tree Trim,75
"212756",Tree Removal,51
"210992",Tree Trim,75
"212803",Tree Removal,51
"211749",Tree Trim,75
"210880",Tree Trim,75
"212717",Tree Removal,51
"212395",Tree Trim,75
"212781",Tree Trim,75
"212394",Tree Removal,51
"212805",Tree Removal,51
"211154",Tree Removal,51
"212718",Tree Trim,75
"212484",Tree Trim,75
"212750",Tree Removal,51
"212827",Tree Trim,75
"211218",Tree Removal,51
"212829",Tree Removal,51
"212468",Tree Trim,75
"210969",Tree Trim,75
"212677",Tree Removal,51
"212799",Tree Trim,75
"212639",Tree Removal,51
"212412",Tree Trim,75
"212662",Tree Trim,75
"212889",Tree Trim,75
"212474",Tree Trim,75
"212485",Tree Removal,51
"212890",Tree Trim,75
"212771",Tree Removal,51
"212924",Tree Removal,51
"212312",Tree Trim,75
"212736",Tree Trim,75
,Tree Removal,
"212289",Tree Trim,75
"212388",Tree Removal,51
"212450",Tree Removal,51
"211923",Tree Removal,51
"212467",Tree Trim,75
"212609",Tree Trim,75
"212448",Tree Removal,51
"212577",Tree Removal,51
"212869",Tree Trim,75
"212539",Tree Trim,75
"212031",Tree Trim,75
"212675",Tree Trim,75
"211253",Tree Trim,75
"212455",Tree Trim,75
"211694",Tree Trim,75
"212786",Tree Removal,51
"212499",Tree Trim,75
"212622",Tree Trim,75
"212651",Tree Trim,75
"212920",Tree Trim,75
"212814",Tree Trim,75
"211555",Tree Removal,51
"211540",Tree Removal,51
"211541",Tree Removal,51
"211558",Tree Removal,51
"212076",Tree Trim,75
"212861",Tree Trim,75
"212949",Tree Removal,51
"211429",Tree Trim,75
"212953",Tree Removal,51
"212895",Tree Trim,75
"212557",Tree Trim,75
"212512",Tree Trim,75
"211828",Tree Trim,75
"212438",Tree Trim,75
"212863",Tree Removal,51
"212171",Tree Removal,51
"212734",Tree Trim,75
"212044",Tree Removal,51
"212223",Tree Trim,75
"211458",Tree Trim,75
"212905",Tree Trim,75
"212286",Tree Removal,51
"212866",Tree Trim,75
"212936",Tree Trim,75
"212906",Tree Trim,75
"212350",Tree Trim,75
,Tree Trim,
,Tree Trim,
"212347",Tree Trim,75
"212422",Tree Trim,75
"211970",Tree Trim,75
"212439",Tree Removal,51
"211973",Tree Trim,75
"211788",Tree Trim,75
"212535",Tree Removal,51
"211247",Tree Trim,75
"212247",Tree Removal,51
"212116",Tree Trim,75
"211300",Tree Removal,51
"212407",Tree Trim,75
"212092",Tree Trim,75
"212248",Tree Trim,75
"212091",Tree Trim,75
"212424",Tree Removal,51
"211915",Tree Trim,75
"212638",Tree Removal,51
"212764",Tree Trim,75
"212907",Tree Removal,51
"212627",Tree Trim,75
,Tree Removal,
"212206",Tree Trim,75
"212797",Tree Trim,75
"212751",Tree Removal,51
"211350",Tree Trim,75
"212813",Tree Trim,75
"211068",Tree Removal,51
"212737",Tree Removal,51
"213049",Tree Trim,75
"212259",Tree Removal,51
"212810",Tree Trim,75
"213040",Tree Trim,75
"212546",Tree Trim,75
"212635",Tree Removal,51
"212800",Tree Trim,75
"211055",Tree Stump Grinding,116
"213111",Tree Trim,75
"212787",Tree Trim,75
"212789",Tree Trim,75
"212642",Tree Trim,75
"212832",Tree Trim,75
"212461",Tree Removal,51
"212991",Tree Removal,51
"212118",Tree Trim,75
"212060",Tree Trim,75
"212256",Tree Trim,75
"211832",Tree Trim,75
"212965",Tree Removal,51
"213042",Tree Trim,75
"212164",Tree Trim,75
"213061",Tree Trim,75
"212166",Tree Trim,75
"212169",Tree Trim,75
"212634",Tree Trim,75
"213166",Tree Removal,51
"211606",Tree Trim,75
"213167",Tree Removal,51
"212210",Tree Trim,75
"212063",Tree Removal,51
"213027",Tree Trim,75
"211830",Tree Trim,75
"212236",Tree Trim,75
"212873",Tree Removal,51
"211808",Tree Trim,75
"213064",Tree Removal,51
"212645",Tree Trim,75
"212158",Tree Trim,75
"213039",Tree Removal,51
"205722",Tree Trim,75
"213034",Tree Removal,51
"213088",Tree Trim,75
"212798",Tree Trim,75
"212867",Tree Trim,75
"213104",Tree Trim,75
"213036",Tree Removal,51
"213019",Tree Removal,51
"212865",Tree Trim,75
"213588",Tree Trim,75
"213055",Tree Removal,51
"212973",Tree Trim,75
"213101",Tree Trim,75
"213178",Tree Removal,51
"213207",Tree Trim,75
"212969",Tree Removal,51
"213184",Tree Trim,75
"212809",Tree Trim,75
"212641",Tree Removal,51
"211774",Tree Trim,75
"213022",Tree Trim,75
"213112",Tree Trim,75
"213250",Tree Removal,51
,Tree Removal,
,Tree Trim,
"213054",Tree Trim,75
"213063",Tree Trim,75
"212862",Tree Stump Grinding,116
"212593",Tree Trim,75
"212590",Tree Trim,75
"212842",Tree Trim,75
"213066",Tree Removal,51
"213236",Tree Trim,75
"213169",Tree Removal,51
"212225",Tree Removal,52
"212226",Tree Removal,51
"212576",Tree Trim,75
"213228",Tree Removal,51
"212761",Tree Removal,51
"212440",Tree Trim,75
"213014",Tree Removal,51
"212311",Tree Trim,75
"213044",Tree Removal,51
"213115",Tree Trim,75
"213020",Tree Stump Grinding,116
"213223",Tree Trim,75
"212658",Tree Removal,51
"212636",Tree Trim,75
"212881",Tree Removal,63
"212977",Tree Removal,51
"212754",Tree Trim,75
"213189",Tree Trim,80
"212205",Tree Trim,75
"213347",Tree Removal,51
"213029",Tree Removal,51
"213076",Tree Trim,75
"213217",Tree Trim,75
"213373",Tree Removal,51
"212915",Tree Trim,75
"213284",Tree Trim,75
"213298",Tree Trim,75
"213329",Tree Removal,51
"212629",Tree Trim,75
"213300",Tree Removal,51
"213058",Tree Removal,51
"213393",Tree Removal,51
"212983",Tree Removal,51
"213331",Tree Removal,51
"212877",Tree Trim,75
"213099",Tree Removal,51
"212876",Tree Removal,51
"213348",Tree Trim,75
"213351",Tree Removal,51
"213428",Tree Trim,75
"213170",Tree Trim,75
"212935",Tree Removal,51
"212918",Tree Trim,76
"212860",Tree Trim,75
"213255",Tree Trim,75
"213465",Tree Removal,51
"213419",Tree Trim,75
"212224",Tree Trim,75
"211855",Tree Trim,75
"213218",Tree Removal,51
"212297",Tree Stump Grinding,116
"213398",Tree Trim,75
"213397",Tree Removal,51
"213143",Tree Trim,75
"213470",Tree Trim,75
"213018",Tree Trim,75
"212790",Tree Trim,75
"213325",Tree Removal,51
"212437",Tree Removal,51
"213467",Tree Trim,75
"213420",Tree Removal,51
"213463",Tree Trim,75
"212534",Tree Removal,51
"213401",Tree Trim,75
"212218",Tree Stump Grinding,116
"212982",Tree Removal,51
"213394",Tree Stump Grinding,116
"212899",Tree Stump Grinding,116
"212833",Tree Trim,75
"213404",Tree Stump Grinding,116
"212621",Tree Trim,75
"213468",Tree Removal,51
"212830",Tree Stump Grinding,116
"213341",Tree Removal,51
"213485",Tree Trim,75
"212961",Tree Trim,75
"212304",Tree Trim,75
"213585",Tree Trim,75
"213453",Tree Trim,75
"213480",Tree Removal,51
"212864",Tree Trim,75
"213429",Tree Trim,75
"213273",Tree Removal,51
"213013",Tree Stump Grinding,116
,Tree Code Violation,
,Tree Stump Grinding,
,Tree Trim,
"213535",Tree Trim,75
"213539",Tree Removal,51
"213172",Tree Removal,51
"213557",Tree Trim,75
"213498",Tree Trim,75
"212708",Tree Trim,75
"213570",Tree Removal,51
"212996",Tree Removal,51
"213352",Tree Removal,51
"213249",Tree Trim,75
"213177",Tree Removal,51
"213527",Tree Trim,75
"213448",Tree Removal,51
"212601",Tree Trim,75
"213440",Tree Trim,75
"213586",Tree Trim,75
"213390",Tree Removal,51
"213544",Tree Trim,75
"213395",Tree Removal,51
"213541",Tree Trim,75
"213629",Tree Trim,75
,Tree Trim,
"213423",Tree Trim,75
"213466",Tree Trim,75
"213403",Tree Trim,75
"213416",Tree Trim,75
"213647",Tree Trim,75
"213090",Tree Trim,75
"213057",Tree Trim,75
"212308",Tree Trim,75
"213617",Tree Removal,51
"213281",Tree Trim,75
"213222",Tree Trim,75
"213378",Tree Trim,75
"213156",Tree Trim,75
"213193",Tree Trim,75
"213422",Tree Trim,75
"213359",Tree Trim,75
"213396",Tree Stump Grinding,116
"213252",Tree Trim,75
"213286",Tree Trim,75
"213407",Tree Removal,51
"212700",Tree Removal,51
"213495",Tree Removal,51
"213254",Tree Trim,75
,Tree Trim,
"213705",Tree Removal,51
"213251",Tree Trim,75
"213481",Tree Trim,75
"213734",Tree Trim,75
"213589",Tree Trim,75
"213620",Tree Removal,51
"213564",Tree Trim,75
"213748",Tree Removal,51
"213667",Tree Removal,51
"213360",Tree Removal,51
"212757",Tree Trim,75
"213601",Tree Trim,75
"213755",Tree Trim,75
"213587",Tree Removal,51
"213581",Tree Trim,75
"213582",Tree Removal,51
"213758",Tree Removal,51
"213583",Tree Removal,51
"213432",Tree Trim,75
"210171",Tree Removal,51
"213777",Tree Trim,75
"213764",Tree Trim,75
"213749",Tree Removal,51
"213810",Tree Trim,75
"213798",Tree Removal,51
"213493",Tree Trim,75
"213766",Tree Removal,51
"213806",Tree Removal,51
"213559",Tree Removal,51
"213783",Tree Removal,51
"213414",Tree Trim,75
"213062",Tree Trim,75
"213815",Tree Removal,235
"213782",Tree Removal,51
"213257",Tree Removal,51
"213306",Tree Trim,75
"213765",Tree Removal,51
"213781",Tree Trim,75
"213790",Tree Trim,75
"213508",Tree Trim,75
"213744",Tree Trim,75
"213709",Tree Trim,75
"213759",Tree Removal,51
"213836",Tree Trim,75
"213603",Tree Trim,75
"213602",Tree Trim,75
,Tree Removal,
"213621",Tree Removal,51
"213578",Tree Trim,75
"213846",Tree Removal,51
"213860",Tree Trim,75
"213268",Tree Trim,75
"213877",Tree Trim,75
"213828",Tree Trim,75
"213362",Tree Trim,75
"213827",Tree Trim,75
"213862",Tree Trim,75
"213738",Tree Trim,75
"213844",Tree Removal,51
"213756",Tree Trim,75
"213835",Tree Trim,75
"213848",Tree Trim,75
"213853",Tree Trim,75
"213692",Tree Trim,75
"213796",Tree Trim,75
"213762",Tree Trim,75
"213391",Tree Trim,75
"213292",Tree Trim,75
"213482",Tree Trim,75
"213883",Tree Stump Grinding,116
"213867",Tree Removal,51
"212816",Tree Trim,75
"213772",Tree Trim,75
"213598",Tree Trim,75
"213814",Tree Removal,51
"213043",Tree Removal,51
"213842",Tree Trim,75
"214056",Tree Trim,75
"213821",Tree Removal,51
"213750",Tree Removal,51
"213837",Tree Removal,51
"213478",Tree Removal,51
"213891",Tree Trim,75
"213876",Tree Trim,75
"213658",Tree Removal,51
"213913",Tree Trim,75
"213903",Tree Trim,75
"213930",Tree Removal,51
"213962",Tree Trim,75
"213932",Tree Trim,75
"213681",Tree Trim,75
"213613",Tree Removal,51
"213768",Tree Trim,75
"213892",Tree Removal,51
"213701",Tree Trim,75
"213895",Tree Removal,51
"213840",Tree Removal,51
"213826",Tree Removal,51
"213830",Tree Trim,75
"213970",Tree Removal,51
"213946",Tree Removal,55
"213963",Tree Trim,75
"213936",Tree Removal,51
"213875",Tree Removal,51
"213888",Tree Removal,51
"213880",Tree Trim,75
"213910",Tree Trim,75
"214866",Tree Trim,75
"213998",Tree Trim,75
"217163",Tree Trim,75
"213993",Tree Trim,75
"213988",Tree Removal,51
"214015",Tree Trim,75
"214031",Tree Trim,75
,Tree Removal,
,Tree Removal,
"209323",Tree Code Violation,52
"214076",Tree Trim,75
"213991",Tree Removal,51
"213885",Tree Removal,51
"213987",Tree Trim,75
"213968",Tree Trim,75
"214017",Tree Removal,51
"213925",Tree Trim,75
"213926",Tree Trim,75
"213951",Tree Removal,51
"213938",Tree Trim,75
"213975",Tree Trim,75
"214062",Tree Trim,75
"214071",Tree Trim,75
"213992",Tree Removal,51
"214033",Tree Removal,51
"213955",Tree Trim,75
"214051",Tree Trim,75
"213983",Tree Removal,51
"214016",Tree Trim,75
"213919",Tree Trim,75
"214096",Tree Trim,75
,Tree Removal,
"214072",Tree Trim,75
"214080",Tree Trim,75
"213931",Tree Trim,75
"214008",Tree Trim,75
"213972",Tree Trim,75
"213967",Tree Trim,75
"213893",Tree Trim,75
"214067",Tree Trim,75
"214022",Tree Removal,51
"214079",Tree Trim,75
"214088",Tree Trim,75
"213985",Tree Trim,75
"214094",Tree Trim,75
"214091",Tree Removal,51
"213947",Tree Trim,75
"214134",Tree Stump Grinding,116
"213887",Tree Trim,75
"214104",Tree Trim,75
"214144",Tree Trim,75
"214145",Tree Removal,51
"214164",Tree Removal,51
"214155",Tree Removal,51
"214150",Tree Removal,51
,Tree Removal,
,Tree Trim,
"214139",Tree Trim,75
"214103",Tree Removal,51
"214006",Tree Trim,75
"214131",Tree Trim,75
"214156",Tree Trim,75
"214159",Tree Trim,75
"214148",Tree Removal,51
"214162",Tree Trim,75
"214137",Tree Trim,75
"214153",Tree Trim,75
"214001",Tree Trim,75
"214105",Tree Trim,75
"214152",Tree Trim,75
"214173",Tree Trim,75
"213989",Tree Trim,75
"214190",Tree Trim,75
"214235",Tree Trim,75
"214198",Tree Removal,51
"214210",Tree Trim,75
"214222",Tree Trim,75
"214219",Tree Trim,75
"214185",Tree Removal,51
,Tree Trim,
"214189",Tree Trim,75
"214180",Tree Trim,75
"214108",Tree Trim,75
"214207",Tree Removal,51
"214077",Tree Trim,75
"214081",Tree Removal,51
"214233",Tree Removal,51
"213823",Tree Removal,51
"214215",Tree Removal,51
"214184",Tree Trim,130
"214138",Tree Stump Grinding,116
"214030",Tree Trim,75
"214182",Tree Trim,75
"214181",Tree Removal,51
"199670",Tree Removal,51
"214098",Tree Trim,75
"214281",Tree Trim,75
"214057",Tree Trim,75
"214060",Tree Trim,75
"214242",Tree Trim,77
"210058",Tree Removal,51
"214147",Tree Removal,51
,Tree Removal,
"214319",Tree Trim,75
"214239",Tree Trim,75
"214269",Tree Trim,75
"214307",Tree Trim,75
"214298",Tree Removal,51
"214250",Tree Trim,75
"214280",Tree Trim,75
"214313",Tree Removal,51
"214320",Tree Removal,51
"214348",Tree Removal,51
"214176",Tree Removal,51
"214354",Tree Trim,75
"214163",Tree Trim,75
"214331",Tree Removal,51
"214112",Tree Trim,75
"214264",Tree Trim,75
"214194",Tree Removal,51
"214244",Tree Trim,75
"214337",Tree Removal,51
"214265",Tree Trim,75
"214366",Tree Removal,51
"214346",Tree Stump Grinding,116
,Tree Trim,
"214340",Tree Trim,75
"206796",Tree Removal,51
"214276",Tree Trim,75
"214345",Tree Trim,75
"214277",Tree Trim,75
"214350",Tree Trim,75
"214372",Tree Removal,51
"214432",Tree Trim,75
"214437",Tree Trim,75
"214439",Tree Removal,51
"214412",Tree Removal,51
"214433",Tree Trim,75
"214422",Tree Trim,75
"214435",Tree Trim,75
"214420",Tree Trim,75
"214343",Tree Removal,51
"214485",Tree Trim,75
"214406",Tree Removal,52
"214473",Tree Removal,51
"214470",Tree Removal,51
"214472",Tree Removal,51
"213973",Tree Trim,75
"214490",Tree Trim,75
,Tree Trim,
"214419",Tree Trim,75
"214418",Tree Trim,75
"214495",Tree Removal,51
"214494",Tree Removal,51
"214493",Tree Removal,51
"214200",Tree Trim,75
"214488",Tree Trim,75
"214587",Tree Trim,75
"214491",Tree Trim,75
"214436",Tree Trim,75
"216826",Tree Trim,75
"214377",Tree Trim,80
"214497",Tree Trim,75
"214482",Tree Trim,75
"214425",Tree Trim,75
"214496",Tree Trim,75
"214506",Tree Trim,75
"214517",Tree Trim,75
"214542",Tree Removal,51
"214357",Tree Trim,75
"214545",Tree Trim,75
"214567",Tree Trim,75
,Tree Removal,
"214905",Tree Trim,75
"214522",Tree Trim,75
"214579",Tree Removal,51
"214521",Tree Trim,75
"211399",Tree Planting,25
"214519",Tree Trim,75
"214555",Tree Trim,75
"214608",Tree Stump Grinding,116
"214594",Tree Removal,51
"214593",Tree Trim,75
"214611",Tree Removal,51
"214584",Tree Trim,75
"214612",Tree Trim,75
"214999",Tree Trim,75
"214575",Tree Removal,51
"214598",Tree Removal,51
"214637",Tree Trim,75
"214592",Tree Trim,75
"214646",Tree Trim,75
"214676",Tree Removal,51
"214624",Tree Trim,75
"214654",Tree Removal,51
"214647",Tree Trim,75
,Tree Trim,
"214631",Tree Removal,51
"214461",Tree Stump Grinding,116
"214510",Tree Trim,75
"214638",Tree Trim,75
"214616",Tree Trim,75
"214713",Tree Removal,51
"214702",Tree Removal,51
"214715",Tree Removal,51
"214684",Tree Removal,51
"214606",Tree Trim,75
"214685",Tree Removal,51
"214596",Tree Trim,75
"214731",Tree Stump Grinding,116
"214698",Tree Removal,51
"214614",Tree Trim,75
"214674",Tree Trim,75
"214651",Tree Removal,51
"214708",Tree Trim,75
"214609",Tree Trim,77
"214585",Tree Trim,75
"214751",Tree Trim,75
"214634",Tree Stump Grinding,116
"214717",Tree Trim,75
,Tree Trim,
"213857",Tree Planting,25
"214728",Tree Trim,75
"214761",Tree Trim,75
"214752",Tree Removal,51
"214712",Tree Trim,75
"214748",Tree Trim,75
"214787",Tree Trim,75
"214780",Tree Trim,75
"214794",Tree Removal,51
"214732",Tree Trim,75
"214599",Tree Trim,75
"214655",Tree Removal,51
"214773",Tree Removal,51
"214742",Tree Trim,75
"214734",Tree Removal,51
"214720",Tree Trim,75
"214759",Tree Trim,75
"214778",Tree Stump Grinding,116
"214781",Tree Trim,75
"214595",Tree Removal,51
"214770",Tree Removal,51
"214749",Tree Removal,51
"214786",Tree Removal,51
"214719",Tree Stump Grinding,116
"214790",Tree Trim,75
"214725",Tree Removal,51
"214629",Tree Trim,75
"214701",Tree Trim,75
"214807",Tree Removal,51
"214641",Tree Trim,75
"214867",Tree Removal,51
"214828",Tree Trim,75
"214817",Tree Trim,75
"214846",Tree Removal,51
"214607",Tree Trim,75
"214863",Tree Removal,51
"214859",Tree Removal,51
"214793",Tree Trim,75
"214648",Tree Trim,75
"214864",Tree Trim,75
"214670",Tree Removal,51
"214623",Tree Trim,75
"214801",Tree Removal,51
"214834",Tree Trim,75
"214858",Tree Removal,51
"214783",Tree Trim,75
"214747",Tree Trim,75
"214913",Tree Removal,51
"214714",Tree Removal,51
"214883",Tree Trim,75
"214897",Tree Trim,75
"214891",Tree Trim,75
"214142",Tree Removal,51
"207687",Tree Removal,51
"214868",Tree Trim,75
"214860",Tree Trim,75
"214937",Tree Trim,75
"214948",Tree Removal,51
"214902",Tree Trim,75
"214930",Tree Removal,51
"214976",Tree Removal,51
"214741",Tree Trim,75
"214967",Tree Removal,51
"214984",Tree Trim,75
"214653",Tree Trim,75
"215001",Tree Trim,75
"214955",Tree Removal,51
"215004",Tree Trim,75
"214814",Tree Removal,53
,Tree Removal,
,Tree Removal,
"214964",Tree Removal,52
"214960",Tree Trim,75
"214987",Tree Trim,75
"214880",Tree Removal,51
"214998",Tree Trim,75
"214865",Tree Trim,75
"214980",Tree Trim,75
"214974",Tree Trim,75
"214979",Tree Trim,75
"215031",Tree Trim,75
"214993",Tree Trim,75
"215020",Tree Trim,75
"215023",Tree Removal,51
"215032",Tree Trim,75
"214978",Tree Removal,51
"215093",Tree Trim,75
"215073",Tree Trim,75
"215085",Tree Trim,75
"215052",Tree Trim,75
"215044",Tree Trim,75
"215034",Tree Trim,75
"215029",Tree Trim,75
"215066",Tree Removal,51
"215067",Tree Removal,51
"215088",Tree Trim,117
"215097",Tree Stump Grinding,116
"215096",Tree Trim,75
"215100",Tree Stump Grinding,116
"215064",Tree Removal,51
"215045",Tree Trim,74
"215072",Tree Trim,75
"215082",Tree Removal,51
"215095",Tree Removal,51
"214729",Tree Stump Grinding,116
"215102",Tree Trim,75
"215053",Tree Trim,75
"214969",Tree Trim,75
"214547",Tree Removal,51
"215105",Tree Trim,75
"215090",Tree Trim,75
"215091",Tree Trim,75
"215078",Tree Trim,75
"215087",Tree Trim,75
"215116",Tree Removal,51
"215092",Tree Trim,75
"215103",Tree Trim,75
,Tree Removal,
"215135",Tree Trim,75
"214811",Tree Removal,53
"215113",Tree Removal,51
"215051",Tree Removal,51
"215056",Tree Removal,51
"214821",Tree Removal,51
"215145",Tree Trim,75
"214820",Tree Removal,51
"214950",Tree Trim,75
"215144",Tree Removal,51
"215154",Tree Removal,51
"215164",Tree Removal,51
"215076",Tree Trim,75
"215148",Tree Removal,51
"214543",Tree Trim,75
"215252",Tree Trim,75
"215158",Tree Removal,51
"215186",Tree Removal,51
"215202",Tree Removal,51
"215163",Tree Stump Grinding,116
"215159",Tree Removal,51
"215217",Tree Removal,51
"215177",Tree Removal,51
"215047",Tree Stump Grinding,116
"215157",Tree Trim,75
"215236",Tree Stump Grinding,116
"215258",Tree Trim,75
"215230",Tree Trim,75
"216637",Tree Removal,51
"215155",Tree Removal,51
"215206",Tree Removal,51
"215142",Tree Trim,78
"215166",Tree Trim,75
"215295",Tree Trim,75
"215285",Tree Trim,75
"215298",Tree Removal,51
"215261",Tree Trim,75
"215284",Tree Stump Grinding,116
"215307",Tree Trim,75
"215266",Tree Trim,75
"215260",Tree Trim,75
"215337",Tree Trim,75
"215293",Tree Removal,51
"215319",Tree Removal,51
"215209",Tree Trim,75
"215180",Tree Trim,78
,Tree Removal,
"215353",Tree Stump Grinding,116
"215345",Tree Trim,75
"215383",Tree Removal,51
"215364",Tree Removal,51
"215328",Tree Trim,75
"215290",Tree Removal,51
"215357",Tree Stump Grinding,116
"215363",Tree Trim,74
"215360",Tree Trim,74
"215340",Tree Removal,51
"215361",Tree Trim,74
"215362",Tree Trim,74
"215344",Tree Removal,51
"215291",Tree Trim,75
"215380",Tree Trim,75
"215324",Tree Removal,51
"215392",Tree Trim,75
"215322",Tree Trim,75
"215272",Tree Trim,75
"215355",Tree Trim,75
"215256",Tree Trim,75
"215389",Tree Removal,51
"215401",Tree Removal,51
"215365",Tree Removal,51
"215434",Tree Trim,75
"215431",Tree Trim,75
"215397",Tree Trim,75
"215404",Tree Trim,75
"215427",Tree Trim,75
"215349",Tree Trim,75
"215405",Tree Removal,51
"215327",Tree Removal,51
"215468",Tree Trim,75
"215493",Tree Trim,75
"215435",Tree Trim,75
"215496",Tree Trim,75
"215399",Tree Removal,51
"215498",Tree Trim,75
"215499",Tree Removal,51
"215464",Tree Stump Grinding,116
"215455",Tree Removal,51
"215466",Tree Trim,75
"215582",Tree Trim,75
"215581",Tree Trim,75
"215572",Tree Trim,75
"215531",Tree Removal,51
"215556",Tree Removal,51
"215546",Tree Trim,75
"215577",Tree Stump Grinding,116
"215553",Tree Removal,51
"215593",Tree Trim,75
"215599",Tree Removal,51
"215557",Tree Stump Grinding,116
"215517",Tree Removal,51
"215629",Tree Removal,51
"215638",Tree Trim,75
"215611",Tree Removal,51
"215608",Tree Removal,51
"215590",Tree Removal,51
"215541",Tree Trim,75
"215597",Tree Trim,75
"215594",Tree Removal,51
"215654",Tree Removal,51
"215652",Tree Trim,75
"215658",Tree Trim,75
"215632",Tree Trim,75
"215586",Tree Removal,52
"215643",Tree Removal,51
"215673",Tree Trim,75
"215697",Tree Trim,75
"215688",Tree Trim,75
"215692",Tree Removal,51
"215693",Tree Trim,75
"215690",Tree Trim,75
"215687",Tree Trim,75
"215689",Tree Removal,51
"215681",Tree Removal,51
"215684",Tree Trim,75
"214486",Tree Removal,51
"208318",Tree Removal,51
"215695",Tree Removal,51
"215731",Tree Trim,75
"215472",Tree Removal,51
"215744",Tree Trim,75
"215705",Tree Trim,75
"215752",Tree Trim,75
"215595",Tree Trim,75
"215742",Tree Trim,75
"215755",Tree Trim,75
"215745",Tree Trim,75
"214906",Tree Planting,25
"215741",Tree Removal,51
"215740",Tree Trim,75
"215716",Tree Removal,54
,Tree Removal,
,Tree Removal,
"215734",Tree Trim,75
"215636",Tree Trim,75
"215754",Tree Removal,51
"215749",Tree Trim,75
"214971",Tree Removal,51
"215753",Tree Trim,75
"214784",Tree Code Violation,52
"215764",Tree Removal,51
"215770",Tree Trim,75
"215790",Tree Removal,51
"215779",Tree Code Violation,52
"215809",Tree Trim,75
"215788",Tree Removal,51
"215762",Tree Removal,51
"210426",Tree Removal,51
"215773",Tree Removal,51
"215771",Tree Trim,75
"215837",Tree Removal,51
"215827",Tree Removal,51
"215812",Tree Trim,75
"215883",Tree Trim,75
"215867",Tree Trim,75
"215874",Tree Trim,75
"215902",Tree Trim,75
"215893",Tree Removal,51
"215871",Tree Removal,51
"215896",Tree Trim,75
"215899",Tree Removal,51
"215881",Tree Removal,51
"215887",Tree Trim,75
"215848",Tree Removal,51
"215865",Tree Trim,75
"215828",Tree Trim,75
"215849",Tree Trim,75
"215870",Tree Removal,51
"215919",Tree Trim,75
"215940",Tree Trim,75
"215964",Tree Trim,75
"215967",Tree Removal,51
"215905",Tree Trim,75
"215641",Tree Trim,75
"215935",Tree Trim,75
"215691",Tree Trim,75
"215625",Tree Trim,75
"215972",Tree Removal,51
"215976",Tree Trim,75
"215799",Tree Trim,74
"215956",Tree Removal,51
"215901",Tree Removal,51
"215975",Tree Trim,75
"215792",Tree Trim,75
"216015",Tree Removal,51
"215974",Tree Trim,75
"216001",Tree Removal,51
"216005",Tree Removal,51
"215991",Tree Trim,75
"215993",Tree Removal,57
"215777",Tree Trim,75
"216020",Tree Trim,75
"216010",Tree Stump Grinding,116
"215999",Tree Removal,51
"216023",Tree Removal,51
"216019",Tree Removal,51
"216043",Tree Removal,51
"216044",Tree Trim,75
"216246",Tree Removal,51
"216078",Tree Removal,51
"215911",Tree Trim,75
"216070",Tree Removal,51
,Tree Trim,
"216096",Tree Trim,75
"216094",Tree Removal,51
"216101",Tree Removal,51
"216093",Tree Trim,75
"216076",Tree Trim,75
"215917",Tree Trim,75
"215914",Tree Removal,51
"216079",Tree Removal,51
"216106",Tree Removal,51
"216089",Tree Trim,75
"216118",Tree Removal,51
"216112",Tree Removal,52
"216114",Tree Removal,51
"216119",Tree Removal,51
"216116",Tree Trim,75
"216109",Tree Removal,51
"216095",Tree Trim,75
"215873",Tree Removal,51
"216102",Tree Trim,75
"216045",Tree Trim,75
"216138",Tree Removal,51
"216166",Tree Trim,75
"216128",Tree Removal,51
"216150",Tree Removal,51
"216133",Tree Trim,75
"216197",Tree Removal,51
"216191",Tree Trim,75
"216177",Tree Removal,51
"216185",Tree Trim,75
"216163",Tree Trim,75
"216188",Tree Trim,75
"216220",Tree Removal,51
"216217",Tree Stump Grinding,116
"216221",Tree Trim,75
"216223",Tree Removal,51
"216219",Tree Trim,75
"216213",Tree Removal,51
"207575",Tree Removal,51
"216214",Tree Trim,75
"216241",Tree Trim,75
"216189",Tree Trim,75
"215987",Tree Removal,54
"216171",Tree Trim,75
"216264",Tree Removal,51
"216201",Tree Removal,51
,Tree Trim,
,Tree Removal,
"216240",Tree Trim,75
"216215",Tree Trim,75
"216250",Tree Trim,75
"216255",Tree Trim,75
"216249",Tree Trim,75
"216232",Tree Removal,51
"216244",Tree Removal,51
"216265",Tree Removal,51
"216222",Tree Removal,51
"216282",Tree Removal,51
"216243",Tree Trim,75
"216199",Tree Trim,75
"216251",Tree Trim,75
"216252",Tree Trim,75
"216224",Tree Removal,51
"216332",Tree Trim,75
"216404",Tree Removal,51
"216314",Tree Trim,75
"216588",Tree Trim,75
"216353",Tree Trim,75
"216352",Tree Trim,75
"216354",Tree Trim,75
"216225",Tree Stump Grinding,116
"216366",Tree Trim,75
"216356",Tree Removal,51
"216355",Tree Trim,75
"216307",Tree Trim,75
"216471",Tree Trim,75
"216433",Tree Trim,75
"216368",Tree Trim,75
"216388",Tree Trim,75
"216448",Tree Trim,75
"216306",Tree Trim,75
"216480",Tree Trim,75
"216274",Tree Removal,51
"216395",Tree Trim,75
"215925",Tree Trim,75
"216347",Tree Trim,75
"216515",Tree Removal,51
"216444",Tree Trim,75
"216486",Tree Trim,75
"216531",Tree Trim,75
"216509",Tree Trim,75
,Tree Removal,
"216286",Tree Removal,51
"216525",Tree Trim,75
"216498",Tree Removal,51
"216499",Tree Trim,75
"216526",Tree Removal,51
"216489",Tree Trim,75
"216529",Tree Trim,75
"216511",Tree Trim,75
"216530",Tree Trim,75
"216521",Tree Trim,75
"216492",Tree Trim,75
"216527",Tree Trim,75
"216508",Tree Trim,75
"216520",Tree Removal,51
"216479",Tree Trim,75
"216394",Tree Removal,51
"216553",Tree Trim,75
"216335",Tree Removal,51
"216566",Tree Trim,75
"216548",Tree Trim,75
"216485",Tree Trim,75
"216662",Tree Removal,51
"216632",Tree Removal,59
"216609",Tree Trim,75
"216327",Tree Trim,75
"216534",Tree Trim,75
"216618",Tree Trim,75
"216533",Tree Removal,51
"216636",Tree Trim,75
"216535",Tree Trim,75
"216536",Tree Trim,75
"216645",Tree Removal,51
"216290",Tree Trim,75
"216690",Tree Trim,75
"216663",Tree Trim,75
"216701",Tree Removal,51
"216698",Tree Trim,75
"216686",Tree Trim,75
"216576",Tree Trim,75
"216610",Tree Trim,75
"216702",Tree Trim,75
"216699",Tree Trim,75
"216710",Tree Trim,75
"216647",Tree Trim,75
"216547",Tree Stump Grinding,116
"216667",Tree Removal,51
"216661",Tree Trim,75
"216729",Tree Removal,51
"216569",Tree Removal,51
"216638",Tree Trim,75
"216606",Tree Trim,75
"216760",Tree Trim,75
"216764",Tree Trim,75
"216650",Tree Trim,75
"216519",Tree Trim,75
"216771",Tree Trim,131
"216750",Tree Removal,51
"216797",Tree Trim,75
"216768",Tree Removal,51
"216738",Tree Trim,75
"216745",Tree Removal,51
"216723",Tree Trim,75
"216780",Tree Trim,75
"216783",Tree Trim,75
"216811",Tree Removal,51
"216821",Tree Stump Grinding,116
"216823",Tree Trim,75
"216746",Tree Trim,75
"216782",Tree Trim,75
"216755",Tree Trim,75
"216803",Tree Trim,75
"216748",Tree Removal,51
"216879",Tree Trim,75
"216872",Tree Trim,75
"216822",Tree Trim,75
"216864",Tree Trim,75
"216338",Tree Trim,75
"216873",Tree Trim,75
"216828",Tree Trim,75
"216830",Tree Stump Grinding,116
"216831",Tree Trim,75
"216817",Tree Trim,75
"203628",Tree Code Violation,52
"216894",Tree Removal,51
"216893",Tree Trim,75
"216878",Tree Removal,51
"216848",Tree Trim,75
"216871",Tree Removal,51
"216846",Tree Removal,51
"216887",Tree Removal,51
"216832",Tree Removal,51
"216578",Tree Removal,51
"216925",Tree Trim,75
"216800",Tree Removal,51
"216841",Tree Trim,75
"216898",Tree Trim,75
"216921",Tree Trim,75
"216888",Tree Removal,51
"216814",Tree Removal,51
"216948",Tree Removal,51
"216964",Tree Removal,51
"216949",Tree Removal,51
"216978",Tree Trim,75
"216942",Tree Trim,75
"216820",Tree Trim,75
"216924",Tree Trim,75
"216952",Tree Removal,51
"216947",Tree Removal,51
"216445",Tree Planting,25
"217023",Tree Removal,51
"216997",Tree Removal,51
"216936",Tree Trim,75
"217016",Tree Removal,51
"216334",Tree Trim,75
"217010",Tree Removal,51
"217015",Tree Removal,51
"216991",Tree Removal,51
"216961",Tree Trim,75
"217022",Tree Trim,75
"217050",Tree Removal,51
"217012",Tree Trim,75
"217056",Tree Trim,75
"217150",Tree Trim,75
"217035",Tree Trim,75
"217034",Tree Trim,75
"217092",Tree Removal,51
"217126",Tree Removal,51
"217055",Tree Removal,51
"217080",Tree Trim,75
"217108",Tree Removal,51
"217087",Tree Removal,51
"217116",Tree Trim,75
"217081",Tree Trim,75
"217122",Tree Removal,51
"217140",Tree Trim,75
"217133",Tree Trim,75
"217153",Tree Trim,75
,Tree Removal,
"217109",Tree Removal,51
"217162",Tree Trim,75
"217060",Tree Trim,75
"217134",Tree Removal,51
"217142",Tree Trim,75
"217076",Tree Trim,75
"217119",Tree Stump Grinding,116
"217096",Tree Removal,51
"217125",Tree Trim,75
"217185",Tree Removal,51
"217179",Tree Stump Grinding,116
"217186",Tree Removal,51
"217159",Tree Trim,75
"217160",Tree Removal,51
"217175",Tree Trim,75
"217177",Tree Trim,75
"217184",Tree Removal,51
"217229",Tree Trim,75
"217226",Tree Trim,75
"217217",Tree Removal,51
"217203",Tree Removal,51
"217161",Tree Trim,75
"217235",Tree Trim,75
,Tree Trim,
"217225",Tree Trim,75
"217205",Tree Stump Grinding,116
"217237",Tree Removal,51
"217233",Tree Trim,75
"217181",Tree Trim,75
"217088",Tree Removal,51
"217199",Tree Removal,51
"217204",Tree Removal,51
"216813",Tree Trim,75
"217240",Tree Trim,75
"217254",Tree Removal,51
"217232",Tree Trim,75
"217284",Tree Removal,51
"217260",Tree Removal,51
"217236",Tree Trim,75
"217266",Tree Trim,75
"217296",Tree Trim,75
"217347",Tree Trim,75
"217283",Tree Trim,75
"217263",Tree Trim,75
"217281",Tree Trim,75
"217298",Tree Trim,75
"217322",Tree Removal,51
,Tree Removal,
"217338",Tree Trim,75
"217325",Tree Trim,75
"217330",Tree Trim,75
"217337",Tree Trim,75
"217341",Tree Trim,75
"217345",Tree Trim,75
"217349",Tree Stump Grinding,116
"217336",Tree Trim,75
"217334",Tree Stump Grinding,116
"217348",Tree Trim,75
"217332",Tree Trim,75
"217366",Tree Trim,75
"217355",Tree Trim,75
"217362",Tree Trim,75
"217374",Tree Trim,75
"217343",Tree Removal,51
"217351",Tree Trim,75
"217379",Tree Trim,75
"217247",Tree Removal,51
"217392",Tree Trim,75
"215489",Tree Removal,51
"217464",Tree Trim,75
"217456",Tree Trim,75
"217504",Tree Removal,51
"217491",Tree Trim,75
"217377",Tree Trim,75
"217523",Tree Removal,51
"217477",Tree Removal,51
"217528",Tree Removal,51
"217503",Tree Stump Grinding,116
"217404",Tree Trim,75
"217461",Tree Removal,51
"217524",Tree Removal,51
"217492",Tree Removal,51
"217543",Tree Trim,75
"217563",Tree Trim,75
"217486",Tree Trim,75
"217552",Tree Trim,75
"217549",Tree Removal,51
"217532",Tree Trim,75
"217546",Tree Trim,75
"217493",Tree Trim,75
"217500",Tree Trim,75
"217480",Tree Removal,51
"217481",Tree Trim,75
"217564",Tree Removal,51
"217570",Tree Removal,51
"217591",Tree Trim,75
"217582",Tree Removal,51
"217592",Tree Trim,75
"217565",Tree Removal,51
"217599",Tree Removal,51
"217569",Tree Removal,51
"217526",Tree Trim,75
"217547",Tree Removal,51
"217665",Tree Trim,75
"217621",Tree Removal,51
"217622",Tree Removal,51
"217670",Tree Trim,75
"217615",Tree Trim,75
"217661",Tree Removal,51
"217578",Tree Trim,75
"217666",Tree Trim,75
"217608",Tree Removal,51
"217602",Tree Trim,75
"215502",Tree Removal,51
"217678",Tree Trim,75
"217675",Tree Trim,75
"217681",Tree Trim,75
"217573",Tree Trim,75
"217642",Tree Trim,75
"217649",Tree Removal,51
"217688",Tree Removal,51
"217476",Tree Planting,80
"217705",Tree Removal,51
"207556",Tree Removal,51
"217700",Tree Trim,75
"217716",Tree Trim,75
"217684",Tree Trim,75
"217724",Tree Trim,75
"217194",Tree Trim,75
"217722",Tree Stump Grinding,116
"217679",Tree Trim,75
"217718",Tree Removal,51
"217746",Tree Trim,75
"217239",Tree Trim,75
"217795",Tree Trim,75
"217731",Tree Trim,75
"217773",Tree Trim,75
"217760",Tree Trim,75
"217723",Tree Trim,75
"217752",Tree Removal,51
"217812",Tree Removal,51
"217824",Tree Stump Grinding,116
"217813",Tree Trim,75
"217796",Tree Trim,75
"217818",Tree Trim,75
"217647",Tree Trim,75
"217817",Tree Removal,51
"217769",Tree Trim,75
"217827",Tree Trim,75
"217806",Tree Removal,51
"217821",Tree Trim,75
"217860",Tree Trim,75
"217861",Tree Trim,75
"217848",Tree Trim,75
"217799",Tree Trim,75
"217844",Tree Removal,51
"217842",Tree Trim,75
"217832",Tree Removal,51
"217831",Tree Removal,51
"217973",Tree Removal,51
"217868",Tree Trim,75
"217836",Tree Stump Grinding,116
"217893",Tree Removal,51
"217833",Tree Trim,75
"217839",Tree Code Violation,52
"217874",Tree Removal,51
"217898",Tree Trim,75
"217845",Tree Removal,51
"217896",Tree Trim,75
"217922",Tree Trim,75
"217951",Tree Trim,75
"217940",Tree Stump Grinding,116
"217935",Tree Trim,75
"217961",Tree Removal,51
"217965",Tree Trim,75
"217932",Tree Trim,75
"217967",Tree Trim,75
"217966",Tree Removal,51
"217980",Tree Removal,51
"217985",Tree Removal,51
"217976",Tree Removal,51
"217981",Tree Trim,75
"217997",Tree Removal,51
"217999",Tree Removal,51
"218003",Tree Trim,75
"218017",Tree Trim,75
,Tree Trim,
"218028",Tree Removal,51
"217947",Tree Trim,75
"217971",Tree Trim,75
"218052",Tree Removal,51
"218010",Tree Trim,75
"218022",Tree Removal,51
"218031",Tree Removal,51
"218025",Tree Removal,51
"218083",Tree Trim,75
"218079",Tree Trim,75
"218080",Tree Removal,51
"218086",Tree Trim,75
"218085",Tree Trim,75
"218093",Tree Stump Grinding,116
"218073",Tree Removal,51
"218061",Tree Trim,75
"218072",Tree Removal,51
"217805",Tree Trim,75
"218069",Tree Trim,75
"217873",Tree Removal,51
"218109",Tree Removal,51
"218111",Tree Trim,75
"218100",Tree Trim,75
"218103",Tree Removal,51
"218106",Tree Removal,51
"218104",Tree Trim,75
"222822",Tree Removal,51
"218138",Tree Trim,75
"218143",Tree Removal,51
"218140",Tree Removal,51
"218144",Tree Removal,51
"218135",Tree Trim,75
"218182",Tree Trim,75
"219107",Tree Trim,75
"218126",Tree Removal,51
"218232",Tree Planting,25
"218230",Tree Trim,75
"218218",Tree Removal,51
"218217",Tree Removal,51
"218251",Tree Trim,75
"218268",Tree Removal,51
"218221",Tree Removal,51
"218241",Tree Trim,75
"218254",Tree Removal,51
"218195",Tree Trim,75
"218240",Tree Trim,75
"218256",Tree Removal,51
"218200",Tree Removal,51
"218249",Tree Removal,51
"218272",Tree Removal,51
"218270",Tree Trim,75
"218265",Tree Trim,75
"218353",Tree Removal,51
"218239",Tree Trim,75
"218271",Tree Trim,75
"218236",Tree Trim,75
"218273",Tree Trim,75
"218316",Tree Removal,51
"218303",Tree Trim,75
"217405",Tree Removal,51
"216587",Tree Trim,75
"218201",Tree Trim,75
"218295",Tree Trim,75
"218291",Tree Removal,51
"219162",Tree Removal,51
"218328",Tree Removal,51
"218366",Tree Removal,51
"218306",Tree Stump Grinding,116
"218380",Tree Trim,75
,Tree Trim,
"218324",Tree Removal,51
"218323",Tree Removal,51
"218327",Tree Trim,75
"218398",Tree Trim,75
"218352",Tree Trim,75
"218391",Tree Trim,75
"218406",Tree Trim,75
"218405",Tree Removal,51
"218434",Tree Removal,51
"218242",Tree Trim,75
"218409",Tree Trim,75
"218502",Tree Removal,51
"218474",Tree Trim,75
"218539",Tree Trim,75
"218507",Tree Trim,75
"218533",Tree Trim,75
"218451",Tree Trim,75
"218536",Tree Trim,75
"218481",Tree Trim,75
"218511",Tree Trim,75
"218519",Tree Trim,75
"218478",Tree Removal,51
"218577",Tree Removal,51
"218456",Tree Stump Grinding,116
"219278",Tree Trim,75
"218578",Tree Trim,75
"218610",Tree Removal,51
"218262",Tree Removal,51
"218626",Tree Removal,51
"218617",Tree Removal,51
"218587",Tree Trim,75
"218592",Tree Removal,51
"218564",Tree Stump Grinding,116
"218625",Tree Trim,75
"218660",Tree Trim,75
"218627",Tree Trim,75
"218621",Tree Removal,51
"218656",Tree Removal,51
"218618",Tree Trim,75
"218766",Tree Removal,51
"219745",Tree Removal,51
"218740",Tree Trim,75
"218605",Tree Removal,51
"218686",Tree Trim,75
"218685",Tree Trim,75
"218684",Tree Trim,75
"218683",Tree Trim,75
"218672",Tree Trim,75
,Tree Trim,
"218755",Tree Removal,51
"218730",Tree Trim,75
"218759",Tree Trim,75
"218769",Tree Removal,51
"218752",Tree Removal,51
"218785",Tree Removal,51
"218804",Tree Trim,75
"218734",Tree Trim,75
"218784",Tree Trim,75
"218849",Tree Trim,75
"218816",Tree Trim,75
"218721",Tree Removal,51
"218788",Tree Stump Grinding,116
"218786",Tree Trim,75
"218815",Tree Trim,75
"218826",Tree Trim,75
"218820",Tree Removal,51
"218833",Tree Trim,75
"218813",Tree Stump Grinding,116
"218829",Tree Trim,75
"218821",Tree Stump Grinding,116
"218778",Tree Trim,75
"218819",Tree Removal,51
,Tree Removal,
"218832",Tree Removal,51
"222809",Tree Trim,75
"218881",Tree Trim,75
"218865",Tree Trim,75
"218876",Tree Removal,51
"218859",Tree Trim,75
"218897",Tree Trim,75
"218893",Tree Removal,51
"217271",Tree Removal,51
"218622",Tree Removal,51
"217572",Tree Removal,51
"218908",Tree Trim,75
"220366",Tree Trim,75
"218895",Tree Trim,75
"218902",Tree Trim,75
"218886",Tree Removal,51
"218946",Tree Trim,75
"219018",Tree Trim,75
"218948",Tree Trim,75
"218942",Tree Trim,75
"218920",Tree Trim,75
"218947",Tree Trim,75
"218967",Tree Stump Grinding,116
"218964",Tree Trim,75
"218977",Tree Trim,75
"218950",Tree Trim,75
"218981",Tree Trim,75
"218998",Tree Removal,51
"219029",Tree Trim,75
"219017",Tree Removal,51
"219009",Tree Removal,51
"218963",Tree Trim,75
"218989",Tree Removal,51
"218994",Tree Planting,25
"219007",Tree Removal,51
"219000",Tree Removal,51
"218957",Tree Removal,51
"219071",Tree Removal,51
"219057",Tree Stump Grinding,116
"219050",Tree Trim,75
"219023",Tree Trim,75
"219047",Tree Removal,51
"219072",Tree Removal,51
"219024",Tree Trim,75
"222350",Tree Removal,51
"220326",Tree Removal,51
"219098",Tree Trim,75
"219092",Tree Trim,75
"219120",Tree Removal,51
,Tree Trim,
,Tree Trim,
"219086",Tree Removal,51
"219067",Tree Removal,51
"219861",Tree Trim,75
"219122",Tree Removal,51
"218954",Tree Trim,75
"218943",Tree Trim,75
"219160",Tree Trim,75
"219151",Tree Trim,75
"219195",Tree Trim,75
"219170",Tree Trim,75
"219184",Tree Removal,51
"219194",Tree Code Violation,52
"219172",Tree Trim,75
"219168",Tree Trim,75
"219166",Tree Removal,51
"219019",Tree Removal,51
"219204",Tree Trim,75
"219198",Tree Removal,51
"219138",Tree Trim,75
"219218",Tree Trim,75
"219192",Tree Trim,75
"219248",Tree Removal,51
"219262",Tree Trim,75
"219257",Tree Trim,75
"219221",Tree Trim,75
"219190",Tree Trim,75
"219263",Tree Trim,75
"219236",Tree Removal,51
"219169",Tree Trim,75
"219235",Tree Trim,75
"219255",Tree Trim,75
"219300",Tree Trim,75
"219306",Tree Trim,75
"219309",Tree Removal,51
"219312",Tree Trim,75
"219307",Tree Trim,75
"219310",Tree Trim,75
"219276",Tree Removal,51
"219199",Tree Trim,75
"219315",Tree Removal,51
"219361",Tree Trim,75
"219320",Tree Removal,51
"219258",Tree Removal,51
"219337",Tree Removal,51
"219344",Tree Trim,75
"219362",Tree Trim,75
"219360",Tree Removal,51
,Tree Code Violation,
,Tree Removal,
"219311",Tree Removal,51
"212710",Tree Removal,51
"219613",Tree Trim,75
"219348",Tree Trim,75
"219347",Tree Removal,51
"219385",Tree Trim,75
"219379",Tree Trim,75
"219378",Tree Trim,75
"219437",Tree Trim,75
"219325",Tree Trim,75
"219394",Tree Removal,51
"219377",Tree Trim,75
"219448",Tree Removal,51
"219444",Tree Trim,75
"219445",Tree Trim,75
"219443",Tree Trim,75
"219411",Tree Stump Grinding,116
"219441",Tree Trim,76
"219442",Tree Trim,75
"219438",Tree Removal,51
"215124",Tree Removal,51
"219477",Tree Stump Grinding,116
"219476",Tree Trim,75
"219535",Tree Trim,75
"219508",Tree Removal,52
"219490",Tree Removal,51
"219492",Tree Removal,51
"219481",Tree Trim,75
"219513",Tree Trim,75
"219517",Tree Trim,75
"221861",Tree Removal,51
"219506",Tree Trim,75
"219552",Tree Trim,75
"219549",Tree Stump Grinding,116
"219569",Tree Trim,75
"219553",Tree Stump Grinding,116
"219550",Tree Trim,75
"219562",Tree Trim,75
"219561",Tree Trim,75
"219592",Tree Removal,51
"219584",Tree Removal,51
"219721",Tree Removal,51
"219570",Tree Removal,51
"219590",Tree Removal,51
"219599",Tree Code Violation,52
,Tree Removal,
"219601",Tree Trim,75
"219560",Tree Trim,75
"219571",Tree Trim,75
"219612",Tree Trim,75
"219611",Tree Trim,75
"219587",Tree Removal,51
"219610",Tree Trim,75
"219609",Tree Trim,75
"219607",Tree Trim,75
"219614",Tree Trim,75
"219633",Tree Removal,51
"219638",Tree Trim,75
"219635",Tree Trim,75
"222646",Tree Removal,51
"219639",Tree Trim,75
"219674",Tree Trim,75
"219668",Tree Removal,51
"219776",Tree Removal,51
"219642",Tree Trim,75
"219678",Tree Trim,75
"219640",Tree Trim,75
"219694",Tree Trim,75
"219717",Tree Trim,75
"219687",Tree Trim,75
"219695",Tree Removal,51
"219715",Tree Removal,51
"219725",Tree Removal,51
"219732",Tree Trim,75
"219738",Tree Removal,51
"219749",Tree Removal,51
"219747",Tree Trim,75
"219778",Tree Trim,75
"219785",Tree Trim,75
"219779",Tree Trim,75
"219802",Tree Removal,51
"219774",Tree Trim,75
"219755",Tree Trim,75
"219829",Tree Trim,75
"219722",Tree Trim,75
"219841",Tree Trim,75
"219845",Tree Trim,75
"219812",Tree Removal,51
"219777",Tree Removal,51
"219858",Tree Removal,51
"219869",Tree Trim,75
"219821",Tree Trim,75
"219880",Tree Trim,75
"219877",Tree Removal,51
,Tree Trim,
"219867",Tree Trim,75
"219828",Tree Removal,51
"219754",Tree Trim,75
"219817",Tree Trim,75
"219926",Tree Removal,51
"219928",Tree Trim,75
"219900",Tree Removal,51
"219843",Tree Trim,75
"219917",Tree Trim,75
"219897",Tree Trim,75
"219851",Tree Removal,51
"219920",Tree Removal,51
"219850",Tree Removal,51
"219818",Tree Trim,75
"219799",Tree Trim,75
"219846",Tree Trim,75
"219918",Tree Trim,75
"219943",Tree Removal,51
"219915",Tree Trim,75
"219914",Tree Removal,51
"219987",Tree Removal,51
"219947",Tree Removal,51
"220155",Tree Trim,75
"219981",Tree Trim,75
"219999",Tree Removal,51
"219899",Tree Removal,52
"220007",Tree Trim,75
"220008",Tree Stump Grinding,116
"220009",Tree Trim,75
"219949",Tree Trim,75
"220031",Tree Trim,75
"220014",Tree Trim,75
"220001",Tree Removal,51
"220011",Tree Trim,75
"220026",Tree Trim,75
"220034",Tree Removal,51
"220048",Tree Trim,75
"220036",Tree Trim,75
"220054",Tree Trim,75
"220044",Tree Trim,75
"220046",Tree Trim,75
"220050",Tree Removal,51
"220059",Tree Removal,51
"220058",Tree Removal,51
"220087",Tree Trim,75
"220062",Tree Removal,51
"220060",Tree Removal,51
"220080",Tree Removal,51
"220064",Tree Removal,51
,Tree Stump Grinding,
"220095",Tree Trim,75
"219030",Tree Trim,76
"220102",Tree Trim,75
"220130",Tree Trim,75
"220061",Tree Stump Grinding,116
"220051",Tree Removal,51
"220089",Tree Removal,51
"198058",Tree Removal,51
"220091",Tree Removal,51
"220154",Tree Trim,75
"220143",Tree Trim,75
"220142",Tree Removal,51
"220149",Tree Trim,75
"220070",Tree Removal,52
"220161",Tree Trim,75
"220192",Tree Removal,51
"220191",Tree Stump Grinding,116
"220156",Tree Trim,75
"220187",Tree Trim,75
"220162",Tree Removal,51
"220158",Tree Removal,51
"220189",Tree Removal,51
"220195",Tree Removal,51
,Tree Stump Grinding,
,Tree Trim,
"220229",Tree Removal,51
"220213",Tree Trim,75
"220201",Tree Removal,51
"220207",Tree Trim,75
"220230",Tree Removal,51
"220226",Tree Trim,75
"220272",Tree Trim,75
"220227",Tree Trim,75
"220277",Tree Trim,75
"220204",Tree Trim,75
"220269",Tree Removal,51
"220209",Tree Stump Grinding,116
"220228",Tree Removal,51
"220211",Tree Stump Grinding,116
"220261",Tree Removal,51
"220290",Tree Trim,75
"220253",Tree Removal,51
"220298",Tree Removal,51
"220329",Tree Trim,75
"220317",Tree Removal,51
"220319",Tree Removal,51
"220285",Tree Removal,51
"220327",Tree Trim,75
"220308",Tree Removal,51
"220288",Tree Trim,75
"220315",Tree Removal,51
"220887",Tree Trim,75
"220283",Tree Removal,51
"220287",Tree Removal,51
"220289",Tree Removal,51
"220292",Tree Removal,51
"220377",Tree Trim,75
"220282",Tree Removal,51
"220383",Tree Removal,51
"220388",Tree Removal,51
"220399",Tree Trim,75
"220361",Tree Removal,51
"220362",Tree Removal,51
"220400",Tree Trim,75
"220324",Tree Trim,75
"220369",Tree Removal,52
"220495",Tree Removal,51
"220496",Tree Stump Grinding,116
"220501",Tree Removal,51
"220483",Tree Trim,75
"220497",Tree Trim,75
,Tree Trim,
,Tree Removal,
"220481",Tree Removal,51
"220343",Tree Trim,77
"220374",Tree Removal,51
"220465",Tree Trim,75
"220342",Tree Trim,76
"220535",Tree Removal,51
"220279",Tree Trim,75
"220331",Tree Removal,51
"220183",Tree Removal,51
"220473",Tree Removal,51
"220463",Tree Trim,75
"220521",Tree Trim,75
"220522",Tree Trim,75
"220553",Tree Removal,51
"220297",Tree Trim,75
"220543",Tree Removal,51
"220562",Tree Trim,75
"220573",Tree Trim,75
"220539",Tree Trim,75
"220549",Tree Trim,75
"220528",Tree Trim,75
"220536",Tree Trim,75
,Tree Trim,
,Tree Removal,
"220624",Tree Trim,75
"220628",Tree Trim,75
"220631",Tree Trim,75
"220620",Tree Removal,51
"220640",Tree Removal,51
"220584",Tree Removal,51
"220623",Tree Removal,51
"220470",Tree Trim,75
"220531",Tree Removal,51
"220533",Tree Trim,75
"220503",Tree Trim,75
"220597",Tree Trim,75
"220524",Tree Removal,51
"220587",Tree Removal,51
"220364",Tree Trim,75
"220632",Tree Removal,51
"220585",Tree Trim,75
"220648",Tree Removal,51
"220506",Tree Trim,75
"220586",Tree Removal,51
"220596",Tree Trim,75
"220654",Tree Trim,75
"220558",Tree Removal,51
,Tree Trim,
"220660",Tree Trim,75
"220661",Tree Trim,75
"220544",Tree Removal,51
"220665",Tree Trim,75
"220664",Tree Trim,75
"220677",Tree Trim,75
"220556",Tree Trim,75
"220663",Tree Trim,75
"220711",Tree Removal,51
"220754",Tree Removal,51
"220653",Tree Removal,51
"220493",Tree Trim,75
"220697",Tree Trim,75
"220639",Tree Removal,51
"220644",Tree Removal,51
"220280",Tree Removal,51
"220700",Tree Removal,51
"220710",Tree Removal,51
"220778",Tree Removal,51
"220674",Tree Trim,75
"220722",Tree Trim,75
"220595",Tree Trim,75
"220655",Tree Removal,51
"220581",Tree Trim,75
"220636",Tree Trim,75
"220684",Tree Trim,75
"220846",Tree Removal,51
"220849",Tree Removal,51
"220827",Tree Removal,51
"220857",Tree Trim,75
"220721",Tree Trim,75
"220798",Tree Removal,51
"220820",Tree Removal,51
"220765",Tree Trim,75
"220852",Tree Trim,75
"220770",Tree Trim,75
"220789",Tree Trim,75
"221195",Tree Removal,51
"220854",Tree Trim,75
"220794",Tree Trim,75
"220850",Tree Trim,75
"220723",Tree Removal,51
"220830",Tree Trim,75
"220884",Tree Trim,75
"220923",Tree Trim,75
"220892",Tree Removal,51
"220802",Tree Trim,75
"220667",Tree Removal,51
"220876",Tree Removal,51
,Tree Removal,
,Tree Removal,
"220831",Tree Removal,51
"220805",Tree Trim,75
"220784",Tree Trim,75
"220848",Tree Removal,51
"220395",Tree Removal,51
"220769",Tree Trim,75
"220935",Tree Removal,51
"220904",Tree Removal,51
"220815",Tree Trim,75
"220880",Tree Removal,51
"220851",Tree Removal,51
"220863",Tree Trim,75
"220881",Tree Trim,75
"220855",Tree Removal,51
"220883",Tree Removal,51
"220819",Tree Trim,75
"220886",Tree Removal,54
"220944",Tree Trim,75
"220795",Tree Trim,75
"220897",Tree Removal,51
"220879",Tree Trim,75
"220948",Tree Removal,51
"220865",Tree Trim,75
"220839",Tree Trim,75
"220823",Tree Removal,51
"220993",Tree Removal,51
"220866",Tree Removal,51
"220889",Tree Trim,75
"221016",Tree Trim,75
"221023",Tree Stump Grinding,116
"221188",Tree Trim,75
"221003",Tree Trim,75
"221021",Tree Trim,75
"221002",Tree Removal,51
"220962",Tree Trim,75
"220963",Tree Trim,75
"221010",Tree Removal,51
"220900",Tree Trim,75
"220934",Tree Trim,75
"220939",Tree Removal,51
"220828",Tree Trim,75
"220952",Tree Trim,75
"221029",Tree Trim,75
"220901",Tree Removal,51
"220800",Tree Trim,75
"220922",Tree Trim,75
"221055",Tree Removal,51
"221050",Tree Trim,75
,Tree Stump Grinding,
,Tree Trim,
,Tree Removal,
,Tree Removal,
"221068",Tree Trim,75
"221045",Tree Trim,75
"221037",Tree Trim,75
"221030",Tree Removal,51
"221066",Tree Trim,75
"221052",Tree Trim,75
"221078",Tree Removal,51
"221051",Tree Trim,75
"220994",Tree Trim,75
"220996",Tree Trim,75
"221065",Tree Trim,75
"221129",Tree Removal,51
"220847",Tree Removal,51
"221084",Tree Trim,75
"221127",Tree Trim,75
"221046",Tree Trim,75
"221035",Tree Removal,51
"221058",Tree Removal,51
"221026",Tree Removal,51
"221107",Tree Trim,75
"221095",Tree Trim,75
"221094",Tree Trim,75
"221076",Tree Trim,75
"221057",Tree Trim,75
"221034",Tree Trim,80
"220862",Tree Trim,75
"220787",Tree Trim,75
"221102",Tree Trim,75
"221043",Tree Removal,51
"221096",Tree Trim,75
"221056",Tree Trim,75
"221070",Tree Trim,75
"221032",Tree Trim,75
"221164",Tree Removal,51
"221159",Tree Removal,51
"220921",Tree Trim,75
"221126",Tree Trim,75
"221099",Tree Removal,51
"221122",Tree Trim,75
"221208",Tree Trim,75
"221163",Tree Trim,75
"221125",Tree Removal,51
"221211",Tree Trim,75
"221220",Tree Trim,75
"221267",Tree Trim,75
"221162",Tree Trim,75
"221153",Tree Trim,75
"221147",Tree Trim,75
"221082",Tree Trim,75
"221174",Tree Trim,75
"221148",Tree Removal,51
"221103",Tree Removal,51
"221006",Tree Trim,75
"221203",Tree Removal,51
"221230",Tree Trim,75
"221242",Tree Removal,51
"221254",Tree Trim,75
"221053",Tree Trim,75
"221128",Tree Trim,75
"221036",Tree Trim,75
"221198",Tree Trim,75
"221025",Tree Trim,75
"221171",Tree Trim,75
"221227",Tree Removal,52
"221123",Tree Trim,75
"221202",Tree Trim,75
"221199",Tree Trim,75
"221253",Tree Trim,75
"220502",Tree Trim,75
"221224",Tree Removal,51
"221067",Tree Trim,75
"220843",Tree Trim,75
"221308",Tree Trim,75
"221307",Tree Trim,75
"221300",Tree Trim,75
"221238",Tree Trim,75
"222680",Tree Removal,51
"221304",Tree Trim,75
"221305",Tree Trim,75
"221303",Tree Trim,75
"221301",Tree Stump Grinding,116
"221298",Tree Trim,75
"221281",Tree Removal,51
"221282",Tree Removal,51
"221049",Tree Trim,75
"221291",Tree Trim,75
"221350",Tree Trim,75
"221279",Tree Trim,75
"221351",Tree Removal,51
"221336",Tree Trim,75
"221313",Tree Removal,51
,Tree Stump Grinding,
"221365",Tree Trim,75
"221348",Tree Trim,75
"221344",Tree Trim,75
"221197",Tree Trim,75
"221312",Tree Trim,75
"221286",Tree Removal,51
"221200",Tree Trim,75
"221302",Tree Trim,75
"221277",Tree Trim,75
"221337",Tree Trim,75
"221357",Tree Trim,75
"221360",Tree Trim,75
"221318",Tree Trim,75
"221352",Tree Removal,51
"221232",Tree Removal,51
"221345",Tree Trim,76
"221359",Tree Removal,51
"221358",Tree Removal,51
"221219",Tree Removal,51
"221270",Tree Removal,51
"221378",Tree Removal,51
"221245",Tree Removal,51
"221354",Tree Removal,51
"221393",Tree Removal,51
"221349",Tree Trim,75
"221408",Tree Trim,75
"221390",Tree Removal,51
"221397",Tree Trim,75
"221396",Tree Removal,51
"221392",Tree Trim,75
"221401",Tree Trim,75
"221362",Tree Trim,75
"221356",Tree Removal,51
"221217",Tree Trim,75
"221389",Tree Trim,75
"221214",Tree Removal,51
"221262",Tree Removal,51
"221228",Tree Removal,51
"221156",Tree Removal,51
"211353",Tree Trim,75
"221271",Tree Removal,51
"221384",Tree Trim,75
"221416",Tree Removal,51
"221444",Tree Trim,75
"221399",Tree Trim,75
"221455",Tree Removal,51
"221411",Tree Trim,75
"221383",Tree Removal,51
"221458",Tree Removal,51
"221431",Tree Trim,75
"221424",Tree Removal,51
"221420",Tree Removal,51
"221441",Tree Trim,75
"221413",Tree Trim,75
"221465",Tree Trim,75
"221448",Tree Trim,75
"221494",Tree Stump Grinding,116
"221433",Tree Trim,75
"221402",Tree Trim,75
"221520",Tree Removal,51
"221501",Tree Removal,51
"221379",Tree Removal,51
"221477",Tree Trim,75
"221404",Tree Trim,75
"221449",Tree Trim,75
"221380",Tree Removal,51
"221445",Tree Trim,75
"221677",Tree Trim,75
"221255",Tree Trim,75
"221602",Tree Removal,51
"221576",Tree Removal,51
"221545",Tree Trim,75
"221471",Tree Removal,51
,Tree Removal,
"221533",Tree Trim,75
"221580",Tree Trim,75
"221607",Tree Removal,51
"221599",Tree Removal,51
"221554",Tree Trim,75
"221564",Tree Removal,51
"221603",Tree Trim,75
"221575",Tree Trim,75
"221568",Tree Trim,75
"221565",Tree Removal,51
"221590",Tree Trim,75
"221382",Tree Trim,75
"221611",Tree Trim,75
"221571",Tree Removal,51
"221638",Tree Trim,75
"221539",Tree Trim,75
"221620",Tree Trim,75
"221596",Tree Removal,51
"221682",Tree Trim,75
"221646",Tree Trim,75
"221680",Tree Removal,51
"221666",Tree Trim,75
"221663",Tree Stump Grinding,116
"221640",Tree Trim,75
"221621",Tree Trim,75
"221616",Tree Removal,51
"221422",Tree Trim,75
"221522",Tree Removal,51
"221657",Tree Removal,51
"221647",Tree Trim,75
"221608",Tree Removal,51
"221668",Tree Removal,51
"221718",Tree Removal,51
"221535",Tree Trim,75
"221722",Tree Trim,75
"221692",Tree Trim,75
"221697",Tree Trim,75
"221582",Tree Trim,75
"221502",Tree Removal,51
"221715",Tree Trim,75
"221691",Tree Trim,75
"221702",Tree Removal,51
"221734",Tree Trim,75
"221683",Tree Trim,75
"221713",Tree Removal,51
"221543",Tree Trim,75
"221644",Tree Trim,75
,Tree Trim,
"221685",Tree Trim,75
"221717",Tree Removal,51
"221729",Tree Trim,75
"221626",Tree Planting,25
"221699",Tree Trim,75
"220316",Tree Trim,75
"221619",Tree Removal,51
"221696",Tree Trim,75
"221785",Tree Removal,51
"221708",Tree Trim,75
"221681",Tree Trim,75
"221719",Tree Trim,75
"221744",Tree Trim,75
"221723",Tree Trim,75
"221783",Tree Removal,51
"221754",Tree Removal,51
"221635",Tree Trim,75
"221803",Tree Removal,51
"221798",Tree Trim,75
"221805",Tree Removal,51
"221762",Tree Removal,51
"221808",Tree Trim,75
"221820",Tree Removal,51
"221735",Tree Trim,75
,Tree Trim,
,Tree Planting,
"221721",Tree Removal,51
"221714",Tree Removal,51
"221800",Tree Removal,51
"221824",Tree Trim,75
"221760",Tree Trim,75
"221817",Tree Trim,75
"221813",Tree Removal,51
"221818",Tree Trim,75
"221807",Tree Removal,51
"221830",Tree Trim,75
"221659",Tree Trim,75
"221829",Tree Trim,75
"221790",Tree Trim,75
"221781",Tree Removal,51
"221860",Tree Removal,51
"221850",Tree Trim,75
"221846",Tree Trim,75
"221854",Tree Trim,75
"221872",Tree Trim,75
"221852",Tree Trim,75
"221791",Tree Removal,51
"221884",Tree Trim,75
,Tree Trim,
"221879",Tree Removal,51
"221896",Tree Trim,75
"221865",Tree Trim,75
"221873",Tree Trim,75
"221880",Tree Removal,51
"221893",Tree Removal,51
"221881",Tree Trim,75
"221869",Tree Removal,51
"221835",Tree Stump Grinding,116
"221921",Tree Removal,51
"221903",Tree Trim,75
"221905",Tree Trim,75
"221918",Tree Trim,75
"221916",Tree Trim,75
"221920",Tree Trim,75
"221895",Tree Trim,75
"221853",Tree Removal,51
"221914",Tree Trim,75
"221904",Tree Trim,75
"221898",Tree Trim,75
"221907",Tree Trim,75
"221950",Tree Trim,75
"221900",Tree Trim,75
"221978",Tree Trim,75
"221984",Tree Removal,51
"221976",Tree Removal,51
"221974",Tree Removal,51
"221981",Tree Removal,51
"221956",Tree Trim,75
"221986",Tree Trim,75
"221958",Tree Removal,51
"221936",Tree Trim,75
"221963",Tree Trim,75
"221967",Tree Removal,51
"221951",Tree Removal,51
"221915",Tree Trim,75
"221934",Tree Trim,75
"221953",Tree Trim,75
"221955",Tree Trim,75
"221952",Tree Trim,75
"221968",Tree Trim,75
"221993",Tree Trim,75
"221928",Tree Trim,75
"221994",Tree Trim,75
"222010",Tree Trim,75
"222013",Tree Trim,75
"221995",Tree Removal,51
"221919",Tree Removal,51
"221996",Tree Removal,51
"222007",Tree Removal,51
"222000",Tree Removal,51
"222015",Tree Removal,51
"222081",Tree Removal,51
"222063",Tree Removal,51
"222005",Tree Trim,75
"222053",Tree Trim,75
"221992",Tree Trim,75
"222049",Tree Trim,75
"222082",Tree Trim,75
"222076",Tree Trim,75
"222052",Tree Trim,75
"222084",Tree Removal,51
"222048",Tree Trim,75
"222078",Tree Trim,75
"222072",Tree Trim,75
"222073",Tree Trim,75
"222077",Tree Trim,75
"222142",Tree Trim,75
"221797",Tree Trim,76
"222061",Tree Planting,25
"222140",Tree Trim,75
"222095",Tree Trim,75
"222018",Tree Trim,75
,Tree Removal,
"222127",Tree Removal,51
"222106",Tree Removal,51
"222144",Tree Trim,75
"222146",Tree Trim,75
"222245",Tree Removal,51
"222112",Tree Trim,75
"222120",Tree Trim,75
"220942",Tree Trim,75
"222101",Tree Removal,51
"222121",Tree Trim,75
"222093",Tree Trim,75
"222094",Tree Trim,75
"222103",Tree Trim,75
"222188",Tree Removal,51
"222105",Tree Trim,75
"222162",Tree Trim,75
"222125",Tree Removal,51
"222104",Tree Trim,75
"222069",Tree Trim,75
"222141",Tree Removal,51
"222150",Tree Trim,75
"222186",Tree Removal,51
"222560",Tree Trim,75
"222148",Tree Trim,75
,Tree Trim,
,Tree Trim,
"222178",Tree Trim,75
"222207",Tree Trim,75
"222176",Tree Removal,51
"222149",Tree Trim,75
"222170",Tree Removal,51
"222168",Tree Removal,51
"222190",Tree Trim,75
"222164",Tree Trim,75
"222235",Tree Trim,75
"222228",Tree Trim,75
"222193",Tree Removal,51
"222134",Tree Trim,75
"222198",Tree Removal,51
"222237",Tree Removal,51
"222244",Tree Trim,75
"222246",Tree Removal,51
"222210",Tree Removal,51
"222218",Tree Removal,51
"222362",Tree Trim,75
"222221",Tree Code Violation,52
"222175",Tree Trim,75
"222238",Tree Trim,75
"220583",Tree Removal,51
"222287",Tree Trim,75
"222289",Tree Trim,75
"222276",Tree Removal,51
"222274",Tree Trim,75
"222268",Tree Removal,51
"222290",Tree Trim,75
"222280",Tree Trim,75
"222306",Tree Trim,75
"222282",Tree Trim,75
"222275",Tree Removal,51
"222312",Tree Trim,75
"222346",Tree Removal,51
"222305",Tree Trim,75
"222332",Tree Removal,51
"222336",Tree Trim,75
"222334",Tree Trim,75
"222322",Tree Trim,75
"222341",Tree Trim,75
"222419",Tree Removal,51
"222270",Tree Trim,75
"222226",Tree Trim,75
"222349",Tree Trim,75
"222368",Tree Removal,51
"222343",Tree Removal,51
"222339",Tree Trim,75
"222426",Tree Removal,51
"222417",Tree Trim,75
"222412",Tree Trim,75
"222383",Tree Removal,51
"222224",Tree Trim,75
"222407",Tree Trim,75
"222401",Tree Trim,75
"222374",Tree Trim,75
"222403",Tree Removal,51
"222462",Tree Removal,51
"222327",Tree Removal,51
"222466",Tree Removal,51
"222402",Tree Trim,75
"222397",Tree Removal,51
"222442",Tree Trim,75
"222394",Tree Trim,75
"222437",Tree Trim,75
"222465",Tree Trim,75
"222444",Tree Removal,51
"222400",Tree Trim,75
"222413",Tree Removal,51
"222458",Tree Stump Grinding,116
"222429",Tree Removal,51
"222447",Tree Trim,75
"222440",Tree Trim,75
"222486",Tree Removal,51
"222420",Tree Trim,75
"222470",Tree Removal,51
"222415",Tree Trim,75
"222445",Tree Trim,75
"222414",Tree Removal,51
"222399",Tree Removal,51
"222510",Tree Removal,51
"222506",Tree Trim,75
"222517",Tree Trim,75
"222483",Tree Trim,75
"222499",Tree Trim,75
"222480",Tree Trim,75
"222488",Tree Trim,75
"222514",Tree Trim,75
"222493",Tree Trim,77
"222609",Tree Removal,51
"222545",Tree Trim,75
"222474",Tree Removal,51
"222512",Tree Trim,75
"222540",Tree Trim,75
"222552",Tree Trim,75
"221906",Tree Trim,75
"222471",Tree Trim,75
"222505",Tree Trim,75
"222472",Tree Stump Grinding,116
"222583",Tree Removal,54
"222561",Tree Removal,51
"222543",Tree Removal,51
"222601",Tree Trim,75
"222515",Tree Removal,51
"222572",Tree Removal,51
"222554",Tree Trim,75
"222605",Tree Trim,75
"222546",Tree Trim,75
"222623",Tree Trim,75
"222621",Tree Trim,75
"222610",Tree Stump Grinding,116
"222637",Tree Trim,75
"222555",Tree Trim,75
"222580",Tree Removal,51
"222600",Tree Trim,75
"222627",Tree Removal,51
"222594",Tree Trim,75
"222643",Tree Trim,75
"222679",Tree Removal,51
"222687",Tree Removal,51
"222690",Tree Removal,51
"222604",Tree Trim,75
"222684",Tree Removal,51
"222652",Tree Removal,51
"222651",Tree Removal,51
"222672",Tree Trim,75
"222628",Tree Removal,51
"222702",Tree Trim,75
"222695",Tree Trim,75
"222747",Tree Removal,51
"222755",Tree Trim,75
"222720",Tree Removal,51
"222740",Tree Trim,75
"222728",Tree Trim,75
"222753",Tree Trim,75
"222713",Tree Trim,75
"222660",Tree Trim,75
"222726",Tree Trim,75
"222685",Tree Trim,75
"222498",Tree Removal,51
"222673",Tree Trim,75
"222751",Tree Trim,75
"222665",Tree Trim,75
"222741",Tree Trim,75
"222663",Tree Trim,75
"222716",Tree Removal,51
"218018",Tree Removal,51
,Tree Removal,
"222764",Tree Trim,75
"222732",Tree Trim,75
"222745",Tree Removal,51
"222658",Tree Removal,51
"222730",Tree Removal,51
"222799",Tree Removal,51
"222688",Tree Removal,51
"222807",Tree Removal,51
"221618",Tree Trim,75
"222769",Tree Trim,75
"222797",Tree Removal,51
"222666",Tree Trim,75
"222805",Tree Trim,75
"222776",Tree Trim,75
"222792",Tree Trim,75
"222796",Tree Trim,75
"222698",Tree Trim,75
"222735",Tree Trim,75
"222593",Tree Removal,51
"222710",Tree Removal,51
"222742",Tree Trim,75
"222632",Tree Trim,75
"222768",Tree Trim,75
"222653",Tree Trim,75
"222752",Tree Trim,75
"222779",Tree Removal,51
"222780",Tree Removal,51
"222678",Tree Removal,51
"222793",Tree Trim,75
"222484",Tree Trim,75
"222670",Tree Trim,75
"222573",Tree Trim,75
"222833",Tree Trim,75
"222828",Tree Trim,75
"222816",Tree Removal,51
"222705",Tree Trim,75
"222821",Tree Removal,51
"222756",Tree Trim,75
"222721",Tree Trim,75
"222837",Tree Trim,75
"222835",Tree Trim,75
"222845",Tree Removal,51
"222719",Tree Trim,75
"222757",Tree Trim,75
"222746",Tree Removal,51
"222844",Tree Removal,51
"222846",Tree Trim,75
"222778",Tree Trim,75
"222682",Tree Removal,51
"222791",Tree Trim,75
"222649",Tree Removal,51
"222714",Tree Trim,75
"222675",Tree Trim,75
"222823",Tree Trim,75
"222051",Tree Planting,25
"222194",Tree Planting,25
"209670",Tree Removal,51
"218194",Tree Stump Grinding,116
"220630",Tree Removal,51
,Tree Stump Grinding,
,Tree Removal,
,Tree Stump Grinding,
,Tree Stump Grinding,
,Tree Trim,
,Tree Removal,
,Tree Trim,
,Tree Stump Grinding,
,Tree Trim,
,Tree Stump Grinding,
,Tree Trim,
,Tree Removal,
,Tree Trim,
,Tree Planting,
,Tree Trim,
,Tree Trim,
,Tree Planting,
,Tree Trim,
,Tree Trim,
,Tree Removal,
,Tree Trim,
,Tree Trim,
,Tree Stump Grinding,
,Tree Stump Grinding,
,Tree Removal,
,Tree Trim,
,Tree Planting,
,Tree Removal,
,Tree Stump Grinding,14
,Tree Removal,
,Tree Stump Grinding,
,Tree Removal,
,Tree Trim,
,Tree Removal,
,Tree Trim,
,Tree Removal,15
,Tree Removal,
,Tree Removal,
,Tree Removal,
,Tree Removal,
,Tree Removal,
,Tree Removal,
,Tree Stump Grinding,
,Tree Trim,
,Tree Removal,
,Tree Trim,
"211018",Tree Trim,75
,Tree Removal,
,Tree Removal,
,Tree Removal,
,Tree Trim,
,Tree Removal,
,Tree Removal,4
,Tree Removal,
,Tree Removal,
,Tree Removal,
,Tree Removal,
,Tree Removal,
,Tree Removal,
,Tree Removal,
,Tree Removal,
,Tree Removal,
,Tree Trim,
,Tree Removal,
,Tree Removal,
,Tree Removal,
,Tree Code Violation,
,Tree Removal,
,Tree Trim,
,Tree Removal,
,Tree Removal,
,Tree Trim,
,Tree Removal,51
,Tree Trim,
,Tree Trim,
,Tree Trim,
,Tree Removal,
,Tree Removal,
,Tree Planting,
,Tree Removal,
,Tree Removal,
,Tree Removal,
,Tree Trim,
,Tree Removal,
,Tree Removal,
,Tree Trim,
,Tree Removal,
,Tree Removal,
,Tree Removal,
,Tree Removal,
,Tree Removal,
,Tree Trim,
,Tree Removal,
,Tree Trim,
,Tree Removal,
,Tree Trim,
,Tree Removal,
,Tree Removal,
,Tree Removal,
,Tree Trim,
,Tree Removal,
,Tree Trim,
,Tree Removal,
,Tree Trim,
,Tree Removal,
,Tree Removal,
,Tree Trim,
,Tree Removal,51
,Tree Removal,
,Tree Removal,
,Tree Removal,
,Tree Stump Grinding,
,Tree Removal,
,Tree Trim,
,Tree Trim,
,Tree Stump Grinding,
,Tree Trim,
,Tree Removal,
,Tree Trim,
,Tree Trim,
,Tree Stump Grinding,
,Tree Trim,
,Tree Trim,
,Tree Code Violation,
,Tree Removal,
,Tree Trim,
,Tree Removal,
,Tree Trim,
,Tree Removal,51
,Tree Removal,51
,Tree Trim,75
,Tree Removal,51
,Tree Trim,75
,Tree Trim,75
,Tree Removal,51
,Tree Trim,75
,Tree Removal,51
,Tree Trim,
"222557",Tree Removal,51
,Tree Stump Grinding,
"221732",Tree Trim,75
,Tree Code Violation,
,Tree Trim,
,Tree Removal,
,Tree Removal,
,Tree Removal,
,Tree Stump Grinding,
,Tree Trim,
,Tree Removal,
,Tree Trim,
,Tree Stump Grinding,
,Tree Trim,
"221005",Tree Removal,51
,Tree Trim,
,Tree Trim,
,Tree Removal,
,Tree Removal,
,Tree Stump Grinding,
,Tree Stump Grinding,
,Tree Stump Grinding,
,Tree Removal,
,Tree Removal,
,Tree Trim,
"219597",Tree Removal,51
,Tree Removal,
,Tree Stump Grinding,
,Tree Code Violation,
,Tree Stump Grinding,
,Tree Removal,
,Tree Stump Grinding,
,Tree Trim,
,Tree Removal,
"176968",Tree Removal,51
"176967",Tree Trim,75
"176966",Tree Trim,75
"176965",Tree Removal,51
"176964",Tree Removal,51
"176963",Tree Removal,51
"176961",Tree Trim,75
"176959",Tree Removal,51
"176958",Tree Removal,51
"176957",Tree Removal,51
"176956",Tree Removal,51
"176948",Tree Code Violation,52
"176947",Tree Trim,75
"176944",Tree Removal,51
"176943",Tree Removal,51
"176941",Tree Trim,75
"176930",Tree Removal,51
"176929",Tree Removal,51
"176928",Tree Removal,51
"176927",Tree Trim,75
"176926",Tree Trim,75
"176921",Tree Removal,51
"176919",Tree Code Violation,52
"176917",Tree Trim,75
"176908",Tree Removal,51
"176907",Tree Trim,75
"176902",Tree Trim,75
"176900",Tree Removal,51
"176891",Tree Trim,75
"176890",Tree Removal,51
"176886",Tree Removal,51
"176885",Tree Removal,51
"181232",Tree Trim,75
"176883",Tree Removal,51
"176882",Tree Removal,51
"176880",Tree Trim,75
"176879",Tree Trim,75
"176878",Tree Trim,75
"176875",Tree Trim,75
"176874",Tree Trim,75
"176873",Tree Removal,51
"176861",Tree Trim,75
"176856",Tree Code Violation,52
"176851",Tree Trim,75
"176849",Tree Removal,51
"176848",Tree Removal,51
"176839",Tree Removal,51
"176835",Tree Trim,75
"176831",Tree Removal,51
"176822",Tree Removal,51
"176818",Tree Trim,75
"176817",Tree Trim,75
"176816",Tree Trim,75
"176804",Tree Removal,51
"176803",Tree Trim,75
"176791",Tree Trim,75
"176790",Tree Removal,51
"176787",Tree Removal,51
"176786",Tree Removal,51
"176785",Tree Trim,75
"176783",Tree Planting,25
"176782",Tree Removal,51
"176781",Tree Removal,51
"176780",Tree Trim,75
"176774",Tree Removal,51
"176772",Tree Removal,51
"176768",Tree Removal,51
"176764",Tree Trim,75
"176759",Tree Trim,75
"176753",Tree Removal,51
"176746",Tree Trim,75
"176734",Tree Trim,75
"176733",Tree Trim,75
"176732",Tree Trim,75
"176729",Tree Trim,75
"176730",Tree Trim,75
"176728",Tree Trim,75
"176727",Tree Trim,75
"176726",Tree Trim,75
"176724",Tree Trim,75
"176722",Tree Removal,51
"176721",Tree Trim,75
"176707",Tree Trim,75
"176705",Tree Removal,51
"176699",Tree Trim,75
"176687",Tree Trim,75
"176668",Tree Trim,75
"176663",Tree Trim,75
"176662",Tree Trim,75
"176660",Tree Trim,75
"176655",Tree Trim,75
"176653",Tree Trim,75
"176647",Tree Removal,51
"176645",Tree Trim,75
"176641",Tree Trim,75
"176639",Tree Removal,51
"176638",Tree Code Violation,52
"176635",Tree Removal,51
"176626",Tree Trim,75
"176625",Tree Trim,75
"176624",Tree Trim,75
"176620",Tree Trim,75
"176618",Tree Trim,75
"176617",Tree Removal,51
"176612",Tree Removal,51
"176611",Tree Removal,51
"176606",Tree Removal,51
"176603",Tree Trim,75
"176602",Tree Stump Grinding,116
"176599",Tree Removal,51
"176591",Tree Trim,75
"176590",Tree Trim,75
"176586",Tree Removal,51
"176583",Tree Trim,75
"176575",Tree Trim,75
"176560",Tree Trim,75
"176549",Tree Removal,51
"176543",Tree Trim,75
"176536",Tree Planting,25
"176534",Tree Trim,75
"176531",Tree Removal,51
"176516",Tree Removal,51
"176505",Tree Trim,75
"176503",Tree Removal,51
"176499",Tree Trim,75
"176494",Tree Trim,75
"176492",Tree Trim,75
"176491",Tree Trim,75
"176484",Tree Trim,75
"176483",Tree Trim,75
"176482",Tree Trim,75
"176480",Tree Trim,75
"176478",Tree Trim,75
"176476",Tree Trim,75
"176475",Tree Removal,51
"176468",Tree Trim,75
"176457",Tree Trim,75
"176447",Tree Removal,51
"176443",Tree Trim,75
"176442",Tree Trim,75
"176440",Tree Removal,51
"176436",Tree Trim,75
"176431",Tree Removal,51
"176430",Tree Removal,51
"176427",Tree Code Violation,52
"176423",Tree Removal,51
"176422",Tree Trim,75
"176410",Tree Trim,75
"176409",Tree Removal,51
"176401",Tree Trim,75
"176400",Tree Trim,75
"176399",Tree Removal,51
"176396",Tree Trim,75
"176391",Tree Trim,75
"176389",Tree Stump Grinding,116
"176386",Tree Removal,51
"176377",Tree Trim,75
"176376",Tree Removal,51
"176375",Tree Trim,75
"176374",Tree Removal,51
"176372",Tree Trim,75
"176370",Tree Removal,51
"176363",Tree Trim,75
"176360",Tree Trim,75
"176356",Tree Trim,75
"176355",Tree Trim,75
"176348",Tree Trim,75
"176346",Tree Trim,75
"176338",Tree Code Violation,52
"176337",Tree Trim,75
"176331",Tree Trim,75
"176324",Tree Removal,51
"176361",Tree Stump Grinding,116
"176320",Tree Trim,75
"176319",Tree Removal,51
"176318",Tree Trim,75
"176317",Tree Trim,75
"176316",Tree Trim,75
"176314",Tree Trim,75
"176312",Tree Removal,51
"176306",Tree Trim,75
"176305",Tree Trim,75
"176297",Tree Trim,75
"176295",Tree Trim,75
"176289",Tree Trim,75
"176288",Tree Removal,51
"176287",Tree Trim,75
"176283",Tree Removal,51
"176282",Tree Trim,75
"176281",Tree Removal,51
"176280",Tree Trim,75
"176279",Tree Trim,75
"176278",Tree Trim,75
"176277",Tree Trim,75
"176276",Tree Trim,75
"176274",Tree Trim,75
"176273",Tree Trim,75
"176272",Tree Removal,51
"176271",Tree Removal,51
"176270",Tree Trim,75
"176269",Tree Removal,51
"176253",Tree Trim,75
"176252",Tree Trim,75
"176251",Tree Trim,75
"176244",Tree Trim,75
"176240",Tree Trim,75
"176239",Tree Trim,75
"176237",Tree Removal,51
"176235",Tree Removal,51
"176234",Tree Trim,75
"176233",Tree Trim,75
"176232",Tree Trim,75
"176231",Tree Trim,75
"176230",Tree Trim,75
"176229",Tree Removal,51
"176228",Tree Trim,75
"176227",Tree Trim,75
"176226",Tree Trim,75
"176224",Tree Trim,75
"176223",Tree Trim,75
"176222",Tree Trim,75
"176220",Tree Trim,75
"176219",Tree Trim,75
"176216",Tree Trim,75
"176214",Tree Trim,75
"176213",Tree Planting,25
"176212",Tree Trim,75
"176211",Tree Trim,75
"176206",Tree Stump Grinding,116
"176205",Tree Removal,51
"176204",Tree Removal,51
"176203",Tree Trim,75
"176200",Tree Trim,75
"176199",Tree Removal,51
"176195",Tree Trim,75
"176193",Tree Removal,51
"176192",Tree Removal,51
"176191",Tree Trim,75
"176189",Tree Trim,75
"176190",Tree Trim,75
"176187",Tree Trim,75
"176181",Tree Trim,75
"176180",Tree Trim,75
"176176",Tree Removal,51
"176173",Tree Removal,51
"176167",Tree Trim,75
"176164",Tree Removal,51
"176162",Tree Trim,75
"176163",Tree Trim,75
"176161",Tree Trim,75
"176158",Tree Code Violation,52
"176155",Tree Trim,75
"176154",Tree Trim,75
"176150",Tree Trim,75
"176149",Tree Trim,75
"176147",Tree Trim,75
"176146",Tree Trim,75
"176144",Tree Removal,51
"176142",Tree Trim,75
"176140",Tree Trim,75
"176137",Tree Removal,51
"176135",Tree Trim,75
"176131",Tree Trim,75
"176130",Tree Trim,75
"176126",Tree Removal,51
"176122",Tree Trim,75
"176112",Tree Removal,51
"176111",Tree Removal,51
"176110",Tree Removal,51
"176109",Tree Trim,75
"176108",Tree Trim,75
"176101",Tree Trim,75
"176100",Tree Trim,75
"176099",Tree Trim,75
"176096",Tree Removal,51
"176089",Tree Trim,75
"176088",Tree Trim,75
"176085",Tree Trim,75
"176074",Tree Removal,51
"176072",Tree Trim,75
"176070",Tree Trim,75
"176069",Tree Trim,75
"176067",Tree Removal,51
"176066",Tree Trim,75
"176062",Tree Removal,51
"176061",Tree Trim,75
"176059",Tree Trim,75
"176053",Tree Removal,51
"176050",Tree Trim,75
"176044",Tree Trim,75
"176043",Tree Trim,75
"176041",Tree Removal,51
"176040",Tree Planting,25
"176039",Tree Trim,75
"358069",Tree Trim,75
"176025",Tree Removal,51
"176022",Tree Removal,51
"176012",Tree Trim,75
"176010",Tree Removal,51
"176009",Tree Removal,51
"176006",Tree Removal,51
"176003",Tree Removal,51
"176000",Tree Code Violation,52
"175988",Tree Removal,51
"175980",Tree Removal,51
"175977",Tree Removal,51
"175976",Tree Trim,75
"175975",Tree Removal,51
"175972",Tree Trim,75
"175969",Tree Trim,75
"175965",Tree Code Violation,52
"175964",Tree Removal,51
"175963",Tree Removal,51
"175961",Tree Trim,75
"175960",Tree Trim,75
"175954",Tree Removal,51
"175950",Tree Trim,75
"175948",Tree Trim,75
"175947",Tree Trim,75
"175946",Tree Trim,75
"175945",Tree Trim,75
"175944",Tree Trim,75
"175942",Tree Removal,51
"175940",Tree Code Violation,52
"175939",Tree Trim,75
"175938",Tree Trim,75
"175928",Tree Trim,75
"175927",Tree Trim,75
"175924",Tree Removal,51
"175921",Tree Trim,75
"175920",Tree Removal,51
"175918",Tree Trim,75
"175917",Tree Trim,75
"175916",Tree Removal,51
"175914",Tree Trim,75
"175911",Tree Trim,75
"175910",Tree Trim,75
"175909",Tree Trim,75
"175908",Tree Trim,75
"175907",Tree Trim,75
"175906",Tree Trim,75
"175902",Tree Trim,75
"175899",Tree Trim,75
"175895",Tree Trim,75
"175893",Tree Removal,51
"175890",Tree Trim,75
"175889",Tree Trim,75
"175883",Tree Trim,75
"175882",Tree Trim,75
"175874",Tree Trim,75
"175870",Tree Stump Grinding,116
"175869",Tree Removal,51
"175868",Tree Removal,51
"175867",Tree Removal,51
"175866",Tree Trim,75
"175865",Tree Removal,51
"175850",Tree Removal,51
"175844",Tree Trim,75
"175843",Tree Trim,75
"175838",Tree Trim,75
"175807",Tree Trim,75
"175806",Tree Removal,51
"175805",Tree Code Violation,52
"175801",Tree Trim,75
"175800",Tree Trim,74
"175796",Tree Trim,75
"175794",Tree Trim,75
"175787",Tree Trim,75
"175784",Tree Trim,74
"175783",Tree Removal,51
"175777",Tree Trim,75
"175775",Tree Removal,51
"175768",Tree Trim,75
"175760",Tree Removal,51
"175755",Tree Removal,51
"170994",Tree Trim,75
"175754",Tree Trim,75
"175753",Tree Removal,51
"175752",Tree Removal,51
"175747",Tree Trim,75
"175745",Tree Removal,51
"175746",Tree Removal,51
"175744",Tree Trim,75
"175740",Tree Trim,75
"175738",Tree Removal,51
"175736",Tree Removal,51
"175726",Tree Removal,51
"175714",Tree Trim,75
"175701",Tree Trim,75
"175687",Tree Trim,75
"175683",Tree Trim,75
"175682",Tree Removal,51
"175679",Tree Trim,75
"175672",Tree Trim,75
"175670",Tree Trim,75
"175667",Tree Trim,75
"175666",Tree Removal,51
"175663",Tree Stump Grinding,116
"175661",Tree Trim,75
"175660",Tree Trim,75
"175659",Tree Trim,75
"175657",Tree Removal,51
"175658",Tree Removal,51
"175654",Tree Trim,75
"175648",Tree Removal,51
"175644",Tree Trim,75
"175643",Tree Removal,51
"175640",Tree Trim,75
"175635",Tree Trim,75
"175631",Tree Removal,51
"175630",Tree Trim,75
"175632",Tree Planting,25
"175626",Tree Removal,51
"175625",Tree Removal,51
"175608",Tree Trim,75
"175603",Tree Trim,75
"175602",Tree Trim,75
"175598",Tree Trim,75
"175596",Tree Removal,51
"175595",Tree Removal,51
"175594",Tree Removal,51
"175593",Tree Trim,75
"175589",Tree Trim,75
"175587",Tree Trim,75
"175586",Tree Trim,75
"175579",Tree Trim,75
"175570",Tree Trim,75
"175569",Tree Removal,51
"175568",Tree Removal,51
"175567",Tree Trim,75
"175561",Tree Removal,51
"175559",Tree Stump Grinding,116
"175555",Tree Trim,
"175553",Tree Removal,51
"175550",Tree Removal,51
"175545",Tree Removal,51
"175537",Tree Trim,75
"175536",Tree Trim,75
"175534",Tree Trim,75
"175533",Tree Trim,75
"175532",Tree Removal,51
"175531",Tree Removal,51
"175529",Tree Trim,75
"175527",Tree Removal,51
"175526",Tree Removal,51
"175522",Tree Trim,75
"175520",Tree Removal,51
"175519",Tree Trim,75
"175515",Tree Stump Grinding,116
"175512",Tree Trim,75
"175511",Tree Trim,75
"175510",Tree Removal,51
"175508",Tree Removal,51
"175503",Tree Trim,75
"175501",Tree Removal,50
"175498",Tree Trim,75
"175497",Tree Removal,51
"175496",Tree Trim,75
"175495",Tree Stump Grinding,116
"175494",Tree Removal,51
"175493",Tree Removal,51
"175491",Tree Trim,75
"175488",Tree Trim,75
"175484",Tree Trim,75
"175483",Tree Removal,51
"175481",Tree Removal,51
"175477",Tree Trim,75
"175471",Tree Code Violation,52
"175468",Tree Trim,75
"175465",Tree Removal,51
"175451",Tree Removal,51
"175445",Tree Trim,75
"175443",Tree Trim,75
"175439",Tree Removal,51
"175438",Tree Trim,75
"175437",Tree Removal,51
"175436",Tree Trim,75
"175433",Tree Removal,51
"175424",Tree Removal,51
"175418",Tree Trim,75
"175413",Tree Trim,75
"175412",Tree Trim,75
"175410",Tree Removal,51
"175407",Tree Trim,75
"175403",Tree Trim,75
"175402",Tree Trim,75
"175401",Tree Trim,75
"175399",Tree Removal,51
"175397",Tree Removal,51
"175392",Tree Removal,51
"175385",Tree Trim,75
"175383",Tree Removal,51
"175382",Tree Trim,75
"175381",Tree Trim,75
"175380",Tree Trim,75
"175379",Tree Removal,51
"175378",Tree Removal,51
"175376",Tree Removal,51
"175375",Tree Trim,75
"175373",Tree Trim,75
"357710",Tree Trim,75
"175369",Tree Removal,51
"175364",Tree Trim,75
"175362",Tree Removal,51
"175357",Tree Removal,51
"175355",Tree Removal,51
"175354",Tree Removal,51
"175353",Tree Removal,51
"357707",Tree Trim,74
"175347",Tree Removal,51
"175346",Tree Trim,75
"175345",Tree Removal,51
"175339",Tree Trim,75
"175338",Tree Removal,51
"175337",Tree Trim,75
"175336",Tree Trim,75
"175332",Tree Removal,51
"175330",Tree Removal,51
"175328",Tree Trim,75
"175316",Tree Trim,75
"175314",Tree Trim,75
"175312",Tree Removal,51
"175311",Tree Removal,51
"175309",Tree Trim,75
"175308",Tree Trim,75
"175306",Tree Removal,51
"175302",Tree Trim,75
"175301",Tree Trim,75
"175296",Tree Trim,75
"175293",Tree Trim,75
"175292",Tree Removal,51
"175291",Tree Trim,75
"175288",Tree Trim,75
"175283",Tree Trim,75
"175274",Tree Removal,51
"175273",Tree Removal,51
"175269",Tree Removal,51
"175263",Tree Removal,51
"175253",Tree Trim,75
"175252",Tree Removal,51
"175245",Tree Trim,75
"175244",Tree Trim,75
"175243",Tree Trim,75
"175242",Tree Removal,51
"175220",Tree Trim,75
"175219",Tree Trim,75
"175217",Tree Removal,51
"175212",Tree Trim,75
"175211",Tree Trim,75
"175210",Tree Planting,25
"175209",Tree Removal,51
"175208",Tree Trim,75
"175207",Tree Trim,75
"175205",Tree Trim,75
"175199",Tree Removal,51
"175196",Tree Removal,51
"175194",Tree Trim,75
"175193",Tree Removal,51
"175192",Tree Trim,75
"175188",Tree Removal,51
"175186",Tree Trim,75
"175184",Tree Trim,75
"175183",Tree Removal,51
"175175",Tree Removal,51
"175168",Tree Trim,75
"175166",Tree Trim,75
"175165",Tree Trim,75
"175164",Tree Trim,75
"357599",Tree Trim,75
"170529",Tree Trim,75
"175155",Tree Trim,75
"175148",Tree Trim,75
"175146",Tree Trim,75
"175144",Tree Removal,51
"175143",Tree Trim,75
"175140",Tree Trim,75
"175139",Tree Trim,75
"175137",Tree Trim,75
"175127",Tree Trim,75
"175125",Tree Removal,51
"175122",Tree Trim,75
"175117",Tree Trim,75
"175114",Tree Removal,51
"175111",Tree Code Violation,52
"175107",Tree Trim,75
"175105",Tree Removal,51
"175104",Tree Trim,75
"175103",Tree Removal,51
"175099",Tree Trim,75
"175096",Tree Trim,75
"175094",Tree Removal,51
"175090",Tree Trim,75
"175088",Tree Removal,51
"175086",Tree Removal,51
"357547",Tree Removal,51
"175076",Tree Code Violation,52
"175075",Tree Planting,25
"175067",Tree Trim,75
"175065",Tree Trim,75
"175064",Tree Removal,51
"175062",Tree Removal,51
"175061",Tree Removal,51
"175060",Tree Trim,75
"175059",Tree Trim,75
"175055",Tree Trim,75
"175045",Tree Code Violation,52
"175044",Tree Code Violation,52
"175042",Tree Trim,75
"357528",Tree Trim,75
"357525",Tree Trim,75
"175034",Tree Trim,75
"175030",Tree Trim,75
"175029",Tree Trim,75
"175028",Tree Trim,75
"175023",Tree Code Violation,52
"175021",Tree Removal,51
"175018",Tree Trim,75
"175014",Tree Trim,75
"175012",Tree Trim,75
"175009",Tree Trim,75
"175005",Tree Trim,75
"175004",Tree Trim,75
"175003",Tree Removal,51
"174999",Tree Trim,75
"174998",Tree Trim,75
"174997",Tree Planting,25
"174993",Tree Removal,51
"174991",Tree Trim,75
"174990",Tree Trim,75
"174987",Tree Removal,51
"174986",Tree Trim,75
"174985",Tree Trim,75
"174984",Tree Removal,51
"174983",Tree Removal,51
"174981",Tree Removal,51
"174980",Tree Code Violation,52
"174977",Tree Trim,75
"174975",Tree Removal,51
"174973",Tree Code Violation,52
"174970",Tree Removal,51
"174969",Tree Trim,75
"174966",Tree Trim,75
"174965",Tree Trim,75
"174964",Tree Trim,75
"174963",Tree Trim,75
"174958",Tree Trim,75
"174956",Tree Trim,75
"174953",Tree Trim,75
"357483",Tree Removal,51
"174948",Tree Trim,75
"174946",Tree Trim,75
"174944",Tree Trim,75
"174938",Tree Trim,75
"174937",Tree Removal,51
"174932",Tree Removal,51
"174930",Tree Trim,75
"174927",Tree Removal,51
"174924",Tree Trim,75
"174921",Tree Removal,51
"174920",Tree Trim,75
"174919",Tree Trim,75
"174918",Tree Removal,51
"174917",Tree Trim,75
"174912",Tree Trim,75
"174911",Tree Trim,75
"174910",Tree Trim,75
"174907",Tree Trim,75
"174906",Tree Trim,75
"174902",Tree Trim,75
"174890",Tree Removal,51
"174889",Tree Removal,51
"174888",Tree Trim,75
"174887",Tree Trim,75
"174885",Tree Trim,75
"174884",Tree Trim,75
"174881",Tree Removal,51
"174880",Tree Removal,51
"174878",Tree Removal,51
"174876",Tree Trim,75
"174875",Tree Removal,51
"174873",Tree Trim,75
"174872",Tree Stump Grinding,116
"174871",Tree Removal,51
"174868",Tree Removal,51
"174864",Tree Trim,75
"174863",Tree Code Violation,52
"174862",Tree Trim,75
"174861",Tree Removal,51
"174860",Tree Trim,75
"174857",Tree Removal,51
"174855",Tree Removal,51
"174844",Tree Trim,75
"174842",Tree Trim,75
"174838",Tree Removal,51
"174836",Tree Trim,75
"174831",Tree Removal,51
"174830",Tree Trim,75
"174824",Tree Removal,51
"174820",Tree Trim,75
"174815",Tree Trim,75
"174812",Tree Trim,75
"174811",Tree Trim,75
"174810",Tree Removal,51
"357375",Tree Removal,51
"357372",Tree Removal,51
"174800",Tree Trim,75
"174799",Tree Removal,51
"174798",Tree Trim,75
"174797",Tree Trim,75
"174795",Tree Removal,51
"174793",Tree Removal,51
"174792",Tree Removal,51
"174789",Tree Removal,51
"174787",Tree Removal,51
"174786",Tree Removal,51
"174784",Tree Trim,75
"174780",Tree Removal,51
"174777",Tree Removal,51
"174778",Tree Trim,75
"174776",Tree Removal,51
"174774",Tree Removal,51
"174771",Tree Trim,75
"174770",Tree Removal,51
"174769",Tree Trim,75
"174767",Tree Removal,51
"174761",Tree Trim,75
"174754",Tree Trim,75
"174741",Tree Trim,75
"174740",Tree Removal,51
"174737",Tree Removal,51
"174736",Tree Trim,75
"174733",Tree Trim,75
"174731",Tree Stump Grinding,116
"174730",Tree Trim,75
"174728",Tree Trim,75
"174725",Tree Trim,75
"357312",Tree Removal,51
"174710",Tree Trim,75
"174697",Tree Removal,51
"174694",Tree Trim,75
"174693",Tree Removal,51
"174689",Tree Removal,51
"174688",Tree Removal,51
"174684",Tree Removal,51
"174683",Tree Trim,75
"174682",Tree Trim,75
"174679",Tree Trim,75
"174677",Tree Trim,75
"174676",Tree Trim,75
"174671",Tree Removal,51
"174669",Tree Removal,51
"174667",Tree Trim,75
"174668",Tree Removal,51
"174665",Tree Trim,75
"174657",Tree Trim,75
"174656",Tree Trim,75
"174648",Tree Removal,51
"357274",Tree Trim,75
"174638",Tree Removal,51
"174632",Tree Removal,51
"174631",Tree Trim,75
"174630",Tree Trim,75
"174628",Tree Trim,75
"174624",Tree Removal,51
"174618",Tree Trim,75
"174616",Tree Trim,75
"174610",Tree Trim,75
"174608",Tree Removal,51
"174607",Tree Removal,51
"174606",Tree Removal,51
"174605",Tree Trim,75
"174603",Tree Trim,75
"357240",Tree Trim,75
"357237",Tree Removal,51
"174585",Tree Trim,75
"174583",Tree Trim,75
"174582",Tree Trim,75
"174577",Tree Trim,75
"174578",Tree Trim,75
"174563",Tree Trim,75
"174562",Tree Trim,75
"174560",Tree Trim,75
"174559",Tree Trim,75
"174558",Tree Removal,51
"174556",Tree Trim,75
"174553",Tree Trim,75
"174552",Tree Removal,51
"174549",Tree Trim,75
"357217",Tree Removal,51
"174541",Tree Trim,75
"174540",Tree Trim,75
"174538",Tree Trim,75
"174536",Tree Trim,75
"174531",Tree Removal,51
"174526",Tree Trim,75
"174525",Tree Trim,75
"174524",Tree Trim,75
"174523",Tree Removal,51
"174521",Tree Trim,75
"174515",Tree Trim,75
"174513",Tree Trim,75
"174507",Tree Removal,51
"174506",Tree Trim,75
"174505",Tree Removal,51
"174503",Tree Removal,51
"174502",Tree Removal,51
"174500",Tree Trim,75
"174499",Tree Trim,75
"174498",Tree Trim,75
"174494",Tree Trim,75
"174491",Tree Trim,75
"174485",Tree Removal,51
"174476",Tree Removal,51
"174475",Tree Trim,75
"174474",Tree Trim,75
"174464",Tree Trim,75
"174462",Tree Trim,75
"174461",Tree Trim,75
"174459",Tree Code Violation,52
"174441",Tree Trim,75
"174438",Tree Trim,75
"174433",Tree Trim,75
"174430",Tree Trim,75
"174422",Tree Trim,75
"174413",Tree Trim,75
"174410",Tree Trim,75
"174408",Tree Trim,75
"174405",Tree Trim,75
"174402",Tree Removal,51
"174401",Tree Trim,75
"174400",Tree Trim,75
"174392",Tree Trim,75
"357103",Tree Trim,75
"174381",Tree Removal,51
"174380",Tree Trim,75
"174378",Tree Removal,51
"174377",Tree Trim,75
"174375",Tree Planting,25
"174372",Tree Trim,75
"174370",Tree Trim,75
"174367",Tree Trim,75
"174366",Tree Trim,75
"174357",Tree Removal,51
"174356",Tree Trim,75
"174355",Tree Trim,75
"174353",Tree Removal,51
"174351",Tree Removal,51
"174350",Tree Removal,51
"174349",Tree Trim,75
"174348",Tree Removal,51
"174347",Tree Removal,51
"174346",Tree Trim,75
"174343",Tree Trim,75
"174338",Tree Trim,75
"174330",Tree Removal,51
"174328",Tree Trim,75
"174325",Tree Trim,75
"174324",Tree Removal,51
"174314",Tree Trim,75
"174313",Tree Trim,75
"357064",Tree Removal,51
"174304",Tree Trim,75
"174303",Tree Code Violation,52
"174300",Tree Removal,51
"174299",Tree Trim,75
"174296",Tree Trim,75
"174295",Tree Trim,75
"357060",Tree Trim,75
"174285",Tree Trim,75
"174283",Tree Trim,75
"174281",Tree Removal,51
"174278",Tree Trim,75
"174276",Tree Trim,75
"174273",Tree Trim,75
"174271",Tree Code Violation,52
"174267",Tree Trim,75
"174265",Tree Trim,75
"174259",Tree Trim,75
"174257",Tree Trim,75
"174254",Tree Removal,51
"174246",Tree Removal,51
"174243",Tree Trim,75
"174226",Tree Trim,75
"174225",Tree Removal,51
"174220",Tree Trim,75
"174219",Tree Trim,75
"174217",Tree Removal,51
"174216",Tree Trim,75
"174210",Tree Trim,75
"174205",Tree Trim,75
"174199",Tree Trim,75
"174188",Tree Trim,75
"356995",Tree Trim,75
"174177",Tree Trim,75
"174176",Tree Trim,75
"174173",Tree Trim,75
"174174",Tree Trim,75
"174168",Tree Trim,75
"174163",Tree Trim,75
"174159",Tree Trim,75
"174150",Tree Removal,51
"174149",Tree Removal,51
"174148",Tree Trim,75
"174147",Tree Removal,51
"174140",Tree Trim,75
"174131",Tree Trim,75
"174129",Tree Removal,51
"174128",Tree Removal,51
"174118",Tree Removal,51
"174116",Tree Removal,51
"174111",Tree Removal,51
"174110",Tree Code Violation,52
"174109",Tree Trim,75
"174106",Tree Removal,51
"174105",Tree Trim,75
"174104",Tree Trim,75
"174102",Tree Removal,51
"174101",Tree Trim,75
"174096",Tree Trim,75
"174090",Tree Trim,75
"174083",Tree Trim,75
"174080",Tree Removal,51
"174079",Tree Trim,75
"174078",Tree Removal,51
"174075",Tree Removal,51
"174073",Tree Trim,75
"174072",Tree Trim,75
"174069",Tree Trim,75
"174068",Tree Removal,51
"356907",Tree Trim,75
"174055",Tree Removal,51
"174049",Tree Trim,75
"174048",Tree Removal,51
"174047",Tree Trim,75
"174045",Tree Trim,75
"174043",Tree Trim,75
"174039",Tree Removal,51
"174036",Tree Trim,75
"174035",Tree Removal,51
"174034",Tree Trim,75
"174033",Tree Removal,51
"174032",Tree Trim,75
"174030",Tree Trim,75
"174028",Tree Trim,75
"174027",Tree Trim,75
"174018",Tree Removal,51
"174014",Tree Trim,75
"174015",Tree Removal,51
"174010",Tree Trim,75
"174006",Tree Trim,75
"174004",Tree Trim,75
"174003",Tree Removal,51
"174002",Tree Trim,75
"173995",Tree Trim,75
"173992",Tree Trim,75
"173991",Tree Removal,51
"173990",Tree Trim,75
"356845",Tree Trim,75
"173983",Tree Trim,75
"173982",Tree Trim,75
"173971",Tree Removal,51
"173969",Tree Trim,75
"173968",Tree Removal,51
"173966",Tree Removal,51
"173963",Tree Trim,75
"173962",Tree Trim,75
"173960",Tree Removal,51
"173958",Tree Trim,75
"173954",Tree Trim,75
"173950",Tree Trim,75
"173948",Tree Removal,51
"173941",Tree Removal,51
"173940",Tree Code Violation,52
"356810",Tree Trim,75
"173934",Tree Removal,51
"356807",Tree Removal,51
"356804",Tree Removal,51
"173914",Tree Removal,51
"173911",Tree Trim,75
"173910",Tree Trim,75
"173909",Tree Trim,75
"173908",Tree Trim,75
"173906",Tree Removal,51
"173905",Tree Trim,75
"173903",Tree Trim,75
"173902",Tree Trim,75
"173898",Tree Trim,75
"173897",Tree Trim,75
"173896",Tree Stump Grinding,116
"173893",Tree Code Violation,52
"173892",Tree Removal,51
"173888",Tree Trim,75
"173885",Tree Trim,75
"173886",Tree Trim,75
"173884",Tree Removal,51
"173882",Tree Trim,75
"173881",Tree Stump Grinding,116
"173878",Tree Trim,75
"173875",Tree Trim,75
"173872",Tree Removal,51
"173870",Tree Trim,75
"173869",Tree Removal,51
"173868",Tree Trim,75
"173866",Tree Trim,75
"173865",Tree Removal,51
"173864",Tree Trim,75
"173863",Tree Trim,75
"173861",Tree Planting,25
"173860",Tree Trim,75
"173859",Tree Trim,75
"173850",Tree Removal,51
"173848",Tree Trim,75
"173843",Tree Removal,51
"356752",Tree Trim,75
"173836",Tree Removal,51
"173829",Tree Removal,51
"173828",Tree Trim,75
"173826",Tree Removal,51
"173823",Tree Removal,51
"173805",Tree Trim,75
"173802",Tree Trim,75
"173801",Tree Code Violation,52
"173800",Tree Trim,75
"173796",Tree Trim,75
"173795",Tree Trim,75
"173793",Tree Removal,51
"173788",Tree Trim,75
"173787",Tree Removal,51
"173786",Tree Removal,51
"173784",Tree Code Violation,52
"173779",Tree Trim,75
"173777",Tree Trim,75
"173774",Tree Trim,75
"173772",Tree Trim,75
"173770",Tree Trim,75
"173768",Tree Trim,75
"173760",Tree Trim,75
"173755",Tree Removal,51
"173752",Tree Trim,75
"173751",Tree Trim,75
"173747",Tree Trim,75
"184683",Tree Trim,75
"173743",Tree Trim,75
"173742",Tree Trim,75
"173728",Tree Removal,51
"173726",Tree Trim,75
"173725",Tree Trim,75
"173719",Tree Stump Grinding,116
"173718",Tree Trim,75
"173715",Tree Trim,75
"173712",Tree Trim,75
"173710",Tree Trim,75
"173705",Tree Trim,75
"173702",Tree Trim,75
"173701",Tree Removal,51
"173698",Tree Trim,75
"173693",Tree Trim,75
"173691",Tree Trim,75
"173687",Tree Trim,75
"173684",Tree Trim,75
"173682",Tree Trim,75
"173681",Tree Trim,75
"173679",Tree Trim,75
"173677",Tree Trim,75
"173676",Tree Trim,75
"173666",Tree Trim,75
"173664",Tree Removal,51
"173662",Tree Removal,51
"173663",Tree Removal,51
"173659",Tree Trim,75
"173656",Tree Trim,75
"173655",Tree Trim,75
"173652",Tree Trim,75
"173649",Tree Trim,75
"173643",Tree Removal,51
"173641",Tree Removal,51
"173640",Tree Trim,75
"173636",Tree Removal,51
"173631",Tree Trim,75
"173630",Tree Removal,51
"173628",Tree Removal,51
"173626",Tree Planting,25
"173624",Tree Trim,75
"173622",Tree Trim,75
"173620",Tree Removal,51
"173619",Tree Removal,51
"173617",Tree Trim,75
"173614",Tree Trim,75
"173610",Tree Removal,51
"173609",Tree Trim,75
"173605",Tree Trim,75
"173602",Tree Trim,75
"173600",Tree Removal,51
"173599",Tree Trim,75
"173598",Tree Removal,51
"173597",Tree Removal,51
"173595",Tree Trim,75
"173594",Tree Removal,51
"173592",Tree Trim,75
"173591",Tree Trim,75
"356626",Tree Trim,75
"173586",Tree Trim,75
"173584",Tree Trim,75
"356623",Tree Trim,75
"173577",Tree Trim,75
"173576",Tree Trim,75
"173574",Tree Trim,75
"173569",Tree Trim,75
"173565",Tree Trim,75
"173561",Tree Trim,75
"173560",Tree Removal,51
"173558",Tree Trim,75
"173557",Tree Trim,75
"173554",Tree Stump Grinding,116
"173553",Tree Removal,51
"173550",Tree Trim,75
"173549",Tree Trim,75
"173548",Tree Trim,75
"173544",Tree Trim,75
"173543",Tree Trim,75
"173541",Tree Trim,75
"173540",Tree Trim,75
"173537",Tree Removal,51
"173533",Tree Removal,51
"173531",Tree Trim,75
"173530",Tree Trim,75
"173528",Tree Trim,75
"173526",Tree Trim,75
"173524",Tree Trim,75
"173523",Tree Trim,75
"173521",Tree Trim,75
"173519",Tree Trim,75
"173518",Tree Removal,51
"173517",Tree Trim,75
"173516",Tree Removal,51
"173511",Tree Trim,75
"173510",Tree Trim,75
"173508",Tree Trim,75
"173507",Tree Trim,75
"173506",Tree Trim,75
"173505",Tree Trim,75
"173504",Tree Trim,75
"173503",Tree Trim,75
"173501",Tree Trim,75
"173499",Tree Trim,75
"173495",Tree Trim,75
"173494",Tree Removal,51
"173486",Tree Removal,51
"173484",Tree Removal,51
"173483",Tree Removal,51
"173481",Tree Removal,51
"173479",Tree Removal,51
"173478",Tree Trim,75
"173475",Tree Trim,75
"173474",Tree Removal,51
"173472",Tree Trim,75
"173470",Tree Removal,51
"173468",Tree Removal,51
"173467",Tree Trim,75
"173466",Tree Trim,75
"173465",Tree Trim,75
"173463",Tree Trim,75
"173462",Tree Removal,51
"173461",Tree Removal,51
"173459",Tree Trim,75
"173456",Tree Trim,75
"173454",Tree Removal,51
"173453",Tree Removal,51
"173451",Tree Trim,75
"173450",Tree Trim,75
"173440",Tree Trim,75
"173439",Tree Trim,75
"173438",Tree Trim,75
"173437",Tree Trim,75
"173436",Tree Trim,75
"173434",Tree Trim,75
"173432",Tree Trim,75
"173431",Tree Removal,51
"173430",Tree Removal,51
"173425",Tree Trim,75
"173421",Tree Trim,75
"173418",Tree Trim,75
"173417",Tree Removal,51
"173413",Tree Trim,75
"173412",Tree Removal,51
"173411",Tree Trim,75
"173410",Tree Removal,51
"173408",Tree Removal,51
"173405",Tree Removal,51
"173404",Tree Removal,51
"173403",Tree Trim,75
"173400",Tree Trim,75
"173399",Tree Removal,51
"173396",Tree Trim,75
"173393",Tree Trim,75
"173392",Tree Trim,75
"173391",Tree Removal,51
"173385",Tree Trim,75
"173382",Tree Trim,75
"173380",Tree Trim,75
"173376",Tree Removal,51
"173375",Tree Trim,75
"173374",Tree Trim,75
"173371",Tree Trim,75
"173370",Tree Removal,51
"173369",Tree Removal,51
"173368",Tree Removal,51
"173367",Tree Trim,75
"173366",Tree Trim,75
"173364",Tree Trim,75
"173363",Tree Removal,51
"173361",Tree Removal,51
"173356",Tree Trim,75
"173354",Tree Removal,51
"173352",Tree Removal,51
"173347",Tree Trim,75
"173345",Tree Trim,75
"173342",Tree Trim,75
"173341",Tree Removal,51
"173339",Tree Removal,51
"173337",Tree Trim,75
"173338",Tree Trim,75
"173336",Tree Trim,75
"173335",Tree Trim,75
"173332",Tree Trim,75
"173330",Tree Trim,75
"173329",Tree Removal,51
"173328",Tree Trim,75
"356505",Tree Trim,75
"173316",Tree Trim,75
"173315",Tree Stump Grinding,116
"356502",Tree Trim,75
"173308",Tree Trim,75
"173307",Tree Trim,75
"173306",Tree Trim,75
"173305",Tree Trim,75
"173304",Tree Removal,51
"173301",Tree Trim,75
"173300",Tree Trim,75
"173298",Tree Removal,51
"173297",Tree Trim,75
"173295",Tree Removal,51
"173294",Tree Removal,51
"173289",Tree Removal,51
"173288",Tree Trim,75
"173287",Tree Code Violation,52
"173282",Tree Trim,75
"173278",Tree Trim,75
"173277",Tree Removal,51
"173275",Tree Trim,75
"173270",Tree Trim,75
"173268",Tree Trim,75
"173266",Tree Removal,51
"173264",Tree Trim,75
"173263",Tree Removal,51
"173262",Tree Trim,75
"173260",Tree Trim,75
"173259",Tree Trim,75
"173257",Tree Removal,51
"173256",Tree Removal,51
"173254",Tree Removal,51
"173253",Tree Trim,75
"173252",Tree Removal,51
"173249",Tree Trim,75
"173247",Tree Trim,75
"173245",Tree Trim,75
"173243",Tree Removal,51
"173240",Tree Trim,75
"173237",Tree Planting,25
"173234",Tree Code Violation,52
"173232",Tree Removal,51
"356415",Tree Removal,51
"173228",Tree Removal,51
"173225",Tree Trim,75
"173224",Tree Trim,75
"173223",Tree Trim,75
"173220",Tree Removal,51
"173218",Tree Removal,51
"173217",Tree Removal,51
"173215",Tree Removal,51
"173213",Tree Removal,51
"173212",Tree Removal,51
"173209",Tree Removal,51
"173206",Tree Removal,51
"173202",Tree Removal,51
"173198",Tree Removal,51
"173197",Tree Code Violation,52
"173195",Tree Removal,51
"173191",Tree Trim,75
"173189",Tree Trim,75
"173190",Tree Removal,51
"173187",Tree Trim,75
"173185",Tree Removal,51
"173181",Tree Removal,51
"173179",Tree Removal,51
"173175",Tree Removal,51
"173173",Tree Trim,75
"173170",Tree Removal,51
"173169",Tree Trim,75
"173163",Tree Removal,51
"173162",Tree Trim,75
"173160",Tree Trim,75
"356362",Tree Removal,51
"173156",Tree Trim,75
"173155",Tree Trim,75
"173153",Tree Removal,51
"173152",Tree Removal,51
"173148",Tree Removal,51
"173146",Tree Removal,51
"173142",Tree Removal,51
"173140",Tree Trim,75
"173137",Tree Code Violation,52
"173136",Tree Removal,51
"173126",Tree Removal,51
"173125",Tree Removal,51
"173117",Tree Trim,75
"173109",Tree Trim,75
"173108",Tree Trim,75
"173107",Tree Removal,51
"173106",Tree Trim,75
"173104",Tree Trim,75
"173103",Tree Trim,75
"173102",Tree Trim,75
"173101",Tree Trim,75
"173097",Tree Code Violation,52
"173096",Tree Trim,75
"173095",Tree Trim,75
"173094",Tree Removal,51
"173093",Tree Trim,75
"173090",Tree Removal,51
"173087",Tree Trim,75
"173083",Tree Removal,51
"173082",Tree Removal,51
"173081",Tree Trim,75
"173079",Tree Trim,75
"173078",Tree Removal,51
"173077",Tree Removal,51
"173076",Tree Trim,75
"173073",Tree Trim,75
"173074",Tree Trim,75
"173071",Tree Trim,75
"173070",Tree Removal,51
"356295",Tree Removal,51
"173063",Tree Trim,75
"173061",Tree Removal,51
"173059",Tree Removal,51
"173054",Tree Trim,75
"173046",Tree Trim,75
"173044",Tree Trim,75
"173043",Tree Removal,51
"173042",Tree Removal,51
"173039",Tree Trim,75
"173038",Tree Trim,75
"173037",Tree Trim,75
"173035",Tree Trim,75
"173033",Tree Removal,51
"173032",Tree Removal,51
"173028",Tree Trim,75
"173026",Tree Removal,51
"173025",Tree Trim,75
"173023",Tree Trim,75
"173022",Tree Trim,75
"173021",Tree Trim,75
"173020",Tree Stump Grinding,116
"173017",Tree Trim,75
"173016",Tree Trim,75
"173015",Tree Removal,51
"173011",Tree Trim,75
"173010",Tree Trim,75
"173007",Tree Trim,75
"173001",Tree Trim,75
"173000",Tree Removal,51
"172999",Tree Trim,75
"172996",Tree Trim,75
"356232",Tree Removal,51
"172968",Tree Code Violation,52
"172967",Tree Trim,75
"172965",Tree Trim,75
"172963",Tree Trim,75
"172962",Tree Code Violation,52
"172961",Tree Removal,51
"172960",Tree Removal,51
"172957",Tree Removal,51
"172956",Tree Stump Grinding,116
"172952",Tree Removal,51
"172949",Tree Removal,51
"172948",Tree Removal,51
"172946",Tree Trim,75
"172945",Tree Trim,75
"172943",Tree Removal,51
"172942",Tree Trim,75
"172941",Tree Trim,75
"172938",Tree Trim,75
"172936",Tree Removal,51
"172935",Tree Code Violation,52
"172934",Tree Planting,25
"172933",Tree Trim,75
"172925",Tree Removal,51
"172922",Tree Removal,51
"172920",Tree Removal,51
"172918",Tree Removal,51
"172916",Tree Trim,75
"172913",Tree Removal,51
"172911",Tree Trim,75
"172910",Tree Removal,51
"172909",Tree Trim,75
"172907",Tree Trim,75
"172905",Tree Removal,51
"172904",Tree Trim,75
"172902",Tree Trim,75
"172901",Tree Trim,75
"172899",Tree Removal,51
"172897",Tree Removal,51
"172895",Tree Removal,51
"172891",Tree Removal,51
"172890",Tree Trim,75
"172888",Tree Removal,51
"172887",Tree Removal,51
"172886",Tree Removal,51
"172884",Tree Trim,
"172883",Tree Removal,51
"172882",Tree Removal,51
"172881",Tree Trim,75
"172880",Tree Trim,75
"172879",Tree Trim,75
"172877",Tree Trim,75
"172870",Tree Trim,75
"172869",Tree Trim,75
"172861",Tree Removal,51
"172857",Tree Removal,51
"172856",Tree Trim,75
"172852",Tree Trim,75
"172849",Tree Removal,51
"172848",Tree Trim,75
"172846",Tree Removal,51
"172841",Tree Trim,75
"172840",Tree Trim,75
"172828",Tree Trim,75
"172827",Tree Trim,75
"172823",Tree Code Violation,52
"172822",Tree Removal,51
"172821",Tree Trim,75
"172817",Tree Stump Grinding,116
"184459",Tree Trim,75
"172803",Tree Trim,75
"172802",Tree Trim,75
"172799",Tree Removal,51
"172797",Tree Trim,75
"172796",Tree Trim,75
"172784",Tree Trim,75
"172779",Tree Trim,75
"172769",Tree Removal,51
"172767",Tree Trim,75
"172766",Tree Planting,25
"356125",Tree Removal,51
"172758",Tree Trim,75
"172754",Tree Removal,51
"172751",Tree Removal,51
"172748",Tree Removal,51
"172741",Tree Trim,75
"172740",Tree Removal,51
"172737",Tree Trim,75
"172736",Tree Trim,75
"172733",Tree Removal,51
"172731",Tree Trim,75
"172730",Tree Trim,75
"172729",Tree Trim,75
"172728",Tree Trim,75
"172726",Tree Removal,51
"172725",Tree Removal,51
"172723",Tree Removal,51
"172722",Tree Trim,75
"172716",Tree Removal,51
"172715",Tree Removal,51
"172712",Tree Trim,75
"172711",Tree Trim,75
"172710",Tree Removal,51
"172704",Tree Trim,75
"172701",Tree Removal,51
"172698",Tree Trim,75
"172690",Tree Removal,51
"172688",Tree Trim,75
"172683",Tree Trim,75
"172682",Tree Trim,75
"172675",Tree Trim,75
"172674",Tree Trim,75
"172672",Tree Removal,51
"172671",Tree Removal,51
"172670",Tree Removal,51
"172667",Tree Removal,51
"172665",Tree Trim,75
"172664",Tree Removal,51
"172663",Tree Removal,51
"172662",Tree Trim,75
"172660",Tree Removal,51
"172657",Tree Trim,75
"172656",Tree Trim,75
"356082",Tree Trim,75
"172651",Tree Trim,75
"172650",Tree Trim,75
"172647",Tree Trim,75
"172646",Tree Trim,75
"172645",Tree Trim,75
"172644",Tree Trim,75
"172643",Tree Removal,51
"172637",Tree Trim,75
"172634",Tree Trim,75
"172633",Tree Removal,51
"172632",Tree Trim,75
"172631",Tree Trim,75
"172620",Tree Removal,51
"172619",Tree Trim,75
"172610",Tree Trim,75
"172609",Tree Trim,75
"172608",Tree Trim,75
"172606",Tree Removal,51
"172603",Tree Trim,75
"172601",Tree Trim,75
"172600",Tree Trim,75
"172598",Tree Trim,75
"172597",Tree Trim,75
"172595",Tree Trim,75
"172594",Tree Removal,51
"172593",Tree Code Violation,52
"172590",Tree Removal,51
"172584",Tree Removal,51
"172580",Tree Trim,75
"172579",Tree Removal,51
"172575",Tree Trim,75
"172576",Tree Removal,51
"172569",Tree Removal,51
"172567",Tree Trim,75
"172566",Tree Trim,75
"172562",Tree Removal,51
"172557",Tree Trim,75
"172556",Tree Removal,51
"172555",Tree Removal,51
"172554",Tree Trim,75
"172552",Tree Removal,51
"172549",Tree Removal,51
"172548",Tree Stump Grinding,116
"172539",Tree Removal,51
"172537",Tree Trim,75
"172536",Tree Removal,51
"172535",Tree Removal,51
"172534",Tree Removal,51
"172532",Tree Removal,51
"172531",Tree Removal,51
"172529",Tree Removal,51
"172526",Tree Trim,75
"172522",Tree Removal,51
"172517",Tree Removal,51
"172516",Tree Trim,75
"172513",Tree Removal,51
"172511",Tree Removal,51
"172508",Tree Trim,75
"172507",Tree Removal,51
"172505",Tree Removal,51
"172503",Tree Trim,75
"172501",Tree Removal,51
"172500",Tree Trim,75
"172498",Tree Trim,75
"172497",Tree Removal,51
"172496",Tree Trim,75
"172495",Tree Removal,51
"172494",Tree Removal,51
"172491",Tree Removal,51
"172490",Tree Removal,51
"172489",Tree Trim,75
"172488",Tree Removal,51
"172483",Tree Removal,51
"172481",Tree Removal,51
"172480",Tree Removal,51
"172475",Tree Removal,51
"172473",Tree Removal,51
"172471",Tree Removal,51
"172470",Tree Removal,51
"172469",Tree Removal,51
"172468",Tree Removal,51
"172466",Tree Removal,51
"172464",Tree Removal,51
"172461",Tree Trim,75
"172460",Tree Removal,51
"172459",Tree Trim,75
"172456",Tree Removal,51
"172455",Tree Trim,75
"172454",Tree Trim,75
"172449",Tree Removal,51
"172448",Tree Removal,51
"172445",Tree Trim,75
"172440",Tree Trim,75
"172437",Tree Removal,51
"172429",Tree Removal,51
"172426",Tree Removal,51
"172424",Tree Trim,75
"172423",Tree Trim,75
"356009",Tree Removal,51
"172412",Tree Trim,75
"172410",Tree Trim,75
"172407",Tree Trim,75
"172406",Tree Trim,75
"172405",Tree Trim,75
"172403",Tree Removal,51
"172398",Tree Stump Grinding,116
"172397",Tree Trim,75
"172396",Tree Trim,75
"172395",Tree Trim,75
"172394",Tree Trim,75
"172393",Tree Trim,75
"172391",Tree Trim,75
"172389",Tree Trim,75
"172388",Tree Trim,75
"172385",Tree Planting,25
"172384",Tree Trim,75
"172382",Tree Stump Grinding,116
"172379",Tree Trim,75
"172376",Tree Trim,75
"172375",Tree Trim,75
"172372",Tree Removal,51
"172370",Tree Trim,75
"172369",Tree Removal,51
"172368",Tree Removal,51
"172363",Tree Trim,75
"172360",Tree Trim,75
"172358",Tree Removal,51
"172357",Tree Trim,75
"172354",Tree Removal,51
"172350",Tree Trim,75
"172345",Tree Removal,51
"172344",Tree Trim,75
"172343",Tree Code Violation,52
"172340",Tree Trim,75
"172339",Tree Trim,75
"172336",Tree Trim,75
"172332",Tree Planting,25
"172331",Tree Trim,75
"172329",Tree Trim,75
"172327",Tree Trim,75
"172325",Tree Removal,51
"172324",Tree Trim,75
"172323",Tree Trim,75
"172322",Tree Removal,51
"172321",Tree Trim,75
"172320",Tree Trim,75
"172319",Tree Trim,75
"172312",Tree Trim,75
"172311",Tree Removal,51
"172310",Tree Trim,75
"172299",Tree Removal,51
"172298",Tree Removal,51
"172297",Tree Trim,75
"172296",Tree Removal,51
"172291",Tree Trim,75
"172290",Tree Trim,75
"172289",Tree Trim,75
"172288",Tree Removal,51
"172286",Tree Trim,75
"172285",Tree Trim,75
"172284",Tree Trim,75
"172283",Tree Removal,51
"172279",Tree Removal,51
"172278",Tree Trim,75
"172277",Tree Trim,75
"172275",Tree Trim,75
"172274",Tree Trim,75
"172272",Tree Removal,51
"172271",Tree Removal,51
"172269",Tree Removal,51
"172268",Tree Trim,75
"172263",Tree Trim,75
"172261",Tree Removal,51
"172260",Tree Removal,51
"172259",Tree Removal,51
"172257",Tree Removal,51
"172253",Tree Trim,75
"172252",Tree Trim,75
"172249",Tree Trim,75
"172247",Tree Removal,51
"172244",Tree Trim,75
"172243",Tree Removal,51
"172242",Tree Removal,51
"172241",Tree Removal,51
"172237",Tree Trim,75
"172236",Tree Removal,51
"172231",Tree Removal,51
"172227",Tree Removal,51
"172223",Tree Trim,75
"172222",Tree Trim,75
"172220",Tree Removal,51
"172215",Tree Trim,75
"172209",Tree Trim,75
"172208",Tree Removal,51
"172206",Tree Removal,51
"172205",Tree Removal,51
"172204",Tree Trim,75
"172202",Tree Trim,75
"172198",Tree Removal,51
"172196",Tree Removal,51
"172192",Tree Removal,51
"172189",Tree Removal,51
"172187",Tree Trim,75
"172185",Tree Removal,51
"172184",Tree Removal,51
"172183",Tree Removal,51
"172182",Tree Code Violation,52
"172181",Tree Stump Grinding,116
"172179",Tree Removal,51
"172177",Tree Removal,51
"172172",Tree Trim,75
"172171",Tree Removal,51
"172168",Tree Trim,75
"172169",Tree Removal,51
"172166",Tree Trim,75
"172165",Tree Trim,75
"172164",Tree Trim,75
"172158",Tree Trim,75
"172157",Tree Trim,75
"172153",Tree Removal,51
"172152",Tree Removal,51
"172151",Tree Removal,51
"172147",Tree Trim,75
"172144",Tree Trim,75
"172140",Tree Trim,75
"172138",Tree Removal,51
"172137",Tree Trim,75
"172136",Tree Removal,51
"172134",Tree Removal,51
"172129",Tree Removal,51
"172128",Tree Trim,75
"172127",Tree Trim,75
"172121",Tree Trim,75
"172120",Tree Trim,75
"172119",Tree Removal,51
"172116",Tree Trim,75
"172114",Tree Trim,75
"172112",Tree Trim,75
"172109",Tree Trim,75
"172106",Tree Trim,75
"172105",Tree Trim,75
"172102",Tree Trim,75
"172100",Tree Trim,75
"172096",Tree Trim,75
"355833",Tree Trim,75
"355830",Tree Trim,75
"172079",Tree Trim,75
"172077",Tree Removal,51
"172076",Tree Trim,75
"172075",Tree Trim,75
"172074",Tree Removal,51
"172073",Tree Trim,75
"172072",Tree Removal,51
"172069",Tree Removal,51
"172066",Tree Planting,25
"172064",Tree Removal,51
"172063",Tree Trim,75
"172061",Tree Trim,75
"172057",Tree Trim,75
"172052",Tree Removal,51
"172048",Tree Removal,51
"172045",Tree Removal,51
"172043",Tree Trim,75
"172041",Tree Removal,51
"172039",Tree Trim,75
"172038",Tree Trim,75
"172036",Tree Trim,75
"172032",Tree Removal,51
"172031",Tree Removal,51
"355806",Tree Removal,51
"172027",Tree Trim,75
"172026",Tree Trim,75
"172021",Tree Trim,75
"172020",Tree Trim,75
"172016",Tree Trim,75
"172015",Tree Trim,75
"172012",Tree Removal,51
"172011",Tree Removal,51
"172010",Tree Removal,51
"172009",Tree Trim,75
"172005",Tree Trim,75
"172004",Tree Removal,51
"172000",Tree Trim,75
"171997",Tree Removal,51
"171996",Tree Trim,75
"171994",Tree Trim,75
"171993",Tree Trim,75
"171991",Tree Trim,75
"171989",Tree Trim,75
"171983",Tree Removal,51
"171982",Tree Trim,75
"171978",Tree Trim,75
"171972",Tree Trim,75
"171969",Tree Trim,75
"171968",Tree Removal,51
"171965",Tree Removal,51
"171959",Tree Removal,51
"171958",Tree Trim,75
"171957",Tree Trim,75
"171956",Tree Trim,75
"171953",Tree Removal,51
"171949",Tree Removal,51
"171948",Tree Trim,75
"171945",Tree Trim,75
"171941",Tree Planting,25
"171935",Tree Removal,51
"171934",Tree Removal,51
"355752",Tree Removal,51
"171924",Tree Trim,75
"171918",Tree Trim,75
"171915",Tree Trim,75
"171912",Tree Trim,75
"171907",Tree Trim,75
"171900",Tree Removal,51
"171895",Tree Trim,75
"171893",Tree Removal,51
"171891",Tree Trim,75
"171885",Tree Trim,75
"171878",Tree Removal,51
"171876",Tree Trim,75
"171874",Tree Trim,75
"171871",Tree Trim,75
"171869",Tree Removal,51
"171868",Tree Removal,51
"171867",Tree Removal,51
"171866",Tree Removal,51
"355712",Tree Trim,75
"171853",Tree Removal,51
"171846",Tree Removal,51
"171844",Tree Removal,51
"171843",Tree Trim,75
"171841",Tree Trim,75
"171839",Tree Trim,75
"171829",Tree Removal,51
"171828",Tree Trim,75
"171825",Tree Removal,51
"171824",Tree Trim,75
"171822",Tree Trim,75
"171820",Tree Trim,75
"171819",Tree Trim,75
"171817",Tree Trim,75
"171818",Tree Trim,75
"171812",Tree Trim,75
"171811",Tree Trim,75
"171809",Tree Trim,75
"171806",Tree Removal,51
"171803",Tree Trim,75
"171802",Tree Removal,51
"171800",Tree Removal,51
"171799",Tree Trim,75
"182684",Tree Trim,75
"171797",Tree Trim,75
"171796",Tree Trim,75
"171795",Tree Removal,51
"171792",Tree Trim,75
"171791",Tree Trim,75
"171789",Tree Removal,51
"171788",Tree Removal,51
"171787",Tree Trim,75
"171786",Tree Removal,51
"171784",Tree Removal,51
"171783",Tree Removal,51
"171776",Tree Removal,51
"171774",Tree Removal,51
"171771",Tree Removal,51
"171770",Tree Removal,51
"171768",Tree Removal,51
"171760",Tree Removal,51
"171758",Tree Removal,51
"171755",Tree Trim,75
"171754",Tree Planting,25
"171752",Tree Removal,51
"171751",Tree Removal,51
"171745",Tree Removal,51
"171746",Tree Removal,51
"171740",Tree Removal,51
"171734",Tree Removal,51
"171733",Tree Trim,75
"171731",Tree Removal,51
"171728",Tree Trim,75
"171720",Tree Removal,51
"171717",Tree Removal,51
"171712",Tree Removal,51
"171708",Tree Removal,51
"171704",Tree Trim,75
"171699",Tree Trim,75
"171698",Tree Removal,51
"171696",Tree Trim,75
"171695",Tree Trim,75
"171694",Tree Trim,75
"171691",Tree Removal,51
"171690",Tree Code Violation,52
"171688",Tree Removal,51
"171685",Tree Removal,51
"171680",Tree Trim,75
"171677",Tree Trim,75
"171676",Tree Trim,75
"171675",Tree Trim,75
"171672",Tree Stump Grinding,116
"171669",Tree Trim,75
"171668",Tree Trim,75
"171659",Tree Trim,75
"171658",Tree Trim,75
"171656",Tree Trim,75
"171655",Tree Trim,75
"171652",Tree Trim,75
"171650",Tree Removal,51
"171645",Tree Trim,75
"171644",Tree Trim,75
"171643",Tree Trim,75
"171642",Tree Trim,75
"171636",Tree Removal,51
"171633",Tree Removal,51
"171626",Tree Trim,75
"171625",Tree Trim,75
"171616",Tree Removal,51
"171615",Tree Trim,75
"171613",Tree Code Violation,52
"171612",Tree Removal,51
"171606",Tree Trim,75
"171604",Tree Trim,75
"171601",Tree Trim,75
"171600",Tree Trim,75
"171598",Tree Removal,51
"171595",Tree Removal,51
"171592",Tree Code Violation,52
"171587",Tree Removal,51
"171585",Tree Removal,51
"171583",Tree Trim,75
"355570",Tree Removal,51
"171575",Tree Trim,75
"171574",Tree Trim,75
"171573",Tree Trim,75
"171567",Tree Trim,75
"171565",Tree Trim,75
"171562",Tree Removal,51
"171557",Tree Removal,51
"171555",Tree Trim,75
"171554",Tree Trim,75
"171552",Tree Removal,51
"171551",Tree Removal,51
"171549",Tree Trim,75
"171537",Tree Trim,75
"171536",Tree Trim,75
"171535",Tree Trim,75
"171531",Tree Removal,51
"171530",Tree Removal,51
"171529",Tree Trim,75
"171528",Tree Trim,75
"171526",Tree Trim,75
"171525",Tree Removal,51
"171523",Tree Trim,75
"171521",Tree Trim,75
"171513",Tree Trim,75
"171506",Tree Trim,75
"355508",Tree Removal,51
"171499",Tree Trim,75
"171493",Tree Removal,51
"171489",Tree Trim,75
"171474",Tree Removal,51
"171469",Tree Trim,75
"171464",Tree Trim,75
"171457",Tree Removal,51
"171454",Tree Trim,75
"171452",Tree Code Violation,52
"171447",Tree Removal,51
"171445",Tree Trim,75
"171444",Tree Trim,75
"171443",Tree Trim,75
"171437",Tree Trim,75
"171436",Tree Removal,51
"171433",Tree Removal,51
"171432",Tree Removal,51
"171429",Tree Removal,51
"171427",Tree Removal,51
"171425",Tree Trim,75
"171424",Tree Removal,51
"171423",Tree Trim,75
"171421",Tree Trim,75
"171418",Tree Removal,51
"171417",Tree Trim,75
"171416",Tree Trim,75
"171414",Tree Trim,75
"171409",Tree Trim,75
"171408",Tree Removal,51
"171405",Tree Trim,75
"171402",Tree Trim,75
"171401",Tree Trim,75
"171400",Tree Removal,51
"171398",Tree Trim,75
"171395",Tree Trim,75
"171394",Tree Removal,51
"355457",Tree Removal,51
"171388",Tree Trim,75
"171387",Tree Trim,75
"355454",Tree Trim,75
"171381",Tree Removal,51
"171379",Tree Removal,51
"171378",Tree Removal,51
"171375",Tree Trim,75
"171373",Tree Removal,51
"171371",Tree Removal,51
"171367",Tree Trim,75
"171356",Tree Removal,51
"171355",Tree Trim,75
"171354",Tree Trim,75
"171351",Tree Trim,75
"171347",Tree Removal,51
"171339",Tree Removal,51
"171337",Tree Removal,51
"171329",Tree Removal,51
"171328",Tree Trim,75
"171326",Tree Removal,51
"171315",Tree Trim,75
"171310",Tree Removal,51
"171308",Tree Trim,75
"171307",Tree Trim,75
"171304",Tree Trim,75
"171301",Tree Trim,75
"171292",Tree Trim,75
"171288",Tree Trim,75
"171284",Tree Code Violation,52
"171278",Tree Trim,75
"171276",Tree Trim,75
"171274",Tree Code Violation,52
"171273",Tree Removal,51
"171269",Tree Trim,75
"171262",Tree Removal,51
"171261",Tree Removal,51
"171259",Tree Trim,75
"171258",Tree Removal,51
"171256",Tree Trim,75
"171248",Tree Removal,51
"171244",Tree Removal,51
"171243",Tree Removal,51
"171242",Tree Trim,75
"171241",Tree Removal,51
"171237",Tree Trim,75
"171236",Tree Removal,51
"171235",Tree Removal,51
"171230",Tree Planting,25
"171228",Tree Removal,51
"171224",Tree Trim,75
"171225",Tree Trim,75
"171218",Tree Trim,75
"171213",Tree Trim,75
"171206",Tree Trim,75
"171204",Tree Removal,51
"171197",Tree Removal,51
"171195",Tree Removal,51
"171190",Tree Trim,75
"171187",Tree Stump Grinding,116
"171185",Tree Code Violation,52
"171179",Tree Trim,75
"171177",Tree Removal,51
"171176",Tree Removal,51
"171174",Tree Removal,51
"171172",Tree Trim,75
"171168",Tree Trim,75
"171165",Tree Trim,75
"171162",Tree Trim,75
"171160",Tree Removal,51
"171159",Tree Removal,51
"171152",Tree Removal,51
"171151",Tree Trim,75
"171145",Tree Removal,51
"171135",Tree Removal,51
"171133",Tree Trim,75
"171127",Tree Code Violation,52
"171126",Tree Removal,51
"171123",Tree Trim,75
"171122",Tree Removal,51
"171120",Tree Trim,75
"171119",Tree Removal,51
"171118",Tree Removal,51
"171117",Tree Removal,51
"171111",Tree Trim,75
"171110",Tree Removal,51
"171109",Tree Trim,75
"171107",Tree Removal,51
"355354",Tree Removal,51
"171102",Tree Trim,75
"171101",Tree Trim,75
"171100",Tree Trim,75
"171081",Tree Code Violation,52
"171078",Tree Removal,51
"171077",Tree Trim,75
"171075",Tree Removal,51
"171074",Tree Removal,51
"171071",Tree Trim,75
"171068",Tree Removal,51
"171066",Tree Removal,51
"171061",Tree Trim,75
"171060",Tree Removal,51
"171059",Tree Removal,51
"171057",Tree Stump Grinding,116
"171049",Tree Trim,75
"171047",Tree Trim,75
"171046",Tree Trim,75
"171034",Tree Removal,51
"171033",Tree Trim,75
"171031",Tree Removal,51
"171029",Tree Removal,51
"171025",Tree Trim,75
"171002",Tree Trim,75
"171001",Tree Trim,75
"171000",Tree Trim,75
"170997",Tree Trim,75
"170996",Tree Removal,51
"170993",Tree Trim,75
"170991",Tree Code Violation,52
"170990",Tree Code Violation,52
"170989",Tree Removal,51
"170988",Tree Stump Grinding,116
"170986",Tree Trim,75
"170985",Tree Trim,75
"170984",Tree Removal,51
"170979",Tree Removal,51
"170976",Tree Removal,51
"170975",Tree Trim,75
"170969",Tree Trim,75
"170968",Tree Trim,75
"170960",Tree Trim,75
"170959",Tree Trim,75
"170955",Tree Trim,75
"170954",Tree Removal,51
"170953",Tree Trim,75
"170946",Tree Trim,75
"170945",Tree Removal,51
"170942",Tree Trim,75
"170939",Tree Removal,51
"170929",Tree Trim,75
"170926",Tree Removal,51
"170924",Tree Removal,51
"170921",Tree Trim,75
"170918",Tree Removal,51
"170915",Tree Removal,51
"170914",Tree Trim,75
"170912",Tree Trim,75
"170908",Tree Removal,51
"170906",Tree Trim,75
"170902",Tree Trim,75
"170896",Tree Trim,75
"170895",Tree Code Violation,52
"170894",Tree Removal,51
"170892",Tree Trim,75
"170891",Tree Removal,51
"170887",Tree Removal,51
"170885",Tree Trim,75
"170877",Tree Trim,75
"170876",Tree Trim,75
"170875",Tree Removal,51
"170869",Tree Removal,51
"170867",Tree Trim,75
"170864",Tree Removal,51
"170861",Tree Removal,51
"170856",Tree Removal,51
"170855",Tree Trim,75
"170853",Tree Removal,51
"170849",Tree Removal,51
"170848",Tree Trim,75
"170842",Tree Trim,75
"355250",Tree Removal,51
"170832",Tree Trim,75
"170831",Tree Removal,51
"170830",Tree Trim,75
"170829",Tree Trim,75
"170825",Tree Trim,75
"170824",Tree Trim,75
"170811",Tree Removal,51
"170807",Tree Removal,51
"170806",Tree Removal,51
"170805",Tree Code Violation,52
"170804",Tree Trim,75
"170801",Tree Trim,75
"170798",Tree Trim,75
"170791",Tree Trim,75
"170789",Tree Code Violation,52
"170787",Tree Removal,51
"170786",Tree Trim,75
"170784",Tree Trim,75
"170783",Tree Removal,51
"170779",Tree Trim,75
"170778",Tree Trim,75
"170776",Tree Trim,75
"170775",Tree Trim,75
"170769",Tree Removal,51
"170768",Tree Trim,75
"170760",Tree Trim,75
"170759",Tree Removal,51
"170758",Tree Trim,75
"170757",Tree Code Violation,52
"170755",Tree Trim,75
"170754",Tree Removal,51
"170750",Tree Removal,51
"170749",Tree Removal,51
"170748",Tree Trim,75
"170734",Tree Removal,51
"170729",Tree Removal,51
"170728",Tree Removal,51
"170725",Tree Trim,75
"170722",Tree Removal,51
"170721",Tree Trim,75
"170719",Tree Removal,51
"170717",Tree Removal,51
"170710",Tree Removal,51
"170708",Tree Trim,75
"170707",Tree Removal,51
"170706",Tree Removal,51
"170703",Tree Trim,75
"170693",Tree Trim,75
"170691",Tree Trim,75
"170688",Tree Trim,75
"170687",Tree Trim,75
"170686",Tree Trim,75
"170684",Tree Trim,75
"170680",Tree Removal,51
"170679",Tree Trim,75
"170677",Tree Trim,75
"170673",Tree Trim,75
"170672",Tree Removal,51
"170669",Tree Removal,51
"170666",Tree Trim,75
"170665",Tree Trim,75
"170660",Tree Trim,75
"170661",Tree Stump Grinding,116
"170653",Tree Trim,75
"170649",Tree Trim,75
"170648",Tree Removal,51
"170647",Tree Planting,25
"170646",Tree Trim,75
"170634",Tree Trim,75
"170632",Tree Removal,51
"170630",Tree Trim,75
"170628",Tree Removal,51
"170627",Tree Trim,75
"170623",Tree Removal,51
"170622",Tree Removal,51
"170617",Tree Removal,51
"170616",Tree Trim,75
"170615",Tree Trim,75
"170613",Tree Removal,51
"170610",Tree Trim,75
"170608",Tree Removal,51
"170604",Tree Removal,51
"170593",Tree Trim,75
"170592",Tree Trim,75
"170591",Tree Trim,75
"170590",Tree Trim,75
"170589",Tree Trim,75
"170584",Tree Trim,75
"170579",Tree Trim,75
"170574",Tree Trim,75
"170571",Tree Trim,75
"170568",Tree Trim,75
"355142",Tree Trim,75
"170558",Tree Trim,75
"170557",Tree Removal,51
"170555",Tree Removal,51
"170554",Tree Removal,51
"170552",Tree Removal,51
"170551",Tree Trim,75
"170549",Tree Removal,51
"170546",Tree Trim,75
"170545",Tree Trim,75
"170541",Tree Removal,51
"170540",Tree Removal,51
"170538",Tree Removal,51
"170537",Tree Trim,75
"170534",Tree Trim,75
"170531",Tree Removal,51
"170528",Tree Removal,51
"170526",Tree Removal,51
"170521",Tree Trim,75
"170520",Tree Trim,75
"170501",Tree Removal,51
"170498",Tree Trim,75
"170494",Tree Trim,75
"170493",Tree Stump Grinding,116
"170492",Tree Trim,75
"170486",Tree Removal,51
"170484",Tree Removal,51
"170483",Tree Removal,51
"170470",Tree Trim,75
"170469",Tree Trim,75
"170468",Tree Trim,75
"170467",Tree Trim,75
"170458",Tree Trim,75
"170450",Tree Trim,75
"170448",Tree Trim,75
"170446",Tree Removal,51
"170445",Tree Removal,51
"170444",Tree Trim,75
"170441",Tree Trim,75
"170440",Tree Trim,75
"170433",Tree Trim,75
"170432",Tree Trim,75
"355118",Tree Trim,75
"170414",Tree Removal,51
"170410",Tree Removal,51
"170408",Tree Removal,51
"170407",Tree Trim,75
"170404",Tree Trim,75
"170403",Tree Removal,51
"170396",Tree Removal,52
"170395",Tree Removal,52
"170394",Tree Trim,76
"170392",Tree Removal,51
"170391",Tree Trim,75
"170390",Tree Removal,51
"170387",Tree Removal,51
"170378",Tree Trim,75
"170369",Tree Removal,51
"170366",Tree Trim,75
"170363",Tree Trim,75
"170362",Tree Trim,75
"170361",Tree Trim,75
"170360",Tree Code Violation,52
"170354",Tree Removal,51
"170352",Tree Removal,51
"170349",Tree Removal,51
"170342",Tree Trim,75
"170341",Tree Code Violation,52
"170340",Tree Removal,51
"170339",Tree Removal,51
"170336",Tree Code Violation,52
"170335",Tree Trim,75
"170334",Tree Trim,75
"170332",Tree Trim,75
"170320",Tree Removal,51
"170315",Tree Removal,51
"170312",Tree Trim,75
"170311",Tree Trim,75
"170310",Tree Trim,75
"170309",Tree Trim,75
"170308",Tree Code Violation,52
"170307",Tree Code Violation,52
"170301",Tree Removal,51
"170300",Tree Trim,75
"170277",Tree Trim,75
"170276",Tree Removal,51
"170273",Tree Trim,75
"170272",Tree Removal,51
"170270",Tree Code Violation,52
"170269",Tree Trim,75
"170267",Tree Trim,75
"170266",Tree Trim,75
"170265",Tree Trim,75
"170263",Tree Removal,51
"170257",Tree Trim,75
"170255",Tree Removal,51
"170254",Tree Trim,75
"170253",Tree Removal,51
"170251",Tree Trim,75
"170249",Tree Trim,75
"170248",Tree Trim,75
"170247",Tree Trim,75
"170241",Tree Removal,51
"170240",Tree Removal,51
"170239",Tree Removal,51
"170225",Tree Removal,51
"170224",Tree Trim,75
"170223",Tree Trim,75
"170220",Tree Trim,75
"170219",Tree Removal,51
"170215",Tree Removal,51
"170214",Tree Removal,51
"170213",Tree Trim,75
"170211",Tree Removal,51
"170208",Tree Trim,75
"170207",Tree Trim,75
"170206",Tree Trim,75
"170205",Tree Trim,75
"170199",Tree Trim,75
"170198",Tree Removal,51
"170197",Tree Removal,51
"170196",Tree Removal,51
"170195",Tree Trim,75
"170194",Tree Trim,75
"170193",Tree Removal,51
"170192",Tree Removal,51
"170191",Tree Trim,75
"170190",Tree Removal,51
"170180",Tree Removal,51
"170179",Tree Trim,75
"170178",Tree Removal,51
"170172",Tree Removal,51
"170164",Tree Trim,75
"170162",Tree Stump Grinding,116
"170161",Tree Removal,51
"170159",Tree Trim,75
"170157",Tree Code Violation,52
"170156",Tree Removal,51
"170155",Tree Removal,51
"170152",Tree Removal,51
"170150",Tree Removal,51
"170149",Tree Removal,51
"170148",Tree Removal,51
"170147",Tree Removal,51
"170146",Tree Planting,25
"170145",Tree Trim,75
"170144",Tree Removal,51
"170131",Tree Trim,75
"170130",Tree Trim,75
"170129",Tree Trim,75
"170126",Tree Removal,51
"170122",Tree Trim,75
"170118",Tree Trim,75
"170117",Tree Removal,51
"170107",Tree Trim,75
"170105",Tree Trim,75
"170104",Tree Removal,51
"170096",Tree Removal,51
"170093",Tree Removal,51
"170092",Tree Planting,25
"170089",Tree Trim,75
"170087",Tree Trim,75
"355020",Tree Removal,51
"170079",Tree Removal,51
"170077",Tree Removal,51
"170074",Tree Code Violation,52
"170073",Tree Removal,51
"170072",Tree Trim,75
"170071",Tree Trim,75
"355017",Tree Trim,75
"170063",Tree Trim,75
"170062",Tree Trim,75
"170059",Tree Trim,75
"170058",Tree Removal,51
"170051",Tree Removal,51
"170048",Tree Removal,51
"170043",Tree Removal,51
"170038",Tree Trim,75
"170037",Tree Trim,75
"170027",Tree Trim,75
"170025",Tree Trim,75
"170024",Tree Removal,51
"170022",Tree Trim,75
"170023",Tree Planting,25
"170021",Tree Removal,51
"170019",Tree Planting,25
"170017",Tree Trim,75
"170009",Tree Removal,51
"170007",Tree Trim,75
"170006",Tree Trim,75
"169999",Tree Stump Grinding,116
"169994",Tree Code Violation,52
"169993",Tree Stump Grinding,116
"169992",Tree Trim,75
"169986",Tree Trim,75
"169985",Tree Trim,75
"169982",Tree Trim,75
"169981",Tree Removal,51
"169976",Tree Trim,75
"169971",Tree Trim,75
"169970",Tree Trim,75
"169967",Tree Removal,51
"169963",Tree Trim,75
"169962",Tree Removal,51
"169959",Tree Removal,51
"169958",Tree Removal,51
"169951",Tree Trim,75
"169948",Tree Stump Grinding,116
"169947",Tree Trim,75
"169946",Tree Trim,75
"169942",Tree Removal,51
"169940",Tree Trim,75
"169937",Tree Trim,75
"184978",Tree Trim,75
"184996",Tree Trim,75
"184013",Tree Removal,51
"183875",Tree Trim,75
"184748",Tree Removal,51
"185569",Tree Trim,74
"183597",Tree Removal,51
"183477",Tree Removal,51
"182934",Tree Trim,75
"185588",Tree Removal,51
"185590",Tree Trim,75
"185592",Tree Trim,75
"185593",Tree Trim,75
"185625",Tree Removal,51
"185628",Tree Trim,75
"182386",Tree Removal,51
"185619",Tree Removal,51
"185624",Tree Trim,75
"184799",Tree Trim,75
"180920",Tree Code Violation,52
"185160",Tree Planting,25
"184618",Tree Removal,51
"184521",Tree Trim,75
"184480",Tree Removal,51
"184429",Tree Removal,51
"184310",Tree Trim,75
"184270",Tree Removal,51
"184227",Tree Removal,51
"184198",Tree Removal,51
"184130",Tree Removal,51
"184063",Tree Removal,51
"183986",Tree Removal,51
"183940",Tree Trim,75
"183850",Tree Trim,75
"183827",Tree Removal,51
"183816",Tree Trim,75
"183784",Tree Trim,75
"183717",Tree Trim,75
"183624",Tree Removal,51
"183594",Tree Trim,75
"183430",Tree Removal,51
"183146",Tree Stump Grinding,116
"183137",Tree Removal,51
"183133",Tree Trim,75
"183118",Tree Removal,51
"183068",Tree Trim,75
"183064",Tree Trim,75
"183038",Tree Trim,75
"182968",Tree Trim,75
"182682",Tree Trim,75
"182596",Tree Trim,75
"182579",Tree Removal,51
"182546",Tree Trim,75
"182428",Tree Removal,51
"182372",Tree Removal,51
"182355",Tree Trim,75
"182320",Tree Code Violation,52
"182218",Tree Removal,51
"182198",Tree Trim,75
"181938",Tree Trim,75
"181808",Tree Removal,51
"181780",Tree Trim,75
"181289",Tree Removal,51
"181084",Tree Trim,75
"180918",Tree Removal,51
"180575",Tree Trim,75
"185189",Tree Trim,75
"185184",Tree Removal,51
"185182",Tree Trim,75
"185190",Tree Code Violation,53
"185180",Tree Trim,75
"185179",Tree Removal,51
"185177",Tree Removal,51
"185172",Tree Trim,75
"185171",Tree Trim,75
"185170",Tree Removal,51
"185166",Tree Removal,51
"185165",Tree Trim,75
"185163",Tree Code Violation,52
"185157",Tree Trim,75
"185144",Tree Removal,51
"185138",Tree Removal,51
"185136",Tree Trim,75
"185135",Tree Trim,75
"185131",Tree Removal,51
"185130",Tree Trim,75
"185125",Tree Removal,51
"185121",Tree Trim,75
"185120",Tree Trim,75
"185119",Tree Trim,75
"185118",Tree Trim,75
"185115",Tree Removal,51
"185112",Tree Trim,75
"185111",Tree Removal,51
"185105",Tree Code Violation,52
"185104",Tree Stump Grinding,116
"185101",Tree Removal,51
"185102",Tree Removal,51
"185100",Tree Removal,51
"185095",Tree Removal,51
"185094",Tree Removal,51
"185092",Tree Removal,51
"185096",Tree Removal,51
"185089",Tree Removal,51
"185088",Tree Removal,51
"185087",Tree Trim,75
"185084",Tree Code Violation,52
"185082",Tree Removal,51
"185077",Tree Trim,75
"185074",Tree Removal,51
"185072",Tree Trim,75
"185067",Tree Trim,75
"185064",Tree Trim,75
"185059",Tree Trim,75
"185057",Tree Trim,75
"185055",Tree Trim,75
"185054",Tree Removal,51
"185048",Tree Trim,75
"185045",Tree Trim,75
"185042",Tree Removal,51
"185041",Tree Removal,51
"185033",Tree Removal,51
"185032",Tree Trim,75
"185031",Tree Removal,51
"185030",Tree Trim,75
"185027",Tree Stump Grinding,116
"185018",Tree Trim,75
"185016",Tree Trim,75
"185013",Tree Removal,51
"185010",Tree Trim,75
"185003",Tree Trim,75
"185002",Tree Trim,75
"185000",Tree Removal,51
"185342",Tree Trim,75
"184999",Tree Trim,75
"184994",Tree Removal,51
"184993",Tree Removal,51
"184992",Tree Removal,51
"184990",Tree Trim,75
"184985",Tree Trim,75
"184977",Tree Removal,51
"184973",Tree Stump Grinding,116
"184965",Tree Removal,51
"184959",Tree Removal,51
"184958",Tree Trim,75
"184953",Tree Removal,51
"184950",Tree Removal,51
"184949",Tree Removal,51
"184947",Tree Removal,51
"184945",Tree Trim,75
"184943",Tree Removal,51
"184939",Tree Removal,51
"184938",Tree Removal,51
"184937",Tree Removal,51
"184934",Tree Trim,75
"184933",Tree Trim,75
"184932",Tree Trim,75
"184929",Tree Removal,51
"184927",Tree Removal,51
"185122",Tree Removal,51
"184924",Tree Trim,75
"184923",Tree Code Violation,52
"184922",Tree Trim,75
"184920",Tree Trim,75
"184918",Tree Stump Grinding,116
"184914",Tree Trim,75
"184909",Tree Removal,51
"184910",Tree Removal,51
"184907",Tree Removal,51
"184904",Tree Trim,75
"184899",Tree Removal,51
"184895",Tree Trim,75
"184894",Tree Removal,51
"184893",Tree Trim,75
"184892",Tree Trim,75
"184890",Tree Stump Grinding,116
"184885",Tree Trim,75
"184884",Tree Removal,51
"184883",Tree Trim,75
"184874",Tree Trim,75
"184872",Tree Trim,75
"184871",Tree Trim,75
"184869",Tree Trim,75
"184868",Tree Trim,75
"184866",Tree Removal,51
"184865",Tree Trim,75
"184864",Tree Trim,75
"184860",Tree Trim,75
"184857",Tree Removal,51
"184855",Tree Trim,75
"184848",Tree Trim,75
"184846",Tree Trim,75
"184844",Tree Trim,75
"184843",Tree Code Violation,52
"184842",Tree Trim,75
"184838",Tree Removal,51
"184837",Tree Trim,75
"184833",Tree Trim,75
"184832",Tree Code Violation,52
"184831",Tree Trim,75
"184829",Tree Removal,51
"184828",Tree Removal,51
"184825",Tree Removal,51
"184824",Tree Trim,75
"184819",Tree Trim,75
"184816",Tree Trim,75
"184808",Tree Trim,75
"184809",Tree Removal,51
"184807",Tree Trim,75
"184804",Tree Code Violation,52
"184803",Tree Removal,51
"184798",Tree Trim,75
"184796",Tree Stump Grinding,116
"184981",Tree Trim,75
"184795",Tree Trim,75
"184791",Tree Trim,75
"184789",Tree Trim,75
"184784",Tree Stump Grinding,116
"184783",Tree Trim,75
"184777",Tree Trim,75
"184772",Tree Trim,75
"184768",Tree Trim,75
"184767",Tree Trim,75
"184766",Tree Removal,51
"184765",Tree Trim,75
"184764",Tree Removal,51
"184756",Tree Removal,51
"184755",Tree Trim,75
"184750",Tree Removal,51
"184749",Tree Trim,75
"184734",Tree Removal,51
"184718",Tree Trim,75
"184717",Tree Removal,51
"184716",Tree Removal,51
"184715",Tree Removal,51
"184711",Tree Stump Grinding,116
"184699",Tree Trim,75
"185559",Tree Removal,51
"184693",Tree Removal,51
"184687",Tree Trim,75
"184684",Tree Trim,75
"184682",Tree Trim,75
"184681",Tree Removal,51
"184677",Tree Trim,75
"184676",Tree Removal,51
"184670",Tree Removal,51
"184668",Tree Trim,75
"184667",Tree Trim,75
"184666",Tree Removal,51
"184662",Tree Trim,75
"184656",Tree Trim,75
"184919",Tree Trim,75
"184649",Tree Trim,75
"184644",Tree Trim,75
"184631",Tree Trim,75
"184630",Tree Trim,75
"184628",Tree Trim,75
"184626",Tree Trim,75
"184624",Tree Removal,51
"184622",Tree Trim,75
"184619",Tree Trim,75
"184620",Tree Trim,75
"184616",Tree Trim,75
"184615",Tree Trim,75
"184611",Tree Removal,51
"184610",Tree Trim,75
"184606",Tree Removal,51
"184605",Tree Trim,75
"184604",Tree Removal,51
"184603",Tree Removal,51
"184602",Tree Trim,75
"184599",Tree Removal,51
"184598",Tree Removal,51
"184595",Tree Removal,51
"184593",Tree Removal,51
"184594",Tree Trim,75
"184590",Tree Trim,75
"184588",Tree Trim,75
"184582",Tree Removal,51
"184916",Tree Removal,51
"184917",Tree Trim,75
"184579",Tree Trim,75
"184577",Tree Trim,75
"184576",Tree Removal,51
"184567",Tree Removal,51
"184566",Tree Trim,75
"178898",Tree Trim,
"184558",Tree Removal,51
"184557",Tree Trim,75
"184554",Tree Trim,75
"184552",Tree Removal,51
"184551",Tree Trim,75
"184549",Tree Trim,75
"184550",Tree Removal,51
"184547",Tree Trim,75
"184545",Tree Removal,51
"184542",Tree Removal,51
"184541",Tree Removal,51
"184540",Tree Trim,75
"184538",Tree Removal,51
"184536",Tree Trim,75
"184533",Tree Trim,75
"184535",Tree Trim,75
"184529",Tree Trim,75
"184528",Tree Trim,75
"184525",Tree Trim,75
"184523",Tree Trim,75
"184519",Tree Removal,51
"184518",Tree Removal,51
"184517",Tree Trim,75
"184514",Tree Trim,75
"184506",Tree Removal,51
"184502",Tree Removal,51
"184794",Tree Planting,25
"184500",Tree Trim,75
"184492",Tree Trim,75
"184487",Tree Trim,75
"184478",Tree Removal,51
"184474",Tree Code Violation,52
"184470",Tree Trim,75
"184467",Tree Trim,75
"184465",Tree Trim,75
"184464",Tree Trim,75
"184458",Tree Removal,51
"184455",Tree Removal,51
"184732",Tree Trim,75
"184447",Tree Trim,75
"184445",Tree Removal,51
"184444",Tree Trim,75
"184440",Tree Trim,75
"184437",Tree Stump Grinding,116
"184436",Tree Removal,51
"184430",Tree Trim,75
"184428",Tree Trim,75
"184427",Tree Trim,75
"184423",Tree Planting,25
"184420",Tree Trim,75
"184416",Tree Trim,75
"184415",Tree Trim,75
"184414",Tree Removal,51
"184413",Tree Trim,75
"184411",Tree Removal,51
"184410",Tree Trim,75
"184400",Tree Removal,51
"184392",Tree Trim,75
"184390",Tree Removal,51
"184388",Tree Trim,75
"184384",Tree Removal,51
"184383",Tree Trim,75
"184382",Tree Trim,75
"184379",Tree Trim,75
"184378",Tree Removal,51
"185567",Tree Removal,51
"185556",Tree Trim,75
"185557",Tree Removal,51
"185558",Tree Trim,75
"184368",Tree Trim,75
"184367",Tree Trim,75
"184365",Tree Removal,51
"184361",Tree Trim,75
"184357",Tree Trim,75
"184358",Tree Removal,51
"184355",Tree Trim,75
"184354",Tree Trim,75
"184351",Tree Removal,51
"184350",Tree Removal,51
"184349",Tree Trim,75
"184348",Tree Removal,51
"185560",Tree Removal,51
"184342",Tree Trim,75
"184341",Tree Trim,75
"184339",Tree Trim,75
"184658",Tree Removal,51
"184337",Tree Stump Grinding,116
"184336",Tree Removal,51
"184334",Tree Removal,51
"184330",Tree Trim,75
"184329",Tree Trim,75
"184328",Tree Removal,51
"184326",Tree Removal,51
"184325",Tree Removal,51
"185561",Tree Trim,75
"184322",Tree Trim,75
"184320",Tree Trim,75
"184319",Tree Trim,75
"184316",Tree Trim,75
"184315",Tree Trim,75
"184312",Tree Removal,51
"184305",Tree Trim,75
"184301",Tree Trim,75
"184300",Tree Trim,75
"184297",Tree Removal,51
"184296",Tree Trim,75
"184294",Tree Trim,75
"184293",Tree Removal,51
"184289",Tree Trim,75
"184284",Tree Removal,51
"184282",Tree Trim,75
"184281",Tree Removal,51
"184279",Tree Trim,75
"184278",Tree Trim,75
"184276",Tree Trim,75
"184275",Tree Removal,51
"184271",Tree Trim,75
"184269",Tree Removal,51
"184266",Tree Trim,75
"184261",Tree Trim,75
"184260",Tree Trim,75
"184259",Tree Trim,75
"184258",Tree Trim,75
"184256",Tree Code Violation,52
"184253",Tree Removal,51
"184254",Tree Removal,51
"184250",Tree Removal,51
"184251",Tree Trim,75
"184244",Tree Trim,75
"184242",Tree Removal,51
"184241",Tree Trim,75
"184238",Tree Trim,75
"184234",Tree Removal,51
"184235",Tree Removal,51
"184231",Tree Removal,51
"184232",Tree Removal,51
"184225",Tree Trim,75
"184222",Tree Removal,51
"184979",Tree Removal,51
"184220",Tree Removal,51
"184216",Tree Trim,75
"184217",Tree Trim,75
"184218",Tree Removal,51
"184219",Tree Removal,51
"184213",Tree Removal,51
"184214",Tree Trim,75
"185562",Tree Trim,75
"184210",Tree Removal,51
"184209",Tree Trim,75
"184206",Tree Trim,75
"184203",Tree Trim,75
"184201",Tree Removal,51
"184200",Tree Trim,75
"184199",Tree Trim,75
"184191",Tree Removal,51
"184190",Tree Trim,75
"184189",Tree Trim,75
"184187",Tree Trim,75
"184249",Tree Trim,75
"184176",Tree Trim,75
"184171",Tree Trim,75
"184170",Tree Removal,51
"184169",Tree Removal,51
"185123",Tree Removal,51
"184162",Tree Trim,75
"184161",Tree Trim,75
"184160",Tree Trim,75
"184642",Tree Removal,51
"184158",Tree Removal,51
"184643",Tree Removal,51
"184154",Tree Trim,75
"184641",Tree Removal,51
"184153",Tree Trim,75
"184625",Tree Removal,51
"184150",Tree Removal,51
"184147",Tree Trim,75
"184148",Tree Removal,51
"184139",Tree Trim,75
"184137",Tree Removal,51
"184134",Tree Removal,51
"184132",Tree Trim,75
"184129",Tree Trim,75
"184127",Tree Trim,75
"184122",Tree Trim,75
"184597",Tree Removal,51
"184121",Tree Trim,75
"184119",Tree Trim,75
"184118",Tree Trim,75
"184112",Tree Trim,75
"184111",Tree Trim,75
"184109",Tree Removal,51
"184106",Tree Removal,51
"184104",Tree Stump Grinding,116
"184102",Tree Removal,51
"184099",Tree Code Violation,52
"184098",Tree Trim,75
"184463",Tree Trim,75
"184093",Tree Removal,51
"184092",Tree Trim,75
"184091",Tree Removal,51
"184090",Tree Trim,75
"184083",Tree Trim,75
"184081",Tree Trim,75
"184080",Tree Trim,75
"184078",Tree Trim,75
"184075",Tree Trim,75
"184074",Tree Trim,75
"184073",Tree Removal,51
"184089",Tree Removal,51
"184071",Tree Trim,75
"184068",Tree Trim,75
"185563",Tree Removal,51
"184360",Tree Removal,51
"184061",Tree Trim,75
"184049",Tree Removal,51
"184048",Tree Trim,75
"184046",Tree Trim,75
"184034",Tree Trim,75
"184030",Tree Trim,75
"184025",Tree Removal,51
"184023",Tree Removal,51
"184020",Tree Trim,75
"184018",Tree Removal,51
"184019",Tree Code Violation,52
"184014",Tree Trim,75
"183998",Tree Trim,75
"183995",Tree Removal,51
"183994",Tree Trim,75
"183993",Tree Removal,51
"183990",Tree Trim,75
"183988",Tree Trim,75
"183989",Tree Trim,75
"183987",Tree Trim,75
"183982",Tree Trim,75
"183983",Tree Trim,75
"183980",Tree Code Violation,52
"183979",Tree Trim,75
"183975",Tree Trim,75
"183968",Tree Removal,51
"183966",Tree Trim,74
"183960",Tree Removal,51
"183958",Tree Trim,75
"183952",Tree Trim,75
"183951",Tree Trim,75
"183946",Tree Removal,51
"183944",Tree Removal,51
"183945",Tree Removal,51
"183938",Tree Trim,75
"183935",Tree Trim,75
"183933",Tree Trim,75
"183930",Tree Removal,51
"183929",Tree Trim,75
"183928",Tree Trim,75
"183926",Tree Trim,75
"183925",Tree Trim,75
"183924",Tree Trim,75
"183919",Tree Removal,51
"183912",Tree Trim,75
"183908",Tree Trim,75
"183910",Tree Removal,51
"183904",Tree Trim,75
"183901",Tree Removal,51
"183896",Tree Trim,75
"183890",Tree Trim,75
"183885",Tree Trim,75
"183883",Tree Removal,51
"183880",Tree Trim,75
"183879",Tree Trim,75
"183878",Tree Removal,51
"183876",Tree Removal,51
"183873",Tree Removal,51
"183867",Tree Trim,75
"183866",Tree Trim,75
"183874",Tree Removal,51
"183865",Tree Trim,75
"183861",Tree Removal,51
"183889",Tree Trim,75
"183860",Tree Trim,75
"183857",Tree Trim,75
"183855",Tree Removal,50
"183849",Tree Trim,75
"183894",Tree Trim,75
"183846",Tree Trim,75
"183840",Tree Trim,75
"185564",Tree Removal,51
"185565",Tree Trim,75
"185568",Tree Removal,51
"183822",Tree Trim,75
"183817",Tree Trim,75
"183813",Tree Trim,75
"183812",Tree Trim,75
"183810",Tree Removal,51
"183808",Tree Trim,75
"183807",Tree Trim,75
"183805",Tree Removal,51
"183804",Tree Removal,51
"183802",Tree Trim,75
"183800",Tree Trim,75
"183798",Tree Trim,75
"183793",Tree Trim,75
"183791",Tree Trim,75
"183790",Tree Code Violation,52
"183789",Tree Trim,75
"183785",Tree Trim,75
"183782",Tree Trim,75
"183779",Tree Removal,51
"183778",Tree Removal,51
"183773",Tree Trim,75
"183772",Tree Trim,75
"183770",Tree Removal,51
"183769",Tree Trim,75
"183766",Tree Trim,75
"183765",Tree Removal,51
"183764",Tree Trim,75
"183762",Tree Removal,51
"183761",Tree Stump Grinding,116
"183756",Tree Trim,75
"183755",Tree Removal,51
"183751",Tree Trim,75
"183748",Tree Removal,51
"183747",Tree Trim,75
"183746",Tree Removal,51
"183745",Tree Trim,75
"183742",Tree Trim,75
"183737",Tree Trim,75
"183738",Tree Removal,51
"183741",Tree Trim,75
"183729",Tree Removal,51
"183730",Tree Removal,51
"183731",Tree Trim,75
"183728",Tree Stump Grinding,116
"183732",Tree Trim,75
"183725",Tree Trim,75
"183726",Tree Removal,51
"183722",Tree Removal,51
"183721",Tree Removal,51
"183720",Tree Trim,75
"183714",Tree Trim,75
"185570",Tree Trim,75
"183710",Tree Removal,51
"183703",Tree Removal,51
"183697",Tree Removal,51
"183693",Tree Trim,75
"183690",Tree Trim,75
"183686",Tree Trim,75
"183687",Tree Removal,51
"183683",Tree Trim,75
"183681",Tree Trim,75
"183677",Tree Removal,51
"183664",Tree Trim,75
"183661",Tree Trim,75
"183660",Tree Trim,75
"183658",Tree Removal,51
"183657",Tree Removal,51
"183655",Tree Removal,51
"183651",Tree Trim,75
"183642",Tree Removal,51
"183633",Tree Trim,75
"183631",Tree Removal,51
"183630",Tree Trim,75
"183629",Tree Removal,51
"183626",Tree Trim,75
"183627",Tree Trim,75
"183625",Tree Removal,51
"183622",Tree Removal,51
"183621",Tree Removal,51
"183619",Tree Trim,75
"183618",Tree Removal,51
"183616",Tree Removal,51
"183614",Tree Trim,75
"183612",Tree Trim,75
"183607",Tree Trim,75
"183604",Tree Trim,75
"183603",Tree Trim,75
"183601",Tree Trim,74
"183600",Tree Trim,75
"184085",Tree Removal,51
"183595",Tree Removal,51
"183596",Tree Removal,51
"183591",Tree Removal,51
"183589",Tree Removal,51
"183588",Tree Trim,75
"183586",Tree Removal,51
"183577",Tree Trim,75
"183573",Tree Planting,25
"183571",Tree Trim,75
"183568",Tree Trim,75
"183566",Tree Removal,51
"183563",Tree Trim,75
"183559",Tree Removal,51
"183558",Tree Removal,51
"183554",Tree Removal,51
"183552",Tree Removal,51
"183815",Tree Trim,75
"183550",Tree Trim,75
"183543",Tree Removal,51
"183542",Tree Removal,51
"183546",Tree Removal,51
"183535",Tree Removal,51
"183534",Tree Removal,51
"183533",Tree Removal,51
"183532",Tree Removal,51
"183530",Tree Removal,51
"183529",Tree Trim,75
"183520",Tree Trim,75
"183516",Tree Removal,51
"183512",Tree Removal,51
"183510",Tree Removal,51
"183509",Tree Removal,51
"183507",Tree Removal,51
"183504",Tree Removal,51
"183501",Tree Trim,75
"183777",Tree Removal,51
"183498",Tree Trim,75
"183497",Tree Trim,75
"183495",Tree Removal,51
"183491",Tree Removal,51
"183486",Tree Trim,75
"183485",Tree Removal,51
"183482",Tree Removal,51
"183480",Tree Removal,51
"183479",Tree Removal,51
"183776",Tree Removal,51
"183478",Tree Removal,51
"183475",Tree Trim,75
"183472",Tree Trim,75
"183774",Tree Removal,51
"183775",Tree Removal,51
"183461",Tree Removal,51
"183460",Tree Removal,51
"183457",Tree Removal,51
"183456",Tree Removal,51
"183455",Tree Trim,75
"183450",Tree Trim,75
"183449",Tree Removal,51
"183448",Tree Removal,51
"183447",Tree Trim,75
"183446",Tree Trim,75
"183445",Tree Code Violation,52
"183441",Tree Trim,75
"183440",Tree Removal,51
"183439",Tree Removal,51
"183436",Tree Removal,51
"183435",Tree Removal,51
"183434",Tree Removal,51
"183429",Tree Removal,51
"183419",Tree Removal,51
"183418",Tree Removal,51
"183416",Tree Removal,51
"183415",Tree Trim,75
"183413",Tree Removal,51
"183412",Tree Trim,75
"183409",Tree Removal,51
"183410",Tree Removal,51
"183405",Tree Removal,51
"183404",Tree Trim,75
"183403",Tree Removal,51
"183399",Tree Trim,75
"183398",Tree Removal,51
"183397",Tree Removal,51
"183394",Tree Trim,75
"183390",Tree Trim,75
"183389",Tree Stump Grinding,116
"183388",Tree Trim,75
"183386",Tree Removal,51
"183384",Tree Trim,75
"183383",Tree Trim,75
"183375",Tree Trim,75
"183373",Tree Removal,51
"183367",Tree Removal,51
"183368",Tree Removal,51
"183364",Tree Trim,75
"183362",Tree Removal,51
"183363",Tree Trim,75
"183361",Tree Trim,75
"183360",Tree Removal,51
"183359",Tree Trim,75
"183377",Tree Trim,75
"183350",Tree Removal,51
"183348",Tree Trim,75
"183347",Tree Trim,75
"183346",Tree Removal,51
"183341",Tree Removal,51
"183338",Tree Removal,51
"183334",Tree Trim,75
"183332",Tree Removal,51
"183330",Tree Trim,75
"183325",Tree Trim,75
"183322",Tree Trim,75
"185573",Tree Trim,75
"185574",Tree Removal,51
"183320",Tree Trim,75
"183319",Tree Trim,75
"183314",Tree Trim,75
"183313",Tree Trim,75
"183311",Tree Trim,75
"183309",Tree Trim,75
"183312",Tree Trim,75
"183310",Tree Trim,75
"183301",Tree Removal,51
"183302",Tree Trim,75
"183298",Tree Planting,25
"183295",Tree Removal,51
"183294",Tree Trim,75
"183293",Tree Removal,51
"183292",Tree Removal,51
"185575",Tree Removal,51
"183289",Tree Removal,51
"183287",Tree Removal,51
"183285",Tree Removal,51
"183286",Tree Trim,75
"183283",Tree Trim,75
"183282",Tree Trim,75
"183266",Tree Removal,51
"183264",Tree Trim,75
"183258",Tree Removal,51
"183256",Tree Trim,75
"183255",Tree Trim,75
"183254",Tree Trim,75
"183251",Tree Removal,51
"183250",Tree Trim,75
"183247",Tree Trim,75
"183246",Tree Removal,51
"183242",Tree Stump Grinding,116
"183238",Tree Trim,75
"183235",Tree Trim,75
"183236",Tree Removal,51
"183229",Tree Trim,75
"183227",Tree Removal,51
"183220",Tree Trim,75
"183974",Tree Removal,51
"183214",Tree Stump Grinding,116
"183213",Tree Removal,51
"183211",Tree Removal,51
"183209",Tree Trim,75
"183210",Tree Removal,51
"183203",Tree Removal,51
"183202",Tree Trim,75
"183199",Tree Removal,51
"183198",Tree Removal,51
"183195",Tree Removal,51
"185598",Tree Removal,51
"183192",Tree Removal,51
"183191",Tree Removal,51
"183188",Tree Trim,75
"183180",Tree Trim,75
"183176",Tree Code Violation,52
"183175",Tree Removal,51
"183174",Tree Removal,51
"183171",Tree Removal,51
"183169",Tree Removal,51
"183167",Tree Trim,75
"183166",Tree Removal,51
"183165",Tree Removal,51
"183162",Tree Trim,75
"183161",Tree Trim,75
"183156",Tree Trim,75
"183245",Tree Removal,51
"183151",Tree Removal,51
"183150",Tree Trim,75
"183230",Tree Removal,51
"183231",Tree Removal,51
"183232",Tree Removal,51
"185599",Tree Removal,51
"183144",Tree Removal,51
"183143",Tree Removal,51
"183141",Tree Removal,51
"183138",Tree Trim,75
"183134",Tree Removal,51
"183131",Tree Removal,51
"183130",Tree Trim,75
"183127",Tree Trim,75
"183123",Tree Trim,75
"183120",Tree Trim,75
"183116",Tree Trim,75
"183115",Tree Removal,51
"183113",Tree Trim,75
"183110",Tree Removal,51
"183105",Tree Removal,51
"183104",Tree Trim,75
"183103",Tree Trim,75
"183101",Tree Removal,51
"183100",Tree Removal,51
"183099",Tree Removal,51
"183095",Tree Removal,51
"183091",Tree Removal,51
"183083",Tree Removal,51
"183086",Tree Removal,51
"183080",Tree Removal,51
"183060",Tree Removal,51
"183056",Tree Removal,51
"183051",Tree Removal,51
"183050",Tree Removal,51
"183045",Tree Removal,51
"183036",Tree Trim,75
"183033",Tree Removal,51
"183030",Tree Removal,51
"183028",Tree Removal,51
"183040",Tree Trim,75
"183023",Tree Removal,51
"183022",Tree Removal,51
"183020",Tree Removal,51
"183019",Tree Removal,51
"183013",Tree Trim,75
"183007",Tree Removal,51
"183005",Tree Trim,75
"183004",Tree Removal,51
"183000",Tree Removal,51
"182980",Tree Removal,51
"183226",Tree Removal,51
"182981",Tree Removal,51
"182976",Tree Trim,75
"182977",Tree Removal,51
"182971",Tree Removal,51
"182970",Tree Removal,51
"182965",Tree Removal,51
"183002",Tree Removal,51
"182962",Tree Removal,51
"182958",Tree Trim,75
"182956",Tree Removal,51
"182957",Tree Trim,75
"182954",Tree Removal,51
"182955",Tree Trim,75
"183221",Tree Removal,51
"183204",Tree Removal,51
"183003",Tree Removal,51
"183205",Tree Removal,51
"182951",Tree Removal,51
"182950",Tree Removal,51
"182945",Tree Trim,75
"182943",Tree Trim,75
"182942",Tree Removal,51
"182941",Tree Removal,51
"182939",Tree Removal,51
"182937",Tree Removal,51
"182935",Tree Trim,75
"182933",Tree Trim,75
"182930",Tree Removal,51
"182929",Tree Removal,51
"182926",Tree Removal,51
"182924",Tree Removal,51
"182923",Tree Removal,51
"182922",Tree Trim,75
"182920",Tree Removal,51
"182919",Tree Removal,51
"182916",Tree Removal,51
"182913",Tree Removal,51
"182912",Tree Removal,51
"182911",Tree Trim,75
"182907",Tree Trim,75
"182906",Tree Trim,75
"182905",Tree Removal,51
"182901",Tree Removal,51
"182900",Tree Removal,51
"183196",Tree Removal,51
"182896",Tree Removal,51
"182894",Tree Removal,51
"182895",Tree Removal,51
"182891",Tree Removal,51
"182886",Tree Removal,51
"182887",Tree Removal,51
"182881",Tree Removal,51
"182885",Tree Trim,75
"182880",Tree Trim,75
"182878",Tree Trim,75
"182875",Tree Removal,51
"182876",Tree Removal,51
"182877",Tree Removal,51
"182874",Tree Removal,51
"182871",Tree Removal,51
"182872",Tree Trim,75
"183081",Tree Removal,51
"182865",Tree Removal,51
"182866",Tree Removal,51
"182869",Tree Removal,51
"183075",Tree Removal,51
"182859",Tree Trim,75
"183076",Tree Removal,51
"182858",Tree Removal,51
"182856",Tree Removal,51
"182857",Tree Removal,51
"182854",Tree Removal,51
"183077",Tree Removal,51
"183078",Tree Removal,51
"182849",Tree Removal,51
"182850",Tree Trim,75
"183073",Tree Trim,75
"183074",Tree Removal,51
"183071",Tree Removal,51
"182848",Tree Trim,75
"183069",Tree Removal,51
"182845",Tree Trim,75
"182844",Tree Removal,51
"183065",Tree Trim,75
"182837",Tree Trim,75
"182834",Tree Removal,51
"182832",Tree Trim,75
"182830",Tree Trim,75
"182828",Tree Removal,51
"182827",Tree Trim,75
"182820",Tree Trim,75
"182819",Tree Trim,75
"182817",Tree Trim,75
"182814",Tree Trim,75
"182813",Tree Removal,51
"182807",Tree Removal,51
"182806",Tree Trim,75
"182804",Tree Trim,75
"182801",Tree Removal,51
"182800",Tree Removal,51
"182799",Tree Removal,51
"182796",Tree Planting,25
"182792",Tree Code Violation,52
"182791",Tree Trim,75
"185601",Tree Removal,51
"182784",Tree Removal,51
"182783",Tree Trim,75
"183052",Tree Removal,51
"182771",Tree Trim,75
"185581",Tree Removal,51
"182769",Tree Trim,75
"182768",Tree Removal,51
"182764",Tree Removal,51
"182761",Tree Trim,75
"182759",Tree Trim,75
"182757",Tree Removal,51
"182754",Tree Removal,51
"182755",Tree Removal,51
"182752",Tree Trim,75
"182749",Tree Trim,75
"182748",Tree Trim,75
"182747",Tree Trim,75
"182745",Tree Trim,75
"182743",Tree Removal,51
"182739",Tree Removal,51
"182738",Tree Trim,75
"182735",Tree Removal,51
"182732",Tree Trim,75
"182731",Tree Removal,51
"182725",Tree Trim,75
"182721",Tree Stump Grinding,116
"182720",Tree Trim,75
"182717",Tree Trim,75
"182714",Tree Trim,75
"182713",Tree Trim,75
"182712",Tree Trim,75
"182711",Tree Trim,75
"182710",Tree Trim,75
"182708",Tree Removal,51
"182701",Tree Trim,75
"182700",Tree Removal,51
"182699",Tree Removal,51
"182696",Tree Removal,51
"182695",Tree Trim,75
"182693",Tree Trim,75
"182688",Tree Planting,25
"182687",Tree Removal,51
"182685",Tree Trim,75
"182681",Tree Planting,25
"182680",Tree Removal,51
"182686",Tree Trim,75
"182678",Tree Trim,75
"182677",Tree Removal,51
"182675",Tree Trim,75
"182673",Tree Trim,75
"182672",Tree Trim,75
"185583",Tree Trim,75
"185584",Tree Trim,75
"185585",Tree Removal,51
"185586",Tree Removal,51
"185587",Tree Trim,75
"185589",Tree Removal,51
"182780",Tree Trim,75
"185591",Tree Trim,75
"185594",Tree Trim,75
"185595",Tree Trim,75
"185643",Tree Trim,74
"185644",Tree Trim,75
"185645",Tree Removal,51
"185646",Tree Trim,75
"185647",Tree Trim,75
"185648",Tree Trim,75
"185649",Tree Trim,75
"182781",Tree Trim,75
"185650",Tree Trim,75
"185651",Tree Trim,75
"185652",Tree Removal,51
"185653",Tree Trim,75
"185654",Tree Removal,51
"185655",Tree Trim,75
"185636",Tree Trim,75
"182594",Tree Trim,75
"182592",Tree Trim,75
"182590",Tree Removal,51
"182589",Tree Trim,75
"182588",Tree Trim,75
"182586",Tree Removal,51
"185626",Tree Removal,51
"182666",Tree Removal,51
"182584",Tree Trim,75
"182583",Tree Trim,75
"182582",Tree Removal,51
"182581",Tree Trim,75
"182580",Tree Trim,75
"182578",Tree Trim,75
"182577",Tree Removal,51
"182576",Tree Trim,75
"182573",Tree Trim,75
"182571",Tree Removal,51
"182568",Tree Removal,51
"182566",Tree Trim,75
"182567",Tree Removal,51
"182565",Tree Trim,75
"182564",Tree Removal,51
"182561",Tree Removal,51
"182558",Tree Trim,75
"182559",Tree Trim,75
"182557",Tree Trim,75
"182552",Tree Removal,51
"182550",Tree Trim,75
"182549",Tree Removal,51
"182548",Tree Trim,75
"182547",Tree Trim,75
"182544",Tree Trim,75
"182542",Tree Removal,51
"182541",Tree Removal,51
"182535",Tree Trim,75
"182531",Tree Removal,51
"182528",Tree Removal,51
"182525",Tree Trim,75
"182518",Tree Trim,75
"182517",Tree Trim,75
"182507",Tree Trim,75
"182506",Tree Removal,51
"182503",Tree Removal,51
"182502",Tree Removal,51
"185627",Tree Trim,75
"182493",Tree Removal,51
"182491",Tree Removal,51
"182485",Tree Trim,75
"182480",Tree Trim,75
"182479",Tree Trim,75
"182477",Tree Trim,75
"182527",Tree Trim,75
"182472",Tree Trim,75
"182471",Tree Trim,75
"182470",Tree Trim,75
"182464",Tree Trim,75
"182463",Tree Trim,75
"182461",Tree Trim,75
"182460",Tree Trim,75
"182459",Tree Trim,75
"182457",Tree Trim,75
"182456",Tree Trim,75
"182451",Tree Removal,51
"182449",Tree Trim,75
"182446",Tree Trim,75
"182444",Tree Removal,51
"182442",Tree Trim,75
"182455",Tree Trim,75
"182440",Tree Removal,51
"182439",Tree Trim,75
"185630",Tree Removal,51
"185631",Tree Trim,75
"182436",Tree Trim,75
"182435",Tree Trim,75
"182433",Tree Trim,75
"182431",Tree Trim,75
"182429",Tree Trim,75
"185632",Tree Trim,75
"182419",Tree Trim,75
"182418",Tree Removal,51
"182417",Tree Trim,75
"182414",Tree Trim,75
"182412",Tree Trim,75
"182411",Tree Removal,51
"182409",Tree Trim,75
"182407",Tree Trim,75
"182405",Tree Trim,75
"182404",Tree Trim,75
"182397",Tree Removal,51
"182390",Tree Removal,51
"182389",Tree Trim,75
"182383",Tree Trim,75
"182380",Tree Trim,75
"182379",Tree Trim,75
"182378",Tree Trim,75
"182376",Tree Trim,75
"182371",Tree Trim,75
"185633",Tree Trim,75
"182365",Tree Removal,51
"185672",Tree Removal,51
"182359",Tree Trim,75
"182360",Tree Removal,51
"182358",Tree Trim,75
"182356",Tree Removal,51
"182354",Tree Trim,75
"182352",Tree Removal,51
"182351",Tree Trim,75
"182350",Tree Removal,51
"182349",Tree Trim,75
"182346",Tree Trim,75
"182337",Tree Trim,75
"182336",Tree Trim,75
"182328",Tree Trim,75
"182326",Tree Trim,75
"182323",Tree Trim,75
"182321",Tree Removal,51
"182318",Tree Trim,75
"182317",Tree Trim,75
"182315",Tree Removal,51
"182306",Tree Stump Grinding,116
"182304",Tree Trim,75
"185634",Tree Trim,75
"182301",Tree Code Violation,52
"182300",Tree Trim,75
"182299",Tree Trim,75
"182298",Tree Removal,51
"185635",Tree Trim,75
"182295",Tree Trim,75
"182293",Tree Planting,25
"182290",Tree Removal,51
"182286",Tree Removal,51
"182281",Tree Trim,75
"182280",Tree Removal,51
"182294",Tree Trim,75
"182274",Tree Trim,75
"182275",Tree Removal,51
"182273",Tree Trim,75
"182263",Tree Trim,75
"185638",Tree Removal,51
"182262",Tree Trim,75
"185639",Tree Trim,75
"182259",Tree Removal,51
"185640",Tree Removal,51
"182257",Tree Removal,51
"185641",Tree Trim,75
"185617",Tree Trim,75
"185618",Tree Trim,75
"182253",Tree Removal,51
"185622",Tree Trim,75
"182248",Tree Removal,51
"185623",Tree Trim,75
"182270",Tree Removal,51
"182243",Tree Trim,75
"182239",Tree Trim,75
"182238",Tree Trim,75
"182234",Tree Trim,75
"185642",Tree Trim,75
"182220",Tree Removal,51
"182217",Tree Trim,75
"182216",Tree Trim,75
"182214",Tree Removal,51
"182209",Tree Trim,75
"182207",Tree Removal,51
"182206",Tree Removal,51
"182204",Tree Removal,51
"182200",Tree Trim,75
"182199",Tree Removal,51
"182265",Tree Removal,51
"182266",Tree Trim,75
"182195",Tree Trim,75
"182192",Tree Trim,75
"182193",Tree Trim,75
"182194",Tree Removal,51
"182189",Tree Trim,75
"182184",Tree Removal,51
"182182",Tree Removal,51
"182181",Tree Trim,75
"182179",Tree Trim,75
"182178",Tree Trim,75
"182177",Tree Removal,51
"182173",Tree Trim,75
"182171",Tree Trim,75
"182169",Tree Trim,75
"182167",Tree Trim,75
"182164",Tree Removal,51
"182165",Tree Trim,75
"182162",Tree Trim,75
"182156",Tree Trim,75
"182154",Tree Trim,75
"182152",Tree Trim,75
"182151",Tree Trim,75
"182150",Tree Trim,75
"182145",Tree Trim,75
"182144",Tree Removal,51
"182142",Tree Trim,75
"182140",Tree Trim,75
"182122",Tree Trim,75
"182121",Tree Trim,75
"182119",Tree Trim,75
"182116",Tree Trim,75
"182113",Tree Trim,75
"182114",Tree Trim,75
"182109",Tree Stump Grinding,116
"182108",Tree Trim,75
"182102",Tree Removal,51
"182100",Tree Trim,75
"182097",Tree Removal,51
"182096",Tree Removal,51
"182093",Tree Trim,75
"182091",Tree Removal,51
"182087",Tree Trim,75
"182083",Tree Trim,75
"182081",Tree Trim,75
"182073",Tree Trim,75
"182072",Tree Trim,75
"182071",Tree Removal,51
"182070",Tree Removal,51
"182068",Tree Trim,75
"182069",Tree Stump Grinding,116
"182060",Tree Removal,51
"182053",Tree Removal,51
"182051",Tree Trim,75
"182065",Tree Removal,51
"182050",Tree Trim,75
"182048",Tree Trim,75
"182045",Tree Removal,51
"182283",Tree Trim,75
"182043",Tree Removal,51
"182033",Tree Trim,75
"185612",Tree Trim,75
"187926",Tree Removal,347
"182028",Tree Trim,75
"182026",Tree Trim,75
"182024",Tree Removal,51
"182023",Tree Code Violation,52
"182022",Tree Trim,75
"185613",Tree Trim,75
"185614",Tree Trim,75
"182019",Tree Trim,75
"182013",Tree Trim,75
"182012",Tree Trim,75
"182008",Tree Trim,75
"185621",Tree Trim,75
"182005",Tree Trim,75
"182004",Tree Trim,75
"181994",Tree Removal,51
"181991",Tree Trim,75
"181990",Tree Trim,75
"181989",Tree Trim,75
"181987",Tree Trim,75
"181982",Tree Trim,75
"181980",Tree Removal,51
"181978",Tree Removal,51
"181969",Tree Trim,75
"181968",Tree Removal,51
"181967",Tree Removal,51
"181965",Tree Trim,75
"181961",Tree Removal,51
"181957",Tree Trim,75
"181950",Tree Trim,75
"181949",Tree Removal,51
"181946",Tree Trim,75
"181944",Tree Trim,75
"181943",Tree Trim,75
"181940",Tree Trim,75
"181934",Tree Removal,51
"181932",Tree Trim,75
"181933",Tree Trim,75
"181930",Tree Trim,75
"181923",Tree Trim,75
"181925",Tree Trim,75
"181922",Tree Trim,75
"181920",Tree Trim,75
"181919",Tree Trim,75
"181916",Tree Trim,75
"181915",Tree Trim,75
"181911",Tree Trim,75
"181910",Tree Trim,75
"181905",Tree Trim,75
"181904",Tree Trim,75
"181900",Tree Trim,75
"181898",Tree Removal,51
"181890",Tree Trim,75
"181889",Tree Trim,75
"181888",Tree Trim,75
"181887",Tree Trim,75
"181870",Tree Trim,75
"181901",Tree Trim,75
"181868",Tree Trim,75
"181866",Tree Trim,75
"181864",Tree Trim,75
"181862",Tree Removal,51
"181860",Tree Removal,51
"181859",Tree Trim,75
"183580",Tree Trim,75
"181852",Tree Removal,51
"181896",Tree Trim,75
"181845",Tree Trim,75
"181839",Tree Removal,51
"181836",Tree Trim,75
"181833",Tree Removal,51
"181831",Tree Removal,51
"181827",Tree Removal,51
"181826",Tree Removal,51
"181824",Tree Trim,75
"181822",Tree Trim,75
"181818",Tree Code Violation,52
"181815",Tree Trim,75
"181835",Tree Trim,75
"181812",Tree Removal,51
"185656",Tree Trim,75
"181802",Tree Trim,75
"181799",Tree Trim,75
"181795",Tree Removal,51
"181794",Tree Removal,51
"181792",Tree Trim,75
"181791",Tree Trim,75
"181787",Tree Trim,75
"181778",Tree Trim,75
"181774",Tree Removal,51
"181773",Tree Trim,75
"181771",Tree Trim,75
"181770",Tree Trim,75
"181765",Tree Trim,75
"181764",Tree Removal,51
"181762",Tree Trim,75
"181767",Tree Trim,75
"181759",Tree Trim,75
"181758",Tree Removal,51
"181757",Tree Trim,75
"181756",Tree Trim,75
"181755",Tree Removal,51
"181754",Tree Trim,75
"181751",Tree Trim,75
"181750",Tree Removal,51
"181748",Tree Trim,75
"181747",Tree Removal,51
"181746",Tree Trim,75
"181745",Tree Removal,51
"181739",Tree Trim,75
"181735",Tree Trim,75
"181733",Tree Trim,75
"181731",Tree Trim,75
"181730",Tree Trim,75
"181727",Tree Trim,75
"181726",Tree Stump Grinding,116
"181722",Tree Trim,75
"185615",Tree Trim,75
"181720",Tree Removal,51
"181717",Tree Trim,75
"181716",Tree Trim,75
"181711",Tree Removal,51
"181703",Tree Trim,75
"181700",Tree Trim,75
"181697",Tree Code Violation,52
"181695",Tree Trim,75
"181693",Tree Trim,75
"181686",Tree Removal,51
"181685",Tree Removal,51
"181682",Tree Removal,51
"181680",Tree Removal,51
"181677",Tree Removal,51
"181674",Tree Removal,51
"181669",Tree Trim,75
"181666",Tree Trim,75
"181665",Tree Trim,75
"181664",Tree Trim,75
"181662",Tree Removal,51
"181661",Tree Trim,75
"181663",Tree Trim,75
"181656",Tree Trim,75
"181654",Tree Removal,51
"181652",Tree Removal,51
"181651",Tree Removal,51
"181649",Tree Trim,75
"181646",Tree Removal,51
"181640",Tree Trim,75
"181642",Tree Removal,51
"181638",Tree Removal,51
"181641",Tree Removal,51
"181634",Tree Trim,75
"183488",Tree Code Violation,52
"181632",Tree Trim,75
"181627",Tree Trim,75
"181624",Tree Trim,75
"181623",Tree Trim,75
"181622",Tree Trim,75
"181621",Tree Removal,51
"181618",Tree Trim,75
"181614",Tree Trim,75
"181613",Tree Trim,75
"181612",Tree Trim,75
"181611",Tree Trim,75
"181609",Tree Trim,75
"181610",Tree Planting,25
"181608",Tree Trim,75
"181604",Tree Trim,75
"181602",Tree Stump Grinding,116
"181598",Tree Removal,51
"181597",Tree Stump Grinding,116
"181595",Tree Removal,51
"181592",Tree Removal,51
"181590",Tree Trim,75
"181588",Tree Trim,75
"181586",Tree Removal,51
"181585",Tree Trim,75
"181582",Tree Trim,75
"181583",Tree Trim,75
"181578",Tree Removal,51
"181574",Tree Removal,51
"181573",Tree Stump Grinding,116
"181564",Tree Trim,75
"181553",Tree Removal,51
"181545",Tree Trim,75
"185609",Tree Trim,75
"181540",Tree Removal,51
"181546",Tree Removal,51
"181541",Tree Trim,75
"181538",Tree Trim,75
"181539",Tree Removal,51
"181533",Tree Trim,75
"181530",Tree Removal,51
"181520",Tree Trim,75
"181519",Tree Removal,51
"181518",Tree Removal,51
"181537",Tree Trim,75
"181605",Tree Trim,75
"181513",Tree Removal,51
"181510",Tree Removal,51
"181508",Tree Trim,75
"181501",Tree Removal,51
"181496",Tree Trim,75
"181495",Tree Trim,75
"181494",Tree Trim,75
"181491",Tree Trim,75
"181476",Tree Trim,75
"181487",Tree Removal,51
"181474",Tree Trim,75
"181473",Tree Trim,75
"181470",Tree Code Violation,52
"181471",Tree Trim,75
"181468",Tree Removal,51
"181466",Tree Removal,51
"181463",Tree Trim,75
"181459",Tree Trim,75
"181457",Tree Removal,51
"181456",Tree Removal,51
"181451",Tree Trim,75
"181450",Tree Trim,75
"181449",Tree Trim,75
"181448",Tree Removal,51
"181461",Tree Trim,75
"181439",Tree Trim,75
"181442",Tree Removal,51
"181418",Tree Trim,75
"181416",Tree Trim,75
"181410",Tree Trim,75
"183575",Tree Trim,146
"181408",Tree Trim,75
"181396",Tree Removal,51
"181395",Tree Removal,51
"181389",Tree Removal,51
"181386",Tree Removal,51
"181385",Tree Trim,75
"181383",Tree Trim,75
"181381",Tree Trim,75
"181402",Tree Removal,51
"181380",Tree Trim,75
"181379",Tree Trim,75
"181378",Tree Trim,75
"181367",Tree Removal,51
"181362",Tree Removal,51
"181361",Tree Removal,51
"181360",Tree Trim,75
"181358",Tree Removal,51
"181357",Tree Trim,75
"181356",Tree Trim,75
"181354",Tree Trim,75
"181352",Tree Trim,75
"181351",Tree Trim,75
"181349",Tree Trim,75
"181370",Tree Removal,51
"181338",Tree Trim,75
"181372",Tree Trim,75
"181334",Tree Removal,51
"181332",Tree Planting,25
"181328",Tree Removal,51
"181327",Tree Trim,75
"181325",Tree Trim,75
"181324",Tree Removal,51
"181323",Tree Removal,51
"181320",Tree Removal,51
"181316",Tree Removal,51
"181311",Tree Trim,75
"181309",Tree Trim,75
"181308",Tree Removal,51
"181305",Tree Removal,51
"181304",Tree Trim,75
"181303",Tree Trim,75
"181301",Tree Trim,75
"181298",Tree Trim,75
"181296",Tree Trim,75
"181294",Tree Trim,75
"181292",Tree Trim,75
"181286",Tree Trim,75
"181284",Tree Trim,75
"181282",Tree Removal,51
"181278",Tree Trim,75
"181277",Tree Trim,75
"181273",Tree Trim,75
"181271",Tree Trim,75
"181269",Tree Removal,51
"181268",Tree Removal,51
"181263",Tree Trim,75
"181257",Tree Trim,75
"185469",Tree Trim,75
"181250",Tree Trim,75
"181249",Tree Trim,75
"181248",Tree Removal,51
"181244",Tree Removal,51
"181243",Tree Trim,75
"181239",Tree Trim,75
"181237",Tree Trim,75
"181234",Tree Trim,75
"181228",Tree Removal,51
"181226",Tree Trim,75
"181225",Tree Trim,75
"181218",Tree Trim,75
"181215",Tree Trim,75
"181213",Tree Removal,51
"181211",Tree Removal,51
"181202",Tree Trim,75
"181200",Tree Removal,51
"181197",Tree Trim,75
"181191",Tree Trim,75
"181189",Tree Trim,75
"181187",Tree Trim,75
"181186",Tree Trim,75
"181180",Tree Removal,51
"181177",Tree Removal,51
"181176",Tree Trim,75
"181175",Tree Trim,75
"181173",Tree Trim,75
"181171",Tree Trim,75
"181169",Tree Removal,51
"181165",Tree Trim,75
"181158",Tree Removal,51
"181161",Tree Removal,51
"181156",Tree Removal,51
"181155",Tree Trim,75
"181154",Tree Removal,51
"181153",Tree Trim,75
"181151",Tree Removal,51
"181148",Tree Trim,75
"181146",Tree Trim,75
"181145",Tree Trim,75
"181144",Tree Trim,75
"181143",Tree Trim,75
"181147",Tree Trim,75
"181133",Tree Trim,75
"181162",Tree Trim,75
"181132",Tree Trim,75
"181131",Tree Trim,75
"181128",Tree Removal,51
"181127",Tree Removal,51
"181125",Tree Trim,75
"181122",Tree Removal,51
"181119",Tree Trim,75
"181120",Tree Code Violation,52
"181118",Tree Removal,51
"181117",Tree Trim,75
"181115",Tree Trim,75
"181114",Tree Removal,51
"181112",Tree Removal,51
"181110",Tree Removal,51
"181107",Tree Removal,51
"181103",Tree Stump Grinding,116
"181129",Tree Trim,75
"181130",Tree Trim,75
"181101",Tree Trim,75
"181097",Tree Trim,75
"181096",Tree Removal,51
"181100",Tree Trim,75
"181094",Tree Trim,75
"181091",Tree Removal,51
"181087",Tree Trim,75
"181083",Tree Removal,51
"181081",Tree Stump Grinding,116
"181078",Tree Trim,75
"181076",Tree Removal,51
"181075",Tree Removal,51
"181074",Tree Removal,51
"181072",Tree Removal,51
"181080",Tree Removal,51
"181068",Tree Trim,75
"181079",Tree Removal,51
"181063",Tree Trim,75
"181060",Tree Removal,51
"181059",Tree Removal,51
"181057",Tree Removal,51
"181065",Tree Trim,75
"181054",Tree Removal,51
"181050",Tree Removal,51
"185681",Tree Trim,75
"181039",Tree Removal,51
"181036",Tree Removal,51
"181048",Tree Trim,75
"181033",Tree Trim,75
"181031",Tree Trim,75
"181029",Tree Trim,75
"181026",Tree Trim,75
"181020",Tree Removal,51
"181017",Tree Trim,75
"181015",Tree Removal,51
"181014",Tree Removal,51
"181013",Tree Trim,75
"181011",Tree Removal,51
"181010",Tree Trim,75
"181009",Tree Trim,75
"181008",Tree Removal,51
"181005",Tree Trim,75
"181003",Tree Removal,51
"181001",Tree Removal,51
"180997",Tree Trim,75
"180996",Tree Trim,75
"180992",Tree Trim,75
"180991",Tree Trim,75
"180989",Tree Trim,75
"180984",Tree Trim,75
"180978",Tree Trim,75
"180973",Tree Trim,75
"180971",Tree Removal,51
"180968",Tree Trim,75
"185611",Tree Trim,75
"180967",Tree Removal,51
"180979",Tree Trim,75
"180964",Tree Removal,51
"180956",Tree Removal,51
"180951",Tree Removal,51
"180948",Tree Trim,75
"180949",Tree Trim,75
"180945",Tree Trim,75
"180947",Tree Trim,75
"180936",Tree Trim,75
"180931",Tree Removal,51
"180929",Tree Trim,75
"180928",Tree Trim,75
"180927",Tree Removal,51
"180924",Tree Removal,51
"180922",Tree Removal,51
"180921",Tree Removal,51
"180609",Tree Trim,75
"180608",Tree Trim,75
"180607",Tree Trim,75
"180606",Tree Trim,75
"180603",Tree Removal,51
"180602",Tree Trim,75
"180612",Tree Trim,75
"180613",Tree Trim,75
"180594",Tree Trim,75
"180593",Tree Trim,75
"180590",Tree Trim,75
"180589",Tree Removal,51
"180588",Tree Trim,75
"180587",Tree Removal,51
"180585",Tree Removal,51
"180582",Tree Removal,51
"180580",Tree Removal,51
"180567",Tree Trim,75
"180564",Tree Removal,51
"180563",Tree Trim,75
"180560",Tree Trim,75
"180559",Tree Trim,75
"180555",Tree Removal,51
"180552",Tree Removal,51
"180551",Tree Removal,51
"180543",Tree Removal,51
"180535",Tree Trim,75
"180529",Tree Removal,51
"180531",Tree Trim,75
"180522",Tree Trim,75
"180518",Tree Removal,51
"180515",Tree Trim,75
"180513",Tree Trim,75
"180512",Tree Trim,75
"180923",Tree Trim,75
"180509",Tree Trim,75
"180507",Tree Removal,51
"180505",Tree Removal,51
"180503",Tree Removal,51
"180510",Tree Removal,51
"180502",Tree Trim,75
"180493",Tree Trim,75
"180490",Tree Trim,75
"180481",Tree Trim,75
"180480",Tree Trim,75
"180479",Tree Removal,51
"180422",Tree Trim,72
"180155",Tree Removal,40
"180133",Tree Trim,63
"180470",Tree Removal,50
"180439",Tree Trim,73
"180421",Tree Trim,72
"180418",Tree Removal,48
"180262",Tree Trim,66
"180151",Tree Trim,64
"352159",Tree Trim,-793
"181164",Tree Trim,75
"179510",Tree Removal,22
"179095",Tree Removal,12
"178477",Tree Trim,9
"179084",Tree Removal,11
"178675",Tree Trim,18
"179049",Tree Trim,33
"178366",Tree Trim,3
"178435",Tree Removal,-16
"178714",Tree Removal,-3
"179006",Tree Trim,31
"179160",Tree Removal,13
"179150",Tree Removal,13
"178923",Tree Trim,29
"179068",Tree Planting,-15
"179739",Tree Removal,29
"179313",Tree Removal,16
"180304",Tree Removal,46
"179752",Tree Removal,29
"179032",Tree Stump Grinding,73
"180231",Tree Trim,66
"179641",Tree Trim,50
"179156",Tree Removal,13
"179324",Tree Trim,41
"179555",Tree Removal,23
"178412",Tree Trim,7
"179554",Tree Removal,22
"179067",Tree Planting,-15
"179148",Tree Removal,13
"178942",Tree Code Violation,7
"178669",Tree Trim,17
"179482",Tree Trim,45
"179825",Tree Trim,56
"178618",Tree Planting,-35
"179323",Tree Trim,41
"181163",Tree Trim,75
"180469",Tree Trim,75
"180467",Tree Removal,51
"180465",Tree Trim,75
"180464",Tree Trim,75
"180459",Tree Trim,75
"180458",Tree Removal,51
"180456",Tree Trim,75
"180454",Tree Removal,51
"180450",Tree Removal,51
"180448",Tree Removal,51
"180447",Tree Trim,75
"180445",Tree Trim,75
"180444",Tree Trim,75
"180442",Tree Trim,75
"180438",Tree Trim,75
"180433",Tree Trim,75
"180432",Tree Trim,75
"180431",Tree Trim,75
"180423",Tree Code Violation,
"180419",Tree Removal,51
"180417",Tree Trim,
"180404",Tree Removal,51
"180402",Tree Removal,51
"180401",Tree Trim,75
"180399",Tree Trim,75
"180397",Tree Trim,75
"199944",Tree Trim,75
"180393",Tree Trim,75
"180392",Tree Removal,
"180386",Tree Stump Grinding,997
"180382",Tree Trim,75
"180379",Tree Trim,75
"180145",Tree Code Violation,52
"180378",Tree Trim,75
"180371",Tree Removal,51
"180365",Tree Removal,51
"180363",Tree Trim,75
"180360",Tree Removal,51
"180358",Tree Trim,
"180351",Tree Trim,75
"180348",Tree Trim,75
"180346",Tree Trim,75
"180344",Tree Removal,51
"180342",Tree Removal,
"180341",Tree Removal,51
"180337",Tree Trim,
"180334",Tree Code Violation,52
"180332",Tree Trim,75
"180330",Tree Trim,
"180329",Tree Removal,
"180324",Tree Trim,75
"180323",Tree Removal,51
"180311",Tree Trim,75
"180309",Tree Removal,
"180308",Tree Removal,
"180307",Tree Removal,51
"180298",Tree Removal,
"180293",Tree Removal,
"180290",Tree Trim,
"180288",Tree Trim,75
"360317",Tree Trim,75
"180282",Tree Trim,75
"180280",Tree Stump Grinding,
"180279",Tree Removal,
"180273",Tree Removal,
"180275",Tree Removal,
"180270",Tree Removal,51
"180268",Tree Removal,
"180263",Tree Removal,
"180259",Tree Trim,
"180258",Tree Trim,75
"180256",Tree Removal,51
"180255",Tree Trim,75
"180253",Tree Removal,
"180252",Tree Trim,75
"180250",Tree Trim,
"180245",Tree Removal,
"180229",Tree Trim,
"180226",Tree Removal,51
"180218",Tree Removal,
"180212",Tree Removal,
"180211",Tree Trim,
"180207",Tree Trim,75
"180205",Tree Trim,
"180203",Tree Trim,75
"180204",Tree Trim,
"180198",Tree Removal,
"180189",Tree Trim,
"180183",Tree Removal,51
"180180",Tree Removal,
"180176",Tree Removal,
"180175",Tree Trim,75
"180172",Tree Removal,
"180168",Tree Removal,
"180164",Tree Removal,51
"180157",Tree Trim,
"180148",Tree Removal,
"180143",Tree Trim,
"180138",Tree Trim,
"180135",Tree Removal,
"180132",Tree Planting,
"180129",Tree Removal,
"180128",Tree Code Violation,
"180122",Tree Trim,
"180118",Tree Trim,
"180115",Tree Trim,75
"180112",Tree Trim,
"180098",Tree Removal,
"180096",Tree Trim,
"180095",Tree Trim,
"180094",Tree Removal,
"180093",Tree Trim,
"360205",Tree Removal,51
"180054",Tree Trim,
"180053",Tree Trim,
"180052",Tree Trim,
"180051",Tree Removal,
"180050",Tree Removal,
"180049",Tree Removal,51
"180046",Tree Trim,
"180043",Tree Removal,
"180033",Tree Removal,
"180028",Tree Removal,
"180024",Tree Trim,75
"180022",Tree Trim,
"180021",Tree Trim,
"180020",Tree Removal,
"180018",Tree Trim,
"360182",Tree Removal,
"360179",Tree Removal,51
"180007",Tree Trim,75
"180005",Tree Trim,
"180001",Tree Removal,
"179998",Tree Trim,
"179996",Tree Removal,
"179994",Tree Trim,
"179992",Tree Trim,
"179989",Tree Trim,
"179988",Tree Removal,51
"179978",Tree Trim,
"179983",Tree Trim,
"179975",Tree Removal,
"179970",Tree Trim,
"179967",Tree Removal,
"179966",Tree Removal,
"179957",Tree Removal,
"179951",Tree Trim,
"179948",Tree Trim,
"179947",Tree Removal,
"179945",Tree Removal,
"179942",Tree Removal,
"179940",Tree Trim,
"179939",Tree Removal,
"179937",Tree Removal,
"179936",Tree Removal,
"179931",Tree Removal,
"179923",Tree Removal,
"179920",Tree Trim,
"179890",Tree Removal,
"179882",Tree Trim,
"179880",Tree Trim,
"179878",Tree Trim,
"179876",Tree Trim,
"179875",Tree Trim,
"179863",Tree Trim,75
"179856",Tree Removal,
"179851",Tree Trim,
"179850",Tree Trim,
"179847",Tree Trim,
"179845",Tree Trim,
"179846",Tree Removal,
"179843",Tree Removal,
"179842",Tree Stump Grinding,
"179840",Tree Trim,
"179836",Tree Removal,
"179832",Tree Stump Grinding,
"179828",Tree Trim,
"179820",Tree Trim,
"179788",Tree Trim,
"179818",Tree Trim,
"179812",Tree Trim,
"179809",Tree Trim,
"179806",Tree Removal,
"179805",Tree Trim,75
"179803",Tree Trim,
"179800",Tree Removal,
"179797",Tree Removal,
"179796",Tree Removal,
"179793",Tree Code Violation,52
"179786",Tree Trim,
"179785",Tree Removal,
"179781",Tree Trim,
"179780",Tree Trim,
"179779",Tree Removal,
"179778",Tree Trim,
"179773",Tree Trim,
"179771",Tree Trim,
"179769",Tree Removal,
"179768",Tree Removal,
"179767",Tree Trim,
"179765",Tree Removal,
"179763",Tree Trim,
"179762",Tree Removal,
"179759",Tree Trim,
"179758",Tree Trim,
"179756",Tree Removal,
"179754",Tree Removal,
"179753",Tree Removal,
"179751",Tree Removal,
"179749",Tree Trim,
"179746",Tree Trim,
"179742",Tree Trim,
"179738",Tree Trim,75
"179735",Tree Removal,
"179732",Tree Removal,
"179731",Tree Removal,
"179730",Tree Trim,
"179729",Tree Trim,
"179728",Tree Removal,
"179727",Tree Removal,
"179726",Tree Trim,
"179725",Tree Trim,75
"179722",Tree Trim,
"179720",Tree Trim,
"179718",Tree Removal,
"179717",Tree Trim,
"179715",Tree Removal,
"179710",Tree Removal,
"179705",Tree Removal,
"179701",Tree Removal,
"179698",Tree Removal,
"179695",Tree Removal,
"179691",Tree Removal,
"179689",Tree Removal,
"179687",Tree Trim,
"179684",Tree Trim,
"179683",Tree Trim,75
"179681",Tree Trim,75
"179679",Tree Removal,
"179678",Tree Trim,
"179673",Tree Trim,
"179672",Tree Trim,75
"179671",Tree Removal,
"179668",Tree Code Violation,
"179660",Tree Trim,
"179657",Tree Trim,
"179655",Tree Removal,
"179654",Tree Removal,
"179652",Tree Trim,
"179650",Tree Removal,
"179649",Tree Trim,
"179647",Tree Trim,
"179644",Tree Trim,
"179642",Tree Trim,
"179640",Tree Removal,
"179638",Tree Removal,
"179635",Tree Trim,
"179632",Tree Trim,75
"179630",Tree Trim,
"179629",Tree Removal,
"179627",Tree Removal,51
"179626",Tree Removal,
"179625",Tree Removal,
"179623",Tree Removal,
"359994",Tree Removal,51
"179617",Tree Removal,
"179614",Tree Trim,
"179607",Tree Removal,
"179605",Tree Removal,
"179603",Tree Trim,
"179600",Tree Removal,
"179596",Tree Removal,
"179594",Tree Trim,
"179589",Tree Trim,
"179587",Tree Trim,
"179584",Tree Removal,
"179577",Tree Trim,
"179576",Tree Trim,
"179574",Tree Trim,
"179573",Tree Trim,
"179569",Tree Trim,
"179568",Tree Trim,
"179566",Tree Removal,
"179563",Tree Trim,
"179562",Tree Removal,
"179561",Tree Trim,
"179558",Tree Trim,
"179556",Tree Removal,
"179552",Tree Removal,
"179546",Tree Trim,
"179541",Tree Removal,
"179533",Tree Trim,75
"179532",Tree Removal,
"179524",Tree Removal,
"179515",Tree Trim,
"179512",Tree Trim,
"179503",Tree Removal,
"179498",Tree Stump Grinding,
"179497",Tree Removal,
"179495",Tree Removal,
"179494",Tree Trim,
"179493",Tree Removal,
"179491",Tree Removal,
"179490",Tree Trim,
"179489",Tree Trim,
"179487",Tree Trim,
"179486",Tree Removal,
"179485",Tree Trim,
"179483",Tree Trim,
"179474",Tree Trim,
"179471",Tree Removal,
"179470",Tree Trim,
"179468",Tree Removal,
"179466",Tree Trim,
"179461",Tree Removal,
"179460",Tree Trim,
"179458",Tree Removal,
"179457",Tree Removal,
"179454",Tree Trim,
"179453",Tree Trim,
"179448",Tree Trim,
"179446",Tree Removal,
"179443",Tree Trim,
"179442",Tree Trim,
"179438",Tree Removal,
"179433",Tree Trim,
"179430",Tree Removal,
"179427",Tree Removal,
"179426",Tree Trim,75
"179424",Tree Removal,
"179423",Tree Removal,
"179422",Tree Trim,75
"179421",Tree Code Violation,52
"179420",Tree Removal,
"179413",Tree Removal,
"179408",Tree Removal,
"179409",Tree Trim,
"179402",Tree Removal,
"179396",Tree Removal,
"179395",Tree Removal,51
"179394",Tree Removal,
"179392",Tree Removal,
"179383",Tree Trim,
"179381",Tree Removal,
"179375",Tree Removal,51
"179374",Tree Trim,
"179370",Tree Trim,
"179369",Tree Removal,
"179365",Tree Removal,
"179364",Tree Removal,
"179361",Tree Trim,
"179359",Tree Removal,51
"179357",Tree Removal,
"179356",Tree Removal,
"179346",Tree Trim,
"179337",Tree Removal,
"179332",Tree Removal,
"179331",Tree Removal,
"359826",Tree Removal,
"179325",Tree Removal,
"179318",Tree Trim,
"179316",Tree Stump Grinding,
"179315",Tree Trim,
"179307",Tree Code Violation,
"179298",Tree Removal,
"179297",Tree Trim,75
"179293",Tree Planting,
"179292",Tree Removal,
"179291",Tree Removal,
"179290",Tree Trim,75
"179288",Tree Trim,
"179287",Tree Trim,
"179284",Tree Removal,
"179283",Tree Removal,
"179272",Tree Removal,
"179267",Tree Trim,
"179260",Tree Stump Grinding,
"179254",Tree Removal,
"179251",Tree Trim,
"179250",Tree Removal,
"179248",Tree Removal,
"179245",Tree Trim,
"179244",Tree Removal,
"179243",Tree Removal,
"179238",Tree Trim,
"179236",Tree Removal,
"179218",Tree Removal,
"179214",Tree Removal,
"179213",Tree Trim,
"179211",Tree Trim,
"179207",Tree Trim,
"179205",Tree Removal,
"179199",Tree Trim,
"179198",Tree Trim,
"179197",Tree Removal,
"179194",Tree Trim,
"179192",Tree Removal,
"179187",Tree Trim,
"179180",Tree Removal,
"179178",Tree Removal,
"179177",Tree Trim,
"179173",Tree Trim,
"179169",Tree Removal,
"179165",Tree Removal,
"179157",Tree Removal,
"179153",Tree Removal,
"179152",Tree Removal,
"179143",Tree Removal,
"179131",Tree Removal,
"179130",Tree Removal,
"179129",Tree Removal,
"179123",Tree Trim,
"179122",Tree Removal,
"359710",Tree Removal,
"179113",Tree Removal,
"179110",Tree Removal,
"179107",Tree Trim,
"179101",Tree Trim,
"179097",Tree Trim,
"179094",Tree Trim,
"179091",Tree Trim,
"179089",Tree Removal,
"179085",Tree Removal,
"179083",Tree Removal,
"179078",Tree Removal,
"179074",Tree Removal,
"179075",Tree Removal,51
"179066",Tree Removal,
"179061",Tree Removal,
"179053",Tree Trim,
"179052",Tree Removal,
"179043",Tree Trim,
"179042",Tree Stump Grinding,
"179027",Tree Removal,
"179026",Tree Trim,
"179021",Tree Removal,
"179017",Tree Removal,
"179016",Tree Removal,
"179012",Tree Removal,
"179008",Tree Stump Grinding,
"179005",Tree Removal,
"179002",Tree Trim,
"179000",Tree Removal,
"178999",Tree Trim,
"178998",Tree Removal,
"178995",Tree Removal,
"178996",Tree Removal,
"178994",Tree Trim,75
"178989",Tree Trim,
"178979",Tree Trim,
"178978",Tree Trim,
"178974",Tree Removal,
"178972",Tree Trim,
"178968",Tree Removal,
"178967",Tree Trim,
"178965",Tree Removal,
"178958",Tree Trim,
"178956",Tree Removal,
"178955",Tree Removal,
"359614",Tree Removal,
"178950",Tree Trim,
"178948",Tree Removal,
"178947",Tree Trim,
"178946",Tree Trim,
"178944",Tree Removal,
"178938",Tree Trim,
"178932",Tree Removal,
"178928",Tree Trim,
"178913",Tree Removal,
"178909",Tree Removal,
"178907",Tree Trim,
"178897",Tree Trim,
"178896",Tree Removal,
"359575",Tree Removal,
"178887",Tree Removal,
"178884",Tree Trim,
"178883",Tree Removal,
"178881",Tree Trim,
"178880",Tree Trim,
"178879",Tree Trim,
"178876",Tree Trim,
"178870",Tree Removal,
"178864",Tree Removal,
"178860",Tree Removal,
"178859",Tree Removal,
"178854",Tree Trim,
"178853",Tree Trim,
"178850",Tree Code Violation,
"178846",Tree Removal,
"178845",Tree Removal,
"178842",Tree Removal,
"178838",Tree Removal,
"178835",Tree Stump Grinding,
"178825",Tree Trim,
"178824",Tree Trim,
"178820",Tree Trim,
"178819",Tree Trim,
"178816",Tree Removal,
"178815",Tree Trim,75
"178814",Tree Removal,
"178811",Tree Removal,51
"178810",Tree Trim,
"178808",Tree Trim,
"178800",Tree Stump Grinding,
"178818",Tree Trim,
"178798",Tree Trim,
"178787",Tree Code Violation,
"178783",Tree Trim,
"178782",Tree Removal,51
"178776",Tree Removal,
"178774",Tree Trim,
"178773",Tree Trim,
"178766",Tree Trim,
"178765",Tree Trim,75
"178764",Tree Stump Grinding,
"178760",Tree Trim,
"178757",Tree Trim,
"178755",Tree Removal,
"178752",Tree Trim,
"178745",Tree Trim,75
"178743",Tree Trim,
"178738",Tree Removal,
"178737",Tree Planting,
"178725",Tree Trim,
"178723",Tree Trim,
"178721",Tree Trim,
"178722",Tree Removal,
"178719",Tree Trim,
"178718",Tree Trim,75
"178712",Tree Removal,
"178710",Tree Removal,
"178707",Tree Trim,
"178704",Tree Trim,
"178695",Tree Trim,
"178693",Tree Removal,
"178690",Tree Trim,
"178684",Tree Removal,
"178679",Tree Trim,
"178678",Tree Removal,
"178670",Tree Removal,
"178664",Tree Trim,
"178662",Tree Trim,
"178661",Tree Stump Grinding,
"178656",Tree Trim,
"178655",Tree Trim,
"178654",Tree Removal,
"178650",Tree Removal,
"178645",Tree Trim,
"178643",Tree Trim,
"178642",Tree Trim,
"178641",Tree Trim,
"178640",Tree Trim,75
"178639",Tree Code Violation,
"178636",Tree Removal,
"178635",Tree Trim,
"178633",Tree Trim,
"178624",Tree Trim,
"178622",Tree Trim,
"178617",Tree Trim,
"178616",Tree Removal,
"178615",Tree Trim,
"178614",Tree Code Violation,52
"178613",Tree Removal,51
"178612",Tree Trim,
"178607",Tree Trim,75
"178605",Tree Removal,
"178604",Tree Trim,
"178578",Tree Trim,
"178576",Tree Removal,
"178575",Tree Removal,
"178573",Tree Trim,
"178570",Tree Trim,
"178569",Tree Trim,
"178555",Tree Trim,
"178544",Tree Trim,
"178543",Tree Trim,
"178541",Tree Trim,
"178537",Tree Removal,
"178534",Tree Trim,75
"178528",Tree Code Violation,
"178531",Tree Trim,
"178530",Tree Removal,
"178532",Tree Planting,
"178533",Tree Stump Grinding,
"178524",Tree Removal,
"178522",Tree Trim,
"178518",Tree Removal,
"178516",Tree Removal,
"178498",Tree Trim,
"178496",Tree Removal,
"178495",Tree Trim,
"178491",Tree Removal,
"178483",Tree Removal,
"178480",Tree Removal,
"178479",Tree Removal,
"178478",Tree Trim,
"178469",Tree Removal,
"178450",Tree Removal,
"178441",Tree Trim,
"178439",Tree Removal,
"178436",Tree Removal,
"178434",Tree Removal,
"178428",Tree Stump Grinding,
"178427",Tree Removal,
"178424",Tree Removal,
"178414",Tree Removal,
"178413",Tree Trim,
"178404",Tree Trim,
"178401",Tree Removal,
"178400",Tree Trim,
"178397",Tree Removal,
"178395",Tree Removal,
"178393",Tree Removal,51
"178391",Tree Trim,
"178387",Tree Trim,
"178382",Tree Removal,
"178381",Tree Trim,
"178371",Tree Trim,
"178369",Tree Trim,
"178368",Tree Trim,
"178365",Tree Stump Grinding,
"178361",Tree Removal,
"359295",Tree Trim,
"178352",Tree Removal,
"178349",Tree Trim,
"178335",Tree Removal,51
"178332",Tree Trim,75
"178322",Tree Removal,51
"178316",Tree Removal,51
"178311",Tree Removal,51
"178310",Tree Trim,75
"178298",Tree Trim,75
"178296",Tree Trim,75
"178294",Tree Removal,51
"178291",Tree Trim,75
"178281",Tree Trim,75
"178271",Tree Removal,51
"178270",Tree Trim,75
"178262",Tree Code Violation,52
"178256",Tree Planting,25
"178255",Tree Removal,51
"178253",Tree Trim,75
"178251",Tree Removal,51
"178250",Tree Trim,75
"178248",Tree Removal,51
"178243",Tree Removal,51
"178240",Tree Trim,75
"178238",Tree Trim,75
"178237",Tree Removal,51
"178236",Tree Removal,51
"178233",Tree Removal,51
"178231",Tree Removal,51
"178223",Tree Trim,75
"178220",Tree Removal,51
"178218",Tree Removal,51
"178217",Tree Trim,75
"178216",Tree Removal,51
"178213",Tree Removal,51
"178212",Tree Code Violation,52
"178210",Tree Removal,51
"178209",Tree Trim,75
"178207",Tree Trim,75
"178205",Tree Trim,75
"178204",Tree Trim,75
"178195",Tree Removal,51
"178193",Tree Trim,75
"178191",Tree Trim,75
"178187",Tree Removal,51
"178183",Tree Trim,75
"178184",Tree Trim,75
"178182",Tree Trim,75
"178181",Tree Trim,75
"178171",Tree Removal,51
"178164",Tree Removal,51
"178163",Tree Trim,75
"178162",Tree Removal,51
"178157",Tree Trim,75
"178156",Tree Trim,75
"178155",Tree Trim,75
"178154",Tree Trim,75
"178150",Tree Removal,51
"178148",Tree Removal,51
"178144",Tree Trim,75
"178142",Tree Trim,75
"178141",Tree Removal,51
"178139",Tree Trim,75
"178135",Tree Trim,75
"359171",Tree Removal,51
"178121",Tree Trim,75
"178119",Tree Removal,51
"178117",Tree Trim,75
"178113",Tree Trim,75
"178100",Tree Stump Grinding,116
"178095",Tree Trim,75
"178093",Tree Removal,51
"178092",Tree Removal,51
"178091",Tree Trim,75
"178090",Tree Removal,51
"178083",Tree Removal,51
"178080",Tree Removal,51
"178075",Tree Removal,51
"178071",Tree Removal,51
"178070",Tree Removal,51
"178067",Tree Removal,51
"178060",Tree Trim,75
"178056",Tree Trim,75
"178055",Tree Removal,51
"178054",Tree Trim,75
"178045",Tree Trim,75
"178041",Tree Removal,51
"178040",Tree Removal,51
"178037",Tree Trim,75
"178036",Tree Removal,51
"178034",Tree Trim,75
"178032",Tree Removal,51
"178028",Tree Removal,51
"178026",Tree Trim,75
"178025",Tree Code Violation,52
"178024",Tree Trim,75
"178022",Tree Removal,51
"178021",Tree Removal,51
"178020",Tree Code Violation,52
"178009",Tree Trim,75
"178005",Tree Trim,75
"178003",Tree Removal,51
"178000",Tree Trim,75
"177998",Tree Removal,51
"177997",Tree Trim,75
"177996",Tree Trim,75
"177993",Tree Trim,75
"177982",Tree Trim,75
"177980",Tree Trim,75
"177974",Tree Trim,75
"177968",Tree Trim,75
"177967",Tree Removal,51
"177965",Tree Removal,51
"177964",Tree Removal,51
"177961",Tree Stump Grinding,116
"177955",Tree Removal,51
"177949",Tree Removal,51
"177945",Tree Removal,51
"177944",Tree Trim,75
"177942",Tree Removal,51
"177935",Tree Trim,75
"177934",Tree Removal,51
"177931",Tree Removal,51
"177925",Tree Removal,51
"177922",Tree Removal,51
"177917",Tree Removal,51
"177913",Tree Removal,51
"177912",Tree Trim,75
"177910",Tree Trim,75
"177904",Tree Removal,51
"177903",Tree Trim,75
"177898",Tree Trim,75
"177894",Tree Trim,75
"177893",Tree Removal,51
"177892",Tree Removal,51
"177891",Tree Trim,75
"177890",Tree Removal,51
"177889",Tree Removal,51
"177884",Tree Removal,51
"177878",Tree Removal,51
"177868",Tree Trim,75
"177862",Tree Trim,75
"177861",Tree Removal,51
"177858",Tree Removal,51
"177857",Tree Trim,75
"359016",Tree Removal,51
"177852",Tree Removal,51
"177851",Tree Removal,51
"177849",Tree Trim,75
"177839",Tree Trim,75
"177836",Tree Removal,51
"177835",Tree Removal,51
"177833",Tree Removal,51
"177826",Tree Trim,75
"177815",Tree Removal,51
"177814",Tree Trim,75
"177813",Tree Removal,51
"177812",Tree Trim,75
"177811",Tree Removal,51
"177808",Tree Trim,75
"177807",Tree Removal,51
"177806",Tree Code Violation,52
"177803",Tree Trim,75
"177802",Tree Trim,75
"177797",Tree Trim,75
"177796",Tree Trim,75
"177793",Tree Trim,75
"177792",Tree Trim,75
"177788",Tree Trim,75
"177787",Tree Trim,75
"177772",Tree Removal,51
"177770",Tree Trim,75
"177769",Tree Trim,75
"177764",Tree Removal,51
"177759",Tree Trim,75
"177752",Tree Removal,51
"177751",Tree Code Violation,52
"177745",Tree Removal,51
"177742",Tree Removal,51
"177740",Tree Removal,51
"177737",Tree Removal,51
"177736",Tree Trim,75
"177735",Tree Removal,51
"177734",Tree Removal,51
"177732",Tree Trim,75
"177722",Tree Removal,51
"177720",Tree Removal,51
"177719",Tree Trim,75
"177718",Tree Trim,75
"177715",Tree Trim,75
"177709",Tree Trim,75
"177705",Tree Removal,51
"177699",Tree Trim,75
"177687",Tree Removal,51
"177685",Tree Trim,75
"177683",Tree Trim,75
"177677",Tree Removal,51
"177664",Tree Removal,51
"177662",Tree Trim,75
"177648",Tree Removal,51
"177643",Tree Planting,25
"177637",Tree Trim,75
"177633",Tree Removal,51
"177632",Tree Trim,75
"177626",Tree Stump Grinding,116
"177624",Tree Removal,51
"177616",Tree Removal,51
"177615",Tree Removal,51
"177606",Tree Trim,75
"177605",Tree Trim,75
"177596",Tree Trim,75
"177593",Tree Removal,51
"177588",Tree Removal,51
"177586",Tree Trim,75
"177585",Tree Removal,51
"177577",Tree Trim,75
"177576",Tree Trim,75
"177574",Tree Removal,51
"177573",Tree Trim,75
"177572",Tree Trim,75
"177566",Tree Trim,75
"177565",Tree Removal,51
"177564",Tree Trim,75
"177561",Tree Removal,51
"177560",Tree Trim,75
"177557",Tree Trim,75
"177549",Tree Removal,51
"177545",Tree Trim,75
"177544",Tree Removal,51
"177543",Tree Removal,51
"177541",Tree Trim,75
"177540",Tree Removal,51
"177535",Tree Trim,75
"177534",Tree Trim,75
"177532",Tree Trim,75
"177510",Tree Code Violation,52
"177494",Tree Trim,75
"177473",Tree Removal,51
"177472",Tree Trim,75
"177466",Tree Trim,75
"177460",Tree Removal,51
"177458",Tree Removal,51
"177454",Tree Trim,75
"177453",Tree Trim,75
"177452",Tree Stump Grinding,116
"177447",Tree Code Violation,52
"177432",Tree Trim,75
"177425",Tree Trim,75
"177424",Tree Removal,51
"177421",Tree Removal,51
"177414",Tree Removal,51
"177387",Tree Trim,75
"177380",Tree Trim,75
"177374",Tree Trim,75
"177372",Tree Trim,75
"177365",Tree Trim,75
"177364",Tree Trim,75
"177362",Tree Trim,75
"177360",Tree Stump Grinding,116
"177357",Tree Removal,51
"177343",Tree Code Violation,52
"177339",Tree Removal,51
"177336",Tree Removal,51
"177333",Tree Code Violation,52
"177334",Tree Code Violation,52
"177331",Tree Trim,75
"177330",Tree Removal,51
"177329",Tree Removal,51
"177327",Tree Trim,75
"177316",Tree Removal,51
"177315",Tree Removal,51
"177312",Tree Trim,75
"177311",Tree Removal,51
"177304",Tree Removal,51
"177303",Tree Trim,75
"177292",Tree Trim,75
"177291",Tree Trim,75
"177287",Tree Trim,75
"177283",Tree Removal,51
"177281",Tree Removal,51
"177280",Tree Trim,75
"177278",Tree Removal,51
"177277",Tree Removal,51
"177276",Tree Removal,51
"177275",Tree Removal,51
"177270",Tree Trim,75
"177269",Tree Trim,75
"177262",Tree Trim,75
"177261",Tree Trim,75
"177256",Tree Trim,75
"177254",Tree Removal,51
"177252",Tree Removal,51
"177250",Tree Removal,51
"177248",Tree Removal,51
"177233",Tree Removal,51
"177225",Tree Removal,51
"177224",Tree Removal,51
"177223",Tree Trim,75
"177215",Tree Trim,75
"177212",Tree Removal,51
"177209",Tree Trim,75
"177208",Tree Removal,51
"177207",Tree Code Violation,52
"177205",Tree Trim,75
"177183",Tree Code Violation,52
"177182",Tree Code Violation,52
"177181",Tree Trim,75
"177180",Tree Code Violation,52
"177176",Tree Removal,51
"177175",Tree Removal,51
"177174",Tree Trim,75
"177169",Tree Trim,75
"177163",Tree Code Violation,52
"177162",Tree Code Violation,52
"177161",Tree Removal,51
"177153",Tree Removal,51
"177152",Tree Removal,51
"177146",Tree Trim,75
"177141",Tree Removal,51
"177138",Tree Removal,51
"177134",Tree Removal,51
"177133",Tree Removal,51
"177132",Tree Removal,51
"177123",Tree Removal,51
"177118",Tree Trim,75
"177117",Tree Trim,75
"177111",Tree Removal,51
"177107",Tree Removal,51
"177106",Tree Removal,51
"177103",Tree Removal,51
"177101",Tree Trim,75
"177084",Tree Removal,51
"177082",Tree Trim,75
"177079",Tree Removal,51
"177066",Tree Removal,51
"177064",Tree Trim,75
"177049",Tree Trim,75
"177047",Tree Removal,51
"177046",Tree Removal,51
"177039",Tree Removal,51
"177037",Tree Trim,75
"177035",Tree Trim,75
"177034",Tree Code Violation,52
"177027",Tree Removal,51
"177024",Tree Removal,51
"177018",Tree Trim,75
"177013",Tree Trim,75
"177007",Tree Trim,75
"176990",Tree Removal,51
"176989",Tree Trim,75
"192637",Tree Stump Grinding,116
"176986",Tree Removal,51
"176985",Tree Planting,25
"176983",Tree Removal,51
"176977",Tree Removal,51
"176974",Tree Trim,75
"192631",Tree Trim,75
"192673",Tree Removal,56
"192626",Tree Removal,51
"192625",Tree Stump Grinding,116
"192622",Tree Removal,51
"192620",Tree Removal,51
"192619",Tree Removal,51
"192617",Tree Removal,51
"192615",Tree Removal,51
"192611",Tree Trim,75
"192610",Tree Removal,51
"192609",Tree Removal,51
"192598",Tree Removal,51
"192597",Tree Trim,75
"192596",Tree Removal,51
"192595",Tree Trim,75
"192594",Tree Removal,51
"192583",Tree Trim,75
"192582",Tree Removal,51
"192581",Tree Removal,51
"192571",Tree Removal,51
"192570",Tree Removal,51
"192576",Tree Removal,51
"192577",Tree Removal,51
"192578",Tree Removal,51
"192579",Tree Removal,51
"192573",Tree Trim,75
"192580",Tree Removal,51
"192542",Tree Removal,51
"192538",Tree Removal,51
"192535",Tree Removal,51
"192536",Tree Trim,75
"192533",Tree Removal,51
"192532",Tree Removal,51
"192574",Tree Stump Grinding,116
"192528",Tree Removal,51
"192527",Tree Removal,51
"192526",Tree Planting,360
"192516",Tree Removal,51
"192514",Tree Trim,75
"192512",Tree Removal,51
"192511",Tree Removal,51
"192506",Tree Removal,51
"192504",Tree Trim,75
"192503",Tree Trim,75
"192502",Tree Trim,75
"192501",Tree Removal,51
"192500",Tree Removal,51
"192498",Tree Removal,51
"192495",Tree Removal,51
"192496",Tree Removal,51
"192492",Tree Code Violation,52
"192491",Tree Removal,51
"192488",Tree Removal,51
"192484",Tree Trim,75
"192481",Tree Trim,75
"192473",Tree Trim,75
"192472",Tree Removal,51
"192471",Tree Removal,51
"192468",Tree Removal,51
"192469",Tree Removal,51
"192466",Tree Trim,75
"192465",Tree Trim,75
"192463",Tree Removal,51
"192462",Tree Removal,51
"192461",Tree Removal,51
"192459",Tree Stump Grinding,116
"192453",Tree Trim,75
"192454",Tree Removal,51
"192447",Tree Code Violation,52
"192445",Tree Removal,51
"192443",Tree Trim,75
"192440",Tree Removal,51
"192438",Tree Removal,51
"192437",Tree Trim,75
"192434",Tree Removal,51
"192433",Tree Removal,51
"192432",Tree Removal,51
"192430",Tree Trim,75
"192429",Tree Removal,51
"192426",Tree Removal,51
"192427",Tree Trim,75
"192422",Tree Trim,75
"192421",Tree Removal,51
"192419",Tree Removal,51
"192418",Tree Removal,51
"192414",Tree Trim,75
"192413",Tree Trim,75
"192411",Tree Trim,75
"192408",Tree Removal,51
"192409",Tree Removal,51
"192407",Tree Trim,75
"192400",Tree Trim,75
"192402",Tree Trim,75
"192396",Tree Trim,75
"192397",Tree Trim,75
"192395",Tree Trim,75
"192404",Tree Trim,75
"192392",Tree Trim,75
"192393",Tree Trim,75
"192389",Tree Trim,75
"192385",Tree Trim,75
"192384",Tree Trim,75
"192381",Tree Trim,75
"192382",Tree Trim,75
"192379",Tree Trim,75
"192380",Tree Trim,75
"192373",Tree Trim,75
"192374",Tree Trim,75
"192375",Tree Trim,75
"192376",Tree Trim,75
"192377",Tree Trim,75
"192378",Tree Trim,75
"192370",Tree Trim,75
"192371",Tree Trim,75
"192372",Tree Trim,75
"192363",Tree Trim,75
"192368",Tree Trim,75
"192361",Tree Trim,75
"192356",Tree Trim,75
"192355",Tree Removal,51
"192353",Tree Removal,51
"192352",Tree Removal,51
"192344",Tree Removal,51
"192347",Tree Trim,75
"192346",Tree Removal,51
"192345",Tree Code Violation,52
"192342",Tree Trim,75
"192339",Tree Trim,75
"192338",Tree Trim,75
"192330",Tree Trim,75
"192329",Tree Trim,75
"192325",Tree Removal,51
"192326",Tree Removal,51
"192322",Tree Trim,75
"192318",Tree Removal,51
"192317",Tree Removal,51
"192312",Tree Removal,51
"192311",Tree Removal,51
"192328",Tree Trim,76
"192309",Tree Removal,51
"192308",Tree Trim,75
"192307",Tree Trim,75
"192304",Tree Removal,51
"192303",Tree Removal,51
"192302",Tree Removal,51
"192300",Tree Removal,51
"192293",Tree Trim,75
"192292",Tree Trim,75
"192290",Tree Removal,51
"192289",Tree Trim,75
"192287",Tree Removal,51
"198755",Tree Removal,346
"192285",Tree Removal,51
"192282",Tree Stump Grinding,116
"192280",Tree Removal,51
"192279",Tree Removal,51
"192278",Tree Removal,51
"192276",Tree Trim,75
"192273",Tree Removal,51
"192269",Tree Trim,75
"192263",Tree Trim,75
"192261",Tree Removal,51
"192259",Tree Trim,75
"192258",Tree Trim,75
"192257",Tree Trim,75
"192256",Tree Trim,75
"192255",Tree Removal,51
"192275",Tree Removal,54
"192254",Tree Removal,51
"192253",Tree Trim,75
"192252",Tree Removal,51
"192236",Tree Removal,51
"192237",Tree Removal,51
"192249",Tree Removal,51
"192247",Tree Trim,75
"192243",Tree Trim,75
"192242",Tree Trim,75
"192241",Tree Removal,51
"192240",Tree Removal,51
"192239",Tree Removal,51
"192234",Tree Removal,51
"192233",Tree Removal,51
"192232",Tree Removal,51
"192230",Tree Trim,75
"192229",Tree Trim,75
"192228",Tree Removal,51
"192225",Tree Removal,51
"192224",Tree Trim,75
"192223",Tree Removal,51
"192221",Tree Removal,51
"192214",Tree Removal,51
"192213",Tree Removal,51
"192211",Tree Removal,51
"192197",Tree Removal,51
"192196",Tree Trim,75
"192195",Tree Removal,51
"192194",Tree Removal,51
"192193",Tree Removal,51
"192192",Tree Removal,51
"192191",Tree Removal,51
"192189",Tree Removal,51
"192185",Tree Removal,51
"192182",Tree Trim,75
"192183",Tree Removal,51
"192178",Tree Removal,51
"192176",Tree Removal,51
"192175",Tree Removal,51
"192173",Tree Removal,51
"192172",Tree Trim,75
"192170",Tree Removal,51
"192171",Tree Removal,51
"192166",Tree Trim,75
"192168",Tree Trim,75
"192164",Tree Code Violation,52
"192169",Tree Trim,75
"192158",Tree Removal,51
"192152",Tree Trim,75
"192153",Tree Trim,75
"192151",Tree Trim,75
"192150",Tree Removal,51
"192149",Tree Trim,75
"192148",Tree Removal,51
"192147",Tree Removal,51
"192146",Tree Removal,51
"192145",Tree Trim,75
"192144",Tree Removal,51
"192143",Tree Removal,51
"192142",Tree Removal,51
"192141",Tree Removal,51
"192140",Tree Removal,51
"192139",Tree Removal,51
"192138",Tree Removal,51
"192137",Tree Trim,75
"192136",Tree Trim,75
"192132",Tree Removal,51
"192130",Tree Trim,75
"192124",Tree Removal,51
"192122",Tree Removal,51
"192119",Tree Removal,51
"192116",Tree Trim,75
"192113",Tree Removal,51
"192110",Tree Trim,75
"192107",Tree Removal,51
"192106",Tree Removal,51
"192105",Tree Removal,51
"192104",Tree Trim,75
"192103",Tree Trim,75
"192102",Tree Trim,75
"192101",Tree Removal,51
"192100",Tree Trim,75
"192097",Tree Trim,75
"192095",Tree Removal,51
"192099",Tree Removal,51
"192094",Tree Removal,51
"192091",Tree Removal,51
"192090",Tree Removal,51
"192085",Tree Removal,51
"192084",Tree Removal,51
"192082",Tree Removal,51
"192083",Tree Trim,75
"192060",Tree Trim,75
"192059",Tree Trim,75
"192057",Tree Trim,75
"192055",Tree Removal,51
"192053",Tree Removal,51
"192041",Tree Removal,51
"192040",Tree Removal,51
"192039",Tree Trim,75
"192034",Tree Removal,51
"192033",Tree Removal,51
"192032",Tree Trim,75
"192027",Tree Removal,51
"192018",Tree Planting,25
"192013",Tree Removal,51
"192011",Tree Trim,75
"192008",Tree Removal,51
"192007",Tree Removal,51
"192006",Tree Trim,75
"191989",Tree Removal,51
"191988",Tree Trim,75
"191987",Tree Removal,51
"191985",Tree Removal,51
"191984",Tree Trim,75
"191982",Tree Trim,75
"191980",Tree Removal,51
"191974",Tree Trim,75
"192064",Tree Trim,80
"192065",Tree Removal,56
"192066",Tree Trim,80
"192067",Tree Trim,80
"192068",Tree Trim,80
"192069",Tree Trim,80
"192070",Tree Trim,80
"192071",Tree Removal,57
"192072",Tree Stump Grinding,122
"192073",Tree Removal,57
"192075",Tree Removal,57
"192076",Tree Trim,81
"192077",Tree Trim,81
"192079",Tree Trim,81
"192080",Tree Removal,58
"191967",Tree Removal,51
"191966",Tree Trim,75
"191962",Tree Removal,51
"191976",Tree Removal,55
"191959",Tree Removal,51
"191956",Tree Trim,75
"191953",Tree Trim,75
"191949",Tree Trim,75
"191948",Tree Trim,75
"191952",Tree Trim,75
"191951",Tree Trim,75
"191940",Tree Stump Grinding,116
"191938",Tree Trim,75
"191937",Tree Removal,51
"191935",Tree Trim,75
"191934",Tree Trim,75
"191932",Tree Removal,51
"191929",Tree Trim,75
"191928",Tree Removal,51
"191927",Tree Trim,75
"191925",Tree Trim,75
"191923",Tree Removal,51
"191920",Tree Trim,75
"192005",Tree Trim,82
"191917",Tree Trim,75
"191910",Tree Removal,51
"191900",Tree Removal,51
"191890",Tree Trim,75
"191891",Tree Trim,75
"191887",Tree Removal,51
"191886",Tree Trim,75
"191885",Tree Removal,51
"191883",Tree Removal,51
"191878",Tree Removal,51
"191877",Tree Removal,51
"191873",Tree Removal,51
"191872",Tree Trim,75
"191871",Tree Removal,51
"191870",Tree Removal,51
"191868",Tree Removal,51
"191867",Tree Removal,51
"191864",Tree Trim,75
"191865",Tree Trim,75
"191863",Tree Trim,75
"191844",Tree Removal,51
"191843",Tree Removal,51
"191842",Tree Removal,51
"191837",Tree Removal,51
"191839",Tree Removal,51
"191836",Tree Trim,75
"191835",Tree Removal,51
"191834",Tree Removal,51
"191832",Tree Removal,51
"191831",Tree Trim,75
"191830",Tree Removal,51
"191829",Tree Removal,51
"191827",Tree Removal,51
"191828",Tree Removal,51
"191826",Tree Removal,51
"191845",Tree Removal,53
"191846",Tree Removal,53
"191847",Tree Trim,78
"191848",Tree Removal,54
"191849",Tree Trim,78
"191850",Tree Removal,54
"191851",Tree Trim,78
"191852",Tree Trim,78
"191853",Tree Removal,54
"191854",Tree Trim,78
"191855",Tree Trim,78
"191856",Tree Removal,54
"191857",Tree Trim,78
"191860",Tree Removal,54
"191861",Tree Removal,54
"191862",Tree Removal,54
"191802",Tree Removal,51
"191794",Tree Trim,75
"191792",Tree Removal,51
"191791",Tree Removal,51
"191742",Tree Removal,51
"191788",Tree Trim,75
"191785",Tree Trim,75
"191784",Tree Removal,51
"191782",Tree Trim,75
"191780",Tree Removal,51
"191779",Tree Removal,51
"191773",Tree Removal,51
"191768",Tree Trim,75
"191762",Tree Removal,51
"191760",Tree Removal,51
"191759",Tree Trim,75
"191757",Tree Trim,75
"191753",Tree Removal,51
"191750",Tree Removal,51
"191749",Tree Removal,51
"191748",Tree Removal,51
"191746",Tree Trim,75
"191741",Tree Removal,51
"191743",Tree Removal,51
"191736",Tree Removal,51
"191733",Tree Removal,51
"191729",Tree Removal,52
"191724",Tree Removal,51
"191722",Tree Removal,51
"191725",Tree Removal,51
"191713",Tree Trim,75
"191712",Tree Trim,75
"191711",Tree Trim,75
"191709",Tree Trim,75
"191708",Tree Trim,75
"191706",Tree Trim,75
"191703",Tree Removal,51
"191705",Tree Removal,51
"191700",Tree Trim,75
"191699",Tree Removal,51
"191698",Tree Trim,75
"191695",Tree Removal,51
"191693",Tree Trim,75
"191690",Tree Removal,51
"191692",Tree Trim,75
"191688",Tree Trim,76
"191686",Tree Trim,75
"191685",Tree Trim,75
"191683",Tree Removal,51
"191681",Tree Removal,51
"191680",Tree Removal,51
"191678",Tree Trim,75
"191677",Tree Removal,51
"191676",Tree Removal,51
"191675",Tree Trim,75
"191673",Tree Removal,51
"191667",Tree Trim,75
"191670",Tree Removal,51
"191658",Tree Trim,75
"191656",Tree Trim,75
"191652",Tree Removal,51
"191651",Tree Removal,51
"191650",Tree Trim,75
"191668",Tree Removal,51
"191648",Tree Removal,51
"198705",Tree Removal,383
"191647",Tree Trim,75
"191646",Tree Trim,75
"191644",Tree Trim,75
"191643",Tree Trim,75
"191666",Tree Removal,51
"191649",Tree Removal,51
"191660",Tree Trim,75
"191664",Tree Removal,51
"191665",Tree Removal,51
"191636",Tree Removal,51
"191634",Tree Trim,75
"191630",Tree Removal,51
"191629",Tree Removal,51
"191628",Tree Trim,75
"191627",Tree Removal,51
"191626",Tree Removal,51
"191624",Tree Removal,51
"191623",Tree Trim,75
"191620",Tree Removal,51
"191617",Tree Trim,75
"191614",Tree Removal,51
"191613",Tree Trim,75
"191622",Tree Stump Grinding,116
"191611",Tree Code Violation,52
"191609",Tree Trim,75
"191603",Tree Removal,51
"191602",Tree Trim,75
"191601",Tree Trim,75
"191597",Tree Removal,51
"191600",Tree Trim,75
"191598",Tree Trim,75
"191599",Tree Trim,75
"191593",Tree Trim,75
"191592",Tree Trim,75
"191589",Tree Removal,51
"191588",Tree Removal,51
"191586",Tree Removal,51
"191582",Tree Trim,75
"191578",Tree Removal,51
"191577",Tree Removal,51
"191579",Tree Removal,51
"191575",Tree Removal,51
"191573",Tree Removal,51
"191572",Tree Removal,50
"191787",Tree Trim,84
"191570",Tree Trim,75
"191569",Tree Trim,75
"191568",Tree Removal,51
"191567",Tree Removal,51
"191607",Tree Removal,53
"191566",Tree Trim,75
"191563",Tree Trim,75
"191564",Tree Trim,75
"191561",Tree Removal,51
"191555",Tree Removal,51
"191556",Tree Removal,51
"191550",Tree Removal,51
"191558",Tree Trim,75
"191547",Tree Removal,51
"191559",Tree Removal,51
"191544",Tree Removal,51
"191543",Tree Trim,75
"191560",Tree Trim,75
"191541",Tree Removal,51
"191540",Tree Trim,75
"191539",Tree Removal,51
"191537",Tree Removal,51
"191530",Tree Trim,75
"191532",Tree Trim,75
"191533",Tree Trim,75
"191521",Tree Removal,51
"191523",Tree Trim,75
"191557",Tree Code Violation,52
"191509",Tree Removal,51
"191510",Tree Removal,51
"191506",Tree Removal,51
"191502",Tree Trim,75
"191497",Tree Removal,51
"191498",Tree Trim,75
"191496",Tree Trim,75
"191495",Tree Removal,51
"191491",Tree Removal,51
"191479",Tree Trim,75
"191482",Tree Removal,51
"191468",Tree Removal,51
"191467",Tree Removal,51
"191466",Tree Removal,51
"191499",Tree Removal,52
"191461",Tree Removal,51
"191460",Tree Removal,51
"191459",Tree Removal,51
"191501",Tree Removal,52
"191458",Tree Removal,51
"191455",Tree Removal,51
"191464",Tree Removal,51
"191454",Tree Trim,75
"191465",Tree Trim,75
"191446",Tree Removal,51
"191444",Tree Trim,75
"191462",Tree Trim,75
"191463",Tree Removal,51
"191441",Tree Trim,75
"191442",Tree Trim,75
"191438",Tree Removal,51
"191437",Tree Trim,75
"191436",Tree Trim,75
"191435",Tree Removal,50
"191433",Tree Trim,75
"191432",Tree Removal,51
"191429",Tree Trim,75
"191443",Tree Removal,54
"191427",Tree Trim,75
"191426",Tree Trim,75
"191428",Tree Removal,51
"191416",Tree Trim,75
"191422",Tree Removal,51
"191413",Tree Trim,75
"191409",Tree Removal,51
"191423",Tree Removal,51
"191404",Tree Trim,75
"191401",Tree Trim,75
"191397",Tree Removal,51
"191392",Tree Removal,51
"191391",Tree Trim,75
"191390",Tree Trim,75
"191389",Tree Trim,75
"191387",Tree Removal,51
"191386",Tree Trim,75
"191385",Tree Trim,75
"191394",Tree Trim,75
"191382",Tree Trim,75
"191380",Tree Removal,51
"191376",Tree Trim,75
"191375",Tree Trim,74
"191374",Tree Trim,75
"191398",Tree Trim,76
"191372",Tree Removal,51
"191369",Tree Removal,51
"191367",Tree Removal,51
"191370",Tree Trim,75
"191364",Tree Trim,75
"191363",Tree Trim,75
"191362",Tree Trim,75
"191354",Tree Removal,51
"191353",Tree Trim,75
"191359",Tree Removal,52
"191350",Tree Removal,51
"191349",Tree Trim,75
"191344",Tree Removal,51
"191360",Tree Trim,76
"191343",Tree Removal,51
"191341",Tree Trim,75
"191342",Tree Stump Grinding,116
"191340",Tree Code Violation,52
"191338",Tree Trim,75
"191356",Tree Removal,51
"191336",Tree Planting,25
"191333",Tree Removal,51
"191331",Tree Trim,75
"191330",Tree Trim,75
"191329",Tree Removal,51
"191335",Tree Removal,51
"191328",Tree Removal,51
"191322",Tree Removal,51
"191319",Tree Trim,75
"191320",Tree Removal,51
"191324",Tree Removal,51
"191325",Tree Removal,51
"191321",Tree Removal,51
"191314",Tree Trim,75
"191311",Tree Removal,51
"191312",Tree Removal,51
"191309",Tree Trim,75
"191310",Tree Trim,75
"191308",Tree Removal,51
"191307",Tree Removal,51
"191303",Tree Removal,52
"191301",Tree Removal,51
"191298",Tree Trim,75
"191297",Tree Trim,75
"191305",Tree Trim,77
"191296",Tree Removal,51
"191295",Tree Trim,75
"191293",Tree Removal,51
"191285",Tree Removal,51
"191292",Tree Removal,51
"191282",Tree Trim,75
"191281",Tree Trim,75
"191254",Tree Trim,75
"191277",Tree Removal,51
"191280",Tree Removal,51
"191252",Tree Trim,75
"191249",Tree Trim,75
"191246",Tree Trim,75
"191253",Tree Removal,51
"191278",Tree Trim,75
"191240",Tree Trim,75
"191236",Tree Removal,51
"191291",Tree Trim,75
"191215",Tree Trim,75
"191214",Tree Trim,75
"191275",Tree Removal,52
"191206",Tree Trim,75
"191202",Tree Stump Grinding,116
"191259",Tree Removal,52
"191260",Tree Trim,76
"191262",Tree Trim,76
"191264",Tree Trim,76
"191256",Tree Removal,52
"191265",Tree Removal,52
"191266",Tree Removal,52
"191267",Tree Removal,52
"191268",Tree Removal,52
"191269",Tree Trim,76
"191271",Tree Trim,76
"191272",Tree Trim,76
"191258",Tree Removal,53
"191199",Tree Trim,75
"191187",Tree Trim,75
"191182",Tree Trim,75
"191181",Tree Trim,75
"191177",Tree Trim,75
"191173",Tree Removal,51
"191172",Tree Removal,51
"191170",Tree Removal,51
"191169",Tree Removal,51
"191168",Tree Removal,51
"191166",Tree Removal,51
"191163",Tree Removal,51
"191162",Tree Trim,75
"191160",Tree Trim,75
"191158",Tree Removal,51
"191159",Tree Trim,75
"191155",Tree Stump Grinding,116
"191152",Tree Trim,75
"191148",Tree Trim,75
"191185",Tree Trim,77
"191142",Tree Removal,51
"191143",Tree Trim,75
"191144",Tree Removal,51
"191141",Tree Removal,51
"191140",Tree Trim,75
"191139",Tree Removal,51
"191137",Tree Trim,75
"191136",Tree Trim,75
"191135",Tree Removal,51
"191134",Tree Removal,51
"191129",Tree Trim,75
"191127",Tree Trim,75
"191124",Tree Trim,75
"191123",Tree Trim,75
"191122",Tree Trim,75
"191121",Tree Removal,51
"191120",Tree Code Violation,52
"191119",Tree Removal,51
"191117",Tree Removal,51
"191114",Tree Removal,51
"191111",Tree Trim,75
"191112",Tree Trim,75
"191110",Tree Removal,51
"191107",Tree Trim,75
"191101",Tree Trim,75
"191093",Tree Trim,75
"191130",Tree Removal,54
"191092",Tree Removal,51
"191090",Tree Trim,75
"191089",Tree Trim,75
"191133",Tree Trim,78
"191088",Tree Removal,51
"191087",Tree Removal,51
"191086",Tree Trim,75
"191085",Tree Trim,75
"191082",Tree Trim,75
"191079",Tree Trim,75
"191077",Tree Trim,75
"191076",Tree Trim,75
"191075",Tree Code Violation,52
"191073",Tree Trim,75
"191072",Tree Removal,51
"191070",Tree Removal,51
"191071",Tree Trim,75
"191069",Tree Trim,75
"191068",Tree Trim,75
"191067",Tree Trim,75
"191065",Tree Trim,75
"191060",Tree Trim,75
"191057",Tree Trim,75
"191186",Tree Removal,58
"191053",Tree Trim,75
"191051",Tree Trim,76
"191049",Tree Code Violation,52
"191047",Tree Removal,51
"191064",Tree Trim,76
"191043",Tree Removal,51
"191042",Tree Removal,51
"191041",Tree Trim,75
"191039",Tree Trim,75
"191038",Tree Removal,51
"191032",Tree Removal,51
"191031",Tree Removal,51
"191030",Tree Trim,75
"191029",Tree Removal,51
"191028",Tree Trim,75
"191025",Tree Removal,51
"191024",Tree Trim,75
"191022",Tree Trim,75
"191014",Tree Removal,51
"191015",Tree Trim,75
"191011",Tree Trim,75
"191008",Tree Removal,51
"191006",Tree Removal,51
"191003",Tree Removal,51
"191002",Tree Trim,75
"190995",Tree Removal,51
"190994",Tree Removal,51
"190993",Tree Removal,51
"190992",Tree Trim,75
"190991",Tree Trim,75
"190990",Tree Removal,51
"190989",Tree Removal,51
"190987",Tree Removal,51
"190986",Tree Trim,75
"190982",Tree Removal,51
"190983",Tree Trim,75
"190981",Tree Trim,75
"190979",Tree Trim,75
"190976",Tree Trim,75
"190975",Tree Trim,75
"190974",Tree Removal,51
"190973",Tree Trim,75
"190972",Tree Removal,51
"190971",Tree Removal,51
"190969",Tree Removal,51
"190959",Tree Removal,51
"190955",Tree Removal,51
"190953",Tree Trim,75
"190952",Tree Trim,75
"190951",Tree Stump Grinding,116
"190948",Tree Trim,75
"190947",Tree Removal,51
"190946",Tree Trim,75
"190945",Tree Removal,51
"190943",Tree Trim,75
"190941",Tree Removal,51
"190940",Tree Trim,75
"190938",Tree Trim,75
"190997",Tree Removal,55
"190936",Tree Removal,51
"190935",Tree Trim,75
"190934",Tree Removal,51
"190933",Tree Trim,75
"190954",Tree Removal,52
"190929",Tree Trim,75
"190928",Tree Removal,51
"190926",Tree Removal,51
"190925",Tree Code Violation,52
"190924",Tree Removal,51
"190922",Tree Trim,75
"190921",Tree Trim,75
"190920",Tree Trim,75
"190919",Tree Trim,75
"190918",Tree Removal,51
"190916",Tree Trim,75
"190915",Tree Removal,51
"190914",Tree Removal,51
"190911",Tree Removal,51
"190912",Tree Trim,75
"190908",Tree Code Violation,52
"190907",Tree Removal,51
"190905",Tree Removal,51
"190904",Tree Removal,51
"190903",Tree Removal,51
"190902",Tree Removal,51
"190901",Tree Removal,51
"190998",Tree Trim,81
"190898",Tree Removal,51
"190897",Tree Removal,51
"190896",Tree Trim,75
"190895",Tree Removal,51
"190893",Tree Removal,51
"190892",Tree Trim,75
"190890",Tree Removal,51
"190891",Tree Removal,51
"190889",Tree Trim,75
"190887",Tree Trim,75
"190888",Tree Trim,75
"190886",Tree Removal,51
"190999",Tree Removal,57
"191027",Tree Removal,57
"190882",Tree Removal,51
"190881",Tree Trim,75
"190880",Tree Trim,75
"190878",Tree Trim,75
"190877",Tree Trim,75
"190875",Tree Removal,51
"190876",Tree Removal,51
"190879",Tree Trim,75
"190874",Tree Trim,75
"190873",Tree Trim,75
"190872",Tree Removal,51
"190871",Tree Trim,75
"190869",Tree Removal,51
"190867",Tree Trim,75
"190865",Tree Removal,51
"190864",Tree Trim,75
"190863",Tree Removal,51
"190862",Tree Trim,75
"190860",Tree Removal,51
"190861",Tree Removal,51
"190857",Tree Removal,51
"190859",Tree Removal,58
"190854",Tree Trim,75
"190851",Tree Code Violation,52
"190850",Tree Code Violation,52
"190849",Tree Removal,51
"190848",Tree Trim,75
"190847",Tree Removal,51
"190844",Tree Trim,75
"190843",Tree Removal,51
"190841",Tree Trim,75
"190839",Tree Trim,75
"190838",Tree Removal,51
"190836",Tree Removal,51
"190833",Tree Removal,51
"190831",Tree Trim,75
"190830",Tree Trim,75
"190827",Tree Trim,75
"190826",Tree Trim,75
"190825",Tree Trim,75
"190824",Tree Trim,75
"190822",Tree Removal,51
"190821",Tree Trim,75
"191000",Tree Removal,62
"190818",Tree Removal,51
"190819",Tree Removal,51
"190817",Tree Stump Grinding,116
"190816",Tree Trim,75
"190815",Tree Trim,75
"190812",Tree Removal,51
"190813",Tree Removal,51
"190809",Tree Trim,75
"190808",Tree Trim,75
"190807",Tree Trim,75
"190996",Tree Trim,86
"190806",Tree Trim,75
"190805",Tree Removal,51
"190803",Tree Trim,75
"190801",Tree Trim,75
"190800",Tree Trim,75
"190799",Tree Trim,75
"190796",Tree Trim,75
"190794",Tree Removal,51
"190791",Tree Removal,51
"190789",Tree Trim,75
"190787",Tree Trim,75
"190786",Tree Trim,75
"190785",Tree Trim,75
"190784",Tree Trim,75
"190783",Tree Trim,75
"190782",Tree Trim,75
"190781",Tree Trim,75
"190780",Tree Trim,75
"190779",Tree Trim,75
"190777",Tree Trim,75
"190776",Tree Trim,75
"190775",Tree Trim,75
"190774",Tree Trim,75
"190773",Tree Trim,75
"190772",Tree Trim,75
"190771",Tree Removal,51
"190769",Tree Removal,51
"190768",Tree Trim,75
"190767",Tree Removal,51
"190764",Tree Removal,51
"190761",Tree Trim,75
"190757",Tree Trim,75
"190758",Tree Removal,51
"190759",Tree Removal,51
"190756",Tree Removal,51
"190755",Tree Removal,51
"190753",Tree Trim,75
"190752",Tree Trim,75
"190750",Tree Trim,75
"190703",Tree Trim,75
"190746",Tree Trim,75
"190743",Tree Trim,75
"190741",Tree Removal,51
"190740",Tree Removal,51
"190739",Tree Trim,75
"190738",Tree Trim,75
"190744",Tree Removal,51
"190736",Tree Removal,51
"190737",Tree Stump Grinding,116
"190731",Tree Removal,51
"190728",Tree Trim,75
"190722",Tree Removal,51
"190742",Tree Trim,75
"190716",Tree Trim,75
"190707",Tree Trim,75
"190706",Tree Removal,51
"190705",Tree Removal,51
"190701",Tree Trim,75
"190700",Tree Removal,51
"190699",Tree Trim,75
"190698",Tree Removal,51
"190697",Tree Trim,75
"190696",Tree Removal,51
"190691",Tree Trim,75
"190692",Tree Trim,75
"190694",Tree Trim,75
"190695",Tree Trim,75
"190688",Tree Trim,75
"190689",Tree Trim,75
"190690",Tree Stump Grinding,116
"190682",Tree Removal,51
"190681",Tree Removal,51
"190678",Tree Trim,75
"190677",Tree Trim,75
"190675",Tree Trim,75
"190676",Tree Trim,75
"190674",Tree Trim,75
"190671",Tree Trim,75
"190669",Tree Trim,75
"190665",Tree Removal,51
"190663",Tree Trim,75
"190660",Tree Trim,75
"190659",Tree Removal,51
"190658",Tree Trim,75
"190655",Tree Trim,75
"190653",Tree Trim,75
"190649",Tree Removal,51
"190643",Tree Trim,75
"190637",Tree Removal,51
"190636",Tree Trim,75
"190634",Tree Removal,51
"190633",Tree Trim,75
"190632",Tree Removal,51
"190631",Tree Trim,75
"190630",Tree Removal,51
"190629",Tree Removal,51
"190628",Tree Removal,51
"190625",Tree Trim,75
"190624",Tree Trim,75
"190622",Tree Trim,75
"190620",Tree Trim,75
"190616",Tree Removal,51
"190614",Tree Trim,75
"190613",Tree Trim,75
"190612",Tree Removal,51
"190611",Tree Removal,51
"190610",Tree Trim,75
"190608",Tree Trim,75
"190607",Tree Trim,75
"190600",Tree Removal,51
"190599",Tree Removal,51
"190596",Tree Trim,75
"190591",Tree Trim,75
"190585",Tree Removal,51
"190582",Tree Removal,51
"190574",Tree Removal,51
"190572",Tree Trim,75
"190569",Tree Removal,51
"190568",Tree Removal,51
"190567",Tree Trim,75
"190565",Tree Stump Grinding,116
"190566",Tree Trim,75
"190562",Tree Removal,51
"190561",Tree Stump Grinding,116
"190560",Tree Removal,51
"190559",Tree Trim,75
"190555",Tree Trim,75
"190754",Tree Code Violation,60
"190553",Tree Trim,75
"190552",Tree Trim,75
"190551",Tree Trim,75
"190550",Tree Trim,75
"190548",Tree Trim,75
"190547",Tree Trim,75
"190545",Tree Trim,75
"190543",Tree Trim,75
"190541",Tree Trim,75
"190538",Tree Trim,75
"190537",Tree Trim,75
"190536",Tree Trim,75
"190534",Tree Trim,75
"190533",Tree Trim,75
"190530",Tree Trim,75
"190529",Tree Trim,75
"190525",Tree Trim,75
"190523",Tree Trim,75
"190522",Tree Trim,75
"190521",Tree Trim,75
"190520",Tree Removal,51
"190519",Tree Trim,75
"190518",Tree Removal,51
"190516",Tree Trim,75
"190515",Tree Trim,75
"190513",Tree Trim,75
"190512",Tree Trim,75
"190510",Tree Trim,75
"190509",Tree Removal,51
"190511",Tree Code Violation,53
"190506",Tree Trim,75
"190505",Tree Removal,51
"190504",Tree Removal,51
"190503",Tree Trim,75
"190502",Tree Removal,51
"190500",Tree Trim,75
"190499",Tree Removal,51
"190498",Tree Trim,75
"190497",Tree Removal,51
"190495",Tree Removal,51
"190493",Tree Removal,51
"190492",Tree Removal,51
"190494",Tree Removal,51
"190490",Tree Trim,75
"190486",Tree Removal,51
"190485",Tree Trim,75
"190484",Tree Removal,51
"190483",Tree Removal,51
"190482",Tree Trim,75
"190481",Tree Removal,51
"190478",Tree Trim,75
"190477",Tree Trim,75
"190475",Tree Removal,51
"190476",Tree Trim,75
"190473",Tree Trim,75
"190472",Tree Removal,51
"190469",Tree Removal,51
"190468",Tree Removal,51
"190466",Tree Removal,51
"190465",Tree Trim,75
"190464",Tree Trim,75
"190462",Tree Trim,75
"190459",Tree Removal,51
"190458",Tree Trim,75
"190456",Tree Removal,51
"190455",Tree Removal,51
"190454",Tree Trim,75
"190449",Tree Removal,51
"190448",Tree Removal,51
"190444",Tree Trim,75
"190445",Tree Removal,51
"190443",Tree Trim,75
"190441",Tree Removal,51
"190437",Tree Removal,51
"190438",Tree Trim,75
"190435",Tree Removal,51
"190432",Tree Removal,51
"190423",Tree Trim,75
"190419",Tree Trim,75
"190420",Tree Trim,75
"190421",Tree Trim,75
"190422",Tree Trim,75
"190417",Tree Trim,75
"190418",Tree Trim,75
"190415",Tree Trim,75
"190413",Tree Trim,75
"190412",Tree Trim,75
"190411",Tree Trim,75
"190409",Tree Removal,51
"190406",Tree Trim,75
"190407",Tree Removal,51
"190408",Tree Removal,51
"190404",Tree Trim,75
"190405",Tree Trim,75
"190401",Tree Trim,75
"190399",Tree Removal,51
"190397",Tree Trim,75
"190393",Tree Trim,75
"190394",Tree Trim,75
"190390",Tree Trim,75
"190389",Tree Removal,51
"190388",Tree Trim,75
"190386",Tree Trim,75
"190385",Tree Removal,51
"190382",Tree Trim,75
"190383",Tree Trim,75
"190384",Tree Trim,75
"190379",Tree Trim,75
"190380",Tree Trim,75
"190381",Tree Trim,75
"190375",Tree Trim,75
"190376",Tree Trim,75
"190377",Tree Trim,75
"190378",Tree Removal,51
"190374",Tree Trim,75
"190373",Tree Trim,75
"190372",Tree Trim,75
"190371",Tree Removal,51
"190364",Tree Trim,75
"190362",Tree Removal,51
"190360",Tree Removal,51
"190359",Tree Trim,75
"190358",Tree Trim,75
"190350",Tree Removal,51
"190349",Tree Trim,75
"190348",Tree Trim,75
"190347",Tree Trim,75
"190346",Tree Trim,75
"190345",Tree Removal,51
"190344",Tree Removal,51
"190343",Tree Trim,75
"190341",Tree Trim,75
"190340",Tree Trim,75
"190339",Tree Trim,75
"190338",Tree Trim,75
"190336",Tree Removal,51
"190335",Tree Removal,51
"190334",Tree Removal,51
"190333",Tree Removal,51
"190332",Tree Planting,25
"190331",Tree Removal,51
"190327",Tree Removal,51
"190325",Tree Trim,75
"190324",Tree Removal,51
"190323",Tree Removal,51
"190320",Tree Trim,75
"190319",Tree Trim,75
"190317",Tree Removal,51
"190316",Tree Removal,51
"190314",Tree Removal,51
"190313",Tree Trim,75
"190311",Tree Trim,75
"190307",Tree Trim,75
"190306",Tree Trim,75
"190304",Tree Removal,51
"190302",Tree Removal,51
"190300",Tree Removal,51
"190295",Tree Trim,75
"190294",Tree Trim,75
"190293",Tree Removal,51
"190291",Tree Removal,51
"190290",Tree Code Violation,52
"190288",Tree Removal,51
"190286",Tree Removal,51
"190289",Tree Removal,51
"190285",Tree Trim,75
"190283",Tree Removal,51
"190282",Tree Trim,75
"190276",Tree Trim,75
"190272",Tree Trim,75
"190271",Tree Removal,51
"190270",Tree Trim,75
"190269",Tree Removal,51
"190265",Tree Trim,75
"190264",Tree Removal,51
"190263",Tree Trim,75
"190262",Tree Removal,51
"190261",Tree Removal,51
"190260",Tree Removal,51
"190259",Tree Trim,75
"190257",Tree Removal,51
"190256",Tree Removal,51
"190247",Tree Removal,51
"190246",Tree Trim,75
"190245",Tree Trim,75
"190244",Tree Trim,75
"190243",Tree Trim,75
"190242",Tree Trim,75
"190240",Tree Trim,75
"190239",Tree Trim,75
"190238",Tree Trim,75
"190237",Tree Removal,51
"190236",Tree Trim,75
"190234",Tree Trim,75
"190233",Tree Trim,75
"190232",Tree Removal,51
"190231",Tree Trim,75
"190230",Tree Removal,51
"190229",Tree Trim,75
"190227",Tree Trim,75
"190226",Tree Removal,51
"190225",Tree Stump Grinding,116
"190224",Tree Trim,75
"190223",Tree Trim,75
"190218",Tree Trim,75
"190217",Tree Trim,75
"190215",Tree Trim,75
"190213",Tree Trim,75
"190214",Tree Removal,51
"190212",Tree Trim,75
"190208",Tree Trim,75
"190206",Tree Removal,51
"190205",Tree Trim,75
"190219",Tree Trim,75
"190204",Tree Trim,75
"190200",Tree Trim,75
"190201",Tree Code Violation,52
"190193",Tree Removal,51
"190248",Tree Removal,53
"190192",Tree Trim,75
"190188",Tree Removal,51
"190189",Tree Trim,75
"190186",Tree Trim,75
"190183",Tree Removal,51
"190179",Tree Trim,75
"190181",Tree Trim,75
"190174",Tree Removal,51
"190173",Tree Trim,75
"190171",Tree Removal,51
"190170",Tree Removal,51
"190190",Tree Removal,52
"190167",Tree Trim,75
"190165",Tree Trim,75
"190168",Tree Removal,51
"190164",Tree Removal,51
"190163",Tree Trim,75
"190161",Tree Removal,51
"190160",Tree Removal,51
"190154",Tree Trim,75
"190151",Tree Trim,75
"190150",Tree Removal,51
"190148",Tree Code Violation,52
"190145",Tree Trim,75
"190142",Tree Trim,75
"190141",Tree Trim,75
"190134",Tree Trim,75
"190135",Tree Trim,75
"190136",Tree Trim,75
"190133",Tree Trim,75
"190132",Tree Trim,75
"190129",Tree Trim,75
"190130",Tree Trim,75
"190131",Tree Trim,75
"190127",Tree Trim,75
"190128",Tree Trim,75
"190124",Tree Trim,75
"190125",Tree Trim,75
"190122",Tree Trim,75
"190123",Tree Trim,75
"190121",Tree Trim,75
"190120",Tree Trim,75
"190118",Tree Trim,75
"190117",Tree Trim,75
"190116",Tree Trim,75
"190113",Tree Trim,75
"190114",Tree Trim,75
"190115",Tree Trim,75
"190106",Tree Trim,75
"190107",Tree Trim,75
"190108",Tree Trim,75
"190109",Tree Trim,75
"190110",Tree Trim,75
"190111",Tree Trim,75
"190112",Tree Trim,75
"190103",Tree Trim,75
"190104",Tree Trim,75
"190102",Tree Removal,51
"190099",Tree Trim,75
"190100",Tree Removal,51
"190097",Tree Trim,75
"190093",Tree Removal,51
"190090",Tree Removal,51
"190083",Tree Removal,51
"190080",Tree Trim,75
"190079",Tree Removal,51
"190078",Tree Removal,51
"190077",Tree Removal,51
"190071",Tree Trim,75
"190069",Tree Trim,75
"190072",Tree Removal,51
"190070",Tree Trim,75
"190067",Tree Trim,75
"190066",Tree Removal,51
"190065",Tree Removal,51
"190063",Tree Trim,75
"190060",Tree Trim,75
"190061",Tree Trim,75
"190055",Tree Trim,75
"190056",Tree Trim,75
"190057",Tree Trim,75
"190052",Tree Trim,75
"190053",Tree Trim,75
"190054",Tree Trim,75
"190051",Tree Trim,75
"190049",Tree Trim,75
"190050",Tree Trim,75
"190046",Tree Trim,75
"190047",Tree Trim,75
"190048",Tree Trim,75
"190043",Tree Trim,75
"190044",Tree Trim,75
"190045",Tree Trim,75
"190036",Tree Trim,75
"190033",Tree Trim,75
"190030",Tree Trim,75
"190031",Tree Trim,75
"190028",Tree Removal,51
"190027",Tree Removal,51
"190023",Tree Trim,75
"190024",Tree Removal,51
"190021",Tree Removal,51
"190018",Tree Trim,75
"190017",Tree Trim,75
"190016",Tree Trim,75
"190015",Tree Trim,75
"190012",Tree Trim,75
"190013",Tree Trim,75
"190014",Tree Trim,75
"190009",Tree Trim,75
"190010",Tree Trim,75
"190011",Tree Trim,75
"190008",Tree Trim,75
"190007",Tree Trim,75
"190004",Tree Trim,75
"190005",Tree Trim,75
"190006",Tree Trim,75
"190002",Tree Trim,75
"190003",Tree Trim,75
"189998",Tree Trim,75
"189999",Tree Trim,75
"190000",Tree Trim,75
"189996",Tree Trim,75
"189997",Tree Trim,75
"189994",Tree Trim,75
"189995",Tree Trim,75
"189992",Tree Trim,75
"189993",Tree Trim,75
"189988",Tree Trim,75
"189989",Tree Trim,75
"189990",Tree Trim,75
"189985",Tree Trim,75
"189986",Tree Trim,75
"189987",Tree Trim,75
"189982",Tree Trim,75
"189981",Tree Trim,75
"189984",Tree Trim,75
"189980",Tree Trim,75
"189978",Tree Removal,51
"189973",Tree Trim,75
"189979",Tree Trim,75
"189971",Tree Removal,51
"189969",Tree Stump Grinding,116
"189963",Tree Trim,75
"189960",Tree Trim,75
"189958",Tree Removal,51
"189957",Tree Trim,75
"189955",Tree Planting,25
"189948",Tree Removal,51
"189947",Tree Trim,75
"189945",Tree Removal,51
"189943",Tree Trim,75
"189942",Tree Trim,75
"189940",Tree Removal,51
"189931",Tree Removal,51
"189932",Tree Removal,51
"189933",Tree Removal,51
"189927",Tree Trim,75
"189937",Tree Removal,51
"189926",Tree Trim,75
"189925",Tree Trim,75
"189923",Tree Removal,51
"189916",Tree Removal,51
"189915",Tree Trim,75
"189914",Tree Removal,51
"189909",Tree Trim,75
"189907",Tree Trim,75
"189905",Tree Trim,75
"189904",Tree Trim,75
"189908",Tree Trim,75
"189901",Tree Removal,51
"189899",Tree Removal,51
"189897",Tree Removal,51
"189895",Tree Removal,51
"189894",Tree Trim,75
"189890",Tree Trim,75
"189883",Tree Removal,51
"189882",Tree Trim,75
"189881",Tree Removal,51
"189951",Tree Removal,53
"189880",Tree Removal,51
"189879",Tree Trim,75
"189877",Tree Removal,51
"189875",Tree Removal,51
"189874",Tree Stump Grinding,116
"189859",Tree Removal,51
"189852",Tree Trim,75
"189842",Tree Removal,51
"189841",Tree Removal,51
"189838",Tree Removal,51
"189840",Tree Removal,51
"189834",Tree Removal,51
"189832",Tree Removal,51
"189828",Tree Stump Grinding,116
"189823",Tree Trim,75
"189820",Tree Trim,75
"189821",Tree Trim,75
"189822",Tree Trim,75
"189817",Tree Trim,75
"189818",Tree Removal,51
"189819",Tree Trim,75
"189814",Tree Trim,75
"189815",Tree Trim,75
"189816",Tree Trim,75
"189808",Tree Trim,75
"189809",Tree Trim,75
"189810",Tree Trim,75
"189811",Tree Trim,75
"189812",Tree Trim,75
"189813",Tree Trim,75
"189805",Tree Trim,75
"189806",Tree Trim,75
"189807",Tree Trim,75
"189803",Tree Trim,75
"189804",Tree Trim,75
"189825",Tree Trim,75
"189802",Tree Trim,75
"189800",Tree Trim,75
"189799",Tree Trim,75
"189797",Tree Removal,51
"189795",Tree Removal,51
"189794",Tree Trim,75
"189791",Tree Removal,51
"189790",Tree Removal,51
"189788",Tree Removal,51
"189783",Tree Stump Grinding,116
"189781",Tree Trim,75
"189779",Tree Removal,51
"189775",Tree Removal,51
"189773",Tree Removal,51
"189771",Tree Trim,75
"189767",Tree Trim,75
"189766",Tree Trim,75
"189765",Tree Removal,51
"189764",Tree Trim,75
"189762",Tree Trim,75
"189761",Tree Removal,51
"189760",Tree Trim,75
"189759",Tree Trim,75
"189758",Tree Removal,51
"189757",Tree Removal,51
"189755",Tree Trim,75
"189753",Tree Removal,51
"189746",Tree Removal,51
"189741",Tree Trim,75
"189740",Tree Trim,75
"189738",Tree Removal,51
"189739",Tree Removal,51
"189736",Tree Trim,75
"189735",Tree Removal,51
"189733",Tree Removal,51
"189734",Tree Removal,51
"189732",Tree Trim,75
"189729",Tree Removal,51
"189730",Tree Trim,75
"189728",Tree Removal,51
"189726",Tree Removal,51
"189725",Tree Removal,51
"189724",Tree Trim,75
"189723",Tree Removal,51
"189722",Tree Trim,75
"189737",Tree Trim,75
"189721",Tree Code Violation,52
"189720",Tree Trim,75
"189719",Tree Removal,51
"189717",Tree Removal,51
"189716",Tree Removal,51
"189714",Tree Removal,51
"189715",Tree Trim,75
"189712",Tree Trim,75
"189711",Tree Trim,75
"189708",Tree Trim,75
"189707",Tree Trim,75
"189706",Tree Removal,51
"189705",Tree Removal,51
"189704",Tree Removal,51
"189702",Tree Removal,51
"189703",Tree Removal,51
"189700",Tree Removal,51
"189698",Tree Trim,75
"189697",Tree Removal,51
"189692",Tree Trim,75
"189688",Tree Trim,75
"189694",Tree Trim,75
"189682",Tree Trim,75
"189681",Tree Removal,51
"189680",Tree Trim,75
"189678",Tree Trim,75
"189677",Tree Trim,75
"189674",Tree Trim,75
"189673",Tree Trim,75
"189672",Tree Removal,51
"189671",Tree Trim,75
"189670",Tree Trim,75
"189668",Tree Removal,51
"189667",Tree Removal,51
"189666",Tree Removal,51
"189665",Tree Removal,51
"189664",Tree Trim,75
"189662",Tree Removal,51
"189659",Tree Trim,75
"189658",Tree Removal,51
"189656",Tree Planting,25
"189654",Tree Removal,51
"189653",Tree Trim,75
"189651",Tree Trim,75
"189648",Tree Trim,75
"189647",Tree Trim,75
"189645",Tree Trim,75
"189646",Tree Trim,75
"189644",Tree Trim,75
"189643",Tree Trim,75
"189640",Tree Trim,75
"189637",Tree Trim,75
"189638",Tree Trim,75
"189635",Tree Trim,75
"189636",Tree Trim,75
"189633",Tree Trim,75
"189634",Tree Trim,75
"189629",Tree Trim,75
"189630",Tree Trim,75
"189631",Tree Trim,75
"189632",Tree Trim,75
"189627",Tree Trim,75
"189628",Tree Trim,75
"189625",Tree Trim,75
"189626",Tree Trim,75
"189624",Tree Trim,75
"189623",Tree Trim,75
"189621",Tree Trim,75
"189622",Tree Trim,75
"189619",Tree Trim,75
"189620",Tree Trim,75
"189617",Tree Trim,75
"189642",Tree Trim,75
"189615",Tree Trim,75
"189612",Tree Removal,51
"189613",Tree Removal,51
"189606",Tree Trim,75
"189605",Tree Trim,75
"189603",Tree Trim,75
"189604",Tree Trim,75
"189602",Tree Removal,51
"189601",Tree Removal,51
"189600",Tree Trim,75
"189598",Tree Trim,75
"189597",Tree Removal,51
"189596",Tree Removal,51
"189594",Tree Removal,51
"189593",Tree Removal,51
"189592",Tree Trim,75
"189588",Tree Trim,75
"189587",Tree Trim,75
"189585",Tree Trim,75
"189584",Tree Trim,75
"189589",Tree Removal,51
"189580",Tree Trim,75
"189576",Tree Trim,75
"189572",Tree Stump Grinding,116
"189568",Tree Removal,51
"189567",Tree Removal,51
"189565",Tree Trim,75
"189563",Tree Trim,75
"189562",Tree Removal,51
"189561",Tree Stump Grinding,116
"189560",Tree Removal,51
"189558",Tree Trim,75
"189556",Tree Trim,75
"189554",Tree Removal,51
"189549",Tree Removal,51
"189548",Tree Trim,75
"189564",Tree Removal,52
"189546",Tree Trim,75
"189545",Tree Removal,51
"189541",Tree Removal,51
"189540",Tree Trim,75
"189539",Tree Trim,75
"189534",Tree Removal,51
"189535",Tree Removal,51
"189536",Tree Trim,75
"189532",Tree Removal,51
"189531",Tree Removal,51
"189530",Tree Removal,51
"189528",Tree Trim,75
"189524",Tree Trim,75
"189523",Tree Removal,51
"189522",Tree Removal,51
"189520",Tree Removal,51
"189518",Tree Removal,51
"189515",Tree Trim,75
"189516",Tree Trim,75
"189513",Tree Removal,51
"189511",Tree Trim,75
"189508",Tree Trim,75
"189505",Tree Trim,75
"189504",Tree Removal,51
"189503",Tree Trim,75
"189506",Tree Removal,51
"189501",Tree Removal,51
"189500",Tree Trim,75
"189502",Tree Trim,75
"189499",Tree Trim,75
"189494",Tree Trim,75
"189495",Tree Removal,51
"189497",Tree Trim,75
"189498",Tree Removal,51
"189492",Tree Trim,75
"189550",Tree Removal,54
"189486",Tree Removal,51
"189485",Tree Planting,25
"189483",Tree Removal,51
"189481",Tree Removal,51
"189480",Tree Trim,75
"189479",Tree Stump Grinding,116
"189474",Tree Removal,51
"189470",Tree Stump Grinding,116
"189552",Tree Trim,78
"189467",Tree Trim,75
"189468",Tree Removal,51
"189466",Tree Removal,51
"189464",Tree Removal,51
"189463",Tree Removal,51
"189461",Tree Trim,75
"189459",Tree Removal,51
"189460",Tree Removal,51
"189455",Tree Removal,51
"189457",Tree Trim,75
"189452",Tree Trim,75
"189448",Tree Removal,51
"189447",Tree Removal,51
"189444",Tree Trim,75
"189441",Tree Trim,75
"189440",Tree Removal,51
"189438",Tree Removal,51
"189436",Tree Removal,51
"189435",Tree Removal,51
"189434",Tree Removal,51
"189431",Tree Trim,75
"189432",Tree Removal,51
"189430",Tree Removal,51
"189429",Tree Trim,75
"189453",Tree Removal,52
"189428",Tree Trim,75
"189426",Tree Trim,75
"189427",Tree Removal,51
"189425",Tree Trim,75
"189424",Tree Trim,75
"189422",Tree Trim,75
"189416",Tree Trim,75
"189413",Tree Trim,75
"189411",Tree Removal,51
"189410",Tree Removal,51
"189405",Tree Removal,51
"189401",Tree Trim,75
"189400",Tree Trim,75
"189398",Tree Removal,51
"189408",Tree Removal,51
"189394",Tree Removal,51
"189392",Tree Trim,75
"189393",Tree Trim,75
"189391",Tree Trim,75
"189388",Tree Removal,51
"189389",Tree Trim,75
"189384",Tree Trim,75
"189380",Tree Removal,51
"189381",Tree Removal,51
"189382",Tree Trim,75
"189378",Tree Removal,51
"189376",Tree Removal,51
"189374",Tree Trim,75
"189375",Tree Removal,51
"189372",Tree Removal,51
"189369",Tree Removal,51
"189368",Tree Removal,51
"189367",Tree Removal,51
"189365",Tree Trim,75
"189364",Tree Trim,75
"189362",Tree Trim,75
"189360",Tree Trim,75
"189359",Tree Planting,25
"189355",Tree Trim,75
"189354",Tree Removal,51
"189353",Tree Removal,51
"189352",Tree Trim,75
"189347",Tree Trim,75
"189346",Tree Removal,51
"189344",Tree Trim,75
"189343",Tree Trim,75
"189339",Tree Trim,75
"189340",Tree Trim,75
"189341",Tree Trim,75
"189342",Tree Trim,75
"189336",Tree Trim,75
"189337",Tree Trim,75
"189338",Tree Removal,51
"189335",Tree Trim,75
"189332",Tree Trim,75
"189331",Tree Trim,75
"189326",Tree Trim,75
"189325",Tree Removal,51
"189324",Tree Removal,51
"189323",Tree Code Violation,52
"189322",Tree Trim,75
"189321",Tree Trim,75
"189318",Tree Stump Grinding,116
"189317",Tree Removal,51
"189314",Tree Trim,75
"189309",Tree Removal,51
"189313",Tree Code Violation,52
"189307",Tree Removal,51
"189306",Tree Trim,75
"189303",Tree Trim,75
"189302",Tree Trim,75
"189301",Tree Trim,75
"189300",Tree Removal,51
"189297",Tree Trim,75
"189295",Tree Removal,51
"189293",Tree Trim,75
"189291",Tree Trim,75
"189289",Tree Trim,75
"189288",Tree Trim,75
"189284",Tree Removal,51
"189282",Tree Removal,51
"189277",Tree Trim,75
"189276",Tree Removal,51
"189273",Tree Trim,75
"189272",Tree Trim,75
"189270",Tree Trim,75
"189269",Tree Removal,51
"189268",Tree Trim,75
"189266",Tree Trim,75
"189262",Tree Removal,51
"189259",Tree Removal,51
"189257",Tree Removal,51
"189256",Tree Removal,51
"189254",Tree Removal,51
"189253",Tree Removal,51
"189251",Tree Trim,75
"189249",Tree Removal,51
"189248",Tree Removal,51
"189246",Tree Trim,75
"189241",Tree Removal,51
"189238",Tree Stump Grinding,116
"189233",Tree Trim,75
"189232",Tree Trim,75
"189231",Tree Removal,51
"189230",Tree Trim,75
"189228",Tree Trim,75
"189227",Tree Removal,51
"189225",Tree Trim,75
"189211",Tree Removal,51
"189209",Tree Trim,75
"189207",Tree Removal,51
"189204",Tree Removal,51
"189205",Tree Removal,51
"189200",Tree Code Violation,52
"189199",Tree Removal,51
"189197",Tree Trim,75
"189196",Tree Removal,51
"189194",Tree Trim,75
"189193",Tree Removal,51
"189191",Tree Removal,51
"189189",Tree Trim,75
"189183",Tree Stump Grinding,116
"189179",Tree Trim,75
"189180",Tree Trim,75
"189181",Tree Trim,75
"189177",Tree Removal,51
"189176",Tree Removal,51
"189175",Tree Trim,75
"189174",Tree Removal,51
"189173",Tree Removal,51
"189171",Tree Trim,75
"189169",Tree Removal,51
"189165",Tree Removal,51
"189161",Tree Removal,51
"189157",Tree Trim,75
"189155",Tree Trim,75
"189153",Tree Removal,51
"189154",Tree Code Violation,52
"189145",Tree Removal,51
"189142",Tree Code Violation,52
"189141",Tree Trim,75
"189140",Tree Trim,75
"189138",Tree Trim,75
"189137",Tree Trim,75
"189135",Tree Trim,75
"189130",Tree Trim,75
"189129",Tree Removal,51
"189125",Tree Removal,51
"189122",Tree Removal,51
"189123",Tree Removal,51
"189120",Tree Removal,51
"189119",Tree Removal,51
"189112",Tree Trim,75
"189114",Tree Trim,75
"189108",Tree Removal,51
"189109",Tree Removal,51
"189107",Tree Code Violation,52
"189106",Tree Trim,75
"189103",Tree Removal,51
"189098",Tree Trim,75
"189097",Tree Removal,51
"189096",Tree Removal,51
"189095",Tree Trim,75
"189090",Tree Trim,75
"189089",Tree Trim,75
"189087",Tree Trim,75
"189085",Tree Trim,75
"189083",Tree Trim,75
"189081",Tree Trim,75
"189080",Tree Removal,51
"189061",Tree Removal,51
"189078",Tree Trim,75
"189076",Tree Trim,75
"189077",Tree Trim,75
"189075",Tree Trim,75
"189074",Tree Trim,75
"189072",Tree Removal,51
"189071",Tree Trim,75
"189070",Tree Trim,75
"189069",Tree Removal,51
"189066",Tree Removal,51
"189065",Tree Trim,75
"189115",Tree Removal,54
"189062",Tree Trim,75
"189060",Tree Trim,75
"189057",Tree Removal,51
"189056",Tree Removal,51
"189055",Tree Trim,75
"189053",Tree Trim,75
"189048",Tree Removal,51
"189043",Tree Removal,51
"189041",Tree Planting,25
"189039",Tree Trim,75
"189034",Tree Removal,51
"189031",Tree Trim,75
"189030",Tree Removal,51
"189028",Tree Trim,75
"189023",Tree Trim,75
"189024",Tree Trim,75
"189019",Tree Trim,75
"189018",Tree Trim,75
"189011",Tree Trim,75
"189009",Tree Removal,51
"189007",Tree Removal,51
"189005",Tree Stump Grinding,116
"189004",Tree Trim,75
"189002",Tree Trim,75
"188999",Tree Removal,51
"188997",Tree Trim,75
"188996",Tree Trim,75
"188995",Tree Removal,51
"188989",Tree Code Violation,52
"188987",Tree Trim,75
"188984",Tree Removal,51
"188981",Tree Trim,75
"188979",Tree Removal,51
"188978",Tree Trim,75
"188977",Tree Trim,75
"188976",Tree Trim,75
"188975",Tree Removal,51
"188972",Tree Removal,51
"188969",Tree Trim,75
"188968",Tree Removal,51
"188966",Tree Trim,75
"188965",Tree Trim,75
"188971",Tree Trim,76
"188964",Tree Removal,51
"188961",Tree Trim,75
"188960",Tree Trim,75
"188959",Tree Removal,51
"188957",Tree Trim,75
"188958",Tree Removal,51
"188956",Tree Removal,51
"188953",Tree Trim,75
"188951",Tree Trim,75
"188949",Tree Removal,51
"188948",Tree Removal,51
"188947",Tree Trim,75
"188946",Tree Removal,51
"188945",Tree Trim,75
"188944",Tree Removal,51
"188939",Tree Trim,75
"188937",Tree Trim,75
"188936",Tree Trim,75
"188933",Tree Trim,75
"188932",Tree Trim,75
"188929",Tree Trim,75
"188930",Tree Trim,75
"188926",Tree Removal,51
"188917",Tree Trim,75
"188915",Tree Trim,75
"188914",Tree Trim,75
"188908",Tree Removal,51
"188910",Tree Removal,51
"188907",Tree Trim,75
"188905",Tree Removal,51
"188904",Tree Removal,51
"188903",Tree Removal,51
"188901",Tree Removal,51
"188900",Tree Removal,51
"188898",Tree Trim,75
"188897",Tree Trim,75
"188893",Tree Removal,51
"188895",Tree Trim,75
"188889",Tree Stump Grinding,116
"188890",Tree Removal,51
"188888",Tree Removal,51
"188887",Tree Removal,51
"188882",Tree Trim,75
"188880",Tree Trim,75
"188879",Tree Trim,75
"188877",Tree Removal,51
"189008",Tree Removal,58
"188869",Tree Removal,51
"188870",Tree Removal,51
"188866",Tree Removal,51
"188865",Tree Trim,75
"188863",Tree Trim,75
"188861",Tree Removal,51
"188859",Tree Removal,51
"188857",Tree Trim,75
"188856",Tree Trim,75
"188853",Tree Trim,75
"188850",Tree Trim,75
"188849",Tree Removal,51
"188847",Tree Removal,51
"188845",Tree Trim,75
"188843",Tree Trim,75
"188842",Tree Removal,51
"188835",Tree Trim,75
"188833",Tree Removal,51
"188831",Tree Removal,51
"188830",Tree Code Violation,52
"188829",Tree Removal,51
"188826",Tree Removal,51
"188827",Tree Trim,75
"188825",Tree Removal,51
"188820",Tree Removal,51
"188819",Tree Trim,75
"188817",Tree Trim,75
"188814",Tree Trim,75
"188813",Tree Trim,75
"188811",Tree Trim,75
"188812",Tree Removal,51
"188809",Tree Removal,51
"188806",Tree Removal,51
"188804",Tree Trim,75
"188803",Tree Removal,51
"188802",Tree Trim,75
"188801",Tree Removal,51
"188800",Tree Trim,75
"188799",Tree Removal,51
"188797",Tree Trim,75
"188796",Tree Removal,51
"188795",Tree Removal,51
"188794",Tree Removal,51
"188792",Tree Removal,51
"188791",Tree Removal,51
"188790",Tree Trim,75
"188788",Tree Trim,75
"188786",Tree Removal,51
"188784",Tree Trim,75
"188783",Tree Removal,51
"188781",Tree Removal,51
"188782",Tree Removal,51
"188779",Tree Trim,75
"188778",Tree Removal,51
"188777",Tree Removal,51
"188773",Tree Removal,51
"188776",Tree Removal,51
"188772",Tree Trim,75
"188770",Tree Removal,51
"188768",Tree Removal,51
"188767",Tree Removal,51
"188766",Tree Removal,51
"188762",Tree Removal,51
"188758",Tree Trim,75
"188755",Tree Trim,75
"188754",Tree Removal,51
"188753",Tree Removal,51
"188752",Tree Trim,75
"188751",Tree Trim,75
"188748",Tree Removal,51
"188742",Tree Trim,75
"188739",Tree Removal,51
"188738",Tree Removal,51
"188734",Tree Removal,51
"188732",Tree Removal,51
"188731",Tree Trim,75
"188730",Tree Trim,75
"188729",Tree Removal,51
"188727",Tree Removal,51
"188726",Tree Removal,51
"188725",Tree Removal,51
"188724",Tree Removal,51
"188723",Tree Removal,51
"188722",Tree Removal,51
"188721",Tree Trim,75
"188720",Tree Trim,75
"188719",Tree Removal,51
"188717",Tree Removal,51
"188715",Tree Trim,75
"188713",Tree Trim,75
"188711",Tree Removal,51
"188710",Tree Removal,51
"188707",Tree Trim,75
"188704",Tree Trim,75
"188700",Tree Removal,51
"188699",Tree Removal,51
"188696",Tree Trim,75
"188695",Tree Trim,75
"188693",Tree Removal,51
"188692",Tree Trim,75
"188689",Tree Removal,51
"188687",Tree Trim,75
"188686",Tree Trim,75
"188683",Tree Removal,51
"188680",Tree Trim,75
"188679",Tree Trim,75
"188678",Tree Removal,51
"188677",Tree Trim,75
"188676",Tree Removal,51
"188675",Tree Removal,51
"188674",Tree Trim,75
"188672",Tree Trim,75
"188671",Tree Removal,51
"188664",Tree Removal,51
"188663",Tree Removal,51
"188662",Tree Removal,51
"188661",Tree Removal,51
"188658",Tree Removal,51
"188655",Tree Trim,75
"188654",Tree Removal,51
"188653",Tree Trim,75
"188649",Tree Removal,51
"188650",Tree Trim,75
"188645",Tree Removal,51
"188639",Tree Trim,75
"188636",Tree Removal,51
"188633",Tree Removal,51
"188630",Tree Trim,75
"188626",Tree Removal,51
"188616",Tree Trim,75
"188620",Tree Trim,75
"188615",Tree Removal,51
"188612",Tree Trim,75
"188610",Tree Trim,75
"188609",Tree Trim,75
"188608",Tree Removal,51
"188607",Tree Removal,51
"188603",Tree Removal,51
"188602",Tree Removal,51
"188599",Tree Code Violation,52
"188597",Tree Removal,51
"188596",Tree Trim,75
"188591",Tree Trim,75
"188590",Tree Trim,75
"188589",Tree Removal,51
"188588",Tree Trim,75
"188586",Tree Removal,51
"188585",Tree Trim,75
"188582",Tree Trim,75
"188579",Tree Removal,51
"188576",Tree Trim,75
"188571",Tree Removal,51
"188568",Tree Trim,75
"188565",Tree Trim,75
"188561",Tree Trim,75
"188558",Tree Trim,75
"188556",Tree Removal,51
"188553",Tree Removal,51
"188552",Tree Removal,51
"188550",Tree Stump Grinding,116
"188543",Tree Trim,75
"188541",Tree Trim,75
"188539",Tree Trim,75
"188529",Tree Trim,75
"188520",Tree Removal,51
"188517",Tree Removal,51
"188516",Tree Trim,75
"188514",Tree Trim,75
"188513",Tree Removal,51
"188512",Tree Trim,75
"188499",Tree Removal,51
"188496",Tree Trim,75
"188493",Tree Trim,75
"188490",Tree Trim,75
"188495",Tree Trim,75
"188488",Tree Removal,51
"188486",Tree Removal,51
"188481",Tree Removal,51
"188480",Tree Trim,75
"188478",Tree Removal,51
"188474",Tree Removal,51
"188472",Tree Removal,51
"188470",Tree Trim,75
"188467",Tree Removal,51
"188465",Tree Trim,75
"188464",Tree Removal,51
"188462",Tree Removal,51
"188461",Tree Trim,75
"188460",Tree Removal,51
"188459",Tree Trim,75
"188456",Tree Trim,75
"188452",Tree Trim,75
"188449",Tree Trim,75
"188444",Tree Trim,75
"188441",Tree Trim,75
"188440",Tree Trim,75
"188439",Tree Trim,75
"188438",Tree Removal,51
"188437",Tree Trim,75
"188428",Tree Removal,51
"188424",Tree Removal,51
"188419",Tree Removal,51
"188416",Tree Removal,51
"188414",Tree Trim,75
"188435",Tree Trim,76
"188407",Tree Removal,51
"188406",Tree Removal,51
"188401",Tree Trim,75
"188397",Tree Trim,75
"188396",Tree Trim,75
"188394",Tree Trim,75
"188390",Tree Removal,51
"188385",Tree Trim,75
"188384",Tree Trim,75
"188378",Tree Trim,75
"188377",Tree Trim,75
"188368",Tree Removal,51
"188367",Tree Trim,75
"188366",Tree Trim,75
"188364",Tree Code Violation,52
"188363",Tree Code Violation,52
"188362",Tree Removal,51
"188361",Tree Removal,51
"188358",Tree Trim,75
"188359",Tree Trim,75
"188357",Tree Trim,75
"188356",Tree Removal,51
"188355",Tree Trim,75
"188354",Tree Trim,75
"188351",Tree Trim,75
"188349",Tree Removal,51
"188348",Tree Trim,75
"188345",Tree Trim,75
"188343",Tree Removal,51
"188340",Tree Removal,51
"188341",Tree Removal,51
"188336",Tree Trim,75
"188335",Tree Trim,75
"188334",Tree Trim,75
"188332",Tree Removal,51
"188333",Tree Removal,51
"188329",Tree Trim,75
"188328",Tree Stump Grinding,116
"188324",Tree Removal,51
"188322",Tree Removal,51
"188325",Tree Trim,75
"188323",Tree Trim,75
"188321",Tree Trim,75
"188315",Tree Removal,51
"188317",Tree Stump Grinding,116
"188314",Tree Removal,51
"188309",Tree Trim,75
"188307",Tree Trim,75
"188306",Tree Removal,51
"188305",Tree Trim,75
"188304",Tree Trim,75
"188293",Tree Removal,51
"188294",Tree Trim,75
"188292",Tree Removal,51
"188291",Tree Trim,75
"188289",Tree Trim,75
"188288",Tree Trim,75
"188286",Tree Trim,75
"188282",Tree Trim,75
"188278",Tree Removal,51
"188276",Tree Removal,51
"188277",Tree Trim,75
"188275",Tree Trim,75
"188274",Tree Removal,51
"188271",Tree Removal,51
"188270",Tree Code Violation,52
"188267",Tree Removal,51
"188268",Tree Trim,75
"188266",Tree Trim,75
"188265",Tree Trim,75
"188263",Tree Removal,51
"188262",Tree Removal,51
"188260",Tree Trim,75
"188258",Tree Removal,51
"188257",Tree Removal,51
"188256",Tree Stump Grinding,116
"188251",Tree Trim,75
"188250",Tree Removal,51
"188247",Tree Removal,51
"188241",Tree Removal,51
"188240",Tree Trim,75
"188242",Tree Trim,75
"188239",Tree Trim,75
"188237",Tree Trim,75
"188238",Tree Removal,51
"188236",Tree Trim,75
"188235",Tree Removal,51
"188234",Tree Removal,51
"188233",Tree Trim,75
"188231",Tree Trim,75
"188230",Tree Trim,75
"188232",Tree Trim,75
"188228",Tree Trim,75
"188227",Tree Removal,51
"188226",Tree Code Violation,52
"188222",Tree Removal,51
"188225",Tree Removal,51
"188218",Tree Trim,75
"188217",Tree Removal,51
"188221",Tree Removal,51
"188214",Tree Trim,75
"188213",Tree Trim,75
"188212",Tree Removal,51
"188203",Tree Removal,51
"188202",Tree Trim,75
"188201",Tree Removal,51
"188208",Tree Trim,75
"188198",Tree Removal,51
"188197",Tree Trim,75
"188192",Tree Removal,51
"188189",Tree Removal,51
"188181",Tree Stump Grinding,116
"188169",Tree Removal,51
"188168",Tree Trim,75
"188167",Tree Trim,75
"188165",Tree Trim,75
"188164",Tree Removal,51
"188163",Tree Removal,51
"188162",Tree Removal,51
"188161",Tree Removal,51
"188158",Tree Trim,75
"188157",Tree Removal,51
"188156",Tree Trim,75
"188155",Tree Trim,75
"188153",Tree Trim,75
"188150",Tree Trim,75
"188149",Tree Trim,75
"188148",Tree Trim,75
"188147",Tree Trim,75
"188146",Tree Removal,51
"188143",Tree Trim,75
"188142",Tree Trim,75
"188139",Tree Removal,51
"188137",Tree Trim,75
"188136",Tree Trim,75
"188135",Tree Trim,75
"188134",Tree Trim,75
"188131",Tree Trim,75
"188129",Tree Trim,75
"188141",Tree Planting,26
"188123",Tree Removal,51
"188122",Tree Trim,75
"188119",Tree Trim,75
"188116",Tree Trim,75
"188115",Tree Removal,51
"188114",Tree Removal,51
"188112",Tree Planting,590
"188113",Tree Removal,51
"188111",Tree Trim,75
"188110",Tree Trim,75
"188107",Tree Trim,75
"188103",Tree Trim,75
"188101",Tree Trim,75
"188100",Tree Code Violation,52
"188099",Tree Trim,75
"188098",Tree Trim,75
"188097",Tree Removal,51
"188089",Tree Removal,51
"188091",Tree Trim,75
"188086",Tree Trim,75
"188084",Tree Trim,75
"188083",Tree Trim,75
"188079",Tree Removal,51
"188078",Tree Removal,51
"188076",Tree Removal,51
"188075",Tree Trim,75
"188072",Tree Trim,75
"188071",Tree Trim,75
"188069",Tree Trim,75
"188063",Tree Trim,75
"188061",Tree Trim,75
"188058",Tree Removal,51
"188056",Tree Trim,75
"188055",Tree Removal,51
"188052",Tree Removal,51
"188049",Tree Removal,51
"188048",Tree Trim,75
"188047",Tree Trim,75
"188042",Tree Trim,75
"188035",Tree Trim,75
"188034",Tree Removal,51
"188033",Tree Trim,75
"188031",Tree Trim,75
"188029",Tree Trim,75
"188021",Tree Removal,51
"188020",Tree Trim,75
"188015",Tree Removal,51
"188014",Tree Trim,75
"188013",Tree Trim,75
"188011",Tree Trim,75
"188008",Tree Trim,75
"188005",Tree Removal,51
"188002",Tree Stump Grinding,116
"187999",Tree Trim,75
"187998",Tree Removal,51
"187996",Tree Trim,75
"187995",Tree Trim,75
"187993",Tree Trim,75
"187991",Tree Trim,75
"187986",Tree Trim,75
"187985",Tree Trim,75
"187990",Tree Trim,75
"187976",Tree Removal,51
"187975",Tree Stump Grinding,116
"187974",Tree Trim,75
"187964",Tree Removal,51
"187960",Tree Removal,51
"187958",Tree Removal,51
"187956",Tree Removal,51
"187970",Tree Trim,76
"187972",Tree Trim,76
"187947",Tree Removal,51
"187944",Tree Trim,75
"187940",Tree Trim,75
"187939",Tree Trim,75
"187938",Tree Trim,75
"187937",Tree Trim,75
"187936",Tree Removal,51
"187935",Tree Removal,51
"187933",Tree Trim,75
"187931",Tree Code Violation,52
"187925",Tree Trim,75
"187903",Tree Trim,75
"187902",Tree Removal,51
"187899",Tree Trim,75
"187900",Tree Trim,75
"187898",Tree Trim,75
"187895",Tree Trim,75
"187891",Tree Trim,75
"187887",Tree Trim,75
"187884",Tree Trim,75
"187879",Tree Code Violation,52
"187878",Tree Trim,75
"187880",Tree Trim,75
"187881",Tree Trim,75
"187873",Tree Trim,75
"187872",Tree Trim,75
"187869",Tree Trim,75
"187860",Tree Removal,51
"187858",Tree Trim,75
"187849",Tree Trim,75
"187844",Tree Trim,75
"187843",Tree Trim,75
"187838",Tree Trim,75
"187833",Tree Removal,51
"187827",Tree Removal,51
"187826",Tree Stump Grinding,116
"187828",Tree Trim,75
"187821",Tree Removal,51
"187822",Tree Trim,75
"187819",Tree Removal,51
"187817",Tree Removal,51
"187813",Tree Removal,51
"187816",Tree Code Violation,52
"187812",Tree Trim,75
"187811",Tree Removal,51
"187810",Tree Trim,75
"187809",Tree Trim,75
"187808",Tree Removal,51
"187805",Tree Removal,51
"187801",Tree Trim,75
"187798",Tree Removal,51
"187793",Tree Trim,75
"187791",Tree Trim,75
"187790",Tree Trim,75
"187787",Tree Removal,51
"187786",Tree Trim,75
"187784",Tree Trim,75
"187783",Tree Trim,75
"187782",Tree Trim,75
"187779",Tree Trim,75
"187773",Tree Trim,75
"187774",Tree Trim,75
"187775",Tree Trim,75
"187776",Tree Removal,51
"187770",Tree Trim,75
"187771",Tree Removal,51
"187765",Tree Trim,75
"187766",Tree Stump Grinding,116
"187760",Tree Removal,51
"187761",Tree Trim,75
"187762",Tree Removal,51
"187758",Tree Trim,75
"187753",Tree Removal,51
"187752",Tree Trim,75
"187750",Tree Code Violation,52
"187749",Tree Trim,75
"187748",Tree Trim,75
"187746",Tree Trim,75
"187745",Tree Removal,51
"187743",Tree Trim,75
"187742",Tree Removal,51
"187741",Tree Trim,75
"187740",Tree Code Violation,52
"187737",Tree Removal,51
"187736",Tree Trim,75
"187734",Tree Removal,51
"187732",Tree Trim,75
"187731",Tree Stump Grinding,116
"187730",Tree Code Violation,52
"187729",Tree Removal,51
"187728",Tree Removal,51
"187725",Tree Code Violation,52
"187720",Tree Trim,75
"187716",Tree Removal,51
"187715",Tree Trim,75
"187714",Tree Removal,51
"187712",Tree Trim,75
"187708",Tree Removal,51
"187703",Tree Removal,51
"187700",Tree Stump Grinding,116
"187693",Tree Removal,51
"187690",Tree Trim,75
"187682",Tree Removal,51
"187680",Tree Planting,25
"187683",Tree Removal,51
"187679",Tree Trim,75
"187675",Tree Trim,75
"187673",Tree Trim,75
"187674",Tree Trim,75
"187672",Tree Removal,51
"187670",Tree Trim,75
"187667",Tree Removal,51
"187666",Tree Removal,51
"187664",Tree Removal,51
"187661",Tree Removal,51
"187659",Tree Removal,51
"187656",Tree Trim,75
"187655",Tree Removal,51
"187653",Tree Removal,51
"187652",Tree Trim,75
"187651",Tree Trim,75
"187645",Tree Removal,51
"187643",Tree Trim,75
"187641",Tree Removal,51
"187642",Tree Removal,51
"187639",Tree Removal,51
"187635",Tree Removal,51
"187632",Tree Trim,75
"187631",Tree Removal,51
"187633",Tree Removal,51
"187629",Tree Removal,51
"187627",Tree Removal,51
"187625",Tree Trim,75
"187624",Tree Removal,51
"187620",Tree Removal,51
"187616",Tree Removal,51
"187614",Tree Trim,75
"187612",Tree Removal,51
"187610",Tree Trim,75
"187607",Tree Trim,75
"187605",Tree Removal,51
"187603",Tree Trim,75
"187601",Tree Trim,75
"187602",Tree Trim,75
"187600",Tree Removal,51
"187599",Tree Removal,51
"187598",Tree Trim,75
"187593",Tree Trim,75
"187591",Tree Trim,75
"187590",Tree Trim,75
"187587",Tree Removal,51
"187585",Tree Removal,51
"187586",Tree Removal,51
"187583",Tree Removal,51
"187581",Tree Removal,51
"187573",Tree Trim,75
"187571",Tree Removal,51
"187570",Tree Removal,51
"187574",Tree Trim,75
"187575",Tree Trim,75
"187569",Tree Removal,51
"187649",Tree Planting,26
"187564",Tree Trim,76
"187559",Tree Trim,75
"187558",Tree Trim,75
"187557",Tree Trim,75
"187554",Tree Removal,51
"187546",Tree Removal,51
"187539",Tree Removal,51
"187538",Tree Removal,51
"187537",Tree Removal,51
"187535",Tree Removal,51
"187532",Tree Removal,51
"187531",Tree Trim,75
"187529",Tree Trim,75
"187526",Tree Trim,75
"187523",Tree Code Violation,52
"187521",Tree Trim,75
"187515",Tree Trim,75
"187514",Tree Trim,75
"187513",Tree Trim,75
"187512",Tree Trim,75
"187505",Tree Removal,51
"187501",Tree Removal,51
"187500",Tree Trim,75
"187499",Tree Trim,75
"187497",Tree Removal,51
"187495",Tree Trim,75
"187491",Tree Trim,75
"187489",Tree Trim,75
"187488",Tree Trim,75
"187487",Tree Trim,75
"187484",Tree Removal,51
"187485",Tree Removal,51
"187481",Tree Planting,25
"187479",Tree Trim,75
"187477",Tree Stump Grinding,116
"187478",Tree Trim,75
"187475",Tree Trim,75
"187476",Tree Trim,75
"187471",Tree Removal,51
"187468",Tree Trim,75
"187467",Tree Trim,75
"187466",Tree Removal,51
"187464",Tree Removal,51
"187461",Tree Trim,75
"187457",Tree Trim,75
"187455",Tree Trim,75
"187453",Tree Removal,51
"187452",Tree Removal,51
"187451",Tree Trim,75
"187450",Tree Trim,75
"187448",Tree Trim,75
"187445",Tree Trim,75
"187446",Tree Trim,75
"187442",Tree Trim,75
"187438",Tree Trim,75
"187437",Tree Trim,75
"187435",Tree Stump Grinding,116
"187433",Tree Trim,75
"187434",Tree Trim,75
"187432",Tree Code Violation,52
"187431",Tree Trim,75
"187428",Tree Trim,75
"187426",Tree Trim,75
"187427",Tree Trim,76
"187420",Tree Removal,51
"187416",Tree Trim,75
"187520",Tree Removal,56
"187408",Tree Removal,51
"187406",Tree Trim,75
"187403",Tree Removal,51
"187391",Tree Trim,75
"187388",Tree Trim,75
"187385",Tree Trim,75
"187381",Tree Removal,51
"187379",Tree Trim,75
"187378",Tree Planting,25
"187373",Tree Trim,75
"187371",Tree Trim,75
"187370",Tree Removal,51
"187369",Tree Removal,51
"187367",Tree Trim,75
"187366",Tree Removal,51
"187363",Tree Trim,75
"187362",Tree Trim,75
"187361",Tree Trim,75
"187357",Tree Trim,75
"187356",Tree Trim,75
"187355",Tree Trim,75
"187354",Tree Trim,75
"187350",Tree Removal,51
"187346",Tree Removal,51
"187342",Tree Trim,75
"187340",Tree Trim,75
"187338",Tree Trim,75
"187337",Tree Trim,75
"187336",Tree Removal,51
"187331",Tree Removal,51
"187330",Tree Trim,75
"187329",Tree Removal,51
"187324",Tree Trim,75
"187323",Tree Trim,75
"187322",Tree Trim,75
"187321",Tree Trim,75
"187318",Tree Trim,75
"187317",Tree Trim,75
"187314",Tree Code Violation,52
"187309",Tree Trim,75
"187311",Tree Trim,75
"187307",Tree Trim,75
"187300",Tree Planting,25
"187297",Tree Removal,51
"187296",Tree Trim,75
"187294",Tree Removal,51
"187289",Tree Trim,75
"187283",Tree Removal,51
"187282",Tree Code Violation,52
"187281",Tree Removal,51
"187280",Tree Trim,75
"187278",Tree Removal,51
"187275",Tree Trim,75
"187273",Tree Trim,75
"187272",Tree Trim,75
"187271",Tree Trim,75
"187246",Tree Removal,51
"187241",Tree Trim,75
"187240",Tree Trim,75
"187239",Tree Trim,75
"187238",Tree Trim,75
"187237",Tree Planting,25
"187236",Tree Trim,75
"187229",Tree Removal,51
"187228",Tree Trim,75
"187226",Tree Removal,51
"187224",Tree Trim,75
"187222",Tree Removal,51
"187221",Tree Trim,75
"187219",Tree Removal,51
"187220",Tree Trim,75
"187218",Tree Removal,51
"187216",Tree Removal,51
"187213",Tree Planting,25
"187212",Tree Trim,75
"187211",Tree Trim,75
"187209",Tree Trim,75
"187200",Tree Removal,51
"187201",Tree Removal,51
"187197",Tree Removal,51
"187196",Tree Trim,75
"187192",Tree Removal,51
"187193",Tree Planting,25
"187188",Tree Removal,51
"187189",Tree Trim,75
"187187",Tree Removal,51
"187184",Tree Removal,51
"187185",Tree Removal,51
"187182",Tree Removal,51
"187180",Tree Trim,75
"187176",Tree Removal,51
"187175",Tree Trim,75
"187174",Tree Removal,51
"187173",Tree Removal,51
"187172",Tree Trim,75
"187170",Tree Trim,75
"187168",Tree Trim,75
"187166",Tree Removal,51
"187165",Tree Trim,75
"187177",Tree Removal,51
"187162",Tree Removal,51
"187160",Tree Trim,75
"187158",Tree Removal,51
"187156",Tree Trim,75
"187268",Tree Trim,78
"187154",Tree Trim,75
"187152",Tree Trim,75
"187149",Tree Removal,51
"187146",Tree Code Violation,52
"187145",Tree Trim,75
"187143",Tree Trim,75
"187142",Tree Removal,51
"187140",Tree Removal,51
"187141",Tree Trim,75
"187138",Tree Stump Grinding,116
"187135",Tree Removal,51
"187134",Tree Removal,51
"187133",Tree Trim,75
"187131",Tree Removal,51
"187129",Tree Trim,75
"187127",Tree Trim,75
"187126",Tree Removal,51
"187125",Tree Removal,51
"187130",Tree Code Violation,52
"187119",Tree Removal,51
"187117",Tree Removal,51
"187115",Tree Removal,51
"187112",Tree Removal,51
"187110",Tree Trim,75
"187109",Tree Trim,75
"187103",Tree Trim,75
"187097",Tree Removal,51
"187096",Tree Trim,75
"187095",Tree Trim,75
"187094",Tree Trim,75
"187088",Tree Trim,75
"187087",Tree Trim,75
"187082",Tree Trim,75
"187081",Tree Trim,75
"187076",Tree Removal,51
"187074",Tree Trim,75
"187073",Tree Removal,51
"187072",Tree Removal,51
"187071",Tree Trim,75
"187070",Tree Removal,51
"187060",Tree Removal,51
"187059",Tree Removal,51
"187057",Tree Removal,51
"187056",Tree Trim,75
"187054",Tree Trim,75
"187052",Tree Code Violation,52
"187048",Tree Removal,51
"187047",Tree Trim,75
"187044",Tree Trim,75
"187043",Tree Trim,75
"187041",Tree Removal,51
"187040",Tree Trim,75
"187037",Tree Code Violation,52
"187036",Tree Trim,75
"187035",Tree Trim,75
"187034",Tree Trim,75
"187029",Tree Removal,51
"187026",Tree Trim,75
"187025",Tree Removal,51
"187022",Tree Removal,51
"187018",Tree Trim,75
"187016",Tree Trim,75
"187014",Tree Trim,75
"187010",Tree Trim,75
"187004",Tree Trim,75
"187003",Tree Removal,51
"186995",Tree Removal,51
"186992",Tree Trim,75
"186991",Tree Removal,51
"186989",Tree Trim,75
"186986",Tree Removal,51
"186983",Tree Removal,51
"186984",Tree Removal,51
"186980",Tree Removal,51
"186982",Tree Trim,75
"186978",Tree Trim,75
"186976",Tree Trim,75
"186972",Tree Trim,75
"186969",Tree Removal,51
"186966",Tree Removal,51
"186960",Tree Removal,51
"186958",Tree Stump Grinding,116
"186955",Tree Removal,51
"186954",Tree Planting,25
"186953",Tree Trim,75
"186952",Tree Trim,75
"186948",Tree Trim,75
"186946",Tree Stump Grinding,116
"186941",Tree Trim,75
"186935",Tree Trim,75
"186932",Tree Removal,51
"186931",Tree Code Violation,52
"186927",Tree Removal,51
"186926",Tree Trim,75
"186919",Tree Removal,51
"186909",Tree Removal,51
"186906",Tree Trim,75
"186904",Tree Removal,51
"186900",Tree Trim,75
"186899",Tree Trim,75
"186894",Tree Removal,51
"186895",Tree Trim,75
"186884",Tree Removal,51
"186883",Tree Removal,51
"186882",Tree Trim,75
"186877",Tree Trim,75
"186876",Tree Removal,51
"186870",Tree Stump Grinding,116
"186871",Tree Trim,75
"186867",Tree Removal,51
"186868",Tree Removal,51
"186865",Tree Removal,51
"186864",Tree Removal,51
"186862",Tree Trim,75
"186860",Tree Removal,51
"186857",Tree Trim,75
"186856",Tree Trim,75
"186853",Tree Removal,51
"186851",Tree Trim,75
"186848",Tree Trim,75
"186847",Tree Trim,75
"186845",Tree Trim,75
"186844",Tree Trim,75
"186841",Tree Trim,75
"186839",Tree Trim,75
"186836",Tree Trim,75
"186816",Tree Stump Grinding,116
"186833",Tree Removal,51
"186829",Tree Trim,75
"186831",Tree Trim,75
"186820",Tree Removal,51
"186819",Tree Removal,51
"186818",Tree Trim,75
"186817",Tree Trim,75
"186813",Tree Code Violation,52
"186812",Tree Trim,75
"186811",Tree Removal,51
"186810",Tree Trim,75
"186806",Tree Trim,75
"186805",Tree Trim,75
"186804",Tree Removal,51
"186802",Tree Removal,51
"186799",Tree Removal,51
"186796",Tree Trim,75
"186795",Tree Trim,75
"186786",Tree Removal,51
"186785",Tree Removal,51
"186783",Tree Trim,75
"186777",Tree Removal,51
"186775",Tree Removal,51
"186774",Tree Removal,51
"186772",Tree Trim,75
"186769",Tree Trim,75
"186767",Tree Removal,51
"186763",Tree Removal,51
"186753",Tree Removal,51
"186750",Tree Trim,75
"186749",Tree Trim,75
"186743",Tree Trim,75
"186742",Tree Trim,75
"186739",Tree Trim,75
"186737",Tree Removal,51
"186736",Tree Removal,51
"186734",Tree Trim,75
"186731",Tree Removal,51
"186726",Tree Removal,51
"186725",Tree Trim,75
"186720",Tree Trim,75
"186723",Tree Stump Grinding,116
"186714",Tree Trim,75
"186715",Tree Trim,75
"186713",Tree Trim,75
"186712",Tree Removal,51
"186710",Tree Removal,51
"186711",Tree Removal,51
"186707",Tree Trim,75
"186706",Tree Stump Grinding,116
"186703",Tree Trim,75
"186701",Tree Trim,75
"186696",Tree Removal,51
"186690",Tree Trim,75
"186680",Tree Trim,75
"186684",Tree Trim,75
"186685",Tree Removal,51
"186686",Tree Trim,75
"186687",Tree Trim,75
"186689",Tree Trim,75
"186674",Tree Trim,75
"186676",Tree Trim,75
"186688",Tree Code Violation,55
"186670",Tree Trim,75
"186665",Tree Code Violation,52
"186664",Tree Trim,75
"186663",Tree Removal,51
"186662",Tree Trim,75
"186661",Tree Trim,75
"186659",Tree Trim,75
"186657",Tree Trim,75
"186655",Tree Trim,75
"186650",Tree Trim,75
"186648",Tree Trim,75
"186645",Tree Trim,75
"186642",Tree Trim,75
"186637",Tree Trim,75
"186636",Tree Removal,51
"186634",Tree Removal,51
"186633",Tree Trim,75
"186627",Tree Trim,75
"186622",Tree Removal,51
"186618",Tree Trim,75
"186617",Tree Trim,75
"186614",Tree Removal,51
"186608",Tree Trim,75
"186609",Tree Trim,75
"186605",Tree Removal,51
"186604",Tree Trim,75
"186602",Tree Removal,51
"186603",Tree Code Violation,52
"186601",Tree Trim,75
"186599",Tree Trim,75
"186598",Tree Trim,75
"186597",Tree Trim,75
"186595",Tree Removal,51
"186594",Tree Removal,51
"186593",Tree Code Violation,52
"186591",Tree Trim,75
"186584",Tree Trim,75
"186576",Tree Removal,51
"186575",Tree Removal,51
"186574",Tree Trim,75
"186573",Tree Trim,75
"186566",Tree Removal,51
"186563",Tree Trim,75
"186560",Tree Trim,75
"186557",Tree Stump Grinding,116
"186554",Tree Code Violation,52
"186553",Tree Removal,51
"186552",Tree Trim,75
"186547",Tree Trim,75
"186546",Tree Removal,51
"186544",Tree Trim,75
"186538",Tree Trim,75
"186532",Tree Trim,75
"186530",Tree Trim,75
"186529",Tree Trim,75
"186519",Tree Removal,51
"186518",Tree Removal,51
"186516",Tree Removal,51
"186515",Tree Removal,51
"186511",Tree Trim,75
"186510",Tree Removal,51
"186509",Tree Removal,51
"186506",Tree Removal,51
"186505",Tree Trim,75
"186503",Tree Code Violation,52
"186497",Tree Removal,51
"186489",Tree Trim,75
"186488",Tree Trim,75
"186484",Tree Removal,51
"186482",Tree Removal,51
"186480",Tree Trim,75
"186479",Tree Removal,51
"186478",Tree Removal,51
"186477",Tree Removal,51
"186473",Tree Removal,51
"186470",Tree Removal,51
"186467",Tree Removal,51
"186460",Tree Removal,51
"186458",Tree Code Violation,52
"186457",Tree Removal,51
"186456",Tree Removal,51
"186455",Tree Trim,75
"186451",Tree Removal,51
"186449",Tree Trim,75
"186448",Tree Removal,51
"186446",Tree Removal,51
"186439",Tree Trim,75
"186436",Tree Trim,75
"186435",Tree Removal,51
"186433",Tree Code Violation,52
"186430",Tree Trim,75
"186429",Tree Removal,51
"186427",Tree Trim,75
"186426",Tree Trim,75
"186425",Tree Planting,25
"186420",Tree Trim,75
"186419",Tree Removal,51
"186418",Tree Trim,75
"186415",Tree Removal,51
"186412",Tree Trim,75
"186408",Tree Trim,75
"186409",Tree Stump Grinding,116
"186407",Tree Removal,51
"186405",Tree Stump Grinding,116
"186397",Tree Removal,51
"186395",Tree Trim,75
"186394",Tree Removal,51
"186393",Tree Removal,51
"186392",Tree Trim,75
"186390",Tree Removal,51
"186391",Tree Removal,51
"186384",Tree Trim,75
"186382",Tree Code Violation,52
"186381",Tree Removal,51
"186379",Tree Removal,51
"186377",Tree Removal,51
"186376",Tree Removal,51
"186375",Tree Removal,51
"186374",Tree Removal,51
"186372",Tree Trim,75
"186371",Tree Trim,75
"186366",Tree Trim,75
"186364",Tree Removal,51
"186363",Tree Trim,75
"186360",Tree Removal,51
"186359",Tree Trim,75
"186358",Tree Removal,51
"186357",Tree Removal,51
"186355",Tree Removal,51
"186353",Tree Removal,51
"186352",Tree Stump Grinding,116
"186349",Tree Stump Grinding,116
"186346",Tree Trim,75
"186345",Tree Trim,75
"186344",Tree Trim,75
"186341",Tree Stump Grinding,116
"186340",Tree Trim,75
"186339",Tree Trim,75
"186336",Tree Removal,51
"186335",Tree Trim,75
"186333",Tree Removal,51
"186332",Tree Removal,51
"186331",Tree Trim,75
"186330",Tree Trim,75
"186326",Tree Removal,51
"186325",Tree Trim,75
"186324",Tree Removal,51
"186322",Tree Removal,51
"186323",Tree Removal,51
"186320",Tree Trim,75
"186318",Tree Trim,75
"186313",Tree Trim,75
"186311",Tree Removal,51
"186308",Tree Trim,75
"186295",Tree Trim,75
"186294",Tree Trim,75
"186292",Tree Trim,75
"186291",Tree Removal,51
"186288",Tree Removal,51
"186287",Tree Trim,75
"186282",Tree Trim,75
"186281",Tree Trim,75
"186279",Tree Removal,51
"186274",Tree Removal,51
"186273",Tree Removal,51
"186272",Tree Removal,51
"186269",Tree Trim,75
"186266",Tree Removal,51
"186264",Tree Removal,51
"186261",Tree Removal,51
"186260",Tree Removal,51
"186258",Tree Removal,51
"186255",Tree Removal,51
"186254",Tree Removal,51
"186253",Tree Removal,51
"186257",Tree Removal,51
"186252",Tree Removal,51
"186240",Tree Removal,51
"186236",Tree Removal,51
"186234",Tree Trim,75
"186237",Tree Removal,51
"186233",Tree Removal,51
"186232",Tree Removal,51
"186230",Tree Trim,75
"186229",Tree Removal,51
"186227",Tree Removal,51
"186226",Tree Removal,51
"186224",Tree Removal,51
"186228",Tree Removal,51
"186222",Tree Removal,51
"186223",Tree Trim,75
"186219",Tree Removal,51
"186216",Tree Trim,75
"186214",Tree Removal,51
"186212",Tree Removal,51
"186210",Tree Trim,75
"186208",Tree Removal,51
"186207",Tree Removal,51
"186206",Tree Trim,75
"186203",Tree Trim,75
"186201",Tree Removal,51
"186199",Tree Removal,51
"186196",Tree Trim,75
"186197",Tree Trim,75
"186193",Tree Removal,51
"186192",Tree Removal,51
"186189",Tree Removal,51
"186190",Tree Removal,51
"186182",Tree Trim,75
"186179",Tree Removal,51
"186178",Tree Removal,51
"186177",Tree Trim,75
"186176",Tree Trim,75
"186175",Tree Removal,51
"186174",Tree Trim,75
"186170",Tree Removal,51
"186172",Tree Removal,51
"186169",Tree Planting,25
"186166",Tree Removal,51
"186165",Tree Trim,75
"186163",Tree Trim,75
"186161",Tree Trim,75
"186160",Tree Removal,51
"186158",Tree Trim,75
"186152",Tree Removal,51
"186151",Tree Trim,75
"186155",Tree Code Violation,52
"186142",Tree Code Violation,52
"186141",Tree Trim,75
"186140",Tree Removal,51
"186138",Tree Removal,51
"186137",Tree Trim,75
"186136",Tree Removal,51
"186133",Tree Trim,75
"186131",Tree Removal,51
"186132",Tree Removal,51
"186130",Tree Removal,51
"186121",Tree Trim,75
"186120",Tree Removal,51
"186119",Tree Trim,75
"186113",Tree Trim,75
"186112",Tree Removal,51
"186111",Tree Trim,75
"186107",Tree Removal,51
"186101",Tree Trim,75
"186099",Tree Removal,51
"186100",Tree Removal,51
"186097",Tree Stump Grinding,116
"186096",Tree Removal,51
"186094",Tree Stump Grinding,116
"186091",Tree Trim,75
"186087",Tree Removal,52
"186084",Tree Trim,75
"186078",Tree Removal,51
"186076",Tree Trim,75
"186059",Tree Trim,75
"186056",Tree Removal,51
"186055",Tree Trim,75
"186053",Tree Trim,75
"186050",Tree Trim,75
"186045",Tree Removal,51
"186043",Tree Trim,75
"186042",Tree Removal,51
"186041",Tree Trim,75
"186040",Tree Removal,51
"186039",Tree Removal,51
"186038",Tree Removal,51
"186037",Tree Code Violation,52
"186034",Tree Trim,75
"186033",Tree Trim,75
"186032",Tree Trim,75
"186029",Tree Removal,51
"186017",Tree Removal,51
"186018",Tree Trim,75
"186016",Tree Removal,51
"186015",Tree Removal,51
"186010",Tree Removal,51
"186008",Tree Removal,51
"185999",Tree Removal,51
"185997",Tree Planting,25
"185994",Tree Removal,51
"185993",Tree Removal,51
"185988",Tree Removal,51
"185983",Tree Trim,75
"185984",Tree Removal,51
"185979",Tree Trim,75
"185978",Tree Trim,75
"185975",Tree Removal,51
"185973",Tree Trim,75
"185972",Tree Removal,51
"185970",Tree Trim,75
"185968",Tree Trim,75
"185967",Tree Removal,51
"185956",Tree Trim,75
"185951",Tree Removal,51
"185946",Tree Trim,75
"185945",Tree Trim,75
"185942",Tree Trim,75
"185971",Tree Removal,51
"185941",Tree Trim,75
"185937",Tree Trim,75
"185936",Tree Trim,75
"185934",Tree Trim,76
"185933",Tree Trim,75
"185929",Tree Removal,51
"185926",Tree Trim,75
"185923",Tree Trim,75
"185924",Tree Trim,75
"185918",Tree Removal,51
"185915",Tree Removal,51
"185911",Tree Removal,51
"185910",Tree Trim,75
"185909",Tree Removal,51
"185903",Tree Trim,75
"185900",Tree Removal,51
"185890",Tree Trim,75
"185889",Tree Removal,51
"185888",Tree Trim,75
"185885",Tree Trim,75
"185881",Tree Trim,75
"185883",Tree Trim,75
"185879",Tree Removal,51
"185871",Tree Trim,75
"185862",Tree Planting,25
"185860",Tree Removal,51
"185859",Tree Removal,51
"185858",Tree Trim,75
"185857",Tree Trim,75
"185856",Tree Removal,51
"185855",Tree Trim,75
"185851",Tree Trim,75
"185850",Tree Trim,75
"185846",Tree Trim,75
"185843",Tree Removal,51
"185842",Tree Removal,51
"185838",Tree Trim,75
"185834",Tree Removal,51
"185831",Tree Removal,51
"185849",Tree Removal,52
"185823",Tree Trim,75
"185822",Tree Removal,51
"185820",Tree Removal,51
"185814",Tree Trim,75
"185815",Tree Code Violation,52
"185812",Tree Trim,75
"185811",Tree Trim,75
"185810",Tree Removal,51
"185802",Tree Removal,51
"185796",Tree Removal,51
"185795",Tree Removal,51
"185794",Tree Removal,51
"185791",Tree Trim,75
"185792",Tree Trim,75
"185790",Tree Removal,51
"185787",Tree Trim,75
"185788",Tree Trim,75
"185780",Tree Trim,75
"185773",Tree Removal,51
"185767",Tree Code Violation,52
"185766",Tree Removal,51
"185765",Tree Trim,75
"185777",Tree Trim,75
"185762",Tree Removal,51
"185759",Tree Removal,51
"185757",Tree Trim,75
"185753",Tree Trim,75
"185740",Tree Removal,51
"185739",Tree Trim,75
"185737",Tree Trim,75
"185732",Tree Trim,75
"185729",Tree Trim,75
"185716",Tree Removal,51
"185706",Tree Removal,51
"185704",Tree Removal,51
"185699",Tree Removal,51
"185698",Tree Removal,51
"185696",Tree Trim,75
"185695",Tree Removal,51
"185694",Tree Planting,25
"185693",Tree Trim,75
"185689",Tree Trim,75
"185682",Tree Trim,75
"185680",Tree Trim,75
"185673",Tree Trim,75
"185664",Tree Removal,51
"185665",Tree Removal,51
"185662",Tree Removal,51
"185661",Tree Stump Grinding,116
"185660",Tree Trim,75
"185659",Tree Removal,51
"185657",Tree Code Violation,52
"185616",Tree Trim,75
"185606",Tree Removal,52
"185604",Tree Removal,51
"185602",Tree Removal,51
"185535",Tree Trim,75
"185534",Tree Removal,51
"185533",Tree Removal,51
"185532",Tree Trim,75
"185531",Tree Trim,75
"185527",Tree Removal,51
"185517",Tree Removal,51
"185524",Tree Removal,51
"185515",Tree Trim,75
"185513",Tree Trim,75
"185510",Tree Trim,75
"185507",Tree Trim,75
"185504",Tree Removal,51
"185496",Tree Trim,75
"185493",Tree Code Violation,52
"185492",Tree Removal,51
"185502",Tree Trim,75
"185491",Tree Code Violation,52
"185489",Tree Trim,75
"185488",Tree Removal,51
"185487",Tree Removal,51
"185484",Tree Removal,51
"185485",Tree Removal,51
"185454",Tree Trim,75
"185453",Tree Trim,75
"185450",Tree Trim,75
"185439",Tree Trim,75
"185438",Tree Removal,51
"185436",Tree Removal,51
"185431",Tree Removal,51
"185432",Tree Removal,51
"185433",Tree Removal,51
"185434",Tree Removal,51
"185427",Tree Trim,76
"185425",Tree Trim,75
"185422",Tree Removal,51
"185440",Tree Removal,51
"185418",Tree Removal,51
"185416",Tree Removal,51
"185414",Tree Trim,75
"185412",Tree Trim,75
"185406",Tree Trim,75
"185405",Tree Trim,75
"185401",Tree Trim,75
"185400",Tree Trim,75
"185397",Tree Removal,51
"185395",Tree Trim,75
"185385",Tree Removal,51
"185384",Tree Removal,51
"185383",Tree Removal,51
"185379",Tree Removal,51
"185378",Tree Trim,75
"185377",Tree Removal,51
"185376",Tree Removal,51
"185374",Tree Trim,75
"185373",Tree Trim,75
"185354",Tree Removal,51
"185352",Tree Removal,51
"185350",Tree Removal,51
"185349",Tree Removal,51
"185550",Tree Removal,51
"185348",Tree Removal,51
"185347",Tree Removal,51
"185345",Tree Removal,51
"185344",Tree Trim,75
"185343",Tree Trim,75
"185389",Tree Trim,75
"185339",Tree Removal,51
"185338",Tree Stump Grinding,116
"185337",Tree Trim,75
"185334",Tree Trim,75
"185324",Tree Trim,75
"185321",Tree Removal,51
"185320",Tree Removal,51
"185313",Tree Removal,51
"185314",Tree Trim,75
"185317",Tree Trim,75
"185310",Tree Trim,75
"185303",Tree Removal,51
"185302",Tree Trim,75
"185300",Tree Removal,51
"185297",Tree Removal,51
"185294",Tree Removal,51
"185290",Tree Removal,51
"185287",Tree Removal,51
"185286",Tree Stump Grinding,116
"185279",Tree Trim,75
"185273",Tree Removal,51
"185266",Tree Trim,75
"185265",Tree Removal,51
"185263",Tree Trim,75
"185390",Tree Trim,75
"185262",Tree Trim,75
"185261",Tree Trim,75
"185255",Tree Removal,51
"185254",Tree Removal,51
"185252",Tree Removal,51
"185250",Tree Removal,51
"185251",Tree Removal,51
"185245",Tree Trim,75
"185242",Tree Removal,51
"185236",Tree Trim,75
"185235",Tree Trim,75
"185234",Tree Trim,75
"185225",Tree Trim,75
"185222",Tree Removal,51
"185220",Tree Trim,75
"185218",Tree Trim,75
"185217",Tree Removal,51
"185216",Tree Removal,51
"200716",Tree Trim,75
"185212",Tree Removal,51
"185205",Tree Removal,51
"185198",Tree Removal,51
"185551",Tree Trim,75
"185194",Tree Removal,51
"185192",Tree Trim,75
"200714",Tree Trim,75
"200713",Tree Removal,51
"200711",Tree Removal,51
"200709",Tree Removal,51
"200710",Tree Removal,51
"200707",Tree Removal,51
"200708",Tree Removal,51
"200706",Tree Removal,51
"200702",Tree Trim,75
"200701",Tree Trim,75
"200696",Tree Removal,51
"200694",Tree Removal,51
"200688",Tree Removal,51
"200683",Tree Trim,75
"200680",Tree Removal,51
"200679",Tree Removal,51
"200677",Tree Removal,51
"200678",Tree Trim,75
"200617",Tree Trim,75
"200657",Tree Trim,75
"200654",Tree Trim,75
"200651",Tree Removal,51
"200644",Tree Removal,51
"200634",Tree Trim,75
"200635",Tree Removal,51
"200632",Tree Trim,75
"200631",Tree Removal,51
"200618",Tree Trim,75
"200615",Tree Trim,75
"200576",Tree Trim,75
"200598",Tree Planting,25
"200591",Tree Trim,75
"200589",Tree Trim,75
"200587",Tree Trim,75
"200584",Tree Trim,75
"200580",Tree Removal,51
"200579",Tree Removal,51
"200572",Tree Code Violation,52
"200568",Tree Trim,75
"200564",Tree Planting,25
"200557",Tree Trim,75
"200623",Tree Trim,75
"200624",Tree Removal,51
"200522",Tree Stump Grinding,116
"200519",Tree Trim,75
"200477",Tree Removal,51
"200509",Tree Removal,51
"200508",Tree Trim,75
"200506",Tree Removal,51
"200503",Tree Trim,75
"200496",Tree Removal,51
"200493",Tree Removal,51
"200484",Tree Removal,51
"200485",Tree Removal,51
"200480",Tree Trim,75
"200476",Tree Trim,75
"200475",Tree Trim,75
"200474",Tree Removal,51
"200473",Tree Trim,75
"200472",Tree Trim,75
"200440",Tree Stump Grinding,116
"200517",Tree Removal,51
"200463",Tree Removal,51
"200462",Tree Trim,75
"200458",Tree Trim,75
"200451",Tree Trim,75
"200488",Tree Trim,75
"200489",Tree Trim,75
"200443",Tree Removal,51
"200442",Tree Trim,75
"200441",Tree Removal,51
"200420",Tree Trim,75
"200448",Tree Trim,76
"200435",Tree Trim,75
"200434",Tree Removal,51
"200427",Tree Trim,75
"200418",Tree Trim,75
"200414",Tree Removal,51
"200411",Tree Removal,51
"200409",Tree Removal,51
"200405",Tree Stump Grinding,116
"200362",Tree Stump Grinding,116
"200353",Tree Stump Grinding,116
"200373",Tree Removal,51
"200369",Tree Removal,51
"200366",Tree Trim,75
"200361",Tree Code Violation,52
"200356",Tree Removal,51
"200352",Tree Removal,51
"200351",Tree Removal,51
"200350",Tree Removal,51
"200339",Tree Trim,75
"200327",Tree Trim,75
"200341",Tree Trim,75
"200344",Tree Trim,75
"200340",Tree Removal,51
"200334",Tree Trim,75
"200321",Tree Removal,51
"200316",Tree Removal,51
"200311",Tree Trim,75
"200310",Tree Removal,51
"200307",Tree Trim,75
"200305",Tree Removal,51
"200304",Tree Trim,75
"200299",Tree Removal,51
"200291",Tree Trim,75
"200290",Tree Removal,51
"200283",Tree Trim,75
"200281",Tree Removal,51
"200280",Tree Trim,75
"200287",Tree Trim,76
"200279",Tree Trim,75
"200268",Tree Trim,75
"200271",Tree Planting,25
"200269",Tree Trim,75
"200265",Tree Removal,51
"200264",Tree Trim,75
"200262",Tree Removal,51
"200260",Tree Removal,51
"200259",Tree Removal,51
"200258",Tree Trim,75
"200256",Tree Trim,75
"200230",Tree Removal,51
"200249",Tree Trim,75
"200248",Tree Trim,75
"200247",Tree Trim,75
"200245",Tree Trim,75
"200231",Tree Removal,51
"200244",Tree Removal,51
"200239",Tree Trim,75
"200236",Tree Removal,51
"200234",Tree Removal,51
"200233",Tree Removal,51
"200228",Tree Trim,75
"200217",Tree Code Violation,52
"200203",Tree Trim,75
"200220",Tree Trim,75
"200218",Tree Trim,75
"200216",Tree Removal,51
"200214",Tree Trim,75
"200212",Tree Trim,75
"200209",Tree Removal,51
"200208",Tree Trim,75
"200202",Tree Removal,51
"200199",Tree Removal,51
"200196",Tree Trim,75
"200194",Tree Trim,75
"200186",Tree Removal,51
"200188",Tree Removal,51
"200173",Tree Removal,51
"200181",Tree Stump Grinding,116
"200184",Tree Trim,75
"200183",Tree Removal,51
"200174",Tree Stump Grinding,116
"200179",Tree Trim,75
"200176",Tree Trim,75
"200164",Tree Trim,75
"200162",Tree Trim,75
"200160",Tree Trim,75
"200147",Tree Removal,51
"200151",Tree Trim,75
"200149",Tree Trim,75
"200144",Tree Trim,75
"200142",Tree Trim,75
"200141",Tree Trim,75
"200139",Tree Removal,51
"200137",Tree Trim,75
"200135",Tree Trim,75
"200129",Tree Trim,75
"200122",Tree Trim,75
"200127",Tree Removal,51
"200123",Tree Trim,75
"200121",Tree Removal,51
"200118",Tree Trim,75
"200109",Tree Trim,75
"200103",Tree Trim,75
"200097",Tree Removal,51
"200098",Tree Trim,75
"200094",Tree Removal,51
"200093",Tree Removal,51
"200091",Tree Removal,51
"200078",Tree Removal,51
"200076",Tree Removal,51
"200074",Tree Trim,75
"200070",Tree Trim,75
"200068",Tree Stump Grinding,116
"200065",Tree Removal,51
"200062",Tree Trim,75
"200058",Tree Code Violation,52
"200057",Tree Removal,51
"200051",Tree Trim,75
"200049",Tree Trim,75
"200048",Tree Trim,75
"200047",Tree Trim,75
"200044",Tree Removal,51
"200030",Tree Trim,75
"200035",Tree Removal,51
"200033",Tree Trim,75
"200029",Tree Removal,51
"200021",Tree Trim,75
"200019",Tree Trim,75
"199995",Tree Removal,51
"200016",Tree Removal,51
"200015",Tree Trim,75
"200013",Tree Removal,51
"200010",Tree Removal,51
"200006",Tree Removal,51
"200003",Tree Trim,75
"199996",Tree Trim,75
"199992",Tree Trim,75
"199990",Tree Removal,51
"199988",Tree Trim,75
"199978",Tree Trim,75
"199951",Tree Trim,75
"199976",Tree Code Violation,52
"199954",Tree Removal,51
"199971",Tree Trim,75
"199972",Tree Trim,75
"199975",Tree Removal,51
"199969",Tree Trim,75
"199965",Tree Trim,75
"199963",Tree Removal,51
"199956",Tree Trim,75
"199955",Tree Removal,51
"199953",Tree Trim,75
"199922",Tree Removal,51
"199948",Tree Trim,75
"199949",Tree Trim,75
"199947",Tree Trim,75
"199927",Tree Removal,51
"199935",Tree Trim,75
"199941",Tree Removal,51
"199932",Tree Removal,51
"199931",Tree Code Violation,52
"199907",Tree Removal,51
"199920",Tree Removal,51
"199914",Tree Removal,51
"199912",Tree Trim,75
"199911",Tree Removal,51
"199910",Tree Removal,51
"199909",Tree Removal,51
"199906",Tree Trim,75
"199905",Tree Trim,75
"199896",Tree Removal,51
"199890",Tree Removal,51
"199879",Tree Trim,97
"199887",Tree Removal,51
"199861",Tree Removal,51
"199870",Tree Trim,75
"199872",Tree Trim,75
"199867",Tree Trim,75
"199862",Tree Trim,75
"199860",Tree Removal,51
"199833",Tree Removal,51
"199856",Tree Removal,51
"199839",Tree Stump Grinding,116
"199853",Tree Planting,25
"199855",Tree Trim,75
"199849",Tree Removal,51
"199848",Tree Trim,75
"199851",Tree Trim,75
"199852",Tree Trim,75
"199845",Tree Removal,51
"199838",Tree Trim,75
"199835",Tree Trim,75
"199834",Tree Removal,51
"199811",Tree Stump Grinding,116
"199804",Tree Removal,51
"199827",Tree Removal,51
"199826",Tree Removal,51
"199824",Tree Removal,51
"199822",Tree Removal,51
"199820",Tree Trim,75
"199818",Tree Trim,75
"199815",Tree Trim,75
"199809",Tree Removal,51
"199807",Tree Removal,51
"199806",Tree Trim,75
"199801",Tree Removal,51
"199800",Tree Trim,75
"199776",Tree Stump Grinding,116
"199797",Tree Trim,78
"199798",Tree Removal,51
"199795",Tree Removal,51
"199794",Tree Removal,51
"199792",Tree Trim,75
"199790",Tree Trim,75
"199789",Tree Trim,75
"199785",Tree Trim,75
"199779",Tree Trim,75
"199777",Tree Trim,75
"199771",Tree Trim,75
"199770",Tree Trim,75
"199769",Tree Trim,75
"199748",Tree Trim,75
"199765",Tree Removal,51
"199740",Tree Stump Grinding,116
"199768",Tree Trim,75
"199759",Tree Removal,51
"199757",Tree Trim,75
"199756",Tree Trim,75
"199755",Tree Trim,75
"199752",Tree Removal,51
"199750",Tree Removal,51
"199744",Tree Trim,75
"199739",Tree Removal,51
"199734",Tree Removal,51
"199709",Tree Removal,51
"199732",Tree Trim,75
"199727",Tree Removal,51
"199726",Tree Removal,51
"199723",Tree Removal,51
"199719",Tree Trim,75
"199717",Tree Removal,51
"199716",Tree Removal,51
"199713",Tree Trim,75
"199712",Tree Removal,51
"199711",Tree Trim,88
"199743",Tree Planting,26
"199706",Tree Trim,75
"199687",Tree Trim,75
"199700",Tree Removal,51
"199699",Tree Trim,75
"199698",Tree Removal,51
"199677",Tree Trim,75
"199689",Tree Removal,51
"199685",Tree Trim,75
"199684",Tree Trim,75
"199682",Tree Removal,51
"199676",Tree Removal,51
"199661",Tree Trim,75
"199658",Tree Trim,75
"199652",Tree Trim,75
"199657",Tree Removal,51
"199653",Tree Trim,75
"199651",Tree Removal,51
"199647",Tree Removal,51
"199646",Tree Removal,51
"199645",Tree Trim,75
"199625",Tree Removal,51
"199628",Tree Removal,51
"199641",Tree Trim,75
"199640",Tree Code Violation,52
"199638",Tree Removal,51
"199639",Tree Trim,75
"199637",Tree Trim,75
"199635",Tree Removal,86
"199633",Tree Removal,51
"199631",Tree Removal,51
"199629",Tree Removal,51
"199630",Tree Removal,51
"199623",Tree Removal,51
"199618",Tree Code Violation,52
"199622",Tree Removal,51
"199620",Tree Removal,51
"199619",Tree Trim,75
"199616",Tree Removal,51
"199610",Tree Trim,75
"199607",Tree Removal,51
"199605",Tree Code Violation,52
"199602",Tree Trim,75
"199595",Tree Trim,75
"199594",Tree Removal,51
"199592",Tree Trim,75
"199591",Tree Removal,51
"199590",Tree Removal,51
"199588",Tree Removal,51
"199945",Tree Trim,93
"199585",Tree Trim,75
"199582",Tree Removal,51
"199580",Tree Code Violation,52
"199579",Tree Removal,51
"199578",Tree Removal,51
"199576",Tree Trim,75
"199569",Tree Removal,51
"199567",Tree Removal,51
"199559",Tree Trim,75
"199562",Tree Trim,75
"199560",Tree Removal,51
"199561",Tree Trim,75
"199555",Tree Removal,51
"199541",Tree Trim,75
"199554",Tree Trim,75
"199553",Tree Stump Grinding,116
"199551",Tree Removal,51
"199549",Tree Trim,75
"199547",Tree Trim,75
"199544",Tree Trim,75
"199537",Tree Planting,25
"199535",Tree Removal,51
"199534",Tree Trim,75
"199533",Tree Removal,51
"199529",Tree Trim,75
"199528",Tree Trim,75
"199527",Tree Trim,75
"199525",Tree Trim,75
"199517",Tree Trim,75
"199510",Tree Trim,75
"199494",Tree Removal,51
"199508",Tree Removal,51
"199507",Tree Trim,75
"199505",Tree Trim,75
"199504",Tree Removal,51
"199501",Tree Removal,51
"199502",Tree Removal,51
"199492",Tree Removal,51
"199500",Tree Trim,75
"199496",Tree Removal,51
"199495",Tree Trim,75
"199490",Tree Trim,75
"199479",Tree Trim,75
"199477",Tree Trim,75
"199472",Tree Planting,25
"199471",Tree Trim,75
"199470",Tree Trim,75
"199468",Tree Removal,51
"199467",Tree Trim,75
"199462",Tree Removal,51
"199461",Tree Removal,51
"199460",Tree Trim,75
"199456",Tree Trim,75
"199453",Tree Trim,75
"199452",Tree Trim,75
"199451",Tree Removal,51
"199424",Tree Trim,75
"199450",Tree Removal,51
"199431",Tree Trim,75
"199446",Tree Trim,75
"199445",Tree Code Violation,52
"199434",Tree Trim,75
"199433",Tree Trim,75
"199432",Tree Removal,51
"199429",Tree Trim,75
"199428",Tree Trim,75
"199427",Tree Removal,51
"199394",Tree Removal,51
"199422",Tree Removal,51
"199421",Tree Code Violation,52
"199404",Tree Trim,75
"199396",Tree Trim,75
"199414",Tree Trim,75
"199408",Tree Trim,75
"199407",Tree Trim,75
"199413",Tree Removal,52
"199401",Tree Removal,51
"199409",Tree Trim,75
"199400",Tree Trim,75
"199397",Tree Removal,51
"199395",Tree Removal,51
"199410",Tree Trim,76
"199362",Tree Trim,75
"199389",Tree Trim,75
"199384",Tree Trim,75
"199383",Tree Trim,75
"199375",Tree Trim,75
"199373",Tree Trim,75
"199372",Tree Removal,51
"199366",Tree Removal,51
"199363",Tree Removal,51
"199358",Tree Trim,75
"199357",Tree Trim,75
"199350",Tree Trim,75
"199348",Tree Trim,75
"199337",Tree Code Violation,52
"199335",Tree Code Violation,52
"199334",Tree Code Violation,52
"199333",Tree Trim,75
"199312",Tree Trim,75
"199314",Tree Trim,75
"199327",Tree Removal,51
"199320",Tree Removal,51
"199315",Tree Trim,75
"199311",Tree Trim,75
"199305",Tree Trim,75
"199303",Tree Trim,75
"199301",Tree Trim,75
"199300",Tree Trim,75
"199299",Tree Trim,75
"199298",Tree Removal,51
"199284",Tree Removal,51
"199295",Tree Removal,51
"199294",Tree Trim,75
"199292",Tree Trim,75
"199289",Tree Removal,51
"199287",Tree Trim,75
"199286",Tree Code Violation,52
"199283",Tree Removal,51
"199282",Tree Removal,51
"199281",Tree Trim,75
"199280",Tree Trim,75
"199279",Tree Trim,75
"199277",Tree Trim,75
"199276",Tree Trim,75
"199274",Tree Stump Grinding,116
"199263",Tree Trim,75
"199272",Tree Removal,51
"199271",Tree Removal,51
"199270",Tree Trim,75
"199268",Tree Removal,51
"199267",Tree Removal,51
"199269",Tree Removal,51
"199265",Tree Trim,75
"199264",Tree Removal,51
"199261",Tree Trim,75
"199259",Tree Removal,51
"199256",Tree Code Violation,52
"199255",Tree Trim,75
"199253",Tree Removal,51
"199217",Tree Trim,75
"199236",Tree Trim,75
"199241",Tree Trim,75
"199237",Tree Removal,51
"199229",Tree Removal,51
"199230",Tree Removal,51
"199228",Tree Trim,75
"199227",Tree Trim,75
"199226",Tree Removal,51
"199223",Tree Trim,75
"199218",Tree Removal,51
"199215",Tree Removal,51
"199216",Tree Trim,75
"199194",Tree Trim,75
"199212",Tree Trim,75
"199206",Tree Trim,75
"199203",Tree Removal,51
"199201",Tree Removal,51
"199200",Tree Trim,75
"199202",Tree Removal,51
"199198",Tree Removal,51
"199191",Tree Trim,75
"199188",Tree Removal,51
"199172",Tree Stump Grinding,116
"199186",Tree Removal,51
"199184",Tree Removal,51
"199182",Tree Removal,51
"199177",Tree Removal,51
"199173",Tree Removal,51
"199169",Tree Trim,75
"199168",Tree Trim,75
"199165",Tree Trim,75
"199160",Tree Removal,51
"199159",Tree Trim,75
"199155",Tree Trim,75
"199157",Tree Trim,75
"199149",Tree Trim,75
"199139",Tree Removal,51
"199136",Tree Trim,75
"199134",Tree Trim,75
"199132",Tree Removal,51
"199110",Tree Removal,51
"199125",Tree Trim,75
"199124",Tree Removal,51
"199123",Tree Removal,51
"199121",Tree Trim,75
"199120",Tree Removal,51
"199117",Tree Trim,75
"199115",Tree Trim,75
"199114",Tree Trim,75
"199111",Tree Trim,75
"199109",Tree Removal,51
"199116",Tree Removal,51
"199108",Tree Trim,75
"199107",Tree Trim,75
"199106",Tree Trim,75
"199101",Tree Trim,75
"199104",Tree Trim,75
"199102",Tree Trim,75
"199088",Tree Trim,75
"199100",Tree Removal,51
"199094",Tree Trim,75
"199092",Tree Trim,75
"199091",Tree Trim,75
"204645",Tree Planting,216
"199086",Tree Trim,75
"199085",Tree Removal,51
"199084",Tree Trim,75
"199082",Tree Removal,51
"199079",Tree Removal,51
"199050",Tree Removal,51
"199077",Tree Removal,51
"199078",Tree Trim,75
"199072",Tree Trim,75
"199075",Tree Trim,75
"199064",Tree Trim,75
"199060",Tree Removal,51
"199059",Tree Trim,75
"199058",Tree Trim,75
"199057",Tree Removal,51
"199053",Tree Removal,51
"199022",Tree Removal,51
"199039",Tree Trim,75
"199046",Tree Removal,51
"199045",Tree Removal,51
"199044",Tree Trim,75
"199038",Tree Removal,51
"199033",Tree Removal,51
"199029",Tree Trim,75
"199027",Tree Removal,51
"199023",Tree Trim,75
"199015",Tree Trim,75
"199016",Tree Removal,51
"199012",Tree Trim,75
"199008",Tree Trim,75
"199005",Tree Removal,51
"198992",Tree Removal,51
"198989",Tree Removal,51
"198988",Tree Removal,51
"198987",Tree Removal,51
"198986",Tree Removal,51
"198984",Tree Removal,51
"198962",Tree Removal,51
"198985",Tree Trim,75
"198979",Tree Removal,51
"198977",Tree Trim,75
"198963",Tree Removal,51
"198981",Tree Removal,51
"198957",Tree Removal,51
"198945",Tree Removal,51
"198955",Tree Removal,51
"198939",Tree Stump Grinding,116
"198953",Tree Removal,51
"198949",Tree Trim,75
"198948",Tree Trim,75
"198947",Tree Removal,101
"198941",Tree Removal,51
"198936",Tree Trim,75
"198929",Tree Removal,50
"198928",Tree Trim,75
"198925",Tree Removal,51
"198923",Tree Trim,75
"198920",Tree Removal,51
"198918",Tree Removal,51
"198916",Tree Removal,51
"198915",Tree Removal,51
"198913",Tree Removal,51
"198912",Tree Trim,75
"198908",Tree Trim,75
"198900",Tree Trim,75
"198898",Tree Trim,75
"198870",Tree Trim,75
"198890",Tree Trim,75
"198892",Tree Code Violation,52
"198891",Tree Trim,75
"198888",Tree Trim,75
"198885",Tree Removal,51
"198886",Tree Trim,75
"198878",Tree Trim,75
"198877",Tree Trim,75
"198876",Tree Trim,75
"198873",Tree Trim,75
"198869",Tree Removal,51
"198843",Tree Trim,75
"198841",Tree Removal,51
"198865",Tree Removal,51
"198866",Tree Trim,75
"198863",Tree Removal,76
"198858",Tree Trim,75
"198853",Tree Trim,75
"198851",Tree Removal,51
"198846",Tree Trim,75
"198840",Tree Removal,51
"198829",Tree Trim,75
"198834",Tree Removal,51
"198830",Tree Trim,75
"198826",Tree Removal,51
"198823",Tree Trim,75
"198821",Tree Removal,51
"198822",Tree Removal,51
"198819",Tree Trim,75
"198818",Tree Removal,51
"198816",Tree Trim,75
"198815",Tree Removal,51
"198814",Tree Trim,75
"198813",Tree Removal,51
"198810",Tree Removal,51
"198811",Tree Code Violation,148
"198809",Tree Trim,75
"198808",Tree Removal,51
"198803",Tree Trim,75
"198897",Tree Trim,80
"198796",Tree Trim,75
"198790",Tree Removal,51
"198787",Tree Trim,75
"198785",Tree Trim,75
"198783",Tree Removal,51
"198781",Tree Trim,75
"198780",Tree Trim,75
"198779",Tree Trim,75
"198778",Tree Trim,75
"198775",Tree Trim,75
"198764",Tree Removal,51
"198769",Tree Removal,51
"198768",Tree Removal,51
"198765",Tree Removal,51
"198763",Tree Planting,25
"198761",Tree Removal,51
"198760",Tree Removal,51
"198759",Tree Trim,75
"198758",Tree Trim,75
"198754",Tree Trim,75
"198752",Tree Trim,75
"198740",Tree Removal,51
"198736",Tree Trim,75
"198747",Tree Trim,75
"198734",Tree Removal,51
"198744",Tree Trim,75
"198737",Tree Trim,75
"198733",Tree Trim,75
"198726",Tree Removal,51
"198727",Tree Removal,51
"198723",Tree Removal,51
"198722",Tree Trim,75
"198720",Tree Removal,51
"198719",Tree Trim,75
"198704",Tree Removal,51
"198700",Tree Removal,51
"198698",Tree Trim,75
"198695",Tree Trim,75
"198687",Tree Removal,51
"198686",Tree Trim,75
"198664",Tree Trim,75
"198675",Tree Trim,75
"198672",Tree Trim,75
"198673",Tree Removal,51
"198669",Tree Trim,75
"198668",Tree Removal,51
"198666",Tree Trim,75
"198663",Tree Removal,51
"198662",Tree Removal,51
"198651",Tree Trim,75
"198653",Tree Removal,51
"198652",Tree Removal,51
"198650",Tree Removal,51
"198648",Tree Trim,75
"198629",Tree Trim,75
"198640",Tree Trim,75
"198641",Tree Trim,75
"198638",Tree Trim,75
"198637",Tree Removal,51
"198636",Tree Trim,75
"198623",Tree Trim,75
"198626",Tree Trim,75
"198620",Tree Removal,51
"198614",Tree Trim,75
"198612",Tree Removal,51
"198609",Tree Trim,75
"198618",Tree Code Violation,52
"198605",Tree Removal,51
"198619",Tree Trim,75
"198603",Tree Trim,75
"198602",Tree Trim,75
"198601",Tree Trim,75
"198600",Tree Trim,75
"198599",Tree Trim,75
"198598",Tree Trim,75
"198597",Tree Trim,75
"198576",Tree Trim,75
"198589",Tree Trim,75
"198585",Tree Trim,75
"198582",Tree Removal,51
"198579",Tree Trim,75
"198580",Tree Removal,51
"198577",Tree Removal,51
"198573",Tree Trim,75
"198571",Tree Trim,75
"198570",Tree Trim,75
"198566",Tree Trim,75
"198557",Tree Removal,51
"198552",Tree Removal,51
"198549",Tree Removal,51
"198547",Tree Removal,51
"199246",Tree Trim,99
"198545",Tree Trim,75
"198543",Tree Trim,75
"198541",Tree Trim,75
"198532",Tree Trim,75
"198529",Tree Trim,76
"198518",Tree Code Violation,52
"198516",Tree Trim,75
"198514",Tree Removal,51
"198512",Tree Trim,75
"198486",Tree Removal,50
"199245",Tree Removal,76
"198495",Tree Trim,75
"198496",Tree Removal,51
"198539",Tree Trim,76
"198500",Tree Removal,51
"198505",Tree Removal,51
"198484",Tree Trim,75
"198483",Tree Trim,75
"198481",Tree Trim,75
"198480",Tree Trim,75
"198464",Tree Stump Grinding,116
"198478",Tree Trim,75
"198476",Tree Trim,75
"198475",Tree Removal,51
"198473",Tree Removal,51
"198477",Tree Trim,75
"198471",Tree Trim,75
"198468",Tree Trim,75
"198465",Tree Removal,51
"198466",Tree Trim,75
"198463",Tree Removal,51
"198459",Tree Trim,75
"198458",Tree Trim,75
"198434",Tree Trim,75
"198456",Tree Trim,75
"198454",Tree Removal,51
"198493",Tree Trim,78
"198449",Tree Removal,51
"198448",Tree Removal,51
"198446",Tree Removal,51
"198445",Tree Removal,51
"198440",Tree Trim,75
"198436",Tree Trim,75
"198435",Tree Trim,75
"198433",Tree Trim,75
"198432",Tree Trim,75
"198431",Tree Trim,75
"198417",Tree Trim,75
"198411",Tree Trim,75
"198422",Tree Trim,75
"198412",Tree Trim,75
"198420",Tree Trim,75
"198414",Tree Trim,657
"198428",Tree Removal,52
"198427",Tree Removal,51
"198409",Tree Removal,51
"198399",Tree Removal,51
"198398",Tree Removal,51
"198379",Tree Trim,75
"198395",Tree Removal,51
"198381",Tree Removal,51
"198389",Tree Removal,51
"198382",Tree Trim,75
"198380",Tree Trim,75
"198376",Tree Trim,75
"198374",Tree Stump Grinding,116
"198368",Tree Removal,51
"198344",Tree Trim,75
"198362",Tree Removal,51
"265859",Tree Trim,75
"198352",Tree Removal,51
"198360",Tree Trim,75
"198346",Tree Removal,51
"198358",Tree Trim,75
"198353",Tree Trim,75
"198357",Tree Trim,75
"198345",Tree Removal,51
"198343",Tree Trim,75
"198342",Tree Stump Grinding,116
"198341",Tree Trim,75
"198335",Tree Trim,75
"198327",Tree Trim,75
"198333",Tree Removal,51
"198328",Tree Removal,51
"198325",Tree Trim,75
"198322",Tree Trim,75
"198315",Tree Removal,51
"198320",Tree Trim,75
"198314",Tree Trim,75
"198313",Tree Removal,51
"198310",Tree Trim,75
"198297",Tree Trim,75
"198306",Tree Trim,75
"198301",Tree Trim,75
"198296",Tree Trim,75
"198295",Tree Trim,75
"198348",Tree Removal,53
"198292",Tree Trim,75
"198290",Tree Trim,75
"198281",Tree Removal,51
"198278",Tree Removal,51
"198277",Tree Removal,51
"198276",Tree Trim,75
"198272",Tree Removal,51
"198269",Tree Trim,75
"198267",Tree Trim,75
"198265",Tree Code Violation,52
"198263",Tree Trim,75
"198261",Tree Trim,75
"198255",Tree Trim,75
"198247",Tree Trim,75
"198253",Tree Trim,75
"198241",Tree Trim,75
"198250",Tree Trim,75
"198249",Tree Planting,25
"198240",Tree Trim,75
"198239",Tree Removal,51
"198235",Tree Trim,75
"198229",Tree Trim,75
"198228",Tree Trim,75
"198227",Tree Trim,75
"198214",Tree Removal,51
"198224",Tree Removal,51
"198210",Tree Removal,51
"198222",Tree Removal,51
"198221",Tree Removal,51
"198219",Tree Removal,51
"198218",Tree Trim,75
"198217",Tree Trim,75
"198216",Tree Trim,75
"198215",Tree Trim,75
"198212",Tree Trim,75
"198187",Tree Trim,75
"198203",Tree Trim,75
"198200",Tree Trim,75
"198199",Tree Removal,51
"198197",Tree Removal,51
"198195",Tree Trim,75
"198194",Tree Trim,75
"198193",Tree Removal,51
"198188",Tree Trim,75
"198189",Tree Removal,51
"198180",Tree Trim,75
"198177",Tree Removal,51
"198175",Tree Removal,51
"198166",Tree Stump Grinding,116
"198151",Tree Trim,75
"198170",Tree Trim,75
"198165",Tree Trim,75
"198162",Tree Removal,51
"198159",Tree Removal,51
"198157",Tree Removal,51
"198156",Tree Removal,51
"198155",Tree Removal,51
"198148",Tree Removal,51
"198147",Tree Removal,51
"198146",Tree Removal,51
"198130",Tree Stump Grinding,116
"198142",Tree Trim,75
"198141",Tree Trim,75
"198140",Tree Trim,75
"198138",Tree Trim,75
"198137",Tree Trim,75
"198136",Tree Trim,75
"198135",Tree Planting,25
"198133",Tree Removal,51
"198131",Tree Removal,51
"198127",Tree Trim,75
"198124",Tree Trim,75
"198125",Tree Trim,75
"198121",Tree Trim,75
"198132",Tree Trim,75
"198111",Tree Removal,51
"198117",Tree Trim,75
"198120",Tree Removal,51
"198115",Tree Removal,51
"198103",Tree Trim,75
"198100",Tree Trim,75
"198106",Tree Trim,75
"198107",Tree Trim,75
"198104",Tree Removal,51
"198101",Tree Trim,75
"198098",Tree Removal,51
"198075",Tree Trim,75
"198081",Tree Removal,51
"198093",Tree Trim,75
"198092",Tree Trim,75
"198091",Tree Removal,51
"198090",Tree Removal,51
"198089",Tree Removal,51
"198088",Tree Removal,51
"198084",Tree Removal,51
"198086",Tree Removal,51
"198085",Tree Removal,51
"198079",Tree Trim,75
"198077",Tree Trim,75
"198076",Tree Trim,75
"198074",Tree Removal,51
"198073",Tree Trim,75
"198072",Tree Trim,75
"198044",Tree Removal,51
"198054",Tree Removal,51
"198055",Tree Trim,75
"198068",Tree Trim,75
"198064",Tree Trim,75
"198061",Tree Trim,75
"198060",Tree Trim,75
"198050",Tree Removal,51
"198043",Tree Trim,75
"198041",Tree Removal,51
"198035",Tree Trim,75
"198018",Tree Trim,75
"198033",Tree Trim,75
"198031",Tree Trim,75
"198025",Tree Trim,75
"198026",Tree Trim,75
"198023",Tree Trim,75
"198020",Tree Trim,75
"198015",Tree Planting,25
"198013",Tree Trim,75
"198010",Tree Removal,51
"198011",Tree Trim,75
"198009",Tree Trim,75
"198008",Tree Removal,51
"198006",Tree Trim,75
"198003",Tree Trim,75
"197995",Tree Trim,75
"197993",Tree Trim,75
"197992",Tree Removal,51
"199240",Tree Removal,94
"197989",Tree Trim,75
"197984",Tree Trim,75
"197983",Tree Trim,75
"197982",Tree Trim,75
"197990",Tree Planting,26
"197976",Tree Trim,75
"197973",Tree Planting,25
"197967",Tree Removal,51
"197966",Tree Removal,51
"197965",Tree Removal,51
"197964",Tree Removal,51
"197963",Tree Removal,51
"197958",Tree Removal,51
"197956",Tree Trim,75
"197955",Tree Removal,51
"197954",Tree Trim,75
"197953",Tree Removal,51
"197950",Tree Trim,75
"197949",Tree Removal,51
"197994",Tree Removal,52
"197947",Tree Trim,75
"197944",Tree Removal,51
"197939",Tree Trim,75
"198001",Tree Planting,55
"197938",Tree Removal,51
"197935",Tree Removal,128
"197934",Tree Removal,51
"197931",Tree Removal,51
"197929",Tree Trim,75
"197924",Tree Removal,51
"197927",Tree Trim,75
"197930",Tree Removal,51
"197921",Tree Trim,75
"197920",Tree Trim,75
"197918",Tree Trim,75
"197911",Tree Trim,75
"197999",Tree Trim,77
"197908",Tree Trim,75
"197907",Tree Trim,75
"197906",Tree Trim,75
"197905",Tree Removal,51
"197903",Tree Trim,75
"197879",Tree Removal,51
"197901",Tree Trim,75
"197895",Tree Trim,75
"197899",Tree Trim,75
"197897",Tree Removal,51
"197888",Tree Removal,51
"197889",Tree Removal,51
"197890",Tree Trim,75
"197892",Tree Removal,51
"197881",Tree Removal,51
"197880",Tree Removal,51
"197878",Tree Removal,51
"197877",Tree Trim,75
"20346888",Tree Removal,10
"197876",Tree Trim,75
"197885",Tree Removal,51
"197858",Tree Trim,75
"197872",Tree Trim,75
"197870",Tree Removal,51
"197867",Tree Trim,75
"197865",Tree Removal,51
"197859",Tree Removal,51
"197856",Tree Removal,51
"197853",Tree Removal,51
"197851",Tree Trim,75
"197850",Tree Trim,75
"197847",Tree Removal,51
"197845",Tree Removal,51
"197843",Tree Removal,51
"197842",Tree Trim,75
"197841",Tree Trim,75
"197840",Tree Trim,75
"197835",Tree Removal,51
"197833",Tree Trim,75
"197832",Tree Trim,75
"197828",Tree Trim,75
"197827",Tree Trim,75
"197822",Tree Removal,51
"197823",Tree Trim,75
"197821",Tree Code Violation,52
"197820",Tree Removal,51
"197788",Tree Trim,75
"197824",Tree Trim,75
"197815",Tree Trim,75
"197814",Tree Trim,75
"197811",Tree Trim,75
"197813",Tree Removal,51
"197809",Tree Trim,75
"197806",Tree Trim,75
"197803",Tree Removal,51
"197802",Tree Removal,51
"197798",Tree Removal,51
"197796",Tree Trim,75
"198209",Tree Removal,66
"197792",Tree Trim,75
"197791",Tree Removal,51
"197790",Tree Trim,75
"197786",Tree Removal,51
"197783",Tree Trim,75
"197782",Tree Trim,75
"197779",Tree Removal,51
"197778",Tree Removal,51
"197776",Tree Removal,51
"197775",Tree Trim,75
"197777",Tree Removal,51
"197780",Tree Stump Grinding,116
"197770",Tree Trim,75
"197771",Tree Removal,51
"197767",Tree Removal,51
"197765",Tree Stump Grinding,116
"197763",Tree Removal,51
"197764",Tree Trim,75
"197762",Tree Removal,51
"197758",Tree Removal,51
"197749",Tree Removal,51
"197731",Tree Removal,51
"197755",Tree Removal,51
"197754",Tree Trim,75
"197746",Tree Removal,51
"197743",Tree Removal,51
"197742",Tree Removal,51
"197740",Tree Trim,75
"197739",Tree Trim,75
"197736",Tree Stump Grinding,116
"197719",Tree Removal,51
"197718",Tree Removal,51
"197699",Tree Removal,51
"197714",Tree Trim,75
"197711",Tree Removal,51
"197709",Tree Trim,75
"197708",Tree Trim,75
"197707",Tree Trim,75
"197705",Tree Removal,51
"197701",Tree Removal,51
"197696",Tree Trim,75
"197695",Tree Trim,75
"197693",Tree Removal,51
"197691",Tree Removal,51
"197690",Tree Removal,51
"197688",Tree Trim,75
"197687",Tree Trim,75
"197689",Tree Removal,51
"197675",Tree Trim,75
"197680",Tree Trim,75
"197679",Tree Code Violation,52
"197677",Tree Removal,51
"197670",Tree Trim,75
"197645",Tree Removal,51
"197655",Tree Trim,75
"197665",Tree Removal,51
"197664",Tree Removal,51
"197660",Tree Trim,75
"197659",Tree Removal,51
"197658",Tree Trim,75
"197656",Tree Trim,75
"197648",Tree Trim,75
"197647",Tree Trim,75
"197634",Tree Removal,51
"197640",Tree Trim,75
"197639",Tree Trim,75
"197642",Tree Trim,75
"197804",Tree Trim,81
"197635",Tree Removal,51
"197636",Tree Trim,75
"197623",Tree Removal,51
"197629",Tree Trim,75
"197627",Tree Trim,75
"197626",Tree Trim,75
"197624",Tree Trim,75
"197620",Tree Trim,75
"197612",Tree Removal,51
"197603",Tree Trim,75
"197617",Tree Removal,51
"197616",Tree Removal,51
"197615",Tree Trim,75
"197614",Tree Trim,75
"197611",Tree Trim,75
"197609",Tree Removal,51
"197606",Tree Trim,75
"197605",Tree Removal,51
"197601",Tree Trim,75
"197595",Tree Trim,75
"197593",Tree Trim,75
"197592",Tree Trim,75
"197591",Tree Removal,51
"197590",Tree Trim,75
"197598",Tree Code Violation,52
"197587",Tree Removal,51
"197588",Tree Trim,75
"197586",Tree Removal,51
"197581",Tree Trim,75
"197580",Tree Removal,51
"197579",Tree Trim,75
"197576",Tree Trim,75
"197572",Tree Planting,25
"197557",Tree Trim,75
"197571",Tree Removal,51
"197558",Tree Removal,51
"197569",Tree Removal,51
"197563",Tree Trim,75
"197564",Tree Trim,75
"197566",Tree Removal,51
"197562",Tree Trim,75
"197561",Tree Planting,25
"197556",Tree Trim,75
"197555",Tree Removal,51
"197553",Tree Trim,75
"197552",Tree Trim,75
"197548",Tree Removal,51
"197546",Tree Trim,75
"197538",Tree Removal,51
"197537",Tree Removal,51
"197540",Tree Removal,51
"197534",Tree Removal,51
"197533",Tree Trim,75
"197519",Tree Removal,51
"197532",Tree Trim,75
"197539",Tree Removal,51
"197526",Tree Trim,75
"197525",Tree Trim,75
"197523",Tree Trim,75
"197570",Tree Code Violation,53
"197522",Tree Trim,75
"197521",Tree Removal,51
"197518",Tree Trim,75
"197514",Tree Trim,75
"197512",Tree Trim,75
"197511",Tree Trim,75
"197510",Tree Trim,75
"197494",Tree Removal,51
"197495",Tree Removal,51
"197506",Tree Trim,75
"197501",Tree Removal,51
"197500",Tree Trim,75
"197496",Tree Removal,51
"197490",Tree Stump Grinding,116
"197489",Tree Trim,75
"197487",Tree Trim,75
"197750",Tree Trim,85
"197486",Tree Removal,51
"197474",Tree Trim,75
"197505",Tree Trim,77
"197463",Tree Trim,75
"197482",Tree Trim,75
"197477",Tree Removal,51
"197476",Tree Trim,75
"197475",Tree Removal,51
"197473",Tree Removal,51
"197479",Tree Trim,75
"197469",Tree Trim,75
"197467",Tree Removal,51
"197465",Tree Trim,75
"197458",Tree Trim,75
"197454",Tree Trim,75
"197452",Tree Trim,75
"197453",Tree Removal,51
"197451",Tree Trim,75
"197449",Tree Trim,75
"197447",Tree Removal,51
"197446",Tree Removal,51
"197461",Tree Removal,52
"197502",Tree Trim,79
"197445",Tree Trim,75
"197444",Tree Removal,51
"197441",Tree Trim,75
"197440",Tree Trim,75
"197455",Tree Trim,75
"197438",Tree Stump Grinding,116
"197437",Tree Removal,51
"197436",Tree Removal,51
"197430",Tree Removal,51
"197434",Tree Removal,51
"197426",Tree Removal,51
"197403",Tree Removal,51
"197424",Tree Trim,75
"197422",Tree Code Violation,52
"197423",Tree Trim,75
"197420",Tree Code Violation,52
"197429",Tree Trim,75
"197408",Tree Trim,75
"197428",Tree Trim,75
"197443",Tree Removal,51
"197407",Tree Trim,75
"197405",Tree Removal,51
"197404",Tree Removal,51
"197399",Tree Trim,75
"197375",Tree Removal,51
"197395",Tree Trim,75
"197535",Tree Trim,81
"197393",Tree Removal,51
"197392",Tree Trim,75
"197378",Tree Trim,75
"197390",Tree Trim,75
"197386",Tree Trim,75
"197384",Tree Removal,51
"197383",Tree Trim,75
"197432",Tree Trim,76
"197377",Tree Trim,75
"197373",Tree Removal,51
"197371",Tree Trim,75
"197362",Tree Trim,75
"197367",Tree Removal,51
"197345",Tree Removal,51
"197355",Tree Trim,75
"197363",Tree Trim,75
"197357",Tree Trim,75
"197356",Tree Code Violation,52
"197462",Tree Trim,78
"197354",Tree Removal,51
"197351",Tree Trim,75
"197347",Tree Removal,51
"197346",Tree Removal,51
"197517",Tree Planting,32
"197320",Tree Stump Grinding,116
"197342",Tree Trim,75
"197341",Tree Trim,75
"197339",Tree Trim,75
"197334",Tree Removal,51
"197331",Tree Trim,75
"197329",Tree Trim,75
"197321",Tree Trim,75
"197318",Tree Removal,51
"197317",Tree Trim,75
"197315",Tree Removal,51
"197314",Tree Removal,51
"197297",Tree Removal,51
"197310",Tree Trim,75
"197304",Tree Removal,51
"197307",Tree Trim,75
"197308",Tree Trim,75
"197303",Tree Removal,51
"197298",Tree Removal,51
"197296",Tree Removal,51
"197294",Tree Trim,75
"197292",Tree Trim,75
"197291",Tree Trim,75
"197287",Tree Trim,75
"197248",Tree Trim,75
"197285",Tree Trim,75
"197289",Tree Removal,51
"197280",Tree Trim,75
"197279",Tree Trim,75
"197277",Tree Trim,75
"197276",Tree Removal,51
"197274",Tree Removal,51
"197270",Tree Trim,75
"197268",Tree Removal,51
"197266",Tree Trim,75
"197264",Tree Trim,75
"197288",Tree Trim,76
"197247",Tree Trim,75
"197246",Tree Trim,75
"197226",Tree Removal,51
"197250",Tree Code Violation,53
"197241",Tree Trim,75
"197238",Tree Trim,75
"197235",Tree Removal,51
"197231",Tree Trim,75
"197230",Tree Trim,75
"197229",Tree Trim,75
"197228",Tree Trim,75
"197208",Tree Removal,51
"197217",Tree Trim,75
"197213",Tree Trim,75
"197207",Tree Removal,51
"197203",Tree Trim,75
"197200",Tree Trim,75
"197197",Tree Trim,75
"197214",Tree Removal,52
"197180",Tree Removal,51
"197166",Tree Trim,75
"197189",Tree Trim,75
"197179",Tree Removal,51
"197186",Tree Removal,51
"197182",Tree Removal,51
"197174",Tree Removal,51
"197173",Tree Removal,51
"197170",Tree Trim,75
"197164",Tree Removal,51
"197161",Tree Trim,75
"197159",Tree Removal,51
"197157",Tree Removal,51
"197156",Tree Trim,75
"197158",Tree Removal,51
"197140",Tree Trim,75
"197145",Tree Trim,75
"197152",Tree Removal,51
"197147",Tree Removal,51
"197146",Tree Trim,75
"197144",Tree Trim,75
"197143",Tree Trim,75
"197142",Tree Removal,51
"197141",Tree Trim,75
"197138",Tree Trim,75
"197134",Tree Removal,51
"197212",Tree Removal,55
"197117",Tree Removal,51
"197100",Tree Removal,51
"197121",Tree Trim,75
"197108",Tree Trim,75
"197114",Tree Trim,75
"197113",Tree Trim,75
"197110",Tree Trim,75
"197107",Tree Stump Grinding,116
"197106",Tree Trim,75
"197105",Tree Trim,75
"197101",Tree Trim,75
"197099",Tree Trim,75
"197088",Tree Removal,51
"197095",Tree Trim,75
"197094",Tree Removal,51
"197091",Tree Trim,75
"197082",Tree Removal,51
"197083",Tree Trim,75
"197089",Tree Trim,75
"197090",Tree Trim,75
"197075",Tree Trim,75
"197073",Tree Removal,51
"197071",Tree Removal,51
"197069",Tree Removal,51
"197067",Tree Trim,75
"197048",Tree Stump Grinding,116
"197057",Tree Trim,75
"197063",Tree Trim,75
"197058",Tree Trim,75
"197150",Tree Removal,56
"197052",Tree Trim,75
"197047",Tree Removal,51
"197046",Tree Trim,75
"197042",Tree Trim,75
"197040",Tree Trim,75
"197008",Tree Trim,75
"197032",Tree Trim,75
"197038",Tree Trim,75
"197012",Tree Removal,51
"197035",Tree Trim,75
"197031",Tree Removal,51
"197029",Tree Trim,75
"197023",Tree Removal,51
"197022",Tree Trim,75
"197021",Tree Trim,75
"197020",Tree Trim,75
"197015",Tree Trim,75
"197007",Tree Trim,75
"196995",Tree Removal,51
"197005",Tree Trim,75
"197003",Tree Trim,75
"197002",Tree Removal,51
"196988",Tree Removal,51
"196999",Tree Trim,75
"196998",Tree Trim,75
"196997",Tree Trim,75
"196990",Tree Trim,75
"196994",Tree Removal,51
"196984",Tree Code Violation,52
"196978",Tree Trim,75
"196972",Tree Trim,75
"196976",Tree Trim,75
"196973",Tree Trim,75
"196971",Tree Trim,75
"197010",Tree Trim,78
"196965",Tree Trim,75
"196960",Tree Trim,75
"196958",Tree Trim,75
"196956",Tree Removal,51
"196957",Tree Trim,75
"196954",Tree Removal,51
"196949",Tree Stump Grinding,116
"196950",Tree Trim,75
"196948",Tree Removal,51
"196941",Tree Removal,51
"196945",Tree Removal,51
"196943",Tree Trim,75
"196942",Tree Removal,52
"196940",Tree Removal,51
"196937",Tree Removal,51
"196936",Tree Trim,75
"196931",Tree Trim,75
"196926",Tree Removal,51
"196921",Tree Code Violation,52
"196918",Tree Removal,51
"196898",Tree Removal,51
"196895",Tree Removal,51
"196922",Tree Stump Grinding,117
"196905",Tree Removal,51
"196904",Tree Removal,51
"196903",Tree Trim,75
"196900",Tree Trim,75
"196897",Tree Trim,75
"196896",Tree Trim,75
"196894",Tree Trim,75
"196892",Tree Trim,75
"196891",Tree Trim,75
"196890",Tree Trim,75
"196864",Tree Trim,75
"196889",Tree Removal,51
"196885",Tree Trim,75
"196883",Tree Trim,75
"196882",Tree Trim,75
"196912",Tree Removal,52
"196875",Tree Trim,75
"196873",Tree Removal,51
"196871",Tree Trim,75
"196865",Tree Trim,75
"196839",Tree Trim,75
"196861",Tree Planting,25
"196859",Tree Trim,75
"196827",Tree Removal,51
"196856",Tree Removal,51
"196855",Tree Removal,51
"196840",Tree Trim,75
"196848",Tree Trim,75
"196843",Tree Trim,75
"196837",Tree Trim,75
"196833",Tree Planting,25
"196825",Tree Trim,75
"196824",Tree Trim,75
"196826",Tree Trim,75
"196830",Tree Trim,75
"196820",Tree Trim,75
"196811",Tree Trim,75
"196810",Tree Removal,51
"196807",Tree Trim,75
"196801",Tree Trim,75
"197148",Tree Trim,92
"196780",Tree Trim,75
"196799",Tree Removal,51
"196795",Tree Removal,51
"196792",Tree Removal,51
"196791",Tree Removal,51
"196819",Tree Removal,53
"196786",Tree Removal,51
"196784",Tree Removal,51
"196778",Tree Trim,75
"196777",Tree Trim,75
"196775",Tree Removal,51
"196773",Tree Removal,51
"196772",Tree Removal,51
"196768",Tree Removal,51
"196766",Tree Removal,51
"196761",Tree Trim,75
"196752",Tree Trim,75
"196763",Tree Trim,75
"196747",Tree Trim,75
"196715",Tree Trim,75
"196741",Tree Trim,75
"196743",Tree Removal,51
"196738",Tree Removal,51
"196746",Tree Trim,75
"196739",Tree Trim,75
"196737",Tree Trim,75
"196732",Tree Trim,75
"196731",Tree Trim,75
"196728",Tree Removal,51
"196727",Tree Removal,51
"196726",Tree Trim,75
"196725",Tree Trim,75
"196724",Tree Removal,51
"196722",Tree Trim,75
"196711",Tree Trim,75
"196712",Tree Trim,75
"196709",Tree Trim,75
"196695",Tree Removal,51
"196697",Tree Removal,51
"196686",Tree Removal,51
"196710",Tree Removal,51
"196696",Tree Removal,51
"196691",Tree Code Violation,52
"196685",Tree Removal,51
"196658",Tree Removal,51
"196674",Tree Trim,75
"196675",Tree Trim,75
"196666",Tree Trim,75
"196679",Tree Trim,75
"196670",Tree Removal,51
"196677",Tree Trim,75
"196665",Tree Trim,75
"196661",Tree Removal,51
"196656",Tree Trim,75
"196654",Tree Trim,75
"196680",Tree Trim,75
"196660",Tree Trim,75
"196631",Tree Removal,51
"196650",Tree Trim,75
"196649",Tree Removal,51
"196647",Tree Removal,51
"196634",Tree Trim,75
"196645",Tree Removal,51
"196641",Tree Trim,75
"196638",Tree Removal,51
"196636",Tree Trim,75
"196635",Tree Removal,51
"196633",Tree Removal,51
"196628",Tree Removal,51
"196600",Tree Trim,75
"196621",Tree Trim,75
"196646",Tree Removal,52
"196617",Tree Code Violation,52
"196615",Tree Trim,75
"196603",Tree Removal,51
"196626",Tree Trim,77
"196601",Tree Trim,75
"196574",Tree Removal,51
"196587",Tree Removal,51
"196581",Tree Removal,51
"196576",Tree Trim,75
"196595",Tree Trim,75
"196592",Tree Trim,75
"196589",Tree Trim,75
"196588",Tree Removal,51
"196585",Tree Removal,51
"196586",Tree Removal,51
"196580",Tree Trim,75
"196582",Tree Trim,75
"196579",Tree Trim,75
"196577",Tree Trim,75
"196573",Tree Removal,51
"196568",Tree Removal,51
"196567",Tree Removal,51
"196566",Tree Removal,51
"196565",Tree Removal,51
"196570",Tree Removal,52
"196571",Tree Removal,52
"196562",Tree Removal,51
"196556",Tree Trim,75
"196553",Tree Trim,75
"196548",Tree Trim,75
"196547",Tree Trim,75
"196546",Tree Removal,51
"196545",Tree Removal,51
"196532",Tree Trim,75
"196535",Tree Removal,51
"196539",Tree Trim,75
"196538",Tree Removal,51
"196536",Tree Trim,75
"196534",Tree Trim,75
"196530",Tree Removal,51
"196578",Tree Removal,53
"196528",Tree Removal,51
"196526",Tree Trim,75
"196524",Tree Trim,75
"196523",Tree Trim,75
"196516",Tree Trim,75
"196509",Tree Removal,51
"196506",Tree Removal,51
"196505",Tree Removal,51
"196501",Tree Trim,75
"196497",Tree Removal,51
"196494",Tree Trim,75
"196486",Tree Removal,51
"196475",Tree Trim,75
"196456",Tree Removal,51
"196488",Tree Trim,75
"196470",Tree Removal,51
"196481",Tree Removal,51
"196482",Tree Trim,75
"196476",Tree Trim,75
"196489",Tree Trim,75
"196471",Tree Removal,51
"196430",Tree Removal,51
"196454",Tree Removal,51
"196432",Tree Trim,75
"196447",Tree Removal,51
"196451",Tree Trim,75
"196450",Tree Removal,51
"196449",Tree Removal,51
"196448",Tree Removal,51
"196441",Tree Trim,75
"196436",Tree Removal,51
"196434",Tree Trim,75
"196435",Tree Trim,75
"196429",Tree Removal,51
"196427",Tree Removal,51
"196417",Tree Trim,75
"196400",Tree Removal,51
"196423",Tree Trim,75
"196418",Tree Trim,75
"196416",Tree Removal,51
"196415",Tree Stump Grinding,116
"196411",Tree Trim,75
"196410",Tree Trim,75
"196409",Tree Trim,75
"196405",Tree Removal,51
"196404",Tree Removal,51
"196398",Tree Removal,51
"196397",Tree Removal,51
"196395",Tree Removal,51
"197074",Tree Trim,103
"196399",Tree Removal,51
"196391",Tree Removal,51
"196389",Tree Removal,51
"196388",Tree Removal,51
"196386",Tree Removal,51
"196385",Tree Removal,51
"196396",Tree Trim,75
"196393",Tree Trim,75
"196380",Tree Removal,51
"196379",Tree Removal,51
"196377",Tree Trim,75
"196375",Tree Trim,75
"196362",Tree Removal,51
"196502",Tree Trim,82
"196366",Tree Trim,75
"196361",Tree Trim,75
"196360",Tree Trim,75
"196359",Tree Removal,51
"196357",Tree Trim,75
"196354",Tree Trim,75
"196368",Tree Trim,76
"196503",Tree Trim,83
"196350",Tree Trim,75
"196327",Tree Removal,51
"196344",Tree Trim,75
"196342",Tree Removal,51
"196343",Tree Trim,75
"196335",Tree Removal,51
"196340",Tree Trim,75
"196339",Tree Trim,75
"196338",Tree Removal,51
"196333",Tree Trim,75
"196334",Tree Removal,51
"196345",Tree Removal,51
"196331",Tree Removal,51
"196329",Tree Trim,75
"196323",Tree Trim,75
"196322",Tree Stump Grinding,116
"196319",Tree Removal,51
"196304",Tree Trim,75
"196311",Tree Removal,51
"196306",Tree Stump Grinding,116
"196305",Tree Trim,75
"196313",Tree Removal,51
"196303",Tree Trim,75
"196300",Tree Removal,51
"196298",Tree Removal,51
"196296",Tree Removal,51
"196293",Tree Trim,75
"196292",Tree Trim,75
"196291",Tree Trim,75
"196268",Tree Removal,51
"196265",Tree Trim,75
"196287",Tree Trim,75
"196286",Tree Removal,51
"196284",Tree Removal,51
"196290",Tree Removal,51
"196283",Tree Trim,75
"196275",Tree Removal,51
"196274",Tree Removal,51
"196270",Tree Removal,51
"196269",Tree Trim,75
"196266",Tree Removal,51
"196256",Tree Removal,51
"196263",Tree Removal,51
"196258",Tree Removal,51
"196253",Tree Stump Grinding,116
"196315",Tree Removal,54
"196259",Tree Trim,75
"196310",Tree Trim,78
"196255",Tree Trim,75
"196250",Tree Removal,51
"196243",Tree Removal,51
"196241",Tree Removal,51
"196239",Tree Removal,51
"196228",Tree Trim,75
"196237",Tree Removal,51
"196234",Tree Trim,75
"196229",Tree Removal,51
"196231",Tree Planting,25
"196222",Tree Trim,75
"196308",Tree Trim,78
"196224",Tree Removal,51
"196223",Tree Trim,75
"196220",Tree Removal,51
"196221",Tree Removal,51
"196217",Tree Removal,51
"196206",Tree Removal,51
"196200",Tree Trim,75
"196210",Tree Removal,51
"196208",Tree Trim,75
"196207",Tree Trim,75
"196194",Tree Removal,51
"196195",Tree Trim,75
"196193",Tree Removal,51
"196190",Tree Removal,51
"196187",Tree Trim,75
"196185",Tree Removal,51
"196183",Tree Removal,51
"196178",Tree Trim,75
"196174",Tree Trim,75
"196173",Tree Trim,75
"196168",Tree Trim,75
"196165",Tree Trim,75
"196316",Tree Removal,56
"196164",Tree Trim,75
"196162",Tree Trim,75
"196163",Tree Trim,75
"196161",Tree Trim,75
"196136",Tree Trim,75
"196159",Tree Trim,75
"196140",Tree Trim,75
"196156",Tree Removal,51
"196155",Tree Trim,75
"196188",Tree Trim,76
"196158",Tree Trim,75
"196153",Tree Removal,51
"196151",Tree Removal,51
"196349",Tree Trim,82
"196135",Tree Removal,51
"196130",Tree Trim,75
"196118",Tree Removal,51
"196126",Tree Trim,75
"196123",Tree Removal,51
"196112",Tree Removal,51
"196120",Tree Trim,75
"196114",Tree Trim,75
"196113",Tree Trim,75
"196141",Tree Trim,75
"196110",Tree Trim,75
"196109",Tree Removal,51
"196103",Tree Trim,75
"196102",Tree Trim,75
"196100",Tree Trim,75
"196096",Tree Trim,75
"196093",Tree Trim,75
"196092",Tree Trim,75
"196091",Tree Removal,51
"196090",Tree Trim,75
"196094",Tree Trim,75
"196074",Tree Removal,51
"196087",Tree Removal,51
"196111",Tree Removal,54
"196095",Tree Trim,75
"196081",Tree Removal,51
"196082",Tree Removal,51
"196079",Tree Removal,51
"196078",Tree Trim,75
"196073",Tree Trim,75
"196072",Tree Removal,51
"196240",Tree Trim,82
"196075",Tree Trim,75
"196065",Tree Removal,51
"196067",Tree Trim,75
"196051",Tree Removal,52
"196062",Tree Trim,75
"196060",Tree Trim,75
"196055",Tree Removal,51
"196058",Tree Code Violation,52
"196049",Tree Removal,51
"196035",Tree Removal,51
"196016",Tree Removal,51
"196042",Tree Removal,51
"196032",Tree Removal,51
"196023",Tree Trim,75
"196021",Tree Trim,75
"196018",Tree Trim,75
"196017",Tree Trim,75
"196015",Tree Code Violation,52
"196014",Tree Trim,75
"196012",Tree Trim,75
"196003",Tree Trim,75
"195997",Tree Removal,51
"196009",Tree Removal,51
"196004",Tree Trim,75
"196001",Tree Trim,75
"196000",Tree Trim,75
"195992",Tree Removal,51
"195993",Tree Removal,51
"195990",Tree Trim,75
"195989",Tree Removal,51
"195987",Tree Trim,75
"195986",Tree Removal,51
"195984",Tree Removal,51
"195975",Tree Stump Grinding,116
"195983",Tree Removal,51
"196026",Tree Trim,76
"195981",Tree Removal,51
"195979",Tree Trim,75
"195973",Tree Trim,75
"195971",Tree Removal,51
"195970",Tree Removal,51
"195960",Tree Trim,75
"195959",Tree Trim,75
"195955",Tree Trim,75
"195950",Tree Stump Grinding,116
"195944",Tree Trim,75
"195940",Tree Trim,75
"195938",Tree Removal,51
"195937",Tree Removal,137
"195933",Tree Removal,51
"195932",Tree Trim,75
"195905",Tree Trim,75
"195927",Tree Removal,51
"195925",Tree Trim,75
"195921",Tree Trim,75
"195924",Tree Code Violation,52
"195901",Tree Removal,51
"195914",Tree Trim,75
"196002",Tree Trim,77
"195907",Tree Removal,51
"195906",Tree Trim,75
"195899",Tree Removal,51
"195898",Tree Trim,75
"195928",Tree Removal,52
"195877",Tree Trim,75
"195894",Tree Removal,51
"195893",Tree Trim,75
"195891",Tree Removal,51
"195892",Tree Removal,51
"195889",Tree Removal,51
"195879",Tree Removal,51
"195895",Tree Removal,51
"195884",Tree Removal,51
"195883",Tree Removal,51
"195880",Tree Trim,75
"195873",Tree Removal,51
"195872",Tree Removal,51
"195871",Tree Trim,75
"195866",Tree Removal,51
"195870",Tree Trim,75
"195864",Tree Trim,75
"195865",Tree Removal,51
"195862",Tree Trim,75
"195859",Tree Removal,51
"195857",Tree Removal,51
"195856",Tree Removal,51
"195855",Tree Trim,75
"195852",Tree Code Violation,52
"195851",Tree Removal,51
"195848",Tree Trim,75
"195847",Tree Removal,51
"195845",Tree Trim,75
"195844",Tree Removal,51
"195843",Tree Removal,51
"195840",Tree Trim,75
"195839",Tree Removal,51
"195837",Tree Trim,75
"195838",Tree Removal,139
"195836",Tree Removal,51
"195833",Tree Removal,51
"195831",Tree Removal,51
"195829",Tree Removal,51
"195830",Tree Removal,51
"195819",Tree Trim,75
"195825",Tree Removal,51
"195822",Tree Trim,75
"195821",Tree Removal,51
"195820",Tree Trim,75
"195939",Tree Removal,54
"195808",Tree Trim,75
"195802",Tree Removal,51
"195801",Tree Removal,51
"195797",Tree Removal,51
"195793",Tree Removal,51
"195794",Tree Removal,51
"195786",Tree Removal,51
"195779",Tree Removal,51
"195775",Tree Removal,51
"195812",Tree Removal,52
"195774",Tree Trim,75
"195771",Tree Removal,51
"195745",Tree Trim,75
"195766",Tree Removal,51
"195762",Tree Trim,75
"195760",Tree Removal,51
"195759",Tree Removal,51
"195758",Tree Removal,51
"195756",Tree Trim,75
"195755",Tree Trim,75
"195806",Tree Removal,52
"195751",Tree Trim,75
"195750",Tree Removal,51
"195749",Tree Trim,75
"195748",Tree Removal,51
"195744",Tree Removal,51
"195913",Tree Trim,80
"195726",Tree Trim,75
"195740",Tree Removal,51
"195739",Tree Removal,51
"195737",Tree Trim,75
"195735",Tree Removal,51
"195734",Tree Removal,51
"195732",Tree Trim,75
"195731",Tree Removal,51
"195727",Tree Trim,75
"195724",Tree Removal,51
"195717",Tree Trim,75
"195715",Tree Removal,51
"195714",Tree Code Violation,52
"195713",Tree Removal,51
"195712",Tree Trim,75
"195711",Tree Removal,51
"195709",Tree Removal,51
"195708",Tree Removal,51
"195704",Tree Trim,75
"195703",Tree Trim,75
"195700",Tree Removal,51
"195695",Tree Trim,75
"195692",Tree Trim,75
"195687",Tree Trim,75
"195671",Tree Code Violation,52
"195664",Tree Trim,75
"195685",Tree Trim,75
"195686",Tree Removal,51
"195684",Tree Trim,75
"195672",Tree Removal,51
"195674",Tree Removal,51
"195673",Tree Trim,75
"195805",Tree Trim,78
"195666",Tree Removal,51
"195663",Tree Removal,51
"195661",Tree Trim,75
"195660",Tree Trim,75
"195659",Tree Trim,75
"195645",Tree Trim,75
"195652",Tree Removal,51
"195651",Tree Trim,75
"195650",Tree Trim,75
"195647",Tree Trim,75
"195640",Tree Removal,51
"195637",Tree Trim,75
"195631",Tree Removal,51
"195599",Tree Removal,51
"195624",Tree Removal,51
"195625",Tree Removal,51
"195619",Tree Trim,75
"195618",Tree Trim,75
"195611",Tree Removal,51
"195606",Tree Removal,51
"195602",Tree Trim,75
"195595",Tree Removal,51
"195596",Tree Removal,51
"195594",Tree Removal,51
"195593",Tree Removal,51
"195579",Tree Removal,51
"195597",Tree Stump Grinding,116
"195582",Tree Trim,75
"195585",Tree Removal,51
"195589",Tree Removal,51
"195570",Tree Removal,51
"195556",Tree Removal,51
"195567",Tree Trim,75
"195565",Tree Code Violation,52
"195564",Tree Removal,51
"195559",Tree Removal,51
"195560",Tree Trim,75
"195554",Tree Trim,75
"195553",Tree Removal,51
"195552",Tree Removal,52
"195549",Tree Removal,51
"195537",Tree Removal,51
"195530",Tree Removal,51
"195622",Tree Removal,53
"195535",Tree Trim,75
"195533",Tree Trim,75
"195532",Tree Trim,75
"195531",Tree Trim,75
"195529",Tree Trim,75
"195528",Tree Trim,75
"195527",Tree Trim,75
"195522",Tree Removal,51
"195519",Tree Removal,51
"195503",Tree Removal,51
"195516",Tree Trim,75
"195491",Tree Removal,51
"195515",Tree Trim,75
"195512",Tree Trim,75
"195517",Tree Trim,75
"195511",Tree Removal,51
"195509",Tree Trim,75
"195502",Tree Trim,75
"195496",Tree Trim,75
"195493",Tree Removal,51
"195492",Tree Trim,75
"195499",Tree Trim,142
"195488",Tree Trim,75
"195456",Tree Trim,75
"195485",Tree Trim,75
"195479",Tree Trim,75
"195476",Tree Trim,75
"195477",Tree Trim,75
"195467",Tree Removal,51
"195464",Tree Removal,51
"195463",Tree Removal,51
"195461",Tree Trim,75
"195453",Tree Trim,75
"195454",Tree Trim,75
"195446",Tree Trim,75
"195448",Tree Removal,51
"195421",Tree Removal,51
"195445",Tree Trim,75
"195443",Tree Removal,51
"195442",Tree Trim,75
"195440",Tree Trim,75
"195441",Tree Trim,75
"195436",Tree Trim,75
"195432",Tree Code Violation,52
"195431",Tree Trim,75
"195406",Tree Trim,75
"195405",Tree Trim,75
"195418",Tree Trim,75
"195416",Tree Removal,51
"195412",Tree Removal,51
"195451",Tree Trim,76
"195411",Tree Trim,75
"195410",Tree Trim,75
"195409",Tree Trim,75
"195407",Tree Trim,75
"195403",Tree Trim,75
"195396",Tree Trim,75
"195394",Tree Removal,51
"195372",Tree Trim,75
"195385",Tree Trim,75
"195391",Tree Trim,75
"195390",Tree Trim,75
"195388",Tree Trim,75
"195387",Tree Trim,75
"195478",Tree Trim,79
"195383",Tree Removal,51
"195375",Tree Trim,75
"195373",Tree Removal,51
"195352",Tree Trim,75
"195367",Tree Trim,75
"195366",Tree Removal,51
"195365",Tree Trim,75
"195364",Tree Removal,51
"195363",Tree Trim,75
"195361",Tree Trim,75
"195358",Tree Removal,51
"195357",Tree Trim,75
"195429",Tree Trim,21
"195342",Tree Trim,75
"195341",Tree Trim,75
"195321",Tree Stump Grinding,116
"195337",Tree Trim,75
"195317",Tree Trim,75
"195335",Tree Removal,51
"195333",Tree Removal,51
"195320",Tree Removal,51
"195332",Tree Trim,75
"195325",Tree Trim,75
"195315",Tree Code Violation,52
"195314",Tree Removal,51
"195294",Tree Removal,51
"195306",Tree Trim,75
"195307",Tree Trim,75
"195304",Tree Removal,51
"195303",Tree Trim,75
"195302",Tree Stump Grinding,116
"195283",Tree Removal,51
"195290",Tree Trim,75
"195285",Tree Trim,75
"195279",Tree Trim,75
"195277",Tree Trim,75
"195274",Tree Removal,51
"195276",Tree Removal,51
"195254",Tree Removal,51
"195270",Tree Trim,75
"195275",Tree Removal,51
"195266",Tree Code Violation,52
"195267",Tree Trim,75
"195255",Tree Removal,51
"195253",Tree Removal,51
"195252",Tree Trim,75
"195251",Tree Trim,75
"195286",Tree Trim,76
"195245",Tree Trim,75
"195244",Tree Removal,51
"195243",Tree Trim,75
"195242",Tree Trim,75
"195240",Tree Trim,75
"195231",Tree Removal,51
"195230",Tree Removal,51
"195225",Tree Removal,51
"195224",Tree Removal,51
"195223",Tree Removal,51
"195221",Tree Trim,75
"195213",Tree Removal,51
"195218",Tree Removal,51
"195217",Tree Removal,51
"195200",Tree Removal,51
"195215",Tree Trim,75
"195209",Tree Removal,51
"195202",Tree Removal,51
"195206",Tree Trim,75
"195201",Tree Trim,75
"195197",Tree Trim,75
"195195",Tree Trim,75
"195194",Tree Removal,51
"195179",Tree Trim,75
"195190",Tree Removal,51
"195188",Tree Trim,75
"195184",Tree Removal,51
"195189",Tree Trim,75
"195185",Tree Trim,75
"195177",Tree Removal,51
"195176",Tree Removal,51
"195174",Tree Removal,51
"195166",Tree Trim,75
"195164",Tree Trim,75
"195162",Tree Code Violation,52
"195156",Tree Stump Grinding,116
"195161",Tree Trim,75
"195158",Tree Removal,51
"195157",Tree Trim,75
"195152",Tree Trim,75
"195147",Tree Removal,51
"195145",Tree Trim,75
"195143",Tree Removal,51
"195142",Tree Trim,75
"195193",Tree Trim,76
"195140",Tree Removal,51
"195169",Tree Removal,51
"195139",Tree Trim,75
"195119",Tree Trim,75
"195121",Tree Removal,51
"195112",Tree Trim,75
"195181",Tree Trim,76
"195130",Tree Removal,51
"195128",Tree Removal,51
"195127",Tree Trim,75
"195125",Tree Removal,51
"195118",Tree Trim,75
"195114",Tree Trim,75
"195107",Tree Trim,75
"195083",Tree Removal,51
"195105",Tree Removal,51
"195079",Tree Trim,75
"195092",Tree Code Violation,52
"195103",Tree Removal,51
"195099",Tree Removal,51
"195098",Tree Removal,51
"195095",Tree Removal,51
"195108",Tree Removal,51
"195093",Tree Removal,51
"195085",Tree Removal,164
"195084",Tree Removal,51
"195080",Tree Trim,75
"195065",Tree Trim,75
"195073",Tree Trim,75
"195233",Tree Planting,31
"195167",Tree Removal,53
"195071",Tree Trim,75
"195070",Tree Trim,75
"195069",Tree Removal,51
"195045",Tree Removal,51
"195068",Tree Trim,75
"195064",Tree Removal,51
"195063",Tree Trim,75
"195060",Tree Removal,51
"195061",Tree Trim,75
"195056",Tree Removal,51
"195048",Tree Trim,75
"195046",Tree Trim,75
"195044",Tree Removal,51
"195026",Tree Trim,75
"195030",Tree Trim,75
"195027",Tree Removal,51
"195037",Tree Trim,75
"195036",Tree Removal,51
"195035",Tree Stump Grinding,116
"195033",Tree Trim,75
"195031",Tree Trim,75
"195034",Tree Removal,51
"195029",Tree Trim,75
"195028",Tree Removal,51
"195025",Tree Removal,51
"195023",Tree Trim,75
"195022",Tree Trim,75
"195021",Tree Trim,75
"195018",Tree Trim,75
"195004",Tree Removal,51
"195038",Tree Code Violation,53
"195011",Tree Removal,51
"195012",Tree Removal,51
"195013",Tree Trim,75
"195002",Tree Trim,75
"194998",Tree Removal,51
"194997",Tree Trim,75
"194987",Tree Removal,51
"194986",Tree Removal,51
"194984",Tree Trim,75
"194975",Tree Removal,51
"194982",Tree Trim,75
"194981",Tree Trim,75
"194989",Tree Code Violation,52
"194980",Tree Removal,51
"194967",Tree Removal,51
"194966",Tree Trim,75
"194949",Tree Removal,51
"194964",Tree Removal,51
"194951",Tree Trim,75
"194962",Tree Removal,51
"195001",Tree Trim,77
"194953",Tree Removal,51
"194952",Tree Removal,51
"194947",Tree Removal,51
"194948",Tree Trim,75
"194946",Tree Removal,51
"194945",Tree Trim,75
"194944",Tree Trim,75
"194940",Tree Trim,75
"194941",Tree Removal,51
"194939",Tree Removal,51
"194938",Tree Trim,75
"194937",Tree Trim,75
"194922",Tree Trim,75
"194933",Tree Removal,51
"194932",Tree Code Violation,52
"194931",Tree Removal,51
"194920",Tree Trim,75
"194919",Tree Trim,75
"194917",Tree Trim,75
"194898",Tree Removal,51
"194902",Tree Removal,51
"194915",Tree Removal,51
"194899",Tree Removal,51
"194909",Tree Trim,75
"194910",Tree Trim,75
"194907",Tree Trim,75
"194901",Tree Removal,51
"194897",Tree Removal,51
"194896",Tree Trim,75
"194881",Tree Removal,51
"194887",Tree Trim,75
"194872",Tree Code Violation,52
"194892",Tree Removal,51
"194886",Tree Code Violation,52
"194883",Tree Trim,75
"194879",Tree Removal,51
"194877",Tree Removal,171
"194869",Tree Removal,51
"194859",Tree Removal,51
"194854",Tree Removal,51
"194857",Tree Trim,75
"194858",Tree Trim,75
"194855",Tree Removal,51
"194852",Tree Removal,51
"194848",Tree Trim,75
"194849",Tree Removal,51
"194846",Tree Removal,51
"194845",Tree Trim,75
"194838",Tree Trim,75
"194809",Tree Trim,75
"194837",Tree Removal,51
"195051",Tree Trim,82
"194832",Tree Trim,75
"194830",Tree Trim,75
"194828",Tree Removal,51
"194810",Tree Trim,75
"194826",Tree Removal,51
"194829",Tree Trim,75
"194821",Tree Trim,75
"194806",Tree Removal,51
"194805",Tree Trim,75
"194790",Tree Removal,51
"194792",Tree Trim,75
"194802",Tree Planting,25
"194797",Tree Trim,75
"194788",Tree Removal,51
"194799",Tree Removal,51
"194796",Tree Trim,75
"194818",Tree Removal,52
"194794",Tree Removal,51
"194786",Tree Trim,75
"194784",Tree Trim,75
"194783",Tree Trim,75
"194781",Tree Removal,51
"194765",Tree Removal,51
"194778",Tree Removal,51
"194779",Tree Trim,75
"194776",Tree Removal,51
"194793",Tree Trim,75
"194772",Tree Removal,51
"194771",Tree Trim,75
"194768",Tree Removal,51
"194756",Tree Trim,75
"194741",Tree Removal,51
"194754",Tree Trim,75
"194753",Tree Removal,51
"194728",Tree Removal,51
"194744",Tree Removal,51
"194745",Tree Removal,51
"194748",Tree Trim,75
"194746",Tree Removal,51
"194742",Tree Trim,75
"194740",Tree Trim,75
"194736",Tree Trim,75
"194730",Tree Trim,75
"194735",Tree Trim,75
"194711",Tree Trim,75
"194727",Tree Removal,51
"194724",Tree Trim,75
"194729",Tree Removal,51
"194719",Tree Trim,75
"194718",Tree Trim,75
"194782",Tree Removal,56
"194716",Tree Trim,75
"194714",Tree Trim,75
"194734",Tree Trim,76
"194708",Tree Trim,75
"194709",Tree Trim,75
"194706",Tree Trim,75
"194683",Tree Removal,51
"194703",Tree Trim,75
"194702",Tree Removal,51
"194700",Tree Trim,75
"194701",Tree Removal,51
"194699",Tree Removal,51
"194688",Tree Removal,51
"194697",Tree Trim,75
"194696",Tree Removal,51
"194687",Tree Trim,75
"194694",Tree Removal,51
"194690",Tree Removal,51
"194691",Tree Removal,51
"194686",Tree Removal,51
"194684",Tree Trim,75
"194682",Tree Trim,75
"194680",Tree Trim,75
"194679",Tree Removal,51
"194677",Tree Trim,75
"194649",Tree Removal,51
"194663",Tree Trim,75
"194674",Tree Removal,51
"194664",Tree Trim,75
"194654",Tree Trim,75
"194648",Tree Trim,75
"194647",Tree Trim,75
"194646",Tree Removal,51
"194645",Tree Removal,51
"194633",Tree Removal,51
"194642",Tree Trim,75
"194643",Tree Removal,51
"194673",Tree Code Violation,53
"194628",Tree Trim,75
"194635",Tree Removal,51
"194637",Tree Removal,51
"194625",Tree Removal,51
"194640",Tree Removal,51
"194641",Tree Removal,51
"194629",Tree Removal,51
"194627",Tree Trim,75
"194622",Tree Removal,51
"194620",Tree Removal,51
"194602",Tree Removal,51
"194613",Tree Code Violation,52
"194612",Tree Removal,51
"194609",Tree Removal,51
"194600",Tree Removal,51
"194597",Tree Stump Grinding,116
"194596",Tree Trim,75
"194595",Tree Code Violation,52
"194592",Tree Trim,75
"194590",Tree Trim,75
"194586",Tree Removal,51
"194581",Tree Trim,75
"194582",Tree Removal,51
"194576",Tree Stump Grinding,116
"194578",Tree Trim,75
"194580",Tree Trim,75
"194572",Tree Removal,51
"194568",Tree Trim,75
"194567",Tree Trim,75
"194543",Tree Trim,75
"194544",Tree Trim,75
"194539",Tree Trim,75
"194538",Tree Trim,75
"194537",Tree Removal,51
"194540",Tree Removal,51
"194536",Tree Removal,51
"194534",Tree Removal,51
"194530",Tree Trim,75
"194529",Tree Removal,51
"194528",Tree Code Violation,52
"194525",Tree Trim,75
"194526",Tree Removal,51
"194512",Tree Trim,75
"194511",Tree Trim,75
"194510",Tree Removal,51
"194509",Tree Trim,75
"194506",Tree Removal,51
"194505",Tree Trim,75
"194499",Tree Removal,51
"194501",Tree Trim,75
"194494",Tree Removal,51
"194493",Tree Trim,75
"194491",Tree Trim,75
"194480",Tree Removal,51
"194478",Tree Trim,75
"194477",Tree Removal,51
"194476",Tree Removal,51
"194475",Tree Trim,75
"194473",Tree Removal,51
"194466",Tree Removal,51
"194463",Tree Trim,75
"194457",Tree Trim,75
"194469",Tree Code Violation,52
"194456",Tree Trim,75
"194455",Tree Removal,51
"194451",Tree Removal,51
"194450",Tree Removal,51
"194448",Tree Removal,51
"194447",Tree Trim,75
"194444",Tree Planting,25
"194433",Tree Removal,51
"194442",Tree Removal,51
"194439",Tree Trim,75
"194430",Tree Trim,75
"194411",Tree Removal,51
"194413",Tree Trim,75
"194414",Tree Trim,75
"194416",Tree Trim,75
"194417",Tree Trim,75
"194420",Tree Removal,51
"194423",Tree Removal,51
"194427",Tree Removal,51
"194425",Tree Stump Grinding,116
"194394",Tree Trim,75
"194435",Tree Removal,51
"194429",Tree Trim,75
"194402",Tree Trim,75
"194436",Tree Trim,76
"194397",Tree Planting,25
"194400",Tree Code Violation,52
"194396",Tree Removal,51
"194391",Tree Removal,51
"194388",Tree Trim,75
"194387",Tree Removal,51
"194374",Tree Removal,51
"194385",Tree Trim,75
"194360",Tree Removal,51
"194383",Tree Trim,75
"194371",Tree Removal,51
"194369",Tree Trim,75
"194368",Tree Code Violation,52
"194365",Tree Removal,51
"194361",Tree Removal,51
"194366",Tree Trim,76
"194358",Tree Code Violation,52
"194356",Tree Trim,75
"194355",Tree Stump Grinding,116
"194349",Tree Trim,75
"194348",Tree Removal,51
"194334",Tree Removal,51
"194336",Tree Removal,51
"194337",Tree Removal,51
"194340",Tree Trim,75
"194341",Tree Trim,75
"194346",Tree Trim,75
"194328",Tree Removal,51
"194300",Tree Removal,51
"194313",Tree Removal,51
"194326",Tree Removal,51
"194302",Tree Trim,75
"194323",Tree Trim,75
"194311",Tree Trim,75
"194305",Tree Removal,51
"194304",Tree Removal,51
"194298",Tree Trim,75
"194297",Tree Trim,75
"194296",Tree Removal,51
"194283",Tree Trim,75
"194282",Tree Trim,75
"194281",Tree Removal,51
"194347",Tree Removal,54
"194275",Tree Removal,51
"194273",Tree Trim,75
"194272",Tree Trim,75
"194269",Tree Removal,51
"194268",Tree Trim,75
"194265",Tree Removal,51
"194266",Tree Trim,75
"194267",Tree Removal,51
"194260",Tree Trim,75
"194253",Tree Trim,75
"194258",Tree Removal,51
"194256",Tree Removal,51
"194245",Tree Trim,75
"194249",Tree Trim,75
"194246",Tree Trim,75
"194280",Tree Removal,53
"194244",Tree Trim,75
"194243",Tree Removal,51
"194242",Tree Removal,51
"194240",Tree Removal,51
"194225",Tree Removal,51
"194235",Tree Removal,51
"194234",Tree Code Violation,52
"194233",Tree Code Violation,52
"194232",Tree Removal,51
"194226",Tree Removal,51
"194223",Tree Removal,51
"194229",Tree Removal,51
"194224",Tree Removal,51
"194220",Tree Removal,51
"194216",Tree Removal,51
"194219",Tree Trim,75
"194211",Tree Removal,51
"194208",Tree Removal,51
"194212",Tree Removal,51
"194206",Tree Removal,51
"194205",Tree Trim,75
"194203",Tree Removal,51
"194204",Tree Trim,75
"194202",Tree Removal,51
"194201",Tree Removal,51
"194200",Tree Removal,51
"194199",Tree Removal,51
"194192",Tree Removal,51
"194187",Tree Removal,51
"194185",Tree Trim,75
"194182",Tree Trim,75
"194180",Tree Removal,51
"194179",Tree Trim,75
"194178",Tree Trim,75
"194173",Tree Removal,51
"194171",Tree Removal,51
"194170",Tree Trim,75
"194152",Tree Removal,51
"194149",Tree Trim,75
"194147",Tree Trim,75
"194148",Tree Trim,75
"194146",Tree Removal,51
"194122",Tree Removal,51
"194145",Tree Removal,51
"194125",Tree Removal,51
"194139",Tree Trim,75
"194141",Tree Trim,75
"194138",Tree Removal,51
"194129",Tree Trim,75
"194126",Tree Removal,51
"194123",Tree Code Violation,52
"194099",Tree Trim,75
"194113",Tree Trim,75
"194109",Tree Removal,51
"194112",Tree Trim,75
"194111",Tree Trim,75
"194116",Tree Trim,75
"194106",Tree Trim,75
"194103",Tree Trim,75
"194093",Tree Removal,51
"194079",Tree Removal,51
"194101",Tree Removal,53
"194090",Tree Trim,75
"194071",Tree Removal,51
"194072",Tree Removal,51
"194110",Tree Removal,53
"194086",Tree Trim,75
"194082",Tree Removal,51
"194081",Tree Trim,75
"194078",Tree Removal,51
"194074",Tree Removal,51
"194031",Tree Trim,75
"194066",Tree Trim,75
"194067",Tree Trim,75
"194061",Tree Removal,51
"194059",Tree Removal,51
"194055",Tree Removal,51
"194051",Tree Removal,51
"194047",Tree Removal,51
"194045",Tree Removal,51
"194040",Tree Removal,51
"194034",Tree Removal,51
"194017",Tree Trim,75
"194018",Tree Removal,51
"194002",Tree Code Violation,52
"194001",Tree Trim,75
"193996",Tree Trim,75
"193993",Tree Planting,25
"193990",Tree Trim,75
"193978",Tree Trim,75
"193977",Tree Trim,75
"193947",Tree Stump Grinding,116
"193970",Tree Removal,51
"193973",Tree Removal,51
"194026",Tree Removal,52
"193967",Tree Removal,51
"193965",Tree Removal,51
"193962",Tree Trim,75
"193961",Tree Trim,75
"193960",Tree Removal,51
"193959",Tree Trim,75
"193964",Tree Removal,52
"193957",Tree Trim,75
"193941",Tree Trim,77
"193945",Tree Code Violation,52
"193943",Tree Trim,75
"193940",Tree Trim,75
"193951",Tree Removal,51
"194011",Tree Trim,76
"194014",Tree Trim,75
"193938",Tree Removal,54
"193935",Tree Trim,78
"194007",Tree Removal,51
"193923",Tree Removal,51
"193929",Tree Removal,51
"193920",Tree Trim,75
"193921",Tree Removal,51
"193919",Tree Removal,51
"193918",Tree Removal,51
"193915",Tree Removal,51
"193916",Tree Removal,51
"193910",Tree Trim,75
"193909",Tree Removal,51
"193895",Tree Removal,51
"193896",Tree Trim,75
"193884",Tree Removal,51
"193882",Tree Removal,51
"193880",Tree Trim,75
"193878",Tree Trim,75
"193875",Tree Trim,75
"193872",Tree Code Violation,52
"193870",Tree Trim,75
"193869",Tree Trim,75
"193867",Tree Planting,25
"193864",Tree Trim,75
"193862",Tree Removal,51
"193861",Tree Removal,51
"193860",Tree Removal,51
"193851",Tree Removal,51
"193850",Tree Trim,75
"193849",Tree Removal,51
"193846",Tree Trim,75
"193845",Tree Trim,75
"193840",Tree Removal,51
"194022",Tree Code Violation,61
"193838",Tree Trim,75
"193837",Tree Trim,75
"193833",Tree Trim,75
"193829",Tree Trim,75
"193832",Tree Removal,51
"193831",Tree Removal,51
"193823",Tree Trim,75
"193828",Tree Trim,75
"193834",Tree Removal,51
"193825",Tree Removal,51
"193822",Tree Code Violation,52
"193821",Tree Removal,51
"193819",Tree Removal,51
"193818",Tree Removal,51
"193816",Tree Trim,75
"193813",Tree Code Violation,52
"193812",Tree Code Violation,52
"193810",Tree Trim,75
"193809",Tree Code Violation,52
"193805",Tree Removal,51
"193804",Tree Removal,51
"193807",Tree Removal,51
"193803",Tree Removal,51
"193801",Tree Removal,51
"193797",Tree Trim,75
"193796",Tree Removal,51
"193793",Tree Removal,51
"193786",Tree Removal,51
"193782",Tree Removal,51
"193771",Tree Trim,75
"193763",Tree Trim,75
"193778",Tree Removal,51
"193777",Tree Planting,25
"193762",Tree Trim,75
"193773",Tree Removal,51
"193775",Tree Removal,51
"193765",Tree Trim,75
"193760",Tree Trim,75
"193756",Tree Trim,75
"193757",Tree Trim,75
"193750",Tree Trim,75
"193742",Tree Removal,51
"193738",Tree Removal,51
"193737",Tree Removal,51
"193735",Tree Trim,75
"193733",Tree Removal,51
"193731",Tree Removal,51
"193728",Tree Removal,51
"193727",Tree Trim,75
"193715",Tree Removal,51
"193725",Tree Removal,51
"193721",Tree Trim,75
"193718",Tree Removal,51
"193714",Tree Code Violation,52
"193710",Tree Trim,75
"193707",Tree Removal,51
"193706",Tree Trim,75
"193688",Tree Removal,51
"193685",Tree Removal,51
"193684",Tree Removal,51
"193683",Tree Removal,51
"193669",Tree Removal,51
"193678",Tree Trim,75
"193676",Tree Removal,51
"193674",Tree Removal,51
"193673",Tree Code Violation,52
"193672",Tree Trim,75
"193671",Tree Removal,51
"193668",Tree Removal,51
"193664",Tree Removal,51
"193661",Tree Removal,51
"193655",Tree Trim,75
"193652",Tree Removal,51
"193651",Tree Trim,75
"193817",Tree Trim,84
"193646",Tree Removal,51
"193645",Tree Removal,51
"193644",Tree Trim,75
"193642",Tree Trim,75
"193641",Tree Removal,51
"193639",Tree Trim,75
"193637",Tree Trim,75
"193660",Tree Trim,77
"193635",Tree Removal,51
"193633",Tree Removal,51
"193631",Tree Code Violation,52
"193629",Tree Removal,51
"193626",Tree Trim,75
"193624",Tree Trim,75
"193603",Tree Trim,75
"193602",Tree Trim,75
"193601",Tree Trim,75
"193596",Tree Removal,51
"193594",Tree Removal,51
"193591",Tree Removal,51
"193605",Tree Stump Grinding,117
"193606",Tree Removal,52
"193607",Tree Removal,52
"193609",Tree Removal,53
"193588",Tree Trim,75
"193593",Tree Trim,75
"193585",Tree Removal,51
"193614",Tree Removal,55
"194140",Tree Removal,83
"193582",Tree Removal,51
"193578",Tree Trim,75
"193589",Tree Trim,75
"193573",Tree Removal,51
"193568",Tree Removal,51
"193566",Tree Removal,51
"193565",Tree Trim,75
"193564",Tree Removal,51
"193563",Tree Trim,75
"193557",Tree Removal,51
"193555",Tree Removal,51
"193545",Tree Removal,51
"193544",Tree Trim,75
"193540",Tree Trim,75
"193539",Tree Removal,51
"193536",Tree Removal,51
"193535",Tree Removal,51
"193529",Tree Removal,51
"193527",Tree Removal,51
"193526",Tree Trim,75
"193522",Tree Removal,51
"193521",Tree Removal,51
"193542",Tree Removal,51
"193513",Tree Removal,51
"193503",Tree Removal,51
"193500",Tree Removal,51
"193499",Tree Removal,51
"193496",Tree Trim,75
"193491",Tree Removal,51
"193490",Tree Removal,51
"193489",Tree Removal,51
"193488",Tree Removal,51
"193487",Tree Removal,51
"193485",Tree Trim,75
"193483",Tree Removal,51
"193482",Tree Removal,51
"193480",Tree Trim,75
"193481",Tree Removal,51
"193494",Tree Removal,54
"193479",Tree Trim,75
"193477",Tree Removal,51
"193474",Tree Removal,51
"193457",Tree Trim,75
"202466",Tree Removal,414
"193456",Tree Removal,51
"193452",Tree Removal,51
"193450",Tree Removal,51
"193445",Tree Removal,51
"193444",Tree Trim,75
"193439",Tree Removal,51
"193430",Tree Removal,51
"193426",Tree Trim,75
"193424",Tree Code Violation,52
"193423",Tree Removal,51
"193422",Tree Stump Grinding,116
"193416",Tree Removal,51
"193417",Tree Removal,51
"193408",Tree Removal,51
"193407",Tree Removal,51
"193406",Tree Removal,51
"193404",Tree Removal,51
"193400",Tree Trim,75
"193399",Tree Trim,75
"193398",Tree Removal,51
"193397",Tree Removal,51
"193396",Tree Removal,51
"193395",Tree Removal,51
"193393",Tree Trim,75
"193446",Tree Removal,55
"193389",Tree Removal,51
"193388",Tree Removal,51
"193387",Tree Code Violation,52
"193386",Tree Removal,51
"193385",Tree Code Violation,52
"193384",Tree Trim,75
"193382",Tree Removal,51
"193381",Tree Removal,51
"193379",Tree Removal,51
"193378",Tree Removal,51
"193371",Tree Removal,51
"193359",Tree Trim,75
"193351",Tree Removal,51
"193374",Tree Removal,52
"193344",Tree Removal,51
"193341",Tree Removal,51
"193340",Tree Removal,51
"193339",Tree Removal,51
"193338",Tree Removal,51
"193336",Tree Trim,75
"193335",Tree Removal,51
"193334",Tree Stump Grinding,116
"193332",Tree Removal,51
"193331",Tree Removal,51
"193329",Tree Trim,75
"193328",Tree Removal,51
"193326",Tree Removal,51
"193308",Tree Trim,75
"193319",Tree Trim,75
"193303",Tree Trim,75
"193300",Tree Trim,75
"193301",Tree Trim,75
"193296",Tree Removal,51
"193295",Tree Trim,75
"193294",Tree Trim,75
"193293",Tree Removal,52
"193320",Tree Code Violation,53
"193290",Tree Trim,75
"193289",Tree Removal,51
"193288",Tree Trim,75
"193284",Tree Trim,75
"193280",Tree Removal,51
"193333",Tree Trim,75
"193277",Tree Trim,75
"193276",Tree Trim,75
"193275",Tree Trim,75
"193274",Tree Trim,75
"193273",Tree Trim,75
"193272",Tree Removal,51
"193264",Tree Trim,76
"193262",Tree Removal,51
"193260",Tree Removal,51
"193253",Tree Trim,75
"193327",Tree Removal,52
"193252",Tree Planting,25
"193239",Tree Trim,75
"193233",Tree Trim,75
"193231",Tree Removal,51
"193220",Tree Trim,75
"193184",Tree Removal,51
"193215",Tree Trim,75
"193213",Tree Removal,51
"193197",Tree Trim,75
"193195",Tree Removal,51
"193193",Tree Trim,75
"193192",Tree Trim,75
"193191",Tree Trim,75
"193190",Tree Trim,75
"193189",Tree Code Violation,52
"193187",Tree Removal,51
"193186",Tree Removal,51
"193185",Tree Removal,51
"193183",Tree Code Violation,52
"193182",Tree Trim,75
"193180",Tree Removal,51
"193194",Tree Removal,54
"193178",Tree Removal,51
"193176",Tree Removal,51
"193177",Tree Trim,75
"193167",Tree Removal,51
"193159",Tree Trim,75
"193156",Tree Removal,51
"193155",Tree Trim,75
"193143",Tree Removal,51
"193140",Tree Removal,51
"193139",Tree Removal,51
"193133",Tree Removal,51
"193132",Tree Removal,51
"193130",Tree Code Violation,52
"193129",Tree Removal,51
"193128",Tree Removal,51
"193127",Tree Trim,75
"193124",Tree Removal,51
"193120",Tree Removal,51
"193257",Tree Trim,84
"193116",Tree Trim,75
"193112",Tree Removal,51
"193111",Tree Removal,51
"193106",Tree Trim,75
"193107",Tree Removal,51
"193104",Tree Removal,51
"193103",Tree Removal,51
"193099",Tree Removal,51
"193096",Tree Code Violation,52
"193094",Tree Removal,51
"193145",Tree Removal,51
"193091",Tree Removal,51
"193090",Tree Trim,75
"193084",Tree Trim,75
"193144",Tree Trim,80
"193079",Tree Trim,75
"193080",Tree Removal,51
"193050",Tree Removal,51
"193071",Tree Trim,75
"193068",Tree Removal,51
"193061",Tree Trim,75
"193060",Tree Removal,51
"193058",Tree Code Violation,52
"193057",Tree Removal,51
"193055",Tree Removal,51
"193100",Tree Trim,75
"193053",Tree Trim,75
"193052",Tree Removal,51
"193048",Tree Removal,51
"193045",Tree Removal,51
"193043",Tree Stump Grinding,116
"193042",Tree Removal,51
"193040",Tree Removal,51
"193041",Tree Removal,51
"193037",Tree Removal,51
"193032",Tree Trim,75
"193031",Tree Removal,51
"193029",Tree Removal,51
"193033",Tree Removal,51
"193028",Tree Removal,51
"193027",Tree Removal,51
"193024",Tree Code Violation,52
"193023",Tree Trim,75
"193022",Tree Removal,51
"193047",Tree Trim,75
"193020",Tree Removal,51
"193019",Tree Removal,51
"193030",Tree Removal,51
"193035",Tree Removal,51
"193012",Tree Removal,51
"193011",Tree Code Violation,53
"193010",Tree Trim,75
"193005",Tree Removal,51
"193009",Tree Removal,51
"193004",Tree Removal,51
"192996",Tree Removal,51
"192998",Tree Trim,75
"192995",Tree Trim,75
"192992",Tree Trim,75
"192990",Tree Removal,51
"192984",Tree Removal,51
"192983",Tree Stump Grinding,116
"192982",Tree Removal,51
"192981",Tree Removal,51
"192980",Tree Trim,75
"193310",Tree Trim,95
"192974",Tree Removal,51
"192973",Tree Removal,51
"192972",Tree Removal,51
"192962",Tree Code Violation,52
"192954",Tree Trim,75
"192953",Tree Removal,51
"192952",Tree Removal,51
"192959",Tree Trim,77
"192947",Tree Removal,51
"192946",Tree Trim,75
"192945",Tree Removal,51
"192926",Tree Trim,75
"192921",Tree Removal,51
"192918",Tree Trim,75
"192917",Tree Code Violation,52
"192915",Tree Trim,75
"192912",Tree Removal,51
"192908",Tree Trim,75
"192905",Tree Trim,75
"192901",Tree Removal,51
"192896",Tree Removal,51
"192892",Tree Trim,75
"192891",Tree Removal,51
"192885",Tree Removal,51
"192882",Tree Removal,51
"192876",Tree Trim,75
"192869",Tree Stump Grinding,116
"192872",Tree Removal,51
"192870",Tree Removal,51
"192868",Tree Removal,51
"192862",Tree Removal,51
"192861",Tree Trim,75
"192836",Tree Removal,51
"192879",Tree Trim,77
"192856",Tree Removal,51
"192880",Tree Trim,77
"192859",Tree Removal,51
"192855",Tree Trim,75
"192842",Tree Removal,51
"192840",Tree Removal,51
"192839",Tree Trim,75
"192837",Tree Trim,75
"192817",Tree Removal,51
"192834",Tree Code Violation,52
"192828",Tree Removal,51
"192827",Tree Removal,51
"192823",Tree Trim,75
"192819",Tree Trim,75
"192816",Tree Removal,51
"192807",Tree Removal,51
"192806",Tree Removal,51
"192802",Tree Removal,51
"192801",Tree Trim,75
"192800",Tree Trim,75
"192798",Tree Removal,51
"192797",Tree Removal,51
"192796",Tree Trim,75
"192788",Tree Stump Grinding,116
"192789",Tree Removal,51
"192786",Tree Trim,75
"192778",Tree Removal,51
"192777",Tree Removal,51
"192771",Tree Removal,51
"192769",Tree Trim,75
"192763",Tree Removal,51
"192753",Tree Removal,51
"192732",Tree Trim,75
"192731",Tree Trim,75
"192728",Tree Trim,75
"192726",Tree Trim,75
"192725",Tree Removal,51
"192724",Tree Removal,51
"192721",Tree Removal,51
"192720",Tree Trim,75
"192717",Tree Removal,51
"192716",Tree Trim,75
"192711",Tree Trim,75
"192709",Tree Removal,51
"192708",Tree Trim,75
"192699",Tree Trim,75
"192698",Tree Trim,75
"192694",Tree Removal,51
"192695",Tree Trim,75
"192690",Tree Trim,75
"192692",Tree Removal,51
"192687",Tree Trim,75
"192686",Tree Trim,75
"192681",Tree Trim,75
"192679",Tree Trim,75
"192670",Tree Trim,75
"192671",Tree Removal,51
"192655",Tree Code Violation,52
"218020",Tree Removal,51
"192641",Tree Trim,75
"192649",Tree Trim,76
"192650",Tree Removal,52
"192652",Tree Removal,53
"192675",Tree Trim,77
"192676",Tree Trim,77
"192678",Tree Removal,53
"218029",Tree Removal,51
"218030",Tree Trim,75
"218016",Tree Removal,51
"217982",Tree Stump Grinding,116
"218015",Tree Removal,51
"218012",Tree Removal,51
"217998",Tree Trim,75
"218004",Tree Removal,51
"218007",Tree Removal,51
"217979",Tree Removal,51
"217996",Tree Trim,75
"218027",Tree Trim,76
"217990",Tree Trim,75
"217987",Tree Removal,51
"217989",Tree Removal,51
"217978",Tree Removal,51
"217975",Tree Trim,75
"217974",Tree Trim,75
"217950",Tree Trim,75
"217972",Tree Trim,75
"217934",Tree Trim,75
"217957",Tree Code Violation,52
"217948",Tree Removal,51
"217946",Tree Trim,75
"217930",Tree Trim,75
"217938",Tree Trim,75
"217928",Tree Trim,75
"217921",Tree Removal,51
"217906",Tree Trim,75
"217899",Tree Trim,75
"217888",Tree Removal,51
"217897",Tree Trim,75
"217904",Tree Trim,75
"217894",Tree Removal,51
"217840",Tree Trim,75
"217889",Tree Code Violation,52
"217869",Tree Removal,51
"217866",Tree Removal,51
"217862",Tree Removal,51
"217843",Tree Removal,51
"217826",Tree Removal,51
"217838",Tree Removal,51
"217865",Tree Stump Grinding,118
"217837",Tree Trim,75
"217835",Tree Trim,75
"217825",Tree Removal,51
"217819",Tree Removal,51
"217815",Tree Removal,51
"217811",Tree Removal,51
"217804",Tree Trim,75
"217801",Tree Removal,51
"217730",Tree Removal,51
"217834",Tree Trim,79
"217759",Tree Removal,51
"217790",Tree Removal,51
"217789",Tree Trim,75
"217787",Tree Removal,51
"217781",Tree Trim,75
"217779",Tree Trim,75
"217797",Tree Trim,75
"217729",Tree Trim,75
"217728",Tree Trim,75
"217704",Tree Stump Grinding,116
"217697",Tree Trim,75
"217721",Tree Removal,51
"217720",Tree Trim,75
"217717",Tree Stump Grinding,116
"217683",Tree Trim,75
"217712",Tree Removal,51
"217713",Tree Removal,51
"217710",Tree Code Violation,52
"217682",Tree Trim,75
"217677",Tree Removal,51
"217673",Tree Stump Grinding,118
"217669",Tree Trim,75
"217668",Tree Trim,75
"217598",Tree Removal,51
"217625",Tree Trim,75
"217664",Tree Trim,75
"217652",Tree Trim,75
"217650",Tree Removal,51
"217643",Tree Removal,51
"217628",Tree Removal,51
"217612",Tree Removal,51
"217597",Tree Trim,75
"217593",Tree Trim,75
"217580",Tree Removal,51
"217588",Tree Removal,51
"217574",Tree Trim,75
"217606",Tree Trim,75
"217568",Tree Removal,51
"217607",Tree Trim,76
"217559",Tree Removal,51
"217558",Tree Removal,51
"217672",Tree Code Violation,55
"217525",Tree Trim,75
"217511",Tree Trim,75
"217527",Tree Stump Grinding,116
"217542",Tree Removal,51
"217501",Tree Trim,75
"217531",Tree Removal,51
"217505",Tree Removal,51
"217506",Tree Trim,75
"217519",Tree Trim,75
"217510",Tree Trim,75
"217508",Tree Removal,51
"217507",Tree Removal,51
"217516",Tree Removal,51
"217495",Tree Trim,75
"217488",Tree Trim,75
"217520",Tree Removal,52
"217484",Tree Trim,75
"217475",Tree Removal,51
"217466",Tree Trim,75
"217465",Tree Removal,51
"217454",Tree Removal,51
"217451",Tree Removal,51
"217450",Tree Removal,51
"217448",Tree Trim,75
"217432",Tree Trim,75
"217424",Tree Removal,51
"217403",Tree Trim,75
"217402",Tree Removal,51
"217363",Tree Removal,51
"217398",Tree Removal,51
"217380",Tree Trim,75
"217391",Tree Trim,75
"217378",Tree Trim,75
"217372",Tree Removal,51
"217375",Tree Planting,25
"217399",Tree Removal,51
"217360",Tree Trim,75
"217373",Tree Trim,75
"217369",Tree Trim,75
"217393",Tree Trim,75
"217395",Tree Removal,51
"217339",Tree Trim,75
"217340",Tree Trim,75
"217350",Tree Trim,75
"217342",Tree Trim,75
"217331",Tree Trim,75
"217346",Tree Trim,75
"217344",Tree Trim,75
"217335",Tree Trim,75
"217328",Tree Trim,75
"217326",Tree Removal,51
"217262",Tree Trim,75
"217278",Tree Removal,51
"217318",Tree Removal,51
"217313",Tree Removal,51
"217309",Tree Removal,51
"217303",Tree Trim,75
"217302",Tree Removal,51
"217333",Tree Removal,52
"217297",Tree Trim,75
"217288",Tree Removal,51
"217285",Tree Trim,75
"217265",Tree Removal,51
"217258",Tree Removal,51
"217257",Tree Removal,51
"217253",Tree Stump Grinding,116
"217251",Tree Trim,75
"217234",Tree Trim,75
"217227",Tree Trim,75
"217219",Tree Stump Grinding,116
"217238",Tree Removal,51
"217231",Tree Code Violation,52
"217230",Tree Trim,75
"217228",Tree Planting,25
"217222",Tree Trim,75
"217213",Tree Trim,75
"217293",Tree Planting,29
"217172",Tree Removal,51
"217207",Tree Stump Grinding,116
"217201",Tree Trim,75
"217200",Tree Removal,51
"217210",Tree Trim,75
"217191",Tree Trim,75
"217212",Tree Trim,75
"217183",Tree Stump Grinding,116
"217168",Tree Removal,51
"217165",Tree Removal,51
"217164",Tree Removal,51
"217141",Tree Trim,75
"217154",Tree Removal,51
"217135",Tree Removal,51
"217158",Tree Trim,75
"217157",Tree Trim,75
"217156",Tree Removal,51
"217155",Tree Trim,75
"217149",Tree Trim,75
"217145",Tree Trim,75
"217144",Tree Removal,51
"217143",Tree Removal,51
"217138",Tree Trim,75
"217127",Tree Removal,51
"217115",Tree Stump Grinding,116
"217128",Tree Removal,51
"217123",Tree Removal,51
"217118",Tree Stump Grinding,116
"217106",Tree Trim,75
"217078",Tree Removal,51
"217114",Tree Removal,51
"217101",Tree Removal,51
"217093",Tree Removal,51
"217067",Tree Removal,51
"217074",Tree Trim,75
"217068",Tree Trim,75
"217077",Tree Removal,51
"217069",Tree Trim,75
"217048",Tree Trim,75
"217042",Tree Removal,51
"217033",Tree Code Violation,52
"217026",Tree Trim,75
"217021",Tree Trim,75
"217017",Tree Trim,75
"217014",Tree Removal,51
"217013",Tree Removal,51
"216980",Tree Removal,51
"216981",Tree Trim,75
"217009",Tree Removal,51
"216999",Tree Trim,75
"217287",Tree Removal,61
"216951",Tree Removal,51
"216994",Tree Trim,75
"217011",Tree Trim,75
"216988",Tree Removal,51
"217028",Tree Removal,51
"216959",Tree Trim,75
"216953",Tree Trim,75
"216950",Tree Removal,51
"216911",Tree Trim,75
"216928",Tree Removal,51
"216937",Tree Trim,75
"216912",Tree Removal,51
"216929",Tree Removal,51
"216923",Tree Removal,51
"216885",Tree Removal,51
"216916",Tree Removal,51
"216881",Tree Trim,75
"216880",Tree Removal,51
"216877",Tree Trim,75
"216876",Tree Trim,75
"216875",Tree Trim,75
"217300",Tree Removal,65
"216827",Tree Trim,75
"216829",Tree Trim,75
"216859",Tree Removal,51
"216847",Tree Removal,51
"216843",Tree Trim,75
"216824",Tree Trim,75
"216819",Tree Removal,51
"216816",Tree Trim,75
"216815",Tree Removal,51
"216837",Tree Trim,75
"216802",Tree Trim,75
"216818",Tree Trim,75
"216810",Tree Removal,51
"216784",Tree Trim,75
"216809",Tree Trim,75
"216801",Tree Trim,75
"216796",Tree Trim,75
"216793",Tree Code Violation,52
"216778",Tree Trim,75
"216773",Tree Trim,75
"216769",Tree Removal,51
"216747",Tree Removal,51
"216766",Tree Removal,51
"216765",Tree Removal,51
"216772",Tree Removal,51
"216737",Tree Trim,75
"216852",Tree Removal,51
"216757",Tree Removal,51
"216758",Tree Trim,75
"216767",Tree Removal,51
"216849",Tree Trim,75
"216850",Tree Trim,75
"216674",Tree Removal,51
"216740",Tree Removal,51
"216735",Tree Trim,75
"216736",Tree Trim,75
"216730",Tree Trim,75
"216795",Tree Trim,77
"216716",Tree Code Violation,52
"216700",Tree Trim,75
"216658",Tree Trim,75
"216651",Tree Removal,51
"216652",Tree Trim,75
"216608",Tree Removal,51
"216579",Tree Removal,51
"216635",Tree Removal,51
"216630",Tree Removal,51
"216611",Tree Trim,75
"216594",Tree Trim,75
"216591",Tree Trim,75
"216590",Tree Trim,76
"216585",Tree Removal,51
"216549",Tree Removal,51
"216572",Tree Stump Grinding,116
"216624",Tree Stump Grinding,117
"216574",Tree Removal,51
"216538",Tree Removal,51
"216575",Tree Removal,51
"216565",Tree Trim,75
"216562",Tree Removal,51
"216561",Tree Removal,51
"216563",Tree Removal,51
"216554",Tree Removal,51
"216551",Tree Trim,75
"216550",Tree Removal,51
"216537",Tree Trim,75
"216532",Tree Trim,75
"216504",Tree Trim,75
"216510",Tree Removal,51
"216791",Tree Trim,80
"216528",Tree Removal,51
"216518",Tree Trim,75
"216516",Tree Planting,25
"216514",Tree Trim,75
"216506",Tree Trim,75
"216505",Tree Trim,75
"216500",Tree Trim,75
"216497",Tree Stump Grinding,116
"216452",Tree Trim,75
"216496",Tree Trim,75
"216494",Tree Removal,51
"216455",Tree Trim,75
"216491",Tree Trim,75
"216490",Tree Trim,75
"216488",Tree Trim,75
"216484",Tree Trim,75
"216451",Tree Trim,75
"216449",Tree Removal,51
"216409",Tree Removal,51
"216426",Tree Removal,51
"216406",Tree Stump Grinding,116
"216400",Tree Removal,51
"216397",Tree Removal,51
"216398",Tree Code Violation,52
"216396",Tree Planting,25
"216407",Tree Removal,51
"216414",Tree Trim,75
"216387",Tree Removal,51
"216405",Tree Trim,75
"216386",Tree Removal,51
"216376",Tree Removal,51
"216399",Tree Trim,75
"217513",Tree Removal,88
"216365",Tree Trim,75
"216310",Tree Removal,51
"216350",Tree Trim,75
"216312",Tree Trim,75
"216317",Tree Trim,75
"216326",Tree Removal,51
"216345",Tree Removal,51
"216344",Tree Trim,75
"216320",Tree Trim,75
"216322",Tree Trim,75
"216305",Tree Trim,75
"216292",Tree Trim,75
"216275",Tree Trim,75
"216273",Tree Trim,75
"216272",Tree Removal,51
"216278",Tree Trim,75
"216267",Tree Removal,51
"216271",Tree Trim,75
"216279",Tree Removal,51
"216257",Tree Trim,75
"216248",Tree Removal,51
"216247",Tree Removal,51
"216238",Tree Stump Grinding,116
"216226",Tree Removal,51
"216239",Tree Trim,74
"216231",Tree Trim,75
"216229",Tree Trim,75
"216209",Tree Trim,75
"216205",Tree Trim,75
"216204",Tree Trim,75
"216202",Tree Removal,51
"216200",Tree Removal,51
"216176",Tree Removal,51
"216203",Tree Removal,51
"216196",Tree Trim,75
"216194",Tree Trim,75
"216192",Tree Removal,51
"216190",Tree Trim,75
"216193",Tree Removal,51
"216186",Tree Trim,75
"216179",Tree Trim,75
"216159",Tree Removal,51
"216113",Tree Removal,51
"216145",Tree Removal,51
"216143",Tree Removal,51
"216142",Tree Removal,51
"216140",Tree Removal,51
"216156",Tree Trim,75
"216144",Tree Removal,51
"216130",Tree Removal,51
"216121",Tree Trim,75
"216129",Tree Trim,75
"216123",Tree Removal,51
"216120",Tree Trim,75
"216122",Tree Trim,75
"216108",Tree Trim,75
"216103",Tree Removal,51
"216105",Tree Removal,51
"216086",Tree Stump Grinding,116
"216068",Tree Removal,51
"216084",Tree Removal,51
"216056",Tree Trim,75
"216051",Tree Trim,75
"216053",Tree Removal,61
"222359",Tree Trim,280
"216011",Tree Removal,51
"216021",Tree Removal,51
"216039",Tree Removal,51
"216038",Tree Trim,75
"216022",Tree Removal,51
"216016",Tree Removal,51
"215977",Tree Trim,75
"215973",Tree Trim,75
"216289",Tree Code Violation,83
"215938",Tree Stump Grinding,116
"215970",Tree Trim,75
"215968",Tree Trim,75
"215965",Tree Removal,51
"215966",Tree Removal,51
"215916",Tree Trim,75
"215910",Tree Trim,75
"215954",Tree Removal,51
"215948",Tree Trim,75
"215932",Tree Removal,51
"215912",Tree Removal,51
"215907",Tree Trim,75
"215906",Tree Trim,75
"215872",Tree Stump Grinding,116
"215903",Tree Trim,75
"215889",Tree Trim,75
"215875",Tree Trim,75
"215878",Tree Trim,75
"215879",Tree Trim,75
"215876",Tree Trim,75
"215863",Tree Trim,75
"215858",Tree Removal,51
"215856",Tree Removal,51
"215857",Tree Removal,51
"215833",Tree Removal,51
"215847",Tree Trim,75
"215842",Tree Removal,51
"215841",Tree Trim,75
"215835",Tree Removal,51
"215824",Tree Removal,51
"215819",Tree Removal,51
"215815",Tree Removal,51
"215814",Tree Trim,75
"215811",Tree Removal,51
"215806",Tree Trim,75
"215805",Tree Removal,51
"215800",Tree Removal,51
"215785",Tree Removal,51
"215798",Tree Trim,74
"215797",Tree Trim,74
"215794",Tree Trim,75
"215793",Tree Trim,75
"215765",Tree Trim,75
"215795",Tree Removal,51
"215789",Tree Trim,75
"215796",Tree Trim,75
"215784",Tree Trim,75
"215780",Tree Trim,75
"215778",Tree Removal,51
"215763",Tree Trim,75
"215746",Tree Stump Grinding,116
"215727",Tree Removal,51
"215750",Tree Trim,75
"215737",Tree Removal,51
"215733",Tree Removal,51
"215721",Tree Removal,51
"215718",Tree Trim,75
"215699",Tree Trim,75
"215679",Tree Removal,51
"215694",Tree Trim,75
"215680",Tree Stump Grinding,116
"215696",Tree Trim,75
"215669",Tree Removal,51
"215683",Tree Trim,75
"215682",Tree Planting,25
"215678",Tree Trim,75
"215677",Tree Trim,75
"215676",Tree Trim,75
"215668",Tree Trim,75
"215659",Tree Removal,51
"215655",Tree Removal,51
"215653",Tree Removal,51
"215674",Tree Code Violation,52
"215646",Tree Trim,75
"215639",Tree Trim,75
"215634",Tree Removal,51
"215631",Tree Trim,75
"215626",Tree Removal,51
"215606",Tree Trim,75
"215573",Tree Trim,75
"215596",Tree Removal,51
"215583",Tree Trim,75
"215567",Tree Removal,51
"215554",Tree Trim,75
"215545",Tree Trim,75
"215544",Tree Stump Grinding,116
"215543",Tree Planting,25
"215540",Tree Removal,51
"215535",Tree Code Violation,52
"215533",Tree Trim,75
"215507",Tree Removal,51
"215497",Tree Removal,51
"215508",Tree Removal,51
"215509",Tree Trim,75
"215504",Tree Removal,51
"215534",Tree Removal,51
"215487",Tree Trim,75
"215488",Tree Trim,75
"215483",Tree Trim,75
"215463",Tree Removal,51
"215462",Tree Trim,75
"215444",Tree Trim,75
"215443",Tree Trim,75
"215441",Tree Trim,75
"215433",Tree Trim,75
"215432",Tree Trim,75
"215430",Tree Removal,51
"215400",Tree Trim,75
"215394",Tree Trim,75
"215393",Tree Removal,51
"215390",Tree Stump Grinding,116
"215387",Tree Trim,75
"215384",Tree Removal,51
"215388",Tree Removal,51
"215382",Tree Trim,75
"215381",Tree Removal,51
"216454",Tree Removal,76
"215379",Tree Trim,75
"215371",Tree Code Violation,52
"215367",Tree Trim,75
"215366",Tree Trim,75
"215356",Tree Trim,75
"215350",Tree Trim,75
"215330",Tree Stump Grinding,116
"215341",Tree Removal,51
"215299",Tree Trim,75
"215339",Tree Trim,75
"215338",Tree Removal,51
"215329",Tree Removal,51
"215335",Tree Trim,75
"215334",Tree Removal,51
"215331",Tree Code Violation,52
"215333",Tree Removal,51
"215332",Tree Removal,51
"215326",Tree Trim,75
"215302",Tree Removal,51
"215271",Tree Removal,51
"215296",Tree Trim,76
"215255",Tree Trim,75
"215292",Tree Trim,75
"215280",Tree Removal,51
"215277",Tree Removal,51
"215278",Tree Removal,51
"215273",Tree Trim,75
"215270",Tree Trim,75
"215267",Tree Removal,51
"215240",Tree Trim,75
"215247",Tree Removal,51
"215235",Tree Removal,51
"215233",Tree Removal,51
"215244",Tree Removal,51
"215229",Tree Removal,51
"215227",Tree Trim,75
"215211",Tree Trim,75
"215210",Tree Trim,75
"215189",Tree Removal,51
"215208",Tree Removal,51
"215207",Tree Trim,75
"215201",Tree Removal,51
"215194",Tree Trim,75
"215188",Tree Removal,51
"215187",Tree Trim,75
"215183",Tree Removal,51
"215178",Tree Code Violation,52
"215184",Tree Removal,51
"215173",Tree Trim,75
"215152",Tree Trim,75
"215165",Tree Removal,51
"215160",Tree Removal,51
"215246",Tree Trim,77
"215162",Tree Trim,75
"215161",Tree Removal,51
"215172",Tree Trim,76
"215156",Tree Trim,75
"215153",Tree Removal,51
"215151",Tree Trim,75
"215107",Tree Trim,75
"215139",Tree Trim,75
"215168",Tree Removal,52
"215115",Tree Removal,51
"215106",Tree Trim,75
"215104",Tree Removal,51
"215101",Tree Trim,75
"215094",Tree Code Violation,52
"215089",Tree Removal,51
"215081",Tree Trim,75
"215079",Tree Trim,75
"215075",Tree Removal,51
"215071",Tree Removal,51
"215057",Tree Trim,75
"215016",Tree Stump Grinding,116
"215036",Tree Trim,75
"215030",Tree Removal,51
"215042",Tree Removal,51
"215038",Tree Trim,75
"215037",Tree Trim,75
"215043",Tree Trim,75
"215033",Tree Removal,51
"215028",Tree Trim,75
"215039",Tree Trim,75
"215027",Tree Removal,51
"216390",Tree Removal,85
"215021",Tree Removal,51
"215013",Tree Removal,51
"215012",Tree Trim,75
"214997",Tree Stump Grinding,116
"215003",Tree Trim,75
"214996",Tree Trim,75
"214995",Tree Removal,51
"214994",Tree Removal,51
"214972",Tree Removal,51
"214970",Tree Trim,75
"214957",Tree Removal,51
"214956",Tree Removal,51
"214904",Tree Trim,75
"214886",Tree Removal,51
"214953",Tree Removal,51
"214951",Tree Trim,75
"214949",Tree Trim,75
"214941",Tree Trim,75
"214922",Tree Trim,75
"214895",Tree Trim,75
"214896",Tree Trim,75
"214885",Tree Trim,75
"214841",Tree Removal,51
"214872",Tree Removal,52
"214862",Tree Trim,75
"214861",Tree Stump Grinding,116
"214857",Tree Removal,51
"214826",Tree Removal,51
"214819",Tree Removal,51
"214808",Tree Removal,51
"214854",Tree Removal,51
"214806",Tree Trim,75
"214809",Tree Removal,51
"214799",Tree Trim,75
"214798",Tree Trim,75
"214797",Tree Trim,75
"214810",Tree Removal,51
"214855",Tree Removal,51
"214792",Tree Removal,51
"214791",Tree Removal,51
"214812",Tree Removal,53
"214750",Tree Trim,75
"214782",Tree Trim,75
"214779",Tree Removal,51
"214777",Tree Trim,75
"214768",Tree Removal,51
"214758",Tree Removal,51
"214755",Tree Trim,75
"214737",Tree Removal,51
"214730",Tree Trim,75
"214709",Tree Trim,75
"214696",Tree Removal,51
"214710",Tree Removal,51
"214711",Tree Removal,51
"214697",Tree Removal,51
"214675",Tree Removal,51
"214673",Tree Removal,51
"214672",Tree Trim,75
"214669",Tree Trim,75
"214665",Tree Removal,51
"214666",Tree Trim,75
"214657",Tree Removal,51
"214656",Tree Removal,51
"214652",Tree Removal,51
"214649",Tree Stump Grinding,116
"214643",Tree Removal,51
"214642",Tree Removal,51
"214635",Tree Trim,75
"214627",Tree Stump Grinding,116
"214622",Tree Trim,75
"214610",Tree Trim,75
"214619",Tree Removal,51
"214589",Tree Trim,75
"214560",Tree Removal,51
"214554",Tree Removal,51
"214583",Tree Trim,75
"214576",Tree Stump Grinding,116
"214566",Tree Removal,51
"214559",Tree Trim,75
"214558",Tree Removal,51
"214557",Tree Trim,75
"214553",Tree Removal,51
"214549",Tree Removal,51
"214539",Tree Removal,51
"214530",Tree Trim,75
"214528",Tree Removal,51
"214527",Tree Trim,75
"214526",Tree Trim,75
"214489",Tree Trim,75
"214516",Tree Trim,75
"214507",Tree Trim,75
"214505",Tree Trim,75
"214498",Tree Trim,75
"214492",Tree Trim,75
"214487",Tree Trim,75
"214456",Tree Removal,52
"214455",Tree Trim,75
"214431",Tree Removal,51
"214477",Tree Removal,51
"214449",Tree Removal,51
"214452",Tree Removal,51
"214469",Tree Removal,51
"214447",Tree Trim,75
"214438",Tree Trim,75
"214429",Tree Removal,51
"214427",Tree Removal,51
"214367",Tree Removal,51
"214424",Tree Trim,75
"214426",Tree Trim,75
"214421",Tree Removal,51
"214417",Tree Removal,51
"214414",Tree Trim,75
"214403",Tree Trim,75
"214385",Tree Trim,75
"214374",Tree Removal,51
"214369",Tree Trim,75
"214362",Tree Trim,75
"214359",Tree Removal,51
"214355",Tree Removal,51
"214311",Tree Trim,75
"214351",Tree Trim,75
"214338",Tree Removal,51
"214327",Tree Removal,51
"214336",Tree Trim,75
"214326",Tree Trim,75
"214318",Tree Trim,75
"214405",Tree Trim,77
"214305",Tree Trim,75
"214297",Tree Removal,51
"214287",Tree Trim,75
"214299",Tree Trim,75
"214290",Tree Stump Grinding,116
"214274",Tree Removal,51
"214271",Tree Stump Grinding,116
"214270",Tree Removal,51
"214263",Tree Removal,51
"214256",Tree Removal,51
"214236",Tree Trim,75
"214373",Tree Trim,76
"214234",Tree Removal,51
"214220",Tree Stump Grinding,116
"214315",Tree Trim,76
"214224",Tree Trim,75
"214214",Tree Trim,75
"214217",Tree Removal,51
"214216",Tree Trim,75
"214209",Tree Trim,75
"214206",Tree Removal,51
"214205",Tree Trim,75
"214204",Tree Trim,75
"214202",Tree Trim,75
"214196",Tree Stump Grinding,116
"214157",Tree Trim,75
"214154",Tree Removal,51
"214211",Tree Removal,51
"214172",Tree Removal,51
"214151",Tree Removal,51
"214171",Tree Removal,51
"214188",Tree Removal,51
"214160",Tree Trim,75
"214158",Tree Removal,51
"214149",Tree Trim,75
"214141",Tree Removal,51
"214117",Tree Trim,75
"214140",Tree Removal,51
"214143",Tree Trim,75
"214136",Tree Trim,74
"214135",Tree Trim,75
"214133",Tree Removal,51
"214132",Tree Trim,75
"214130",Tree Trim,75
"214123",Tree Trim,75
"214118",Tree Trim,75
"214113",Tree Removal,51
"214109",Tree Trim,75
"214111",Tree Trim,75
"214087",Tree Removal,51
"214102",Tree Trim,75
"214082",Tree Trim,75
"214186",Tree Removal,51
"214187",Tree Removal,51
"214093",Tree Trim,75
"214085",Tree Trim,75
"214083",Tree Trim,75
"214045",Tree Removal,51
"214050",Tree Trim,75
"214075",Tree Trim,75
"214068",Tree Trim,75
"214064",Tree Trim,75
"214070",Tree Removal,51
"214054",Tree Trim,75
"214059",Tree Removal,51
"214055",Tree Trim,75
"214043",Tree Trim,75
"214039",Tree Code Violation,52
"214034",Tree Removal,51
"214025",Tree Trim,75
"214024",Tree Trim,75
"214010",Tree Trim,75
"214012",Tree Trim,75
"214026",Tree Removal,51
"214000",Tree Removal,51
"213995",Tree Removal,51
"213990",Tree Trim,75
"213945",Tree Removal,51
"213981",Tree Removal,51
"213980",Tree Trim,75
"213969",Tree Trim,75
"213965",Tree Trim,75
"213952",Tree Removal,51
"213949",Tree Trim,75
"213941",Tree Removal,51
"213940",Tree Trim,75
"213935",Tree Removal,51
"213921",Tree Trim,75
"213923",Tree Removal,51
"213920",Tree Removal,51
"213918",Tree Removal,51
"213914",Tree Trim,75
"213911",Tree Trim,75
"213894",Tree Removal,51
"213890",Tree Trim,75
"213889",Tree Trim,75
"213886",Tree Trim,75
"213869",Tree Removal,51
"213884",Tree Removal,51
"213878",Tree Removal,51
"213882",Tree Removal,51
"213879",Tree Removal,51
"213874",Tree Removal,51
"213873",Tree Removal,51
"213871",Tree Removal,51
"213870",Tree Removal,51
"213868",Tree Trim,75
"213863",Tree Trim,75
"213854",Tree Removal,51
"213845",Tree Removal,51
"213852",Tree Removal,51
"213850",Tree Trim,75
"213825",Tree Trim,75
"213849",Tree Trim,75
"213847",Tree Removal,51
"213829",Tree Removal,51
"213824",Tree Removal,51
"213780",Tree Removal,51
"213812",Tree Removal,51
"213813",Tree Removal,51
"213811",Tree Removal,51
"213808",Tree Trim,75
"213807",Tree Removal,51
"213795",Tree Trim,75
"213793",Tree Removal,51
"213774",Tree Trim,75
"213767",Tree Trim,75
"213741",Tree Removal,51
"213761",Tree Trim,75
"213751",Tree Removal,51
"213747",Tree Removal,51
"213743",Tree Removal,51
"213740",Tree Trim,75
"213725",Tree Removal,51
"213723",Tree Trim,75
"213720",Tree Removal,51
"213714",Tree Trim,75
"213622",Tree Trim,75
"213706",Tree Trim,75
"213648",Tree Stump Grinding,116
"213652",Tree Removal,51
"213700",Tree Trim,75
"213680",Tree Removal,51
"213690",Tree Trim,75
"213669",Tree Trim,75
"213670",Tree Removal,51
"213661",Tree Removal,51
"213615",Tree Code Violation,52
"213611",Tree Removal,51
"213609",Tree Removal,51
"213605",Tree Removal,51
"213561",Tree Trim,75
"213584",Tree Removal,51
"213580",Tree Trim,75
"213579",Tree Removal,51
"213572",Tree Removal,51
"213571",Tree Trim,75
"213543",Tree Trim,75
"213545",Tree Removal,51
"213491",Tree Trim,75
"213540",Tree Trim,75
"213552",Tree Removal,51
"213531",Tree Removal,51
"213530",Tree Removal,51
"213513",Tree Removal,51
"213568",Tree Removal,51
"213499",Tree Planting,25
"213496",Tree Removal,51
"213492",Tree Trim,75
"213490",Tree Planting,26
"213488",Tree Removal,51
"213487",Tree Trim,75
"213486",Tree Trim,75
"213489",Tree Removal,51
"213484",Tree Trim,75
"213483",Tree Trim,75
"213479",Tree Removal,51
"213477",Tree Trim,75
"213476",Tree Trim,75
"213475",Tree Trim,75
"213474",Tree Trim,75
"213473",Tree Trim,75
"213471",Tree Removal,51
"213469",Tree Trim,75
"213464",Tree Removal,51
"213455",Tree Code Violation,52
"213454",Tree Code Violation,52
"213450",Tree Trim,75
"213445",Tree Trim,75
"213443",Tree Removal,51
"213441",Tree Removal,51
"213436",Tree Removal,51
"213435",Tree Removal,51
"213417",Tree Trim,75
"213410",Tree Removal,51
"213387",Tree Trim,75
"213405",Tree Removal,51
"213392",Tree Removal,51
"213402",Tree Trim,75
"213388",Tree Trim,75
"213385",Tree Removal,51
"213380",Tree Trim,75
"213374",Tree Removal,51
"213368",Tree Trim,75
"213369",Tree Trim,75
"213364",Tree Trim,75
"213389",Tree Trim,75
"213375",Tree Trim,75
"213349",Tree Removal,51
"213335",Tree Trim,75
"213322",Tree Removal,51
"213316",Tree Trim,75
"213314",Tree Removal,51
"213309",Tree Removal,51
"213308",Tree Removal,51
"213301",Tree Trim,75
"213299",Tree Removal,51
"213295",Tree Trim,75
"213294",Tree Removal,51
"213285",Tree Trim,75
"213283",Tree Removal,51
"213276",Tree Removal,51
"213277",Tree Stump Grinding,116
"213275",Tree Stump Grinding,116
"213274",Tree Trim,75
"213269",Tree Trim,75
"213270",Tree Removal,51
"213267",Tree Trim,75
"213266",Tree Removal,51
"213263",Tree Removal,51
"213216",Tree Removal,51
"213204",Tree Trim,75
"213248",Tree Trim,75
"213203",Tree Removal,51
"213214",Tree Removal,51
"213560",Tree Removal,56
"213245",Tree Removal,51
"213244",Tree Removal,51
"213240",Tree Removal,51
"213210",Tree Removal,51
"213208",Tree Removal,51
"213205",Tree Removal,51
"213202",Tree Trim,75
"213201",Tree Removal,51
"213180",Tree Removal,51
"213194",Tree Removal,51
"213151",Tree Trim,75
"213186",Tree Removal,51
"213162",Tree Trim,75
"213158",Tree Trim,75
"213121",Tree Removal,51
"213117",Tree Trim,75
"213116",Tree Trim,75
"213079",Tree Removal,51
"213114",Tree Removal,51
"213113",Tree Removal,51
"213081",Tree Trim,75
"213089",Tree Removal,51
"213100",Tree Trim,75
"213105",Tree Removal,51
"213103",Tree Trim,75
"213102",Tree Trim,75
"213095",Tree Removal,51
"213087",Tree Removal,51
"213086",Tree Removal,51
"213085",Tree Removal,51
"213084",Tree Removal,51
"213118",Tree Code Violation,53
"213075",Tree Removal,51
"213072",Tree Trim,75
"213068",Tree Removal,51
"213074",Tree Removal,51
"213059",Tree Removal,51
"213056",Tree Trim,75
"213053",Tree Removal,51
"213041",Tree Trim,75
"213038",Tree Trim,75
"213037",Tree Trim,75
"213033",Tree Trim,75
"213035",Tree Removal,51
"213032",Tree Removal,51
"213031",Tree Removal,51
"213030",Tree Trim,75
"213028",Tree Trim,75
"213021",Tree Trim,75
"213017",Tree Trim,75
"213016",Tree Removal,51
"213012",Tree Trim,75
"213009",Tree Removal,51
"213008",Tree Removal,51
"213015",Tree Code Violation,52
"213003",Tree Removal,51
"213001",Tree Removal,51
"212999",Tree Removal,51
"212984",Tree Stump Grinding,116
"212994",Tree Trim,75
"212993",Tree Trim,75
"212992",Tree Trim,75
"212986",Tree Removal,51
"212985",Tree Trim,75
"212981",Tree Removal,51
"212970",Tree Trim,75
"212967",Tree Trim,75
"212964",Tree Trim,75
"212963",Tree Trim,75
"212962",Tree Removal,51
"212955",Tree Removal,51
"212960",Tree Removal,51
"212956",Tree Removal,51
"212925",Tree Removal,51
"212954",Tree Removal,51
"212951",Tree Removal,51
"212950",Tree Removal,51
"212937",Tree Removal,51
"212946",Tree Removal,70
"212943",Tree Removal,51
"212933",Tree Removal,51
"212931",Tree Removal,51
"212917",Tree Removal,51
"212916",Tree Removal,51
"212910",Tree Trim,75
"212912",Tree Trim,75
"212898",Tree Trim,75
"212888",Tree Removal,51
"212884",Tree Removal,51
"212878",Tree Removal,51
"212882",Tree Trim,75
"212883",Tree Trim,75
"212872",Tree Trim,75
"212868",Tree Trim,75
"212870",Tree Removal,51
"212871",Tree Removal,51
"212856",Tree Removal,51
"212852",Tree Removal,51
"212853",Tree Trim,75
"212848",Tree Removal,51
"212850",Tree Removal,51
"212851",Tree Trim,75
"212840",Tree Removal,51
"212839",Tree Removal,51
"212834",Tree Trim,75
"212826",Tree Trim,75
"212804",Tree Removal,51
"212806",Tree Stump Grinding,116
"212821",Tree Removal,51
"212818",Tree Trim,75
"212817",Tree Trim,75
"212802",Tree Removal,51
"212794",Tree Trim,75
"212793",Tree Code Violation,52
"212791",Tree Removal,51
"212775",Tree Removal,51
"212782",Tree Removal,51
"212767",Tree Removal,51
"212766",Tree Trim,75
"212759",Tree Trim,75
"212747",Tree Removal,51
"212741",Tree Removal,51
"212728",Tree Trim,75
"212697",Tree Removal,51
"212714",Tree Trim,75
"212762",Tree Removal,52
"212727",Tree Removal,51
"212721",Tree Removal,51
"212720",Tree Removal,51
"212716",Tree Removal,51
"212715",Tree Removal,51
"212702",Tree Removal,51
"212874",Tree Trim,75
"212701",Tree Removal,51
"212696",Tree Trim,75
"212695",Tree Planting,25
"212679",Tree Removal,51
"212684",Tree Trim,75
"212644",Tree Removal,51
"212680",Tree Removal,51
"212707",Tree Removal,53
"212672",Tree Trim,75
"212673",Tree Removal,51
"212666",Tree Removal,51
"212664",Tree Trim,75
"212650",Tree Trim,75
"212649",Tree Removal,51
"212647",Tree Removal,64
"212646",Tree Trim,75
"212643",Tree Removal,51
"212619",Tree Removal,51
"212713",Tree Removal,53
"212637",Tree Trim,75
"212633",Tree Removal,51
"212632",Tree Removal,51
"212631",Tree Removal,51
"212628",Tree Removal,51
"212626",Tree Removal,51
"212620",Tree Removal,51
"212618",Tree Removal,51
"212615",Tree Removal,51
"212612",Tree Removal,51
"212611",Tree Trim,75
"212592",Tree Trim,75
"212608",Tree Trim,75
"212595",Tree Removal,51
"212603",Tree Removal,51
"212602",Tree Trim,75
"212604",Tree Removal,51
"212671",Tree Removal,54
"212597",Tree Removal,51
"212588",Tree Removal,51
"212594",Tree Trim,75
"212587",Tree Removal,51
"212583",Tree Trim,75
"212548",Tree Removal,51
"212578",Tree Trim,75
"212568",Tree Removal,51
"212569",Tree Removal,51
"212574",Tree Removal,51
"212573",Tree Removal,51
"212552",Tree Removal,51
"212553",Tree Removal,51
"212549",Tree Trim,75
"212536",Tree Removal,51
"212492",Tree Removal,51
"212528",Tree Trim,75
"212550",Tree Removal,51
"212509",Tree Trim,75
"212504",Tree Trim,75
"212501",Tree Removal,51
"212502",Tree Trim,75
"212497",Tree Removal,51
"212496",Tree Trim,75
"212494",Tree Trim,75
"212486",Tree Removal,51
"212541",Tree Trim,76
"212481",Tree Removal,51
"212462",Tree Trim,75
"212469",Tree Removal,51
"212471",Tree Code Violation,52
"212475",Tree Removal,51
"212473",Tree Removal,51
"212465",Tree Trim,75
"212464",Tree Removal,51
"212460",Tree Trim,75
"212457",Tree Removal,51
"212453",Tree Removal,51
"212449",Tree Removal,51
"212445",Tree Trim,75
"212444",Tree Removal,51
"212418",Tree Removal,51
"212409",Tree Trim,75
"212433",Tree Removal,51
"212432",Tree Removal,51
"212414",Tree Removal,51
"212411",Tree Removal,51
"212431",Tree Trim,75
"212419",Tree Removal,51
"212413",Tree Removal,51
"212423",Tree Removal,51
"212406",Tree Trim,75
"212403",Tree Removal,51
"212401",Tree Removal,51
"212382",Tree Trim,75
"212381",Tree Trim,75
"212383",Tree Trim,75
"212392",Tree Removal,51
"212545",Tree Trim,76
"212929",Tree Removal,60
"212377",Tree Removal,51
"212372",Tree Removal,51
"212368",Tree Trim,75
"212369",Tree Removal,51
"212370",Tree Trim,75
"212367",Tree Trim,75
"212356",Tree Trim,75
"212354",Tree Removal,51
"212348",Tree Trim,75
"212351",Tree Trim,75
"212353",Tree Trim,75
"212343",Tree Trim,75
"212342",Tree Removal,51
"212340",Tree Removal,51
"212339",Tree Removal,51
"212333",Tree Removal,51
"212331",Tree Trim,75
"212330",Tree Trim,75
"212319",Tree Removal,51
"212323",Tree Removal,51
"212314",Tree Removal,51
"212305",Tree Trim,75
"212320",Tree Trim,75
"212309",Tree Removal,51
"212303",Tree Trim,75
"212300",Tree Trim,75
"212293",Tree Removal,51
"212291",Tree Removal,51
"212288",Tree Code Violation,52
"212283",Tree Stump Grinding,116
"212260",Tree Trim,75
"212281",Tree Trim,75
"212279",Tree Removal,51
"212253",Tree Removal,51
"212254",Tree Removal,51
"212275",Tree Removal,51
"212272",Tree Trim,75
"212266",Tree Trim,75
"212258",Tree Removal,51
"212257",Tree Trim,75
"212255",Tree Trim,75
"212251",Tree Trim,75
"212250",Tree Trim,75
"212249",Tree Trim,75
"212234",Tree Removal,51
"212246",Tree Trim,75
"212245",Tree Removal,51
"212261",Tree Trim,75
"212239",Tree Removal,51
"212240",Tree Trim,75
"212262",Tree Removal,51
"212274",Tree Removal,53
"212235",Tree Stump Grinding,116
"212232",Tree Code Violation,52
"212231",Tree Removal,51
"212229",Tree Trim,75
"212227",Tree Trim,75
"212220",Tree Removal,51
"212209",Tree Removal,51
"212222",Tree Removal,51
"212219",Tree Trim,75
"212217",Tree Trim,75
"212214",Tree Trim,75
"212211",Tree Removal,51
"212208",Tree Removal,51
"212207",Tree Trim,75
"212204",Tree Trim,75
"212202",Tree Removal,51
"212199",Tree Removal,51
"212196",Tree Trim,75
"212189",Tree Trim,75
"212188",Tree Removal,51
"212177",Tree Removal,51
"212173",Tree Trim,75
"212155",Tree Removal,51
"212138",Tree Trim,75
"212146",Tree Trim,75
"212133",Tree Removal,51
"212151",Tree Removal,51
"212148",Tree Trim,75
"212147",Tree Removal,51
"212145",Tree Removal,51
"212141",Tree Removal,51
"212139",Tree Stump Grinding,116
"212125",Tree Removal,51
"212120",Tree Removal,51
"212111",Tree Removal,51
"212107",Tree Trim,75
"212106",Tree Removal,51
"212104",Tree Trim,75
"212101",Tree Removal,51
"212097",Tree Removal,51
"212095",Tree Trim,75
"212090",Tree Removal,51
"212086",Tree Removal,51
"212084",Tree Removal,51
"212083",Tree Removal,51
"212082",Tree Removal,51
"212052",Tree Removal,51
"212073",Tree Removal,51
"212079",Tree Removal,51
"212075",Tree Removal,51
"212074",Tree Trim,75
"212062",Tree Removal,51
"212050",Tree Trim,75
"212043",Tree Trim,75
"212047",Tree Code Violation,52
"212032",Tree Removal,51
"212030",Tree Removal,51
"212024",Tree Removal,51
"212054",Tree Trim,75
"212055",Tree Trim,75
"212049",Tree Trim,75
"212023",Tree Removal,51
"212013",Tree Trim,75
"212011",Tree Removal,51
"212010",Tree Trim,75
"212006",Tree Removal,51
"212004",Tree Removal,51
"211998",Tree Removal,51
"211997",Tree Removal,51
"211987",Tree Removal,51
"211991",Tree Removal,51
"211986",Tree Trim,75
"211972",Tree Removal,51
"211971",Tree Removal,51
"211945",Tree Trim,75
"211962",Tree Removal,51
"211951",Tree Removal,51
"211947",Tree Removal,51
"211946",Tree Trim,75
"211937",Tree Removal,51
"211934",Tree Trim,75
"211932",Tree Removal,51
"211931",Tree Trim,75
"211929",Tree Removal,51
"211926",Tree Trim,75
"211925",Tree Removal,51
"211916",Tree Trim,75
"211920",Tree Removal,51
"211919",Tree Removal,51
"211917",Tree Removal,51
"211913",Tree Trim,75
"211911",Tree Trim,75
"211910",Tree Removal,51
"211909",Tree Removal,51
"211904",Tree Stump Grinding,116
"211897",Tree Removal,51
"211896",Tree Removal,51
"211890",Tree Trim,75
"211889",Tree Removal,51
"211888",Tree Trim,75
"211885",Tree Removal,51
"211884",Tree Trim,75
"211882",Tree Removal,51
"211881",Tree Trim,75
"211879",Tree Code Violation,52
"211870",Tree Removal,51
"211853",Tree Removal,51
"211851",Tree Removal,51
"211846",Tree Removal,51
"211838",Tree Removal,51
"211837",Tree Trim,75
"211835",Tree Trim,75
"211836",Tree Trim,75
"211833",Tree Removal,51
"211829",Tree Trim,75
"211831",Tree Removal,51
"211844",Tree Removal,51
"211806",Tree Removal,51
"211820",Tree Removal,51
"211818",Tree Trim,75
"211815",Tree Removal,51
"211813",Tree Code Violation,52
"211800",Tree Removal,51
"211799",Tree Removal,51
"211772",Tree Trim,75
"211795",Tree Trim,75
"211783",Tree Removal,51
"211784",Tree Trim,75
"211826",Tree Removal,52
"211785",Tree Trim,75
"211786",Tree Trim,75
"211782",Tree Trim,75
"211780",Tree Removal,51
"211779",Tree Trim,75
"211775",Tree Removal,51
"211773",Tree Trim,75
"211767",Tree Removal,51
"211766",Tree Trim,75
"211747",Tree Trim,75
"211757",Tree Trim,75
"211761",Tree Removal,51
"211755",Tree Removal,51
"211754",Tree Removal,51
"211753",Tree Removal,51
"211741",Tree Removal,51
"211739",Tree Removal,51
"211734",Tree Removal,51
"211731",Tree Removal,51
"211713",Tree Removal,51
"211725",Tree Removal,51
"211723",Tree Trim,75
"211721",Tree Removal,51
"211717",Tree Removal,51
"211718",Tree Removal,51
"211716",Tree Removal,51
"211714",Tree Removal,51
"211732",Tree Removal,51
"211706",Tree Trim,75
"211705",Tree Trim,75
"211697",Tree Trim,75
"211693",Tree Removal,51
"211692",Tree Trim,75
"211659",Tree Removal,51
"211686",Tree Removal,51
"211685",Tree Trim,75
"211684",Tree Removal,51
"211682",Tree Removal,51
"211679",Tree Removal,51
"211678",Tree Removal,51
"211670",Tree Removal,51
"211668",Tree Removal,51
"211663",Tree Removal,51
"211654",Tree Removal,51
"211653",Tree Removal,51
"211616",Tree Trim,75
"211643",Tree Trim,75
"211592",Tree Trim,75
"211593",Tree Removal,51
"211622",Tree Removal,51
"211619",Tree Trim,75
"211613",Tree Removal,51
"211605",Tree Trim,75
"211597",Tree Trim,75
"211596",Tree Removal,51
"211595",Tree Trim,75
"211585",Tree Trim,75
"211572",Tree Removal,51
"211586",Tree Trim,75
"211560",Tree Trim,75
"211588",Tree Trim,76
"211583",Tree Trim,75
"211582",Tree Removal,51
"211581",Tree Removal,51
"211339",Tree Removal,51
"211576",Tree Removal,51
"211577",Tree Removal,51
"211575",Tree Removal,51
"211566",Tree Removal,51
"211561",Tree Removal,51
"211521",Tree Removal,51
"211556",Tree Removal,51
"211557",Tree Trim,75
"211543",Tree Removal,51
"211538",Tree Removal,51
"211535",Tree Removal,51
"211533",Tree Removal,51
"211528",Tree Removal,51
"211525",Tree Removal,51
"211524",Tree Trim,75
"211515",Tree Removal,51
"211502",Tree Removal,51
"211500",Tree Trim,75
"211503",Tree Trim,75
"211498",Tree Removal,51
"211496",Tree Removal,51
"211495",Tree Removal,51
"211472",Tree Trim,75
"211477",Tree Removal,51
"211476",Tree Trim,75
"211475",Tree Removal,51
"211473",Tree Trim,75
"211471",Tree Trim,75
"211468",Tree Removal,51
"211466",Tree Trim,75
"211467",Tree Removal,51
"211462",Tree Removal,51
"211461",Tree Removal,51
"211460",Tree Removal,51
"211452",Tree Trim,75
"211402",Tree Trim,75
"211444",Tree Removal,51
"211442",Tree Trim,75
"211437",Tree Removal,51
"211415",Tree Removal,51
"211413",Tree Removal,51
"211410",Tree Trim,75
"211405",Tree Removal,51
"211400",Tree Removal,51
"211401",Tree Removal,51
"211395",Tree Removal,51
"211368",Tree Trim,75
"211397",Tree Removal,51
"211394",Tree Trim,75
"211391",Tree Trim,75
"211390",Tree Trim,75
"211381",Tree Removal,51
"211382",Tree Removal,51
"211374",Tree Removal,51
"211373",Tree Removal,51
"211346",Tree Trim,75
"211365",Tree Removal,51
"211357",Tree Trim,75
"211354",Tree Trim,75
"211352",Tree Trim,75
"211349",Tree Removal,51
"211347",Tree Removal,51
"211337",Tree Trim,75
"211336",Tree Removal,51
"211335",Tree Trim,75
"211332",Tree Removal,51
"211329",Tree Removal,51
"211327",Tree Removal,51
"211325",Tree Stump Grinding,116
"211307",Tree Removal,51
"211305",Tree Trim,75
"211303",Tree Trim,75
"211302",Tree Removal,51
"211299",Tree Trim,75
"211293",Tree Trim,75
"211290",Tree Removal,51
"211287",Tree Trim,75
"211265",Tree Code Violation,52
"211285",Tree Removal,51
"211284",Tree Removal,51
"211280",Tree Removal,51
"211282",Tree Removal,51
"211278",Tree Removal,51
"211274",Tree Trim,75
"211270",Tree Removal,51
"211266",Tree Trim,75
"211264",Tree Removal,51
"211263",Tree Trim,75
"211257",Tree Removal,51
"211252",Tree Trim,75
"211259",Tree Removal,51
"211256",Tree Trim,75
"211258",Tree Removal,51
"211254",Tree Trim,75
"211251",Tree Removal,51
"211250",Tree Trim,75
"211249",Tree Removal,51
"211248",Tree Trim,75
"211246",Tree Removal,51
"211377",Tree Removal,53
"211244",Tree Trim,75
"211242",Tree Removal,51
"211234",Tree Trim,75
"211232",Tree Removal,51
"211226",Tree Removal,51
"211222",Tree Removal,51
"211220",Tree Removal,51
"211219",Tree Stump Grinding,116
"211216",Tree Removal,51
"211214",Tree Removal,51
"211204",Tree Trim,75
"211200",Tree Removal,51
"211199",Tree Removal,51
"211186",Tree Removal,51
"211194",Tree Removal,52
"211175",Tree Removal,51
"211174",Tree Removal,51
"211179",Tree Trim,75
"211181",Tree Trim,75
"211185",Tree Removal,51
"211193",Tree Removal,51
"211173",Tree Removal,51
"211172",Tree Removal,51
"211170",Tree Removal,51
"211168",Tree Trim,75
"211169",Tree Removal,51
"211149",Tree Removal,51
"211166",Tree Removal,51
"211188",Tree Removal,52
"211161",Tree Trim,75
"211159",Tree Trim,75
"211157",Tree Removal,51
"211155",Tree Trim,75
"211151",Tree Trim,75
"211152",Tree Removal,51
"211153",Tree Trim,75
"211148",Tree Removal,51
"211146",Tree Removal,51
"211142",Tree Trim,75
"211141",Tree Trim,75
"211140",Tree Removal,51
"211136",Tree Removal,51
"211135",Tree Removal,51
"211129",Tree Removal,51
"211127",Tree Removal,51
"211125",Tree Removal,51
"211123",Tree Removal,51
"211121",Tree Removal,51
"211115",Tree Removal,51
"211112",Tree Trim,75
"211111",Tree Code Violation,52
"211109",Tree Removal,51
"211108",Tree Trim,75
"211103",Tree Removal,51
"211097",Tree Trim,75
"211101",Tree Removal,51
"211096",Tree Removal,51
"211098",Tree Removal,51
"211099",Tree Removal,51
"211095",Tree Removal,51
"211094",Tree Removal,51
"211089",Tree Removal,51
"211088",Tree Removal,51
"211082",Tree Removal,51
"211076",Tree Trim,75
"211189",Tree Planting,25
"211067",Tree Removal,51
"211063",Tree Removal,51
"211059",Tree Removal,51
"211057",Tree Trim,75
"211056",Tree Removal,51
"211050",Tree Trim,75
"211048",Tree Removal,51
"211047",Tree Removal,51
"211046",Tree Removal,51
"211045",Tree Trim,75
"211042",Tree Removal,51
"211016",Tree Trim,75
"211041",Tree Removal,51
"211037",Tree Removal,51
"211026",Tree Removal,51
"211036",Tree Trim,75
"211034",Tree Removal,51
"211013",Tree Removal,51
"211030",Tree Stump Grinding,116
"211024",Tree Removal,51
"211022",Tree Removal,51
"211011",Tree Trim,75
"211010",Tree Removal,51
"210985",Tree Trim,75
"211004",Tree Trim,75
"211003",Tree Removal,51
"210997",Tree Removal,51
"210995",Tree Removal,51
"210994",Tree Removal,51
"211033",Tree Removal,51
"210988",Tree Code Violation,52
"210987",Tree Removal,51
"210982",Tree Removal,51
"210977",Tree Removal,51
"210957",Tree Removal,51
"210978",Tree Trim,75
"210973",Tree Removal,51
"210968",Tree Removal,51
"210970",Tree Removal,51
"210967",Tree Removal,51
"210965",Tree Removal,51
"210964",Tree Removal,51
"210961",Tree Removal,51
"210948",Tree Removal,51
"210947",Tree Trim,75
"210946",Tree Removal,51
"210941",Tree Removal,51
"210927",Tree Removal,51
"210922",Tree Removal,51
"210935",Tree Trim,75
"210934",Tree Removal,51
"210930",Tree Trim,75
"210921",Tree Removal,51
"210923",Tree Removal,51
"210920",Tree Removal,51
"210919",Tree Removal,51
"210915",Tree Trim,75
"210912",Tree Removal,51
"210907",Tree Removal,51
"210908",Tree Trim,75
"210905",Tree Removal,51
"210901",Tree Removal,51
"210889",Tree Trim,75
"210903",Tree Removal,51
"210899",Tree Removal,51
"210909",Tree Removal,51
"210881",Tree Removal,51
"210862",Tree Removal,51
"210875",Tree Trim,75
"210873",Tree Removal,51
"210872",Tree Trim,75
"210871",Tree Trim,75
"210870",Tree Removal,51
"210864",Tree Removal,51
"210866",Tree Trim,75
"210863",Tree Removal,51
"210855",Tree Removal,51
"210856",Tree Removal,51
"210859",Tree Removal,51
"210860",Tree Trim,75
"210851",Tree Removal,51
"210849",Tree Removal,51
"210847",Tree Removal,51
"210836",Tree Removal,51
"210840",Tree Trim,75
"210841",Tree Trim,75
"210839",Tree Removal,51
"212699",Tree Removal,79
"210837",Tree Trim,75
"210833",Tree Trim,75
"210835",Tree Removal,51
"210829",Tree Removal,51
"210826",Tree Removal,51
"210823",Tree Removal,51
"210820",Tree Removal,51
"210821",Tree Removal,51
"210819",Tree Trim,75
"210793",Tree Trim,75
"210811",Tree Removal,51
"210809",Tree Removal,51
"210808",Tree Trim,75
"210806",Tree Trim,75
"210802",Tree Removal,51
"210804",Tree Trim,75
"210805",Tree Removal,51
"210801",Tree Removal,51
"210799",Tree Removal,51
"210796",Tree Removal,51
"210798",Tree Removal,51
"210794",Tree Removal,51
"210791",Tree Removal,51
"210789",Tree Removal,51
"210787",Tree Removal,51
"210783",Tree Removal,51
"210784",Tree Trim,75
"210775",Tree Removal,51
"210781",Tree Removal,51
"210782",Tree Removal,51
"210772",Tree Removal,51
"210779",Tree Removal,51
"210780",Tree Removal,51
"210776",Tree Removal,51
"210773",Tree Removal,51
"210771",Tree Removal,51
"210769",Tree Removal,51
"210766",Tree Removal,51
"210767",Tree Removal,51
"210832",Tree Removal,51
"210760",Tree Trim,75
"210761",Tree Removal,51
"210759",Tree Removal,51
"210736",Tree Trim,75
"210756",Tree Removal,51
"210757",Tree Removal,51
"210753",Tree Removal,51
"210752",Tree Removal,51
"210748",Tree Code Violation,52
"210742",Tree Removal,51
"210727",Tree Trim,75
"210721",Tree Removal,51
"210717",Tree Removal,51
"210716",Tree Removal,51
"210706",Tree Removal,51
"210712",Tree Removal,51
"210715",Tree Trim,75
"210714",Tree Trim,75
"210709",Tree Removal,51
"210699",Tree Removal,51
"210707",Tree Removal,51
"210980",Tree Trim,77
"210697",Tree Trim,75
"210695",Tree Removal,51
"210694",Tree Removal,51
"210688",Tree Trim,75
"210689",Tree Trim,75
"210681",Tree Removal,51
"210690",Tree Removal,51
"210685",Tree Removal,51
"210686",Tree Removal,51
"210683",Tree Removal,51
"210680",Tree Removal,51
"210677",Tree Removal,51
"210676",Tree Trim,75
"210672",Tree Trim,75
"210671",Tree Trim,75
"210652",Tree Trim,75
"210668",Tree Removal,51
"210654",Tree Trim,75
"210666",Tree Removal,51
"210664",Tree Trim,75
"210659",Tree Trim,75
"210658",Tree Trim,75
"210657",Tree Removal,51
"210653",Tree Removal,51
"210651",Tree Removal,51
"210739",Tree Trim,75
"210740",Tree Removal,51
"210648",Tree Removal,51
"210644",Tree Trim,75
"210641",Tree Trim,75
"210639",Tree Removal,51
"210638",Tree Trim,75
"210637",Tree Trim,75
"210636",Tree Removal,51
"210633",Tree Removal,51
"210630",Tree Trim,75
"210629",Tree Trim,75
"210628",Tree Trim,75
"210626",Tree Trim,75
"210625",Tree Removal,51
"210624",Tree Trim,75
"210623",Tree Removal,51
"210622",Tree Removal,51
"210621",Tree Removal,51
"210615",Tree Removal,51
"210619",Tree Removal,51
"210620",Tree Removal,51
"210610",Tree Trim,75
"210617",Tree Trim,75
"210614",Tree Removal,51
"210741",Tree Trim,75
"210608",Tree Trim,75
"210606",Tree Removal,51
"210605",Tree Trim,75
"210604",Tree Trim,75
"210603",Tree Removal,51
"210602",Tree Removal,51
"210601",Tree Removal,51
"210600",Tree Removal,51
"210598",Tree Trim,75
"210724",Tree Removal,53
"210596",Tree Trim,75
"210595",Tree Removal,51
"210582",Tree Removal,51
"210593",Tree Removal,51
"210591",Tree Removal,51
"210588",Tree Removal,51
"210585",Tree Trim,75
"210584",Tree Trim,75
"210583",Tree Removal,51
"210577",Tree Removal,51
"210575",Tree Removal,51
"210571",Tree Removal,51
"210568",Tree Removal,51
"210564",Tree Removal,51
"210561",Tree Trim,75
"210559",Tree Removal,94
"210556",Tree Trim,75
"210555",Tree Removal,51
"210554",Tree Removal,51
"210553",Tree Trim,75
"210550",Tree Removal,51
"210549",Tree Removal,51
"210519",Tree Removal,51
"210543",Tree Removal,51
"210542",Tree Removal,51
"210540",Tree Removal,51
"210541",Tree Trim,75
"210537",Tree Trim,75
"210535",Tree Removal,51
"210527",Tree Removal,51
"210525",Tree Removal,51
"210520",Tree Removal,51
"210516",Tree Trim,75
"210518",Tree Removal,51
"210482",Tree Trim,75
"210506",Tree Removal,51
"210469",Tree Removal,51
"210510",Tree Removal,51
"210504",Tree Removal,51
"210501",Tree Removal,51
"210498",Tree Removal,51
"210492",Tree Removal,51
"210493",Tree Removal,51
"210477",Tree Removal,51
"210472",Tree Removal,51
"210471",Tree Trim,75
"210484",Tree Trim,76
"210467",Tree Removal,51
"210447",Tree Removal,51
"210465",Tree Removal,51
"210460",Tree Removal,51
"210459",Tree Trim,75
"210462",Tree Trim,75
"210439",Tree Trim,75
"210458",Tree Removal,51
"210457",Tree Removal,51
"210454",Tree Trim,75
"210453",Tree Removal,51
"210452",Tree Removal,51
"210450",Tree Removal,51
"210449",Tree Removal,51
"210448",Tree Trim,75
"210442",Tree Removal,51
"210436",Tree Trim,75
"210437",Tree Trim,75
"210415",Tree Trim,75
"210419",Tree Removal,51
"210433",Tree Trim,75
"210416",Tree Removal,51
"210427",Tree Removal,51
"210420",Tree Removal,51
"210412",Tree Removal,51
"210406",Tree Removal,51
"210404",Tree Trim,75
"210387",Tree Removal,51
"210389",Tree Removal,51
"210398",Tree Trim,75
"210402",Tree Removal,51
"210394",Tree Removal,51
"210392",Tree Removal,51
"210378",Tree Removal,51
"210376",Tree Removal,51
"210372",Tree Removal,51
"210371",Tree Removal,51
"210370",Tree Removal,51
"210366",Tree Removal,51
"210339",Tree Removal,51
"210364",Tree Trim,87
"210331",Tree Removal,51
"210359",Tree Removal,51
"210350",Tree Removal,51
"210351",Tree Removal,51
"210346",Tree Trim,75
"210347",Tree Removal,51
"210344",Tree Removal,51
"210343",Tree Trim,75
"210336",Tree Trim,75
"210335",Tree Trim,75
"210334",Tree Removal,51
"210302",Tree Removal,51
"210490",Tree Trim,77
"210314",Tree Trim,75
"210311",Tree Removal,51
"210312",Tree Removal,51
"210310",Tree Removal,51
"210299",Tree Removal,51
"210295",Tree Removal,51
"210294",Tree Trim,75
"210271",Tree Removal,51
"210281",Tree Removal,51
"210280",Tree Removal,51
"210285",Tree Removal,51
"210283",Tree Removal,51
"210279",Tree Removal,51
"210277",Tree Removal,51
"210275",Tree Trim,75
"210272",Tree Trim,75
"210269",Tree Removal,51
"210270",Tree Trim,75
"210268",Tree Removal,51
"210265",Tree Trim,75
"210481",Tree Removal,53
"210261",Tree Removal,51
"210259",Tree Removal,51
"210258",Tree Removal,51
"210255",Tree Removal,51
"210253",Tree Removal,51
"210251",Tree Removal,51
"210250",Tree Removal,51
"210248",Tree Removal,51
"210219",Tree Removal,51
"210243",Tree Removal,51
"210237",Tree Removal,51
"210227",Tree Removal,51
"210228",Tree Removal,51
"210226",Tree Removal,51
"210225",Tree Removal,51
"210224",Tree Removal,51
"210223",Tree Removal,51
"210222",Tree Removal,51
"210218",Tree Trim,75
"210220",Tree Removal,51
"210212",Tree Trim,75
"210198",Tree Removal,51
"210217",Tree Trim,75
"210213",Tree Removal,51
"210211",Tree Trim,75
"210207",Tree Trim,75
"210206",Tree Removal,51
"210205",Tree Removal,51
"210203",Tree Removal,51
"210202",Tree Removal,51
"210201",Tree Removal,51
"210194",Tree Removal,51
"210193",Tree Removal,51
"210189",Tree Removal,51
"210190",Tree Removal,51
"210191",Tree Removal,51
"210186",Tree Removal,51
"210183",Tree Removal,51
"210181",Tree Trim,75
"210178",Tree Removal,51
"210173",Tree Removal,51
"210167",Tree Trim,75
"210160",Tree Removal,51
"210157",Tree Removal,51
"210156",Tree Removal,51
"210158",Tree Removal,51
"210155",Tree Trim,75
"210141",Tree Removal,51
"210138",Tree Removal,51
"210152",Tree Removal,51
"210149",Tree Trim,75
"210146",Tree Removal,51
"210142",Tree Removal,51
"210140",Tree Removal,51
"210137",Tree Removal,51
"210136",Tree Removal,51
"210128",Tree Trim,75
"210122",Tree Removal,51
"210119",Tree Removal,51
"210114",Tree Removal,51
"210105",Tree Removal,51
"210076",Tree Trim,75
"210097",Tree Trim,75
"210094",Tree Removal,51
"210090",Tree Removal,51
"210088",Tree Removal,51
"210085",Tree Removal,51
"210087",Tree Trim,75
"210079",Tree Removal,51
"210075",Tree Removal,51
"210070",Tree Trim,75
"210060",Tree Removal,51
"210050",Tree Removal,51
"210069",Tree Removal,51
"210068",Tree Removal,51
"210067",Tree Removal,51
"210061",Tree Removal,51
"210059",Tree Removal,51
"210056",Tree Removal,51
"210052",Tree Trim,75
"210049",Tree Removal,51
"210046",Tree Removal,51
"210043",Tree Removal,51
"210042",Tree Removal,51
"210036",Tree Removal,51
"210034",Tree Removal,51
"210030",Tree Trim,75
"210025",Tree Removal,51
"210022",Tree Trim,75
"210023",Tree Removal,51
"210021",Tree Removal,51
"210019",Tree Removal,51
"210017",Tree Removal,51
"210015",Tree Removal,51
"209989",Tree Trim,75
"210014",Tree Removal,51
"210001",Tree Removal,51
"210012",Tree Removal,51
"210011",Tree Removal,51
"210008",Tree Removal,51
"210009",Tree Removal,51
"210007",Tree Trim,75
"210004",Tree Trim,75
"210002",Tree Trim,75
"209999",Tree Removal,51
"210010",Tree Removal,51
"209993",Tree Removal,51
"209992",Tree Removal,51
"210089",Tree Removal,51
"209986",Tree Trim,75
"209982",Tree Trim,75
"209978",Tree Trim,75
"209977",Tree Removal,51
"209976",Tree Removal,51
"213241",Tree Trim,119
"209966",Tree Trim,75
"209964",Tree Removal,51
"209944",Tree Removal,51
"209959",Tree Removal,51
"209958",Tree Removal,51
"209956",Tree Trim,75
"209955",Tree Removal,51
"211091",Tree Removal,61
"209951",Tree Removal,51
"209949",Tree Removal,51
"209945",Tree Removal,51
"209947",Tree Removal,51
"209939",Tree Trim,75
"209935",Tree Removal,51
"209931",Tree Removal,51
"209930",Tree Removal,51
"209927",Tree Removal,51
"209928",Tree Removal,51
"209923",Tree Trim,75
"209924",Tree Removal,51
"209919",Tree Trim,75
"209918",Tree Trim,75
"209907",Tree Removal,51
"209909",Tree Removal,51
"209914",Tree Removal,51
"209903",Tree Removal,51
"209902",Tree Removal,51
"209900",Tree Trim,75
"209874",Tree Removal,51
"209875",Tree Removal,51
"209877",Tree Trim,75
"209878",Tree Removal,51
"209879",Tree Removal,51
"209880",Tree Removal,51
"209881",Tree Removal,51
"209885",Tree Trim,75
"209886",Tree Removal,51
"209889",Tree Removal,51
"209892",Tree Removal,51
"209893",Tree Trim,75
"209895",Tree Removal,51
"209897",Tree Removal,51
"209868",Tree Removal,51
"209869",Tree Trim,75
"209870",Tree Removal,51
"209871",Tree Trim,75
"209872",Tree Trim,75
"209873",Tree Removal,51
"209867",Tree Trim,75
"209866",Tree Trim,75
"209865",Tree Removal,51
"209864",Tree Removal,51
"209863",Tree Trim,75
"209862",Tree Removal,51
"209844",Tree Removal,51
"209860",Tree Removal,51
"209899",Tree Removal,51
"209858",Tree Trim,75
"209842",Tree Trim,75
"209857",Tree Trim,75
"209852",Tree Trim,75
"209845",Tree Removal,51
"209833",Tree Removal,51
"209829",Tree Removal,51
"209828",Tree Removal,51
"209825",Tree Removal,51
"209823",Tree Trim,75
"209822",Tree Removal,51
"209815",Tree Trim,75
"209814",Tree Removal,51
"209807",Tree Removal,51
"209803",Tree Removal,51
"209801",Tree Removal,51
"209800",Tree Trim,75
"209782",Tree Removal,51
"209792",Tree Trim,75
"209788",Tree Removal,51
"209781",Tree Trim,75
"209780",Tree Removal,51
"209779",Tree Removal,51
"209769",Tree Trim,75
"209768",Tree Removal,51
"209712",Tree Removal,51
"209753",Tree Trim,75
"209750",Tree Removal,51
"209737",Tree Trim,75
"209732",Tree Trim,75
"209731",Tree Removal,51
"209730",Tree Removal,51
"209728",Tree Removal,51
"209721",Tree Removal,51
"209709",Tree Trim,75
"209707",Tree Trim,75
"209651",Tree Removal,51
"209663",Tree Removal,51
"209702",Tree Removal,51
"209701",Tree Removal,51
"209700",Tree Removal,51
"209698",Tree Removal,51
"209692",Tree Removal,51
"209688",Tree Trim,75
"209678",Tree Trim,75
"209677",Tree Removal,51
"209672",Tree Removal,51
"209671",Tree Trim,75
"209622",Tree Trim,75
"209605",Tree Trim,75
"209630",Tree Trim,75
"209633",Tree Removal,51
"209632",Tree Trim,75
"209629",Tree Trim,75
"209639",Tree Removal,51
"209624",Tree Trim,75
"209623",Tree Removal,51
"209600",Tree Trim,75
"209594",Tree Trim,75
"209593",Tree Trim,75
"209592",Tree Removal,51
"209634",Tree Removal,52
"209578",Tree Trim,75
"209589",Tree Removal,51
"209581",Tree Trim,75
"209582",Tree Trim,75
"209649",Tree Removal,52
"209573",Tree Trim,75
"209571",Tree Trim,75
"209572",Tree Removal,51
"209570",Tree Removal,51
"209558",Tree Trim,75
"209533",Tree Removal,51
"209551",Tree Trim,75
"209550",Tree Trim,75
"209543",Tree Trim,75
"209540",Tree Trim,75
"209539",Tree Trim,75
"209536",Tree Trim,75
"209529",Tree Trim,75
"209528",Tree Removal,51
"209510",Tree Trim,75
"209525",Tree Trim,75
"209526",Tree Removal,51
"209521",Tree Trim,75
"209515",Tree Removal,51
"209513",Tree Trim,75
"209505",Tree Trim,75
"209504",Tree Removal,51
"209501",Tree Removal,51
"209500",Tree Removal,51
"209493",Tree Code Violation,52
"209478",Tree Trim,75
"209477",Tree Trim,75
"209461",Tree Trim,75
"209473",Tree Trim,75
"209467",Tree Removal,51
"209470",Tree Removal,51
"209460",Tree Trim,75
"209456",Tree Code Violation,52
"209452",Tree Stump Grinding,116
"209447",Tree Trim,75
"209448",Tree Trim,75
"209446",Tree Removal,51
"209444",Tree Removal,51
"209442",Tree Removal,51
"209422",Tree Removal,51
"209439",Tree Trim,75
"209435",Tree Removal,51
"209438",Tree Trim,75
"209436",Tree Trim,75
"209431",Tree Removal,51
"209426",Tree Removal,51
"209420",Tree Removal,51
"209421",Tree Trim,75
"209418",Tree Code Violation,52
"209419",Tree Trim,75
"209413",Tree Trim,75
"209375",Tree Removal,51
"209416",Tree Trim,76
"209396",Tree Removal,51
"209395",Tree Removal,51
"209393",Tree Removal,51
"209390",Tree Removal,51
"209391",Tree Trim,75
"209389",Tree Removal,51
"209386",Tree Removal,51
"209385",Tree Trim,75
"209381",Tree Removal,51
"209354",Tree Removal,51
"209352",Tree Trim,75
"209371",Tree Trim,75
"209369",Tree Removal,51
"209366",Tree Removal,51
"209364",Tree Trim,75
"209357",Tree Removal,51
"209361",Tree Trim,75
"209360",Tree Trim,75
"209359",Tree Removal,51
"209350",Tree Removal,51
"209335",Tree Trim,75
"209334",Tree Removal,51
"209322",Tree Removal,51
"209316",Tree Removal,51
"209347",Tree Removal,52
"209314",Tree Trim,75
"209313",Tree Trim,75
"209312",Tree Trim,75
"209311",Tree Trim,75
"209306",Tree Trim,75
"209304",Tree Trim,75
"209301",Tree Removal,51
"209299",Tree Removal,51
"209295",Tree Trim,75
"209292",Tree Removal,51
"209287",Tree Removal,51
"209280",Tree Trim,75
"209239",Tree Removal,51
"209274",Tree Trim,75
"209241",Tree Removal,51
"209270",Tree Trim,75
"209264",Tree Trim,75
"209265",Tree Removal,51
"209276",Tree Trim,75
"209271",Tree Removal,51
"209250",Tree Removal,51
"209240",Tree Removal,51
"209236",Tree Trim,75
"209230",Tree Removal,51
"209223",Tree Trim,75
"209227",Tree Trim,75
"209226",Tree Removal,51
"209222",Tree Trim,75
"209197",Tree Trim,75
"209218",Tree Trim,75
"209208",Tree Trim,75
"209201",Tree Removal,51
"209206",Tree Removal,51
"209205",Tree Removal,51
"209204",Tree Removal,51
"209203",Tree Trim,75
"209194",Tree Trim,75
"209193",Tree Removal,51
"209191",Tree Trim,75
"209166",Tree Removal,51
"209170",Tree Trim,75
"209188",Tree Trim,75
"209175",Tree Removal,51
"209172",Tree Trim,75
"209171",Tree Trim,75
"209168",Tree Removal,51
"209165",Tree Removal,51
"209164",Tree Removal,51
"209159",Tree Removal,51
"209154",Tree Trim,75
"209155",Tree Trim,75
"209151",Tree Trim,75
"209142",Tree Trim,75
"209138",Tree Trim,75
"209133",Tree Trim,75
"209132",Tree Removal,51
"209117",Tree Trim,75
"209077",Tree Trim,75
"209109",Tree Removal,51
"209103",Tree Removal,51
"209102",Tree Trim,75
"209095",Tree Removal,51
"209093",Tree Trim,75
"209086",Tree Removal,51
"209083",Tree Trim,75
"209110",Tree Removal,52
"209076",Tree Removal,51
"209062",Tree Trim,75
"209043",Tree Trim,75
"209070",Tree Removal,51
"209040",Tree Removal,51
"209039",Tree Removal,51
"209015",Tree Trim,75
"209035",Tree Trim,75
"209026",Tree Trim,75
"209021",Tree Trim,75
"209020",Tree Trim,75
"209027",Tree Removal,51
"209057",Tree Removal,51
"209017",Tree Trim,75
"209016",Tree Trim,75
"209012",Tree Trim,75
"209006",Tree Trim,75
"209005",Tree Removal,51
"209004",Tree Removal,51
"209001",Tree Trim,75
"208998",Tree Trim,75
"208996",Tree Removal,51
"208995",Tree Removal,51
"208993",Tree Trim,75
"208990",Tree Trim,75
"208988",Tree Trim,75
"208987",Tree Trim,75
"209053",Tree Removal,53
"208967",Tree Trim,75
"208957",Tree Trim,75
"208952",Tree Trim,75
"208932",Tree Trim,75
"208951",Tree Code Violation,52
"208960",Tree Removal,51
"208945",Tree Removal,51
"208936",Tree Trim,75
"208934",Tree Removal,51
"208933",Tree Removal,51
"208928",Tree Trim,75
"208926",Tree Trim,75
"208925",Tree Removal,51
"208907",Tree Trim,75
"208908",Tree Trim,75
"208909",Tree Trim,75
"208871",Tree Trim,75
"208911",Tree Removal,51
"208956",Tree Stump Grinding,116
"208916",Tree Trim,75
"208917",Tree Removal,51
"208918",Tree Removal,51
"208919",Tree Removal,51
"208921",Tree Removal,51
"208870",Tree Removal,51
"208869",Tree Trim,75
"208868",Tree Trim,75
"208849",Tree Removal,51
"208862",Tree Trim,75
"208860",Tree Removal,51
"208861",Tree Removal,51
"208855",Tree Removal,51
"208854",Tree Trim,75
"208851",Tree Trim,75
"208847",Tree Removal,51
"208845",Tree Removal,51
"208844",Tree Removal,51
"208843",Tree Trim,75
"208839",Tree Trim,75
"208838",Tree Removal,51
"208836",Tree Removal,51
"208835",Tree Trim,75
"208830",Tree Removal,51
"208829",Tree Removal,51
"208822",Tree Removal,51
"208826",Tree Removal,51
"208807",Tree Removal,51
"208801",Tree Trim,75
"208800",Tree Trim,75
"208785",Tree Trim,75
"208782",Tree Removal,51
"208772",Tree Removal,51
"208775",Tree Trim,75
"208750",Tree Removal,51
"208773",Tree Trim,75
"208759",Tree Trim,75
"208767",Tree Trim,75
"208766",Tree Removal,51
"208763",Tree Removal,51
"208761",Tree Trim,75
"208757",Tree Trim,75
"208756",Tree Removal,51
"208758",Tree Trim,75
"208752",Tree Removal,51
"208751",Tree Removal,51
"208776",Tree Removal,54
"208747",Tree Removal,51
"208744",Tree Trim,75
"208742",Tree Removal,51
"208739",Tree Removal,51
"208734",Tree Trim,75
"208731",Tree Trim,75
"208730",Tree Trim,75
"208729",Tree Removal,51
"208726",Tree Trim,75
"208727",Tree Removal,51
"208728",Tree Removal,51
"208722",Tree Stump Grinding,116
"208710",Tree Trim,75
"208703",Tree Trim,75
"208718",Tree Trim,75
"208716",Tree Trim,75
"208712",Tree Removal,51
"208708",Tree Trim,75
"208707",Tree Trim,75
"208704",Tree Removal,51
"208695",Tree Trim,75
"208694",Tree Trim,75
"208649",Tree Removal,51
"208682",Tree Removal,51
"208665",Tree Removal,51
"208661",Tree Removal,51
"208659",Tree Removal,51
"208657",Tree Removal,51
"208679",Tree Trim,75
"208654",Tree Removal,51
"208653",Tree Removal,51
"208651",Tree Removal,51
"208648",Tree Trim,75
"208646",Tree Removal,51
"208612",Tree Trim,75
"208636",Tree Removal,51
"208635",Tree Trim,75
"208614",Tree Trim,75
"208634",Tree Removal,51
"208624",Tree Removal,51
"208609",Tree Removal,51
"208603",Tree Removal,51
"208577",Tree Removal,51
"208622",Tree Removal,52
"208571",Tree Code Violation,52
"208595",Tree Removal,51
"208594",Tree Removal,51
"208591",Tree Trim,75
"208590",Tree Code Violation,52
"208589",Tree Trim,75
"208582",Tree Trim,75
"208583",Tree Removal,51
"208578",Tree Removal,51
"208575",Tree Trim,75
"208568",Tree Removal,51
"208550",Tree Removal,51
"208544",Tree Trim,75
"208541",Tree Trim,75
"208540",Tree Removal,51
"208532",Tree Removal,51
"208513",Tree Removal,51
"208511",Tree Removal,51
"208504",Tree Trim,75
"208502",Tree Trim,75
"208501",Tree Trim,75
"208498",Tree Trim,75
"208497",Tree Removal,51
"208496",Tree Removal,51
"208494",Tree Trim,75
"208493",Tree Trim,75
"208492",Tree Removal,51
"208490",Tree Trim,75
"208486",Tree Planting,25
"208473",Tree Removal,51
"208437",Tree Trim,75
"208428",Tree Removal,51
"208461",Tree Removal,51
"208443",Tree Removal,51
"208440",Tree Removal,51
"208439",Tree Removal,51
"208435",Tree Trim,75
"208433",Tree Removal,51
"208432",Tree Removal,51
"208430",Tree Removal,51
"208382",Tree Removal,51
"208398",Tree Trim,75
"208384",Tree Removal,51
"208421",Tree Removal,51
"208419",Tree Planting,25
"208417",Tree Removal,51
"208406",Tree Trim,75
"208405",Tree Trim,75
"208399",Tree Removal,51
"208390",Tree Trim,75
"208457",Tree Removal,52
"208342",Tree Trim,75
"208376",Tree Removal,51
"208343",Tree Trim,75
"208349",Tree Removal,51
"208370",Tree Trim,75
"208362",Tree Trim,75
"208363",Tree Trim,75
"208356",Tree Trim,75
"208355",Tree Trim,75
"208351",Tree Removal,51
"208347",Tree Trim,75
"208346",Tree Removal,51
"208341",Tree Trim,75
"208339",Tree Trim,75
"208333",Tree Trim,75
"208330",Tree Removal,51
"208326",Tree Trim,75
"208323",Tree Trim,75
"208322",Tree Trim,75
"208321",Tree Removal,51
"208320",Tree Trim,75
"208383",Tree Trim,77
"208307",Tree Removal,51
"208305",Tree Trim,75
"208302",Tree Removal,51
"208301",Tree Trim,75
"208300",Tree Trim,75
"208288",Tree Trim,75
"208258",Tree Removal,51
"208276",Tree Removal,51
"208262",Tree Removal,51
"208260",Tree Removal,51
"208259",Tree Removal,51
"208257",Tree Trim,75
"208255",Tree Trim,75
"208253",Tree Trim,75
"208254",Tree Trim,75
"208252",Tree Trim,75
"208251",Tree Trim,75
"208249",Tree Trim,75
"208250",Tree Trim,75
"208247",Tree Trim,75
"208242",Tree Trim,75
"208241",Tree Removal,51
"208220",Tree Removal,51
"208221",Tree Removal,51
"208236",Tree Removal,51
"208210",Tree Removal,51
"208229",Tree Removal,51
"208228",Tree Trim,75
"208206",Tree Trim,75
"208222",Tree Removal,51
"208217",Tree Trim,75
"208218",Tree Removal,51
"208213",Tree Trim,75
"208208",Tree Removal,51
"208205",Tree Stump Grinding,116
"208204",Tree Removal,51
"208202",Tree Removal,51
"208200",Tree Removal,51
"208197",Tree Trim,75
"208195",Tree Removal,51
"208193",Tree Trim,75
"208190",Tree Trim,75
"208184",Tree Trim,75
"208183",Tree Trim,75
"208179",Tree Code Violation,52
"208178",Tree Trim,75
"208175",Tree Trim,75
"208176",Tree Removal,51
"208174",Tree Trim,75
"208172",Tree Removal,51
"208163",Tree Trim,75
"208145",Tree Trim,75
"208170",Tree Removal,51
"208164",Tree Removal,51
"208160",Tree Removal,51
"208158",Tree Removal,51
"208159",Tree Trim,75
"208154",Tree Trim,75
"208235",Tree Removal,52
"208144",Tree Trim,75
"208140",Tree Removal,51
"208125",Tree Removal,51
"208135",Tree Trim,75
"208141",Tree Trim,75
"208134",Tree Removal,51
"208133",Tree Removal,51
"208132",Tree Removal,51
"208131",Tree Removal,51
"208127",Tree Removal,51
"208126",Tree Removal,51
"208124",Tree Trim,75
"208123",Tree Trim,75
"208121",Tree Removal,51
"208116",Tree Trim,75
"208112",Tree Removal,51
"208090",Tree Removal,51
"208100",Tree Trim,75
"208095",Tree Removal,51
"208088",Tree Removal,51
"208096",Tree Trim,75
"208085",Tree Removal,51
"208084",Tree Removal,51
"208083",Tree Trim,75
"208081",Tree Removal,51
"208076",Tree Removal,51
"208071",Tree Removal,51
"208067",Tree Removal,51
"208041",Tree Removal,51
"208066",Tree Removal,51
"208064",Tree Trim,75
"208061",Tree Trim,75
"208060",Tree Removal,51
"208059",Tree Trim,75
"208042",Tree Removal,51
"208040",Tree Removal,51
"208037",Tree Removal,51
"208033",Tree Trim,75
"208021",Tree Trim,75
"208020",Tree Removal,51
"207989",Tree Trim,75
"208017",Tree Removal,51
"208012",Tree Trim,75
"208011",Tree Removal,51
"208009",Tree Trim,75
"208005",Tree Removal,51
"208003",Tree Removal,51
"208002",Tree Removal,51
"207998",Tree Removal,51
"207999",Tree Trim,75
"207991",Tree Removal,51
"207986",Tree Trim,75
"207983",Tree Trim,75
"207918",Tree Trim,75
"207970",Tree Removal,51
"207964",Tree Trim,75
"207957",Tree Removal,51
"207955",Tree Trim,75
"207954",Tree Trim,75
"207946",Tree Trim,75
"207937",Tree Trim,75
"207935",Tree Trim,75
"207919",Tree Removal,51
"207912",Tree Trim,75
"207909",Tree Trim,75
"207906",Tree Trim,75
"207904",Tree Trim,75
"207899",Tree Trim,75
"207896",Tree Removal,51
"207895",Tree Removal,51
"207894",Tree Removal,51
"207893",Tree Removal,51
"207888",Tree Removal,51
"207886",Tree Trim,75
"207881",Tree Removal,51
"207873",Tree Removal,51
"207868",Tree Trim,75
"207869",Tree Removal,51
"207866",Tree Trim,75
"207864",Tree Removal,51
"207859",Tree Removal,51
"207858",Tree Removal,51
"207860",Tree Removal,51
"207855",Tree Trim,75
"207847",Tree Trim,75
"207843",Tree Trim,75
"207842",Tree Trim,75
"207839",Tree Removal,51
"207836",Tree Trim,75
"207835",Tree Trim,75
"207831",Tree Removal,51
"207828",Tree Removal,51
"208139",Tree Removal,55
"207822",Tree Removal,51
"207815",Tree Removal,51
"207814",Tree Trim,75
"211190",Tree Removal,98
"207811",Tree Trim,75
"207810",Tree Removal,51
"207809",Tree Removal,51
"207808",Tree Removal,51
"207807",Tree Removal,51
"207806",Tree Trim,75
"207796",Tree Removal,51
"207804",Tree Trim,75
"207803",Tree Removal,51
"207793",Tree Trim,75
"207797",Tree Trim,75
"207790",Tree Removal,51
"207791",Tree Trim,75
"207795",Tree Removal,51
"207786",Tree Removal,51
"207784",Tree Trim,75
"207777",Tree Removal,51
"207800",Tree Removal,51
"207781",Tree Trim,75
"207780",Tree Removal,51
"207776",Tree Trim,75
"207773",Tree Trim,75
"207769",Tree Removal,51
"207732",Tree Removal,51
"207761",Tree Trim,75
"207760",Tree Removal,51
"207758",Tree Removal,51
"207756",Tree Trim,75
"207755",Tree Removal,51
"207754",Tree Removal,51
"207748",Tree Trim,75
"207746",Tree Removal,51
"207743",Tree Trim,75
"207736",Tree Trim,75
"207733",Tree Trim,75
"207720",Tree Removal,51
"207716",Tree Trim,75
"207709",Tree Removal,51
"207704",Tree Trim,75
"207702",Tree Removal,51
"207699",Tree Trim,75
"207696",Tree Removal,51
"207695",Tree Removal,51
"207694",Tree Code Violation,52
"207691",Tree Removal,51
"207689",Tree Trim,75
"207690",Tree Trim,75
"207686",Tree Trim,75
"207682",Tree Trim,75
"207679",Tree Trim,75
"207674",Tree Trim,75
"207675",Tree Trim,75
"207671",Tree Trim,75
"207672",Tree Trim,75
"207669",Tree Trim,75
"207663",Tree Removal,51
"207651",Tree Trim,363
"207662",Tree Trim,75
"207658",Tree Trim,75
"207657",Tree Trim,75
"207654",Tree Trim,75
"207650",Tree Removal,51
"207648",Tree Removal,51
"207638",Tree Removal,51
"207635",Tree Removal,51
"207633",Tree Trim,75
"207632",Tree Removal,51
"207630",Tree Trim,75
"207628",Tree Removal,51
"207626",Tree Trim,75
"207618",Tree Removal,51
"207617",Tree Removal,51
"207616",Tree Removal,51
"207611",Tree Removal,51
"207608",Tree Trim,75
"207603",Tree Trim,75
"207601",Tree Trim,75
"207599",Tree Trim,75
"207597",Tree Trim,75
"207595",Tree Trim,75
"207594",Tree Removal,51
"207587",Tree Removal,51
"207588",Tree Removal,51
"207576",Tree Removal,51
"207574",Tree Removal,51
"207571",Tree Trim,75
"207566",Tree Planting,25
"207561",Tree Removal,51
"207558",Tree Trim,75
"207557",Tree Removal,51
"207549",Tree Removal,51
"207550",Tree Trim,75
"207545",Tree Removal,51
"207544",Tree Removal,51
"207543",Tree Trim,75
"207541",Tree Removal,51
"207668",Tree Planting,26
"207536",Tree Removal,51
"207530",Tree Removal,51
"207527",Tree Trim,75
"207525",Tree Removal,51
"207521",Tree Removal,51
"207518",Tree Removal,51
"207519",Tree Trim,75
"207517",Tree Trim,75
"207516",Tree Removal,51
"207496",Tree Removal,51
"207514",Tree Removal,51
"207503",Tree Removal,51
"207513",Tree Trim,75
"207510",Tree Removal,51
"207507",Tree Removal,51
"207492",Tree Trim,75
"207490",Tree Removal,51
"207489",Tree Removal,51
"207488",Tree Trim,75
"207487",Tree Removal,51
"207486",Tree Trim,75
"207484",Tree Removal,51
"207482",Tree Trim,75
"207477",Tree Trim,75
"207475",Tree Removal,51
"207472",Tree Removal,51
"207470",Tree Removal,51
"207467",Tree Removal,51
"207458",Tree Trim,75
"207456",Tree Trim,75
"207455",Tree Removal,51
"207450",Tree Trim,75
"207446",Tree Removal,51
"207442",Tree Trim,75
"207443",Tree Trim,75
"207441",Tree Trim,75
"207440",Tree Trim,75
"207435",Tree Trim,75
"207434",Tree Removal,51
"207433",Tree Removal,51
"207432",Tree Removal,51
"207439",Tree Removal,51
"207416",Tree Removal,51
"207428",Tree Trim,75
"207426",Tree Removal,51
"207424",Tree Removal,51
"207425",Tree Removal,51
"207423",Tree Trim,75
"207422",Tree Removal,51
"207420",Tree Removal,51
"207417",Tree Removal,51
"207415",Tree Removal,51
"207413",Tree Trim,75
"207410",Tree Removal,51
"207407",Tree Trim,75
"207405",Tree Removal,51
"207403",Tree Trim,75
"207402",Tree Trim,75
"207396",Tree Removal,51
"207397",Tree Trim,75
"207394",Tree Trim,75
"207383",Tree Trim,75
"207393",Tree Trim,75
"207382",Tree Trim,75
"207377",Tree Trim,75
"207372",Tree Trim,75
"207365",Tree Trim,75
"207409",Tree Removal,52
"207360",Tree Removal,51
"207359",Tree Removal,51
"207339",Tree Trim,75
"207357",Tree Removal,51
"207356",Tree Removal,51
"207355",Tree Removal,51
"207354",Tree Removal,51
"207352",Tree Trim,75
"207351",Tree Trim,75
"207350",Tree Removal,51
"207348",Tree Trim,75
"207347",Tree Removal,51
"207345",Tree Trim,75
"207344",Tree Removal,51
"207341",Tree Trim,75
"207338",Tree Trim,75
"207335",Tree Trim,75
"207336",Tree Trim,75
"207322",Tree Removal,51
"207334",Tree Removal,51
"207319",Tree Removal,51
"207321",Tree Trim,75
"207330",Tree Removal,51
"207408",Tree Removal,53
"207327",Tree Removal,51
"207325",Tree Removal,51
"207379",Tree Removal,51
"207320",Tree Removal,51
"207317",Tree Removal,51
"207314",Tree Removal,51
"207312",Tree Removal,51
"207309",Tree Removal,51
"207308",Tree Code Violation,52
"207307",Tree Removal,72
"207306",Tree Trim,75
"207304",Tree Removal,51
"207303",Tree Removal,51
"207300",Tree Removal,51
"207299",Tree Removal,51
"207296",Tree Trim,75
"207291",Tree Trim,75
"207290",Tree Trim,75
"207288",Tree Removal,51
"207287",Tree Trim,75
"207286",Tree Trim,75
"207284",Tree Removal,51
"207255",Tree Removal,51
"207246",Tree Trim,75
"207282",Tree Removal,51
"207280",Tree Removal,51
"207275",Tree Removal,51
"207271",Tree Removal,51
"207267",Tree Trim,75
"207266",Tree Removal,51
"207264",Tree Removal,51
"207263",Tree Removal,51
"207257",Tree Removal,51
"207253",Tree Trim,75
"207249",Tree Trim,75
"207248",Tree Removal,51
"207243",Tree Trim,75
"207239",Tree Removal,51
"207241",Tree Removal,51
"207240",Tree Trim,75
"207235",Tree Trim,75
"207225",Tree Removal,51
"207228",Tree Trim,75
"207204",Tree Removal,51
"207205",Tree Trim,75
"207203",Tree Trim,75
"207210",Tree Removal,51
"207202",Tree Trim,75
"207201",Tree Removal,51
"207200",Tree Removal,51
"207191",Tree Removal,51
"207212",Tree Trim,76
"207192",Tree Removal,51
"207188",Tree Trim,75
"207185",Tree Removal,51
"207180",Tree Removal,51
"207171",Tree Removal,51
"207170",Tree Trim,75
"207169",Tree Removal,51
"207160",Tree Removal,51
"207161",Tree Removal,51
"207157",Tree Removal,51
"207155",Tree Removal,51
"207152",Tree Trim,75
"207150",Tree Stump Grinding,116
"207146",Tree Removal,51
"207138",Tree Removal,51
"207135",Tree Trim,75
"207113",Tree Removal,51
"207131",Tree Trim,75
"207128",Tree Trim,75
"207123",Tree Removal,51
"207121",Tree Removal,51
"207120",Tree Trim,75
"207117",Tree Removal,51
"207381",Tree Trim,75
"207110",Tree Removal,51
"207104",Tree Removal,51
"207101",Tree Trim,75
"207099",Tree Trim,75
"207096",Tree Trim,75
"207094",Tree Trim,75
"207093",Tree Trim,75
"207088",Tree Removal,51
"207086",Tree Removal,51
"207076",Tree Removal,51
"207069",Tree Trim,75
"207067",Tree Trim,75
"207064",Tree Removal,51
"207062",Tree Trim,75
"207063",Tree Trim,75
"207061",Tree Removal,51
"207060",Tree Removal,51
"207118",Tree Removal,52
"207056",Tree Trim,75
"207054",Tree Removal,51
"207049",Tree Removal,51
"207046",Tree Removal,51
"207047",Tree Trim,75
"207073",Tree Trim,75
"207040",Tree Trim,75
"207037",Tree Stump Grinding,116
"207036",Tree Removal,51
"207033",Tree Removal,51
"206995",Tree Removal,51
"207023",Tree Removal,51
"207021",Tree Trim,75
"207014",Tree Removal,51
"207013",Tree Trim,75
"207007",Tree Trim,75
"206999",Tree Trim,75
"207074",Tree Removal,51
"207269",Tree Removal,53
"207151",Tree Removal,52
"207268",Tree Removal,53
"207265",Tree Removal,53
"206986",Tree Removal,51
"206983",Tree Removal,51
"206981",Tree Trim,75
"206980",Tree Trim,75
"206978",Tree Removal,51
"206977",Tree Removal,51
"206976",Tree Removal,51
"206975",Tree Trim,75
"206971",Tree Removal,51
"206972",Tree Removal,51
"206970",Tree Trim,75
"206966",Tree Trim,75
"206965",Tree Removal,51
"206960",Tree Trim,75
"206953",Tree Removal,51
"206951",Tree Trim,75
"206949",Tree Removal,51
"206943",Tree Removal,51
"206939",Tree Trim,75
"206936",Tree Trim,75
"206932",Tree Trim,75
"206931",Tree Trim,75
"206928",Tree Trim,75
"206923",Tree Removal,51
"206920",Tree Removal,51
"206919",Tree Trim,75
"206907",Tree Removal,51
"206906",Tree Removal,51
"206902",Tree Removal,51
"206898",Tree Trim,75
"206899",Tree Trim,75
"206897",Tree Removal,51
"206893",Tree Removal,51
"206890",Tree Removal,51
"206883",Tree Trim,75
"206884",Tree Removal,51
"206882",Tree Removal,51
"206842",Tree Removal,51
"206877",Tree Removal,51
"206836",Tree Removal,51
"206871",Tree Removal,51
"207042",Tree Trim,75
"206862",Tree Trim,75
"206853",Tree Removal,51
"206854",Tree Trim,75
"206845",Tree Trim,75
"206843",Tree Trim,75
"206839",Tree Trim,75
"206831",Tree Removal,51
"206832",Tree Removal,51
"206827",Tree Trim,75
"206822",Tree Trim,75
"206819",Tree Removal,51
"206811",Tree Removal,51
"206812",Tree Trim,75
"206792",Tree Removal,51
"206797",Tree Removal,51
"206801",Tree Removal,51
"206789",Tree Removal,51
"206787",Tree Trim,75
"206783",Tree Removal,51
"206782",Tree Removal,51
"206778",Tree Trim,75
"206779",Tree Removal,51
"206773",Tree Trim,75
"206770",Tree Removal,51
"206769",Tree Removal,51
"206768",Tree Trim,75
"206765",Tree Removal,51
"206766",Tree Removal,51
"206764",Tree Removal,51
"206763",Tree Removal,51
"206761",Tree Removal,51
"206757",Tree Planting,25
"206754",Tree Removal,51
"206755",Tree Removal,51
"206750",Tree Removal,51
"206747",Tree Code Violation,52
"206744",Tree Trim,75
"206739",Tree Removal,51
"206734",Tree Trim,75
"206733",Tree Trim,75
"206729",Tree Removal,51
"206726",Tree Removal,51
"206725",Tree Removal,51
"206723",Tree Trim,75
"206722",Tree Trim,75
"206721",Tree Removal,51
"206719",Tree Trim,75
"206718",Tree Removal,51
"206717",Tree Removal,51
"206715",Tree Removal,51
"206714",Tree Trim,75
"206712",Tree Removal,51
"206710",Tree Removal,51
"206707",Tree Trim,75
"206704",Tree Trim,75
"206696",Tree Removal,51
"206695",Tree Removal,51
"206694",Tree Removal,51
"206693",Tree Removal,51
"206691",Tree Removal,51
"206690",Tree Removal,51
"206689",Tree Removal,51
"206688",Tree Removal,51
"206686",Tree Removal,51
"206682",Tree Removal,51
"206679",Tree Removal,51
"206678",Tree Trim,75
"206677",Tree Trim,75
"206675",Tree Trim,75
"206645",Tree Removal,51
"206672",Tree Removal,51
"206662",Tree Trim,75
"206655",Tree Removal,51
"206653",Tree Removal,51
"206652",Tree Code Violation,52
"206651",Tree Removal,51
"206650",Tree Code Violation,52
"206643",Tree Removal,51
"206637",Tree Removal,51
"206623",Tree Trim,75
"206634",Tree Removal,51
"206631",Tree Removal,51
"206629",Tree Removal,51
"206628",Tree Trim,75
"206625",Tree Removal,51
"206622",Tree Trim,75
"206620",Tree Removal,51
"206621",Tree Removal,51
"206624",Tree Removal,72
"206614",Tree Removal,51
"206611",Tree Removal,51
"206610",Tree Trim,75
"206608",Tree Removal,51
"210170",Tree Trim,128
"206605",Tree Trim,75
"206599",Tree Removal,51
"206596",Tree Removal,51
"206580",Tree Removal,51
"206574",Tree Removal,51
"206560",Tree Removal,51
"206558",Tree Removal,51
"206557",Tree Removal,51
"206548",Tree Removal,51
"206538",Tree Removal,51
"206537",Tree Trim,75
"206534",Tree Removal,51
"206530",Tree Removal,51
"206525",Tree Removal,51
"206526",Tree Removal,51
"206521",Tree Removal,51
"206516",Tree Removal,51
"206515",Tree Removal,51
"206510",Tree Removal,51
"206507",Tree Removal,51
"206504",Tree Removal,51
"206502",Tree Trim,75
"206501",Tree Trim,75
"206745",Tree Removal,51
"206496",Tree Trim,75
"206493",Tree Removal,51
"206491",Tree Removal,51
"206490",Tree Trim,75
"206487",Tree Trim,75
"206485",Tree Removal,51
"206478",Tree Removal,51
"208416",Tree Trim,99
"206473",Tree Removal,51
"206471",Tree Trim,75
"206469",Tree Removal,51
"206461",Tree Removal,51
"206462",Tree Trim,75
"206463",Tree Removal,51
"206454",Tree Removal,51
"206456",Tree Removal,51
"206453",Tree Trim,75
"206449",Tree Trim,75
"206446",Tree Removal,51
"206439",Tree Trim,75
"206436",Tree Trim,75
"206433",Tree Removal,51
"206431",Tree Trim,75
"206428",Tree Removal,51
"206426",Tree Removal,51
"206429",Tree Removal,51
"206424",Tree Trim,75
"206427",Tree Trim,75
"206423",Tree Removal,51
"206420",Tree Removal,51
"206421",Tree Removal,51
"206418",Tree Removal,51
"206419",Tree Removal,51
"206412",Tree Removal,51
"206408",Tree Removal,51
"206409",Tree Removal,51
"206410",Tree Removal,51
"206407",Tree Removal,51
"206403",Tree Removal,51
"206400",Tree Trim,75
"206397",Tree Trim,75
"206393",Tree Removal,51
"206394",Tree Removal,51
"206396",Tree Trim,75
"206392",Tree Removal,51
"206385",Tree Removal,51
"206380",Tree Removal,51
"206381",Tree Removal,51
"206378",Tree Removal,51
"206376",Tree Removal,51
"206374",Tree Removal,51
"206377",Tree Trim,75
"206384",Tree Removal,51
"206373",Tree Removal,51
"206371",Tree Removal,51
"206366",Tree Removal,51
"206364",Tree Trim,75
"206359",Tree Removal,51
"206355",Tree Removal,51
"206353",Tree Removal,51
"206350",Tree Trim,75
"206348",Tree Removal,51
"206338",Tree Trim,75
"206323",Tree Removal,51
"206325",Tree Trim,75
"206331",Tree Removal,51
"206319",Tree Removal,51
"206320",Tree Removal,51
"206317",Tree Removal,51
"206311",Tree Trim,75
"206304",Tree Removal,51
"206341",Tree Removal,51
"206295",Tree Trim,75
"206298",Tree Trim,75
"206302",Tree Trim,75
"206344",Tree Removal,51
"206249",Tree Trim,75
"206273",Tree Removal,51
"206271",Tree Removal,51
"206264",Tree Trim,75
"206263",Tree Removal,51
"206260",Tree Stump Grinding,116
"206258",Tree Trim,75
"206256",Tree Trim,75
"206252",Tree Trim,75
"206248",Tree Trim,75
"206247",Tree Trim,75
"206246",Tree Code Violation,52
"206220",Tree Trim,75
"206219",Tree Removal,51
"206240",Tree Trim,75
"206239",Tree Trim,75
"206236",Tree Removal,51
"206218",Tree Trim,75
"206208",Tree Trim,75
"206203",Tree Trim,75
"206202",Tree Trim,75
"206176",Tree Trim,75
"206194",Tree Trim,75
"206178",Tree Removal,51
"206172",Tree Trim,75
"206163",Tree Removal,51
"206161",Tree Trim,75
"206120",Tree Removal,51
"206121",Tree Removal,51
"206150",Tree Trim,75
"206147",Tree Removal,51
"206141",Tree Removal,51
"206128",Tree Removal,51
"206125",Tree Removal,51
"206123",Tree Removal,51
"206111",Tree Trim,75
"206107",Tree Trim,75
"206108",Tree Trim,75
"206105",Tree Trim,75
"206104",Tree Trim,75
"206100",Tree Removal,51
"206095",Tree Removal,69
"206093",Tree Trim,75
"206092",Tree Trim,75
"206088",Tree Removal,51
"206085",Tree Trim,75
"206083",Tree Removal,51
"206080",Tree Trim,75
"206079",Tree Removal,51
"206056",Tree Removal,51
"206077",Tree Trim,75
"206081",Tree Removal,51
"206076",Tree Trim,75
"206061",Tree Removal,51
"206071",Tree Trim,75
"206069",Tree Trim,75
"206065",Tree Removal,51
"206066",Tree Removal,51
"206059",Tree Trim,75
"206053",Tree Removal,51
"206048",Tree Removal,51
"206049",Tree Planting,25
"206051",Tree Removal,51
"206018",Tree Removal,51
"206042",Tree Removal,51
"206045",Tree Removal,51
"206039",Tree Removal,51
"206037",Tree Removal,51
"206019",Tree Trim,75
"206017",Tree Trim,75
"206014",Tree Removal,51
"206003",Tree Trim,75
"205999",Tree Removal,51
"205991",Tree Trim,75
"205990",Tree Trim,75
"205986",Tree Trim,75
"205985",Tree Removal,51
"205963",Tree Removal,51
"205954",Tree Trim,75
"205951",Tree Trim,75
"205952",Tree Removal,51
"205972",Tree Removal,51
"205932",Tree Removal,51
"205925",Tree Removal,51
"205917",Tree Removal,51
"205945",Tree Removal,51
"205926",Tree Removal,51
"205935",Tree Trim,75
"205934",Tree Trim,75
"205933",Tree Removal,51
"205923",Tree Trim,75
"205921",Tree Trim,75
"205915",Tree Trim,75
"205882",Tree Removal,51
"205910",Tree Trim,75
"205908",Tree Removal,51
"205906",Tree Trim,75
"205903",Tree Stump Grinding,116
"205899",Tree Removal,51
"205898",Tree Planting,25
"205897",Tree Trim,75
"205890",Tree Trim,75
"205888",Tree Removal,52
"205886",Tree Removal,51
"205883",Tree Removal,51
"205866",Tree Stump Grinding,116
"205857",Tree Removal,51
"205876",Tree Removal,51
"205863",Tree Removal,51
"205862",Tree Trim,75
"205856",Tree Removal,51
"205851",Tree Code Violation,52
"205895",Tree Removal,52
"205843",Tree Trim,75
"205838",Tree Trim,75
"205828",Tree Removal,51
"205814",Tree Removal,51
"205767",Tree Trim,75
"205823",Tree Removal,51
"205834",Tree Removal,52
"205818",Tree Code Violation,52
"205813",Tree Removal,51
"205808",Tree Removal,51
"205784",Tree Removal,51
"205781",Tree Trim,75
"205778",Tree Trim,75
"205775",Tree Removal,51
"205768",Tree Trim,75
"205758",Tree Trim,75
"205817",Tree Trim,75
"205757",Tree Trim,75
"205754",Tree Removal,51
"205749",Tree Removal,51
"205748",Tree Removal,51
"205739",Tree Trim,75
"205724",Tree Trim,75
"205674",Tree Trim,75
"205864",Tree Removal,53
"205705",Tree Trim,75
"205696",Tree Trim,75
"205687",Tree Removal,51
"205677",Tree Trim,75
"205673",Tree Removal,51
"205675",Tree Removal,51
"205666",Tree Trim,75
"205649",Tree Trim,75
"205660",Tree Trim,75
"205658",Tree Code Violation,52
"205607",Tree Trim,75
"205624",Tree Removal,51
"205618",Tree Trim,75
"205617",Tree Trim,75
"205613",Tree Trim,75
"205601",Tree Trim,75
"205603",Tree Removal,51
"205605",Tree Removal,51
"205598",Tree Removal,51
"205599",Tree Removal,51
"205595",Tree Trim,75
"205581",Tree Trim,75
"205586",Tree Removal,51
"205575",Tree Trim,75
"205568",Tree Removal,51
"205569",Tree Trim,75
"205567",Tree Trim,75
"205566",Tree Removal,51
"205565",Tree Removal,51
"205562",Tree Trim,75
"205561",Tree Removal,51
"205552",Tree Removal,51
"205524",Tree Removal,51
"205602",Tree Trim,76
"205535",Tree Removal,51
"205550",Tree Trim,75
"205540",Tree Trim,75
"205526",Tree Trim,75
"205522",Tree Trim,75
"205492",Tree Removal,51
"205520",Tree Trim,75
"205490",Tree Removal,51
"206244",Tree Removal,64
"205513",Tree Removal,51
"205506",Tree Removal,51
"205497",Tree Removal,51
"205495",Tree Trim,75
"205496",Tree Removal,51
"205486",Tree Trim,75
"205484",Tree Trim,75
"205479",Tree Trim,75
"205481",Tree Removal,51
"205476",Tree Removal,51
"205474",Tree Removal,51
"205472",Tree Trim,75
"205469",Tree Trim,75
"205457",Tree Trim,75
"205453",Tree Removal,51
"205448",Tree Removal,51
"205442",Tree Removal,51
"205441",Tree Removal,51
"205408",Tree Removal,51
"205438",Tree Trim,75
"205429",Tree Trim,75
"205430",Tree Trim,75
"205421",Tree Removal,51
"205420",Tree Trim,75
"205416",Tree Trim,75
"205403",Tree Removal,51
"205358",Tree Trim,75
"205390",Tree Trim,75
"205384",Tree Trim,75
"205382",Tree Removal,51
"205381",Tree Trim,75
"205380",Tree Trim,75
"205379",Tree Trim,75
"205377",Tree Trim,75
"205352",Tree Trim,75
"205337",Tree Removal,51
"205332",Tree Trim,75
"205330",Tree Removal,51
"205328",Tree Trim,75
"205318",Tree Removal,51
"205314",Tree Removal,51
"205309",Tree Trim,75
"205300",Tree Trim,75
"205245",Tree Removal,51
"205244",Tree Removal,51
"205240",Tree Trim,75
"205238",Tree Trim,75
"205235",Tree Trim,75
"205231",Tree Removal,51
"205221",Tree Code Violation,52
"205208",Tree Trim,75
"205206",Tree Trim,75
"205198",Tree Trim,75
"205194",Tree Trim,75
"205189",Tree Trim,75
"205187",Tree Trim,75
"205185",Tree Removal,51
"206156",Tree Removal,68
"205184",Tree Trim,75
"205183",Tree Trim,75
"205152",Tree Trim,75
"205181",Tree Removal,51
"205180",Tree Trim,75
"205193",Tree Removal,52
"205177",Tree Trim,75
"205179",Tree Trim,75
"205146",Tree Removal,51
"205145",Tree Trim,75
"205143",Tree Removal,51
"205129",Tree Removal,51
"205134",Tree Trim,75
"205126",Tree Removal,51
"205132",Tree Removal,51
"205130",Tree Trim,75
"205125",Tree Removal,51
"205121",Tree Removal,51
"205116",Tree Removal,51
"205110",Tree Removal,51
"205106",Tree Planting,25
"205105",Tree Trim,75
"205102",Tree Removal,51
"205099",Tree Removal,51
"205097",Tree Trim,75
"205115",Tree Code Violation,52
"205087",Tree Trim,75
"205083",Tree Removal,51
"205113",Tree Trim,75
"205078",Tree Removal,51
"205077",Tree Removal,51
"205076",Tree Trim,75
"205075",Tree Trim,75
"205069",Tree Removal,51
"205071",Tree Trim,75
"206166",Tree Trim,96
"205064",Tree Trim,75
"205061",Tree Removal,51
"205030",Tree Removal,51
"205060",Tree Trim,75
"205074",Tree Trim,75
"205054",Tree Trim,75
"205053",Tree Trim,75
"205047",Tree Trim,75
"205034",Tree Trim,75
"205017",Tree Trim,75
"204998",Tree Trim,75
"205000",Tree Trim,75
"205010",Tree Trim,75
"205012",Tree Trim,75
"204995",Tree Code Violation,52
"204997",Tree Removal,51
"204994",Tree Removal,51
"205004",Tree Removal,51
"205006",Tree Removal,51
"204932",Tree Removal,51
"204928",Tree Planting,25
"204923",Tree Trim,75
"204919",Tree Trim,75
"204937",Tree Trim,76
"204913",Tree Removal,51
"204911",Tree Removal,51
"204910",Tree Removal,51
"204905",Tree Removal,51
"204882",Tree Trim,75
"204909",Tree Trim,75
"204901",Tree Removal,51
"204900",Tree Trim,75
"204898",Tree Trim,75
"204885",Tree Trim,75
"204891",Tree Removal,52
"204880",Tree Removal,51
"204872",Tree Trim,75
"204820",Tree Trim,75
"204860",Tree Removal,51
"204845",Tree Removal,51
"204832",Tree Removal,51
"204831",Tree Trim,75
"204828",Tree Trim,75
"204761",Tree Trim,75
"204817",Tree Trim,75
"204813",Tree Trim,75
"204803",Tree Trim,75
"204789",Tree Trim,75
"204786",Tree Trim,75
"204787",Tree Trim,75
"204783",Tree Trim,75
"204785",Tree Trim,75
"204764",Tree Removal,51
"204732",Tree Removal,51
"204916",Tree Removal,56
"204717",Tree Trim,75
"204716",Tree Trim,75
"204725",Tree Removal,51
"204704",Tree Trim,75
"204703",Tree Trim,75
"204702",Tree Removal,51
"204700",Tree Trim,75
"204665",Tree Removal,51
"204688",Tree Trim,75
"204676",Tree Removal,51
"204686",Tree Removal,51
"204669",Tree Removal,51
"204654",Tree Trim,75
"204646",Tree Removal,51
"204641",Tree Trim,75
"204642",Tree Removal,51
"204633",Tree Trim,75
"204632",Tree Removal,51
"204631",Tree Trim,75
"204630",Tree Trim,75
"204627",Tree Trim,75
"204618",Tree Removal,51
"204612",Tree Removal,51
"204609",Tree Trim,75
"204607",Tree Removal,51
"204598",Tree Removal,51
"204597",Tree Trim,75
"204590",Tree Removal,51
"204589",Tree Removal,51
"204588",Tree Trim,75
"204584",Tree Removal,51
"204573",Tree Trim,75
"204571",Tree Trim,75
"204560",Tree Trim,75
"204557",Tree Trim,75
"204510",Tree Removal,51
"204542",Tree Removal,51
"204541",Tree Trim,75
"204553",Tree Trim,75
"204552",Tree Code Violation,52
"204550",Tree Removal,51
"204544",Tree Removal,51
"204526",Tree Trim,75
"204525",Tree Planting,25
"204520",Tree Removal,51
"204509",Tree Removal,51
"204506",Tree Trim,75
"204504",Tree Removal,51
"204502",Tree Trim,75
"204501",Tree Trim,75
"204498",Tree Trim,75
"204494",Tree Trim,75
"204495",Tree Trim,75
"204492",Tree Trim,75
"204491",Tree Trim,75
"204490",Tree Trim,75
"204488",Tree Trim,75
"204489",Tree Trim,75
"204487",Tree Trim,75
"204445",Tree Removal,51
"204473",Tree Trim,75
"204471",Tree Removal,51
"204470",Tree Removal,51
"204472",Tree Trim,75
"204454",Tree Trim,75
"204458",Tree Trim,75
"204457",Tree Trim,75
"204449",Tree Trim,75
"204443",Tree Trim,75
"204440",Tree Trim,75
"204439",Tree Removal,51
"204410",Tree Removal,51
"204422",Tree Trim,75
"204435",Tree Removal,51
"204420",Tree Trim,75
"204418",Tree Removal,51
"204413",Tree Trim,75
"204408",Tree Removal,51
"204405",Tree Trim,75
"204365",Tree Removal,51
"204401",Tree Trim,75
"204398",Tree Trim,75
"204393",Tree Removal,51
"204392",Tree Removal,51
"204384",Tree Removal,51
"204383",Tree Removal,51
"204376",Tree Trim,75
"204360",Tree Trim,75
"204359",Tree Trim,75
"204353",Tree Trim,75
"204344",Tree Removal,51
"204342",Tree Trim,75
"204331",Tree Removal,51
"204322",Tree Trim,75
"204320",Tree Removal,51
"204315",Tree Trim,75
"204311",Tree Removal,51
"204303",Tree Removal,51
"204304",Tree Trim,75
"204297",Tree Trim,75
"204294",Tree Removal,51
"204260",Tree Stump Grinding,116
"204283",Tree Trim,75
"204275",Tree Removal,51
"204270",Tree Removal,51
"204269",Tree Removal,51
"204267",Tree Removal,51
"204265",Tree Removal,51
"204262",Tree Removal,51
"204261",Tree Removal,51
"204244",Tree Stump Grinding,116
"204240",Tree Removal,51
"204236",Tree Trim,75
"204209",Tree Stump Grinding,116
"204212",Tree Removal,51
"204208",Tree Removal,51
"204206",Tree Removal,51
"204205",Tree Trim,75
"204194",Tree Trim,75
"204196",Tree Removal,51
"204195",Tree Trim,75
"204178",Tree Removal,51
"204177",Tree Removal,51
"204164",Tree Trim,75
"204160",Tree Trim,75
"204145",Tree Stump Grinding,116
"204149",Tree Code Violation,52
"204137",Tree Trim,75
"204136",Tree Trim,75
"204122",Tree Code Violation,52
"204115",Tree Removal,51
"204112",Tree Removal,51
"204094",Tree Trim,75
"204060",Tree Trim,75
"204077",Tree Trim,75
"204085",Tree Removal,51
"204082",Tree Trim,75
"204080",Tree Trim,75
"204072",Tree Removal,51
"204050",Tree Removal,51
"204044",Tree Removal,51
"204043",Tree Removal,51
"204000",Tree Removal,51
"204041",Tree Trim,75
"204037",Tree Stump Grinding,116
"204031",Tree Removal,51
"204019",Tree Removal,51
"204018",Tree Removal,51
"204013",Tree Trim,75
"204011",Tree Trim,75
"205317",Tree Removal,80
"203938",Tree Trim,75
"203976",Tree Removal,51
"203945",Tree Trim,75
"203979",Tree Removal,51
"203975",Tree Removal,51
"203953",Tree Trim,75
"203965",Tree Trim,75
"203963",Tree Removal,51
"203955",Tree Removal,51
"203948",Tree Removal,51
"203937",Tree Trim,75
"203932",Tree Trim,75
"203931",Tree Trim,75
"203900",Tree Removal,51
"203924",Tree Trim,75
"203920",Tree Trim,75
"203907",Tree Removal,51
"203903",Tree Trim,75
"203896",Tree Trim,75
"203888",Tree Trim,75
"203866",Tree Removal,51
"203898",Tree Code Violation,52
"203870",Tree Removal,51
"203856",Tree Code Violation,52
"203857",Tree Trim,75
"203855",Tree Trim,75
"203854",Tree Trim,75
"203851",Tree Removal,51
"203832",Tree Trim,75
"203827",Tree Removal,51
"203840",Tree Removal,51
"203833",Tree Removal,51
"203834",Tree Trim,75
"203829",Tree Removal,51
"203826",Tree Trim,75
"204214",Tree Stump Grinding,127
"203803",Tree Removal,51
"203800",Tree Removal,51
"203786",Tree Trim,75
"203799",Tree Trim,75
"203784",Tree Trim,75
"203783",Tree Trim,75
"203768",Tree Trim,75
"203758",Tree Trim,75
"203754",Tree Removal,51
"203752",Tree Removal,51
"203741",Tree Trim,75
"203728",Tree Trim,75
"203724",Tree Removal,51
"203714",Tree Trim,75
"203713",Tree Trim,75
"203712",Tree Removal,51
"203703",Tree Trim,75
"203698",Tree Removal,51
"203694",Tree Removal,51
"203682",Tree Removal,51
"203681",Tree Removal,51
"203680",Tree Planting,25
"203679",Tree Removal,51
"203677",Tree Removal,51
"203668",Tree Trim,75
"203635",Tree Removal,51
"203867",Tree Removal,55
"203664",Tree Trim,75
"203659",Tree Trim,75
"203645",Tree Removal,51
"203640",Tree Code Violation,52
"203638",Tree Code Violation,52
"203631",Tree Trim,75
"203627",Tree Trim,75
"203623",Tree Trim,75
"203600",Tree Removal,51
"203602",Tree Removal,51
"203614",Tree Trim,75
"203612",Tree Trim,75
"203611",Tree Removal,51
"203609",Tree Removal,51
"203608",Tree Removal,51
"203601",Tree Removal,51
"203584",Tree Removal,51
"203596",Tree Removal,51
"203595",Tree Trim,75
"203599",Tree Removal,51
"203585",Tree Removal,51
"203582",Tree Removal,51
"203580",Tree Removal,51
"203579",Tree Trim,75
"203578",Tree Removal,51
"203566",Tree Removal,51
"203544",Tree Removal,51
"203560",Tree Removal,51
"203561",Tree Trim,75
"203558",Tree Trim,75
"203559",Tree Removal,51
"203554",Tree Trim,75
"203555",Tree Removal,51
"203552",Tree Removal,51
"203577",Tree Removal,51
"203548",Tree Trim,75
"203547",Tree Removal,51
"203546",Tree Trim,75
"203542",Tree Removal,51
"203538",Tree Removal,51
"203532",Tree Removal,51
"203531",Tree Removal,51
"203530",Tree Removal,51
"203527",Tree Removal,51
"203526",Tree Removal,51
"203525",Tree Removal,51
"203511",Tree Removal,51
"203505",Tree Trim,75
"203504",Tree Trim,75
"203500",Tree Removal,51
"203499",Tree Removal,51
"204711",Tree Removal,78
"203486",Tree Removal,51
"203482",Tree Removal,51
"203479",Tree Removal,51
"203469",Tree Removal,51
"203461",Tree Removal,51
"203458",Tree Stump Grinding,116
"203454",Tree Trim,75
"203453",Tree Removal,51
"203447",Tree Removal,51
"203443",Tree Removal,51
"203364",Tree Removal,51
"203433",Tree Trim,75
"203426",Tree Removal,51
"203424",Tree Removal,51
"203421",Tree Removal,51
"203415",Tree Trim,75
"203411",Tree Removal,51
"203410",Tree Trim,75
"203409",Tree Trim,75
"203366",Tree Removal,51
"203363",Tree Trim,75
"203344",Tree Stump Grinding,116
"203357",Tree Removal,51
"203348",Tree Removal,51
"203345",Tree Removal,51
"203331",Tree Trim,75
"203330",Tree Trim,75
"203329",Tree Removal,51
"203326",Tree Removal,51
"203324",Tree Removal,51
"203436",Tree Trim,75
"203321",Tree Trim,75
"203320",Tree Removal,51
"203319",Tree Trim,75
"203351",Tree Trim,75
"203314",Tree Removal,51
"203313",Tree Trim,75
"203291",Tree Removal,51
"203279",Tree Removal,51
"203278",Tree Removal,51
"203277",Tree Removal,53
"203269",Tree Trim,75
"203267",Tree Trim,75
"203263",Tree Removal,51
"203261",Tree Removal,51
"203225",Tree Removal,51
"203256",Tree Removal,51
"203213",Tree Trim,75
"203249",Tree Trim,75
"203247",Tree Trim,75
"203231",Tree Trim,75
"203229",Tree Removal,51
"203228",Tree Planting,25
"203221",Tree Trim,75
"203220",Tree Trim,75
"203219",Tree Trim,75
"203200",Tree Trim,75
"203198",Tree Removal,51
"203186",Tree Trim,75
"203187",Tree Removal,51
"203185",Tree Trim,75
"203183",Tree Removal,51
"203182",Tree Removal,51
"203181",Tree Removal,51
"203180",Tree Removal,51
"203178",Tree Trim,75
"203169",Tree Trim,75
"203163",Tree Removal,51
"203160",Tree Trim,75
"203155",Tree Removal,51
"203104",Tree Removal,51
"203129",Tree Removal,51
"203109",Tree Code Violation,52
"203108",Tree Removal,51
"203105",Tree Removal,51
"203099",Tree Trim,75
"203093",Tree Trim,75
"203055",Tree Trim,75
"203086",Tree Removal,51
"203080",Tree Planting,25
"203140",Tree Planting,25
"204106",Tree Removal,77
"203076",Tree Removal,51
"203075",Tree Removal,51
"203058",Tree Trim,75
"203057",Tree Removal,52
"203054",Tree Trim,75
"203049",Tree Trim,75
"203020",Tree Trim,75
"203071",Tree Trim,76
"203016",Tree Trim,75
"203005",Tree Removal,51
"203014",Tree Removal,51
"203003",Tree Removal,51
"203001",Tree Removal,51
"203000",Tree Trim,75
"202999",Tree Trim,75
"203015",Tree Removal,51
"202993",Tree Removal,51
"202957",Tree Removal,51
"202958",Tree Trim,75
"202979",Tree Removal,51
"202965",Tree Trim,75
"202954",Tree Removal,51
"202948",Tree Trim,75
"202943",Tree Removal,51
"202941",Tree Removal,51
"202927",Tree Trim,75
"202926",Tree Trim,75
"202922",Tree Code Violation,52
"202921",Tree Trim,75
"202909",Tree Removal,51
"202908",Tree Removal,51
"202893",Tree Removal,51
"202884",Tree Removal,51
"202879",Tree Removal,51
"202825",Tree Stump Grinding,116
"202872",Tree Removal,51
"202836",Tree Removal,51
"202844",Tree Removal,51
"202855",Tree Trim,75
"202851",Tree Removal,51
"202846",Tree Trim,75
"202838",Tree Removal,51
"202829",Tree Trim,75
"202819",Tree Trim,75
"202797",Tree Removal,51
"202807",Tree Removal,51
"202804",Tree Trim,75
"202799",Tree Code Violation,52
"202796",Tree Trim,75
"202794",Tree Trim,75
"202792",Tree Removal,51
"202791",Tree Trim,75
"202787",Tree Trim,75
"202785",Tree Trim,75
"202775",Tree Removal,51
"202762",Tree Trim,75
"202760",Tree Trim,75
"202761",Tree Removal,52
"202897",Tree Removal,51
"202756",Tree Removal,51
"202751",Tree Removal,51
"202750",Tree Trim,75
"202752",Tree Removal,51
"202740",Tree Removal,51
"202738",Tree Removal,51
"202736",Tree Removal,51
"202729",Tree Removal,51
"202720",Tree Removal,51
"202718",Tree Removal,51
"202703",Tree Removal,51
"202656",Tree Stump Grinding,116
"202699",Tree Removal,51
"202698",Tree Removal,51
"202690",Tree Trim,75
"202692",Tree Trim,75
"202687",Tree Trim,76
"202677",Tree Removal,51
"202676",Tree Trim,75
"202672",Tree Trim,75
"202668",Tree Trim,75
"202666",Tree Removal,51
"202665",Tree Trim,75
"202642",Tree Removal,51
"202641",Tree Trim,75
"202640",Tree Removal,51
"202637",Tree Removal,51
"202638",Tree Trim,75
"202632",Tree Trim,75
"202631",Tree Stump Grinding,116
"202649",Tree Removal,53
"202630",Tree Removal,51
"202653",Tree Stump Grinding,119
"202606",Tree Removal,51
"202596",Tree Removal,51
"202608",Tree Trim,75
"202572",Tree Removal,51
"202570",Tree Trim,75
"202569",Tree Removal,51
"202552",Tree Removal,51
"202544",Tree Stump Grinding,116
"202532",Tree Removal,51
"202529",Tree Removal,51
"202520",Tree Trim,75
"202502",Tree Trim,75
"202494",Tree Trim,75
"202492",Tree Removal,51
"202488",Tree Removal,51
"202407",Tree Removal,51
"202480",Tree Planting,25
"202420",Tree Removal,51
"202464",Tree Removal,51
"202445",Tree Removal,51
"202401",Tree Trim,75
"202379",Tree Removal,51
"202378",Tree Removal,51
"202371",Tree Removal,51
"202360",Tree Removal,51
"202352",Tree Trim,75
"202351",Tree Removal,51
"202348",Tree Trim,75
"202335",Tree Removal,51
"202334",Tree Trim,75
"202328",Tree Trim,75
"202324",Tree Removal,51
"202322",Tree Code Violation,52
"202321",Tree Removal,51
"202320",Tree Trim,75
"202289",Tree Removal,51
"202318",Tree Trim,11
"202250",Tree Stump Grinding,116
"202309",Tree Removal,51
"202307",Tree Removal,51
"202268",Tree Stump Grinding,116
"202280",Tree Removal,51
"202295",Tree Removal,51
"202269",Tree Trim,75
"202267",Tree Removal,51
"202252",Tree Removal,51
"202277",Tree Removal,52
"202240",Tree Removal,51
"202262",Tree Removal,51
"202235",Tree Trim,75
"202232",Tree Trim,75
"202229",Tree Code Violation,52
"202196",Tree Trim,75
"202214",Tree Removal,52
"202174",Tree Trim,75
"202173",Tree Removal,51
"202163",Tree Trim,75
"202158",Tree Removal,51
"202156",Tree Removal,51
"202155",Tree Trim,75
"202154",Tree Trim,75
"202152",Tree Removal,59
"202143",Tree Trim,75
"202139",Tree Removal,51
"202138",Tree Removal,51
"202124",Tree Removal,51
"202091",Tree Removal,51
"202099",Tree Trim,75
"202098",Tree Trim,75
"202084",Tree Removal,51
"202085",Tree Removal,51
"202082",Tree Removal,51
"202080",Tree Removal,51
"202081",Tree Trim,75
"202071",Tree Trim,75
"202069",Tree Removal,51
"202068",Tree Removal,51
"202066",Tree Trim,75
"202065",Tree Removal,51
"202053",Tree Trim,75
"202050",Tree Trim,75
"202049",Tree Planting,25
"202047",Tree Removal,51
"202045",Tree Removal,51
"202044",Tree Trim,75
"202043",Tree Trim,75
"202028",Tree Removal,51
"202002",Tree Removal,51
"202026",Tree Trim,75
"202024",Tree Trim,75
"202023",Tree Trim,75
"201993",Tree Removal,51
"201994",Tree Removal,51
"202019",Tree Removal,51
"202015",Tree Trim,75
"201986",Tree Removal,51
"201988",Tree Trim,75
"201985",Tree Removal,51
"201984",Tree Trim,75
"201980",Tree Trim,75
"201976",Tree Trim,75
"201933",Tree Removal,51
"201974",Tree Trim,75
"201952",Tree Trim,75
"201966",Tree Removal,51
"201967",Tree Trim,75
"201962",Tree Removal,51
"201958",Tree Trim,75
"201951",Tree Removal,51
"201935",Tree Trim,75
"201934",Tree Removal,51
"201931",Tree Code Violation,52
"201930",Tree Planting,25
"201929",Tree Trim,75
"201880",Tree Removal,51
"201923",Tree Trim,75
"201922",Tree Trim,75
"201920",Tree Planting,25
"201891",Tree Removal,51
"201918",Tree Trim,75
"201899",Tree Removal,51
"201877",Tree Removal,51
"201869",Tree Removal,51
"201865",Tree Removal,51
"201853",Tree Removal,51
"201851",Tree Planting,25
"201850",Tree Trim,75
"201830",Tree Trim,75
"201821",Tree Removal,51
"201818",Tree Removal,51
"201814",Tree Removal,51
"201812",Tree Removal,51
"201809",Tree Trim,75
"201787",Tree Trim,75
"201781",Tree Removal,51
"201771",Tree Removal,51
"201769",Tree Trim,75
"201735",Tree Trim,75
"201732",Tree Trim,75
"201731",Tree Trim,75
"201729",Tree Removal,51
"201726",Tree Removal,51
"201721",Tree Removal,51
"201720",Tree Stump Grinding,116
"201717",Tree Code Violation,52
"201716",Tree Removal,51
"201715",Tree Removal,51
"201711",Tree Removal,51
"201708",Tree Planting,25
"201705",Tree Removal,51
"201703",Tree Trim,75
"201672",Tree Code Violation,52
"201683",Tree Trim,75
"201680",Tree Trim,75
"201673",Tree Removal,51
"201668",Tree Removal,51
"201667",Tree Trim,76
"201666",Tree Removal,51
"201656",Tree Removal,51
"201655",Tree Removal,51
"201654",Tree Trim,75
"201653",Tree Trim,75
"201649",Tree Trim,75
"201648",Tree Removal,51
"201628",Tree Removal,51
"201626",Tree Trim,75
"201587",Tree Removal,51
"201591",Tree Removal,51
"201615",Tree Removal,51
"201610",Tree Removal,51
"201604",Tree Removal,51
"201600",Tree Trim,75
"201595",Tree Trim,75
"201589",Tree Removal,51
"201586",Tree Trim,75
"201584",Tree Trim,75
"201575",Tree Removal,51
"201534",Tree Removal,51
"201571",Tree Trim,75
"201567",Tree Removal,51
"201562",Tree Trim,75
"202399",Tree Removal,77
"201547",Tree Removal,51
"201545",Tree Planting,25
"201544",Tree Planting,25
"201541",Tree Trim,75
"201529",Tree Removal,51
"201524",Tree Trim,75
"201526",Tree Trim,75
"201690",Tree Removal,57
"201527",Tree Trim,75
"201511",Tree Removal,51
"201519",Tree Removal,51
"201499",Tree Removal,51
"201501",Tree Removal,51
"201492",Tree Removal,51
"201493",Tree Removal,51
"201494",Tree Removal,51
"201496",Tree Trim,75
"201498",Tree Stump Grinding,116
"201466",Tree Removal,51
"201399",Tree Trim,75
"201406",Tree Removal,51
"201458",Tree Removal,51
"201451",Tree Removal,51
"201437",Tree Trim,75
"201427",Tree Trim,75
"201410",Tree Removal,51
"201409",Tree Trim,75
"201377",Tree Removal,51
"201343",Tree Trim,75
"201375",Tree Removal,51
"201374",Tree Trim,75
"201363",Tree Removal,51
"201361",Tree Planting,25
"201360",Tree Trim,75
"201357",Tree Removal,51
"201355",Tree Trim,75
"201352",Tree Removal,51
"201346",Tree Trim,75
"201336",Tree Trim,75
"201323",Tree Removal,51
"201322",Tree Trim,75
"201318",Tree Removal,51
"201271",Tree Trim,75
"201241",Tree Removal,51
"201290",Tree Trim,75
"201266",Tree Trim,75
"201257",Tree Removal,51
"201231",Tree Removal,51
"201229",Tree Code Violation,52
"201228",Tree Removal,51
"201227",Tree Trim,75
"201219",Tree Removal,51
"201218",Tree Removal,51
"201213",Tree Removal,51
"201212",Tree Removal,51
"201211",Tree Removal,51
"201214",Tree Stump Grinding,116
"201209",Tree Trim,75
"201172",Tree Removal,51
"202398",Tree Removal,85
"203122",Tree Removal,105
"201173",Tree Trim,75
"201170",Tree Trim,75
"201169",Tree Trim,75
"201151",Tree Trim,75
"201149",Tree Removal,51
"201147",Tree Trim,75
"201142",Tree Removal,51
"201141",Tree Removal,51
"201143",Tree Removal,51
"201139",Tree Removal,51
"201136",Tree Removal,51
"201132",Tree Removal,51
"201134",Tree Trim,75
"201133",Tree Trim,75
"201130",Tree Trim,75
"201127",Tree Removal,51
"201126",Tree Removal,51
"201124",Tree Trim,75
"201113",Tree Removal,51
"201110",Tree Removal,51
"201108",Tree Trim,75
"201105",Tree Removal,51
"201103",Tree Trim,75
"201086",Tree Trim,75
"201078",Tree Removal,51
"201076",Tree Removal,51
"201095",Tree Removal,51
"201089",Tree Removal,51
"201085",Tree Removal,51
"201084",Tree Removal,51
"201083",Tree Trim,75
"201068",Tree Trim,75
"201067",Tree Trim,75
"201059",Tree Removal,51
"201050",Tree Trim,75
"201040",Tree Removal,51
"201037",Tree Trim,75
"201036",Tree Removal,51
"201032",Tree Removal,51
"201026",Tree Removal,51
"201018",Tree Trim,75
"201017",Tree Removal,51
"201016",Tree Trim,75
"201014",Tree Removal,51
"201015",Tree Trim,75
"201011",Tree Removal,51
"201006",Tree Trim,75
"201005",Tree Removal,51
"201004",Tree Trim,75
"201001",Tree Removal,51
"200999",Tree Trim,75
"200991",Tree Removal,51
"200990",Tree Trim,75
"200993",Tree Trim,75
"200988",Tree Trim,75
"200986",Tree Trim,75
"200943",Tree Removal,51
"200972",Tree Removal,51
"200947",Tree Removal,51
"200949",Tree Removal,51
"200958",Tree Removal,51
"200961",Tree Removal,51
"200959",Tree Removal,51
"200954",Tree Planting,25
"200956",Tree Removal,51
"200945",Tree Removal,51
"200932",Tree Removal,51
"200933",Tree Removal,51
"200923",Tree Removal,51
"200929",Tree Trim,75
"200940",Tree Trim,76
"200928",Tree Removal,51
"200926",Tree Removal,51
"200925",Tree Removal,51
"200921",Tree Removal,51
"200916",Tree Trim,75
"200904",Tree Removal,51
"200862",Tree Removal,51
"200895",Tree Removal,51
"200889",Tree Trim,75
"200888",Tree Removal,51
"200882",Tree Removal,51
"200879",Tree Removal,51
"200874",Tree Trim,75
"200870",Tree Trim,75
"200859",Tree Removal,51
"200847",Tree Removal,51
"200846",Tree Removal,51
"200872",Tree Removal,52
"200818",Tree Removal,51
"200808",Tree Trim,75
"200842",Tree Code Violation,52
"200823",Tree Removal,51
"200827",Tree Removal,51
"200834",Tree Trim,75
"200829",Tree Trim,75
"200836",Tree Removal,51
"200820",Tree Trim,75
"200817",Tree Removal,51
"200812",Tree Removal,51
"200805",Tree Removal,51
"200791",Tree Trim,75
"200787",Tree Trim,75
"200785",Tree Code Violation,52
"200784",Tree Removal,51
"200774",Tree Trim,75
"200773",Tree Removal,51
"200772",Tree Removal,51
"200767",Tree Removal,51
"200766",Tree Removal,51
"200762",Tree Trim,75
"200758",Tree Removal,51
"200750",Tree Trim,75
"200746",Tree Stump Grinding,116
"200744",Tree Trim,75
"200751",Tree Trim,75
"200738",Tree Trim,75
"200737",Tree Removal,51
"200736",Tree Trim,75
"200730",Tree Trim,75
"200718",Tree Trim,75
"200717",Tree Removal,51
"200732",Tree Removal,51
"200734",Tree Removal,51
"200739",Tree Trim,75
"200735",Tree Trim,75
"200742",Tree Trim,75
"200731",Tree Removal,51
